,rain_1d,rain_3d,rain_7d,rain_15d,rain_max3d,is_monsoon,district,state
2015-01-01,1.35,1.35,1.35,1.35,1.35,0,Coimbatore,Tamil Nadu
2015-01-02,0.0,1.35,1.35,1.35,1.35,0,Coimbatore,Tamil Nadu
2015-01-03,0.0,1.35,1.35,1.35,1.35,0,Coimbatore,Tamil Nadu
2015-01-04,0.0,0.0,1.35,1.35,0.0,0,Coimbatore,Tamil Nadu
2015-01-05,0.0,0.0,1.35,1.35,0.0,0,Coimbatore,Tamil Nadu
2015-01-06,0.0,0.0,1.35,1.35,0.0,0,Coimbatore,Tamil Nadu
2015-01-07,0.0,0.0,1.35,1.35,0.0,0,Coimbatore,Tamil Nadu
2015-01-08,0.0,0.0,0.0,1.35,0.0,0,Coimbatore,Tamil Nadu
2015-01-09,0.0,0.0,0.0,1.35,0.0,0,Coimbatore,Tamil Nadu
2015-01-10,0.0,0.0,0.0,1.35,0.0,0,Coimbatore,Tamil Nadu
2015-01-11,0.0,0.0,0.0,1.35,0.0,0,Coimbatore,Tamil Nadu
2015-01-12,0.0,0.0,0.0,1.35,0.0,0,Coimbatore,Tamil Nadu
2015-01-13,0.0,0.0,0.0,1.35,0.0,0,Coimbatore,Tamil Nadu
2015-01-14,0.0,0.0,0.0,1.35,0.0,0,Coimbatore,Tamil Nadu
2015-01-15,0.0,0.0,0.0,1.35,0.0,0,Coimbatore,Tamil Nadu
2015-01-16,0.0,0.0,0.0,0.0,0.0,0,Coimbatore,Tamil Nadu
2015-01-17,0.0,0.0,0.0,0.0,0.0,0,Coimbatore,Tamil Nadu
2015-01-18,0.0,0.0,0.0,0.0,0.0,0,Coimbatore,Tamil Nadu
2015-01-19,0.0,0.0,0.0,0.0,0.0,0,Coimbatore,Tamil Nadu
2015-01-20,0.0,0.0,0.0,0.0,0.0,0,Coimbatore,Tamil Nadu
2015-01-21,0.02,0.02,0.02,0.02,0.02,0,Coimbatore,Tamil Nadu
2015-01-22,0.14,0.16,0.16,0.16,0.14,0,Coimbatore,Tamil Nadu
2015-01-23,0.06,0.22,0.22,0.22,0.14,0,Coimbatore,Tamil Nadu
2015-01-24,0.08,0.28,0.3,0.3,0.14,0,Coimbatore,Tamil Nadu
2015-01-25,0.0,0.14,0.3,0.3,0.08,0,Coimbatore,Tamil Nadu
2015-01-26,0.0,0.08,0.3,0.3,0.08,0,Coimbatore,Tamil Nadu
2015-01-27,0.0,0.0,0.3,0.3,0.0,0,Coimbatore,Tamil Nadu
2015-01-28,0.0,0.0,0.27999999999999997,0.3,0.0,0,Coimbatore,Tamil Nadu
2015-01-29,0.0,0.0,0.14,0.3,0.0,0,Coimbatore,Tamil Nadu
2015-01-30,0.0,0.0,0.08,0.3,0.0,0,Coimbatore,Tamil Nadu
2015-01-31,0.0,0.0,0.0,0.3,0.0,0,Coimbatore,Tamil Nadu
2015-02-01,0.0,0.0,0.0,0.3,0.0,0,Coimbatore,Tamil Nadu
2015-02-02,0.0,0.0,0.0,0.3,0.0,0,Coimbatore,Tamil Nadu
2015-02-03,0.0,0.0,0.0,0.3,0.0,0,Coimbatore,Tamil Nadu
2015-02-04,0.0,0.0,0.0,0.3,0.0,0,Coimbatore,Tamil Nadu
2015-02-05,0.0,0.0,0.0,0.27999999999999997,0.0,0,Coimbatore,Tamil Nadu
2015-02-06,0.0,0.0,0.0,0.14,0.0,0,Coimbatore,Tamil Nadu
2015-02-07,0.07,0.07,0.07,0.15000000000000002,0.07,0,Coimbatore,Tamil Nadu
2015-02-08,0.0,0.07,0.07,0.07,0.07,0,Coimbatore,Tamil Nadu
2015-02-09,0.0,0.07,0.07,0.07,0.07,0,Coimbatore,Tamil Nadu
2015-02-10,0.0,0.0,0.07,0.07,0.0,0,Coimbatore,Tamil Nadu
2015-02-11,0.0,0.0,0.07,0.07,0.0,0,Coimbatore,Tamil Nadu
2015-02-12,0.08,0.08,0.15000000000000002,0.15000000000000002,0.08,0,Coimbatore,Tamil Nadu
2015-02-13,0.09,0.16999999999999998,0.24,0.24,0.09,0,Coimbatore,Tamil Nadu
2015-02-14,0.01,0.18,0.18,0.25,0.09,0,Coimbatore,Tamil Nadu
2015-02-15,0.0,0.09999999999999999,0.18,0.25,0.09,0,Coimbatore,Tamil Nadu
2015-02-16,0.0,0.01,0.18,0.25,0.01,0,Coimbatore,Tamil Nadu
2015-02-17,0.0,0.0,0.18,0.25,0.0,0,Coimbatore,Tamil Nadu
2015-02-18,0.0,0.0,0.18,0.25,0.0,0,Coimbatore,Tamil Nadu
2015-02-19,0.0,0.0,0.09999999999999999,0.25,0.0,0,Coimbatore,Tamil Nadu
2015-02-20,0.0,0.0,0.01,0.25,0.0,0,Coimbatore,Tamil Nadu
2015-02-21,0.0,0.0,0.0,0.25,0.0,0,Coimbatore,Tamil Nadu
2015-02-22,0.0,0.0,0.0,0.18,0.0,0,Coimbatore,Tamil Nadu
2015-02-23,0.0,0.0,0.0,0.18,0.0,0,Coimbatore,Tamil Nadu
2015-02-24,0.0,0.0,0.0,0.18,0.0,0,Coimbatore,Tamil Nadu
2015-02-25,0.0,0.0,0.0,0.18,0.0,0,Coimbatore,Tamil Nadu
2015-02-26,0.0,0.0,0.0,0.18,0.0,0,Coimbatore,Tamil Nadu
2015-02-27,0.0,0.0,0.0,0.09999999999999999,0.0,0,Coimbatore,Tamil Nadu
2015-02-28,0.17,0.17,0.17,0.18,0.17,0,Coimbatore,Tamil Nadu
2015-03-01,0.18,0.35,0.35,0.35,0.18,0,Coimbatore,Tamil Nadu
2015-03-02,0.64,0.99,0.99,0.99,0.64,0,Coimbatore,Tamil Nadu
2015-03-03,1.55,2.37,2.54,2.54,1.55,0,Coimbatore,Tamil Nadu
2015-03-04,0.96,3.1499999999999995,3.5,3.5,1.55,0,Coimbatore,Tamil Nadu
2015-03-05,0.0,2.51,3.5,3.5,1.55,0,Coimbatore,Tamil Nadu
2015-03-06,6.0,6.959999999999999,9.5,9.5,6.0,0,Coimbatore,Tamil Nadu
2015-03-07,3.26,9.259999999999998,12.59,12.76,6.0,0,Coimbatore,Tamil Nadu
2015-03-08,1.9,11.159999999999998,14.31,14.66,6.0,0,Coimbatore,Tamil Nadu
2015-03-09,0.57,5.729999999999999,14.24,15.23,3.26,0,Coimbatore,Tamil Nadu
2015-03-10,0.11,2.579999999999999,12.8,15.34,1.9,0,Coimbatore,Tamil Nadu
2015-03-11,0.0,0.679999999999999,11.84,15.34,0.57,0,Coimbatore,Tamil Nadu
2015-03-12,0.0,0.10999999999999911,11.84,15.34,0.11,0,Coimbatore,Tamil Nadu
2015-03-13,0.0,0.0,5.84,15.34,0.0,0,Coimbatore,Tamil Nadu
2015-03-14,0.51,0.5099999999999991,3.09,15.85,0.51,0,Coimbatore,Tamil Nadu
2015-03-15,4.68,5.189999999999999,5.869999999999999,20.36,4.68,0,Coimbatore,Tamil Nadu
2015-03-16,6.34,11.529999999999998,11.639999999999999,26.52,6.34,0,Coimbatore,Tamil Nadu
2015-03-17,0.35,11.37,11.879999999999999,26.23,6.34,0,Coimbatore,Tamil Nadu
2015-03-18,0.0,6.689999999999999,11.879999999999999,24.68,6.34,0,Coimbatore,Tamil Nadu
2015-03-19,0.0,0.3499999999999991,11.879999999999999,23.72,0.35,0,Coimbatore,Tamil Nadu
2015-03-20,0.0,0.0,11.879999999999999,23.72,0.0,0,Coimbatore,Tamil Nadu
2015-03-21,0.0,0.0,11.37,17.72,0.0,0,Coimbatore,Tamil Nadu
2015-03-22,0.0,0.0,6.6899999999999995,14.459999999999999,0.0,0,Coimbatore,Tamil Nadu
2015-03-23,0.0,0.0,0.35,12.559999999999999,0.0,0,Coimbatore,Tamil Nadu
2015-03-24,0.0,0.0,0.0,11.989999999999998,0.0,0,Coimbatore,Tamil Nadu
2015-03-25,0.0,0.0,0.0,11.879999999999999,0.0,0,Coimbatore,Tamil Nadu
2015-03-26,0.0,0.0,0.0,11.879999999999999,0.0,0,Coimbatore,Tamil Nadu
2015-03-27,0.0,0.0,0.0,11.879999999999999,0.0,0,Coimbatore,Tamil Nadu
2015-03-28,0.0,0.0,0.0,11.879999999999999,0.0,0,Coimbatore,Tamil Nadu
2015-03-29,0.0,0.0,0.0,11.37,0.0,0,Coimbatore,Tamil Nadu
2015-03-30,0.01,0.009999999999999112,0.01,6.7,0.01,0,Coimbatore,Tamil Nadu
2015-03-31,0.79,0.7999999999999992,0.8,1.15,0.79,0,Coimbatore,Tamil Nadu
2015-04-01,2.25,3.049999999999999,3.05,3.05,2.25,0,Coimbatore,Tamil Nadu
2015-04-02,0.89,3.9299999999999993,3.94,3.94,2.25,0,Coimbatore,Tamil Nadu
2015-04-03,1.04,4.179999999999999,4.98,4.98,2.25,0,Coimbatore,Tamil Nadu
2015-04-04,0.44,2.3699999999999988,5.42,5.42,1.04,0,Coimbatore,Tamil Nadu
2015-04-05,0.0,1.4799999999999986,5.42,5.42,1.04,0,Coimbatore,Tamil Nadu
2015-04-06,0.57,1.0099999999999987,5.98,5.99,0.57,0,Coimbatore,Tamil Nadu
2015-04-07,1.7,2.2699999999999987,6.890000000000001,7.6899999999999995,1.7,0,Coimbatore,Tamil Nadu
2015-04-08,1.13,3.3999999999999986,5.77,8.82,1.7,0,Coimbatore,Tamil Nadu
2015-04-09,2.15,4.979999999999999,7.03,10.969999999999999,2.15,0,Coimbatore,Tamil Nadu
2015-04-10,4.13,7.409999999999998,10.120000000000001,15.1,4.13,0,Coimbatore,Tamil Nadu
2015-04-11,0.97,7.249999999999998,10.649999999999999,16.07,4.13,0,Coimbatore,Tamil Nadu
2015-04-12,3.2,8.299999999999997,13.849999999999998,19.27,4.13,0,Coimbatore,Tamil Nadu
2015-04-13,5.74,9.91,19.02,25.009999999999998,5.74,0,Coimbatore,Tamil Nadu
2015-04-14,5.81,14.749999999999998,23.130000000000003,30.81,5.81,0,Coimbatore,Tamil Nadu
2015-04-15,14.49,26.04,36.489999999999995,44.51,14.49,0,Coimbatore,Tamil Nadu
2015-04-16,6.77,27.069999999999997,41.11,49.03,14.49,0,Coimbatore,Tamil Nadu
2015-04-17,5.27,26.529999999999998,42.25,53.41,14.49,0,Coimbatore,Tamil Nadu
2015-04-18,2.14,14.18,43.419999999999995,54.51,6.77,0,Coimbatore,Tamil Nadu
2015-04-19,0.5,7.91,40.72,54.57,5.27,0,Coimbatore,Tamil Nadu
2015-04-20,0.44,3.08,35.42,55.01,2.14,0,Coimbatore,Tamil Nadu
2015-04-21,6.03,6.970000000000001,35.64,60.47,6.03,0,Coimbatore,Tamil Nadu
2015-04-22,6.91,13.379999999999999,28.06,65.67999999999999,6.91,0,Coimbatore,Tamil Nadu
2015-04-23,6.61,19.55,27.9,71.16,6.91,0,Coimbatore,Tamil Nadu
2015-04-24,5.31,18.83,27.94,74.32,6.91,0,Coimbatore,Tamil Nadu
2015-04-25,11.13,23.05,36.93,81.32,11.13,0,Coimbatore,Tamil Nadu
2015-04-26,3.18,19.62,39.61,83.53,11.13,0,Coimbatore,Tamil Nadu
2015-04-27,0.18,14.49,39.35,80.51,11.13,0,Coimbatore,Tamil Nadu
2015-04-28,0.0,3.3600000000000003,33.32,74.77000000000001,3.18,0,Coimbatore,Tamil Nadu
2015-04-29,0.56,0.74,26.970000000000002,69.52,0.56,0,Coimbatore,Tamil Nadu
2015-04-30,0.89,1.4500000000000002,21.249999999999996,55.92,0.89,0,Coimbatore,Tamil Nadu
2015-05-01,2.02,3.47,17.96,51.17,2.02,0,Coimbatore,Tamil Nadu
2015-05-02,1.11,4.0200000000000005,7.94,47.01,2.02,0,Coimbatore,Tamil Nadu
2015-05-03,0.2,3.33,4.96,45.07,2.02,0,Coimbatore,Tamil Nadu
2015-05-04,3.5,4.8100000000000005,8.28,48.07,3.5,0,Coimbatore,Tamil Nadu
2015-05-05,0.99,4.6899999999999995,9.27,48.620000000000005,3.5,0,Coimbatore,Tamil Nadu
2015-05-06,1.18,5.67,9.889999999999999,43.77,3.5,0,Coimbatore,Tamil Nadu
2015-05-07,14.53,16.7,23.53,51.39,14.53,0,Coimbatore,Tamil Nadu
2015-05-08,7.94,23.65,29.45,52.72,14.53,0,Coimbatore,Tamil Nadu
2015-05-09,2.81,25.28,31.150000000000002,50.220000000000006,14.53,0,Coimbatore,Tamil Nadu
2015-05-10,2.29,13.040000000000001,33.239999999999995,41.38,7.94,0,Coimbatore,Tamil Nadu
2015-05-11,4.1,9.2,33.839999999999996,42.3,4.1,0,Coimbatore,Tamil Nadu
2015-05-12,13.94,20.33,46.78999999999999,56.06,13.94,0,Coimbatore,Tamil Nadu
2015-05-13,12.63,30.67,58.239999999999995,68.69,13.94,0,Coimbatore,Tamil Nadu
2015-05-14,4.62,31.19,48.330000000000005,72.75,13.94,0,Coimbatore,Tamil Nadu
2015-05-15,29.78,47.03,70.17,101.64,29.78,0,Coimbatore,Tamil Nadu
2015-05-16,9.01,43.410000000000004,76.36999999999999,108.63000000000001,29.78,0,Coimbatore,Tamil Nadu
2015-05-17,8.26,47.050000000000004,82.34,115.78,29.78,0,Coimbatore,Tamil Nadu
2015-05-18,2.28,19.550000000000004,80.52,117.86,9.01,0,Coimbatore,Tamil Nadu
2015-05-19,1.58,12.120000000000003,68.16,115.94,8.26,0,Coimbatore,Tamil Nadu
2015-05-20,0.56,4.4200000000000035,56.09,115.51,2.28,0,Coimbatore,Tamil Nadu
2015-05-21,0.03,2.1700000000000035,51.5,114.36,1.58,0,Coimbatore,Tamil Nadu
2015-05-22,0.09,0.6800000000000036,21.81,99.92,0.56,0,Coimbatore,Tamil Nadu
2015-05-23,1.7,1.8200000000000034,14.5,93.68,1.7,0,Coimbatore,Tamil Nadu
2015-05-24,0.93,2.7200000000000037,7.17,91.8,1.7,0,Coimbatore,Tamil Nadu
2015-05-25,0.1,2.730000000000004,4.99,89.61000000000001,1.7,0,Coimbatore,Tamil Nadu
2015-05-26,0.02,1.0500000000000036,3.43,85.53,0.93,0,Coimbatore,Tamil Nadu
2015-05-27,6.38,6.5000000000000036,9.25,77.97,6.38,0,Coimbatore,Tamil Nadu
2015-05-28,3.21,9.610000000000003,12.43,68.55000000000001,6.38,0,Coimbatore,Tamil Nadu
2015-05-29,1.99,11.580000000000004,14.33,65.92,6.38,0,Coimbatore,Tamil Nadu
2015-05-30,3.83,9.030000000000005,16.46,39.97,3.83,0,Coimbatore,Tamil Nadu
2015-05-31,6.19,12.010000000000005,21.72,37.150000000000006,6.19,0,Coimbatore,Tamil Nadu
2015-06-01,2.3,12.320000000000004,23.919999999999998,31.19,6.19,1,Coimbatore,Tamil Nadu
2015-06-02,4.35,12.840000000000003,28.25,33.26,6.19,1,Coimbatore,Tamil Nadu
2015-06-03,2.41,9.060000000000002,24.28,34.09,4.35,1,Coimbatore,Tamil Nadu
2015-06-04,6.45,13.210000000000004,27.52,39.98,6.45,1,Coimbatore,Tamil Nadu
2015-06-05,6.7,15.560000000000004,32.230000000000004,46.65,6.7,1,Coimbatore,Tamil Nadu
2015-06-06,0.22,13.370000000000005,28.62,46.78,6.7,1,Coimbatore,Tamil Nadu
2015-06-07,2.46,9.380000000000004,24.889999999999997,47.54,6.7,1,Coimbatore,Tamil Nadu
2015-06-08,1.53,4.2100000000000035,24.12,48.14,2.46,1,Coimbatore,Tamil Nadu
2015-06-09,0.78,4.770000000000003,20.55,48.82,2.46,1,Coimbatore,Tamil Nadu
2015-06-10,0.9,3.2100000000000035,19.04,49.7,1.53,1,Coimbatore,Tamil Nadu
2015-06-11,7.85,9.530000000000003,20.44,51.17,7.85,1,Coimbatore,Tamil Nadu
2015-06-12,1.4,10.150000000000004,15.14,49.36,7.85,1,Coimbatore,Tamil Nadu
2015-06-13,3.53,12.780000000000003,18.45,50.900000000000006,7.85,1,Coimbatore,Tamil Nadu
2015-06-14,0.74,5.6700000000000035,16.73,47.809999999999995,3.53,1,Coimbatore,Tamil Nadu
2015-06-15,3.57,7.8400000000000025,18.77,45.19,3.57,1,Coimbatore,Tamil Nadu
2015-06-16,1.61,5.9200000000000035,19.599999999999998,44.5,3.57,1,Coimbatore,Tamil Nadu
2015-06-17,3.11,8.290000000000003,21.81,43.26,3.57,1,Coimbatore,Tamil Nadu
2015-06-18,4.28,9.000000000000004,18.24,45.129999999999995,4.28,1,Coimbatore,Tamil Nadu
2015-06-19,5.86,13.250000000000004,22.7,44.54,5.86,1,Coimbatore,Tamil Nadu
2015-06-20,4.31,14.450000000000003,23.479999999999997,42.15,5.86,1,Coimbatore,Tamil Nadu
2015-06-21,10.4,20.570000000000004,33.14,52.33,10.4,1,Coimbatore,Tamil Nadu
2015-06-22,2.16,16.870000000000005,31.73,52.03,10.4,1,Coimbatore,Tamil Nadu
2015-06-23,8.63,21.190000000000005,38.75,59.129999999999995,10.4,1,Coimbatore,Tamil Nadu
2015-06-24,2.03,12.820000000000004,37.67,60.379999999999995,8.63,1,Coimbatore,Tamil Nadu
2015-06-25,4.49,15.150000000000004,37.88,63.97,8.63,1,Coimbatore,Tamil Nadu
2015-06-26,12.08,18.6,44.1,68.2,12.08,1,Coimbatore,Tamil Nadu
2015-06-27,2.16,18.730000000000004,41.95,68.96000000000001,12.08,1,Coimbatore,Tamil Nadu
2015-06-28,2.0,16.240000000000002,33.55,67.43,12.08,1,Coimbatore,Tamil Nadu
2015-06-29,4.79,8.950000000000003,36.18,71.47999999999999,4.79,1,Coimbatore,Tamil Nadu
2015-06-30,2.82,9.610000000000003,30.369999999999997,70.73,4.79,1,Coimbatore,Tamil Nadu
2015-07-01,0.96,8.570000000000004,29.3,70.08,4.79,1,Coimbatore,Tamil Nadu
2015-07-02,0.24,4.020000000000003,25.05,67.21000000000001,2.82,1,Coimbatore,Tamil Nadu
2015-07-03,0.38,1.5800000000000036,13.35,63.31,0.96,1,Coimbatore,Tamil Nadu
2015-07-04,1.44,2.0600000000000036,12.629999999999999,58.89,1.44,1,Coimbatore,Tamil Nadu
2015-07-05,0.79,2.610000000000004,11.42,55.370000000000005,1.44,1,Coimbatore,Tamil Nadu
2015-07-06,0.24,2.4700000000000037,6.87,45.21,1.44,1,Coimbatore,Tamil Nadu
2015-07-07,0.25,1.2800000000000038,4.300000000000001,43.3,0.79,1,Coimbatore,Tamil Nadu
2015-07-08,1.82,2.310000000000004,5.16,36.49,1.82,1,Coimbatore,Tamil Nadu
2015-07-09,1.8,3.8700000000000037,6.72,36.260000000000005,1.82,1,Coimbatore,Tamil Nadu
2015-07-10,2.16,5.780000000000004,8.5,33.93,2.16,1,Coimbatore,Tamil Nadu
2015-07-11,1.97,5.930000000000004,9.030000000000001,23.820000000000004,2.16,1,Coimbatore,Tamil Nadu
2015-07-12,0.16,4.2900000000000045,8.4,21.820000000000004,2.16,1,Coimbatore,Tamil Nadu
2015-07-13,0.36,2.4900000000000038,8.52,20.18,1.97,1,Coimbatore,Tamil Nadu
2015-07-14,1.26,1.780000000000004,9.53,16.65,1.26,1,Coimbatore,Tamil Nadu
2015-07-15,1.75,3.370000000000004,9.46,15.580000000000002,1.75,1,Coimbatore,Tamil Nadu
2015-07-16,1.66,4.670000000000004,9.32,16.28,1.75,1,Coimbatore,Tamil Nadu
2015-07-17,6.25,9.660000000000004,13.41,22.290000000000003,6.25,1,Coimbatore,Tamil Nadu
2015-07-18,5.42,13.330000000000004,16.86,27.33,6.25,1,Coimbatore,Tamil Nadu
2015-07-19,5.57,17.240000000000002,22.27,31.46,6.25,1,Coimbatore,Tamil Nadu
2015-07-20,4.66,15.650000000000004,26.57,35.330000000000005,5.57,1,Coimbatore,Tamil Nadu
2015-07-21,2.6,12.830000000000004,27.910000000000004,37.69,5.57,1,Coimbatore,Tamil Nadu
2015-07-22,1.77,9.030000000000005,27.930000000000003,39.21,4.66,1,Coimbatore,Tamil Nadu
2015-07-23,3.88,8.250000000000004,30.150000000000002,41.27,3.88,1,Coimbatore,Tamil Nadu
2015-07-24,1.11,6.760000000000004,25.009999999999998,40.580000000000005,3.88,1,Coimbatore,Tamil Nadu
2015-07-25,1.36,6.350000000000003,20.95,39.78,3.88,1,Coimbatore,Tamil Nadu
2015-07-26,0.39,2.860000000000004,15.77,38.2,1.36,1,Coimbatore,Tamil Nadu
2015-07-27,0.64,2.3900000000000037,11.75,38.68,1.36,1,Coimbatore,Tamil Nadu
2015-07-28,0.5,1.5300000000000036,9.65,38.82,0.64,1,Coimbatore,Tamil Nadu
2015-07-29,0.69,1.8300000000000036,8.57,38.25,0.69,1,Coimbatore,Tamil Nadu
2015-07-30,0.0,1.1900000000000035,4.69,36.5,0.69,1,Coimbatore,Tamil Nadu
2015-07-31,0.03,0.7200000000000035,3.61,34.870000000000005,0.69,1,Coimbatore,Tamil Nadu
2015-08-01,0.21,0.24000000000000354,2.46,28.83,0.21,1,Coimbatore,Tamil Nadu
2015-08-02,1.62,1.8600000000000037,3.69,25.03,1.62,1,Coimbatore,Tamil Nadu
2015-08-03,3.2,5.030000000000004,6.25,22.66,3.2,1,Coimbatore,Tamil Nadu
2015-08-04,1.73,6.550000000000004,7.48,19.73,3.2,1,Coimbatore,Tamil Nadu
2015-08-05,1.3,6.230000000000004,8.09,18.43,3.2,1,Coimbatore,Tamil Nadu
2015-08-06,0.66,3.6900000000000035,8.75,17.32,1.73,1,Coimbatore,Tamil Nadu
2015-08-07,0.91,2.8700000000000037,9.63,14.350000000000001,1.3,1,Coimbatore,Tamil Nadu
2015-08-08,3.3,4.870000000000004,12.72,16.54,3.3,1,Coimbatore,Tamil Nadu
2015-08-09,0.95,5.160000000000004,12.05,16.13,3.3,1,Coimbatore,Tamil Nadu
2015-08-10,2.4,6.650000000000003,11.25,18.14,3.3,1,Coimbatore,Tamil Nadu
2015-08-11,0.81,4.160000000000004,10.33,18.31,2.4,1,Coimbatore,Tamil Nadu
2015-08-12,1.45,4.660000000000003,10.48,19.259999999999998,2.4,1,Coimbatore,Tamil Nadu
2015-08-13,2.67,4.930000000000003,12.49,21.240000000000002,2.67,1,Coimbatore,Tamil Nadu
2015-08-14,0.67,4.790000000000003,12.25,21.91,2.67,1,Coimbatore,Tamil Nadu
2015-08-15,2.17,5.510000000000003,11.12,24.05,2.67,1,Coimbatore,Tamil Nadu
2015-08-16,13.23,16.070000000000004,23.4,37.07,13.23,1,Coimbatore,Tamil Nadu
2015-08-17,9.6,25.000000000000004,30.6,45.050000000000004,13.23,1,Coimbatore,Tamil Nadu
2015-08-18,1.87,24.700000000000006,31.66,43.72,13.23,1,Coimbatore,Tamil Nadu
2015-08-19,1.08,12.550000000000004,31.29,43.07,9.6,1,Coimbatore,Tamil Nadu
2015-08-20,0.49,3.440000000000004,29.11,42.26,1.87,1,Coimbatore,Tamil Nadu
2015-08-21,5.63,7.200000000000004,34.07,47.230000000000004,5.63,1,Coimbatore,Tamil Nadu
2015-08-22,8.16,14.280000000000005,40.06,54.48,8.16,1,Coimbatore,Tamil Nadu
2015-08-23,5.25,19.040000000000006,32.08,56.43,8.16,1,Coimbatore,Tamil Nadu
2015-08-24,1.04,14.450000000000006,23.52,56.519999999999996,8.16,1,Coimbatore,Tamil Nadu
2015-08-25,0.14,6.430000000000005,21.79,54.26,5.25,1,Coimbatore,Tamil Nadu
2015-08-26,0.05,1.2300000000000053,20.76,53.5,1.04,1,Coimbatore,Tamil Nadu
2015-08-27,0.65,0.8400000000000054,20.919999999999998,52.7,0.65,1,Coimbatore,Tamil Nadu
2015-08-28,0.11,0.8100000000000054,15.4,50.14,0.65,1,Coimbatore,Tamil Nadu
2015-08-29,0.0,0.7600000000000053,7.24,49.47,0.65,1,Coimbatore,Tamil Nadu
2015-08-30,0.0,0.11000000000000533,1.9900000000000002,47.300000000000004,0.11,1,Coimbatore,Tamil Nadu
2015-08-31,0.03,0.030000000000005328,0.9800000000000001,34.1,0.03,1,Coimbatore,Tamil Nadu
2015-09-01,0.33,0.3600000000000053,1.1700000000000002,24.83,0.33,1,Coimbatore,Tamil Nadu
2015-09-02,1.0,1.3600000000000052,2.12,23.96,1.0,1,Coimbatore,Tamil Nadu
2015-09-03,0.61,1.9400000000000053,2.08,23.49,1.0,1,Coimbatore,Tamil Nadu
2015-09-04,1.31,2.9200000000000053,3.2800000000000002,24.310000000000002,1.31,1,Coimbatore,Tamil Nadu
2015-09-05,3.77,5.690000000000005,7.05,22.45,3.77,1,Coimbatore,Tamil Nadu
2015-09-06,3.29,8.370000000000006,10.34,17.58,3.77,1,Coimbatore,Tamil Nadu
2015-09-07,6.5,13.560000000000006,16.810000000000002,18.83,6.5,1,Coimbatore,Tamil Nadu
2015-09-08,0.86,10.650000000000006,17.34,18.650000000000002,6.5,1,Coimbatore,Tamil Nadu
2015-09-09,1.57,8.930000000000005,17.91,20.080000000000002,6.5,1,Coimbatore,Tamil Nadu
2015-09-10,1.92,4.350000000000005,19.22,21.95,1.92,1,Coimbatore,Tamil Nadu
2015-09-11,0.89,4.380000000000005,18.8,22.19,1.92,1,Coimbatore,Tamil Nadu
2015-09-12,0.94,3.7500000000000053,15.969999999999999,23.020000000000003,1.92,1,Coimbatore,Tamil Nadu
2015-09-13,0.08,1.9100000000000052,12.76,23.1,0.94,1,Coimbatore,Tamil Nadu
2015-09-14,0.18,1.2000000000000055,6.44,23.28,0.94,1,Coimbatore,Tamil Nadu
2015-09-15,1.04,1.3000000000000056,6.619999999999999,24.29,1.04,1,Coimbatore,Tamil Nadu
2015-09-16,3.94,5.1600000000000055,8.989999999999998,27.9,3.94,1,Coimbatore,Tamil Nadu
2015-09-17,1.78,6.760000000000006,8.85,28.68,3.94,1,Coimbatore,Tamil Nadu
2015-09-18,1.16,6.880000000000006,9.12,29.23,3.94,1,Coimbatore,Tamil Nadu
2015-09-19,1.48,4.420000000000005,9.66,29.4,1.78,1,Coimbatore,Tamil Nadu
2015-09-20,2.28,4.920000000000005,11.86,27.91,2.28,1,Coimbatore,Tamil Nadu
2015-09-21,0.1,3.860000000000005,11.78,24.72,2.28,1,Coimbatore,Tamil Nadu
2015-09-22,0.26,2.640000000000005,11.0,18.479999999999997,2.28,1,Coimbatore,Tamil Nadu
2015-09-23,2.15,2.510000000000005,9.209999999999999,19.77,2.15,1,Coimbatore,Tamil Nadu
2015-09-24,6.8,9.210000000000004,14.23,25.0,6.8,1,Coimbatore,Tamil Nadu
2015-09-25,2.19,11.140000000000006,15.26,25.27,6.8,1,Coimbatore,Tamil Nadu
2015-09-26,1.82,10.810000000000006,15.600000000000001,26.2,6.8,1,Coimbatore,Tamil Nadu
2015-09-27,19.41,23.42000000000001,32.730000000000004,44.67,19.41,1,Coimbatore,Tamil Nadu
2015-09-28,15.64,36.870000000000005,48.269999999999996,60.230000000000004,19.41,1,Coimbatore,Tamil Nadu
2015-09-29,20.15,55.2,68.16,80.2,20.15,1,Coimbatore,Tamil Nadu
2015-09-30,5.5,41.290000000000006,71.50999999999999,84.66,20.15,1,Coimbatore,Tamil Nadu
2015-10-01,2.86,28.51,67.57,83.58,20.15,0,Coimbatore,Tamil Nadu
2015-10-02,4.87,13.230000000000004,70.25,86.66999999999999,5.5,0,Coimbatore,Tamil Nadu
2015-10-03,1.61,9.340000000000003,70.04,87.12,4.87,0,Coimbatore,Tamil Nadu
2015-10-04,4.61,11.090000000000005,55.239999999999995,90.25,4.87,0,Coimbatore,Tamil Nadu
2015-10-05,13.67,19.890000000000004,53.269999999999996,101.63999999999999,13.67,0,Coimbatore,Tamil Nadu
2015-10-06,2.51,20.790000000000006,35.63,104.05,13.67,0,Coimbatore,Tamil Nadu
2015-10-07,2.53,18.710000000000004,32.660000000000004,106.32,13.67,0,Coimbatore,Tamil Nadu
2015-10-08,4.86,9.900000000000004,34.660000000000004,109.03,4.86,0,Coimbatore,Tamil Nadu
2015-10-09,3.99,11.380000000000004,33.78,106.22,4.86,0,Coimbatore,Tamil Nadu
2015-10-10,3.02,11.870000000000005,35.190000000000005,107.05,4.86,0,Coimbatore,Tamil Nadu
2015-10-11,15.44,22.450000000000003,46.02,120.67,15.44,0,Coimbatore,Tamil Nadu
2015-10-12,8.86,27.32,41.21,110.12,15.44,0,Coimbatore,Tamil Nadu
2015-10-13,0.96,25.26,39.660000000000004,95.44,15.44,0,Coimbatore,Tamil Nadu
2015-10-14,2.51,12.330000000000002,39.64,77.8,8.86,0,Coimbatore,Tamil Nadu
2015-10-15,3.32,6.790000000000003,38.1,75.61999999999999,3.32,0,Coimbatore,Tamil Nadu
2015-10-16,0.09,5.9200000000000035,34.199999999999996,72.85,3.32,0,Coimbatore,Tamil Nadu
2015-10-17,0.31,3.7200000000000033,31.49,68.28999999999999,3.32,0,Coimbatore,Tamil Nadu
2015-10-18,2.03,2.4300000000000033,18.08,68.71,2.03,0,Coimbatore,Tamil Nadu
2015-10-19,0.52,2.8600000000000034,9.739999999999998,64.61999999999999,2.03,0,Coimbatore,Tamil Nadu
2015-10-20,0.5,3.0500000000000034,9.279999999999998,51.449999999999996,2.03,0,Coimbatore,Tamil Nadu
2015-10-21,0.23,1.2500000000000036,7.0,49.17,0.52,0,Coimbatore,Tamil Nadu
2015-10-22,0.39,1.1200000000000037,4.069999999999999,47.03,0.5,0,Coimbatore,Tamil Nadu
2015-10-23,0.12,0.7400000000000035,4.1,42.29,0.39,0,Coimbatore,Tamil Nadu
2015-10-24,1.48,1.9900000000000035,5.27,39.78,1.48,0,Coimbatore,Tamil Nadu
2015-10-25,2.94,4.540000000000004,6.18,39.699999999999996,2.94,0,Coimbatore,Tamil Nadu
2015-10-26,0.13,4.550000000000003,5.790000000000001,24.389999999999997,2.94,0,Coimbatore,Tamil Nadu
2015-10-27,1.19,4.260000000000003,6.48,16.72,2.94,0,Coimbatore,Tamil Nadu
2015-10-28,8.19,9.510000000000003,14.44,23.949999999999996,8.19,0,Coimbatore,Tamil Nadu
2015-10-29,0.68,10.060000000000002,14.729999999999999,22.12,8.19,0,Coimbatore,Tamil Nadu
2015-10-30,2.75,11.620000000000003,17.36,21.55,8.19,0,Coimbatore,Tamil Nadu
2015-10-31,7.04,10.470000000000004,22.92,28.5,7.04,0,Coimbatore,Tamil Nadu
2015-11-01,9.65,19.440000000000005,29.630000000000003,37.839999999999996,9.65,0,Coimbatore,Tamil Nadu
2015-11-02,5.83,22.520000000000003,35.33,41.64,9.65,0,Coimbatore,Tamil Nadu
2015-11-03,10.33,25.810000000000002,44.47,51.45,10.33,0,Coimbatore,Tamil Nadu
2015-11-04,5.76,21.920000000000005,42.040000000000006,56.71,10.33,0,Coimbatore,Tamil Nadu
2015-11-05,22.3,38.39,63.66,78.78,22.3,0,Coimbatore,Tamil Nadu
2015-11-06,4.29,32.35000000000001,65.2,82.67999999999999,22.3,0,Coimbatore,Tamil Nadu
2015-11-07,8.13,34.720000000000006,66.28999999999999,90.69000000000001,22.3,0,Coimbatore,Tamil Nadu
2015-11-08,5.06,17.480000000000004,61.7,94.27000000000001,8.13,0,Coimbatore,Tamil Nadu
2015-11-09,18.69,31.880000000000006,74.56,110.02000000000001,18.69,0,Coimbatore,Tamil Nadu
2015-11-10,16.04,39.790000000000006,80.27000000000001,125.92999999999999,18.69,0,Coimbatore,Tamil Nadu
2015-11-11,6.26,40.99,80.77,131.0,18.69,0,Coimbatore,Tamil Nadu
2015-11-12,5.34,27.64,63.81,128.15,16.04,0,Coimbatore,Tamil Nadu
2015-11-13,2.5,14.100000000000003,62.02,129.97,6.26,0,Coimbatore,Tamil Nadu
2015-11-14,0.65,8.490000000000004,54.54,127.87,5.34,0,Coimbatore,Tamil Nadu
2015-11-15,2.86,6.010000000000003,52.339999999999996,123.69,2.86,0,Coimbatore,Tamil Nadu
2015-11-16,1.7,5.2100000000000035,35.35,115.74,2.86,0,Coimbatore,Tamil Nadu
2015-11-17,1.46,6.020000000000003,20.77,111.36999999999999,2.86,0,Coimbatore,Tamil Nadu
2015-11-18,3.44,6.600000000000003,17.95,104.48,3.44,0,Coimbatore,Tamil Nadu
2015-11-19,6.92,11.820000000000004,19.53,105.63999999999999,6.92,0,Coimbatore,Tamil Nadu
2015-11-20,3.37,13.730000000000004,20.4,86.71,6.92,0,Coimbatore,Tamil Nadu
2015-11-21,1.52,11.810000000000002,21.27,83.94,6.92,0,Coimbatore,Tamil Nadu
2015-11-22,10.57,15.460000000000004,28.979999999999997,86.38,10.57,0,Coimbatore,Tamil Nadu
2015-11-23,8.01,20.1,35.29,89.33,10.57,0,Coimbatore,Tamil Nadu
2015-11-24,3.88,22.460000000000004,37.71,74.52,10.57,0,Coimbatore,Tamil Nadu
2015-11-25,0.0,11.890000000000004,34.27,58.480000000000004,8.01,0,Coimbatore,Tamil Nadu
2015-11-26,0.0,3.8800000000000034,27.349999999999998,52.22,3.88,0,Coimbatore,Tamil Nadu
2015-11-27,0.05,0.050000000000003555,24.03,46.93,0.05,0,Coimbatore,Tamil Nadu
2015-11-28,0.16,0.21000000000000357,22.67,44.59,0.16,0,Coimbatore,Tamil Nadu
2015-11-29,13.09,13.300000000000004,25.189999999999998,57.03,13.09,0,Coimbatore,Tamil Nadu
2015-11-30,4.44,17.690000000000005,21.62,58.61000000000001,13.09,0,Coimbatore,Tamil Nadu
2015-12-01,1.13,18.660000000000004,18.869999999999997,58.04,13.09,0,Coimbatore,Tamil Nadu
2015-12-02,2.15,7.720000000000004,21.02,58.73,4.44,0,Coimbatore,Tamil Nadu
2015-12-03,0.43,3.7100000000000035,21.45,55.72,2.15,0,Coimbatore,Tamil Nadu
2015-12-04,0.83,3.4100000000000037,22.229999999999997,49.63,2.15,0,Coimbatore,Tamil Nadu
2015-12-05,6.21,7.470000000000004,28.279999999999998,52.470000000000006,6.21,0,Coimbatore,Tamil Nadu
2015-12-06,5.15,12.190000000000005,20.34,56.1,6.21,0,Coimbatore,Tamil Nadu
2015-12-07,5.62,16.980000000000004,21.52,51.15,6.21,0,Coimbatore,Tamil Nadu
2015-12-08,3.95,14.720000000000002,24.34,47.09,5.62,0,Coimbatore,Tamil Nadu
2015-12-09,2.25,11.820000000000004,24.44,45.46,5.62,0,Coimbatore,Tamil Nadu
2015-12-10,2.58,8.780000000000005,26.590000000000003,48.04,3.95,0,Coimbatore,Tamil Nadu
2015-12-11,0.81,5.640000000000004,26.57,48.85,2.58,0,Coimbatore,Tamil Nadu
2015-12-12,1.84,5.230000000000004,22.2,50.64,2.58,0,Coimbatore,Tamil Nadu
2015-12-13,1.04,3.690000000000004,18.09,51.519999999999996,1.84,0,Coimbatore,Tamil Nadu
2015-12-14,5.64,8.520000000000003,18.11,44.07,5.64,0,Coimbatore,Tamil Nadu
2015-12-15,1.6,8.280000000000005,15.760000000000002,41.23,5.64,0,Coimbatore,Tamil Nadu
2015-12-16,0.24,7.480000000000004,13.750000000000002,40.34,5.64,0,Coimbatore,Tamil Nadu
2015-12-17,0.0,1.8400000000000045,11.170000000000002,38.190000000000005,1.6,0,Coimbatore,Tamil Nadu
2015-12-18,0.05,0.2900000000000044,10.41,37.81,0.24,0,Coimbatore,Tamil Nadu
2015-12-19,1.24,1.2900000000000045,9.81,38.22,1.24,0,Coimbatore,Tamil Nadu
2015-12-20,0.16,1.4500000000000044,8.93,32.17,1.24,0,Coimbatore,Tamil Nadu
2015-12-21,0.01,1.4100000000000044,3.3000000000000003,27.03,1.24,0,Coimbatore,Tamil Nadu
2015-12-22,0.0,0.17000000000000445,1.7,21.410000000000004,0.16,0,Coimbatore,Tamil Nadu
2015-12-23,0.0,0.010000000000004441,1.46,17.46,0.01,0,Coimbatore,Tamil Nadu
2015-12-24,0.0,0.0,1.46,15.209999999999999,0.0,0,Coimbatore,Tamil Nadu
2015-12-25,0.0,0.0,1.41,12.629999999999999,0.0,0,Coimbatore,Tamil Nadu
2015-12-26,0.0,0.0,0.17,11.82,0.0,0,Coimbatore,Tamil Nadu
2015-12-27,0.01,0.010000000000004441,0.02,9.99,0.01,0,Coimbatore,Tamil Nadu
2015-12-28,0.0,0.010000000000004441,0.01,8.95,0.01,0,Coimbatore,Tamil Nadu
2015-12-29,0.02,0.03000000000000444,0.03,3.33,0.02,0,Coimbatore,Tamil Nadu
2015-12-30,0.0,0.02000000000000444,0.030000000000000002,1.73,0.02,0,Coimbatore,Tamil Nadu
2015-12-31,0.0,0.020000000000004445,0.030000000000000002,1.49,0.02,0,Coimbatore,Tamil Nadu
2016-01-01,0.0,0.0,0.030000000000000002,1.49,0.0,0,Coimbatore,Tamil Nadu
2016-01-02,0.0,0.0,0.030000000000000002,1.44,0.0,0,Coimbatore,Tamil Nadu
2016-01-03,0.0,0.0,0.020000000000000004,0.2,0.0,0,Coimbatore,Tamil Nadu
2016-01-04,0.0,0.0,0.020000000000000004,0.04,0.0,0,Coimbatore,Tamil Nadu
2016-01-05,0.0,0.0,0.0,0.03,0.0,0,Coimbatore,Tamil Nadu
2016-01-06,0.0,0.0,0.0,0.03,0.0,0,Coimbatore,Tamil Nadu
2016-01-07,0.0,0.0,0.0,0.03,0.0,0,Coimbatore,Tamil Nadu
2016-01-08,0.0,0.0,0.0,0.03,0.0,0,Coimbatore,Tamil Nadu
2016-01-09,0.0,0.0,0.0,0.03,0.0,0,Coimbatore,Tamil Nadu
2016-01-10,0.0,0.0,0.0,0.03,0.0,0,Coimbatore,Tamil Nadu
2016-01-11,0.0,0.0,0.0,0.02,0.0,0,Coimbatore,Tamil Nadu
2016-01-12,0.0,0.0,0.0,0.02,0.0,0,Coimbatore,Tamil Nadu
2016-01-13,0.0,0.0,0.0,0.0,0.0,0,Coimbatore,Tamil Nadu
2016-01-14,0.0,0.0,0.0,0.0,0.0,0,Coimbatore,Tamil Nadu
2016-01-15,0.0,0.0,0.0,0.0,0.0,0,Coimbatore,Tamil Nadu
2016-01-16,0.0,0.0,0.0,0.0,0.0,0,Coimbatore,Tamil Nadu
2016-01-17,0.0,0.0,0.0,0.0,0.0,0,Coimbatore,Tamil Nadu
2016-01-18,0.01,0.010000000000004441,0.01,0.01,0.01,0,Coimbatore,Tamil Nadu
2016-01-19,0.0,0.010000000000004441,0.01,0.01,0.01,0,Coimbatore,Tamil Nadu
2016-01-20,0.11,0.12000000000000444,0.12,0.12,0.11,0,Coimbatore,Tamil Nadu
2016-01-21,2.0,2.1100000000000043,2.12,2.12,2.0,0,Coimbatore,Tamil Nadu
2016-01-22,1.59,3.7000000000000046,3.71,3.71,2.0,0,Coimbatore,Tamil Nadu
2016-01-23,0.2,3.790000000000005,3.91,3.91,2.0,0,Coimbatore,Tamil Nadu
2016-01-24,0.06,1.8500000000000048,3.97,3.97,1.59,0,Coimbatore,Tamil Nadu
2016-01-25,0.03,0.2900000000000047,3.99,4.0,0.2,0,Coimbatore,Tamil Nadu
2016-01-26,0.04,0.13000000000000467,4.03,4.04,0.06,0,Coimbatore,Tamil Nadu
2016-01-27,0.04,0.11000000000000466,3.96,4.08,0.04,0,Coimbatore,Tamil Nadu
2016-01-28,0.0,0.08000000000000466,1.9600000000000002,4.08,0.04,0,Coimbatore,Tamil Nadu
2016-01-29,0.0,0.040000000000004664,0.37,4.08,0.04,0,Coimbatore,Tamil Nadu
2016-01-30,0.0,0.0,0.16999999999999998,4.08,0.0,0,Coimbatore,Tamil Nadu
2016-01-31,0.0,0.0,0.11,4.08,0.0,0,Coimbatore,Tamil Nadu
2016-02-01,0.0,0.0,0.08,4.08,0.0,0,Coimbatore,Tamil Nadu
2016-02-02,0.0,0.0,0.04,4.07,0.0,0,Coimbatore,Tamil Nadu
2016-02-03,0.0,0.0,0.0,4.07,0.0,0,Coimbatore,Tamil Nadu
2016-02-04,0.0,0.0,0.0,3.96,0.0,0,Coimbatore,Tamil Nadu
2016-02-05,0.0,0.0,0.0,1.9600000000000002,0.0,0,Coimbatore,Tamil Nadu
2016-02-06,0.0,0.0,0.0,0.37,0.0,0,Coimbatore,Tamil Nadu
2016-02-07,0.0,0.0,0.0,0.16999999999999998,0.0,0,Coimbatore,Tamil Nadu
2016-02-08,0.0,0.0,0.0,0.11,0.0,0,Coimbatore,Tamil Nadu
2016-02-09,0.05,0.050000000000004666,0.05,0.13,0.05,0,Coimbatore,Tamil Nadu
2016-02-10,0.47,0.5200000000000047,0.52,0.5599999999999999,0.47,0,Coimbatore,Tamil Nadu
2016-02-11,1.09,1.6100000000000048,1.61,1.6099999999999999,1.09,0,Coimbatore,Tamil Nadu
2016-02-12,0.0,1.5600000000000047,1.61,1.61,1.09,0,Coimbatore,Tamil Nadu
2016-02-13,0.0,1.0900000000000047,1.61,1.61,1.09,0,Coimbatore,Tamil Nadu
2016-02-14,0.0,0.0,1.61,1.61,0.0,0,Coimbatore,Tamil Nadu
2016-02-15,0.0,0.0,1.61,1.61,0.0,0,Coimbatore,Tamil Nadu
2016-02-16,0.0,0.0,1.56,1.61,0.0,0,Coimbatore,Tamil Nadu
2016-02-17,0.0,0.0,1.09,1.61,0.0,0,Coimbatore,Tamil Nadu
2016-02-18,0.0,0.0,0.0,1.61,0.0,0,Coimbatore,Tamil Nadu
2016-02-19,0.0,0.0,0.0,1.61,0.0,0,Coimbatore,Tamil Nadu
2016-02-20,0.11,0.11000000000000466,0.11,1.7200000000000002,0.11,0,Coimbatore,Tamil Nadu
2016-02-21,0.3,0.41000000000000464,0.41,2.02,0.3,0,Coimbatore,Tamil Nadu
2016-02-22,0.1,0.5100000000000047,0.51,2.12,0.3,0,Coimbatore,Tamil Nadu
2016-02-23,0.0,0.4000000000000047,0.51,2.12,0.3,0,Coimbatore,Tamil Nadu
2016-02-24,0.01,0.11000000000000466,0.52,2.08,0.1,0,Coimbatore,Tamil Nadu
2016-02-25,0.08,0.09000000000000466,0.6,1.69,0.08,0,Coimbatore,Tamil Nadu
2016-02-26,0.08,0.17000000000000465,0.6799999999999999,0.6800000000000002,0.08,0,Coimbatore,Tamil Nadu
2016-02-27,0.17,0.3300000000000047,0.74,0.8500000000000002,0.17,0,Coimbatore,Tamil Nadu
2016-02-28,1.33,1.5800000000000047,1.77,2.18,1.33,0,Coimbatore,Tamil Nadu
2016-02-29,0.58,2.0800000000000045,2.25,2.7600000000000002,1.33,0,Coimbatore,Tamil Nadu
2016-03-01,0.0,1.9100000000000046,2.25,2.7600000000000002,1.33,0,Coimbatore,Tamil Nadu
2016-03-02,0.0,0.5800000000000046,2.24,2.7600000000000002,0.58,0,Coimbatore,Tamil Nadu
2016-03-03,0.0,0.0,2.16,2.7600000000000002,0.0,0,Coimbatore,Tamil Nadu
2016-03-04,0.0,0.0,2.08,2.7600000000000002,0.0,0,Coimbatore,Tamil Nadu
2016-03-05,0.0,0.0,1.9100000000000001,2.7600000000000002,0.0,0,Coimbatore,Tamil Nadu
2016-03-06,0.16,0.16000000000000467,0.74,2.81,0.16,0,Coimbatore,Tamil Nadu
2016-03-07,0.27,0.4300000000000047,0.43000000000000005,2.7800000000000002,0.27,0,Coimbatore,Tamil Nadu
2016-03-08,0.0,0.4300000000000047,0.43000000000000005,2.6800000000000006,0.27,0,Coimbatore,Tamil Nadu
2016-03-09,0.0,0.2700000000000047,0.43000000000000005,2.6800000000000006,0.27,0,Coimbatore,Tamil Nadu
2016-03-10,0.0,0.0,0.43000000000000005,2.67,0.0,0,Coimbatore,Tamil Nadu
2016-03-11,0.0,0.0,0.43000000000000005,2.59,0.0,0,Coimbatore,Tamil Nadu
2016-03-12,0.22,0.22000000000000466,0.65,2.73,0.22,0,Coimbatore,Tamil Nadu
2016-03-13,0.21,0.43000000000000466,0.7,2.77,0.22,0,Coimbatore,Tamil Nadu
2016-03-14,0.29,0.7200000000000046,0.72,1.73,0.29,0,Coimbatore,Tamil Nadu
2016-03-15,0.86,1.3600000000000048,1.58,2.01,0.86,0,Coimbatore,Tamil Nadu
2016-03-16,0.65,1.8000000000000047,2.23,2.66,0.86,0,Coimbatore,Tamil Nadu
2016-03-17,0.42,1.9300000000000046,2.65,3.08,0.86,0,Coimbatore,Tamil Nadu
2016-03-18,0.0,1.0700000000000047,2.65,3.08,0.65,0,Coimbatore,Tamil Nadu
2016-03-19,0.0,0.42000000000000465,2.4299999999999997,3.08,0.42,0,Coimbatore,Tamil Nadu
2016-03-20,0.0,0.0,2.2199999999999998,3.08,0.0,0,Coimbatore,Tamil Nadu
2016-03-21,0.0,0.0,1.93,2.9200000000000004,0.0,0,Coimbatore,Tamil Nadu
2016-03-22,0.46,0.4600000000000047,1.5299999999999998,3.1100000000000003,0.46,0,Coimbatore,Tamil Nadu
2016-03-23,0.44,0.9000000000000047,1.32,3.5500000000000003,0.46,0,Coimbatore,Tamil Nadu
2016-03-24,0.03,0.9300000000000047,0.93,3.5799999999999996,0.46,0,Coimbatore,Tamil Nadu
2016-03-25,0.11,0.5800000000000046,1.04,3.6900000000000004,0.44,0,Coimbatore,Tamil Nadu
2016-03-26,0.01,0.15000000000000466,1.05,3.7,0.11,0,Coimbatore,Tamil Nadu
2016-03-27,0.0,0.12000000000000466,1.05,3.48,0.11,0,Coimbatore,Tamil Nadu
2016-03-28,0.01,0.020000000000004663,1.06,3.2800000000000002,0.01,0,Coimbatore,Tamil Nadu
2016-03-29,0.45,0.4600000000000047,1.05,3.44,0.45,0,Coimbatore,Tamil Nadu
2016-03-30,0.36,0.8200000000000047,0.97,2.94,0.45,0,Coimbatore,Tamil Nadu
2016-03-31,0.01,0.8200000000000046,0.95,2.3000000000000003,0.45,0,Coimbatore,Tamil Nadu
2016-04-01,0.02,0.3900000000000047,0.86,1.9000000000000001,0.36,0,Coimbatore,Tamil Nadu
2016-04-02,0.0,0.030000000000004662,0.85,1.9000000000000001,0.02,0,Coimbatore,Tamil Nadu
2016-04-03,0.0,0.02000000000000466,0.85,1.9000000000000001,0.02,0,Coimbatore,Tamil Nadu
2016-04-04,0.04,0.040000000000004664,0.88,1.94,0.04,0,Coimbatore,Tamil Nadu
2016-04-05,0.13,0.17000000000000468,0.56,2.0700000000000003,0.13,0,Coimbatore,Tamil Nadu
2016-04-06,0.6,0.7700000000000047,0.7999999999999999,2.21,0.6,0,Coimbatore,Tamil Nadu
2016-04-07,1.33,2.060000000000005,2.12,3.0999999999999996,1.33,0,Coimbatore,Tamil Nadu
2016-04-08,4.7,6.630000000000005,6.800000000000001,7.77,4.7,0,Coimbatore,Tamil Nadu
2016-04-09,10.33,16.360000000000007,17.13,17.990000000000002,10.33,0,Coimbatore,Tamil Nadu
2016-04-10,1.22,16.250000000000004,18.349999999999998,19.2,10.33,0,Coimbatore,Tamil Nadu
2016-04-11,0.12,11.670000000000005,18.43,19.32,10.33,0,Coimbatore,Tamil Nadu
2016-04-12,0.0,1.3400000000000052,18.299999999999997,19.310000000000002,1.22,0,Coimbatore,Tamil Nadu
2016-04-13,0.06,0.18000000000000532,17.759999999999998,18.92,0.12,0,Coimbatore,Tamil Nadu
2016-04-14,0.32,0.38000000000000533,16.749999999999996,18.880000000000003,0.32,0,Coimbatore,Tamil Nadu
2016-04-15,0.27,0.6500000000000054,12.319999999999999,19.14,0.32,0,Coimbatore,Tamil Nadu
2016-04-16,0.03,0.6200000000000054,2.0199999999999982,19.150000000000002,0.32,0,Coimbatore,Tamil Nadu
2016-04-17,0.0,0.3000000000000054,0.7999999999999983,19.150000000000002,0.27,0,Coimbatore,Tamil Nadu
2016-04-18,0.0,0.030000000000005328,0.6799999999999983,19.150000000000002,0.03,0,Coimbatore,Tamil Nadu
2016-04-19,0.19,0.19000000000000533,0.8699999999999982,19.300000000000004,0.19,0,Coimbatore,Tamil Nadu
2016-04-20,0.74,0.9300000000000053,1.5499999999999983,19.91,0.74,0,Coimbatore,Tamil Nadu
2016-04-21,1.82,2.7500000000000053,3.049999999999998,21.130000000000003,1.82,0,Coimbatore,Tamil Nadu
2016-04-22,0.89,3.4500000000000055,3.669999999999998,20.69,1.82,0,Coimbatore,Tamil Nadu
2016-04-23,0.24,2.950000000000005,3.8799999999999986,16.23,1.82,0,Coimbatore,Tamil Nadu
2016-04-24,0.07,1.2000000000000053,3.9499999999999984,5.9700000000000015,0.89,0,Coimbatore,Tamil Nadu
2016-04-25,0.14,0.45000000000000534,4.089999999999998,4.890000000000002,0.24,0,Coimbatore,Tamil Nadu
2016-04-26,0.13,0.34000000000000535,4.0299999999999985,4.900000000000002,0.14,0,Coimbatore,Tamil Nadu
2016-04-27,0.0,0.27000000000000535,3.2899999999999983,4.900000000000002,0.14,0,Coimbatore,Tamil Nadu
2016-04-28,0.04,0.17000000000000534,1.5099999999999982,4.880000000000002,0.13,0,Coimbatore,Tamil Nadu
2016-04-29,0.03,0.07000000000000534,0.6499999999999982,4.590000000000002,0.04,0,Coimbatore,Tamil Nadu
2016-04-30,0.04,0.11000000000000533,0.44999999999999823,4.360000000000001,0.04,0,Coimbatore,Tamil Nadu
2016-05-01,0.04,0.11000000000000534,0.41999999999999826,4.370000000000002,0.04,0,Coimbatore,Tamil Nadu
2016-05-02,0.16,0.24000000000000535,0.4399999999999982,4.530000000000002,0.16,0,Coimbatore,Tamil Nadu
2016-05-03,0.32,0.5200000000000053,0.6299999999999982,4.850000000000002,0.32,0,Coimbatore,Tamil Nadu
2016-05-04,0.02,0.5000000000000053,0.6499999999999982,4.6800000000000015,0.32,0,Coimbatore,Tamil Nadu
2016-05-05,1.11,1.4500000000000055,1.7199999999999984,5.050000000000002,1.11,0,Coimbatore,Tamil Nadu
2016-05-06,10.93,12.060000000000006,12.619999999999997,14.160000000000002,10.93,0,Coimbatore,Tamil Nadu
2016-05-07,8.43,20.470000000000006,21.009999999999998,21.700000000000003,10.93,0,Coimbatore,Tamil Nadu
2016-05-08,5.41,24.770000000000007,26.38,26.870000000000005,10.93,0,Coimbatore,Tamil Nadu
2016-05-09,1.04,14.880000000000006,27.259999999999998,27.840000000000003,8.43,0,Coimbatore,Tamil Nadu
2016-05-10,4.2,10.650000000000006,31.14,31.900000000000002,5.41,0,Coimbatore,Tamil Nadu
2016-05-11,8.21,13.450000000000006,39.33,39.980000000000004,8.21,0,Coimbatore,Tamil Nadu
2016-05-12,1.24,13.650000000000007,39.46,41.220000000000006,8.21,0,Coimbatore,Tamil Nadu
2016-05-13,1.08,10.530000000000006,29.61,42.260000000000005,8.21,0,Coimbatore,Tamil Nadu
2016-05-14,5.08,7.400000000000006,26.26,47.31,5.08,0,Coimbatore,Tamil Nadu
2016-05-15,3.16,9.320000000000006,24.01,50.43000000000001,5.08,0,Coimbatore,Tamil Nadu
2016-05-16,4.9,13.140000000000006,27.869999999999997,55.290000000000006,5.08,0,Coimbatore,Tamil Nadu
2016-05-17,13.06,21.120000000000005,36.730000000000004,68.19,13.06,0,Coimbatore,Tamil Nadu
2016-05-18,1.03,18.990000000000006,29.55,68.9,13.06,0,Coimbatore,Tamil Nadu
2016-05-19,5.94,20.03000000000001,34.25,74.82,13.06,0,Coimbatore,Tamil Nadu
2016-05-20,1.73,8.700000000000006,34.900000000000006,75.44,5.94,0,Coimbatore,Tamil Nadu
2016-05-21,0.0,7.670000000000005,29.819999999999997,64.51,5.94,0,Coimbatore,Tamil Nadu
2016-05-22,0.03,1.7600000000000053,26.689999999999998,56.11,1.73,0,Coimbatore,Tamil Nadu
2016-05-23,0.01,0.04000000000000533,21.8,50.71000000000001,0.03,0,Coimbatore,Tamil Nadu
2016-05-24,0.09,0.13000000000000533,8.829999999999998,49.760000000000005,0.09,0,Coimbatore,Tamil Nadu
2016-05-25,3.02,3.1200000000000054,10.819999999999999,48.580000000000005,3.02,0,Coimbatore,Tamil Nadu
2016-05-26,1.11,4.220000000000006,5.989999999999998,41.480000000000004,3.02,0,Coimbatore,Tamil Nadu
2016-05-27,4.08,8.210000000000006,8.339999999999998,44.32000000000001,4.08,0,Coimbatore,Tamil Nadu
2016-05-28,8.44,13.630000000000006,16.779999999999998,51.68,8.44,0,Coimbatore,Tamil Nadu
2016-05-29,3.07,15.590000000000005,19.819999999999997,49.67,8.44,0,Coimbatore,Tamil Nadu
2016-05-30,5.01,16.520000000000003,24.82,51.52000000000001,8.44,0,Coimbatore,Tamil Nadu
2016-05-31,3.14,11.220000000000004,27.869999999999997,49.76,5.01,0,Coimbatore,Tamil Nadu
2016-06-01,6.69,14.840000000000003,31.54,43.39000000000001,6.69,1,Coimbatore,Tamil Nadu
2016-06-02,5.36,15.190000000000005,35.79,47.720000000000006,6.69,1,Coimbatore,Tamil Nadu
2016-06-03,5.73,17.780000000000005,37.44,47.51,6.69,1,Coimbatore,Tamil Nadu
2016-06-04,4.59,15.680000000000003,33.59,50.370000000000005,5.73,1,Coimbatore,Tamil Nadu
2016-06-05,5.18,15.500000000000004,35.7,55.550000000000004,5.73,1,Coimbatore,Tamil Nadu
2016-06-06,1.73,11.500000000000004,32.42,57.25,5.18,1,Coimbatore,Tamil Nadu
2016-06-07,5.64,12.550000000000004,34.92,62.88,5.64,1,Coimbatore,Tamil Nadu
2016-06-08,8.59,15.960000000000004,36.82,71.38,8.59,1,Coimbatore,Tamil Nadu
2016-06-09,6.64,20.870000000000005,38.099999999999994,75.0,8.59,1,Coimbatore,Tamil Nadu
2016-06-10,5.2,20.430000000000007,37.57,79.09,8.59,1,Coimbatore,Tamil Nadu
2016-06-11,12.58,24.420000000000005,45.559999999999995,87.59,12.58,1,Coimbatore,Tamil Nadu
2016-06-12,0.55,18.330000000000005,40.93,79.7,12.58,1,Coimbatore,Tamil Nadu
2016-06-13,1.17,14.300000000000006,40.37,77.8,12.58,1,Coimbatore,Tamil Nadu
2016-06-14,0.95,2.6700000000000053,35.68,73.74,1.17,1,Coimbatore,Tamil Nadu
2016-06-15,0.74,2.8600000000000056,27.829999999999995,71.33999999999999,1.17,1,Coimbatore,Tamil Nadu
2016-06-16,2.7,4.390000000000006,23.89,67.35,2.7,1,Coimbatore,Tamil Nadu
2016-06-17,9.05,12.490000000000006,27.74,71.03999999999999,9.05,1,Coimbatore,Tamil Nadu
2016-06-18,4.79,16.540000000000006,19.95,70.1,9.05,1,Coimbatore,Tamil Nadu
2016-06-19,3.34,17.180000000000007,22.74,68.85000000000001,9.05,1,Coimbatore,Tamil Nadu
2016-06-20,2.57,10.700000000000005,24.14,66.24,4.79,1,Coimbatore,Tamil Nadu
2016-06-21,2.71,8.620000000000005,25.9,67.22,3.34,1,Coimbatore,Tamil Nadu
2016-06-22,6.11,11.390000000000006,31.27,67.69,6.11,1,Coimbatore,Tamil Nadu
2016-06-23,3.98,12.800000000000006,32.55,63.08,6.11,1,Coimbatore,Tamil Nadu
2016-06-24,0.46,10.550000000000006,23.96,56.900000000000006,6.11,1,Coimbatore,Tamil Nadu
2016-06-25,0.43,4.870000000000005,19.6,52.13,3.98,1,Coimbatore,Tamil Nadu
2016-06-26,3.9,4.790000000000005,20.16,43.45,3.9,1,Coimbatore,Tamil Nadu
2016-06-27,8.52,12.850000000000005,26.11,51.42,8.52,1,Coimbatore,Tamil Nadu
2016-06-28,11.74,24.160000000000004,35.14,61.99,11.74,1,Coimbatore,Tamil Nadu
2016-06-29,7.81,28.070000000000007,36.839999999999996,68.85,11.74,1,Coimbatore,Tamil Nadu
2016-06-30,2.68,22.230000000000004,35.54,70.79,11.74,1,Coimbatore,Tamil Nadu
2016-07-01,1.04,11.530000000000005,36.120000000000005,69.13000000000001,7.81,1,Coimbatore,Tamil Nadu
2016-07-02,0.66,4.380000000000005,36.35,60.74,2.68,1,Coimbatore,Tamil Nadu
2016-07-03,2.31,4.010000000000005,34.76,58.26,2.31,1,Coimbatore,Tamil Nadu
2016-07-04,6.09,9.060000000000006,32.33,61.01,6.09,1,Coimbatore,Tamil Nadu
2016-07-05,3.35,11.750000000000005,23.939999999999998,61.79,6.09,1,Coimbatore,Tamil Nadu
2016-07-06,10.02,19.460000000000004,26.15,69.1,10.02,1,Coimbatore,Tamil Nadu
2016-07-07,1.68,15.050000000000004,25.15,64.67,10.02,1,Coimbatore,Tamil Nadu
2016-07-08,3.98,15.680000000000005,28.09,64.67,10.02,1,Coimbatore,Tamil Nadu
2016-07-09,8.85,14.510000000000005,36.28,73.06,8.85,1,Coimbatore,Tamil Nadu
2016-07-10,5.74,18.570000000000007,39.709999999999994,78.37,8.85,1,Coimbatore,Tamil Nadu
2016-07-11,5.45,20.040000000000006,39.07,79.91999999999999,8.85,1,Coimbatore,Tamil Nadu
2016-07-12,3.17,14.360000000000007,38.89,74.57,5.74,1,Coimbatore,Tamil Nadu
2016-07-13,1.53,10.150000000000006,30.4,64.36,5.45,1,Coimbatore,Tamil Nadu
2016-07-14,4.86,9.560000000000006,33.58,61.41,4.86,1,Coimbatore,Tamil Nadu
2016-07-15,7.29,13.680000000000007,36.89,66.02,7.29,1,Coimbatore,Tamil Nadu
2016-07-16,14.51,26.660000000000004,42.55,79.49,14.51,1,Coimbatore,Tamil Nadu
2016-07-17,5.45,27.250000000000007,42.260000000000005,84.28,14.51,1,Coimbatore,Tamil Nadu
2016-07-18,7.35,27.310000000000002,44.160000000000004,89.32,14.51,1,Coimbatore,Tamil Nadu
2016-07-19,0.83,13.630000000000004,41.82,84.06,7.35,1,Coimbatore,Tamil Nadu
2016-07-20,0.48,8.660000000000004,40.769999999999996,81.19,7.35,1,Coimbatore,Tamil Nadu
2016-07-21,3.03,4.340000000000005,38.94,74.2,3.03,1,Coimbatore,Tamil Nadu
2016-07-22,3.88,7.390000000000005,35.53,76.39999999999999,3.88,1,Coimbatore,Tamil Nadu
2016-07-23,4.11,11.020000000000007,25.130000000000003,76.53,4.11,1,Coimbatore,Tamil Nadu
2016-07-24,6.42,14.410000000000005,26.099999999999998,74.1,6.42,1,Coimbatore,Tamil Nadu
2016-07-25,12.01,22.540000000000006,30.76,80.37,12.01,1,Coimbatore,Tamil Nadu
2016-07-26,12.59,31.020000000000003,42.519999999999996,87.50999999999999,12.59,1,Coimbatore,Tamil Nadu
2016-07-27,11.51,36.11,53.550000000000004,95.85,12.59,1,Coimbatore,Tamil Nadu
2016-07-28,9.31,33.410000000000004,59.83,103.63,12.59,1,Coimbatore,Tamil Nadu
2016-07-29,0.77,21.590000000000007,56.72,99.53999999999999,11.51,1,Coimbatore,Tamil Nadu
2016-07-30,4.56,14.640000000000006,57.17,96.81,9.31,1,Coimbatore,Tamil Nadu
2016-07-31,2.65,7.980000000000006,53.4,84.95,4.56,1,Coimbatore,Tamil Nadu
2016-08-01,2.7,9.910000000000005,44.09,82.2,4.56,1,Coimbatore,Tamil Nadu
2016-08-02,0.66,6.010000000000005,32.160000000000004,75.51,2.7,1,Coimbatore,Tamil Nadu
2016-08-03,0.58,3.9400000000000057,21.230000000000004,75.26,2.7,1,Coimbatore,Tamil Nadu
2016-08-04,0.84,2.0800000000000054,12.76,75.62,0.84,1,Coimbatore,Tamil Nadu
2016-08-05,2.5,3.9200000000000053,14.49,75.09,2.5,1,Coimbatore,Tamil Nadu
2016-08-06,1.5,4.840000000000005,11.43,72.71000000000001,2.5,1,Coimbatore,Tamil Nadu
2016-08-07,0.72,4.720000000000005,9.5,69.32000000000001,2.5,1,Coimbatore,Tamil Nadu
2016-08-08,0.7,2.9200000000000053,7.5,63.6,1.5,1,Coimbatore,Tamil Nadu
2016-08-09,0.98,2.4000000000000052,7.82,52.57000000000001,0.98,1,Coimbatore,Tamil Nadu
2016-08-10,0.84,2.5200000000000053,8.08,40.82,0.98,1,Coimbatore,Tamil Nadu
2016-08-11,0.23,2.050000000000005,7.470000000000001,29.540000000000003,0.98,1,Coimbatore,Tamil Nadu
2016-08-12,1.08,2.1500000000000057,6.050000000000001,21.31,1.08,1,Coimbatore,Tamil Nadu
2016-08-13,0.67,1.9800000000000058,5.220000000000001,21.21,1.08,1,Coimbatore,Tamil Nadu
2016-08-14,2.11,3.8600000000000056,6.609999999999999,18.759999999999998,2.11,1,Coimbatore,Tamil Nadu
2016-08-15,3.1,5.880000000000005,9.010000000000002,19.21,3.1,1,Coimbatore,Tamil Nadu
2016-08-16,2.91,8.120000000000005,10.940000000000001,19.42,3.1,1,Coimbatore,Tamil Nadu
2016-08-17,2.62,8.630000000000006,12.72,21.380000000000003,3.1,1,Coimbatore,Tamil Nadu
2016-08-18,1.13,6.6600000000000055,13.620000000000001,21.93,2.91,1,Coimbatore,Tamil Nadu
2016-08-19,1.21,4.960000000000005,13.75,22.299999999999997,2.62,1,Coimbatore,Tamil Nadu
2016-08-20,0.78,3.1200000000000054,13.86,20.58,1.21,1,Coimbatore,Tamil Nadu
2016-08-21,0.77,2.760000000000005,12.520000000000001,19.849999999999998,1.21,1,Coimbatore,Tamil Nadu
2016-08-22,0.75,2.300000000000005,10.170000000000002,19.88,0.78,1,Coimbatore,Tamil Nadu
2016-08-23,2.53,4.050000000000005,9.79,21.71,2.53,1,Coimbatore,Tamil Nadu
2016-08-24,2.28,5.560000000000005,9.45,23.01,2.53,1,Coimbatore,Tamil Nadu
2016-08-25,1.52,6.330000000000005,9.84,23.69,2.53,1,Coimbatore,Tamil Nadu
2016-08-26,6.27,10.070000000000006,14.899999999999999,29.73,6.27,1,Coimbatore,Tamil Nadu
2016-08-27,10.11,17.900000000000006,24.229999999999997,38.760000000000005,10.11,1,Coimbatore,Tamil Nadu
2016-08-28,3.86,20.240000000000006,27.32,41.95,10.11,1,Coimbatore,Tamil Nadu
2016-08-29,0.66,14.630000000000006,27.23,40.5,10.11,1,Coimbatore,Tamil Nadu
2016-08-30,8.17,12.690000000000007,32.87,45.57,8.17,1,Coimbatore,Tamil Nadu
2016-08-31,5.21,14.040000000000006,35.8,47.870000000000005,8.17,1,Coimbatore,Tamil Nadu
2016-09-01,2.81,16.19000000000001,37.09,48.059999999999995,8.17,1,Coimbatore,Tamil Nadu
2016-09-02,0.85,8.870000000000006,31.669999999999998,47.78,5.21,1,Coimbatore,Tamil Nadu
2016-09-03,0.78,4.4400000000000075,22.339999999999996,47.35,2.81,1,Coimbatore,Tamil Nadu
2016-09-04,0.41,2.040000000000007,18.889999999999997,46.98,0.85,1,Coimbatore,Tamil Nadu
2016-09-05,0.03,1.220000000000007,18.259999999999998,46.239999999999995,0.78,1,Coimbatore,Tamil Nadu
2016-09-06,0.22,0.660000000000007,10.309999999999999,45.709999999999994,0.41,1,Coimbatore,Tamil Nadu
2016-09-07,0.02,0.2700000000000071,5.119999999999998,43.199999999999996,0.22,1,Coimbatore,Tamil Nadu
2016-09-08,0.0,0.2400000000000071,2.3099999999999983,40.92,0.22,1,Coimbatore,Tamil Nadu
2016-09-09,0.12,0.14000000000000712,1.579999999999998,39.519999999999996,0.12,1,Coimbatore,Tamil Nadu
2016-09-10,1.19,1.3100000000000072,1.989999999999998,34.440000000000005,1.19,1,Coimbatore,Tamil Nadu
2016-09-11,0.15,1.460000000000007,1.729999999999998,24.48,1.19,1,Coimbatore,Tamil Nadu
2016-09-12,0.04,1.380000000000007,1.739999999999998,20.66,1.19,1,Coimbatore,Tamil Nadu
2016-09-13,0.42,0.6100000000000071,1.9399999999999982,20.419999999999998,0.42,1,Coimbatore,Tamil Nadu
2016-09-14,1.39,1.850000000000007,3.309999999999998,13.64,1.39,1,Coimbatore,Tamil Nadu
2016-09-15,1.86,3.670000000000007,5.169999999999998,10.29,1.86,1,Coimbatore,Tamil Nadu
2016-09-16,1.97,5.220000000000007,7.019999999999998,9.45,1.97,1,Coimbatore,Tamil Nadu
2016-09-17,0.46,4.290000000000007,6.289999999999998,9.06,1.97,1,Coimbatore,Tamil Nadu
2016-09-18,0.44,2.870000000000007,6.579999999999998,8.719999999999999,1.97,1,Coimbatore,Tamil Nadu
2016-09-19,0.9,1.8000000000000071,7.439999999999998,9.209999999999999,0.9,1,Coimbatore,Tamil Nadu
2016-09-20,0.41,1.750000000000007,7.429999999999998,9.59,0.9,1,Coimbatore,Tamil Nadu
2016-09-21,1.67,2.980000000000007,7.709999999999997,11.04,1.67,1,Coimbatore,Tamil Nadu
2016-09-22,0.39,2.4700000000000073,6.2399999999999975,11.41,1.67,1,Coimbatore,Tamil Nadu
2016-09-23,0.84,2.900000000000007,5.109999999999998,12.25,1.67,1,Coimbatore,Tamil Nadu
2016-09-24,1.93,3.1600000000000072,6.579999999999997,14.06,1.93,1,Coimbatore,Tamil Nadu
2016-09-25,0.96,3.7300000000000066,7.099999999999998,13.829999999999998,1.93,1,Coimbatore,Tamil Nadu
2016-09-26,0.65,3.540000000000007,6.849999999999997,14.33,1.93,1,Coimbatore,Tamil Nadu
2016-09-27,0.58,2.190000000000007,7.019999999999997,14.87,0.96,1,Coimbatore,Tamil Nadu
2016-09-28,0.75,1.980000000000007,6.099999999999998,15.2,0.75,1,Coimbatore,Tamil Nadu
2016-09-29,1.76,3.090000000000007,7.469999999999997,15.569999999999999,1.76,1,Coimbatore,Tamil Nadu
2016-09-30,0.24,2.750000000000007,6.869999999999997,13.95,1.76,1,Coimbatore,Tamil Nadu
2016-10-01,0.0,2.000000000000007,4.939999999999998,11.98,1.76,0,Coimbatore,Tamil Nadu
2016-10-02,0.0,0.2400000000000071,3.9799999999999978,11.52,0.24,0,Coimbatore,Tamil Nadu
2016-10-03,0.0,0.0,3.3299999999999974,11.08,0.0,0,Coimbatore,Tamil Nadu
2016-10-04,0.0,0.0,2.7499999999999973,10.18,0.0,0,Coimbatore,Tamil Nadu
2016-10-05,0.25,0.2500000000000071,2.249999999999998,10.02,0.25,0,Coimbatore,Tamil Nadu
2016-10-06,0.25,0.5000000000000071,0.7399999999999978,8.6,0.25,0,Coimbatore,Tamil Nadu
2016-10-07,0.01,0.5100000000000071,0.5099999999999978,8.219999999999999,0.25,0,Coimbatore,Tamil Nadu
2016-10-08,0.05,0.3100000000000071,0.5599999999999978,7.43,0.25,0,Coimbatore,Tamil Nadu
2016-10-09,0.0,0.06000000000000711,0.5599999999999978,5.5,0.05,0,Coimbatore,Tamil Nadu
2016-10-10,0.01,0.06000000000000711,0.5699999999999977,4.55,0.05,0,Coimbatore,Tamil Nadu
2016-10-11,1.6,1.6100000000000072,2.1699999999999977,5.5,1.6,0,Coimbatore,Tamil Nadu
2016-10-12,1.65,3.260000000000007,3.5699999999999976,6.57,1.65,0,Coimbatore,Tamil Nadu
2016-10-13,21.94,25.19000000000001,25.259999999999998,27.76,21.94,0,Coimbatore,Tamil Nadu
2016-10-14,1.35,24.94000000000001,26.599999999999998,27.35,21.94,0,Coimbatore,Tamil Nadu
2016-10-15,0.88,24.17000000000001,27.43,27.990000000000002,21.94,0,Coimbatore,Tamil Nadu
2016-10-16,0.16,2.3900000000000072,27.59,28.150000000000002,1.35,0,Coimbatore,Tamil Nadu
2016-10-17,0.0,1.0400000000000071,27.58,28.150000000000002,0.88,0,Coimbatore,Tamil Nadu
2016-10-18,0.0,0.1600000000000071,25.979999999999997,28.150000000000002,0.16,0,Coimbatore,Tamil Nadu
2016-10-19,0.17,0.17000000000000712,24.499999999999996,28.32,0.17,0,Coimbatore,Tamil Nadu
2016-10-20,1.28,1.450000000000007,3.8399999999999963,29.35,1.28,0,Coimbatore,Tamil Nadu
2016-10-21,2.26,3.710000000000007,4.7499999999999964,31.36,2.26,0,Coimbatore,Tamil Nadu
2016-10-22,0.88,4.420000000000007,4.7499999999999964,32.230000000000004,2.26,0,Coimbatore,Tamil Nadu
2016-10-23,0.71,3.8500000000000068,5.299999999999996,32.89,2.26,0,Coimbatore,Tamil Nadu
2016-10-24,0.19,1.7800000000000071,5.489999999999996,33.08,0.88,0,Coimbatore,Tamil Nadu
2016-10-25,0.38,1.2800000000000071,5.869999999999996,33.45,0.71,0,Coimbatore,Tamil Nadu
2016-10-26,1.85,2.420000000000007,7.549999999999996,33.7,1.85,0,Coimbatore,Tamil Nadu
2016-10-27,0.73,2.960000000000007,6.999999999999996,32.78,1.85,0,Coimbatore,Tamil Nadu
2016-10-28,0.0,2.580000000000007,4.739999999999996,10.84,1.85,0,Coimbatore,Tamil Nadu
2016-10-29,0.05,0.7800000000000071,3.909999999999996,9.54,0.73,0,Coimbatore,Tamil Nadu
2016-10-30,7.19,7.240000000000007,10.389999999999997,15.85,7.19,0,Coimbatore,Tamil Nadu
2016-10-31,13.62,20.860000000000007,23.819999999999993,29.31,13.62,0,Coimbatore,Tamil Nadu
2016-11-01,1.68,22.490000000000006,25.119999999999997,30.99,13.62,0,Coimbatore,Tamil Nadu
2016-11-02,4.57,19.870000000000005,27.839999999999996,35.56,13.62,0,Coimbatore,Tamil Nadu
2016-11-03,7.38,13.630000000000006,34.489999999999995,42.769999999999996,7.38,0,Coimbatore,Tamil Nadu
2016-11-04,5.96,17.910000000000007,40.449999999999996,47.449999999999996,7.38,0,Coimbatore,Tamil Nadu
2016-11-05,0.85,14.190000000000007,41.25,46.04,7.38,0,Coimbatore,Tamil Nadu
2016-11-06,0.0,6.810000000000007,34.059999999999995,45.160000000000004,5.96,0,Coimbatore,Tamil Nadu
2016-11-07,0.0,0.8500000000000071,20.439999999999994,44.45,0.85,0,Coimbatore,Tamil Nadu
2016-11-08,0.5,0.5000000000000071,19.259999999999994,44.76,0.5,0,Coimbatore,Tamil Nadu
2016-11-09,0.29,0.7900000000000071,14.979999999999995,44.67,0.5,0,Coimbatore,Tamil Nadu
2016-11-10,0.0,0.7900000000000071,7.599999999999994,42.82,0.5,0,Coimbatore,Tamil Nadu
2016-11-11,0.08,0.3700000000000071,1.7199999999999946,42.17,0.29,0,Coimbatore,Tamil Nadu
2016-11-12,0.12,0.20000000000000712,0.9899999999999947,42.290000000000006,0.12,0,Coimbatore,Tamil Nadu
2016-11-13,4.21,4.410000000000007,5.199999999999995,46.449999999999996,4.21,0,Coimbatore,Tamil Nadu
2016-11-14,8.54,12.870000000000006,13.739999999999995,47.8,8.54,0,Coimbatore,Tamil Nadu
2016-11-15,8.17,20.92000000000001,21.409999999999997,42.349999999999994,8.54,0,Coimbatore,Tamil Nadu
2016-11-16,0.31,17.020000000000007,21.429999999999996,40.98,8.54,0,Coimbatore,Tamil Nadu
2016-11-17,0.09,8.570000000000007,21.519999999999996,36.49999999999999,8.17,0,Coimbatore,Tamil Nadu
2016-11-18,0.0,0.4000000000000071,21.439999999999994,29.12,0.31,0,Coimbatore,Tamil Nadu
2016-11-19,0.0,0.0900000000000071,21.319999999999997,23.16,0.09,0,Coimbatore,Tamil Nadu
2016-11-20,0.0,0.0,17.109999999999996,22.31,0.0,0,Coimbatore,Tamil Nadu
2016-11-21,0.0,0.0,8.569999999999997,22.31,0.0,0,Coimbatore,Tamil Nadu
2016-11-22,0.02,0.020000000000007106,0.41999999999999643,22.33,0.02,0,Coimbatore,Tamil Nadu
2016-11-23,0.11,0.1300000000000071,0.21999999999999645,21.939999999999998,0.11,0,Coimbatore,Tamil Nadu
2016-11-24,0.24,0.3700000000000071,0.36999999999999644,21.89,0.24,0,Coimbatore,Tamil Nadu
2016-11-25,0.0,0.3500000000000071,0.36999999999999644,21.89,0.24,0,Coimbatore,Tamil Nadu
2016-11-26,0.0,0.2400000000000071,0.36999999999999644,21.810000000000002,0.24,0,Coimbatore,Tamil Nadu
2016-11-27,0.0,0.0,0.36999999999999644,21.69,0.0,0,Coimbatore,Tamil Nadu
2016-11-28,0.0,0.0,0.36999999999999644,17.48,0.0,0,Coimbatore,Tamil Nadu
2016-11-29,0.0,0.0,0.3499999999999964,8.94,0.0,0,Coimbatore,Tamil Nadu
2016-11-30,0.0,0.0,0.23999999999999644,0.77,0.0,0,Coimbatore,Tamil Nadu
2016-12-01,0.26,0.2600000000000071,0.25999999999999646,0.72,0.26,0,Coimbatore,Tamil Nadu
2016-12-02,14.84,15.100000000000007,15.099999999999996,15.47,14.84,0,Coimbatore,Tamil Nadu
2016-12-03,14.31,29.410000000000007,29.409999999999997,29.78,14.84,0,Coimbatore,Tamil Nadu
2016-12-04,1.2,30.350000000000005,30.609999999999996,30.98,14.84,0,Coimbatore,Tamil Nadu
2016-12-05,0.14,15.650000000000007,30.749999999999996,31.12,14.31,0,Coimbatore,Tamil Nadu
2016-12-06,0.24,1.5800000000000072,30.989999999999995,31.36,1.2,0,Coimbatore,Tamil Nadu
2016-12-07,0.0,0.3800000000000071,30.989999999999995,31.34,0.24,0,Coimbatore,Tamil Nadu
2016-12-08,0.0,0.2400000000000071,30.729999999999993,31.23,0.24,0,Coimbatore,Tamil Nadu
2016-12-09,0.0,0.0,15.889999999999997,30.99,0.0,0,Coimbatore,Tamil Nadu
2016-12-10,0.0,0.0,1.5799999999999965,30.99,0.0,0,Coimbatore,Tamil Nadu
2016-12-11,0.0,0.0,0.37999999999999645,30.99,0.0,0,Coimbatore,Tamil Nadu
2016-12-12,1.56,1.5600000000000072,1.7999999999999965,32.55,1.56,0,Coimbatore,Tamil Nadu
2016-12-13,10.51,12.070000000000007,12.069999999999997,43.06,10.51,0,Coimbatore,Tamil Nadu
2016-12-14,8.37,20.440000000000005,20.439999999999998,51.43,10.51,0,Coimbatore,Tamil Nadu
2016-12-15,1.36,20.24000000000001,21.799999999999997,52.79,10.51,0,Coimbatore,Tamil Nadu
2016-12-16,0.01,9.740000000000006,21.809999999999995,52.54,8.37,0,Coimbatore,Tamil Nadu
2016-12-17,0.01,1.3800000000000072,21.819999999999997,37.71,1.36,0,Coimbatore,Tamil Nadu
2016-12-18,0.0,0.020000000000007106,21.819999999999997,23.4,0.01,0,Coimbatore,Tamil Nadu
2016-12-19,0.0,0.010000000000007106,20.259999999999998,22.2,0.01,0,Coimbatore,Tamil Nadu
2016-12-20,0.42,0.4200000000000071,10.169999999999996,22.48,0.42,0,Coimbatore,Tamil Nadu
2016-12-21,0.09,0.5100000000000071,1.8899999999999966,22.330000000000002,0.42,0,Coimbatore,Tamil Nadu
2016-12-22,0.0,0.5100000000000071,0.5299999999999965,22.330000000000002,0.42,0,Coimbatore,Tamil Nadu
2016-12-23,0.0,0.0900000000000071,0.5199999999999965,22.330000000000002,0.09,0,Coimbatore,Tamil Nadu
2016-12-24,0.0,0.0,0.5099999999999965,22.330000000000002,0.0,0,Coimbatore,Tamil Nadu
2016-12-25,0.0,0.0,0.5099999999999965,22.330000000000002,0.0,0,Coimbatore,Tamil Nadu
2016-12-26,0.0,0.0,0.5099999999999965,22.330000000000002,0.0,0,Coimbatore,Tamil Nadu
2016-12-27,0.01,0.010000000000007106,0.09999999999999644,20.779999999999998,0.01,0,Coimbatore,Tamil Nadu
2016-12-28,0.71,0.7200000000000071,0.7199999999999964,10.979999999999999,0.71,0,Coimbatore,Tamil Nadu
2016-12-29,0.23,0.9500000000000071,0.9499999999999964,2.8400000000000003,0.71,0,Coimbatore,Tamil Nadu
2016-12-30,0.0,0.940000000000007,0.9499999999999964,1.48,0.71,0,Coimbatore,Tamil Nadu
2016-12-31,0.0,0.23000000000000712,0.9499999999999964,1.47,0.23,0,Coimbatore,Tamil Nadu
2017-01-01,0.0,0.0,0.9499999999999964,1.46,0.0,0,Coimbatore,Tamil Nadu
2017-01-02,0.0,0.0,0.9499999999999964,1.46,0.0,0,Coimbatore,Tamil Nadu
2017-01-03,0.0,0.0,0.9399999999999964,1.46,0.0,0,Coimbatore,Tamil Nadu
2017-01-04,0.0,0.0,0.22999999999999646,1.04,0.0,0,Coimbatore,Tamil Nadu
2017-01-05,0.0,0.0,0.0,0.95,0.0,0,Coimbatore,Tamil Nadu
2017-01-06,0.0,0.0,0.0,0.95,0.0,0,Coimbatore,Tamil Nadu
2017-01-07,0.0,0.0,0.0,0.95,0.0,0,Coimbatore,Tamil Nadu
2017-01-08,0.0,0.0,0.0,0.95,0.0,0,Coimbatore,Tamil Nadu
2017-01-09,0.0,0.0,0.0,0.95,0.0,0,Coimbatore,Tamil Nadu
2017-01-10,0.0,0.0,0.0,0.95,0.0,0,Coimbatore,Tamil Nadu
2017-01-11,0.0,0.0,0.0,0.94,0.0,0,Coimbatore,Tamil Nadu
2017-01-12,0.0,0.0,0.0,0.23,0.0,0,Coimbatore,Tamil Nadu
2017-01-13,0.0,0.0,0.0,0.0,0.0,0,Coimbatore,Tamil Nadu
2017-01-14,0.0,0.0,0.0,0.0,0.0,0,Coimbatore,Tamil Nadu
2017-01-15,0.0,0.0,0.0,0.0,0.0,0,Coimbatore,Tamil Nadu
2017-01-16,0.0,0.0,0.0,0.0,0.0,0,Coimbatore,Tamil Nadu
2017-01-17,0.0,0.0,0.0,0.0,0.0,0,Coimbatore,Tamil Nadu
2017-01-18,0.0,0.0,0.0,0.0,0.0,0,Coimbatore,Tamil Nadu
2017-01-19,0.0,0.0,0.0,0.0,0.0,0,Coimbatore,Tamil Nadu
2017-01-20,0.08,0.08000000000000711,0.07999999999999645,0.08,0.08,0,Coimbatore,Tamil Nadu
2017-01-21,7.07,7.1500000000000075,7.149999999999997,7.15,7.07,0,Coimbatore,Tamil Nadu
2017-01-22,1.0,8.150000000000007,8.149999999999997,8.15,7.07,0,Coimbatore,Tamil Nadu
2017-01-23,0.0,8.070000000000007,8.149999999999997,8.15,7.07,0,Coimbatore,Tamil Nadu
2017-01-24,0.0,1.000000000000007,8.149999999999997,8.15,1.0,0,Coimbatore,Tamil Nadu
2017-01-25,0.04,0.040000000000007106,8.189999999999996,8.19,0.04,0,Coimbatore,Tamil Nadu
2017-01-26,1.5,1.5400000000000071,9.689999999999998,9.690000000000001,1.5,0,Coimbatore,Tamil Nadu
2017-01-27,6.57,8.110000000000007,16.179999999999996,16.26,6.57,0,Coimbatore,Tamil Nadu
2017-01-28,5.61,13.680000000000009,14.719999999999997,21.87,6.57,0,Coimbatore,Tamil Nadu
2017-01-29,2.25,14.430000000000007,15.969999999999997,24.12,6.57,0,Coimbatore,Tamil Nadu
2017-01-30,0.14,8.000000000000007,16.109999999999996,24.26,5.61,0,Coimbatore,Tamil Nadu
2017-01-31,0.0,2.3900000000000072,16.109999999999996,24.26,2.25,0,Coimbatore,Tamil Nadu
2017-02-01,0.0,0.14000000000000712,16.069999999999997,24.26,0.14,0,Coimbatore,Tamil Nadu
2017-02-02,0.0,0.0,14.569999999999999,24.26,0.0,0,Coimbatore,Tamil Nadu
2017-02-03,0.0,0.0,7.9999999999999964,24.26,0.0,0,Coimbatore,Tamil Nadu
2017-02-04,0.0,0.0,2.3899999999999966,24.180000000000003,0.0,0,Coimbatore,Tamil Nadu
2017-02-05,0.0,0.0,0.13999999999999646,17.11,0.0,0,Coimbatore,Tamil Nadu
2017-02-06,0.01,0.010000000000007106,0.009999999999996447,16.119999999999997,0.01,0,Coimbatore,Tamil Nadu
2017-02-07,0.01,0.020000000000007106,0.019999999999996448,16.13,0.01,0,Coimbatore,Tamil Nadu
2017-02-08,0.0,0.020000000000007106,0.019999999999996448,16.130000000000003,0.01,0,Coimbatore,Tamil Nadu
2017-02-09,0.0,0.010000000000007106,0.019999999999996448,16.09,0.01,0,Coimbatore,Tamil Nadu
2017-02-10,0.0,0.0,0.019999999999996448,14.59,0.0,0,Coimbatore,Tamil Nadu
2017-02-11,0.0,0.0,0.019999999999996448,8.02,0.0,0,Coimbatore,Tamil Nadu
2017-02-12,0.0,0.0,0.019999999999996448,2.41,0.0,0,Coimbatore,Tamil Nadu
2017-02-13,0.01,0.010000000000007106,0.019999999999996448,0.17,0.01,0,Coimbatore,Tamil Nadu
2017-02-14,0.19,0.20000000000000712,0.19999999999999646,0.22,0.19,0,Coimbatore,Tamil Nadu
2017-02-15,0.0,0.20000000000000712,0.19999999999999646,0.22,0.19,0,Coimbatore,Tamil Nadu
2017-02-16,0.0,0.1900000000000071,0.19999999999999646,0.22,0.19,0,Coimbatore,Tamil Nadu
2017-02-17,0.0,0.0,0.19999999999999646,0.22,0.0,0,Coimbatore,Tamil Nadu
2017-02-18,0.0,0.0,0.19999999999999646,0.22,0.0,0,Coimbatore,Tamil Nadu
2017-02-19,0.0,0.0,0.19999999999999646,0.22,0.0,0,Coimbatore,Tamil Nadu
2017-02-20,0.0,0.0,0.18999999999999645,0.22,0.0,0,Coimbatore,Tamil Nadu
2017-02-21,0.0,0.0,0.0,0.21,0.0,0,Coimbatore,Tamil Nadu
2017-02-22,0.0,0.0,0.0,0.2,0.0,0,Coimbatore,Tamil Nadu
2017-02-23,0.0,0.0,0.0,0.2,0.0,0,Coimbatore,Tamil Nadu
2017-02-24,0.0,0.0,0.0,0.2,0.0,0,Coimbatore,Tamil Nadu
2017-02-25,0.0,0.0,0.0,0.2,0.0,0,Coimbatore,Tamil Nadu
2017-02-26,0.0,0.0,0.0,0.2,0.0,0,Coimbatore,Tamil Nadu
2017-02-27,0.0,0.0,0.0,0.2,0.0,0,Coimbatore,Tamil Nadu
2017-02-28,0.0,0.0,0.0,0.19,0.0,0,Coimbatore,Tamil Nadu
2017-03-01,0.0,0.0,0.0,0.0,0.0,0,Coimbatore,Tamil Nadu
2017-03-02,0.01,0.010000000000007106,0.009999999999996447,0.01,0.01,0,Coimbatore,Tamil Nadu
2017-03-03,2.26,2.2700000000000067,2.269999999999996,2.2699999999999996,2.26,0,Coimbatore,Tamil Nadu
2017-03-04,4.28,6.550000000000007,6.549999999999996,6.55,4.28,0,Coimbatore,Tamil Nadu
2017-03-05,2.16,8.700000000000006,8.709999999999997,8.71,4.28,0,Coimbatore,Tamil Nadu
2017-03-06,2.06,8.500000000000007,10.769999999999996,10.77,4.28,0,Coimbatore,Tamil Nadu
2017-03-07,0.72,4.9400000000000075,11.489999999999997,11.49,2.16,0,Coimbatore,Tamil Nadu
2017-03-08,1.46,4.240000000000007,12.949999999999996,12.95,2.06,0,Coimbatore,Tamil Nadu
2017-03-09,4.24,6.420000000000007,17.179999999999996,17.19,4.24,0,Coimbatore,Tamil Nadu
2017-03-10,5.03,10.730000000000008,19.949999999999996,22.22,5.03,0,Coimbatore,Tamil Nadu
2017-03-11,1.2,10.470000000000006,16.869999999999997,23.42,5.03,0,Coimbatore,Tamil Nadu
2017-03-12,0.44,6.670000000000007,15.149999999999997,23.86,5.03,0,Coimbatore,Tamil Nadu
2017-03-13,2.34,3.980000000000007,15.429999999999998,26.2,2.34,0,Coimbatore,Tamil Nadu
2017-03-14,17.47,20.250000000000007,32.17999999999999,43.67,17.47,0,Coimbatore,Tamil Nadu
2017-03-15,16.0,35.81,46.72,59.67,17.47,0,Coimbatore,Tamil Nadu
2017-03-16,3.15,36.62000000000001,45.629999999999995,62.82,17.47,0,Coimbatore,Tamil Nadu
2017-03-17,0.13,19.28000000000001,40.72999999999999,62.94,16.0,0,Coimbatore,Tamil Nadu
2017-03-18,0.21,3.490000000000007,39.739999999999995,60.88999999999999,3.15,0,Coimbatore,Tamil Nadu
2017-03-19,0.26,0.6000000000000071,39.559999999999995,56.87,0.26,0,Coimbatore,Tamil Nadu
2017-03-20,2.05,2.5200000000000067,39.269999999999996,56.76,2.05,0,Coimbatore,Tamil Nadu
2017-03-21,4.5,6.810000000000007,26.299999999999997,59.199999999999996,4.5,0,Coimbatore,Tamil Nadu
2017-03-22,0.0,6.550000000000007,10.299999999999997,58.48,4.5,0,Coimbatore,Tamil Nadu
2017-03-23,0.0,4.500000000000007,7.149999999999996,57.019999999999996,4.5,0,Coimbatore,Tamil Nadu
2017-03-24,0.0,0.0,7.019999999999996,52.78,0.0,0,Coimbatore,Tamil Nadu
2017-03-25,0.0,0.0,6.809999999999996,47.75,0.0,0,Coimbatore,Tamil Nadu
2017-03-26,0.0,0.0,6.549999999999996,46.55,0.0,0,Coimbatore,Tamil Nadu
2017-03-27,0.0,0.0,4.4999999999999964,46.11,0.0,0,Coimbatore,Tamil Nadu
2017-03-28,0.0,0.0,0.0,43.769999999999996,0.0,0,Coimbatore,Tamil Nadu
2017-03-29,0.0,0.0,0.0,26.3,0.0,0,Coimbatore,Tamil Nadu
2017-03-30,0.0,0.0,0.0,10.3,0.0,0,Coimbatore,Tamil Nadu
2017-03-31,0.03,0.030000000000007104,0.029999999999996446,7.18,0.03,0,Coimbatore,Tamil Nadu
2017-04-01,0.07,0.10000000000000711,0.09999999999999645,7.119999999999999,0.07,0,Coimbatore,Tamil Nadu
2017-04-02,0.0,0.10000000000000711,0.09999999999999645,6.909999999999999,0.07,0,Coimbatore,Tamil Nadu
2017-04-03,0.0,0.07000000000000711,0.09999999999999645,6.6499999999999995,0.07,0,Coimbatore,Tamil Nadu
2017-04-04,0.06,0.0600000000000071,0.15999999999999645,4.66,0.06,0,Coimbatore,Tamil Nadu
2017-04-05,0.29,0.3500000000000071,0.4499999999999964,0.44999999999999996,0.29,0,Coimbatore,Tamil Nadu
2017-04-06,1.72,2.070000000000007,2.1699999999999964,2.17,1.72,0,Coimbatore,Tamil Nadu
2017-04-07,1.55,3.560000000000007,3.689999999999997,3.7199999999999998,1.72,0,Coimbatore,Tamil Nadu
2017-04-08,0.1,3.370000000000007,3.719999999999996,3.82,1.72,0,Coimbatore,Tamil Nadu
2017-04-09,0.25,1.9000000000000075,3.969999999999996,4.07,1.55,0,Coimbatore,Tamil Nadu
2017-04-10,0.14,0.4900000000000073,4.109999999999996,4.21,0.25,0,Coimbatore,Tamil Nadu
2017-04-11,0.27,0.6600000000000074,4.319999999999997,4.48,0.27,0,Coimbatore,Tamil Nadu
2017-04-12,0.6,1.0100000000000073,4.629999999999996,5.08,0.6,0,Coimbatore,Tamil Nadu
2017-04-13,1.14,2.0100000000000073,4.049999999999996,6.22,1.14,0,Coimbatore,Tamil Nadu
2017-04-14,0.93,2.670000000000007,3.4299999999999966,7.1499999999999995,1.14,0,Coimbatore,Tamil Nadu
2017-04-15,0.01,2.080000000000007,3.3399999999999963,7.13,1.14,0,Coimbatore,Tamil Nadu
2017-04-16,0.35,1.2900000000000074,3.4399999999999964,7.41,0.93,0,Coimbatore,Tamil Nadu
2017-04-17,0.65,1.0100000000000073,3.949999999999996,8.06,0.65,0,Coimbatore,Tamil Nadu
2017-04-18,0.53,1.5300000000000074,4.209999999999996,8.59,0.65,0,Coimbatore,Tamil Nadu
2017-04-19,0.56,1.7400000000000073,4.169999999999996,9.09,0.65,0,Coimbatore,Tamil Nadu
2017-04-20,2.31,3.4000000000000075,5.339999999999996,11.110000000000001,2.31,0,Coimbatore,Tamil Nadu
2017-04-21,5.13,8.000000000000007,9.539999999999997,14.52,5.13,0,Coimbatore,Tamil Nadu
2017-04-22,2.52,9.960000000000008,12.049999999999997,15.489999999999998,5.13,0,Coimbatore,Tamil Nadu
2017-04-23,0.46,8.110000000000007,12.159999999999997,15.85,5.13,0,Coimbatore,Tamil Nadu
2017-04-24,0.19,3.170000000000007,11.699999999999998,15.79,2.52,0,Coimbatore,Tamil Nadu
2017-04-25,0.33,0.9800000000000071,11.499999999999996,15.979999999999999,0.46,0,Coimbatore,Tamil Nadu
2017-04-26,1.83,2.350000000000007,12.769999999999998,17.54,1.83,0,Coimbatore,Tamil Nadu
2017-04-27,0.04,2.2000000000000073,10.499999999999996,16.98,1.83,0,Coimbatore,Tamil Nadu
2017-04-28,0.0,1.8700000000000072,5.3699999999999966,15.84,1.83,0,Coimbatore,Tamil Nadu
2017-04-29,1.08,1.1200000000000072,3.9299999999999966,15.989999999999998,1.08,0,Coimbatore,Tamil Nadu
2017-04-30,1.05,2.130000000000007,4.519999999999997,17.03,1.08,0,Coimbatore,Tamil Nadu
2017-05-01,11.86,13.990000000000006,16.189999999999998,28.54,11.86,0,Coimbatore,Tamil Nadu
2017-05-02,11.88,24.790000000000006,27.739999999999995,39.769999999999996,11.88,0,Coimbatore,Tamil Nadu
2017-05-03,2.08,25.820000000000007,27.99,41.32,11.88,0,Coimbatore,Tamil Nadu
2017-05-04,0.57,14.530000000000006,28.519999999999996,41.330000000000005,11.88,0,Coimbatore,Tamil Nadu
2017-05-05,0.96,3.610000000000005,29.479999999999997,39.980000000000004,2.08,0,Coimbatore,Tamil Nadu
2017-05-06,5.71,7.2400000000000055,34.11,40.56,5.71,0,Coimbatore,Tamil Nadu
2017-05-07,9.61,16.280000000000005,42.67,47.650000000000006,9.61,0,Coimbatore,Tamil Nadu
2017-05-08,2.03,17.350000000000005,32.839999999999996,49.22,9.61,0,Coimbatore,Tamil Nadu
2017-05-09,0.95,12.590000000000005,21.909999999999993,49.98,9.61,0,Coimbatore,Tamil Nadu
2017-05-10,3.62,6.600000000000005,23.449999999999996,53.269999999999996,3.62,0,Coimbatore,Tamil Nadu
2017-05-11,1.21,5.780000000000006,24.089999999999996,52.65,3.62,0,Coimbatore,Tamil Nadu
2017-05-12,13.73,18.560000000000006,36.86,66.34,13.73,0,Coimbatore,Tamil Nadu
2017-05-13,9.15,24.090000000000003,40.3,75.49,13.73,0,Coimbatore,Tamil Nadu
2017-05-14,1.89,24.770000000000003,32.58,76.3,13.73,0,Coimbatore,Tamil Nadu
2017-05-15,0.53,11.570000000000006,31.08,75.78,9.15,0,Coimbatore,Tamil Nadu
2017-05-16,0.43,2.8500000000000054,30.56,64.35,1.89,0,Coimbatore,Tamil Nadu
2017-05-17,1.78,2.7400000000000055,28.72,54.25,1.78,0,Coimbatore,Tamil Nadu
2017-05-18,10.29,12.500000000000004,37.8,62.459999999999994,10.29,0,Coimbatore,Tamil Nadu
2017-05-19,0.99,13.060000000000004,25.059999999999995,62.879999999999995,10.29,0,Coimbatore,Tamil Nadu
2017-05-20,7.38,18.660000000000004,23.289999999999996,69.3,10.29,0,Coimbatore,Tamil Nadu
2017-05-21,8.57,16.940000000000005,29.969999999999995,72.16,8.57,0,Coimbatore,Tamil Nadu
2017-05-22,12.13,28.080000000000005,41.57,74.68,12.13,0,Coimbatore,Tamil Nadu
2017-05-23,0.72,21.420000000000005,41.86,73.37,12.13,0,Coimbatore,Tamil Nadu
2017-05-24,3.98,16.830000000000005,44.059999999999995,76.4,12.13,0,Coimbatore,Tamil Nadu
2017-05-25,4.17,8.870000000000005,37.94,76.95,4.17,0,Coimbatore,Tamil Nadu
2017-05-26,1.88,10.030000000000005,38.83,77.62,4.17,0,Coimbatore,Tamil Nadu
2017-05-27,5.28,11.330000000000005,36.73,69.17,5.28,0,Coimbatore,Tamil Nadu
2017-05-28,5.85,13.010000000000005,34.01,65.87,5.85,0,Coimbatore,Tamil Nadu
2017-05-29,3.67,14.800000000000006,25.549999999999994,67.65,5.85,0,Coimbatore,Tamil Nadu
2017-05-30,4.93,14.450000000000005,29.759999999999994,72.05,5.85,0,Coimbatore,Tamil Nadu
2017-05-31,4.73,13.330000000000005,30.509999999999994,76.35000000000001,4.93,0,Coimbatore,Tamil Nadu
2017-06-01,5.61,15.270000000000007,31.949999999999996,80.18,5.61,1,Coimbatore,Tamil Nadu
2017-06-02,12.83,23.170000000000005,42.89999999999999,82.72,12.83,1,Coimbatore,Tamil Nadu
2017-06-03,2.49,20.930000000000007,40.10999999999999,84.22,12.83,1,Coimbatore,Tamil Nadu
2017-06-04,1.6,16.920000000000005,35.86,78.44000000000001,12.83,1,Coimbatore,Tamil Nadu
2017-06-05,8.32,12.410000000000004,40.51,78.19,8.32,1,Coimbatore,Tamil Nadu
2017-06-06,3.77,13.690000000000003,39.35,69.83000000000001,8.32,1,Coimbatore,Tamil Nadu
2017-06-07,5.53,17.620000000000005,40.14999999999999,74.64000000000001,8.32,1,Coimbatore,Tamil Nadu
2017-06-08,0.24,9.540000000000004,34.779999999999994,70.9,5.53,1,Coimbatore,Tamil Nadu
2017-06-09,0.65,6.420000000000004,22.599999999999998,67.38,5.53,1,Coimbatore,Tamil Nadu
2017-06-10,7.08,7.970000000000003,27.189999999999998,72.58000000000001,7.08,1,Coimbatore,Tamil Nadu
2017-06-11,3.53,11.260000000000003,29.119999999999997,70.83,7.08,1,Coimbatore,Tamil Nadu
2017-06-12,5.36,15.970000000000002,26.159999999999997,70.34,7.08,1,Coimbatore,Tamil Nadu
2017-06-13,3.13,12.020000000000003,25.519999999999996,69.8,5.36,1,Coimbatore,Tamil Nadu
2017-06-14,6.28,14.770000000000003,26.269999999999996,71.15,6.28,1,Coimbatore,Tamil Nadu
2017-06-15,2.21,11.620000000000005,28.24,68.63,6.28,1,Coimbatore,Tamil Nadu
2017-06-16,0.7,9.190000000000005,28.289999999999996,63.72,6.28,1,Coimbatore,Tamil Nadu
2017-06-17,1.89,4.800000000000003,23.099999999999998,52.78,2.21,1,Coimbatore,Tamil Nadu
2017-06-18,0.55,3.1400000000000032,20.119999999999997,50.839999999999996,1.89,1,Coimbatore,Tamil Nadu
2017-06-19,0.81,3.2500000000000036,15.569999999999997,50.05,1.89,1,Coimbatore,Tamil Nadu
2017-06-20,1.35,2.7100000000000035,13.789999999999997,43.080000000000005,1.35,1,Coimbatore,Tamil Nadu
2017-06-21,2.25,4.410000000000004,9.759999999999996,41.56,2.25,1,Coimbatore,Tamil Nadu
2017-06-22,2.65,6.2500000000000036,10.199999999999996,38.68,2.65,1,Coimbatore,Tamil Nadu
2017-06-23,4.47,9.370000000000003,13.969999999999997,42.91,4.47,1,Coimbatore,Tamil Nadu
2017-06-24,6.32,13.440000000000003,18.4,48.58,6.32,1,Coimbatore,Tamil Nadu
2017-06-25,7.4,18.190000000000005,25.249999999999996,48.9,7.4,1,Coimbatore,Tamil Nadu
2017-06-26,19.23,32.95,43.67,64.6,19.23,1,Coimbatore,Tamil Nadu
2017-06-27,12.49,39.120000000000005,54.809999999999995,71.73,19.23,1,Coimbatore,Tamil Nadu
2017-06-28,3.44,35.160000000000004,56.0,72.04,19.23,1,Coimbatore,Tamil Nadu
2017-06-29,1.78,17.71,55.129999999999995,67.54,12.49,1,Coimbatore,Tamil Nadu
2017-06-30,2.7,7.92,53.36,68.03,3.44,1,Coimbatore,Tamil Nadu
2017-07-01,4.18,8.66,51.22,71.51,4.18,1,Coimbatore,Tamil Nadu
2017-07-02,4.77,11.649999999999999,48.58999999999999,74.39000000000001,4.77,1,Coimbatore,Tamil Nadu
2017-07-03,4.17,13.120000000000001,33.529999999999994,78.00999999999999,4.77,1,Coimbatore,Tamil Nadu
2017-07-04,0.4,9.34,21.439999999999994,77.60000000000001,4.77,1,Coimbatore,Tamil Nadu
2017-07-05,1.53,6.1,19.529999999999998,77.78,4.17,1,Coimbatore,Tamil Nadu
2017-07-06,1.71,3.64,19.459999999999994,77.24,1.71,1,Coimbatore,Tamil Nadu
2017-07-07,1.62,4.86,18.379999999999995,76.21000000000001,1.71,1,Coimbatore,Tamil Nadu
2017-07-08,1.74,5.07,15.939999999999996,73.48,1.74,1,Coimbatore,Tamil Nadu
2017-07-09,2.84,6.2,14.009999999999996,70.0,2.84,1,Coimbatore,Tamil Nadu
2017-07-10,2.64,7.220000000000001,12.479999999999997,65.24000000000001,2.84,1,Coimbatore,Tamil Nadu
2017-07-11,0.86,6.34,12.939999999999996,46.87,2.84,1,Coimbatore,Tamil Nadu
2017-07-12,0.14,3.64,11.549999999999997,34.519999999999996,2.64,1,Coimbatore,Tamil Nadu
2017-07-13,7.21,8.21,17.049999999999997,38.29,7.21,1,Coimbatore,Tamil Nadu
2017-07-14,0.76,8.11,16.189999999999998,37.269999999999996,7.21,1,Coimbatore,Tamil Nadu
2017-07-15,1.22,9.19,15.669999999999996,35.78999999999999,7.21,1,Coimbatore,Tamil Nadu
2017-07-16,0.7,2.6799999999999997,13.529999999999996,32.31,1.22,1,Coimbatore,Tamil Nadu
2017-07-17,4.31,6.2299999999999995,15.199999999999996,31.849999999999998,4.31,1,Coimbatore,Tamil Nadu
2017-07-18,10.03,15.04,24.369999999999994,37.71,10.03,1,Coimbatore,Tamil Nadu
2017-07-19,8.61,22.95,32.83999999999999,45.92,10.03,1,Coimbatore,Tamil Nadu
2017-07-20,6.4,25.04,32.029999999999994,50.79,10.03,1,Coimbatore,Tamil Nadu
2017-07-21,2.9,17.91,34.169999999999995,51.98,8.61,1,Coimbatore,Tamil Nadu
2017-07-22,1.2,10.5,34.15,51.559999999999995,6.4,1,Coimbatore,Tamil Nadu
2017-07-23,0.53,4.63,33.97999999999999,50.35,2.9,1,Coimbatore,Tamil Nadu
2017-07-24,0.38,2.11,30.049999999999994,47.89,1.2,1,Coimbatore,Tamil Nadu
2017-07-25,0.13,1.04,20.149999999999995,45.379999999999995,0.53,1,Coimbatore,Tamil Nadu
2017-07-26,0.46,0.97,11.999999999999996,44.98,0.46,1,Coimbatore,Tamil Nadu
2017-07-27,2.33,2.92,7.929999999999996,47.169999999999995,2.33,1,Coimbatore,Tamil Nadu
2017-07-28,1.62,4.41,6.649999999999997,41.58,2.33,1,Coimbatore,Tamil Nadu
2017-07-29,3.19,7.140000000000001,8.639999999999997,44.01,3.19,1,Coimbatore,Tamil Nadu
2017-07-30,6.56,11.37,14.669999999999995,49.35,6.56,1,Coimbatore,Tamil Nadu
2017-07-31,9.25,19.0,23.539999999999996,57.89999999999999,9.25,1,Coimbatore,Tamil Nadu
2017-08-01,15.01,30.82,38.419999999999995,68.6,15.01,1,Coimbatore,Tamil Nadu
2017-08-02,5.91,30.17,43.87,64.48,15.01,1,Coimbatore,Tamil Nadu
2017-08-03,3.11,24.03,44.65,58.98,15.01,1,Coimbatore,Tamil Nadu
2017-08-04,4.9,13.92,47.92999999999999,57.480000000000004,5.91,1,Coimbatore,Tamil Nadu
2017-08-05,5.12,13.129999999999999,49.85999999999999,59.7,5.12,1,Coimbatore,Tamil Nadu
2017-08-06,2.84,12.86,46.13999999999999,61.339999999999996,5.12,1,Coimbatore,Tamil Nadu
2017-08-07,5.32,13.280000000000001,42.21,66.13,5.32,1,Coimbatore,Tamil Nadu
2017-08-08,21.39,29.55,48.589999999999996,87.14,21.39,1,Coimbatore,Tamil Nadu
2017-08-09,8.75,35.46,51.43,95.75999999999999,21.39,1,Coimbatore,Tamil Nadu
2017-08-10,4.73,34.870000000000005,53.05,100.03,21.39,1,Coimbatore,Tamil Nadu
2017-08-11,3.52,17.0,51.669999999999995,101.22,8.75,1,Coimbatore,Tamil Nadu
2017-08-12,2.6,10.850000000000001,49.15,102.2,4.73,1,Coimbatore,Tamil Nadu
2017-08-13,1.41,7.53,47.72,100.42,3.52,1,Coimbatore,Tamil Nadu
2017-08-14,8.21,12.22,50.61,102.07,8.21,1,Coimbatore,Tamil Nadu
2017-08-15,6.22,15.84,35.44,99.03999999999999,8.21,1,Coimbatore,Tamil Nadu
2017-08-16,2.59,17.02,29.279999999999998,86.62,8.21,1,Coimbatore,Tamil Nadu
2017-08-17,4.09,12.899999999999999,28.639999999999997,84.8,6.22,1,Coimbatore,Tamil Nadu
2017-08-18,6.49,13.17,31.609999999999996,88.17999999999999,6.49,1,Coimbatore,Tamil Nadu
2017-08-19,3.48,14.06,32.489999999999995,86.76,6.49,1,Coimbatore,Tamil Nadu
2017-08-20,6.57,16.54,37.64999999999999,88.21000000000001,6.57,1,Coimbatore,Tamil Nadu
2017-08-21,6.95,17.0,36.38999999999999,92.32,6.95,1,Coimbatore,Tamil Nadu
2017-08-22,1.17,14.690000000000001,31.339999999999996,88.17,6.95,1,Coimbatore,Tamil Nadu
2017-08-23,8.58,16.7,37.33,75.36,8.58,1,Coimbatore,Tamil Nadu
2017-08-24,2.04,11.79,35.28,68.65,8.58,1,Coimbatore,Tamil Nadu
2017-08-25,0.07,10.689999999999998,28.859999999999996,63.99,8.58,1,Coimbatore,Tamil Nadu
2017-08-26,3.52,5.63,28.899999999999995,63.989999999999995,3.52,1,Coimbatore,Tamil Nadu
2017-08-27,4.94,8.530000000000001,27.269999999999996,66.33,4.94,1,Coimbatore,Tamil Nadu
2017-08-28,13.25,21.71,33.56999999999999,78.17,13.25,1,Coimbatore,Tamil Nadu
2017-08-29,5.95,24.14,38.349999999999994,75.91,13.25,1,Coimbatore,Tamil Nadu
2017-08-30,5.41,24.61,35.18,75.1,13.25,1,Coimbatore,Tamil Nadu
2017-08-31,0.64,12.0,33.78,73.14999999999999,5.95,1,Coimbatore,Tamil Nadu
2017-09-01,28.6,34.65,62.31,97.66000000000001,28.6,1,Coimbatore,Tamil Nadu
2017-09-02,38.1,67.34,96.88999999999999,129.26999999999998,38.1,1,Coimbatore,Tamil Nadu
2017-09-03,2.93,69.63000000000001,94.88,128.72,38.1,1,Coimbatore,Tamil Nadu
2017-09-04,21.42,62.45,103.05,143.57,38.1,1,Coimbatore,Tamil Nadu
2017-09-05,9.45,33.8,106.55,146.07000000000002,21.42,1,Coimbatore,Tamil Nadu
2017-09-06,10.26,41.13,111.39999999999999,155.16,21.42,1,Coimbatore,Tamil Nadu
2017-09-07,10.19,29.9,120.94999999999999,156.77,10.26,1,Coimbatore,Tamil Nadu
2017-09-08,16.3,36.75,108.65,171.03,16.3,1,Coimbatore,Tamil Nadu
2017-09-09,12.88,39.370000000000005,83.42999999999999,183.84,16.3,1,Coimbatore,Tamil Nadu
2017-09-10,12.83,42.010000000000005,93.32999999999998,193.14999999999998,16.3,1,Coimbatore,Tamil Nadu
2017-09-11,4.56,30.27,76.47,192.76999999999998,12.88,1,Coimbatore,Tamil Nadu
2017-09-12,4.9,22.290000000000003,71.92,184.42,12.83,1,Coimbatore,Tamil Nadu
2017-09-13,6.24,15.7,67.89999999999999,184.71,6.24,1,Coimbatore,Tamil Nadu
2017-09-14,7.7,18.840000000000003,65.41,187.0,7.7,1,Coimbatore,Tamil Nadu
2017-09-15,1.62,15.559999999999999,50.73,187.98,7.7,1,Coimbatore,Tamil Nadu
2017-09-16,22.59,31.91,60.44,181.97,22.59,1,Coimbatore,Tamil Nadu
2017-09-17,22.53,46.74,70.14,166.4,22.59,1,Coimbatore,Tamil Nadu
2017-09-18,5.64,50.76,71.22,169.10999999999999,22.59,1,Coimbatore,Tamil Nadu
2017-09-19,3.33,31.5,69.64999999999999,151.02,22.53,1,Coimbatore,Tamil Nadu
2017-09-20,0.81,9.78,64.22,142.38,5.64,1,Coimbatore,Tamil Nadu
2017-09-21,0.51,4.65,57.029999999999994,132.63,3.33,1,Coimbatore,Tamil Nadu
2017-09-22,0.08,1.4000000000000001,55.489999999999995,122.52,0.81,1,Coimbatore,Tamil Nadu
2017-09-23,0.02,0.61,32.91999999999999,106.24000000000001,0.51,1,Coimbatore,Tamil Nadu
2017-09-24,5.76,5.859999999999999,16.14999999999999,99.11999999999999,5.76,1,Coimbatore,Tamil Nadu
2017-09-25,6.56,12.34,17.069999999999993,92.85,6.56,1,Coimbatore,Tamil Nadu
2017-09-26,7.32,19.64,21.059999999999995,95.61,7.32,1,Coimbatore,Tamil Nadu
2017-09-27,6.69,20.57,26.93999999999999,97.4,7.32,1,Coimbatore,Tamil Nadu
2017-09-28,6.7,20.71,33.129999999999995,97.86,7.32,1,Coimbatore,Tamil Nadu
2017-09-29,1.95,15.340000000000002,34.99999999999999,92.11,6.7,1,Coimbatore,Tamil Nadu
2017-09-30,1.35,10.0,36.32999999999999,91.84,6.7,1,Coimbatore,Tamil Nadu
2017-10-01,1.63,4.93,32.199999999999996,70.88,1.95,0,Coimbatore,Tamil Nadu
2017-10-02,0.78,3.76,26.41999999999999,49.129999999999995,1.63,0,Coimbatore,Tamil Nadu
2017-10-03,0.8,3.21,19.899999999999995,44.290000000000006,1.63,0,Coimbatore,Tamil Nadu
2017-10-04,4.74,6.32,17.949999999999996,45.699999999999996,4.74,0,Coimbatore,Tamil Nadu
2017-10-05,4.81,10.35,16.05999999999999,49.7,4.81,0,Coimbatore,Tamil Nadu
2017-10-06,7.42,16.97,21.529999999999994,56.61,7.42,0,Coimbatore,Tamil Nadu
2017-10-07,3.34,15.569999999999999,23.519999999999992,59.87,7.42,0,Coimbatore,Tamil Nadu
2017-10-08,4.25,15.01,26.139999999999993,64.10000000000001,7.42,0,Coimbatore,Tamil Nadu
2017-10-09,0.95,8.54,26.30999999999999,59.29,4.25,0,Coimbatore,Tamil Nadu
2017-10-10,5.97,11.17,31.47999999999999,58.7,5.97,0,Coimbatore,Tamil Nadu
2017-10-11,6.52,13.44,33.25999999999999,57.9,6.52,0,Coimbatore,Tamil Nadu
2017-10-12,3.31,15.8,31.759999999999994,54.519999999999996,6.52,0,Coimbatore,Tamil Nadu
2017-10-13,14.59,24.42,38.92999999999999,62.41,14.59,0,Coimbatore,Tamil Nadu
2017-10-14,7.07,24.97,42.66,67.53,14.59,0,Coimbatore,Tamil Nadu
2017-10-15,3.2,24.860000000000003,41.60999999999999,69.38000000000001,14.59,0,Coimbatore,Tamil Nadu
2017-10-16,0.67,10.940000000000001,41.32999999999999,68.41999999999999,7.07,0,Coimbatore,Tamil Nadu
2017-10-17,2.71,6.58,38.06999999999999,70.35,3.2,0,Coimbatore,Tamil Nadu
2017-10-18,0.61,3.9899999999999998,32.16,70.16,2.71,0,Coimbatore,Tamil Nadu
2017-10-19,0.07,3.39,28.91999999999999,65.49,2.71,0,Coimbatore,Tamil Nadu
2017-10-20,0.24,0.9199999999999999,14.569999999999993,60.92,0.61,0,Coimbatore,Tamil Nadu
2017-10-21,3.13,3.44,10.629999999999992,56.629999999999995,3.13,0,Coimbatore,Tamil Nadu
2017-10-22,1.23,4.6,8.659999999999993,54.52,3.13,0,Coimbatore,Tamil Nadu
2017-10-23,0.02,4.38,8.009999999999993,50.29,3.13,0,Coimbatore,Tamil Nadu
2017-10-24,0.03,1.28,5.329999999999993,49.37,1.23,0,Coimbatore,Tamil Nadu
2017-10-25,3.99,4.04,8.709999999999992,47.39,3.99,0,Coimbatore,Tamil Nadu
2017-10-26,7.06,11.08,15.699999999999992,47.93,7.06,0,Coimbatore,Tamil Nadu
2017-10-27,16.04,27.089999999999996,31.499999999999993,60.66,16.04,0,Coimbatore,Tamil Nadu
2017-10-28,5.72,28.819999999999997,34.089999999999996,51.78999999999999,16.04,0,Coimbatore,Tamil Nadu
2017-10-29,0.07,21.83,32.93,44.79,16.04,0,Coimbatore,Tamil Nadu
2017-10-30,2.63,8.42,35.53999999999999,44.22,5.72,0,Coimbatore,Tamil Nadu
2017-10-31,1.86,4.56,37.36999999999999,45.41,2.63,0,Coimbatore,Tamil Nadu
2017-11-01,5.32,9.809999999999999,38.69999999999999,48.019999999999996,5.32,0,Coimbatore,Tamil Nadu
2017-11-02,2.9,10.08,34.53999999999999,50.309999999999995,5.32,0,Coimbatore,Tamil Nadu
2017-11-03,0.56,8.78,19.059999999999995,50.8,5.32,0,Coimbatore,Tamil Nadu
2017-11-04,4.41,7.87,17.749999999999996,54.96999999999999,4.41,0,Coimbatore,Tamil Nadu
2017-11-05,4.19,9.16,21.869999999999997,56.03,4.41,0,Coimbatore,Tamil Nadu
2017-11-06,11.13,19.730000000000004,30.369999999999997,65.92999999999999,11.13,0,Coimbatore,Tamil Nadu
2017-11-07,3.9,19.220000000000002,32.41,69.81,11.13,0,Coimbatore,Tamil Nadu
2017-11-08,13.15,28.18,40.239999999999995,82.92999999999999,13.15,0,Coimbatore,Tamil Nadu
2017-11-09,0.77,17.820000000000004,38.11,79.71000000000001,13.15,0,Coimbatore,Tamil Nadu
2017-11-10,0.0,13.920000000000002,37.55,72.65,13.15,0,Coimbatore,Tamil Nadu
2017-11-11,0.03,0.8000000000000018,33.17,56.64,0.77,0,Coimbatore,Tamil Nadu
2017-11-12,0.04,0.07000000000000178,29.02,50.96,0.04,0,Coimbatore,Tamil Nadu
2017-11-13,0.29,0.36000000000000176,18.18,51.18,0.29,0,Coimbatore,Tamil Nadu
2017-11-14,0.91,1.2400000000000018,15.189999999999998,49.46,0.91,0,Coimbatore,Tamil Nadu
2017-11-15,0.42,1.6200000000000017,2.4599999999999964,48.02,0.91,0,Coimbatore,Tamil Nadu
2017-11-16,0.59,1.920000000000002,2.2799999999999967,43.29,0.91,0,Coimbatore,Tamil Nadu
2017-11-17,0.29,1.3000000000000018,2.5699999999999963,40.68,0.59,0,Coimbatore,Tamil Nadu
2017-11-18,0.16,1.0400000000000018,2.6999999999999966,40.28,0.59,0,Coimbatore,Tamil Nadu
2017-11-19,0.43,0.8800000000000018,3.0899999999999967,36.300000000000004,0.43,0,Coimbatore,Tamil Nadu
2017-11-20,2.16,2.7500000000000018,4.959999999999997,34.269999999999996,2.16,0,Coimbatore,Tamil Nadu
2017-11-21,5.94,8.530000000000001,9.989999999999997,29.080000000000005,5.94,0,Coimbatore,Tamil Nadu
2017-11-22,0.61,8.710000000000003,10.179999999999996,25.790000000000003,5.94,0,Coimbatore,Tamil Nadu
2017-11-23,0.27,6.820000000000002,9.859999999999998,12.910000000000002,5.94,0,Coimbatore,Tamil Nadu
2017-11-24,0.0,0.8800000000000018,9.569999999999997,12.140000000000002,0.61,0,Coimbatore,Tamil Nadu
2017-11-25,0.01,0.2800000000000018,9.419999999999996,12.150000000000002,0.27,0,Coimbatore,Tamil Nadu
2017-11-26,2.02,2.030000000000002,11.009999999999996,14.14,2.02,0,Coimbatore,Tamil Nadu
2017-11-27,2.54,4.570000000000002,11.389999999999997,16.64,2.54,0,Coimbatore,Tamil Nadu
2017-11-28,0.35,4.910000000000002,5.799999999999996,16.700000000000003,2.54,0,Coimbatore,Tamil Nadu
2017-11-29,3.29,6.1800000000000015,8.479999999999997,19.080000000000002,3.29,0,Coimbatore,Tamil Nadu
2017-11-30,32.72,36.36,40.92999999999999,51.379999999999995,32.72,0,Coimbatore,Tamil Nadu
2017-12-01,33.26,69.27,74.19,84.05,33.26,0,Coimbatore,Tamil Nadu
2017-12-02,4.27,70.25,78.44999999999999,88.02999999999999,33.26,0,Coimbatore,Tamil Nadu
2017-12-03,0.97,38.5,77.39999999999999,88.83999999999999,33.26,0,Coimbatore,Tamil Nadu
2017-12-04,0.25,5.489999999999999,75.10999999999999,88.65999999999998,4.27,0,Coimbatore,Tamil Nadu
2017-12-05,0.27,1.49,75.02999999999999,86.77,0.97,0,Coimbatore,Tamil Nadu
2017-12-06,0.03,0.55,71.77,80.86,0.27,0,Coimbatore,Tamil Nadu
2017-12-07,0.02,0.32,39.06999999999999,80.27,0.27,0,Coimbatore,Tamil Nadu
2017-12-08,0.0,0.05,5.8099999999999925,80.0,0.03,0,Coimbatore,Tamil Nadu
2017-12-09,0.0,0.02,1.539999999999993,80.0,0.02,0,Coimbatore,Tamil Nadu
2017-12-10,0.11,0.11,0.6799999999999929,80.1,0.11,0,Coimbatore,Tamil Nadu
2017-12-11,0.06,0.16999999999999998,0.4899999999999929,78.14,0.11,0,Coimbatore,Tamil Nadu
2017-12-12,0.01,0.18,0.2299999999999929,75.60999999999999,0.11,0,Coimbatore,Tamil Nadu
2017-12-13,4.91,4.98,5.109999999999993,80.17,4.91,0,Coimbatore,Tamil Nadu
2017-12-14,0.68,5.6000000000000005,5.769999999999993,77.55999999999999,4.91,0,Coimbatore,Tamil Nadu
2017-12-15,0.01,5.6000000000000005,5.779999999999994,44.84999999999999,4.91,0,Coimbatore,Tamil Nadu
2017-12-16,0.0,0.6900000000000001,5.779999999999994,11.589999999999993,0.68,0,Coimbatore,Tamil Nadu
2017-12-17,0.0,0.01,5.669999999999994,7.319999999999993,0.01,0,Coimbatore,Tamil Nadu
2017-12-18,0.0,0.0,5.609999999999993,6.349999999999993,0.0,0,Coimbatore,Tamil Nadu
2017-12-19,0.03,0.03,5.629999999999993,6.129999999999993,0.03,0,Coimbatore,Tamil Nadu
2017-12-20,0.05,0.08,0.7699999999999929,5.909999999999993,0.05,0,Coimbatore,Tamil Nadu
2017-12-21,0.95,1.03,1.039999999999993,6.829999999999993,0.95,0,Coimbatore,Tamil Nadu
2017-12-22,0.13,1.13,1.1599999999999928,6.939999999999992,0.95,0,Coimbatore,Tamil Nadu
2017-12-23,0.0,1.0799999999999998,1.1599999999999928,6.939999999999992,0.95,0,Coimbatore,Tamil Nadu
2017-12-24,0.0,0.13,1.1599999999999928,6.939999999999992,0.13,0,Coimbatore,Tamil Nadu
2017-12-25,0.0,0.0,1.1599999999999928,6.829999999999992,0.0,0,Coimbatore,Tamil Nadu
2017-12-26,0.0,0.0,1.1299999999999928,6.7699999999999925,0.0,0,Coimbatore,Tamil Nadu
2017-12-27,0.0,0.0,1.0799999999999927,6.759999999999993,0.0,0,Coimbatore,Tamil Nadu
2017-12-28,0.0,0.0,0.1299999999999929,1.849999999999993,0.0,0,Coimbatore,Tamil Nadu
2017-12-29,0.0,0.0,0.0,1.1699999999999928,0.0,0,Coimbatore,Tamil Nadu
2017-12-30,0.0,0.0,0.0,1.159999999999993,0.0,0,Coimbatore,Tamil Nadu
2017-12-31,0.0,0.0,0.0,1.159999999999993,0.0,0,Coimbatore,Tamil Nadu
2018-01-01,0.0,0.0,0.0,1.159999999999993,0.0,0,Coimbatore,Tamil Nadu
2018-01-02,0.0,0.0,0.0,1.159999999999993,0.0,0,Coimbatore,Tamil Nadu
2018-01-03,0.0,0.0,0.0,1.1299999999999928,0.0,0,Coimbatore,Tamil Nadu
2018-01-04,0.0,0.0,0.0,1.079999999999993,0.0,0,Coimbatore,Tamil Nadu
2018-01-05,0.0,0.0,0.0,0.1299999999999929,0.0,0,Coimbatore,Tamil Nadu
2018-01-06,0.0,0.0,0.0,0.0,0.0,0,Coimbatore,Tamil Nadu
2018-01-07,0.0,0.0,0.0,0.0,0.0,0,Coimbatore,Tamil Nadu
2018-01-08,0.0,0.0,0.0,0.0,0.0,0,Coimbatore,Tamil Nadu
2018-01-09,0.49,0.49,0.4899999999999929,0.4899999999999929,0.49,0,Coimbatore,Tamil Nadu
2018-01-10,1.8,2.29,2.289999999999993,2.289999999999993,1.8,0,Coimbatore,Tamil Nadu
2018-01-11,0.27,2.56,2.559999999999993,2.559999999999993,1.8,0,Coimbatore,Tamil Nadu
2018-01-12,0.01,2.08,2.5699999999999927,2.5699999999999927,1.8,0,Coimbatore,Tamil Nadu
2018-01-13,0.0,0.28,2.5699999999999927,2.5699999999999927,0.27,0,Coimbatore,Tamil Nadu
2018-01-14,0.0,0.01,2.5699999999999927,2.5699999999999927,0.01,0,Coimbatore,Tamil Nadu
2018-01-15,0.0,0.0,2.5699999999999927,2.5699999999999927,0.0,0,Coimbatore,Tamil Nadu
2018-01-16,0.0,0.0,2.079999999999993,2.5699999999999927,0.0,0,Coimbatore,Tamil Nadu
2018-01-17,0.0,0.0,0.2799999999999929,2.5699999999999927,0.0,0,Coimbatore,Tamil Nadu
2018-01-18,0.0,0.0,0.009999999999992895,2.5699999999999927,0.0,0,Coimbatore,Tamil Nadu
2018-01-19,0.0,0.0,0.0,2.5699999999999927,0.0,0,Coimbatore,Tamil Nadu
2018-01-20,0.0,0.0,0.0,2.5699999999999927,0.0,0,Coimbatore,Tamil Nadu
2018-01-21,0.0,0.0,0.0,2.5699999999999927,0.0,0,Coimbatore,Tamil Nadu
2018-01-22,0.0,0.0,0.0,2.5699999999999927,0.0,0,Coimbatore,Tamil Nadu
2018-01-23,0.0,0.0,0.0,2.5699999999999927,0.0,0,Coimbatore,Tamil Nadu
2018-01-24,0.0,0.0,0.0,2.079999999999993,0.0,0,Coimbatore,Tamil Nadu
2018-01-25,0.0,0.0,0.0,0.2799999999999929,0.0,0,Coimbatore,Tamil Nadu
2018-01-26,0.0,0.0,0.0,0.009999999999992895,0.0,0,Coimbatore,Tamil Nadu
2018-01-27,0.01,0.01,0.009999999999992895,0.009999999999992895,0.01,0,Coimbatore,Tamil Nadu
2018-01-28,0.09,0.09999999999999999,0.09999999999999289,0.09999999999999289,0.09,0,Coimbatore,Tamil Nadu
2018-01-29,0.0,0.09999999999999999,0.09999999999999289,0.09999999999999289,0.09,0,Coimbatore,Tamil Nadu
2018-01-30,0.0,0.09,0.09999999999999289,0.09999999999999289,0.09,0,Coimbatore,Tamil Nadu
2018-01-31,0.0,0.0,0.09999999999999289,0.09999999999999289,0.0,0,Coimbatore,Tamil Nadu
2018-02-01,0.0,0.0,0.09999999999999289,0.09999999999999289,0.0,0,Coimbatore,Tamil Nadu
2018-02-02,0.0,0.0,0.09999999999999289,0.09999999999999289,0.0,0,Coimbatore,Tamil Nadu
2018-02-03,0.0,0.0,0.08999999999999289,0.09999999999999289,0.0,0,Coimbatore,Tamil Nadu
2018-02-04,0.0,0.0,0.0,0.09999999999999289,0.0,0,Coimbatore,Tamil Nadu
2018-02-05,0.0,0.0,0.0,0.09999999999999289,0.0,0,Coimbatore,Tamil Nadu
2018-02-06,2.09,2.09,2.0899999999999928,2.189999999999993,2.09,0,Coimbatore,Tamil Nadu
2018-02-07,9.31,11.4,11.399999999999993,11.499999999999993,9.31,0,Coimbatore,Tamil Nadu
2018-02-08,2.76,14.16,14.159999999999993,14.259999999999993,9.31,0,Coimbatore,Tamil Nadu
2018-02-09,1.01,13.08,15.169999999999993,15.269999999999992,9.31,0,Coimbatore,Tamil Nadu
2018-02-10,0.03,3.8,15.199999999999992,15.299999999999992,2.76,0,Coimbatore,Tamil Nadu
2018-02-11,0.02,1.06,15.219999999999994,15.309999999999993,1.01,0,Coimbatore,Tamil Nadu
2018-02-12,0.22,0.27,15.439999999999992,15.439999999999992,0.22,0,Coimbatore,Tamil Nadu
2018-02-13,0.0,0.24,13.349999999999993,15.439999999999992,0.22,0,Coimbatore,Tamil Nadu
2018-02-14,0.0,0.22,4.039999999999993,15.439999999999992,0.22,0,Coimbatore,Tamil Nadu
2018-02-15,0.0,0.0,1.279999999999993,15.439999999999992,0.0,0,Coimbatore,Tamil Nadu
2018-02-16,0.0,0.0,0.2699999999999929,15.439999999999992,0.0,0,Coimbatore,Tamil Nadu
2018-02-17,0.0,0.0,0.23999999999999289,15.439999999999992,0.0,0,Coimbatore,Tamil Nadu
2018-02-18,0.0,0.0,0.2199999999999929,15.439999999999992,0.0,0,Coimbatore,Tamil Nadu
2018-02-19,0.0,0.0,0.0,15.439999999999992,0.0,0,Coimbatore,Tamil Nadu
2018-02-20,0.0,0.0,0.0,15.439999999999992,0.0,0,Coimbatore,Tamil Nadu
2018-02-21,0.0,0.0,0.0,13.349999999999993,0.0,0,Coimbatore,Tamil Nadu
2018-02-22,0.0,0.0,0.0,4.039999999999993,0.0,0,Coimbatore,Tamil Nadu
2018-02-23,0.0,0.0,0.0,1.279999999999993,0.0,0,Coimbatore,Tamil Nadu
2018-02-24,0.0,0.0,0.0,0.2699999999999929,0.0,0,Coimbatore,Tamil Nadu
2018-02-25,0.0,0.0,0.0,0.23999999999999289,0.0,0,Coimbatore,Tamil Nadu
2018-02-26,0.0,0.0,0.0,0.2199999999999929,0.0,0,Coimbatore,Tamil Nadu
2018-02-27,0.0,0.0,0.0,0.0,0.0,0,Coimbatore,Tamil Nadu
2018-02-28,0.26,0.26,0.2599999999999929,0.2599999999999929,0.26,0,Coimbatore,Tamil Nadu
2018-03-01,0.75,1.01,1.009999999999993,1.009999999999993,0.75,0,Coimbatore,Tamil Nadu
2018-03-02,0.0,1.01,1.009999999999993,1.009999999999993,0.75,0,Coimbatore,Tamil Nadu
2018-03-03,0.0,0.75,1.009999999999993,1.009999999999993,0.75,0,Coimbatore,Tamil Nadu
2018-03-04,0.0,0.0,1.009999999999993,1.009999999999993,0.0,0,Coimbatore,Tamil Nadu
2018-03-05,0.0,0.0,1.009999999999993,1.009999999999993,0.0,0,Coimbatore,Tamil Nadu
2018-03-06,0.0,0.0,1.009999999999993,1.009999999999993,0.0,0,Coimbatore,Tamil Nadu
2018-03-07,0.0,0.0,0.7499999999999929,1.009999999999993,0.0,0,Coimbatore,Tamil Nadu
2018-03-08,0.0,0.0,0.0,1.009999999999993,0.0,0,Coimbatore,Tamil Nadu
2018-03-09,0.0,0.0,0.0,1.009999999999993,0.0,0,Coimbatore,Tamil Nadu
2018-03-10,0.0,0.0,0.0,1.009999999999993,0.0,0,Coimbatore,Tamil Nadu
2018-03-11,0.0,0.0,0.0,1.009999999999993,0.0,0,Coimbatore,Tamil Nadu
2018-03-12,0.01,0.01,0.009999999999992895,1.019999999999993,0.01,0,Coimbatore,Tamil Nadu
2018-03-13,3.09,3.0999999999999996,3.0999999999999925,4.109999999999992,3.09,0,Coimbatore,Tamil Nadu
2018-03-14,2.6,5.699999999999999,5.699999999999992,6.709999999999993,3.09,0,Coimbatore,Tamil Nadu
2018-03-15,3.86,9.55,9.559999999999992,10.309999999999993,3.86,0,Coimbatore,Tamil Nadu
2018-03-16,2.71,9.17,12.269999999999992,12.269999999999992,3.86,0,Coimbatore,Tamil Nadu
2018-03-17,2.73,9.3,14.999999999999993,14.999999999999993,3.86,0,Coimbatore,Tamil Nadu
2018-03-18,7.51,12.95,22.50999999999999,22.50999999999999,7.51,0,Coimbatore,Tamil Nadu
2018-03-19,1.0,11.239999999999998,23.499999999999993,23.50999999999999,7.51,0,Coimbatore,Tamil Nadu
2018-03-20,0.01,8.520000000000001,20.419999999999995,23.519999999999992,7.51,0,Coimbatore,Tamil Nadu
2018-03-21,0.14,1.1500000000000008,17.959999999999994,23.659999999999993,1.0,0,Coimbatore,Tamil Nadu
2018-03-22,0.63,0.7800000000000009,14.729999999999993,24.289999999999992,0.63,0,Coimbatore,Tamil Nadu
2018-03-23,3.76,4.530000000000001,15.779999999999994,28.049999999999994,3.76,0,Coimbatore,Tamil Nadu
2018-03-24,0.94,5.330000000000001,13.989999999999993,28.98999999999999,3.76,0,Coimbatore,Tamil Nadu
2018-03-25,0.0,4.700000000000001,6.479999999999993,28.98999999999999,3.76,0,Coimbatore,Tamil Nadu
2018-03-26,0.0,0.9400000000000008,5.479999999999993,28.98999999999999,0.94,0,Coimbatore,Tamil Nadu
2018-03-27,0.02,0.02000000000000089,5.489999999999993,28.99999999999999,0.02,0,Coimbatore,Tamil Nadu
2018-03-28,0.07,0.0900000000000009,5.419999999999993,25.97999999999999,0.07,0,Coimbatore,Tamil Nadu
2018-03-29,0.13,0.22000000000000092,4.919999999999993,23.509999999999994,0.13,0,Coimbatore,Tamil Nadu
2018-03-30,0.34,0.5400000000000009,1.499999999999993,19.989999999999995,0.34,0,Coimbatore,Tamil Nadu
2018-03-31,2.35,2.820000000000001,2.909999999999993,19.629999999999992,2.35,0,Coimbatore,Tamil Nadu
2018-04-01,2.5,5.190000000000001,5.409999999999993,19.39999999999999,2.5,0,Coimbatore,Tamil Nadu
2018-04-02,1.82,6.670000000000002,7.229999999999993,13.709999999999994,2.5,0,Coimbatore,Tamil Nadu
2018-04-03,0.31,4.630000000000001,7.519999999999993,13.019999999999992,2.5,0,Coimbatore,Tamil Nadu
2018-04-04,0.05,2.180000000000001,7.499999999999993,13.059999999999993,1.82,0,Coimbatore,Tamil Nadu
2018-04-05,0.0,0.3600000000000009,7.369999999999993,12.919999999999993,0.31,0,Coimbatore,Tamil Nadu
2018-04-06,0.0,0.05000000000000089,7.029999999999992,12.289999999999994,0.05,0,Coimbatore,Tamil Nadu
2018-04-07,0.02,0.02000000000000089,4.699999999999993,8.549999999999994,0.02,0,Coimbatore,Tamil Nadu
2018-04-08,0.17,0.1900000000000009,2.369999999999993,7.779999999999992,0.17,0,Coimbatore,Tamil Nadu
2018-04-09,0.32,0.5100000000000009,0.8699999999999929,8.099999999999993,0.32,0,Coimbatore,Tamil Nadu
2018-04-10,2.62,3.110000000000001,3.179999999999993,10.719999999999992,2.62,0,Coimbatore,Tamil Nadu
2018-04-11,2.04,4.980000000000001,5.169999999999993,12.739999999999993,2.62,0,Coimbatore,Tamil Nadu
2018-04-12,1.1,5.760000000000002,6.2699999999999925,13.769999999999992,2.62,0,Coimbatore,Tamil Nadu
2018-04-13,2.84,5.98,9.109999999999992,16.479999999999993,2.84,0,Coimbatore,Tamil Nadu
2018-04-14,7.02,10.96,16.109999999999992,23.159999999999993,7.02,0,Coimbatore,Tamil Nadu
2018-04-15,3.68,13.540000000000001,19.619999999999994,24.48999999999999,7.02,0,Coimbatore,Tamil Nadu
2018-04-16,1.19,11.89,20.48999999999999,23.179999999999993,7.02,0,Coimbatore,Tamil Nadu
2018-04-17,0.35,5.220000000000001,18.21999999999999,21.70999999999999,3.68,0,Coimbatore,Tamil Nadu
2018-04-18,0.2,1.7400000000000009,16.379999999999992,21.599999999999994,1.19,0,Coimbatore,Tamil Nadu
2018-04-19,0.09,0.6400000000000009,15.369999999999992,21.639999999999993,0.35,0,Coimbatore,Tamil Nadu
2018-04-20,1.86,2.1500000000000012,14.389999999999993,23.499999999999993,1.86,0,Coimbatore,Tamil Nadu
2018-04-21,1.39,3.3400000000000007,8.759999999999993,24.889999999999993,1.86,0,Coimbatore,Tamil Nadu
2018-04-22,1.0,4.250000000000001,6.079999999999993,25.869999999999994,1.86,0,Coimbatore,Tamil Nadu
2018-04-23,0.18,2.5700000000000007,5.069999999999993,25.879999999999992,1.39,0,Coimbatore,Tamil Nadu
2018-04-24,0.56,1.7400000000000009,5.279999999999993,26.11999999999999,1.0,0,Coimbatore,Tamil Nadu
2018-04-25,1.04,1.780000000000001,6.119999999999993,24.539999999999992,1.04,0,Coimbatore,Tamil Nadu
2018-04-26,3.65,5.250000000000001,9.679999999999993,26.149999999999995,3.65,0,Coimbatore,Tamil Nadu
2018-04-27,3.89,8.580000000000002,11.709999999999994,28.93999999999999,3.89,0,Coimbatore,Tamil Nadu
2018-04-28,0.02,7.5600000000000005,10.339999999999993,26.119999999999994,3.89,0,Coimbatore,Tamil Nadu
2018-04-29,0.0,3.910000000000001,9.339999999999993,19.099999999999994,3.89,0,Coimbatore,Tamil Nadu
2018-04-30,7.44,7.460000000000001,16.599999999999994,22.859999999999992,7.44,0,Coimbatore,Tamil Nadu
2018-05-01,12.66,20.1,28.699999999999996,34.32999999999999,12.66,0,Coimbatore,Tamil Nadu
2018-05-02,14.53,34.63,42.19,48.50999999999999,14.53,0,Coimbatore,Tamil Nadu
2018-05-03,13.37,40.56,51.91,61.67999999999999,14.53,0,Coimbatore,Tamil Nadu
2018-05-04,12.78,40.68,60.8,74.36999999999999,14.53,0,Coimbatore,Tamil Nadu
2018-05-05,6.61,32.76,67.38999999999999,79.11999999999999,13.37,0,Coimbatore,Tamil Nadu
2018-05-06,3.15,22.54,70.53999999999999,80.88,12.78,0,Coimbatore,Tamil Nadu
2018-05-07,0.48,10.24,63.57999999999999,80.35999999999999,6.61,0,Coimbatore,Tamil Nadu
2018-05-08,3.67,7.3,54.58999999999999,83.85,3.67,0,Coimbatore,Tamil Nadu
2018-05-09,26.3,30.450000000000003,66.35999999999999,109.59,26.3,0,Coimbatore,Tamil Nadu
2018-05-10,6.85,36.82,59.83999999999999,115.39999999999999,26.3,0,Coimbatore,Tamil Nadu
2018-05-11,6.51,39.66,53.56999999999999,118.25999999999999,26.3,0,Coimbatore,Tamil Nadu
2018-05-12,7.64,21.0,54.59999999999999,122.00999999999999,7.64,0,Coimbatore,Tamil Nadu
2018-05-13,3.28,17.43,54.72999999999999,125.26999999999998,7.64,0,Coimbatore,Tamil Nadu
2018-05-14,2.02,12.94,56.269999999999996,127.28999999999999,7.64,0,Coimbatore,Tamil Nadu
2018-05-15,1.6,6.9,54.199999999999996,121.44999999999999,3.28,0,Coimbatore,Tamil Nadu
2018-05-16,3.91,7.53,31.80999999999999,112.69999999999999,3.91,0,Coimbatore,Tamil Nadu
2018-05-17,1.72,7.2299999999999995,26.679999999999993,99.88999999999999,3.91,0,Coimbatore,Tamil Nadu
2018-05-18,0.52,6.15,20.689999999999994,87.03999999999999,3.91,0,Coimbatore,Tamil Nadu
2018-05-19,4.06,6.3,17.109999999999992,78.32,4.06,0,Coimbatore,Tamil Nadu
2018-05-20,2.13,6.71,15.959999999999992,73.84,4.06,0,Coimbatore,Tamil Nadu
2018-05-21,3.07,9.26,17.00999999999999,73.75999999999999,4.06,0,Coimbatore,Tamil Nadu
2018-05-22,0.98,6.18,16.389999999999993,74.25999999999999,3.07,0,Coimbatore,Tamil Nadu
2018-05-23,2.73,6.779999999999999,15.209999999999992,73.32,3.07,0,Coimbatore,Tamil Nadu
2018-05-24,7.73,11.44,21.21999999999999,54.74999999999999,7.73,0,Coimbatore,Tamil Nadu
2018-05-25,26.94,37.4,47.63999999999999,74.83999999999999,26.94,0,Coimbatore,Tamil Nadu
2018-05-26,4.93,39.60000000000001,48.50999999999999,73.25999999999999,26.94,0,Coimbatore,Tamil Nadu
2018-05-27,9.32,41.19,55.699999999999996,74.94,26.94,0,Coimbatore,Tamil Nadu
2018-05-28,8.97,23.22,61.599999999999994,80.63,9.32,0,Coimbatore,Tamil Nadu
2018-05-29,4.96,23.25,65.58,83.57,9.32,0,Coimbatore,Tamil Nadu
2018-05-30,1.24,15.17,64.08999999999999,83.21,8.97,0,Coimbatore,Tamil Nadu
2018-05-31,0.26,6.46,56.61999999999999,79.56,4.96,0,Coimbatore,Tamil Nadu
2018-06-01,2.14,3.64,31.819999999999993,79.98,2.14,1,Coimbatore,Tamil Nadu
2018-06-02,1.36,3.7600000000000007,28.249999999999993,80.82,2.14,1,Coimbatore,Tamil Nadu
2018-06-03,5.22,8.72,24.14999999999999,81.98,5.22,1,Coimbatore,Tamil Nadu
2018-06-04,5.27,11.849999999999998,20.449999999999992,85.11999999999999,5.27,1,Coimbatore,Tamil Nadu
2018-06-05,2.12,12.61,17.609999999999992,84.17,5.27,1,Coimbatore,Tamil Nadu
2018-06-06,1.38,8.77,17.749999999999993,84.57,5.27,1,Coimbatore,Tamil Nadu
2018-06-07,4.72,8.219999999999999,22.20999999999999,86.55999999999999,4.72,1,Coimbatore,Tamil Nadu
2018-06-08,7.27,13.37,27.33999999999999,86.1,7.27,1,Coimbatore,Tamil Nadu
2018-06-09,14.46,26.45,40.43999999999999,73.61999999999999,14.46,1,Coimbatore,Tamil Nadu
2018-06-10,10.16,31.89,45.379999999999995,78.85,14.46,1,Coimbatore,Tamil Nadu
2018-06-11,19.96,44.58,60.06999999999999,89.49,19.96,1,Coimbatore,Tamil Nadu
2018-06-12,17.48,47.6,75.42999999999999,98.0,19.96,1,Coimbatore,Tamil Nadu
2018-06-13,14.19,51.629999999999995,88.24,107.22999999999999,19.96,1,Coimbatore,Tamil Nadu
2018-06-14,6.1,37.769999999999996,89.62,112.08999999999999,17.48,1,Coimbatore,Tamil Nadu
2018-06-15,4.2,24.49,86.54999999999998,116.02999999999999,14.19,1,Coimbatore,Tamil Nadu
2018-06-16,2.73,13.03,74.82,116.61999999999999,6.1,1,Coimbatore,Tamil Nadu
2018-06-17,1.69,8.620000000000001,66.35,116.94999999999999,4.2,1,Coimbatore,Tamil Nadu
2018-06-18,4.4,8.82,50.78999999999999,116.13,4.4,1,Coimbatore,Tamil Nadu
2018-06-19,6.6,12.69,39.90999999999999,117.46,6.6,1,Coimbatore,Tamil Nadu
2018-06-20,6.02,17.02,31.739999999999995,121.35999999999999,6.6,1,Coimbatore,Tamil Nadu
2018-06-21,4.85,17.47,30.48999999999999,124.83,6.6,1,Coimbatore,Tamil Nadu
2018-06-22,3.36,14.229999999999999,29.64999999999999,123.47,6.02,1,Coimbatore,Tamil Nadu
2018-06-23,1.28,9.49,28.199999999999992,117.48,4.85,1,Coimbatore,Tamil Nadu
2018-06-24,0.31,4.95,26.81999999999999,103.32999999999998,3.36,1,Coimbatore,Tamil Nadu
2018-06-25,1.81,3.4000000000000004,24.229999999999993,94.97999999999999,1.81,1,Coimbatore,Tamil Nadu
2018-06-26,2.98,5.1,20.609999999999992,77.99999999999999,2.98,1,Coimbatore,Tamil Nadu
2018-06-27,6.99,11.780000000000001,21.57999999999999,67.50999999999999,6.99,1,Coimbatore,Tamil Nadu
2018-06-28,7.43,17.4,24.159999999999993,60.74999999999999,7.43,1,Coimbatore,Tamil Nadu
2018-06-29,4.03,18.45,24.829999999999995,58.67999999999999,7.43,1,Coimbatore,Tamil Nadu
2018-06-30,2.73,14.190000000000001,26.279999999999994,57.209999999999994,7.43,1,Coimbatore,Tamil Nadu
2018-07-01,8.85,15.61,34.81999999999999,63.32999999999999,8.85,1,Coimbatore,Tamil Nadu
2018-07-02,8.37,19.95,41.379999999999995,70.00999999999999,8.85,1,Coimbatore,Tamil Nadu
2018-07-03,5.86,23.08,44.26,71.46999999999998,8.85,1,Coimbatore,Tamil Nadu
2018-07-04,0.09,14.320000000000002,37.35999999999999,64.96,8.37,1,Coimbatore,Tamil Nadu
2018-07-05,0.41,6.360000000000002,30.339999999999993,59.349999999999994,5.86,1,Coimbatore,Tamil Nadu
2018-07-06,6.1,6.600000000000001,32.40999999999999,60.599999999999994,6.1,1,Coimbatore,Tamil Nadu
2018-07-07,5.53,12.040000000000003,35.209999999999994,62.769999999999996,6.1,1,Coimbatore,Tamil Nadu
2018-07-08,8.95,20.580000000000002,35.30999999999999,70.44,8.95,1,Coimbatore,Tamil Nadu
2018-07-09,18.66,33.14,45.599999999999994,88.78999999999999,18.66,1,Coimbatore,Tamil Nadu
2018-07-10,23.47,51.08,63.209999999999994,110.44999999999999,23.47,1,Coimbatore,Tamil Nadu
2018-07-11,19.8,61.93,82.91999999999999,127.27,23.47,1,Coimbatore,Tamil Nadu
2018-07-12,5.81,49.080000000000005,88.32,126.08999999999999,23.47,1,Coimbatore,Tamil Nadu
2018-07-13,12.0,37.61,94.22,130.66,19.8,1,Coimbatore,Tamil Nadu
2018-07-14,5.73,23.540000000000003,94.42,132.35999999999999,12.0,1,Coimbatore,Tamil Nadu
2018-07-15,16.53,34.260000000000005,102.0,146.16,16.53,1,Coimbatore,Tamil Nadu
2018-07-16,18.77,41.03,102.11,156.07999999999998,18.77,1,Coimbatore,Tamil Nadu
2018-07-17,8.37,43.67,87.00999999999999,156.07999999999998,18.77,1,Coimbatore,Tamil Nadu
2018-07-18,8.28,35.42,75.48999999999998,158.5,18.77,1,Coimbatore,Tamil Nadu
2018-07-19,3.3,19.950000000000003,72.97999999999999,161.70999999999998,8.37,1,Coimbatore,Tamil Nadu
2018-07-20,3.41,14.990000000000002,64.38999999999999,164.70999999999998,8.28,1,Coimbatore,Tamil Nadu
2018-07-21,2.3,9.010000000000003,60.95999999999999,160.91,3.41,1,Coimbatore,Tamil Nadu
2018-07-22,1.28,6.990000000000004,45.709999999999994,156.66,3.41,1,Coimbatore,Tamil Nadu
2018-07-23,3.05,6.6300000000000034,29.98999999999999,150.76,3.05,1,Coimbatore,Tamil Nadu
2018-07-24,4.03,8.360000000000003,25.64999999999999,136.13,4.03,1,Coimbatore,Tamil Nadu
2018-07-25,5.8,12.880000000000003,23.169999999999995,118.45999999999998,5.8,1,Coimbatore,Tamil Nadu
2018-07-26,3.75,13.580000000000002,23.61999999999999,102.40999999999998,5.8,1,Coimbatore,Tamil Nadu
2018-07-27,1.41,10.960000000000003,21.61999999999999,98.00999999999999,5.8,1,Coimbatore,Tamil Nadu
2018-07-28,4.9,10.060000000000004,24.219999999999995,90.90999999999998,4.9,1,Coimbatore,Tamil Nadu
2018-07-29,3.96,10.270000000000003,26.899999999999995,89.14,4.9,1,Coimbatore,Tamil Nadu
2018-07-30,2.81,11.670000000000003,26.659999999999993,75.42,4.9,1,Coimbatore,Tamil Nadu
2018-07-31,10.74,17.510000000000005,33.36999999999999,67.38999999999999,10.74,1,Coimbatore,Tamil Nadu
2018-08-01,3.59,17.14,31.159999999999997,62.60999999999999,10.74,1,Coimbatore,Tamil Nadu
2018-08-02,1.71,16.040000000000003,29.119999999999994,56.03999999999999,10.74,1,Coimbatore,Tamil Nadu
2018-08-03,1.89,7.190000000000003,29.599999999999994,54.629999999999995,3.59,1,Coimbatore,Tamil Nadu
2018-08-04,0.77,4.370000000000004,25.46999999999999,51.989999999999995,1.89,1,Coimbatore,Tamil Nadu
2018-08-05,2.13,4.790000000000004,23.639999999999993,51.81999999999999,2.13,1,Coimbatore,Tamil Nadu
2018-08-06,3.82,6.720000000000004,24.64999999999999,54.35999999999999,3.82,1,Coimbatore,Tamil Nadu
2018-08-07,5.86,11.810000000000002,19.769999999999992,57.16999999999999,5.86,1,Coimbatore,Tamil Nadu
2018-08-08,25.05,34.730000000000004,41.22999999999999,78.19,25.05,1,Coimbatore,Tamil Nadu
2018-08-09,18.0,48.910000000000004,57.519999999999996,90.39,25.05,1,Coimbatore,Tamil Nadu
2018-08-10,6.26,49.31,61.88999999999999,92.9,25.05,1,Coimbatore,Tamil Nadu
2018-08-11,2.45,26.71,63.56999999999999,93.93999999999998,18.0,1,Coimbatore,Tamil Nadu
2018-08-12,11.72,20.43,73.16,100.75999999999999,11.72,1,Coimbatore,Tamil Nadu
2018-08-13,14.12,28.29,83.46,110.91999999999999,14.12,1,Coimbatore,Tamil Nadu
2018-08-14,18.43,44.269999999999996,96.03,126.53999999999999,18.43,1,Coimbatore,Tamil Nadu
2018-08-15,39.95,72.5,110.92999999999999,155.75,39.95,1,Coimbatore,Tamil Nadu
2018-08-16,25.63,84.00999999999999,118.55999999999999,177.79,39.95,1,Coimbatore,Tamil Nadu
2018-08-17,10.99,76.57,123.29,187.07,39.95,1,Coimbatore,Tamil Nadu
2018-08-18,3.27,39.88999999999999,124.11,188.45,25.63,1,Coimbatore,Tamil Nadu
2018-08-19,1.65,15.909999999999993,114.03999999999999,189.32999999999998,10.99,1,Coimbatore,Tamil Nadu
2018-08-20,1.1,6.0199999999999925,101.02,188.29999999999998,3.27,1,Coimbatore,Tamil Nadu
2018-08-21,1.02,3.769999999999993,83.61,185.5,1.65,1,Coimbatore,Tamil Nadu
2018-08-22,0.49,2.609999999999993,44.14999999999999,180.13,1.1,1,Coimbatore,Tamil Nadu
2018-08-23,0.36,1.869999999999993,18.879999999999992,155.44,1.02,1,Coimbatore,Tamil Nadu
2018-08-24,2.91,3.759999999999993,10.799999999999994,140.35,2.91,1,Coimbatore,Tamil Nadu
2018-08-25,0.68,3.9499999999999935,8.209999999999994,134.76999999999998,2.91,1,Coimbatore,Tamil Nadu
2018-08-26,0.15,3.739999999999993,6.709999999999993,132.47,2.91,1,Coimbatore,Tamil Nadu
2018-08-27,3.88,4.709999999999993,9.489999999999993,124.63,3.88,1,Coimbatore,Tamil Nadu
2018-08-28,4.38,8.409999999999993,12.849999999999993,114.88999999999999,4.38,1,Coimbatore,Tamil Nadu
2018-08-29,1.03,9.289999999999992,13.389999999999992,97.49,4.38,1,Coimbatore,Tamil Nadu
2018-08-30,3.39,8.799999999999994,16.419999999999995,60.92999999999999,4.38,1,Coimbatore,Tamil Nadu
2018-08-31,6.77,11.189999999999992,20.279999999999994,42.06999999999999,6.77,1,Coimbatore,Tamil Nadu
2018-09-01,0.9,11.059999999999993,20.499999999999993,31.979999999999993,6.77,1,Coimbatore,Tamil Nadu
2018-09-02,0.01,7.679999999999993,20.35999999999999,28.71999999999999,6.77,1,Coimbatore,Tamil Nadu
2018-09-03,0.0,0.9099999999999929,16.47999999999999,27.069999999999993,0.9,1,Coimbatore,Tamil Nadu
2018-09-04,0.0,0.009999999999992895,12.099999999999993,25.96999999999999,0.01,1,Coimbatore,Tamil Nadu
2018-09-05,0.0,0.0,11.069999999999993,24.949999999999992,0.0,1,Coimbatore,Tamil Nadu
2018-09-06,0.0,0.0,7.679999999999993,24.459999999999994,0.0,1,Coimbatore,Tamil Nadu
2018-09-07,0.01,0.009999999999992895,0.9199999999999929,24.109999999999996,0.01,1,Coimbatore,Tamil Nadu
2018-09-08,0.01,0.019999999999992895,0.029999999999992893,21.209999999999994,0.01,1,Coimbatore,Tamil Nadu
2018-09-09,0.12,0.13999999999999288,0.13999999999999288,20.649999999999995,0.12,1,Coimbatore,Tamil Nadu
2018-09-10,2.99,3.119999999999993,3.1299999999999932,23.48999999999999,2.99,1,Coimbatore,Tamil Nadu
2018-09-11,1.7,4.809999999999993,4.829999999999993,21.30999999999999,2.99,1,Coimbatore,Tamil Nadu
2018-09-12,0.97,5.659999999999993,5.799999999999994,17.899999999999995,2.99,1,Coimbatore,Tamil Nadu
2018-09-13,0.73,3.399999999999993,6.529999999999993,17.599999999999994,1.7,1,Coimbatore,Tamil Nadu
2018-09-14,1.0,2.699999999999993,7.519999999999993,15.209999999999992,1.0,1,Coimbatore,Tamil Nadu
2018-09-15,6.87,8.599999999999993,14.379999999999994,15.309999999999993,6.87,1,Coimbatore,Tamil Nadu
2018-09-16,5.74,13.609999999999992,19.999999999999993,20.14999999999999,6.87,1,Coimbatore,Tamil Nadu
2018-09-17,1.04,13.649999999999993,18.049999999999994,21.179999999999996,6.87,1,Coimbatore,Tamil Nadu
2018-09-18,0.2,6.979999999999994,16.54999999999999,21.379999999999995,5.74,1,Coimbatore,Tamil Nadu
2018-09-19,0.82,2.059999999999994,16.39999999999999,22.199999999999996,1.04,1,Coimbatore,Tamil Nadu
2018-09-20,0.34,1.3599999999999939,16.00999999999999,22.539999999999996,0.82,1,Coimbatore,Tamil Nadu
2018-09-21,0.21,1.369999999999994,15.219999999999992,22.749999999999996,0.82,1,Coimbatore,Tamil Nadu
2018-09-22,0.68,1.2299999999999938,9.029999999999994,23.419999999999995,0.68,1,Coimbatore,Tamil Nadu
2018-09-23,5.93,6.819999999999993,9.219999999999992,29.339999999999993,5.93,1,Coimbatore,Tamil Nadu
2018-09-24,22.76,29.369999999999994,30.939999999999994,51.98,22.76,1,Coimbatore,Tamil Nadu
2018-09-25,4.63,33.31999999999999,35.37,53.62,22.76,1,Coimbatore,Tamil Nadu
2018-09-26,4.76,32.14999999999999,39.309999999999995,56.68,22.76,1,Coimbatore,Tamil Nadu
2018-09-27,21.17,30.559999999999995,60.13999999999999,76.88,21.17,1,Coimbatore,Tamil Nadu
2018-09-28,15.22,41.15,75.14999999999999,91.36999999999999,21.17,1,Coimbatore,Tamil Nadu
2018-09-29,10.95,47.339999999999996,85.42,101.32,21.17,1,Coimbatore,Tamil Nadu
2018-09-30,10.06,36.22999999999999,89.55,104.51,15.22,1,Coimbatore,Tamil Nadu
2018-10-01,8.77,29.779999999999994,75.55999999999999,107.53999999999999,10.95,0,Coimbatore,Tamil Nadu
2018-10-02,3.31,22.13999999999999,74.24,109.81,10.06,0,Coimbatore,Tamil Nadu
2018-10-03,11.5,23.57999999999999,80.98,121.11,11.5,0,Coimbatore,Tamil Nadu
2018-10-04,13.03,27.839999999999993,72.83999999999999,133.32,13.03,0,Coimbatore,Tamil Nadu
2018-10-05,13.17,37.699999999999996,70.78999999999999,146.15,13.17,0,Coimbatore,Tamil Nadu
2018-10-06,14.43,40.629999999999995,74.27,160.37,14.43,0,Coimbatore,Tamil Nadu
2018-10-07,5.53,33.129999999999995,69.74,165.22,14.43,0,Coimbatore,Tamil Nadu
2018-10-08,22.07,42.02999999999999,83.03999999999999,181.36,22.07,0,Coimbatore,Tamil Nadu
2018-10-09,6.72,34.31999999999999,86.44999999999999,165.32,22.07,0,Coimbatore,Tamil Nadu
2018-10-10,0.14,28.929999999999993,75.08999999999999,160.82999999999998,22.07,0,Coimbatore,Tamil Nadu
2018-10-11,0.39,7.249999999999993,62.44999999999999,156.46,6.72,0,Coimbatore,Tamil Nadu
2018-10-12,0.3,0.829999999999993,49.57999999999999,135.58999999999997,0.39,0,Coimbatore,Tamil Nadu
2018-10-13,2.62,3.309999999999993,37.769999999999996,122.98999999999998,2.62,0,Coimbatore,Tamil Nadu
2018-10-14,17.27,20.18999999999999,49.50999999999999,129.31,17.27,0,Coimbatore,Tamil Nadu
2018-10-15,5.13,25.019999999999992,32.56999999999999,124.38,17.27,0,Coimbatore,Tamil Nadu
2018-10-16,13.2,35.599999999999994,39.04999999999999,128.80999999999997,17.27,0,Coimbatore,Tamil Nadu
2018-10-17,2.85,21.179999999999996,41.75999999999999,128.35,13.2,0,Coimbatore,Tamil Nadu
2018-10-18,3.78,19.829999999999995,45.14999999999999,120.63,13.2,0,Coimbatore,Tamil Nadu
2018-10-19,7.42,14.049999999999997,52.26999999999999,115.02,7.42,0,Coimbatore,Tamil Nadu
2018-10-20,9.5,20.699999999999996,59.14999999999999,111.35,9.5,0,Coimbatore,Tamil Nadu
2018-10-21,1.66,18.579999999999995,43.53999999999999,98.57999999999998,9.5,0,Coimbatore,Tamil Nadu
2018-10-22,1.51,12.669999999999998,39.91999999999999,94.55999999999999,9.5,0,Coimbatore,Tamil Nadu
2018-10-23,0.86,4.0299999999999985,27.579999999999995,73.35,1.66,0,Coimbatore,Tamil Nadu
2018-10-24,0.02,2.389999999999998,24.749999999999993,66.64999999999999,1.51,0,Coimbatore,Tamil Nadu
2018-10-25,0.04,0.9199999999999982,21.009999999999994,66.55,0.86,0,Coimbatore,Tamil Nadu
2018-10-26,0.0,0.05999999999999822,13.589999999999993,66.16,0.04,0,Coimbatore,Tamil Nadu
2018-10-27,0.0,0.03999999999999822,4.089999999999993,65.86,0.04,0,Coimbatore,Tamil Nadu
2018-10-28,0.0,0.0,2.4299999999999926,63.23999999999999,0.0,0,Coimbatore,Tamil Nadu
2018-10-29,0.0,0.0,0.9199999999999928,45.96999999999999,0.0,0,Coimbatore,Tamil Nadu
2018-10-30,0.0,0.0,0.05999999999999289,40.83999999999999,0.0,0,Coimbatore,Tamil Nadu
2018-10-31,1.38,1.3799999999999981,1.4199999999999928,29.019999999999992,1.38,0,Coimbatore,Tamil Nadu
2018-11-01,6.03,7.409999999999998,7.409999999999993,32.19999999999999,6.03,0,Coimbatore,Tamil Nadu
2018-11-02,4.68,12.089999999999998,12.089999999999993,33.099999999999994,6.03,0,Coimbatore,Tamil Nadu
2018-11-03,9.16,19.869999999999997,21.249999999999993,34.83999999999999,9.16,0,Coimbatore,Tamil Nadu
2018-11-04,2.25,16.089999999999996,23.499999999999993,27.589999999999993,9.16,0,Coimbatore,Tamil Nadu
2018-11-05,2.3,13.709999999999997,25.799999999999994,28.229999999999993,9.16,0,Coimbatore,Tamil Nadu
2018-11-06,0.16,4.709999999999998,25.959999999999994,26.879999999999992,2.3,0,Coimbatore,Tamil Nadu
2018-11-07,0.01,2.469999999999998,24.589999999999993,26.02999999999999,2.3,0,Coimbatore,Tamil Nadu
2018-11-08,0.07,0.23999999999999821,18.629999999999992,26.07999999999999,0.16,0,Coimbatore,Tamil Nadu
2018-11-09,1.17,1.2499999999999982,15.119999999999992,27.209999999999994,1.17,0,Coimbatore,Tamil Nadu
2018-11-10,0.02,1.2599999999999982,5.979999999999992,27.229999999999993,1.17,0,Coimbatore,Tamil Nadu
2018-11-11,0.15,1.339999999999998,3.879999999999993,27.379999999999992,1.17,0,Coimbatore,Tamil Nadu
2018-11-12,0.02,0.1899999999999982,1.5999999999999928,27.39999999999999,0.15,0,Coimbatore,Tamil Nadu
2018-11-13,0.01,0.17999999999999822,1.4499999999999929,27.409999999999993,0.15,0,Coimbatore,Tamil Nadu
2018-11-14,0.0,0.029999999999998223,1.4399999999999928,27.409999999999993,0.02,0,Coimbatore,Tamil Nadu
2018-11-15,4.68,4.689999999999998,6.049999999999993,30.709999999999994,4.68,0,Coimbatore,Tamil Nadu
2018-11-16,33.22,37.9,38.099999999999994,57.89999999999999,33.22,0,Coimbatore,Tamil Nadu
2018-11-17,0.09,37.99,38.169999999999995,53.309999999999995,33.22,0,Coimbatore,Tamil Nadu
2018-11-18,4.65,37.96,42.669999999999995,48.79999999999999,33.22,0,Coimbatore,Tamil Nadu
2018-11-19,5.2,9.940000000000001,47.849999999999994,51.74999999999999,5.2,0,Coimbatore,Tamil Nadu
2018-11-20,1.72,11.57,49.559999999999995,51.169999999999995,5.2,0,Coimbatore,Tamil Nadu
2018-11-21,1.5,8.42,51.059999999999995,52.51,5.2,0,Coimbatore,Tamil Nadu
2018-11-22,4.41,7.63,50.78999999999999,56.90999999999999,4.41,0,Coimbatore,Tamil Nadu
2018-11-23,5.82,11.73,23.389999999999993,62.65999999999999,5.82,0,Coimbatore,Tamil Nadu
2018-11-24,3.91,14.14,27.209999999999994,65.39999999999999,5.82,0,Coimbatore,Tamil Nadu
2018-11-25,0.21,9.940000000000001,22.769999999999996,65.59,5.82,0,Coimbatore,Tamil Nadu
2018-11-26,0.0,4.12,17.569999999999993,65.44,3.91,0,Coimbatore,Tamil Nadu
2018-11-27,0.0,0.21,15.849999999999994,65.42,0.21,0,Coimbatore,Tamil Nadu
2018-11-28,0.04,0.04,14.389999999999993,65.44999999999999,0.04,0,Coimbatore,Tamil Nadu
2018-11-29,4.47,4.51,14.449999999999992,69.91999999999999,4.47,0,Coimbatore,Tamil Nadu
2018-11-30,0.82,5.33,9.449999999999992,66.05999999999999,4.47,0,Coimbatore,Tamil Nadu
2018-12-01,0.5,5.79,6.039999999999993,33.339999999999996,4.47,0,Coimbatore,Tamil Nadu
2018-12-02,0.0,1.3199999999999998,5.829999999999993,33.24999999999999,0.82,0,Coimbatore,Tamil Nadu
2018-12-03,0.01,0.51,5.839999999999993,28.609999999999992,0.5,0,Coimbatore,Tamil Nadu
2018-12-04,5.12,5.13,10.959999999999994,28.529999999999994,5.12,0,Coimbatore,Tamil Nadu
2018-12-05,0.56,5.6899999999999995,11.479999999999993,27.369999999999994,5.12,0,Coimbatore,Tamil Nadu
2018-12-06,0.5,6.18,7.509999999999993,26.369999999999994,5.12,0,Coimbatore,Tamil Nadu
2018-12-07,0.04,1.1,6.729999999999992,21.999999999999993,0.56,0,Coimbatore,Tamil Nadu
2018-12-08,0.0,0.54,6.229999999999992,16.179999999999993,0.5,0,Coimbatore,Tamil Nadu
2018-12-09,0.0,0.04,6.229999999999992,12.269999999999992,0.04,0,Coimbatore,Tamil Nadu
2018-12-10,0.0,0.0,6.219999999999993,12.059999999999992,0.0,0,Coimbatore,Tamil Nadu
2018-12-11,0.0,0.0,1.099999999999993,12.059999999999992,0.0,0,Coimbatore,Tamil Nadu
2018-12-12,0.0,0.0,0.5399999999999929,12.059999999999992,0.0,0,Coimbatore,Tamil Nadu
2018-12-13,0.0,0.0,0.039999999999992895,12.019999999999992,0.0,0,Coimbatore,Tamil Nadu
2018-12-14,0.0,0.0,0.0,7.549999999999993,0.0,0,Coimbatore,Tamil Nadu
2018-12-15,0.0,0.0,0.0,6.729999999999992,0.0,0,Coimbatore,Tamil Nadu
2018-12-16,0.0,0.0,0.0,6.229999999999992,0.0,0,Coimbatore,Tamil Nadu
2018-12-17,0.0,0.0,0.0,6.229999999999992,0.0,0,Coimbatore,Tamil Nadu
2018-12-18,0.0,0.0,0.0,6.219999999999993,0.0,0,Coimbatore,Tamil Nadu
2018-12-19,0.01,0.01,0.009999999999992895,1.109999999999993,0.01,0,Coimbatore,Tamil Nadu
2018-12-20,0.0,0.01,0.009999999999992895,0.5499999999999929,0.01,0,Coimbatore,Tamil Nadu
2018-12-21,0.0,0.01,0.009999999999992895,0.0499999999999929,0.01,0,Coimbatore,Tamil Nadu
2018-12-22,0.05,0.05,0.0599999999999929,0.0599999999999929,0.05,0,Coimbatore,Tamil Nadu
2018-12-23,1.61,1.6600000000000001,1.669999999999993,1.669999999999993,1.61,0,Coimbatore,Tamil Nadu
2018-12-24,0.68,2.3400000000000003,2.349999999999993,2.349999999999993,1.61,0,Coimbatore,Tamil Nadu
2018-12-25,0.14,2.4300000000000006,2.489999999999993,2.489999999999993,1.61,0,Coimbatore,Tamil Nadu
2018-12-26,0.01,0.8300000000000001,2.489999999999993,2.499999999999993,0.68,0,Coimbatore,Tamil Nadu
2018-12-27,0.01,0.16,2.4999999999999933,2.509999999999993,0.14,0,Coimbatore,Tamil Nadu
2018-12-28,0.58,0.6,3.0799999999999934,3.089999999999993,0.58,0,Coimbatore,Tamil Nadu
2018-12-29,0.57,1.16,3.599999999999993,3.659999999999993,0.58,0,Coimbatore,Tamil Nadu
2018-12-30,0.03,1.18,2.019999999999993,3.689999999999993,0.58,0,Coimbatore,Tamil Nadu
2018-12-31,0.01,0.61,1.3499999999999928,3.699999999999993,0.57,0,Coimbatore,Tamil Nadu
2019-01-01,0.0,0.04,1.2099999999999929,3.699999999999993,0.03,0,Coimbatore,Tamil Nadu
2019-01-02,0.0,0.01,1.1999999999999929,3.699999999999993,0.01,0,Coimbatore,Tamil Nadu
2019-01-03,0.0,0.0,1.1899999999999928,3.6899999999999933,0.0,0,Coimbatore,Tamil Nadu
2019-01-04,0.0,0.0,0.6099999999999929,3.6899999999999933,0.0,0,Coimbatore,Tamil Nadu
2019-01-05,0.0,0.0,0.039999999999992895,3.6899999999999933,0.0,0,Coimbatore,Tamil Nadu
2019-01-06,0.0,0.0,0.009999999999992895,3.639999999999993,0.0,0,Coimbatore,Tamil Nadu
2019-01-07,0.0,0.0,0.0,2.029999999999993,0.0,0,Coimbatore,Tamil Nadu
2019-01-08,0.0,0.0,0.0,1.349999999999993,0.0,0,Coimbatore,Tamil Nadu
2019-01-09,0.0,0.0,0.0,1.2099999999999929,0.0,0,Coimbatore,Tamil Nadu
2019-01-10,0.0,0.0,0.0,1.1999999999999929,0.0,0,Coimbatore,Tamil Nadu
2019-01-11,0.0,0.0,0.0,1.1899999999999928,0.0,0,Coimbatore,Tamil Nadu
2019-01-12,0.0,0.0,0.0,0.6099999999999929,0.0,0,Coimbatore,Tamil Nadu
2019-01-13,0.0,0.0,0.0,0.039999999999992895,0.0,0,Coimbatore,Tamil Nadu
2019-01-14,0.0,0.0,0.0,0.009999999999992895,0.0,0,Coimbatore,Tamil Nadu
2019-01-15,0.03,0.03,0.029999999999992893,0.029999999999992893,0.03,0,Coimbatore,Tamil Nadu
2019-01-16,0.0,0.03,0.029999999999992893,0.029999999999992893,0.03,0,Coimbatore,Tamil Nadu
2019-01-17,0.0,0.03,0.029999999999992893,0.029999999999992893,0.03,0,Coimbatore,Tamil Nadu
2019-01-18,0.0,0.0,0.029999999999992893,0.029999999999992893,0.0,0,Coimbatore,Tamil Nadu
2019-01-19,0.0,0.0,0.029999999999992893,0.029999999999992893,0.0,0,Coimbatore,Tamil Nadu
2019-01-20,0.0,0.0,0.029999999999992893,0.029999999999992893,0.0,0,Coimbatore,Tamil Nadu
2019-01-21,0.0,0.0,0.029999999999992893,0.029999999999992893,0.0,0,Coimbatore,Tamil Nadu
2019-01-22,0.0,0.0,0.0,0.029999999999992893,0.0,0,Coimbatore,Tamil Nadu
2019-01-23,0.0,0.0,0.0,0.029999999999992893,0.0,0,Coimbatore,Tamil Nadu
2019-01-24,0.0,0.0,0.0,0.029999999999992893,0.0,0,Coimbatore,Tamil Nadu
2019-01-25,0.0,0.0,0.0,0.029999999999992893,0.0,0,Coimbatore,Tamil Nadu
2019-01-26,0.0,0.0,0.0,0.029999999999992893,0.0,0,Coimbatore,Tamil Nadu
2019-01-27,0.0,0.0,0.0,0.029999999999992893,0.0,0,Coimbatore,Tamil Nadu
2019-01-28,0.0,0.0,0.0,0.029999999999992893,0.0,0,Coimbatore,Tamil Nadu
2019-01-29,0.02,0.02,0.019999999999992895,0.0499999999999929,0.02,0,Coimbatore,Tamil Nadu
2019-01-30,0.05,0.07,0.0699999999999929,0.0699999999999929,0.05,0,Coimbatore,Tamil Nadu
2019-01-31,0.0,0.07,0.0699999999999929,0.0699999999999929,0.05,0,Coimbatore,Tamil Nadu
2019-02-01,0.0,0.05,0.0699999999999929,0.0699999999999929,0.05,0,Coimbatore,Tamil Nadu
2019-02-02,0.0,0.0,0.0699999999999929,0.0699999999999929,0.0,0,Coimbatore,Tamil Nadu
2019-02-03,0.0,0.0,0.0699999999999929,0.0699999999999929,0.0,0,Coimbatore,Tamil Nadu
2019-02-04,0.0,0.0,0.0699999999999929,0.0699999999999929,0.0,0,Coimbatore,Tamil Nadu
2019-02-05,0.02,0.02,0.0699999999999929,0.0899999999999929,0.02,0,Coimbatore,Tamil Nadu
2019-02-06,0.04,0.06,0.05999999999999289,0.1299999999999929,0.04,0,Coimbatore,Tamil Nadu
2019-02-07,0.1,0.16,0.1599999999999929,0.2299999999999929,0.1,0,Coimbatore,Tamil Nadu
2019-02-08,0.0,0.14,0.1599999999999929,0.2299999999999929,0.1,0,Coimbatore,Tamil Nadu
2019-02-09,1.95,2.05,2.1099999999999928,2.179999999999993,1.95,0,Coimbatore,Tamil Nadu
2019-02-10,3.48,5.43,5.589999999999993,5.659999999999993,3.48,0,Coimbatore,Tamil Nadu
2019-02-11,0.21,5.640000000000001,5.799999999999993,5.869999999999993,3.48,0,Coimbatore,Tamil Nadu
2019-02-12,0.0,3.69,5.779999999999993,5.869999999999993,3.48,0,Coimbatore,Tamil Nadu
2019-02-13,0.0,0.21000000000000044,5.739999999999993,5.849999999999993,0.21,0,Coimbatore,Tamil Nadu
2019-02-14,0.0,0.0,5.639999999999993,5.799999999999993,0.0,0,Coimbatore,Tamil Nadu
2019-02-15,0.04,0.040000000000000445,5.679999999999993,5.839999999999992,0.04,0,Coimbatore,Tamil Nadu
2019-02-16,0.04,0.08000000000000045,3.769999999999993,5.879999999999992,0.04,0,Coimbatore,Tamil Nadu
2019-02-17,0.01,0.09000000000000044,0.2999999999999929,5.889999999999993,0.04,0,Coimbatore,Tamil Nadu
2019-02-18,0.0,0.05000000000000045,0.08999999999999289,5.889999999999993,0.04,0,Coimbatore,Tamil Nadu
2019-02-19,2.07,2.08,2.1599999999999926,7.959999999999992,2.07,0,Coimbatore,Tamil Nadu
2019-02-20,0.83,2.9000000000000004,2.9899999999999927,8.769999999999992,2.07,0,Coimbatore,Tamil Nadu
2019-02-21,0.0,2.9000000000000004,2.9899999999999927,8.729999999999992,2.07,0,Coimbatore,Tamil Nadu
2019-02-22,0.0,0.8300000000000004,2.9499999999999926,8.629999999999992,0.83,0,Coimbatore,Tamil Nadu
2019-02-23,0.0,0.0,2.9099999999999926,8.629999999999992,0.0,0,Coimbatore,Tamil Nadu
2019-02-24,0.0,0.0,2.899999999999993,6.679999999999993,0.0,0,Coimbatore,Tamil Nadu
2019-02-25,0.0,0.0,2.899999999999993,3.199999999999992,0.0,0,Coimbatore,Tamil Nadu
2019-02-26,0.0,0.0,0.8299999999999929,2.989999999999992,0.0,0,Coimbatore,Tamil Nadu
2019-02-27,0.0,0.0,0.0,2.989999999999992,0.0,0,Coimbatore,Tamil Nadu
2019-02-28,0.1,0.10000000000000045,0.0999999999999929,3.0899999999999923,0.1,0,Coimbatore,Tamil Nadu
2019-03-01,2.0,2.1000000000000005,2.099999999999993,5.089999999999992,2.0,0,Coimbatore,Tamil Nadu
2019-03-02,6.75,8.850000000000001,8.849999999999993,11.799999999999992,6.75,0,Coimbatore,Tamil Nadu
2019-03-03,0.08,8.83,8.929999999999993,11.839999999999993,6.75,0,Coimbatore,Tamil Nadu
2019-03-04,0.0,6.830000000000001,8.929999999999993,11.829999999999991,6.75,0,Coimbatore,Tamil Nadu
2019-03-05,0.0,0.08000000000000089,8.929999999999993,11.829999999999991,0.08,0,Coimbatore,Tamil Nadu
2019-03-06,0.54,0.5400000000000009,9.469999999999992,10.299999999999992,0.54,0,Coimbatore,Tamil Nadu
2019-03-07,0.33,0.870000000000001,9.699999999999992,9.799999999999992,0.54,0,Coimbatore,Tamil Nadu
2019-03-08,0.01,0.8800000000000009,7.709999999999993,9.809999999999993,0.54,0,Coimbatore,Tamil Nadu
2019-03-09,1.66,2.000000000000001,2.619999999999993,11.469999999999992,1.66,0,Coimbatore,Tamil Nadu
2019-03-10,1.77,3.4400000000000004,4.3099999999999925,13.239999999999993,1.77,0,Coimbatore,Tamil Nadu
2019-03-11,0.0,3.4300000000000006,4.3099999999999925,13.239999999999993,1.77,0,Coimbatore,Tamil Nadu
2019-03-12,0.0,1.7700000000000007,4.3099999999999925,13.239999999999993,1.77,0,Coimbatore,Tamil Nadu
2019-03-13,0.0,0.0,3.7699999999999925,13.239999999999993,0.0,0,Coimbatore,Tamil Nadu
2019-03-14,0.0,0.0,3.4399999999999924,13.239999999999993,0.0,0,Coimbatore,Tamil Nadu
2019-03-15,0.0,0.0,3.4299999999999926,13.139999999999993,0.0,0,Coimbatore,Tamil Nadu
2019-03-16,0.0,0.0,1.769999999999993,11.139999999999993,0.0,0,Coimbatore,Tamil Nadu
2019-03-17,0.0,0.0,0.0,4.389999999999992,0.0,0,Coimbatore,Tamil Nadu
2019-03-18,0.06,0.060000000000000664,0.05999999999999289,4.369999999999992,0.06,0,Coimbatore,Tamil Nadu
2019-03-19,0.14,0.20000000000000068,0.1999999999999929,4.509999999999992,0.14,0,Coimbatore,Tamil Nadu
2019-03-20,0.0,0.20000000000000068,0.1999999999999929,4.509999999999992,0.14,0,Coimbatore,Tamil Nadu
2019-03-21,0.0,0.14000000000000068,0.1999999999999929,3.9699999999999918,0.14,0,Coimbatore,Tamil Nadu
2019-03-22,0.0,0.0,0.1999999999999929,3.6399999999999917,0.0,0,Coimbatore,Tamil Nadu
2019-03-23,0.0,0.0,0.1999999999999929,3.629999999999992,0.0,0,Coimbatore,Tamil Nadu
2019-03-24,0.0,0.0,0.1999999999999929,1.969999999999992,0.0,0,Coimbatore,Tamil Nadu
2019-03-25,0.0,0.0,0.1399999999999929,0.19999999999999202,0.0,0,Coimbatore,Tamil Nadu
2019-03-26,0.01,0.010000000000000666,0.009999999999992895,0.20999999999999203,0.01,0,Coimbatore,Tamil Nadu
2019-03-27,0.05,0.06000000000000067,0.0599999999999929,0.259999999999992,0.05,0,Coimbatore,Tamil Nadu
2019-03-28,0.0,0.06000000000000067,0.0599999999999929,0.259999999999992,0.05,0,Coimbatore,Tamil Nadu
2019-03-29,0.0,0.05000000000000067,0.0599999999999929,0.259999999999992,0.05,0,Coimbatore,Tamil Nadu
2019-03-30,0.0,0.0,0.0599999999999929,0.259999999999992,0.0,0,Coimbatore,Tamil Nadu
2019-03-31,0.0,0.0,0.0599999999999929,0.259999999999992,0.0,0,Coimbatore,Tamil Nadu
2019-04-01,0.0,0.0,0.0599999999999929,0.259999999999992,0.0,0,Coimbatore,Tamil Nadu
2019-04-02,0.0,0.0,0.0499999999999929,0.19999999999999202,0.0,0,Coimbatore,Tamil Nadu
2019-04-03,0.0,0.0,0.0,0.05999999999999201,0.0,0,Coimbatore,Tamil Nadu
2019-04-04,0.0,0.0,0.0,0.05999999999999201,0.0,0,Coimbatore,Tamil Nadu
2019-04-05,0.04,0.04000000000000067,0.039999999999992895,0.09999999999999201,0.04,0,Coimbatore,Tamil Nadu
2019-04-06,0.06,0.10000000000000067,0.0999999999999929,0.159999999999992,0.06,0,Coimbatore,Tamil Nadu
2019-04-07,0.0,0.10000000000000067,0.0999999999999929,0.159999999999992,0.06,0,Coimbatore,Tamil Nadu
2019-04-08,0.13,0.19000000000000067,0.2299999999999929,0.28999999999999204,0.13,0,Coimbatore,Tamil Nadu
2019-04-09,0.45,0.5800000000000007,0.6799999999999929,0.739999999999992,0.45,0,Coimbatore,Tamil Nadu
2019-04-10,0.11,0.6900000000000007,0.7899999999999929,0.839999999999992,0.45,0,Coimbatore,Tamil Nadu
2019-04-11,0.0,0.5600000000000007,0.7899999999999929,0.7899999999999919,0.45,0,Coimbatore,Tamil Nadu
2019-04-12,0.0,0.11000000000000067,0.7499999999999929,0.7899999999999919,0.11,0,Coimbatore,Tamil Nadu
2019-04-13,0.0,0.0,0.689999999999993,0.7899999999999919,0.0,0,Coimbatore,Tamil Nadu
2019-04-14,0.0,0.0,0.689999999999993,0.7899999999999919,0.0,0,Coimbatore,Tamil Nadu
2019-04-15,0.0,0.0,0.559999999999993,0.7899999999999919,0.0,0,Coimbatore,Tamil Nadu
2019-04-16,1.79,1.7900000000000007,1.8999999999999928,2.579999999999992,1.79,0,Coimbatore,Tamil Nadu
2019-04-17,8.26,10.05,10.049999999999992,10.839999999999993,8.26,0,Coimbatore,Tamil Nadu
2019-04-18,5.85,15.9,15.899999999999991,16.68999999999999,8.26,0,Coimbatore,Tamil Nadu
2019-04-19,8.96,23.07,24.859999999999992,25.64999999999999,8.96,0,Coimbatore,Tamil Nadu
2019-04-20,16.22,31.03,41.07999999999999,41.82999999999999,16.22,0,Coimbatore,Tamil Nadu
2019-04-21,8.89,34.07,49.96999999999999,50.65999999999999,16.22,0,Coimbatore,Tamil Nadu
2019-04-22,9.75,34.86,59.71999999999999,60.40999999999999,16.22,0,Coimbatore,Tamil Nadu
2019-04-23,13.79,32.43,71.72,74.07,13.79,0,Coimbatore,Tamil Nadu
2019-04-24,0.43,23.97,63.889999999999986,74.05,13.79,0,Coimbatore,Tamil Nadu
2019-04-25,0.75,14.969999999999999,58.78999999999999,74.69,13.79,0,Coimbatore,Tamil Nadu
2019-04-26,0.77,1.95,50.599999999999994,75.46,0.77,0,Coimbatore,Tamil Nadu
2019-04-27,0.02,1.54,34.39999999999999,75.47999999999999,0.77,0,Coimbatore,Tamil Nadu
2019-04-28,0.0,0.79,25.50999999999999,75.47999999999999,0.77,0,Coimbatore,Tamil Nadu
2019-04-29,0.5,0.52,16.25999999999999,75.97999999999999,0.5,0,Coimbatore,Tamil Nadu
2019-04-30,0.84,1.3399999999999999,3.309999999999993,76.82,0.84,0,Coimbatore,Tamil Nadu
2019-05-01,2.13,3.4699999999999998,5.009999999999993,77.15999999999998,2.13,0,Coimbatore,Tamil Nadu
2019-05-02,0.29,3.26,4.549999999999993,69.19,2.13,0,Coimbatore,Tamil Nadu
2019-05-03,0.0,2.42,3.779999999999993,63.33999999999999,2.13,0,Coimbatore,Tamil Nadu
2019-05-04,0.0,0.29,3.759999999999993,54.37999999999999,0.29,0,Coimbatore,Tamil Nadu
2019-05-05,0.0,0.0,3.759999999999993,38.15999999999999,0.0,0,Coimbatore,Tamil Nadu
2019-05-06,0.22,0.22,3.4799999999999924,29.48999999999999,0.22,0,Coimbatore,Tamil Nadu
2019-05-07,1.11,1.33,3.749999999999993,20.84999999999999,1.11,0,Coimbatore,Tamil Nadu
2019-05-08,1.9,3.23,3.519999999999993,8.959999999999994,1.9,0,Coimbatore,Tamil Nadu
2019-05-09,2.01,5.02,5.239999999999993,10.539999999999992,2.01,0,Coimbatore,Tamil Nadu
2019-05-10,1.33,5.24,6.569999999999993,11.119999999999994,2.01,0,Coimbatore,Tamil Nadu
2019-05-11,1.03,4.37,7.5999999999999925,11.379999999999994,2.01,0,Coimbatore,Tamil Nadu
2019-05-12,0.98,3.34,8.579999999999993,12.339999999999993,1.33,0,Coimbatore,Tamil Nadu
2019-05-13,0.2,2.21,8.559999999999992,12.539999999999992,1.03,0,Coimbatore,Tamil Nadu
2019-05-14,0.96,2.1399999999999997,8.409999999999993,12.999999999999993,0.98,0,Coimbatore,Tamil Nadu
2019-05-15,8.62,9.78,15.129999999999992,20.77999999999999,8.62,0,Coimbatore,Tamil Nadu
2019-05-16,1.83,11.41,14.949999999999992,20.47999999999999,8.62,0,Coimbatore,Tamil Nadu
2019-05-17,1.23,11.68,14.849999999999993,21.41999999999999,8.62,0,Coimbatore,Tamil Nadu
2019-05-18,0.16,3.22,13.979999999999993,21.57999999999999,1.83,0,Coimbatore,Tamil Nadu
2019-05-19,0.02,1.41,13.019999999999992,21.59999999999999,1.23,0,Coimbatore,Tamil Nadu
2019-05-20,0.0,0.18,12.819999999999993,21.59999999999999,0.16,0,Coimbatore,Tamil Nadu
2019-05-21,0.44,0.45999999999999996,12.299999999999992,21.81999999999999,0.44,0,Coimbatore,Tamil Nadu
2019-05-22,0.21,0.65,3.889999999999993,20.91999999999999,0.44,0,Coimbatore,Tamil Nadu
2019-05-23,0.16,0.81,2.2199999999999926,19.179999999999993,0.44,0,Coimbatore,Tamil Nadu
2019-05-24,0.92,1.29,1.909999999999993,18.08999999999999,0.92,0,Coimbatore,Tamil Nadu
2019-05-25,2.91,3.99,4.659999999999993,19.66999999999999,2.91,0,Coimbatore,Tamil Nadu
2019-05-26,1.0,4.83,5.639999999999993,19.63999999999999,2.91,0,Coimbatore,Tamil Nadu
2019-05-27,0.33,4.24,5.969999999999993,18.98999999999999,2.91,0,Coimbatore,Tamil Nadu
2019-05-28,10.51,11.84,16.039999999999992,29.29999999999999,10.51,0,Coimbatore,Tamil Nadu
2019-05-29,10.06,20.9,25.889999999999993,38.39999999999999,10.51,0,Coimbatore,Tamil Nadu
2019-05-30,3.14,23.71,28.869999999999994,32.919999999999995,10.51,0,Coimbatore,Tamil Nadu
2019-05-31,4.73,17.93,32.67999999999999,35.81999999999999,10.06,0,Coimbatore,Tamil Nadu
2019-06-01,0.84,8.71,30.609999999999996,35.42999999999999,4.73,1,Coimbatore,Tamil Nadu
2019-06-02,4.47,10.04,34.08,39.739999999999995,4.73,1,Coimbatore,Tamil Nadu
2019-06-03,0.94,6.25,34.69,40.65999999999999,4.47,1,Coimbatore,Tamil Nadu
2019-06-04,10.61,16.02,34.78999999999999,51.269999999999996,10.61,1,Coimbatore,Tamil Nadu
2019-06-05,16.98,28.53,41.709999999999994,67.81,16.98,1,Coimbatore,Tamil Nadu
2019-06-06,4.55,32.14,43.11999999999999,72.15,16.98,1,Coimbatore,Tamil Nadu
2019-06-07,0.8,22.330000000000002,39.19,72.78999999999999,16.98,1,Coimbatore,Tamil Nadu
2019-06-08,0.71,6.06,39.059999999999995,72.57999999999998,4.55,1,Coimbatore,Tamil Nadu
2019-06-09,4.33,5.84,38.919999999999995,73.99999999999999,4.33,1,Coimbatore,Tamil Nadu
2019-06-10,5.86,10.9,43.839999999999996,78.85999999999999,5.86,1,Coimbatore,Tamil Nadu
2019-06-11,6.54,16.73,39.769999999999996,85.07,6.54,1,Coimbatore,Tamil Nadu
2019-06-12,2.58,14.98,25.369999999999994,77.13999999999999,6.54,1,Coimbatore,Tamil Nadu
2019-06-13,2.25,11.370000000000001,23.069999999999993,69.32999999999998,6.54,1,Coimbatore,Tamil Nadu
2019-06-14,5.33,10.16,27.59999999999999,71.52,5.33,1,Coimbatore,Tamil Nadu
2019-06-15,2.61,10.19,29.499999999999993,69.39999999999999,5.33,1,Coimbatore,Tamil Nadu
2019-06-16,0.48,8.42,25.64999999999999,69.03999999999999,5.33,1,Coimbatore,Tamil Nadu
2019-06-17,0.39,3.48,20.179999999999993,64.96,2.61,1,Coimbatore,Tamil Nadu
2019-06-18,1.77,2.64,15.409999999999993,65.78999999999999,1.77,1,Coimbatore,Tamil Nadu
2019-06-19,3.5,5.66,16.32999999999999,58.68,3.5,1,Coimbatore,Tamil Nadu
2019-06-20,2.38,7.65,16.459999999999994,44.07999999999999,3.5,1,Coimbatore,Tamil Nadu
2019-06-21,7.64,13.52,18.769999999999992,47.169999999999995,7.64,1,Coimbatore,Tamil Nadu
2019-06-22,7.88,17.9,24.039999999999992,54.24999999999999,7.88,1,Coimbatore,Tamil Nadu
2019-06-23,4.59,20.11,28.14999999999999,58.12999999999999,7.88,1,Coimbatore,Tamil Nadu
2019-06-24,3.16,15.629999999999999,30.919999999999995,56.959999999999994,7.88,1,Coimbatore,Tamil Nadu
2019-06-25,2.74,10.49,31.889999999999993,53.83999999999999,4.59,1,Coimbatore,Tamil Nadu
2019-06-26,0.73,6.630000000000001,29.119999999999994,48.029999999999994,3.16,1,Coimbatore,Tamil Nadu
2019-06-27,0.04,3.5100000000000002,26.779999999999994,45.489999999999995,2.74,1,Coimbatore,Tamil Nadu
2019-06-28,0.05,0.82,19.189999999999994,43.28999999999999,0.73,1,Coimbatore,Tamil Nadu
2019-06-29,0.07,0.16,11.379999999999994,38.02999999999999,0.07,1,Coimbatore,Tamil Nadu
2019-06-30,0.06,0.18,6.849999999999993,35.47999999999999,0.07,1,Coimbatore,Tamil Nadu
2019-07-01,0.08,0.21000000000000002,3.769999999999993,35.07999999999999,0.08,1,Coimbatore,Tamil Nadu
2019-07-02,4.46,4.6,5.489999999999993,39.14999999999999,4.46,1,Coimbatore,Tamil Nadu
2019-07-03,2.95,7.49,7.709999999999992,40.32999999999999,4.46,1,Coimbatore,Tamil Nadu
2019-07-04,8.14,15.55,15.809999999999993,44.96999999999999,8.14,1,Coimbatore,Tamil Nadu
2019-07-05,5.3,16.39,21.05999999999999,47.88999999999999,8.14,1,Coimbatore,Tamil Nadu
2019-07-06,6.06,19.5,27.04999999999999,46.309999999999995,8.14,1,Coimbatore,Tamil Nadu
2019-07-07,3.82,15.18,30.80999999999999,42.24999999999999,6.06,1,Coimbatore,Tamil Nadu
2019-07-08,3.63,13.509999999999998,34.35999999999999,41.29,6.06,1,Coimbatore,Tamil Nadu
2019-07-09,5.91,13.36,35.80999999999999,44.03999999999999,5.91,1,Coimbatore,Tamil Nadu
2019-07-10,3.7,13.239999999999998,36.559999999999995,45.0,5.91,1,Coimbatore,Tamil Nadu
2019-07-11,3.08,12.690000000000001,31.49999999999999,47.349999999999994,5.91,1,Coimbatore,Tamil Nadu
2019-07-12,0.55,7.33,26.74999999999999,47.85999999999999,3.7,1,Coimbatore,Tamil Nadu
2019-07-13,4.18,7.81,24.86999999999999,51.989999999999995,4.18,1,Coimbatore,Tamil Nadu
2019-07-14,6.05,10.78,27.09999999999999,57.97,6.05,1,Coimbatore,Tamil Nadu
2019-07-15,5.09,15.319999999999999,28.55999999999999,62.99999999999999,6.05,1,Coimbatore,Tamil Nadu
2019-07-16,3.81,14.950000000000001,26.45999999999999,66.72999999999999,6.05,1,Coimbatore,Tamil Nadu
2019-07-17,2.55,11.45,25.30999999999999,64.82,5.09,1,Coimbatore,Tamil Nadu
2019-07-18,10.3,16.66,32.52999999999999,72.16999999999999,10.3,1,Coimbatore,Tamil Nadu
2019-07-19,13.68,26.53,45.65999999999999,77.71,13.68,1,Coimbatore,Tamil Nadu
2019-07-20,8.95,32.93,50.42999999999999,81.36,13.68,1,Coimbatore,Tamil Nadu
2019-07-21,6.31,28.94,50.68999999999999,81.60999999999999,13.68,1,Coimbatore,Tamil Nadu
2019-07-22,8.2,23.46,53.79999999999998,85.99,8.95,1,Coimbatore,Tamil Nadu
2019-07-23,3.46,17.97,53.44999999999999,85.82,8.2,1,Coimbatore,Tamil Nadu
2019-07-24,7.76,19.42,58.65999999999999,87.66999999999999,8.2,1,Coimbatore,Tamil Nadu
2019-07-25,4.91,16.130000000000003,53.26999999999999,88.88,7.76,1,Coimbatore,Tamil Nadu
2019-07-26,2.36,15.030000000000001,41.94999999999999,88.16,7.76,1,Coimbatore,Tamil Nadu
2019-07-27,0.01,7.280000000000002,33.009999999999984,87.61999999999999,4.91,1,Coimbatore,Tamil Nadu
2019-07-28,0.65,3.020000000000002,27.349999999999987,84.08999999999999,2.36,1,Coimbatore,Tamil Nadu
2019-07-29,0.7,1.3600000000000017,19.84999999999999,78.74,0.7,1,Coimbatore,Tamil Nadu
2019-07-30,0.15,1.5000000000000018,16.53999999999999,73.79999999999998,0.7,1,Coimbatore,Tamil Nadu
2019-07-31,0.06,0.9100000000000017,8.839999999999991,70.05,0.7,1,Coimbatore,Tamil Nadu
2019-08-01,1.03,1.2400000000000018,4.959999999999989,68.52999999999999,1.03,1,Coimbatore,Tamil Nadu
2019-08-02,2.9,3.990000000000002,5.499999999999989,61.12999999999999,2.9,1,Coimbatore,Tamil Nadu
2019-08-03,1.28,5.210000000000002,6.76999999999999,48.72999999999999,2.9,1,Coimbatore,Tamil Nadu
2019-08-04,7.21,11.39,13.32999999999999,46.989999999999995,7.21,1,Coimbatore,Tamil Nadu
2019-08-05,8.18,16.67,20.809999999999988,48.85999999999999,8.18,1,Coimbatore,Tamil Nadu
2019-08-06,16.32,31.71,36.97999999999999,56.98,16.32,1,Coimbatore,Tamil Nadu
2019-08-07,17.85,42.35,54.769999999999996,71.37,17.85,1,Coimbatore,Tamil Nadu
2019-08-08,50.65,84.82,104.38999999999999,114.25999999999999,50.65,1,Coimbatore,Tamil Nadu
2019-08-09,44.38,112.88000000000001,145.86999999999998,153.73,50.65,1,Coimbatore,Tamil Nadu
2019-08-10,14.08,109.11,158.67,165.45,50.65,1,Coimbatore,Tamil Nadu
2019-08-11,4.52,62.980000000000004,155.97999999999996,169.95999999999998,44.38,1,Coimbatore,Tamil Nadu
2019-08-12,2.66,21.259999999999998,150.46,171.97,14.08,1,Coimbatore,Tamil Nadu
2019-08-13,8.46,15.64,142.59999999999997,179.73,8.46,1,Coimbatore,Tamil Nadu
2019-08-14,7.02,18.14,131.76999999999998,186.6,8.46,1,Coimbatore,Tamil Nadu
2019-08-15,1.51,16.990000000000002,82.63,188.04999999999998,8.46,1,Coimbatore,Tamil Nadu
2019-08-16,8.91,17.439999999999998,47.15999999999998,195.92999999999998,8.91,1,Coimbatore,Tamil Nadu
2019-08-17,4.55,14.969999999999999,37.62999999999999,197.57999999999998,8.91,1,Coimbatore,Tamil Nadu
2019-08-18,7.2,20.66,40.30999999999999,203.49999999999997,8.91,1,Coimbatore,Tamil Nadu
2019-08-19,7.6,19.35,45.249999999999986,203.89000000000001,7.6,1,Coimbatore,Tamil Nadu
2019-08-20,7.48,22.28,44.26999999999999,203.19,7.6,1,Coimbatore,Tamil Nadu
2019-08-21,7.99,23.07,45.23999999999998,194.86,7.99,1,Coimbatore,Tamil Nadu
2019-08-22,9.27,24.740000000000002,52.999999999999986,186.27999999999997,9.27,1,Coimbatore,Tamil Nadu
2019-08-23,4.19,21.45,48.27999999999999,139.82,9.27,1,Coimbatore,Tamil Nadu
2019-08-24,2.58,16.04,46.30999999999999,98.02,9.27,1,Coimbatore,Tamil Nadu
2019-08-25,4.03,10.8,43.139999999999986,87.97,4.19,1,Coimbatore,Tamil Nadu
2019-08-26,6.87,13.48,42.40999999999999,90.32,6.87,1,Coimbatore,Tamil Nadu
2019-08-27,4.68,15.58,39.609999999999985,92.33999999999999,6.87,1,Coimbatore,Tamil Nadu
2019-08-28,3.19,14.74,34.80999999999999,87.07,6.87,1,Coimbatore,Tamil Nadu
2019-08-29,14.49,22.36,40.02999999999999,94.53999999999999,14.49,1,Coimbatore,Tamil Nadu
2019-08-30,1.09,18.77,36.92999999999999,94.11999999999999,14.49,1,Coimbatore,Tamil Nadu
2019-08-31,3.01,18.59,37.359999999999985,88.22,14.49,1,Coimbatore,Tamil Nadu
2019-09-01,5.02,9.12,38.34999999999998,88.69,5.02,1,Coimbatore,Tamil Nadu
2019-09-02,8.36,16.39,39.83999999999998,89.85,8.36,1,Coimbatore,Tamil Nadu
2019-09-03,4.55,17.93,39.70999999999999,86.79999999999998,8.36,1,Coimbatore,Tamil Nadu
2019-09-04,3.99,16.9,40.509999999999984,83.31,8.36,1,Coimbatore,Tamil Nadu
2019-09-05,3.94,12.48,29.959999999999983,79.25999999999999,4.55,1,Coimbatore,Tamil Nadu
2019-09-06,5.63,13.559999999999999,34.499999999999986,75.61999999999999,5.63,1,Coimbatore,Tamil Nadu
2019-09-07,3.5,13.07,34.98999999999999,74.92999999999999,5.63,1,Coimbatore,Tamil Nadu
2019-09-08,8.42,17.549999999999997,38.389999999999986,80.77,8.42,1,Coimbatore,Tamil Nadu
2019-09-09,2.96,14.879999999999999,32.98999999999998,79.69999999999999,8.42,1,Coimbatore,Tamil Nadu
2019-09-10,3.99,15.369999999999997,32.429999999999986,76.82,8.42,1,Coimbatore,Tamil Nadu
2019-09-11,15.57,22.519999999999996,44.009999999999984,87.71,15.57,1,Coimbatore,Tamil Nadu
2019-09-12,6.0,25.559999999999995,46.069999999999986,90.51999999999998,15.57,1,Coimbatore,Tamil Nadu
2019-09-13,14.26,35.83,54.69999999999998,90.28999999999999,15.57,1,Coimbatore,Tamil Nadu
2019-09-14,2.53,22.79,53.72999999999998,91.72999999999999,14.26,1,Coimbatore,Tamil Nadu
2019-09-15,8.48,25.269999999999996,53.78999999999999,97.19999999999999,14.26,1,Coimbatore,Tamil Nadu
2019-09-16,10.67,21.68,61.499999999999986,102.84999999999998,10.67,1,Coimbatore,Tamil Nadu
2019-09-17,13.03,32.17999999999999,70.53999999999999,107.51999999999998,13.03,1,Coimbatore,Tamil Nadu
2019-09-18,7.31,31.009999999999998,62.27999999999999,110.27999999999999,13.03,1,Coimbatore,Tamil Nadu
2019-09-19,4.89,25.229999999999997,61.16999999999999,111.17999999999999,13.03,1,Coimbatore,Tamil Nadu
2019-09-20,0.72,12.919999999999998,47.62999999999999,107.96,7.31,1,Coimbatore,Tamil Nadu
2019-09-21,0.97,6.579999999999998,46.069999999999986,103.29999999999998,4.89,1,Coimbatore,Tamil Nadu
2019-09-22,9.88,11.57,47.469999999999985,109.67999999999998,9.88,1,Coimbatore,Tamil Nadu
2019-09-23,14.99,25.839999999999996,51.789999999999985,116.25,14.99,1,Coimbatore,Tamil Nadu
2019-09-24,14.2,39.07,52.95999999999999,127.49,14.99,1,Coimbatore,Tamil Nadu
2019-09-25,8.6,37.78999999999999,54.249999999999986,132.1,14.99,1,Coimbatore,Tamil Nadu
2019-09-26,2.26,25.059999999999995,51.61999999999998,118.78999999999999,14.2,1,Coimbatore,Tamil Nadu
2019-09-27,5.64,16.499999999999996,56.539999999999985,118.42999999999999,8.6,1,Coimbatore,Tamil Nadu
2019-09-28,6.85,14.749999999999996,62.41999999999998,111.02,6.85,1,Coimbatore,Tamil Nadu
2019-09-29,11.68,24.169999999999995,64.21999999999998,120.16999999999999,11.68,1,Coimbatore,Tamil Nadu
2019-09-30,12.84,31.369999999999997,62.069999999999986,124.52999999999999,12.84,1,Coimbatore,Tamil Nadu
2019-10-01,5.2,29.72,53.069999999999986,119.05999999999999,12.84,0,Coimbatore,Tamil Nadu
2019-10-02,4.67,22.709999999999997,49.13999999999998,110.69999999999999,12.84,0,Coimbatore,Tamil Nadu
2019-10-03,2.26,12.129999999999999,49.139999999999986,105.64999999999999,5.2,0,Coimbatore,Tamil Nadu
2019-10-04,1.09,8.019999999999998,44.58999999999998,101.84999999999998,4.67,0,Coimbatore,Tamil Nadu
2019-10-05,1.93,5.279999999999998,39.66999999999999,103.05999999999999,2.26,0,Coimbatore,Tamil Nadu
2019-10-06,4.04,7.059999999999999,32.02999999999999,106.12999999999998,4.04,0,Coimbatore,Tamil Nadu
2019-10-07,9.16,15.129999999999999,28.349999999999987,105.41,9.16,0,Coimbatore,Tamil Nadu
2019-10-08,6.62,19.82,29.769999999999985,97.03999999999999,9.16,0,Coimbatore,Tamil Nadu
2019-10-09,2.97,18.75,28.069999999999986,85.80999999999999,9.16,0,Coimbatore,Tamil Nadu
2019-10-10,0.61,10.2,26.419999999999987,77.81999999999998,6.62,0,Coimbatore,Tamil Nadu
2019-10-11,6.38,9.959999999999997,31.709999999999987,81.94,6.38,0,Coimbatore,Tamil Nadu
2019-10-12,10.49,17.479999999999997,40.26999999999999,86.78999999999999,10.49,0,Coimbatore,Tamil Nadu
2019-10-13,22.86,39.73,59.08999999999999,102.8,22.86,0,Coimbatore,Tamil Nadu
2019-10-14,6.92,40.269999999999996,56.84999999999999,98.03999999999999,22.86,0,Coimbatore,Tamil Nadu
2019-10-15,6.4,36.17999999999999,56.62999999999999,91.6,22.86,0,Coimbatore,Tamil Nadu
2019-10-16,26.98,40.3,80.63999999999999,113.37999999999998,26.98,0,Coimbatore,Tamil Nadu
2019-10-17,17.03,50.41,97.05999999999999,125.74,26.98,0,Coimbatore,Tamil Nadu
2019-10-18,29.15,73.16,119.82999999999998,152.63,29.15,0,Coimbatore,Tamil Nadu
2019-10-19,10.3,56.47999999999999,119.63999999999999,161.83999999999997,29.15,0,Coimbatore,Tamil Nadu
2019-10-20,25.3,64.75,122.07999999999998,185.20999999999998,29.15,0,Coimbatore,Tamil Nadu
2019-10-21,19.85,55.45,135.01,201.01999999999998,25.3,0,Coimbatore,Tamil Nadu
2019-10-22,4.77,49.92,133.38,196.63,25.3,0,Coimbatore,Tamil Nadu
2019-10-23,7.71,32.33,114.10999999999999,197.72,19.85,0,Coimbatore,Tamil Nadu
2019-10-24,4.12,16.599999999999994,101.19999999999999,198.87,7.71,0,Coimbatore,Tamil Nadu
2019-10-25,2.77,14.599999999999996,74.81999999999998,201.03,7.71,0,Coimbatore,Tamil Nadu
2019-10-26,1.47,8.359999999999996,65.98999999999998,196.11999999999998,4.12,0,Coimbatore,Tamil Nadu
2019-10-27,0.22,4.459999999999996,40.90999999999999,185.85,2.77,0,Coimbatore,Tamil Nadu
2019-10-28,1.03,2.719999999999996,22.089999999999986,164.01999999999998,1.47,0,Coimbatore,Tamil Nadu
2019-10-29,7.06,8.309999999999995,24.379999999999985,164.16,7.06,0,Coimbatore,Tamil Nadu
2019-10-30,39.7,47.79,56.36999999999999,197.46,39.7,0,Coimbatore,Tamil Nadu
2019-10-31,11.78,58.54,64.02999999999999,182.26000000000002,39.7,0,Coimbatore,Tamil Nadu
2019-11-01,0.49,51.97,61.749999999999986,165.72,39.7,0,Coimbatore,Tamil Nadu
2019-11-02,1.98,14.25,62.25999999999999,138.55,11.78,0,Coimbatore,Tamil Nadu
2019-11-03,9.76,12.23,71.8,138.01,9.76,0,Coimbatore,Tamil Nadu
2019-11-04,3.29,15.030000000000001,74.05999999999999,116.0,9.76,0,Coimbatore,Tamil Nadu
2019-11-05,0.29,13.34,67.28999999999999,96.44,9.76,0,Coimbatore,Tamil Nadu
2019-11-06,0.9,4.48,28.489999999999984,92.57,3.29,0,Coimbatore,Tamil Nadu
2019-11-07,3.53,4.72,20.239999999999988,88.39,3.53,0,Coimbatore,Tamil Nadu
2019-11-08,4.9,9.33,24.649999999999984,89.16999999999999,4.9,0,Coimbatore,Tamil Nadu
2019-11-09,8.11,16.54,30.779999999999987,94.50999999999999,8.11,0,Coimbatore,Tamil Nadu
2019-11-10,10.11,23.119999999999997,31.12999999999999,103.14999999999999,10.11,0,Coimbatore,Tamil Nadu
2019-11-11,6.4,24.62,34.23999999999998,109.33,10.11,0,Coimbatore,Tamil Nadu
2019-11-12,1.52,18.029999999999998,35.469999999999985,109.82,10.11,0,Coimbatore,Tamil Nadu
2019-11-13,0.05,7.970000000000001,34.61999999999998,102.80999999999999,6.4,0,Coimbatore,Tamil Nadu
2019-11-14,2.33,3.9,33.41999999999999,65.44,2.33,0,Coimbatore,Tamil Nadu
2019-11-15,5.2,7.58,33.719999999999985,58.85999999999999,5.2,0,Coimbatore,Tamil Nadu
2019-11-16,3.69,11.22,29.299999999999986,62.059999999999995,5.2,0,Coimbatore,Tamil Nadu
2019-11-17,0.79,9.68,19.979999999999983,60.86999999999999,5.2,0,Coimbatore,Tamil Nadu
2019-11-18,2.24,6.720000000000001,15.819999999999986,53.349999999999994,3.69,0,Coimbatore,Tamil Nadu
2019-11-19,1.4,4.43,15.699999999999985,51.459999999999994,2.24,0,Coimbatore,Tamil Nadu
2019-11-20,6.73,10.370000000000001,22.379999999999985,57.9,6.73,0,Coimbatore,Tamil Nadu
2019-11-21,3.65,11.78,23.69999999999999,60.64999999999999,6.73,0,Coimbatore,Tamil Nadu
2019-11-22,1.61,11.99,20.109999999999985,58.72999999999999,6.73,0,Coimbatore,Tamil Nadu
2019-11-23,0.48,5.739999999999999,16.899999999999988,54.30999999999999,3.65,0,Coimbatore,Tamil Nadu
2019-11-24,0.5,2.589999999999999,16.60999999999999,46.69999999999999,1.61,0,Coimbatore,Tamil Nadu
2019-11-25,0.14,1.1199999999999992,14.509999999999986,36.72999999999999,0.5,0,Coimbatore,Tamil Nadu
2019-11-26,0.72,1.359999999999999,13.829999999999986,31.049999999999994,0.72,0,Coimbatore,Tamil Nadu
2019-11-27,2.43,3.289999999999999,9.529999999999987,31.959999999999994,2.43,0,Coimbatore,Tamil Nadu
2019-11-28,2.6,5.749999999999999,8.479999999999986,34.50999999999999,2.6,0,Coimbatore,Tamil Nadu
2019-11-29,6.02,11.049999999999999,12.889999999999986,38.199999999999996,6.02,0,Coimbatore,Tamil Nadu
2019-11-30,4.04,12.66,16.449999999999985,37.03999999999999,6.02,0,Coimbatore,Tamil Nadu
2019-12-01,16.97,27.029999999999998,32.91999999999999,50.31999999999999,16.97,0,Coimbatore,Tamil Nadu
2019-12-02,16.32,37.33,49.09999999999998,65.85,16.97,0,Coimbatore,Tamil Nadu
2019-12-03,2.61,35.9,50.98999999999999,66.22,16.97,0,Coimbatore,Tamil Nadu
2019-12-04,0.66,19.59,49.219999999999985,65.47999999999999,16.32,0,Coimbatore,Tamil Nadu
2019-12-05,0.25,3.52,46.86999999999998,58.99999999999999,2.61,0,Coimbatore,Tamil Nadu
2019-12-06,0.05,0.9600000000000001,40.89999999999998,55.39999999999999,0.66,0,Coimbatore,Tamil Nadu
2019-12-07,1.05,1.35,37.90999999999998,54.83999999999999,1.05,0,Coimbatore,Tamil Nadu
2019-12-08,0.33,1.4300000000000002,21.269999999999985,54.69,1.05,0,Coimbatore,Tamil Nadu
2019-12-09,0.2,1.58,5.149999999999986,54.38999999999999,1.05,0,Coimbatore,Tamil Nadu
2019-12-10,0.05,0.5800000000000001,2.5899999999999856,54.3,0.33,0,Coimbatore,Tamil Nadu
2019-12-11,0.0,0.25,1.9299999999999857,53.58,0.2,0,Coimbatore,Tamil Nadu
2019-12-12,0.0,0.05,1.679999999999986,51.14999999999999,0.05,0,Coimbatore,Tamil Nadu
2019-12-13,0.84,0.84,2.469999999999986,49.38999999999999,0.84,0,Coimbatore,Tamil Nadu
2019-12-14,10.72,11.56,12.139999999999986,54.08999999999999,10.72,0,Coimbatore,Tamil Nadu
2019-12-15,1.26,12.82,13.069999999999986,51.309999999999995,10.72,0,Coimbatore,Tamil Nadu
2019-12-16,0.0,11.98,12.869999999999987,34.339999999999996,10.72,0,Coimbatore,Tamil Nadu
2019-12-17,0.17,1.43,12.989999999999986,18.189999999999994,1.26,0,Coimbatore,Tamil Nadu
2019-12-18,0.07,0.24000000000000002,13.059999999999986,15.649999999999993,0.17,0,Coimbatore,Tamil Nadu
2019-12-19,0.01,0.25,13.069999999999986,14.999999999999993,0.17,0,Coimbatore,Tamil Nadu
2019-12-20,0.0,0.08,12.229999999999986,14.749999999999993,0.07,0,Coimbatore,Tamil Nadu
2019-12-21,0.0,0.01,1.5099999999999858,14.699999999999992,0.01,0,Coimbatore,Tamil Nadu
2019-12-22,0.0,0.0,0.24999999999998582,13.649999999999993,0.0,0,Coimbatore,Tamil Nadu
2019-12-23,0.0,0.0,0.24999999999998582,13.319999999999993,0.0,0,Coimbatore,Tamil Nadu
2019-12-24,0.73,0.73,0.8099999999999858,13.849999999999993,0.73,0,Coimbatore,Tamil Nadu
2019-12-25,2.88,3.61,3.619999999999986,16.679999999999993,2.88,0,Coimbatore,Tamil Nadu
2019-12-26,0.21,3.82,3.819999999999986,16.889999999999993,2.88,0,Coimbatore,Tamil Nadu
2019-12-27,0.0,3.09,3.819999999999986,16.889999999999993,2.88,0,Coimbatore,Tamil Nadu
2019-12-28,0.0,0.21,3.819999999999986,16.049999999999994,0.21,0,Coimbatore,Tamil Nadu
2019-12-29,0.0,0.0,3.819999999999986,5.329999999999993,0.0,0,Coimbatore,Tamil Nadu
2019-12-30,0.07,0.07,3.889999999999986,4.1399999999999935,0.07,0,Coimbatore,Tamil Nadu
2019-12-31,0.89,0.96,4.0499999999999865,5.029999999999993,0.89,0,Coimbatore,Tamil Nadu
2020-01-01,0.39,1.35,1.5599999999999863,5.249999999999993,0.89,0,Coimbatore,Tamil Nadu
2020-01-02,0.0,1.28,1.3499999999999863,5.179999999999993,0.89,0,Coimbatore,Tamil Nadu
2020-01-03,0.0,0.3900000000000001,1.3499999999999863,5.169999999999993,0.39,0,Coimbatore,Tamil Nadu
2020-01-04,0.0,0.0,1.3499999999999863,5.169999999999993,0.0,0,Coimbatore,Tamil Nadu
2020-01-05,0.0,0.0,1.3499999999999863,5.169999999999993,0.0,0,Coimbatore,Tamil Nadu
2020-01-06,0.01,0.010000000000000111,1.2899999999999863,5.1799999999999935,0.01,0,Coimbatore,Tamil Nadu
2020-01-07,0.01,0.02000000000000011,0.40999999999998626,5.189999999999993,0.01,0,Coimbatore,Tamil Nadu
2020-01-08,0.0,0.02000000000000011,0.019999999999986234,4.459999999999993,0.01,0,Coimbatore,Tamil Nadu
2020-01-09,0.0,0.010000000000000111,0.019999999999986234,1.579999999999993,0.01,0,Coimbatore,Tamil Nadu
2020-01-10,0.0,0.0,0.019999999999986234,1.369999999999993,0.0,0,Coimbatore,Tamil Nadu
2020-01-11,0.0,0.0,0.019999999999986234,1.369999999999993,0.0,0,Coimbatore,Tamil Nadu
2020-01-12,0.0,0.0,0.019999999999986234,1.369999999999993,0.0,0,Coimbatore,Tamil Nadu
2020-01-13,0.0,0.0,0.009999999999986233,1.369999999999993,0.0,0,Coimbatore,Tamil Nadu
2020-01-14,0.0,0.0,0.0,1.299999999999993,0.0,0,Coimbatore,Tamil Nadu
2020-01-15,0.0,0.0,0.0,0.4099999999999929,0.0,0,Coimbatore,Tamil Nadu
2020-01-16,0.0,0.0,0.0,0.019999999999992895,0.0,0,Coimbatore,Tamil Nadu
2020-01-17,0.03,0.03000000000000011,0.029999999999986232,0.0499999999999929,0.03,0,Coimbatore,Tamil Nadu
2020-01-18,1.18,1.21,1.2099999999999862,1.2299999999999929,1.18,0,Coimbatore,Tamil Nadu
2020-01-19,3.06,4.27,4.269999999999986,4.289999999999993,3.06,0,Coimbatore,Tamil Nadu
2020-01-20,0.04,4.279999999999999,4.309999999999986,4.329999999999993,3.06,0,Coimbatore,Tamil Nadu
2020-01-21,0.0,3.1,4.309999999999986,4.319999999999993,3.06,0,Coimbatore,Tamil Nadu
2020-01-22,0.0,0.04,4.309999999999986,4.309999999999993,0.04,0,Coimbatore,Tamil Nadu
2020-01-23,0.0,0.0,4.309999999999986,4.309999999999993,0.0,0,Coimbatore,Tamil Nadu
2020-01-24,0.0,0.0,4.279999999999986,4.309999999999993,0.0,0,Coimbatore,Tamil Nadu
2020-01-25,0.0,0.0,3.0999999999999863,4.309999999999993,0.0,0,Coimbatore,Tamil Nadu
2020-01-26,0.0,0.0,0.039999999999986234,4.309999999999993,0.0,0,Coimbatore,Tamil Nadu
2020-01-27,0.0,0.0,0.0,4.309999999999993,0.0,0,Coimbatore,Tamil Nadu
2020-01-28,0.0,0.0,0.0,4.309999999999993,0.0,0,Coimbatore,Tamil Nadu
2020-01-29,0.0,0.0,0.0,4.309999999999993,0.0,0,Coimbatore,Tamil Nadu
2020-01-30,0.0,0.0,0.0,4.309999999999993,0.0,0,Coimbatore,Tamil Nadu
2020-01-31,0.0,0.0,0.0,4.309999999999993,0.0,0,Coimbatore,Tamil Nadu
2020-02-01,0.0,0.0,0.0,4.279999999999993,0.0,0,Coimbatore,Tamil Nadu
2020-02-02,0.0,0.0,0.0,3.099999999999993,0.0,0,Coimbatore,Tamil Nadu
2020-02-03,0.0,0.0,0.0,0.039999999999992895,0.0,0,Coimbatore,Tamil Nadu
2020-02-04,0.01,0.01,0.009999999999986233,0.009999999999992895,0.01,0,Coimbatore,Tamil Nadu
2020-02-05,1.35,1.36,1.3599999999999863,1.359999999999993,1.35,0,Coimbatore,Tamil Nadu
2020-02-06,0.56,1.9200000000000002,1.9199999999999864,1.919999999999993,1.35,0,Coimbatore,Tamil Nadu
2020-02-07,0.62,2.5300000000000002,2.5399999999999863,2.539999999999993,1.35,0,Coimbatore,Tamil Nadu
2020-02-08,0.0,1.1800000000000002,2.5399999999999863,2.539999999999993,0.62,0,Coimbatore,Tamil Nadu
2020-02-09,0.29,0.9099999999999999,2.8299999999999863,2.829999999999993,0.62,0,Coimbatore,Tamil Nadu
2020-02-10,0.21,0.5,3.0399999999999863,3.039999999999993,0.29,0,Coimbatore,Tamil Nadu
2020-02-11,0.0,0.5,3.0299999999999865,3.039999999999993,0.29,0,Coimbatore,Tamil Nadu
2020-02-12,0.0,0.21,1.6799999999999862,3.039999999999993,0.21,0,Coimbatore,Tamil Nadu
2020-02-13,0.0,0.0,1.1199999999999861,3.039999999999993,0.0,0,Coimbatore,Tamil Nadu
2020-02-14,0.0,0.0,0.49999999999998623,3.039999999999993,0.0,0,Coimbatore,Tamil Nadu
2020-02-15,0.0,0.0,0.49999999999998623,3.039999999999993,0.0,0,Coimbatore,Tamil Nadu
2020-02-16,0.0,0.0,0.20999999999998623,3.039999999999993,0.0,0,Coimbatore,Tamil Nadu
2020-02-17,0.0,0.0,0.0,3.039999999999993,0.0,0,Coimbatore,Tamil Nadu
2020-02-18,0.0,0.0,0.0,3.039999999999993,0.0,0,Coimbatore,Tamil Nadu
2020-02-19,0.0,0.0,0.0,3.029999999999993,0.0,0,Coimbatore,Tamil Nadu
2020-02-20,0.0,0.0,0.0,1.6799999999999928,0.0,0,Coimbatore,Tamil Nadu
2020-02-21,0.0,0.0,0.0,1.1199999999999928,0.0,0,Coimbatore,Tamil Nadu
2020-02-22,0.0,0.0,0.0,0.4999999999999929,0.0,0,Coimbatore,Tamil Nadu
2020-02-23,0.0,0.0,0.0,0.4999999999999929,0.0,0,Coimbatore,Tamil Nadu
2020-02-24,0.0,0.0,0.0,0.2099999999999929,0.0,0,Coimbatore,Tamil Nadu
2020-02-25,0.0,0.0,0.0,0.0,0.0,0,Coimbatore,Tamil Nadu
2020-02-26,0.01,0.01,0.009999999999986233,0.009999999999992895,0.01,0,Coimbatore,Tamil Nadu
2020-02-27,0.11,0.12,0.11999999999998623,0.11999999999999289,0.11,0,Coimbatore,Tamil Nadu
2020-02-28,0.07,0.19,0.18999999999998624,0.1899999999999929,0.11,0,Coimbatore,Tamil Nadu
2020-02-29,0.09,0.27,0.27999999999998626,0.2799999999999929,0.11,0,Coimbatore,Tamil Nadu
2020-03-01,1.22,1.38,1.4999999999999862,1.499999999999993,1.22,0,Coimbatore,Tamil Nadu
2020-03-02,3.55,4.859999999999999,5.0499999999999865,5.049999999999993,3.55,0,Coimbatore,Tamil Nadu
2020-03-03,0.59,5.359999999999999,5.639999999999986,5.639999999999993,3.55,0,Coimbatore,Tamil Nadu
2020-03-04,0.52,4.66,6.149999999999986,6.159999999999993,3.55,0,Coimbatore,Tamil Nadu
2020-03-05,0.22,1.33,6.259999999999986,6.379999999999993,0.59,0,Coimbatore,Tamil Nadu
2020-03-06,0.02,0.76,6.209999999999986,6.399999999999992,0.52,0,Coimbatore,Tamil Nadu
2020-03-07,0.0,0.24,6.119999999999986,6.399999999999992,0.22,0,Coimbatore,Tamil Nadu
2020-03-08,0.79,0.81,5.689999999999986,7.189999999999992,0.79,0,Coimbatore,Tamil Nadu
2020-03-09,0.27,1.06,2.4099999999999864,7.459999999999993,0.79,0,Coimbatore,Tamil Nadu
2020-03-10,0.0,1.06,1.8199999999999865,7.459999999999993,0.79,0,Coimbatore,Tamil Nadu
2020-03-11,0.51,0.78,1.8099999999999863,7.969999999999993,0.51,0,Coimbatore,Tamil Nadu
2020-03-12,1.07,1.58,2.6599999999999864,9.029999999999994,1.07,0,Coimbatore,Tamil Nadu
2020-03-13,0.0,1.58,2.6399999999999864,8.919999999999995,1.07,0,Coimbatore,Tamil Nadu
2020-03-14,0.0,1.07,2.6399999999999864,8.849999999999994,1.07,0,Coimbatore,Tamil Nadu
2020-03-15,0.0,0.0,1.8499999999999863,8.759999999999994,0.0,0,Coimbatore,Tamil Nadu
2020-03-16,0.0,0.0,1.5799999999999863,7.539999999999993,0.0,0,Coimbatore,Tamil Nadu
2020-03-17,0.0,0.0,1.5799999999999863,3.989999999999993,0.0,0,Coimbatore,Tamil Nadu
2020-03-18,0.0,0.0,1.0699999999999865,3.3999999999999932,0.0,0,Coimbatore,Tamil Nadu
2020-03-19,0.0,0.0,0.0,2.8799999999999932,0.0,0,Coimbatore,Tamil Nadu
2020-03-20,1.0,1.0,0.9999999999999862,3.659999999999993,1.0,0,Coimbatore,Tamil Nadu
2020-03-21,4.33,5.33,5.329999999999986,7.9699999999999935,4.33,0,Coimbatore,Tamil Nadu
2020-03-22,0.33,5.66,5.659999999999986,8.299999999999994,4.33,0,Coimbatore,Tamil Nadu
2020-03-23,0.32,4.98,5.979999999999986,7.829999999999994,4.33,0,Coimbatore,Tamil Nadu
2020-03-24,0.07,0.72,6.049999999999986,7.629999999999994,0.33,0,Coimbatore,Tamil Nadu
2020-03-25,0.09,0.48,6.1399999999999855,7.7199999999999935,0.32,0,Coimbatore,Tamil Nadu
2020-03-26,0.01,0.17,6.149999999999986,7.2199999999999935,0.09,0,Coimbatore,Tamil Nadu
2020-03-27,0.0,0.09999999999999999,5.149999999999986,6.149999999999993,0.09,0,Coimbatore,Tamil Nadu
2020-03-28,0.01,0.02,0.8299999999999859,6.159999999999993,0.01,0,Coimbatore,Tamil Nadu
2020-03-29,0.05,0.060000000000000005,0.5499999999999858,6.209999999999993,0.05,0,Coimbatore,Tamil Nadu
2020-03-30,0.17,0.23,0.3999999999999858,6.379999999999994,0.17,0,Coimbatore,Tamil Nadu
2020-03-31,0.33,0.55,0.6599999999999858,6.709999999999994,0.33,0,Coimbatore,Tamil Nadu
2020-04-01,0.0,0.49999999999999994,0.5699999999999859,6.709999999999994,0.33,0,Coimbatore,Tamil Nadu
2020-04-02,0.0,0.32999999999999996,0.5599999999999858,6.709999999999994,0.33,0,Coimbatore,Tamil Nadu
2020-04-03,0.0,0.0,0.5599999999999858,6.709999999999994,0.0,0,Coimbatore,Tamil Nadu
2020-04-04,0.0,0.0,0.5499999999999858,5.709999999999994,0.0,0,Coimbatore,Tamil Nadu
2020-04-05,0.28,0.28,0.7799999999999858,1.659999999999994,0.28,0,Coimbatore,Tamil Nadu
2020-04-06,1.56,1.84,2.1699999999999857,2.889999999999994,1.56,0,Coimbatore,Tamil Nadu
2020-04-07,2.87,4.71,4.709999999999986,5.439999999999994,2.87,0,Coimbatore,Tamil Nadu
2020-04-08,0.47,4.8999999999999995,5.1799999999999855,5.839999999999994,2.87,0,Coimbatore,Tamil Nadu
2020-04-09,5.25,8.59,10.429999999999986,10.999999999999993,5.25,0,Coimbatore,Tamil Nadu
2020-04-10,0.28,6.0,10.709999999999985,11.269999999999994,5.25,0,Coimbatore,Tamil Nadu
2020-04-11,0.39,5.92,11.099999999999985,11.659999999999995,5.25,0,Coimbatore,Tamil Nadu
2020-04-12,0.41,1.08,11.229999999999986,12.059999999999993,0.41,0,Coimbatore,Tamil Nadu
2020-04-13,0.0,0.8,9.669999999999986,12.009999999999993,0.41,0,Coimbatore,Tamil Nadu
2020-04-14,0.01,0.42,6.809999999999985,11.849999999999994,0.41,0,Coimbatore,Tamil Nadu
2020-04-15,0.02,0.03,6.359999999999986,11.539999999999994,0.02,0,Coimbatore,Tamil Nadu
2020-04-16,0.07,0.1,1.1799999999999857,11.609999999999994,0.07,0,Coimbatore,Tamil Nadu
2020-04-17,0.19,0.28,1.0899999999999859,11.799999999999994,0.19,0,Coimbatore,Tamil Nadu
2020-04-18,0.24,0.5,0.9399999999999857,12.039999999999994,0.24,0,Coimbatore,Tamil Nadu
2020-04-19,0.05,0.48,0.5799999999999859,12.089999999999993,0.24,0,Coimbatore,Tamil Nadu
2020-04-20,0.28,0.5700000000000001,0.8599999999999859,12.089999999999995,0.28,0,Coimbatore,Tamil Nadu
2020-04-21,0.69,1.02,1.5399999999999858,11.219999999999994,0.69,0,Coimbatore,Tamil Nadu
2020-04-22,1.71,2.6799999999999997,3.2299999999999858,10.059999999999995,1.71,0,Coimbatore,Tamil Nadu
2020-04-23,1.13,3.5300000000000002,4.289999999999986,10.719999999999994,1.71,0,Coimbatore,Tamil Nadu
2020-04-24,0.89,3.7299999999999995,4.989999999999985,6.359999999999993,1.71,0,Coimbatore,Tamil Nadu
2020-04-25,0.57,2.59,5.319999999999985,6.649999999999993,1.13,0,Coimbatore,Tamil Nadu
2020-04-26,5.06,6.52,10.329999999999984,11.319999999999993,5.06,0,Coimbatore,Tamil Nadu
2020-04-27,1.09,6.72,11.139999999999986,11.999999999999993,5.06,0,Coimbatore,Tamil Nadu
2020-04-28,2.52,8.67,12.969999999999985,14.519999999999992,5.06,0,Coimbatore,Tamil Nadu
2020-04-29,10.54,14.149999999999999,21.799999999999983,25.04999999999999,10.54,0,Coimbatore,Tamil Nadu
2020-04-30,0.12,13.179999999999998,20.789999999999985,25.14999999999999,10.54,0,Coimbatore,Tamil Nadu
2020-05-01,4.3,14.959999999999997,24.199999999999985,29.379999999999992,10.54,0,Coimbatore,Tamil Nadu
2020-05-02,2.04,6.459999999999998,25.669999999999984,31.22999999999999,4.3,0,Coimbatore,Tamil Nadu
2020-05-03,0.48,6.8199999999999985,21.089999999999986,31.46999999999999,4.3,0,Coimbatore,Tamil Nadu
2020-05-04,0.2,2.7199999999999984,20.199999999999985,31.61999999999999,2.04,0,Coimbatore,Tamil Nadu
2020-05-05,0.14,0.8199999999999983,17.819999999999986,31.47999999999999,0.48,0,Coimbatore,Tamil Nadu
2020-05-06,2.48,2.8199999999999985,9.759999999999986,33.269999999999996,2.48,0,Coimbatore,Tamil Nadu
2020-05-07,3.63,6.249999999999998,13.269999999999985,35.18999999999999,3.63,0,Coimbatore,Tamil Nadu
2020-05-08,2.88,8.989999999999998,11.849999999999985,36.93999999999999,3.63,0,Coimbatore,Tamil Nadu
2020-05-09,0.07,6.579999999999997,9.879999999999985,36.11999999999999,3.63,0,Coimbatore,Tamil Nadu
2020-05-10,0.12,3.069999999999998,9.519999999999985,35.669999999999995,2.88,0,Coimbatore,Tamil Nadu
2020-05-11,0.18,0.3699999999999982,9.499999999999984,30.789999999999992,0.18,0,Coimbatore,Tamil Nadu
2020-05-12,0.46,0.7599999999999982,9.819999999999986,30.159999999999993,0.46,0,Coimbatore,Tamil Nadu
2020-05-13,0.37,1.0099999999999982,7.709999999999986,28.009999999999994,0.46,0,Coimbatore,Tamil Nadu
2020-05-14,0.26,1.0899999999999983,4.339999999999986,17.72999999999999,0.46,0,Coimbatore,Tamil Nadu
2020-05-15,0.88,1.5099999999999982,2.3399999999999856,18.489999999999995,0.88,0,Coimbatore,Tamil Nadu
2020-05-16,0.72,1.8599999999999983,2.989999999999986,14.909999999999993,0.88,0,Coimbatore,Tamil Nadu
2020-05-17,4.66,6.259999999999998,7.529999999999986,17.529999999999994,4.66,0,Coimbatore,Tamil Nadu
2020-05-18,5.75,11.129999999999999,13.099999999999987,22.799999999999994,5.75,0,Coimbatore,Tamil Nadu
2020-05-19,1.1,11.509999999999998,13.739999999999986,23.699999999999996,5.75,0,Coimbatore,Tamil Nadu
2020-05-20,0.42,7.269999999999998,13.789999999999987,23.979999999999993,5.75,0,Coimbatore,Tamil Nadu
2020-05-21,2.28,3.799999999999997,15.809999999999986,23.779999999999994,2.28,0,Coimbatore,Tamil Nadu
2020-05-22,0.44,3.139999999999997,15.369999999999985,20.589999999999993,2.28,0,Coimbatore,Tamil Nadu
2020-05-23,0.03,2.7499999999999973,14.679999999999986,17.739999999999995,2.28,0,Coimbatore,Tamil Nadu
2020-05-24,0.51,0.9799999999999973,10.529999999999985,18.179999999999996,0.51,0,Coimbatore,Tamil Nadu
2020-05-25,2.86,3.3999999999999972,7.6399999999999855,20.919999999999995,2.86,0,Coimbatore,Tamil Nadu
2020-05-26,0.92,4.289999999999997,7.459999999999985,21.659999999999993,2.86,0,Coimbatore,Tamil Nadu
2020-05-27,2.02,5.799999999999997,9.059999999999985,23.21999999999999,2.86,0,Coimbatore,Tamil Nadu
2020-05-28,19.29,22.229999999999997,26.069999999999986,42.139999999999986,19.29,0,Coimbatore,Tamil Nadu
2020-05-29,4.0,25.309999999999995,29.629999999999985,45.879999999999995,19.29,0,Coimbatore,Tamil Nadu
2020-05-30,2.47,25.759999999999994,32.069999999999986,47.46999999999999,19.29,0,Coimbatore,Tamil Nadu
2020-05-31,1.77,8.239999999999997,33.329999999999984,48.51999999999999,4.0,0,Coimbatore,Tamil Nadu
2020-06-01,3.16,7.399999999999997,33.62999999999999,47.01999999999999,3.16,1,Coimbatore,Tamil Nadu
2020-06-02,9.91,14.839999999999996,42.61999999999998,51.17999999999999,9.91,1,Coimbatore,Tamil Nadu
2020-06-03,1.48,14.549999999999997,42.07999999999999,51.559999999999995,9.91,1,Coimbatore,Tamil Nadu
2020-06-04,5.93,17.319999999999997,28.719999999999985,57.06999999999999,9.91,1,Coimbatore,Tamil Nadu
2020-06-05,5.15,12.559999999999997,29.869999999999987,59.93999999999999,5.93,1,Coimbatore,Tamil Nadu
2020-06-06,5.71,16.789999999999996,33.109999999999985,65.21,5.93,1,Coimbatore,Tamil Nadu
2020-06-07,5.07,15.929999999999996,36.40999999999998,70.24999999999999,5.71,1,Coimbatore,Tamil Nadu
2020-06-08,0.14,10.919999999999996,33.389999999999986,69.87999999999998,5.71,1,Coimbatore,Tamil Nadu
2020-06-09,2.1,7.309999999999997,25.579999999999984,69.11999999999999,5.07,1,Coimbatore,Tamil Nadu
2020-06-10,3.29,5.529999999999997,27.389999999999986,71.48999999999998,3.29,1,Coimbatore,Tamil Nadu
2020-06-11,0.86,6.249999999999997,22.31999999999999,70.32999999999998,3.29,1,Coimbatore,Tamil Nadu
2020-06-12,2.91,7.059999999999997,20.079999999999988,53.949999999999996,3.29,1,Coimbatore,Tamil Nadu
2020-06-13,1.95,5.719999999999996,16.319999999999986,51.89999999999999,2.91,1,Coimbatore,Tamil Nadu
2020-06-14,3.16,8.019999999999996,14.409999999999986,52.58999999999999,3.16,1,Coimbatore,Tamil Nadu
2020-06-15,1.61,6.719999999999996,15.879999999999987,52.42999999999999,3.16,1,Coimbatore,Tamil Nadu
2020-06-16,3.7,8.469999999999997,17.479999999999986,52.96999999999999,3.7,1,Coimbatore,Tamil Nadu
2020-06-17,2.68,7.989999999999997,16.869999999999987,45.739999999999995,3.7,1,Coimbatore,Tamil Nadu
2020-06-18,2.0,8.379999999999997,18.009999999999987,46.25999999999999,3.7,1,Coimbatore,Tamil Nadu
2020-06-19,1.77,6.449999999999997,16.869999999999987,42.099999999999994,2.68,1,Coimbatore,Tamil Nadu
2020-06-20,0.64,4.409999999999997,15.559999999999986,37.589999999999996,2.0,1,Coimbatore,Tamil Nadu
2020-06-21,3.67,6.0799999999999965,16.069999999999986,35.54999999999999,3.67,1,Coimbatore,Tamil Nadu
2020-06-22,2.98,7.289999999999997,17.439999999999987,33.459999999999994,3.67,1,Coimbatore,Tamil Nadu
2020-06-23,0.21,6.859999999999997,13.949999999999987,33.529999999999994,3.67,1,Coimbatore,Tamil Nadu
2020-06-24,1.11,4.299999999999996,12.379999999999985,32.53999999999999,2.98,1,Coimbatore,Tamil Nadu
2020-06-25,10.13,11.449999999999998,20.509999999999984,39.379999999999995,10.13,1,Coimbatore,Tamil Nadu
2020-06-26,4.62,15.859999999999996,23.359999999999985,43.13999999999999,10.13,1,Coimbatore,Tamil Nadu
2020-06-27,3.24,17.99,25.959999999999987,43.46999999999999,10.13,1,Coimbatore,Tamil Nadu
2020-06-28,10.76,18.619999999999997,33.04999999999998,52.28,10.76,1,Coimbatore,Tamil Nadu
2020-06-29,7.42,21.419999999999995,37.48999999999999,56.53999999999999,10.76,1,Coimbatore,Tamil Nadu
2020-06-30,2.18,20.359999999999996,39.45999999999999,57.10999999999999,10.76,1,Coimbatore,Tamil Nadu
2020-07-01,0.51,10.109999999999994,38.859999999999985,53.919999999999995,7.42,1,Coimbatore,Tamil Nadu
2020-07-02,6.26,8.949999999999996,34.98999999999998,57.49999999999999,6.26,1,Coimbatore,Tamil Nadu
2020-07-03,8.3,15.069999999999997,38.66999999999999,63.8,8.3,1,Coimbatore,Tamil Nadu
2020-07-04,7.85,22.409999999999997,43.27999999999999,69.88,8.3,1,Coimbatore,Tamil Nadu
2020-07-05,3.53,19.679999999999996,36.04999999999999,72.77,8.3,1,Coimbatore,Tamil Nadu
2020-07-06,14.36,25.739999999999995,42.98999999999998,83.46,14.36,1,Coimbatore,Tamil Nadu
2020-07-07,6.02,23.90999999999999,46.829999999999984,86.49999999999999,14.36,1,Coimbatore,Tamil Nadu
2020-07-08,9.52,29.89999999999999,55.83999999999999,95.81,14.36,1,Coimbatore,Tamil Nadu
2020-07-09,20.77,36.309999999999995,70.35,115.47,20.77,1,Coimbatore,Tamil Nadu
2020-07-10,2.34,32.629999999999995,64.38999999999999,107.68,20.77,1,Coimbatore,Tamil Nadu
2020-07-11,5.84,28.949999999999996,62.37999999999998,108.89999999999999,20.77,1,Coimbatore,Tamil Nadu
2020-07-12,2.31,10.489999999999997,61.15999999999998,107.96999999999998,5.84,1,Coimbatore,Tamil Nadu
2020-07-13,4.32,12.469999999999997,51.11999999999998,101.53,5.84,1,Coimbatore,Tamil Nadu
2020-07-14,3.49,10.119999999999997,48.58999999999999,97.6,4.32,1,Coimbatore,Tamil Nadu
2020-07-15,5.72,13.529999999999998,44.78999999999999,101.13999999999999,5.72,1,Coimbatore,Tamil Nadu
2020-07-16,10.43,19.639999999999997,34.44999999999999,111.06,10.43,1,Coimbatore,Tamil Nadu
2020-07-17,10.15,26.299999999999997,42.259999999999984,114.94999999999999,10.43,1,Coimbatore,Tamil Nadu
2020-07-18,3.04,23.619999999999997,39.45999999999999,109.69,10.43,1,Coimbatore,Tamil Nadu
2020-07-19,5.31,18.499999999999996,42.45999999999998,107.14999999999998,10.15,1,Coimbatore,Tamil Nadu
2020-07-20,32.56,40.91,70.69999999999999,136.17999999999998,32.56,1,Coimbatore,Tamil Nadu
2020-07-21,2.4,40.269999999999996,69.60999999999999,124.22,32.56,1,Coimbatore,Tamil Nadu
2020-07-22,0.63,35.589999999999996,64.51999999999998,118.82999999999998,32.56,1,Coimbatore,Tamil Nadu
2020-07-23,6.82,9.849999999999994,60.90999999999999,116.13,6.82,1,Coimbatore,Tamil Nadu
2020-07-24,12.75,20.199999999999996,63.509999999999984,108.11,12.75,1,Coimbatore,Tamil Nadu
2020-07-25,2.26,21.829999999999995,62.72999999999998,108.03,12.75,1,Coimbatore,Tamil Nadu
2020-07-26,1.72,16.729999999999993,59.139999999999986,103.91,12.75,1,Coimbatore,Tamil Nadu
2020-07-27,2.43,6.409999999999995,29.009999999999987,104.02999999999999,2.43,1,Coimbatore,Tamil Nadu
2020-07-28,5.47,9.619999999999994,32.07999999999999,105.17999999999999,5.47,1,Coimbatore,Tamil Nadu
2020-07-29,16.24,24.139999999999993,47.68999999999998,117.93,16.24,1,Coimbatore,Tamil Nadu
2020-07-30,7.34,29.049999999999994,48.20999999999998,119.54999999999998,16.24,1,Coimbatore,Tamil Nadu
2020-07-31,10.18,33.75999999999999,45.639999999999986,119.3,16.24,1,Coimbatore,Tamil Nadu
2020-08-01,7.08,24.599999999999994,50.45999999999999,116.22999999999999,10.18,1,Coimbatore,Tamil Nadu
2020-08-02,8.62,25.879999999999995,57.359999999999985,121.81,10.18,1,Coimbatore,Tamil Nadu
2020-08-03,13.01,28.709999999999994,67.93999999999998,129.51,13.01,1,Coimbatore,Tamil Nadu
2020-08-04,15.98,37.61,78.44999999999997,112.92999999999999,15.98,1,Coimbatore,Tamil Nadu
2020-08-05,10.24,39.23,72.44999999999999,120.76999999999998,15.98,1,Coimbatore,Tamil Nadu
2020-08-06,22.51,48.730000000000004,87.61999999999998,142.64999999999998,22.51,1,Coimbatore,Tamil Nadu
2020-08-07,27.33,60.08,104.76999999999998,163.16,27.33,1,Coimbatore,Tamil Nadu
2020-08-08,18.95,68.78999999999999,116.63999999999999,169.35999999999999,27.33,1,Coimbatore,Tamil Nadu
2020-08-09,13.34,59.61999999999999,121.35999999999999,180.43999999999997,27.33,1,Coimbatore,Tamil Nadu
2020-08-10,2.45,34.739999999999995,110.79999999999998,181.17,18.95,1,Coimbatore,Tamil Nadu
2020-08-11,6.38,22.169999999999995,101.19999999999999,185.12,13.34,1,Coimbatore,Tamil Nadu
2020-08-12,2.61,11.439999999999996,93.56999999999998,182.26,6.38,1,Coimbatore,Tamil Nadu
2020-08-13,5.32,14.309999999999995,76.37999999999998,171.34,6.38,1,Coimbatore,Tamil Nadu
2020-08-14,2.39,10.319999999999997,51.43999999999998,166.39,5.32,1,Coimbatore,Tamil Nadu
2020-08-15,1.08,8.789999999999997,33.56999999999998,157.29,5.32,1,Coimbatore,Tamil Nadu
2020-08-16,1.15,4.6199999999999966,21.379999999999985,151.35999999999999,2.39,1,Coimbatore,Tamil Nadu
2020-08-17,2.48,4.709999999999996,21.409999999999986,145.22,2.48,1,Coimbatore,Tamil Nadu
2020-08-18,3.35,6.979999999999997,18.379999999999985,135.56,3.35,1,Coimbatore,Tamil Nadu
2020-08-19,0.87,6.699999999999996,16.639999999999986,120.45,3.35,1,Coimbatore,Tamil Nadu
2020-08-20,0.42,4.639999999999996,11.739999999999986,110.62999999999998,3.35,1,Coimbatore,Tamil Nadu
2020-08-21,0.05,1.3399999999999965,9.399999999999986,88.16999999999999,0.87,1,Coimbatore,Tamil Nadu
2020-08-22,6.15,6.6199999999999966,14.469999999999985,66.99,6.15,1,Coimbatore,Tamil Nadu
2020-08-23,2.7,8.899999999999997,16.01999999999999,50.73999999999999,6.15,1,Coimbatore,Tamil Nadu
2020-08-24,11.0,19.849999999999994,24.539999999999985,48.39999999999999,11.0,1,Coimbatore,Tamil Nadu
2020-08-25,2.45,16.15,23.639999999999986,48.39999999999999,11.0,1,Coimbatore,Tamil Nadu
2020-08-26,1.13,14.579999999999997,23.899999999999988,43.14999999999999,11.0,1,Coimbatore,Tamil Nadu
2020-08-27,0.12,3.6999999999999966,23.599999999999987,40.66,2.45,1,Coimbatore,Tamil Nadu
2020-08-28,0.09,1.3399999999999963,23.639999999999986,35.42999999999999,1.13,1,Coimbatore,Tamil Nadu
2020-08-29,0.09,0.29999999999999644,17.579999999999988,33.129999999999995,0.12,1,Coimbatore,Tamil Nadu
2020-08-30,1.09,1.2699999999999965,15.969999999999986,33.13999999999999,1.09,1,Coimbatore,Tamil Nadu
2020-08-31,3.24,4.419999999999996,8.209999999999987,35.23,3.24,1,Coimbatore,Tamil Nadu
2020-09-01,12.27,16.599999999999994,18.029999999999987,45.01999999999999,12.27,1,Coimbatore,Tamil Nadu
2020-09-02,14.78,30.289999999999996,31.679999999999986,56.449999999999996,14.78,1,Coimbatore,Tamil Nadu
2020-09-03,5.41,32.459999999999994,36.969999999999985,60.989999999999995,14.78,1,Coimbatore,Tamil Nadu
2020-09-04,6.66,26.849999999999994,43.539999999999985,67.22999999999999,14.78,1,Coimbatore,Tamil Nadu
2020-09-05,2.46,14.529999999999998,45.90999999999999,69.64,6.66,1,Coimbatore,Tamil Nadu
2020-09-06,18.71,27.83,63.52999999999999,82.19999999999999,18.71,1,Coimbatore,Tamil Nadu
2020-09-07,6.87,28.04,67.15999999999998,86.36999999999999,18.71,1,Coimbatore,Tamil Nadu
2020-09-08,4.8,30.379999999999995,59.68999999999998,80.16999999999999,18.71,1,Coimbatore,Tamil Nadu
2020-09-09,14.78,26.449999999999996,59.68999999999998,92.49999999999999,14.78,1,Coimbatore,Tamil Nadu
2020-09-10,8.29,27.869999999999994,62.569999999999986,99.66,14.78,1,Coimbatore,Tamil Nadu
2020-09-11,10.29,33.35999999999999,66.19999999999999,109.82999999999998,14.78,1,Coimbatore,Tamil Nadu
2020-09-12,6.5,25.079999999999995,70.23999999999998,116.24,10.29,1,Coimbatore,Tamil Nadu
2020-09-13,4.42,21.209999999999994,55.94999999999998,120.57,10.29,1,Coimbatore,Tamil Nadu
2020-09-14,2.48,13.399999999999997,51.55999999999998,121.96,6.5,1,Coimbatore,Tamil Nadu
2020-09-15,2.87,9.769999999999996,49.62999999999999,121.59,4.42,1,Coimbatore,Tamil Nadu
2020-09-16,2.13,7.479999999999997,36.97999999999998,111.44999999999999,2.87,1,Coimbatore,Tamil Nadu
2020-09-17,4.99,9.989999999999997,33.679999999999986,101.65999999999998,4.99,1,Coimbatore,Tamil Nadu
2020-09-18,6.11,13.229999999999997,29.499999999999986,102.35999999999999,6.11,1,Coimbatore,Tamil Nadu
2020-09-19,11.88,22.979999999999997,34.87999999999999,107.58,11.88,1,Coimbatore,Tamil Nadu
2020-09-20,13.8,31.79,44.25999999999999,118.92,13.8,1,Coimbatore,Tamil Nadu
2020-09-21,6.41,32.089999999999996,48.18999999999999,106.61999999999999,13.8,1,Coimbatore,Tamil Nadu
2020-09-22,2.78,22.99,48.09999999999999,102.52999999999999,13.8,1,Coimbatore,Tamil Nadu
2020-09-23,1.29,10.479999999999999,47.25999999999999,99.02,6.41,1,Coimbatore,Tamil Nadu
2020-09-24,1.15,5.219999999999998,43.41999999999999,85.38999999999999,2.78,1,Coimbatore,Tamil Nadu
2020-09-25,4.64,7.079999999999998,41.94999999999999,81.74,4.64,1,Coimbatore,Tamil Nadu
2020-09-26,0.97,6.759999999999997,31.039999999999985,72.41999999999999,4.64,1,Coimbatore,Tamil Nadu
2020-09-27,4.11,9.719999999999999,21.349999999999987,70.02999999999999,4.64,1,Coimbatore,Tamil Nadu
2020-09-28,1.7,6.779999999999998,16.639999999999986,67.30999999999999,4.11,1,Coimbatore,Tamil Nadu
2020-09-29,12.39,18.2,26.249999999999986,77.22,12.39,1,Coimbatore,Tamil Nadu
2020-09-30,3.35,17.44,28.309999999999988,77.7,12.39,1,Coimbatore,Tamil Nadu
2020-10-01,0.04,15.78,27.199999999999985,75.61,12.39,0,Coimbatore,Tamil Nadu
2020-10-02,1.16,4.549999999999998,23.719999999999988,71.77999999999999,3.35,0,Coimbatore,Tamil Nadu
2020-10-03,1.58,2.7799999999999985,24.329999999999984,67.24999999999999,1.58,0,Coimbatore,Tamil Nadu
2020-10-04,0.03,2.7699999999999982,20.249999999999986,55.4,1.58,0,Coimbatore,Tamil Nadu
2020-10-05,0.02,1.6299999999999983,18.569999999999986,41.61999999999999,1.58,0,Coimbatore,Tamil Nadu
2020-10-06,1.59,1.6399999999999983,7.769999999999986,36.8,1.59,0,Coimbatore,Tamil Nadu
2020-10-07,4.95,6.559999999999999,9.369999999999987,38.97,4.95,0,Coimbatore,Tamil Nadu
2020-10-08,5.77,12.309999999999999,15.099999999999987,43.449999999999996,5.77,0,Coimbatore,Tamil Nadu
2020-10-09,17.9,28.619999999999997,31.839999999999986,60.19999999999999,17.9,0,Coimbatore,Tamil Nadu
2020-10-10,5.31,28.979999999999993,35.569999999999986,60.86999999999999,17.9,0,Coimbatore,Tamil Nadu
2020-10-11,4.15,27.359999999999996,39.68999999999998,64.04999999999998,17.9,0,Coimbatore,Tamil Nadu
2020-10-12,6.03,15.489999999999997,45.69999999999999,65.96999999999998,6.03,0,Coimbatore,Tamil Nadu
2020-10-13,3.27,13.449999999999996,47.37999999999998,67.53999999999999,6.03,0,Coimbatore,Tamil Nadu
2020-10-14,2.1,11.399999999999999,44.52999999999999,57.24999999999999,6.03,0,Coimbatore,Tamil Nadu
2020-10-15,1.38,6.7499999999999964,40.139999999999986,55.279999999999994,3.27,0,Coimbatore,Tamil Nadu
2020-10-16,2.27,5.7499999999999964,24.509999999999987,57.50999999999999,2.27,0,Coimbatore,Tamil Nadu
2020-10-17,2.11,5.759999999999996,21.309999999999988,58.45999999999999,2.27,0,Coimbatore,Tamil Nadu
2020-10-18,1.82,6.199999999999997,18.979999999999986,58.69999999999999,2.27,0,Coimbatore,Tamil Nadu
2020-10-19,6.84,10.769999999999996,19.789999999999985,65.50999999999999,6.84,0,Coimbatore,Tamil Nadu
2020-10-20,7.71,16.369999999999997,24.229999999999986,73.19999999999999,7.71,0,Coimbatore,Tamil Nadu
2020-10-21,2.44,16.989999999999995,24.569999999999986,74.05,7.71,0,Coimbatore,Tamil Nadu
2020-10-22,1.91,12.059999999999997,25.099999999999987,71.00999999999999,7.71,0,Coimbatore,Tamil Nadu
2020-10-23,0.04,4.389999999999996,22.869999999999987,65.27999999999999,2.44,0,Coimbatore,Tamil Nadu
2020-10-24,0.02,1.9699999999999964,20.779999999999987,47.39999999999999,1.91,0,Coimbatore,Tamil Nadu
2020-10-25,57.95,58.01,76.91,100.03999999999999,57.95,0,Coimbatore,Tamil Nadu
2020-10-26,27.2,85.17,97.26999999999998,123.09,57.95,0,Coimbatore,Tamil Nadu
2020-10-27,0.21,85.36,89.77,117.27,57.95,0,Coimbatore,Tamil Nadu
2020-10-28,0.16,27.569999999999993,87.49,114.15999999999998,27.2,0,Coimbatore,Tamil Nadu
2020-10-29,0.74,1.1099999999999928,86.31999999999998,112.8,0.74,0,Coimbatore,Tamil Nadu
2020-10-30,1.49,2.389999999999993,87.77,112.91,1.49,0,Coimbatore,Tamil Nadu
2020-10-31,0.35,2.579999999999993,88.1,110.99,1.49,0,Coimbatore,Tamil Nadu
2020-11-01,2.5,4.339999999999993,32.649999999999984,111.38,2.5,0,Coimbatore,Tamil Nadu
2020-11-02,11.46,14.309999999999993,16.909999999999986,121.02,11.46,0,Coimbatore,Tamil Nadu
2020-11-03,4.45,18.409999999999993,21.149999999999984,118.63,11.46,0,Coimbatore,Tamil Nadu
2020-11-04,5.65,21.559999999999995,26.639999999999986,116.57,11.46,0,Coimbatore,Tamil Nadu
2020-11-05,12.94,23.039999999999992,38.83999999999999,127.07,12.94,0,Coimbatore,Tamil Nadu
2020-11-06,5.83,24.419999999999995,43.179999999999986,130.98999999999998,12.94,0,Coimbatore,Tamil Nadu
2020-11-07,1.17,19.93999999999999,43.999999999999986,132.12,12.94,0,Coimbatore,Tamil Nadu
2020-11-08,4.09,11.089999999999993,45.58999999999998,136.19,5.83,0,Coimbatore,Tamil Nadu
2020-11-09,0.08,5.339999999999993,34.20999999999998,78.32,4.09,0,Coimbatore,Tamil Nadu
2020-11-10,0.0,4.169999999999993,29.759999999999984,51.12,4.09,0,Coimbatore,Tamil Nadu
2020-11-11,2.33,2.409999999999993,26.439999999999984,53.239999999999995,2.33,0,Coimbatore,Tamil Nadu
2020-11-12,9.72,12.049999999999994,23.219999999999985,62.79999999999999,9.72,0,Coimbatore,Tamil Nadu
2020-11-13,7.63,19.679999999999993,25.01999999999999,69.68999999999998,9.72,0,Coimbatore,Tamil Nadu
2020-11-14,1.32,18.669999999999995,25.169999999999987,69.52,9.72,0,Coimbatore,Tamil Nadu
2020-11-15,4.56,13.509999999999993,25.639999999999986,73.72999999999999,7.63,0,Coimbatore,Tamil Nadu
2020-11-16,22.39,28.269999999999992,47.94999999999999,93.61999999999999,22.39,0,Coimbatore,Tamil Nadu
2020-11-17,28.91,55.85999999999999,76.85999999999999,111.07,28.91,0,Coimbatore,Tamil Nadu
2020-11-18,14.2,65.49999999999999,88.72999999999999,120.82,28.91,0,Coimbatore,Tamil Nadu
2020-11-19,2.57,45.679999999999986,81.57999999999998,117.74,28.91,0,Coimbatore,Tamil Nadu
2020-11-20,0.94,17.709999999999994,74.88999999999999,105.73999999999998,14.2,0,Coimbatore,Tamil Nadu
2020-11-21,0.08,3.5899999999999928,73.64999999999999,99.98999999999998,2.57,0,Coimbatore,Tamil Nadu
2020-11-22,0.0,1.019999999999993,69.08999999999999,98.82,0.94,0,Coimbatore,Tamil Nadu
2020-11-23,0.0,0.0799999999999929,46.69999999999998,94.72999999999999,0.08,0,Coimbatore,Tamil Nadu
2020-11-24,0.0,0.0,17.789999999999985,94.64999999999999,0.0,0,Coimbatore,Tamil Nadu
2020-11-25,2.84,2.8399999999999928,6.4299999999999855,97.49,2.84,0,Coimbatore,Tamil Nadu
2020-11-26,4.25,7.089999999999993,8.109999999999985,99.41,4.25,0,Coimbatore,Tamil Nadu
2020-11-27,3.72,10.809999999999993,10.889999999999986,93.40999999999998,4.25,0,Coimbatore,Tamil Nadu
2020-11-28,3.05,11.019999999999992,13.859999999999985,88.83,4.25,0,Coimbatore,Tamil Nadu
2020-11-29,1.86,8.629999999999994,15.719999999999986,89.37,3.72,0,Coimbatore,Tamil Nadu
2020-11-30,0.31,5.219999999999993,16.029999999999987,85.11999999999999,3.05,0,Coimbatore,Tamil Nadu
2020-12-01,0.0,2.169999999999993,16.029999999999987,62.73,1.86,0,Coimbatore,Tamil Nadu
2020-12-02,2.11,2.419999999999993,15.299999999999986,35.92999999999999,2.11,0,Coimbatore,Tamil Nadu
2020-12-03,8.69,10.799999999999992,19.739999999999984,30.41999999999999,8.69,0,Coimbatore,Tamil Nadu
2020-12-04,7.61,18.409999999999993,23.629999999999985,35.459999999999994,8.69,0,Coimbatore,Tamil Nadu
2020-12-05,2.46,18.75999999999999,23.039999999999985,36.97999999999999,8.69,0,Coimbatore,Tamil Nadu
2020-12-06,16.09,26.159999999999997,37.26999999999998,52.989999999999995,16.09,0,Coimbatore,Tamil Nadu
2020-12-07,7.64,26.189999999999998,44.59999999999998,60.629999999999995,16.09,0,Coimbatore,Tamil Nadu
2020-12-08,7.75,31.479999999999997,52.34999999999998,68.38,16.09,0,Coimbatore,Tamil Nadu
2020-12-09,1.43,16.819999999999997,51.66999999999998,69.80999999999999,7.75,0,Coimbatore,Tamil Nadu
2020-12-10,0.78,9.959999999999996,43.759999999999984,67.74999999999999,7.75,0,Coimbatore,Tamil Nadu
2020-12-11,0.3,2.5099999999999962,36.44999999999999,63.79999999999999,1.43,0,Coimbatore,Tamil Nadu
2020-12-12,0.18,1.2599999999999965,34.16999999999999,60.25999999999999,0.78,0,Coimbatore,Tamil Nadu
2020-12-13,0.01,0.48999999999999644,18.089999999999986,57.219999999999985,0.3,0,Coimbatore,Tamil Nadu
2020-12-14,0.0,0.18999999999999645,10.449999999999985,55.359999999999985,0.18,0,Coimbatore,Tamil Nadu
2020-12-15,0.17,0.17999999999999647,2.869999999999986,55.21999999999999,0.17,0,Coimbatore,Tamil Nadu
2020-12-16,2.96,3.1299999999999963,4.399999999999986,58.17999999999999,2.96,0,Coimbatore,Tamil Nadu
2020-12-17,2.3,5.429999999999996,5.919999999999986,58.36999999999999,2.96,0,Coimbatore,Tamil Nadu
2020-12-18,1.04,6.299999999999996,6.659999999999986,50.72,2.96,0,Coimbatore,Tamil Nadu
2020-12-19,0.07,3.409999999999996,6.5499999999999865,43.17999999999999,2.3,0,Coimbatore,Tamil Nadu
2020-12-20,0.0,1.1099999999999965,6.539999999999987,40.72,1.04,0,Coimbatore,Tamil Nadu
2020-12-21,0.0,0.06999999999999645,6.539999999999987,24.629999999999992,0.07,0,Coimbatore,Tamil Nadu
2020-12-22,0.0,0.0,6.369999999999986,16.98999999999999,0.0,0,Coimbatore,Tamil Nadu
2020-12-23,0.0,0.0,3.409999999999986,9.239999999999991,0.0,0,Coimbatore,Tamil Nadu
2020-12-24,0.0,0.0,1.1099999999999863,7.809999999999993,0.0,0,Coimbatore,Tamil Nadu
2020-12-25,0.0,0.0,0.06999999999998624,7.029999999999993,0.0,0,Coimbatore,Tamil Nadu
2020-12-26,0.0,0.0,0.0,6.729999999999993,0.0,0,Coimbatore,Tamil Nadu
2020-12-27,0.0,0.0,0.0,6.549999999999994,0.0,0,Coimbatore,Tamil Nadu
2020-12-28,0.0,0.0,0.0,6.539999999999993,0.0,0,Coimbatore,Tamil Nadu
2020-12-29,0.4,0.39999999999999647,0.39999999999998626,6.939999999999992,0.4,0,Coimbatore,Tamil Nadu
2020-12-30,2.12,2.5199999999999965,2.5199999999999863,8.889999999999993,2.12,0,Coimbatore,Tamil Nadu
2020-12-31,6.61,9.129999999999997,9.129999999999987,12.539999999999992,6.61,0,Coimbatore,Tamil Nadu
2021-01-01,0.64,9.369999999999996,9.769999999999987,10.879999999999992,6.61,0,Coimbatore,Tamil Nadu
2021-01-02,0.24,7.489999999999997,10.009999999999987,10.079999999999993,6.61,0,Coimbatore,Tamil Nadu
2021-01-03,4.41,5.289999999999996,14.419999999999987,14.419999999999993,4.41,0,Coimbatore,Tamil Nadu
2021-01-04,4.9,9.549999999999997,19.319999999999986,19.319999999999993,4.9,0,Coimbatore,Tamil Nadu
2021-01-05,1.96,11.269999999999996,20.87999999999999,21.279999999999994,4.9,0,Coimbatore,Tamil Nadu
2021-01-06,16.35,23.209999999999997,35.109999999999985,37.629999999999995,16.35,0,Coimbatore,Tamil Nadu
2021-01-07,29.69,48.0,58.18999999999999,67.32,29.69,0,Coimbatore,Tamil Nadu
2021-01-08,11.12,57.16,68.66999999999999,78.44,29.69,0,Coimbatore,Tamil Nadu
2021-01-09,8.05,48.86,76.47999999999999,86.49,29.69,0,Coimbatore,Tamil Nadu
2021-01-10,1.39,20.559999999999995,73.45999999999998,87.88,11.12,0,Coimbatore,Tamil Nadu
2021-01-11,2.58,12.019999999999996,71.13999999999999,90.46,8.05,0,Coimbatore,Tamil Nadu
2021-01-12,8.22,12.189999999999998,77.39999999999998,98.67999999999999,8.22,0,Coimbatore,Tamil Nadu
2021-01-13,12.69,23.489999999999995,73.74,110.96999999999998,12.69,0,Coimbatore,Tamil Nadu
2021-01-14,7.45,28.36,51.499999999999986,116.3,12.69,0,Coimbatore,Tamil Nadu
2021-01-15,2.93,23.069999999999997,43.30999999999999,112.62,12.69,0,Coimbatore,Tamil Nadu
2021-01-16,0.57,10.949999999999998,35.829999999999984,112.55,7.45,0,Coimbatore,Tamil Nadu
2021-01-17,0.07,3.5699999999999967,34.509999999999984,112.38,2.93,0,Coimbatore,Tamil Nadu
2021-01-18,0.0,0.6399999999999963,31.929999999999986,107.97,0.57,0,Coimbatore,Tamil Nadu
2021-01-19,0.0,0.06999999999999645,23.709999999999987,103.07,0.07,0,Coimbatore,Tamil Nadu
2021-01-20,0.0,0.0,11.019999999999985,101.11,0.0,0,Coimbatore,Tamil Nadu
2021-01-21,0.23,0.22999999999999646,3.799999999999986,84.98999999999998,0.23,0,Coimbatore,Tamil Nadu
2021-01-22,1.92,2.1499999999999964,2.789999999999986,57.21999999999999,1.92,0,Coimbatore,Tamil Nadu
2021-01-23,0.91,3.0599999999999965,3.1299999999999857,47.00999999999999,1.92,0,Coimbatore,Tamil Nadu
2021-01-24,0.0,2.8299999999999965,3.0599999999999854,38.959999999999994,1.92,0,Coimbatore,Tamil Nadu
2021-01-25,0.0,0.9099999999999965,3.0599999999999854,37.56999999999999,0.91,0,Coimbatore,Tamil Nadu
2021-01-26,0.0,0.0,3.0599999999999854,34.989999999999995,0.0,0,Coimbatore,Tamil Nadu
2021-01-27,0.0,0.0,3.0599999999999854,26.769999999999992,0.0,0,Coimbatore,Tamil Nadu
2021-01-28,0.0,0.0,2.8299999999999854,14.079999999999993,0.0,0,Coimbatore,Tamil Nadu
2021-01-29,0.0,0.0,0.9099999999999858,6.629999999999993,0.0,0,Coimbatore,Tamil Nadu
2021-01-30,0.04,0.03999999999999645,0.03999999999998579,3.7399999999999927,0.04,0,Coimbatore,Tamil Nadu
2021-01-31,0.2,0.23999999999999647,0.2399999999999858,3.369999999999993,0.2,0,Coimbatore,Tamil Nadu
2021-02-01,0.18,0.4199999999999965,0.41999999999998583,3.4799999999999924,0.2,0,Coimbatore,Tamil Nadu
2021-02-02,0.0,0.37999999999999645,0.41999999999998583,3.4799999999999924,0.2,0,Coimbatore,Tamil Nadu
2021-02-03,0.06,0.23999999999999644,0.47999999999998577,3.5399999999999925,0.18,0,Coimbatore,Tamil Nadu
2021-02-04,0.03,0.08999999999999644,0.5099999999999858,3.5699999999999927,0.06,0,Coimbatore,Tamil Nadu
2021-02-05,0.0,0.08999999999999644,0.5099999999999858,3.3399999999999928,0.06,0,Coimbatore,Tamil Nadu
2021-02-06,0.0,0.029999999999996446,0.4699999999999858,1.4199999999999928,0.03,0,Coimbatore,Tamil Nadu
2021-02-07,0.0,0.0,0.2699999999999858,0.5099999999999929,0.0,0,Coimbatore,Tamil Nadu
2021-02-08,0.0,0.0,0.08999999999998579,0.5099999999999929,0.0,0,Coimbatore,Tamil Nadu
2021-02-09,0.0,0.0,0.08999999999998579,0.5099999999999929,0.0,0,Coimbatore,Tamil Nadu
2021-02-10,0.0,0.0,0.029999999999985788,0.5099999999999929,0.0,0,Coimbatore,Tamil Nadu
2021-02-11,0.0,0.0,0.0,0.5099999999999929,0.0,0,Coimbatore,Tamil Nadu
2021-02-12,0.0,0.0,0.0,0.5099999999999929,0.0,0,Coimbatore,Tamil Nadu
2021-02-13,0.0,0.0,0.0,0.5099999999999929,0.0,0,Coimbatore,Tamil Nadu
2021-02-14,0.0,0.0,0.0,0.4699999999999929,0.0,0,Coimbatore,Tamil Nadu
2021-02-15,0.0,0.0,0.0,0.2699999999999929,0.0,0,Coimbatore,Tamil Nadu
2021-02-16,0.0,0.0,0.0,0.08999999999999289,0.0,0,Coimbatore,Tamil Nadu
2021-02-17,0.0,0.0,0.0,0.08999999999999289,0.0,0,Coimbatore,Tamil Nadu
2021-02-18,0.17,0.16999999999999646,0.1699999999999858,0.1999999999999929,0.17,0,Coimbatore,Tamil Nadu
2021-02-19,0.91,1.0799999999999965,1.0799999999999859,1.079999999999993,0.91,0,Coimbatore,Tamil Nadu
2021-02-20,7.26,8.339999999999996,8.339999999999986,8.339999999999993,7.26,0,Coimbatore,Tamil Nadu
2021-02-21,7.63,15.799999999999997,15.969999999999985,15.969999999999992,7.63,0,Coimbatore,Tamil Nadu
2021-02-22,3.74,18.629999999999995,19.709999999999987,19.709999999999994,7.63,0,Coimbatore,Tamil Nadu
2021-02-23,0.99,12.359999999999996,20.699999999999985,20.699999999999992,7.63,0,Coimbatore,Tamil Nadu
2021-02-24,0.0,4.729999999999997,20.699999999999985,20.699999999999992,3.74,0,Coimbatore,Tamil Nadu
2021-02-25,0.0,0.9899999999999964,20.529999999999983,20.699999999999992,0.99,0,Coimbatore,Tamil Nadu
2021-02-26,0.0,0.0,19.619999999999983,20.699999999999992,0.0,0,Coimbatore,Tamil Nadu
2021-02-27,0.0,0.0,12.359999999999985,20.699999999999992,0.0,0,Coimbatore,Tamil Nadu
2021-02-28,0.0,0.0,4.729999999999986,20.699999999999992,0.0,0,Coimbatore,Tamil Nadu
2021-03-01,0.0,0.0,0.9899999999999858,20.699999999999992,0.0,0,Coimbatore,Tamil Nadu
2021-03-02,0.0,0.0,0.0,20.699999999999992,0.0,0,Coimbatore,Tamil Nadu
2021-03-03,0.0,0.0,0.0,20.699999999999992,0.0,0,Coimbatore,Tamil Nadu
2021-03-04,0.0,0.0,0.0,20.699999999999992,0.0,0,Coimbatore,Tamil Nadu
2021-03-05,0.0,0.0,0.0,20.52999999999999,0.0,0,Coimbatore,Tamil Nadu
2021-03-06,0.0,0.0,0.0,19.61999999999999,0.0,0,Coimbatore,Tamil Nadu
2021-03-07,0.0,0.0,0.0,12.359999999999992,0.0,0,Coimbatore,Tamil Nadu
2021-03-08,0.0,0.0,0.0,4.729999999999993,0.0,0,Coimbatore,Tamil Nadu
2021-03-09,0.06,0.059999999999996445,0.05999999999998579,1.049999999999993,0.06,0,Coimbatore,Tamil Nadu
2021-03-10,5.86,5.919999999999996,5.919999999999986,5.919999999999993,5.86,0,Coimbatore,Tamil Nadu
2021-03-11,13.84,19.759999999999998,19.759999999999984,19.75999999999999,13.84,0,Coimbatore,Tamil Nadu
2021-03-12,2.28,21.979999999999997,22.039999999999985,22.039999999999992,13.84,0,Coimbatore,Tamil Nadu
2021-03-13,0.0,16.119999999999997,22.039999999999985,22.039999999999992,13.84,0,Coimbatore,Tamil Nadu
2021-03-14,0.0,2.2799999999999963,22.039999999999985,22.039999999999992,2.28,0,Coimbatore,Tamil Nadu
2021-03-15,0.0,0.0,22.039999999999985,22.039999999999992,0.0,0,Coimbatore,Tamil Nadu
2021-03-16,0.0,0.0,21.979999999999986,22.039999999999992,0.0,0,Coimbatore,Tamil Nadu
2021-03-17,0.0,0.0,16.119999999999983,22.039999999999992,0.0,0,Coimbatore,Tamil Nadu
2021-03-18,0.0,0.0,2.2799999999999856,22.039999999999992,0.0,0,Coimbatore,Tamil Nadu
2021-03-19,0.02,0.019999999999996448,0.01999999999998579,22.05999999999999,0.02,0,Coimbatore,Tamil Nadu
2021-03-20,0.09,0.10999999999999645,0.10999999999998579,22.14999999999999,0.09,0,Coimbatore,Tamil Nadu
2021-03-21,2.95,3.0599999999999965,3.059999999999986,25.099999999999994,2.95,0,Coimbatore,Tamil Nadu
2021-03-22,1.56,4.599999999999996,4.619999999999986,26.659999999999993,2.95,0,Coimbatore,Tamil Nadu
2021-03-23,0.08,4.589999999999996,4.699999999999986,26.73999999999999,2.95,0,Coimbatore,Tamil Nadu
2021-03-24,0.07,1.7099999999999964,4.769999999999986,26.749999999999993,1.56,0,Coimbatore,Tamil Nadu
2021-03-25,2.45,2.5999999999999965,7.219999999999986,23.339999999999996,2.45,0,Coimbatore,Tamil Nadu
2021-03-26,0.05,2.5699999999999963,7.249999999999987,9.549999999999994,2.45,0,Coimbatore,Tamil Nadu
2021-03-27,0.02,2.5199999999999965,7.1799999999999855,7.289999999999994,2.45,0,Coimbatore,Tamil Nadu
2021-03-28,0.74,0.8099999999999964,4.969999999999986,8.029999999999994,0.74,0,Coimbatore,Tamil Nadu
2021-03-29,0.6,1.3599999999999963,4.009999999999986,8.629999999999994,0.74,0,Coimbatore,Tamil Nadu
2021-03-30,0.93,2.2699999999999965,4.859999999999986,9.559999999999993,0.93,0,Coimbatore,Tamil Nadu
2021-03-31,0.22,1.7499999999999967,5.009999999999986,9.779999999999994,0.93,0,Coimbatore,Tamil Nadu
2021-04-01,0.51,1.6599999999999966,3.0699999999999856,10.289999999999994,0.93,0,Coimbatore,Tamil Nadu
2021-04-02,0.07,0.7999999999999965,3.089999999999986,10.359999999999994,0.51,0,Coimbatore,Tamil Nadu
2021-04-03,0.13,0.7099999999999964,3.199999999999986,10.469999999999994,0.51,0,Coimbatore,Tamil Nadu
2021-04-04,1.1,1.2999999999999965,3.559999999999986,11.479999999999993,1.1,0,Coimbatore,Tamil Nadu
2021-04-05,0.67,1.8999999999999964,3.6299999999999857,9.199999999999994,1.1,0,Coimbatore,Tamil Nadu
2021-04-06,0.45,2.2199999999999966,3.149999999999986,8.089999999999993,1.1,0,Coimbatore,Tamil Nadu
2021-04-07,0.12,1.2399999999999964,3.049999999999986,8.129999999999992,0.67,0,Coimbatore,Tamil Nadu
2021-04-08,0.14,0.7099999999999964,2.679999999999986,8.199999999999992,0.45,0,Coimbatore,Tamil Nadu
2021-04-09,0.01,0.26999999999999647,2.619999999999986,5.759999999999993,0.14,0,Coimbatore,Tamil Nadu
2021-04-10,0.03,0.17999999999999647,2.519999999999986,5.739999999999993,0.14,0,Coimbatore,Tamil Nadu
2021-04-11,0.6,0.6399999999999965,2.019999999999986,6.319999999999993,0.6,0,Coimbatore,Tamil Nadu
2021-04-12,5.52,6.149999999999996,6.869999999999985,11.099999999999994,5.52,0,Coimbatore,Tamil Nadu
2021-04-13,2.83,8.949999999999996,9.249999999999986,13.329999999999995,5.52,0,Coimbatore,Tamil Nadu
2021-04-14,9.58,17.929999999999996,18.709999999999987,21.97999999999999,9.58,0,Coimbatore,Tamil Nadu
2021-04-15,10.67,23.08,29.239999999999984,32.42999999999999,10.67,0,Coimbatore,Tamil Nadu
2021-04-16,3.51,23.759999999999998,32.73999999999998,35.42999999999999,10.67,0,Coimbatore,Tamil Nadu
2021-04-17,1.1,15.279999999999996,33.80999999999998,36.459999999999994,10.67,0,Coimbatore,Tamil Nadu
2021-04-18,0.87,5.479999999999996,34.079999999999984,37.199999999999996,3.51,0,Coimbatore,Tamil Nadu
2021-04-19,2.74,4.709999999999997,31.299999999999983,38.839999999999996,2.74,0,Coimbatore,Tamil Nadu
2021-04-20,2.58,6.189999999999997,31.049999999999986,40.74999999999999,2.74,0,Coimbatore,Tamil Nadu
2021-04-21,2.32,7.639999999999997,23.789999999999985,42.61999999999999,2.74,0,Coimbatore,Tamil Nadu
2021-04-22,0.25,5.149999999999997,13.369999999999983,42.74999999999999,2.58,0,Coimbatore,Tamil Nadu
2021-04-23,4.25,6.819999999999997,14.109999999999985,46.85999999999999,4.25,0,Coimbatore,Tamil Nadu
2021-04-24,3.46,7.959999999999996,16.469999999999985,50.309999999999995,4.25,0,Coimbatore,Tamil Nadu
2021-04-25,3.11,10.819999999999997,18.709999999999983,53.38999999999999,4.25,0,Coimbatore,Tamil Nadu
2021-04-26,0.77,7.339999999999997,16.739999999999984,53.55999999999999,3.46,0,Coimbatore,Tamil Nadu
2021-04-27,0.12,3.9999999999999973,14.279999999999983,48.16,3.11,0,Coimbatore,Tamil Nadu
2021-04-28,0.05,0.9399999999999974,12.009999999999984,45.379999999999995,0.77,0,Coimbatore,Tamil Nadu
2021-04-29,0.21,0.37999999999999734,11.969999999999983,36.00999999999999,0.21,0,Coimbatore,Tamil Nadu
2021-04-30,1.35,1.6099999999999974,9.069999999999984,26.689999999999994,1.35,0,Coimbatore,Tamil Nadu
2021-05-01,1.35,2.9099999999999975,6.959999999999984,24.52999999999999,1.35,0,Coimbatore,Tamil Nadu
2021-05-02,3.51,6.209999999999997,7.3599999999999834,26.939999999999994,3.51,0,Coimbatore,Tamil Nadu
2021-05-03,7.78,12.639999999999997,14.369999999999985,33.849999999999994,7.78,0,Coimbatore,Tamil Nadu
2021-05-04,5.21,16.499999999999996,19.459999999999983,36.31999999999999,7.78,0,Coimbatore,Tamil Nadu
2021-05-05,1.31,14.299999999999999,20.719999999999985,35.05,7.78,0,Coimbatore,Tamil Nadu
2021-05-06,2.79,9.309999999999997,23.299999999999986,35.519999999999996,5.21,0,Coimbatore,Tamil Nadu
2021-05-07,11.08,15.179999999999996,33.02999999999999,46.349999999999994,11.08,0,Coimbatore,Tamil Nadu
2021-05-08,1.05,14.919999999999998,32.72999999999998,43.15,11.08,0,Coimbatore,Tamil Nadu
2021-05-09,0.77,12.899999999999999,29.989999999999984,40.459999999999994,11.08,0,Coimbatore,Tamil Nadu
2021-05-10,1.78,3.5999999999999983,23.989999999999984,39.129999999999995,1.78,0,Coimbatore,Tamil Nadu
2021-05-11,2.72,5.269999999999998,21.499999999999986,41.07999999999999,2.72,0,Coimbatore,Tamil Nadu
2021-05-12,3.15,7.649999999999999,23.339999999999986,44.10999999999999,3.15,0,Coimbatore,Tamil Nadu
2021-05-13,12.32,18.189999999999998,32.86999999999999,56.379999999999995,12.32,0,Coimbatore,Tamil Nadu
2021-05-14,22.13,37.599999999999994,43.91999999999999,78.29999999999998,22.13,0,Coimbatore,Tamil Nadu
2021-05-15,17.55,52.0,60.41999999999999,94.5,22.13,0,Coimbatore,Tamil Nadu
2021-05-16,10.41,50.09,70.05999999999999,103.55999999999999,22.13,0,Coimbatore,Tamil Nadu
2021-05-17,6.99,34.95,75.26999999999998,107.03999999999999,17.55,0,Coimbatore,Tamil Nadu
2021-05-18,3.92,21.32,76.46999999999998,103.17999999999999,10.41,0,Coimbatore,Tamil Nadu
2021-05-19,26.16,37.07,99.47999999999998,124.13,26.16,0,Coimbatore,Tamil Nadu
2021-05-20,17.71,47.79,104.86999999999999,140.53,26.16,0,Coimbatore,Tamil Nadu
2021-05-21,0.4,44.27,83.13999999999997,138.14000000000001,26.16,0,Coimbatore,Tamil Nadu
2021-05-22,4.06,22.17,69.64999999999998,131.12,17.71,0,Coimbatore,Tamil Nadu
2021-05-23,2.67,7.13,61.90999999999998,132.73999999999998,4.06,0,Coimbatore,Tamil Nadu
2021-05-24,0.26,6.989999999999999,55.17999999999998,132.23,4.06,0,Coimbatore,Tamil Nadu
2021-05-25,7.11,10.04,58.369999999999976,137.56,7.11,0,Coimbatore,Tamil Nadu
2021-05-26,7.94,15.31,40.149999999999984,142.78,7.94,0,Coimbatore,Tamil Nadu
2021-05-27,0.92,15.97,23.35999999999998,140.55,7.94,0,Coimbatore,Tamil Nadu
2021-05-28,0.42,9.28,23.379999999999985,128.65,7.94,0,Coimbatore,Tamil Nadu
2021-05-29,1.38,2.7199999999999998,20.69999999999998,107.89999999999999,1.38,0,Coimbatore,Tamil Nadu
2021-05-30,1.13,2.9299999999999997,19.159999999999982,91.48,1.38,0,Coimbatore,Tamil Nadu
2021-05-31,4.17,6.68,23.069999999999983,85.23999999999998,4.17,0,Coimbatore,Tamil Nadu
2021-06-01,1.87,7.17,17.829999999999984,80.11999999999999,4.17,1,Coimbatore,Tamil Nadu
2021-06-02,1.7,7.74,11.58999999999998,77.89999999999999,4.17,1,Coimbatore,Tamil Nadu
2021-06-03,9.2,12.77,19.86999999999998,60.93999999999999,9.2,1,Coimbatore,Tamil Nadu
2021-06-04,8.16,19.06,27.60999999999998,51.38999999999999,9.2,1,Coimbatore,Tamil Nadu
2021-06-05,9.57,26.93,35.79999999999998,60.559999999999995,9.57,1,Coimbatore,Tamil Nadu
2021-06-06,4.07,21.8,38.73999999999998,60.56999999999999,9.57,1,Coimbatore,Tamil Nadu
2021-06-07,0.46,14.100000000000001,35.02999999999998,58.35999999999999,9.57,1,Coimbatore,Tamil Nadu
2021-06-08,4.36,8.89,37.51999999999998,62.459999999999994,4.36,1,Coimbatore,Tamil Nadu
2021-06-09,2.34,7.16,38.15999999999998,57.68999999999999,4.36,1,Coimbatore,Tamil Nadu
2021-06-10,1.13,7.83,30.089999999999982,50.879999999999995,4.36,1,Coimbatore,Tamil Nadu
2021-06-11,1.55,5.02,23.479999999999983,51.50999999999999,2.34,1,Coimbatore,Tamil Nadu
2021-06-12,5.29,7.97,19.19999999999998,56.37999999999999,5.29,1,Coimbatore,Tamil Nadu
2021-06-13,10.67,17.509999999999998,25.799999999999983,65.66999999999999,10.67,1,Coimbatore,Tamil Nadu
2021-06-14,3.78,19.74,29.119999999999983,68.32,10.67,1,Coimbatore,Tamil Nadu
2021-06-15,8.89,23.34,33.649999999999984,73.03999999999999,10.67,1,Coimbatore,Tamil Nadu
2021-06-16,9.88,22.55,41.18999999999998,81.04999999999998,9.88,1,Coimbatore,Tamil Nadu
2021-06-17,6.32,25.09,46.37999999999998,85.67,9.88,1,Coimbatore,Tamil Nadu
2021-06-18,2.41,18.610000000000003,47.23999999999998,78.88,9.88,1,Coimbatore,Tamil Nadu
2021-06-19,1.02,9.75,42.969999999999985,71.74,6.32,1,Coimbatore,Tamil Nadu
2021-06-20,1.41,4.84,33.70999999999999,63.57999999999999,2.41,1,Coimbatore,Tamil Nadu
2021-06-21,2.45,4.88,32.37999999999998,61.959999999999994,2.45,1,Coimbatore,Tamil Nadu
2021-06-22,2.58,6.4399999999999995,26.069999999999983,64.07999999999998,2.58,1,Coimbatore,Tamil Nadu
2021-06-23,3.34,8.37,19.529999999999983,63.05999999999999,3.34,1,Coimbatore,Tamil Nadu
2021-06-24,0.74,6.659999999999999,13.949999999999982,61.459999999999994,3.34,1,Coimbatore,Tamil Nadu
2021-06-25,0.15,4.2299999999999995,11.689999999999982,60.47999999999999,3.34,1,Coimbatore,Tamil Nadu
2021-06-26,3.78,4.67,14.449999999999982,62.709999999999994,3.78,1,Coimbatore,Tamil Nadu
2021-06-27,5.63,9.559999999999999,18.66999999999998,63.05,5.63,1,Coimbatore,Tamil Nadu
2021-06-28,1.95,11.359999999999998,18.169999999999984,54.32999999999999,5.63,1,Coimbatore,Tamil Nadu
2021-06-29,6.99,14.57,22.57999999999998,57.53999999999999,6.99,1,Coimbatore,Tamil Nadu
2021-06-30,1.38,10.32,20.619999999999983,50.029999999999994,6.99,1,Coimbatore,Tamil Nadu
2021-07-01,9.29,17.659999999999997,29.16999999999998,49.43999999999999,9.29,1,Coimbatore,Tamil Nadu
2021-07-02,3.53,14.199999999999998,32.54999999999998,46.64999999999999,9.29,1,Coimbatore,Tamil Nadu
2021-07-03,2.52,15.339999999999996,31.28999999999998,46.75999999999999,9.29,1,Coimbatore,Tamil Nadu
2021-07-04,19.76,25.81,45.41999999999999,65.49999999999999,19.76,1,Coimbatore,Tamil Nadu
2021-07-05,2.51,24.79,45.97999999999998,66.6,19.76,1,Coimbatore,Tamil Nadu
2021-07-06,4.39,26.659999999999997,43.37999999999998,68.53999999999999,19.76,1,Coimbatore,Tamil Nadu
2021-07-07,6.0,12.899999999999995,47.999999999999986,71.96,6.0,1,Coimbatore,Tamil Nadu
2021-07-08,3.79,14.179999999999996,42.499999999999986,72.40999999999998,6.0,1,Coimbatore,Tamil Nadu
2021-07-09,6.08,15.869999999999996,45.04999999999998,77.75,6.08,1,Coimbatore,Tamil Nadu
2021-07-10,10.24,20.11,52.76999999999998,87.83999999999999,10.24,1,Coimbatore,Tamil Nadu
2021-07-11,2.47,18.79,35.47999999999998,86.52999999999999,10.24,1,Coimbatore,Tamil Nadu
2021-07-12,4.1,16.809999999999995,37.069999999999986,84.99999999999999,10.24,1,Coimbatore,Tamil Nadu
2021-07-13,5.39,11.959999999999997,38.069999999999986,88.43999999999998,5.39,1,Coimbatore,Tamil Nadu
2021-07-14,12.54,22.029999999999994,44.609999999999985,93.99,12.54,1,Coimbatore,Tamil Nadu
2021-07-15,7.99,25.919999999999995,48.80999999999998,100.6,12.54,1,Coimbatore,Tamil Nadu
2021-07-16,12.61,33.14,55.339999999999975,103.91999999999999,12.61,1,Coimbatore,Tamil Nadu
2021-07-17,5.62,26.22,50.719999999999985,106.00999999999999,12.61,1,Coimbatore,Tamil Nadu
2021-07-18,6.13,24.359999999999996,54.37999999999998,109.61999999999999,12.61,1,Coimbatore,Tamil Nadu
2021-07-19,1.69,13.439999999999998,51.969999999999985,91.54999999999998,6.13,1,Coimbatore,Tamil Nadu
2021-07-20,2.58,10.399999999999999,49.15999999999998,91.61999999999999,6.13,1,Coimbatore,Tamil Nadu
2021-07-21,7.18,11.45,43.79999999999998,94.41,7.18,1,Coimbatore,Tamil Nadu
2021-07-22,14.7,24.46,50.50999999999998,103.11,14.7,1,Coimbatore,Tamil Nadu
2021-07-23,12.68,34.559999999999995,50.57999999999998,111.99999999999999,14.7,1,Coimbatore,Tamil Nadu
2021-07-24,6.55,33.93,51.509999999999984,112.46999999999998,14.7,1,Coimbatore,Tamil Nadu
2021-07-25,4.32,23.55,49.69999999999998,106.55,12.68,1,Coimbatore,Tamil Nadu
2021-07-26,5.01,15.879999999999999,53.01999999999998,109.08999999999999,6.55,1,Coimbatore,Tamil Nadu
2021-07-27,3.39,12.719999999999999,53.829999999999984,108.37999999999998,5.01,1,Coimbatore,Tamil Nadu
2021-07-28,2.52,10.919999999999998,49.16999999999998,105.50999999999999,5.01,1,Coimbatore,Tamil Nadu
2021-07-29,1.4,7.3100000000000005,35.86999999999998,94.36999999999999,3.39,1,Coimbatore,Tamil Nadu
2021-07-30,1.18,5.1,24.36999999999998,87.55999999999999,2.52,1,Coimbatore,Tamil Nadu
2021-07-31,0.98,3.5599999999999996,18.799999999999983,75.92999999999999,1.4,1,Coimbatore,Tamil Nadu
2021-08-01,0.42,2.58,14.899999999999983,70.72999999999999,1.18,1,Coimbatore,Tamil Nadu
2021-08-02,1.96,3.36,11.849999999999984,66.55999999999999,1.96,1,Coimbatore,Tamil Nadu
2021-08-03,1.47,3.8499999999999996,9.929999999999982,66.33999999999999,1.96,1,Coimbatore,Tamil Nadu
2021-08-04,1.57,5.0,8.979999999999983,65.32999999999998,1.96,1,Coimbatore,Tamil Nadu
2021-08-05,4.55,7.59,12.129999999999981,62.69999999999999,4.55,1,Coimbatore,Tamil Nadu
2021-08-06,5.29,11.41,16.23999999999998,53.28999999999999,5.29,1,Coimbatore,Tamil Nadu
2021-08-07,9.31,19.15,24.569999999999983,49.919999999999995,9.31,1,Coimbatore,Tamil Nadu
2021-08-08,3.85,18.45,27.999999999999986,47.21999999999999,9.31,1,Coimbatore,Tamil Nadu
2021-08-09,4.13,17.29,30.169999999999984,47.02999999999999,9.31,1,Coimbatore,Tamil Nadu
2021-08-10,1.76,9.74,30.459999999999987,43.779999999999994,4.13,1,Coimbatore,Tamil Nadu
2021-08-11,3.64,9.530000000000001,32.52999999999999,44.029999999999994,4.13,1,Coimbatore,Tamil Nadu
2021-08-12,2.1,7.5,30.079999999999984,43.61,3.64,1,Coimbatore,Tamil Nadu
2021-08-13,8.34,14.08,33.12999999999998,50.54999999999999,8.34,1,Coimbatore,Tamil Nadu
2021-08-14,2.29,12.73,26.10999999999998,51.65999999999999,8.34,1,Coimbatore,Tamil Nadu
2021-08-15,0.44,11.07,22.69999999999998,51.11999999999999,8.34,1,Coimbatore,Tamil Nadu
2021-08-16,0.28,3.0100000000000002,18.849999999999984,50.97999999999999,2.29,1,Coimbatore,Tamil Nadu
2021-08-17,4.39,5.109999999999999,21.47999999999998,53.40999999999999,4.39,1,Coimbatore,Tamil Nadu
2021-08-18,7.17,11.84,25.009999999999984,59.10999999999999,7.17,1,Coimbatore,Tamil Nadu
2021-08-19,1.97,13.530000000000001,24.87999999999998,59.50999999999999,7.17,1,Coimbatore,Tamil Nadu
2021-08-20,1.16,10.3,17.69999999999998,56.11999999999999,7.17,1,Coimbatore,Tamil Nadu
2021-08-21,6.31,9.440000000000001,21.71999999999998,57.13999999999999,6.31,1,Coimbatore,Tamil Nadu
2021-08-22,10.38,17.85,31.659999999999982,58.209999999999994,10.38,1,Coimbatore,Tamil Nadu
2021-08-23,13.48,30.17,44.859999999999985,67.83999999999999,13.48,1,Coimbatore,Tamil Nadu
2021-08-24,1.7,25.560000000000002,42.16999999999998,65.41,13.48,1,Coimbatore,Tamil Nadu
2021-08-25,4.95,20.130000000000003,39.94999999999999,68.6,13.48,1,Coimbatore,Tamil Nadu
2021-08-26,10.64,17.29,48.61999999999998,75.6,10.64,1,Coimbatore,Tamil Nadu
2021-08-27,10.5,26.090000000000003,57.95999999999999,84.0,10.64,1,Coimbatore,Tamil Nadu
2021-08-28,10.27,31.409999999999997,61.91999999999998,85.92999999999999,10.64,1,Coimbatore,Tamil Nadu
2021-08-29,7.14,27.909999999999997,58.67999999999998,90.77999999999999,10.5,1,Coimbatore,Tamil Nadu
2021-08-30,3.34,20.749999999999996,48.539999999999985,93.67999999999999,10.27,1,Coimbatore,Tamil Nadu
2021-08-31,0.65,11.129999999999999,47.48999999999998,94.04999999999998,7.14,1,Coimbatore,Tamil Nadu
2021-09-01,1.23,5.22,43.76999999999998,90.88999999999999,3.34,1,Coimbatore,Tamil Nadu
2021-09-02,14.57,16.45,47.69999999999998,98.29,14.57,1,Coimbatore,Tamil Nadu
2021-09-03,10.0,25.799999999999997,47.19999999999998,106.32,14.57,1,Coimbatore,Tamil Nadu
2021-09-04,3.42,27.99,40.34999999999998,108.57999999999998,14.57,1,Coimbatore,Tamil Nadu
2021-09-05,6.38,19.799999999999997,39.58999999999998,108.64999999999999,10.0,1,Coimbatore,Tamil Nadu
2021-09-06,6.95,16.75,43.19999999999998,105.22,6.95,1,Coimbatore,Tamil Nadu
2021-09-07,5.93,19.259999999999998,48.47999999999998,97.66999999999999,6.95,1,Coimbatore,Tamil Nadu
2021-09-08,6.91,19.79,54.15999999999998,102.87999999999998,6.95,1,Coimbatore,Tamil Nadu
2021-09-09,1.02,13.859999999999998,40.60999999999998,98.95,6.91,1,Coimbatore,Tamil Nadu
2021-09-10,0.26,8.189999999999998,30.86999999999998,88.57,6.91,1,Coimbatore,Tamil Nadu
2021-09-11,6.56,7.839999999999998,34.009999999999984,84.63,6.56,1,Coimbatore,Tamil Nadu
2021-09-12,7.84,14.659999999999998,35.469999999999985,82.19999999999999,7.84,1,Coimbatore,Tamil Nadu
2021-09-13,4.44,18.84,32.95999999999998,79.49999999999999,7.84,1,Coimbatore,Tamil Nadu
2021-09-14,1.31,13.589999999999998,28.339999999999982,77.47,7.84,1,Coimbatore,Tamil Nadu
2021-09-15,7.64,13.389999999999999,29.069999999999986,84.46,7.64,1,Coimbatore,Tamil Nadu
2021-09-16,8.12,17.07,36.16999999999998,91.35,8.12,1,Coimbatore,Tamil Nadu
2021-09-17,4.79,20.549999999999997,40.69999999999998,81.57,8.12,1,Coimbatore,Tamil Nadu
2021-09-18,0.68,13.589999999999998,34.81999999999998,72.25,8.12,1,Coimbatore,Tamil Nadu
2021-09-19,4.96,10.429999999999998,31.939999999999984,73.78999999999999,4.96,1,Coimbatore,Tamil Nadu
2021-09-20,1.74,7.379999999999998,29.23999999999998,69.14999999999999,4.96,1,Coimbatore,Tamil Nadu
2021-09-21,0.34,7.039999999999998,28.26999999999998,62.53999999999999,4.96,1,Coimbatore,Tamil Nadu
2021-09-22,1.23,3.3099999999999983,21.85999999999998,57.839999999999996,1.74,1,Coimbatore,Tamil Nadu
2021-09-23,5.19,6.759999999999999,18.929999999999982,56.11999999999999,5.19,1,Coimbatore,Tamil Nadu
2021-09-24,7.71,14.129999999999999,21.849999999999984,62.809999999999995,7.71,1,Coimbatore,Tamil Nadu
2021-09-25,7.78,20.68,28.94999999999998,70.32999999999998,7.78,1,Coimbatore,Tamil Nadu
2021-09-26,2.22,17.709999999999997,26.209999999999983,65.99,7.78,1,Coimbatore,Tamil Nadu
2021-09-27,8.34,18.339999999999996,32.80999999999999,66.49,8.34,1,Coimbatore,Tamil Nadu
2021-09-28,4.34,14.899999999999997,36.80999999999998,66.38999999999999,8.34,1,Coimbatore,Tamil Nadu
2021-09-29,0.83,13.509999999999998,36.40999999999998,65.91,8.34,1,Coimbatore,Tamil Nadu
2021-09-30,16.88,22.049999999999997,48.09999999999998,75.14999999999999,16.88,1,Coimbatore,Tamil Nadu
2021-10-01,5.87,23.58,46.25999999999998,72.89999999999999,16.88,0,Coimbatore,Tamil Nadu
2021-10-02,15.09,37.84,53.56999999999998,83.19999999999999,16.88,0,Coimbatore,Tamil Nadu
2021-10-03,13.12,34.08,64.46999999999998,95.63999999999999,15.09,0,Coimbatore,Tamil Nadu
2021-10-04,3.15,31.36,59.27999999999997,93.82999999999998,15.09,0,Coimbatore,Tamil Nadu
2021-10-05,6.38,22.65,61.31999999999998,98.47,13.12,0,Coimbatore,Tamil Nadu
2021-10-06,2.27,11.799999999999999,62.759999999999984,100.39999999999999,6.38,0,Coimbatore,Tamil Nadu
2021-10-07,0.39,9.04,46.269999999999975,99.55999999999999,6.38,0,Coimbatore,Tamil Nadu
2021-10-08,13.41,16.07,53.80999999999998,107.77999999999999,13.41,0,Coimbatore,Tamil Nadu
2021-10-09,5.89,19.69,44.609999999999985,105.96,13.41,0,Coimbatore,Tamil Nadu
2021-10-10,5.26,24.56,36.74999999999998,103.44,13.41,0,Coimbatore,Tamil Nadu
2021-10-11,26.01,37.16,59.609999999999985,127.22999999999999,26.01,0,Coimbatore,Tamil Nadu
2021-10-12,15.37,46.64,68.59999999999998,134.26,26.01,0,Coimbatore,Tamil Nadu
2021-10-13,2.48,43.86,68.80999999999997,132.39999999999998,26.01,0,Coimbatore,Tamil Nadu
2021-10-14,2.29,20.14,70.71,133.85999999999999,15.37,0,Coimbatore,Tamil Nadu
2021-10-15,1.81,6.58,59.10999999999998,118.78999999999999,2.48,0,Coimbatore,Tamil Nadu
2021-10-16,35.2,39.300000000000004,88.41999999999999,148.12,35.2,0,Coimbatore,Tamil Nadu
2021-10-17,7.57,44.580000000000005,90.72999999999999,140.6,35.2,0,Coimbatore,Tamil Nadu
2021-10-18,3.61,46.38,68.33,131.09,35.2,0,Coimbatore,Tamil Nadu
2021-10-19,1.46,12.64,54.41999999999999,129.39999999999998,7.57,0,Coimbatore,Tamil Nadu
2021-10-20,25.22,30.29,77.15999999999998,148.24,25.22,0,Coimbatore,Tamil Nadu
2021-10-21,21.29,47.97,96.16,167.26,25.22,0,Coimbatore,Tamil Nadu
2021-10-22,10.29,56.8,104.63999999999999,177.16,25.22,0,Coimbatore,Tamil Nadu
2021-10-23,12.27,43.849999999999994,81.70999999999998,176.02,21.29,0,Coimbatore,Tamil Nadu
2021-10-24,8.51,31.07,82.64999999999999,178.64,12.27,0,Coimbatore,Tamil Nadu
2021-10-25,6.17,26.95,85.20999999999998,179.54999999999998,12.27,0,Coimbatore,Tamil Nadu
2021-10-26,3.56,18.24,87.30999999999999,157.09999999999997,8.51,0,Coimbatore,Tamil Nadu
2021-10-27,5.05,14.78,67.13999999999999,146.78,6.17,0,Coimbatore,Tamil Nadu
2021-10-28,2.64,11.25,48.48999999999998,146.93999999999997,5.05,0,Coimbatore,Tamil Nadu
2021-10-29,1.15,8.84,39.34999999999999,145.79999999999998,5.05,0,Coimbatore,Tamil Nadu
2021-10-30,6.99,10.780000000000001,34.069999999999986,150.98,6.99,0,Coimbatore,Tamil Nadu
2021-10-31,3.37,11.51,28.929999999999986,119.14999999999998,6.99,0,Coimbatore,Tamil Nadu
2021-11-01,15.93,26.29,38.68999999999998,127.50999999999999,15.93,0,Coimbatore,Tamil Nadu
2021-11-02,21.13,40.43,56.259999999999984,145.02999999999997,21.13,0,Coimbatore,Tamil Nadu
2021-11-03,3.49,40.550000000000004,54.69999999999999,147.06,21.13,0,Coimbatore,Tamil Nadu
2021-11-04,17.38,42.0,69.43999999999998,139.21999999999997,21.13,0,Coimbatore,Tamil Nadu
2021-11-05,6.54,27.409999999999997,74.82999999999998,124.46999999999998,17.38,0,Coimbatore,Tamil Nadu
2021-11-06,4.89,28.809999999999995,72.72999999999999,119.06999999999998,17.38,0,Coimbatore,Tamil Nadu
2021-11-07,14.72,26.15,84.07999999999998,121.51999999999998,14.72,0,Coimbatore,Tamil Nadu
2021-11-08,4.28,23.89,72.42999999999999,117.28999999999998,14.72,0,Coimbatore,Tamil Nadu
2021-11-09,2.77,21.77,54.069999999999986,113.88999999999997,14.72,0,Coimbatore,Tamil Nadu
2021-11-10,3.15,10.2,53.72999999999998,113.47999999999998,4.28,0,Coimbatore,Tamil Nadu
2021-11-11,1.68,7.6,38.02999999999999,110.10999999999997,3.15,0,Coimbatore,Tamil Nadu
2021-11-12,13.04,17.869999999999997,44.52999999999999,120.50999999999998,13.04,0,Coimbatore,Tamil Nadu
2021-11-13,4.86,19.58,44.499999999999986,124.21999999999998,13.04,0,Coimbatore,Tamil Nadu
2021-11-14,6.82,24.72,36.59999999999999,124.04999999999998,13.04,0,Coimbatore,Tamil Nadu
2021-11-15,12.96,24.64,45.27999999999999,133.64,12.96,0,Coimbatore,Tamil Nadu
2021-11-16,3.07,22.85,45.579999999999984,120.77999999999997,12.96,0,Coimbatore,Tamil Nadu
2021-11-17,26.36,42.39,68.78999999999999,126.00999999999999,26.36,0,Coimbatore,Tamil Nadu
2021-11-18,8.88,38.31,75.99,131.39999999999998,26.36,0,Coimbatore,Tamil Nadu
2021-11-19,6.17,41.41,69.11999999999999,120.19,26.36,0,Coimbatore,Tamil Nadu
2021-11-20,2.42,17.47,66.67999999999999,116.07,8.88,0,Coimbatore,Tamil Nadu
2021-11-21,0.31,8.9,60.16999999999999,111.48999999999998,6.17,0,Coimbatore,Tamil Nadu
2021-11-22,6.95,9.68,54.15999999999998,103.71999999999998,6.95,0,Coimbatore,Tamil Nadu
2021-11-23,10.98,18.240000000000002,62.069999999999986,110.41999999999999,10.98,0,Coimbatore,Tamil Nadu
2021-11-24,1.39,19.32,37.09999999999999,109.03999999999999,10.98,0,Coimbatore,Tamil Nadu
2021-11-25,16.6,28.97,44.819999999999986,122.48999999999998,16.6,0,Coimbatore,Tamil Nadu
2021-11-26,5.61,23.599999999999998,44.25999999999999,126.42,16.6,0,Coimbatore,Tamil Nadu
2021-11-27,1.88,24.089999999999996,43.71999999999999,115.25999999999999,16.6,0,Coimbatore,Tamil Nadu
2021-11-28,4.58,12.069999999999997,47.98999999999999,114.97999999999999,5.61,0,Coimbatore,Tamil Nadu
2021-11-29,17.36,23.819999999999997,58.39999999999999,125.51999999999998,17.36,0,Coimbatore,Tamil Nadu
2021-11-30,11.03,32.97,58.44999999999999,123.58999999999999,17.36,0,Coimbatore,Tamil Nadu
2021-12-01,4.1,32.489999999999995,61.15999999999998,124.61999999999999,17.36,0,Coimbatore,Tamil Nadu
2021-12-02,1.96,17.089999999999996,46.51999999999998,100.22,11.03,0,Coimbatore,Tamil Nadu
2021-12-03,2.3,8.359999999999996,43.20999999999999,93.63999999999999,4.1,0,Coimbatore,Tamil Nadu
2021-12-04,6.22,10.479999999999997,47.54999999999998,93.68999999999998,6.22,0,Coimbatore,Tamil Nadu
2021-12-05,8.62,17.139999999999993,51.58999999999998,99.88999999999999,8.62,0,Coimbatore,Tamil Nadu
2021-12-06,0.29,15.129999999999994,34.51999999999998,99.86999999999999,8.62,0,Coimbatore,Tamil Nadu
2021-12-07,0.44,9.349999999999994,23.929999999999982,93.35999999999999,8.62,0,Coimbatore,Tamil Nadu
2021-12-08,0.15,0.8799999999999965,19.979999999999983,82.52999999999999,0.44,0,Coimbatore,Tamil Nadu
2021-12-09,2.32,2.9099999999999966,20.339999999999982,83.45999999999998,2.32,0,Coimbatore,Tamil Nadu
2021-12-10,0.51,2.979999999999996,18.549999999999986,67.36999999999999,2.32,0,Coimbatore,Tamil Nadu
2021-12-11,1.67,4.4999999999999964,13.999999999999982,63.429999999999986,2.32,0,Coimbatore,Tamil Nadu
2021-12-12,0.41,2.5899999999999963,5.789999999999986,61.95999999999998,1.67,0,Coimbatore,Tamil Nadu
2021-12-13,0.08,2.1599999999999966,5.579999999999985,57.45999999999998,1.67,0,Coimbatore,Tamil Nadu
2021-12-14,1.47,1.9599999999999964,6.609999999999985,41.56999999999998,1.47,0,Coimbatore,Tamil Nadu
2021-12-15,0.77,2.3199999999999967,7.229999999999985,31.30999999999998,1.47,0,Coimbatore,Tamil Nadu
2021-12-16,0.01,2.2499999999999964,4.919999999999986,27.219999999999985,1.47,0,Coimbatore,Tamil Nadu
2021-12-17,0.0,0.7799999999999965,4.409999999999985,25.259999999999984,0.77,0,Coimbatore,Tamil Nadu
2021-12-18,0.0,0.009999999999996447,2.7399999999999856,22.959999999999987,0.01,0,Coimbatore,Tamil Nadu
2021-12-19,0.0,0.0,2.329999999999986,16.739999999999984,0.0,0,Coimbatore,Tamil Nadu
2021-12-20,0.0,0.0,2.249999999999986,8.119999999999985,0.0,0,Coimbatore,Tamil Nadu
2021-12-21,0.0,0.0,0.7799999999999858,7.829999999999985,0.0,0,Coimbatore,Tamil Nadu
2021-12-22,0.0,0.0,0.00999999999998579,7.389999999999985,0.0,0,Coimbatore,Tamil Nadu
2021-12-23,0.0,0.0,0.0,7.239999999999985,0.0,0,Coimbatore,Tamil Nadu
2021-12-24,0.0,0.0,0.0,4.919999999999986,0.0,0,Coimbatore,Tamil Nadu
2021-12-25,0.0,0.0,0.0,4.409999999999985,0.0,0,Coimbatore,Tamil Nadu
2021-12-26,0.0,0.0,0.0,2.7399999999999856,0.0,0,Coimbatore,Tamil Nadu
2021-12-27,0.0,0.0,0.0,2.329999999999986,0.0,0,Coimbatore,Tamil Nadu
2021-12-28,0.0,0.0,0.0,2.249999999999986,0.0,0,Coimbatore,Tamil Nadu
2021-12-29,0.0,0.0,0.0,0.7799999999999858,0.0,0,Coimbatore,Tamil Nadu
2021-12-30,1.6,1.5999999999999965,1.5999999999999859,1.6099999999999859,1.6,0,Coimbatore,Tamil Nadu
2021-12-31,4.73,6.3299999999999965,6.329999999999986,6.329999999999986,4.73,0,Coimbatore,Tamil Nadu
2022-01-01,11.09,17.419999999999995,17.419999999999987,17.419999999999987,11.09,0,Coimbatore,Tamil Nadu
2022-01-02,1.93,17.749999999999996,19.349999999999987,19.349999999999987,11.09,0,Coimbatore,Tamil Nadu
2022-01-03,0.02,13.039999999999996,19.369999999999987,19.369999999999987,11.09,0,Coimbatore,Tamil Nadu
2022-01-04,0.0,1.9499999999999964,19.369999999999987,19.369999999999987,1.93,0,Coimbatore,Tamil Nadu
2022-01-05,0.0,0.019999999999996448,19.369999999999987,19.369999999999987,0.02,0,Coimbatore,Tamil Nadu
2022-01-06,0.0,0.0,17.769999999999985,19.369999999999987,0.0,0,Coimbatore,Tamil Nadu
2022-01-07,0.04,0.03999999999999645,13.079999999999986,19.409999999999986,0.04,0,Coimbatore,Tamil Nadu
2022-01-08,0.08,0.11999999999999644,2.0699999999999856,19.489999999999984,0.08,0,Coimbatore,Tamil Nadu
2022-01-09,0.0,0.11999999999999646,0.1399999999999858,19.489999999999984,0.08,0,Coimbatore,Tamil Nadu
2022-01-10,0.0,0.07999999999999646,0.11999999999998578,19.489999999999984,0.08,0,Coimbatore,Tamil Nadu
2022-01-11,0.0,0.0,0.11999999999998578,19.489999999999984,0.0,0,Coimbatore,Tamil Nadu
2022-01-12,0.0,0.0,0.11999999999998578,19.489999999999984,0.0,0,Coimbatore,Tamil Nadu
2022-01-13,0.0,0.0,0.11999999999998578,19.489999999999984,0.0,0,Coimbatore,Tamil Nadu
2022-01-14,0.0,0.0,0.07999999999998579,17.889999999999983,0.0,0,Coimbatore,Tamil Nadu
2022-01-15,0.13,0.12999999999999645,0.1299999999999858,13.289999999999985,0.13,0,Coimbatore,Tamil Nadu
2022-01-16,3.95,4.0799999999999965,4.079999999999986,6.149999999999986,3.95,0,Coimbatore,Tamil Nadu
2022-01-17,1.42,5.4999999999999964,5.499999999999986,5.639999999999986,3.95,0,Coimbatore,Tamil Nadu
2022-01-18,0.01,5.379999999999996,5.509999999999986,5.629999999999986,3.95,0,Coimbatore,Tamil Nadu
2022-01-19,0.0,1.4299999999999964,5.509999999999986,5.629999999999986,1.42,0,Coimbatore,Tamil Nadu
2022-01-20,0.0,0.009999999999996447,5.509999999999986,5.629999999999986,0.01,0,Coimbatore,Tamil Nadu
2022-01-21,0.0,0.0,5.509999999999986,5.629999999999986,0.0,0,Coimbatore,Tamil Nadu
2022-01-22,0.0,0.0,5.379999999999986,5.589999999999986,0.0,0,Coimbatore,Tamil Nadu
2022-01-23,0.0,0.0,1.4299999999999857,5.509999999999986,0.0,0,Coimbatore,Tamil Nadu
2022-01-24,0.0,0.0,0.00999999999998579,5.509999999999986,0.0,0,Coimbatore,Tamil Nadu
2022-01-25,0.0,0.0,0.0,5.509999999999986,0.0,0,Coimbatore,Tamil Nadu
2022-01-26,0.37,0.36999999999999644,0.3699999999999858,5.879999999999986,0.37,0,Coimbatore,Tamil Nadu
2022-01-27,3.53,3.8999999999999964,3.8999999999999857,9.409999999999986,3.53,0,Coimbatore,Tamil Nadu
2022-01-28,0.9,4.799999999999996,4.799999999999986,10.309999999999986,3.53,0,Coimbatore,Tamil Nadu
2022-01-29,0.04,4.469999999999996,4.839999999999986,10.349999999999985,3.53,0,Coimbatore,Tamil Nadu
2022-01-30,0.0,0.9399999999999965,4.839999999999986,10.219999999999986,0.9,0,Coimbatore,Tamil Nadu
2022-01-31,0.0,0.03999999999999645,4.839999999999986,6.269999999999985,0.04,0,Coimbatore,Tamil Nadu
2022-02-01,0.03,0.029999999999996446,4.869999999999986,4.879999999999986,0.03,0,Coimbatore,Tamil Nadu
2022-02-02,0.05,0.07999999999999645,4.549999999999986,4.919999999999986,0.05,0,Coimbatore,Tamil Nadu
2022-02-03,0.0,0.07999999999999645,1.0199999999999858,4.919999999999986,0.05,0,Coimbatore,Tamil Nadu
2022-02-04,0.0,0.04999999999999645,0.11999999999998578,4.919999999999986,0.05,0,Coimbatore,Tamil Nadu
2022-02-05,0.0,0.0,0.07999999999998578,4.919999999999986,0.0,0,Coimbatore,Tamil Nadu
2022-02-06,0.0,0.0,0.07999999999998578,4.919999999999986,0.0,0,Coimbatore,Tamil Nadu
2022-02-07,0.0,0.0,0.07999999999998578,4.919999999999986,0.0,0,Coimbatore,Tamil Nadu
2022-02-08,0.0,0.0,0.04999999999998579,4.919999999999986,0.0,0,Coimbatore,Tamil Nadu
2022-02-09,0.01,0.009999999999996447,0.00999999999998579,4.9299999999999855,0.01,0,Coimbatore,Tamil Nadu
2022-02-10,0.0,0.009999999999996447,0.00999999999998579,4.559999999999985,0.01,0,Coimbatore,Tamil Nadu
2022-02-11,0.33,0.33999999999999647,0.3399999999999858,1.3599999999999859,0.33,0,Coimbatore,Tamil Nadu
2022-02-12,1.44,1.7699999999999965,1.7799999999999858,1.8999999999999857,1.44,0,Coimbatore,Tamil Nadu
2022-02-13,0.11,1.8799999999999966,1.889999999999986,1.9699999999999858,1.44,0,Coimbatore,Tamil Nadu
2022-02-14,0.04,1.5899999999999963,1.9299999999999857,2.0099999999999856,1.44,0,Coimbatore,Tamil Nadu
2022-02-15,0.17,0.31999999999999645,2.099999999999986,2.1799999999999855,0.17,0,Coimbatore,Tamil Nadu
2022-02-16,0.16,0.36999999999999644,2.2499999999999862,2.309999999999986,0.17,0,Coimbatore,Tamil Nadu
2022-02-17,0.02,0.3499999999999964,2.2699999999999863,2.2799999999999856,0.17,0,Coimbatore,Tamil Nadu
2022-02-18,0.0,0.17999999999999644,1.9399999999999857,2.2799999999999856,0.16,0,Coimbatore,Tamil Nadu
2022-02-19,0.0,0.019999999999996448,0.4999999999999858,2.2799999999999856,0.02,0,Coimbatore,Tamil Nadu
2022-02-20,0.0,0.0,0.3899999999999858,2.2799999999999856,0.0,0,Coimbatore,Tamil Nadu
2022-02-21,0.0,0.0,0.34999999999998577,2.2799999999999856,0.0,0,Coimbatore,Tamil Nadu
2022-02-22,0.0,0.0,0.17999999999998578,2.2799999999999856,0.0,0,Coimbatore,Tamil Nadu
2022-02-23,0.04,0.03999999999999645,0.05999999999998579,2.3199999999999856,0.04,0,Coimbatore,Tamil Nadu
2022-02-24,0.16,0.19999999999999646,0.1999999999999858,2.469999999999986,0.16,0,Coimbatore,Tamil Nadu
2022-02-25,0.0,0.19999999999999646,0.19999999999998577,2.469999999999986,0.16,0,Coimbatore,Tamil Nadu
2022-02-26,0.0,0.15999999999999645,0.19999999999998577,2.139999999999986,0.16,0,Coimbatore,Tamil Nadu
2022-02-27,0.12,0.11999999999999644,0.31999999999998574,0.8199999999999859,0.12,0,Coimbatore,Tamil Nadu
2022-02-28,0.03,0.14999999999999644,0.34999999999998577,0.7399999999999858,0.12,0,Coimbatore,Tamil Nadu
2022-03-01,0.0,0.14999999999999644,0.34999999999998577,0.6999999999999857,0.12,0,Coimbatore,Tamil Nadu
2022-03-02,0.0,0.029999999999996446,0.3099999999999858,0.5299999999999858,0.03,0,Coimbatore,Tamil Nadu
2022-03-03,0.0,0.0,0.14999999999998576,0.3699999999999858,0.0,0,Coimbatore,Tamil Nadu
2022-03-04,0.0,0.0,0.14999999999998576,0.34999999999998577,0.0,0,Coimbatore,Tamil Nadu
2022-03-05,0.0,0.0,0.14999999999998576,0.34999999999998577,0.0,0,Coimbatore,Tamil Nadu
2022-03-06,0.09,0.08999999999999644,0.11999999999998576,0.4399999999999858,0.09,0,Coimbatore,Tamil Nadu
2022-03-07,0.99,1.0799999999999965,1.0799999999999859,1.4299999999999857,0.99,0,Coimbatore,Tamil Nadu
2022-03-08,1.33,2.4099999999999966,2.409999999999986,2.7599999999999856,1.33,0,Coimbatore,Tamil Nadu
2022-03-09,0.22,2.539999999999997,2.629999999999986,2.9799999999999858,1.33,0,Coimbatore,Tamil Nadu
2022-03-10,0.0,1.5499999999999965,2.629999999999986,2.9399999999999857,1.33,0,Coimbatore,Tamil Nadu
2022-03-11,0.0,0.21999999999999645,2.629999999999986,2.7799999999999856,0.22,0,Coimbatore,Tamil Nadu
2022-03-12,0.0,0.0,2.629999999999986,2.7799999999999856,0.0,0,Coimbatore,Tamil Nadu
2022-03-13,0.0,0.0,2.5399999999999863,2.7799999999999856,0.0,0,Coimbatore,Tamil Nadu
2022-03-14,0.0,0.0,1.5499999999999858,2.659999999999986,0.0,0,Coimbatore,Tamil Nadu
2022-03-15,0.02,0.019999999999996448,0.23999999999998578,2.6499999999999857,0.02,0,Coimbatore,Tamil Nadu
2022-03-16,0.3,0.31999999999999645,0.31999999999998574,2.9499999999999855,0.3,0,Coimbatore,Tamil Nadu
2022-03-17,0.07,0.38999999999999646,0.3899999999999858,3.019999999999986,0.3,0,Coimbatore,Tamil Nadu
2022-03-18,0.18,0.5499999999999965,0.5699999999999859,3.1999999999999855,0.3,0,Coimbatore,Tamil Nadu
2022-03-19,0.45,0.6999999999999964,1.0199999999999858,3.6499999999999857,0.45,0,Coimbatore,Tamil Nadu
2022-03-20,1.04,1.6699999999999964,2.059999999999986,4.689999999999985,1.04,0,Coimbatore,Tamil Nadu
2022-03-21,3.49,4.979999999999997,5.5499999999999865,8.089999999999986,3.49,0,Coimbatore,Tamil Nadu
2022-03-22,2.79,7.319999999999997,8.319999999999986,9.889999999999986,3.49,0,Coimbatore,Tamil Nadu
2022-03-23,17.81,24.089999999999996,25.829999999999984,26.369999999999983,17.81,0,Coimbatore,Tamil Nadu
2022-03-24,5.56,26.159999999999993,31.319999999999983,31.709999999999987,17.81,0,Coimbatore,Tamil Nadu
2022-03-25,3.78,27.149999999999995,34.91999999999998,35.48999999999999,17.81,0,Coimbatore,Tamil Nadu
2022-03-26,2.76,12.099999999999996,37.22999999999998,38.249999999999986,5.56,0,Coimbatore,Tamil Nadu
2022-03-27,1.02,7.559999999999996,37.20999999999998,39.26999999999999,3.78,0,Coimbatore,Tamil Nadu
2022-03-28,0.45,4.229999999999996,34.16999999999999,39.719999999999985,2.76,0,Coimbatore,Tamil Nadu
2022-03-29,0.86,2.3299999999999965,32.23999999999998,40.579999999999984,1.02,0,Coimbatore,Tamil Nadu
2022-03-30,1.63,2.9399999999999964,16.059999999999985,42.18999999999998,1.63,0,Coimbatore,Tamil Nadu
2022-03-31,0.2,2.6899999999999964,10.699999999999987,42.08999999999999,1.63,0,Coimbatore,Tamil Nadu
2022-04-01,0.67,2.4999999999999964,7.589999999999986,42.68999999999998,1.63,0,Coimbatore,Tamil Nadu
2022-04-02,1.08,1.9499999999999966,5.909999999999986,43.58999999999999,1.08,0,Coimbatore,Tamil Nadu
2022-04-03,0.98,2.729999999999997,5.869999999999986,44.11999999999998,1.08,0,Coimbatore,Tamil Nadu
2022-04-04,0.12,2.1799999999999966,5.539999999999986,43.19999999999998,1.08,0,Coimbatore,Tamil Nadu
2022-04-05,0.23,1.3299999999999965,4.909999999999985,39.93999999999998,0.98,0,Coimbatore,Tamil Nadu
2022-04-06,3.89,4.239999999999997,7.169999999999986,41.039999999999985,3.89,0,Coimbatore,Tamil Nadu
2022-04-07,0.56,4.679999999999996,7.529999999999986,23.78999999999999,3.89,0,Coimbatore,Tamil Nadu
2022-04-08,9.91,14.359999999999996,16.769999999999985,28.13999999999999,9.91,0,Coimbatore,Tamil Nadu
2022-04-09,9.82,20.289999999999996,25.509999999999984,34.17999999999999,9.91,0,Coimbatore,Tamil Nadu
2022-04-10,1.87,21.599999999999998,26.399999999999984,33.28999999999999,9.91,0,Coimbatore,Tamil Nadu
2022-04-11,3.98,15.669999999999995,30.259999999999984,36.249999999999986,9.82,0,Coimbatore,Tamil Nadu
2022-04-12,8.64,14.489999999999995,38.66999999999999,44.43999999999999,8.64,0,Coimbatore,Tamil Nadu
2022-04-13,12.15,24.769999999999996,46.929999999999986,55.72999999999999,12.15,0,Coimbatore,Tamil Nadu
2022-04-14,16.84,37.629999999999995,63.20999999999999,70.94,16.84,0,Coimbatore,Tamil Nadu
2022-04-15,1.64,30.629999999999992,54.93999999999998,72.37999999999998,16.84,0,Coimbatore,Tamil Nadu
2022-04-16,3.32,21.799999999999994,48.43999999999999,75.02999999999999,16.84,0,Coimbatore,Tamil Nadu
2022-04-17,7.18,12.139999999999993,53.749999999999986,81.12999999999998,7.18,0,Coimbatore,Tamil Nadu
2022-04-18,2.48,12.979999999999992,52.249999999999986,82.62999999999998,7.18,0,Coimbatore,Tamil Nadu
2022-04-19,1.41,11.069999999999993,45.01999999999999,83.91999999999999,7.18,0,Coimbatore,Tamil Nadu
2022-04-20,0.0,3.8899999999999926,32.86999999999999,83.68999999999998,2.48,0,Coimbatore,Tamil Nadu
2022-04-21,0.0,1.4099999999999928,16.029999999999987,79.79999999999998,1.41,0,Coimbatore,Tamil Nadu
2022-04-22,1.71,1.7099999999999929,16.099999999999984,80.94999999999999,1.71,0,Coimbatore,Tamil Nadu
2022-04-23,21.38,23.089999999999993,34.15999999999998,92.41999999999999,21.38,0,Coimbatore,Tamil Nadu
2022-04-24,0.4,23.48999999999999,27.37999999999998,83.0,21.38,0,Coimbatore,Tamil Nadu
2022-04-25,0.1,21.879999999999992,24.999999999999982,81.22999999999999,21.38,0,Coimbatore,Tamil Nadu
2022-04-26,0.0,0.4999999999999929,23.589999999999982,77.24999999999999,0.4,0,Coimbatore,Tamil Nadu
2022-04-27,0.01,0.1099999999999929,23.599999999999984,68.61999999999999,0.1,0,Coimbatore,Tamil Nadu
2022-04-28,0.15,0.15999999999999287,23.749999999999982,56.61999999999998,0.15,0,Coimbatore,Tamil Nadu
2022-04-29,1.12,1.279999999999993,23.159999999999986,40.89999999999999,1.12,0,Coimbatore,Tamil Nadu
2022-04-30,0.57,1.8399999999999928,2.349999999999986,39.82999999999999,1.12,0,Coimbatore,Tamil Nadu
2022-05-01,3.57,5.259999999999993,5.519999999999985,40.07999999999999,3.57,0,Coimbatore,Tamil Nadu
2022-05-02,2.58,6.719999999999993,7.999999999999986,35.47999999999999,3.57,0,Coimbatore,Tamil Nadu
2022-05-03,5.67,11.819999999999993,13.669999999999986,38.66999999999999,5.67,0,Coimbatore,Tamil Nadu
2022-05-04,3.6,11.849999999999993,17.259999999999987,40.85999999999999,5.67,0,Coimbatore,Tamil Nadu
2022-05-05,2.26,11.529999999999992,19.369999999999987,43.11999999999999,5.67,0,Coimbatore,Tamil Nadu
2022-05-06,0.18,6.039999999999993,18.429999999999986,43.29999999999999,3.6,0,Coimbatore,Tamil Nadu
2022-05-07,3.34,5.779999999999992,21.199999999999985,44.929999999999986,3.34,0,Coimbatore,Tamil Nadu
2022-05-08,4.03,7.549999999999994,21.659999999999986,27.57999999999999,4.03,0,Coimbatore,Tamil Nadu
2022-05-09,4.57,11.939999999999994,23.649999999999988,31.749999999999993,4.57,0,Coimbatore,Tamil Nadu
2022-05-10,3.69,12.289999999999994,21.669999999999987,35.33999999999999,4.57,0,Coimbatore,Tamil Nadu
2022-05-11,2.28,10.539999999999992,20.349999999999984,37.61999999999999,4.57,0,Coimbatore,Tamil Nadu
2022-05-12,4.21,10.179999999999993,22.299999999999986,41.81999999999999,4.21,0,Coimbatore,Tamil Nadu
2022-05-13,4.86,11.349999999999994,26.979999999999986,46.529999999999994,4.86,0,Coimbatore,Tamil Nadu
2022-05-14,13.48,22.549999999999994,37.11999999999999,58.889999999999986,13.48,0,Coimbatore,Tamil Nadu
2022-05-15,12.85,31.189999999999998,45.93999999999998,71.16999999999999,13.48,0,Coimbatore,Tamil Nadu
2022-05-16,7.02,33.349999999999994,48.389999999999986,74.61999999999999,13.48,0,Coimbatore,Tamil Nadu
2022-05-17,12.99,32.85999999999999,57.68999999999998,85.03,12.99,0,Coimbatore,Tamil Nadu
2022-05-18,10.05,30.05999999999999,65.45999999999998,89.41,12.99,0,Coimbatore,Tamil Nadu
2022-05-19,6.17,29.209999999999994,67.41999999999999,91.97999999999999,12.99,0,Coimbatore,Tamil Nadu
2022-05-20,4.39,20.609999999999992,66.94999999999999,94.11,10.05,0,Coimbatore,Tamil Nadu
2022-05-21,3.69,14.249999999999993,57.15999999999998,97.61999999999999,6.17,0,Coimbatore,Tamil Nadu
2022-05-22,0.87,8.949999999999992,45.179999999999986,95.14999999999999,4.39,0,Coimbatore,Tamil Nadu
2022-05-23,3.9,8.459999999999994,42.05999999999999,95.01999999999998,3.9,0,Coimbatore,Tamil Nadu
2022-05-24,3.77,8.539999999999994,32.83999999999999,94.22,3.9,0,Coimbatore,Tamil Nadu
2022-05-25,8.39,16.059999999999995,31.179999999999986,98.91999999999999,8.39,0,Coimbatore,Tamil Nadu
2022-05-26,5.36,17.519999999999996,30.369999999999983,102.0,8.39,0,Coimbatore,Tamil Nadu
2022-05-27,3.11,16.859999999999996,29.089999999999986,100.89999999999999,8.39,0,Coimbatore,Tamil Nadu
2022-05-28,2.32,10.789999999999996,27.719999999999985,98.35999999999999,5.36,0,Coimbatore,Tamil Nadu
2022-05-29,5.39,10.819999999999993,32.23999999999998,90.27,5.39,0,Coimbatore,Tamil Nadu
2022-05-30,3.1,10.809999999999995,31.439999999999987,80.51999999999998,5.39,0,Coimbatore,Tamil Nadu
2022-05-31,4.16,12.649999999999995,31.829999999999984,77.66,5.39,0,Coimbatore,Tamil Nadu
2022-06-01,5.42,12.679999999999996,28.859999999999985,70.08999999999997,5.42,1,Coimbatore,Tamil Nadu
2022-06-02,1.91,11.489999999999995,25.409999999999986,61.94999999999998,5.42,1,Coimbatore,Tamil Nadu
2022-06-03,0.25,7.579999999999996,22.549999999999986,56.02999999999999,5.42,1,Coimbatore,Tamil Nadu
2022-06-04,0.38,2.5399999999999956,20.609999999999985,52.01999999999999,1.91,1,Coimbatore,Tamil Nadu
2022-06-05,6.58,7.2099999999999955,21.799999999999986,54.90999999999999,6.58,1,Coimbatore,Tamil Nadu
2022-06-06,4.41,11.369999999999996,23.109999999999985,58.44999999999999,6.58,1,Coimbatore,Tamil Nadu
2022-06-07,1.33,12.319999999999995,20.279999999999987,55.87999999999999,6.58,1,Coimbatore,Tamil Nadu
2022-06-08,0.25,5.989999999999996,15.109999999999985,52.359999999999985,4.41,1,Coimbatore,Tamil Nadu
2022-06-09,0.94,2.5199999999999956,14.139999999999986,44.90999999999998,1.33,1,Coimbatore,Tamil Nadu
2022-06-10,3.24,4.429999999999996,17.129999999999985,42.789999999999985,3.24,1,Coimbatore,Tamil Nadu
2022-06-11,2.84,7.019999999999996,19.589999999999986,42.51999999999999,3.24,1,Coimbatore,Tamil Nadu
2022-06-12,6.5,12.579999999999997,19.509999999999984,46.69999999999999,6.5,1,Coimbatore,Tamil Nadu
2022-06-13,5.32,14.659999999999997,20.419999999999987,46.62999999999999,6.5,1,Coimbatore,Tamil Nadu
2022-06-14,5.45,17.269999999999996,24.53999999999999,48.97999999999999,6.5,1,Coimbatore,Tamil Nadu
2022-06-15,4.19,14.959999999999997,28.47999999999999,49.00999999999999,5.45,1,Coimbatore,Tamil Nadu
2022-06-16,11.7,21.339999999999996,39.23999999999999,55.289999999999985,11.7,1,Coimbatore,Tamil Nadu
2022-06-17,15.71,31.599999999999998,51.70999999999999,69.08999999999999,15.71,1,Coimbatore,Tamil Nadu
2022-06-18,5.83,33.239999999999995,54.69999999999999,74.66999999999999,15.71,1,Coimbatore,Tamil Nadu
2022-06-19,5.24,26.779999999999998,53.43999999999999,79.53,15.71,1,Coimbatore,Tamil Nadu
2022-06-20,1.92,12.989999999999997,50.03999999999999,74.87,5.83,1,Coimbatore,Tamil Nadu
2022-06-21,2.04,9.199999999999996,46.62999999999999,72.49999999999999,5.24,1,Coimbatore,Tamil Nadu
2022-06-22,1.08,5.0399999999999965,43.51999999999999,72.24999999999999,2.04,1,Coimbatore,Tamil Nadu
2022-06-23,1.89,5.009999999999996,33.70999999999999,73.88999999999999,2.04,1,Coimbatore,Tamil Nadu
2022-06-24,4.69,7.659999999999997,22.689999999999984,77.63999999999999,4.69,1,Coimbatore,Tamil Nadu
2022-06-25,4.3,10.879999999999995,21.159999999999986,78.69999999999999,4.69,1,Coimbatore,Tamil Nadu
2022-06-26,1.31,10.299999999999995,17.229999999999986,77.16999999999999,4.69,1,Coimbatore,Tamil Nadu
2022-06-27,2.44,8.049999999999997,17.749999999999986,73.10999999999999,4.3,1,Coimbatore,Tamil Nadu
2022-06-28,4.38,8.129999999999995,20.089999999999986,72.16999999999999,4.38,1,Coimbatore,Tamil Nadu
2022-06-29,2.22,9.039999999999996,21.229999999999986,68.94,4.38,1,Coimbatore,Tamil Nadu
2022-06-30,22.15,28.749999999999993,41.48999999999998,86.89999999999998,22.15,1,Coimbatore,Tamil Nadu
2022-07-01,4.23,28.599999999999994,41.02999999999999,79.42999999999999,22.15,1,Coimbatore,Tamil Nadu
2022-07-02,1.98,28.359999999999992,38.70999999999999,65.69999999999999,22.15,1,Coimbatore,Tamil Nadu
2022-07-03,3.88,10.089999999999993,41.27999999999999,63.74999999999999,4.23,1,Coimbatore,Tamil Nadu
2022-07-04,4.71,10.569999999999993,43.54999999999999,63.219999999999985,4.71,1,Coimbatore,Tamil Nadu
2022-07-05,8.42,17.00999999999999,47.58999999999999,69.71999999999998,8.42,1,Coimbatore,Tamil Nadu
2022-07-06,7.39,20.519999999999992,52.75999999999999,75.07,8.42,1,Coimbatore,Tamil Nadu
2022-07-07,10.69,26.499999999999993,41.29999999999998,84.67999999999999,10.69,1,Coimbatore,Tamil Nadu
2022-07-08,8.35,26.429999999999993,45.41999999999998,91.14,10.69,1,Coimbatore,Tamil Nadu
2022-07-09,6.91,25.949999999999996,50.34999999999999,93.35999999999999,10.69,1,Coimbatore,Tamil Nadu
2022-07-10,9.88,25.139999999999993,56.34999999999998,98.93999999999998,9.88,1,Coimbatore,Tamil Nadu
2022-07-11,6.72,23.50999999999999,58.35999999999999,104.34999999999998,9.88,1,Coimbatore,Tamil Nadu
2022-07-12,9.02,25.619999999999994,58.95999999999999,110.92999999999998,9.88,1,Coimbatore,Tamil Nadu
2022-07-13,9.56,25.29999999999999,61.12999999999999,116.10999999999999,9.56,1,Coimbatore,Tamil Nadu
2022-07-14,8.13,26.709999999999994,58.56999999999998,122.02,9.56,1,Coimbatore,Tamil Nadu
2022-07-15,9.15,26.839999999999996,59.36999999999999,109.01999999999998,9.56,1,Coimbatore,Tamil Nadu
2022-07-16,9.2,26.47999999999999,61.65999999999998,113.99,9.2,1,Coimbatore,Tamil Nadu
2022-07-17,9.38,27.729999999999993,61.15999999999999,121.38999999999999,9.38,1,Coimbatore,Tamil Nadu
2022-07-18,12.8,31.379999999999992,67.23999999999998,130.30999999999997,12.8,1,Coimbatore,Tamil Nadu
2022-07-19,3.42,25.599999999999994,61.639999999999986,129.01999999999998,12.8,1,Coimbatore,Tamil Nadu
2022-07-20,5.56,21.779999999999994,57.639999999999986,126.15999999999998,12.8,1,Coimbatore,Tamil Nadu
2022-07-21,12.88,21.859999999999992,62.389999999999986,131.64999999999998,12.88,1,Coimbatore,Tamil Nadu
2022-07-22,5.72,24.15999999999999,58.95999999999999,126.67999999999999,12.88,1,Coimbatore,Tamil Nadu
2022-07-23,1.78,20.379999999999992,51.539999999999985,120.11,12.88,1,Coimbatore,Tamil Nadu
2022-07-24,5.94,13.439999999999994,48.09999999999999,119.13999999999999,5.94,1,Coimbatore,Tamil Nadu
2022-07-25,2.75,10.469999999999994,38.04999999999998,112.00999999999999,5.94,1,Coimbatore,Tamil Nadu
2022-07-26,4.32,13.009999999999994,38.94999999999999,109.60999999999999,5.94,1,Coimbatore,Tamil Nadu
2022-07-27,12.95,20.019999999999992,46.33999999999999,113.53999999999999,12.95,1,Coimbatore,Tamil Nadu
2022-07-28,7.13,24.39999999999999,40.58999999999999,111.11,12.95,1,Coimbatore,Tamil Nadu
2022-07-29,19.51,39.58999999999999,54.37999999999998,122.48999999999998,19.51,1,Coimbatore,Tamil Nadu
2022-07-30,22.05,48.69,74.64999999999999,135.39,22.05,1,Coimbatore,Tamil Nadu
2022-07-31,11.95,53.50999999999999,80.66,138.14,22.05,1,Coimbatore,Tamil Nadu
2022-08-01,25.33,59.32999999999999,103.24,154.09,25.33,1,Coimbatore,Tamil Nadu
2022-08-02,12.85,50.12999999999999,111.76999999999998,154.14,25.33,1,Coimbatore,Tamil Nadu
2022-08-03,5.74,43.91999999999999,104.55999999999997,156.45999999999998,25.33,1,Coimbatore,Tamil Nadu
2022-08-04,30.57,49.16,127.99999999999999,181.47,30.57,1,Coimbatore,Tamil Nadu
2022-08-05,5.61,41.919999999999995,114.09999999999998,174.2,30.57,1,Coimbatore,Tamil Nadu
2022-08-06,8.28,44.459999999999994,100.32999999999998,176.76,30.57,1,Coimbatore,Tamil Nadu
2022-08-07,9.86,23.749999999999993,98.23999999999998,184.84,9.86,1,Coimbatore,Tamil Nadu
2022-08-08,10.6,28.739999999999995,83.50999999999998,189.5,10.6,1,Coimbatore,Tamil Nadu
2022-08-09,6.08,26.539999999999992,76.73999999999998,192.82999999999998,10.6,1,Coimbatore,Tamil Nadu
2022-08-10,2.07,18.749999999999993,73.06999999999998,190.57999999999998,10.6,1,Coimbatore,Tamil Nadu
2022-08-11,3.84,11.989999999999993,46.33999999999998,181.47,6.08,1,Coimbatore,Tamil Nadu
2022-08-12,1.47,7.379999999999993,42.19999999999999,175.81,3.84,1,Coimbatore,Tamil Nadu
2022-08-13,0.03,5.339999999999993,33.94999999999998,156.33,3.84,1,Coimbatore,Tamil Nadu
2022-08-14,0.02,1.519999999999993,24.109999999999985,134.29999999999998,1.47,1,Coimbatore,Tamil Nadu
2022-08-15,0.0,0.0499999999999929,13.509999999999986,122.34999999999998,0.03,1,Coimbatore,Tamil Nadu
2022-08-16,0.0,0.019999999999992895,7.4299999999999855,97.01999999999998,0.02,1,Coimbatore,Tamil Nadu
2022-08-17,0.03,0.029999999999992893,5.3899999999999855,84.19999999999999,0.03,1,Coimbatore,Tamil Nadu
2022-08-18,5.76,5.789999999999993,7.309999999999986,84.21999999999998,5.76,1,Coimbatore,Tamil Nadu
2022-08-19,5.71,11.499999999999993,11.549999999999986,59.35999999999999,5.76,1,Coimbatore,Tamil Nadu
2022-08-20,0.41,11.879999999999994,11.929999999999987,54.15999999999998,5.76,1,Coimbatore,Tamil Nadu
2022-08-21,3.06,9.179999999999993,14.969999999999986,48.93999999999998,5.71,1,Coimbatore,Tamil Nadu
2022-08-22,8.28,11.749999999999993,23.249999999999986,47.359999999999985,8.28,1,Coimbatore,Tamil Nadu
2022-08-23,3.41,14.749999999999991,26.659999999999986,40.16999999999999,8.28,1,Coimbatore,Tamil Nadu
2022-08-24,4.19,15.879999999999992,30.819999999999986,38.279999999999994,8.28,1,Coimbatore,Tamil Nadu
2022-08-25,9.98,17.57999999999999,35.03999999999999,46.19,9.98,1,Coimbatore,Tamil Nadu
2022-08-26,25.36,39.52999999999999,54.68999999999998,67.71,25.36,1,Coimbatore,Tamil Nadu
2022-08-27,10.07,45.41,64.35,76.30999999999999,25.36,1,Coimbatore,Tamil Nadu
2022-08-28,8.18,43.609999999999985,69.46999999999998,84.46,25.36,1,Coimbatore,Tamil Nadu
2022-08-29,9.02,27.26999999999999,70.20999999999998,93.46,10.07,1,Coimbatore,Tamil Nadu
2022-08-30,37.5,54.69999999999999,104.29999999999998,130.95999999999998,37.5,1,Coimbatore,Tamil Nadu
2022-08-31,32.94,79.45999999999998,133.04999999999998,163.89999999999998,37.5,1,Coimbatore,Tamil Nadu
2022-09-01,8.33,78.77,131.39999999999998,172.2,37.5,1,Coimbatore,Tamil Nadu
2022-09-02,1.57,42.83999999999999,107.60999999999999,168.01,32.94,1,Coimbatore,Tamil Nadu
2022-09-03,1.74,11.639999999999993,99.27999999999999,164.04,8.33,1,Coimbatore,Tamil Nadu
2022-09-04,12.45,15.759999999999993,103.54999999999998,176.07999999999998,12.45,1,Coimbatore,Tamil Nadu
2022-09-05,20.19,34.379999999999995,114.72,193.20999999999998,20.19,1,Coimbatore,Tamil Nadu
2022-09-06,12.06,44.69999999999999,89.27999999999999,196.98999999999998,20.19,1,Coimbatore,Tamil Nadu
2022-09-07,14.53,46.779999999999994,70.86999999999999,208.10999999999999,20.19,1,Coimbatore,Tamil Nadu
2022-09-08,3.92,30.50999999999999,66.46,207.84,14.53,1,Coimbatore,Tamil Nadu
2022-09-09,8.19,26.639999999999986,73.07999999999998,206.04999999999998,14.53,1,Coimbatore,Tamil Nadu
2022-09-10,7.63,19.739999999999988,78.97,188.32,8.19,1,Coimbatore,Tamil Nadu
2022-09-11,7.37,23.18999999999999,73.88999999999999,185.62,8.19,1,Coimbatore,Tamil Nadu
2022-09-12,2.51,17.50999999999999,56.209999999999994,179.95,7.63,1,Coimbatore,Tamil Nadu
2022-09-13,3.2,13.079999999999991,47.34999999999999,174.13,7.37,1,Coimbatore,Tamil Nadu
2022-09-14,3.39,9.099999999999989,36.209999999999994,140.01999999999998,3.39,1,Coimbatore,Tamil Nadu
2022-09-15,0.13,6.71999999999999,32.419999999999995,107.20999999999998,3.39,1,Coimbatore,Tamil Nadu
2022-09-16,0.21,3.7299999999999893,24.439999999999994,99.08999999999999,3.39,1,Coimbatore,Tamil Nadu
2022-09-17,0.56,0.8999999999999894,17.369999999999994,98.07999999999998,0.56,1,Coimbatore,Tamil Nadu
2022-09-18,1.81,2.5799999999999894,11.809999999999993,98.14999999999999,1.81,1,Coimbatore,Tamil Nadu
2022-09-19,0.48,2.8499999999999894,9.779999999999994,86.17999999999998,1.81,1,Coimbatore,Tamil Nadu
2022-09-20,0.02,2.3099999999999894,6.5999999999999925,66.00999999999999,1.81,1,Coimbatore,Tamil Nadu
2022-09-21,0.0,0.49999999999998934,3.209999999999993,53.94999999999998,0.48,1,Coimbatore,Tamil Nadu
2022-09-22,0.01,0.02999999999998934,3.0899999999999928,39.429999999999986,0.02,1,Coimbatore,Tamil Nadu
2022-09-23,0.01,0.019999999999989342,2.889999999999993,35.51999999999999,0.01,1,Coimbatore,Tamil Nadu
2022-09-24,0.19,0.20999999999998933,2.519999999999993,27.519999999999985,0.19,1,Coimbatore,Tamil Nadu
2022-09-25,3.43,3.6299999999999897,4.1399999999999935,23.319999999999986,3.43,1,Coimbatore,Tamil Nadu
2022-09-26,2.67,6.28999999999999,6.329999999999993,18.619999999999987,3.43,1,Coimbatore,Tamil Nadu
2022-09-27,0.0,6.099999999999989,6.309999999999993,16.109999999999985,3.43,1,Coimbatore,Tamil Nadu
2022-09-28,0.34,3.009999999999989,6.649999999999993,13.249999999999986,2.67,1,Coimbatore,Tamil Nadu
2022-09-29,0.17,0.5099999999999894,6.8099999999999925,10.029999999999987,0.34,1,Coimbatore,Tamil Nadu
2022-09-30,1.79,2.299999999999989,8.589999999999993,11.689999999999985,1.79,1,Coimbatore,Tamil Nadu
2022-10-01,1.17,3.1299999999999892,9.569999999999993,12.649999999999986,1.79,0,Coimbatore,Tamil Nadu
2022-10-02,14.63,17.58999999999999,20.769999999999992,26.719999999999985,14.63,0,Coimbatore,Tamil Nadu
2022-10-03,5.28,21.07999999999999,23.379999999999995,30.189999999999987,14.63,0,Coimbatore,Tamil Nadu
2022-10-04,1.82,21.72999999999999,25.199999999999996,31.529999999999987,14.63,0,Coimbatore,Tamil Nadu
2022-10-05,2.36,9.45999999999999,27.21999999999999,33.86999999999999,5.28,0,Coimbatore,Tamil Nadu
2022-10-06,0.19,4.369999999999991,27.239999999999995,34.05999999999999,2.36,0,Coimbatore,Tamil Nadu
2022-10-07,0.08,2.6299999999999906,25.529999999999994,34.12999999999999,2.36,0,Coimbatore,Tamil Nadu
2022-10-08,0.09,0.3599999999999911,24.449999999999992,34.20999999999999,0.19,0,Coimbatore,Tamil Nadu
2022-10-09,10.53,10.69999999999999,20.349999999999994,44.54999999999998,10.53,0,Coimbatore,Tamil Nadu
2022-10-10,19.09,29.70999999999999,34.15999999999999,60.20999999999999,19.09,0,Coimbatore,Tamil Nadu
2022-10-11,6.83,36.44999999999999,39.16999999999999,64.36999999999999,19.09,0,Coimbatore,Tamil Nadu
2022-10-12,4.13,30.04999999999999,40.93999999999999,68.49999999999999,19.09,0,Coimbatore,Tamil Nadu
2022-10-13,5.59,16.549999999999994,46.33999999999999,73.74999999999999,6.83,0,Coimbatore,Tamil Nadu
2022-10-14,6.18,15.899999999999991,52.43999999999999,79.75999999999998,6.18,0,Coimbatore,Tamil Nadu
2022-10-15,6.88,18.64999999999999,59.22999999999999,84.85,6.88,0,Coimbatore,Tamil Nadu
2022-10-16,11.71,24.769999999999996,60.40999999999999,95.38999999999999,11.71,0,Coimbatore,Tamil Nadu
2022-10-17,4.53,23.119999999999994,45.849999999999994,85.28999999999999,11.71,0,Coimbatore,Tamil Nadu
2022-10-18,9.35,25.589999999999996,48.36999999999999,89.35999999999999,11.71,0,Coimbatore,Tamil Nadu
2022-10-19,5.32,19.199999999999996,49.55999999999999,92.85999999999999,9.35,0,Coimbatore,Tamil Nadu
2022-10-20,17.81,32.47999999999999,61.779999999999994,108.30999999999997,17.81,0,Coimbatore,Tamil Nadu
2022-10-21,9.43,32.55999999999999,65.03,117.54999999999998,17.81,0,Coimbatore,Tamil Nadu
2022-10-22,0.89,28.129999999999992,59.03999999999999,118.35999999999999,17.81,0,Coimbatore,Tamil Nadu
2022-10-23,1.67,11.989999999999993,48.99999999999999,119.93999999999998,9.43,0,Coimbatore,Tamil Nadu
2022-10-24,1.31,3.869999999999993,45.77999999999999,110.71999999999998,1.67,0,Coimbatore,Tamil Nadu
2022-10-25,0.05,3.0299999999999927,36.48,91.67999999999999,1.67,0,Coimbatore,Tamil Nadu
2022-10-26,0.0,1.359999999999993,31.159999999999993,84.84999999999998,1.31,0,Coimbatore,Tamil Nadu
2022-10-27,0.0,0.0499999999999929,13.349999999999993,80.71999999999998,0.05,0,Coimbatore,Tamil Nadu
2022-10-28,0.55,0.5499999999999929,4.4699999999999935,75.67999999999998,0.55,0,Coimbatore,Tamil Nadu
2022-10-29,1.86,2.409999999999993,5.439999999999993,71.35999999999999,1.86,0,Coimbatore,Tamil Nadu
2022-10-30,3.21,5.619999999999993,6.979999999999993,67.69,3.21,0,Coimbatore,Tamil Nadu
2022-10-31,0.75,5.819999999999993,6.419999999999993,56.72999999999998,3.21,0,Coimbatore,Tamil Nadu
2022-11-01,5.24,9.199999999999992,11.609999999999992,57.43999999999998,5.24,0,Coimbatore,Tamil Nadu
2022-11-02,4.91,10.899999999999993,16.519999999999992,52.999999999999986,5.24,0,Coimbatore,Tamil Nadu
2022-11-03,11.94,22.089999999999993,28.459999999999994,59.619999999999976,11.94,0,Coimbatore,Tamil Nadu
2022-11-04,8.32,25.169999999999995,36.22999999999999,50.12999999999998,11.94,0,Coimbatore,Tamil Nadu
2022-11-05,3.16,23.41999999999999,37.529999999999994,43.859999999999985,11.94,0,Coimbatore,Tamil Nadu
2022-11-06,5.93,17.409999999999993,40.24999999999999,48.899999999999984,8.32,0,Coimbatore,Tamil Nadu
2022-11-07,0.43,9.519999999999992,39.92999999999999,47.65999999999998,5.93,0,Coimbatore,Tamil Nadu
2022-11-08,0.55,6.909999999999993,35.23999999999999,46.899999999999984,5.93,0,Coimbatore,Tamil Nadu
2022-11-09,0.59,1.5699999999999927,30.919999999999995,47.43999999999998,0.59,0,Coimbatore,Tamil Nadu
2022-11-10,2.48,3.619999999999993,21.459999999999994,49.91999999999998,2.48,0,Coimbatore,Tamil Nadu
2022-11-11,26.67,29.739999999999995,39.809999999999995,76.58999999999999,26.67,0,Coimbatore,Tamil Nadu
2022-11-12,30.24,59.38999999999999,66.88999999999999,106.27999999999999,30.24,0,Coimbatore,Tamil Nadu
2022-11-13,5.81,62.72,66.77,110.22999999999999,30.24,0,Coimbatore,Tamil Nadu
2022-11-14,5.6,41.64999999999999,71.93999999999998,112.61999999999998,30.24,0,Coimbatore,Tamil Nadu
2022-11-15,0.56,11.969999999999992,71.94999999999999,112.42999999999998,5.81,0,Coimbatore,Tamil Nadu
2022-11-16,0.31,6.469999999999993,71.66999999999999,107.49999999999999,5.6,0,Coimbatore,Tamil Nadu
2022-11-17,0.06,0.9299999999999929,69.25,102.64999999999999,0.56,0,Coimbatore,Tamil Nadu
2022-11-18,0.0,0.3699999999999929,42.57999999999999,90.71,0.31,0,Coimbatore,Tamil Nadu
2022-11-19,0.0,0.05999999999999289,12.339999999999993,82.38999999999999,0.06,0,Coimbatore,Tamil Nadu
2022-11-20,0.0,0.0,6.529999999999992,79.22999999999999,0.0,0,Coimbatore,Tamil Nadu
2022-11-21,0.0,0.0,0.9299999999999929,73.29999999999998,0.0,0,Coimbatore,Tamil Nadu
2022-11-22,0.09,0.08999999999999289,0.45999999999999286,72.95999999999998,0.09,0,Coimbatore,Tamil Nadu
2022-11-23,0.73,0.8199999999999928,0.8799999999999928,73.13999999999999,0.73,0,Coimbatore,Tamil Nadu
2022-11-24,0.43,1.249999999999993,1.2499999999999927,72.97999999999999,0.73,0,Coimbatore,Tamil Nadu
2022-11-25,0.14,1.2999999999999927,1.3899999999999928,70.63999999999999,0.73,0,Coimbatore,Tamil Nadu
2022-11-26,0.56,1.1299999999999928,1.9499999999999929,44.52999999999998,0.56,0,Coimbatore,Tamil Nadu
2022-11-27,7.43,8.129999999999992,9.379999999999992,21.719999999999985,7.43,0,Coimbatore,Tamil Nadu
2022-11-28,4.86,12.849999999999994,14.239999999999993,20.769999999999985,7.43,0,Coimbatore,Tamil Nadu
2022-11-29,5.23,17.519999999999992,19.379999999999995,20.399999999999984,7.43,0,Coimbatore,Tamil Nadu
2022-11-30,0.99,11.079999999999993,19.639999999999993,20.829999999999988,5.23,0,Coimbatore,Tamil Nadu
2022-12-01,0.46,6.6799999999999935,19.669999999999995,20.979999999999986,5.23,0,Coimbatore,Tamil Nadu
2022-12-02,0.27,1.7199999999999929,19.799999999999994,21.189999999999987,0.99,0,Coimbatore,Tamil Nadu
2022-12-03,1.18,1.9099999999999928,20.419999999999995,22.369999999999987,1.18,0,Coimbatore,Tamil Nadu
2022-12-04,7.26,8.709999999999992,20.249999999999993,29.629999999999985,7.26,0,Coimbatore,Tamil Nadu
2022-12-05,0.94,9.379999999999994,16.329999999999995,30.569999999999986,7.26,0,Coimbatore,Tamil Nadu
2022-12-06,0.0,8.199999999999994,11.099999999999993,30.569999999999986,7.26,0,Coimbatore,Tamil Nadu
2022-12-07,0.0,0.9399999999999928,10.109999999999992,30.479999999999986,0.94,0,Coimbatore,Tamil Nadu
2022-12-08,1.15,1.1499999999999928,10.799999999999994,30.899999999999984,1.15,0,Coimbatore,Tamil Nadu
2022-12-09,10.44,11.589999999999993,20.96999999999999,40.90999999999998,10.44,0,Coimbatore,Tamil Nadu
2022-12-10,10.29,21.879999999999992,30.07999999999999,51.05999999999998,10.44,0,Coimbatore,Tamil Nadu
2022-12-11,9.16,29.889999999999993,31.979999999999993,59.65999999999998,10.44,0,Coimbatore,Tamil Nadu
2022-12-12,10.54,29.98999999999999,41.57999999999999,62.76999999999999,10.54,0,Coimbatore,Tamil Nadu
2022-12-13,18.86,38.55999999999999,60.43999999999999,76.76999999999998,18.86,0,Coimbatore,Tamil Nadu
2022-12-14,8.58,37.97999999999999,69.02,80.11999999999998,18.86,0,Coimbatore,Tamil Nadu
2022-12-15,0.31,27.749999999999993,68.17999999999998,79.43999999999998,18.86,0,Coimbatore,Tamil Nadu
2022-12-16,0.0,8.889999999999993,57.73999999999999,78.97999999999999,8.58,0,Coimbatore,Tamil Nadu
2022-12-17,0.0,0.3099999999999929,47.44999999999999,78.70999999999998,0.31,0,Coimbatore,Tamil Nadu
2022-12-18,0.0,0.0,38.28999999999999,77.52999999999999,0.0,0,Coimbatore,Tamil Nadu
2022-12-19,0.0,0.0,27.749999999999993,70.26999999999998,0.0,0,Coimbatore,Tamil Nadu
2022-12-20,0.0,0.0,8.889999999999993,69.32999999999998,0.0,0,Coimbatore,Tamil Nadu
2022-12-21,0.0,0.0,0.3099999999999929,69.32999999999998,0.0,0,Coimbatore,Tamil Nadu
2022-12-22,0.0,0.0,0.0,69.32999999999998,0.0,0,Coimbatore,Tamil Nadu
2022-12-23,0.0,0.0,0.0,68.17999999999998,0.0,0,Coimbatore,Tamil Nadu
2022-12-24,0.0,0.0,0.0,57.73999999999999,0.0,0,Coimbatore,Tamil Nadu
2022-12-25,8.83,8.829999999999993,8.829999999999993,56.27999999999999,8.83,0,Coimbatore,Tamil Nadu
2022-12-26,5.78,14.609999999999992,14.609999999999992,52.899999999999984,8.83,0,Coimbatore,Tamil Nadu
2022-12-27,1.91,16.519999999999992,16.519999999999992,44.26999999999999,8.83,0,Coimbatore,Tamil Nadu
2022-12-28,0.34,8.029999999999992,16.859999999999992,25.749999999999986,5.78,0,Coimbatore,Tamil Nadu
2022-12-29,0.0,2.249999999999993,16.859999999999992,17.169999999999987,1.91,0,Coimbatore,Tamil Nadu
2022-12-30,0.0,0.3399999999999929,16.859999999999992,16.859999999999985,0.34,0,Coimbatore,Tamil Nadu
2022-12-31,0.0,0.0,16.859999999999992,16.859999999999985,0.0,0,Coimbatore,Tamil Nadu
2023-01-01,0.0,0.0,8.029999999999992,16.859999999999985,0.0,0,Coimbatore,Tamil Nadu
2023-01-02,0.0,0.0,2.249999999999993,16.859999999999985,0.0,0,Coimbatore,Tamil Nadu
2023-01-03,0.0,0.0,0.3399999999999929,16.859999999999985,0.0,0,Coimbatore,Tamil Nadu
2023-01-04,0.0,0.0,0.0,16.859999999999985,0.0,0,Coimbatore,Tamil Nadu
2023-01-05,0.0,0.0,0.0,16.859999999999985,0.0,0,Coimbatore,Tamil Nadu
2023-01-06,0.0,0.0,0.0,16.859999999999985,0.0,0,Coimbatore,Tamil Nadu
2023-01-07,0.0,0.0,0.0,16.859999999999985,0.0,0,Coimbatore,Tamil Nadu
2023-01-08,0.01,0.009999999999992895,0.009999999999992895,16.869999999999987,0.01,0,Coimbatore,Tamil Nadu
2023-01-09,0.0,0.009999999999992895,0.009999999999992895,8.039999999999987,0.01,0,Coimbatore,Tamil Nadu
2023-01-10,0.0,0.009999999999992895,0.009999999999992895,2.2599999999999856,0.01,0,Coimbatore,Tamil Nadu
2023-01-11,0.0,0.0,0.009999999999992895,0.3499999999999858,0.0,0,Coimbatore,Tamil Nadu
2023-01-12,0.0,0.0,0.009999999999992895,0.00999999999998579,0.0,0,Coimbatore,Tamil Nadu
2023-01-13,0.0,0.0,0.009999999999992895,0.00999999999998579,0.0,0,Coimbatore,Tamil Nadu
2023-01-14,0.0,0.0,0.009999999999992895,0.00999999999998579,0.0,0,Coimbatore,Tamil Nadu
2023-01-15,0.0,0.0,0.0,0.00999999999998579,0.0,0,Coimbatore,Tamil Nadu
2023-01-16,0.0,0.0,0.0,0.00999999999998579,0.0,0,Coimbatore,Tamil Nadu
2023-01-17,0.0,0.0,0.0,0.00999999999998579,0.0,0,Coimbatore,Tamil Nadu
2023-01-18,0.0,0.0,0.0,0.00999999999998579,0.0,0,Coimbatore,Tamil Nadu
2023-01-19,0.0,0.0,0.0,0.00999999999998579,0.0,0,Coimbatore,Tamil Nadu
2023-01-20,0.0,0.0,0.0,0.00999999999998579,0.0,0,Coimbatore,Tamil Nadu
2023-01-21,0.0,0.0,0.0,0.00999999999998579,0.0,0,Coimbatore,Tamil Nadu
2023-01-22,0.0,0.0,0.0,0.00999999999998579,0.0,0,Coimbatore,Tamil Nadu
2023-01-23,1.26,1.259999999999993,1.259999999999993,1.2599999999999858,1.26,0,Coimbatore,Tamil Nadu
2023-01-24,4.34,5.5999999999999925,5.5999999999999925,5.599999999999985,4.34,0,Coimbatore,Tamil Nadu
2023-01-25,0.12,5.719999999999993,5.719999999999993,5.7199999999999855,4.34,0,Coimbatore,Tamil Nadu
2023-01-26,0.0,4.459999999999993,5.719999999999993,5.7199999999999855,4.34,0,Coimbatore,Tamil Nadu
2023-01-27,0.0,0.11999999999999289,5.719999999999993,5.7199999999999855,0.12,0,Coimbatore,Tamil Nadu
2023-01-28,0.0,0.0,5.719999999999993,5.7199999999999855,0.0,0,Coimbatore,Tamil Nadu
2023-01-29,0.0,0.0,5.719999999999993,5.7199999999999855,0.0,0,Coimbatore,Tamil Nadu
2023-01-30,0.25,0.2499999999999929,4.709999999999993,5.9699999999999855,0.25,0,Coimbatore,Tamil Nadu
2023-01-31,0.19,0.4399999999999929,0.559999999999993,6.159999999999985,0.25,0,Coimbatore,Tamil Nadu
2023-02-01,0.0,0.4399999999999929,0.4399999999999929,6.159999999999985,0.25,0,Coimbatore,Tamil Nadu
2023-02-02,1.08,1.269999999999993,1.519999999999993,7.239999999999986,1.08,0,Coimbatore,Tamil Nadu
2023-02-03,2.16,3.239999999999993,3.679999999999993,9.399999999999986,2.16,0,Coimbatore,Tamil Nadu
2023-02-04,3.17,6.409999999999993,6.8499999999999925,12.569999999999986,3.17,0,Coimbatore,Tamil Nadu
2023-02-05,0.03,5.359999999999993,6.879999999999993,12.599999999999985,3.17,0,Coimbatore,Tamil Nadu
2023-02-06,0.0,3.1999999999999926,6.629999999999993,12.599999999999985,3.17,0,Coimbatore,Tamil Nadu
2023-02-07,0.0,0.029999999999992893,6.439999999999992,11.339999999999986,0.03,0,Coimbatore,Tamil Nadu
2023-02-08,0.0,0.0,6.439999999999992,6.999999999999986,0.0,0,Coimbatore,Tamil Nadu
2023-02-09,0.0,0.0,5.359999999999992,6.879999999999986,0.0,0,Coimbatore,Tamil Nadu
2023-02-10,0.0,0.0,3.1999999999999926,6.879999999999986,0.0,0,Coimbatore,Tamil Nadu
2023-02-11,0.0,0.0,0.029999999999992893,6.879999999999986,0.0,0,Coimbatore,Tamil Nadu
2023-02-12,0.0,0.0,0.0,6.879999999999986,0.0,0,Coimbatore,Tamil Nadu
2023-02-13,0.0,0.0,0.0,6.879999999999986,0.0,0,Coimbatore,Tamil Nadu
2023-02-14,0.0,0.0,0.0,6.629999999999986,0.0,0,Coimbatore,Tamil Nadu
2023-02-15,0.0,0.0,0.0,6.439999999999986,0.0,0,Coimbatore,Tamil Nadu
2023-02-16,0.0,0.0,0.0,6.439999999999986,0.0,0,Coimbatore,Tamil Nadu
2023-02-17,0.0,0.0,0.0,5.359999999999985,0.0,0,Coimbatore,Tamil Nadu
2023-02-18,0.0,0.0,0.0,3.1999999999999855,0.0,0,Coimbatore,Tamil Nadu
2023-02-19,0.0,0.0,0.0,0.029999999999985788,0.0,0,Coimbatore,Tamil Nadu
2023-02-20,0.0,0.0,0.0,0.0,0.0,0,Coimbatore,Tamil Nadu
2023-02-21,0.0,0.0,0.0,0.0,0.0,0,Coimbatore,Tamil Nadu
2023-02-22,0.0,0.0,0.0,0.0,0.0,0,Coimbatore,Tamil Nadu
2023-02-23,0.0,0.0,0.0,0.0,0.0,0,Coimbatore,Tamil Nadu
2023-02-24,0.0,0.0,0.0,0.0,0.0,0,Coimbatore,Tamil Nadu
2023-02-25,0.0,0.0,0.0,0.0,0.0,0,Coimbatore,Tamil Nadu
2023-02-26,0.0,0.0,0.0,0.0,0.0,0,Coimbatore,Tamil Nadu
2023-02-27,0.0,0.0,0.0,0.0,0.0,0,Coimbatore,Tamil Nadu
2023-02-28,0.01,0.009999999999992895,0.009999999999992895,0.00999999999998579,0.01,0,Coimbatore,Tamil Nadu
2023-03-01,0.04,0.0499999999999929,0.0499999999999929,0.04999999999998579,0.04,0,Coimbatore,Tamil Nadu
2023-03-02,0.03,0.0799999999999929,0.0799999999999929,0.07999999999998579,0.04,0,Coimbatore,Tamil Nadu
2023-03-03,0.0,0.0699999999999929,0.0799999999999929,0.07999999999998579,0.04,0,Coimbatore,Tamil Nadu
2023-03-04,0.0,0.029999999999992893,0.0799999999999929,0.07999999999998579,0.03,0,Coimbatore,Tamil Nadu
2023-03-05,1.35,1.349999999999993,1.429999999999993,1.429999999999986,1.35,0,Coimbatore,Tamil Nadu
2023-03-06,0.03,1.379999999999993,1.459999999999993,1.459999999999986,1.35,0,Coimbatore,Tamil Nadu
2023-03-07,0.0,1.379999999999993,1.449999999999993,1.459999999999986,1.35,0,Coimbatore,Tamil Nadu
2023-03-08,0.0,0.029999999999992893,1.409999999999993,1.459999999999986,0.03,0,Coimbatore,Tamil Nadu
2023-03-09,0.0,0.0,1.379999999999993,1.459999999999986,0.0,0,Coimbatore,Tamil Nadu
2023-03-10,0.0,0.0,1.379999999999993,1.459999999999986,0.0,0,Coimbatore,Tamil Nadu
2023-03-11,0.0,0.0,1.379999999999993,1.459999999999986,0.0,0,Coimbatore,Tamil Nadu
2023-03-12,0.0,0.0,0.029999999999992893,1.459999999999986,0.0,0,Coimbatore,Tamil Nadu
2023-03-13,0.0,0.0,0.0,1.459999999999986,0.0,0,Coimbatore,Tamil Nadu
2023-03-14,0.0,0.0,0.0,1.459999999999986,0.0,0,Coimbatore,Tamil Nadu
2023-03-15,0.12,0.11999999999999289,0.11999999999999289,1.5699999999999859,0.12,0,Coimbatore,Tamil Nadu
2023-03-16,0.47,0.5899999999999929,0.5899999999999929,1.9999999999999858,0.47,0,Coimbatore,Tamil Nadu
2023-03-17,7.19,7.779999999999993,7.779999999999993,9.159999999999986,7.19,0,Coimbatore,Tamil Nadu
2023-03-18,2.47,10.129999999999994,10.249999999999993,11.629999999999987,7.19,0,Coimbatore,Tamil Nadu
2023-03-19,1.25,10.909999999999993,11.499999999999993,12.879999999999987,7.19,0,Coimbatore,Tamil Nadu
2023-03-20,1.33,5.049999999999994,12.829999999999993,12.859999999999987,2.47,0,Coimbatore,Tamil Nadu
2023-03-21,0.09,2.669999999999993,12.919999999999993,12.919999999999986,1.33,0,Coimbatore,Tamil Nadu
2023-03-22,0.02,1.439999999999993,12.819999999999995,12.939999999999985,1.33,0,Coimbatore,Tamil Nadu
2023-03-23,0.34,0.4499999999999929,12.689999999999994,13.279999999999985,0.34,0,Coimbatore,Tamil Nadu
2023-03-24,2.44,2.7999999999999927,7.939999999999993,15.719999999999985,2.44,0,Coimbatore,Tamil Nadu
2023-03-25,5.14,7.919999999999993,10.609999999999992,20.859999999999985,5.14,0,Coimbatore,Tamil Nadu
2023-03-26,2.49,10.069999999999993,11.849999999999994,23.349999999999987,5.14,0,Coimbatore,Tamil Nadu
2023-03-27,0.42,8.049999999999994,10.939999999999994,23.769999999999985,5.14,0,Coimbatore,Tamil Nadu
2023-03-28,0.9,3.8099999999999925,11.749999999999993,24.669999999999984,2.49,0,Coimbatore,Tamil Nadu
2023-03-29,4.88,6.199999999999992,16.609999999999992,29.549999999999986,4.88,0,Coimbatore,Tamil Nadu
2023-03-30,3.28,9.059999999999992,19.549999999999994,32.70999999999999,4.88,0,Coimbatore,Tamil Nadu
2023-03-31,1.15,9.309999999999992,18.25999999999999,33.389999999999986,4.88,0,Coimbatore,Tamil Nadu
2023-04-01,1.29,5.719999999999992,14.409999999999993,27.489999999999988,3.28,0,Coimbatore,Tamil Nadu
2023-04-02,1.77,4.209999999999992,13.689999999999992,26.789999999999985,1.77,0,Coimbatore,Tamil Nadu
2023-04-03,3.47,6.529999999999992,16.73999999999999,29.009999999999984,3.47,0,Coimbatore,Tamil Nadu
2023-04-04,3.17,8.409999999999993,19.009999999999994,30.849999999999987,3.47,0,Coimbatore,Tamil Nadu
2023-04-05,0.18,6.819999999999992,14.309999999999993,30.939999999999987,3.47,0,Coimbatore,Tamil Nadu
2023-04-06,0.03,3.379999999999992,11.059999999999993,30.949999999999985,3.17,0,Coimbatore,Tamil Nadu
2023-04-07,0.01,0.219999999999992,9.919999999999993,30.619999999999983,0.18,0,Coimbatore,Tamil Nadu
2023-04-08,0.01,0.04999999999999201,8.639999999999992,28.189999999999987,0.03,0,Coimbatore,Tamil Nadu
2023-04-09,0.03,0.04999999999999201,6.899999999999992,23.079999999999988,0.03,0,Coimbatore,Tamil Nadu
2023-04-10,0.36,0.399999999999992,3.789999999999993,20.94999999999999,0.36,0,Coimbatore,Tamil Nadu
2023-04-11,0.49,0.8799999999999919,1.1099999999999928,21.019999999999985,0.49,0,Coimbatore,Tamil Nadu
2023-04-12,0.0,0.8499999999999919,0.9299999999999929,20.119999999999987,0.49,0,Coimbatore,Tamil Nadu
2023-04-13,0.0,0.489999999999992,0.8999999999999929,15.239999999999984,0.49,0,Coimbatore,Tamil Nadu
2023-04-14,0.0,0.0,0.8899999999999929,11.959999999999985,0.0,0,Coimbatore,Tamil Nadu
2023-04-15,0.0,0.0,0.8799999999999929,10.809999999999985,0.0,0,Coimbatore,Tamil Nadu
2023-04-16,0.0,0.0,0.8499999999999929,9.519999999999985,0.0,0,Coimbatore,Tamil Nadu
2023-04-17,0.0,0.0,0.4899999999999929,7.749999999999987,0.0,0,Coimbatore,Tamil Nadu
2023-04-18,0.0,0.0,0.0,4.279999999999986,0.0,0,Coimbatore,Tamil Nadu
2023-04-19,0.0,0.0,0.0,1.1099999999999857,0.0,0,Coimbatore,Tamil Nadu
2023-04-20,0.0,0.0,0.0,0.9299999999999858,0.0,0,Coimbatore,Tamil Nadu
2023-04-21,0.28,0.27999999999999203,0.2799999999999929,1.179999999999986,0.28,0,Coimbatore,Tamil Nadu
2023-04-22,1.93,2.209999999999992,2.209999999999993,3.0999999999999854,1.93,0,Coimbatore,Tamil Nadu
2023-04-23,1.45,3.659999999999992,3.659999999999993,4.539999999999985,1.93,0,Coimbatore,Tamil Nadu
2023-04-24,4.37,7.749999999999992,8.029999999999994,8.879999999999987,4.37,0,Coimbatore,Tamil Nadu
2023-04-25,5.01,10.829999999999991,13.039999999999992,13.529999999999985,5.01,0,Coimbatore,Tamil Nadu
2023-04-26,8.39,17.769999999999992,21.429999999999993,21.429999999999986,8.39,0,Coimbatore,Tamil Nadu
2023-04-27,6.87,20.269999999999992,28.299999999999994,28.299999999999986,8.39,0,Coimbatore,Tamil Nadu
2023-04-28,5.65,20.909999999999993,33.669999999999995,33.94999999999999,8.39,0,Coimbatore,Tamil Nadu
2023-04-29,18.81,31.32999999999999,50.54999999999999,52.75999999999999,18.81,0,Coimbatore,Tamil Nadu
2023-04-30,3.5,27.95999999999999,52.599999999999994,56.25999999999999,18.81,0,Coimbatore,Tamil Nadu
2023-05-01,26.95,49.25999999999999,75.17999999999999,83.20999999999998,26.95,0,Coimbatore,Tamil Nadu
2023-05-02,10.29,40.739999999999995,80.45999999999998,93.49999999999999,26.95,0,Coimbatore,Tamil Nadu
2023-05-03,3.96,41.19999999999999,76.03,97.45999999999998,26.95,0,Coimbatore,Tamil Nadu
2023-05-04,2.56,16.80999999999999,71.72,100.01999999999998,10.29,0,Coimbatore,Tamil Nadu
2023-05-05,2.63,9.149999999999993,68.69999999999999,102.64999999999999,3.96,0,Coimbatore,Tamil Nadu
2023-05-06,6.22,11.409999999999993,56.10999999999999,108.58999999999999,6.22,0,Coimbatore,Tamil Nadu
2023-05-07,2.21,11.059999999999992,54.81999999999999,108.86999999999999,6.22,0,Coimbatore,Tamil Nadu
2023-05-08,3.96,12.389999999999993,31.82999999999999,111.38,6.22,0,Coimbatore,Tamil Nadu
2023-05-09,2.04,8.209999999999992,23.57999999999999,109.04999999999998,3.96,0,Coimbatore,Tamil Nadu
2023-05-10,1.49,7.489999999999992,21.109999999999992,105.52999999999997,3.96,0,Coimbatore,Tamil Nadu
2023-05-11,2.91,6.439999999999992,21.459999999999994,100.04999999999998,2.91,0,Coimbatore,Tamil Nadu
2023-05-12,0.63,5.029999999999992,19.459999999999994,93.80999999999999,2.91,0,Coimbatore,Tamil Nadu
2023-05-13,0.0,3.539999999999992,13.239999999999993,88.15999999999998,2.91,0,Coimbatore,Tamil Nadu
2023-05-14,0.0,0.629999999999992,11.029999999999994,69.34999999999998,0.63,0,Coimbatore,Tamil Nadu
2023-05-15,0.0,0.0,7.069999999999993,65.84999999999998,0.0,0,Coimbatore,Tamil Nadu
2023-05-16,0.25,0.249999999999992,5.279999999999993,39.149999999999984,0.25,0,Coimbatore,Tamil Nadu
2023-05-17,2.06,2.309999999999992,5.8499999999999925,30.919999999999984,2.06,0,Coimbatore,Tamil Nadu
2023-05-18,0.5,2.809999999999992,3.439999999999993,27.459999999999983,2.06,0,Coimbatore,Tamil Nadu
2023-05-19,1.83,4.389999999999992,4.6399999999999935,26.729999999999986,2.06,0,Coimbatore,Tamil Nadu
2023-05-20,1.18,3.509999999999992,5.819999999999993,25.279999999999987,1.83,0,Coimbatore,Tamil Nadu
2023-05-21,4.7,7.709999999999992,10.519999999999992,23.759999999999987,4.7,0,Coimbatore,Tamil Nadu
2023-05-22,2.41,8.289999999999992,12.929999999999993,23.959999999999987,4.7,0,Coimbatore,Tamil Nadu
2023-05-23,0.34,7.449999999999992,13.019999999999994,20.339999999999986,4.7,0,Coimbatore,Tamil Nadu
2023-05-24,7.04,9.789999999999992,17.999999999999993,25.33999999999999,7.04,0,Coimbatore,Tamil Nadu
2023-05-25,2.69,10.069999999999991,20.189999999999994,26.539999999999985,7.04,0,Coimbatore,Tamil Nadu
2023-05-26,3.32,13.049999999999992,21.679999999999993,26.949999999999985,7.04,0,Coimbatore,Tamil Nadu
2023-05-27,3.5,9.509999999999991,23.999999999999993,29.819999999999986,3.5,0,Coimbatore,Tamil Nadu
2023-05-28,0.82,7.639999999999993,20.11999999999999,30.639999999999986,3.5,0,Coimbatore,Tamil Nadu
2023-05-29,1.72,6.039999999999992,19.429999999999993,32.359999999999985,3.5,0,Coimbatore,Tamil Nadu
2023-05-30,1.02,3.559999999999992,20.109999999999992,33.37999999999999,1.72,0,Coimbatore,Tamil Nadu
2023-05-31,1.3,4.039999999999992,14.369999999999992,34.429999999999986,1.72,0,Coimbatore,Tamil Nadu
2023-06-01,0.46,2.7799999999999923,12.139999999999993,32.829999999999984,1.3,1,Coimbatore,Tamil Nadu
2023-06-02,4.98,6.739999999999993,13.799999999999994,37.30999999999999,4.98,1,Coimbatore,Tamil Nadu
2023-06-03,1.48,6.919999999999993,11.779999999999994,36.95999999999999,4.98,1,Coimbatore,Tamil Nadu
2023-06-04,1.65,8.109999999999992,12.609999999999992,37.429999999999986,4.98,1,Coimbatore,Tamil Nadu
2023-06-05,2.07,5.199999999999992,12.959999999999994,34.79999999999998,2.07,1,Coimbatore,Tamil Nadu
2023-06-06,2.07,5.789999999999992,14.009999999999993,34.45999999999999,2.07,1,Coimbatore,Tamil Nadu
2023-06-07,3.79,7.929999999999993,16.499999999999993,37.90999999999998,3.79,1,Coimbatore,Tamil Nadu
2023-06-08,3.36,9.219999999999992,19.39999999999999,34.22999999999998,3.79,1,Coimbatore,Tamil Nadu
2023-06-09,2.1,9.249999999999993,16.519999999999992,33.639999999999986,3.79,1,Coimbatore,Tamil Nadu
2023-06-10,1.26,6.7199999999999935,16.299999999999994,31.579999999999988,3.36,1,Coimbatore,Tamil Nadu
2023-06-11,0.91,4.269999999999993,15.559999999999993,28.989999999999988,2.1,1,Coimbatore,Tamil Nadu
2023-06-12,6.36,8.529999999999994,19.849999999999994,34.52999999999999,6.36,1,Coimbatore,Tamil Nadu
2023-06-13,3.48,10.749999999999993,21.259999999999994,36.289999999999985,6.36,1,Coimbatore,Tamil Nadu
2023-06-14,1.77,11.609999999999992,19.239999999999995,37.039999999999985,6.36,1,Coimbatore,Tamil Nadu
2023-06-15,0.31,5.5599999999999925,16.189999999999994,36.04999999999999,3.48,1,Coimbatore,Tamil Nadu
2023-06-16,0.18,2.2599999999999927,14.269999999999992,35.76999999999999,1.77,1,Coimbatore,Tamil Nadu
2023-06-17,7.29,7.779999999999992,20.299999999999994,38.079999999999984,7.29,1,Coimbatore,Tamil Nadu
2023-06-18,4.49,11.959999999999994,23.879999999999995,41.08999999999999,7.29,1,Coimbatore,Tamil Nadu
2023-06-19,0.43,12.209999999999994,17.949999999999996,39.86999999999998,7.29,1,Coimbatore,Tamil Nadu
2023-06-20,7.81,12.729999999999993,22.279999999999994,45.609999999999985,7.81,1,Coimbatore,Tamil Nadu
2023-06-21,13.32,21.559999999999995,33.83,56.859999999999985,13.32,1,Coimbatore,Tamil Nadu
2023-06-22,8.53,29.659999999999993,42.04999999999999,61.59999999999998,13.32,1,Coimbatore,Tamil Nadu
2023-06-23,1.52,23.369999999999994,43.38999999999999,59.759999999999984,13.32,1,Coimbatore,Tamil Nadu
2023-06-24,0.21,10.259999999999994,36.309999999999995,57.86999999999998,8.53,1,Coimbatore,Tamil Nadu
2023-06-25,3.89,5.619999999999995,35.709999999999994,60.499999999999986,3.89,1,Coimbatore,Tamil Nadu
2023-06-26,0.54,4.639999999999994,35.81999999999999,60.12999999999999,3.89,1,Coimbatore,Tamil Nadu
2023-06-27,5.33,9.759999999999994,33.33999999999999,59.09999999999999,5.33,1,Coimbatore,Tamil Nadu
2023-06-28,1.46,7.329999999999995,21.479999999999993,57.079999999999984,5.33,1,Coimbatore,Tamil Nadu
2023-06-29,3.2,9.989999999999995,16.14999999999999,58.50999999999999,5.33,1,Coimbatore,Tamil Nadu
2023-06-30,1.56,6.219999999999995,16.189999999999994,59.759999999999984,3.2,1,Coimbatore,Tamil Nadu
2023-07-01,1.74,6.499999999999995,17.71999999999999,61.319999999999986,3.2,1,Coimbatore,Tamil Nadu
2023-07-02,4.04,7.3399999999999945,17.86999999999999,58.069999999999986,4.04,1,Coimbatore,Tamil Nadu
2023-07-03,11.05,16.829999999999995,28.379999999999995,64.62999999999998,11.05,1,Coimbatore,Tamil Nadu
2023-07-04,9.63,24.719999999999995,32.67999999999999,73.82999999999998,11.05,1,Coimbatore,Tamil Nadu
2023-07-05,15.37,36.05,46.589999999999996,81.38999999999999,15.37,1,Coimbatore,Tamil Nadu
2023-07-06,10.31,35.309999999999995,53.69999999999999,78.37999999999998,15.37,1,Coimbatore,Tamil Nadu
2023-07-07,9.92,35.599999999999994,62.059999999999995,79.76999999999998,15.37,1,Coimbatore,Tamil Nadu
2023-07-08,4.42,24.649999999999995,64.74,82.66999999999999,10.31,1,Coimbatore,Tamil Nadu
2023-07-09,2.56,16.899999999999995,63.26,85.02,9.92,1,Coimbatore,Tamil Nadu
2023-07-10,4.47,11.449999999999994,56.67999999999999,85.6,4.47,1,Coimbatore,Tamil Nadu
2023-07-11,3.35,10.379999999999994,50.4,88.40999999999998,4.47,1,Coimbatore,Tamil Nadu
2023-07-12,0.66,8.479999999999993,35.68999999999999,83.73999999999998,4.47,1,Coimbatore,Tamil Nadu
2023-07-13,2.26,6.269999999999994,27.639999999999993,84.53999999999999,3.35,1,Coimbatore,Tamil Nadu
2023-07-14,0.37,3.2899999999999947,18.08999999999999,81.71,2.26,1,Coimbatore,Tamil Nadu
2023-07-15,0.33,2.9599999999999946,13.999999999999993,80.47999999999999,2.26,1,Coimbatore,Tamil Nadu
2023-07-16,0.89,1.5899999999999948,12.329999999999991,79.63,0.89,1,Coimbatore,Tamil Nadu
2023-07-17,0.89,2.109999999999995,8.749999999999993,76.47999999999999,0.89,1,Coimbatore,Tamil Nadu
2023-07-18,4.5,6.279999999999995,9.899999999999993,69.92999999999999,4.5,1,Coimbatore,Tamil Nadu
2023-07-19,4.46,9.849999999999994,13.699999999999992,64.75999999999999,4.5,1,Coimbatore,Tamil Nadu
2023-07-20,1.94,10.899999999999995,13.379999999999994,51.329999999999984,4.5,1,Coimbatore,Tamil Nadu
2023-07-21,2.82,9.219999999999995,15.829999999999991,43.83999999999999,4.46,1,Coimbatore,Tamil Nadu
2023-07-22,6.36,11.119999999999994,21.859999999999992,40.27999999999999,6.36,1,Coimbatore,Tamil Nadu
2023-07-23,14.02,23.199999999999996,34.989999999999995,49.87999999999998,14.02,1,Coimbatore,Tamil Nadu
2023-07-24,11.41,31.789999999999992,45.50999999999999,58.72999999999999,14.02,1,Coimbatore,Tamil Nadu
2023-07-25,5.66,31.089999999999996,46.66999999999999,59.91999999999999,14.02,1,Coimbatore,Tamil Nadu
2023-07-26,4.07,21.139999999999993,46.27999999999999,60.639999999999986,11.41,1,Coimbatore,Tamil Nadu
2023-07-27,0.99,10.719999999999995,45.32999999999999,60.969999999999985,5.66,1,Coimbatore,Tamil Nadu
2023-07-28,0.55,5.609999999999995,43.059999999999995,59.259999999999984,4.07,1,Coimbatore,Tamil Nadu
2023-07-29,0.08,1.6199999999999948,36.779999999999994,58.96999999999999,0.99,1,Coimbatore,Tamil Nadu
2023-07-30,0.04,0.6699999999999947,22.799999999999994,58.679999999999986,0.55,1,Coimbatore,Tamil Nadu
2023-07-31,0.21,0.32999999999999463,11.599999999999993,57.999999999999986,0.21,1,Coimbatore,Tamil Nadu
2023-08-01,0.12,0.36999999999999467,6.059999999999993,57.22999999999998,0.21,1,Coimbatore,Tamil Nadu
2023-08-02,0.71,1.0399999999999947,2.699999999999993,53.43999999999999,0.71,1,Coimbatore,Tamil Nadu
2023-08-03,0.9,1.7299999999999947,2.6099999999999928,49.87999999999999,0.9,1,Coimbatore,Tamil Nadu
2023-08-04,0.61,2.2199999999999944,2.669999999999993,48.54999999999998,0.9,1,Coimbatore,Tamil Nadu
2023-08-05,0.21,1.7199999999999946,2.799999999999993,45.93999999999998,0.9,1,Coimbatore,Tamil Nadu
2023-08-06,0.87,1.6899999999999946,3.629999999999993,40.44999999999998,0.87,1,Coimbatore,Tamil Nadu
2023-08-07,0.31,1.3899999999999948,3.729999999999993,26.739999999999988,0.87,1,Coimbatore,Tamil Nadu
2023-08-08,5.33,6.5099999999999945,8.939999999999992,20.659999999999986,5.33,1,Coimbatore,Tamil Nadu
2023-08-09,3.56,9.199999999999994,11.789999999999994,18.559999999999985,5.33,1,Coimbatore,Tamil Nadu
2023-08-10,6.6,15.489999999999993,17.489999999999995,21.089999999999986,6.6,1,Coimbatore,Tamil Nadu
2023-08-11,5.3,15.459999999999994,22.179999999999993,25.399999999999988,6.6,1,Coimbatore,Tamil Nadu
2023-08-12,4.82,16.719999999999995,26.789999999999992,29.669999999999987,6.6,1,Coimbatore,Tamil Nadu
2023-08-13,1.3,11.419999999999995,27.21999999999999,30.889999999999986,5.3,1,Coimbatore,Tamil Nadu
2023-08-14,0.05,6.169999999999995,26.959999999999994,30.899999999999984,4.82,1,Coimbatore,Tamil Nadu
2023-08-15,0.07,1.4199999999999948,21.699999999999992,30.759999999999984,1.3,1,Coimbatore,Tamil Nadu
2023-08-16,0.04,0.15999999999999467,18.179999999999993,30.67999999999999,0.07,1,Coimbatore,Tamil Nadu
2023-08-17,0.02,0.12999999999999468,11.599999999999993,29.989999999999988,0.07,1,Coimbatore,Tamil Nadu
2023-08-18,0.19,0.24999999999999467,6.489999999999993,29.279999999999983,0.19,1,Coimbatore,Tamil Nadu
2023-08-19,0.25,0.45999999999999464,1.9199999999999928,28.919999999999984,0.25,1,Coimbatore,Tamil Nadu
2023-08-20,0.42,0.8599999999999947,1.039999999999993,29.129999999999985,0.42,1,Coimbatore,Tamil Nadu
2023-08-21,0.08,0.7499999999999947,1.0699999999999927,28.339999999999986,0.42,1,Coimbatore,Tamil Nadu
2023-08-22,2.26,2.7599999999999945,3.2599999999999927,30.289999999999985,2.26,1,Coimbatore,Tamil Nadu
2023-08-23,3.47,5.809999999999995,6.689999999999992,28.429999999999986,3.47,1,Coimbatore,Tamil Nadu
2023-08-24,0.67,6.399999999999995,7.339999999999994,25.53999999999999,3.47,1,Coimbatore,Tamil Nadu
2023-08-25,0.0,4.139999999999995,7.149999999999993,18.939999999999987,3.47,1,Coimbatore,Tamil Nadu
2023-08-26,0.15,0.8199999999999947,7.049999999999993,13.789999999999985,0.67,1,Coimbatore,Tamil Nadu
2023-08-27,0.59,0.7399999999999947,7.219999999999993,9.559999999999985,0.59,1,Coimbatore,Tamil Nadu
2023-08-28,0.27,1.0099999999999947,7.409999999999993,8.529999999999985,0.59,1,Coimbatore,Tamil Nadu
2023-08-29,7.92,8.779999999999994,13.069999999999993,16.399999999999984,7.92,1,Coimbatore,Tamil Nadu
2023-08-30,7.19,15.379999999999995,16.789999999999992,23.519999999999985,7.92,1,Coimbatore,Tamil Nadu
2023-08-31,6.2,21.309999999999995,22.319999999999993,29.679999999999986,7.92,1,Coimbatore,Tamil Nadu
2023-09-01,17.23,30.619999999999994,39.55,46.889999999999986,17.23,1,Coimbatore,Tamil Nadu
2023-09-02,8.49,31.919999999999995,47.89,55.18999999999999,17.23,1,Coimbatore,Tamil Nadu
2023-09-03,4.88,30.599999999999994,52.17999999999999,59.819999999999986,17.23,1,Coimbatore,Tamil Nadu
2023-09-04,1.02,14.389999999999993,52.93,60.41999999999999,8.49,1,Coimbatore,Tamil Nadu
2023-09-05,4.91,10.809999999999993,49.92,65.24999999999999,4.91,1,Coimbatore,Tamil Nadu
2023-09-06,6.92,12.849999999999994,49.64999999999999,69.90999999999998,6.92,1,Coimbatore,Tamil Nadu
2023-09-07,6.69,18.519999999999996,50.14,73.12999999999998,6.92,1,Coimbatore,Tamil Nadu
2023-09-08,1.45,15.059999999999993,34.35999999999999,73.90999999999998,6.92,1,Coimbatore,Tamil Nadu
2023-09-09,2.71,10.849999999999994,28.57999999999999,76.61999999999999,6.69,1,Coimbatore,Tamil Nadu
2023-09-10,5.1,9.259999999999994,28.799999999999994,81.57,5.1,1,Coimbatore,Tamil Nadu
2023-09-11,4.43,12.239999999999993,32.209999999999994,85.40999999999998,5.1,1,Coimbatore,Tamil Nadu
2023-09-12,1.27,10.799999999999994,28.569999999999993,86.41,5.1,1,Coimbatore,Tamil Nadu
2023-09-13,0.72,6.419999999999994,22.36999999999999,79.21,4.43,1,Coimbatore,Tamil Nadu
2023-09-14,2.54,4.529999999999994,18.21999999999999,74.55999999999997,2.54,1,Coimbatore,Tamil Nadu
2023-09-15,3.33,6.5899999999999945,20.099999999999994,71.69,3.33,1,Coimbatore,Tamil Nadu
2023-09-16,3.92,9.789999999999994,21.309999999999995,58.37999999999999,3.92,1,Coimbatore,Tamil Nadu
2023-09-17,11.72,18.969999999999995,27.929999999999993,61.609999999999985,11.72,1,Coimbatore,Tamil Nadu
2023-09-18,13.01,28.64999999999999,36.50999999999999,69.74,13.01,1,Coimbatore,Tamil Nadu
2023-09-19,13.87,38.599999999999994,49.11,82.58999999999999,13.87,1,Coimbatore,Tamil Nadu
2023-09-20,3.04,29.91999999999999,51.42999999999999,80.71999999999998,13.87,1,Coimbatore,Tamil Nadu
2023-09-21,6.45,23.359999999999992,55.33999999999999,80.24999999999999,13.87,1,Coimbatore,Tamil Nadu
2023-09-22,5.42,14.909999999999993,57.42999999999999,78.97999999999999,6.45,1,Coimbatore,Tamil Nadu
2023-09-23,5.02,16.889999999999993,58.52999999999999,82.54999999999998,6.45,1,Coimbatore,Tamil Nadu
2023-09-24,2.09,12.529999999999992,48.89999999999999,81.92999999999998,5.42,1,Coimbatore,Tamil Nadu
2023-09-25,0.97,8.079999999999993,36.85999999999999,77.8,5.02,1,Coimbatore,Tamil Nadu
2023-09-26,2.64,5.699999999999993,25.629999999999992,76.00999999999999,2.64,1,Coimbatore,Tamil Nadu
2023-09-27,2.77,6.379999999999994,25.359999999999992,77.50999999999999,2.77,1,Coimbatore,Tamil Nadu
2023-09-28,5.11,10.519999999999992,24.01999999999999,81.89999999999999,5.11,1,Coimbatore,Tamil Nadu
2023-09-29,5.49,13.369999999999994,24.089999999999993,84.84999999999998,5.49,1,Coimbatore,Tamil Nadu
2023-09-30,9.89,20.489999999999995,28.959999999999994,91.40999999999998,9.89,1,Coimbatore,Tamil Nadu
2023-10-01,7.67,23.049999999999994,34.53999999999999,95.15999999999998,9.89,0,Coimbatore,Tamil Nadu
2023-10-02,4.01,21.569999999999993,37.58,87.44999999999999,9.89,0,Coimbatore,Tamil Nadu
2023-10-03,0.27,11.949999999999992,35.209999999999994,74.70999999999998,7.67,0,Coimbatore,Tamil Nadu
2023-10-04,0.1,4.379999999999993,32.53999999999999,60.93999999999999,4.01,0,Coimbatore,Tamil Nadu
2023-10-05,0.11,0.47999999999999293,27.539999999999992,58.009999999999984,0.27,0,Coimbatore,Tamil Nadu
2023-10-06,0.09,0.2999999999999929,22.139999999999993,51.649999999999984,0.11,0,Coimbatore,Tamil Nadu
2023-10-07,0.72,0.9199999999999928,12.969999999999992,46.94999999999999,0.72,0,Coimbatore,Tamil Nadu
2023-10-08,8.2,9.009999999999993,13.499999999999991,50.12999999999999,8.2,0,Coimbatore,Tamil Nadu
2023-10-09,8.77,17.68999999999999,18.25999999999999,56.80999999999999,8.77,0,Coimbatore,Tamil Nadu
2023-10-10,7.88,24.849999999999994,25.86999999999999,63.719999999999985,8.77,0,Coimbatore,Tamil Nadu
2023-10-11,13.26,29.90999999999999,39.02999999999999,74.33999999999999,13.26,0,Coimbatore,Tamil Nadu
2023-10-12,3.37,24.509999999999994,42.28999999999999,74.93999999999998,13.26,0,Coimbatore,Tamil Nadu
2023-10-13,2.12,18.749999999999993,44.31999999999999,71.94999999999999,13.26,0,Coimbatore,Tamil Nadu
2023-10-14,19.59,25.07999999999999,63.18999999999999,86.04999999999998,19.59,0,Coimbatore,Tamil Nadu
2023-10-15,23.56,45.26999999999999,78.55,99.71999999999998,23.56,0,Coimbatore,Tamil Nadu
2023-10-16,7.56,50.709999999999994,77.34,99.60999999999999,23.56,0,Coimbatore,Tamil Nadu
2023-10-17,13.82,44.93999999999998,83.27999999999999,109.41999999999999,23.56,0,Coimbatore,Tamil Nadu
2023-10-18,1.33,22.709999999999987,71.35,110.47999999999998,13.82,0,Coimbatore,Tamil Nadu
2023-10-19,1.27,16.41999999999999,69.24999999999999,111.64999999999998,13.82,0,Coimbatore,Tamil Nadu
2023-10-20,1.04,3.6399999999999895,68.16999999999999,112.57999999999998,1.33,0,Coimbatore,Tamil Nadu
2023-10-21,0.53,2.839999999999989,49.10999999999999,113.01999999999998,1.27,0,Coimbatore,Tamil Nadu
2023-10-22,0.28,1.8499999999999894,25.82999999999999,112.57999999999998,1.04,0,Coimbatore,Tamil Nadu
2023-10-23,0.45,1.2599999999999894,18.71999999999999,104.83,0.53,0,Coimbatore,Tamil Nadu
2023-10-24,1.65,2.3799999999999892,6.549999999999993,97.70999999999998,1.65,0,Coimbatore,Tamil Nadu
2023-10-25,20.98,23.07999999999999,26.199999999999992,110.80999999999999,20.98,0,Coimbatore,Tamil Nadu
2023-10-26,5.43,28.059999999999988,30.359999999999992,102.97999999999999,20.98,0,Coimbatore,Tamil Nadu
2023-10-27,0.29,26.69999999999999,29.609999999999992,99.89999999999999,20.98,0,Coimbatore,Tamil Nadu
2023-10-28,0.4,6.119999999999986,29.479999999999993,98.17999999999999,5.43,0,Coimbatore,Tamil Nadu
2023-10-29,6.47,7.159999999999986,35.66999999999999,85.05999999999999,6.47,0,Coimbatore,Tamil Nadu
2023-10-30,9.52,16.389999999999986,44.739999999999995,71.01999999999998,9.52,0,Coimbatore,Tamil Nadu
2023-10-31,6.11,22.099999999999987,49.19999999999999,69.57,9.52,0,Coimbatore,Tamil Nadu
2023-11-01,18.05,33.67999999999999,46.269999999999996,73.79999999999998,18.05,0,Coimbatore,Tamil Nadu
2023-11-02,5.69,29.84999999999999,46.529999999999994,78.15999999999998,18.05,0,Coimbatore,Tamil Nadu
2023-11-03,7.83,31.56999999999999,54.06999999999999,84.72,18.05,0,Coimbatore,Tamil Nadu
2023-11-04,30.29,43.80999999999999,83.96,113.96999999999998,30.29,0,Coimbatore,Tamil Nadu
2023-11-05,11.03,49.14999999999999,88.52,124.46999999999998,30.29,0,Coimbatore,Tamil Nadu
2023-11-06,8.44,49.759999999999984,87.44,132.63,30.29,0,Coimbatore,Tamil Nadu
2023-11-07,16.49,35.95999999999999,97.81999999999998,148.67,16.49,0,Coimbatore,Tamil Nadu
2023-11-08,21.13,46.05999999999999,100.89999999999998,168.14999999999998,21.13,0,Coimbatore,Tamil Nadu
2023-11-09,15.16,52.77999999999999,110.36999999999999,162.32999999999996,21.13,0,Coimbatore,Tamil Nadu
2023-11-10,1.56,37.849999999999994,104.1,158.45999999999998,21.13,0,Coimbatore,Tamil Nadu
2023-11-11,0.38,17.09999999999999,74.19,158.54999999999995,15.16,0,Coimbatore,Tamil Nadu
2023-11-12,0.06,1.9999999999999893,63.21999999999999,158.20999999999998,1.56,0,Coimbatore,Tamil Nadu
2023-11-13,0.53,0.9699999999999893,55.30999999999999,152.26999999999998,0.53,0,Coimbatore,Tamil Nadu
2023-11-14,3.67,4.259999999999989,42.489999999999995,146.42,3.67,0,Coimbatore,Tamil Nadu
2023-11-15,0.69,4.88999999999999,22.049999999999994,140.99999999999997,3.67,0,Coimbatore,Tamil Nadu
2023-11-16,0.27,4.629999999999989,7.159999999999993,123.21999999999998,3.67,0,Coimbatore,Tamil Nadu
2023-11-17,1.14,2.099999999999989,6.739999999999992,118.66999999999999,1.14,0,Coimbatore,Tamil Nadu
2023-11-18,0.58,1.989999999999989,6.939999999999992,111.41999999999997,1.14,0,Coimbatore,Tamil Nadu
2023-11-19,0.26,1.9799999999999893,7.139999999999993,81.38999999999999,1.14,0,Coimbatore,Tamil Nadu
2023-11-20,0.0,0.8399999999999893,6.609999999999992,70.35999999999999,0.58,0,Coimbatore,Tamil Nadu
2023-11-21,6.4,6.6599999999999895,9.339999999999993,68.31999999999998,6.4,0,Coimbatore,Tamil Nadu
2023-11-22,31.16,37.55999999999999,39.809999999999995,82.98999999999998,31.16,0,Coimbatore,Tamil Nadu
2023-11-23,8.34,45.89999999999999,47.87999999999999,70.19999999999999,31.16,0,Coimbatore,Tamil Nadu
2023-11-24,2.52,42.019999999999996,49.25999999999999,57.55999999999999,31.16,0,Coimbatore,Tamil Nadu
2023-11-25,4.32,15.179999999999989,52.999999999999986,60.319999999999986,8.34,0,Coimbatore,Tamil Nadu
2023-11-26,3.49,10.32999999999999,56.22999999999999,63.429999999999986,4.32,0,Coimbatore,Tamil Nadu
2023-11-27,2.84,10.64999999999999,59.06999999999999,66.20999999999998,4.32,0,Coimbatore,Tamil Nadu
2023-11-28,2.08,8.40999999999999,54.74999999999999,67.75999999999998,3.49,0,Coimbatore,Tamil Nadu
2023-11-29,2.2,7.1199999999999894,25.78999999999999,66.28999999999998,2.84,0,Coimbatore,Tamil Nadu
2023-11-30,1.19,5.46999999999999,18.63999999999999,66.78999999999998,2.2,0,Coimbatore,Tamil Nadu
2023-12-01,0.84,4.22999999999999,16.95999999999999,67.35999999999999,2.2,0,Coimbatore,Tamil Nadu
2023-12-02,0.65,2.679999999999989,13.28999999999999,66.86999999999999,1.19,0,Coimbatore,Tamil Nadu
2023-12-03,2.69,4.179999999999989,12.48999999999999,68.97999999999999,2.69,0,Coimbatore,Tamil Nadu
2023-12-04,0.86,4.1999999999999895,10.50999999999999,69.57999999999998,2.69,0,Coimbatore,Tamil Nadu
2023-12-05,0.02,3.569999999999989,8.44999999999999,69.59999999999998,2.69,0,Coimbatore,Tamil Nadu
2023-12-06,0.0,0.8799999999999898,6.249999999999989,63.19999999999998,0.86,0,Coimbatore,Tamil Nadu
2023-12-07,3.94,3.9599999999999898,8.99999999999999,35.97999999999998,3.94,0,Coimbatore,Tamil Nadu
2023-12-08,29.61,33.54999999999999,37.76999999999999,57.249999999999986,29.61,0,Coimbatore,Tamil Nadu
2023-12-09,17.5,51.04999999999999,54.61999999999999,72.22999999999999,29.61,0,Coimbatore,Tamil Nadu
2023-12-10,2.15,49.25999999999999,54.079999999999984,70.05999999999999,29.61,0,Coimbatore,Tamil Nadu
2023-12-11,1.21,20.85999999999999,54.429999999999986,67.77999999999999,17.5,0,Coimbatore,Tamil Nadu
2023-12-12,0.63,3.989999999999989,55.03999999999999,65.57,2.15,0,Coimbatore,Tamil Nadu
2023-12-13,0.01,1.8499999999999892,55.04999999999999,63.499999999999986,1.21,0,Coimbatore,Tamil Nadu
2023-12-14,0.01,0.6499999999999894,51.11999999999998,61.30999999999998,0.63,0,Coimbatore,Tamil Nadu
2023-12-15,0.06,0.07999999999998934,21.56999999999999,60.179999999999986,0.06,0,Coimbatore,Tamil Nadu
2023-12-16,1.82,1.8899999999999895,5.889999999999989,61.15999999999999,1.82,0,Coimbatore,Tamil Nadu
2023-12-17,15.11,16.989999999999988,18.849999999999987,75.61999999999998,15.11,0,Coimbatore,Tamil Nadu
2023-12-18,4.29,21.21999999999999,21.92999999999999,77.21999999999998,15.11,0,Coimbatore,Tamil Nadu
2023-12-19,0.92,20.31999999999999,22.219999999999988,77.27999999999999,15.11,0,Coimbatore,Tamil Nadu
2023-12-20,1.16,6.3699999999999894,23.369999999999987,78.41999999999999,4.29,0,Coimbatore,Tamil Nadu
2023-12-21,0.9,2.9799999999999893,24.25999999999999,79.32,1.16,0,Coimbatore,Tamil Nadu
2023-12-22,0.06,2.1199999999999894,24.259999999999987,75.44,1.16,0,Coimbatore,Tamil Nadu
2023-12-23,0.0,0.9599999999999893,22.43999999999999,45.829999999999984,0.9,0,Coimbatore,Tamil Nadu
2023-12-24,0.05,0.10999999999998934,7.379999999999989,28.379999999999985,0.06,0,Coimbatore,Tamil Nadu
2023-12-25,0.61,0.6599999999999894,3.6999999999999895,26.839999999999986,0.61,0,Coimbatore,Tamil Nadu
2023-12-26,0.03,0.6899999999999894,2.8099999999999894,25.659999999999986,0.61,0,Coimbatore,Tamil Nadu
2023-12-27,0.0,0.6399999999999894,1.6499999999999893,25.029999999999987,0.61,0,Coimbatore,Tamil Nadu
2023-12-28,0.04,0.06999999999998935,0.7899999999999893,25.059999999999985,0.04,0,Coimbatore,Tamil Nadu
2023-12-29,0.44,0.4799999999999893,1.1699999999999893,25.489999999999984,0.44,0,Coimbatore,Tamil Nadu
2023-12-30,0.53,1.0099999999999894,1.6999999999999895,25.959999999999987,0.53,0,Coimbatore,Tamil Nadu
2023-12-31,0.01,0.9799999999999893,1.6599999999999893,24.149999999999984,0.53,0,Coimbatore,Tamil Nadu
2024-01-01,0.0,0.5399999999999894,1.0499999999999892,9.039999999999987,0.53,0,Coimbatore,Tamil Nadu
2024-01-02,0.81,0.8199999999999894,1.8299999999999894,5.559999999999986,0.81,0,Coimbatore,Tamil Nadu
2024-01-03,1.45,2.259999999999989,3.2799999999999896,6.089999999999986,1.45,0,Coimbatore,Tamil Nadu
2024-01-04,8.41,10.66999999999999,11.64999999999999,13.339999999999986,8.41,0,Coimbatore,Tamil Nadu
2024-01-05,8.79,18.649999999999988,19.99999999999999,21.229999999999983,8.79,0,Coimbatore,Tamil Nadu
2024-01-06,2.15,19.349999999999987,21.619999999999987,23.319999999999986,8.79,0,Coimbatore,Tamil Nadu
2024-01-07,0.48,11.419999999999987,22.08999999999999,23.799999999999986,8.79,0,Coimbatore,Tamil Nadu
2024-01-08,4.23,6.85999999999999,26.31999999999999,27.979999999999986,4.23,0,Coimbatore,Tamil Nadu
2024-01-09,13.76,18.46999999999999,39.26999999999999,41.12999999999998,13.76,0,Coimbatore,Tamil Nadu
2024-01-10,0.58,18.56999999999999,38.39999999999999,41.679999999999986,13.76,0,Coimbatore,Tamil Nadu
2024-01-11,0.0,14.33999999999999,29.989999999999988,41.679999999999986,13.76,0,Coimbatore,Tamil Nadu
2024-01-12,0.0,0.5799999999999893,21.19999999999999,41.639999999999986,0.58,0,Coimbatore,Tamil Nadu
2024-01-13,0.0,0.0,19.04999999999999,41.19999999999999,0.0,0,Coimbatore,Tamil Nadu
2024-01-14,0.0,0.0,18.56999999999999,40.66999999999999,0.0,0,Coimbatore,Tamil Nadu
2024-01-15,0.0,0.0,14.339999999999991,40.65999999999998,0.0,0,Coimbatore,Tamil Nadu
2024-01-16,0.0,0.0,0.5799999999999893,40.65999999999998,0.0,0,Coimbatore,Tamil Nadu
2024-01-17,0.0,0.0,0.0,39.84999999999999,0.0,0,Coimbatore,Tamil Nadu
2024-01-18,0.0,0.0,0.0,38.399999999999984,0.0,0,Coimbatore,Tamil Nadu
2024-01-19,0.27,0.26999999999998936,0.26999999999998936,30.259999999999987,0.27,0,Coimbatore,Tamil Nadu
2024-01-20,0.55,0.8199999999999894,0.8199999999999894,22.019999999999982,0.55,0,Coimbatore,Tamil Nadu
2024-01-21,0.03,0.8499999999999894,0.8499999999999894,19.899999999999984,0.55,0,Coimbatore,Tamil Nadu
2024-01-22,0.0,0.5799999999999894,0.8499999999999894,19.419999999999984,0.55,0,Coimbatore,Tamil Nadu
2024-01-23,0.0,0.02999999999998934,0.8499999999999894,15.189999999999984,0.03,0,Coimbatore,Tamil Nadu
2024-01-24,0.28,0.27999999999998937,1.1299999999999895,1.7099999999999858,0.28,0,Coimbatore,Tamil Nadu
2024-01-25,0.0,0.27999999999998937,1.1299999999999895,1.1299999999999857,0.28,0,Coimbatore,Tamil Nadu
2024-01-26,0.0,0.27999999999998937,0.8599999999999894,1.1299999999999857,0.28,0,Coimbatore,Tamil Nadu
2024-01-27,0.0,0.0,0.3099999999999894,1.1299999999999857,0.0,0,Coimbatore,Tamil Nadu
2024-01-28,0.0,0.0,0.27999999999998937,1.1299999999999857,0.0,0,Coimbatore,Tamil Nadu
2024-01-29,0.0,0.0,0.27999999999998937,1.1299999999999857,0.0,0,Coimbatore,Tamil Nadu
2024-01-30,0.0,0.0,0.27999999999998937,1.1299999999999857,0.0,0,Coimbatore,Tamil Nadu
2024-01-31,0.0,0.0,0.0,1.1299999999999857,0.0,0,Coimbatore,Tamil Nadu
2024-02-01,0.0,0.0,0.0,1.1299999999999857,0.0,0,Coimbatore,Tamil Nadu
2024-02-02,0.01,0.009999999999989342,0.009999999999989342,1.1399999999999857,0.01,0,Coimbatore,Tamil Nadu
2024-02-03,0.08,0.08999999999998934,0.08999999999998934,0.9499999999999859,0.08,0,Coimbatore,Tamil Nadu
2024-02-04,0.0,0.08999999999998934,0.08999999999998934,0.3999999999999858,0.08,0,Coimbatore,Tamil Nadu
2024-02-05,0.0,0.07999999999998934,0.08999999999998934,0.3699999999999858,0.08,0,Coimbatore,Tamil Nadu
2024-02-06,0.0,0.0,0.08999999999998934,0.3699999999999858,0.0,0,Coimbatore,Tamil Nadu
2024-02-07,0.0,0.0,0.08999999999998934,0.3699999999999858,0.0,0,Coimbatore,Tamil Nadu
2024-02-08,0.0,0.0,0.08999999999998934,0.08999999999998579,0.0,0,Coimbatore,Tamil Nadu
2024-02-09,0.0,0.0,0.07999999999998934,0.08999999999998579,0.0,0,Coimbatore,Tamil Nadu
2024-02-10,0.0,0.0,0.0,0.08999999999998579,0.0,0,Coimbatore,Tamil Nadu
2024-02-11,0.0,0.0,0.0,0.08999999999998579,0.0,0,Coimbatore,Tamil Nadu
2024-02-12,0.0,0.0,0.0,0.08999999999998579,0.0,0,Coimbatore,Tamil Nadu
2024-02-13,0.0,0.0,0.0,0.08999999999998579,0.0,0,Coimbatore,Tamil Nadu
2024-02-14,0.0,0.0,0.0,0.08999999999998579,0.0,0,Coimbatore,Tamil Nadu
2024-02-15,0.0,0.0,0.0,0.08999999999998579,0.0,0,Coimbatore,Tamil Nadu
2024-02-16,0.0,0.0,0.0,0.08999999999998579,0.0,0,Coimbatore,Tamil Nadu
2024-02-17,0.0,0.0,0.0,0.07999999999998579,0.0,0,Coimbatore,Tamil Nadu
2024-02-18,0.0,0.0,0.0,0.0,0.0,0,Coimbatore,Tamil Nadu
2024-02-19,0.0,0.0,0.0,0.0,0.0,0,Coimbatore,Tamil Nadu
2024-02-20,0.04,0.03999999999998934,0.03999999999998934,0.03999999999998579,0.04,0,Coimbatore,Tamil Nadu
2024-02-21,0.13,0.16999999999998935,0.16999999999998935,0.1699999999999858,0.13,0,Coimbatore,Tamil Nadu
2024-02-22,0.0,0.16999999999998935,0.16999999999998935,0.1699999999999858,0.13,0,Coimbatore,Tamil Nadu
2024-02-23,0.0,0.12999999999998935,0.16999999999998935,0.1699999999999858,0.13,0,Coimbatore,Tamil Nadu
2024-02-24,0.0,0.0,0.16999999999998935,0.1699999999999858,0.0,0,Coimbatore,Tamil Nadu
2024-02-25,0.0,0.0,0.16999999999998935,0.1699999999999858,0.0,0,Coimbatore,Tamil Nadu
2024-02-26,0.0,0.0,0.16999999999998935,0.1699999999999858,0.0,0,Coimbatore,Tamil Nadu
2024-02-27,0.0,0.0,0.12999999999998935,0.1699999999999858,0.0,0,Coimbatore,Tamil Nadu
2024-02-28,0.0,0.0,0.0,0.1699999999999858,0.0,0,Coimbatore,Tamil Nadu
2024-02-29,0.0,0.0,0.0,0.1699999999999858,0.0,0,Coimbatore,Tamil Nadu
2024-03-01,0.0,0.0,0.0,0.1699999999999858,0.0,0,Coimbatore,Tamil Nadu
2024-03-02,0.0,0.0,0.0,0.1699999999999858,0.0,0,Coimbatore,Tamil Nadu
2024-03-03,0.0,0.0,0.0,0.1699999999999858,0.0,0,Coimbatore,Tamil Nadu
2024-03-04,0.0,0.0,0.0,0.1699999999999858,0.0,0,Coimbatore,Tamil Nadu
2024-03-05,0.0,0.0,0.0,0.1699999999999858,0.0,0,Coimbatore,Tamil Nadu
2024-03-06,0.0,0.0,0.0,0.1299999999999858,0.0,0,Coimbatore,Tamil Nadu
2024-03-07,0.0,0.0,0.0,0.0,0.0,0,Coimbatore,Tamil Nadu
2024-03-08,0.0,0.0,0.0,0.0,0.0,0,Coimbatore,Tamil Nadu
2024-03-09,0.0,0.0,0.0,0.0,0.0,0,Coimbatore,Tamil Nadu
2024-03-10,0.0,0.0,0.0,0.0,0.0,0,Coimbatore,Tamil Nadu
2024-03-11,0.0,0.0,0.0,0.0,0.0,0,Coimbatore,Tamil Nadu
2024-03-12,0.0,0.0,0.0,0.0,0.0,0,Coimbatore,Tamil Nadu
2024-03-13,0.12,0.11999999999998934,0.11999999999998934,0.11999999999998578,0.12,0,Coimbatore,Tamil Nadu
2024-03-14,0.28,0.39999999999998936,0.39999999999998936,0.3999999999999858,0.28,0,Coimbatore,Tamil Nadu
2024-03-15,0.04,0.43999999999998934,0.43999999999998934,0.4399999999999858,0.28,0,Coimbatore,Tamil Nadu
2024-03-16,0.04,0.3599999999999894,0.4799999999999894,0.4799999999999858,0.28,0,Coimbatore,Tamil Nadu
2024-03-17,0.0,0.07999999999998934,0.4799999999999894,0.4799999999999858,0.04,0,Coimbatore,Tamil Nadu
2024-03-18,0.0,0.03999999999998934,0.4799999999999894,0.4799999999999858,0.04,0,Coimbatore,Tamil Nadu
2024-03-19,0.0,0.0,0.4799999999999894,0.4799999999999858,0.0,0,Coimbatore,Tamil Nadu
2024-03-20,0.02,0.019999999999989342,0.37999999999998935,0.4999999999999858,0.02,0,Coimbatore,Tamil Nadu
2024-03-21,0.1,0.11999999999998935,0.19999999999998935,0.5999999999999859,0.1,0,Coimbatore,Tamil Nadu
2024-03-22,0.03,0.14999999999998936,0.18999999999998934,0.6299999999999858,0.1,0,Coimbatore,Tamil Nadu
2024-03-23,0.32,0.4499999999999894,0.46999999999998937,0.9499999999999859,0.32,0,Coimbatore,Tamil Nadu
2024-03-24,0.14,0.48999999999998933,0.6099999999999894,1.0899999999999859,0.32,0,Coimbatore,Tamil Nadu
2024-03-25,0.0,0.45999999999998936,0.6099999999999894,1.0899999999999859,0.32,0,Coimbatore,Tamil Nadu
2024-03-26,0.12,0.25999999999998935,0.7299999999999893,1.2099999999999858,0.14,0,Coimbatore,Tamil Nadu
2024-03-27,0.0,0.11999999999998934,0.7099999999999893,1.2099999999999858,0.12,0,Coimbatore,Tamil Nadu
2024-03-28,0.08,0.19999999999998935,0.6899999999999894,1.1699999999999857,0.12,0,Coimbatore,Tamil Nadu
2024-03-29,0.21,0.2899999999999893,0.8699999999999893,1.0999999999999859,0.21,0,Coimbatore,Tamil Nadu
2024-03-30,0.0,0.2899999999999893,0.5499999999999894,1.0599999999999858,0.21,0,Coimbatore,Tamil Nadu
2024-03-31,0.0,0.2099999999999893,0.4099999999999893,1.0199999999999858,0.21,0,Coimbatore,Tamil Nadu
2024-04-01,0.0,0.0,0.4099999999999893,1.0199999999999858,0.0,0,Coimbatore,Tamil Nadu
2024-04-02,0.12,0.11999999999998934,0.4099999999999893,1.1399999999999857,0.12,0,Coimbatore,Tamil Nadu
2024-04-03,0.44,0.5599999999999894,0.8499999999999893,1.5799999999999859,0.44,0,Coimbatore,Tamil Nadu
2024-04-04,0.24,0.7999999999999894,1.0099999999999894,1.7999999999999856,0.44,0,Coimbatore,Tamil Nadu
2024-04-05,0.44,1.1199999999999894,1.2399999999999893,2.139999999999986,0.44,0,Coimbatore,Tamil Nadu
2024-04-06,0.0,0.6799999999999894,1.2399999999999893,2.1099999999999857,0.44,0,Coimbatore,Tamil Nadu
2024-04-07,0.0,0.43999999999998934,1.2399999999999893,1.7899999999999858,0.44,0,Coimbatore,Tamil Nadu
2024-04-08,0.06,0.05999999999998934,1.2999999999999894,1.7099999999999858,0.06,0,Coimbatore,Tamil Nadu
2024-04-09,0.08,0.13999999999998936,1.2599999999999894,1.7899999999999856,0.08,0,Coimbatore,Tamil Nadu
2024-04-10,0.26,0.39999999999998936,1.0799999999999894,1.9299999999999857,0.26,0,Coimbatore,Tamil Nadu
2024-04-11,6.71,7.049999999999989,7.549999999999989,8.639999999999986,6.71,0,Coimbatore,Tamil Nadu
2024-04-12,9.1,16.06999999999999,16.209999999999987,17.659999999999982,9.1,0,Coimbatore,Tamil Nadu
2024-04-13,1.41,17.219999999999988,17.619999999999987,18.85999999999998,9.1,0,Coimbatore,Tamil Nadu
2024-04-14,0.46,10.969999999999986,18.079999999999988,19.319999999999983,9.1,0,Coimbatore,Tamil Nadu
2024-04-15,0.0,1.8699999999999892,18.01999999999999,19.319999999999983,1.41,0,Coimbatore,Tamil Nadu
2024-04-16,0.0,0.45999999999998936,17.939999999999987,19.319999999999983,0.46,0,Coimbatore,Tamil Nadu
2024-04-17,0.0,0.0,17.67999999999999,19.199999999999985,0.0,0,Coimbatore,Tamil Nadu
2024-04-18,0.0,0.0,10.969999999999988,18.759999999999984,0.0,0,Coimbatore,Tamil Nadu
2024-04-19,0.0,0.0,1.8699999999999892,18.519999999999982,0.0,0,Coimbatore,Tamil Nadu
2024-04-20,0.0,0.0,0.45999999999998936,18.079999999999984,0.0,0,Coimbatore,Tamil Nadu
2024-04-21,0.41,0.4099999999999893,0.4099999999999893,18.489999999999984,0.41,0,Coimbatore,Tamil Nadu
2024-04-22,0.65,1.0599999999999894,1.0599999999999894,19.139999999999986,0.65,0,Coimbatore,Tamil Nadu
2024-04-23,0.04,1.0999999999999892,1.0999999999999892,19.119999999999983,0.65,0,Coimbatore,Tamil Nadu
2024-04-24,0.07,0.7599999999999894,1.1699999999999893,19.109999999999985,0.65,0,Coimbatore,Tamil Nadu
2024-04-25,0.09,0.19999999999998924,1.2599999999999894,18.939999999999984,0.09,0,Coimbatore,Tamil Nadu
2024-04-26,0.0,0.15999999999998923,1.2599999999999894,12.229999999999986,0.09,0,Coimbatore,Tamil Nadu
2024-04-27,0.0,0.08999999999998923,1.2599999999999894,3.129999999999984,0.09,0,Coimbatore,Tamil Nadu
2024-04-28,0.0,0.0,0.8499999999999894,1.719999999999984,0.0,0,Coimbatore,Tamil Nadu
2024-04-29,0.0,0.0,0.19999999999998924,1.259999999999984,0.0,0,Coimbatore,Tamil Nadu
2024-04-30,0.09,0.08999999999998923,0.24999999999998923,1.349999999999984,0.09,0,Coimbatore,Tamil Nadu
2024-05-01,0.08,0.16999999999998922,0.25999999999998924,1.4299999999999842,0.09,0,Coimbatore,Tamil Nadu
2024-05-02,0.0,0.16999999999998922,0.16999999999998922,1.4299999999999842,0.09,0,Coimbatore,Tamil Nadu
2024-05-03,0.3,0.37999999999998924,0.4699999999999892,1.729999999999984,0.3,0,Coimbatore,Tamil Nadu
2024-05-04,4.08,4.379999999999989,4.549999999999989,5.8099999999999845,4.08,0,Coimbatore,Tamil Nadu
2024-05-05,2.99,7.3699999999999894,7.539999999999989,8.799999999999985,4.08,0,Coimbatore,Tamil Nadu
2024-05-06,0.12,7.18999999999999,7.6599999999999895,8.509999999999984,4.08,0,Coimbatore,Tamil Nadu
2024-05-07,3.41,6.51999999999999,10.97999999999999,11.269999999999985,3.41,0,Coimbatore,Tamil Nadu
2024-05-08,1.51,5.039999999999989,12.40999999999999,12.739999999999986,3.41,0,Coimbatore,Tamil Nadu
2024-05-09,5.62,10.539999999999988,18.02999999999999,18.289999999999985,5.62,0,Coimbatore,Tamil Nadu
2024-05-10,4.78,11.90999999999999,22.50999999999999,22.979999999999986,5.62,0,Coimbatore,Tamil Nadu
2024-05-11,7.04,17.43999999999999,25.46999999999999,30.019999999999985,7.04,0,Coimbatore,Tamil Nadu
2024-05-12,7.76,19.579999999999988,30.239999999999988,37.77999999999999,7.76,0,Coimbatore,Tamil Nadu
2024-05-13,7.09,21.88999999999999,37.209999999999994,44.86999999999998,7.76,0,Coimbatore,Tamil Nadu
2024-05-14,3.82,18.66999999999999,37.61999999999999,48.68999999999998,7.76,0,Coimbatore,Tamil Nadu
2024-05-15,6.09,16.999999999999986,42.19999999999999,54.68999999999998,7.09,0,Coimbatore,Tamil Nadu
2024-05-16,7.14,17.049999999999986,43.71999999999999,61.749999999999986,7.14,0,Coimbatore,Tamil Nadu
2024-05-17,18.49,31.719999999999985,57.42999999999999,80.23999999999998,18.49,0,Coimbatore,Tamil Nadu
2024-05-18,20.25,45.87999999999999,70.63999999999999,100.18999999999998,20.25,0,Coimbatore,Tamil Nadu
2024-05-19,16.5,55.23999999999999,79.37999999999998,112.60999999999999,20.25,0,Coimbatore,Tamil Nadu
2024-05-20,17.65,54.399999999999984,89.93999999999998,127.26999999999998,20.25,0,Coimbatore,Tamil Nadu
2024-05-21,26.17,60.31999999999999,112.28999999999999,153.32,26.17,0,Coimbatore,Tamil Nadu
2024-05-22,20.91,64.72999999999999,127.10999999999999,170.82,26.17,0,Coimbatore,Tamil Nadu
2024-05-23,14.83,61.90999999999999,134.79999999999998,184.13999999999996,26.17,0,Coimbatore,Tamil Nadu
2024-05-24,9.35,45.08999999999999,125.66,187.87,20.91,0,Coimbatore,Tamil Nadu
2024-05-25,3.87,28.04999999999999,109.27999999999999,186.95999999999998,14.83,0,Coimbatore,Tamil Nadu
2024-05-26,1.11,14.32999999999999,93.88999999999999,181.02999999999997,9.35,0,Coimbatore,Tamil Nadu
2024-05-27,1.26,6.2399999999999896,77.49999999999999,174.52999999999997,3.87,0,Coimbatore,Tamil Nadu
2024-05-28,4.99,7.35999999999999,56.31999999999999,172.42999999999998,4.99,0,Coimbatore,Tamil Nadu
2024-05-29,6.94,13.18999999999999,42.349999999999994,175.54999999999998,6.94,0,Coimbatore,Tamil Nadu
2024-05-30,2.26,14.18999999999999,29.779999999999987,171.71999999999997,6.94,0,Coimbatore,Tamil Nadu
2024-05-31,2.46,11.65999999999999,22.88999999999999,167.04,6.94,0,Coimbatore,Tamil Nadu
2024-06-01,4.87,9.58999999999999,23.88999999999999,153.42,4.87,1,Coimbatore,Tamil Nadu
2024-06-02,8.57,15.89999999999999,31.34999999999999,141.73999999999998,8.57,1,Coimbatore,Tamil Nadu
2024-06-03,3.89,17.32999999999999,33.97999999999999,129.13,8.57,1,Coimbatore,Tamil Nadu
2024-06-04,1.29,13.74999999999999,30.27999999999999,112.76999999999998,8.57,1,Coimbatore,Tamil Nadu
2024-06-05,4.0,9.179999999999989,27.33999999999999,90.59999999999998,4.0,1,Coimbatore,Tamil Nadu
2024-06-06,19.57,24.85999999999999,44.64999999999999,89.25999999999999,19.57,1,Coimbatore,Tamil Nadu
2024-06-07,6.01,29.57999999999999,48.19999999999999,80.43999999999998,19.57,1,Coimbatore,Tamil Nadu
2024-06-08,5.59,31.169999999999987,48.919999999999995,76.67999999999998,19.57,1,Coimbatore,Tamil Nadu
2024-06-09,2.98,14.57999999999999,43.32999999999999,75.78999999999999,6.01,1,Coimbatore,Tamil Nadu
2024-06-10,2.73,11.29999999999999,42.169999999999995,77.40999999999998,5.59,1,Coimbatore,Tamil Nadu
2024-06-11,3.63,9.33999999999999,44.509999999999984,79.77999999999999,3.63,1,Coimbatore,Tamil Nadu
2024-06-12,5.17,11.529999999999989,45.679999999999986,79.95999999999998,5.17,1,Coimbatore,Tamil Nadu
2024-06-13,1.39,10.18999999999999,27.49999999999999,74.40999999999998,5.17,1,Coimbatore,Tamil Nadu
2024-06-14,0.6,7.1599999999999895,22.089999999999986,72.74999999999999,5.17,1,Coimbatore,Tamil Nadu
2024-06-15,0.43,2.4199999999999893,16.929999999999986,70.71999999999998,1.39,1,Coimbatore,Tamil Nadu
2024-06-16,1.77,2.799999999999989,15.719999999999988,67.61999999999999,1.77,1,Coimbatore,Tamil Nadu
2024-06-17,2.32,4.519999999999989,15.309999999999988,61.369999999999976,2.32,1,Coimbatore,Tamil Nadu
2024-06-18,9.27,13.359999999999989,20.94999999999999,66.74999999999999,9.27,1,Coimbatore,Tamil Nadu
2024-06-19,5.82,17.40999999999999,21.599999999999987,71.27999999999997,9.27,1,Coimbatore,Tamil Nadu
2024-06-20,2.14,17.22999999999999,22.349999999999987,69.41999999999997,9.27,1,Coimbatore,Tamil Nadu
2024-06-21,1.17,9.12999999999999,22.91999999999999,51.01999999999998,5.82,1,Coimbatore,Tamil Nadu
2024-06-22,3.11,6.419999999999989,25.59999999999999,48.119999999999976,3.11,1,Coimbatore,Tamil Nadu
2024-06-23,8.06,12.33999999999999,31.889999999999986,50.58999999999998,8.06,1,Coimbatore,Tamil Nadu
2024-06-24,7.55,18.719999999999988,37.11999999999999,55.15999999999998,8.06,1,Coimbatore,Tamil Nadu
2024-06-25,30.92,46.52999999999999,58.769999999999996,83.34999999999998,30.92,1,Coimbatore,Tamil Nadu
2024-06-26,8.24,46.70999999999999,61.18999999999999,87.96,30.92,1,Coimbatore,Tamil Nadu
2024-06-27,3.09,42.24999999999999,62.13999999999999,85.87999999999998,30.92,1,Coimbatore,Tamil Nadu
2024-06-28,2.41,13.73999999999999,63.37999999999999,86.89999999999999,8.24,1,Coimbatore,Tamil Nadu
2024-06-29,5.25,10.74999999999999,65.52,91.54999999999998,5.25,1,Coimbatore,Tamil Nadu
2024-06-30,1.85,9.50999999999999,59.30999999999999,92.96999999999998,5.25,1,Coimbatore,Tamil Nadu
2024-07-01,19.4,26.499999999999986,71.16,110.6,19.4,1,Coimbatore,Tamil Nadu
2024-07-02,3.28,24.529999999999987,43.51999999999999,111.55999999999997,19.4,1,Coimbatore,Tamil Nadu
2024-07-03,3.5,26.179999999999986,38.77999999999999,105.78999999999998,19.4,1,Coimbatore,Tamil Nadu
2024-07-04,1.18,7.959999999999986,36.86999999999999,101.14999999999998,3.5,1,Coimbatore,Tamil Nadu
2024-07-05,1.74,6.419999999999986,36.19999999999999,100.74999999999997,3.5,1,Coimbatore,Tamil Nadu
2024-07-06,3.31,6.229999999999986,34.259999999999984,102.88999999999999,3.31,1,Coimbatore,Tamil Nadu
2024-07-07,2.24,7.289999999999987,34.649999999999984,102.01999999999998,3.31,1,Coimbatore,Tamil Nadu
2024-07-08,4.48,10.029999999999987,19.72999999999999,98.43999999999998,4.48,1,Coimbatore,Tamil Nadu
2024-07-09,1.88,8.599999999999987,18.329999999999988,92.76999999999998,4.48,1,Coimbatore,Tamil Nadu
2024-07-10,2.94,9.299999999999986,17.76999999999999,64.78999999999998,4.48,1,Coimbatore,Tamil Nadu
2024-07-11,1.44,6.259999999999986,18.02999999999999,57.98999999999998,2.94,1,Coimbatore,Tamil Nadu
2024-07-12,10.92,15.299999999999986,27.209999999999987,65.81999999999998,10.92,1,Coimbatore,Tamil Nadu
2024-07-13,8.28,20.639999999999986,32.17999999999999,71.68999999999998,10.92,1,Coimbatore,Tamil Nadu
2024-07-14,8.25,27.44999999999998,38.18999999999998,74.68999999999998,10.92,1,Coimbatore,Tamil Nadu
2024-07-15,25.63,42.15999999999998,59.33999999999999,98.46999999999998,25.63,1,Coimbatore,Tamil Nadu
2024-07-16,13.28,47.15999999999998,70.73999999999998,92.34999999999998,25.63,1,Coimbatore,Tamil Nadu
2024-07-17,15.98,54.889999999999986,83.77999999999999,105.04999999999998,25.63,1,Coimbatore,Tamil Nadu
2024-07-18,6.99,36.249999999999986,89.32999999999998,108.53999999999998,15.98,1,Coimbatore,Tamil Nadu
2024-07-19,6.97,29.939999999999987,85.38,114.32999999999998,15.98,1,Coimbatore,Tamil Nadu
2024-07-20,2.63,16.58999999999999,79.72999999999999,115.21999999999997,6.99,1,Coimbatore,Tamil Nadu
2024-07-21,0.52,10.119999999999989,71.99999999999999,112.42999999999999,6.97,1,Coimbatore,Tamil Nadu
2024-07-22,2.76,5.9099999999999895,49.129999999999995,112.94999999999997,2.76,1,Coimbatore,Tamil Nadu
2024-07-23,2.01,5.2899999999999885,37.85999999999999,110.47999999999998,2.76,1,Coimbatore,Tamil Nadu
2024-07-24,2.49,7.259999999999989,24.369999999999987,111.08999999999997,2.76,1,Coimbatore,Tamil Nadu
2024-07-25,13.48,17.97999999999999,30.85999999999999,121.62999999999998,13.48,1,Coimbatore,Tamil Nadu
2024-07-26,6.38,22.34999999999999,30.26999999999999,126.56999999999998,13.48,1,Coimbatore,Tamil Nadu
2024-07-27,3.08,22.939999999999987,30.719999999999988,118.72999999999998,13.48,1,Coimbatore,Tamil Nadu
2024-07-28,4.46,13.91999999999999,34.65999999999999,114.90999999999998,6.38,1,Coimbatore,Tamil Nadu
2024-07-29,32.08,39.61999999999999,63.97999999999999,138.73999999999998,32.08,1,Coimbatore,Tamil Nadu
2024-07-30,9.97,46.50999999999999,71.94,123.07999999999998,32.08,1,Coimbatore,Tamil Nadu
2024-07-31,6.74,48.78999999999999,76.18999999999998,116.53999999999999,32.08,1,Coimbatore,Tamil Nadu
2024-08-01,9.12,25.82999999999999,71.83,109.67999999999998,9.97,1,Coimbatore,Tamil Nadu
2024-08-02,2.4,18.25999999999999,67.84999999999998,105.08999999999999,9.12,1,Coimbatore,Tamil Nadu
2024-08-03,2.27,13.789999999999992,67.03999999999999,100.38999999999999,9.12,1,Coimbatore,Tamil Nadu
2024-08-04,5.19,9.859999999999992,67.77,102.94999999999999,5.19,1,Coimbatore,Tamil Nadu
2024-08-05,2.68,10.139999999999993,38.36999999999999,105.10999999999999,5.19,1,Coimbatore,Tamil Nadu
2024-08-06,6.34,14.209999999999994,34.739999999999995,108.69,6.34,1,Coimbatore,Tamil Nadu
2024-08-07,5.42,14.439999999999992,33.419999999999995,112.09999999999998,6.34,1,Coimbatore,Tamil Nadu
2024-08-08,2.11,13.869999999999992,26.409999999999997,111.71999999999998,6.34,1,Coimbatore,Tamil Nadu
2024-08-09,4.2,11.729999999999993,28.209999999999994,102.43999999999998,5.42,1,Coimbatore,Tamil Nadu
2024-08-10,10.89,17.199999999999996,36.83,106.94999999999999,10.89,1,Coimbatore,Tamil Nadu
2024-08-11,8.84,23.929999999999993,40.47999999999999,112.71,10.89,1,Coimbatore,Tamil Nadu
2024-08-12,6.56,26.289999999999992,44.35999999999999,114.80999999999999,10.89,1,Coimbatore,Tamil Nadu
2024-08-13,26.27,41.669999999999995,64.28999999999999,108.99999999999999,26.27,1,Coimbatore,Tamil Nadu
2024-08-14,14.81,47.63999999999999,73.67999999999999,113.83999999999999,26.27,1,Coimbatore,Tamil Nadu
2024-08-15,11.21,52.28999999999999,82.78,118.30999999999999,26.27,1,Coimbatore,Tamil Nadu
2024-08-16,6.43,32.449999999999996,85.00999999999999,115.61999999999999,14.81,1,Coimbatore,Tamil Nadu
2024-08-17,2.68,20.319999999999993,76.8,115.89999999999998,11.21,1,Coimbatore,Tamil Nadu
2024-08-18,4.66,13.769999999999992,72.61999999999999,118.28999999999999,6.43,1,Coimbatore,Tamil Nadu
2024-08-19,3.9,11.239999999999993,69.95999999999998,116.99999999999999,4.66,1,Coimbatore,Tamil Nadu
2024-08-20,7.14,15.699999999999992,50.82999999999999,121.45999999999998,7.14,1,Coimbatore,Tamil Nadu
2024-08-21,3.24,14.279999999999992,39.25999999999999,118.35999999999999,7.14,1,Coimbatore,Tamil Nadu
2024-08-22,0.25,10.629999999999992,28.299999999999994,113.19,7.14,1,Coimbatore,Tamil Nadu
2024-08-23,0.0,3.489999999999993,21.86999999999999,111.07999999999998,3.24,1,Coimbatore,Tamil Nadu
2024-08-24,0.48,0.7299999999999929,19.66999999999999,107.35999999999999,0.48,1,Coimbatore,Tamil Nadu
2024-08-25,0.92,1.3999999999999928,15.929999999999993,97.38999999999999,0.92,1,Coimbatore,Tamil Nadu
2024-08-26,1.14,2.539999999999993,13.169999999999991,89.68999999999998,1.14,1,Coimbatore,Tamil Nadu
2024-08-27,1.97,4.029999999999993,7.999999999999993,85.09999999999998,1.97,1,Coimbatore,Tamil Nadu
2024-08-28,2.81,5.919999999999993,7.569999999999993,61.639999999999986,2.81,1,Coimbatore,Tamil Nadu
2024-08-29,6.82,11.599999999999993,14.139999999999993,53.649999999999984,6.82,1,Coimbatore,Tamil Nadu
2024-08-30,6.93,16.559999999999995,21.069999999999993,49.36999999999998,6.93,1,Coimbatore,Tamil Nadu
2024-08-31,3.99,17.739999999999995,24.57999999999999,46.929999999999986,6.93,1,Coimbatore,Tamil Nadu
2024-09-01,2.36,13.279999999999992,26.019999999999996,46.609999999999985,6.93,1,Coimbatore,Tamil Nadu
2024-09-02,5.44,11.789999999999994,30.319999999999993,47.389999999999986,5.44,1,Coimbatore,Tamil Nadu
2024-09-03,3.47,11.269999999999994,31.819999999999993,46.95999999999999,5.44,1,Coimbatore,Tamil Nadu
2024-09-04,3.52,12.429999999999994,32.529999999999994,43.33999999999999,5.44,1,Coimbatore,Tamil Nadu
2024-09-05,1.36,8.349999999999993,27.069999999999993,41.45999999999999,3.52,1,Coimbatore,Tamil Nadu
2024-09-06,1.1,5.979999999999992,21.239999999999995,42.30999999999999,3.52,1,Coimbatore,Tamil Nadu
2024-09-07,1.8,4.259999999999993,19.049999999999994,44.109999999999985,1.8,1,Coimbatore,Tamil Nadu
2024-09-08,4.44,7.339999999999994,21.129999999999995,48.06999999999999,4.44,1,Coimbatore,Tamil Nadu
2024-09-09,3.74,9.979999999999993,19.429999999999993,50.889999999999986,4.44,1,Coimbatore,Tamil Nadu
2024-09-10,3.55,11.729999999999993,19.509999999999994,53.29999999999999,4.44,1,Coimbatore,Tamil Nadu
2024-09-11,2.44,9.729999999999993,18.429999999999993,53.76999999999999,3.74,1,Coimbatore,Tamil Nadu
2024-09-12,0.6,6.589999999999994,17.669999999999995,51.55999999999999,3.55,1,Coimbatore,Tamil Nadu
2024-09-13,0.05,3.0899999999999936,16.619999999999994,44.789999999999985,2.44,1,Coimbatore,Tamil Nadu
2024-09-14,0.2,0.8499999999999938,15.019999999999994,38.05999999999999,0.6,1,Coimbatore,Tamil Nadu
2024-09-15,0.08,0.3299999999999938,10.659999999999993,34.149999999999984,0.2,1,Coimbatore,Tamil Nadu
2024-09-16,0.01,0.2899999999999938,6.929999999999993,31.799999999999986,0.2,1,Coimbatore,Tamil Nadu
2024-09-17,0.01,0.09999999999999379,3.389999999999993,26.369999999999987,0.08,1,Coimbatore,Tamil Nadu
2024-09-18,0.0,0.019999999999993783,0.9499999999999929,22.899999999999988,0.01,1,Coimbatore,Tamil Nadu
2024-09-19,0.0,0.009999999999993783,0.3499999999999929,19.37999999999999,0.01,1,Coimbatore,Tamil Nadu
2024-09-20,0.06,0.05999999999999378,0.3599999999999929,18.079999999999988,0.06,1,Coimbatore,Tamil Nadu
2024-09-21,0.41,0.46999999999999376,0.569999999999993,17.389999999999986,0.41,1,Coimbatore,Tamil Nadu
2024-09-22,3.92,4.3899999999999935,4.409999999999993,19.509999999999987,3.92,1,Coimbatore,Tamil Nadu
2024-09-23,2.56,6.8899999999999935,6.959999999999994,17.629999999999985,3.92,1,Coimbatore,Tamil Nadu
2024-09-24,2.77,9.249999999999993,9.719999999999994,16.659999999999986,3.92,1,Coimbatore,Tamil Nadu
2024-09-25,0.55,5.879999999999994,10.269999999999994,13.659999999999984,2.77,1,Coimbatore,Tamil Nadu
2024-09-26,0.78,4.099999999999994,11.049999999999994,11.999999999999986,2.77,1,Coimbatore,Tamil Nadu
2024-09-27,0.52,1.8499999999999939,11.509999999999993,11.919999999999986,0.78,1,Coimbatore,Tamil Nadu
2024-09-28,3.84,5.1399999999999935,14.939999999999992,15.709999999999985,3.84,1,Coimbatore,Tamil Nadu
2024-09-29,6.43,10.789999999999992,17.449999999999992,21.939999999999984,6.43,1,Coimbatore,Tamil Nadu
2024-09-30,3.46,13.729999999999993,18.34999999999999,25.319999999999986,6.43,1,Coimbatore,Tamil Nadu
2024-10-01,1.57,11.459999999999994,17.14999999999999,26.879999999999985,6.43,0,Coimbatore,Tamil Nadu
2024-10-02,2.9,7.9299999999999935,19.499999999999993,29.769999999999982,3.46,0,Coimbatore,Tamil Nadu
2024-10-03,0.28,4.749999999999994,18.99999999999999,30.049999999999983,2.9,0,Coimbatore,Tamil Nadu
2024-10-04,7.17,10.349999999999994,25.64999999999999,37.219999999999985,7.17,0,Coimbatore,Tamil Nadu
2024-10-05,10.34,17.789999999999996,32.14999999999999,47.499999999999986,10.34,0,Coimbatore,Tamil Nadu
2024-10-06,10.62,28.129999999999995,36.33999999999999,57.70999999999999,10.62,0,Coimbatore,Tamil Nadu
2024-10-07,9.55,30.509999999999998,42.42999999999999,63.33999999999998,10.62,0,Coimbatore,Tamil Nadu
2024-10-08,11.11,31.279999999999994,51.96999999999999,71.88999999999999,11.11,0,Coimbatore,Tamil Nadu
2024-10-09,9.97,30.63,59.03999999999999,79.08999999999999,11.11,0,Coimbatore,Tamil Nadu
2024-10-10,1.75,22.83,60.50999999999999,80.28999999999998,11.11,0,Coimbatore,Tamil Nadu
2024-10-11,14.53,26.249999999999996,67.86999999999999,94.03999999999998,14.53,0,Coimbatore,Tamil Nadu
2024-10-12,11.81,28.089999999999996,69.33999999999999,105.32999999999998,14.53,0,Coimbatore,Tamil Nadu
2024-10-13,28.96,55.3,87.67999999999999,130.45,28.96,0,Coimbatore,Tamil Nadu
2024-10-14,11.4,52.169999999999995,89.53,135.42,28.96,0,Coimbatore,Tamil Nadu
2024-10-15,17.7,58.06,96.12,149.65999999999997,28.96,0,Coimbatore,Tamil Nadu
2024-10-16,4.8,33.9,90.95,152.89,17.7,0,Coimbatore,Tamil Nadu
2024-10-17,1.88,24.380000000000003,91.07999999999998,151.86999999999998,17.7,0,Coimbatore,Tamil Nadu
2024-10-18,6.3,12.98,82.85,157.89,6.3,0,Coimbatore,Tamil Nadu
2024-10-19,2.64,10.819999999999999,73.67999999999999,153.35999999999999,6.3,0,Coimbatore,Tamil Nadu
2024-10-20,8.45,17.39,53.16999999999999,151.47,8.45,0,Coimbatore,Tamil Nadu
2024-10-21,8.26,19.349999999999998,50.02999999999999,149.10999999999999,8.45,0,Coimbatore,Tamil Nadu
2024-10-22,22.94,39.65,55.269999999999996,162.49999999999997,22.94,0,Coimbatore,Tamil Nadu
2024-10-23,17.86,49.06,68.33,169.25,22.94,0,Coimbatore,Tamil Nadu
2024-10-24,9.6,50.4,76.04999999999998,168.88,22.94,0,Coimbatore,Tamil Nadu
2024-10-25,8.18,35.64,77.92999999999999,175.31,17.86,0,Coimbatore,Tamil Nadu
2024-10-26,4.48,22.259999999999998,79.76999999999998,165.26,9.6,0,Coimbatore,Tamil Nadu
2024-10-27,0.3,12.96,71.62,153.75,8.18,0,Coimbatore,Tamil Nadu
2024-10-28,0.84,5.62,64.19999999999999,125.62999999999998,4.48,0,Coimbatore,Tamil Nadu
2024-10-29,0.4,1.54,41.66,114.62999999999998,0.84,0,Coimbatore,Tamil Nadu
2024-10-30,0.04,1.2799999999999998,23.839999999999993,96.96999999999998,0.84,0,Coimbatore,Tamil Nadu
2024-10-31,7.72,8.16,21.959999999999994,99.88999999999999,7.72,0,Coimbatore,Tamil Nadu
2024-11-01,14.96,22.72,28.739999999999995,112.97,14.96,0,Coimbatore,Tamil Nadu
2024-11-02,10.21,32.89,34.47,116.87999999999998,14.96,0,Coimbatore,Tamil Nadu
2024-11-03,12.0,37.17,46.17,126.23999999999998,14.96,0,Coimbatore,Tamil Nadu
2024-11-04,13.66,35.870000000000005,58.989999999999995,131.45,13.66,0,Coimbatore,Tamil Nadu
2024-11-05,3.18,28.840000000000003,61.769999999999996,126.36999999999999,13.66,0,Coimbatore,Tamil Nadu
2024-11-06,0.02,16.860000000000003,61.75,103.44999999999999,13.66,0,Coimbatore,Tamil Nadu
2024-11-07,3.16,6.36,57.19,88.74999999999999,3.18,0,Coimbatore,Tamil Nadu
2024-11-08,1.08,4.26,43.30999999999999,80.22999999999998,3.16,0,Coimbatore,Tamil Nadu
2024-11-09,0.43,4.670000000000001,33.529999999999994,72.47999999999999,3.16,0,Coimbatore,Tamil Nadu
2024-11-10,0.0,1.51,21.529999999999994,67.99999999999999,1.08,0,Coimbatore,Tamil Nadu
2024-11-11,0.02,0.45,7.8899999999999935,67.71999999999998,0.43,0,Coimbatore,Tamil Nadu
2024-11-12,0.61,0.63,5.319999999999993,67.48999999999998,0.61,0,Coimbatore,Tamil Nadu
2024-11-13,1.66,2.29,6.959999999999993,68.75,1.66,0,Coimbatore,Tamil Nadu
2024-11-14,9.07,11.34,12.869999999999994,77.77999999999999,9.07,0,Coimbatore,Tamil Nadu
2024-11-15,7.83,18.560000000000002,19.619999999999994,77.88999999999999,9.07,0,Coimbatore,Tamil Nadu
2024-11-16,7.33,24.23,26.519999999999996,70.25999999999999,9.07,0,Coimbatore,Tamil Nadu
2024-11-17,5.77,20.93,32.28999999999999,65.82,7.83,0,Coimbatore,Tamil Nadu
2024-11-18,1.2,14.299999999999999,33.46999999999999,55.01999999999999,7.33,0,Coimbatore,Tamil Nadu
2024-11-19,1.0,7.97,33.85999999999999,42.359999999999985,5.77,0,Coimbatore,Tamil Nadu
2024-11-20,0.15,2.35,32.349999999999994,39.329999999999984,1.2,0,Coimbatore,Tamil Nadu
2024-11-21,0.32,1.47,23.599999999999994,39.62999999999999,1.0,0,Coimbatore,Tamil Nadu
2024-11-22,0.01,0.48,15.779999999999994,36.47999999999998,0.32,0,Coimbatore,Tamil Nadu
2024-11-23,0.0,0.32999999999999996,8.449999999999994,35.399999999999984,0.32,0,Coimbatore,Tamil Nadu
2024-11-24,0.0,0.01,2.6799999999999944,34.969999999999985,0.01,0,Coimbatore,Tamil Nadu
2024-11-25,0.01,0.01,1.4899999999999947,34.97999999999998,0.01,0,Coimbatore,Tamil Nadu
2024-11-26,4.49,4.5,4.979999999999995,39.44999999999999,4.49,0,Coimbatore,Tamil Nadu
2024-11-27,1.52,6.02,6.349999999999994,40.359999999999985,4.49,0,Coimbatore,Tamil Nadu
2024-11-28,0.22,6.23,6.249999999999996,38.91999999999999,4.49,0,Coimbatore,Tamil Nadu
2024-11-29,1.98,3.7199999999999998,8.219999999999995,31.829999999999984,1.98,0,Coimbatore,Tamil Nadu
2024-11-30,2.98,5.18,11.199999999999996,26.979999999999986,2.98,0,Coimbatore,Tamil Nadu
2024-12-01,22.51,27.470000000000002,33.709999999999994,42.15999999999998,22.51,0,Coimbatore,Tamil Nadu
2024-12-02,20.35,45.84,54.05,56.739999999999995,22.51,0,Coimbatore,Tamil Nadu
2024-12-03,16.26,59.120000000000005,65.82,71.79999999999998,22.51,0,Coimbatore,Tamil Nadu
2024-12-04,1.03,37.64,65.33,71.82999999999998,20.35,0,Coimbatore,Tamil Nadu
2024-12-05,0.91,18.200000000000003,66.02000000000001,72.58999999999999,16.26,0,Coimbatore,Tamil Nadu
2024-12-06,0.08,2.02,64.12,72.35,1.03,0,Coimbatore,Tamil Nadu
2024-12-07,0.74,1.73,61.879999999999995,73.07999999999998,0.91,0,Coimbatore,Tamil Nadu
2024-12-08,0.13,0.95,39.5,73.20999999999998,0.74,0,Coimbatore,Tamil Nadu
2024-12-09,0.01,0.88,19.159999999999997,73.21999999999998,0.74,0,Coimbatore,Tamil Nadu
2024-12-10,0.1,0.24,2.9999999999999964,73.31,0.13,0,Coimbatore,Tamil Nadu
2024-12-11,0.99,1.1,2.9599999999999964,69.80999999999999,0.99,0,Coimbatore,Tamil Nadu
2024-12-12,18.49,19.58,20.539999999999996,86.77999999999999,18.49,0,Coimbatore,Tamil Nadu
2024-12-13,18.95,38.42999999999999,39.41,105.50999999999999,18.95,0,Coimbatore,Tamil Nadu
2024-12-14,3.15,40.589999999999996,41.81999999999999,106.67999999999998,18.95,0,Coimbatore,Tamil Nadu
2024-12-15,0.88,22.98,42.56999999999999,104.57999999999998,18.95,0,Coimbatore,Tamil Nadu
2024-12-16,0.0,4.03,42.559999999999995,82.07,3.15,0,Coimbatore,Tamil Nadu
2024-12-17,0.0,0.88,42.459999999999994,61.71999999999998,0.88,0,Coimbatore,Tamil Nadu
2024-12-18,0.0,0.0,41.47,45.45999999999998,0.0,0,Coimbatore,Tamil Nadu
2024-12-19,0.0,0.0,22.979999999999997,44.42999999999998,0.0,0,Coimbatore,Tamil Nadu
2024-12-20,0.0,0.0,4.029999999999997,43.51999999999998,0.0,0,Coimbatore,Tamil Nadu
2024-12-21,0.57,0.57,1.4499999999999964,44.00999999999998,0.57,0,Coimbatore,Tamil Nadu
2024-12-22,0.28,0.85,0.8499999999999964,43.54999999999998,0.57,0,Coimbatore,Tamil Nadu
2024-12-23,0.03,0.88,0.8799999999999965,43.44999999999998,0.57,0,Coimbatore,Tamil Nadu
2024-12-24,0.0,0.31000000000000005,0.8799999999999965,43.43999999999998,0.28,0,Coimbatore,Tamil Nadu
2024-12-25,0.0,0.03,0.8799999999999965,43.33999999999998,0.03,0,Coimbatore,Tamil Nadu
2024-12-26,3.08,3.08,3.9599999999999964,45.42999999999998,3.08,0,Coimbatore,Tamil Nadu
2024-12-27,3.27,6.35,7.229999999999997,30.209999999999987,3.27,0,Coimbatore,Tamil Nadu
2024-12-28,0.11,6.46,6.769999999999996,11.369999999999985,3.27,0,Coimbatore,Tamil Nadu
2024-12-29,0.07,3.45,6.559999999999997,8.289999999999985,3.27,0,Coimbatore,Tamil Nadu
2024-12-30,0.78,0.9600000000000001,7.309999999999997,8.189999999999985,0.78,0,Coimbatore,Tamil Nadu
2024-12-31,0.06,0.9100000000000001,7.3699999999999966,8.249999999999986,0.78,0,Coimbatore,Tamil Nadu
