,rain_1d,rain_3d,rain_7d,rain_15d,rain_max3d,is_monsoon,district,state
2015-01-01,0.46,0.46,0.46,0.46,0.46,0,Dakshina Kannada,Karnataka
2015-01-02,0.06,0.52,0.52,0.52,0.46,0,Dakshina Kannada,Karnataka
2015-01-03,0.0,0.52,0.52,0.52,0.46,0,Dakshina Kannada,Karnataka
2015-01-04,0.0,0.06,0.52,0.52,0.06,0,Dakshina Kannada,Karnataka
2015-01-05,0.02,0.02,0.54,0.54,0.02,0,Dakshina Kannada,Karnataka
2015-01-06,0.01,0.03,0.55,0.55,0.02,0,Dakshina Kannada,Karnataka
2015-01-07,0.0,0.03,0.55,0.55,0.02,0,Dakshina Kannada,Karnataka
2015-01-08,0.0,0.01,0.09,0.55,0.01,0,Dakshina Kannada,Karnataka
2015-01-09,0.0,0.0,0.03,0.55,0.0,0,Dakshina Kannada,Karnataka
2015-01-10,0.0,0.0,0.03,0.55,0.0,0,Dakshina Kannada,Karnataka
2015-01-11,0.0,0.0,0.03,0.55,0.0,0,Dakshina Kannada,Karnataka
2015-01-12,0.0,0.0,0.01,0.55,0.0,0,Dakshina Kannada,Karnataka
2015-01-13,0.0,0.0,0.0,0.55,0.0,0,Dakshina Kannada,Karnataka
2015-01-14,0.0,0.0,0.0,0.55,0.0,0,Dakshina Kannada,Karnataka
2015-01-15,0.0,0.0,0.0,0.55,0.0,0,Dakshina Kannada,Karnataka
2015-01-16,0.0,0.0,0.0,0.09,0.0,0,Dakshina Kannada,Karnataka
2015-01-17,0.0,0.0,0.0,0.03,0.0,0,Dakshina Kannada,Karnataka
2015-01-18,0.0,0.0,0.0,0.03,0.0,0,Dakshina Kannada,Karnataka
2015-01-19,0.0,0.0,0.0,0.03,0.0,0,Dakshina Kannada,Karnataka
2015-01-20,0.0,0.0,0.0,0.01,0.0,0,Dakshina Kannada,Karnataka
2015-01-21,0.0,0.0,0.0,0.0,0.0,0,Dakshina Kannada,Karnataka
2015-01-22,0.0,0.0,0.0,0.0,0.0,0,Dakshina Kannada,Karnataka
2015-01-23,0.0,0.0,0.0,0.0,0.0,0,Dakshina Kannada,Karnataka
2015-01-24,0.0,0.0,0.0,0.0,0.0,0,Dakshina Kannada,Karnataka
2015-01-25,0.0,0.0,0.0,0.0,0.0,0,Dakshina Kannada,Karnataka
2015-01-26,0.01,0.01,0.01,0.01,0.01,0,Dakshina Kannada,Karnataka
2015-01-27,0.01,0.02,0.02,0.02,0.01,0,Dakshina Kannada,Karnataka
2015-01-28,0.0,0.02,0.02,0.02,0.01,0,Dakshina Kannada,Karnataka
2015-01-29,0.03,0.04,0.05,0.05,0.03,0,Dakshina Kannada,Karnataka
2015-01-30,0.01,0.04,0.06,0.06,0.03,0,Dakshina Kannada,Karnataka
2015-01-31,0.0,0.04,0.06,0.06,0.03,0,Dakshina Kannada,Karnataka
2015-02-01,0.01,0.02,0.07,0.07,0.01,0,Dakshina Kannada,Karnataka
2015-02-02,0.01,0.02,0.06999999999999999,0.08,0.01,0,Dakshina Kannada,Karnataka
2015-02-03,0.01,0.03,0.07,0.09,0.01,0,Dakshina Kannada,Karnataka
2015-02-04,0.0,0.019999999999999997,0.07,0.09,0.01,0,Dakshina Kannada,Karnataka
2015-02-05,0.0,0.01,0.04000000000000001,0.09,0.01,0,Dakshina Kannada,Karnataka
2015-02-06,0.0,0.0,0.030000000000000002,0.09,0.0,0,Dakshina Kannada,Karnataka
2015-02-07,0.0,0.0,0.03,0.09,0.0,0,Dakshina Kannada,Karnataka
2015-02-08,0.03,0.03,0.05,0.12,0.03,0,Dakshina Kannada,Karnataka
2015-02-09,0.0,0.03,0.039999999999999994,0.12,0.03,0,Dakshina Kannada,Karnataka
2015-02-10,0.01,0.04,0.04,0.12000000000000001,0.03,0,Dakshina Kannada,Karnataka
2015-02-11,0.0,0.01,0.04,0.11,0.01,0,Dakshina Kannada,Karnataka
2015-02-12,0.0,0.01,0.04,0.11,0.01,0,Dakshina Kannada,Karnataka
2015-02-13,0.0,0.0,0.04,0.08,0.0,0,Dakshina Kannada,Karnataka
2015-02-14,0.0,0.0,0.04,0.07,0.0,0,Dakshina Kannada,Karnataka
2015-02-15,0.0,0.0,0.01,0.07,0.0,0,Dakshina Kannada,Karnataka
2015-02-16,0.0,0.0,0.01,0.06,0.0,0,Dakshina Kannada,Karnataka
2015-02-17,0.01,0.01,0.01,0.06,0.01,0,Dakshina Kannada,Karnataka
2015-02-18,0.01,0.02,0.02,0.060000000000000005,0.01,0,Dakshina Kannada,Karnataka
2015-02-19,0.01,0.03,0.03,0.06999999999999999,0.01,0,Dakshina Kannada,Karnataka
2015-02-20,0.0,0.019999999999999997,0.03,0.06999999999999999,0.01,0,Dakshina Kannada,Karnataka
2015-02-21,0.0,0.01,0.03,0.06999999999999999,0.01,0,Dakshina Kannada,Karnataka
2015-02-22,0.0,0.0,0.03,0.06999999999999999,0.0,0,Dakshina Kannada,Karnataka
2015-02-23,0.0,0.0,0.03,0.039999999999999994,0.0,0,Dakshina Kannada,Karnataka
2015-02-24,0.0,0.0,0.019999999999999997,0.039999999999999994,0.0,0,Dakshina Kannada,Karnataka
2015-02-25,0.02,0.02,0.030000000000000002,0.05,0.02,0,Dakshina Kannada,Karnataka
2015-02-26,0.01,0.03,0.030000000000000006,0.060000000000000005,0.02,0,Dakshina Kannada,Karnataka
2015-02-27,0.12,0.15,0.15,0.18,0.12,0,Dakshina Kannada,Karnataka
2015-02-28,0.37,0.5,0.52,0.55,0.37,0,Dakshina Kannada,Karnataka
2015-03-01,2.27,2.76,2.79,2.8200000000000003,2.27,0,Dakshina Kannada,Karnataka
2015-03-02,2.39,5.03,5.18,5.21,2.39,0,Dakshina Kannada,Karnataka
2015-03-03,0.23,4.890000000000001,5.41,5.44,2.39,0,Dakshina Kannada,Karnataka
2015-03-04,0.08,2.7000000000000006,5.470000000000001,5.51,2.39,0,Dakshina Kannada,Karnataka
2015-03-05,0.0,0.31000000000000044,5.46,5.5,0.23,0,Dakshina Kannada,Karnataka
2015-03-06,0.58,0.6600000000000004,5.92,6.069999999999999,0.58,0,Dakshina Kannada,Karnataka
2015-03-07,0.6,1.1800000000000004,6.15,6.67,0.6,0,Dakshina Kannada,Karnataka
2015-03-08,1.5,2.6800000000000006,5.38,8.17,1.5,0,Dakshina Kannada,Karnataka
2015-03-09,1.13,3.2300000000000004,4.12,9.299999999999999,1.5,0,Dakshina Kannada,Karnataka
2015-03-10,0.42,3.0500000000000007,4.31,9.719999999999999,1.5,0,Dakshina Kannada,Karnataka
2015-03-11,0.18,1.7300000000000004,4.41,9.9,1.13,0,Dakshina Kannada,Karnataka
2015-03-12,0.03,0.6300000000000004,4.4399999999999995,9.91,0.42,0,Dakshina Kannada,Karnataka
2015-03-13,0.21,0.42000000000000043,4.069999999999999,10.11,0.21,0,Dakshina Kannada,Karnataka
2015-03-14,0.22,0.4600000000000004,3.69,10.209999999999999,0.22,0,Dakshina Kannada,Karnataka
2015-03-15,1.43,1.8600000000000003,3.6199999999999997,11.27,1.43,0,Dakshina Kannada,Karnataka
2015-03-16,1.03,2.6800000000000006,3.5200000000000005,10.030000000000001,1.43,0,Dakshina Kannada,Karnataka
2015-03-17,0.26,2.72,3.36,7.9,1.43,0,Dakshina Kannada,Karnataka
2015-03-18,0.11,1.4000000000000006,3.29,7.779999999999999,1.03,0,Dakshina Kannada,Karnataka
2015-03-19,0.04,0.4100000000000005,3.3,7.74,0.26,0,Dakshina Kannada,Karnataka
2015-03-20,0.01,0.16000000000000045,3.1,7.75,0.11,0,Dakshina Kannada,Karnataka
2015-03-21,0.01,0.06000000000000044,2.89,7.180000000000001,0.04,0,Dakshina Kannada,Karnataka
2015-03-22,0.01,0.03,1.47,6.59,0.01,0,Dakshina Kannada,Karnataka
2015-03-23,0.01,0.03,0.45,5.1,0.01,0,Dakshina Kannada,Karnataka
2015-03-24,0.01,0.03,0.2,3.98,0.01,0,Dakshina Kannada,Karnataka
2015-03-25,0.03,0.05000000000000044,0.12,3.59,0.03,0,Dakshina Kannada,Karnataka
2015-03-26,0.04,0.08000000000000043,0.12,3.45,0.04,0,Dakshina Kannada,Karnataka
2015-03-27,0.48,0.5500000000000004,0.59,3.9,0.48,0,Dakshina Kannada,Karnataka
2015-03-28,0.9,1.4200000000000004,1.48,4.59,0.9,0,Dakshina Kannada,Karnataka
2015-03-29,3.87,5.25,5.34,8.24,3.87,0,Dakshina Kannada,Karnataka
2015-03-30,7.63,12.400000000000002,12.96,14.440000000000001,7.63,0,Dakshina Kannada,Karnataka
2015-03-31,3.66,15.16,16.61,17.07,7.63,0,Dakshina Kannada,Karnataka
2015-04-01,7.54,18.83,24.119999999999997,24.35,7.63,0,Dakshina Kannada,Karnataka
2015-04-02,4.8,16.0,28.88,29.04,7.54,0,Dakshina Kannada,Karnataka
2015-04-03,1.34,13.680000000000001,29.74,30.34,7.54,0,Dakshina Kannada,Karnataka
2015-04-04,0.04,6.180000000000001,28.880000000000003,30.37,4.8,0,Dakshina Kannada,Karnataka
2015-04-05,0.01,1.390000000000001,25.02,30.37,1.34,0,Dakshina Kannada,Karnataka
2015-04-06,0.59,0.6400000000000009,17.98,30.950000000000003,0.59,0,Dakshina Kannada,Karnataka
2015-04-07,2.0,2.600000000000001,16.32,32.94,2.0,0,Dakshina Kannada,Karnataka
2015-04-08,2.36,4.950000000000001,11.14,35.29,2.36,0,Dakshina Kannada,Karnataka
2015-04-09,0.88,5.240000000000001,7.22,36.14,2.36,0,Dakshina Kannada,Karnataka
2015-04-10,1.68,4.920000000000001,7.5600000000000005,37.78,2.36,0,Dakshina Kannada,Karnataka
2015-04-11,2.24,4.800000000000001,9.76,39.54,2.24,0,Dakshina Kannada,Karnataka
2015-04-12,4.86,8.780000000000001,14.610000000000001,43.5,4.86,0,Dakshina Kannada,Karnataka
2015-04-13,7.1,14.200000000000003,21.12,46.730000000000004,7.1,0,Dakshina Kannada,Karnataka
2015-04-14,1.68,13.640000000000002,20.8,40.78,7.1,0,Dakshina Kannada,Karnataka
2015-04-15,0.4,9.18,18.84,37.52,7.1,0,Dakshina Kannada,Karnataka
2015-04-16,0.26,2.3400000000000007,18.22,30.240000000000002,1.68,0,Dakshina Kannada,Karnataka
2015-04-17,0.05,0.710000000000001,16.59,25.49,0.4,0,Dakshina Kannada,Karnataka
2015-04-18,0.25,0.5600000000000009,14.600000000000001,24.4,0.26,0,Dakshina Kannada,Karnataka
2015-04-19,0.69,0.9900000000000009,10.43,25.05,0.69,0,Dakshina Kannada,Karnataka
2015-04-20,0.62,1.560000000000001,3.9499999999999997,25.66,0.69,0,Dakshina Kannada,Karnataka
2015-04-21,6.21,7.520000000000001,8.48,31.28,6.21,0,Dakshina Kannada,Karnataka
2015-04-22,6.88,13.71,14.959999999999999,36.16,6.88,0,Dakshina Kannada,Karnataka
2015-04-23,10.54,23.63,25.24,44.34,10.54,0,Dakshina Kannada,Karnataka
2015-04-24,7.0,24.42,32.19,50.459999999999994,10.54,0,Dakshina Kannada,Karnataka
2015-04-25,3.85,21.39,35.79,52.629999999999995,10.54,0,Dakshina Kannada,Karnataka
2015-04-26,1.88,12.73,36.98,52.27,7.0,0,Dakshina Kannada,Karnataka
2015-04-27,1.77,7.5,38.129999999999995,49.17999999999999,3.85,0,Dakshina Kannada,Karnataka
2015-04-28,1.19,4.84,33.11,43.27,1.88,0,Dakshina Kannada,Karnataka
2015-04-29,0.92,3.88,27.15,42.510000000000005,1.77,0,Dakshina Kannada,Karnataka
2015-04-30,1.45,3.56,18.06,43.56,1.45,0,Dakshina Kannada,Karnataka
2015-05-01,1.1,3.47,12.16,44.4,1.45,0,Dakshina Kannada,Karnataka
2015-05-02,2.77,5.32,11.08,47.120000000000005,2.77,0,Dakshina Kannada,Karnataka
2015-05-03,2.3,6.17,11.5,49.17,2.77,0,Dakshina Kannada,Karnataka
2015-05-04,3.24,8.31,12.97,51.720000000000006,3.24,0,Dakshina Kannada,Karnataka
2015-05-05,11.02,16.56,22.8,62.12,11.02,0,Dakshina Kannada,Karnataka
2015-05-06,6.94,21.2,28.82,62.85,11.02,0,Dakshina Kannada,Karnataka
2015-05-07,1.7,19.66,29.07,57.67,11.02,0,Dakshina Kannada,Karnataka
2015-05-08,1.63,10.27,29.599999999999998,48.76,6.94,0,Dakshina Kannada,Karnataka
2015-05-09,2.48,5.81,29.31,44.24,2.48,0,Dakshina Kannada,Karnataka
2015-05-10,2.2,6.31,29.21,42.59,2.48,0,Dakshina Kannada,Karnataka
2015-05-11,17.44,22.12,43.41,58.150000000000006,17.44,0,Dakshina Kannada,Karnataka
2015-05-12,13.74,33.38,46.13,70.12,17.44,0,Dakshina Kannada,Karnataka
2015-05-13,13.68,44.86,52.87,82.61000000000001,17.44,0,Dakshina Kannada,Karnataka
2015-05-14,14.1,41.519999999999996,65.27000000000001,95.79,14.1,0,Dakshina Kannada,Karnataka
2015-05-15,23.45,51.23,87.09,117.79,23.45,0,Dakshina Kannada,Karnataka
2015-05-16,21.11,58.66,105.72,137.79999999999998,23.45,0,Dakshina Kannada,Karnataka
2015-05-17,5.98,50.540000000000006,109.5,141.01000000000002,23.45,0,Dakshina Kannada,Karnataka
2015-05-18,12.38,39.47,104.44,151.09,21.11,0,Dakshina Kannada,Karnataka
2015-05-19,2.42,20.78,93.12,150.26999999999998,12.38,0,Dakshina Kannada,Karnataka
2015-05-20,0.78,15.58,80.22,140.03,12.38,0,Dakshina Kannada,Karnataka
2015-05-21,0.17,3.37,66.29,133.26000000000002,2.42,0,Dakshina Kannada,Karnataka
2015-05-22,0.51,1.46,43.349999999999994,132.07,0.78,0,Dakshina Kannada,Karnataka
2015-05-23,0.67,1.35,22.91,131.11,0.67,0,Dakshina Kannada,Karnataka
2015-05-24,0.53,1.7100000000000002,17.46,129.16000000000003,0.67,0,Dakshina Kannada,Karnataka
2015-05-25,0.26,1.4600000000000002,5.34,127.22000000000001,0.67,0,Dakshina Kannada,Karnataka
2015-05-26,0.77,1.56,3.6900000000000004,110.55,0.77,0,Dakshina Kannada,Karnataka
2015-05-27,3.14,4.17,6.05,99.95,3.14,0,Dakshina Kannada,Karnataka
2015-05-28,3.9,7.8100000000000005,9.78,90.16999999999999,3.9,0,Dakshina Kannada,Karnataka
2015-05-29,10.81,17.85,20.08,86.88,10.81,0,Dakshina Kannada,Karnataka
2015-05-30,11.05,25.759999999999998,30.46,74.48,11.05,0,Dakshina Kannada,Karnataka
2015-05-31,12.32,34.18,42.25,65.69,12.32,0,Dakshina Kannada,Karnataka
2015-06-01,5.94,29.31,47.93000000000001,65.65,12.32,1,Dakshina Kannada,Karnataka
2015-06-02,5.59,23.849999999999998,52.75,58.86,12.32,1,Dakshina Kannada,Karnataka
2015-06-03,1.64,13.17,51.25,58.08,5.94,1,Dakshina Kannada,Karnataka
2015-06-04,40.29,47.519999999999996,87.64,97.59,40.29,1,Dakshina Kannada,Karnataka
2015-06-05,9.07,50.99999999999999,85.9,106.49000000000001,40.29,1,Dakshina Kannada,Karnataka
2015-06-06,6.05,55.41,80.9,112.03,40.29,1,Dakshina Kannada,Karnataka
2015-06-07,17.15,32.269999999999996,85.72999999999999,128.51,17.15,1,Dakshina Kannada,Karnataka
2015-06-08,40.56,63.76,120.35,168.54,40.56,1,Dakshina Kannada,Karnataka
2015-06-09,21.66,79.37,136.42,189.94,40.56,1,Dakshina Kannada,Karnataka
2015-06-10,39.14,101.36,173.92000000000002,228.31,40.56,1,Dakshina Kannada,Karnataka
2015-06-11,42.81,103.61,176.44,267.98,42.81,1,Dakshina Kannada,Karnataka
2015-06-12,24.27,106.22,191.64,288.35,42.81,1,Dakshina Kannada,Karnataka
2015-06-13,33.04,100.12,218.63,310.58000000000004,42.81,1,Dakshina Kannada,Karnataka
2015-06-14,15.16,72.47,216.64000000000001,314.69,33.04,1,Dakshina Kannada,Karnataka
2015-06-15,19.02,67.22,195.1,321.39000000000004,33.04,1,Dakshina Kannada,Karnataka
2015-06-16,29.05,63.230000000000004,202.49,344.5,29.05,1,Dakshina Kannada,Karnataka
2015-06-17,44.37,92.44,207.72000000000003,383.28,44.37,1,Dakshina Kannada,Karnataka
2015-06-18,30.62,104.03999999999999,195.53,412.26,44.37,1,Dakshina Kannada,Karnataka
2015-06-19,34.25,109.24,205.51,406.21999999999997,44.37,1,Dakshina Kannada,Karnataka
2015-06-20,41.88,106.75,214.35,439.03,41.88,1,Dakshina Kannada,Karnataka
2015-06-21,47.91,124.03999999999999,247.1,480.89,47.91,1,Dakshina Kannada,Karnataka
2015-06-22,47.43,137.22,275.51,511.17,47.91,1,Dakshina Kannada,Karnataka
2015-06-23,36.17,131.51,282.63,506.78,47.91,1,Dakshina Kannada,Karnataka
2015-06-24,36.09,119.69000000000001,274.35,521.21,47.43,1,Dakshina Kannada,Karnataka
2015-06-25,62.69,134.95,306.42,544.76,62.69,1,Dakshina Kannada,Karnataka
2015-06-26,53.59,152.37,325.76,555.54,62.69,1,Dakshina Kannada,Karnataka
2015-06-27,9.03,125.31,292.91,540.3,62.69,1,Dakshina Kannada,Karnataka
2015-06-28,7.07,69.69,252.07,514.33,53.59,1,Dakshina Kannada,Karnataka
2015-06-29,10.99,27.09,215.63,510.16,10.99,1,Dakshina Kannada,Karnataka
2015-06-30,15.35,33.410000000000004,194.81,506.49,15.35,1,Dakshina Kannada,Karnataka
2015-07-01,14.19,40.53,172.91,491.63000000000005,15.35,1,Dakshina Kannada,Karnataka
2015-07-02,10.05,39.59,120.27000000000001,457.31,15.35,1,Dakshina Kannada,Karnataka
2015-07-03,17.92,42.16,84.6,444.61,17.92,1,Dakshina Kannada,Karnataka
2015-07-04,15.03,43.0,90.6,425.39000000000004,17.92,1,Dakshina Kannada,Karnataka
2015-07-05,13.9,46.85000000000001,97.43,397.41,17.92,1,Dakshina Kannada,Karnataka
2015-07-06,13.0,41.93,99.44,362.5,15.03,1,Dakshina Kannada,Karnataka
2015-07-07,15.78,42.68,99.87,330.84999999999997,15.78,1,Dakshina Kannada,Karnataka
2015-07-08,29.54,58.32,115.22,324.21999999999997,29.54,1,Dakshina Kannada,Karnataka
2015-07-09,75.3,120.62,180.47,363.43,75.3,1,Dakshina Kannada,Karnataka
2015-07-10,56.75,161.58999999999997,219.3,357.49,75.3,1,Dakshina Kannada,Karnataka
2015-07-11,41.88,173.93,246.15,345.78,75.3,1,Dakshina Kannada,Karnataka
2015-07-12,37.94,136.57,270.19,374.69,56.75,1,Dakshina Kannada,Karnataka
2015-07-13,6.63,86.44999999999999,263.82,374.25,41.88,1,Dakshina Kannada,Karnataka
2015-07-14,8.76,53.329999999999984,256.8,372.02,37.94,1,Dakshina Kannada,Karnataka
2015-07-15,33.16,48.54999999999998,260.42,389.83,33.16,1,Dakshina Kannada,Karnataka
2015-07-16,39.78,81.69999999999999,224.9,415.41999999999996,39.78,1,Dakshina Kannada,Karnataka
2015-07-17,46.35,119.28999999999999,214.5,451.72,46.35,1,Dakshina Kannada,Karnataka
2015-07-18,55.07,141.2,227.69,488.87,55.07,1,Dakshina Kannada,Karnataka
2015-07-19,69.86,171.28,259.61,543.7,69.86,1,Dakshina Kannada,Karnataka
2015-07-20,48.61,173.54,301.59000000000003,578.41,69.86,1,Dakshina Kannada,Karnataka
2015-07-21,22.32,140.79,315.15000000000003,587.73,69.86,1,Dakshina Kannada,Karnataka
2015-07-22,22.74,93.66999999999999,304.73,594.69,48.61,1,Dakshina Kannada,Karnataka
2015-07-23,51.25,96.30999999999999,316.20000000000005,616.4,51.25,1,Dakshina Kannada,Karnataka
2015-07-24,16.77,90.75999999999998,286.62,557.87,51.25,1,Dakshina Kannada,Karnataka
2015-07-25,29.35,97.36999999999999,260.90000000000003,530.47,51.25,1,Dakshina Kannada,Karnataka
2015-07-26,36.58,82.69999999999999,227.62,525.1700000000001,36.58,1,Dakshina Kannada,Karnataka
2015-07-27,30.15,96.07999999999998,209.16,517.38,36.58,1,Dakshina Kannada,Karnataka
2015-07-28,12.47,79.19999999999999,199.31,523.22,36.58,1,Dakshina Kannada,Karnataka
2015-07-29,6.4,49.01999999999998,182.97000000000003,520.86,30.15,1,Dakshina Kannada,Karnataka
2015-07-30,7.75,26.619999999999987,139.47000000000003,495.45,12.47,1,Dakshina Kannada,Karnataka
2015-07-31,18.12,32.26999999999999,140.82,473.79,18.12,1,Dakshina Kannada,Karnataka
2015-08-01,16.87,42.73999999999999,128.34,444.31,18.12,1,Dakshina Kannada,Karnataka
2015-08-02,11.95,46.93999999999998,103.71000000000001,401.19,18.12,1,Dakshina Kannada,Karnataka
2015-08-03,26.48,55.29999999999998,100.03999999999999,357.81,26.48,1,Dakshina Kannada,Karnataka
2015-08-04,21.51,59.93999999999998,109.08,330.71,26.48,1,Dakshina Kannada,Karnataka
2015-08-05,36.93,84.91999999999999,139.61,345.32,36.93,1,Dakshina Kannada,Karnataka
2015-08-06,37.6,96.03999999999998,169.46,360.18,37.6,1,Dakshina Kannada,Karnataka
2015-08-07,35.25,109.77999999999997,186.59,344.18,37.6,1,Dakshina Kannada,Karnataka
2015-08-08,22.24,95.08999999999997,191.96,349.65000000000003,37.6,1,Dakshina Kannada,Karnataka
2015-08-09,35.19,92.67999999999998,215.2,355.49,35.25,1,Dakshina Kannada,Karnataka
2015-08-10,47.38,104.80999999999997,236.1,366.29,47.38,1,Dakshina Kannada,Karnataka
2015-08-11,26.99,109.55999999999997,241.57999999999998,363.13,47.38,1,Dakshina Kannada,Karnataka
2015-08-12,32.21,106.57999999999998,236.85999999999999,382.87,47.38,1,Dakshina Kannada,Karnataka
2015-08-13,39.53,98.72999999999999,238.79,416.0,39.53,1,Dakshina Kannada,Karnataka
2015-08-14,23.05,94.78999999999999,226.59,431.3,39.53,1,Dakshina Kannada,Karnataka
2015-08-15,17.85,80.42999999999998,222.2,431.03000000000003,39.53,1,Dakshina Kannada,Karnataka
2015-08-16,20.0,60.89999999999998,207.01,434.16,23.05,1,Dakshina Kannada,Karnataka
2015-08-17,17.19,55.039999999999985,176.82,439.40000000000003,20.0,1,Dakshina Kannada,Karnataka
2015-08-18,12.09,49.27999999999999,161.92000000000002,425.01,20.0,1,Dakshina Kannada,Karnataka
2015-08-19,13.66,42.93999999999998,143.37,417.16,17.19,1,Dakshina Kannada,Karnataka
2015-08-20,53.96,79.70999999999998,157.8,434.19,53.96,1,Dakshina Kannada,Karnataka
2015-08-21,17.89,85.50999999999998,152.64,414.47999999999996,53.96,1,Dakshina Kannada,Karnataka
2015-08-22,9.39,81.23999999999998,144.18,388.62,53.96,1,Dakshina Kannada,Karnataka
2015-08-23,15.09,42.369999999999976,139.27,381.46999999999997,17.89,1,Dakshina Kannada,Karnataka
2015-08-24,13.7,38.17999999999998,135.78,359.97999999999996,15.09,1,Dakshina Kannada,Karnataka
2015-08-25,5.39,34.17999999999998,129.07999999999998,317.98999999999995,15.09,1,Dakshina Kannada,Karnataka
2015-08-26,11.78,30.869999999999976,127.2,302.78000000000003,13.7,1,Dakshina Kannada,Karnataka
2015-08-27,12.36,29.529999999999976,85.60000000000001,282.93,12.36,1,Dakshina Kannada,Karnataka
2015-08-28,7.31,31.449999999999974,75.02000000000001,250.71,12.36,1,Dakshina Kannada,Karnataka
2015-08-29,8.01,27.67999999999998,73.63999999999999,235.67000000000002,12.36,1,Dakshina Kannada,Karnataka
2015-08-30,6.5,21.81999999999998,65.05,224.32000000000002,8.01,1,Dakshina Kannada,Karnataka
2015-08-31,10.78,25.289999999999978,62.129999999999995,215.10000000000002,10.78,1,Dakshina Kannada,Karnataka
2015-09-01,5.68,22.95999999999998,62.419999999999995,203.59,10.78,1,Dakshina Kannada,Karnataka
2015-09-02,2.71,19.169999999999977,53.35,194.21,10.78,1,Dakshina Kannada,Karnataka
2015-09-03,1.31,9.699999999999978,42.3,181.86,5.68,1,Dakshina Kannada,Karnataka
2015-09-04,3.18,7.199999999999979,38.17,131.08,3.18,1,Dakshina Kannada,Karnataka
2015-09-05,15.22,19.70999999999998,45.379999999999995,128.41,15.22,1,Dakshina Kannada,Karnataka
2015-09-06,13.11,31.50999999999998,51.989999999999995,132.13,15.22,1,Dakshina Kannada,Karnataka
2015-09-07,23.89,52.21999999999998,65.1,140.93,23.89,1,Dakshina Kannada,Karnataka
2015-09-08,14.57,51.56999999999998,73.99,141.8,23.89,1,Dakshina Kannada,Karnataka
2015-09-09,8.27,46.729999999999976,79.55000000000001,144.68,23.89,1,Dakshina Kannada,Karnataka
2015-09-10,8.72,31.55999999999998,86.96000000000001,141.62,14.57,1,Dakshina Kannada,Karnataka
2015-09-11,8.2,25.189999999999976,91.97999999999999,137.46,8.72,1,Dakshina Kannada,Karnataka
2015-09-12,7.36,24.27999999999998,84.11999999999999,137.51,8.72,1,Dakshina Kannada,Karnataka
2015-09-13,10.2,25.759999999999977,81.21,139.7,10.2,1,Dakshina Kannada,Karnataka
2015-09-14,31.18,48.73999999999998,88.5,164.38,31.18,1,Dakshina Kannada,Karnataka
2015-09-15,48.02,89.39999999999998,121.95,201.62,48.02,1,Dakshina Kannada,Karnataka
2015-09-16,30.09,109.28999999999998,143.77,226.03,48.02,1,Dakshina Kannada,Karnataka
2015-09-17,13.42,91.52999999999999,148.47,236.73999999999998,48.02,1,Dakshina Kannada,Karnataka
2015-09-18,10.82,54.32999999999997,151.09,246.25000000000003,30.09,1,Dakshina Kannada,Karnataka
2015-09-19,7.06,31.299999999999972,150.79,250.13,13.42,1,Dakshina Kannada,Karnataka
2015-09-20,7.14,25.019999999999975,147.73,242.05,10.82,1,Dakshina Kannada,Karnataka
2015-09-21,1.65,15.849999999999971,118.19999999999999,230.59,7.14,1,Dakshina Kannada,Karnataka
2015-09-22,0.17,8.95999999999997,70.35,206.87,7.14,1,Dakshina Kannada,Karnataka
2015-09-23,1.8,3.6199999999999717,42.059999999999995,194.10000000000002,1.8,1,Dakshina Kannada,Karnataka
2015-09-24,8.79,10.759999999999971,37.43,194.62,8.79,1,Dakshina Kannada,Karnataka
2015-09-25,3.51,14.099999999999971,30.119999999999997,189.41,8.79,1,Dakshina Kannada,Karnataka
2015-09-26,1.18,13.47999999999997,24.24,182.39,8.79,1,Dakshina Kannada,Karnataka
2015-09-27,8.98,13.669999999999972,26.08,184.01,8.98,1,Dakshina Kannada,Karnataka
2015-09-28,10.24,20.39999999999997,34.67,184.05,10.24,1,Dakshina Kannada,Karnataka
2015-09-29,6.0,25.21999999999997,40.5,158.87,10.24,1,Dakshina Kannada,Karnataka
2015-09-30,37.44,53.679999999999964,76.14,148.29,37.44,1,Dakshina Kannada,Karnataka
2015-10-01,13.11,56.54999999999996,80.46,131.31,37.44,0,Dakshina Kannada,Karnataka
2015-10-02,5.26,55.80999999999996,82.21000000000001,123.14999999999999,37.44,0,Dakshina Kannada,Karnataka
2015-10-03,5.01,23.379999999999963,86.03999999999999,117.33999999999999,13.11,0,Dakshina Kannada,Karnataka
2015-10-04,11.93,22.199999999999964,88.99000000000001,122.21,11.93,0,Dakshina Kannada,Karnataka
2015-10-05,42.95,59.889999999999965,121.7,158.01999999999998,42.95,0,Dakshina Kannada,Karnataka
2015-10-06,31.06,85.93999999999997,146.76,187.42999999999998,42.95,0,Dakshina Kannada,Karnataka
2015-10-07,8.31,82.31999999999996,117.63000000000001,195.57,42.95,0,Dakshina Kannada,Karnataka
2015-10-08,12.11,51.47999999999996,116.63000000000001,205.88,31.06,0,Dakshina Kannada,Karnataka
2015-10-09,2.16,22.579999999999963,113.53,199.25,12.11,0,Dakshina Kannada,Karnataka
2015-10-10,2.08,16.349999999999966,110.60000000000001,197.82,12.11,0,Dakshina Kannada,Karnataka
2015-10-11,1.62,5.859999999999965,100.29,198.26,2.16,0,Dakshina Kannada,Karnataka
2015-10-12,1.5,5.199999999999965,58.839999999999996,190.78,2.08,0,Dakshina Kannada,Karnataka
2015-10-13,8.94,12.059999999999963,36.72,189.48,8.94,0,Dakshina Kannada,Karnataka
2015-10-14,0.8,11.239999999999965,29.209999999999997,184.28,8.94,0,Dakshina Kannada,Karnataka
2015-10-15,0.34,10.079999999999966,17.44,147.18,8.94,0,Dakshina Kannada,Karnataka
2015-10-16,0.3,1.4399999999999644,15.579999999999998,134.36999999999998,0.8,0,Dakshina Kannada,Karnataka
2015-10-17,0.76,1.3999999999999644,14.259999999999998,129.87,0.76,0,Dakshina Kannada,Karnataka
2015-10-18,2.65,3.7099999999999644,15.289999999999997,127.51,2.65,0,Dakshina Kannada,Karnataka
2015-10-19,2.62,6.029999999999964,16.41,118.2,2.65,0,Dakshina Kannada,Karnataka
2015-10-20,2.97,8.239999999999965,10.439999999999998,78.22,2.97,0,Dakshina Kannada,Karnataka
2015-10-21,9.19,14.779999999999964,18.83,56.349999999999994,9.19,0,Dakshina Kannada,Karnataka
2015-10-22,4.0,16.159999999999965,22.49,52.04,9.19,0,Dakshina Kannada,Karnataka
2015-10-23,0.54,13.729999999999965,22.729999999999997,40.47,9.19,0,Dakshina Kannada,Karnataka
2015-10-24,0.0,4.5399999999999645,21.97,38.309999999999995,4.0,0,Dakshina Kannada,Karnataka
2015-10-25,0.04,0.5799999999999645,19.359999999999996,36.269999999999996,0.54,0,Dakshina Kannada,Karnataka
2015-10-26,0.07,0.10999999999996449,16.81,34.72,0.07,0,Dakshina Kannada,Karnataka
2015-10-27,0.78,0.8899999999999645,14.619999999999997,34.0,0.78,0,Dakshina Kannada,Karnataka
2015-10-28,4.45,5.299999999999964,9.879999999999999,29.509999999999998,4.45,0,Dakshina Kannada,Karnataka
2015-10-29,8.55,13.779999999999966,14.43,37.26,8.55,0,Dakshina Kannada,Karnataka
2015-10-30,1.63,14.629999999999967,15.52,38.550000000000004,8.55,0,Dakshina Kannada,Karnataka
2015-10-31,1.75,11.929999999999968,17.27,40.0,8.55,0,Dakshina Kannada,Karnataka
2015-11-01,19.25,22.629999999999967,36.480000000000004,58.489999999999995,19.25,0,Dakshina Kannada,Karnataka
2015-11-02,14.45,35.44999999999997,50.86,70.28999999999999,19.25,0,Dakshina Kannada,Karnataka
2015-11-03,5.86,39.55999999999997,55.94,73.53,19.25,0,Dakshina Kannada,Karnataka
2015-11-04,2.15,22.45999999999997,53.63999999999999,72.71,14.45,0,Dakshina Kannada,Karnataka
2015-11-05,8.36,16.36999999999997,53.449999999999996,71.88,8.36,0,Dakshina Kannada,Karnataka
2015-11-06,1.0,11.509999999999968,52.81999999999999,68.88,8.36,0,Dakshina Kannada,Karnataka
2015-11-07,0.6,9.959999999999967,51.669999999999995,68.94,8.36,0,Dakshina Kannada,Karnataka
2015-11-08,0.46,2.059999999999968,32.88,69.39999999999999,1.0,0,Dakshina Kannada,Karnataka
2015-11-09,0.6,1.659999999999968,19.029999999999998,69.96,0.6,0,Dakshina Kannada,Karnataka
2015-11-10,1.21,2.269999999999968,14.379999999999999,71.1,1.21,0,Dakshina Kannada,Karnataka
2015-11-11,3.29,5.099999999999968,15.52,73.60999999999999,3.29,0,Dakshina Kannada,Karnataka
2015-11-12,3.87,8.369999999999969,11.030000000000001,73.03,3.87,0,Dakshina Kannada,Karnataka
2015-11-13,2.77,9.929999999999968,12.8,67.24999999999999,3.87,0,Dakshina Kannada,Karnataka
2015-11-14,0.01,6.649999999999968,12.21,65.63,3.87,0,Dakshina Kannada,Karnataka
2015-11-15,0.48,3.259999999999968,12.23,64.36,2.77,0,Dakshina Kannada,Karnataka
2015-11-16,0.72,1.209999999999968,12.35,45.83,0.72,0,Dakshina Kannada,Karnataka
2015-11-17,0.24,1.439999999999968,11.38,31.62,0.72,0,Dakshina Kannada,Karnataka
2015-11-18,0.61,1.5699999999999679,8.7,26.37,0.72,0,Dakshina Kannada,Karnataka
2015-11-19,1.97,2.8199999999999683,6.8,26.189999999999998,1.97,0,Dakshina Kannada,Karnataka
2015-11-20,6.63,9.209999999999969,10.66,24.459999999999997,6.63,0,Dakshina Kannada,Karnataka
2015-11-21,5.64,14.239999999999968,16.29,29.1,6.63,0,Dakshina Kannada,Karnataka
2015-11-22,1.81,14.079999999999968,17.619999999999997,30.31,6.63,0,Dakshina Kannada,Karnataka
2015-11-23,1.7,9.149999999999968,18.6,31.55,5.64,0,Dakshina Kannada,Karnataka
2015-11-24,8.69,12.199999999999967,27.049999999999997,39.64,8.69,0,Dakshina Kannada,Karnataka
2015-11-25,1.6,11.989999999999968,28.04,40.03,8.69,0,Dakshina Kannada,Karnataka
2015-11-26,0.05,10.33999999999997,26.119999999999997,36.79,8.69,0,Dakshina Kannada,Karnataka
2015-11-27,0.0,1.64999999999997,19.49,32.919999999999995,1.6,0,Dakshina Kannada,Karnataka
2015-11-28,0.03,0.0799999999999698,13.879999999999999,30.18,0.05,0,Dakshina Kannada,Karnataka
2015-11-29,0.05,0.0799999999999698,12.12,30.22,0.05,0,Dakshina Kannada,Karnataka
2015-11-30,0.47,0.5499999999999697,10.889999999999999,30.209999999999997,0.47,0,Dakshina Kannada,Karnataka
2015-12-01,0.56,1.0799999999999699,2.7600000000000002,30.05,0.56,0,Dakshina Kannada,Karnataka
2015-12-02,1.18,2.2099999999999698,2.34,30.99,1.18,0,Dakshina Kannada,Karnataka
2015-12-03,0.66,2.3999999999999697,2.95,31.04,1.18,0,Dakshina Kannada,Karnataka
2015-12-04,0.0,1.8399999999999697,2.95,29.07,1.18,0,Dakshina Kannada,Karnataka
2015-12-05,0.06,0.7199999999999696,2.98,22.5,0.66,0,Dakshina Kannada,Karnataka
2015-12-06,0.3,0.35999999999996957,3.23,17.16,0.3,0,Dakshina Kannada,Karnataka
2015-12-07,0.2,0.5599999999999696,2.96,15.549999999999999,0.3,0,Dakshina Kannada,Karnataka
2015-12-08,0.12,0.6199999999999696,2.5199999999999996,13.969999999999999,0.3,0,Dakshina Kannada,Karnataka
2015-12-09,0.09,0.4099999999999696,1.43,5.37,0.2,0,Dakshina Kannada,Karnataka
2015-12-10,0.12,0.32999999999996954,0.89,3.8899999999999997,0.12,0,Dakshina Kannada,Karnataka
2015-12-11,0.37,0.5799999999999695,1.26,4.21,0.37,0,Dakshina Kannada,Karnataka
2015-12-12,0.54,1.0299999999999696,1.74,4.75,0.54,0,Dakshina Kannada,Karnataka
2015-12-13,1.41,2.3199999999999696,2.8499999999999996,6.13,1.41,0,Dakshina Kannada,Karnataka
2015-12-14,0.68,2.6299999999999693,3.33,6.76,1.41,0,Dakshina Kannada,Karnataka
2015-12-15,1.01,3.0999999999999694,4.220000000000001,7.300000000000001,1.41,0,Dakshina Kannada,Karnataka
2015-12-16,0.48,2.1699999999999697,4.61,7.22,1.01,0,Dakshina Kannada,Karnataka
2015-12-17,0.11,1.5999999999999697,4.6000000000000005,6.15,1.01,0,Dakshina Kannada,Karnataka
2015-12-18,0.0,0.5899999999999698,4.23,5.49,0.48,0,Dakshina Kannada,Karnataka
2015-12-19,0.01,0.1199999999999698,3.7,5.5,0.11,0,Dakshina Kannada,Karnataka
2015-12-20,0.0,0.009999999999969802,2.29,5.44,0.01,0,Dakshina Kannada,Karnataka
2015-12-21,0.03,0.0399999999999698,1.6400000000000001,5.170000000000001,0.03,0,Dakshina Kannada,Karnataka
2015-12-22,0.01,0.0399999999999698,0.64,4.98,0.03,0,Dakshina Kannada,Karnataka
2015-12-23,0.01,0.049999999999969805,0.17,4.87,0.03,0,Dakshina Kannada,Karnataka
2015-12-24,0.0,0.019999999999969802,0.06,4.78,0.01,0,Dakshina Kannada,Karnataka
2015-12-25,0.0,0.009999999999969802,0.06,4.66,0.01,0,Dakshina Kannada,Karnataka
2015-12-26,0.0,0.0,0.05,4.29,0.0,0,Dakshina Kannada,Karnataka
2015-12-27,0.0,0.0,0.05,3.75,0.0,0,Dakshina Kannada,Karnataka
2015-12-28,0.0,0.0,0.02,2.34,0.0,0,Dakshina Kannada,Karnataka
2015-12-29,0.0,0.0,0.01,1.6599999999999997,0.0,0,Dakshina Kannada,Karnataka
2015-12-30,0.0,0.0,0.0,0.65,0.0,0,Dakshina Kannada,Karnataka
2015-12-31,0.0,0.0,0.0,0.17,0.0,0,Dakshina Kannada,Karnataka
2016-01-01,0.0,0.0,0.0,0.06,0.0,0,Dakshina Kannada,Karnataka
2016-01-02,0.0,0.0,0.0,0.06,0.0,0,Dakshina Kannada,Karnataka
2016-01-03,0.0,0.0,0.0,0.05,0.0,0,Dakshina Kannada,Karnataka
2016-01-04,0.0,0.0,0.0,0.05,0.0,0,Dakshina Kannada,Karnataka
2016-01-05,0.0,0.0,0.0,0.02,0.0,0,Dakshina Kannada,Karnataka
2016-01-06,0.0,0.0,0.0,0.01,0.0,0,Dakshina Kannada,Karnataka
2016-01-07,0.0,0.0,0.0,0.0,0.0,0,Dakshina Kannada,Karnataka
2016-01-08,0.01,0.009999999999969802,0.01,0.01,0.01,0,Dakshina Kannada,Karnataka
2016-01-09,0.0,0.009999999999969802,0.01,0.01,0.01,0,Dakshina Kannada,Karnataka
2016-01-10,0.0,0.009999999999969802,0.01,0.01,0.01,0,Dakshina Kannada,Karnataka
2016-01-11,0.0,0.0,0.01,0.01,0.0,0,Dakshina Kannada,Karnataka
2016-01-12,0.0,0.0,0.01,0.01,0.0,0,Dakshina Kannada,Karnataka
2016-01-13,0.0,0.0,0.01,0.01,0.0,0,Dakshina Kannada,Karnataka
2016-01-14,0.0,0.0,0.01,0.01,0.0,0,Dakshina Kannada,Karnataka
2016-01-15,0.01,0.009999999999969802,0.01,0.02,0.01,0,Dakshina Kannada,Karnataka
2016-01-16,0.05,0.05999999999996981,0.060000000000000005,0.07,0.05,0,Dakshina Kannada,Karnataka
2016-01-17,0.02,0.0799999999999698,0.08,0.09000000000000001,0.05,0,Dakshina Kannada,Karnataka
2016-01-18,0.14,0.20999999999996982,0.22000000000000003,0.23000000000000004,0.14,0,Dakshina Kannada,Karnataka
2016-01-19,0.13,0.28999999999996984,0.35000000000000003,0.36000000000000004,0.14,0,Dakshina Kannada,Karnataka
2016-01-20,0.04,0.3099999999999698,0.39,0.4,0.14,0,Dakshina Kannada,Karnataka
2016-01-21,0.02,0.1899999999999698,0.41000000000000003,0.42000000000000004,0.13,0,Dakshina Kannada,Karnataka
2016-01-22,0.0,0.0599999999999698,0.4,0.42000000000000004,0.04,0,Dakshina Kannada,Karnataka
2016-01-23,0.01,0.0299999999999698,0.36000000000000004,0.42000000000000004,0.02,0,Dakshina Kannada,Karnataka
2016-01-24,0.01,0.019999999999969802,0.35000000000000003,0.43000000000000005,0.01,0,Dakshina Kannada,Karnataka
2016-01-25,0.01,0.03,0.22,0.44000000000000006,0.01,0,Dakshina Kannada,Karnataka
2016-01-26,0.0,0.0199999999999698,0.09,0.44000000000000006,0.01,0,Dakshina Kannada,Karnataka
2016-01-27,0.0,0.009999999999969802,0.05,0.44000000000000006,0.01,0,Dakshina Kannada,Karnataka
2016-01-28,0.0,0.0,0.03,0.44000000000000006,0.0,0,Dakshina Kannada,Karnataka
2016-01-29,0.0,0.0,0.03,0.44000000000000006,0.0,0,Dakshina Kannada,Karnataka
2016-01-30,0.0,0.0,0.019999999999999997,0.43000000000000005,0.0,0,Dakshina Kannada,Karnataka
2016-01-31,0.0,0.0,0.01,0.38000000000000006,0.0,0,Dakshina Kannada,Karnataka
2016-02-01,0.0,0.0,0.0,0.36000000000000004,0.0,0,Dakshina Kannada,Karnataka
2016-02-02,0.0,0.0,0.0,0.22000000000000003,0.0,0,Dakshina Kannada,Karnataka
2016-02-03,0.0,0.0,0.0,0.09000000000000002,0.0,0,Dakshina Kannada,Karnataka
2016-02-04,0.04,0.0399999999999698,0.04,0.09000000000000002,0.04,0,Dakshina Kannada,Karnataka
2016-02-05,0.18,0.2199999999999698,0.22,0.25,0.18,0,Dakshina Kannada,Karnataka
2016-02-06,0.0,0.2199999999999698,0.22,0.25,0.18,0,Dakshina Kannada,Karnataka
2016-02-07,0.0,0.1799999999999698,0.22,0.24,0.18,0,Dakshina Kannada,Karnataka
2016-02-08,0.0,0.0,0.22,0.23,0.0,0,Dakshina Kannada,Karnataka
2016-02-09,0.02,0.019999999999969802,0.24,0.24,0.02,0,Dakshina Kannada,Karnataka
2016-02-10,0.01,0.0299999999999698,0.25,0.25,0.02,0,Dakshina Kannada,Karnataka
2016-02-11,0.01,0.0399999999999698,0.22,0.26,0.02,0,Dakshina Kannada,Karnataka
2016-02-12,0.0,0.019999999999969802,0.04,0.26,0.01,0,Dakshina Kannada,Karnataka
2016-02-13,0.04,0.049999999999969805,0.08,0.3,0.04,0,Dakshina Kannada,Karnataka
2016-02-14,0.0,0.0399999999999698,0.08,0.3,0.04,0,Dakshina Kannada,Karnataka
2016-02-15,0.0,0.0399999999999698,0.08,0.3,0.04,0,Dakshina Kannada,Karnataka
2016-02-16,0.0,0.0,0.06,0.3,0.0,0,Dakshina Kannada,Karnataka
2016-02-17,0.0,0.0,0.05,0.3,0.0,0,Dakshina Kannada,Karnataka
2016-02-18,0.0,0.0,0.04,0.3,0.0,0,Dakshina Kannada,Karnataka
2016-02-19,0.01,0.009999999999969802,0.05,0.27,0.01,0,Dakshina Kannada,Karnataka
2016-02-20,0.0,0.009999999999969802,0.01,0.09,0.01,0,Dakshina Kannada,Karnataka
2016-02-21,0.0,0.009999999999969802,0.01,0.09,0.01,0,Dakshina Kannada,Karnataka
2016-02-22,0.0,0.0,0.01,0.09,0.0,0,Dakshina Kannada,Karnataka
2016-02-23,0.02,0.019999999999969802,0.03,0.11,0.02,0,Dakshina Kannada,Karnataka
2016-02-24,0.07,0.08999999999996981,0.1,0.16,0.07,0,Dakshina Kannada,Karnataka
2016-02-25,0.06,0.14999999999996982,0.16,0.21,0.07,0,Dakshina Kannada,Karnataka
2016-02-26,0.0,0.1299999999999698,0.15,0.2,0.07,0,Dakshina Kannada,Karnataka
2016-02-27,0.0,0.0599999999999698,0.15,0.2,0.06,0,Dakshina Kannada,Karnataka
2016-02-28,0.0,0.0,0.15,0.16,0.0,0,Dakshina Kannada,Karnataka
2016-02-29,0.0,0.0,0.15,0.16,0.0,0,Dakshina Kannada,Karnataka
2016-03-01,0.05,0.049999999999969805,0.18,0.21000000000000002,0.05,0,Dakshina Kannada,Karnataka
2016-03-02,0.06,0.1099999999999698,0.16999999999999998,0.27,0.06,0,Dakshina Kannada,Karnataka
2016-03-03,0.12,0.22999999999996978,0.22999999999999998,0.39,0.12,0,Dakshina Kannada,Karnataka
2016-03-04,0.1,0.27999999999996983,0.33,0.49,0.12,0,Dakshina Kannada,Karnataka
2016-03-05,0.06,0.27999999999996983,0.39,0.54,0.12,0,Dakshina Kannada,Karnataka
2016-03-06,0.3,0.4599999999999698,0.69,0.84,0.3,0,Dakshina Kannada,Karnataka
2016-03-07,0.13,0.4899999999999698,0.8200000000000001,0.97,0.3,0,Dakshina Kannada,Karnataka
2016-03-08,0.0,0.4299999999999698,0.77,0.97,0.3,0,Dakshina Kannada,Karnataka
2016-03-09,0.0,0.1299999999999698,0.71,0.95,0.13,0,Dakshina Kannada,Karnataka
2016-03-10,0.01,0.009999999999969802,0.6,0.89,0.01,0,Dakshina Kannada,Karnataka
2016-03-11,0.01,0.019999999999969802,0.51,0.84,0.01,0,Dakshina Kannada,Karnataka
2016-03-12,0.1,0.11999999999996981,0.55,0.94,0.1,0,Dakshina Kannada,Karnataka
2016-03-13,0.16,0.2699999999999698,0.41000000000000003,1.1,0.16,0,Dakshina Kannada,Karnataka
2016-03-14,0.01,0.2699999999999698,0.29000000000000004,1.1099999999999999,0.16,0,Dakshina Kannada,Karnataka
2016-03-15,0.0,0.16999999999996981,0.29000000000000004,1.1099999999999999,0.16,0,Dakshina Kannada,Karnataka
2016-03-16,0.0,0.009999999999969802,0.29000000000000004,1.0599999999999998,0.01,0,Dakshina Kannada,Karnataka
2016-03-17,0.0,0.0,0.28,1.0,0.0,0,Dakshina Kannada,Karnataka
2016-03-18,0.0,0.0,0.27,0.88,0.0,0,Dakshina Kannada,Karnataka
2016-03-19,0.0,0.0,0.17000000000000004,0.78,0.0,0,Dakshina Kannada,Karnataka
2016-03-20,0.0,0.0,0.01,0.72,0.0,0,Dakshina Kannada,Karnataka
2016-03-21,0.0,0.0,0.0,0.42000000000000004,0.0,0,Dakshina Kannada,Karnataka
2016-03-22,0.0,0.0,0.0,0.29000000000000004,0.0,0,Dakshina Kannada,Karnataka
2016-03-23,0.01,0.009999999999969802,0.01,0.30000000000000004,0.01,0,Dakshina Kannada,Karnataka
2016-03-24,0.01,0.019999999999969802,0.02,0.31000000000000005,0.01,0,Dakshina Kannada,Karnataka
2016-03-25,0.0,0.019999999999969802,0.02,0.30000000000000004,0.01,0,Dakshina Kannada,Karnataka
2016-03-26,0.0,0.009999999999969802,0.02,0.29000000000000004,0.01,0,Dakshina Kannada,Karnataka
2016-03-27,0.01,0.009999999999969802,0.03,0.20000000000000004,0.01,0,Dakshina Kannada,Karnataka
2016-03-28,0.04,0.049999999999969805,0.07,0.08,0.04,0,Dakshina Kannada,Karnataka
2016-03-29,0.11,0.1599999999999698,0.18,0.18,0.11,0,Dakshina Kannada,Karnataka
2016-03-30,0.22,0.3699999999999698,0.39,0.4,0.22,0,Dakshina Kannada,Karnataka
2016-03-31,0.34,0.6699999999999698,0.72,0.74,0.34,0,Dakshina Kannada,Karnataka
2016-04-01,0.21,0.7699999999999698,0.9299999999999999,0.9500000000000001,0.34,0,Dakshina Kannada,Karnataka
2016-04-02,0.13,0.6799999999999699,1.06,1.08,0.34,0,Dakshina Kannada,Karnataka
2016-04-03,0.09,0.4299999999999698,1.14,1.17,0.21,0,Dakshina Kannada,Karnataka
2016-04-04,0.12,0.33999999999996977,1.22,1.29,0.13,0,Dakshina Kannada,Karnataka
2016-04-05,0.59,0.7999999999999697,1.7,1.88,0.59,0,Dakshina Kannada,Karnataka
2016-04-06,0.73,1.4399999999999697,2.21,2.61,0.73,0,Dakshina Kannada,Karnataka
2016-04-07,0.5,1.8199999999999696,2.37,3.1,0.73,0,Dakshina Kannada,Karnataka
2016-04-08,0.28,1.5099999999999698,2.44,3.37,0.73,0,Dakshina Kannada,Karnataka
2016-04-09,1.08,1.85999999999997,3.39,4.45,1.08,0,Dakshina Kannada,Karnataka
2016-04-10,0.75,2.10999999999997,4.05,5.2,1.08,0,Dakshina Kannada,Karnataka
2016-04-11,0.21,2.03999999999997,4.140000000000001,5.4,1.08,0,Dakshina Kannada,Karnataka
2016-04-12,0.11,1.0699999999999699,3.66,5.470000000000001,0.75,0,Dakshina Kannada,Karnataka
2016-04-13,0.1,0.4199999999999698,3.03,5.46,0.21,0,Dakshina Kannada,Karnataka
2016-04-14,0.0,0.20999999999996982,2.5300000000000002,5.24,0.11,0,Dakshina Kannada,Karnataka
2016-04-15,0.04,0.13999999999996982,2.29,4.94,0.1,0,Dakshina Kannada,Karnataka
2016-04-16,0.28,0.31999999999996986,1.49,5.010000000000001,0.28,0,Dakshina Kannada,Karnataka
2016-04-17,0.19,0.5099999999999698,0.93,5.07,0.28,0,Dakshina Kannada,Karnataka
2016-04-18,0.09,0.5599999999999699,0.81,5.07,0.28,0,Dakshina Kannada,Karnataka
2016-04-19,0.11,0.38999999999996987,0.81,5.0600000000000005,0.19,0,Dakshina Kannada,Karnataka
2016-04-20,0.13,0.3299999999999699,0.8400000000000001,4.6,0.13,0,Dakshina Kannada,Karnataka
2016-04-21,0.31,0.5499999999999698,1.15,4.180000000000001,0.31,0,Dakshina Kannada,Karnataka
2016-04-22,0.12,0.5599999999999699,1.23,3.8000000000000003,0.31,0,Dakshina Kannada,Karnataka
2016-04-23,0.01,0.4399999999999699,0.96,3.5300000000000002,0.31,0,Dakshina Kannada,Karnataka
2016-04-24,0.01,0.1399999999999699,0.78,2.46,0.12,0,Dakshina Kannada,Karnataka
2016-04-25,0.05,0.06999999999996992,0.74,1.76,0.05,0,Dakshina Kannada,Karnataka
2016-04-26,0.06,0.11999999999996991,0.6900000000000001,1.61,0.06,0,Dakshina Kannada,Karnataka
2016-04-27,0.23,0.33999999999996994,0.79,1.73,0.23,0,Dakshina Kannada,Karnataka
2016-04-28,0.15,0.4399999999999699,0.63,1.7800000000000002,0.23,0,Dakshina Kannada,Karnataka
2016-04-29,0.09,0.4699999999999699,0.6,1.87,0.23,0,Dakshina Kannada,Karnataka
2016-04-30,0.03,0.2699999999999699,0.62,1.86,0.15,0,Dakshina Kannada,Karnataka
2016-05-01,0.02,0.13999999999996987,0.63,1.6,0.09,0,Dakshina Kannada,Karnataka
2016-05-02,0.28,0.3299999999999699,0.8600000000000001,1.6900000000000002,0.28,0,Dakshina Kannada,Karnataka
2016-05-03,1.87,2.1699999999999697,2.67,3.47,1.87,0,Dakshina Kannada,Karnataka
2016-05-04,1.77,3.9199999999999697,4.21,5.130000000000001,1.87,0,Dakshina Kannada,Karnataka
2016-05-05,0.42,4.05999999999997,4.4799999999999995,5.420000000000001,1.87,0,Dakshina Kannada,Karnataka
2016-05-06,0.67,2.85999999999997,5.0600000000000005,5.78,1.77,0,Dakshina Kannada,Karnataka
2016-05-07,0.17,1.2599999999999698,5.200000000000001,5.83,0.67,0,Dakshina Kannada,Karnataka
2016-05-08,0.19,1.02999999999997,5.37,6.01,0.67,0,Dakshina Kannada,Karnataka
2016-05-09,0.2,0.5599999999999699,5.29,6.2,0.2,0,Dakshina Kannada,Karnataka
2016-05-10,0.79,1.17999999999997,4.21,6.94,0.79,0,Dakshina Kannada,Karnataka
2016-05-11,5.41,6.39999999999997,7.8500000000000005,12.29,5.41,0,Dakshina Kannada,Karnataka
2016-05-12,6.77,12.96999999999997,14.2,18.83,6.77,0,Dakshina Kannada,Karnataka
2016-05-13,7.04,19.21999999999997,20.57,25.72,7.04,0,Dakshina Kannada,Karnataka
2016-05-14,5.94,19.74999999999997,26.34,31.57,7.04,0,Dakshina Kannada,Karnataka
2016-05-15,7.28,20.25999999999997,33.43,38.82,7.28,0,Dakshina Kannada,Karnataka
2016-05-16,5.68,18.89999999999997,38.91,44.48,7.28,0,Dakshina Kannada,Karnataka
2016-05-17,11.36,24.31999999999997,49.48,55.56,11.36,0,Dakshina Kannada,Karnataka
2016-05-18,2.22,19.25999999999997,46.29,55.91,11.36,0,Dakshina Kannada,Karnataka
2016-05-19,2.27,15.84999999999997,41.79,56.410000000000004,11.36,0,Dakshina Kannada,Karnataka
2016-05-20,6.46,10.94999999999997,41.21,62.45,6.46,0,Dakshina Kannada,Karnataka
2016-05-21,0.95,9.67999999999997,36.22,62.73,6.46,0,Dakshina Kannada,Karnataka
2016-05-22,0.32,7.729999999999969,29.26,62.879999999999995,6.46,0,Dakshina Kannada,Karnataka
2016-05-23,0.15,1.4199999999999697,23.729999999999997,62.839999999999996,0.95,0,Dakshina Kannada,Karnataka
2016-05-24,0.31,0.7799999999999698,12.68,62.949999999999996,0.32,0,Dakshina Kannada,Karnataka
2016-05-25,0.96,1.4199999999999697,11.42,63.12,0.96,0,Dakshina Kannada,Karnataka
2016-05-26,2.52,3.78999999999997,11.67,60.230000000000004,2.52,0,Dakshina Kannada,Karnataka
2016-05-27,4.82,8.29999999999997,10.030000000000001,58.28,4.82,0,Dakshina Kannada,Karnataka
2016-05-28,10.5,17.83999999999997,19.580000000000002,61.739999999999995,10.5,0,Dakshina Kannada,Karnataka
2016-05-29,9.88,25.199999999999974,29.14,65.68,10.5,0,Dakshina Kannada,Karnataka
2016-05-30,20.18,40.559999999999974,49.17,78.58,20.18,0,Dakshina Kannada,Karnataka
2016-05-31,6.48,36.53999999999998,55.34,79.38000000000001,20.18,0,Dakshina Kannada,Karnataka
2016-06-01,17.96,44.619999999999976,72.34,85.98,20.18,1,Dakshina Kannada,Karnataka
2016-06-02,17.88,42.31999999999997,87.7,101.63999999999999,17.96,1,Dakshina Kannada,Karnataka
2016-06-03,10.6,46.439999999999976,93.48,109.97,17.96,1,Dakshina Kannada,Karnataka
2016-06-04,21.29,49.76999999999997,104.27,124.80000000000001,21.29,1,Dakshina Kannada,Karnataka
2016-06-05,10.33,42.21999999999997,104.72,134.18,21.29,1,Dakshina Kannada,Karnataka
2016-06-06,2.78,34.39999999999997,87.32,136.64000000000001,21.29,1,Dakshina Kannada,Karnataka
2016-06-07,14.17,27.279999999999973,95.00999999999999,150.66,14.17,1,Dakshina Kannada,Karnataka
2016-06-08,24.69,41.63999999999997,101.74,175.04,24.69,1,Dakshina Kannada,Karnataka
2016-06-09,36.36,75.21999999999997,120.21999999999998,210.44,36.36,1,Dakshina Kannada,Karnataka
2016-06-10,18.1,79.14999999999998,127.72,226.02,36.36,1,Dakshina Kannada,Karnataka
2016-06-11,11.88,66.33999999999997,118.31,233.07999999999998,36.36,1,Dakshina Kannada,Karnataka
2016-06-12,10.98,40.95999999999997,118.96,233.56,18.1,1,Dakshina Kannada,Karnataka
2016-06-13,49.51,72.36999999999998,165.69,273.19,49.51,1,Dakshina Kannada,Karnataka
2016-06-14,20.99,81.47999999999996,172.51,274.0,49.51,1,Dakshina Kannada,Karnataka
2016-06-15,8.33,78.82999999999996,156.15,275.85,49.51,1,Dakshina Kannada,Karnataka
2016-06-16,33.02,62.339999999999975,152.81,290.90999999999997,33.02,1,Dakshina Kannada,Karnataka
2016-06-17,50.46,91.80999999999997,185.17,323.49,50.46,1,Dakshina Kannada,Karnataka
2016-06-18,63.9,147.38,237.19,376.79,63.9,1,Dakshina Kannada,Karnataka
2016-06-19,10.37,124.72999999999998,236.57999999999998,365.87,63.9,1,Dakshina Kannada,Karnataka
2016-06-20,52.15,126.41999999999997,239.21999999999997,407.69,63.9,1,Dakshina Kannada,Karnataka
2016-06-21,42.56,105.07999999999997,260.79,447.46999999999997,52.15,1,Dakshina Kannada,Karnataka
2016-06-22,47.28,141.98999999999995,299.74,480.58,52.15,1,Dakshina Kannada,Karnataka
2016-06-23,81.39,171.22999999999996,348.11,537.28,81.39,1,Dakshina Kannada,Karnataka
2016-06-24,48.83,177.49999999999997,346.47999999999996,549.75,81.39,1,Dakshina Kannada,Karnataka
2016-06-25,21.46,151.67999999999998,304.04,553.11,81.39,1,Dakshina Kannada,Karnataka
2016-06-26,25.24,95.52999999999997,318.90999999999997,566.47,48.83,1,Dakshina Kannada,Karnataka
2016-06-27,130.93,177.63,397.69000000000005,686.42,130.93,1,Dakshina Kannada,Karnataka
2016-06-28,103.95,260.12,459.08000000000004,740.86,130.93,1,Dakshina Kannada,Karnataka
2016-06-29,120.93,355.81,532.73,840.8,130.93,1,Dakshina Kannada,Karnataka
2016-06-30,40.31,265.19,491.65000000000003,872.7800000000001,120.93,1,Dakshina Kannada,Karnataka
2016-07-01,45.08,206.32000000000002,487.90000000000003,884.8399999999999,120.93,1,Dakshina Kannada,Karnataka
2016-07-02,43.8,129.19,510.24,878.1800000000001,45.08,1,Dakshina Kannada,Karnataka
2016-07-03,47.06,135.94,532.0600000000001,861.3399999999999,47.06,1,Dakshina Kannada,Karnataka
2016-07-04,48.65,139.51,449.78,899.62,48.65,1,Dakshina Kannada,Karnataka
2016-07-05,34.28,129.99,380.11,881.75,48.65,1,Dakshina Kannada,Karnataka
2016-07-06,40.96,123.89,300.14,880.1500000000001,48.65,1,Dakshina Kannada,Karnataka
2016-07-07,16.14,91.38000000000001,275.96999999999997,849.0100000000001,40.96,1,Dakshina Kannada,Karnataka
2016-07-08,18.56,75.66,249.45,786.1800000000001,40.96,1,Dakshina Kannada,Karnataka
2016-07-09,30.69,65.39,236.33999999999997,768.0400000000001,30.69,1,Dakshina Kannada,Karnataka
2016-07-10,39.04,88.28999999999999,228.32,785.62,39.04,1,Dakshina Kannada,Karnataka
2016-07-11,27.25,96.97999999999999,206.92000000000002,787.63,39.04,1,Dakshina Kannada,Karnataka
2016-07-12,21.74,88.03,194.38,678.44,39.04,1,Dakshina Kannada,Karnataka
2016-07-13,21.37,70.36,174.79,595.86,27.25,1,Dakshina Kannada,Karnataka
2016-07-14,11.01,54.12,169.66,485.94,21.74,1,Dakshina Kannada,Karnataka
2016-07-15,22.23,54.61,173.33,467.86,22.23,1,Dakshina Kannada,Karnataka
2016-07-16,22.74,55.980000000000004,165.38,445.52,22.74,1,Dakshina Kannada,Karnataka
2016-07-17,14.97,59.940000000000005,141.31,416.69,22.74,1,Dakshina Kannada,Karnataka
2016-07-18,26.64,64.35,140.7,396.27,26.64,1,Dakshina Kannada,Karnataka
2016-07-19,11.25,52.86000000000001,130.21,358.87,26.64,1,Dakshina Kannada,Karnataka
2016-07-20,35.04,72.93,143.88,359.63,35.04,1,Dakshina Kannada,Karnataka
2016-07-21,39.14,85.43,172.01,357.81,39.14,1,Dakshina Kannada,Karnataka
2016-07-22,45.19,119.37,194.96999999999997,386.86,45.19,1,Dakshina Kannada,Karnataka
2016-07-23,42.67,127.0,214.9,410.97,45.19,1,Dakshina Kannada,Karnataka
2016-07-24,21.88,109.74,221.81,402.16,45.19,1,Dakshina Kannada,Karnataka
2016-07-25,12.52,77.07000000000001,207.69,375.64,42.67,1,Dakshina Kannada,Karnataka
2016-07-26,7.82,42.22,204.26,356.21,21.88,1,Dakshina Kannada,Karnataka
2016-07-27,7.22,27.56,176.44,341.69,12.52,1,Dakshina Kannada,Karnataka
2016-07-28,16.63,31.669999999999998,153.93,336.95,16.63,1,Dakshina Kannada,Karnataka
2016-07-29,18.37,42.22,127.11,344.31,18.37,1,Dakshina Kannada,Karnataka
2016-07-30,21.25,56.25,105.69,343.33000000000004,21.25,1,Dakshina Kannada,Karnataka
2016-07-31,10.67,50.290000000000006,94.48,331.26,21.25,1,Dakshina Kannada,Karnataka
2016-08-01,9.96,41.88,91.92,326.25,21.25,1,Dakshina Kannada,Karnataka
2016-08-02,9.28,29.91,93.38,308.89,10.67,1,Dakshina Kannada,Karnataka
2016-08-03,13.38,32.620000000000005,99.54,311.02,13.38,1,Dakshina Kannada,Karnataka
2016-08-04,35.84,58.50000000000001,118.75,311.82,35.84,1,Dakshina Kannada,Karnataka
2016-08-05,36.2,85.42000000000002,136.58,308.88,36.2,1,Dakshina Kannada,Karnataka
2016-08-06,26.46,98.50000000000001,141.79000000000002,290.15,36.2,1,Dakshina Kannada,Karnataka
2016-08-07,21.47,84.13,152.59000000000003,268.95,36.2,1,Dakshina Kannada,Karnataka
2016-08-08,20.61,68.53999999999999,163.24,267.68,26.46,1,Dakshina Kannada,Karnataka
2016-08-09,10.31,52.39,164.27,265.47,21.47,1,Dakshina Kannada,Karnataka
2016-08-10,7.94,38.86,158.83,265.59000000000003,20.61,1,Dakshina Kannada,Karnataka
2016-08-11,18.4,36.65,141.39000000000001,276.77,18.4,1,Dakshina Kannada,Karnataka
2016-08-12,20.56,46.89999999999999,125.74999999999999,280.7,20.56,1,Dakshina Kannada,Karnataka
2016-08-13,16.17,55.129999999999995,115.46,278.5,20.56,1,Dakshina Kannada,Karnataka
2016-08-14,18.91,55.64,112.9,276.15999999999997,20.56,1,Dakshina Kannada,Karnataka
2016-08-15,23.26,58.34,115.55,288.75000000000006,23.26,1,Dakshina Kannada,Karnataka
2016-08-16,22.32,64.49,127.56,301.11,23.26,1,Dakshina Kannada,Karnataka
2016-08-17,26.1,71.68,145.72,317.93,26.1,1,Dakshina Kannada,Karnataka
2016-08-18,23.07,71.49,150.39,327.62,26.1,1,Dakshina Kannada,Karnataka
2016-08-19,13.88,63.050000000000004,143.71,305.66,26.1,1,Dakshina Kannada,Karnataka
2016-08-20,5.94,42.89000000000001,133.48000000000002,275.40000000000003,23.07,1,Dakshina Kannada,Karnataka
2016-08-21,11.16,30.98,125.73000000000002,260.1,13.88,1,Dakshina Kannada,Karnataka
2016-08-22,15.88,32.980000000000004,118.35000000000001,254.51,15.88,1,Dakshina Kannada,Karnataka
2016-08-23,26.1,53.14,122.13,260.0,26.1,1,Dakshina Kannada,Karnataka
2016-08-24,21.56,63.540000000000006,117.59,271.25,26.1,1,Dakshina Kannada,Karnataka
2016-08-25,15.74,63.400000000000006,110.26,279.05,26.1,1,Dakshina Kannada,Karnataka
2016-08-26,14.22,51.52,110.60000000000001,274.87,21.56,1,Dakshina Kannada,Karnataka
2016-08-27,10.54,40.5,115.2,264.85,15.74,1,Dakshina Kannada,Karnataka
2016-08-28,18.95,43.71,122.99,267.63,18.95,1,Dakshina Kannada,Karnataka
2016-08-29,15.88,45.370000000000005,122.99,264.6,18.95,1,Dakshina Kannada,Karnataka
2016-08-30,19.65,54.480000000000004,116.53999999999999,260.99,19.65,1,Dakshina Kannada,Karnataka
2016-08-31,21.89,57.42,116.87,260.56,21.89,1,Dakshina Kannada,Karnataka
2016-09-01,10.99,52.53000000000001,112.11999999999999,245.45,21.89,1,Dakshina Kannada,Karnataka
2016-09-02,14.61,47.49000000000001,112.50999999999999,236.99,21.89,1,Dakshina Kannada,Karnataka
2016-09-03,14.82,40.42000000000001,116.79,237.93,14.82,1,Dakshina Kannada,Karnataka
2016-09-04,7.37,36.800000000000004,105.21000000000001,239.36,14.82,1,Dakshina Kannada,Karnataka
2016-09-05,3.86,26.050000000000004,93.19000000000001,232.06,14.82,1,Dakshina Kannada,Karnataka
2016-09-06,6.93,18.160000000000007,80.47,223.11,7.37,1,Dakshina Kannada,Karnataka
2016-09-07,3.92,14.710000000000006,62.5,200.93,6.93,1,Dakshina Kannada,Karnataka
2016-09-08,2.99,13.840000000000007,54.5,182.35999999999999,6.93,1,Dakshina Kannada,Karnataka
2016-09-09,0.86,7.770000000000008,40.75,167.48000000000002,3.92,1,Dakshina Kannada,Karnataka
2016-09-10,0.41,4.260000000000007,26.34,153.67000000000002,2.99,1,Dakshina Kannada,Karnataka
2016-09-11,2.23,3.500000000000007,21.200000000000003,145.35999999999999,2.23,1,Dakshina Kannada,Karnataka
2016-09-12,3.1,5.740000000000007,20.44,129.51,3.1,1,Dakshina Kannada,Karnataka
2016-09-13,9.73,15.060000000000008,23.240000000000002,123.36000000000001,9.73,1,Dakshina Kannada,Karnataka
2016-09-14,9.66,22.49000000000001,28.979999999999997,113.37,9.73,1,Dakshina Kannada,Karnataka
2016-09-15,12.57,31.960000000000008,38.56,104.05,12.57,1,Dakshina Kannada,Karnataka
2016-09-16,11.37,33.60000000000001,49.07,104.43,12.57,1,Dakshina Kannada,Karnataka
2016-09-17,7.01,30.950000000000003,55.669999999999995,96.83000000000001,12.57,1,Dakshina Kannada,Karnataka
2016-09-18,10.68,29.060000000000002,64.12,92.69,11.37,1,Dakshina Kannada,Karnataka
2016-09-19,6.15,23.840000000000007,67.17,91.47,10.68,1,Dakshina Kannada,Karnataka
2016-09-20,6.87,23.700000000000006,64.31,94.47999999999999,10.68,1,Dakshina Kannada,Karnataka
2016-09-21,19.58,32.60000000000001,74.22999999999999,107.13,19.58,1,Dakshina Kannada,Karnataka
2016-09-22,7.47,33.92000000000001,69.13,110.67999999999999,19.58,1,Dakshina Kannada,Karnataka
2016-09-23,17.81,44.86000000000001,75.57,125.5,19.58,1,Dakshina Kannada,Karnataka
2016-09-24,27.51,52.790000000000006,96.07,152.15,27.51,1,Dakshina Kannada,Karnataka
2016-09-25,9.24,54.56000000000001,94.63,160.98000000000002,27.51,1,Dakshina Kannada,Karnataka
2016-09-26,16.27,53.02000000000002,104.75,175.01999999999998,27.51,1,Dakshina Kannada,Karnataka
2016-09-27,9.19,34.70000000000001,107.07000000000001,181.10999999999999,16.27,1,Dakshina Kannada,Karnataka
2016-09-28,12.77,38.23000000000001,100.26,184.15,16.27,1,Dakshina Kannada,Karnataka
2016-09-29,5.15,27.110000000000014,97.94,179.64000000000001,12.77,1,Dakshina Kannada,Karnataka
2016-09-30,1.83,19.750000000000014,81.96000000000001,168.89999999999998,12.77,1,Dakshina Kannada,Karnataka
2016-10-01,1.41,8.390000000000015,55.86,158.94,5.15,0,Dakshina Kannada,Karnataka
2016-10-02,0.55,3.7900000000000142,47.169999999999995,152.48,1.83,0,Dakshina Kannada,Karnataka
2016-10-03,0.03,1.9900000000000142,30.93,141.83,1.41,0,Dakshina Kannada,Karnataka
2016-10-04,0.3,0.8800000000000142,22.040000000000003,135.98000000000002,0.55,0,Dakshina Kannada,Karnataka
2016-10-05,0.65,0.9800000000000142,9.92,129.76,0.65,0,Dakshina Kannada,Karnataka
2016-10-06,0.18,1.130000000000014,4.95,110.36,0.65,0,Dakshina Kannada,Karnataka
2016-10-07,1.36,2.190000000000014,4.48,104.25,1.36,0,Dakshina Kannada,Karnataka
2016-10-08,1.85,3.390000000000015,4.92,88.29,1.85,0,Dakshina Kannada,Karnataka
2016-10-09,6.08,9.290000000000015,10.45,66.86,6.08,0,Dakshina Kannada,Karnataka
2016-10-10,8.37,16.300000000000015,18.79,65.99000000000001,8.37,0,Dakshina Kannada,Karnataka
2016-10-11,20.51,34.960000000000015,39.0,70.23,20.51,0,Dakshina Kannada,Karnataka
2016-10-12,10.62,39.500000000000014,48.970000000000006,71.66,20.51,0,Dakshina Kannada,Karnataka
2016-10-13,6.75,37.88000000000002,55.540000000000006,65.64,20.51,0,Dakshina Kannada,Karnataka
2016-10-14,15.12,32.49000000000001,69.30000000000001,75.61,15.12,0,Dakshina Kannada,Karnataka
2016-10-15,1.0,22.870000000000015,68.44999999999999,74.78,15.12,0,Dakshina Kannada,Karnataka
2016-10-16,0.0,16.12000000000001,62.370000000000005,73.37,15.12,0,Dakshina Kannada,Karnataka
2016-10-17,0.0,1.0000000000000142,54.0,72.82,1.0,0,Dakshina Kannada,Karnataka
2016-10-18,0.0,0.0,33.49,72.79,0.0,0,Dakshina Kannada,Karnataka
2016-10-19,0.01,0.010000000000014211,22.880000000000006,72.5,0.01,0,Dakshina Kannada,Karnataka
2016-10-20,0.02,0.03000000000001421,16.150000000000002,71.87,0.02,0,Dakshina Kannada,Karnataka
2016-10-21,0.05,0.08000000000001421,1.0800000000000036,71.74,0.05,0,Dakshina Kannada,Karnataka
2016-10-22,0.06,0.13000000000001422,0.14000000000000357,70.44,0.06,0,Dakshina Kannada,Karnataka
2016-10-23,0.08,0.1900000000000142,0.22000000000000355,68.67,0.08,0,Dakshina Kannada,Karnataka
2016-10-24,0.07,0.21000000000001423,0.2900000000000036,62.66,0.08,0,Dakshina Kannada,Karnataka
2016-10-25,0.09,0.24000000000001423,0.38000000000000356,54.38,0.09,0,Dakshina Kannada,Karnataka
2016-10-26,0.03,0.1900000000000142,0.4000000000000036,33.9,0.09,0,Dakshina Kannada,Karnataka
2016-10-27,0.01,0.13000000000001422,0.3900000000000035,23.29,0.09,0,Dakshina Kannada,Karnataka
2016-10-28,0.04,0.08000000000001421,0.38000000000000356,16.58,0.04,0,Dakshina Kannada,Karnataka
2016-10-29,0.01,0.060000000000014216,0.33000000000000357,1.47,0.04,0,Dakshina Kannada,Karnataka
2016-10-30,0.15,0.20000000000001422,0.4000000000000035,0.62,0.15,0,Dakshina Kannada,Karnataka
2016-10-31,1.19,1.350000000000014,1.5200000000000036,1.81,1.19,0,Dakshina Kannada,Karnataka
2016-11-01,4.61,5.950000000000014,6.0400000000000045,6.42,4.61,0,Dakshina Kannada,Karnataka
2016-11-02,1.49,7.290000000000014,7.5000000000000036,7.910000000000001,4.61,0,Dakshina Kannada,Karnataka
2016-11-03,0.59,6.690000000000015,8.080000000000004,8.49,4.61,0,Dakshina Kannada,Karnataka
2016-11-04,0.47,2.550000000000014,8.510000000000003,8.940000000000001,1.49,0,Dakshina Kannada,Karnataka
2016-11-05,0.01,1.070000000000014,8.510000000000003,8.9,0.59,0,Dakshina Kannada,Karnataka
2016-11-06,0.0,0.4800000000000142,8.360000000000005,8.84,0.47,0,Dakshina Kannada,Karnataka
2016-11-07,0.0,0.010000000000014211,7.170000000000003,8.76,0.01,0,Dakshina Kannada,Karnataka
2016-11-08,0.0,0.0,2.5600000000000036,8.690000000000001,0.0,0,Dakshina Kannada,Karnataka
2016-11-09,0.02,0.02000000000001421,1.0900000000000034,8.62,0.02,0,Dakshina Kannada,Karnataka
2016-11-10,0.01,0.03000000000001421,0.5100000000000036,8.600000000000001,0.02,0,Dakshina Kannada,Karnataka
2016-11-11,0.0,0.03000000000001421,0.040000000000003554,8.590000000000002,0.02,0,Dakshina Kannada,Karnataka
2016-11-12,0.0,0.010000000000014211,0.03000000000000355,8.55,0.01,0,Dakshina Kannada,Karnataka
2016-11-13,0.94,0.9400000000000142,0.9700000000000035,9.48,0.94,0,Dakshina Kannada,Karnataka
2016-11-14,1.16,2.100000000000014,2.1300000000000034,10.490000000000002,1.16,0,Dakshina Kannada,Karnataka
2016-11-15,2.01,4.110000000000014,4.140000000000003,11.31,2.01,0,Dakshina Kannada,Karnataka
2016-11-16,0.86,4.030000000000014,4.980000000000004,7.5600000000000005,2.01,0,Dakshina Kannada,Karnataka
2016-11-17,0.4,3.270000000000014,5.370000000000003,6.470000000000001,2.01,0,Dakshina Kannada,Karnataka
2016-11-18,0.18,1.4400000000000137,5.550000000000003,6.0600000000000005,0.86,0,Dakshina Kannada,Karnataka
2016-11-19,0.0,0.5800000000000138,5.550000000000003,5.590000000000001,0.4,0,Dakshina Kannada,Karnataka
2016-11-20,0.06,0.24000000000001376,4.6700000000000035,5.640000000000001,0.18,0,Dakshina Kannada,Karnataka
2016-11-21,0.0,0.060000000000013765,3.5100000000000033,5.640000000000001,0.06,0,Dakshina Kannada,Karnataka
2016-11-22,0.0,0.060000000000013765,1.5000000000000036,5.640000000000001,0.06,0,Dakshina Kannada,Karnataka
2016-11-23,0.0,0.0,0.6400000000000036,5.640000000000001,0.0,0,Dakshina Kannada,Karnataka
2016-11-24,0.0,0.0,0.24000000000000354,5.620000000000001,0.0,0,Dakshina Kannada,Karnataka
2016-11-25,0.01,0.010000000000013767,0.07000000000000355,5.620000000000001,0.01,0,Dakshina Kannada,Karnataka
2016-11-26,0.01,0.020000000000013767,0.08000000000000355,5.630000000000001,0.01,0,Dakshina Kannada,Karnataka
2016-11-27,0.0,0.020000000000013767,0.020000000000003553,5.630000000000001,0.01,0,Dakshina Kannada,Karnataka
2016-11-28,0.0,0.010000000000013767,0.020000000000003553,4.69,0.01,0,Dakshina Kannada,Karnataka
2016-11-29,0.02,0.020000000000013767,0.040000000000003554,3.5500000000000007,0.02,0,Dakshina Kannada,Karnataka
2016-11-30,0.0,0.020000000000013767,0.040000000000003554,1.540000000000001,0.02,0,Dakshina Kannada,Karnataka
2016-12-01,0.01,0.030000000000013766,0.050000000000003555,0.690000000000001,0.02,0,Dakshina Kannada,Karnataka
2016-12-02,1.08,1.0900000000000138,1.1200000000000037,1.370000000000001,1.08,0,Dakshina Kannada,Karnataka
2016-12-03,2.0,3.090000000000014,3.110000000000004,3.1900000000000013,2.0,0,Dakshina Kannada,Karnataka
2016-12-04,1.03,4.1100000000000145,4.140000000000004,4.2200000000000015,2.0,0,Dakshina Kannada,Karnataka
2016-12-05,0.54,3.5700000000000145,4.680000000000004,4.700000000000002,2.0,0,Dakshina Kannada,Karnataka
2016-12-06,0.13,1.7000000000000144,4.7900000000000045,4.830000000000001,1.03,0,Dakshina Kannada,Karnataka
2016-12-07,0.0,0.6700000000000143,4.7900000000000045,4.830000000000002,0.54,0,Dakshina Kannada,Karnataka
2016-12-08,0.0,0.13000000000001422,4.780000000000004,4.830000000000002,0.13,0,Dakshina Kannada,Karnataka
2016-12-09,0.0,0.0,3.7000000000000037,4.830000000000002,0.0,0,Dakshina Kannada,Karnataka
2016-12-10,0.0,0.0,1.7000000000000037,4.820000000000001,0.0,0,Dakshina Kannada,Karnataka
2016-12-11,0.0,0.0,0.6700000000000038,4.810000000000001,0.0,0,Dakshina Kannada,Karnataka
2016-12-12,0.67,0.6700000000000143,0.8000000000000038,5.480000000000001,0.67,0,Dakshina Kannada,Karnataka
2016-12-13,6.96,7.630000000000014,7.6300000000000034,12.440000000000001,6.96,0,Dakshina Kannada,Karnataka
2016-12-14,4.49,12.120000000000015,12.120000000000005,16.910000000000004,6.96,0,Dakshina Kannada,Karnataka
2016-12-15,0.53,11.980000000000015,12.650000000000004,17.44,6.96,0,Dakshina Kannada,Karnataka
2016-12-16,0.03,5.050000000000014,12.680000000000003,17.46,4.49,0,Dakshina Kannada,Karnataka
2016-12-17,0.06,0.6200000000000142,12.740000000000004,16.44,0.53,0,Dakshina Kannada,Karnataka
2016-12-18,0.01,0.1000000000000142,12.750000000000004,14.450000000000003,0.06,0,Dakshina Kannada,Karnataka
2016-12-19,0.0,0.0700000000000142,12.080000000000004,13.420000000000002,0.06,0,Dakshina Kannada,Karnataka
2016-12-20,0.0,0.010000000000014211,5.120000000000004,12.880000000000003,0.01,0,Dakshina Kannada,Karnataka
2016-12-21,0.0,0.0,0.6300000000000036,12.750000000000002,0.0,0,Dakshina Kannada,Karnataka
2016-12-22,0.0,0.0,0.10000000000000354,12.750000000000002,0.0,0,Dakshina Kannada,Karnataka
2016-12-23,0.0,0.0,0.07000000000000355,12.750000000000002,0.0,0,Dakshina Kannada,Karnataka
2016-12-24,0.0,0.0,0.010000000000003553,12.750000000000002,0.0,0,Dakshina Kannada,Karnataka
2016-12-25,0.0,0.0,0.0,12.750000000000002,0.0,0,Dakshina Kannada,Karnataka
2016-12-26,0.0,0.0,0.0,12.750000000000002,0.0,0,Dakshina Kannada,Karnataka
2016-12-27,0.0,0.0,0.0,12.080000000000002,0.0,0,Dakshina Kannada,Karnataka
2016-12-28,0.0,0.0,0.0,5.120000000000001,0.0,0,Dakshina Kannada,Karnataka
2016-12-29,0.0,0.0,0.0,0.6300000000000009,0.0,0,Dakshina Kannada,Karnataka
2016-12-30,0.0,0.0,0.0,0.10000000000000088,0.0,0,Dakshina Kannada,Karnataka
2016-12-31,0.0,0.0,0.0,0.07000000000000088,0.0,0,Dakshina Kannada,Karnataka
2017-01-01,0.0,0.0,0.0,0.010000000000000888,0.0,0,Dakshina Kannada,Karnataka
2017-01-02,0.0,0.0,0.0,0.0,0.0,0,Dakshina Kannada,Karnataka
2017-01-03,0.0,0.0,0.0,0.0,0.0,0,Dakshina Kannada,Karnataka
2017-01-04,0.0,0.0,0.0,0.0,0.0,0,Dakshina Kannada,Karnataka
2017-01-05,0.0,0.0,0.0,0.0,0.0,0,Dakshina Kannada,Karnataka
2017-01-06,0.0,0.0,0.0,0.0,0.0,0,Dakshina Kannada,Karnataka
2017-01-07,0.0,0.0,0.0,0.0,0.0,0,Dakshina Kannada,Karnataka
2017-01-08,0.0,0.0,0.0,0.0,0.0,0,Dakshina Kannada,Karnataka
2017-01-09,0.0,0.0,0.0,0.0,0.0,0,Dakshina Kannada,Karnataka
2017-01-10,0.0,0.0,0.0,0.0,0.0,0,Dakshina Kannada,Karnataka
2017-01-11,0.0,0.0,0.0,0.0,0.0,0,Dakshina Kannada,Karnataka
2017-01-12,0.0,0.0,0.0,0.0,0.0,0,Dakshina Kannada,Karnataka
2017-01-13,0.0,0.0,0.0,0.0,0.0,0,Dakshina Kannada,Karnataka
2017-01-14,0.0,0.0,0.0,0.0,0.0,0,Dakshina Kannada,Karnataka
2017-01-15,0.0,0.0,0.0,0.0,0.0,0,Dakshina Kannada,Karnataka
2017-01-16,0.0,0.0,0.0,0.0,0.0,0,Dakshina Kannada,Karnataka
2017-01-17,0.0,0.0,0.0,0.0,0.0,0,Dakshina Kannada,Karnataka
2017-01-18,0.0,0.0,0.0,0.0,0.0,0,Dakshina Kannada,Karnataka
2017-01-19,0.0,0.0,0.0,0.0,0.0,0,Dakshina Kannada,Karnataka
2017-01-20,0.0,0.0,0.0,0.0,0.0,0,Dakshina Kannada,Karnataka
2017-01-21,0.01,0.010000000000014211,0.010000000000003553,0.010000000000000888,0.01,0,Dakshina Kannada,Karnataka
2017-01-22,0.02,0.03000000000001421,0.03000000000000355,0.030000000000000887,0.02,0,Dakshina Kannada,Karnataka
2017-01-23,0.0,0.030000000000014213,0.030000000000003555,0.03000000000000089,0.02,0,Dakshina Kannada,Karnataka
2017-01-24,0.0,0.020000000000014215,0.030000000000003555,0.03000000000000089,0.02,0,Dakshina Kannada,Karnataka
2017-01-25,0.0,0.0,0.030000000000003555,0.03000000000000089,0.0,0,Dakshina Kannada,Karnataka
2017-01-26,0.07,0.07000000000001422,0.10000000000000356,0.1000000000000009,0.07,0,Dakshina Kannada,Karnataka
2017-01-27,0.16,0.23000000000001422,0.26000000000000356,0.2600000000000009,0.16,0,Dakshina Kannada,Karnataka
2017-01-28,2.47,2.7000000000000144,2.7200000000000037,2.7300000000000013,2.47,0,Dakshina Kannada,Karnataka
2017-01-29,0.14,2.7700000000000147,2.840000000000004,2.870000000000001,2.47,0,Dakshina Kannada,Karnataka
2017-01-30,0.06,2.6700000000000146,2.900000000000004,2.930000000000001,2.47,0,Dakshina Kannada,Karnataka
2017-01-31,0.04,0.24000000000001423,2.940000000000004,2.970000000000001,0.14,0,Dakshina Kannada,Karnataka
2017-02-01,0.0,0.10000000000001422,2.940000000000004,2.970000000000001,0.06,0,Dakshina Kannada,Karnataka
2017-02-02,0.0,0.04000000000001421,2.870000000000004,2.970000000000001,0.04,0,Dakshina Kannada,Karnataka
2017-02-03,0.0,0.0,2.710000000000004,2.970000000000001,0.0,0,Dakshina Kannada,Karnataka
2017-02-04,0.0,0.0,0.24000000000000357,2.970000000000001,0.0,0,Dakshina Kannada,Karnataka
2017-02-05,0.0,0.0,0.10000000000000356,2.9600000000000013,0.0,0,Dakshina Kannada,Karnataka
2017-02-06,0.01,0.010000000000014211,0.050000000000003555,2.950000000000001,0.01,0,Dakshina Kannada,Karnataka
2017-02-07,0.0,0.010000000000014211,0.010000000000003553,2.950000000000001,0.01,0,Dakshina Kannada,Karnataka
2017-02-08,0.0,0.010000000000014211,0.010000000000003553,2.950000000000001,0.01,0,Dakshina Kannada,Karnataka
2017-02-09,0.0,0.0,0.010000000000003553,2.950000000000001,0.0,0,Dakshina Kannada,Karnataka
2017-02-10,0.0,0.0,0.010000000000003553,2.880000000000001,0.0,0,Dakshina Kannada,Karnataka
2017-02-11,0.0,0.0,0.010000000000003553,2.7200000000000006,0.0,0,Dakshina Kannada,Karnataka
2017-02-12,0.0,0.0,0.010000000000003553,0.2500000000000009,0.0,0,Dakshina Kannada,Karnataka
2017-02-13,0.0,0.0,0.0,0.11000000000000089,0.0,0,Dakshina Kannada,Karnataka
2017-02-14,0.0,0.0,0.0,0.05000000000000089,0.0,0,Dakshina Kannada,Karnataka
2017-02-15,0.0,0.0,0.0,0.010000000000000888,0.0,0,Dakshina Kannada,Karnataka
2017-02-16,0.0,0.0,0.0,0.010000000000000888,0.0,0,Dakshina Kannada,Karnataka
2017-02-17,0.0,0.0,0.0,0.010000000000000888,0.0,0,Dakshina Kannada,Karnataka
2017-02-18,0.0,0.0,0.0,0.010000000000000888,0.0,0,Dakshina Kannada,Karnataka
2017-02-19,0.0,0.0,0.0,0.010000000000000888,0.0,0,Dakshina Kannada,Karnataka
2017-02-20,0.02,0.02000000000001421,0.020000000000003553,0.030000000000000887,0.02,0,Dakshina Kannada,Karnataka
2017-02-21,0.05,0.07000000000001422,0.07000000000000356,0.0700000000000009,0.05,0,Dakshina Kannada,Karnataka
2017-02-22,0.0,0.07000000000001422,0.07000000000000356,0.0700000000000009,0.05,0,Dakshina Kannada,Karnataka
2017-02-23,0.0,0.050000000000014214,0.07000000000000356,0.0700000000000009,0.05,0,Dakshina Kannada,Karnataka
2017-02-24,0.02,0.02000000000001421,0.09000000000000356,0.09000000000000088,0.02,0,Dakshina Kannada,Karnataka
2017-02-25,0.08,0.10000000000001422,0.17000000000000356,0.17000000000000087,0.08,0,Dakshina Kannada,Karnataka
2017-02-26,0.06,0.16000000000001421,0.23000000000000356,0.23000000000000087,0.08,0,Dakshina Kannada,Karnataka
2017-02-27,0.03,0.17000000000001422,0.24000000000000357,0.2600000000000009,0.08,0,Dakshina Kannada,Karnataka
2017-02-28,0.01,0.1000000000000142,0.20000000000000356,0.2700000000000009,0.06,0,Dakshina Kannada,Karnataka
2017-03-01,0.0,0.04000000000001421,0.20000000000000356,0.2700000000000009,0.03,0,Dakshina Kannada,Karnataka
2017-03-02,0.0,0.010000000000014211,0.20000000000000356,0.2700000000000009,0.01,0,Dakshina Kannada,Karnataka
2017-03-03,0.03,0.03000000000001421,0.21000000000000357,0.3000000000000009,0.03,0,Dakshina Kannada,Karnataka
2017-03-04,0.16,0.1900000000000142,0.2900000000000036,0.46000000000000085,0.16,0,Dakshina Kannada,Karnataka
2017-03-05,0.11,0.3000000000000142,0.3400000000000036,0.5700000000000008,0.16,0,Dakshina Kannada,Karnataka
2017-03-06,0.01,0.28000000000001424,0.3200000000000036,0.5800000000000008,0.16,0,Dakshina Kannada,Karnataka
2017-03-07,0.06,0.1800000000000142,0.3700000000000036,0.6200000000000009,0.11,0,Dakshina Kannada,Karnataka
2017-03-08,0.01,0.08000000000001421,0.38000000000000356,0.580000000000001,0.06,0,Dakshina Kannada,Karnataka
2017-03-09,0.0,0.07000000000001422,0.38000000000000356,0.580000000000001,0.06,0,Dakshina Kannada,Karnataka
2017-03-10,0.0,0.010000000000014211,0.35000000000000353,0.580000000000001,0.01,0,Dakshina Kannada,Karnataka
2017-03-11,0.0,0.0,0.19000000000000355,0.5600000000000009,0.0,0,Dakshina Kannada,Karnataka
2017-03-12,0.0,0.0,0.08000000000000355,0.48000000000000087,0.0,0,Dakshina Kannada,Karnataka
2017-03-13,0.0,0.0,0.07000000000000356,0.4200000000000009,0.0,0,Dakshina Kannada,Karnataka
2017-03-14,0.3,0.3000000000000142,0.31000000000000355,0.6900000000000008,0.3,0,Dakshina Kannada,Karnataka
2017-03-15,1.97,2.2700000000000142,2.2700000000000036,2.650000000000001,1.97,0,Dakshina Kannada,Karnataka
2017-03-16,2.72,4.990000000000014,4.990000000000004,5.370000000000001,2.72,0,Dakshina Kannada,Karnataka
2017-03-17,0.01,4.700000000000014,5.0000000000000036,5.380000000000001,2.72,0,Dakshina Kannada,Karnataka
2017-03-18,0.0,2.730000000000014,5.0000000000000036,5.3500000000000005,2.72,0,Dakshina Kannada,Karnataka
2017-03-19,0.0,0.010000000000014211,5.0000000000000036,5.19,0.01,0,Dakshina Kannada,Karnataka
2017-03-20,0.04,0.04000000000001421,5.040000000000004,5.120000000000001,0.04,0,Dakshina Kannada,Karnataka
2017-03-21,0.87,0.9100000000000142,5.610000000000004,5.980000000000001,0.87,0,Dakshina Kannada,Karnataka
2017-03-22,0.73,1.6400000000000143,4.370000000000004,6.650000000000001,0.87,0,Dakshina Kannada,Karnataka
2017-03-23,0.0,1.6000000000000143,1.6500000000000035,6.6400000000000015,0.87,0,Dakshina Kannada,Karnataka
2017-03-24,0.0,0.7300000000000142,1.6400000000000037,6.6400000000000015,0.73,0,Dakshina Kannada,Karnataka
2017-03-25,0.0,0.0,1.6400000000000037,6.6400000000000015,0.0,0,Dakshina Kannada,Karnataka
2017-03-26,0.0,0.0,1.6400000000000037,6.6400000000000015,0.0,0,Dakshina Kannada,Karnataka
2017-03-27,0.0,0.0,1.6000000000000036,6.6400000000000015,0.0,0,Dakshina Kannada,Karnataka
2017-03-28,0.04,0.04000000000001421,0.7700000000000036,6.6800000000000015,0.04,0,Dakshina Kannada,Karnataka
2017-03-29,0.0,0.04000000000001421,0.040000000000003554,6.380000000000002,0.04,0,Dakshina Kannada,Karnataka
2017-03-30,0.01,0.050000000000014214,0.050000000000003555,4.420000000000002,0.04,0,Dakshina Kannada,Karnataka
2017-03-31,0.01,0.02000000000001421,0.06000000000000355,1.7100000000000009,0.01,0,Dakshina Kannada,Karnataka
2017-04-01,0.08,0.10000000000001422,0.14000000000000357,1.780000000000001,0.08,0,Dakshina Kannada,Karnataka
2017-04-02,0.24,0.3300000000000142,0.38000000000000356,2.020000000000001,0.24,0,Dakshina Kannada,Karnataka
2017-04-03,0.16,0.4800000000000142,0.5400000000000036,2.180000000000001,0.24,0,Dakshina Kannada,Karnataka
2017-04-04,2.18,2.5800000000000143,2.6800000000000037,4.320000000000001,2.18,0,Dakshina Kannada,Karnataka
2017-04-05,0.27,2.610000000000014,2.9500000000000037,3.720000000000001,2.18,0,Dakshina Kannada,Karnataka
2017-04-06,1.59,4.040000000000014,4.530000000000004,4.580000000000001,2.18,0,Dakshina Kannada,Karnataka
2017-04-07,1.74,3.6000000000000143,6.260000000000004,6.320000000000001,1.74,0,Dakshina Kannada,Karnataka
2017-04-08,0.12,3.4500000000000144,6.300000000000004,6.440000000000001,1.74,0,Dakshina Kannada,Karnataka
2017-04-09,0.49,2.3500000000000143,6.550000000000004,6.9300000000000015,1.74,0,Dakshina Kannada,Karnataka
2017-04-10,0.7,1.3100000000000143,7.090000000000003,7.630000000000001,0.7,0,Dakshina Kannada,Karnataka
2017-04-11,0.62,1.810000000000014,5.530000000000004,8.250000000000002,0.7,0,Dakshina Kannada,Karnataka
2017-04-12,0.06,1.380000000000014,5.320000000000004,8.270000000000001,0.7,0,Dakshina Kannada,Karnataka
2017-04-13,0.11,0.7900000000000142,3.840000000000004,8.380000000000003,0.62,0,Dakshina Kannada,Karnataka
2017-04-14,0.09,0.2600000000000142,2.1900000000000035,8.46,0.11,0,Dakshina Kannada,Karnataka
2017-04-15,0.05,0.2500000000000142,2.120000000000003,8.5,0.11,0,Dakshina Kannada,Karnataka
2017-04-16,0.07,0.21000000000001423,1.7000000000000037,8.49,0.09,0,Dakshina Kannada,Karnataka
2017-04-17,0.14,0.2600000000000142,1.1400000000000035,8.39,0.14,0,Dakshina Kannada,Karnataka
2017-04-18,0.49,0.7000000000000142,1.0100000000000036,8.720000000000002,0.49,0,Dakshina Kannada,Karnataka
2017-04-19,0.18,0.8100000000000142,1.1300000000000034,6.720000000000001,0.49,0,Dakshina Kannada,Karnataka
2017-04-20,1.16,1.830000000000014,2.1800000000000033,7.610000000000001,1.16,0,Dakshina Kannada,Karnataka
2017-04-21,1.12,2.460000000000014,3.2100000000000035,7.140000000000001,1.16,0,Dakshina Kannada,Karnataka
2017-04-22,1.28,3.5600000000000147,4.440000000000003,6.680000000000001,1.28,0,Dakshina Kannada,Karnataka
2017-04-23,0.04,2.440000000000014,4.410000000000003,6.6000000000000005,1.28,0,Dakshina Kannada,Karnataka
2017-04-24,0.21,1.5300000000000142,4.480000000000004,6.32,1.28,0,Dakshina Kannada,Karnataka
2017-04-25,0.24,0.4900000000000142,4.230000000000003,5.860000000000001,0.24,0,Dakshina Kannada,Karnataka
2017-04-26,0.1,0.5500000000000143,4.150000000000004,5.340000000000001,0.24,0,Dakshina Kannada,Karnataka
2017-04-27,2.51,2.850000000000014,5.5000000000000036,7.790000000000001,2.51,0,Dakshina Kannada,Karnataka
2017-04-28,1.93,4.540000000000013,6.310000000000003,9.610000000000001,2.51,0,Dakshina Kannada,Karnataka
2017-04-29,0.74,5.180000000000014,5.770000000000003,10.260000000000002,2.51,0,Dakshina Kannada,Karnataka
2017-04-30,0.51,3.180000000000014,6.240000000000004,10.72,1.93,0,Dakshina Kannada,Karnataka
2017-05-01,2.92,4.170000000000014,8.950000000000003,13.57,2.92,0,Dakshina Kannada,Karnataka
2017-05-02,3.66,7.090000000000014,12.370000000000003,17.090000000000003,3.66,0,Dakshina Kannada,Karnataka
2017-05-03,2.24,8.820000000000014,14.510000000000003,18.84,3.66,0,Dakshina Kannada,Karnataka
2017-05-04,1.09,6.990000000000014,13.090000000000003,19.75,3.66,0,Dakshina Kannada,Karnataka
2017-05-05,1.15,4.480000000000015,12.310000000000004,19.74,2.24,0,Dakshina Kannada,Karnataka
2017-05-06,3.29,5.5300000000000145,14.860000000000003,21.910000000000004,3.29,0,Dakshina Kannada,Karnataka
2017-05-07,10.88,15.320000000000014,25.230000000000004,31.51,10.88,0,Dakshina Kannada,Karnataka
2017-05-08,2.4,16.570000000000014,24.710000000000004,33.870000000000005,10.88,0,Dakshina Kannada,Karnataka
2017-05-09,0.61,13.890000000000017,21.660000000000004,34.27,10.88,0,Dakshina Kannada,Karnataka
2017-05-10,1.23,4.240000000000014,20.650000000000006,35.26,2.4,0,Dakshina Kannada,Karnataka
2017-05-11,4.21,6.050000000000013,23.770000000000003,39.37,4.21,0,Dakshina Kannada,Karnataka
2017-05-12,1.11,6.550000000000013,23.730000000000008,37.97,4.21,0,Dakshina Kannada,Karnataka
2017-05-13,1.95,7.270000000000014,22.390000000000004,37.99,4.21,0,Dakshina Kannada,Karnataka
2017-05-14,0.93,3.9900000000000135,12.440000000000005,38.18,1.95,0,Dakshina Kannada,Karnataka
2017-05-15,1.33,4.210000000000013,11.370000000000005,39.0,1.95,0,Dakshina Kannada,Karnataka
2017-05-16,0.92,3.1800000000000135,11.680000000000005,37.0,1.33,0,Dakshina Kannada,Karnataka
2017-05-17,1.1,3.3500000000000134,11.550000000000004,34.440000000000005,1.33,0,Dakshina Kannada,Karnataka
2017-05-18,9.59,11.610000000000014,16.930000000000007,41.79,9.59,0,Dakshina Kannada,Karnataka
2017-05-19,6.41,17.100000000000016,22.230000000000004,47.11,9.59,0,Dakshina Kannada,Karnataka
2017-05-20,1.92,17.920000000000012,22.200000000000006,47.879999999999995,9.59,0,Dakshina Kannada,Karnataka
2017-05-21,2.39,10.720000000000015,23.660000000000007,46.98,6.41,0,Dakshina Kannada,Karnataka
2017-05-22,1.52,5.830000000000014,23.850000000000005,37.62,2.39,0,Dakshina Kannada,Karnataka
2017-05-23,2.07,5.980000000000015,25.000000000000004,37.29,2.39,0,Dakshina Kannada,Karnataka
2017-05-24,4.53,8.120000000000013,28.430000000000007,41.209999999999994,4.53,0,Dakshina Kannada,Karnataka
2017-05-25,0.91,7.510000000000014,19.750000000000004,40.89,4.53,0,Dakshina Kannada,Karnataka
2017-05-26,2.79,8.230000000000015,16.130000000000006,39.47,4.53,0,Dakshina Kannada,Karnataka
2017-05-27,3.38,7.080000000000013,17.590000000000003,41.74,3.38,0,Dakshina Kannada,Karnataka
2017-05-28,1.61,7.780000000000014,16.810000000000006,41.4,3.38,0,Dakshina Kannada,Karnataka
2017-05-29,11.55,16.540000000000013,26.840000000000003,52.019999999999996,11.55,0,Dakshina Kannada,Karnataka
2017-05-30,15.21,28.370000000000015,39.980000000000004,65.9,15.21,0,Dakshina Kannada,Karnataka
2017-05-31,15.73,42.490000000000016,51.18000000000001,80.71,15.73,0,Dakshina Kannada,Karnataka
2017-06-01,10.33,41.27000000000001,60.60000000000001,89.94,15.73,1,Dakshina Kannada,Karnataka
2017-06-02,10.11,36.17000000000001,67.92000000000002,90.46000000000001,15.73,1,Dakshina Kannada,Karnataka
2017-06-03,14.16,34.600000000000016,78.70000000000002,98.21000000000001,14.16,1,Dakshina Kannada,Karnataka
2017-06-04,5.58,29.850000000000012,82.67,101.87,14.16,1,Dakshina Kannada,Karnataka
2017-06-05,18.93,38.670000000000016,90.05000000000001,118.41,18.93,1,Dakshina Kannada,Karnataka
2017-06-06,18.57,43.08000000000001,93.41000000000001,135.46,18.93,1,Dakshina Kannada,Karnataka
2017-06-07,25.2,62.70000000000002,102.88000000000001,158.59,25.2,1,Dakshina Kannada,Karnataka
2017-06-08,14.47,58.240000000000016,107.02000000000001,168.53,25.2,1,Dakshina Kannada,Karnataka
2017-06-09,35.37,75.04000000000002,132.28,202.99,35.37,1,Dakshina Kannada,Karnataka
2017-06-10,61.73,111.57000000000001,179.85000000000002,261.93,61.73,1,Dakshina Kannada,Karnataka
2017-06-11,71.81,168.91000000000003,246.07999999999998,330.36,71.81,1,Dakshina Kannada,Karnataka
2017-06-12,36.45,169.99,263.6,365.2,71.81,1,Dakshina Kannada,Karnataka
2017-06-13,26.66,134.92000000000002,271.69,380.31,71.81,1,Dakshina Kannada,Karnataka
2017-06-14,12.34,75.45000000000002,258.83000000000004,377.44,36.45,1,Dakshina Kannada,Karnataka
2017-06-15,15.22,54.22000000000001,259.58000000000004,376.93,26.66,1,Dakshina Kannada,Karnataka
2017-06-16,40.46,68.02000000000001,264.67,407.06,40.46,1,Dakshina Kannada,Karnataka
2017-06-17,8.99,64.67000000000002,211.93,405.94,40.46,1,Dakshina Kannada,Karnataka
2017-06-18,10.44,59.890000000000015,150.56,402.22,40.46,1,Dakshina Kannada,Karnataka
2017-06-19,10.99,30.420000000000016,125.10000000000001,407.63000000000005,10.99,1,Dakshina Kannada,Karnataka
2017-06-20,11.98,33.41000000000001,110.42000000000002,400.68,11.98,1,Dakshina Kannada,Karnataka
2017-06-21,11.51,34.48000000000002,109.59000000000002,393.62,11.98,1,Dakshina Kannada,Karnataka
2017-06-22,7.17,30.66000000000001,101.54000000000002,375.59,11.98,1,Dakshina Kannada,Karnataka
2017-06-23,15.08,33.76000000000002,76.16000000000001,376.2,15.08,1,Dakshina Kannada,Karnataka
2017-06-24,41.96,64.21000000000001,109.13000000000002,382.79,41.96,1,Dakshina Kannada,Karnataka
2017-06-25,55.83,112.87,154.52000000000004,376.89,55.83,1,Dakshina Kannada,Karnataka
2017-06-26,37.32,135.11,180.85000000000002,342.4,55.83,1,Dakshina Kannada,Karnataka
2017-06-27,17.09,110.24,185.96000000000004,323.04,55.83,1,Dakshina Kannada,Karnataka
2017-06-28,30.91,85.32000000000001,205.36,327.28999999999996,37.32,1,Dakshina Kannada,Karnataka
2017-06-29,19.16,67.16000000000001,217.35000000000002,334.11,30.91,1,Dakshina Kannada,Karnataka
2017-06-30,28.98,79.05000000000001,231.25,347.86999999999995,30.91,1,Dakshina Kannada,Karnataka
2017-07-01,20.28,68.42000000000002,209.57000000000002,327.69,28.98,1,Dakshina Kannada,Karnataka
2017-07-02,23.86,73.12,177.60000000000002,342.56,28.98,1,Dakshina Kannada,Karnataka
2017-07-03,79.19,123.33,219.47000000000003,411.30999999999995,79.19,1,Dakshina Kannada,Karnataka
2017-07-04,19.76,122.81,222.14000000000001,420.08,79.19,1,Dakshina Kannada,Karnataka
2017-07-05,22.61,121.56,213.84000000000003,430.71,79.19,1,Dakshina Kannada,Karnataka
2017-07-06,12.86,55.230000000000004,207.54000000000002,432.06,22.61,1,Dakshina Kannada,Karnataka
2017-07-07,14.4,49.87,192.96,439.29,22.61,1,Dakshina Kannada,Karnataka
2017-07-08,23.06,50.31999999999999,195.74,447.27,23.06,1,Dakshina Kannada,Karnataka
2017-07-09,19.16,56.62,191.04000000000002,424.46999999999997,23.06,1,Dakshina Kannada,Karnataka
2017-07-10,23.79,66.00999999999999,135.64000000000001,392.43,23.79,1,Dakshina Kannada,Karnataka
2017-07-11,16.92,59.87,132.8,372.03,23.79,1,Dakshina Kannada,Karnataka
2017-07-12,10.94,51.64999999999999,121.13000000000002,365.87999999999994,23.79,1,Dakshina Kannada,Karnataka
2017-07-13,31.39,59.25,139.66000000000003,366.36,31.39,1,Dakshina Kannada,Karnataka
2017-07-14,18.44,60.769999999999996,143.70000000000005,365.64,31.39,1,Dakshina Kannada,Karnataka
2017-07-15,27.58,77.41,148.22000000000003,364.24,31.39,1,Dakshina Kannada,Karnataka
2017-07-16,18.53,64.55,147.59000000000003,362.49,27.58,1,Dakshina Kannada,Karnataka
2017-07-17,14.05,60.16,137.85000000000002,352.67999999999995,27.58,1,Dakshina Kannada,Karnataka
2017-07-18,52.05,84.63,172.98000000000002,325.54,52.05,1,Dakshina Kannada,Karnataka
2017-07-19,88.25,154.35,250.29000000000002,394.03,88.25,1,Dakshina Kannada,Karnataka
2017-07-20,50.83,191.13,269.73,422.25,88.25,1,Dakshina Kannada,Karnataka
2017-07-21,26.46,165.54,277.75,435.85,88.25,1,Dakshina Kannada,Karnataka
2017-07-22,10.06,87.35,260.23,431.51,50.83,1,Dakshina Kannada,Karnataka
2017-07-23,7.55,44.07,249.25000000000003,416.0,26.46,1,Dakshina Kannada,Karnataka
2017-07-24,10.41,28.02,245.61,407.25,10.41,1,Dakshina Kannada,Karnataka
2017-07-25,6.74,24.700000000000003,200.30000000000004,390.2,10.41,1,Dakshina Kannada,Karnataka
2017-07-26,4.48,21.630000000000003,116.53000000000003,377.76,10.41,1,Dakshina Kannada,Karnataka
2017-07-27,11.02,22.240000000000002,76.72000000000003,377.84000000000003,11.02,1,Dakshina Kannada,Karnataka
2017-07-28,13.95,29.45,64.21000000000002,360.4,13.95,1,Dakshina Kannada,Karnataka
2017-07-29,10.01,34.98,64.16000000000003,351.96999999999997,13.95,1,Dakshina Kannada,Karnataka
2017-07-30,9.79,33.75,66.40000000000003,334.18,13.95,1,Dakshina Kannada,Karnataka
2017-07-31,18.84,38.64,74.83000000000003,334.48999999999995,18.84,1,Dakshina Kannada,Karnataka
2017-08-01,3.9,32.53,71.99000000000002,324.34000000000003,18.84,1,Dakshina Kannada,Karnataka
2017-08-02,5.23,27.97,72.74000000000004,277.52,18.84,1,Dakshina Kannada,Karnataka
2017-08-03,43.05,52.17999999999999,104.77000000000002,232.32,43.05,1,Dakshina Kannada,Karnataka
2017-08-04,38.72,87.0,129.54000000000002,220.21,43.05,1,Dakshina Kannada,Karnataka
2017-08-05,21.15,102.91999999999999,140.68000000000004,214.9,43.05,1,Dakshina Kannada,Karnataka
2017-08-06,12.74,72.60999999999999,143.63000000000002,217.57999999999998,38.72,1,Dakshina Kannada,Karnataka
2017-08-07,11.46,45.349999999999994,136.25000000000003,221.48999999999998,21.15,1,Dakshina Kannada,Karnataka
2017-08-08,19.85,44.05,152.20000000000002,230.93,19.85,1,Dakshina Kannada,Karnataka
2017-08-09,23.87,55.17999999999999,170.84000000000003,248.05999999999997,23.87,1,Dakshina Kannada,Karnataka
2017-08-10,9.43,53.14999999999999,137.22000000000003,253.01,23.87,1,Dakshina Kannada,Karnataka
2017-08-11,13.72,47.019999999999996,112.22000000000003,255.70999999999998,23.87,1,Dakshina Kannada,Karnataka
2017-08-12,16.15,39.3,107.22000000000003,257.90999999999997,16.15,1,Dakshina Kannada,Karnataka
2017-08-13,2.32,32.18999999999999,96.80000000000003,250.22,16.15,1,Dakshina Kannada,Karnataka
2017-08-14,4.68,23.149999999999995,90.02000000000004,245.11,16.15,1,Dakshina Kannada,Karnataka
2017-08-15,11.98,18.979999999999997,82.15000000000003,238.25,11.98,1,Dakshina Kannada,Karnataka
2017-08-16,10.35,27.009999999999998,68.63000000000002,244.70000000000002,11.98,1,Dakshina Kannada,Karnataka
2017-08-17,17.2,39.529999999999994,76.40000000000003,256.66999999999996,17.2,1,Dakshina Kannada,Karnataka
2017-08-18,26.67,54.22,89.35000000000002,240.29000000000002,26.67,1,Dakshina Kannada,Karnataka
2017-08-19,40.07,83.94,113.27000000000002,241.64000000000001,40.07,1,Dakshina Kannada,Karnataka
2017-08-20,28.75,95.49000000000001,139.70000000000005,249.24,40.07,1,Dakshina Kannada,Karnataka
2017-08-21,39.97,108.78999999999999,174.99,276.47,40.07,1,Dakshina Kannada,Karnataka
2017-08-22,27.44,96.16,190.45000000000005,292.45,39.97,1,Dakshina Kannada,Karnataka
2017-08-23,12.57,79.97999999999999,192.67000000000004,285.17,39.97,1,Dakshina Kannada,Karnataka
2017-08-24,17.02,57.029999999999994,192.49,278.32,27.44,1,Dakshina Kannada,Karnataka
2017-08-25,11.39,40.97999999999999,177.21000000000004,280.28000000000003,17.02,1,Dakshina Kannada,Karnataka
2017-08-26,46.39,74.79999999999998,183.53000000000003,312.95,46.39,1,Dakshina Kannada,Karnataka
2017-08-27,67.65,125.42999999999999,222.43000000000006,364.45000000000005,67.65,1,Dakshina Kannada,Karnataka
2017-08-28,51.82,165.85999999999999,234.28000000000003,413.95000000000005,67.65,1,Dakshina Kannada,Karnataka
2017-08-29,37.32,156.79,244.16000000000003,446.59000000000003,67.65,1,Dakshina Kannada,Karnataka
2017-08-30,16.49,105.62999999999998,248.08000000000004,451.1,51.82,1,Dakshina Kannada,Karnataka
2017-08-31,5.6,59.40999999999998,236.66000000000005,446.35,37.32,1,Dakshina Kannada,Karnataka
2017-09-01,3.74,25.829999999999984,229.01000000000005,432.89,16.49,1,Dakshina Kannada,Karnataka
2017-09-02,2.13,11.469999999999985,184.75000000000006,408.35,5.6,1,Dakshina Kannada,Karnataka
2017-09-03,2.07,7.939999999999985,119.17000000000003,370.35,3.74,1,Dakshina Kannada,Karnataka
2017-09-04,2.67,6.869999999999985,70.02000000000002,344.27000000000004,2.67,1,Dakshina Kannada,Karnataka
2017-09-05,2.61,7.349999999999985,35.310000000000024,306.91,2.67,1,Dakshina Kannada,Karnataka
2017-09-06,7.19,12.469999999999985,26.010000000000026,286.66,7.19,1,Dakshina Kannada,Karnataka
2017-09-07,4.56,14.359999999999985,24.970000000000027,278.65000000000003,7.19,1,Dakshina Kannada,Karnataka
2017-09-08,3.73,15.479999999999986,24.96000000000003,265.36,7.19,1,Dakshina Kannada,Karnataka
2017-09-09,10.83,19.119999999999983,33.660000000000025,264.8,10.83,1,Dakshina Kannada,Karnataka
2017-09-10,24.3,38.859999999999985,55.89000000000003,242.71,24.3,1,Dakshina Kannada,Karnataka
2017-09-11,4.91,40.03999999999999,58.130000000000024,179.97,24.3,1,Dakshina Kannada,Karnataka
2017-09-12,3.25,32.45999999999999,58.770000000000024,131.4,24.3,1,Dakshina Kannada,Karnataka
2017-09-13,17.78,25.93999999999999,69.36000000000003,111.86,17.78,1,Dakshina Kannada,Karnataka
2017-09-14,12.18,33.209999999999994,76.98000000000003,107.55000000000001,17.78,1,Dakshina Kannada,Karnataka
2017-09-15,37.72,67.67999999999999,110.97000000000003,139.67,37.72,1,Dakshina Kannada,Karnataka
2017-09-16,31.43,81.32999999999998,131.57000000000002,167.36,37.72,1,Dakshina Kannada,Karnataka
2017-09-17,26.08,95.22999999999999,133.35000000000002,191.31,37.72,1,Dakshina Kannada,Karnataka
2017-09-18,21.64,79.14999999999999,150.08000000000004,210.88,31.43,1,Dakshina Kannada,Karnataka
2017-09-19,11.03,58.74999999999999,157.86000000000004,219.24,26.08,1,Dakshina Kannada,Karnataka
2017-09-20,7.31,39.97999999999999,147.39000000000004,223.94,21.64,1,Dakshina Kannada,Karnataka
2017-09-21,9.79,28.129999999999992,145.00000000000003,226.54,11.03,1,Dakshina Kannada,Karnataka
2017-09-22,0.64,17.739999999999995,107.92000000000003,222.62,9.79,1,Dakshina Kannada,Karnataka
2017-09-23,0.17,10.599999999999993,76.66000000000004,219.06,9.79,1,Dakshina Kannada,Karnataka
2017-09-24,0.54,1.349999999999993,51.120000000000026,208.76999999999998,0.64,1,Dakshina Kannada,Karnataka
2017-09-25,5.44,6.149999999999993,34.92000000000003,189.91,5.44,1,Dakshina Kannada,Karnataka
2017-09-26,15.41,21.389999999999993,39.300000000000026,200.41000000000003,15.41,1,Dakshina Kannada,Karnataka
2017-09-27,16.67,37.519999999999996,48.660000000000025,213.83,16.67,1,Dakshina Kannada,Karnataka
2017-09-28,13.43,45.51,52.300000000000026,209.48000000000002,16.67,1,Dakshina Kannada,Karnataka
2017-09-29,8.44,38.53999999999999,60.10000000000003,205.74,16.67,1,Dakshina Kannada,Karnataka
2017-09-30,1.35,23.21999999999999,61.28000000000003,169.37,13.43,1,Dakshina Kannada,Karnataka
2017-10-01,18.26,28.049999999999994,79.00000000000003,156.2,18.26,0,Dakshina Kannada,Karnataka
2017-10-02,18.18,37.78999999999999,91.74000000000004,148.3,18.26,0,Dakshina Kannada,Karnataka
2017-10-03,11.73,48.16999999999999,88.06000000000003,138.39,18.26,0,Dakshina Kannada,Karnataka
2017-10-04,8.98,38.88999999999999,80.37000000000002,136.34,18.18,0,Dakshina Kannada,Karnataka
2017-10-05,4.93,25.639999999999993,71.87000000000003,133.96,11.73,0,Dakshina Kannada,Karnataka
2017-10-06,18.29,32.19999999999999,81.72000000000003,142.46,18.29,0,Dakshina Kannada,Karnataka
2017-10-07,4.05,27.269999999999992,84.42000000000002,145.86999999999998,18.29,0,Dakshina Kannada,Karnataka
2017-10-08,0.65,22.98999999999999,66.81000000000003,146.35,18.29,0,Dakshina Kannada,Karnataka
2017-10-09,2.1,6.799999999999993,50.73000000000002,147.91,4.05,0,Dakshina Kannada,Karnataka
2017-10-10,2.16,4.909999999999993,41.160000000000025,144.63000000000002,2.16,0,Dakshina Kannada,Karnataka
2017-10-11,2.91,7.169999999999993,35.09000000000002,132.13,2.91,0,Dakshina Kannada,Karnataka
2017-10-12,2.98,8.049999999999994,33.14000000000002,118.44,2.98,0,Dakshina Kannada,Karnataka
2017-10-13,10.53,16.419999999999995,25.380000000000024,115.53999999999999,10.53,0,Dakshina Kannada,Karnataka
2017-10-14,13.27,26.779999999999994,34.60000000000002,120.36999999999999,13.27,0,Dakshina Kannada,Karnataka
2017-10-15,12.31,36.10999999999999,46.260000000000026,131.33,13.27,0,Dakshina Kannada,Karnataka
2017-10-16,0.48,26.05999999999999,44.64000000000002,113.55,13.27,0,Dakshina Kannada,Karnataka
2017-10-17,0.96,13.749999999999993,43.440000000000026,96.33,12.31,0,Dakshina Kannada,Karnataka
2017-10-18,1.09,2.529999999999993,41.620000000000026,85.69,1.09,0,Dakshina Kannada,Karnataka
2017-10-19,0.41,2.459999999999993,39.050000000000026,77.11999999999999,1.09,0,Dakshina Kannada,Karnataka
2017-10-20,0.27,1.769999999999993,28.790000000000024,72.46000000000001,1.09,0,Dakshina Kannada,Karnataka
2017-10-21,0.77,1.4499999999999929,16.290000000000024,54.94,0.77,0,Dakshina Kannada,Karnataka
2017-10-22,0.0,1.039999999999993,3.980000000000025,50.89,0.77,0,Dakshina Kannada,Karnataka
2017-10-23,0.0,0.7699999999999929,3.500000000000025,50.24,0.77,0,Dakshina Kannada,Karnataka
2017-10-24,3.05,3.0499999999999927,5.590000000000025,51.19,3.05,0,Dakshina Kannada,Karnataka
2017-10-25,6.49,9.539999999999992,10.990000000000025,55.52,6.49,0,Dakshina Kannada,Karnataka
2017-10-26,5.13,14.669999999999993,15.710000000000026,57.739999999999995,6.49,0,Dakshina Kannada,Karnataka
2017-10-27,6.72,18.339999999999993,22.160000000000025,61.480000000000004,6.72,0,Dakshina Kannada,Karnataka
2017-10-28,0.24,12.089999999999991,21.630000000000024,51.19,6.72,0,Dakshina Kannada,Karnataka
2017-10-29,0.01,6.969999999999993,21.640000000000025,37.93,6.72,0,Dakshina Kannada,Karnataka
2017-10-30,0.02,0.2699999999999929,21.660000000000025,25.64,0.24,0,Dakshina Kannada,Karnataka
2017-10-31,0.08,0.1099999999999929,18.690000000000026,25.240000000000002,0.08,0,Dakshina Kannada,Karnataka
2017-11-01,0.36,0.45999999999999286,12.560000000000024,24.64,0.36,0,Dakshina Kannada,Karnataka
2017-11-02,0.0,0.43999999999999284,7.430000000000025,23.55,0.36,0,Dakshina Kannada,Karnataka
2017-11-03,0.01,0.3699999999999929,0.7200000000000248,23.15,0.36,0,Dakshina Kannada,Karnataka
2017-11-04,1.64,1.6499999999999928,2.120000000000025,24.52,1.64,0,Dakshina Kannada,Karnataka
2017-11-05,1.46,3.1099999999999928,3.570000000000025,25.21,1.64,0,Dakshina Kannada,Karnataka
2017-11-06,13.31,16.409999999999993,16.860000000000024,38.52,13.31,0,Dakshina Kannada,Karnataka
2017-11-07,5.55,20.319999999999993,22.330000000000023,44.07,13.31,0,Dakshina Kannada,Karnataka
2017-11-08,3.53,22.38999999999999,25.500000000000025,44.55,13.31,0,Dakshina Kannada,Karnataka
2017-11-09,0.89,9.969999999999992,26.390000000000025,38.95,5.55,0,Dakshina Kannada,Karnataka
2017-11-10,0.01,4.429999999999993,26.390000000000025,33.83,3.53,0,Dakshina Kannada,Karnataka
2017-11-11,0.0,0.8999999999999929,24.750000000000025,27.11,0.89,0,Dakshina Kannada,Karnataka
2017-11-12,0.0,0.009999999999992895,23.290000000000024,26.87,0.01,0,Dakshina Kannada,Karnataka
2017-11-13,0.0,0.0,9.980000000000025,26.86,0.0,0,Dakshina Kannada,Karnataka
2017-11-14,0.03,0.029999999999992893,4.460000000000025,26.87,0.03,0,Dakshina Kannada,Karnataka
2017-11-15,0.01,0.039999999999992895,0.9400000000000249,26.8,0.03,0,Dakshina Kannada,Karnataka
2017-11-16,0.29,0.32999999999999285,0.34000000000002484,26.73,0.29,0,Dakshina Kannada,Karnataka
2017-11-17,0.4,0.6999999999999929,0.7300000000000249,27.13,0.4,0,Dakshina Kannada,Karnataka
2017-11-18,0.65,1.3399999999999928,1.3800000000000248,27.770000000000003,0.65,0,Dakshina Kannada,Karnataka
2017-11-19,1.39,2.439999999999993,2.770000000000025,27.52,1.39,0,Dakshina Kannada,Karnataka
2017-11-20,1.56,3.599999999999993,4.330000000000025,27.62,1.56,0,Dakshina Kannada,Karnataka
2017-11-21,0.26,3.209999999999993,4.5600000000000245,14.57,1.56,0,Dakshina Kannada,Karnataka
2017-11-22,0.24,2.059999999999993,4.790000000000025,9.259999999999998,1.56,0,Dakshina Kannada,Karnataka
2017-11-23,0.06,0.559999999999993,4.5600000000000245,5.789999999999999,0.26,0,Dakshina Kannada,Karnataka
2017-11-24,0.03,0.32999999999999285,4.190000000000025,4.93,0.24,0,Dakshina Kannada,Karnataka
2017-11-25,0.01,0.09999999999999289,3.550000000000025,4.93,0.06,0,Dakshina Kannada,Karnataka
2017-11-26,0.0,0.039999999999992895,2.160000000000025,4.93,0.03,0,Dakshina Kannada,Karnataka
2017-11-27,0.03,0.039999999999992895,0.6300000000000249,4.96,0.03,0,Dakshina Kannada,Karnataka
2017-11-28,0.04,0.0699999999999929,0.41000000000002484,5.0,0.04,0,Dakshina Kannada,Karnataka
2017-11-29,0.0,0.0699999999999929,0.17000000000002485,4.97,0.04,0,Dakshina Kannada,Karnataka
2017-11-30,0.25,0.28999999999999293,0.36000000000002486,5.21,0.25,0,Dakshina Kannada,Karnataka
2017-12-01,1.44,1.6899999999999928,1.7700000000000249,6.359999999999999,1.44,0,Dakshina Kannada,Karnataka
2017-12-02,1.24,2.9299999999999926,3.000000000000025,7.199999999999999,1.44,0,Dakshina Kannada,Karnataka
2017-12-03,0.04,2.7199999999999926,3.040000000000025,6.59,1.44,0,Dakshina Kannada,Karnataka
2017-12-04,0.14,1.4199999999999928,3.1500000000000252,5.34,1.24,0,Dakshina Kannada,Karnataka
2017-12-05,4.83,5.009999999999993,7.940000000000025,8.61,4.83,0,Dakshina Kannada,Karnataka
2017-12-06,0.32,5.289999999999993,8.260000000000025,8.67,4.83,0,Dakshina Kannada,Karnataka
2017-12-07,0.08,5.229999999999993,8.090000000000025,8.51,4.83,0,Dakshina Kannada,Karnataka
2017-12-08,0.0,0.3999999999999929,6.650000000000026,8.45,0.32,0,Dakshina Kannada,Karnataka
2017-12-09,0.0,0.0799999999999929,5.410000000000026,8.42,0.08,0,Dakshina Kannada,Karnataka
2017-12-10,0.0,0.0,5.370000000000026,8.41,0.0,0,Dakshina Kannada,Karnataka
2017-12-11,0.03,0.029999999999992893,5.260000000000025,8.440000000000001,0.03,0,Dakshina Kannada,Karnataka
2017-12-12,0.05,0.0799999999999929,0.48000000000002485,8.459999999999999,0.05,0,Dakshina Kannada,Karnataka
2017-12-13,0.08,0.1599999999999929,0.24000000000002486,8.5,0.08,0,Dakshina Kannada,Karnataka
2017-12-14,0.03,0.1599999999999929,0.19000000000002487,8.530000000000001,0.08,0,Dakshina Kannada,Karnataka
2017-12-15,0.01,0.11999999999999289,0.20000000000002485,8.290000000000001,0.08,0,Dakshina Kannada,Karnataka
2017-12-16,0.0,0.039999999999992895,0.20000000000002488,6.8500000000000005,0.03,0,Dakshina Kannada,Karnataka
2017-12-17,0.0,0.009999999999992895,0.20000000000002488,5.61,0.01,0,Dakshina Kannada,Karnataka
2017-12-18,0.0,0.0,0.17000000000002485,5.57,0.0,0,Dakshina Kannada,Karnataka
2017-12-19,0.0,0.0,0.12000000000002486,5.43,0.0,0,Dakshina Kannada,Karnataka
2017-12-20,0.0,0.0,0.04000000000002487,0.6,0.0,0,Dakshina Kannada,Karnataka
2017-12-21,0.01,0.009999999999992895,0.02000000000002487,0.29,0.01,0,Dakshina Kannada,Karnataka
2017-12-22,0.0,0.009999999999992895,0.01000000000002487,0.21,0.01,0,Dakshina Kannada,Karnataka
2017-12-23,0.0,0.009999999999992895,0.01000000000002487,0.21000000000000002,0.01,0,Dakshina Kannada,Karnataka
2017-12-24,0.0,0.0,0.01000000000002487,0.21000000000000002,0.0,0,Dakshina Kannada,Karnataka
2017-12-25,0.0,0.0,0.01000000000002487,0.21000000000000002,0.0,0,Dakshina Kannada,Karnataka
2017-12-26,0.0,0.0,0.01000000000002487,0.18,0.0,0,Dakshina Kannada,Karnataka
2017-12-27,0.0,0.0,0.01000000000002487,0.13,0.0,0,Dakshina Kannada,Karnataka
2017-12-28,0.0,0.0,0.0,0.05,0.0,0,Dakshina Kannada,Karnataka
2017-12-29,0.0,0.0,0.0,0.02,0.0,0,Dakshina Kannada,Karnataka
2017-12-30,0.0,0.0,0.0,0.01,0.0,0,Dakshina Kannada,Karnataka
2017-12-31,0.0,0.0,0.0,0.01,0.0,0,Dakshina Kannada,Karnataka
2018-01-01,0.01,0.009999999999992895,0.01000000000002487,0.02,0.01,0,Dakshina Kannada,Karnataka
2018-01-02,3.05,3.0599999999999925,3.0600000000000245,3.07,3.05,0,Dakshina Kannada,Karnataka
2018-01-03,0.15,3.2099999999999924,3.2100000000000244,3.2199999999999998,3.05,0,Dakshina Kannada,Karnataka
2018-01-04,1.1,4.299999999999993,4.3100000000000245,4.32,3.05,0,Dakshina Kannada,Karnataka
2018-01-05,0.11,1.359999999999993,4.420000000000025,4.42,1.1,0,Dakshina Kannada,Karnataka
2018-01-06,0.0,1.209999999999993,4.420000000000025,4.42,1.1,0,Dakshina Kannada,Karnataka
2018-01-07,0.0,0.1099999999999929,4.420000000000025,4.42,0.11,0,Dakshina Kannada,Karnataka
2018-01-08,0.0,0.0,4.410000000000025,4.42,0.0,0,Dakshina Kannada,Karnataka
2018-01-09,0.0,0.0,1.360000000000025,4.42,0.0,0,Dakshina Kannada,Karnataka
2018-01-10,0.01,0.009999999999992895,1.220000000000025,4.43,0.01,0,Dakshina Kannada,Karnataka
2018-01-11,0.02,0.029999999999992893,0.14000000000002488,4.45,0.02,0,Dakshina Kannada,Karnataka
2018-01-12,0.09,0.11999999999999289,0.12000000000002486,4.54,0.09,0,Dakshina Kannada,Karnataka
2018-01-13,0.0,0.1099999999999929,0.12000000000002486,4.54,0.09,0,Dakshina Kannada,Karnataka
2018-01-14,0.0,0.08999999999999289,0.12000000000002486,4.54,0.09,0,Dakshina Kannada,Karnataka
2018-01-15,0.0,0.0,0.12000000000002486,4.54,0.0,0,Dakshina Kannada,Karnataka
2018-01-16,0.0,0.0,0.12000000000002486,4.53,0.0,0,Dakshina Kannada,Karnataka
2018-01-17,0.03,0.029999999999992893,0.14000000000002488,1.51,0.03,0,Dakshina Kannada,Karnataka
2018-01-18,0.0,0.029999999999992893,0.12000000000002486,1.36,0.03,0,Dakshina Kannada,Karnataka
2018-01-19,0.0,0.029999999999992893,0.030000000000024868,0.26,0.03,0,Dakshina Kannada,Karnataka
2018-01-20,0.0,0.0,0.030000000000024868,0.15000000000000002,0.0,0,Dakshina Kannada,Karnataka
2018-01-21,0.0,0.0,0.030000000000024868,0.15000000000000002,0.0,0,Dakshina Kannada,Karnataka
2018-01-22,0.0,0.0,0.030000000000024868,0.15000000000000002,0.0,0,Dakshina Kannada,Karnataka
2018-01-23,0.0,0.0,0.030000000000024868,0.15000000000000002,0.0,0,Dakshina Kannada,Karnataka
2018-01-24,0.0,0.0,0.0,0.15000000000000002,0.0,0,Dakshina Kannada,Karnataka
2018-01-25,0.0,0.0,0.0,0.14,0.0,0,Dakshina Kannada,Karnataka
2018-01-26,0.0,0.0,0.0,0.12,0.0,0,Dakshina Kannada,Karnataka
2018-01-27,0.0,0.0,0.0,0.03,0.0,0,Dakshina Kannada,Karnataka
2018-01-28,0.0,0.0,0.0,0.03,0.0,0,Dakshina Kannada,Karnataka
2018-01-29,0.0,0.0,0.0,0.03,0.0,0,Dakshina Kannada,Karnataka
2018-01-30,0.0,0.0,0.0,0.03,0.0,0,Dakshina Kannada,Karnataka
2018-01-31,0.0,0.0,0.0,0.03,0.0,0,Dakshina Kannada,Karnataka
2018-02-01,0.0,0.0,0.0,0.0,0.0,0,Dakshina Kannada,Karnataka
2018-02-02,0.0,0.0,0.0,0.0,0.0,0,Dakshina Kannada,Karnataka
2018-02-03,0.0,0.0,0.0,0.0,0.0,0,Dakshina Kannada,Karnataka
2018-02-04,0.0,0.0,0.0,0.0,0.0,0,Dakshina Kannada,Karnataka
2018-02-05,0.0,0.0,0.0,0.0,0.0,0,Dakshina Kannada,Karnataka
2018-02-06,0.01,0.009999999999992895,0.01000000000002487,0.01,0.01,0,Dakshina Kannada,Karnataka
2018-02-07,0.01,0.019999999999992895,0.02000000000002487,0.02,0.01,0,Dakshina Kannada,Karnataka
2018-02-08,0.94,0.9599999999999929,0.9600000000000248,0.96,0.94,0,Dakshina Kannada,Karnataka
2018-02-09,3.28,4.229999999999992,4.240000000000025,4.24,3.28,0,Dakshina Kannada,Karnataka
2018-02-10,0.04,4.259999999999993,4.280000000000024,4.279999999999999,3.28,0,Dakshina Kannada,Karnataka
2018-02-11,0.08,3.399999999999993,4.360000000000024,4.359999999999999,3.28,0,Dakshina Kannada,Karnataka
2018-02-12,0.05,0.16999999999999332,4.410000000000025,4.41,0.08,0,Dakshina Kannada,Karnataka
2018-02-13,0.01,0.13999999999999332,4.410000000000025,4.42,0.08,0,Dakshina Kannada,Karnataka
2018-02-14,0.01,0.06999999999999335,4.410000000000025,4.43,0.05,0,Dakshina Kannada,Karnataka
2018-02-15,0.01,0.03,3.480000000000025,4.4399999999999995,0.01,0,Dakshina Kannada,Karnataka
2018-02-16,0.0,0.019999999999993336,0.20000000000002488,4.4399999999999995,0.01,0,Dakshina Kannada,Karnataka
2018-02-17,0.0,0.009999999999993339,0.16000000000002487,4.4399999999999995,0.01,0,Dakshina Kannada,Karnataka
2018-02-18,0.0,0.0,0.08000000000002487,4.4399999999999995,0.0,0,Dakshina Kannada,Karnataka
2018-02-19,0.0,0.0,0.030000000000024868,4.4399999999999995,0.0,0,Dakshina Kannada,Karnataka
2018-02-20,0.0,0.0,0.020000000000024866,4.4399999999999995,0.0,0,Dakshina Kannada,Karnataka
2018-02-21,0.0,0.0,0.01000000000002487,4.43,0.0,0,Dakshina Kannada,Karnataka
2018-02-22,0.0,0.0,0.0,4.42,0.0,0,Dakshina Kannada,Karnataka
2018-02-23,0.0,0.0,0.0,3.48,0.0,0,Dakshina Kannada,Karnataka
2018-02-24,0.0,0.0,0.0,0.2,0.0,0,Dakshina Kannada,Karnataka
2018-02-25,0.0,0.0,0.0,0.16,0.0,0,Dakshina Kannada,Karnataka
2018-02-26,0.0,0.0,0.0,0.08,0.0,0,Dakshina Kannada,Karnataka
2018-02-27,0.0,0.0,0.0,0.03,0.0,0,Dakshina Kannada,Karnataka
2018-02-28,0.01,0.009999999999993339,0.01000000000002487,0.03,0.01,0,Dakshina Kannada,Karnataka
2018-03-01,0.0,0.009999999999993339,0.01000000000002487,0.02,0.01,0,Dakshina Kannada,Karnataka
2018-03-02,0.0,0.009999999999993339,0.01000000000002487,0.01,0.01,0,Dakshina Kannada,Karnataka
2018-03-03,0.0,0.0,0.01000000000002487,0.01,0.0,0,Dakshina Kannada,Karnataka
2018-03-04,0.0,0.0,0.01000000000002487,0.01,0.0,0,Dakshina Kannada,Karnataka
2018-03-05,0.0,0.0,0.01000000000002487,0.01,0.0,0,Dakshina Kannada,Karnataka
2018-03-06,0.0,0.0,0.01000000000002487,0.01,0.0,0,Dakshina Kannada,Karnataka
2018-03-07,0.03,0.029999999999993338,0.030000000000024868,0.04,0.03,0,Dakshina Kannada,Karnataka
2018-03-08,0.01,0.03999999999999334,0.04000000000002487,0.05,0.03,0,Dakshina Kannada,Karnataka
2018-03-09,0.0,0.03999999999999334,0.04000000000002487,0.05,0.03,0,Dakshina Kannada,Karnataka
2018-03-10,0.0,0.009999999999993339,0.04000000000002487,0.05,0.01,0,Dakshina Kannada,Karnataka
2018-03-11,0.0,0.0,0.04000000000002487,0.05,0.0,0,Dakshina Kannada,Karnataka
2018-03-12,0.01,0.009999999999993339,0.05000000000002487,0.06,0.01,0,Dakshina Kannada,Karnataka
2018-03-13,0.08,0.08999999999999334,0.13000000000002487,0.14,0.08,0,Dakshina Kannada,Karnataka
2018-03-14,1.16,1.2499999999999933,1.2600000000000249,1.2999999999999998,1.16,0,Dakshina Kannada,Karnataka
2018-03-15,3.61,4.849999999999993,4.860000000000024,4.9,3.61,0,Dakshina Kannada,Karnataka
2018-03-16,2.28,7.049999999999993,7.1400000000000245,7.18,3.61,0,Dakshina Kannada,Karnataka
2018-03-17,0.69,6.579999999999993,7.830000000000025,7.87,3.61,0,Dakshina Kannada,Karnataka
2018-03-18,0.44,3.409999999999993,8.270000000000024,8.31,2.28,0,Dakshina Kannada,Karnataka
2018-03-19,0.89,2.0199999999999934,9.150000000000025,9.2,0.89,0,Dakshina Kannada,Karnataka
2018-03-20,0.07,1.3999999999999935,9.140000000000025,9.27,0.89,0,Dakshina Kannada,Karnataka
2018-03-21,0.09,1.0499999999999934,8.070000000000025,9.36,0.89,0,Dakshina Kannada,Karnataka
2018-03-22,0.05,0.20999999999999336,4.5100000000000255,9.38,0.09,0,Dakshina Kannada,Karnataka
2018-03-23,0.0,0.13999999999999335,2.230000000000025,9.370000000000001,0.09,0,Dakshina Kannada,Karnataka
2018-03-24,0.0,0.04999999999999334,1.540000000000025,9.370000000000001,0.05,0,Dakshina Kannada,Karnataka
2018-03-25,0.05,0.04999999999999334,1.150000000000025,9.420000000000002,0.05,0,Dakshina Kannada,Karnataka
2018-03-26,0.08,0.12999999999999334,0.3400000000000249,9.500000000000002,0.08,0,Dakshina Kannada,Karnataka
2018-03-27,0.08,0.20999999999999336,0.35000000000002485,9.57,0.08,0,Dakshina Kannada,Karnataka
2018-03-28,0.09,0.24999999999999334,0.3500000000000249,9.58,0.09,0,Dakshina Kannada,Karnataka
2018-03-29,0.17,0.33999999999999336,0.47000000000002484,8.590000000000002,0.17,0,Dakshina Kannada,Karnataka
2018-03-30,0.75,1.0099999999999933,1.2200000000000248,5.73,0.75,0,Dakshina Kannada,Karnataka
2018-03-31,0.07,0.9899999999999933,1.290000000000025,3.520000000000001,0.75,0,Dakshina Kannada,Karnataka
2018-04-01,0.12,0.9399999999999933,1.3600000000000247,2.950000000000001,0.75,0,Dakshina Kannada,Karnataka
2018-04-02,0.5,0.6899999999999933,1.780000000000025,3.010000000000001,0.5,0,Dakshina Kannada,Karnataka
2018-04-03,0.27,0.8899999999999932,1.9700000000000248,2.390000000000001,0.5,0,Dakshina Kannada,Karnataka
2018-04-04,0.19,0.9599999999999933,2.0700000000000247,2.510000000000001,0.5,0,Dakshina Kannada,Karnataka
2018-04-05,0.39,0.8499999999999934,2.290000000000025,2.810000000000001,0.39,0,Dakshina Kannada,Karnataka
2018-04-06,0.3,0.8799999999999933,1.8400000000000247,3.060000000000001,0.39,0,Dakshina Kannada,Karnataka
2018-04-07,0.23,0.9199999999999933,2.000000000000025,3.290000000000001,0.39,0,Dakshina Kannada,Karnataka
2018-04-08,0.37,0.8999999999999934,2.250000000000025,3.660000000000001,0.37,0,Dakshina Kannada,Karnataka
2018-04-09,0.53,1.1299999999999932,2.280000000000025,4.1400000000000015,0.53,0,Dakshina Kannada,Karnataka
2018-04-10,0.66,1.5599999999999934,2.670000000000025,4.7200000000000015,0.66,0,Dakshina Kannada,Karnataka
2018-04-11,2.31,3.4999999999999933,4.790000000000025,6.950000000000001,2.31,0,Dakshina Kannada,Karnataka
2018-04-12,1.86,4.829999999999994,6.2600000000000255,8.72,2.31,0,Dakshina Kannada,Karnataka
2018-04-13,1.33,5.499999999999994,7.290000000000025,9.88,2.31,0,Dakshina Kannada,Karnataka
2018-04-14,1.22,4.409999999999993,8.280000000000026,10.350000000000001,1.86,0,Dakshina Kannada,Karnataka
2018-04-15,2.77,5.319999999999993,10.680000000000025,13.05,2.77,0,Dakshina Kannada,Karnataka
2018-04-16,1.79,5.779999999999993,11.940000000000026,14.720000000000002,2.77,0,Dakshina Kannada,Karnataka
2018-04-17,2.34,6.899999999999993,13.620000000000026,16.560000000000002,2.77,0,Dakshina Kannada,Karnataka
2018-04-18,2.32,6.449999999999994,13.630000000000024,18.610000000000003,2.34,0,Dakshina Kannada,Karnataka
2018-04-19,2.9,7.5599999999999925,14.670000000000025,21.32,2.9,0,Dakshina Kannada,Karnataka
2018-04-20,3.91,9.129999999999994,17.250000000000025,24.84,3.91,0,Dakshina Kannada,Karnataka
2018-04-21,1.61,8.419999999999993,17.640000000000022,26.15,3.91,0,Dakshina Kannada,Karnataka
2018-04-22,3.45,8.969999999999994,18.320000000000025,29.369999999999997,3.91,0,Dakshina Kannada,Karnataka
2018-04-23,1.57,6.629999999999994,18.100000000000026,30.57,3.45,0,Dakshina Kannada,Karnataka
2018-04-24,0.43,5.449999999999994,16.190000000000026,30.470000000000002,3.45,0,Dakshina Kannada,Karnataka
2018-04-25,0.6,2.599999999999994,14.470000000000024,30.41,1.57,0,Dakshina Kannada,Karnataka
2018-04-26,0.09,1.119999999999994,11.660000000000025,28.19,0.6,0,Dakshina Kannada,Karnataka
2018-04-27,0.1,0.7899999999999938,7.850000000000025,26.430000000000003,0.6,0,Dakshina Kannada,Karnataka
2018-04-28,0.16,0.34999999999999376,6.400000000000025,25.26,0.16,0,Dakshina Kannada,Karnataka
2018-04-29,0.08,0.3399999999999938,3.030000000000025,24.12,0.16,0,Dakshina Kannada,Karnataka
2018-04-30,0.26,0.4999999999999938,1.7200000000000248,21.610000000000003,0.26,0,Dakshina Kannada,Karnataka
2018-05-01,0.54,0.8799999999999938,1.830000000000025,20.36,0.54,0,Dakshina Kannada,Karnataka
2018-05-02,0.24,1.0399999999999938,1.4700000000000248,18.259999999999998,0.54,0,Dakshina Kannada,Karnataka
2018-05-03,2.63,3.409999999999994,4.010000000000025,18.57,2.63,0,Dakshina Kannada,Karnataka
2018-05-04,0.67,3.539999999999994,4.580000000000025,16.34,2.63,0,Dakshina Kannada,Karnataka
2018-05-05,1.59,4.8899999999999935,6.010000000000025,14.020000000000001,2.63,0,Dakshina Kannada,Karnataka
2018-05-06,2.71,4.9699999999999935,8.640000000000025,15.120000000000001,2.71,0,Dakshina Kannada,Karnataka
2018-05-07,7.96,12.259999999999994,16.340000000000025,19.630000000000003,7.96,0,Dakshina Kannada,Karnataka
2018-05-08,9.86,20.529999999999994,25.660000000000025,27.92,9.86,0,Dakshina Kannada,Karnataka
2018-05-09,6.1,23.919999999999995,31.520000000000024,33.59,9.86,0,Dakshina Kannada,Karnataka
2018-05-10,18.63,34.58999999999999,47.520000000000024,51.62,18.63,0,Dakshina Kannada,Karnataka
2018-05-11,6.04,30.76999999999999,52.89000000000002,57.57,18.63,0,Dakshina Kannada,Karnataka
2018-05-12,3.53,28.19999999999999,54.83000000000002,61.0,18.63,0,Dakshina Kannada,Karnataka
2018-05-13,4.34,13.909999999999993,56.46000000000002,65.17999999999999,6.04,0,Dakshina Kannada,Karnataka
2018-05-14,21.87,29.739999999999995,70.37000000000002,86.97,21.87,0,Dakshina Kannada,Karnataka
2018-05-15,2.49,28.699999999999996,63.00000000000002,89.19999999999999,21.87,0,Dakshina Kannada,Karnataka
2018-05-16,3.51,27.869999999999997,60.410000000000025,92.17,21.87,0,Dakshina Kannada,Karnataka
2018-05-17,9.32,15.319999999999993,51.10000000000002,101.25,9.32,0,Dakshina Kannada,Karnataka
2018-05-18,11.4,24.229999999999993,56.46000000000003,110.02,11.4,0,Dakshina Kannada,Karnataka
2018-05-19,6.85,27.569999999999993,59.78000000000003,116.19999999999999,11.4,0,Dakshina Kannada,Karnataka
2018-05-20,13.17,31.41999999999999,68.61000000000003,127.77999999999999,13.17,0,Dakshina Kannada,Karnataka
2018-05-21,1.64,21.659999999999993,48.380000000000024,126.71,13.17,0,Dakshina Kannada,Karnataka
2018-05-22,1.35,16.159999999999993,47.24000000000002,120.10000000000001,13.17,0,Dakshina Kannada,Karnataka
2018-05-23,2.43,5.419999999999993,46.160000000000025,112.67,2.43,0,Dakshina Kannada,Karnataka
2018-05-24,3.47,7.249999999999993,40.310000000000024,110.03999999999999,3.47,0,Dakshina Kannada,Karnataka
2018-05-25,12.22,18.119999999999994,41.130000000000024,103.63,12.22,0,Dakshina Kannada,Karnataka
2018-05-26,19.66,35.349999999999994,53.940000000000026,117.25,19.66,0,Dakshina Kannada,Karnataka
2018-05-27,22.94,54.81999999999999,63.71000000000002,136.66000000000003,22.94,0,Dakshina Kannada,Karnataka
2018-05-28,30.58,73.17999999999999,92.65000000000002,162.9,30.58,0,Dakshina Kannada,Karnataka
2018-05-29,105.46,158.98,196.76000000000002,246.49,105.46,0,Dakshina Kannada,Karnataka
2018-05-30,7.03,143.06999999999996,201.36,251.02999999999997,105.46,0,Dakshina Kannada,Karnataka
2018-05-31,4.48,116.96999999999998,202.37,252.0,105.46,0,Dakshina Kannada,Karnataka
2018-06-01,1.55,13.059999999999986,191.70000000000002,244.23,7.03,1,Dakshina Kannada,Karnataka
2018-06-02,3.53,9.559999999999986,175.57000000000002,236.35999999999999,4.48,1,Dakshina Kannada,Karnataka
2018-06-03,7.53,12.609999999999985,160.16000000000003,237.04,7.53,1,Dakshina Kannada,Karnataka
2018-06-04,23.22,34.27999999999999,152.8,247.08999999999997,23.22,1,Dakshina Kannada,Karnataka
2018-06-05,42.82,73.56999999999998,90.16000000000003,288.27,42.82,1,Dakshina Kannada,Karnataka
2018-06-06,17.67,83.70999999999998,100.80000000000003,304.59,42.82,1,Dakshina Kannada,Karnataka
2018-06-07,51.16,111.64999999999998,147.48000000000002,353.31999999999994,51.16,1,Dakshina Kannada,Karnataka
2018-06-08,33.95,102.77999999999999,179.88000000000005,383.8,51.16,1,Dakshina Kannada,Karnataka
2018-06-09,44.34,129.45,220.69000000000005,415.91999999999996,51.16,1,Dakshina Kannada,Karnataka
2018-06-10,28.04,106.32999999999998,241.20000000000005,424.3,44.34,1,Dakshina Kannada,Karnataka
2018-06-11,23.97,96.35,241.95000000000005,425.33,44.34,1,Dakshina Kannada,Karnataka
2018-06-12,15.24,67.24999999999999,214.37000000000003,409.99,28.04,1,Dakshina Kannada,Karnataka
2018-06-13,21.19,60.399999999999984,217.89000000000004,325.71999999999997,23.97,1,Dakshina Kannada,Karnataka
2018-06-14,34.75,71.17999999999998,201.48000000000002,353.44,34.75,1,Dakshina Kannada,Karnataka
2018-06-15,18.0,73.93999999999998,185.53000000000003,366.96,34.75,1,Dakshina Kannada,Karnataka
2018-06-16,20.33,73.07999999999998,161.52,385.74,34.75,1,Dakshina Kannada,Karnataka
2018-06-17,12.95,51.27999999999999,146.43,395.16,20.33,1,Dakshina Kannada,Karnataka
2018-06-18,13.92,47.19999999999998,136.38000000000002,401.54999999999995,20.33,1,Dakshina Kannada,Karnataka
2018-06-19,33.39,60.259999999999984,154.53000000000003,411.72,33.39,1,Dakshina Kannada,Karnataka
2018-06-20,37.5,84.80999999999999,170.84000000000003,406.40000000000003,37.5,1,Dakshina Kannada,Karnataka
2018-06-21,18.12,89.00999999999999,154.21000000000004,406.85,37.5,1,Dakshina Kannada,Karnataka
2018-06-22,6.65,62.26999999999999,142.86,362.34000000000003,37.5,1,Dakshina Kannada,Karnataka
2018-06-23,20.47,45.23999999999999,143.00000000000003,348.86,20.47,1,Dakshina Kannada,Karnataka
2018-06-24,14.38,41.499999999999986,144.43000000000004,318.90000000000003,20.47,1,Dakshina Kannada,Karnataka
2018-06-25,35.9,70.74999999999999,166.41000000000003,326.76,35.9,1,Dakshina Kannada,Karnataka
2018-06-26,19.76,70.03999999999999,152.78000000000003,322.55,35.9,1,Dakshina Kannada,Karnataka
2018-06-27,25.07,80.72999999999999,140.35000000000005,332.38,35.9,1,Dakshina Kannada,Karnataka
2018-06-28,43.4,88.22999999999999,165.63000000000005,354.59000000000003,43.4,1,Dakshina Kannada,Karnataka
2018-06-29,54.09,122.55999999999997,213.07000000000005,373.93,54.09,1,Dakshina Kannada,Karnataka
2018-06-30,12.78,110.26999999999998,205.38000000000002,368.71000000000004,54.09,1,Dakshina Kannada,Karnataka
2018-07-01,10.83,77.69999999999999,201.83000000000004,359.21,54.09,1,Dakshina Kannada,Karnataka
2018-07-02,15.74,39.34999999999998,181.67000000000004,362.0,15.74,1,Dakshina Kannada,Karnataka
2018-07-03,6.59,33.159999999999975,168.50000000000006,354.67,15.74,1,Dakshina Kannada,Karnataka
2018-07-04,7.26,29.58999999999998,150.69000000000003,328.53999999999996,15.74,1,Dakshina Kannada,Karnataka
2018-07-05,8.66,22.509999999999977,115.95000000000003,299.7,8.66,1,Dakshina Kannada,Karnataka
2018-07-06,27.39,43.309999999999974,89.25000000000003,308.96999999999997,27.39,1,Dakshina Kannada,Karnataka
2018-07-07,59.22,95.26999999999998,135.69000000000003,361.54,59.22,1,Dakshina Kannada,Karnataka
2018-07-08,35.15,121.75999999999998,160.01000000000002,376.22,59.22,1,Dakshina Kannada,Karnataka
2018-07-09,67.53,161.89999999999998,211.8,429.37,67.53,1,Dakshina Kannada,Karnataka
2018-07-10,33.61,136.28999999999996,238.82,427.08,67.53,1,Dakshina Kannada,Karnataka
2018-07-11,72.79,173.92999999999998,304.35,480.11,72.79,1,Dakshina Kannada,Karnataka
2018-07-12,20.99,127.38999999999997,316.68000000000006,476.03000000000003,72.79,1,Dakshina Kannada,Karnataka
2018-07-13,41.7,135.47999999999996,330.99,474.33,72.79,1,Dakshina Kannada,Karnataka
2018-07-14,22.32,85.00999999999996,294.09000000000003,442.56,41.7,1,Dakshina Kannada,Karnataka
2018-07-15,24.83,88.84999999999997,283.77,454.60999999999996,41.7,1,Dakshina Kannada,Karnataka
2018-07-16,36.36,83.50999999999996,252.60000000000002,480.14,36.36,1,Dakshina Kannada,Karnataka
2018-07-17,30.69,91.87999999999997,249.68,495.09,36.36,1,Dakshina Kannada,Karnataka
2018-07-18,27.78,94.82999999999997,204.67000000000002,516.28,36.36,1,Dakshina Kannada,Karnataka
2018-07-19,31.38,89.84999999999997,215.06,540.4,31.38,1,Dakshina Kannada,Karnataka
2018-07-20,56.64,115.79999999999998,230.00000000000003,588.3800000000001,56.64,1,Dakshina Kannada,Karnataka
2018-07-21,47.19,135.20999999999998,254.87000000000003,608.18,56.64,1,Dakshina Kannada,Karnataka
2018-07-22,16.69,120.51999999999998,246.73000000000002,565.6500000000001,56.64,1,Dakshina Kannada,Karnataka
2018-07-23,19.66,83.53999999999996,230.03000000000003,550.16,47.19,1,Dakshina Kannada,Karnataka
2018-07-24,28.67,65.01999999999998,228.01000000000005,511.29999999999995,28.67,1,Dakshina Kannada,Karnataka
2018-07-25,17.69,66.01999999999998,217.92000000000004,495.38,28.67,1,Dakshina Kannada,Karnataka
2018-07-26,8.64,54.99999999999997,195.18,431.23,28.67,1,Dakshina Kannada,Karnataka
2018-07-27,7.65,33.979999999999976,146.19000000000003,417.89,17.69,1,Dakshina Kannada,Karnataka
2018-07-28,9.53,25.819999999999972,108.53000000000003,385.72,9.53,1,Dakshina Kannada,Karnataka
2018-07-29,6.88,24.05999999999997,98.72000000000004,370.28000000000003,9.53,1,Dakshina Kannada,Karnataka
2018-07-30,14.4,30.80999999999997,93.46000000000002,359.85,14.4,1,Dakshina Kannada,Karnataka
2018-07-31,9.45,30.729999999999972,74.24000000000002,332.94,14.4,1,Dakshina Kannada,Karnataka
2018-08-01,4.88,28.729999999999972,61.43000000000003,307.13,14.4,1,Dakshina Kannada,Karnataka
2018-08-02,30.86,45.18999999999997,83.65000000000003,310.21,30.86,1,Dakshina Kannada,Karnataka
2018-08-03,9.81,45.54999999999997,85.81000000000003,288.64,30.86,1,Dakshina Kannada,Karnataka
2018-08-04,8.85,49.51999999999997,85.13000000000002,240.85,30.86,1,Dakshina Kannada,Karnataka
2018-08-05,6.79,25.44999999999997,85.04000000000003,200.45000000000002,9.81,1,Dakshina Kannada,Karnataka
2018-08-06,6.35,21.98999999999997,76.99000000000002,190.11,8.85,1,Dakshina Kannada,Karnataka
2018-08-07,18.88,32.01999999999997,86.42000000000002,189.33,18.88,1,Dakshina Kannada,Karnataka
2018-08-08,24.8,50.02999999999997,106.34000000000003,185.45999999999998,24.8,1,Dakshina Kannada,Karnataka
2018-08-09,47.13,90.80999999999997,122.61000000000003,214.9,47.13,1,Dakshina Kannada,Karnataka
2018-08-10,33.01,104.93999999999997,145.81000000000003,239.27,47.13,1,Dakshina Kannada,Karnataka
2018-08-11,37.23,117.36999999999996,174.19000000000003,268.85,47.13,1,Dakshina Kannada,Karnataka
2018-08-12,61.94,132.17999999999995,229.34000000000003,321.26,61.94,1,Dakshina Kannada,Karnataka
2018-08-13,31.54,130.70999999999998,254.53000000000003,345.91999999999996,61.94,1,Dakshina Kannada,Karnataka
2018-08-14,76.08,169.55999999999995,311.73,407.6,76.08,1,Dakshina Kannada,Karnataka
2018-08-15,80.98,188.59999999999997,367.91,479.13,80.98,1,Dakshina Kannada,Karnataka
2018-08-16,37.07,194.12999999999997,357.85,511.32,80.98,1,Dakshina Kannada,Karnataka
2018-08-17,22.18,140.22999999999996,347.02000000000004,502.64,80.98,1,Dakshina Kannada,Karnataka
2018-08-18,17.59,76.83999999999996,327.38000000000005,510.42,37.07,1,Dakshina Kannada,Karnataka
2018-08-19,12.63,52.399999999999956,278.07000000000005,514.1999999999999,22.18,1,Dakshina Kannada,Karnataka
2018-08-20,13.59,43.80999999999996,260.12000000000006,521.0,17.59,1,Dakshina Kannada,Karnataka
2018-08-21,23.12,49.33999999999996,207.16000000000003,537.77,23.12,1,Dakshina Kannada,Karnataka
2018-08-22,10.67,47.37999999999995,136.85000000000002,529.56,23.12,1,Dakshina Kannada,Karnataka
2018-08-23,10.82,44.60999999999996,110.60000000000004,515.5799999999999,23.12,1,Dakshina Kannada,Karnataka
2018-08-24,11.41,32.899999999999956,99.83000000000003,479.86,11.41,1,Dakshina Kannada,Karnataka
2018-08-25,5.16,27.38999999999995,87.40000000000002,452.01,11.41,1,Dakshina Kannada,Karnataka
2018-08-26,8.83,25.399999999999952,83.60000000000002,423.60999999999996,11.41,1,Dakshina Kannada,Karnataka
2018-08-27,12.88,26.869999999999955,82.89000000000003,374.54999999999995,12.88,1,Dakshina Kannada,Karnataka
2018-08-28,17.89,39.59999999999995,77.66000000000003,360.90000000000003,17.89,1,Dakshina Kannada,Karnataka
2018-08-29,10.08,40.84999999999996,77.07000000000004,294.90000000000003,17.89,1,Dakshina Kannada,Karnataka
2018-08-30,8.82,36.78999999999996,75.07000000000004,222.74,17.89,1,Dakshina Kannada,Karnataka
2018-08-31,8.33,27.229999999999954,71.99000000000004,194.0,10.08,1,Dakshina Kannada,Karnataka
2018-09-01,3.41,20.559999999999956,70.24000000000004,175.23,8.82,1,Dakshina Kannada,Karnataka
2018-09-02,2.03,13.769999999999953,63.44000000000003,159.67000000000002,8.33,1,Dakshina Kannada,Karnataka
2018-09-03,0.56,5.999999999999954,51.12000000000003,147.6,3.41,1,Dakshina Kannada,Karnataka
2018-09-04,0.34,2.9299999999999535,33.57000000000003,134.35000000000002,2.03,1,Dakshina Kannada,Karnataka
2018-09-05,0.91,1.8099999999999539,24.40000000000003,112.14000000000001,0.91,1,Dakshina Kannada,Karnataka
2018-09-06,2.45,3.699999999999954,18.03000000000003,103.92000000000002,2.45,1,Dakshina Kannada,Karnataka
2018-09-07,4.83,8.189999999999955,14.53000000000003,97.93,4.83,1,Dakshina Kannada,Karnataka
2018-09-08,3.28,10.559999999999954,14.400000000000029,89.80000000000001,4.83,1,Dakshina Kannada,Karnataka
2018-09-09,0.04,8.149999999999952,12.410000000000029,84.68,4.83,1,Dakshina Kannada,Karnataka
2018-09-10,0.02,3.3399999999999537,11.870000000000028,75.86999999999999,3.28,1,Dakshina Kannada,Karnataka
2018-09-11,4.16,4.2199999999999545,15.69000000000003,67.15,4.16,1,Dakshina Kannada,Karnataka
2018-09-12,0.66,4.839999999999955,15.440000000000028,49.92,4.16,1,Dakshina Kannada,Karnataka
2018-09-13,0.05,4.869999999999955,13.040000000000028,39.89,4.16,1,Dakshina Kannada,Karnataka
2018-09-14,0.06,0.7699999999999547,8.27000000000003,31.130000000000003,0.66,1,Dakshina Kannada,Karnataka
2018-09-15,0.27,0.3799999999999547,5.260000000000028,23.07,0.27,1,Dakshina Kannada,Karnataka
2018-09-16,0.75,1.0799999999999548,5.970000000000029,20.41,0.75,1,Dakshina Kannada,Karnataka
2018-09-17,1.85,2.869999999999955,7.800000000000029,20.23,1.85,1,Dakshina Kannada,Karnataka
2018-09-18,0.42,3.0199999999999547,4.060000000000029,20.09,1.85,1,Dakshina Kannada,Karnataka
2018-09-19,0.27,2.5399999999999547,3.6700000000000284,20.02,1.85,1,Dakshina Kannada,Karnataka
2018-09-20,2.0,2.6899999999999546,5.6200000000000285,21.11,2.0,1,Dakshina Kannada,Karnataka
2018-09-21,0.89,3.159999999999955,6.450000000000028,19.55,2.0,1,Dakshina Kannada,Karnataka
2018-09-22,0.04,2.929999999999955,6.220000000000028,14.76,2.0,1,Dakshina Kannada,Karnataka
2018-09-23,0.59,1.5199999999999547,6.060000000000029,12.07,0.89,1,Dakshina Kannada,Karnataka
2018-09-24,0.48,1.1099999999999546,4.690000000000029,12.510000000000002,0.59,1,Dakshina Kannada,Karnataka
2018-09-25,7.76,8.829999999999954,12.030000000000028,20.25,7.76,1,Dakshina Kannada,Karnataka
2018-09-26,5.48,13.719999999999954,17.24000000000003,21.57,7.76,1,Dakshina Kannada,Karnataka
2018-09-27,19.17,32.409999999999954,34.41000000000003,40.08,19.17,1,Dakshina Kannada,Karnataka
2018-09-28,5.62,30.269999999999957,39.14000000000003,45.65,19.17,1,Dakshina Kannada,Karnataka
2018-09-29,5.47,30.259999999999955,44.570000000000036,51.06,19.17,1,Dakshina Kannada,Karnataka
2018-09-30,3.67,14.759999999999954,47.65000000000003,54.46,5.62,1,Dakshina Kannada,Karnataka
2018-10-01,5.58,14.719999999999954,52.75000000000003,59.29,5.58,0,Dakshina Kannada,Karnataka
2018-10-02,5.43,14.679999999999954,50.42000000000003,62.87,5.58,0,Dakshina Kannada,Karnataka
2018-10-03,5.32,16.329999999999956,50.26000000000003,67.77000000000001,5.58,0,Dakshina Kannada,Karnataka
2018-10-04,11.08,21.829999999999956,42.17000000000003,78.58000000000001,11.08,0,Dakshina Kannada,Karnataka
2018-10-05,14.15,30.549999999999955,50.70000000000003,90.73,14.15,0,Dakshina Kannada,Karnataka
2018-10-06,15.69,40.91999999999995,60.92000000000003,105.53,15.69,0,Dakshina Kannada,Karnataka
2018-10-07,2.99,32.829999999999956,60.24000000000003,108.48,15.69,0,Dakshina Kannada,Karnataka
2018-10-08,13.85,32.52999999999995,68.51000000000002,121.74,15.69,0,Dakshina Kannada,Karnataka
2018-10-09,8.86,25.699999999999953,71.94000000000003,130.12,13.85,0,Dakshina Kannada,Karnataka
2018-10-10,3.53,26.239999999999952,70.15000000000002,125.89,13.85,0,Dakshina Kannada,Karnataka
2018-10-11,1.16,13.549999999999953,60.230000000000025,121.57,8.86,0,Dakshina Kannada,Karnataka
2018-10-12,0.91,5.5999999999999535,46.99000000000003,103.31,3.53,0,Dakshina Kannada,Karnataka
2018-10-13,2.61,4.6799999999999535,33.91000000000003,100.30000000000001,2.61,0,Dakshina Kannada,Karnataka
2018-10-14,3.51,7.029999999999953,34.43000000000003,98.34,3.51,0,Dakshina Kannada,Karnataka
2018-10-15,4.76,10.879999999999953,25.340000000000025,99.43,4.76,0,Dakshina Kannada,Karnataka
2018-10-16,10.78,19.049999999999955,27.260000000000026,104.63,10.78,0,Dakshina Kannada,Karnataka
2018-10-17,12.75,28.289999999999953,36.480000000000025,111.95,12.75,0,Dakshina Kannada,Karnataka
2018-10-18,0.14,23.669999999999952,35.46000000000002,106.77,12.75,0,Dakshina Kannada,Karnataka
2018-10-19,3.4,16.289999999999953,37.950000000000024,99.08999999999999,12.75,0,Dakshina Kannada,Karnataka
2018-10-20,2.52,6.059999999999954,37.86000000000003,87.46,3.4,0,Dakshina Kannada,Karnataka
2018-10-21,0.22,6.139999999999954,34.57000000000003,71.99000000000001,3.4,0,Dakshina Kannada,Karnataka
2018-10-22,0.08,2.8199999999999537,29.89000000000003,69.08,2.52,0,Dakshina Kannada,Karnataka
2018-10-23,0.01,0.3099999999999538,19.120000000000026,55.24,0.22,0,Dakshina Kannada,Karnataka
2018-10-24,0.01,0.09999999999995382,6.380000000000028,46.39,0.08,0,Dakshina Kannada,Karnataka
2018-10-25,0.01,0.03,6.250000000000028,42.87,0.01,0,Dakshina Kannada,Karnataka
2018-10-26,0.01,0.03,2.8600000000000283,41.71999999999999,0.01,0,Dakshina Kannada,Karnataka
2018-10-27,0.0,0.019999999999953815,0.34000000000002845,40.809999999999995,0.01,0,Dakshina Kannada,Karnataka
2018-10-28,0.0,0.009999999999953815,0.12000000000002842,38.199999999999996,0.01,0,Dakshina Kannada,Karnataka
2018-10-29,0.0,0.0,0.04000000000002842,34.69,0.0,0,Dakshina Kannada,Karnataka
2018-10-30,0.0,0.0,0.03000000000002842,29.93,0.0,0,Dakshina Kannada,Karnataka
2018-10-31,0.0,0.0,0.020000000000028422,19.15,0.0,0,Dakshina Kannada,Karnataka
2018-11-01,0.01,0.009999999999953815,0.020000000000028422,6.41,0.01,0,Dakshina Kannada,Karnataka
2018-11-02,0.24,0.24999999999995381,0.2500000000000284,6.510000000000001,0.24,0,Dakshina Kannada,Karnataka
2018-11-03,2.44,2.6899999999999538,2.6900000000000284,5.55,2.44,0,Dakshina Kannada,Karnataka
2018-11-04,0.53,3.209999999999954,3.220000000000028,3.5599999999999996,2.44,0,Dakshina Kannada,Karnataka
2018-11-05,1.77,4.739999999999954,4.990000000000029,5.109999999999999,2.44,0,Dakshina Kannada,Karnataka
2018-11-06,0.27,2.569999999999954,5.260000000000028,5.3,1.77,0,Dakshina Kannada,Karnataka
2018-11-07,0.15,2.1899999999999538,5.410000000000029,5.4399999999999995,1.77,0,Dakshina Kannada,Karnataka
2018-11-08,0.0,0.41999999999995385,5.400000000000029,5.43,0.27,0,Dakshina Kannada,Karnataka
2018-11-09,0.0,0.1499999999999538,5.160000000000029,5.42,0.15,0,Dakshina Kannada,Karnataka
2018-11-10,0.0,0.0,2.7200000000000286,5.409999999999999,0.0,0,Dakshina Kannada,Karnataka
2018-11-11,0.01,0.009999999999953815,2.2000000000000286,5.42,0.01,0,Dakshina Kannada,Karnataka
2018-11-12,0.0,0.009999999999953815,0.4300000000000284,5.42,0.01,0,Dakshina Kannada,Karnataka
2018-11-13,0.0,0.009999999999953815,0.16000000000002843,5.42,0.01,0,Dakshina Kannada,Karnataka
2018-11-14,0.0,0.0,0.010000000000028422,5.42,0.0,0,Dakshina Kannada,Karnataka
2018-11-15,0.0,0.0,0.010000000000028422,5.42,0.0,0,Dakshina Kannada,Karnataka
2018-11-16,0.09,0.08999999999995381,0.10000000000002841,5.5,0.09,0,Dakshina Kannada,Karnataka
2018-11-17,0.0,0.08999999999995381,0.10000000000002841,5.26,0.09,0,Dakshina Kannada,Karnataka
2018-11-18,0.88,0.9699999999999538,0.9700000000000284,3.7,0.88,0,Dakshina Kannada,Karnataka
2018-11-19,3.56,4.439999999999954,4.530000000000029,6.73,3.56,0,Dakshina Kannada,Karnataka
2018-11-20,0.55,4.989999999999954,5.0800000000000285,5.510000000000001,3.56,0,Dakshina Kannada,Karnataka
2018-11-21,0.04,4.149999999999954,5.1200000000000285,5.28,3.56,0,Dakshina Kannada,Karnataka
2018-11-22,0.08,0.6699999999999539,5.200000000000029,5.210000000000001,0.55,0,Dakshina Kannada,Karnataka
2018-11-23,1.98,2.099999999999954,7.090000000000028,7.19,1.98,0,Dakshina Kannada,Karnataka
2018-11-24,11.43,13.489999999999954,18.520000000000028,18.62,11.43,0,Dakshina Kannada,Karnataka
2018-11-25,0.05,13.459999999999955,17.69000000000003,18.67,11.43,0,Dakshina Kannada,Karnataka
2018-11-26,0.02,11.499999999999954,14.150000000000027,18.68,11.43,0,Dakshina Kannada,Karnataka
2018-11-27,0.02,0.08999999999995381,13.620000000000028,18.7,0.05,0,Dakshina Kannada,Karnataka
2018-11-28,0.0,0.039999999999953816,13.580000000000027,18.7,0.02,0,Dakshina Kannada,Karnataka
2018-11-29,0.0,0.019999999999953815,13.500000000000027,18.7,0.02,0,Dakshina Kannada,Karnataka
2018-11-30,0.03,0.029999999999953814,11.550000000000027,18.73,0.03,0,Dakshina Kannada,Karnataka
2018-12-01,0.13,0.15999999999995382,0.2500000000000284,18.77,0.13,0,Dakshina Kannada,Karnataka
2018-12-02,0.0,0.15999999999995382,0.20000000000002843,18.77,0.13,0,Dakshina Kannada,Karnataka
2018-12-03,0.0,0.12999999999995382,0.18000000000002842,17.89,0.13,0,Dakshina Kannada,Karnataka
2018-12-04,0.12,0.11999999999995381,0.28000000000002845,14.45,0.12,0,Dakshina Kannada,Karnataka
2018-12-05,1.7,1.8199999999999537,1.9800000000000284,15.600000000000001,1.7,0,Dakshina Kannada,Karnataka
2018-12-06,0.47,2.289999999999954,2.4500000000000286,16.03,1.7,0,Dakshina Kannada,Karnataka
2018-12-07,0.2,2.369999999999954,2.6200000000000285,16.15,1.7,0,Dakshina Kannada,Karnataka
2018-12-08,0.01,0.679999999999954,2.5000000000000284,14.18,0.47,0,Dakshina Kannada,Karnataka
2018-12-09,0.01,0.21999999999995404,2.510000000000028,2.76,0.2,0,Dakshina Kannada,Karnataka
2018-12-10,0.01,0.03,2.5200000000000284,2.72,0.01,0,Dakshina Kannada,Karnataka
2018-12-11,0.0,0.019999999999954034,2.4000000000000288,2.7,0.01,0,Dakshina Kannada,Karnataka
2018-12-12,0.0,0.009999999999954037,0.7000000000000284,2.68,0.01,0,Dakshina Kannada,Karnataka
2018-12-13,0.0,0.0,0.23000000000002843,2.68,0.0,0,Dakshina Kannada,Karnataka
2018-12-14,0.02,0.019999999999954037,0.050000000000028424,2.7,0.02,0,Dakshina Kannada,Karnataka
2018-12-15,0.0,0.019999999999954037,0.04000000000002842,2.67,0.02,0,Dakshina Kannada,Karnataka
2018-12-16,0.0,0.019999999999954037,0.030000000000028424,2.54,0.02,0,Dakshina Kannada,Karnataka
2018-12-17,0.0,0.0,0.020000000000028426,2.54,0.0,0,Dakshina Kannada,Karnataka
2018-12-18,0.0,0.0,0.020000000000028426,2.54,0.0,0,Dakshina Kannada,Karnataka
2018-12-19,0.0,0.0,0.020000000000028426,2.42,0.0,0,Dakshina Kannada,Karnataka
2018-12-20,0.16,0.15999999999995404,0.18000000000002842,0.88,0.16,0,Dakshina Kannada,Karnataka
2018-12-21,0.0,0.15999999999995404,0.16000000000002843,0.41000000000000003,0.16,0,Dakshina Kannada,Karnataka
2018-12-22,0.0,0.15999999999995404,0.16000000000002845,0.21000000000000002,0.16,0,Dakshina Kannada,Karnataka
2018-12-23,0.03,0.029999999999954036,0.19000000000002845,0.23,0.03,0,Dakshina Kannada,Karnataka
2018-12-24,1.39,1.419999999999954,1.5800000000000283,1.6099999999999999,1.39,0,Dakshina Kannada,Karnataka
2018-12-25,0.61,2.029999999999954,2.1900000000000284,2.21,1.39,0,Dakshina Kannada,Karnataka
2018-12-26,0.32,2.319999999999954,2.510000000000028,2.53,1.39,0,Dakshina Kannada,Karnataka
2018-12-27,0.1,1.029999999999954,2.450000000000028,2.63,0.61,0,Dakshina Kannada,Karnataka
2018-12-28,0.01,0.42999999999995403,2.460000000000028,2.6399999999999997,0.32,0,Dakshina Kannada,Karnataka
2018-12-29,0.04,0.14999999999995406,2.500000000000028,2.6599999999999997,0.1,0,Dakshina Kannada,Karnataka
2018-12-30,0.03,0.07999999999995404,2.5000000000000284,2.69,0.04,0,Dakshina Kannada,Karnataka
2018-12-31,0.0,0.06999999999995404,1.1100000000000285,2.69,0.04,0,Dakshina Kannada,Karnataka
2019-01-01,0.0,0.029999999999954036,0.5000000000000284,2.69,0.03,0,Dakshina Kannada,Karnataka
2019-01-02,0.0,0.0,0.18000000000002842,2.69,0.0,0,Dakshina Kannada,Karnataka
2019-01-03,0.0,0.0,0.08000000000002842,2.69,0.0,0,Dakshina Kannada,Karnataka
2019-01-04,0.0,0.0,0.07000000000002843,2.53,0.0,0,Dakshina Kannada,Karnataka
2019-01-05,0.0,0.0,0.03000000000002842,2.53,0.0,0,Dakshina Kannada,Karnataka
2019-01-06,0.0,0.0,0.0,2.53,0.0,0,Dakshina Kannada,Karnataka
2019-01-07,0.0,0.0,0.0,2.5,0.0,0,Dakshina Kannada,Karnataka
2019-01-08,0.0,0.0,0.0,1.11,0.0,0,Dakshina Kannada,Karnataka
2019-01-09,0.0,0.0,0.0,0.5,0.0,0,Dakshina Kannada,Karnataka
2019-01-10,0.0,0.0,0.0,0.18,0.0,0,Dakshina Kannada,Karnataka
2019-01-11,0.0,0.0,0.0,0.08,0.0,0,Dakshina Kannada,Karnataka
2019-01-12,0.0,0.0,0.0,0.07,0.0,0,Dakshina Kannada,Karnataka
2019-01-13,0.0,0.0,0.0,0.03,0.0,0,Dakshina Kannada,Karnataka
2019-01-14,0.0,0.0,0.0,0.0,0.0,0,Dakshina Kannada,Karnataka
2019-01-15,0.0,0.0,0.0,0.0,0.0,0,Dakshina Kannada,Karnataka
2019-01-16,0.0,0.0,0.0,0.0,0.0,0,Dakshina Kannada,Karnataka
2019-01-17,0.0,0.0,0.0,0.0,0.0,0,Dakshina Kannada,Karnataka
2019-01-18,0.0,0.0,0.0,0.0,0.0,0,Dakshina Kannada,Karnataka
2019-01-19,0.0,0.0,0.0,0.0,0.0,0,Dakshina Kannada,Karnataka
2019-01-20,0.0,0.0,0.0,0.0,0.0,0,Dakshina Kannada,Karnataka
2019-01-21,0.0,0.0,0.0,0.0,0.0,0,Dakshina Kannada,Karnataka
2019-01-22,0.01,0.009999999999954037,0.010000000000028422,0.01,0.01,0,Dakshina Kannada,Karnataka
2019-01-23,0.0,0.009999999999954037,0.010000000000028422,0.01,0.01,0,Dakshina Kannada,Karnataka
2019-01-24,0.0,0.009999999999954037,0.010000000000028422,0.01,0.01,0,Dakshina Kannada,Karnataka
2019-01-25,0.02,0.019999999999954037,0.03000000000002842,0.03,0.02,0,Dakshina Kannada,Karnataka
2019-01-26,0.0,0.019999999999954037,0.030000000000028424,0.030000000000000002,0.02,0,Dakshina Kannada,Karnataka
2019-01-27,0.0,0.019999999999954037,0.030000000000028424,0.030000000000000002,0.02,0,Dakshina Kannada,Karnataka
2019-01-28,0.0,0.0,0.030000000000028424,0.030000000000000002,0.0,0,Dakshina Kannada,Karnataka
2019-01-29,0.0,0.0,0.020000000000028426,0.030000000000000002,0.0,0,Dakshina Kannada,Karnataka
2019-01-30,0.0,0.0,0.020000000000028426,0.030000000000000002,0.0,0,Dakshina Kannada,Karnataka
2019-01-31,0.0,0.0,0.020000000000028426,0.030000000000000002,0.0,0,Dakshina Kannada,Karnataka
2019-02-01,0.0,0.0,0.0,0.030000000000000002,0.0,0,Dakshina Kannada,Karnataka
2019-02-02,0.0,0.0,0.0,0.030000000000000002,0.0,0,Dakshina Kannada,Karnataka
2019-02-03,0.0,0.0,0.0,0.030000000000000002,0.0,0,Dakshina Kannada,Karnataka
2019-02-04,0.0,0.0,0.0,0.030000000000000002,0.0,0,Dakshina Kannada,Karnataka
2019-02-05,0.0,0.0,0.0,0.030000000000000002,0.0,0,Dakshina Kannada,Karnataka
2019-02-06,0.03,0.029999999999954036,0.03000000000002842,0.05,0.03,0,Dakshina Kannada,Karnataka
2019-02-07,0.22,0.24999999999995404,0.2500000000000284,0.27,0.22,0,Dakshina Kannada,Karnataka
2019-02-08,0.0,0.24999999999995404,0.2500000000000284,0.27,0.22,0,Dakshina Kannada,Karnataka
2019-02-09,0.0,0.21999999999995404,0.2500000000000284,0.24999999999999997,0.22,0,Dakshina Kannada,Karnataka
2019-02-10,0.03,0.029999999999954036,0.28000000000002845,0.28,0.03,0,Dakshina Kannada,Karnataka
2019-02-11,0.08,0.10999999999995404,0.3600000000000284,0.36,0.08,0,Dakshina Kannada,Karnataka
2019-02-12,0.01,0.11999999999995403,0.3700000000000284,0.37,0.08,0,Dakshina Kannada,Karnataka
2019-02-13,0.0,0.08999999999995403,0.3400000000000284,0.37,0.08,0,Dakshina Kannada,Karnataka
2019-02-14,0.0,0.009999999999954037,0.12000000000002842,0.37,0.01,0,Dakshina Kannada,Karnataka
2019-02-15,0.03,0.029999999999954036,0.15000000000002842,0.4,0.03,0,Dakshina Kannada,Karnataka
2019-02-16,0.0,0.029999999999954036,0.15000000000002842,0.4,0.03,0,Dakshina Kannada,Karnataka
2019-02-17,0.0,0.029999999999954036,0.12000000000002842,0.4,0.03,0,Dakshina Kannada,Karnataka
2019-02-18,0.0,0.0,0.04000000000002842,0.4,0.0,0,Dakshina Kannada,Karnataka
2019-02-19,0.0,0.0,0.03000000000002842,0.4,0.0,0,Dakshina Kannada,Karnataka
2019-02-20,0.0,0.0,0.03000000000002842,0.4,0.0,0,Dakshina Kannada,Karnataka
2019-02-21,0.0,0.0,0.03000000000002842,0.37,0.0,0,Dakshina Kannada,Karnataka
2019-02-22,0.0,0.0,0.0,0.15,0.0,0,Dakshina Kannada,Karnataka
2019-02-23,0.0,0.0,0.0,0.15,0.0,0,Dakshina Kannada,Karnataka
2019-02-24,0.0,0.0,0.0,0.15,0.0,0,Dakshina Kannada,Karnataka
2019-02-25,0.04,0.03999999999995404,0.04000000000002842,0.16,0.04,0,Dakshina Kannada,Karnataka
2019-02-26,0.02,0.059999999999954035,0.06000000000002842,0.1,0.04,0,Dakshina Kannada,Karnataka
2019-02-27,0.0,0.059999999999954035,0.06000000000002842,0.09000000000000001,0.04,0,Dakshina Kannada,Karnataka
2019-02-28,0.0,0.019999999999954037,0.06000000000002842,0.09000000000000001,0.02,0,Dakshina Kannada,Karnataka
2019-03-01,0.0,0.0,0.06000000000002842,0.09000000000000001,0.0,0,Dakshina Kannada,Karnataka
2019-03-02,0.45,0.44999999999995405,0.5100000000000284,0.51,0.45,0,Dakshina Kannada,Karnataka
2019-03-03,0.23,0.6799999999999541,0.7400000000000284,0.74,0.45,0,Dakshina Kannada,Karnataka
2019-03-04,0.0,0.6799999999999541,0.7000000000000284,0.74,0.45,0,Dakshina Kannada,Karnataka
2019-03-05,0.0,0.22999999999995405,0.6800000000000284,0.74,0.23,0,Dakshina Kannada,Karnataka
2019-03-06,0.0,0.0,0.6800000000000284,0.74,0.0,0,Dakshina Kannada,Karnataka
2019-03-07,0.0,0.0,0.6800000000000284,0.74,0.0,0,Dakshina Kannada,Karnataka
2019-03-08,0.0,0.0,0.6800000000000284,0.74,0.0,0,Dakshina Kannada,Karnataka
2019-03-09,0.02,0.019999999999954037,0.2500000000000284,0.76,0.02,0,Dakshina Kannada,Karnataka
2019-03-10,0.23,0.24999999999995404,0.2500000000000284,0.99,0.23,0,Dakshina Kannada,Karnataka
2019-03-11,0.61,0.859999999999954,0.8600000000000284,1.6,0.61,0,Dakshina Kannada,Karnataka
2019-03-12,0.02,0.859999999999954,0.8800000000000284,1.5799999999999998,0.61,0,Dakshina Kannada,Karnataka
2019-03-13,0.0,0.629999999999954,0.8800000000000284,1.5599999999999998,0.61,0,Dakshina Kannada,Karnataka
2019-03-14,0.0,0.019999999999954037,0.8800000000000284,1.5599999999999998,0.02,0,Dakshina Kannada,Karnataka
2019-03-15,0.0,0.0,0.8800000000000284,1.5599999999999998,0.0,0,Dakshina Kannada,Karnataka
2019-03-16,0.0,0.0,0.8600000000000284,1.5599999999999998,0.0,0,Dakshina Kannada,Karnataka
2019-03-17,0.0,0.0,0.6300000000000284,1.1099999999999999,0.0,0,Dakshina Kannada,Karnataka
2019-03-18,0.0,0.0,0.020000000000028422,0.88,0.0,0,Dakshina Kannada,Karnataka
2019-03-19,0.0,0.0,0.0,0.88,0.0,0,Dakshina Kannada,Karnataka
2019-03-20,0.0,0.0,0.0,0.88,0.0,0,Dakshina Kannada,Karnataka
2019-03-21,0.0,0.0,0.0,0.88,0.0,0,Dakshina Kannada,Karnataka
2019-03-22,0.0,0.0,0.0,0.88,0.0,0,Dakshina Kannada,Karnataka
2019-03-23,0.0,0.0,0.0,0.88,0.0,0,Dakshina Kannada,Karnataka
2019-03-24,0.02,0.019999999999954037,0.020000000000028422,0.88,0.02,0,Dakshina Kannada,Karnataka
2019-03-25,0.04,0.059999999999954035,0.06000000000002842,0.69,0.04,0,Dakshina Kannada,Karnataka
2019-03-26,0.09,0.14999999999995403,0.15000000000002842,0.16999999999999998,0.09,0,Dakshina Kannada,Karnataka
2019-03-27,0.27,0.39999999999995406,0.42000000000002846,0.42000000000000004,0.27,0,Dakshina Kannada,Karnataka
2019-03-28,0.3,0.659999999999954,0.7200000000000284,0.72,0.3,0,Dakshina Kannada,Karnataka
2019-03-29,0.34,0.9099999999999541,1.0600000000000285,1.06,0.34,0,Dakshina Kannada,Karnataka
2019-03-30,1.02,1.659999999999954,2.0800000000000285,2.08,1.02,0,Dakshina Kannada,Karnataka
2019-03-31,0.5,1.859999999999954,2.5600000000000285,2.58,1.02,0,Dakshina Kannada,Karnataka
2019-04-01,0.21,1.7299999999999538,2.7300000000000284,2.79,1.02,0,Dakshina Kannada,Karnataka
2019-04-02,0.99,1.6999999999999538,3.6300000000000283,3.7800000000000002,0.99,0,Dakshina Kannada,Karnataka
2019-04-03,0.71,1.9099999999999537,4.070000000000029,4.49,0.99,0,Dakshina Kannada,Karnataka
2019-04-04,1.07,2.769999999999954,4.840000000000028,5.5600000000000005,1.07,0,Dakshina Kannada,Karnataka
2019-04-05,1.19,2.9699999999999536,5.690000000000028,6.75,1.19,0,Dakshina Kannada,Karnataka
2019-04-06,0.34,2.599999999999954,5.010000000000029,7.09,1.19,0,Dakshina Kannada,Karnataka
2019-04-07,0.38,1.9099999999999537,4.890000000000028,7.47,1.19,0,Dakshina Kannada,Karnataka
2019-04-08,0.62,1.339999999999954,5.300000000000028,8.07,0.62,0,Dakshina Kannada,Karnataka
2019-04-09,0.56,1.5599999999999539,4.8700000000000285,8.59,0.62,0,Dakshina Kannada,Karnataka
2019-04-10,0.53,1.709999999999954,4.690000000000029,9.03,0.62,0,Dakshina Kannada,Karnataka
2019-04-11,4.52,5.609999999999953,8.140000000000029,13.28,4.52,0,Dakshina Kannada,Karnataka
2019-04-12,3.09,8.139999999999953,10.040000000000028,16.07,4.52,0,Dakshina Kannada,Karnataka
2019-04-13,0.63,8.239999999999954,10.330000000000028,16.36,4.52,0,Dakshina Kannada,Karnataka
2019-04-14,1.04,4.759999999999954,10.990000000000027,16.38,3.09,0,Dakshina Kannada,Karnataka
2019-04-15,1.12,2.789999999999954,11.490000000000029,17.0,1.12,0,Dakshina Kannada,Karnataka
2019-04-16,0.48,2.639999999999954,11.410000000000029,17.27,1.12,0,Dakshina Kannada,Karnataka
2019-04-17,1.04,2.639999999999954,11.920000000000027,17.32,1.12,0,Dakshina Kannada,Karnataka
2019-04-18,1.6,3.119999999999954,9.000000000000028,18.21,1.6,0,Dakshina Kannada,Karnataka
2019-04-19,0.64,3.279999999999954,6.550000000000028,17.779999999999998,1.6,0,Dakshina Kannada,Karnataka
2019-04-20,0.01,2.249999999999954,5.930000000000029,16.599999999999998,1.6,0,Dakshina Kannada,Karnataka
2019-04-21,0.25,0.8999999999999538,5.140000000000029,16.509999999999998,0.64,0,Dakshina Kannada,Karnataka
2019-04-22,0.1,0.3599999999999538,4.1200000000000285,16.23,0.25,0,Dakshina Kannada,Karnataka
2019-04-23,0.94,1.2899999999999539,4.5800000000000285,16.55,0.94,0,Dakshina Kannada,Karnataka
2019-04-24,0.81,1.849999999999954,4.350000000000028,16.799999999999997,0.94,0,Dakshina Kannada,Karnataka
2019-04-25,0.77,2.519999999999954,3.5200000000000284,17.04,0.94,0,Dakshina Kannada,Karnataka
2019-04-26,0.3,1.8799999999999537,3.180000000000028,12.82,0.81,0,Dakshina Kannada,Karnataka
2019-04-27,0.09,1.1599999999999537,3.2600000000000287,9.82,0.77,0,Dakshina Kannada,Karnataka
2019-04-28,0.14,0.5299999999999538,3.1500000000000283,9.33,0.3,0,Dakshina Kannada,Karnataka
2019-04-29,0.56,0.7899999999999539,3.6100000000000287,8.85,0.56,0,Dakshina Kannada,Karnataka
2019-04-30,1.22,1.9199999999999537,3.8900000000000285,8.95,1.22,0,Dakshina Kannada,Karnataka
2019-05-01,0.66,2.4399999999999538,3.7400000000000286,9.129999999999999,1.22,0,Dakshina Kannada,Karnataka
2019-05-02,0.08,1.9599999999999538,3.0500000000000287,8.17,1.22,0,Dakshina Kannada,Karnataka
2019-05-03,0.03,0.769999999999954,2.7800000000000287,6.6000000000000005,0.66,0,Dakshina Kannada,Karnataka
2019-05-04,0.0,0.10999999999995404,2.6900000000000284,5.960000000000001,0.08,0,Dakshina Kannada,Karnataka
2019-05-05,0.02,0.04999999999995404,2.5700000000000287,5.97,0.03,0,Dakshina Kannada,Karnataka
2019-05-06,0.31,0.32999999999995405,2.3200000000000283,6.029999999999999,0.31,0,Dakshina Kannada,Karnataka
2019-05-07,1.21,1.539999999999954,2.3100000000000285,7.140000000000001,1.21,0,Dakshina Kannada,Karnataka
2019-05-08,0.35,1.869999999999954,2.0000000000000284,6.550000000000001,1.21,0,Dakshina Kannada,Karnataka
2019-05-09,0.0,1.5599999999999539,1.9200000000000284,5.74,1.21,0,Dakshina Kannada,Karnataka
2019-05-10,0.0,0.349999999999954,1.8900000000000285,4.970000000000001,0.35,0,Dakshina Kannada,Karnataka
2019-05-11,0.03,0.029999999999954036,1.9200000000000284,4.7,0.03,0,Dakshina Kannada,Karnataka
2019-05-12,0.63,0.6599999999999541,2.5300000000000287,5.24,0.63,0,Dakshina Kannada,Karnataka
2019-05-13,0.78,1.4399999999999542,3.0000000000000284,5.880000000000001,0.78,0,Dakshina Kannada,Karnataka
2019-05-14,0.13,1.539999999999954,1.9200000000000284,5.45,0.78,0,Dakshina Kannada,Karnataka
2019-05-15,0.23,1.1399999999999542,1.8000000000000285,4.46,0.78,0,Dakshina Kannada,Karnataka
2019-05-16,0.14,0.49999999999995404,1.9400000000000286,3.94,0.23,0,Dakshina Kannada,Karnataka
2019-05-17,0.17,0.5399999999999541,2.1100000000000283,4.03,0.23,0,Dakshina Kannada,Karnataka
2019-05-18,0.24,0.5499999999999541,2.3200000000000287,4.239999999999999,0.24,0,Dakshina Kannada,Karnataka
2019-05-19,0.96,1.369999999999954,2.6500000000000283,5.199999999999999,0.96,0,Dakshina Kannada,Karnataka
2019-05-20,1.16,2.359999999999954,3.0300000000000287,6.34,1.16,0,Dakshina Kannada,Karnataka
2019-05-21,1.11,3.2299999999999542,4.010000000000028,7.140000000000001,1.16,0,Dakshina Kannada,Karnataka
2019-05-22,0.89,3.159999999999954,4.670000000000028,6.819999999999999,1.16,0,Dakshina Kannada,Karnataka
2019-05-23,1.5,3.4999999999999543,6.030000000000028,7.97,1.5,0,Dakshina Kannada,Karnataka
2019-05-24,1.3,3.689999999999954,7.160000000000029,9.27,1.5,0,Dakshina Kannada,Karnataka
2019-05-25,5.49,8.289999999999955,12.410000000000029,14.76,5.49,0,Dakshina Kannada,Karnataka
2019-05-26,1.02,7.809999999999954,12.470000000000029,15.75,5.49,0,Dakshina Kannada,Karnataka
2019-05-27,0.83,7.339999999999955,12.14000000000003,15.95,5.49,0,Dakshina Kannada,Karnataka
2019-05-28,0.99,2.8399999999999546,12.02000000000003,16.16,1.02,0,Dakshina Kannada,Karnataka
2019-05-29,4.99,6.809999999999954,16.12000000000003,21.020000000000003,4.99,0,Dakshina Kannada,Karnataka
2019-05-30,2.33,8.309999999999954,16.950000000000028,23.12,4.99,0,Dakshina Kannada,Karnataka
2019-05-31,2.8,10.119999999999955,18.45000000000003,25.78,4.99,0,Dakshina Kannada,Karnataka
2019-06-01,3.33,8.459999999999955,16.290000000000028,28.939999999999998,3.33,1,Dakshina Kannada,Karnataka
2019-06-02,4.73,10.859999999999953,20.00000000000003,33.43,4.73,1,Dakshina Kannada,Karnataka
2019-06-03,11.57,19.629999999999953,30.74000000000003,44.04,11.57,1,Dakshina Kannada,Karnataka
2019-06-04,0.1,16.399999999999956,29.85000000000003,42.980000000000004,11.57,1,Dakshina Kannada,Karnataka
2019-06-05,7.98,19.649999999999956,32.84000000000003,49.85,11.57,1,Dakshina Kannada,Karnataka
2019-06-06,7.47,15.549999999999955,37.98000000000003,56.43,7.98,1,Dakshina Kannada,Karnataka
2019-06-07,2.07,17.519999999999953,37.250000000000036,57.0,7.98,1,Dakshina Kannada,Karnataka
2019-06-08,4.27,13.809999999999953,38.190000000000026,59.97,7.47,1,Dakshina Kannada,Karnataka
2019-06-09,2.08,8.419999999999952,35.54000000000003,56.56,4.27,1,Dakshina Kannada,Karnataka
2019-06-10,14.09,20.43999999999995,38.06000000000003,69.63,14.09,1,Dakshina Kannada,Karnataka
2019-06-11,22.45,38.61999999999995,60.410000000000025,91.25,22.45,1,Dakshina Kannada,Karnataka
2019-06-12,25.53,62.06999999999995,77.96000000000004,115.78999999999999,25.53,1,Dakshina Kannada,Karnataka
2019-06-13,27.44,75.41999999999996,97.93000000000004,138.24,27.44,1,Dakshina Kannada,Karnataka
2019-06-14,20.02,72.98999999999995,115.88000000000002,155.93,27.44,1,Dakshina Kannada,Karnataka
2019-06-15,22.46,69.91999999999996,134.07000000000002,175.59,27.44,1,Dakshina Kannada,Karnataka
2019-06-16,5.56,48.03999999999996,137.55,177.82,22.46,1,Dakshina Kannada,Karnataka
2019-06-17,5.56,33.579999999999956,129.02000000000004,178.65,22.46,1,Dakshina Kannada,Karnataka
2019-06-18,22.2,33.31999999999995,128.77000000000004,189.28,22.2,1,Dakshina Kannada,Karnataka
2019-06-19,40.18,67.93999999999996,143.42000000000004,229.36,40.18,1,Dakshina Kannada,Karnataka
2019-06-20,43.25,105.62999999999994,159.23000000000002,264.63,43.25,1,Dakshina Kannada,Karnataka
2019-06-21,10.7,94.12999999999995,149.91000000000005,267.86,43.25,1,Dakshina Kannada,Karnataka
2019-06-22,13.95,67.89999999999995,141.40000000000003,279.73999999999995,43.25,1,Dakshina Kannada,Karnataka
2019-06-23,10.85,35.49999999999995,146.69000000000003,286.32,13.95,1,Dakshina Kannada,Karnataka
2019-06-24,2.91,27.70999999999995,144.04000000000002,287.15000000000003,13.95,1,Dakshina Kannada,Karnataka
2019-06-25,17.48,31.23999999999995,139.32000000000002,290.53999999999996,17.48,1,Dakshina Kannada,Karnataka
2019-06-26,23.12,43.50999999999995,122.26000000000002,291.21,23.12,1,Dakshina Kannada,Karnataka
2019-06-27,13.27,53.86999999999995,92.28000000000003,278.95000000000005,23.12,1,Dakshina Kannada,Karnataka
2019-06-28,11.82,48.20999999999995,93.40000000000003,263.33,23.12,1,Dakshina Kannada,Karnataka
2019-06-29,17.82,42.909999999999954,97.27000000000004,261.13,17.82,1,Dakshina Kannada,Karnataka
2019-06-30,16.52,46.159999999999954,102.94000000000004,255.19,17.82,1,Dakshina Kannada,Karnataka
2019-07-01,20.77,55.10999999999995,120.80000000000003,270.4,20.77,1,Dakshina Kannada,Karnataka
2019-07-02,17.39,54.67999999999995,120.71000000000002,282.23,20.77,1,Dakshina Kannada,Karnataka
2019-07-03,16.1,54.259999999999955,113.69000000000003,276.13,20.77,1,Dakshina Kannada,Karnataka
2019-07-04,19.17,52.659999999999954,119.59000000000003,255.12,19.17,1,Dakshina Kannada,Karnataka
2019-07-05,26.66,61.92999999999995,134.43000000000004,238.53,26.66,1,Dakshina Kannada,Karnataka
2019-07-06,21.66,67.48999999999995,138.27000000000004,249.49,26.66,1,Dakshina Kannada,Karnataka
2019-07-07,13.24,61.55999999999995,134.99000000000004,248.78,26.66,1,Dakshina Kannada,Karnataka
2019-07-08,21.49,56.389999999999944,135.71000000000004,259.42,21.66,1,Dakshina Kannada,Karnataka
2019-07-09,48.19,82.91999999999994,166.51000000000002,304.7,48.19,1,Dakshina Kannada,Karnataka
2019-07-10,40.48,110.15999999999994,190.89000000000004,327.7,48.19,1,Dakshina Kannada,Karnataka
2019-07-11,21.25,109.91999999999993,192.97000000000003,325.83,48.19,1,Dakshina Kannada,Karnataka
2019-07-12,16.5,78.22999999999995,182.81,329.05999999999995,40.48,1,Dakshina Kannada,Karnataka
2019-07-13,14.35,52.09999999999995,175.50000000000003,331.59,21.25,1,Dakshina Kannada,Karnataka
2019-07-14,37.71,68.55999999999995,199.97000000000003,351.47999999999996,37.71,1,Dakshina Kannada,Karnataka
2019-07-15,20.17,72.22999999999996,198.65000000000003,355.13,37.71,1,Dakshina Kannada,Karnataka
2019-07-16,13.25,71.12999999999995,163.71000000000004,347.61,37.71,1,Dakshina Kannada,Karnataka
2019-07-17,4.99,38.409999999999954,128.22000000000003,335.21,20.17,1,Dakshina Kannada,Karnataka
2019-07-18,27.04,45.27999999999995,134.01000000000005,346.15000000000003,27.04,1,Dakshina Kannada,Karnataka
2019-07-19,51.31,83.33999999999995,168.82000000000005,378.29,51.31,1,Dakshina Kannada,Karnataka
2019-07-20,49.49,127.83999999999996,203.96000000000004,401.12,51.31,1,Dakshina Kannada,Karnataka
2019-07-21,55.87,156.66999999999996,222.12000000000003,435.33,55.87,1,Dakshina Kannada,Karnataka
2019-07-22,93.35,198.70999999999995,295.30000000000007,515.44,93.35,1,Dakshina Kannada,Karnataka
2019-07-23,41.98,191.19999999999993,324.03000000000003,535.93,93.35,1,Dakshina Kannada,Karnataka
2019-07-24,33.79,169.11999999999995,352.83000000000004,521.53,93.35,1,Dakshina Kannada,Karnataka
2019-07-25,18.3,94.06999999999995,344.09000000000003,499.35,41.98,1,Dakshina Kannada,Karnataka
2019-07-26,21.18,73.26999999999995,313.96,499.28000000000003,33.79,1,Dakshina Kannada,Karnataka
2019-07-27,14.56,54.03999999999996,279.03,497.34000000000003,21.18,1,Dakshina Kannada,Karnataka
2019-07-28,9.13,44.869999999999955,232.29000000000002,492.12,21.18,1,Dakshina Kannada,Karnataka
2019-07-29,14.37,38.05999999999996,153.31000000000003,468.78000000000003,14.56,1,Dakshina Kannada,Karnataka
2019-07-30,13.01,36.509999999999955,124.34000000000003,461.62,14.37,1,Dakshina Kannada,Karnataka
2019-07-31,10.66,38.03999999999996,101.21000000000004,459.03000000000003,14.37,1,Dakshina Kannada,Karnataka
2019-08-01,6.09,29.75999999999996,89.00000000000003,460.13,13.01,1,Dakshina Kannada,Karnataka
2019-08-02,15.59,32.33999999999996,83.41000000000003,448.67999999999995,15.59,1,Dakshina Kannada,Karnataka
2019-08-03,25.17,46.84999999999996,94.02000000000002,422.53999999999996,25.17,1,Dakshina Kannada,Karnataka
2019-08-04,31.38,72.13999999999996,116.27000000000002,404.42999999999995,31.38,1,Dakshina Kannada,Karnataka
2019-08-05,58.12,114.66999999999996,160.02000000000004,406.68,58.12,1,Dakshina Kannada,Karnataka
2019-08-06,89.29,178.78999999999996,236.30000000000004,402.62,89.29,1,Dakshina Kannada,Karnataka
2019-08-07,99.16,246.56999999999996,324.80000000000007,459.79999999999995,99.16,1,Dakshina Kannada,Karnataka
2019-08-08,70.72,259.16999999999996,389.43,496.73,99.16,1,Dakshina Kannada,Karnataka
2019-08-09,89.08,258.9599999999999,462.92,567.51,99.16,1,Dakshina Kannada,Karnataka
2019-08-10,57.88,217.67999999999998,495.63,604.21,89.08,1,Dakshina Kannada,Karnataka
2019-08-11,40.87,187.82999999999998,505.12,630.52,89.08,1,Dakshina Kannada,Karnataka
2019-08-12,84.37,183.11999999999995,531.37,705.76,84.37,1,Dakshina Kannada,Karnataka
2019-08-13,56.84,182.07999999999998,498.9200000000001,748.23,84.37,1,Dakshina Kannada,Karnataka
2019-08-14,47.42,188.62999999999997,447.18000000000006,782.64,84.37,1,Dakshina Kannada,Karnataka
2019-08-15,29.97,134.22999999999996,406.43,801.95,56.84,1,Dakshina Kannada,Karnataka
2019-08-16,31.88,109.26999999999995,349.23,827.74,47.42,1,Dakshina Kannada,Karnataka
2019-08-17,23.32,85.16999999999996,314.67,835.47,31.88,1,Dakshina Kannada,Karnataka
2019-08-18,18.63,73.82999999999996,292.43,828.9300000000001,31.88,1,Dakshina Kannada,Karnataka
2019-08-19,16.2,58.14999999999996,224.26000000000002,813.75,23.32,1,Dakshina Kannada,Karnataka
2019-08-20,10.44,45.26999999999995,177.86,766.07,18.63,1,Dakshina Kannada,Karnataka
2019-08-21,37.75,64.38999999999996,168.19000000000003,714.53,37.75,1,Dakshina Kannada,Karnataka
2019-08-22,15.33,63.51999999999995,153.55000000000004,630.6999999999999,37.75,1,Dakshina Kannada,Karnataka
2019-08-23,37.07,90.14999999999995,158.74000000000004,597.0500000000001,37.75,1,Dakshina Kannada,Karnataka
2019-08-24,35.5,87.89999999999995,170.92000000000004,543.47,37.07,1,Dakshina Kannada,Karnataka
2019-08-25,16.27,88.83999999999996,168.56,501.86,37.07,1,Dakshina Kannada,Karnataka
2019-08-26,33.1,84.86999999999995,185.46000000000004,494.09000000000003,35.5,1,Dakshina Kannada,Karnataka
2019-08-27,31.79,81.15999999999995,206.81000000000003,441.51,33.1,1,Dakshina Kannada,Karnataka
2019-08-28,18.39,83.27999999999996,187.45000000000002,403.06,33.1,1,Dakshina Kannada,Karnataka
2019-08-29,33.58,83.75999999999995,205.70000000000002,389.21999999999997,33.58,1,Dakshina Kannada,Karnataka
2019-08-30,33.42,85.38999999999996,202.05,392.67,33.58,1,Dakshina Kannada,Karnataka
2019-08-31,20.58,87.57999999999996,187.13000000000002,381.37,33.58,1,Dakshina Kannada,Karnataka
2019-09-01,47.62,101.61999999999995,218.48000000000002,405.67,47.62,1,Dakshina Kannada,Karnataka
2019-09-02,32.36,100.55999999999995,217.74,419.4,47.62,1,Dakshina Kannada,Karnataka
2019-09-03,29.31,109.28999999999995,215.26000000000002,432.51,47.62,1,Dakshina Kannada,Karnataka
2019-09-04,76.6,138.26999999999995,273.47,498.67,76.6,1,Dakshina Kannada,Karnataka
2019-09-05,26.28,132.18999999999994,266.17,487.19999999999993,76.6,1,Dakshina Kannada,Karnataka
2019-09-06,31.26,134.13999999999996,264.01000000000005,503.13,76.6,1,Dakshina Kannada,Karnataka
2019-09-07,32.58,90.11999999999996,276.01,498.64,32.58,1,Dakshina Kannada,Karnataka
2019-09-08,31.61,95.44999999999996,260.0,494.75,32.58,1,Dakshina Kannada,Karnataka
2019-09-09,25.98,90.16999999999996,253.62000000000003,504.46,32.58,1,Dakshina Kannada,Karnataka
2019-09-10,15.63,73.21999999999996,239.94000000000003,486.99,31.61,1,Dakshina Kannada,Karnataka
2019-09-11,14.78,56.38999999999996,178.12000000000003,469.98,25.98,1,Dakshina Kannada,Karnataka
2019-09-12,13.62,44.02999999999996,165.46000000000004,465.21,15.63,1,Dakshina Kannada,Karnataka
2019-09-13,23.34,51.73999999999995,157.54000000000005,454.96999999999997,23.34,1,Dakshina Kannada,Karnataka
2019-09-14,12.4,49.35999999999995,137.36000000000004,433.95,23.34,1,Dakshina Kannada,Karnataka
2019-09-15,10.13,45.869999999999955,115.88000000000002,423.5,23.34,1,Dakshina Kannada,Karnataka
2019-09-16,23.0,45.52999999999996,112.90000000000003,398.88,23.0,1,Dakshina Kannada,Karnataka
2019-09-17,10.68,43.80999999999996,107.95000000000003,377.2,23.0,1,Dakshina Kannada,Karnataka
2019-09-18,13.79,47.469999999999956,106.96000000000004,361.68,23.0,1,Dakshina Kannada,Karnataka
2019-09-19,11.93,36.399999999999956,105.27000000000002,297.01,13.79,1,Dakshina Kannada,Karnataka
2019-09-20,2.06,27.779999999999955,83.99000000000004,272.79,13.79,1,Dakshina Kannada,Karnataka
2019-09-21,2.4,16.389999999999958,73.99000000000002,243.93,11.93,1,Dakshina Kannada,Karnataka
2019-09-22,5.88,10.339999999999957,69.74000000000002,217.23,5.88,1,Dakshina Kannada,Karnataka
2019-09-23,8.37,16.649999999999956,55.11000000000003,193.99,8.37,1,Dakshina Kannada,Karnataka
2019-09-24,7.64,21.889999999999958,52.07000000000003,175.65,8.37,1,Dakshina Kannada,Karnataka
2019-09-25,28.44,44.44999999999996,66.72000000000003,188.46,28.44,1,Dakshina Kannada,Karnataka
2019-09-26,39.04,75.11999999999995,93.83000000000003,212.72,39.04,1,Dakshina Kannada,Karnataka
2019-09-27,3.3,70.77999999999996,95.07000000000002,202.4,39.04,1,Dakshina Kannada,Karnataka
2019-09-28,0.54,42.87999999999995,93.21000000000004,179.6,39.04,1,Dakshina Kannada,Karnataka
2019-09-29,2.51,6.34999999999995,89.84000000000002,169.70999999999998,3.3,1,Dakshina Kannada,Karnataka
2019-09-30,3.42,6.46999999999995,84.89000000000003,163.0,3.42,1,Dakshina Kannada,Karnataka
2019-10-01,7.22,13.149999999999949,84.47000000000003,147.22,7.22,0,Dakshina Kannada,Karnataka
2019-10-02,3.04,13.67999999999995,59.07000000000003,139.58,7.22,0,Dakshina Kannada,Karnataka
2019-10-03,9.9,20.15999999999995,29.930000000000028,135.69,9.9,0,Dakshina Kannada,Karnataka
2019-10-04,5.75,18.68999999999995,32.380000000000024,129.51,9.9,0,Dakshina Kannada,Karnataka
2019-10-05,8.69,24.33999999999995,40.53000000000003,136.14,9.9,0,Dakshina Kannada,Karnataka
2019-10-06,11.57,26.00999999999995,49.59000000000003,145.31,11.57,0,Dakshina Kannada,Karnataka
2019-10-07,2.35,22.60999999999995,48.52000000000003,141.78,11.57,0,Dakshina Kannada,Karnataka
2019-10-08,5.02,18.939999999999948,46.32000000000003,138.42999999999998,11.57,0,Dakshina Kannada,Karnataka
2019-10-09,11.61,18.979999999999947,54.89000000000003,142.4,11.61,0,Dakshina Kannada,Karnataka
2019-10-10,2.27,18.89999999999995,47.260000000000026,116.23,11.61,0,Dakshina Kannada,Karnataka
2019-10-11,2.44,16.31999999999995,43.95000000000003,79.63,11.61,0,Dakshina Kannada,Karnataka
2019-10-12,27.36,32.06999999999995,62.620000000000026,103.69,27.36,0,Dakshina Kannada,Karnataka
2019-10-13,8.64,38.439999999999955,59.690000000000026,111.78999999999999,27.36,0,Dakshina Kannada,Karnataka
2019-10-14,18.48,54.479999999999954,75.82000000000002,127.76,27.36,0,Dakshina Kannada,Karnataka
2019-10-15,15.91,43.02999999999995,86.71000000000004,140.25,18.48,0,Dakshina Kannada,Karnataka
2019-10-16,3.87,38.25999999999995,78.97000000000003,136.9,18.48,0,Dakshina Kannada,Karnataka
2019-10-17,16.45,36.22999999999995,93.15000000000003,150.31,16.45,0,Dakshina Kannada,Karnataka
2019-10-18,64.79,85.10999999999996,155.50000000000006,205.20000000000002,64.79,0,Dakshina Kannada,Karnataka
2019-10-19,16.53,97.76999999999995,144.67000000000002,215.98000000000002,64.79,0,Dakshina Kannada,Karnataka
2019-10-20,18.93,100.24999999999997,154.96000000000004,226.22000000000003,64.79,0,Dakshina Kannada,Karnataka
2019-10-21,26.87,62.32999999999994,163.35000000000002,241.52,26.87,0,Dakshina Kannada,Karnataka
2019-10-22,36.02,81.81999999999995,183.46000000000004,275.19,36.02,0,Dakshina Kannada,Karnataka
2019-10-23,61.4,124.28999999999995,240.99000000000004,331.57000000000005,61.4,0,Dakshina Kannada,Karnataka
2019-10-24,35.54,132.95999999999995,260.08000000000004,355.5,61.4,0,Dakshina Kannada,Karnataka
2019-10-25,52.04,148.97999999999996,247.33,405.27000000000004,61.4,0,Dakshina Kannada,Karnataka
2019-10-26,82.4,169.97999999999996,313.20000000000005,485.23,82.4,0,Dakshina Kannada,Karnataka
2019-10-27,18.78,153.21999999999997,313.05,476.65000000000003,82.4,0,Dakshina Kannada,Karnataka
2019-10-28,6.26,107.43999999999997,292.44,474.27000000000004,82.4,0,Dakshina Kannada,Karnataka
2019-10-29,5.85,30.889999999999958,262.27000000000004,461.64000000000004,18.78,0,Dakshina Kannada,Karnataka
2019-10-30,7.08,19.189999999999955,207.95000000000002,452.81,7.08,0,Dakshina Kannada,Karnataka
2019-10-31,13.21,26.139999999999958,185.62000000000003,462.15000000000003,13.21,0,Dakshina Kannada,Karnataka
2019-11-01,1.53,21.819999999999958,135.11000000000004,447.23,13.21,0,Dakshina Kannada,Karnataka
2019-11-02,0.19,14.929999999999959,52.90000000000003,382.63000000000005,13.21,0,Dakshina Kannada,Karnataka
2019-11-03,4.04,5.759999999999957,38.160000000000025,370.14000000000004,4.04,0,Dakshina Kannada,Karnataka
2019-11-04,2.41,6.639999999999957,34.31000000000003,353.62,4.04,0,Dakshina Kannada,Karnataka
2019-11-05,3.43,9.879999999999958,31.89000000000003,330.18,4.04,0,Dakshina Kannada,Karnataka
2019-11-06,6.71,12.549999999999958,31.52000000000003,300.87,6.71,0,Dakshina Kannada,Karnataka
2019-11-07,1.41,11.549999999999956,19.72000000000003,240.88000000000002,6.71,0,Dakshina Kannada,Karnataka
2019-11-08,0.18,8.299999999999958,18.37000000000003,205.52000000000004,6.71,0,Dakshina Kannada,Karnataka
2019-11-09,0.43,2.0199999999999565,18.610000000000028,153.91,1.41,0,Dakshina Kannada,Karnataka
2019-11-10,2.64,3.2499999999999565,17.21000000000003,74.15,2.64,0,Dakshina Kannada,Karnataka
2019-11-11,0.59,3.6599999999999566,15.390000000000029,55.96,2.64,0,Dakshina Kannada,Karnataka
2019-11-12,0.35,3.579999999999957,12.310000000000029,50.050000000000004,2.64,0,Dakshina Kannada,Karnataka
2019-11-13,0.09,1.029999999999957,5.690000000000029,44.29,0.59,0,Dakshina Kannada,Karnataka
2019-11-14,0.08,0.5199999999999569,4.360000000000029,37.290000000000006,0.35,0,Dakshina Kannada,Karnataka
2019-11-15,1.29,1.4599999999999569,5.470000000000029,25.37,1.29,0,Dakshina Kannada,Karnataka
2019-11-16,2.52,3.889999999999957,7.560000000000029,26.36,2.52,0,Dakshina Kannada,Karnataka
2019-11-17,1.83,5.639999999999956,6.750000000000028,28.0,2.52,0,Dakshina Kannada,Karnataka
2019-11-18,0.04,4.389999999999956,6.200000000000029,24.0,2.52,0,Dakshina Kannada,Karnataka
2019-11-19,0.16,2.029999999999957,6.010000000000028,21.75,1.83,0,Dakshina Kannada,Karnataka
2019-11-20,0.56,0.7599999999999569,6.480000000000028,18.880000000000003,0.56,0,Dakshina Kannada,Karnataka
2019-11-21,0.77,1.489999999999957,7.170000000000028,12.94,0.77,0,Dakshina Kannada,Karnataka
2019-11-22,0.26,1.589999999999957,6.140000000000029,11.79,0.77,0,Dakshina Kannada,Karnataka
2019-11-23,0.01,1.039999999999957,3.6300000000000283,11.620000000000001,0.77,0,Dakshina Kannada,Karnataka
2019-11-24,0.01,0.27999999999995695,1.8100000000000285,11.200000000000001,0.26,0,Dakshina Kannada,Karnataka
2019-11-25,0.0,0.019999999999956924,1.7700000000000284,8.56,0.01,0,Dakshina Kannada,Karnataka
2019-11-26,0.0,0.009999999999956924,1.6100000000000285,7.97,0.01,0,Dakshina Kannada,Karnataka
2019-11-27,0.02,0.019999999999956924,1.0700000000000285,7.64,0.02,0,Dakshina Kannada,Karnataka
2019-11-28,0.2,0.21999999999995692,0.5000000000000284,7.75,0.2,0,Dakshina Kannada,Karnataka
2019-11-29,0.44,0.659999999999957,0.6800000000000285,8.11,0.44,0,Dakshina Kannada,Karnataka
2019-11-30,0.79,1.429999999999957,1.4600000000000284,7.61,0.79,0,Dakshina Kannada,Karnataka
2019-12-01,8.21,9.439999999999959,9.660000000000029,13.3,8.21,0,Dakshina Kannada,Karnataka
2019-12-02,10.8,19.79999999999996,20.46000000000003,22.270000000000003,10.8,0,Dakshina Kannada,Karnataka
2019-12-03,1.09,20.099999999999962,21.55000000000003,23.320000000000004,10.8,0,Dakshina Kannada,Karnataka
2019-12-04,0.03,11.919999999999957,21.56000000000003,23.19,10.8,0,Dakshina Kannada,Karnataka
2019-12-05,0.0,1.1199999999999575,21.36000000000003,22.63,1.09,0,Dakshina Kannada,Karnataka
2019-12-06,0.0,0.029999999999957366,20.92000000000003,21.86,0.03,0,Dakshina Kannada,Karnataka
2019-12-07,0.01,0.009999999999957368,20.14000000000003,21.610000000000003,0.01,0,Dakshina Kannada,Karnataka
2019-12-08,0.01,0.019999999999957368,11.94000000000003,21.61,0.01,0,Dakshina Kannada,Karnataka
2019-12-09,0.0,0.019999999999957368,1.1400000000000285,21.6,0.01,0,Dakshina Kannada,Karnataka
2019-12-10,0.0,0.009999999999957368,0.050000000000028424,21.6,0.01,0,Dakshina Kannada,Karnataka
2019-12-11,0.0,0.0,0.020000000000028422,21.6,0.0,0,Dakshina Kannada,Karnataka
2019-12-12,0.01,0.009999999999957368,0.03000000000002842,21.590000000000003,0.01,0,Dakshina Kannada,Karnataka
2019-12-13,0.0,0.009999999999957368,0.03000000000002842,21.39,0.01,0,Dakshina Kannada,Karnataka
2019-12-14,1.42,1.4299999999999573,1.4400000000000284,22.37,1.42,0,Dakshina Kannada,Karnataka
2019-12-15,1.29,2.7099999999999573,2.720000000000028,22.87,1.42,0,Dakshina Kannada,Karnataka
2019-12-16,0.02,2.7299999999999573,2.740000000000028,14.680000000000001,1.42,0,Dakshina Kannada,Karnataka
2019-12-17,1.94,3.2499999999999574,4.680000000000028,5.82,1.94,0,Dakshina Kannada,Karnataka
2019-12-18,1.38,3.3399999999999572,6.060000000000028,6.11,1.94,0,Dakshina Kannada,Karnataka
2019-12-19,0.03,3.349999999999957,6.0800000000000285,6.109999999999999,1.94,0,Dakshina Kannada,Karnataka
2019-12-20,0.0,1.4099999999999573,6.0800000000000285,6.109999999999999,1.38,0,Dakshina Kannada,Karnataka
2019-12-21,0.85,0.8799999999999574,5.510000000000028,6.96,0.85,0,Dakshina Kannada,Karnataka
2019-12-22,0.01,0.8599999999999574,4.230000000000029,6.96,0.85,0,Dakshina Kannada,Karnataka
2019-12-23,0.0,0.8599999999999574,4.210000000000028,6.95,0.85,0,Dakshina Kannada,Karnataka
2019-12-24,0.09,0.09999999999995736,2.3600000000000287,7.04,0.09,0,Dakshina Kannada,Karnataka
2019-12-25,0.04,0.12999999999995737,1.0200000000000284,7.08,0.09,0,Dakshina Kannada,Karnataka
2019-12-26,0.09,0.21999999999995737,1.0800000000000285,7.17,0.09,0,Dakshina Kannada,Karnataka
2019-12-27,0.19,0.3199999999999574,1.2700000000000284,7.35,0.19,0,Dakshina Kannada,Karnataka
2019-12-28,1.77,2.049999999999957,2.1900000000000284,9.12,1.77,0,Dakshina Kannada,Karnataka
2019-12-29,1.55,3.509999999999957,3.730000000000029,9.25,1.77,0,Dakshina Kannada,Karnataka
2019-12-30,0.44,3.7599999999999576,4.170000000000028,8.4,1.77,0,Dakshina Kannada,Karnataka
2019-12-31,0.52,2.509999999999957,4.600000000000029,8.9,1.55,0,Dakshina Kannada,Karnataka
2020-01-01,0.05,1.0099999999999574,4.610000000000029,7.01,0.52,0,Dakshina Kannada,Karnataka
2020-01-02,0.01,0.5799999999999574,4.530000000000028,5.64,0.52,0,Dakshina Kannada,Karnataka
2020-01-03,0.0,0.05999999999995737,4.340000000000028,5.61,0.05,0,Dakshina Kannada,Karnataka
2020-01-04,0.0,0.009999999999957368,2.5700000000000283,5.61,0.01,0,Dakshina Kannada,Karnataka
2020-01-05,0.0,0.0,1.0200000000000284,4.76,0.0,0,Dakshina Kannada,Karnataka
2020-01-06,0.0,0.0,0.5800000000000285,4.75,0.0,0,Dakshina Kannada,Karnataka
2020-01-07,0.0,0.0,0.060000000000028426,4.75,0.0,0,Dakshina Kannada,Karnataka
2020-01-08,0.01,0.009999999999957368,0.020000000000028422,4.67,0.01,0,Dakshina Kannada,Karnataka
2020-01-09,0.0,0.009999999999957368,0.010000000000028422,4.63,0.01,0,Dakshina Kannada,Karnataka
2020-01-10,0.0,0.009999999999957368,0.010000000000028422,4.54,0.01,0,Dakshina Kannada,Karnataka
2020-01-11,0.0,0.0,0.010000000000028422,4.35,0.0,0,Dakshina Kannada,Karnataka
2020-01-12,0.0,0.0,0.010000000000028422,2.58,0.0,0,Dakshina Kannada,Karnataka
2020-01-13,0.0,0.0,0.010000000000028422,1.03,0.0,0,Dakshina Kannada,Karnataka
2020-01-14,0.0,0.0,0.010000000000028422,0.59,0.0,0,Dakshina Kannada,Karnataka
2020-01-15,0.0,0.0,0.0,0.07,0.0,0,Dakshina Kannada,Karnataka
2020-01-16,0.08,0.07999999999995737,0.08000000000002842,0.1,0.08,0,Dakshina Kannada,Karnataka
2020-01-17,0.02,0.09999999999995737,0.10000000000002843,0.11000000000000001,0.08,0,Dakshina Kannada,Karnataka
2020-01-18,0.0,0.09999999999995737,0.10000000000002843,0.11000000000000001,0.08,0,Dakshina Kannada,Karnataka
2020-01-19,0.03,0.04999999999995737,0.13000000000002843,0.14,0.03,0,Dakshina Kannada,Karnataka
2020-01-20,0.1,0.12999999999995737,0.23000000000002843,0.24000000000000002,0.1,0,Dakshina Kannada,Karnataka
2020-01-21,0.03,0.15999999999995737,0.26000000000002843,0.27,0.1,0,Dakshina Kannada,Karnataka
2020-01-22,0.0,0.12999999999995737,0.26000000000002843,0.27,0.1,0,Dakshina Kannada,Karnataka
2020-01-23,0.0,0.029999999999957366,0.18000000000002842,0.26,0.03,0,Dakshina Kannada,Karnataka
2020-01-24,0.0,0.0,0.16000000000002843,0.26,0.0,0,Dakshina Kannada,Karnataka
2020-01-25,0.0,0.0,0.16000000000002843,0.26,0.0,0,Dakshina Kannada,Karnataka
2020-01-26,0.0,0.0,0.13000000000002843,0.26,0.0,0,Dakshina Kannada,Karnataka
2020-01-27,0.0,0.0,0.03000000000002842,0.26,0.0,0,Dakshina Kannada,Karnataka
2020-01-28,0.03,0.029999999999957366,0.03000000000002842,0.29000000000000004,0.03,0,Dakshina Kannada,Karnataka
2020-01-29,0.01,0.03999999999995737,0.04000000000002842,0.3,0.03,0,Dakshina Kannada,Karnataka
2020-01-30,0.0,0.03999999999995737,0.04000000000002842,0.3,0.03,0,Dakshina Kannada,Karnataka
2020-01-31,0.0,0.009999999999957368,0.04000000000002842,0.22,0.01,0,Dakshina Kannada,Karnataka
2020-02-01,0.0,0.0,0.04000000000002842,0.2,0.0,0,Dakshina Kannada,Karnataka
2020-02-02,0.01,0.009999999999957368,0.050000000000028424,0.21,0.01,0,Dakshina Kannada,Karnataka
2020-02-03,0.0,0.009999999999957368,0.050000000000028424,0.18,0.01,0,Dakshina Kannada,Karnataka
2020-02-04,0.0,0.009999999999957368,0.020000000000028422,0.08,0.01,0,Dakshina Kannada,Karnataka
2020-02-05,0.01,0.009999999999957368,0.020000000000028422,0.06,0.01,0,Dakshina Kannada,Karnataka
2020-02-06,0.0,0.009999999999957368,0.020000000000028422,0.06,0.01,0,Dakshina Kannada,Karnataka
2020-02-07,0.0,0.009999999999957368,0.020000000000028422,0.06,0.01,0,Dakshina Kannada,Karnataka
2020-02-08,0.0,0.0,0.020000000000028422,0.06,0.0,0,Dakshina Kannada,Karnataka
2020-02-09,0.0,0.0,0.010000000000028422,0.06,0.0,0,Dakshina Kannada,Karnataka
2020-02-10,0.0,0.0,0.010000000000028422,0.06,0.0,0,Dakshina Kannada,Karnataka
2020-02-11,0.01,0.009999999999957368,0.020000000000028422,0.07,0.01,0,Dakshina Kannada,Karnataka
2020-02-12,0.0,0.009999999999957368,0.010000000000028422,0.04,0.01,0,Dakshina Kannada,Karnataka
2020-02-13,0.0,0.009999999999957368,0.010000000000028422,0.03,0.01,0,Dakshina Kannada,Karnataka
2020-02-14,0.0,0.0,0.010000000000028422,0.03,0.0,0,Dakshina Kannada,Karnataka
2020-02-15,0.0,0.0,0.010000000000028422,0.03,0.0,0,Dakshina Kannada,Karnataka
2020-02-16,0.0,0.0,0.010000000000028422,0.03,0.0,0,Dakshina Kannada,Karnataka
2020-02-17,0.0,0.0,0.010000000000028422,0.02,0.0,0,Dakshina Kannada,Karnataka
2020-02-18,0.0,0.0,0.0,0.02,0.0,0,Dakshina Kannada,Karnataka
2020-02-19,0.0,0.0,0.0,0.02,0.0,0,Dakshina Kannada,Karnataka
2020-02-20,0.0,0.0,0.0,0.01,0.0,0,Dakshina Kannada,Karnataka
2020-02-21,0.0,0.0,0.0,0.01,0.0,0,Dakshina Kannada,Karnataka
2020-02-22,0.0,0.0,0.0,0.01,0.0,0,Dakshina Kannada,Karnataka
2020-02-23,0.0,0.0,0.0,0.01,0.0,0,Dakshina Kannada,Karnataka
2020-02-24,0.0,0.0,0.0,0.01,0.0,0,Dakshina Kannada,Karnataka
2020-02-25,0.01,0.009999999999957368,0.010000000000028422,0.02,0.01,0,Dakshina Kannada,Karnataka
2020-02-26,0.0,0.009999999999957368,0.010000000000028422,0.01,0.01,0,Dakshina Kannada,Karnataka
2020-02-27,0.14,0.1499999999999574,0.15000000000002844,0.15000000000000002,0.14,0,Dakshina Kannada,Karnataka
2020-02-28,0.24,0.37999999999995737,0.39000000000002844,0.39,0.24,0,Dakshina Kannada,Karnataka
2020-02-29,2.43,2.8099999999999574,2.8200000000000287,2.8200000000000003,2.43,0,Dakshina Kannada,Karnataka
2020-03-01,3.69,6.359999999999957,6.510000000000028,6.51,3.69,0,Dakshina Kannada,Karnataka
2020-03-02,3.22,9.339999999999957,9.730000000000029,9.73,3.69,0,Dakshina Kannada,Karnataka
2020-03-03,0.37,7.279999999999958,10.090000000000028,10.1,3.69,0,Dakshina Kannada,Karnataka
2020-03-04,0.02,3.6099999999999577,10.11000000000003,10.120000000000001,3.22,0,Dakshina Kannada,Karnataka
2020-03-05,0.0,0.3899999999999574,9.970000000000029,10.120000000000001,0.37,0,Dakshina Kannada,Karnataka
2020-03-06,0.0,0.019999999999957368,9.730000000000029,10.120000000000001,0.02,0,Dakshina Kannada,Karnataka
2020-03-07,0.0,0.0,7.300000000000028,10.120000000000001,0.0,0,Dakshina Kannada,Karnataka
2020-03-08,0.04,0.03999999999995737,3.6500000000000288,10.16,0.04,0,Dakshina Kannada,Karnataka
2020-03-09,0.06,0.09999999999995737,0.4900000000000284,10.22,0.06,0,Dakshina Kannada,Karnataka
2020-03-10,0.0,0.09999999999995737,0.12000000000002842,10.22,0.06,0,Dakshina Kannada,Karnataka
2020-03-11,0.0,0.059999999999957365,0.10000000000002841,10.21,0.06,0,Dakshina Kannada,Karnataka
2020-03-12,0.0,0.0,0.10000000000002841,10.21,0.0,0,Dakshina Kannada,Karnataka
2020-03-13,0.0,0.0,0.10000000000002841,10.07,0.0,0,Dakshina Kannada,Karnataka
2020-03-14,0.0,0.0,0.10000000000002841,9.83,0.0,0,Dakshina Kannada,Karnataka
2020-03-15,0.0,0.0,0.06000000000002842,7.4,0.0,0,Dakshina Kannada,Karnataka
2020-03-16,0.0,0.0,0.0,3.71,0.0,0,Dakshina Kannada,Karnataka
2020-03-17,0.02,0.019999999999957368,0.020000000000028422,0.51,0.02,0,Dakshina Kannada,Karnataka
2020-03-18,0.07,0.08999999999995738,0.09000000000002843,0.21000000000000002,0.07,0,Dakshina Kannada,Karnataka
2020-03-19,0.12,0.2099999999999574,0.21000000000002844,0.31,0.12,0,Dakshina Kannada,Karnataka
2020-03-20,0.14,0.32999999999995744,0.35000000000002846,0.45,0.14,0,Dakshina Kannada,Karnataka
2020-03-21,0.0,0.2599999999999574,0.35000000000002846,0.45,0.14,0,Dakshina Kannada,Karnataka
2020-03-22,0.0,0.1399999999999574,0.35000000000002846,0.45,0.14,0,Dakshina Kannada,Karnataka
2020-03-23,0.05,0.0499999999999574,0.40000000000002844,0.46,0.05,0,Dakshina Kannada,Karnataka
2020-03-24,0.4,0.44999999999995743,0.7800000000000284,0.8,0.4,0,Dakshina Kannada,Karnataka
2020-03-25,0.77,1.2199999999999576,1.4800000000000284,1.57,0.77,0,Dakshina Kannada,Karnataka
2020-03-26,0.11,1.2799999999999574,1.4700000000000284,1.6800000000000002,0.77,0,Dakshina Kannada,Karnataka
2020-03-27,0.09,0.9699999999999575,1.4200000000000286,1.77,0.77,0,Dakshina Kannada,Karnataka
2020-03-28,0.03,0.22999999999995746,1.4500000000000286,1.8,0.11,0,Dakshina Kannada,Karnataka
2020-03-29,0.03,0.14999999999995747,1.4800000000000284,1.83,0.09,0,Dakshina Kannada,Karnataka
2020-03-30,0.02,0.07999999999995748,1.4500000000000284,1.85,0.03,0,Dakshina Kannada,Karnataka
2020-03-31,0.02,0.06999999999995749,1.0700000000000283,1.87,0.03,0,Dakshina Kannada,Karnataka
2020-04-01,0.04,0.07999999999995748,0.3400000000000284,1.8900000000000001,0.04,0,Dakshina Kannada,Karnataka
2020-04-02,0.09,0.14999999999995747,0.32000000000002843,1.91,0.09,0,Dakshina Kannada,Karnataka
2020-04-03,0.06,0.18999999999995748,0.2900000000000284,1.85,0.09,0,Dakshina Kannada,Karnataka
2020-04-04,0.08,0.22999999999995746,0.34000000000002845,1.79,0.09,0,Dakshina Kannada,Karnataka
2020-04-05,0.13,0.2699999999999575,0.4400000000000284,1.92,0.13,0,Dakshina Kannada,Karnataka
2020-04-06,0.94,1.1499999999999575,1.3600000000000283,2.86,0.94,0,Dakshina Kannada,Karnataka
2020-04-07,1.71,2.7799999999999576,3.0500000000000282,4.52,1.71,0,Dakshina Kannada,Karnataka
2020-04-08,0.78,3.4299999999999575,3.7900000000000285,4.8999999999999995,1.71,0,Dakshina Kannada,Karnataka
2020-04-09,0.21,2.6999999999999575,3.9100000000000286,4.34,1.71,0,Dakshina Kannada,Karnataka
2020-04-10,1.01,1.9999999999999576,4.860000000000028,5.24,1.01,0,Dakshina Kannada,Karnataka
2020-04-11,0.8,2.019999999999958,5.5800000000000285,5.95,1.01,0,Dakshina Kannada,Karnataka
2020-04-12,0.81,2.6199999999999575,6.260000000000028,6.7299999999999995,1.01,0,Dakshina Kannada,Karnataka
2020-04-13,0.14,1.7499999999999578,5.460000000000028,6.840000000000001,0.81,0,Dakshina Kannada,Karnataka
2020-04-14,0.05,0.9999999999999577,3.8000000000000287,6.87,0.81,0,Dakshina Kannada,Karnataka
2020-04-15,0.06,0.2499999999999576,3.080000000000029,6.91,0.14,0,Dakshina Kannada,Karnataka
2020-04-16,0.98,1.0899999999999577,3.850000000000028,7.8500000000000005,0.98,0,Dakshina Kannada,Karnataka
2020-04-17,0.75,1.7899999999999574,3.5900000000000283,8.51,0.98,0,Dakshina Kannada,Karnataka
2020-04-18,1.52,3.2499999999999574,4.310000000000029,9.969999999999999,1.52,0,Dakshina Kannada,Karnataka
2020-04-19,1.38,3.6499999999999573,4.880000000000028,11.270000000000001,1.52,0,Dakshina Kannada,Karnataka
2020-04-20,2.6,5.499999999999957,7.340000000000028,13.74,2.6,0,Dakshina Kannada,Karnataka
2020-04-21,2.14,6.1199999999999575,9.430000000000028,14.940000000000001,2.6,0,Dakshina Kannada,Karnataka
2020-04-22,1.06,5.799999999999958,10.430000000000028,14.29,2.6,0,Dakshina Kannada,Karnataka
2020-04-23,5.53,8.729999999999958,14.980000000000029,19.04,5.53,0,Dakshina Kannada,Karnataka
2020-04-24,4.18,10.769999999999957,18.41000000000003,23.009999999999998,5.53,0,Dakshina Kannada,Karnataka
2020-04-25,3.06,12.769999999999959,19.950000000000028,25.060000000000002,5.53,0,Dakshina Kannada,Karnataka
2020-04-26,1.61,8.849999999999957,20.180000000000028,25.87,4.18,0,Dakshina Kannada,Karnataka
2020-04-27,3.34,8.009999999999957,20.920000000000027,28.4,3.34,0,Dakshina Kannada,Karnataka
2020-04-28,0.19,5.139999999999957,18.970000000000027,28.450000000000003,3.34,0,Dakshina Kannada,Karnataka
2020-04-29,0.53,4.059999999999957,18.44000000000003,28.93,3.34,0,Dakshina Kannada,Karnataka
2020-04-30,0.69,1.4099999999999573,13.600000000000026,29.56,0.69,0,Dakshina Kannada,Karnataka
2020-05-01,3.85,5.069999999999958,13.270000000000028,32.43,3.85,0,Dakshina Kannada,Karnataka
2020-05-02,1.82,6.359999999999957,12.030000000000028,33.5,3.85,0,Dakshina Kannada,Karnataka
2020-05-03,1.85,7.519999999999958,12.270000000000028,33.83,3.85,0,Dakshina Kannada,Karnataka
2020-05-04,4.47,8.139999999999958,13.400000000000027,36.92,4.47,0,Dakshina Kannada,Karnataka
2020-05-05,1.17,7.489999999999957,14.380000000000027,35.49,4.47,0,Dakshina Kannada,Karnataka
2020-05-06,2.28,7.919999999999957,16.130000000000027,35.63,4.47,0,Dakshina Kannada,Karnataka
2020-05-07,4.0,7.449999999999957,19.440000000000026,38.57,4.0,0,Dakshina Kannada,Karnataka
2020-05-08,7.82,14.099999999999957,23.410000000000025,40.86,7.82,0,Dakshina Kannada,Karnataka
2020-05-09,1.87,13.689999999999959,23.460000000000026,38.55,7.82,0,Dakshina Kannada,Karnataka
2020-05-10,0.46,10.149999999999958,22.07000000000003,35.95,7.82,0,Dakshina Kannada,Karnataka
2020-05-11,3.31,5.639999999999958,20.91000000000003,37.65,3.31,0,Dakshina Kannada,Karnataka
2020-05-12,5.22,8.989999999999956,24.96000000000003,39.53,5.22,0,Dakshina Kannada,Karnataka
2020-05-13,3.62,12.149999999999956,26.300000000000026,42.96,5.22,0,Dakshina Kannada,Karnataka
2020-05-14,2.27,11.109999999999957,24.570000000000025,44.7,5.22,0,Dakshina Kannada,Karnataka
2020-05-15,5.26,11.149999999999956,22.01000000000003,49.27,5.26,0,Dakshina Kannada,Karnataka
2020-05-16,3.03,10.559999999999956,23.17000000000003,48.45,5.26,0,Dakshina Kannada,Karnataka
2020-05-17,10.45,18.739999999999956,33.160000000000025,57.08,10.45,0,Dakshina Kannada,Karnataka
2020-05-18,17.13,30.609999999999957,46.98000000000003,72.36,17.13,0,Dakshina Kannada,Karnataka
2020-05-19,5.12,32.69999999999995,46.88000000000003,73.01,17.13,0,Dakshina Kannada,Karnataka
2020-05-20,4.07,26.319999999999958,47.33000000000003,75.91,17.13,0,Dakshina Kannada,Karnataka
2020-05-21,4.55,13.739999999999954,49.61000000000003,78.17999999999999,5.12,0,Dakshina Kannada,Karnataka
2020-05-22,0.54,9.159999999999954,44.89000000000002,74.72,4.55,0,Dakshina Kannada,Karnataka
2020-05-23,1.1,6.189999999999953,42.96000000000003,68.0,4.55,0,Dakshina Kannada,Karnataka
2020-05-24,2.71,4.3499999999999535,35.22000000000003,68.84,2.71,0,Dakshina Kannada,Karnataka
2020-05-25,3.28,7.089999999999954,21.370000000000033,71.66,3.28,0,Dakshina Kannada,Karnataka
2020-05-26,4.4,10.389999999999954,20.65000000000003,72.75,4.4,0,Dakshina Kannada,Karnataka
2020-05-27,7.08,14.759999999999954,23.660000000000032,74.61,7.08,0,Dakshina Kannada,Karnataka
2020-05-28,1.23,12.709999999999955,20.340000000000035,72.22,7.08,0,Dakshina Kannada,Karnataka
2020-05-29,15.63,23.939999999999955,35.430000000000035,85.58000000000001,15.63,0,Dakshina Kannada,Karnataka
2020-05-30,7.98,24.839999999999957,42.31000000000003,88.3,15.63,0,Dakshina Kannada,Karnataka
2020-05-31,39.7,63.30999999999996,79.30000000000004,124.97,39.7,0,Dakshina Kannada,Karnataka
2020-06-01,30.03,77.70999999999995,106.05000000000004,144.55,39.7,1,Dakshina Kannada,Karnataka
2020-06-02,27.08,96.80999999999995,128.73000000000005,154.5,39.7,1,Dakshina Kannada,Karnataka
2020-06-03,28.85,85.95999999999995,150.50000000000006,178.23,30.03,1,Dakshina Kannada,Karnataka
2020-06-04,18.02,73.94999999999995,167.29000000000002,192.18,28.85,1,Dakshina Kannada,Karnataka
2020-06-05,3.48,50.34999999999995,155.14000000000001,191.10999999999999,28.85,1,Dakshina Kannada,Karnataka
2020-06-06,19.06,40.559999999999945,166.22000000000003,209.63,19.06,1,Dakshina Kannada,Karnataka
2020-06-07,6.44,28.97999999999995,132.96000000000004,214.97,19.06,1,Dakshina Kannada,Karnataka
2020-06-08,5.53,31.02999999999995,108.46000000000004,217.79,19.06,1,Dakshina Kannada,Karnataka
2020-06-09,8.58,20.54999999999995,89.96000000000004,223.09,8.58,1,Dakshina Kannada,Karnataka
2020-06-10,27.46,41.56999999999995,88.57000000000004,246.14999999999998,27.46,1,Dakshina Kannada,Karnataka
2020-06-11,43.41,79.44999999999995,113.96000000000004,282.48,43.41,1,Dakshina Kannada,Karnataka
2020-06-12,35.43,106.29999999999995,145.91000000000003,316.68,43.41,1,Dakshina Kannada,Karnataka
2020-06-13,11.09,89.92999999999994,137.94000000000003,312.14,43.41,1,Dakshina Kannada,Karnataka
2020-06-14,123.38,169.89999999999995,254.88000000000002,427.53999999999996,123.38,1,Dakshina Kannada,Karnataka
2020-06-15,38.43,172.89999999999995,287.78000000000003,426.27,123.38,1,Dakshina Kannada,Karnataka
2020-06-16,70.23,232.03999999999994,349.43000000000006,466.47,123.38,1,Dakshina Kannada,Karnataka
2020-06-17,63.01,171.66999999999996,384.98,502.4,70.23,1,Dakshina Kannada,Karnataka
2020-06-18,38.35,171.58999999999995,379.92,511.9,70.23,1,Dakshina Kannada,Karnataka
2020-06-19,24.4,125.75999999999996,368.89000000000004,518.28,63.01,1,Dakshina Kannada,Karnataka
2020-06-20,8.84,71.58999999999996,366.64000000000004,523.64,38.35,1,Dakshina Kannada,Karnataka
2020-06-21,20.35,53.58999999999996,263.61,524.93,24.4,1,Dakshina Kannada,Karnataka
2020-06-22,26.92,56.10999999999996,252.10000000000002,545.41,26.92,1,Dakshina Kannada,Karnataka
2020-06-23,1.64,48.909999999999954,183.51000000000002,541.52,26.92,1,Dakshina Kannada,Karnataka
2020-06-24,4.03,32.58999999999996,124.53000000000004,536.97,26.92,1,Dakshina Kannada,Karnataka
2020-06-25,7.17,12.839999999999957,93.35000000000002,516.68,7.17,1,Dakshina Kannada,Karnataka
2020-06-26,24.03,35.22999999999996,92.98000000000002,497.29999999999995,24.03,1,Dakshina Kannada,Karnataka
2020-06-27,26.59,57.78999999999996,110.73000000000003,488.46,26.59,1,Dakshina Kannada,Karnataka
2020-06-28,43.82,94.43999999999997,134.20000000000005,521.19,43.82,1,Dakshina Kannada,Karnataka
2020-06-29,44.99,115.39999999999996,152.27000000000004,442.8,44.99,1,Dakshina Kannada,Karnataka
2020-06-30,17.49,106.29999999999995,168.12000000000003,421.86,44.99,1,Dakshina Kannada,Karnataka
2020-07-01,33.14,95.61999999999995,197.23000000000005,384.77,44.99,1,Dakshina Kannada,Karnataka
2020-07-02,65.7,116.32999999999996,255.76000000000005,387.46,65.7,1,Dakshina Kannada,Karnataka
2020-07-03,127.66,226.49999999999994,359.39000000000004,476.77000000000004,127.66,1,Dakshina Kannada,Karnataka
2020-07-04,59.57,252.92999999999998,392.37000000000006,511.94,127.66,1,Dakshina Kannada,Karnataka
2020-07-05,31.65,218.87999999999994,380.20000000000005,534.75,127.66,1,Dakshina Kannada,Karnataka
2020-07-06,21.96,113.17999999999995,357.1700000000001,536.36,59.57,1,Dakshina Kannada,Karnataka
2020-07-07,49.41,103.01999999999995,389.09000000000003,558.85,49.41,1,Dakshina Kannada,Karnataka
2020-07-08,55.09,126.45999999999995,411.0400000000001,612.3000000000001,55.09,1,Dakshina Kannada,Karnataka
2020-07-09,54.05,158.54999999999995,399.39,662.3199999999999,55.09,1,Dakshina Kannada,Karnataka
2020-07-10,7.65,116.78999999999996,279.38000000000005,662.8,55.09,1,Dakshina Kannada,Karnataka
2020-07-11,38.83,100.52999999999994,258.64,677.6,54.05,1,Dakshina Kannada,Karnataka
2020-07-12,25.54,72.01999999999995,252.53000000000003,676.55,38.83,1,Dakshina Kannada,Karnataka
2020-07-13,22.27,86.63999999999994,252.84000000000003,655.0,38.83,1,Dakshina Kannada,Karnataka
2020-07-14,28.43,76.23999999999995,231.86000000000004,638.44,28.43,1,Dakshina Kannada,Karnataka
2020-07-15,53.69,104.38999999999996,230.46000000000004,674.64,53.69,1,Dakshina Kannada,Karnataka
2020-07-16,51.48,133.59999999999997,227.89000000000001,692.98,53.69,1,Dakshina Kannada,Karnataka
2020-07-17,83.06,188.22999999999996,303.3,710.34,83.06,1,Dakshina Kannada,Karnataka
2020-07-18,33.63,168.16999999999996,298.1,616.3100000000001,83.06,1,Dakshina Kannada,Karnataka
2020-07-19,46.7,163.38999999999996,319.26,603.4399999999999,83.06,1,Dakshina Kannada,Karnataka
2020-07-20,20.45,100.77999999999996,317.44000000000005,592.24,46.7,1,Dakshina Kannada,Karnataka
2020-07-21,10.57,77.71999999999996,299.58000000000004,580.85,46.7,1,Dakshina Kannada,Karnataka
2020-07-22,6.52,37.53999999999996,252.41000000000003,537.96,20.45,1,Dakshina Kannada,Karnataka
2020-07-23,33.45,50.539999999999964,234.38000000000005,516.3199999999999,33.45,1,Dakshina Kannada,Karnataka
2020-07-24,18.42,58.389999999999965,169.74000000000004,480.69000000000005,33.45,1,Dakshina Kannada,Karnataka
2020-07-25,23.55,75.41999999999996,159.66000000000005,496.59,33.45,1,Dakshina Kannada,Karnataka
2020-07-26,9.78,51.74999999999996,122.74000000000002,467.54,23.55,1,Dakshina Kannada,Karnataka
2020-07-27,15.43,48.759999999999955,117.72000000000004,457.43,23.55,1,Dakshina Kannada,Karnataka
2020-07-28,30.26,55.469999999999956,137.41000000000003,465.42,30.26,1,Dakshina Kannada,Karnataka
2020-07-29,33.22,78.90999999999995,164.11000000000004,470.21,33.22,1,Dakshina Kannada,Karnataka
2020-07-30,35.63,99.10999999999996,166.29000000000002,452.15,35.63,1,Dakshina Kannada,Karnataka
2020-07-31,36.59,105.43999999999997,184.46000000000004,437.26000000000005,36.59,1,Dakshina Kannada,Karnataka
2020-08-01,42.41,114.62999999999997,203.32000000000005,396.61,42.41,1,Dakshina Kannada,Karnataka
2020-08-02,111.63,190.62999999999994,305.17,474.61,111.63,1,Dakshina Kannada,Karnataka
2020-08-03,55.92,209.95999999999995,345.66,483.83,111.63,1,Dakshina Kannada,Karnataka
2020-08-04,73.23,240.77999999999997,388.63000000000005,536.61,111.63,1,Dakshina Kannada,Karnataka
2020-08-05,81.78,210.92999999999995,437.19,607.8199999999999,81.78,1,Dakshina Kannada,Karnataka
2020-08-06,60.41,215.41999999999996,461.97,661.71,81.78,1,Dakshina Kannada,Karnataka
2020-08-07,93.67,235.85999999999996,519.0500000000001,721.9300000000001,93.67,1,Dakshina Kannada,Karnataka
2020-08-08,55.47,209.54999999999995,532.11,758.98,93.67,1,Dakshina Kannada,Karnataka
2020-08-09,121.96,271.09999999999997,542.44,857.39,121.96,1,Dakshina Kannada,Karnataka
2020-08-10,76.51,253.93999999999994,563.0300000000001,924.12,121.96,1,Dakshina Kannada,Karnataka
2020-08-11,25.15,223.61999999999998,514.95,933.84,121.96,1,Dakshina Kannada,Karnataka
2020-08-12,20.1,121.75999999999996,453.27,923.68,76.51,1,Dakshina Kannada,Karnataka
2020-08-13,10.82,56.06999999999996,403.68000000000006,901.28,25.15,1,Dakshina Kannada,Karnataka
2020-08-14,12.38,43.29999999999996,322.39000000000004,878.03,20.1,1,Dakshina Kannada,Karnataka
2020-08-15,13.63,36.829999999999956,280.55000000000007,855.07,13.63,1,Dakshina Kannada,Karnataka
2020-08-16,36.37,62.37999999999996,194.96000000000004,849.03,36.37,1,Dakshina Kannada,Karnataka
2020-08-17,38.4,88.39999999999995,156.85000000000002,775.8,38.4,1,Dakshina Kannada,Karnataka
2020-08-18,31.67,106.43999999999997,163.37000000000003,751.5500000000001,38.4,1,Dakshina Kannada,Karnataka
2020-08-19,10.96,81.02999999999996,154.23000000000002,689.28,38.4,1,Dakshina Kannada,Karnataka
2020-08-20,14.2,56.829999999999956,157.61000000000004,621.7,31.67,1,Dakshina Kannada,Karnataka
2020-08-21,21.9,47.05999999999996,167.13000000000005,583.1899999999999,21.9,1,Dakshina Kannada,Karnataka
2020-08-22,18.34,54.439999999999955,171.84000000000003,507.86,21.9,1,Dakshina Kannada,Karnataka
2020-08-23,9.2,49.439999999999955,144.67000000000002,461.59000000000003,21.9,1,Dakshina Kannada,Karnataka
2020-08-24,3.25,30.789999999999957,109.52000000000004,342.88,18.34,1,Dakshina Kannada,Karnataka
2020-08-25,1.13,13.579999999999956,78.98000000000002,267.5,9.2,1,Dakshina Kannada,Karnataka
2020-08-26,0.76,5.139999999999957,68.78000000000003,243.11,3.25,1,Dakshina Kannada,Karnataka
2020-08-27,2.67,4.559999999999957,57.25000000000002,225.67999999999998,2.67,1,Dakshina Kannada,Karnataka
2020-08-28,4.78,8.209999999999958,40.130000000000024,219.64,4.78,1,Dakshina Kannada,Karnataka
2020-08-29,10.71,18.15999999999996,32.50000000000003,217.97,10.71,1,Dakshina Kannada,Karnataka
2020-08-30,9.18,24.66999999999996,32.48000000000003,213.52,10.71,1,Dakshina Kannada,Karnataka
2020-08-31,15.92,35.80999999999996,45.15000000000003,193.07,15.92,1,Dakshina Kannada,Karnataka
2020-09-01,30.1,55.19999999999996,74.12000000000003,184.76999999999998,30.1,1,Dakshina Kannada,Karnataka
2020-09-02,25.82,71.83999999999996,99.18000000000004,178.92000000000002,30.1,1,Dakshina Kannada,Karnataka
2020-09-03,47.49,103.40999999999997,144.00000000000003,215.45,47.49,1,Dakshina Kannada,Karnataka
2020-09-04,6.5,79.80999999999997,145.72000000000003,207.75,47.49,1,Dakshina Kannada,Karnataka
2020-09-05,27.04,81.02999999999996,162.05,212.89000000000001,47.49,1,Dakshina Kannada,Karnataka
2020-09-06,14.73,48.26999999999995,167.60000000000002,209.28,27.04,1,Dakshina Kannada,Karnataka
2020-09-07,18.84,60.60999999999996,170.52000000000004,218.92000000000002,27.04,1,Dakshina Kannada,Karnataka
2020-09-08,14.39,47.95999999999996,154.81000000000003,230.06,18.84,1,Dakshina Kannada,Karnataka
2020-09-09,31.79,65.01999999999995,160.78000000000003,260.71999999999997,31.79,1,Dakshina Kannada,Karnataka
2020-09-10,88.53,134.70999999999995,201.82000000000005,348.49,88.53,1,Dakshina Kannada,Karnataka
2020-09-11,91.61,211.92999999999995,286.93000000000006,437.43,91.61,1,Dakshina Kannada,Karnataka
2020-09-12,27.92,208.05999999999995,287.81,460.57000000000005,91.61,1,Dakshina Kannada,Karnataka
2020-09-13,37.87,157.39999999999995,310.95000000000005,487.72999999999996,91.61,1,Dakshina Kannada,Karnataka
2020-09-14,13.72,79.50999999999996,305.83000000000004,492.27000000000004,37.87,1,Dakshina Kannada,Karnataka
2020-09-15,49.1,100.68999999999996,340.54,525.45,49.1,1,Dakshina Kannada,Karnataka
2020-09-16,33.38,96.19999999999996,342.13,528.73,49.1,1,Dakshina Kannada,Karnataka
2020-09-17,35.69,118.16999999999996,289.29,538.6,49.1,1,Dakshina Kannada,Karnataka
2020-09-18,36.35,105.41999999999996,234.03000000000003,527.46,36.35,1,Dakshina Kannada,Karnataka
2020-09-19,83.76,155.79999999999995,289.87,604.72,83.76,1,Dakshina Kannada,Karnataka
2020-09-20,84.42,204.52999999999997,336.4200000000001,662.1,84.42,1,Dakshina Kannada,Karnataka
2020-09-21,35.46,203.64,358.16,682.83,84.42,1,Dakshina Kannada,Karnataka
2020-09-22,6.49,126.36999999999996,315.55000000000007,670.48,84.42,1,Dakshina Kannada,Karnataka
2020-09-23,3.89,45.83999999999996,286.06000000000006,659.98,35.46,1,Dakshina Kannada,Karnataka
2020-09-24,8.29,18.66999999999996,258.66,636.48,8.29,1,Dakshina Kannada,Karnataka
2020-09-25,5.37,17.549999999999958,227.68000000000004,553.32,8.29,1,Dakshina Kannada,Karnataka
2020-09-26,7.81,21.469999999999956,151.73000000000002,469.52,8.29,1,Dakshina Kannada,Karnataka
2020-09-27,0.62,13.799999999999956,67.93000000000004,442.22,7.81,1,Dakshina Kannada,Karnataka
2020-09-28,3.98,12.409999999999958,36.45000000000003,408.33000000000004,7.81,1,Dakshina Kannada,Karnataka
2020-09-29,7.17,11.769999999999957,37.130000000000024,401.78000000000003,7.17,1,Dakshina Kannada,Karnataka
2020-09-30,2.57,13.719999999999958,35.810000000000024,355.25000000000006,7.17,1,Dakshina Kannada,Karnataka
2020-10-01,1.68,11.419999999999957,29.200000000000024,323.55,7.17,0,Dakshina Kannada,Karnataka
2020-10-02,3.76,8.009999999999957,27.59000000000003,291.62,3.76,0,Dakshina Kannada,Karnataka
2020-10-03,5.42,10.859999999999957,25.20000000000003,260.69,5.42,0,Dakshina Kannada,Karnataka
2020-10-04,1.56,10.739999999999958,26.14000000000003,178.49,5.42,0,Dakshina Kannada,Karnataka
2020-10-05,1.05,8.029999999999957,23.21000000000003,95.12,5.42,0,Dakshina Kannada,Karnataka
2020-10-06,3.26,5.8699999999999575,19.300000000000026,62.92,3.26,0,Dakshina Kannada,Karnataka
2020-10-07,4.26,8.569999999999958,20.99000000000003,60.69,4.26,0,Dakshina Kannada,Karnataka
2020-10-08,5.39,12.909999999999958,24.70000000000003,62.19,5.39,0,Dakshina Kannada,Karnataka
2020-10-09,27.58,37.229999999999954,48.520000000000024,81.47999999999999,27.58,0,Dakshina Kannada,Karnataka
2020-10-10,27.62,60.58999999999996,70.72000000000003,103.72999999999999,27.62,0,Dakshina Kannada,Karnataka
2020-10-11,9.78,64.97999999999996,78.94000000000003,105.7,27.62,0,Dakshina Kannada,Karnataka
2020-10-12,49.8,87.19999999999996,127.69000000000003,154.88,49.8,0,Dakshina Kannada,Karnataka
2020-10-13,99.18,158.75999999999996,223.61,250.08,99.18,0,Dakshina Kannada,Karnataka
2020-10-14,54.43,203.40999999999997,273.78000000000003,297.34,99.18,0,Dakshina Kannada,Karnataka
2020-10-15,59.63,213.23999999999998,328.02000000000004,354.4,99.18,0,Dakshina Kannada,Karnataka
2020-10-16,10.87,124.92999999999998,311.31000000000006,363.59,59.63,0,Dakshina Kannada,Karnataka
2020-10-17,7.4,77.89999999999996,291.0900000000001,367.23,59.63,0,Dakshina Kannada,Karnataka
2020-10-18,3.49,21.75999999999997,284.8,365.3,10.87,0,Dakshina Kannada,Karnataka
2020-10-19,7.32,18.209999999999972,242.32000000000005,371.06,7.4,0,Dakshina Kannada,Karnataka
2020-10-20,6.69,17.49999999999997,149.83000000000004,376.7,7.32,0,Dakshina Kannada,Karnataka
2020-10-21,42.66,56.669999999999966,138.06000000000003,416.09999999999997,42.66,0,Dakshina Kannada,Karnataka
2020-10-22,27.5,76.84999999999997,105.93000000000004,439.34,42.66,0,Dakshina Kannada,Karnataka
2020-10-23,5.64,75.79999999999997,100.70000000000003,439.59000000000003,42.66,0,Dakshina Kannada,Karnataka
2020-10-24,5.98,39.11999999999997,99.28000000000004,417.99,27.5,0,Dakshina Kannada,Karnataka
2020-10-25,2.97,14.589999999999971,98.76000000000003,393.34000000000003,5.98,0,Dakshina Kannada,Karnataka
2020-10-26,0.35,9.29999999999997,91.79000000000005,383.90999999999997,5.98,0,Dakshina Kannada,Karnataka
2020-10-27,0.53,3.8499999999999717,85.63000000000005,334.64000000000004,2.97,0,Dakshina Kannada,Karnataka
2020-10-28,0.9,1.7799999999999716,43.87000000000004,236.36,0.9,0,Dakshina Kannada,Karnataka
2020-10-29,0.44,1.8699999999999717,16.81000000000004,182.37,0.9,0,Dakshina Kannada,Karnataka
2020-10-30,0.34,1.6799999999999715,11.510000000000042,123.08,0.9,0,Dakshina Kannada,Karnataka
2020-10-31,1.42,2.1999999999999718,6.950000000000043,113.63,1.42,0,Dakshina Kannada,Karnataka
2020-11-01,1.54,3.2999999999999714,5.520000000000042,107.77000000000001,1.54,0,Dakshina Kannada,Karnataka
2020-11-02,1.41,4.369999999999972,6.580000000000043,105.69,1.54,0,Dakshina Kannada,Karnataka
2020-11-03,0.67,3.6199999999999717,6.720000000000042,99.04,1.54,0,Dakshina Kannada,Karnataka
2020-11-04,1.17,3.2499999999999716,6.990000000000043,93.52000000000001,1.41,0,Dakshina Kannada,Karnataka
2020-11-05,8.24,10.079999999999972,14.790000000000044,59.1,8.24,0,Dakshina Kannada,Karnataka
2020-11-06,5.52,14.929999999999971,19.97000000000004,37.120000000000005,8.24,0,Dakshina Kannada,Karnataka
2020-11-07,1.11,14.86999999999997,19.660000000000043,32.59,8.24,0,Dakshina Kannada,Karnataka
2020-11-08,0.07,6.699999999999971,18.190000000000044,26.68,5.52,0,Dakshina Kannada,Karnataka
2020-11-09,0.02,1.1999999999999718,16.800000000000043,23.73,1.11,0,Dakshina Kannada,Karnataka
2020-11-10,0.0,0.08999999999997159,16.130000000000045,23.38,0.07,0,Dakshina Kannada,Karnataka
2020-11-11,0.0,0.01999999999997158,14.960000000000042,22.85,0.02,0,Dakshina Kannada,Karnataka
2020-11-12,0.33,0.3299999999999716,7.0500000000000425,22.28,0.33,0,Dakshina Kannada,Karnataka
2020-11-13,2.62,2.9499999999999718,4.150000000000043,24.46,2.62,0,Dakshina Kannada,Karnataka
2020-11-14,2.57,5.519999999999971,5.610000000000042,26.689999999999998,2.62,0,Dakshina Kannada,Karnataka
2020-11-15,1.63,6.819999999999972,7.170000000000043,26.900000000000002,2.62,0,Dakshina Kannada,Karnataka
2020-11-16,3.39,7.589999999999971,10.540000000000042,28.75,3.39,0,Dakshina Kannada,Karnataka
2020-11-17,2.74,7.759999999999971,13.280000000000044,30.080000000000002,3.39,0,Dakshina Kannada,Karnataka
2020-11-18,1.27,7.399999999999972,14.550000000000043,30.68,3.39,0,Dakshina Kannada,Karnataka
2020-11-19,0.81,4.819999999999972,15.030000000000044,30.32,2.74,0,Dakshina Kannada,Karnataka
2020-11-20,1.81,3.8899999999999717,14.220000000000041,23.89,1.81,0,Dakshina Kannada,Karnataka
2020-11-21,0.47,3.0899999999999714,12.120000000000044,18.84,1.81,0,Dakshina Kannada,Karnataka
2020-11-22,0.0,2.279999999999972,10.490000000000043,17.73,1.81,0,Dakshina Kannada,Karnataka
2020-11-23,0.0,0.46999999999997155,7.100000000000043,17.66,0.47,0,Dakshina Kannada,Karnataka
2020-11-24,0.01,0.009999999999971578,4.370000000000043,17.650000000000002,0.01,0,Dakshina Kannada,Karnataka
2020-11-25,0.0,0.009999999999971578,3.1000000000000427,17.650000000000002,0.01,0,Dakshina Kannada,Karnataka
2020-11-26,0.13,0.1399999999999716,2.4200000000000426,17.78,0.13,0,Dakshina Kannada,Karnataka
2020-11-27,0.2,0.3299999999999716,0.8100000000000427,17.65,0.2,0,Dakshina Kannada,Karnataka
2020-11-28,0.49,0.8199999999999716,0.8300000000000427,15.52,0.49,0,Dakshina Kannada,Karnataka
2020-11-29,0.09,0.7799999999999716,0.9200000000000427,13.04,0.49,0,Dakshina Kannada,Karnataka
2020-11-30,0.05,0.6299999999999716,0.9700000000000426,11.46,0.49,0,Dakshina Kannada,Karnataka
2020-12-01,0.02,0.15999999999997158,0.9800000000000426,8.09,0.09,0,Dakshina Kannada,Karnataka
2020-12-02,0.0,0.06999999999997158,0.9800000000000426,5.3500000000000005,0.05,0,Dakshina Kannada,Karnataka
2020-12-03,0.02,0.03999999999997158,0.8700000000000426,4.1,0.02,0,Dakshina Kannada,Karnataka
2020-12-04,0.44,0.4599999999999716,1.1100000000000425,3.73,0.44,0,Dakshina Kannada,Karnataka
2020-12-05,0.03,0.48999999999997157,0.6500000000000425,1.95,0.44,0,Dakshina Kannada,Karnataka
2020-12-06,0.2,0.6699999999999716,0.7600000000000426,1.68,0.44,0,Dakshina Kannada,Karnataka
2020-12-07,2.13,2.3599999999999715,2.8400000000000425,3.8099999999999996,2.13,0,Dakshina Kannada,Karnataka
2020-12-08,13.96,16.28999999999997,16.780000000000044,17.77,13.96,0,Dakshina Kannada,Karnataka
2020-12-09,9.57,25.659999999999975,26.350000000000044,27.33,13.96,0,Dakshina Kannada,Karnataka
2020-12-10,1.35,24.87999999999997,27.680000000000046,28.68,13.96,0,Dakshina Kannada,Karnataka
2020-12-11,4.25,15.169999999999972,31.490000000000045,32.8,9.57,0,Dakshina Kannada,Karnataka
2020-12-12,1.6,7.199999999999971,33.060000000000045,34.199999999999996,4.25,0,Dakshina Kannada,Karnataka
2020-12-13,0.04,5.889999999999971,32.90000000000004,33.75,4.25,0,Dakshina Kannada,Karnataka
2020-12-14,0.03,1.6699999999999717,30.800000000000043,33.69,1.6,0,Dakshina Kannada,Karnataka
2020-12-15,0.0,0.06999999999997158,16.840000000000042,33.64,0.04,0,Dakshina Kannada,Karnataka
2020-12-16,0.0,0.029999999999971577,7.270000000000042,33.62,0.03,0,Dakshina Kannada,Karnataka
2020-12-17,0.05,0.04999999999997158,5.970000000000042,33.669999999999995,0.05,0,Dakshina Kannada,Karnataka
2020-12-18,0.04,0.08999999999997157,1.7600000000000426,33.690000000000005,0.05,0,Dakshina Kannada,Karnataka
2020-12-19,0.0,0.08999999999997157,0.16000000000004264,33.25,0.05,0,Dakshina Kannada,Karnataka
2020-12-20,0.0,0.03999999999997158,0.12000000000004263,33.220000000000006,0.04,0,Dakshina Kannada,Karnataka
2020-12-21,0.0,0.0,0.09000000000004263,33.02,0.0,0,Dakshina Kannada,Karnataka
2020-12-22,0.01,0.009999999999971578,0.10000000000004262,30.900000000000002,0.01,0,Dakshina Kannada,Karnataka
2020-12-23,0.72,0.7299999999999716,0.8200000000000426,17.659999999999997,0.72,0,Dakshina Kannada,Karnataka
2020-12-24,0.27,0.9999999999999716,1.0400000000000427,8.359999999999998,0.72,0,Dakshina Kannada,Karnataka
2020-12-25,0.23,1.2199999999999716,1.2300000000000426,7.239999999999998,0.72,0,Dakshina Kannada,Karnataka
2020-12-26,0.1,0.5999999999999717,1.3300000000000425,3.0899999999999985,0.27,0,Dakshina Kannada,Karnataka
2020-12-27,0.0,0.3299999999999716,1.3300000000000425,1.4899999999999982,0.23,0,Dakshina Kannada,Karnataka
2020-12-28,0.0,0.09999999999997158,1.3300000000000425,1.4499999999999982,0.1,0,Dakshina Kannada,Karnataka
2020-12-29,0.0,0.0,1.3200000000000425,1.4199999999999982,0.0,0,Dakshina Kannada,Karnataka
2020-12-30,0.18,0.17999999999997157,0.7800000000000427,1.5999999999999983,0.18,0,Dakshina Kannada,Karnataka
2020-12-31,0.27,0.4499999999999716,0.7800000000000427,1.8699999999999983,0.27,0,Dakshina Kannada,Karnataka
2021-01-01,0.06,0.5099999999999716,0.6100000000000427,1.8799999999999981,0.27,0,Dakshina Kannada,Karnataka
2021-01-02,0.0,0.3299999999999716,0.5100000000000426,1.8399999999999983,0.27,0,Dakshina Kannada,Karnataka
2021-01-03,0.14,0.1999999999999716,0.6500000000000425,1.9799999999999984,0.14,0,Dakshina Kannada,Karnataka
2021-01-04,0.75,0.8899999999999716,1.4000000000000425,2.7299999999999986,0.75,0,Dakshina Kannada,Karnataka
2021-01-05,1.09,1.9799999999999716,2.490000000000043,3.8199999999999985,1.09,0,Dakshina Kannada,Karnataka
2021-01-06,17.95,19.78999999999997,20.26000000000004,21.759999999999998,17.95,0,Dakshina Kannada,Karnataka
2021-01-07,26.93,45.96999999999997,46.920000000000044,47.97,26.93,0,Dakshina Kannada,Karnataka
2021-01-08,7.26,52.139999999999965,54.12000000000004,54.959999999999994,26.93,0,Dakshina Kannada,Karnataka
2021-01-09,3.76,37.949999999999974,57.88000000000004,58.489999999999995,26.93,0,Dakshina Kannada,Karnataka
2021-01-10,22.24,33.25999999999997,79.98000000000005,80.63,22.24,0,Dakshina Kannada,Karnataka
2021-01-11,0.47,26.46999999999997,79.70000000000005,81.1,22.24,0,Dakshina Kannada,Karnataka
2021-01-12,0.03,22.73999999999997,78.64000000000003,81.13,22.24,0,Dakshina Kannada,Karnataka
2021-01-13,0.01,0.5099999999999716,60.700000000000045,81.14,0.47,0,Dakshina Kannada,Karnataka
2021-01-14,0.01,0.04999999999997158,33.780000000000044,80.97,0.03,0,Dakshina Kannada,Karnataka
2021-01-15,0.03,0.04999999999997158,26.550000000000043,80.72999999999999,0.03,0,Dakshina Kannada,Karnataka
2021-01-16,0.09,0.12999999999997158,22.880000000000045,80.75999999999999,0.09,0,Dakshina Kannada,Karnataka
2021-01-17,0.03,0.1499999999999716,0.6700000000000461,80.78999999999999,0.09,0,Dakshina Kannada,Karnataka
2021-01-18,0.04,0.15999999999997158,0.24000000000004618,80.68999999999998,0.09,0,Dakshina Kannada,Karnataka
2021-01-19,0.02,0.08999999999997159,0.2300000000000462,79.96,0.04,0,Dakshina Kannada,Karnataka
2021-01-20,0.0,0.05999999999997159,0.2200000000000462,78.87,0.04,0,Dakshina Kannada,Karnataka
2021-01-21,0.0,0.019999999999971593,0.2100000000000462,60.919999999999995,0.02,0,Dakshina Kannada,Karnataka
2021-01-22,0.0,0.0,0.1800000000000462,33.989999999999995,0.0,0,Dakshina Kannada,Karnataka
2021-01-23,0.0,0.0,0.09000000000004618,26.73,0.0,0,Dakshina Kannada,Karnataka
2021-01-24,0.02,0.019999999999971593,0.08000000000004619,22.99,0.02,0,Dakshina Kannada,Karnataka
2021-01-25,0.0,0.019999999999971593,0.040000000000046186,0.75,0.02,0,Dakshina Kannada,Karnataka
2021-01-26,0.0,0.019999999999971593,0.020000000000046186,0.28,0.02,0,Dakshina Kannada,Karnataka
2021-01-27,0.0,0.0,0.020000000000046186,0.24999999999999997,0.0,0,Dakshina Kannada,Karnataka
2021-01-28,0.0,0.0,0.020000000000046186,0.24,0.0,0,Dakshina Kannada,Karnataka
2021-01-29,0.0,0.0,0.020000000000046186,0.23,0.0,0,Dakshina Kannada,Karnataka
2021-01-30,0.0,0.0,0.020000000000046186,0.2,0.0,0,Dakshina Kannada,Karnataka
2021-01-31,0.0,0.0,0.0,0.11,0.0,0,Dakshina Kannada,Karnataka
2021-02-01,0.01,0.009999999999971592,0.010000000000046185,0.09,0.01,0,Dakshina Kannada,Karnataka
2021-02-02,0.0,0.009999999999971592,0.010000000000046185,0.05,0.01,0,Dakshina Kannada,Karnataka
2021-02-03,0.0,0.009999999999971592,0.010000000000046185,0.03,0.01,0,Dakshina Kannada,Karnataka
2021-02-04,0.04,0.03999999999997159,0.05000000000004619,0.07,0.04,0,Dakshina Kannada,Karnataka
2021-02-05,0.02,0.05999999999997159,0.07000000000004619,0.09,0.04,0,Dakshina Kannada,Karnataka
2021-02-06,0.0,0.05999999999997159,0.07000000000004619,0.09,0.04,0,Dakshina Kannada,Karnataka
2021-02-07,0.0,0.019999999999971593,0.07000000000004619,0.09,0.02,0,Dakshina Kannada,Karnataka
2021-02-08,0.0,0.0,0.06000000000004618,0.06999999999999999,0.0,0,Dakshina Kannada,Karnataka
2021-02-09,0.0,0.0,0.06000000000004618,0.06999999999999999,0.0,0,Dakshina Kannada,Karnataka
2021-02-10,0.0,0.0,0.06000000000004618,0.06999999999999999,0.0,0,Dakshina Kannada,Karnataka
2021-02-11,0.0,0.0,0.020000000000046186,0.06999999999999999,0.0,0,Dakshina Kannada,Karnataka
2021-02-12,0.0,0.0,0.0,0.06999999999999999,0.0,0,Dakshina Kannada,Karnataka
2021-02-13,0.0,0.0,0.0,0.06999999999999999,0.0,0,Dakshina Kannada,Karnataka
2021-02-14,0.0,0.0,0.0,0.06999999999999999,0.0,0,Dakshina Kannada,Karnataka
2021-02-15,0.07,0.0699999999999716,0.07000000000004619,0.14,0.07,0,Dakshina Kannada,Karnataka
2021-02-16,0.07,0.1399999999999716,0.1400000000000462,0.2,0.07,0,Dakshina Kannada,Karnataka
2021-02-17,0.13,0.2699999999999716,0.2700000000000462,0.33,0.13,0,Dakshina Kannada,Karnataka
2021-02-18,4.75,4.949999999999972,5.020000000000046,5.08,4.75,0,Dakshina Kannada,Karnataka
2021-02-19,4.52,9.39999999999997,9.540000000000045,9.559999999999999,4.75,0,Dakshina Kannada,Karnataka
2021-02-20,2.61,11.879999999999972,12.150000000000045,12.15,4.75,0,Dakshina Kannada,Karnataka
2021-02-21,1.54,8.669999999999972,13.690000000000046,13.69,4.52,0,Dakshina Kannada,Karnataka
2021-02-22,2.02,6.1699999999999715,15.640000000000045,15.71,2.61,0,Dakshina Kannada,Karnataka
2021-02-23,1.0,4.559999999999972,16.570000000000043,16.71,2.02,0,Dakshina Kannada,Karnataka
2021-02-24,0.47,3.489999999999972,16.910000000000046,17.18,2.02,0,Dakshina Kannada,Karnataka
2021-02-25,0.3,1.7699999999999716,12.460000000000045,17.48,1.0,0,Dakshina Kannada,Karnataka
2021-02-26,0.0,0.7699999999999716,7.940000000000046,17.48,0.47,0,Dakshina Kannada,Karnataka
2021-02-27,0.0,0.29999999999997157,5.330000000000046,17.48,0.3,0,Dakshina Kannada,Karnataka
2021-02-28,0.0,0.0,3.790000000000046,17.48,0.0,0,Dakshina Kannada,Karnataka
2021-03-01,0.0,0.0,1.7700000000000462,17.48,0.0,0,Dakshina Kannada,Karnataka
2021-03-02,0.0,0.0,0.7700000000000462,17.41,0.0,0,Dakshina Kannada,Karnataka
2021-03-03,0.0,0.0,0.3000000000000462,17.34,0.0,0,Dakshina Kannada,Karnataka
2021-03-04,0.0,0.0,0.0,17.21,0.0,0,Dakshina Kannada,Karnataka
2021-03-05,0.0,0.0,0.0,12.46,0.0,0,Dakshina Kannada,Karnataka
2021-03-06,0.0,0.0,0.0,7.9399999999999995,0.0,0,Dakshina Kannada,Karnataka
2021-03-07,0.01,0.009999999999971578,0.010000000000046185,5.340000000000001,0.01,0,Dakshina Kannada,Karnataka
2021-03-08,0.11,0.11999999999997157,0.12000000000004618,3.91,0.11,0,Dakshina Kannada,Karnataka
2021-03-09,0.15,0.2699999999999716,0.2700000000000462,2.04,0.15,0,Dakshina Kannada,Karnataka
2021-03-10,0.34,0.5999999999999716,0.6100000000000462,1.38,0.34,0,Dakshina Kannada,Karnataka
2021-03-11,1.97,2.4599999999999715,2.5800000000000463,2.88,1.97,0,Dakshina Kannada,Karnataka
2021-03-12,0.1,2.4099999999999717,2.680000000000046,2.68,1.97,0,Dakshina Kannada,Karnataka
2021-03-13,0.01,2.0799999999999716,2.690000000000046,2.6900000000000004,1.97,0,Dakshina Kannada,Karnataka
2021-03-14,0.01,0.11999999999997159,2.690000000000046,2.7,0.1,0,Dakshina Kannada,Karnataka
2021-03-15,0.01,0.03,2.590000000000046,2.7100000000000004,0.01,0,Dakshina Kannada,Karnataka
2021-03-16,0.02,0.03999999999997158,2.460000000000046,2.7300000000000004,0.02,0,Dakshina Kannada,Karnataka
2021-03-17,0.05,0.07999999999997158,2.170000000000046,2.7800000000000002,0.05,0,Dakshina Kannada,Karnataka
2021-03-18,0.06,0.12999999999997158,0.26000000000004597,2.8400000000000003,0.06,0,Dakshina Kannada,Karnataka
2021-03-19,0.06,0.16999999999997156,0.22000000000004596,2.9000000000000004,0.06,0,Dakshina Kannada,Karnataka
2021-03-20,0.04,0.15999999999997158,0.25000000000004596,2.9400000000000004,0.06,0,Dakshina Kannada,Karnataka
2021-03-21,0.11,0.20999999999997157,0.35000000000004594,3.0500000000000003,0.11,0,Dakshina Kannada,Karnataka
2021-03-22,0.28,0.4299999999999716,0.620000000000046,3.3200000000000003,0.28,0,Dakshina Kannada,Karnataka
2021-03-23,0.26,0.6499999999999717,0.860000000000046,3.47,0.28,0,Dakshina Kannada,Karnataka
2021-03-24,0.5,1.0399999999999716,1.310000000000046,3.8200000000000003,0.5,0,Dakshina Kannada,Karnataka
2021-03-25,0.52,1.2799999999999716,1.770000000000046,4.0,0.52,0,Dakshina Kannada,Karnataka
2021-03-26,0.3,1.3199999999999716,2.010000000000046,2.33,0.52,0,Dakshina Kannada,Karnataka
2021-03-27,0.69,1.5099999999999716,2.660000000000046,2.92,0.69,0,Dakshina Kannada,Karnataka
2021-03-28,0.76,1.7499999999999716,3.310000000000046,3.6700000000000004,0.76,0,Dakshina Kannada,Karnataka
2021-03-29,1.59,3.0399999999999716,4.620000000000045,5.25,1.59,0,Dakshina Kannada,Karnataka
2021-03-30,2.3,4.649999999999972,6.660000000000046,7.54,2.3,0,Dakshina Kannada,Karnataka
2021-03-31,0.39,4.279999999999972,6.550000000000046,7.909999999999999,2.3,0,Dakshina Kannada,Karnataka
2021-04-01,0.01,2.6999999999999713,6.040000000000045,7.87,2.3,0,Dakshina Kannada,Karnataka
2021-04-02,0.0,0.3999999999999716,5.7400000000000455,7.8100000000000005,0.39,0,Dakshina Kannada,Karnataka
2021-04-03,0.0,0.009999999999971578,5.050000000000046,7.75,0.01,0,Dakshina Kannada,Karnataka
2021-04-04,0.0,0.0,4.290000000000045,7.71,0.0,0,Dakshina Kannada,Karnataka
2021-04-05,0.15,0.14999999999997157,2.8500000000000454,7.75,0.15,0,Dakshina Kannada,Karnataka
2021-04-06,0.26,0.4099999999999716,0.8100000000000458,7.73,0.26,0,Dakshina Kannada,Karnataka
2021-04-07,0.16,0.5699999999999716,0.5800000000000458,7.63,0.26,0,Dakshina Kannada,Karnataka
2021-04-08,0.1,0.5199999999999716,0.6700000000000458,7.23,0.26,0,Dakshina Kannada,Karnataka
2021-04-09,0.07,0.3299999999999716,0.7400000000000457,6.779999999999999,0.16,0,Dakshina Kannada,Karnataka
2021-04-10,0.14,0.30999999999997163,0.8800000000000459,6.62,0.14,0,Dakshina Kannada,Karnataka
2021-04-11,7.45,7.659999999999972,8.330000000000046,13.379999999999999,7.45,0,Dakshina Kannada,Karnataka
2021-04-12,19.84,27.42999999999997,28.020000000000046,32.46,19.84,0,Dakshina Kannada,Karnataka
2021-04-13,11.69,38.97999999999997,39.450000000000045,42.559999999999995,19.84,0,Dakshina Kannada,Karnataka
2021-04-14,8.01,39.53999999999997,47.30000000000004,48.269999999999996,19.84,0,Dakshina Kannada,Karnataka
2021-04-15,6.01,25.709999999999972,53.21000000000004,53.89,11.69,0,Dakshina Kannada,Karnataka
2021-04-16,2.08,16.099999999999973,55.22000000000005,55.959999999999994,8.01,0,Dakshina Kannada,Karnataka
2021-04-17,1.71,9.799999999999972,56.79000000000005,57.669999999999995,6.01,0,Dakshina Kannada,Karnataka
2021-04-18,4.82,8.609999999999971,54.160000000000046,62.489999999999995,4.82,0,Dakshina Kannada,Karnataka
2021-04-19,3.38,9.909999999999972,37.700000000000045,65.86999999999999,4.82,0,Dakshina Kannada,Karnataka
2021-04-20,2.28,10.47999999999997,28.290000000000045,68.0,4.82,0,Dakshina Kannada,Karnataka
2021-04-21,8.05,13.709999999999972,28.330000000000048,75.78999999999999,8.05,0,Dakshina Kannada,Karnataka
2021-04-22,0.58,10.909999999999973,22.90000000000005,76.21,8.05,0,Dakshina Kannada,Karnataka
2021-04-23,2.82,11.449999999999973,23.640000000000047,78.92999999999999,8.05,0,Dakshina Kannada,Karnataka
2021-04-24,1.23,4.6299999999999715,23.160000000000046,80.09,2.82,0,Dakshina Kannada,Karnataka
2021-04-25,1.14,5.189999999999971,19.480000000000047,81.09,2.82,0,Dakshina Kannada,Karnataka
2021-04-26,0.65,3.0199999999999716,16.750000000000046,74.28999999999999,1.23,0,Dakshina Kannada,Karnataka
2021-04-27,0.36,2.1499999999999715,14.830000000000046,54.809999999999995,1.14,0,Dakshina Kannada,Karnataka
2021-04-28,0.5,1.5099999999999716,7.2800000000000455,43.62,0.65,0,Dakshina Kannada,Karnataka
2021-04-29,0.77,1.6299999999999715,7.470000000000046,36.379999999999995,0.77,0,Dakshina Kannada,Karnataka
2021-04-30,1.09,2.359999999999972,5.740000000000046,31.459999999999997,1.09,0,Dakshina Kannada,Karnataka
2021-05-01,3.33,5.189999999999972,7.840000000000046,32.709999999999994,3.33,0,Dakshina Kannada,Karnataka
2021-05-02,5.53,9.94999999999997,12.230000000000047,36.529999999999994,5.53,0,Dakshina Kannada,Karnataka
2021-05-03,5.0,13.859999999999971,16.580000000000048,36.709999999999994,5.53,0,Dakshina Kannada,Karnataka
2021-05-04,5.64,16.169999999999973,21.860000000000046,38.97,5.64,0,Dakshina Kannada,Karnataka
2021-05-05,5.7,16.33999999999997,27.060000000000045,42.39,5.7,0,Dakshina Kannada,Karnataka
2021-05-06,4.52,15.859999999999971,30.810000000000045,38.85999999999999,5.7,0,Dakshina Kannada,Karnataka
2021-05-07,6.23,16.44999999999997,35.950000000000045,44.51,6.23,0,Dakshina Kannada,Karnataka
2021-05-08,3.86,14.609999999999973,36.48000000000005,45.55,6.23,0,Dakshina Kannada,Karnataka
2021-05-09,2.28,12.36999999999997,33.23000000000005,46.6,6.23,0,Dakshina Kannada,Karnataka
2021-05-10,2.05,8.189999999999971,30.280000000000047,47.51,3.86,0,Dakshina Kannada,Karnataka
2021-05-11,10.78,15.109999999999971,35.420000000000044,57.64,10.78,0,Dakshina Kannada,Karnataka
2021-05-12,7.86,20.68999999999997,37.58000000000004,65.13999999999999,10.78,0,Dakshina Kannada,Karnataka
2021-05-13,10.14,28.779999999999973,43.200000000000045,74.78,10.78,0,Dakshina Kannada,Karnataka
2021-05-14,63.23,81.22999999999996,100.20000000000005,137.24,63.23,0,Dakshina Kannada,Karnataka
2021-05-15,44.05,117.41999999999996,140.39000000000004,180.2,63.23,0,Dakshina Kannada,Karnataka
2021-05-16,45.38,152.65999999999997,183.49000000000004,222.25,63.23,0,Dakshina Kannada,Karnataka
2021-05-17,14.89,104.31999999999998,196.33000000000007,231.61,45.38,0,Dakshina Kannada,Karnataka
2021-05-18,18.79,79.05999999999997,204.34000000000006,245.4,45.38,0,Dakshina Kannada,Karnataka
2021-05-19,8.99,42.66999999999997,205.47000000000006,248.75,18.79,0,Dakshina Kannada,Karnataka
2021-05-20,15.17,42.949999999999974,210.50000000000003,258.22,18.79,0,Dakshina Kannada,Karnataka
2021-05-21,7.2,31.35999999999997,154.47000000000006,260.9,15.17,0,Dakshina Kannada,Karnataka
2021-05-22,6.99,29.35999999999997,117.41000000000005,261.66,15.17,0,Dakshina Kannada,Karnataka
2021-05-23,7.94,22.129999999999974,79.97000000000006,265.74,7.94,0,Dakshina Kannada,Karnataka
2021-05-24,3.65,18.579999999999973,68.73000000000005,267.11,7.94,0,Dakshina Kannada,Karnataka
2021-05-25,14.65,26.239999999999974,64.59000000000005,279.71,14.65,0,Dakshina Kannada,Karnataka
2021-05-26,12.8,31.099999999999973,68.40000000000005,281.72999999999996,14.65,0,Dakshina Kannada,Karnataka
2021-05-27,2.24,29.689999999999973,55.47000000000005,276.11,14.65,0,Dakshina Kannada,Karnataka
2021-05-28,13.05,28.089999999999975,61.32000000000005,279.02,13.05,0,Dakshina Kannada,Karnataka
2021-05-29,16.25,31.539999999999974,70.58000000000006,232.04000000000002,16.25,0,Dakshina Kannada,Karnataka
2021-05-30,6.42,35.71999999999998,69.06000000000006,194.41,16.25,0,Dakshina Kannada,Karnataka
2021-05-31,10.65,33.31999999999997,76.06000000000004,159.68,16.25,0,Dakshina Kannada,Karnataka
2021-06-01,19.65,36.71999999999997,81.06000000000004,164.44,19.65,1,Dakshina Kannada,Karnataka
2021-06-02,14.07,44.36999999999997,82.33000000000006,159.72,19.65,1,Dakshina Kannada,Karnataka
2021-06-03,16.0,49.71999999999997,96.09000000000006,166.73,19.65,1,Dakshina Kannada,Karnataka
2021-06-04,29.69,59.75999999999998,112.73000000000005,181.25,29.69,1,Dakshina Kannada,Karnataka
2021-06-05,39.99,85.67999999999998,136.47000000000006,214.04,39.99,1,Dakshina Kannada,Karnataka
2021-06-06,30.5,100.17999999999998,160.55000000000007,237.55,39.99,1,Dakshina Kannada,Karnataka
2021-06-07,3.62,74.10999999999997,153.52000000000007,233.23000000000002,39.99,1,Dakshina Kannada,Karnataka
2021-06-08,5.86,39.97999999999996,139.73000000000005,235.44,30.5,1,Dakshina Kannada,Karnataka
2021-06-09,15.84,25.319999999999965,141.50000000000006,236.63,15.84,1,Dakshina Kannada,Karnataka
2021-06-10,11.86,33.55999999999996,137.36000000000007,235.69,15.84,1,Dakshina Kannada,Karnataka
2021-06-11,10.71,38.40999999999997,118.38000000000005,244.16000000000003,15.84,1,Dakshina Kannada,Karnataka
2021-06-12,60.2,82.76999999999997,138.59000000000006,291.31,60.2,1,Dakshina Kannada,Karnataka
2021-06-13,29.74,100.64999999999996,137.83000000000004,304.8,60.2,1,Dakshina Kannada,Karnataka
2021-06-14,71.16,161.09999999999997,205.37000000000006,369.53999999999996,71.16,1,Dakshina Kannada,Karnataka
2021-06-15,81.6,182.49999999999994,281.11000000000007,440.49,81.6,1,Dakshina Kannada,Karnataka
2021-06-16,42.9,195.65999999999997,308.17,463.74,81.6,1,Dakshina Kannada,Karnataka
2021-06-17,33.33,157.82999999999996,329.64000000000004,482.99999999999994,81.6,1,Dakshina Kannada,Karnataka
2021-06-18,21.6,97.82999999999996,340.53000000000003,488.59999999999997,42.9,1,Dakshina Kannada,Karnataka
2021-06-19,42.43,97.35999999999996,322.76000000000005,501.34,42.43,1,Dakshina Kannada,Karnataka
2021-06-20,35.57,99.59999999999997,328.59000000000003,496.92,42.43,1,Dakshina Kannada,Karnataka
2021-06-21,21.26,99.25999999999996,278.69000000000005,487.67999999999995,42.43,1,Dakshina Kannada,Karnataka
2021-06-22,8.31,65.13999999999996,205.40000000000003,492.37,35.57,1,Dakshina Kannada,Karnataka
2021-06-23,5.17,34.73999999999996,167.67000000000007,491.68,21.26,1,Dakshina Kannada,Karnataka
2021-06-24,4.58,18.05999999999996,138.92000000000004,480.41999999999996,8.31,1,Dakshina Kannada,Karnataka
2021-06-25,3.04,12.789999999999957,120.36000000000006,471.6,5.17,1,Dakshina Kannada,Karnataka
2021-06-26,18.48,26.09999999999996,96.41000000000007,479.37,18.48,1,Dakshina Kannada,Karnataka
2021-06-27,3.79,25.309999999999956,64.63000000000007,422.96,18.48,1,Dakshina Kannada,Karnataka
2021-06-28,1.68,23.949999999999953,45.050000000000054,394.9,18.48,1,Dakshina Kannada,Karnataka
2021-06-29,1.6,7.069999999999954,38.34000000000006,325.34000000000003,3.79,1,Dakshina Kannada,Karnataka
2021-06-30,0.84,4.119999999999954,34.010000000000055,244.57999999999998,1.68,1,Dakshina Kannada,Karnataka
2021-07-01,12.63,15.069999999999954,42.06000000000006,214.31,12.63,1,Dakshina Kannada,Karnataka
2021-07-02,10.14,23.609999999999957,49.16000000000006,191.12,12.63,1,Dakshina Kannada,Karnataka
2021-07-03,9.33,32.09999999999996,40.01000000000006,178.85,12.63,1,Dakshina Kannada,Karnataka
2021-07-04,11.02,30.489999999999952,47.24000000000006,147.44,11.02,1,Dakshina Kannada,Karnataka
2021-07-05,6.06,26.409999999999954,51.62000000000006,117.93,11.02,1,Dakshina Kannada,Karnataka
2021-07-06,11.78,28.859999999999953,61.800000000000054,108.45,11.78,1,Dakshina Kannada,Karnataka
2021-07-07,34.63,52.469999999999956,95.59000000000006,134.76999999999998,34.63,1,Dakshina Kannada,Karnataka
2021-07-08,29.68,76.08999999999995,112.64000000000006,159.28,34.63,1,Dakshina Kannada,Karnataka
2021-07-09,65.88,130.18999999999994,168.38000000000005,220.57999999999998,65.88,1,Dakshina Kannada,Karnataka
2021-07-10,52.03,147.58999999999995,211.08000000000007,269.57,65.88,1,Dakshina Kannada,Karnataka
2021-07-11,57.27,175.17999999999995,257.33000000000004,308.35999999999996,65.88,1,Dakshina Kannada,Karnataka
2021-07-12,56.58,165.87999999999994,307.8500000000001,361.15000000000003,57.27,1,Dakshina Kannada,Karnataka
2021-07-13,48.9,162.74999999999994,344.9700000000001,408.37,57.27,1,Dakshina Kannada,Karnataka
2021-07-14,56.84,162.31999999999994,367.18000000000006,463.61,56.84,1,Dakshina Kannada,Karnataka
2021-07-15,83.07,188.80999999999995,420.57000000000005,545.84,83.07,1,Dakshina Kannada,Karnataka
2021-07-16,97.16,237.06999999999994,451.8500000000001,630.37,97.16,1,Dakshina Kannada,Karnataka
2021-07-17,57.58,237.80999999999995,457.40000000000003,677.8100000000001,97.16,1,Dakshina Kannada,Karnataka
2021-07-18,82.04,236.77999999999994,482.1700000000001,750.52,97.16,1,Dakshina Kannada,Karnataka
2021-07-19,28.01,167.62999999999994,453.6,767.51,82.04,1,Dakshina Kannada,Karnataka
2021-07-20,17.02,127.06999999999995,421.72,778.4699999999999,82.04,1,Dakshina Kannada,Karnataka
2021-07-21,30.77,75.79999999999994,395.65000000000003,797.4599999999999,30.77,1,Dakshina Kannada,Karnataka
2021-07-22,41.33,89.11999999999993,353.91,804.16,41.33,1,Dakshina Kannada,Karnataka
2021-07-23,40.26,112.35999999999993,297.01000000000005,814.74,41.33,1,Dakshina Kannada,Karnataka
2021-07-24,41.25,122.83999999999995,280.68000000000006,790.11,41.33,1,Dakshina Kannada,Karnataka
2021-07-25,39.99,121.49999999999994,238.63000000000005,778.0699999999999,41.25,1,Dakshina Kannada,Karnataka
2021-07-26,19.92,101.15999999999995,230.54000000000008,740.7199999999999,41.25,1,Dakshina Kannada,Karnataka
2021-07-27,11.48,71.38999999999994,225.00000000000006,695.62,39.99,1,Dakshina Kannada,Karnataka
2021-07-28,6.45,37.849999999999945,200.68000000000004,653.1700000000001,19.92,1,Dakshina Kannada,Karnataka
2021-07-29,9.38,27.309999999999945,168.73000000000008,605.71,11.48,1,Dakshina Kannada,Karnataka
2021-07-30,16.76,32.58999999999995,145.23000000000008,539.4,16.76,1,Dakshina Kannada,Karnataka
2021-07-31,15.98,42.11999999999995,119.96000000000006,458.22,16.76,1,Dakshina Kannada,Karnataka
2021-08-01,8.42,41.15999999999995,88.39000000000006,409.06,16.76,1,Dakshina Kannada,Karnataka
2021-08-02,12.13,36.529999999999944,80.60000000000007,339.15,15.98,1,Dakshina Kannada,Karnataka
2021-08-03,27.21,47.75999999999995,96.33000000000006,338.35,27.21,1,Dakshina Kannada,Karnataka
2021-08-04,20.6,59.93999999999994,110.48000000000006,341.93,27.21,1,Dakshina Kannada,Karnataka
2021-08-05,17.28,65.08999999999995,118.38000000000007,328.44,27.21,1,Dakshina Kannada,Karnataka
2021-08-06,19.85,57.72999999999995,121.47000000000006,306.96000000000004,20.6,1,Dakshina Kannada,Karnataka
2021-08-07,22.84,59.96999999999995,128.33000000000007,289.54,22.84,1,Dakshina Kannada,Karnataka
2021-08-08,11.85,54.53999999999994,131.76000000000008,260.14000000000004,22.84,1,Dakshina Kannada,Karnataka
2021-08-09,6.75,41.43999999999994,126.38000000000005,226.9,22.84,1,Dakshina Kannada,Karnataka
2021-08-10,22.64,41.239999999999945,121.81000000000006,229.62000000000003,22.64,1,Dakshina Kannada,Karnataka
2021-08-11,15.08,44.46999999999994,116.29000000000006,233.22,22.64,1,Dakshina Kannada,Karnataka
2021-08-12,18.42,56.139999999999944,117.43000000000006,245.19000000000003,22.64,1,Dakshina Kannada,Karnataka
2021-08-13,9.26,42.75999999999994,106.84000000000006,245.07,18.42,1,Dakshina Kannada,Karnataka
2021-08-14,7.35,35.029999999999944,91.35000000000005,235.66,18.42,1,Dakshina Kannada,Karnataka
2021-08-15,5.63,22.23999999999994,85.13000000000007,225.31,9.26,1,Dakshina Kannada,Karnataka
2021-08-16,12.15,25.129999999999946,90.53000000000006,229.04,12.15,1,Dakshina Kannada,Karnataka
2021-08-17,5.12,22.89999999999994,73.01000000000005,222.03,12.15,1,Dakshina Kannada,Karnataka
2021-08-18,19.29,36.559999999999945,77.22000000000006,214.10999999999999,19.29,1,Dakshina Kannada,Karnataka
2021-08-19,6.16,30.569999999999943,64.96000000000006,199.67000000000002,19.29,1,Dakshina Kannada,Karnataka
2021-08-20,0.78,26.229999999999944,56.48000000000006,183.17,19.29,1,Dakshina Kannada,Karnataka
2021-08-21,8.03,14.969999999999942,57.16000000000005,171.35,8.03,1,Dakshina Kannada,Karnataka
2021-08-22,1.83,10.639999999999942,53.360000000000056,150.34,8.03,1,Dakshina Kannada,Karnataka
2021-08-23,3.82,13.679999999999943,45.03000000000006,142.31,8.03,1,Dakshina Kannada,Karnataka
2021-08-24,7.42,13.069999999999943,47.330000000000055,142.98000000000002,7.42,1,Dakshina Kannada,Karnataka
2021-08-25,7.65,18.889999999999944,35.690000000000055,127.99,7.65,1,Dakshina Kannada,Karnataka
2021-08-26,12.49,27.559999999999945,42.02000000000005,125.39999999999999,12.49,1,Dakshina Kannada,Karnataka
2021-08-27,35.33,55.46999999999994,76.57000000000005,142.31,35.33,1,Dakshina Kannada,Karnataka
2021-08-28,34.45,82.26999999999995,102.99000000000005,167.5,35.33,1,Dakshina Kannada,Karnataka
2021-08-29,38.9,108.67999999999995,140.06000000000006,199.05,38.9,1,Dakshina Kannada,Karnataka
2021-08-30,22.21,95.55999999999995,158.45000000000005,215.63,38.9,1,Dakshina Kannada,Karnataka
2021-08-31,5.39,66.49999999999994,156.42000000000004,208.87,38.9,1,Dakshina Kannada,Karnataka
2021-09-01,10.63,38.22999999999995,159.40000000000006,214.38,22.21,1,Dakshina Kannada,Karnataka
2021-09-02,23.16,39.17999999999994,170.07000000000005,218.25,23.16,1,Dakshina Kannada,Karnataka
2021-09-03,37.46,71.24999999999994,172.20000000000007,249.54999999999998,37.46,1,Dakshina Kannada,Karnataka
2021-09-04,34.61,95.22999999999995,172.36000000000007,283.38,37.46,1,Dakshina Kannada,Karnataka
2021-09-05,43.1,115.16999999999993,176.56000000000006,318.45,43.1,1,Dakshina Kannada,Karnataka
2021-09-06,26.43,104.13999999999994,180.7800000000001,343.05,43.1,1,Dakshina Kannada,Karnataka
2021-09-07,32.03,101.55999999999995,207.42000000000007,371.26,43.1,1,Dakshina Kannada,Karnataka
2021-09-08,29.21,87.66999999999994,226.00000000000006,393.05,32.03,1,Dakshina Kannada,Karnataka
2021-09-09,10.54,71.77999999999994,213.38000000000005,395.94,32.03,1,Dakshina Kannada,Karnataka
2021-09-10,8.38,48.129999999999946,184.30000000000007,391.83,29.21,1,Dakshina Kannada,Karnataka
2021-09-11,20.71,39.629999999999946,170.40000000000003,377.21000000000004,20.71,1,Dakshina Kannada,Karnataka
2021-09-12,33.89,62.97999999999995,161.19000000000005,376.65,33.89,1,Dakshina Kannada,Karnataka
2021-09-13,27.34,81.93999999999994,162.10000000000005,365.09,33.89,1,Dakshina Kannada,Karnataka
2021-09-14,13.02,74.24999999999994,143.09000000000003,355.90000000000003,33.89,1,Dakshina Kannada,Karnataka
2021-09-15,9.47,49.82999999999994,123.35000000000007,359.98,27.34,1,Dakshina Kannada,Karnataka
2021-09-16,4.8,27.289999999999942,117.61000000000006,354.15,13.02,1,Dakshina Kannada,Karnataka
2021-09-17,1.49,15.759999999999943,110.72000000000007,332.48,9.47,1,Dakshina Kannada,Karnataka
2021-09-18,1.08,7.369999999999943,91.09000000000006,296.09999999999997,4.8,1,Dakshina Kannada,Karnataka
2021-09-19,0.81,3.379999999999943,58.010000000000055,262.3,1.49,1,Dakshina Kannada,Karnataka
2021-09-20,0.43,2.3199999999999434,31.10000000000006,219.63,1.08,1,Dakshina Kannada,Karnataka
2021-09-21,6.95,8.189999999999944,25.030000000000058,200.14999999999998,6.95,1,Dakshina Kannada,Karnataka
2021-09-22,7.25,14.629999999999942,22.81000000000006,175.37,7.25,1,Dakshina Kannada,Karnataka
2021-09-23,8.43,22.629999999999942,26.440000000000055,154.59,8.43,1,Dakshina Kannada,Karnataka
2021-09-24,2.72,18.39999999999994,27.67000000000006,146.77,8.43,1,Dakshina Kannada,Karnataka
2021-09-25,2.04,13.189999999999943,28.630000000000056,140.43,8.43,1,Dakshina Kannada,Karnataka
2021-09-26,3.46,8.219999999999944,31.280000000000058,123.18,3.46,1,Dakshina Kannada,Karnataka
2021-09-27,14.53,20.029999999999944,45.38000000000006,103.82,14.53,1,Dakshina Kannada,Karnataka
2021-09-28,16.82,34.809999999999945,55.25000000000006,93.3,16.82,1,Dakshina Kannada,Karnataka
2021-09-29,17.89,49.239999999999945,65.89000000000006,98.17,17.89,1,Dakshina Kannada,Karnataka
2021-09-30,8.77,43.47999999999995,66.23000000000006,97.47,17.89,1,Dakshina Kannada,Karnataka
2021-10-01,10.99,37.64999999999994,74.50000000000006,103.66000000000001,17.89,0,Dakshina Kannada,Karnataka
2021-10-02,37.38,57.139999999999944,109.84000000000006,139.55,37.38,0,Dakshina Kannada,Karnataka
2021-10-03,16.31,64.67999999999995,122.69000000000005,154.78,37.38,0,Dakshina Kannada,Karnataka
2021-10-04,5.42,59.10999999999994,113.58000000000006,159.39000000000001,37.38,0,Dakshina Kannada,Karnataka
2021-10-05,16.7,38.42999999999994,113.46000000000005,175.66,16.7,0,Dakshina Kannada,Karnataka
2021-10-06,23.36,45.47999999999995,118.93000000000005,192.07,23.36,0,Dakshina Kannada,Karnataka
2021-10-07,3.42,43.47999999999994,113.58000000000006,188.23999999999998,23.36,0,Dakshina Kannada,Karnataka
2021-10-08,6.68,33.459999999999944,109.27000000000005,186.49,23.36,0,Dakshina Kannada,Karnataka
2021-10-09,12.43,22.529999999999944,84.32000000000005,196.20000000000002,12.43,0,Dakshina Kannada,Karnataka
2021-10-10,18.3,37.40999999999995,86.31000000000006,212.45999999999998,18.3,0,Dakshina Kannada,Karnataka
2021-10-11,25.65,56.379999999999946,106.54000000000005,234.65,25.65,0,Dakshina Kannada,Karnataka
2021-10-12,66.72,110.66999999999994,156.56000000000006,286.84000000000003,66.72,0,Dakshina Kannada,Karnataka
2021-10-13,13.82,106.18999999999994,147.02000000000004,283.84000000000003,66.72,0,Dakshina Kannada,Karnataka
2021-10-14,6.52,87.05999999999995,150.12000000000003,272.47,66.72,0,Dakshina Kannada,Karnataka
2021-10-15,9.22,29.559999999999945,152.66000000000003,272.91999999999996,13.82,0,Dakshina Kannada,Karnataka
2021-10-16,37.53,53.269999999999946,177.76000000000005,299.46,37.53,0,Dakshina Kannada,Karnataka
2021-10-17,15.77,62.51999999999994,175.23000000000005,277.84999999999997,37.53,0,Dakshina Kannada,Karnataka
2021-10-18,3.16,56.459999999999944,152.74000000000004,264.7,37.53,0,Dakshina Kannada,Karnataka
2021-10-19,0.34,19.269999999999943,86.36000000000004,259.62,15.77,0,Dakshina Kannada,Karnataka
2021-10-20,14.26,17.75999999999994,86.80000000000005,257.18,14.26,0,Dakshina Kannada,Karnataka
2021-10-21,22.95,37.54999999999994,103.23000000000005,256.77,22.95,0,Dakshina Kannada,Karnataka
2021-10-22,21.84,59.04999999999994,115.85000000000004,275.19,22.95,0,Dakshina Kannada,Karnataka
2021-10-23,10.47,55.25999999999994,88.79000000000003,278.98,22.95,0,Dakshina Kannada,Karnataka
2021-10-24,6.25,38.559999999999945,79.27000000000004,272.8,21.84,0,Dakshina Kannada,Karnataka
2021-10-25,5.75,22.46999999999995,81.86000000000004,260.25,10.47,0,Dakshina Kannada,Karnataka
2021-10-26,4.06,16.059999999999945,85.58000000000004,238.66,6.25,0,Dakshina Kannada,Karnataka
2021-10-27,5.38,15.189999999999946,76.70000000000005,177.32,5.75,0,Dakshina Kannada,Karnataka
2021-10-28,1.56,10.999999999999947,55.310000000000045,165.06,5.38,0,Dakshina Kannada,Karnataka
2021-10-29,2.45,9.389999999999947,35.92000000000004,160.99,5.38,0,Dakshina Kannada,Karnataka
2021-10-30,9.08,13.089999999999947,34.530000000000044,160.85,9.08,0,Dakshina Kannada,Karnataka
2021-10-31,2.16,13.689999999999948,30.44000000000004,125.47999999999999,9.08,0,Dakshina Kannada,Karnataka
2021-11-01,21.24,32.47999999999995,45.930000000000035,130.95,21.24,0,Dakshina Kannada,Karnataka
2021-11-02,9.96,33.35999999999995,51.83000000000004,137.75,21.24,0,Dakshina Kannada,Karnataka
2021-11-03,16.13,47.32999999999994,62.58000000000004,153.54,21.24,0,Dakshina Kannada,Karnataka
2021-11-04,18.66,44.74999999999995,79.68000000000004,157.94,18.66,0,Dakshina Kannada,Karnataka
2021-11-05,40.24,75.02999999999994,117.47000000000004,175.23,40.24,0,Dakshina Kannada,Karnataka
2021-11-06,12.13,71.02999999999996,120.52000000000004,165.51999999999998,40.24,0,Dakshina Kannada,Karnataka
2021-11-07,1.75,54.119999999999955,120.11000000000004,156.79999999999998,40.24,0,Dakshina Kannada,Karnataka
2021-11-08,1.37,15.24999999999995,100.24000000000005,151.92,12.13,0,Dakshina Kannada,Karnataka
2021-11-09,1.49,4.609999999999951,91.77000000000004,147.66,1.75,0,Dakshina Kannada,Karnataka
2021-11-10,0.41,3.2699999999999503,76.05000000000005,144.01,1.49,0,Dakshina Kannada,Karnataka
2021-11-11,0.89,2.7899999999999503,58.28000000000005,139.51999999999998,1.49,0,Dakshina Kannada,Karnataka
2021-11-12,4.03,5.32999999999995,22.070000000000043,141.98999999999998,4.03,0,Dakshina Kannada,Karnataka
2021-11-13,4.03,8.94999999999995,13.970000000000043,143.57,4.03,0,Dakshina Kannada,Karnataka
2021-11-14,28.02,36.07999999999995,40.240000000000045,162.51,28.02,0,Dakshina Kannada,Karnataka
2021-11-15,33.29,65.33999999999995,72.16000000000004,193.64,33.29,0,Dakshina Kannada,Karnataka
2021-11-16,26.37,87.67999999999995,97.04000000000003,198.77,33.29,0,Dakshina Kannada,Karnataka
2021-11-17,7.29,66.94999999999995,103.92000000000003,196.1,33.29,0,Dakshina Kannada,Karnataka
2021-11-18,12.88,46.53999999999995,115.91000000000004,192.85,26.37,0,Dakshina Kannada,Karnataka
2021-11-19,22.93,43.09999999999995,134.81000000000003,197.12,22.93,0,Dakshina Kannada,Karnataka
2021-11-20,21.31,57.11999999999995,152.09000000000003,178.19,22.93,0,Dakshina Kannada,Karnataka
2021-11-21,5.16,49.39999999999995,129.23000000000005,171.22,22.93,0,Dakshina Kannada,Karnataka
2021-11-22,6.5,32.96999999999995,102.44000000000004,175.97,21.31,0,Dakshina Kannada,Karnataka
2021-11-23,2.58,14.23999999999995,78.65000000000003,177.18,6.5,0,Dakshina Kannada,Karnataka
2021-11-24,3.64,12.719999999999951,75.00000000000003,179.32999999999998,6.5,0,Dakshina Kannada,Karnataka
2021-11-25,1.42,7.639999999999951,63.540000000000035,180.34,3.64,0,Dakshina Kannada,Karnataka
2021-11-26,0.17,5.229999999999951,40.78000000000003,179.62,3.64,0,Dakshina Kannada,Karnataka
2021-11-27,0.51,2.0999999999999504,19.980000000000036,176.1,1.42,0,Dakshina Kannada,Karnataka
2021-11-28,1.61,2.2899999999999503,16.430000000000035,173.68,1.61,0,Dakshina Kannada,Karnataka
2021-11-29,2.46,4.57999999999995,12.390000000000036,148.12,2.46,0,Dakshina Kannada,Karnataka
2021-11-30,4.6,8.66999999999995,14.410000000000036,119.43,4.6,0,Dakshina Kannada,Karnataka
2021-12-01,4.38,11.43999999999995,15.150000000000034,97.44,4.6,0,Dakshina Kannada,Karnataka
2021-12-02,1.49,10.469999999999951,15.220000000000034,91.64,4.6,0,Dakshina Kannada,Karnataka
2021-12-03,0.4,6.26999999999995,15.450000000000035,79.16,4.38,0,Dakshina Kannada,Karnataka
2021-12-04,0.2,2.08999999999995,15.140000000000036,56.43,1.49,0,Dakshina Kannada,Karnataka
2021-12-05,0.06,0.6599999999999503,13.590000000000035,35.18,0.4,0,Dakshina Kannada,Karnataka
2021-12-06,0.0,0.25999999999995027,11.130000000000035,30.02,0.2,0,Dakshina Kannada,Karnataka
2021-12-07,0.01,0.06999999999995025,6.540000000000036,23.53,0.06,0,Dakshina Kannada,Karnataka
2021-12-08,0.14,0.14999999999995028,2.3000000000000353,21.090000000000003,0.14,0,Dakshina Kannada,Karnataka
2021-12-09,3.68,3.8299999999999503,4.490000000000036,21.130000000000003,3.68,0,Dakshina Kannada,Karnataka
2021-12-10,1.36,5.179999999999951,5.450000000000036,21.07,3.68,0,Dakshina Kannada,Karnataka
2021-12-11,0.87,5.90999999999995,6.1200000000000365,21.770000000000003,3.68,0,Dakshina Kannada,Karnataka
2021-12-12,0.18,2.4099999999999504,6.240000000000036,21.44,1.36,0,Dakshina Kannada,Karnataka
2021-12-13,0.05,1.0999999999999504,6.290000000000036,19.880000000000003,0.87,0,Dakshina Kannada,Karnataka
2021-12-14,0.09,0.31999999999995027,6.370000000000036,17.51,0.18,0,Dakshina Kannada,Karnataka
2021-12-15,0.18,0.31999999999995027,6.410000000000037,13.09,0.18,0,Dakshina Kannada,Karnataka
2021-12-16,0.11,0.37999999999995027,2.840000000000036,8.820000000000002,0.18,0,Dakshina Kannada,Karnataka
2021-12-17,0.01,0.29999999999995025,1.4900000000000355,7.340000000000001,0.18,0,Dakshina Kannada,Karnataka
2021-12-18,0.0,0.11999999999995026,0.6200000000000355,6.940000000000001,0.11,0,Dakshina Kannada,Karnataka
2021-12-19,0.0,0.009999999999950262,0.44000000000003553,6.740000000000001,0.01,0,Dakshina Kannada,Karnataka
2021-12-20,0.0,0.0,0.39000000000003554,6.680000000000001,0.0,0,Dakshina Kannada,Karnataka
2021-12-21,0.0,0.0,0.3000000000000355,6.680000000000001,0.0,0,Dakshina Kannada,Karnataka
2021-12-22,0.0,0.0,0.12000000000003552,6.670000000000001,0.0,0,Dakshina Kannada,Karnataka
2021-12-23,0.0,0.0,0.010000000000035527,6.530000000000001,0.0,0,Dakshina Kannada,Karnataka
2021-12-24,0.0,0.0,0.0,2.85,0.0,0,Dakshina Kannada,Karnataka
2021-12-25,0.0,0.0,0.0,1.49,0.0,0,Dakshina Kannada,Karnataka
2021-12-26,0.0,0.0,0.0,0.62,0.0,0,Dakshina Kannada,Karnataka
2021-12-27,0.0,0.0,0.0,0.44,0.0,0,Dakshina Kannada,Karnataka
2021-12-28,0.0,0.0,0.0,0.39,0.0,0,Dakshina Kannada,Karnataka
2021-12-29,0.0,0.0,0.0,0.3,0.0,0,Dakshina Kannada,Karnataka
2021-12-30,0.0,0.0,0.0,0.12,0.0,0,Dakshina Kannada,Karnataka
2021-12-31,0.02,0.019999999999950262,0.020000000000035528,0.03,0.02,0,Dakshina Kannada,Karnataka
2022-01-01,0.07,0.08999999999995027,0.09000000000003554,0.09,0.07,0,Dakshina Kannada,Karnataka
2022-01-02,0.03,0.11999999999995027,0.12000000000003554,0.12,0.07,0,Dakshina Kannada,Karnataka
2022-01-03,0.01,0.10999999999995026,0.13000000000003553,0.13,0.07,0,Dakshina Kannada,Karnataka
2022-01-04,0.0,0.03999999999995026,0.13000000000003553,0.13,0.03,0,Dakshina Kannada,Karnataka
2022-01-05,0.0,0.009999999999950262,0.13000000000003553,0.13,0.01,0,Dakshina Kannada,Karnataka
2022-01-06,0.0,0.0,0.13000000000003553,0.13,0.0,0,Dakshina Kannada,Karnataka
2022-01-07,0.0,0.0,0.11000000000003553,0.13,0.0,0,Dakshina Kannada,Karnataka
2022-01-08,0.01,0.009999999999950262,0.05000000000003553,0.13999999999999999,0.01,0,Dakshina Kannada,Karnataka
2022-01-09,0.0,0.009999999999950262,0.020000000000035528,0.13999999999999999,0.01,0,Dakshina Kannada,Karnataka
2022-01-10,0.0,0.009999999999950262,0.010000000000035527,0.13999999999999999,0.01,0,Dakshina Kannada,Karnataka
2022-01-11,0.0,0.0,0.010000000000035527,0.13999999999999999,0.0,0,Dakshina Kannada,Karnataka
2022-01-12,0.0,0.0,0.010000000000035527,0.13999999999999999,0.0,0,Dakshina Kannada,Karnataka
2022-01-13,0.0,0.0,0.010000000000035527,0.13999999999999999,0.0,0,Dakshina Kannada,Karnataka
2022-01-14,0.0,0.0,0.010000000000035527,0.13999999999999999,0.0,0,Dakshina Kannada,Karnataka
2022-01-15,0.0,0.0,0.0,0.12000000000000001,0.0,0,Dakshina Kannada,Karnataka
2022-01-16,0.0,0.0,0.0,0.05,0.0,0,Dakshina Kannada,Karnataka
2022-01-17,0.11,0.10999999999995026,0.11000000000003553,0.13,0.11,0,Dakshina Kannada,Karnataka
2022-01-18,0.03,0.13999999999995028,0.14000000000003554,0.15000000000000002,0.11,0,Dakshina Kannada,Karnataka
2022-01-19,0.0,0.13999999999995028,0.14000000000003554,0.15000000000000002,0.11,0,Dakshina Kannada,Karnataka
2022-01-20,0.0,0.02999999999995026,0.14000000000003554,0.15000000000000002,0.03,0,Dakshina Kannada,Karnataka
2022-01-21,0.0,0.0,0.14000000000003554,0.15000000000000002,0.0,0,Dakshina Kannada,Karnataka
2022-01-22,0.0,0.0,0.14000000000003554,0.15000000000000002,0.0,0,Dakshina Kannada,Karnataka
2022-01-23,0.0,0.0,0.14000000000003554,0.14,0.0,0,Dakshina Kannada,Karnataka
2022-01-24,0.01,0.009999999999950262,0.04000000000003553,0.15,0.01,0,Dakshina Kannada,Karnataka
2022-01-25,0.0,0.009999999999950262,0.010000000000035527,0.15,0.01,0,Dakshina Kannada,Karnataka
2022-01-26,0.01,0.019999999999950262,0.020000000000035528,0.16,0.01,0,Dakshina Kannada,Karnataka
2022-01-27,0.02,0.02999999999995026,0.04000000000003553,0.18,0.02,0,Dakshina Kannada,Karnataka
2022-01-28,0.02,0.049999999999950265,0.060000000000035525,0.2,0.02,0,Dakshina Kannada,Karnataka
2022-01-29,0.0,0.03999999999995026,0.060000000000035525,0.2,0.02,0,Dakshina Kannada,Karnataka
2022-01-30,0.0,0.019999999999950266,0.060000000000035525,0.2,0.02,0,Dakshina Kannada,Karnataka
2022-01-31,0.0,0.0,0.05000000000003553,0.2,0.0,0,Dakshina Kannada,Karnataka
2022-02-01,0.0,0.0,0.05000000000003553,0.09,0.0,0,Dakshina Kannada,Karnataka
2022-02-02,0.0,0.0,0.040000000000035535,0.06,0.0,0,Dakshina Kannada,Karnataka
2022-02-03,0.0,0.0,0.020000000000035528,0.06,0.0,0,Dakshina Kannada,Karnataka
2022-02-04,0.0,0.0,0.0,0.06,0.0,0,Dakshina Kannada,Karnataka
2022-02-05,0.0,0.0,0.0,0.06,0.0,0,Dakshina Kannada,Karnataka
2022-02-06,0.0,0.0,0.0,0.06,0.0,0,Dakshina Kannada,Karnataka
2022-02-07,0.0,0.0,0.0,0.06,0.0,0,Dakshina Kannada,Karnataka
2022-02-08,0.0,0.0,0.0,0.05,0.0,0,Dakshina Kannada,Karnataka
2022-02-09,0.0,0.0,0.0,0.05,0.0,0,Dakshina Kannada,Karnataka
2022-02-10,0.0,0.0,0.0,0.04000000000000001,0.0,0,Dakshina Kannada,Karnataka
2022-02-11,0.0,0.0,0.0,0.02,0.0,0,Dakshina Kannada,Karnataka
2022-02-12,0.0,0.0,0.0,0.0,0.0,0,Dakshina Kannada,Karnataka
2022-02-13,0.01,0.009999999999950266,0.010000000000035527,0.01,0.01,0,Dakshina Kannada,Karnataka
2022-02-14,0.04,0.049999999999950265,0.05000000000003553,0.05,0.04,0,Dakshina Kannada,Karnataka
2022-02-15,0.02,0.06999999999995027,0.07000000000003553,0.07,0.04,0,Dakshina Kannada,Karnataka
2022-02-16,0.02,0.07999999999995026,0.09000000000003552,0.09,0.04,0,Dakshina Kannada,Karnataka
2022-02-17,0.1,0.13999999999995028,0.19000000000003553,0.19,0.1,0,Dakshina Kannada,Karnataka
2022-02-18,0.07,0.18999999999995026,0.26000000000003554,0.26,0.1,0,Dakshina Kannada,Karnataka
2022-02-19,0.0,0.1699999999999503,0.26000000000003554,0.26,0.1,0,Dakshina Kannada,Karnataka
2022-02-20,0.0,0.06999999999995028,0.2500000000000355,0.26,0.07,0,Dakshina Kannada,Karnataka
2022-02-21,0.0,0.0,0.21000000000003555,0.26,0.0,0,Dakshina Kannada,Karnataka
2022-02-22,0.0,0.0,0.19000000000003553,0.26,0.0,0,Dakshina Kannada,Karnataka
2022-02-23,0.0,0.0,0.17000000000003554,0.26,0.0,0,Dakshina Kannada,Karnataka
2022-02-24,0.01,0.009999999999950276,0.08000000000003553,0.27,0.01,0,Dakshina Kannada,Karnataka
2022-02-25,0.01,0.019999999999950276,0.020000000000035528,0.28,0.01,0,Dakshina Kannada,Karnataka
2022-02-26,0.0,0.019999999999950276,0.020000000000035528,0.28,0.01,0,Dakshina Kannada,Karnataka
2022-02-27,0.0,0.009999999999950276,0.020000000000035528,0.28,0.01,0,Dakshina Kannada,Karnataka
2022-02-28,0.01,0.009999999999950276,0.030000000000035526,0.28,0.01,0,Dakshina Kannada,Karnataka
2022-03-01,0.01,0.019999999999950276,0.04000000000003553,0.25,0.01,0,Dakshina Kannada,Karnataka
2022-03-02,0.01,0.03,0.05000000000003553,0.24,0.01,0,Dakshina Kannada,Karnataka
2022-03-03,0.0,0.019999999999950273,0.04000000000003553,0.22,0.01,0,Dakshina Kannada,Karnataka
2022-03-04,0.0,0.009999999999950276,0.030000000000035526,0.12000000000000001,0.01,0,Dakshina Kannada,Karnataka
2022-03-05,0.0,0.0,0.030000000000035526,0.05,0.0,0,Dakshina Kannada,Karnataka
2022-03-06,0.01,0.009999999999950276,0.04000000000003553,0.06,0.01,0,Dakshina Kannada,Karnataka
2022-03-07,0.01,0.019999999999950276,0.04000000000003553,0.07,0.01,0,Dakshina Kannada,Karnataka
2022-03-08,0.02,0.03999999999995028,0.05000000000003553,0.09,0.02,0,Dakshina Kannada,Karnataka
2022-03-09,0.06,0.08999999999995027,0.10000000000003553,0.15,0.06,0,Dakshina Kannada,Karnataka
2022-03-10,0.04,0.11999999999995029,0.14000000000003554,0.19,0.06,0,Dakshina Kannada,Karnataka
2022-03-11,0.02,0.11999999999995027,0.16000000000003553,0.19999999999999998,0.06,0,Dakshina Kannada,Karnataka
2022-03-12,0.02,0.07999999999995028,0.18000000000003552,0.21000000000000002,0.04,0,Dakshina Kannada,Karnataka
2022-03-13,0.02,0.06,0.19000000000003553,0.23,0.02,0,Dakshina Kannada,Karnataka
2022-03-14,0.02,0.06,0.20000000000003554,0.25,0.02,0,Dakshina Kannada,Karnataka
2022-03-15,0.03,0.06999999999995027,0.21000000000003552,0.27,0.03,0,Dakshina Kannada,Karnataka
2022-03-16,0.02,0.06999999999995027,0.1700000000000355,0.27999999999999997,0.03,0,Dakshina Kannada,Karnataka
2022-03-17,0.19,0.23999999999995028,0.32000000000003553,0.45999999999999996,0.19,0,Dakshina Kannada,Karnataka
2022-03-18,0.9,1.1099999999999504,1.2000000000000355,1.3599999999999999,0.9,0,Dakshina Kannada,Karnataka
2022-03-19,1.18,2.26999999999995,2.360000000000036,2.54,1.18,0,Dakshina Kannada,Karnataka
2022-03-20,1.36,3.43999999999995,3.7000000000000357,3.9000000000000004,1.36,0,Dakshina Kannada,Karnataka
2022-03-21,2.31,4.84999999999995,5.990000000000036,6.2,2.31,0,Dakshina Kannada,Karnataka
2022-03-22,6.78,10.449999999999951,12.740000000000036,12.97,6.78,0,Dakshina Kannada,Karnataka
2022-03-23,2.79,11.879999999999953,15.510000000000037,15.740000000000002,6.78,0,Dakshina Kannada,Karnataka
2022-03-24,7.44,17.009999999999952,22.760000000000037,23.12,7.44,0,Dakshina Kannada,Karnataka
2022-03-25,0.93,11.15999999999995,22.790000000000035,24.01,7.44,0,Dakshina Kannada,Karnataka
2022-03-26,0.77,9.13999999999995,22.380000000000035,24.76,7.44,0,Dakshina Kannada,Karnataka
2022-03-27,0.37,2.0699999999999514,21.390000000000036,25.11,0.93,0,Dakshina Kannada,Karnataka
2022-03-28,0.15,1.289999999999951,19.230000000000036,25.24,0.77,0,Dakshina Kannada,Karnataka
2022-03-29,0.14,0.6599999999999512,12.590000000000035,25.36,0.37,0,Dakshina Kannada,Karnataka
2022-03-30,0.17,0.45999999999995117,9.970000000000036,25.500000000000004,0.17,0,Dakshina Kannada,Karnataka
2022-03-31,0.19,0.4999999999999512,2.7200000000000357,25.669999999999998,0.19,0,Dakshina Kannada,Karnataka
2022-04-01,2.19,2.549999999999951,3.9800000000000355,27.67,2.19,0,Dakshina Kannada,Karnataka
2022-04-02,5.53,7.909999999999951,8.740000000000036,32.3,5.53,0,Dakshina Kannada,Karnataka
2022-04-03,1.32,9.039999999999951,9.690000000000037,32.44,5.53,0,Dakshina Kannada,Karnataka
2022-04-04,0.74,7.589999999999952,10.280000000000037,31.82,5.53,0,Dakshina Kannada,Karnataka
2022-04-05,3.37,5.429999999999952,13.510000000000035,32.88,3.37,0,Dakshina Kannada,Karnataka
2022-04-06,1.88,5.9899999999999505,15.220000000000036,27.98,3.37,0,Dakshina Kannada,Karnataka
2022-04-07,0.45,5.69999999999995,15.480000000000036,25.64,3.37,0,Dakshina Kannada,Karnataka
2022-04-08,1.15,3.4799999999999507,14.440000000000035,19.35,1.88,0,Dakshina Kannada,Karnataka
2022-04-09,5.84,7.439999999999951,14.750000000000036,24.26,5.84,0,Dakshina Kannada,Karnataka
2022-04-10,1.62,8.60999999999995,15.050000000000036,25.11,5.84,0,Dakshina Kannada,Karnataka
2022-04-11,0.91,8.369999999999951,15.220000000000034,25.65,5.84,0,Dakshina Kannada,Karnataka
2022-04-12,1.35,3.8799999999999515,13.200000000000037,26.85,1.62,0,Dakshina Kannada,Karnataka
2022-04-13,5.05,7.309999999999951,16.370000000000033,31.76,5.05,0,Dakshina Kannada,Karnataka
2022-04-14,3.9,10.299999999999951,19.820000000000036,35.49,5.05,0,Dakshina Kannada,Karnataka
2022-04-15,0.3,9.249999999999952,18.970000000000038,35.6,5.05,0,Dakshina Kannada,Karnataka
2022-04-16,0.84,5.039999999999951,13.970000000000034,34.25,3.9,0,Dakshina Kannada,Karnataka
2022-04-17,4.03,5.169999999999952,16.380000000000035,32.75,4.03,0,Dakshina Kannada,Karnataka
2022-04-18,4.47,9.33999999999995,19.940000000000037,35.9,4.47,0,Dakshina Kannada,Karnataka
2022-04-19,5.82,14.31999999999995,24.410000000000036,40.98,5.82,0,Dakshina Kannada,Karnataka
2022-04-20,0.11,10.39999999999995,19.470000000000034,37.72,5.82,0,Dakshina Kannada,Karnataka
2022-04-21,1.73,7.659999999999951,17.300000000000036,37.57,5.82,0,Dakshina Kannada,Karnataka
2022-04-22,2.56,4.3999999999999515,19.560000000000034,39.68,2.56,0,Dakshina Kannada,Karnataka
2022-04-23,2.39,6.679999999999952,21.110000000000035,40.92,2.56,0,Dakshina Kannada,Karnataka
2022-04-24,1.51,6.459999999999952,18.590000000000035,36.59,2.56,0,Dakshina Kannada,Karnataka
2022-04-25,1.68,5.579999999999951,15.800000000000036,36.650000000000006,2.39,0,Dakshina Kannada,Karnataka
2022-04-26,1.09,4.279999999999951,11.070000000000036,36.83,1.68,0,Dakshina Kannada,Karnataka
2022-04-27,0.72,3.4899999999999514,11.680000000000035,36.199999999999996,1.68,0,Dakshina Kannada,Karnataka
2022-04-28,1.53,3.339999999999951,11.480000000000036,32.68,1.53,0,Dakshina Kannada,Karnataka
2022-04-29,2.06,4.309999999999952,10.980000000000036,30.840000000000003,2.06,0,Dakshina Kannada,Karnataka
2022-04-30,0.81,4.3999999999999515,9.400000000000036,31.35,2.06,0,Dakshina Kannada,Karnataka
2022-05-01,0.78,3.6499999999999515,8.670000000000035,31.290000000000003,2.06,0,Dakshina Kannada,Karnataka
2022-05-02,0.84,2.4299999999999518,7.830000000000036,28.1,0.84,0,Dakshina Kannada,Karnataka
2022-05-03,7.97,9.589999999999952,14.710000000000036,31.6,7.97,0,Dakshina Kannada,Karnataka
2022-05-04,11.83,20.63999999999995,25.820000000000036,37.61,11.83,0,Dakshina Kannada,Karnataka
2022-05-05,15.66,35.45999999999995,39.95000000000003,53.160000000000004,15.66,0,Dakshina Kannada,Karnataka
2022-05-06,2.52,30.009999999999952,40.41000000000003,53.949999999999996,15.66,0,Dakshina Kannada,Karnataka
2022-05-07,2.16,20.33999999999995,41.76000000000003,53.550000000000004,15.66,0,Dakshina Kannada,Karnataka
2022-05-08,2.42,7.09999999999995,43.400000000000034,53.580000000000005,2.52,0,Dakshina Kannada,Karnataka
2022-05-09,3.18,7.759999999999951,45.74000000000003,55.25,3.18,0,Dakshina Kannada,Karnataka
2022-05-10,1.75,7.34999999999995,39.52000000000003,55.32,3.18,0,Dakshina Kannada,Karnataka
2022-05-11,10.81,15.73999999999995,38.500000000000036,65.04,10.81,0,Dakshina Kannada,Karnataka
2022-05-12,15.21,27.769999999999953,38.05000000000004,79.53,15.21,0,Dakshina Kannada,Karnataka
2022-05-13,10.04,36.05999999999995,45.570000000000036,88.04,15.21,0,Dakshina Kannada,Karnataka
2022-05-14,5.9,31.14999999999995,49.31000000000004,91.88,15.21,0,Dakshina Kannada,Karnataka
2022-05-15,13.54,29.479999999999947,60.430000000000035,104.61,13.54,0,Dakshina Kannada,Karnataka
2022-05-16,31.78,51.21999999999995,89.03000000000003,135.61,31.78,0,Dakshina Kannada,Karnataka
2022-05-17,52.64,97.95999999999995,139.92000000000004,187.41,52.64,0,Dakshina Kannada,Karnataka
2022-05-18,56.9,141.31999999999994,186.01000000000005,236.34,56.9,0,Dakshina Kannada,Karnataka
2022-05-19,58.11,167.64999999999995,228.91000000000003,282.62,58.11,0,Dakshina Kannada,Karnataka
2022-05-20,8.18,123.18999999999996,227.05000000000004,275.14,58.11,0,Dakshina Kannada,Karnataka
2022-05-21,4.99,71.27999999999994,226.14000000000001,277.61,58.11,0,Dakshina Kannada,Karnataka
2022-05-22,5.77,18.939999999999948,218.37000000000003,281.21999999999997,8.18,0,Dakshina Kannada,Karnataka
2022-05-23,2.77,13.52999999999995,189.36000000000004,281.57,5.77,0,Dakshina Kannada,Karnataka
2022-05-24,1.7,10.23999999999995,138.42000000000002,280.09000000000003,5.77,0,Dakshina Kannada,Karnataka
2022-05-25,6.58,11.049999999999951,88.10000000000004,284.92,6.58,0,Dakshina Kannada,Karnataka
2022-05-26,7.1,15.37999999999995,37.09000000000003,281.21000000000004,7.1,0,Dakshina Kannada,Karnataka
2022-05-27,5.51,19.189999999999948,34.42000000000004,271.51,7.1,0,Dakshina Kannada,Karnataka
2022-05-28,3.6,16.20999999999995,33.03000000000003,265.07,7.1,0,Dakshina Kannada,Karnataka
2022-05-29,2.6,11.70999999999995,29.860000000000035,261.77,5.51,0,Dakshina Kannada,Karnataka
2022-05-30,5.75,11.94999999999995,32.84000000000003,253.98000000000002,5.75,0,Dakshina Kannada,Karnataka
2022-05-31,8.77,17.119999999999948,39.91000000000003,230.96999999999997,8.77,0,Dakshina Kannada,Karnataka
2022-06-01,4.77,19.28999999999995,38.10000000000004,183.1,8.77,1,Dakshina Kannada,Karnataka
2022-06-02,2.1,15.639999999999947,33.10000000000004,128.29999999999998,8.77,1,Dakshina Kannada,Karnataka
2022-06-03,5.44,12.309999999999949,33.03000000000004,75.63000000000001,5.44,1,Dakshina Kannada,Karnataka
2022-06-04,1.76,9.29999999999995,31.190000000000037,69.21,5.44,1,Dakshina Kannada,Karnataka
2022-06-05,9.25,16.44999999999995,37.84000000000004,73.47,9.25,1,Dakshina Kannada,Karnataka
2022-06-06,8.84,19.849999999999948,40.930000000000035,76.53999999999999,9.25,1,Dakshina Kannada,Karnataka
2022-06-07,15.07,33.15999999999995,47.23000000000003,88.84,15.07,1,Dakshina Kannada,Karnataka
2022-06-08,3.15,27.059999999999945,45.610000000000035,90.28999999999999,15.07,1,Dakshina Kannada,Karnataka
2022-06-09,3.46,21.67999999999995,46.970000000000034,87.17,15.07,1,Dakshina Kannada,Karnataka
2022-06-10,9.31,15.919999999999948,50.84000000000003,89.38,9.31,1,Dakshina Kannada,Karnataka
2022-06-11,21.04,33.809999999999945,70.12000000000003,104.91,21.04,1,Dakshina Kannada,Karnataka
2022-06-12,22.67,53.019999999999946,83.54000000000003,123.98,22.67,1,Dakshina Kannada,Karnataka
2022-06-13,15.24,58.94999999999995,89.94000000000003,136.62,22.67,1,Dakshina Kannada,Karnataka
2022-06-14,12.3,50.20999999999995,87.17000000000004,143.17,22.67,1,Dakshina Kannada,Karnataka
2022-06-15,15.25,42.78999999999995,99.27000000000004,149.65,15.25,1,Dakshina Kannada,Karnataka
2022-06-16,10.78,38.32999999999994,106.59000000000003,155.66,15.25,1,Dakshina Kannada,Karnataka
2022-06-17,4.27,30.299999999999947,101.55000000000004,157.83,15.25,1,Dakshina Kannada,Karnataka
2022-06-18,14.63,29.679999999999946,95.14000000000004,167.02,14.63,1,Dakshina Kannada,Karnataka
2022-06-19,2.77,21.66999999999995,75.24000000000002,168.03,14.63,1,Dakshina Kannada,Karnataka
2022-06-20,28.68,46.07999999999995,88.68000000000004,187.45999999999998,28.68,1,Dakshina Kannada,Karnataka
2022-06-21,35.31,66.75999999999995,111.69000000000004,213.93,35.31,1,Dakshina Kannada,Karnataka
2022-06-22,30.97,94.95999999999995,127.41000000000004,229.82999999999998,35.31,1,Dakshina Kannada,Karnataka
2022-06-23,35.65,101.92999999999995,152.28000000000003,262.33,35.65,1,Dakshina Kannada,Karnataka
2022-06-24,103.42,170.03999999999996,251.43000000000004,362.29,103.42,1,Dakshina Kannada,Karnataka
2022-06-25,30.72,169.78999999999996,267.52000000000004,383.70000000000005,103.42,1,Dakshina Kannada,Karnataka
2022-06-26,14.25,148.38999999999993,279.00000000000006,376.90999999999997,103.42,1,Dakshina Kannada,Karnataka
2022-06-27,21.4,66.36999999999995,271.72,375.64000000000004,30.72,1,Dakshina Kannada,Karnataka
2022-06-28,38.95,74.59999999999997,275.36000000000007,399.35,38.95,1,Dakshina Kannada,Karnataka
2022-06-29,65.41,125.75999999999996,309.80000000000007,452.46000000000004,65.41,1,Dakshina Kannada,Karnataka
2022-06-30,89.01,193.36999999999995,363.1600000000001,526.22,89.01,1,Dakshina Kannada,Karnataka
2022-07-01,53.04,207.45999999999998,312.78000000000003,568.48,89.01,1,Dakshina Kannada,Karnataka
2022-07-02,46.02,188.07,328.08000000000004,610.23,89.01,1,Dakshina Kannada,Karnataka
2022-07-03,55.13,154.18999999999997,368.96000000000004,650.7299999999999,55.13,1,Dakshina Kannada,Karnataka
2022-07-04,66.38,167.52999999999997,413.94000000000005,714.3399999999999,66.38,1,Dakshina Kannada,Karnataka
2022-07-05,84.17,205.67999999999995,459.1600000000001,769.83,84.17,1,Dakshina Kannada,Karnataka
2022-07-06,73.43,223.97999999999996,467.18000000000006,807.9499999999999,84.17,1,Dakshina Kannada,Karnataka
2022-07-07,109.08,266.67999999999995,487.25000000000006,886.0600000000001,109.08,1,Dakshina Kannada,Karnataka
2022-07-08,74.96,257.46999999999997,509.17,925.37,109.08,1,Dakshina Kannada,Karnataka
2022-07-09,115.46,299.49999999999994,578.61,937.41,115.46,1,Dakshina Kannada,Karnataka
2022-07-10,42.7,233.11999999999995,566.1800000000001,949.39,115.46,1,Dakshina Kannada,Karnataka
2022-07-11,47.65,205.80999999999997,547.45,982.79,115.46,1,Dakshina Kannada,Karnataka
2022-07-12,54.63,144.97999999999996,517.9100000000001,1016.02,54.63,1,Dakshina Kannada,Karnataka
2022-07-13,49.69,151.96999999999997,494.17,1026.76,54.63,1,Dakshina Kannada,Karnataka
2022-07-14,29.29,133.60999999999996,414.38000000000005,990.64,54.63,1,Dakshina Kannada,Karnataka
2022-07-15,32.09,111.06999999999996,371.51,933.72,49.69,1,Dakshina Kannada,Karnataka
2022-07-16,43.05,104.42999999999998,299.1,923.73,43.05,1,Dakshina Kannada,Karnataka
2022-07-17,49.09,124.22999999999999,305.49000000000007,926.8000000000001,49.09,1,Dakshina Kannada,Karnataka
2022-07-18,44.82,136.95999999999998,302.66,916.49,49.09,1,Dakshina Kannada,Karnataka
2022-07-19,20.69,114.59999999999997,268.72,870.8,49.09,1,Dakshina Kannada,Karnataka
2022-07-20,21.18,86.68999999999997,240.21,807.81,44.82,1,Dakshina Kannada,Karnataka
2022-07-21,6.73,48.59999999999997,217.65000000000003,741.11,21.18,1,Dakshina Kannada,Karnataka
2022-07-22,6.79,34.699999999999974,192.35000000000002,638.82,21.18,1,Dakshina Kannada,Karnataka
2022-07-23,20.89,34.40999999999997,170.19000000000005,584.75,20.89,1,Dakshina Kannada,Karnataka
2022-07-24,10.71,38.38999999999997,131.81000000000003,480.00000000000006,20.89,1,Dakshina Kannada,Karnataka
2022-07-25,14.4,45.99999999999997,101.39000000000003,451.7,20.89,1,Dakshina Kannada,Karnataka
2022-07-26,7.32,32.42999999999997,88.02000000000004,411.37,14.4,1,Dakshina Kannada,Karnataka
2022-07-27,31.42,53.13999999999997,98.26000000000002,388.16,31.42,1,Dakshina Kannada,Karnataka
2022-07-28,15.6,54.339999999999975,107.13000000000004,354.07,31.42,1,Dakshina Kannada,Karnataka
2022-07-29,9.78,56.79999999999997,110.12000000000003,334.56,31.42,1,Dakshina Kannada,Karnataka
2022-07-30,32.01,57.38999999999997,121.24000000000002,334.48,32.01,1,Dakshina Kannada,Karnataka
2022-07-31,8.97,50.75999999999997,119.50000000000003,300.40000000000003,32.01,1,Dakshina Kannada,Karnataka
2022-08-01,67.74,108.71999999999997,172.84000000000003,319.05,67.74,1,Dakshina Kannada,Karnataka
2022-08-02,68.53,145.23999999999995,234.05,342.76,68.53,1,Dakshina Kannada,Karnataka
2022-08-03,69.73,205.99999999999997,272.36,391.8,69.73,1,Dakshina Kannada,Karnataka
2022-08-04,90.94,229.2,347.70000000000005,461.56,90.94,1,Dakshina Kannada,Karnataka
2022-08-05,106.87,267.53999999999996,444.79,561.7,106.87,1,Dakshina Kannada,Karnataka
2022-08-06,37.83,235.64,450.61,592.74,106.87,1,Dakshina Kannada,Karnataka
2022-08-07,49.49,194.18999999999997,491.13,621.34,106.87,1,Dakshina Kannada,Karnataka
2022-08-08,26.02,113.33999999999997,449.41,636.65,49.49,1,Dakshina Kannada,Karnataka
2022-08-09,18.09,93.59999999999997,398.97,640.34,49.49,1,Dakshina Kannada,Karnataka
2022-08-10,15.53,59.63999999999997,344.77,648.55,26.02,1,Dakshina Kannada,Karnataka
2022-08-11,17.49,51.10999999999997,271.32000000000005,634.62,18.09,1,Dakshina Kannada,Karnataka
2022-08-12,7.81,40.82999999999997,172.26000000000002,626.83,17.49,1,Dakshina Kannada,Karnataka
2022-08-13,4.67,29.969999999999967,139.10000000000002,621.72,17.49,1,Dakshina Kannada,Karnataka
2022-08-14,3.08,15.55999999999997,92.69000000000003,592.7900000000001,7.81,1,Dakshina Kannada,Karnataka
2022-08-15,1.73,9.479999999999972,68.40000000000002,585.55,4.67,1,Dakshina Kannada,Karnataka
2022-08-16,1.49,6.299999999999971,51.800000000000026,519.3,3.08,1,Dakshina Kannada,Karnataka
2022-08-17,4.37,7.589999999999971,40.64000000000002,455.14000000000004,4.37,1,Dakshina Kannada,Karnataka
2022-08-18,23.04,28.89999999999997,46.190000000000026,408.45,23.04,1,Dakshina Kannada,Karnataka
2022-08-19,30.99,58.39999999999997,69.37000000000002,348.5,30.99,1,Dakshina Kannada,Karnataka
2022-08-20,13.31,67.33999999999997,78.01000000000002,254.94,30.99,1,Dakshina Kannada,Karnataka
2022-08-21,24.18,68.47999999999996,99.11000000000001,241.29000000000002,30.99,1,Dakshina Kannada,Karnataka
2022-08-22,53.41,90.89999999999998,150.79000000000002,245.20999999999998,53.41,1,Dakshina Kannada,Karnataka
2022-08-23,58.42,136.00999999999996,207.72000000000003,277.61,58.42,1,Dakshina Kannada,Karnataka
2022-08-24,58.93,170.75999999999996,262.28000000000003,318.45,58.93,1,Dakshina Kannada,Karnataka
2022-08-25,13.71,131.05999999999997,252.95000000000002,316.63,58.93,1,Dakshina Kannada,Karnataka
2022-08-26,20.95,93.58999999999997,242.91000000000003,320.09,58.93,1,Dakshina Kannada,Karnataka
2022-08-27,39.92,74.57999999999997,269.52000000000004,352.2,39.92,1,Dakshina Kannada,Karnataka
2022-08-28,19.16,80.02999999999997,264.5,366.69,39.92,1,Dakshina Kannada,Karnataka
2022-08-29,22.18,81.25999999999996,233.27,385.78999999999996,39.92,1,Dakshina Kannada,Karnataka
2022-08-30,7.91,49.249999999999964,182.76000000000005,391.97,22.18,1,Dakshina Kannada,Karnataka
2022-08-31,22.38,52.46999999999996,146.21000000000004,412.86,22.38,1,Dakshina Kannada,Karnataka
2022-09-01,23.67,53.959999999999965,156.17000000000002,432.16,23.67,1,Dakshina Kannada,Karnataka
2022-09-02,14.88,60.92999999999997,150.10000000000002,424.0,23.67,1,Dakshina Kannada,Karnataka
2022-09-03,1.35,39.89999999999997,111.53000000000003,394.36,23.67,1,Dakshina Kannada,Karnataka
2022-09-04,4.37,20.599999999999966,96.74000000000004,385.42,14.88,1,Dakshina Kannada,Karnataka
2022-09-05,11.83,17.549999999999965,86.39000000000003,373.07,11.83,1,Dakshina Kannada,Karnataka
2022-09-06,60.17,76.36999999999996,138.65000000000003,379.83,60.17,1,Dakshina Kannada,Karnataka
2022-09-07,87.89,159.88999999999996,204.16000000000003,409.29999999999995,87.89,1,Dakshina Kannada,Karnataka
2022-09-08,7.43,155.48999999999998,187.92000000000002,357.8,87.89,1,Dakshina Kannada,Karnataka
2022-09-09,19.92,115.23999999999995,192.96000000000004,364.01,87.89,1,Dakshina Kannada,Karnataka
2022-09-10,20.76,48.10999999999996,212.37000000000003,363.82,20.76,1,Dakshina Kannada,Karnataka
2022-09-11,19.13,59.80999999999996,227.13000000000002,343.03,20.76,1,Dakshina Kannada,Karnataka
2022-09-12,14.88,54.76999999999996,230.18000000000004,338.75,20.76,1,Dakshina Kannada,Karnataka
2022-09-13,8.45,42.45999999999996,178.46000000000004,325.02000000000004,19.13,1,Dakshina Kannada,Karnataka
2022-09-14,7.71,31.039999999999957,98.28000000000003,324.82,14.88,1,Dakshina Kannada,Karnataka
2022-09-15,12.13,28.289999999999957,102.98000000000002,314.57,12.13,1,Dakshina Kannada,Karnataka
2022-09-16,8.23,28.06999999999996,91.29000000000003,299.13,12.13,1,Dakshina Kannada,Karnataka
2022-09-17,9.58,29.939999999999962,80.11000000000003,293.83,12.13,1,Dakshina Kannada,Karnataka
2022-09-18,5.23,23.039999999999957,66.21000000000004,297.71000000000004,9.58,1,Dakshina Kannada,Karnataka
2022-09-19,5.72,20.52999999999996,57.050000000000026,299.06,9.58,1,Dakshina Kannada,Karnataka
2022-09-20,1.95,12.899999999999958,50.55000000000003,289.18,5.72,1,Dakshina Kannada,Karnataka
2022-09-21,1.01,8.679999999999957,43.85000000000003,230.02,5.72,1,Dakshina Kannada,Karnataka
2022-09-22,0.49,3.4499999999999575,32.21000000000003,142.62,1.95,1,Dakshina Kannada,Karnataka
2022-09-23,5.24,6.739999999999958,29.220000000000027,140.43,5.24,1,Dakshina Kannada,Karnataka
2022-09-24,8.28,14.009999999999957,27.92000000000003,128.79000000000002,8.28,1,Dakshina Kannada,Karnataka
2022-09-25,2.3,15.819999999999958,24.990000000000027,110.33,8.28,1,Dakshina Kannada,Karnataka
2022-09-26,1.27,11.849999999999957,20.540000000000028,92.47,8.28,1,Dakshina Kannada,Karnataka
2022-09-27,2.11,5.679999999999957,20.700000000000028,79.7,2.3,1,Dakshina Kannada,Karnataka
2022-09-28,1.13,4.509999999999957,20.820000000000025,72.38,2.11,1,Dakshina Kannada,Karnataka
2022-09-29,1.74,4.979999999999957,22.07000000000003,66.41,2.11,1,Dakshina Kannada,Karnataka
2022-09-30,15.81,18.679999999999957,32.64000000000003,70.09,15.81,1,Dakshina Kannada,Karnataka
2022-10-01,14.28,31.829999999999956,38.64000000000003,76.14,15.81,0,Dakshina Kannada,Karnataka
2022-10-02,7.69,37.77999999999996,44.03000000000003,74.25,15.81,0,Dakshina Kannada,Karnataka
2022-10-03,2.28,24.249999999999957,45.04000000000003,71.3,14.28,0,Dakshina Kannada,Karnataka
2022-10-04,2.13,12.099999999999957,45.06000000000003,67.71,7.69,0,Dakshina Kannada,Karnataka
2022-10-05,4.89,9.299999999999958,48.82000000000002,70.65,4.89,0,Dakshina Kannada,Karnataka
2022-10-06,0.82,7.839999999999958,47.90000000000003,70.46,4.89,0,Dakshina Kannada,Karnataka
2022-10-07,0.36,6.069999999999958,32.45000000000003,70.33000000000001,4.89,0,Dakshina Kannada,Karnataka
2022-10-08,0.21,1.3899999999999573,18.380000000000027,65.3,0.82,0,Dakshina Kannada,Karnataka
2022-10-09,8.26,8.829999999999957,18.95000000000003,65.28,8.26,0,Dakshina Kannada,Karnataka
2022-10-10,5.99,14.459999999999958,22.66000000000003,68.97,8.26,0,Dakshina Kannada,Karnataka
2022-10-11,8.73,22.979999999999958,29.26000000000003,76.43,8.73,0,Dakshina Kannada,Karnataka
2022-10-12,0.83,15.549999999999958,25.200000000000028,75.15,8.73,0,Dakshina Kannada,Karnataka
2022-10-13,7.69,17.249999999999957,32.07000000000003,81.71,8.73,0,Dakshina Kannada,Karnataka
2022-10-14,16.41,24.929999999999957,48.12000000000003,96.38,16.41,0,Dakshina Kannada,Karnataka
2022-10-15,4.33,28.429999999999957,52.24000000000003,84.89999999999999,16.41,0,Dakshina Kannada,Karnataka
2022-10-16,22.04,42.77999999999996,66.02000000000004,92.66,22.04,0,Dakshina Kannada,Karnataka
2022-10-17,7.87,34.23999999999995,67.90000000000003,92.84,22.04,0,Dakshina Kannada,Karnataka
2022-10-18,6.75,36.659999999999954,65.92000000000003,97.31,22.04,0,Dakshina Kannada,Karnataka
2022-10-19,5.19,19.80999999999996,70.28000000000003,100.37,7.87,0,Dakshina Kannada,Karnataka
2022-10-20,2.62,14.559999999999956,65.21000000000004,98.10000000000001,6.75,0,Dakshina Kannada,Karnataka
2022-10-21,5.11,12.919999999999959,53.91000000000003,102.39000000000001,5.19,0,Dakshina Kannada,Karnataka
2022-10-22,0.79,8.519999999999957,50.370000000000026,102.82,5.11,0,Dakshina Kannada,Karnataka
2022-10-23,0.23,6.129999999999958,28.56000000000003,102.84,5.11,0,Dakshina Kannada,Karnataka
2022-10-24,0.02,1.0399999999999574,20.71000000000003,94.6,0.79,0,Dakshina Kannada,Karnataka
2022-10-25,0.0,0.24999999999995737,13.96000000000003,88.61,0.23,0,Dakshina Kannada,Karnataka
2022-10-26,0.0,0.019999999999957368,8.77000000000003,79.88,0.02,0,Dakshina Kannada,Karnataka
2022-10-27,0.0,0.0,6.150000000000029,79.05,0.0,0,Dakshina Kannada,Karnataka
2022-10-28,0.0,0.0,1.0400000000000285,71.36,0.0,0,Dakshina Kannada,Karnataka
2022-10-29,0.37,0.36999999999995736,0.6200000000000284,55.32000000000001,0.37,0,Dakshina Kannada,Karnataka
2022-10-30,0.73,1.0999999999999575,1.1200000000000285,51.72,0.73,0,Dakshina Kannada,Karnataka
2022-10-31,0.62,1.7199999999999573,1.7200000000000284,30.3,0.73,0,Dakshina Kannada,Karnataka
2022-11-01,0.24,1.5899999999999574,1.9600000000000284,22.67,0.73,0,Dakshina Kannada,Karnataka
2022-11-02,6.39,7.249999999999957,8.350000000000028,22.31,6.39,0,Dakshina Kannada,Karnataka
2022-11-03,0.76,7.389999999999957,9.110000000000028,17.88,6.39,0,Dakshina Kannada,Karnataka
2022-11-04,1.3,8.449999999999957,10.410000000000029,16.560000000000002,6.39,0,Dakshina Kannada,Karnataka
2022-11-05,0.84,2.8999999999999573,10.88000000000003,12.29,1.3,0,Dakshina Kannada,Karnataka
2022-11-06,1.41,3.549999999999957,11.560000000000029,12.91,1.41,0,Dakshina Kannada,Karnataka
2022-11-07,0.95,3.1999999999999575,11.890000000000027,13.63,1.41,0,Dakshina Kannada,Karnataka
2022-11-08,0.08,2.4399999999999573,11.730000000000027,13.69,1.41,0,Dakshina Kannada,Karnataka
2022-11-09,0.06,1.0899999999999572,5.400000000000029,13.749999999999998,0.95,0,Dakshina Kannada,Karnataka
2022-11-10,0.02,0.15999999999995737,4.660000000000029,13.77,0.08,0,Dakshina Kannada,Karnataka
2022-11-11,0.28,0.3599999999999574,3.6400000000000285,14.049999999999999,0.28,0,Dakshina Kannada,Karnataka
2022-11-12,1.4,1.6999999999999573,4.200000000000029,15.45,1.4,0,Dakshina Kannada,Karnataka
2022-11-13,0.75,2.429999999999957,3.5400000000000285,15.83,1.4,0,Dakshina Kannada,Karnataka
2022-11-14,2.46,4.609999999999957,5.050000000000028,17.56,2.46,0,Dakshina Kannada,Karnataka
2022-11-15,8.04,11.249999999999957,13.010000000000026,24.979999999999997,8.04,0,Dakshina Kannada,Karnataka
2022-11-16,0.2,10.699999999999957,13.150000000000025,24.939999999999998,8.04,0,Dakshina Kannada,Karnataka
2022-11-17,0.05,8.289999999999957,13.180000000000026,18.599999999999998,8.04,0,Dakshina Kannada,Karnataka
2022-11-18,0.01,0.2599999999999574,12.910000000000027,17.85,0.2,0,Dakshina Kannada,Karnataka
2022-11-19,0.0,0.05999999999995737,11.510000000000026,16.55,0.05,0,Dakshina Kannada,Karnataka
2022-11-20,0.0,0.009999999999957368,10.760000000000026,15.709999999999999,0.01,0,Dakshina Kannada,Karnataka
2022-11-21,0.0,0.0,8.300000000000026,14.299999999999999,0.0,0,Dakshina Kannada,Karnataka
2022-11-22,0.2,0.19999999999995738,0.46000000000002667,13.549999999999999,0.2,0,Dakshina Kannada,Karnataka
2022-11-23,1.79,1.9899999999999574,2.0500000000000265,15.259999999999998,1.79,0,Dakshina Kannada,Karnataka
2022-11-24,6.87,8.859999999999957,8.870000000000026,22.07,6.87,0,Dakshina Kannada,Karnataka
2022-11-25,1.05,9.709999999999958,9.910000000000027,23.1,6.87,0,Dakshina Kannada,Karnataka
2022-11-26,1.92,9.839999999999957,11.830000000000027,24.74,6.87,0,Dakshina Kannada,Karnataka
2022-11-27,4.66,7.629999999999957,16.490000000000027,28.0,4.66,0,Dakshina Kannada,Karnataka
2022-11-28,3.65,10.229999999999958,20.140000000000025,30.9,4.66,0,Dakshina Kannada,Karnataka
2022-11-29,6.33,14.639999999999958,26.270000000000028,34.769999999999996,6.33,0,Dakshina Kannada,Karnataka
2022-11-30,0.11,10.089999999999957,24.590000000000025,26.84,6.33,0,Dakshina Kannada,Karnataka
2022-12-01,0.0,6.439999999999958,17.720000000000027,26.64,6.33,0,Dakshina Kannada,Karnataka
2022-12-02,0.28,0.3899999999999574,16.950000000000028,26.87,0.28,0,Dakshina Kannada,Karnataka
2022-12-03,0.34,0.6199999999999575,15.370000000000028,27.2,0.34,0,Dakshina Kannada,Karnataka
2022-12-04,1.27,1.8899999999999575,11.980000000000027,28.47,1.27,0,Dakshina Kannada,Karnataka
2022-12-05,0.79,2.3999999999999577,9.120000000000026,29.259999999999998,1.27,0,Dakshina Kannada,Karnataka
2022-12-06,0.12,2.1799999999999575,2.910000000000027,29.38,1.27,0,Dakshina Kannada,Karnataka
2022-12-07,0.04,0.9499999999999574,2.840000000000027,29.22,0.79,0,Dakshina Kannada,Karnataka
2022-12-08,0.01,0.16999999999995735,2.8500000000000267,27.44,0.12,0,Dakshina Kannada,Karnataka
2022-12-09,1.2,1.2499999999999574,3.770000000000026,21.77,1.2,0,Dakshina Kannada,Karnataka
2022-12-10,4.45,5.6599999999999575,7.8800000000000265,25.169999999999998,4.45,0,Dakshina Kannada,Karnataka
2022-12-11,14.18,19.829999999999956,20.790000000000028,37.43,14.18,0,Dakshina Kannada,Karnataka
2022-12-12,11.57,30.19999999999996,31.57000000000003,44.339999999999996,14.18,0,Dakshina Kannada,Karnataka
2022-12-13,7.8,33.549999999999955,39.25000000000003,48.489999999999995,14.18,0,Dakshina Kannada,Karnataka
2022-12-14,0.98,20.349999999999955,40.190000000000026,43.14,11.57,0,Dakshina Kannada,Karnataka
2022-12-15,0.29,9.069999999999958,40.47000000000003,43.32,7.8,0,Dakshina Kannada,Karnataka
2022-12-16,0.0,1.2699999999999574,39.270000000000024,43.32,0.98,0,Dakshina Kannada,Karnataka
2022-12-17,0.0,0.28999999999995735,34.82000000000002,43.04,0.29,0,Dakshina Kannada,Karnataka
2022-12-18,0.01,0.009999999999957368,20.650000000000027,42.71,0.01,0,Dakshina Kannada,Karnataka
2022-12-19,0.03,0.03999999999995737,9.110000000000026,41.47,0.03,0,Dakshina Kannada,Karnataka
2022-12-20,0.01,0.04999999999995737,1.3200000000000267,40.69,0.03,0,Dakshina Kannada,Karnataka
2022-12-21,0.0,0.03999999999995737,0.3400000000000266,40.57,0.03,0,Dakshina Kannada,Karnataka
2022-12-22,0.0,0.009999999999957368,0.05000000000002665,40.529999999999994,0.01,0,Dakshina Kannada,Karnataka
2022-12-23,0.0,0.0,0.05000000000002665,40.519999999999996,0.0,0,Dakshina Kannada,Karnataka
2022-12-24,0.0,0.0,0.05000000000002665,39.32,0.0,0,Dakshina Kannada,Karnataka
2022-12-25,0.12,0.11999999999995736,0.16000000000002665,34.99,0.12,0,Dakshina Kannada,Karnataka
2022-12-26,0.29,0.40999999999995734,0.42000000000002663,21.1,0.29,0,Dakshina Kannada,Karnataka
2022-12-27,0.06,0.46999999999995734,0.4700000000000266,9.59,0.29,0,Dakshina Kannada,Karnataka
2022-12-28,0.03,0.37999999999995737,0.5000000000000266,1.8199999999999998,0.29,0,Dakshina Kannada,Karnataka
2022-12-29,0.02,0.10999999999995737,0.5200000000000267,0.86,0.06,0,Dakshina Kannada,Karnataka
2022-12-30,0.01,0.059999999999957365,0.5300000000000267,0.5800000000000001,0.03,0,Dakshina Kannada,Karnataka
2022-12-31,0.0,0.029999999999957366,0.5300000000000267,0.5800000000000001,0.02,0,Dakshina Kannada,Karnataka
2023-01-01,0.0,0.009999999999957368,0.4100000000000266,0.5800000000000001,0.01,0,Dakshina Kannada,Karnataka
2023-01-02,0.0,0.0,0.12000000000002664,0.5700000000000001,0.0,0,Dakshina Kannada,Karnataka
2023-01-03,0.01,0.009999999999957368,0.07000000000002665,0.5499999999999999,0.01,0,Dakshina Kannada,Karnataka
2023-01-04,0.0,0.009999999999957368,0.040000000000026646,0.5399999999999999,0.01,0,Dakshina Kannada,Karnataka
2023-01-05,0.0,0.009999999999957368,0.020000000000026646,0.5399999999999999,0.01,0,Dakshina Kannada,Karnataka
2023-01-06,0.0,0.0,0.010000000000026646,0.5399999999999999,0.0,0,Dakshina Kannada,Karnataka
2023-01-07,0.0,0.0,0.010000000000026646,0.5399999999999999,0.0,0,Dakshina Kannada,Karnataka
2023-01-08,0.0,0.0,0.010000000000026646,0.5399999999999999,0.0,0,Dakshina Kannada,Karnataka
2023-01-09,0.0,0.0,0.010000000000026646,0.42,0.0,0,Dakshina Kannada,Karnataka
2023-01-10,0.0,0.0,0.0,0.13,0.0,0,Dakshina Kannada,Karnataka
2023-01-11,0.0,0.0,0.0,0.07,0.0,0,Dakshina Kannada,Karnataka
2023-01-12,0.0,0.0,0.0,0.04,0.0,0,Dakshina Kannada,Karnataka
2023-01-13,0.0,0.0,0.0,0.02,0.0,0,Dakshina Kannada,Karnataka
2023-01-14,0.0,0.0,0.0,0.01,0.0,0,Dakshina Kannada,Karnataka
2023-01-15,0.0,0.0,0.0,0.01,0.0,0,Dakshina Kannada,Karnataka
2023-01-16,0.0,0.0,0.0,0.01,0.0,0,Dakshina Kannada,Karnataka
2023-01-17,0.0,0.0,0.0,0.01,0.0,0,Dakshina Kannada,Karnataka
2023-01-18,0.0,0.0,0.0,0.0,0.0,0,Dakshina Kannada,Karnataka
2023-01-19,0.0,0.0,0.0,0.0,0.0,0,Dakshina Kannada,Karnataka
2023-01-20,0.0,0.0,0.0,0.0,0.0,0,Dakshina Kannada,Karnataka
2023-01-21,0.0,0.0,0.0,0.0,0.0,0,Dakshina Kannada,Karnataka
2023-01-22,0.0,0.0,0.0,0.0,0.0,0,Dakshina Kannada,Karnataka
2023-01-23,0.0,0.0,0.0,0.0,0.0,0,Dakshina Kannada,Karnataka
2023-01-24,1.22,1.2199999999999573,1.2200000000000266,1.22,1.22,0,Dakshina Kannada,Karnataka
2023-01-25,3.58,4.799999999999957,4.8000000000000265,4.8,3.58,0,Dakshina Kannada,Karnataka
2023-01-26,0.04,4.839999999999957,4.8400000000000265,4.84,3.58,0,Dakshina Kannada,Karnataka
2023-01-27,0.02,3.6399999999999575,4.860000000000026,4.859999999999999,3.58,0,Dakshina Kannada,Karnataka
2023-01-28,0.0,0.059999999999957365,4.860000000000026,4.859999999999999,0.04,0,Dakshina Kannada,Karnataka
2023-01-29,0.0,0.019999999999957368,4.860000000000026,4.859999999999999,0.02,0,Dakshina Kannada,Karnataka
2023-01-30,0.0,0.0,4.860000000000026,4.859999999999999,0.0,0,Dakshina Kannada,Karnataka
2023-01-31,0.18,0.17999999999995736,3.820000000000027,5.04,0.18,0,Dakshina Kannada,Karnataka
2023-02-01,0.01,0.18999999999995737,0.25000000000002665,5.05,0.18,0,Dakshina Kannada,Karnataka
2023-02-02,0.0,0.18999999999995737,0.21000000000002664,5.05,0.18,0,Dakshina Kannada,Karnataka
2023-02-03,0.01,0.019999999999957368,0.20000000000002663,5.06,0.01,0,Dakshina Kannada,Karnataka
2023-02-04,0.01,0.019999999999957368,0.21000000000002664,5.069999999999999,0.01,0,Dakshina Kannada,Karnataka
2023-02-05,0.02,0.03999999999995737,0.23000000000002663,5.09,0.02,0,Dakshina Kannada,Karnataka
2023-02-06,0.01,0.03999999999995737,0.24000000000002664,5.1,0.02,0,Dakshina Kannada,Karnataka
2023-02-07,0.02,0.04999999999995737,0.08000000000002665,5.12,0.02,0,Dakshina Kannada,Karnataka
2023-02-08,0.0,0.029999999999957366,0.07000000000002665,3.9,0.02,0,Dakshina Kannada,Karnataka
2023-02-09,0.01,0.029999999999957366,0.08000000000002665,0.33,0.02,0,Dakshina Kannada,Karnataka
2023-02-10,0.01,0.019999999999957368,0.08000000000002665,0.3,0.01,0,Dakshina Kannada,Karnataka
2023-02-11,0.0,0.019999999999957368,0.07000000000002665,0.27999999999999997,0.01,0,Dakshina Kannada,Karnataka
2023-02-12,0.0,0.009999999999957368,0.05000000000002665,0.27999999999999997,0.01,0,Dakshina Kannada,Karnataka
2023-02-13,0.0,0.0,0.04000000000002664,0.27999999999999997,0.0,0,Dakshina Kannada,Karnataka
2023-02-14,0.0,0.0,0.020000000000026646,0.27999999999999997,0.0,0,Dakshina Kannada,Karnataka
2023-02-15,0.0,0.0,0.020000000000026646,0.1,0.0,0,Dakshina Kannada,Karnataka
2023-02-16,0.0,0.0,0.010000000000026646,0.09000000000000001,0.0,0,Dakshina Kannada,Karnataka
2023-02-17,0.0,0.0,0.0,0.09000000000000001,0.0,0,Dakshina Kannada,Karnataka
2023-02-18,0.0,0.0,0.0,0.08,0.0,0,Dakshina Kannada,Karnataka
2023-02-19,0.0,0.0,0.0,0.07,0.0,0,Dakshina Kannada,Karnataka
2023-02-20,0.0,0.0,0.0,0.05,0.0,0,Dakshina Kannada,Karnataka
2023-02-21,0.0,0.0,0.0,0.039999999999999994,0.0,0,Dakshina Kannada,Karnataka
2023-02-22,0.0,0.0,0.0,0.02,0.0,0,Dakshina Kannada,Karnataka
2023-02-23,0.0,0.0,0.0,0.02,0.0,0,Dakshina Kannada,Karnataka
2023-02-24,0.0,0.0,0.0,0.01,0.0,0,Dakshina Kannada,Karnataka
2023-02-25,0.0,0.0,0.0,0.0,0.0,0,Dakshina Kannada,Karnataka
2023-02-26,0.0,0.0,0.0,0.0,0.0,0,Dakshina Kannada,Karnataka
2023-02-27,0.0,0.0,0.0,0.0,0.0,0,Dakshina Kannada,Karnataka
2023-02-28,0.0,0.0,0.0,0.0,0.0,0,Dakshina Kannada,Karnataka
2023-03-01,0.0,0.0,0.0,0.0,0.0,0,Dakshina Kannada,Karnataka
2023-03-02,0.02,0.019999999999957368,0.020000000000026646,0.02,0.02,0,Dakshina Kannada,Karnataka
2023-03-03,0.01,0.029999999999957366,0.030000000000026644,0.03,0.02,0,Dakshina Kannada,Karnataka
2023-03-04,0.0,0.029999999999957366,0.030000000000026644,0.03,0.02,0,Dakshina Kannada,Karnataka
2023-03-05,0.0,0.009999999999957368,0.030000000000026644,0.03,0.01,0,Dakshina Kannada,Karnataka
2023-03-06,0.01,0.009999999999957368,0.040000000000026646,0.04,0.01,0,Dakshina Kannada,Karnataka
2023-03-07,0.01,0.019999999999957368,0.05000000000002665,0.05,0.01,0,Dakshina Kannada,Karnataka
2023-03-08,0.0,0.019999999999957368,0.05000000000002665,0.05,0.01,0,Dakshina Kannada,Karnataka
2023-03-09,0.01,0.019999999999957368,0.040000000000026646,0.06,0.01,0,Dakshina Kannada,Karnataka
2023-03-10,0.0,0.009999999999957368,0.030000000000026644,0.06,0.01,0,Dakshina Kannada,Karnataka
2023-03-11,0.0,0.009999999999957368,0.030000000000026644,0.06,0.01,0,Dakshina Kannada,Karnataka
2023-03-12,0.01,0.009999999999957368,0.040000000000026646,0.07,0.01,0,Dakshina Kannada,Karnataka
2023-03-13,0.0,0.009999999999957368,0.030000000000026644,0.07,0.01,0,Dakshina Kannada,Karnataka
2023-03-14,0.03,0.03999999999995737,0.05000000000002664,0.1,0.03,0,Dakshina Kannada,Karnataka
2023-03-15,0.05,0.07999999999995737,0.10000000000002665,0.15,0.05,0,Dakshina Kannada,Karnataka
2023-03-16,0.05,0.12999999999995737,0.14000000000002666,0.2,0.05,0,Dakshina Kannada,Karnataka
2023-03-17,0.05,0.15000000000000002,0.19000000000002665,0.23,0.05,0,Dakshina Kannada,Karnataka
2023-03-18,0.06,0.15999999999995737,0.25000000000002665,0.28,0.06,0,Dakshina Kannada,Karnataka
2023-03-19,0.14,0.24999999999995737,0.38000000000002665,0.42000000000000004,0.14,0,Dakshina Kannada,Karnataka
2023-03-20,0.0,0.19999999999995738,0.38000000000002665,0.42000000000000004,0.14,0,Dakshina Kannada,Karnataka
2023-03-21,0.0,0.13999999999995738,0.3500000000000267,0.41000000000000003,0.14,0,Dakshina Kannada,Karnataka
2023-03-22,0.0,0.0,0.30000000000002663,0.4,0.0,0,Dakshina Kannada,Karnataka
2023-03-23,0.06,0.059999999999957365,0.31000000000002664,0.45999999999999996,0.06,0,Dakshina Kannada,Karnataka
2023-03-24,0.0,0.059999999999957365,0.26000000000002665,0.44999999999999996,0.06,0,Dakshina Kannada,Karnataka
2023-03-25,0.1,0.15999999999995737,0.3000000000000267,0.55,0.1,0,Dakshina Kannada,Karnataka
2023-03-26,0.14,0.2399999999999574,0.3000000000000267,0.69,0.14,0,Dakshina Kannada,Karnataka
2023-03-27,0.01,0.2499999999999574,0.31000000000002664,0.69,0.14,0,Dakshina Kannada,Karnataka
2023-03-28,0.0,0.1499999999999574,0.31000000000002664,0.69,0.14,0,Dakshina Kannada,Karnataka
2023-03-29,0.21,0.21999999999995737,0.5200000000000267,0.8700000000000001,0.21,0,Dakshina Kannada,Karnataka
2023-03-30,0.25,0.45999999999995733,0.7100000000000266,1.07,0.25,0,Dakshina Kannada,Karnataka
2023-03-31,0.0,0.45999999999995733,0.7100000000000266,1.02,0.25,0,Dakshina Kannada,Karnataka
2023-04-01,0.01,0.2599999999999574,0.6200000000000266,0.9800000000000001,0.25,0,Dakshina Kannada,Karnataka
2023-04-02,0.02,0.029999999999957366,0.5000000000000266,0.94,0.02,0,Dakshina Kannada,Karnataka
2023-04-03,0.0,0.029999999999957366,0.49000000000002664,0.8,0.02,0,Dakshina Kannada,Karnataka
2023-04-04,0.09,0.10999999999995735,0.5800000000000267,0.89,0.09,0,Dakshina Kannada,Karnataka
2023-04-05,0.09,0.17999999999995736,0.4600000000000266,0.98,0.09,0,Dakshina Kannada,Karnataka
2023-04-06,3.75,3.9299999999999575,3.9600000000000266,4.73,3.75,0,Dakshina Kannada,Karnataka
2023-04-07,2.91,6.749999999999957,6.870000000000027,7.58,3.75,0,Dakshina Kannada,Karnataka
2023-04-08,0.13,6.789999999999958,6.990000000000027,7.710000000000001,3.75,0,Dakshina Kannada,Karnataka
2023-04-09,0.24,3.2799999999999576,7.210000000000027,7.85,2.91,0,Dakshina Kannada,Karnataka
2023-04-10,0.32,0.6899999999999573,7.530000000000027,8.030000000000001,0.32,0,Dakshina Kannada,Karnataka
2023-04-11,0.22,0.7799999999999574,7.660000000000027,8.24,0.32,0,Dakshina Kannada,Karnataka
2023-04-12,0.03,0.5699999999999574,7.600000000000027,8.270000000000001,0.32,0,Dakshina Kannada,Karnataka
2023-04-13,0.02,0.2699999999999574,3.8700000000000268,8.08,0.22,0,Dakshina Kannada,Karnataka
2023-04-14,0.05,0.09999999999995737,1.0100000000000267,7.880000000000001,0.05,0,Dakshina Kannada,Karnataka
2023-04-15,0.06,0.12999999999995737,0.9400000000000266,7.94,0.06,0,Dakshina Kannada,Karnataka
2023-04-16,0.21,0.3199999999999574,0.9100000000000267,8.14,0.21,0,Dakshina Kannada,Karnataka
2023-04-17,0.25,0.5199999999999574,0.8400000000000267,8.370000000000001,0.25,0,Dakshina Kannada,Karnataka
2023-04-18,0.09,0.5499999999999574,0.7100000000000266,8.46,0.25,0,Dakshina Kannada,Karnataka
2023-04-19,0.12,0.45999999999995733,0.8000000000000266,8.49,0.25,0,Dakshina Kannada,Karnataka
2023-04-20,0.15,0.35999999999995735,0.9300000000000267,8.55,0.15,0,Dakshina Kannada,Karnataka
2023-04-21,0.41,0.6799999999999573,1.2900000000000267,5.210000000000001,0.41,0,Dakshina Kannada,Karnataka
2023-04-22,0.16,0.7199999999999573,1.3900000000000265,2.46,0.41,0,Dakshina Kannada,Karnataka
2023-04-23,0.0,0.5699999999999573,1.1800000000000266,2.33,0.41,0,Dakshina Kannada,Karnataka
2023-04-24,0.01,0.16999999999995732,0.9400000000000266,2.0999999999999996,0.16,0,Dakshina Kannada,Karnataka
2023-04-25,2.49,2.4999999999999574,3.340000000000027,4.27,2.49,0,Dakshina Kannada,Karnataka
2023-04-26,1.91,4.4099999999999575,5.1300000000000265,5.96,2.49,0,Dakshina Kannada,Karnataka
2023-04-27,0.45,4.849999999999958,5.430000000000027,6.38,2.49,0,Dakshina Kannada,Karnataka
2023-04-28,0.72,3.0799999999999574,5.740000000000027,7.079999999999999,1.91,0,Dakshina Kannada,Karnataka
2023-04-29,1.27,2.4399999999999573,6.850000000000027,8.299999999999999,1.27,0,Dakshina Kannada,Karnataka
2023-04-30,2.21,4.1999999999999575,9.060000000000027,10.45,2.21,0,Dakshina Kannada,Karnataka
2023-05-01,0.94,4.419999999999957,9.990000000000027,11.18,2.21,0,Dakshina Kannada,Karnataka
2023-05-02,0.12,3.2699999999999574,7.620000000000027,11.05,2.21,0,Dakshina Kannada,Karnataka
2023-05-03,0.1,1.1599999999999573,5.810000000000027,11.06,0.94,0,Dakshina Kannada,Karnataka
2023-05-04,0.1,0.3199999999999574,5.460000000000027,11.04,0.12,0,Dakshina Kannada,Karnataka
2023-05-05,0.56,0.7599999999999574,5.300000000000027,11.450000000000001,0.56,0,Dakshina Kannada,Karnataka
2023-05-06,0.64,1.2999999999999574,4.670000000000027,11.680000000000001,0.64,0,Dakshina Kannada,Karnataka
2023-05-07,0.76,1.9599999999999573,3.220000000000027,12.280000000000001,0.76,0,Dakshina Kannada,Karnataka
2023-05-08,1.47,2.8699999999999575,3.7500000000000266,13.75,1.47,0,Dakshina Kannada,Karnataka
2023-05-09,4.03,6.259999999999957,7.660000000000027,17.770000000000003,4.03,0,Dakshina Kannada,Karnataka
2023-05-10,5.6,11.099999999999959,13.160000000000027,20.88,5.6,0,Dakshina Kannada,Karnataka
2023-05-11,9.07,18.69999999999996,22.130000000000027,28.04,9.07,0,Dakshina Kannada,Karnataka
2023-05-12,3.14,17.80999999999996,24.710000000000026,30.73,9.07,0,Dakshina Kannada,Karnataka
2023-05-13,5.44,17.64999999999996,29.510000000000026,35.45,9.07,0,Dakshina Kannada,Karnataka
2023-05-14,0.22,8.79999999999996,28.970000000000027,34.4,5.44,0,Dakshina Kannada,Karnataka
2023-05-15,0.09,5.749999999999958,27.59000000000003,32.279999999999994,5.44,0,Dakshina Kannada,Karnataka
2023-05-16,0.01,0.31999999999995915,23.570000000000025,31.349999999999998,0.22,0,Dakshina Kannada,Karnataka
2023-05-17,0.01,0.10999999999995914,17.98000000000003,31.240000000000002,0.09,0,Dakshina Kannada,Karnataka
2023-05-18,0.07,0.08999999999995915,8.980000000000027,31.21,0.07,0,Dakshina Kannada,Karnataka
2023-05-19,0.13,0.20999999999995916,5.970000000000026,31.24,0.13,0,Dakshina Kannada,Karnataka
2023-05-20,0.23,0.4299999999999592,0.7600000000000267,30.91,0.23,0,Dakshina Kannada,Karnataka
2023-05-21,1.79,2.149999999999959,2.3300000000000267,32.06,1.79,0,Dakshina Kannada,Karnataka
2023-05-22,5.38,7.3999999999999595,7.620000000000027,36.68,5.38,0,Dakshina Kannada,Karnataka
2023-05-23,0.73,7.899999999999958,8.340000000000027,35.940000000000005,5.38,0,Dakshina Kannada,Karnataka
2023-05-24,1.86,7.969999999999958,10.190000000000028,33.77,5.38,0,Dakshina Kannada,Karnataka
2023-05-25,3.05,5.639999999999958,13.170000000000027,31.22,3.05,0,Dakshina Kannada,Karnataka
2023-05-26,1.49,6.399999999999958,14.530000000000026,23.64,3.05,0,Dakshina Kannada,Karnataka
2023-05-27,0.66,5.199999999999958,14.960000000000026,21.16,3.05,0,Dakshina Kannada,Karnataka
2023-05-28,0.48,2.629999999999958,13.650000000000027,16.2,1.49,0,Dakshina Kannada,Karnataka
2023-05-29,6.51,7.649999999999958,14.780000000000026,22.49,6.51,0,Dakshina Kannada,Karnataka
2023-05-30,6.02,13.009999999999957,20.070000000000025,28.419999999999998,6.51,0,Dakshina Kannada,Karnataka
2023-05-31,10.14,22.66999999999996,28.350000000000026,38.55,10.14,0,Dakshina Kannada,Karnataka
2023-06-01,1.04,17.19999999999996,26.340000000000025,39.580000000000005,10.14,1,Dakshina Kannada,Karnataka
2023-06-02,0.59,11.76999999999996,25.440000000000026,40.1,10.14,1,Dakshina Kannada,Karnataka
2023-06-03,0.92,2.549999999999959,25.700000000000028,40.89,1.04,1,Dakshina Kannada,Karnataka
2023-06-04,0.66,2.169999999999959,25.880000000000027,41.31999999999999,0.92,1,Dakshina Kannada,Karnataka
2023-06-05,1.86,3.4399999999999595,21.230000000000025,41.39,1.86,1,Dakshina Kannada,Karnataka
2023-06-06,4.0,6.51999999999996,19.210000000000026,40.010000000000005,4.0,1,Dakshina Kannada,Karnataka
2023-06-07,3.65,9.509999999999959,12.720000000000026,42.93,4.0,1,Dakshina Kannada,Karnataka
2023-06-08,3.93,11.57999999999996,15.610000000000024,45.0,4.0,1,Dakshina Kannada,Karnataka
2023-06-09,3.52,11.099999999999959,18.540000000000024,45.47,3.93,1,Dakshina Kannada,Karnataka
2023-06-10,22.7,30.149999999999956,40.32000000000002,66.68,22.7,1,Dakshina Kannada,Karnataka
2023-06-11,9.13,35.34999999999996,48.79000000000002,75.15,22.7,1,Dakshina Kannada,Karnataka
2023-06-12,6.63,38.45999999999996,53.560000000000024,81.3,22.7,1,Dakshina Kannada,Karnataka
2023-06-13,10.5,26.259999999999962,60.060000000000024,85.28999999999999,10.5,1,Dakshina Kannada,Karnataka
2023-06-14,13.39,30.51999999999996,69.80000000000003,92.66,13.39,1,Dakshina Kannada,Karnataka
2023-06-15,6.63,30.51999999999996,72.50000000000003,89.15,13.39,1,Dakshina Kannada,Karnataka
2023-06-16,3.58,23.599999999999962,72.56000000000002,91.69000000000001,13.39,1,Dakshina Kannada,Karnataka
2023-06-17,30.54,40.74999999999996,80.40000000000003,121.64,30.54,1,Dakshina Kannada,Karnataka
2023-06-18,18.77,52.88999999999996,90.04000000000003,139.49,30.54,1,Dakshina Kannada,Karnataka
2023-06-19,13.57,62.87999999999996,96.98000000000002,152.4,30.54,1,Dakshina Kannada,Karnataka
2023-06-20,19.72,52.05999999999996,106.20000000000002,170.26,19.72,1,Dakshina Kannada,Karnataka
2023-06-21,23.89,57.179999999999964,116.70000000000002,190.14999999999998,23.89,1,Dakshina Kannada,Karnataka
2023-06-22,9.94,53.549999999999955,120.01000000000002,196.44000000000003,23.89,1,Dakshina Kannada,Karnataka
2023-06-23,6.7,40.52999999999996,123.13000000000002,199.21,23.89,1,Dakshina Kannada,Karnataka
2023-06-24,63.94,80.57999999999996,156.53000000000003,259.63,63.94,1,Dakshina Kannada,Karnataka
2023-06-25,47.06,117.69999999999996,184.82000000000005,283.99,63.94,1,Dakshina Kannada,Karnataka
2023-06-26,12.19,123.18999999999996,183.44000000000003,287.05,63.94,1,Dakshina Kannada,Karnataka
2023-06-27,50.16,109.40999999999995,213.88,330.58000000000004,50.16,1,Dakshina Kannada,Karnataka
2023-06-28,42.09,104.43999999999996,232.08000000000004,362.17,50.16,1,Dakshina Kannada,Karnataka
2023-06-29,23.92,116.16999999999996,246.06000000000003,372.7,50.16,1,Dakshina Kannada,Karnataka
2023-06-30,16.35,82.35999999999996,255.71,382.41999999999996,42.09,1,Dakshina Kannada,Karnataka
2023-07-01,16.3,56.569999999999965,208.07000000000002,395.14,23.92,1,Dakshina Kannada,Karnataka
2023-07-02,32.02,64.66999999999996,193.03000000000003,396.62,32.02,1,Dakshina Kannada,Karnataka
2023-07-03,71.6,119.91999999999996,252.44,449.45,71.6,1,Dakshina Kannada,Karnataka
2023-07-04,119.68,223.29999999999995,321.96000000000004,555.56,119.68,1,Dakshina Kannada,Karnataka
2023-07-05,171.63,362.90999999999997,451.50000000000006,707.47,171.63,1,Dakshina Kannada,Karnataka
2023-07-06,67.76,359.06999999999994,495.34000000000003,751.34,171.63,1,Dakshina Kannada,Karnataka
2023-07-07,42.59,281.97999999999996,521.58,783.99,171.63,1,Dakshina Kannada,Karnataka
2023-07-08,28.23,138.57999999999996,533.51,805.52,67.76,1,Dakshina Kannada,Karnataka
2023-07-09,40.7,111.51999999999995,542.19,782.28,42.59,1,Dakshina Kannada,Karnataka
2023-07-10,13.2,82.12999999999995,483.79,748.42,40.7,1,Dakshina Kannada,Karnataka
2023-07-11,14.58,68.47999999999995,378.69,750.81,40.7,1,Dakshina Kannada,Karnataka
2023-07-12,39.3,67.07999999999994,246.36000000000004,739.95,39.3,1,Dakshina Kannada,Karnataka
2023-07-13,35.45,89.32999999999994,214.05,733.3100000000001,39.3,1,Dakshina Kannada,Karnataka
2023-07-14,70.5,145.24999999999994,241.96000000000004,779.89,70.5,1,Dakshina Kannada,Karnataka
2023-07-15,16.09,122.03999999999995,229.82000000000002,779.63,70.5,1,Dakshina Kannada,Karnataka
2023-07-16,22.05,108.63999999999994,211.17000000000002,785.38,70.5,1,Dakshina Kannada,Karnataka
2023-07-17,12.41,50.54999999999994,210.38000000000002,765.7700000000001,22.05,1,Dakshina Kannada,Karnataka
2023-07-18,10.45,44.90999999999994,206.25000000000006,704.62,22.05,1,Dakshina Kannada,Karnataka
2023-07-19,12.93,35.78999999999994,179.88000000000002,597.8700000000001,12.93,1,Dakshina Kannada,Karnataka
2023-07-20,21.19,44.56999999999994,165.62,447.43,21.19,1,Dakshina Kannada,Karnataka
2023-07-21,31.51,65.62999999999995,126.63000000000002,411.18,31.51,1,Dakshina Kannada,Karnataka
2023-07-22,49.14,101.83999999999995,159.68000000000004,417.73,49.14,1,Dakshina Kannada,Karnataka
2023-07-23,105.71,186.35999999999996,243.34000000000003,495.21000000000004,105.71,1,Dakshina Kannada,Karnataka
2023-07-24,103.92,258.77,334.85,558.43,105.71,1,Dakshina Kannada,Karnataka
2023-07-25,48.78,258.40999999999997,373.18,594.0100000000001,105.71,1,Dakshina Kannada,Karnataka
2023-07-26,66.7,219.39999999999998,426.95000000000005,646.13,103.92,1,Dakshina Kannada,Karnataka
2023-07-27,33.86,149.33999999999995,439.62,640.6899999999999,66.7,1,Dakshina Kannada,Karnataka
2023-07-28,10.38,110.93999999999994,418.49,615.62,66.7,1,Dakshina Kannada,Karnataka
2023-07-29,9.78,54.01999999999994,379.13000000000005,554.9,33.86,1,Dakshina Kannada,Karnataka
2023-07-30,6.78,26.939999999999944,280.20000000000005,545.59,10.38,1,Dakshina Kannada,Karnataka
2023-07-31,8.6,25.159999999999943,184.88000000000005,532.14,9.78,1,Dakshina Kannada,Karnataka
2023-08-01,6.28,21.659999999999943,142.38000000000002,526.01,8.6,1,Dakshina Kannada,Karnataka
2023-08-02,3.09,17.969999999999942,78.77000000000002,518.65,8.6,1,Dakshina Kannada,Karnataka
2023-08-03,5.18,14.549999999999944,50.090000000000025,510.90000000000003,6.28,1,Dakshina Kannada,Karnataka
2023-08-04,11.45,19.719999999999942,51.160000000000025,501.16,11.45,1,Dakshina Kannada,Karnataka
2023-08-05,8.04,24.66999999999994,49.42000000000002,477.69000000000005,11.45,1,Dakshina Kannada,Karnataka
2023-08-06,10.4,29.889999999999944,53.04000000000003,438.95,11.45,1,Dakshina Kannada,Karnataka
2023-08-07,5.68,24.11999999999994,50.120000000000026,338.92,10.4,1,Dakshina Kannada,Karnataka
2023-08-08,8.68,24.75999999999994,52.520000000000024,243.67999999999998,10.4,1,Dakshina Kannada,Karnataka
2023-08-09,4.97,19.32999999999994,54.40000000000003,199.86999999999998,8.68,1,Dakshina Kannada,Karnataka
2023-08-10,2.0,15.649999999999942,51.22000000000003,135.17,8.68,1,Dakshina Kannada,Karnataka
2023-08-11,1.36,8.329999999999943,41.130000000000024,102.67,4.97,1,Dakshina Kannada,Karnataka
2023-08-12,1.01,4.369999999999943,34.10000000000003,93.3,2.0,1,Dakshina Kannada,Karnataka
2023-08-13,1.09,3.459999999999943,24.79000000000003,84.61,1.36,1,Dakshina Kannada,Karnataka
2023-08-14,0.53,2.629999999999943,19.640000000000025,78.36,1.09,1,Dakshina Kannada,Karnataka
2023-08-15,1.51,3.129999999999943,12.470000000000029,71.27,1.51,1,Dakshina Kannada,Karnataka
2023-08-16,4.7,6.739999999999943,12.200000000000028,69.69,4.7,1,Dakshina Kannada,Karnataka
2023-08-17,8.85,15.059999999999942,19.05000000000003,75.45,8.85,1,Dakshina Kannada,Karnataka
2023-08-18,14.37,27.919999999999945,32.06000000000003,84.63999999999999,14.37,1,Dakshina Kannada,Karnataka
2023-08-19,33.05,56.26999999999994,64.10000000000002,106.24000000000001,33.05,1,Dakshina Kannada,Karnataka
2023-08-20,14.58,61.999999999999936,77.59000000000003,112.78,33.05,1,Dakshina Kannada,Karnataka
2023-08-21,4.12,51.74999999999994,81.18000000000002,106.49999999999999,33.05,1,Dakshina Kannada,Karnataka
2023-08-22,2.56,21.259999999999945,82.23000000000002,103.38,14.58,1,Dakshina Kannada,Karnataka
2023-08-23,1.16,7.839999999999943,78.69000000000001,95.85999999999999,4.12,1,Dakshina Kannada,Karnataka
2023-08-24,1.34,5.059999999999944,71.18000000000002,92.22999999999999,2.56,1,Dakshina Kannada,Karnataka
2023-08-25,1.25,3.749999999999943,58.060000000000024,91.47999999999999,1.34,1,Dakshina Kannada,Karnataka
2023-08-26,5.4,7.989999999999943,30.41000000000003,95.52,5.4,1,Dakshina Kannada,Karnataka
2023-08-27,3.47,10.119999999999944,19.30000000000003,97.98,5.4,1,Dakshina Kannada,Karnataka
2023-08-28,2.16,11.029999999999944,17.34000000000003,99.05,5.4,1,Dakshina Kannada,Karnataka
2023-08-29,2.54,8.169999999999943,17.32000000000003,101.06,3.47,1,Dakshina Kannada,Karnataka
2023-08-30,1.45,6.149999999999943,17.610000000000028,100.99999999999999,2.54,1,Dakshina Kannada,Karnataka
2023-08-31,0.64,4.629999999999943,16.91000000000003,96.93999999999998,2.54,1,Dakshina Kannada,Karnataka
2023-09-01,6.27,8.359999999999943,21.930000000000028,94.36,6.27,1,Dakshina Kannada,Karnataka
2023-09-02,2.53,9.439999999999943,19.06000000000003,82.52000000000001,6.27,1,Dakshina Kannada,Karnataka
2023-09-03,2.75,11.549999999999942,18.34000000000003,52.22,6.27,1,Dakshina Kannada,Karnataka
2023-09-04,8.26,13.539999999999942,24.440000000000026,45.900000000000006,8.26,1,Dakshina Kannada,Karnataka
2023-09-05,33.1,44.10999999999994,55.00000000000003,74.88,33.1,1,Dakshina Kannada,Karnataka
2023-09-06,9.61,50.96999999999994,63.160000000000025,81.92999999999999,33.1,1,Dakshina Kannada,Karnataka
2023-09-07,13.32,56.029999999999944,75.84000000000003,94.09,33.1,1,Dakshina Kannada,Karnataka
2023-09-08,19.79,42.71999999999994,89.36000000000003,112.53999999999999,19.79,1,Dakshina Kannada,Karnataka
2023-09-09,20.26,53.36999999999995,107.09000000000003,131.54999999999998,20.26,1,Dakshina Kannada,Karnataka
2023-09-10,13.22,53.269999999999946,117.56000000000003,139.37,20.26,1,Dakshina Kannada,Karnataka
2023-09-11,14.44,47.919999999999945,123.74000000000002,150.34,20.26,1,Dakshina Kannada,Karnataka
2023-09-12,8.79,36.449999999999946,99.43000000000004,156.97,14.44,1,Dakshina Kannada,Karnataka
2023-09-13,7.92,31.14999999999994,97.74000000000002,162.35,14.44,1,Dakshina Kannada,Karnataka
2023-09-14,21.33,38.039999999999935,105.75000000000003,182.23,21.33,1,Dakshina Kannada,Karnataka
2023-09-15,30.83,60.07999999999994,116.79000000000002,212.42000000000002,30.83,1,Dakshina Kannada,Karnataka
2023-09-16,20.87,73.02999999999994,117.40000000000002,227.02,30.83,1,Dakshina Kannada,Karnataka
2023-09-17,7.92,59.61999999999994,112.10000000000002,232.41,30.83,1,Dakshina Kannada,Karnataka
2023-09-18,9.9,38.68999999999994,107.56000000000003,239.56,20.87,1,Dakshina Kannada,Karnataka
2023-09-19,3.5,21.31999999999994,102.27000000000004,234.8,9.9,1,Dakshina Kannada,Karnataka
2023-09-20,5.01,18.40999999999994,99.36000000000003,206.70999999999998,9.9,1,Dakshina Kannada,Karnataka
2023-09-21,7.35,15.859999999999939,85.38000000000004,204.45,7.35,1,Dakshina Kannada,Karnataka
2023-09-22,7.98,20.33999999999994,62.53000000000003,199.11,7.98,1,Dakshina Kannada,Karnataka
2023-09-23,44.89,60.21999999999994,86.55000000000003,224.20999999999998,44.89,1,Dakshina Kannada,Karnataka
2023-09-24,15.69,68.55999999999995,94.32000000000002,219.64,44.89,1,Dakshina Kannada,Karnataka
2023-09-25,6.42,66.99999999999994,90.84000000000003,212.84,44.89,1,Dakshina Kannada,Karnataka
2023-09-26,5.8,27.909999999999943,93.14000000000003,204.2,15.69,1,Dakshina Kannada,Karnataka
2023-09-27,14.56,26.779999999999944,102.69000000000003,209.97,14.56,1,Dakshina Kannada,Karnataka
2023-09-28,35.56,55.919999999999945,130.90000000000003,237.60999999999999,35.56,1,Dakshina Kannada,Karnataka
2023-09-29,29.45,79.56999999999995,152.37000000000003,245.73000000000002,35.56,1,Dakshina Kannada,Karnataka
2023-09-30,32.62,97.62999999999994,140.10000000000002,247.51999999999998,35.56,1,Dakshina Kannada,Karnataka
2023-10-01,14.69,76.75999999999993,139.10000000000002,241.34,32.62,0,Dakshina Kannada,Karnataka
2023-10-02,1.85,49.15999999999993,134.53,235.27,32.62,0,Dakshina Kannada,Karnataka
2023-10-03,0.45,16.98999999999994,129.18000000000004,225.82,14.69,0,Dakshina Kannada,Karnataka
2023-10-04,0.05,2.3499999999999432,114.67000000000003,222.37,1.85,0,Dakshina Kannada,Karnataka
2023-10-05,0.04,0.5399999999999432,79.15000000000002,217.4,0.45,0,Dakshina Kannada,Karnataka
2023-10-06,0.09,0.17999999999994315,49.79000000000002,210.14000000000001,0.09,0,Dakshina Kannada,Karnataka
2023-10-07,0.42,0.5499999999999432,17.59000000000003,202.57999999999998,0.42,0,Dakshina Kannada,Karnataka
2023-10-08,0.74,1.2499999999999432,3.6400000000000285,158.43,0.74,0,Dakshina Kannada,Karnataka
2023-10-09,1.53,2.6899999999999435,3.3200000000000287,144.27,1.53,0,Dakshina Kannada,Karnataka
2023-10-10,0.72,2.9899999999999434,3.5900000000000283,138.57,1.53,0,Dakshina Kannada,Karnataka
2023-10-11,2.88,5.129999999999943,6.420000000000028,135.65,2.88,0,Dakshina Kannada,Karnataka
2023-10-12,10.18,13.779999999999943,16.560000000000027,131.27,10.18,0,Dakshina Kannada,Karnataka
2023-10-13,1.74,14.799999999999942,18.210000000000026,97.45,10.18,0,Dakshina Kannada,Karnataka
2023-10-14,2.3,14.219999999999942,20.090000000000025,70.3,10.18,0,Dakshina Kannada,Karnataka
2023-10-15,2.31,6.349999999999943,21.66000000000003,39.99,2.31,0,Dakshina Kannada,Karnataka
2023-10-16,7.81,12.419999999999943,27.940000000000026,33.11,7.81,0,Dakshina Kannada,Karnataka
2023-10-17,7.81,17.929999999999943,35.03000000000003,39.07,7.81,0,Dakshina Kannada,Karnataka
2023-10-18,1.34,16.959999999999944,33.49000000000002,39.959999999999994,7.81,0,Dakshina Kannada,Karnataka
2023-10-19,1.14,10.289999999999942,24.450000000000028,41.05,7.81,0,Dakshina Kannada,Karnataka
2023-10-20,2.02,4.499999999999943,24.73000000000003,43.03,2.02,0,Dakshina Kannada,Karnataka
2023-10-21,2.49,5.6499999999999435,24.92000000000003,45.43,2.49,0,Dakshina Kannada,Karnataka
2023-10-22,0.97,5.479999999999943,23.580000000000027,45.980000000000004,2.49,0,Dakshina Kannada,Karnataka
2023-10-23,0.29,3.749999999999943,16.060000000000027,45.53,2.49,0,Dakshina Kannada,Karnataka
2023-10-24,0.13,1.389999999999943,8.38000000000003,44.13,0.97,0,Dakshina Kannada,Karnataka
2023-10-25,0.11,0.5299999999999432,7.150000000000029,43.52,0.29,0,Dakshina Kannada,Karnataka
2023-10-26,0.0,0.23999999999994315,6.010000000000028,40.64,0.13,0,Dakshina Kannada,Karnataka
2023-10-27,0.07,0.17999999999994315,4.060000000000029,30.529999999999998,0.11,0,Dakshina Kannada,Karnataka
2023-10-28,3.01,3.079999999999943,4.5800000000000285,31.8,3.01,0,Dakshina Kannada,Karnataka
2023-10-29,5.0,8.079999999999943,8.610000000000028,34.5,5.0,0,Dakshina Kannada,Karnataka
2023-10-30,5.49,13.499999999999943,13.810000000000027,37.67999999999999,5.49,0,Dakshina Kannada,Karnataka
2023-10-31,19.9,30.389999999999944,33.58000000000003,49.769999999999996,19.9,0,Dakshina Kannada,Karnataka
2023-11-01,2.78,28.169999999999945,36.25000000000003,44.739999999999995,19.9,0,Dakshina Kannada,Karnataka
2023-11-02,3.58,26.25999999999994,39.83000000000003,46.980000000000004,19.9,0,Dakshina Kannada,Karnataka
2023-11-03,3.52,9.879999999999942,43.28000000000003,49.36,3.58,0,Dakshina Kannada,Karnataka
2023-11-04,12.91,20.00999999999994,53.18000000000003,60.25,12.91,0,Dakshina Kannada,Karnataka
2023-11-05,28.88,45.309999999999945,77.06000000000003,86.63999999999999,28.88,0,Dakshina Kannada,Karnataka
2023-11-06,16.71,58.49999999999994,88.28000000000002,102.38,28.88,0,Dakshina Kannada,Karnataka
2023-11-07,11.44,57.029999999999944,79.82000000000002,113.53,28.88,0,Dakshina Kannada,Karnataka
2023-11-08,11.08,39.22999999999995,88.12000000000003,124.47999999999999,16.71,0,Dakshina Kannada,Karnataka
2023-11-09,11.77,34.28999999999994,96.31000000000003,136.14,11.77,0,Dakshina Kannada,Karnataka
2023-11-10,5.07,27.919999999999945,97.86000000000003,141.20999999999998,11.77,0,Dakshina Kannada,Karnataka
2023-11-11,2.25,19.089999999999943,87.20000000000002,143.39,11.77,0,Dakshina Kannada,Karnataka
2023-11-12,0.43,7.749999999999943,58.75000000000003,140.81,5.07,0,Dakshina Kannada,Karnataka
2023-11-13,0.03,2.709999999999943,42.07000000000003,135.84,2.25,0,Dakshina Kannada,Karnataka
2023-11-14,0.0,0.4599999999999431,30.630000000000027,130.35,0.43,0,Dakshina Kannada,Karnataka
2023-11-15,0.0,0.029999999999943155,19.55000000000003,110.44999999999999,0.03,0,Dakshina Kannada,Karnataka
2023-11-16,0.01,0.009999999999943157,7.7900000000000285,107.67999999999999,0.01,0,Dakshina Kannada,Karnataka
2023-11-17,0.41,0.41999999999994314,3.1300000000000283,104.50999999999999,0.41,0,Dakshina Kannada,Karnataka
2023-11-18,0.59,1.0099999999999432,1.4700000000000284,101.58,0.59,0,Dakshina Kannada,Karnataka
2023-11-19,0.36,1.359999999999943,1.4000000000000283,89.03,0.59,0,Dakshina Kannada,Karnataka
2023-11-20,0.23,1.179999999999943,1.6000000000000285,60.38,0.59,0,Dakshina Kannada,Karnataka
2023-11-21,0.09,0.6799999999999431,1.6900000000000284,43.76,0.36,0,Dakshina Kannada,Karnataka
2023-11-22,0.64,0.959999999999943,2.3300000000000285,32.96,0.64,0,Dakshina Kannada,Karnataka
2023-11-23,2.73,3.459999999999943,5.050000000000028,24.61,2.73,0,Dakshina Kannada,Karnataka
2023-11-24,0.41,3.7799999999999434,5.050000000000028,13.25,2.73,0,Dakshina Kannada,Karnataka
2023-11-25,0.22,3.359999999999943,4.680000000000028,8.4,2.73,0,Dakshina Kannada,Karnataka
2023-11-26,0.03,0.6599999999999431,4.350000000000029,6.18,0.41,0,Dakshina Kannada,Karnataka
2023-11-27,0.05,0.29999999999994315,4.170000000000028,5.800000000000001,0.22,0,Dakshina Kannada,Karnataka
2023-11-28,0.41,0.48999999999994315,4.490000000000029,6.18,0.41,0,Dakshina Kannada,Karnataka
2023-11-29,0.54,0.9999999999999432,4.390000000000028,6.72,0.54,0,Dakshina Kannada,Karnataka
2023-11-30,0.56,1.5099999999999434,2.220000000000028,7.28,0.56,0,Dakshina Kannada,Karnataka
2023-12-01,0.22,1.3199999999999432,2.0300000000000287,7.49,0.56,0,Dakshina Kannada,Karnataka
2023-12-02,0.33,1.1099999999999433,2.1400000000000285,7.41,0.56,0,Dakshina Kannada,Karnataka
2023-12-03,0.04,0.5899999999999432,2.1500000000000283,6.86,0.33,0,Dakshina Kannada,Karnataka
2023-12-04,0.02,0.3899999999999432,2.1200000000000285,6.52,0.33,0,Dakshina Kannada,Karnataka
2023-12-05,0.01,0.06999999999994316,1.7200000000000286,6.300000000000001,0.04,0,Dakshina Kannada,Karnataka
2023-12-06,0.02,0.04999999999994316,1.2000000000000286,6.2299999999999995,0.02,0,Dakshina Kannada,Karnataka
2023-12-07,0.02,0.04999999999994316,0.6600000000000285,5.61,0.02,0,Dakshina Kannada,Karnataka
2023-12-08,0.92,0.9599999999999432,1.3600000000000285,3.8,0.92,0,Dakshina Kannada,Karnataka
2023-12-09,8.38,9.319999999999943,9.410000000000029,11.77,8.38,0,Dakshina Kannada,Karnataka
2023-12-10,9.82,19.119999999999944,19.19000000000003,21.37,9.82,0,Dakshina Kannada,Karnataka
2023-12-11,15.24,33.43999999999994,34.41000000000003,36.580000000000005,15.24,0,Dakshina Kannada,Karnataka
2023-12-12,0.63,25.689999999999944,35.03000000000003,37.16,15.24,0,Dakshina Kannada,Karnataka
2023-12-13,0.04,15.909999999999943,35.05000000000003,36.790000000000006,15.24,0,Dakshina Kannada,Karnataka
2023-12-14,0.0,0.6699999999999432,35.03000000000003,36.25000000000001,0.63,0,Dakshina Kannada,Karnataka
2023-12-15,0.14,0.17999999999994318,34.25000000000003,35.83,0.14,0,Dakshina Kannada,Karnataka
2023-12-16,0.23,0.36999999999994315,26.10000000000003,35.84,0.23,0,Dakshina Kannada,Karnataka
2023-12-17,0.55,0.9199999999999432,16.83000000000003,36.06,0.55,0,Dakshina Kannada,Karnataka
2023-12-18,0.88,1.6599999999999433,2.4700000000000286,36.900000000000006,0.88,0,Dakshina Kannada,Karnataka
2023-12-19,0.06,1.4899999999999431,1.9000000000000286,36.940000000000005,0.88,0,Dakshina Kannada,Karnataka
2023-12-20,0.0,0.9399999999999431,1.8600000000000285,36.93000000000001,0.88,0,Dakshina Kannada,Karnataka
2023-12-21,0.0,0.059999999999943154,1.8600000000000285,36.910000000000004,0.06,0,Dakshina Kannada,Karnataka
2023-12-22,0.0,0.0,1.7200000000000284,36.89000000000001,0.0,0,Dakshina Kannada,Karnataka
2023-12-23,0.0,0.0,1.4900000000000284,35.970000000000006,0.0,0,Dakshina Kannada,Karnataka
2023-12-24,0.0,0.0,0.9400000000000284,27.59,0.0,0,Dakshina Kannada,Karnataka
2023-12-25,0.0,0.0,0.06000000000002842,17.77,0.0,0,Dakshina Kannada,Karnataka
2023-12-26,0.0,0.0,0.0,2.5300000000000002,0.0,0,Dakshina Kannada,Karnataka
2023-12-27,0.0,0.0,0.0,1.9000000000000001,0.0,0,Dakshina Kannada,Karnataka
2023-12-28,0.0,0.0,0.0,1.86,0.0,0,Dakshina Kannada,Karnataka
2023-12-29,0.0,0.0,0.0,1.86,0.0,0,Dakshina Kannada,Karnataka
2023-12-30,0.0,0.0,0.0,1.72,0.0,0,Dakshina Kannada,Karnataka
2023-12-31,0.0,0.0,0.0,1.49,0.0,0,Dakshina Kannada,Karnataka
2024-01-01,3.7,3.6999999999999433,3.7000000000000286,4.640000000000001,3.7,0,Dakshina Kannada,Karnataka
2024-01-02,3.8,7.499999999999943,7.500000000000028,7.5600000000000005,3.8,0,Dakshina Kannada,Karnataka
2024-01-03,8.3,15.799999999999944,15.80000000000003,15.8,8.3,0,Dakshina Kannada,Karnataka
2024-01-04,26.23,38.32999999999994,42.03000000000003,42.03,26.23,0,Dakshina Kannada,Karnataka
2024-01-05,9.82,44.34999999999995,51.85000000000003,51.85,26.23,0,Dakshina Kannada,Karnataka
2024-01-06,14.1,50.14999999999994,65.95000000000003,65.95,26.23,0,Dakshina Kannada,Karnataka
2024-01-07,1.85,25.769999999999943,67.80000000000003,67.8,14.1,0,Dakshina Kannada,Karnataka
2024-01-08,13.83,29.779999999999944,77.93000000000002,81.63,14.1,0,Dakshina Kannada,Karnataka
2024-01-09,57.14,72.81999999999995,131.27000000000004,138.77,57.14,0,Dakshina Kannada,Karnataka
2024-01-10,0.5,71.46999999999994,123.47000000000003,139.27,57.14,0,Dakshina Kannada,Karnataka
2024-01-11,0.0,57.639999999999944,97.24000000000004,139.27,57.14,0,Dakshina Kannada,Karnataka
2024-01-12,0.0,0.49999999999994316,87.42000000000004,139.27,0.5,0,Dakshina Kannada,Karnataka
2024-01-13,0.0,0.0,73.32000000000002,139.27,0.0,0,Dakshina Kannada,Karnataka
2024-01-14,0.0,0.0,71.47000000000003,139.27,0.0,0,Dakshina Kannada,Karnataka
2024-01-15,0.01,0.009999999999943157,57.65000000000003,139.28,0.01,0,Dakshina Kannada,Karnataka
2024-01-16,0.0,0.009999999999943157,0.5100000000000284,135.58,0.01,0,Dakshina Kannada,Karnataka
2024-01-17,0.01,0.019999999999943157,0.020000000000028422,131.79,0.01,0,Dakshina Kannada,Karnataka
2024-01-18,0.04,0.04999999999994316,0.06000000000002842,123.53,0.04,0,Dakshina Kannada,Karnataka
2024-01-19,0.01,0.05999999999994316,0.07000000000002843,97.31,0.04,0,Dakshina Kannada,Karnataka
2024-01-20,0.0,0.04999999999994316,0.07000000000002843,87.49000000000001,0.04,0,Dakshina Kannada,Karnataka
2024-01-21,0.0,0.009999999999943157,0.07000000000002843,73.39,0.01,0,Dakshina Kannada,Karnataka
2024-01-22,0.0,0.0,0.060000000000028426,71.54,0.0,0,Dakshina Kannada,Karnataka
2024-01-23,0.0,0.0,0.060000000000028426,57.71,0.0,0,Dakshina Kannada,Karnataka
2024-01-24,0.0,0.0,0.050000000000028424,0.57,0.0,0,Dakshina Kannada,Karnataka
2024-01-25,0.0,0.0,0.010000000000028429,0.06999999999999999,0.0,0,Dakshina Kannada,Karnataka
2024-01-26,0.0,0.0,0.0,0.06999999999999999,0.0,0,Dakshina Kannada,Karnataka
2024-01-27,0.0,0.0,0.0,0.06999999999999999,0.0,0,Dakshina Kannada,Karnataka
2024-01-28,0.0,0.0,0.0,0.06999999999999999,0.0,0,Dakshina Kannada,Karnataka
2024-01-29,0.0,0.0,0.0,0.06999999999999999,0.0,0,Dakshina Kannada,Karnataka
2024-01-30,0.0,0.0,0.0,0.06,0.0,0,Dakshina Kannada,Karnataka
2024-01-31,0.0,0.0,0.0,0.06,0.0,0,Dakshina Kannada,Karnataka
2024-02-01,0.0,0.0,0.0,0.05,0.0,0,Dakshina Kannada,Karnataka
2024-02-02,0.0,0.0,0.0,0.009999999999999993,0.0,0,Dakshina Kannada,Karnataka
2024-02-03,0.0,0.0,0.0,0.0,0.0,0,Dakshina Kannada,Karnataka
2024-02-04,0.0,0.0,0.0,0.0,0.0,0,Dakshina Kannada,Karnataka
2024-02-05,0.0,0.0,0.0,0.0,0.0,0,Dakshina Kannada,Karnataka
2024-02-06,0.0,0.0,0.0,0.0,0.0,0,Dakshina Kannada,Karnataka
2024-02-07,0.0,0.0,0.0,0.0,0.0,0,Dakshina Kannada,Karnataka
2024-02-08,0.0,0.0,0.0,0.0,0.0,0,Dakshina Kannada,Karnataka
2024-02-09,0.0,0.0,0.0,0.0,0.0,0,Dakshina Kannada,Karnataka
2024-02-10,0.0,0.0,0.0,0.0,0.0,0,Dakshina Kannada,Karnataka
2024-02-11,0.0,0.0,0.0,0.0,0.0,0,Dakshina Kannada,Karnataka
2024-02-12,0.0,0.0,0.0,0.0,0.0,0,Dakshina Kannada,Karnataka
2024-02-13,0.0,0.0,0.0,0.0,0.0,0,Dakshina Kannada,Karnataka
2024-02-14,0.0,0.0,0.0,0.0,0.0,0,Dakshina Kannada,Karnataka
2024-02-15,0.0,0.0,0.0,0.0,0.0,0,Dakshina Kannada,Karnataka
2024-02-16,0.0,0.0,0.0,0.0,0.0,0,Dakshina Kannada,Karnataka
2024-02-17,0.0,0.0,0.0,0.0,0.0,0,Dakshina Kannada,Karnataka
2024-02-18,0.0,0.0,0.0,0.0,0.0,0,Dakshina Kannada,Karnataka
2024-02-19,0.01,0.009999999999943157,0.010000000000028429,0.009999999999999993,0.01,0,Dakshina Kannada,Karnataka
2024-02-20,0.0,0.009999999999943157,0.010000000000028429,0.009999999999999993,0.01,0,Dakshina Kannada,Karnataka
2024-02-21,0.0,0.009999999999943157,0.010000000000028429,0.009999999999999993,0.01,0,Dakshina Kannada,Karnataka
2024-02-22,0.0,0.0,0.010000000000028429,0.009999999999999993,0.0,0,Dakshina Kannada,Karnataka
2024-02-23,0.0,0.0,0.010000000000028429,0.009999999999999993,0.0,0,Dakshina Kannada,Karnataka
2024-02-24,0.0,0.0,0.010000000000028429,0.009999999999999993,0.0,0,Dakshina Kannada,Karnataka
2024-02-25,0.0,0.0,0.010000000000028429,0.009999999999999993,0.0,0,Dakshina Kannada,Karnataka
2024-02-26,0.0,0.0,0.0,0.009999999999999993,0.0,0,Dakshina Kannada,Karnataka
2024-02-27,0.0,0.0,0.0,0.009999999999999993,0.0,0,Dakshina Kannada,Karnataka
2024-02-28,0.01,0.009999999999943157,0.010000000000028429,0.019999999999999993,0.01,0,Dakshina Kannada,Karnataka
2024-02-29,0.02,0.029999999999943155,0.030000000000028428,0.039999999999999994,0.02,0,Dakshina Kannada,Karnataka
2024-03-01,0.01,0.03999999999994316,0.04000000000002843,0.049999999999999996,0.02,0,Dakshina Kannada,Karnataka
2024-03-02,0.01,0.03999999999994316,0.05000000000002843,0.06,0.02,0,Dakshina Kannada,Karnataka
2024-03-03,0.02,0.039999999999943164,0.07000000000002843,0.07999999999999999,0.02,0,Dakshina Kannada,Karnataka
2024-03-04,0.0,0.02999999999994316,0.07000000000002843,0.07999999999999999,0.02,0,Dakshina Kannada,Karnataka
2024-03-05,0.0,0.01999999999994316,0.07000000000002843,0.07,0.02,0,Dakshina Kannada,Karnataka
2024-03-06,0.0,0.0,0.06000000000002843,0.07,0.0,0,Dakshina Kannada,Karnataka
2024-03-07,0.0,0.0,0.04000000000002843,0.07,0.0,0,Dakshina Kannada,Karnataka
2024-03-08,0.0,0.0,0.03000000000002843,0.07,0.0,0,Dakshina Kannada,Karnataka
2024-03-09,0.0,0.0,0.020000000000028433,0.07,0.0,0,Dakshina Kannada,Karnataka
2024-03-10,0.0,0.0,0.0,0.07,0.0,0,Dakshina Kannada,Karnataka
2024-03-11,0.01,0.00999999999994316,0.010000000000028432,0.08,0.01,0,Dakshina Kannada,Karnataka
2024-03-12,0.0,0.00999999999994316,0.010000000000028432,0.08,0.01,0,Dakshina Kannada,Karnataka
2024-03-13,0.01,0.01999999999994316,0.020000000000028433,0.09,0.01,0,Dakshina Kannada,Karnataka
2024-03-14,0.01,0.01999999999994316,0.030000000000028434,0.09,0.01,0,Dakshina Kannada,Karnataka
2024-03-15,0.0,0.01999999999994316,0.030000000000028434,0.07,0.01,0,Dakshina Kannada,Karnataka
2024-03-16,0.0,0.00999999999994316,0.030000000000028434,0.05999999999999999,0.01,0,Dakshina Kannada,Karnataka
2024-03-17,0.0,0.0,0.030000000000028434,0.04999999999999999,0.0,0,Dakshina Kannada,Karnataka
2024-03-18,0.01,0.00999999999994316,0.03000000000002843,0.039999999999999994,0.01,0,Dakshina Kannada,Karnataka
2024-03-19,0.0,0.00999999999994316,0.030000000000028434,0.039999999999999994,0.01,0,Dakshina Kannada,Karnataka
2024-03-20,0.0,0.00999999999994316,0.020000000000028433,0.039999999999999994,0.01,0,Dakshina Kannada,Karnataka
2024-03-21,0.14,0.13999999999994317,0.15000000000002844,0.18,0.14,0,Dakshina Kannada,Karnataka
2024-03-22,7.55,7.689999999999943,7.700000000000029,7.7299999999999995,7.55,0,Dakshina Kannada,Karnataka
2024-03-23,2.77,10.459999999999942,10.470000000000029,10.5,7.55,0,Dakshina Kannada,Karnataka
2024-03-24,0.75,11.069999999999942,11.220000000000029,11.25,7.55,0,Dakshina Kannada,Karnataka
2024-03-25,0.02,3.539999999999943,11.230000000000029,11.27,2.77,0,Dakshina Kannada,Karnataka
2024-03-26,0.84,1.609999999999943,12.070000000000029,12.1,0.84,0,Dakshina Kannada,Karnataka
2024-03-27,0.44,1.2999999999999432,12.510000000000028,12.54,0.84,0,Dakshina Kannada,Karnataka
2024-03-28,0.01,1.2899999999999432,12.380000000000027,12.54,0.84,0,Dakshina Kannada,Karnataka
2024-03-29,0.03,0.47999999999994314,4.860000000000029,12.56,0.44,0,Dakshina Kannada,Karnataka
2024-03-30,0.01,0.04999999999994316,2.1000000000000285,12.57,0.03,0,Dakshina Kannada,Karnataka
2024-03-31,0.0,0.03999999999994316,1.3500000000000285,12.57,0.03,0,Dakshina Kannada,Karnataka
2024-04-01,0.04,0.04999999999994316,1.3700000000000283,12.61,0.04,0,Dakshina Kannada,Karnataka
2024-04-02,0.13,0.16999999999994317,0.6600000000000285,12.73,0.13,0,Dakshina Kannada,Karnataka
2024-04-03,0.06,0.22999999999994317,0.28000000000002845,12.790000000000001,0.13,0,Dakshina Kannada,Karnataka
2024-04-04,0.0,0.18999999999994316,0.27000000000002844,12.790000000000001,0.13,0,Dakshina Kannada,Karnataka
2024-04-05,0.0,0.059999999999943154,0.2400000000000284,12.65,0.06,0,Dakshina Kannada,Karnataka
2024-04-06,0.02,0.019999999999943157,0.2500000000000284,5.12,0.02,0,Dakshina Kannada,Karnataka
2024-04-07,0.04,0.059999999999943154,0.29000000000002846,2.39,0.04,0,Dakshina Kannada,Karnataka
2024-04-08,0.0,0.05999999999994316,0.2500000000000284,1.64,0.04,0,Dakshina Kannada,Karnataka
2024-04-09,0.01,0.049999999999943166,0.13000000000002843,1.63,0.04,0,Dakshina Kannada,Karnataka
2024-04-10,0.01,0.019999999999943157,0.08000000000002842,0.8,0.01,0,Dakshina Kannada,Karnataka
2024-04-11,0.08,0.09999999999994316,0.16000000000002843,0.44,0.08,0,Dakshina Kannada,Karnataka
2024-04-12,0.13,0.21999999999994319,0.29000000000002846,0.56,0.13,0,Dakshina Kannada,Karnataka
2024-04-13,3.87,4.079999999999943,4.140000000000029,4.4,3.87,0,Dakshina Kannada,Karnataka
2024-04-14,1.94,5.939999999999943,6.0400000000000285,6.33,3.87,0,Dakshina Kannada,Karnataka
2024-04-15,0.34,6.1499999999999435,6.380000000000028,6.670000000000001,3.87,0,Dakshina Kannada,Karnataka
2024-04-16,0.1,2.379999999999943,6.470000000000029,6.73,1.94,0,Dakshina Kannada,Karnataka
2024-04-17,0.05,0.4899999999999432,6.510000000000029,6.65,0.34,0,Dakshina Kannada,Karnataka
2024-04-18,0.09,0.23999999999994315,6.520000000000029,6.68,0.1,0,Dakshina Kannada,Karnataka
2024-04-19,3.38,3.519999999999943,9.770000000000028,10.06,3.38,0,Dakshina Kannada,Karnataka
2024-04-20,9.72,13.189999999999944,15.62000000000003,19.78,9.72,0,Dakshina Kannada,Karnataka
2024-04-21,0.1,13.199999999999944,13.78000000000003,19.860000000000003,9.72,0,Dakshina Kannada,Karnataka
2024-04-22,0.23,10.049999999999944,13.67000000000003,20.05,9.72,0,Dakshina Kannada,Karnataka
2024-04-23,0.06,0.38999999999994317,13.630000000000031,20.110000000000003,0.23,0,Dakshina Kannada,Karnataka
2024-04-24,0.08,0.3699999999999432,13.66000000000003,20.18,0.23,0,Dakshina Kannada,Karnataka
2024-04-25,0.01,0.14999999999994315,13.58000000000003,20.180000000000003,0.08,0,Dakshina Kannada,Karnataka
2024-04-26,0.17,0.25999999999994317,10.370000000000031,20.27,0.17,0,Dakshina Kannada,Karnataka
2024-04-27,0.13,0.30999999999994315,0.7800000000000284,20.270000000000003,0.17,0,Dakshina Kannada,Karnataka
2024-04-28,0.13,0.42999999999994315,0.8100000000000285,16.53,0.17,0,Dakshina Kannada,Karnataka
2024-04-29,0.2,0.4599999999999432,0.7800000000000284,14.790000000000001,0.2,0,Dakshina Kannada,Karnataka
2024-04-30,0.15,0.47999999999994314,0.8700000000000284,14.600000000000001,0.2,0,Dakshina Kannada,Karnataka
2024-05-01,0.13,0.47999999999994314,0.9200000000000285,14.630000000000003,0.2,0,Dakshina Kannada,Karnataka
2024-05-02,0.08,0.35999999999994314,0.9900000000000285,14.660000000000002,0.15,0,Dakshina Kannada,Karnataka
2024-05-03,0.1,0.30999999999994315,0.9200000000000285,14.670000000000002,0.13,0,Dakshina Kannada,Karnataka
2024-05-04,0.15,0.32999999999994317,0.9400000000000284,11.440000000000003,0.15,0,Dakshina Kannada,Karnataka
2024-05-05,0.06,0.30999999999994315,0.8700000000000284,1.78,0.15,0,Dakshina Kannada,Karnataka
2024-05-06,0.2,0.4099999999999432,0.8700000000000283,1.88,0.2,0,Dakshina Kannada,Karnataka
2024-05-07,4.06,4.3199999999999426,4.780000000000028,5.709999999999999,4.06,0,Dakshina Kannada,Karnataka
2024-05-08,2.73,6.989999999999943,7.380000000000027,8.38,4.06,0,Dakshina Kannada,Karnataka
2024-05-09,0.28,7.0699999999999426,7.580000000000028,8.58,4.06,0,Dakshina Kannada,Karnataka
2024-05-10,2.46,5.469999999999943,9.940000000000028,11.030000000000001,2.73,0,Dakshina Kannada,Karnataka
2024-05-11,3.6,6.339999999999943,13.390000000000027,14.46,3.6,0,Dakshina Kannada,Karnataka
2024-05-12,8.26,14.319999999999943,21.590000000000025,22.59,8.26,0,Dakshina Kannada,Karnataka
2024-05-13,13.48,25.33999999999994,34.870000000000026,35.94,13.48,0,Dakshina Kannada,Karnataka
2024-05-14,7.26,28.999999999999943,38.07000000000003,43.0,13.48,0,Dakshina Kannada,Karnataka
2024-05-15,4.21,24.949999999999942,39.550000000000026,47.06,13.48,0,Dakshina Kannada,Karnataka
2024-05-16,6.46,17.929999999999943,45.73000000000003,53.39,7.26,0,Dakshina Kannada,Karnataka
2024-05-17,14.19,24.859999999999943,57.46000000000003,67.5,14.19,0,Dakshina Kannada,Karnataka
2024-05-18,9.9,30.54999999999994,63.760000000000026,77.30000000000001,14.19,0,Dakshina Kannada,Karnataka
2024-05-19,11.87,35.95999999999994,67.37000000000003,89.02,14.19,0,Dakshina Kannada,Karnataka
2024-05-20,57.71,79.47999999999993,111.60000000000002,146.67,57.71,0,Dakshina Kannada,Karnataka
2024-05-21,13.05,82.62999999999994,117.39000000000003,159.52,57.71,0,Dakshina Kannada,Karnataka
2024-05-22,18.77,89.52999999999994,131.95000000000002,174.23000000000002,57.71,0,Dakshina Kannada,Karnataka
2024-05-23,23.78,55.59999999999994,149.27000000000004,195.27999999999997,23.78,0,Dakshina Kannada,Karnataka
2024-05-24,35.01,77.55999999999995,170.09000000000003,230.01,35.01,0,Dakshina Kannada,Karnataka
2024-05-25,10.04,68.82999999999993,170.23000000000002,237.59,35.01,0,Dakshina Kannada,Karnataka
2024-05-26,2.49,47.539999999999935,160.85000000000002,236.48000000000002,35.01,0,Dakshina Kannada,Karnataka
2024-05-27,1.34,13.869999999999935,104.48000000000003,229.56,10.04,0,Dakshina Kannada,Karnataka
2024-05-28,14.16,17.989999999999938,105.59000000000003,230.24,14.16,0,Dakshina Kannada,Karnataka
2024-05-29,3.44,18.939999999999937,90.26000000000002,226.42000000000002,14.16,0,Dakshina Kannada,Karnataka
2024-05-30,6.25,23.849999999999937,72.73000000000002,228.46,14.16,0,Dakshina Kannada,Karnataka
2024-05-31,5.59,15.279999999999935,43.31000000000003,227.59,6.25,0,Dakshina Kannada,Karnataka
2024-06-01,14.63,26.469999999999935,47.90000000000003,228.03,14.63,1,Dakshina Kannada,Karnataka
2024-06-02,11.27,31.489999999999938,56.68000000000003,229.39999999999998,14.63,1,Dakshina Kannada,Karnataka
2024-06-03,23.36,49.259999999999934,78.70000000000003,240.89,23.36,1,Dakshina Kannada,Karnataka
2024-06-04,5.72,40.34999999999994,70.26000000000003,188.9,23.36,1,Dakshina Kannada,Karnataka
2024-06-05,11.59,40.66999999999994,78.41000000000003,187.44,23.36,1,Dakshina Kannada,Karnataka
2024-06-06,23.79,41.09999999999994,95.95000000000002,192.46,23.79,1,Dakshina Kannada,Karnataka
2024-06-07,28.74,64.11999999999993,119.10000000000002,197.42000000000002,28.74,1,Dakshina Kannada,Karnataka
2024-06-08,43.81,96.33999999999993,148.28000000000003,206.22,43.81,1,Dakshina Kannada,Karnataka
2024-06-09,52.35,124.89999999999995,189.36000000000004,248.53,52.35,1,Dakshina Kannada,Karnataka
2024-06-10,20.56,116.71999999999993,186.56000000000003,266.59999999999997,52.35,1,Dakshina Kannada,Karnataka
2024-06-11,13.03,85.93999999999994,193.87000000000003,278.29,52.35,1,Dakshina Kannada,Karnataka
2024-06-12,10.81,44.399999999999935,193.09000000000003,274.94,20.56,1,Dakshina Kannada,Karnataka
2024-06-13,11.18,35.01999999999994,180.48000000000002,282.68,13.03,1,Dakshina Kannada,Karnataka
2024-06-14,13.26,35.249999999999936,165.00000000000003,289.69,13.26,1,Dakshina Kannada,Karnataka
2024-06-15,6.5,30.939999999999934,127.69000000000003,290.6,13.26,1,Dakshina Kannada,Karnataka
2024-06-16,13.34,33.09999999999994,88.68000000000002,289.31,13.34,1,Dakshina Kannada,Karnataka
2024-06-17,15.06,34.899999999999935,83.18000000000002,293.09999999999997,15.06,1,Dakshina Kannada,Karnataka
2024-06-18,10.25,38.649999999999935,80.40000000000002,279.99,15.06,1,Dakshina Kannada,Karnataka
2024-06-19,9.71,35.01999999999994,79.30000000000004,283.98,15.06,1,Dakshina Kannada,Karnataka
2024-06-20,14.45,34.40999999999994,82.57000000000002,286.84000000000003,14.45,1,Dakshina Kannada,Karnataka
2024-06-21,15.27,39.429999999999936,84.58000000000003,278.32,15.27,1,Dakshina Kannada,Karnataka
2024-06-22,24.15,53.86999999999993,102.23000000000002,273.73,24.15,1,Dakshina Kannada,Karnataka
2024-06-23,28.67,68.08999999999993,117.56000000000003,258.59,28.67,1,Dakshina Kannada,Karnataka
2024-06-24,25.59,78.40999999999994,128.09000000000003,231.82999999999998,28.67,1,Dakshina Kannada,Karnataka
2024-06-25,17.61,71.86999999999993,135.45000000000005,228.88,28.67,1,Dakshina Kannada,Karnataka
2024-06-26,129.01,172.20999999999992,254.75000000000003,344.86,129.01,1,Dakshina Kannada,Karnataka
2024-06-27,31.94,178.55999999999992,272.24000000000007,365.99,129.01,1,Dakshina Kannada,Karnataka
2024-06-28,6.36,167.30999999999995,263.33000000000004,361.16999999999996,129.01,1,Dakshina Kannada,Karnataka
2024-06-29,35.0,73.29999999999995,274.18,382.90999999999997,35.0,1,Dakshina Kannada,Karnataka
2024-06-30,30.9,72.25999999999995,276.41,407.31,35.0,1,Dakshina Kannada,Karnataka
2024-07-01,24.42,90.31999999999995,275.24,418.39,35.0,1,Dakshina Kannada,Karnataka
2024-07-02,7.84,63.15999999999994,265.47,411.17,30.9,1,Dakshina Kannada,Karnataka
2024-07-03,38.94,71.19999999999993,175.40000000000003,439.86,38.94,1,Dakshina Kannada,Karnataka
2024-07-04,48.22,94.99999999999994,191.68000000000004,478.37,48.22,1,Dakshina Kannada,Karnataka
2024-07-05,33.34,120.49999999999994,218.66000000000003,497.26,48.22,1,Dakshina Kannada,Karnataka
2024-07-06,65.52,147.07999999999993,249.18,547.51,65.52,1,Dakshina Kannada,Karnataka
2024-07-07,50.33,149.18999999999994,268.61,573.69,65.52,1,Dakshina Kannada,Karnataka
2024-07-08,58.37,174.2199999999999,302.56,603.39,65.52,1,Dakshina Kannada,Karnataka
2024-07-09,66.08,174.77999999999992,360.80000000000007,643.88,66.08,1,Dakshina Kannada,Karnataka
2024-07-10,32.66,157.10999999999993,354.52,658.9300000000001,66.08,1,Dakshina Kannada,Karnataka
2024-07-11,21.71,120.44999999999993,328.01,551.63,66.08,1,Dakshina Kannada,Karnataka
2024-07-12,48.87,103.23999999999994,343.53999999999996,568.56,48.87,1,Dakshina Kannada,Karnataka
2024-07-13,88.22,158.79999999999995,366.24,650.42,88.22,1,Dakshina Kannada,Karnataka
2024-07-14,87.05,224.13999999999993,402.96000000000004,702.4699999999999,88.22,1,Dakshina Kannada,Karnataka
2024-07-15,139.02,314.28999999999996,483.61,810.5899999999999,139.02,1,Dakshina Kannada,Karnataka
2024-07-16,63.99,290.05999999999995,481.52000000000004,850.16,139.02,1,Dakshina Kannada,Karnataka
2024-07-17,51.92,254.92999999999995,500.78000000000003,894.24,139.02,1,Dakshina Kannada,Karnataka
2024-07-18,118.71,234.61999999999995,597.78,974.01,118.71,1,Dakshina Kannada,Karnataka
2024-07-19,72.63,243.25999999999993,621.54,998.4200000000001,118.71,1,Dakshina Kannada,Karnataka
2024-07-20,41.47,232.80999999999995,574.79,1006.55,118.71,1,Dakshina Kannada,Karnataka
2024-07-21,29.23,143.32999999999993,516.97,970.26,72.63,1,Dakshina Kannada,Karnataka
2024-07-22,24.89,95.58999999999995,402.84000000000003,944.8199999999999,41.47,1,Dakshina Kannada,Karnataka
2024-07-23,47.09,101.20999999999995,385.94000000000005,933.54,47.09,1,Dakshina Kannada,Karnataka
2024-07-24,33.62,105.59999999999994,367.64000000000004,901.08,47.09,1,Dakshina Kannada,Karnataka
2024-07-25,36.92,117.62999999999994,285.85,905.34,47.09,1,Dakshina Kannada,Karnataka
2024-07-26,28.35,98.88999999999994,241.57000000000005,911.98,36.92,1,Dakshina Kannada,Karnataka
2024-07-27,11.29,76.55999999999995,211.39000000000004,874.4,36.92,1,Dakshina Kannada,Karnataka
2024-07-28,9.02,48.65999999999994,191.18000000000004,795.2,28.35,1,Dakshina Kannada,Karnataka
2024-07-29,54.62,74.92999999999995,220.91000000000003,762.77,54.62,1,Dakshina Kannada,Karnataka
2024-07-30,149.73,213.36999999999995,323.55,773.48,149.73,1,Dakshina Kannada,Karnataka
2024-07-31,85.56,289.90999999999997,375.49,795.0500000000001,149.73,1,Dakshina Kannada,Karnataka
2024-08-01,130.9,366.18999999999994,469.47,874.03,149.73,1,Dakshina Kannada,Karnataka
2024-08-02,29.69,246.14999999999998,470.81000000000006,785.01,130.9,1,Dakshina Kannada,Karnataka
2024-08-03,39.72,200.30999999999997,499.24,752.1,130.9,1,Dakshina Kannada,Karnataka
2024-08-04,22.35,91.75999999999996,512.57,732.98,39.72,1,Dakshina Kannada,Karnataka
2024-08-05,21.44,83.50999999999998,479.39000000000004,725.19,39.72,1,Dakshina Kannada,Karnataka
2024-08-06,50.94,94.72999999999998,380.6000000000001,751.24,50.94,1,Dakshina Kannada,Karnataka
2024-08-07,19.69,92.06999999999996,314.7300000000001,723.84,50.94,1,Dakshina Kannada,Karnataka
2024-08-08,21.34,91.96999999999997,205.17000000000002,711.56,50.94,1,Dakshina Kannada,Karnataka
2024-08-09,26.81,67.83999999999997,202.29000000000002,701.45,26.81,1,Dakshina Kannada,Karnataka
2024-08-10,11.92,60.06999999999997,174.49000000000004,685.02,26.81,1,Dakshina Kannada,Karnataka
2024-08-11,7.44,46.16999999999997,159.58000000000004,681.1700000000001,26.81,1,Dakshina Kannada,Karnataka
2024-08-12,6.59,25.94999999999997,144.73000000000005,678.7399999999999,11.92,1,Dakshina Kannada,Karnataka
2024-08-13,12.07,26.099999999999973,105.86000000000003,636.1899999999999,12.07,1,Dakshina Kannada,Karnataka
2024-08-14,57.02,75.67999999999998,143.19000000000003,543.48,57.02,1,Dakshina Kannada,Karnataka
2024-08-15,6.17,75.25999999999996,128.02000000000004,464.09,57.02,1,Dakshina Kannada,Karnataka
2024-08-16,10.09,73.27999999999997,111.30000000000003,343.28000000000003,57.02,1,Dakshina Kannada,Karnataka
2024-08-17,15.98,32.23999999999997,115.36000000000003,329.57,15.98,1,Dakshina Kannada,Karnataka
2024-08-18,6.43,32.499999999999964,114.35000000000002,296.28000000000003,15.98,1,Dakshina Kannada,Karnataka
2024-08-19,28.25,50.65999999999997,136.01000000000002,302.18,28.25,1,Dakshina Kannada,Karnataka
2024-08-20,92.5,127.17999999999996,216.44000000000003,373.24,92.5,1,Dakshina Kannada,Karnataka
2024-08-21,66.56,187.30999999999997,225.98000000000002,388.86,92.5,1,Dakshina Kannada,Karnataka
2024-08-22,19.15,178.20999999999998,238.96000000000004,388.32,92.5,1,Dakshina Kannada,Karnataka
2024-08-23,2.82,88.52999999999997,231.69000000000003,369.79999999999995,66.56,1,Dakshina Kannada,Karnataka
2024-08-24,40.13,62.09999999999997,255.84000000000003,383.12,40.13,1,Dakshina Kannada,Karnataka
2024-08-25,18.92,61.869999999999976,268.33000000000004,390.12,40.13,1,Dakshina Kannada,Karnataka
2024-08-26,24.16,83.20999999999998,264.24,406.84000000000003,40.13,1,Dakshina Kannada,Karnataka
2024-08-27,17.81,60.88999999999997,189.55000000000004,418.06,24.16,1,Dakshina Kannada,Karnataka
2024-08-28,26.15,68.11999999999998,149.14000000000004,432.14,26.15,1,Dakshina Kannada,Karnataka
2024-08-29,21.52,65.47999999999998,151.51000000000002,396.64000000000004,26.15,1,Dakshina Kannada,Karnataka
2024-08-30,11.96,59.62999999999997,160.65000000000003,402.43,26.15,1,Dakshina Kannada,Karnataka
2024-08-31,16.5,49.979999999999976,137.02000000000004,408.84,21.52,1,Dakshina Kannada,Karnataka
2024-09-01,33.88,62.339999999999975,151.98000000000002,426.74,33.88,1,Dakshina Kannada,Karnataka
2024-09-02,9.14,59.519999999999975,136.96000000000004,429.45,33.88,1,Dakshina Kannada,Karnataka
2024-09-03,14.16,57.17999999999998,133.31000000000003,415.36,33.88,1,Dakshina Kannada,Karnataka
2024-09-04,10.39,33.68999999999997,117.55000000000003,333.25,14.16,1,Dakshina Kannada,Karnataka
2024-09-05,15.6,40.14999999999997,111.63000000000004,282.29,15.6,1,Dakshina Kannada,Karnataka
2024-09-06,15.26,41.24999999999997,114.93000000000002,278.40000000000003,15.6,1,Dakshina Kannada,Karnataka
2024-09-07,14.39,45.24999999999997,112.82000000000002,289.97,15.6,1,Dakshina Kannada,Karnataka
2024-09-08,25.48,55.12999999999997,104.42000000000003,275.32,25.48,1,Dakshina Kannada,Karnataka
2024-09-09,23.62,63.489999999999974,118.90000000000003,280.02,25.48,1,Dakshina Kannada,Karnataka
2024-09-10,20.81,69.90999999999997,125.55000000000004,276.67,25.48,1,Dakshina Kannada,Karnataka
2024-09-11,13.53,57.959999999999965,128.69000000000003,272.39,23.62,1,Dakshina Kannada,Karnataka
2024-09-12,8.56,42.89999999999997,121.65000000000002,254.8,20.81,1,Dakshina Kannada,Karnataka
2024-09-13,7.78,29.869999999999973,114.17000000000003,241.06,13.53,1,Dakshina Kannada,Karnataka
2024-09-14,8.41,24.749999999999975,108.19000000000003,237.51,8.56,1,Dakshina Kannada,Karnataka
2024-09-15,6.74,22.92999999999997,89.45000000000003,227.75,8.41,1,Dakshina Kannada,Karnataka
2024-09-16,6.75,21.89999999999997,72.58000000000003,200.62,8.41,1,Dakshina Kannada,Karnataka
2024-09-17,6.18,19.669999999999973,57.95000000000003,197.66000000000003,6.75,1,Dakshina Kannada,Karnataka
2024-09-18,1.93,14.859999999999971,46.35000000000003,185.42999999999998,6.75,1,Dakshina Kannada,Karnataka
2024-09-19,1.28,9.389999999999972,39.070000000000036,176.32,6.18,1,Dakshina Kannada,Karnataka
2024-09-20,2.15,5.359999999999971,33.440000000000026,162.87,2.15,1,Dakshina Kannada,Karnataka
2024-09-21,6.88,10.309999999999972,31.91000000000003,154.48999999999998,6.88,1,Dakshina Kannada,Karnataka
2024-09-22,6.48,15.509999999999973,31.65000000000003,146.58,6.88,1,Dakshina Kannada,Karnataka
2024-09-23,18.91,32.269999999999975,43.81000000000003,140.01,18.91,1,Dakshina Kannada,Karnataka
2024-09-24,32.79,58.179999999999964,70.42000000000002,149.18,32.79,1,Dakshina Kannada,Karnataka
2024-09-25,11.2,62.89999999999996,79.69000000000003,139.57,32.79,1,Dakshina Kannada,Karnataka
2024-09-26,8.49,52.47999999999996,86.90000000000003,134.53,32.79,1,Dakshina Kannada,Karnataka
2024-09-27,12.51,32.19999999999996,97.26000000000002,138.48,12.51,1,Dakshina Kannada,Karnataka
2024-09-28,1.14,22.139999999999965,91.52000000000002,131.84,12.51,1,Dakshina Kannada,Karnataka
2024-09-29,3.91,17.559999999999963,88.95000000000002,127.34,12.51,1,Dakshina Kannada,Karnataka
2024-09-30,10.01,15.059999999999965,80.05000000000003,130.60999999999999,10.01,1,Dakshina Kannada,Karnataka
2024-10-01,1.11,15.029999999999964,48.37000000000002,124.97,10.01,0,Dakshina Kannada,Karnataka
2024-10-02,0.72,11.839999999999966,37.890000000000015,119.51,10.01,0,Dakshina Kannada,Karnataka
2024-10-03,1.32,3.149999999999965,30.72000000000002,118.89999999999999,1.32,0,Dakshina Kannada,Karnataka
2024-10-04,3.78,5.819999999999964,21.99000000000002,121.39999999999999,3.78,0,Dakshina Kannada,Karnataka
2024-10-05,4.22,9.319999999999965,25.070000000000018,123.47,4.22,0,Dakshina Kannada,Karnataka
2024-10-06,16.73,24.729999999999965,37.890000000000015,133.32,16.73,0,Dakshina Kannada,Karnataka
2024-10-07,24.25,45.19999999999997,52.130000000000024,151.09,24.25,0,Dakshina Kannada,Karnataka
2024-10-08,13.5,54.47999999999997,64.52000000000002,145.68,24.25,0,Dakshina Kannada,Karnataka
2024-10-09,5.73,43.47999999999996,69.53000000000003,118.62,24.25,0,Dakshina Kannada,Karnataka
2024-10-10,4.2,23.429999999999964,72.41000000000001,111.61999999999999,13.5,0,Dakshina Kannada,Karnataka
2024-10-11,8.98,18.909999999999965,77.61000000000003,112.11,8.98,0,Dakshina Kannada,Karnataka
2024-10-12,4.86,18.039999999999964,78.25000000000001,104.46,8.98,0,Dakshina Kannada,Karnataka
2024-10-13,6.05,19.889999999999965,67.57000000000002,109.36999999999999,8.98,0,Dakshina Kannada,Karnataka
2024-10-14,8.68,19.589999999999964,52.00000000000003,114.14,8.68,0,Dakshina Kannada,Karnataka
2024-10-15,32.64,47.36999999999996,71.14000000000003,136.76999999999998,32.64,0,Dakshina Kannada,Karnataka
2024-10-16,39.56,80.87999999999997,104.97000000000003,175.22000000000003,39.56,0,Dakshina Kannada,Karnataka
2024-10-17,4.68,76.87999999999997,105.45000000000002,179.18,39.56,0,Dakshina Kannada,Karnataka
2024-10-18,9.6,53.83999999999996,106.07000000000004,187.45999999999998,39.56,0,Dakshina Kannada,Karnataka
2024-10-19,8.96,23.23999999999996,110.17000000000002,192.64000000000001,9.6,0,Dakshina Kannada,Karnataka
2024-10-20,8.39,26.94999999999996,112.51000000000002,196.81,9.6,0,Dakshina Kannada,Karnataka
2024-10-21,6.26,23.609999999999957,110.09000000000003,186.34,8.96,0,Dakshina Kannada,Karnataka
2024-10-22,1.61,16.25999999999996,79.06000000000003,163.70000000000002,8.39,0,Dakshina Kannada,Karnataka
2024-10-23,2.1,9.969999999999956,41.60000000000003,152.3,6.26,0,Dakshina Kannada,Karnataka
2024-10-24,5.18,8.889999999999958,42.10000000000003,151.75,5.18,0,Dakshina Kannada,Karnataka
2024-10-25,1.74,9.019999999999957,34.24000000000003,149.29,5.18,0,Dakshina Kannada,Karnataka
2024-10-26,0.47,7.389999999999957,25.75000000000003,140.78,5.18,0,Dakshina Kannada,Karnataka
2024-10-27,0.79,2.9999999999999574,18.150000000000027,136.70999999999998,1.74,0,Dakshina Kannada,Karnataka
2024-10-28,2.75,4.009999999999957,14.640000000000029,133.41,2.75,0,Dakshina Kannada,Karnataka
2024-10-29,1.01,4.549999999999957,14.04000000000003,125.74000000000001,2.75,0,Dakshina Kannada,Karnataka
2024-10-30,1.25,5.009999999999957,13.19000000000003,94.35000000000001,2.75,0,Dakshina Kannada,Karnataka
2024-10-31,10.48,12.739999999999958,18.49000000000003,65.27,10.48,0,Dakshina Kannada,Karnataka
2024-11-01,19.02,30.749999999999957,35.770000000000024,79.61,19.02,0,Dakshina Kannada,Karnataka
2024-11-02,13.71,43.20999999999996,49.01000000000003,83.72,19.02,0,Dakshina Kannada,Karnataka
2024-11-03,5.75,38.47999999999996,53.97000000000003,80.50999999999999,19.02,0,Dakshina Kannada,Karnataka
2024-11-04,10.62,30.079999999999956,61.84000000000003,82.74,13.71,0,Dakshina Kannada,Karnataka
2024-11-05,2.13,18.499999999999957,62.96000000000003,78.60999999999999,10.62,0,Dakshina Kannada,Karnataka
2024-11-06,0.91,13.659999999999956,62.62000000000003,77.91,10.62,0,Dakshina Kannada,Karnataka
2024-11-07,0.1,3.1399999999999575,52.24000000000003,75.91,2.13,0,Dakshina Kannada,Karnataka
2024-11-08,0.44,1.4499999999999575,33.660000000000025,71.17,0.91,0,Dakshina Kannada,Karnataka
2024-11-09,0.01,0.5499999999999574,19.96000000000003,69.44,0.44,0,Dakshina Kannada,Karnataka
2024-11-10,0.01,0.45999999999995744,14.220000000000027,68.98,0.44,0,Dakshina Kannada,Karnataka
2024-11-11,0.0,0.019999999999957368,3.6000000000000285,68.19000000000001,0.01,0,Dakshina Kannada,Karnataka
2024-11-12,0.02,0.029999999999957366,1.4900000000000284,65.46000000000001,0.02,0,Dakshina Kannada,Karnataka
2024-11-13,0.24,0.2599999999999574,0.8200000000000285,64.69,0.24,0,Dakshina Kannada,Karnataka
2024-11-14,4.52,4.779999999999957,5.240000000000028,67.96,4.52,0,Dakshina Kannada,Karnataka
2024-11-15,3.81,8.569999999999958,8.610000000000028,61.29,4.52,0,Dakshina Kannada,Karnataka
2024-11-16,0.85,9.179999999999957,9.450000000000028,43.12,4.52,0,Dakshina Kannada,Karnataka
2024-11-17,1.77,6.429999999999957,11.210000000000027,31.18,3.81,0,Dakshina Kannada,Karnataka
2024-11-18,0.29,2.9099999999999575,11.500000000000028,25.72,1.77,0,Dakshina Kannada,Karnataka
2024-11-19,0.2,2.259999999999957,11.680000000000028,15.3,1.77,0,Dakshina Kannada,Karnataka
2024-11-20,0.06,0.5499999999999574,11.500000000000028,13.23,0.29,0,Dakshina Kannada,Karnataka
2024-11-21,0.05,0.30999999999995737,7.030000000000029,12.370000000000001,0.2,0,Dakshina Kannada,Karnataka
2024-11-22,0.01,0.11999999999995736,3.2300000000000284,12.28,0.06,0,Dakshina Kannada,Karnataka
2024-11-23,0.01,0.06999999999995737,2.3900000000000285,11.85,0.05,0,Dakshina Kannada,Karnataka
2024-11-24,0.02,0.03999999999995737,0.6400000000000284,11.86,0.02,0,Dakshina Kannada,Karnataka
2024-11-25,0.0,0.029999999999957366,0.35000000000002846,11.85,0.02,0,Dakshina Kannada,Karnataka
2024-11-26,0.01,0.029999999999957366,0.16000000000002843,11.860000000000001,0.02,0,Dakshina Kannada,Karnataka
2024-11-27,0.1,0.10999999999995737,0.20000000000002843,11.940000000000001,0.1,0,Dakshina Kannada,Karnataka
2024-11-28,0.0,0.10999999999995737,0.15000000000002844,11.700000000000001,0.1,0,Dakshina Kannada,Karnataka
2024-11-29,0.0,0.09999999999995737,0.14000000000002844,7.18,0.1,0,Dakshina Kannada,Karnataka
2024-11-30,0.27,0.2699999999999574,0.40000000000002844,3.64,0.27,0,Dakshina Kannada,Karnataka
2024-12-01,2.72,2.9899999999999576,3.1000000000000285,5.51,2.72,0,Dakshina Kannada,Karnataka
2024-12-02,11.61,14.599999999999957,14.710000000000027,15.35,11.61,0,Dakshina Kannada,Karnataka
2024-12-03,84.67,98.99999999999996,99.37000000000003,99.73,84.67,0,Dakshina Kannada,Karnataka
2024-12-04,0.82,97.09999999999995,100.09000000000003,100.35,84.67,0,Dakshina Kannada,Karnataka
2024-12-05,2.37,87.85999999999996,102.46000000000004,102.66,84.67,0,Dakshina Kannada,Karnataka
2024-12-06,1.63,4.819999999999958,104.09000000000003,104.24,2.37,0,Dakshina Kannada,Karnataka
2024-12-07,0.82,4.819999999999958,104.64000000000003,105.05,2.37,0,Dakshina Kannada,Karnataka
2024-12-08,0.41,2.8599999999999572,102.33000000000003,105.45,1.63,0,Dakshina Kannada,Karnataka
2024-12-09,0.17,1.3999999999999573,90.89000000000003,105.60000000000001,0.82,0,Dakshina Kannada,Karnataka
2024-12-10,0.15,0.7299999999999573,6.3700000000000285,105.75000000000001,0.41,0,Dakshina Kannada,Karnataka
2024-12-11,0.22,0.5399999999999574,5.770000000000028,105.96000000000001,0.22,0,Dakshina Kannada,Karnataka
2024-12-12,0.33,0.6999999999999573,3.7300000000000284,106.19000000000001,0.33,0,Dakshina Kannada,Karnataka
2024-12-13,0.71,1.2599999999999574,2.8100000000000285,106.89999999999999,0.71,0,Dakshina Kannada,Karnataka
2024-12-14,0.01,1.0499999999999574,2.0000000000000284,106.91000000000001,0.71,0,Dakshina Kannada,Karnataka
2024-12-15,0.0,0.7199999999999573,1.5900000000000283,106.64,0.71,0,Dakshina Kannada,Karnataka
2024-12-16,0.0,0.009999999999957368,1.4200000000000284,103.92,0.01,0,Dakshina Kannada,Karnataka
2024-12-17,0.0,0.0,1.2700000000000284,92.31,0.0,0,Dakshina Kannada,Karnataka
2024-12-18,0.0,0.0,1.0500000000000282,7.64,0.0,0,Dakshina Kannada,Karnataka
2024-12-19,0.05,0.04999999999995737,0.7700000000000284,6.869999999999999,0.05,0,Dakshina Kannada,Karnataka
2024-12-20,0.06,0.10999999999995737,0.12000000000002842,4.5600000000000005,0.06,0,Dakshina Kannada,Karnataka
2024-12-21,0.23,0.3399999999999574,0.34000000000002845,3.16,0.23,0,Dakshina Kannada,Karnataka
2024-12-22,0.03,0.3199999999999574,0.3700000000000284,2.37,0.23,0,Dakshina Kannada,Karnataka
2024-12-23,0.11,0.36999999999995736,0.4800000000000284,2.07,0.23,0,Dakshina Kannada,Karnataka
2024-12-24,0.29,0.4299999999999573,0.7700000000000284,2.19,0.29,0,Dakshina Kannada,Karnataka
2024-12-25,0.02,0.4199999999999573,0.7900000000000283,2.06,0.29,0,Dakshina Kannada,Karnataka
2024-12-26,0.29,0.5999999999999572,1.0300000000000282,2.13,0.29,0,Dakshina Kannada,Karnataka
2024-12-27,0.65,0.9599999999999573,1.6200000000000285,2.4499999999999997,0.65,0,Dakshina Kannada,Karnataka
2024-12-28,0.04,0.9799999999999573,1.4300000000000284,1.7799999999999998,0.65,0,Dakshina Kannada,Karnataka
2024-12-29,0.0,0.6899999999999573,1.4000000000000283,1.77,0.65,0,Dakshina Kannada,Karnataka
2024-12-30,0.0,0.03999999999995737,1.2900000000000282,1.77,0.04,0,Dakshina Kannada,Karnataka
2024-12-31,0.0,0.0,1.0000000000000284,1.77,0.0,0,Dakshina Kannada,Karnataka
