,rain_1d,rain_3d,rain_7d,rain_15d,rain_max3d,is_monsoon,district,state
2015-01-01,3.38,3.38,3.38,3.38,3.38,0,Dindigul,Tamil Nadu
2015-01-02,0.01,3.3899999999999997,3.3899999999999997,3.3899999999999997,3.38,0,Dindigul,Tamil Nadu
2015-01-03,0.0,3.3899999999999997,3.3899999999999997,3.3899999999999997,3.38,0,Dindigul,Tamil Nadu
2015-01-04,0.0,0.01,3.3899999999999997,3.3899999999999997,0.01,0,Dindigul,Tamil Nadu
2015-01-05,0.0,0.0,3.3899999999999997,3.3899999999999997,0.0,0,Dindigul,Tamil Nadu
2015-01-06,0.0,0.0,3.3899999999999997,3.3899999999999997,0.0,0,Dindigul,Tamil Nadu
2015-01-07,0.0,0.0,3.3899999999999997,3.3899999999999997,0.0,0,Dindigul,Tamil Nadu
2015-01-08,0.0,0.0,0.01,3.3899999999999997,0.0,0,Dindigul,Tamil Nadu
2015-01-09,0.0,0.0,0.0,3.3899999999999997,0.0,0,Dindigul,Tamil Nadu
2015-01-10,0.0,0.0,0.0,3.3899999999999997,0.0,0,Dindigul,Tamil Nadu
2015-01-11,0.0,0.0,0.0,3.3899999999999997,0.0,0,Dindigul,Tamil Nadu
2015-01-12,0.0,0.0,0.0,3.3899999999999997,0.0,0,Dindigul,Tamil Nadu
2015-01-13,0.0,0.0,0.0,3.3899999999999997,0.0,0,Dindigul,Tamil Nadu
2015-01-14,0.0,0.0,0.0,3.3899999999999997,0.0,0,Dindigul,Tamil Nadu
2015-01-15,0.0,0.0,0.0,3.3899999999999997,0.0,0,Dindigul,Tamil Nadu
2015-01-16,0.01,0.01,0.01,0.02,0.01,0,Dindigul,Tamil Nadu
2015-01-17,0.01,0.02,0.02,0.02,0.01,0,Dindigul,Tamil Nadu
2015-01-18,0.0,0.02,0.02,0.02,0.01,0,Dindigul,Tamil Nadu
2015-01-19,0.0,0.01,0.02,0.02,0.01,0,Dindigul,Tamil Nadu
2015-01-20,0.0,0.0,0.02,0.02,0.0,0,Dindigul,Tamil Nadu
2015-01-21,0.01,0.01,0.03,0.03,0.01,0,Dindigul,Tamil Nadu
2015-01-22,0.05,0.060000000000000005,0.08,0.08,0.05,0,Dindigul,Tamil Nadu
2015-01-23,0.77,0.8300000000000001,0.8400000000000001,0.85,0.77,0,Dindigul,Tamil Nadu
2015-01-24,0.21,1.03,1.04,1.06,0.77,0,Dindigul,Tamil Nadu
2015-01-25,0.0,0.98,1.04,1.06,0.77,0,Dindigul,Tamil Nadu
2015-01-26,0.0,0.21,1.04,1.06,0.21,0,Dindigul,Tamil Nadu
2015-01-27,0.0,0.0,1.04,1.06,0.0,0,Dindigul,Tamil Nadu
2015-01-28,0.0,0.0,1.03,1.06,0.0,0,Dindigul,Tamil Nadu
2015-01-29,0.0,0.0,0.98,1.06,0.0,0,Dindigul,Tamil Nadu
2015-01-30,0.0,0.0,0.21,1.06,0.0,0,Dindigul,Tamil Nadu
2015-01-31,0.0,0.0,0.0,1.05,0.0,0,Dindigul,Tamil Nadu
2015-02-01,0.0,0.0,0.0,1.04,0.0,0,Dindigul,Tamil Nadu
2015-02-02,0.0,0.0,0.0,1.04,0.0,0,Dindigul,Tamil Nadu
2015-02-03,0.0,0.0,0.0,1.04,0.0,0,Dindigul,Tamil Nadu
2015-02-04,0.18,0.18,0.18,1.22,0.18,0,Dindigul,Tamil Nadu
2015-02-05,0.1,0.28,0.28,1.31,0.18,0,Dindigul,Tamil Nadu
2015-02-06,0.0,0.28,0.28,1.2599999999999998,0.18,0,Dindigul,Tamil Nadu
2015-02-07,0.02,0.12000000000000001,0.3,0.51,0.1,0,Dindigul,Tamil Nadu
2015-02-08,0.0,0.02,0.3,0.30000000000000004,0.02,0,Dindigul,Tamil Nadu
2015-02-09,0.0,0.02,0.3,0.30000000000000004,0.02,0,Dindigul,Tamil Nadu
2015-02-10,0.0,0.0,0.3,0.30000000000000004,0.0,0,Dindigul,Tamil Nadu
2015-02-11,0.0,0.0,0.12000000000000001,0.30000000000000004,0.0,0,Dindigul,Tamil Nadu
2015-02-12,0.01,0.01,0.03,0.31000000000000005,0.01,0,Dindigul,Tamil Nadu
2015-02-13,0.01,0.02,0.04,0.32,0.01,0,Dindigul,Tamil Nadu
2015-02-14,0.0,0.02,0.02,0.31999999999999995,0.01,0,Dindigul,Tamil Nadu
2015-02-15,0.0,0.01,0.02,0.31999999999999995,0.01,0,Dindigul,Tamil Nadu
2015-02-16,0.0,0.0,0.02,0.31999999999999995,0.0,0,Dindigul,Tamil Nadu
2015-02-17,0.0,0.0,0.02,0.31999999999999995,0.0,0,Dindigul,Tamil Nadu
2015-02-18,0.0,0.0,0.02,0.31999999999999995,0.0,0,Dindigul,Tamil Nadu
2015-02-19,0.0,0.0,0.01,0.14,0.0,0,Dindigul,Tamil Nadu
2015-02-20,0.0,0.0,0.0,0.04,0.0,0,Dindigul,Tamil Nadu
2015-02-21,0.0,0.0,0.0,0.04,0.0,0,Dindigul,Tamil Nadu
2015-02-22,0.0,0.0,0.0,0.02,0.0,0,Dindigul,Tamil Nadu
2015-02-23,0.0,0.0,0.0,0.02,0.0,0,Dindigul,Tamil Nadu
2015-02-24,0.0,0.0,0.0,0.02,0.0,0,Dindigul,Tamil Nadu
2015-02-25,0.0,0.0,0.0,0.02,0.0,0,Dindigul,Tamil Nadu
2015-02-26,0.37,0.37,0.37,0.39,0.37,0,Dindigul,Tamil Nadu
2015-02-27,0.84,1.21,1.21,1.22,0.84,0,Dindigul,Tamil Nadu
2015-02-28,0.12,1.33,1.33,1.33,0.84,0,Dindigul,Tamil Nadu
2015-03-01,0.03,0.99,1.3599999999999999,1.3599999999999999,0.84,0,Dindigul,Tamil Nadu
2015-03-02,0.09,0.24,1.45,1.45,0.12,0,Dindigul,Tamil Nadu
2015-03-03,0.27,0.39,1.72,1.72,0.27,0,Dindigul,Tamil Nadu
2015-03-04,0.21,0.57,1.93,1.93,0.27,0,Dindigul,Tamil Nadu
2015-03-05,0.01,0.49,1.57,1.94,0.27,0,Dindigul,Tamil Nadu
2015-03-06,1.3,1.52,2.0300000000000002,3.24,1.3,0,Dindigul,Tamil Nadu
2015-03-07,2.25,3.56,4.16,5.49,2.25,0,Dindigul,Tamil Nadu
2015-03-08,0.32,3.8699999999999997,4.45,5.8100000000000005,2.25,0,Dindigul,Tamil Nadu
2015-03-09,0.03,2.6,4.39,5.84,2.25,0,Dindigul,Tamil Nadu
2015-03-10,0.0,0.35,4.12,5.84,0.32,0,Dindigul,Tamil Nadu
2015-03-11,0.0,0.03,3.91,5.84,0.03,0,Dindigul,Tamil Nadu
2015-03-12,0.0,0.0,3.9000000000000004,5.84,0.0,0,Dindigul,Tamil Nadu
2015-03-13,0.0,0.0,2.6000000000000005,5.47,0.0,0,Dindigul,Tamil Nadu
2015-03-14,2.05,2.05,2.4000000000000004,6.68,2.05,0,Dindigul,Tamil Nadu
2015-03-15,1.78,3.83,3.8600000000000003,8.34,2.05,0,Dindigul,Tamil Nadu
2015-03-16,3.01,6.84,6.84,11.32,3.01,0,Dindigul,Tamil Nadu
2015-03-17,1.79,6.58,8.629999999999999,13.02,3.01,0,Dindigul,Tamil Nadu
2015-03-18,0.0,4.8,8.629999999999999,12.75,3.01,0,Dindigul,Tamil Nadu
2015-03-19,0.0,1.79,8.629999999999999,12.54,1.79,0,Dindigul,Tamil Nadu
2015-03-20,0.0,0.0,8.629999999999999,12.530000000000001,0.0,0,Dindigul,Tamil Nadu
2015-03-21,0.0,0.0,6.58,11.23,0.0,0,Dindigul,Tamil Nadu
2015-03-22,0.0,0.0,4.8,8.98,0.0,0,Dindigul,Tamil Nadu
2015-03-23,0.0,0.0,1.79,8.66,0.0,0,Dindigul,Tamil Nadu
2015-03-24,0.0,0.0,0.0,8.629999999999999,0.0,0,Dindigul,Tamil Nadu
2015-03-25,0.0,0.0,0.0,8.629999999999999,0.0,0,Dindigul,Tamil Nadu
2015-03-26,0.0,0.0,0.0,8.629999999999999,0.0,0,Dindigul,Tamil Nadu
2015-03-27,0.0,0.0,0.0,8.629999999999999,0.0,0,Dindigul,Tamil Nadu
2015-03-28,0.02,0.02,0.02,8.65,0.02,0,Dindigul,Tamil Nadu
2015-03-29,0.06,0.08,0.08,6.659999999999999,0.06,0,Dindigul,Tamil Nadu
2015-03-30,0.01,0.09,0.09,4.89,0.06,0,Dindigul,Tamil Nadu
2015-03-31,0.14,0.21000000000000002,0.23,2.02,0.14,0,Dindigul,Tamil Nadu
2015-04-01,9.05,9.200000000000001,9.280000000000001,9.280000000000001,9.05,0,Dindigul,Tamil Nadu
2015-04-02,1.33,10.520000000000001,10.610000000000001,10.610000000000001,9.05,0,Dindigul,Tamil Nadu
2015-04-03,0.29,10.67,10.9,10.9,9.05,0,Dindigul,Tamil Nadu
2015-04-04,0.33,1.9500000000000002,11.21,11.23,1.33,0,Dindigul,Tamil Nadu
2015-04-05,0.0,0.62,11.15,11.23,0.33,0,Dindigul,Tamil Nadu
2015-04-06,0.04,0.37,11.180000000000001,11.270000000000001,0.33,0,Dindigul,Tamil Nadu
2015-04-07,0.16,0.2,11.200000000000001,11.430000000000001,0.16,0,Dindigul,Tamil Nadu
2015-04-08,0.19,0.39,2.34,11.620000000000001,0.19,0,Dindigul,Tamil Nadu
2015-04-09,0.25,0.6000000000000001,1.26,11.870000000000001,0.25,0,Dindigul,Tamil Nadu
2015-04-10,0.75,1.19,1.72,12.620000000000001,0.75,0,Dindigul,Tamil Nadu
2015-04-11,1.04,2.04,2.43,13.660000000000002,1.04,0,Dindigul,Tamil Nadu
2015-04-12,3.78,5.57,6.21,17.42,3.78,0,Dindigul,Tamil Nadu
2015-04-13,7.19,12.01,13.36,24.550000000000004,7.19,0,Dindigul,Tamil Nadu
2015-04-14,2.73,13.7,15.93,27.270000000000003,7.19,0,Dindigul,Tamil Nadu
2015-04-15,18.24,28.159999999999997,33.98,45.370000000000005,18.24,0,Dindigul,Tamil Nadu
2015-04-16,17.67,38.64,51.400000000000006,53.99000000000001,18.24,0,Dindigul,Tamil Nadu
2015-04-17,16.72,52.629999999999995,67.37,69.38,18.24,0,Dindigul,Tamil Nadu
2015-04-18,7.76,42.150000000000006,74.08999999999999,76.85000000000001,17.67,0,Dindigul,Tamil Nadu
2015-04-19,0.04,24.520000000000003,70.35000000000001,76.55999999999999,16.72,0,Dindigul,Tamil Nadu
2015-04-20,0.56,8.360000000000003,63.720000000000006,77.11999999999999,7.76,0,Dindigul,Tamil Nadu
2015-04-21,1.43,2.030000000000004,62.42,78.51,1.43,0,Dindigul,Tamil Nadu
2015-04-22,0.96,2.9500000000000037,45.14,79.31,1.43,0,Dindigul,Tamil Nadu
2015-04-23,3.35,5.740000000000004,30.82,82.47,3.35,0,Dindigul,Tamil Nadu
2015-04-24,5.85,10.160000000000004,19.95,88.07,5.85,0,Dindigul,Tamil Nadu
2015-04-25,9.12,18.32,21.31,96.44,9.12,0,Dindigul,Tamil Nadu
2015-04-26,2.32,17.290000000000003,23.59,97.72,9.12,0,Dindigul,Tamil Nadu
2015-04-27,0.28,11.720000000000002,23.31,94.22,9.12,0,Dindigul,Tamil Nadu
2015-04-28,0.02,2.620000000000003,21.9,87.05,2.32,0,Dindigul,Tamil Nadu
2015-04-29,0.19,0.49000000000000354,21.13,84.50999999999999,0.28,0,Dindigul,Tamil Nadu
2015-04-30,0.27,0.48000000000000353,18.049999999999997,66.54,0.27,0,Dindigul,Tamil Nadu
2015-05-01,0.17,0.6300000000000036,12.37,49.04,0.27,0,Dindigul,Tamil Nadu
2015-05-02,0.13,0.5700000000000036,3.38,32.449999999999996,0.27,0,Dindigul,Tamil Nadu
2015-05-03,0.02,0.32000000000000356,1.08,24.709999999999997,0.17,0,Dindigul,Tamil Nadu
2015-05-04,2.18,2.3300000000000036,2.9800000000000004,26.849999999999998,2.18,0,Dindigul,Tamil Nadu
2015-05-05,2.35,4.550000000000004,5.3100000000000005,28.64,2.35,0,Dindigul,Tamil Nadu
2015-05-06,4.54,9.070000000000004,9.66,31.75,4.54,0,Dindigul,Tamil Nadu
2015-05-07,10.38,17.270000000000003,19.77,41.17,10.38,0,Dindigul,Tamil Nadu
2015-05-08,9.7,24.620000000000005,29.299999999999997,47.519999999999996,10.38,0,Dindigul,Tamil Nadu
2015-05-09,8.44,28.520000000000003,37.61,50.11,10.38,0,Dindigul,Tamil Nadu
2015-05-10,2.06,20.2,39.65,43.05,9.7,0,Dindigul,Tamil Nadu
2015-05-11,8.54,19.04,46.010000000000005,49.269999999999996,8.54,0,Dindigul,Tamil Nadu
2015-05-12,18.22,28.82,61.879999999999995,67.21,18.22,0,Dindigul,Tamil Nadu
2015-05-13,12.43,39.19,69.77,79.62,18.22,0,Dindigul,Tamil Nadu
2015-05-14,12.81,43.46,72.2,92.24,18.22,0,Dindigul,Tamil Nadu
2015-05-15,28.12,53.36000000000001,90.62,120.09,28.12,0,Dindigul,Tamil Nadu
2015-05-16,5.71,46.64000000000001,87.89,125.63,28.12,0,Dindigul,Tamil Nadu
2015-05-17,5.78,39.61000000000001,91.61,131.28,28.12,0,Dindigul,Tamil Nadu
2015-05-18,1.9,13.390000000000008,84.97,133.16,5.78,0,Dindigul,Tamil Nadu
2015-05-19,0.32,8.000000000000007,67.07000000000001,131.3,5.78,0,Dindigul,Tamil Nadu
2015-05-20,0.04,2.260000000000007,54.68,128.99,1.9,0,Dindigul,Tamil Nadu
2015-05-21,0.0,0.3600000000000071,41.87,124.44999999999999,0.32,0,Dindigul,Tamil Nadu
2015-05-22,0.0,0.040000000000007106,13.75,114.07,0.04,0,Dindigul,Tamil Nadu
2015-05-23,0.12,0.1200000000000071,8.16,104.49,0.12,0,Dindigul,Tamil Nadu
2015-05-24,0.05,0.1700000000000071,2.4299999999999997,96.1,0.12,0,Dindigul,Tamil Nadu
2015-05-25,0.0,0.1700000000000071,0.53,94.03999999999999,0.12,0,Dindigul,Tamil Nadu
2015-05-26,0.0,0.05000000000000711,0.21000000000000002,85.5,0.05,0,Dindigul,Tamil Nadu
2015-05-27,6.63,6.630000000000007,6.8,73.91,6.63,0,Dindigul,Tamil Nadu
2015-05-28,5.02,11.650000000000006,11.82,66.5,6.63,0,Dindigul,Tamil Nadu
2015-05-29,0.85,12.500000000000007,12.67,54.54,6.63,0,Dindigul,Tamil Nadu
2015-05-30,7.8,13.670000000000005,20.35,34.22,7.8,0,Dindigul,Tamil Nadu
2015-05-31,3.31,11.960000000000006,23.61,31.819999999999997,7.8,0,Dindigul,Tamil Nadu
2015-06-01,0.51,11.620000000000006,24.119999999999997,26.55,7.8,1,Dindigul,Tamil Nadu
2015-06-02,15.8,19.620000000000008,39.92,40.45,15.8,1,Dindigul,Tamil Nadu
2015-06-03,0.8,17.11000000000001,34.089999999999996,40.93,15.8,1,Dindigul,Tamil Nadu
2015-06-04,3.51,20.110000000000007,32.58,44.4,15.8,1,Dindigul,Tamil Nadu
2015-06-05,17.82,22.130000000000006,49.55,62.22,17.82,1,Dindigul,Tamil Nadu
2015-06-06,0.08,21.410000000000004,41.830000000000005,62.3,17.82,1,Dindigul,Tamil Nadu
2015-06-07,0.29,18.19000000000001,38.81,62.47,17.82,1,Dindigul,Tamil Nadu
2015-06-08,0.5,0.8700000000000071,38.800000000000004,62.919999999999995,0.5,1,Dindigul,Tamil Nadu
2015-06-09,0.15,0.9400000000000072,23.15,63.07,0.5,1,Dindigul,Tamil Nadu
2015-06-10,0.61,1.2600000000000071,22.96,63.68,0.61,1,Dindigul,Tamil Nadu
2015-06-11,2.18,2.9400000000000075,21.63,59.230000000000004,2.18,1,Dindigul,Tamil Nadu
2015-06-12,0.02,2.810000000000007,3.83,54.23,2.18,1,Dindigul,Tamil Nadu
2015-06-13,6.66,8.860000000000007,10.41,60.04,6.66,1,Dindigul,Tamil Nadu
2015-06-14,0.13,6.810000000000007,10.250000000000002,52.37,6.66,1,Dindigul,Tamil Nadu
2015-06-15,0.2,6.990000000000007,9.950000000000001,49.26,6.66,1,Dindigul,Tamil Nadu
2015-06-16,0.23,0.5600000000000072,10.030000000000001,48.98,0.23,1,Dindigul,Tamil Nadu
2015-06-17,0.21,0.6400000000000071,9.629999999999999,33.38999999999999,0.23,1,Dindigul,Tamil Nadu
2015-06-18,1.06,1.500000000000007,8.51,33.65,1.06,1,Dindigul,Tamil Nadu
2015-06-19,1.61,2.880000000000007,10.1,31.75,1.61,1,Dindigul,Tamil Nadu
2015-06-20,0.49,3.1600000000000072,3.93,14.42,1.61,1,Dindigul,Tamil Nadu
2015-06-21,1.55,3.6500000000000075,5.3500000000000005,15.89,1.61,1,Dindigul,Tamil Nadu
2015-06-22,0.28,2.320000000000007,5.43,15.88,1.55,1,Dindigul,Tamil Nadu
2015-06-23,1.37,3.2000000000000073,6.57,16.75,1.55,1,Dindigul,Tamil Nadu
2015-06-24,0.14,1.7900000000000071,6.5,16.74,1.37,1,Dindigul,Tamil Nadu
2015-06-25,0.32,1.8300000000000072,5.760000000000001,16.45,1.37,1,Dindigul,Tamil Nadu
2015-06-26,0.93,1.3900000000000072,5.08,15.2,0.93,1,Dindigul,Tamil Nadu
2015-06-27,0.25,1.500000000000007,4.84,15.43,0.93,1,Dindigul,Tamil Nadu
2015-06-28,0.24,1.4200000000000073,3.5300000000000002,9.01,0.93,1,Dindigul,Tamil Nadu
2015-06-29,1.14,1.630000000000007,4.390000000000001,10.02,1.14,1,Dindigul,Tamil Nadu
2015-06-30,7.98,9.360000000000007,11.0,17.8,7.98,1,Dindigul,Tamil Nadu
2015-07-01,6.35,15.470000000000006,17.21,23.92,7.98,1,Dindigul,Tamil Nadu
2015-07-02,0.01,14.340000000000007,16.9,23.72,7.98,1,Dindigul,Tamil Nadu
2015-07-03,0.05,6.410000000000006,16.02,22.71,6.35,1,Dindigul,Tamil Nadu
2015-07-04,0.09,0.1500000000000071,15.86,21.19,0.09,1,Dindigul,Tamil Nadu
2015-07-05,0.01,0.1500000000000071,15.629999999999999,20.709999999999997,0.09,1,Dindigul,Tamil Nadu
2015-07-06,0.01,0.1100000000000071,14.500000000000002,19.17,0.09,1,Dindigul,Tamil Nadu
2015-07-07,0.01,0.03,6.53,18.900000000000002,0.01,1,Dindigul,Tamil Nadu
2015-07-08,0.1,0.1200000000000071,0.2800000000000009,17.63,0.1,1,Dindigul,Tamil Nadu
2015-07-09,0.06,0.1700000000000071,0.33000000000000085,17.55,0.1,1,Dindigul,Tamil Nadu
2015-07-10,0.18,0.3400000000000071,0.46000000000000085,17.41,0.18,1,Dindigul,Tamil Nadu
2015-07-11,0.2,0.44000000000000705,0.570000000000001,16.68,0.2,1,Dindigul,Tamil Nadu
2015-07-12,0.02,0.40000000000000707,0.580000000000001,16.45,0.2,1,Dindigul,Tamil Nadu
2015-07-13,0.04,0.2600000000000071,0.6100000000000009,16.25,0.2,1,Dindigul,Tamil Nadu
2015-07-14,0.12,0.18000000000000707,0.7200000000000009,15.23,0.12,1,Dindigul,Tamil Nadu
2015-07-15,0.14,0.3000000000000071,0.7600000000000009,7.39,0.14,1,Dindigul,Tamil Nadu
2015-07-16,0.09,0.3500000000000071,0.7900000000000009,1.13,0.14,1,Dindigul,Tamil Nadu
2015-07-17,0.65,0.8800000000000071,1.260000000000001,1.77,0.65,1,Dindigul,Tamil Nadu
2015-07-18,0.21,0.9500000000000071,1.270000000000001,1.93,0.65,1,Dindigul,Tamil Nadu
2015-07-19,1.48,2.340000000000007,2.730000000000001,3.3200000000000003,1.48,1,Dindigul,Tamil Nadu
2015-07-20,0.17,1.860000000000007,2.8600000000000008,3.48,1.48,1,Dindigul,Tamil Nadu
2015-07-21,2.77,4.420000000000007,5.510000000000001,6.24,2.77,1,Dindigul,Tamil Nadu
2015-07-22,0.55,3.4900000000000064,5.920000000000001,6.78,2.77,1,Dindigul,Tamil Nadu
2015-07-23,1.58,4.900000000000007,7.410000000000001,8.26,2.77,1,Dindigul,Tamil Nadu
2015-07-24,0.39,2.5200000000000067,7.150000000000001,8.59,1.58,1,Dindigul,Tamil Nadu
2015-07-25,0.57,2.5400000000000067,7.510000000000001,8.98,1.58,1,Dindigul,Tamil Nadu
2015-07-26,0.02,0.9800000000000066,6.050000000000002,8.8,0.57,1,Dindigul,Tamil Nadu
2015-07-27,0.37,0.9600000000000066,6.250000000000001,9.15,0.57,1,Dindigul,Tamil Nadu
2015-07-28,5.12,5.510000000000007,8.600000000000001,14.23,5.12,1,Dindigul,Tamil Nadu
2015-07-29,2.32,7.810000000000008,10.370000000000001,16.43,5.12,1,Dindigul,Tamil Nadu
2015-07-30,0.0,7.440000000000007,8.790000000000001,16.29,5.12,1,Dindigul,Tamil Nadu
2015-07-31,0.01,2.3300000000000067,8.410000000000002,16.21,2.32,1,Dindigul,Tamil Nadu
2015-08-01,0.58,0.5900000000000071,8.420000000000002,16.14,0.58,1,Dindigul,Tamil Nadu
2015-08-02,0.69,1.280000000000007,9.090000000000002,16.62,0.69,1,Dindigul,Tamil Nadu
2015-08-03,3.55,4.8200000000000065,12.27,18.69,3.55,1,Dindigul,Tamil Nadu
2015-08-04,0.16,4.400000000000007,7.3100000000000005,18.68,3.55,1,Dindigul,Tamil Nadu
2015-08-05,0.05,3.7600000000000064,5.04,15.959999999999999,3.55,1,Dindigul,Tamil Nadu
2015-08-06,0.06,0.2700000000000067,5.1000000000000005,15.47,0.16,1,Dindigul,Tamil Nadu
2015-08-07,0.1,0.21000000000000668,5.19,13.99,0.1,1,Dindigul,Tamil Nadu
2015-08-08,0.28,0.4400000000000067,4.890000000000001,13.879999999999999,0.28,1,Dindigul,Tamil Nadu
2015-08-09,0.07,0.45000000000000673,4.2700000000000005,13.379999999999999,0.28,1,Dindigul,Tamil Nadu
2015-08-10,0.76,1.1100000000000068,1.4800000000000009,14.12,0.76,1,Dindigul,Tamil Nadu
2015-08-11,0.05,0.8800000000000068,1.370000000000001,13.8,0.76,1,Dindigul,Tamil Nadu
2015-08-12,0.05,0.8600000000000066,1.370000000000001,8.729999999999999,0.76,1,Dindigul,Tamil Nadu
2015-08-13,0.36,0.4600000000000066,1.6700000000000008,6.77,0.36,1,Dindigul,Tamil Nadu
2015-08-14,0.49,0.9000000000000066,2.0600000000000005,7.259999999999999,0.49,1,Dindigul,Tamil Nadu
2015-08-15,1.46,2.3100000000000067,3.240000000000001,8.709999999999999,1.46,1,Dindigul,Tamil Nadu
2015-08-16,24.85,26.800000000000008,28.020000000000003,32.980000000000004,24.85,1,Dindigul,Tamil Nadu
2015-08-17,10.03,36.34000000000001,37.290000000000006,42.32,24.85,1,Dindigul,Tamil Nadu
2015-08-18,3.12,38.00000000000001,40.36,41.89,24.85,1,Dindigul,Tamil Nadu
2015-08-19,1.76,14.910000000000007,42.07,43.49,10.03,1,Dindigul,Tamil Nadu
2015-08-20,0.01,4.890000000000007,41.720000000000006,43.449999999999996,3.12,1,Dindigul,Tamil Nadu
2015-08-21,3.53,5.300000000000007,44.760000000000005,46.92,3.53,1,Dindigul,Tamil Nadu
2015-08-22,8.76,12.300000000000008,52.06,55.58,8.76,1,Dindigul,Tamil Nadu
2015-08-23,1.73,14.020000000000007,28.94,57.03,8.76,1,Dindigul,Tamil Nadu
2015-08-24,0.17,10.660000000000005,19.080000000000005,57.129999999999995,8.76,1,Dindigul,Tamil Nadu
2015-08-25,0.01,1.910000000000007,15.970000000000004,56.38,1.73,1,Dindigul,Tamil Nadu
2015-08-26,0.0,0.18000000000000713,14.210000000000003,56.330000000000005,0.17,1,Dindigul,Tamil Nadu
2015-08-27,0.03,0.040000000000007106,14.230000000000002,56.31,0.03,1,Dindigul,Tamil Nadu
2015-08-28,0.0,0.030000000000007104,10.700000000000003,55.95,0.03,1,Dindigul,Tamil Nadu
2015-08-29,0.0,0.030000000000007104,1.9400000000000035,55.46,0.03,1,Dindigul,Tamil Nadu
2015-08-30,0.0,0.0,0.21000000000000357,54.0,0.0,1,Dindigul,Tamil Nadu
2015-08-31,0.0,0.0,0.040000000000003554,29.15,0.0,1,Dindigul,Tamil Nadu
2015-09-01,1.94,1.940000000000007,1.9700000000000035,21.06,1.94,1,Dindigul,Tamil Nadu
2015-09-02,8.81,10.750000000000007,10.780000000000005,26.75,8.81,1,Dindigul,Tamil Nadu
2015-09-03,6.59,17.340000000000007,17.340000000000003,31.58,8.81,1,Dindigul,Tamil Nadu
2015-09-04,0.34,15.740000000000007,17.680000000000007,31.91,8.81,1,Dindigul,Tamil Nadu
2015-09-05,3.44,10.370000000000006,21.120000000000005,31.82,6.59,1,Dindigul,Tamil Nadu
2015-09-06,2.29,6.070000000000007,23.410000000000004,25.35,3.44,1,Dindigul,Tamil Nadu
2015-09-07,0.82,6.550000000000007,24.230000000000004,24.44,3.44,1,Dindigul,Tamil Nadu
2015-09-08,0.18,3.290000000000007,22.470000000000002,24.45,2.29,1,Dindigul,Tamil Nadu
2015-09-09,1.29,2.290000000000007,14.950000000000003,25.73,1.29,1,Dindigul,Tamil Nadu
2015-09-10,0.3,1.7700000000000073,8.660000000000004,26.03,1.29,1,Dindigul,Tamil Nadu
2015-09-11,0.23,1.8200000000000072,8.550000000000004,26.23,1.29,1,Dindigul,Tamil Nadu
2015-09-12,0.41,0.940000000000007,5.520000000000004,26.64,0.41,1,Dindigul,Tamil Nadu
2015-09-13,0.0,0.640000000000007,3.2300000000000035,26.64,0.41,1,Dindigul,Tamil Nadu
2015-09-14,0.02,0.43000000000000704,2.4300000000000037,26.66,0.41,1,Dindigul,Tamil Nadu
2015-09-15,0.11,0.1300000000000071,2.3600000000000034,26.77,0.11,1,Dindigul,Tamil Nadu
2015-09-16,0.45,0.5800000000000072,1.5200000000000036,25.279999999999998,0.45,1,Dindigul,Tamil Nadu
2015-09-17,0.15,0.7100000000000071,1.3700000000000034,16.62,0.45,1,Dindigul,Tamil Nadu
2015-09-18,0.14,0.7400000000000071,1.2800000000000036,10.17,0.45,1,Dindigul,Tamil Nadu
2015-09-19,0.25,0.5400000000000071,1.1200000000000037,10.08,0.25,1,Dindigul,Tamil Nadu
2015-09-20,0.13,0.5200000000000071,1.2500000000000036,6.7700000000000005,0.25,1,Dindigul,Tamil Nadu
2015-09-21,0.01,0.39000000000000706,1.2400000000000035,4.49,0.25,1,Dindigul,Tamil Nadu
2015-09-22,0.23,0.3700000000000071,1.3600000000000034,3.9000000000000004,0.23,1,Dindigul,Tamil Nadu
2015-09-23,1.57,1.8100000000000072,2.4800000000000035,5.29,1.57,1,Dindigul,Tamil Nadu
2015-09-24,2.04,3.840000000000007,4.370000000000004,6.04,2.04,1,Dindigul,Tamil Nadu
2015-09-25,0.94,4.550000000000007,5.1700000000000035,6.68,2.04,1,Dindigul,Tamil Nadu
2015-09-26,0.46,3.4400000000000066,5.380000000000004,6.91,2.04,1,Dindigul,Tamil Nadu
2015-09-27,38.25,39.650000000000006,43.5,44.75,38.25,1,Dindigul,Tamil Nadu
2015-09-28,7.84,46.55000000000001,51.33,52.59,38.25,1,Dindigul,Tamil Nadu
2015-09-29,33.53,79.62,84.63,86.10000000000001,38.25,1,Dindigul,Tamil Nadu
2015-09-30,3.23,44.60000000000001,86.29,89.22000000000001,33.53,1,Dindigul,Tamil Nadu
2015-10-01,3.5,40.260000000000005,87.75,92.27000000000001,33.53,0,Dindigul,Tamil Nadu
2015-10-02,11.99,18.720000000000006,98.8,104.11,11.99,0,Dindigul,Tamil Nadu
2015-10-03,1.17,16.660000000000007,99.51,105.14,11.99,0,Dindigul,Tamil Nadu
2015-10-04,1.36,14.520000000000007,62.62,106.25,11.99,0,Dindigul,Tamil Nadu
2015-10-05,10.15,12.680000000000007,64.93,116.27000000000001,10.15,0,Dindigul,Tamil Nadu
2015-10-06,6.24,17.750000000000007,37.64,122.5,10.15,0,Dindigul,Tamil Nadu
2015-10-07,7.61,24.000000000000007,42.02,129.88000000000002,10.15,0,Dindigul,Tamil Nadu
2015-10-08,1.73,15.580000000000007,40.25000000000001,130.04000000000002,7.61,0,Dindigul,Tamil Nadu
2015-10-09,0.46,9.800000000000008,28.720000000000002,128.46,7.61,0,Dindigul,Tamil Nadu
2015-10-10,2.32,4.510000000000007,29.87,129.84,2.32,0,Dindigul,Tamil Nadu
2015-10-11,5.63,8.410000000000007,34.14,135.01000000000002,5.63,0,Dindigul,Tamil Nadu
2015-10-12,14.93,22.880000000000006,38.92,111.69,14.93,0,Dindigul,Tamil Nadu
2015-10-13,0.16,20.720000000000006,32.839999999999996,104.01,14.93,0,Dindigul,Tamil Nadu
2015-10-14,0.61,15.700000000000006,25.84,71.09,14.93,0,Dindigul,Tamil Nadu
2015-10-15,0.1,0.8700000000000071,24.21,67.96,0.61,0,Dindigul,Tamil Nadu
2015-10-16,0.02,0.7300000000000071,23.77,64.47999999999999,0.61,0,Dindigul,Tamil Nadu
2015-10-17,0.04,0.1600000000000071,21.49,52.53,0.1,0,Dindigul,Tamil Nadu
2015-10-18,5.05,5.1100000000000065,20.91,56.41,5.05,0,Dindigul,Tamil Nadu
2015-10-19,3.95,9.040000000000006,9.93,59.0,5.05,0,Dindigul,Tamil Nadu
2015-10-20,0.92,9.920000000000007,10.69,49.77,5.05,0,Dindigul,Tamil Nadu
2015-10-21,0.17,5.040000000000007,10.25,43.7,3.95,0,Dindigul,Tamil Nadu
2015-10-22,0.05,1.1400000000000072,10.200000000000001,36.14,0.92,0,Dindigul,Tamil Nadu
2015-10-23,0.1,0.3200000000000071,10.28,34.51,0.17,0,Dindigul,Tamil Nadu
2015-10-24,1.73,1.880000000000007,11.97,35.78,1.73,0,Dindigul,Tamil Nadu
2015-10-25,0.49,2.320000000000007,7.41,33.95,1.73,0,Dindigul,Tamil Nadu
2015-10-26,0.04,2.260000000000007,3.5,28.36,1.73,0,Dindigul,Tamil Nadu
2015-10-27,1.01,1.5400000000000071,3.59,14.44,1.01,0,Dindigul,Tamil Nadu
2015-10-28,9.68,10.730000000000008,13.1,23.96,9.68,0,Dindigul,Tamil Nadu
2015-10-29,0.38,11.07000000000001,13.43,23.73,9.68,0,Dindigul,Tamil Nadu
2015-10-30,3.22,13.280000000000006,16.55,26.849999999999998,9.68,0,Dindigul,Tamil Nadu
2015-10-31,8.2,11.800000000000006,23.019999999999996,35.03,8.2,0,Dindigul,Tamil Nadu
2015-11-01,11.5,22.920000000000005,34.03,46.489999999999995,11.5,0,Dindigul,Tamil Nadu
2015-11-02,10.86,30.560000000000006,44.85,52.3,11.5,0,Dindigul,Tamil Nadu
2015-11-03,7.18,29.540000000000006,51.019999999999996,55.53,11.5,0,Dindigul,Tamil Nadu
2015-11-04,16.13,34.17,57.47,70.74,16.13,0,Dindigul,Tamil Nadu
2015-11-05,13.88,37.190000000000005,70.97,84.44999999999999,16.13,0,Dindigul,Tamil Nadu
2015-11-06,3.1,33.11000000000001,70.85,87.5,16.13,0,Dindigul,Tamil Nadu
2015-11-07,5.55,22.53000000000001,68.19999999999999,92.95,13.88,0,Dindigul,Tamil Nadu
2015-11-08,5.73,14.380000000000008,62.42999999999999,96.95,5.73,0,Dindigul,Tamil Nadu
2015-11-09,13.32,24.60000000000001,64.89,109.78,13.32,0,Dindigul,Tamil Nadu
2015-11-10,7.8,26.85000000000001,65.50999999999999,117.53999999999999,13.32,0,Dindigul,Tamil Nadu
2015-11-11,2.33,23.450000000000006,51.71,118.86,13.32,0,Dindigul,Tamil Nadu
2015-11-12,2.97,13.100000000000007,40.8,112.15,7.8,0,Dindigul,Tamil Nadu
2015-11-13,5.47,10.770000000000007,43.17,117.24000000000001,5.47,0,Dindigul,Tamil Nadu
2015-11-14,2.58,11.020000000000007,40.2,116.6,5.47,0,Dindigul,Tamil Nadu
2015-11-15,6.6,14.650000000000006,41.06999999999999,115.0,6.6,0,Dindigul,Tamil Nadu
2015-11-16,4.98,14.160000000000007,32.730000000000004,108.48,6.6,0,Dindigul,Tamil Nadu
2015-11-17,2.12,13.700000000000008,27.05,99.74000000000001,6.6,0,Dindigul,Tamil Nadu
2015-11-18,5.34,12.440000000000008,30.060000000000002,97.89999999999999,5.34,0,Dindigul,Tamil Nadu
2015-11-19,2.91,10.370000000000008,30.0,84.68,5.34,0,Dindigul,Tamil Nadu
2015-11-20,5.98,14.230000000000008,30.51,76.78,5.98,0,Dindigul,Tamil Nadu
2015-11-21,3.93,12.820000000000007,31.86,77.61,5.98,0,Dindigul,Tamil Nadu
2015-11-22,20.27,30.180000000000007,45.53,92.33,20.27,0,Dindigul,Tamil Nadu
2015-11-23,5.94,30.140000000000008,46.489999999999995,92.53999999999999,20.27,0,Dindigul,Tamil Nadu
2015-11-24,1.91,28.120000000000008,46.28,81.13000000000001,20.27,0,Dindigul,Tamil Nadu
2015-11-25,0.01,7.860000000000007,40.95,73.34,5.94,0,Dindigul,Tamil Nadu
2015-11-26,0.03,1.950000000000007,38.07,71.03999999999999,1.91,0,Dindigul,Tamil Nadu
2015-11-27,0.13,0.17000000000000712,32.220000000000006,68.2,0.13,0,Dindigul,Tamil Nadu
2015-11-28,0.12,0.28000000000000713,28.41,62.849999999999994,0.13,0,Dindigul,Tamil Nadu
2015-11-29,21.87,22.120000000000008,30.01,82.14,21.87,0,Dindigul,Tamil Nadu
2015-11-30,8.2,30.19000000000001,32.269999999999996,83.74000000000001,21.87,0,Dindigul,Tamil Nadu
2015-12-01,2.81,32.88000000000001,33.17,81.57000000000001,21.87,0,Dindigul,Tamil Nadu
2015-12-02,3.53,14.540000000000006,36.69,82.97999999999999,8.2,0,Dindigul,Tamil Nadu
2015-12-03,2.55,8.890000000000008,39.21,80.19000000000001,3.53,0,Dindigul,Tamil Nadu
2015-12-04,3.87,9.950000000000006,42.949999999999996,81.14999999999999,3.87,0,Dindigul,Tamil Nadu
2015-12-05,7.62,14.040000000000006,50.45,82.79,7.62,0,Dindigul,Tamil Nadu
2015-12-06,7.41,18.900000000000006,35.99,86.27,7.62,0,Dindigul,Tamil Nadu
2015-12-07,9.6,24.63000000000001,37.39,75.60000000000001,9.6,0,Dindigul,Tamil Nadu
2015-12-08,9.17,26.180000000000007,43.75,78.83000000000001,9.6,0,Dindigul,Tamil Nadu
2015-12-09,2.98,21.750000000000007,43.199999999999996,79.89999999999999,9.6,0,Dindigul,Tamil Nadu
2015-12-10,5.27,17.42000000000001,45.92,85.16000000000001,9.17,0,Dindigul,Tamil Nadu
2015-12-11,1.86,10.110000000000008,43.910000000000004,86.99000000000001,5.27,0,Dindigul,Tamil Nadu
2015-12-12,2.63,9.760000000000009,38.92,89.49,5.27,0,Dindigul,Tamil Nadu
2015-12-13,0.46,4.950000000000009,31.970000000000002,89.83,2.63,0,Dindigul,Tamil Nadu
2015-12-14,7.96,11.050000000000008,30.33,75.92,7.96,0,Dindigul,Tamil Nadu
2015-12-15,0.77,9.19000000000001,21.93,68.49,7.96,0,Dindigul,Tamil Nadu
2015-12-16,0.03,8.760000000000009,18.98,65.71,7.96,0,Dindigul,Tamil Nadu
2015-12-17,0.04,0.8400000000000089,13.75,62.22,0.77,0,Dindigul,Tamil Nadu
2015-12-18,2.72,2.790000000000009,14.610000000000001,62.39,2.72,0,Dindigul,Tamil Nadu
2015-12-19,3.18,5.940000000000009,15.16,61.7,3.18,0,Dindigul,Tamil Nadu
2015-12-20,0.88,6.780000000000009,15.58,54.96,3.18,0,Dindigul,Tamil Nadu
2015-12-21,0.02,4.08000000000001,7.640000000000001,47.57,3.18,0,Dindigul,Tamil Nadu
2015-12-22,0.0,0.9000000000000089,6.870000000000001,37.97,0.88,0,Dindigul,Tamil Nadu
2015-12-23,0.0,0.020000000000008882,6.840000000000001,28.8,0.02,0,Dindigul,Tamil Nadu
2015-12-24,0.0,0.0,6.800000000000001,25.82,0.0,0,Dindigul,Tamil Nadu
2015-12-25,0.0,0.0,4.08,20.549999999999997,0.0,0,Dindigul,Tamil Nadu
2015-12-26,0.0,0.0,0.9,18.689999999999998,0.0,0,Dindigul,Tamil Nadu
2015-12-27,0.69,0.6900000000000088,0.71,16.75,0.69,0,Dindigul,Tamil Nadu
2015-12-28,0.15,0.8400000000000089,0.84,16.439999999999998,0.69,0,Dindigul,Tamil Nadu
2015-12-29,0.08,0.9200000000000088,0.9199999999999999,8.56,0.69,0,Dindigul,Tamil Nadu
2015-12-30,0.0,0.23000000000000886,0.9199999999999999,7.790000000000001,0.15,0,Dindigul,Tamil Nadu
2015-12-31,0.0,0.08000000000000888,0.9199999999999999,7.760000000000001,0.08,0,Dindigul,Tamil Nadu
2016-01-01,0.0,0.0,0.9199999999999999,7.720000000000001,0.0,0,Dindigul,Tamil Nadu
2016-01-02,0.0,0.0,0.9199999999999999,5.0,0.0,0,Dindigul,Tamil Nadu
2016-01-03,0.0,0.0,0.22999999999999998,1.82,0.0,0,Dindigul,Tamil Nadu
2016-01-04,0.0,0.0,0.08,0.94,0.0,0,Dindigul,Tamil Nadu
2016-01-05,0.0,0.0,0.0,0.9199999999999999,0.0,0,Dindigul,Tamil Nadu
2016-01-06,0.0,0.0,0.0,0.9199999999999999,0.0,0,Dindigul,Tamil Nadu
2016-01-07,0.0,0.0,0.0,0.9199999999999999,0.0,0,Dindigul,Tamil Nadu
2016-01-08,0.0,0.0,0.0,0.9199999999999999,0.0,0,Dindigul,Tamil Nadu
2016-01-09,0.0,0.0,0.0,0.9199999999999999,0.0,0,Dindigul,Tamil Nadu
2016-01-10,0.0,0.0,0.0,0.9199999999999999,0.0,0,Dindigul,Tamil Nadu
2016-01-11,0.0,0.0,0.0,0.22999999999999998,0.0,0,Dindigul,Tamil Nadu
2016-01-12,0.0,0.0,0.0,0.08,0.0,0,Dindigul,Tamil Nadu
2016-01-13,0.0,0.0,0.0,0.0,0.0,0,Dindigul,Tamil Nadu
2016-01-14,0.0,0.0,0.0,0.0,0.0,0,Dindigul,Tamil Nadu
2016-01-15,0.0,0.0,0.0,0.0,0.0,0,Dindigul,Tamil Nadu
2016-01-16,0.0,0.0,0.0,0.0,0.0,0,Dindigul,Tamil Nadu
2016-01-17,0.0,0.0,0.0,0.0,0.0,0,Dindigul,Tamil Nadu
2016-01-18,0.0,0.0,0.0,0.0,0.0,0,Dindigul,Tamil Nadu
2016-01-19,0.0,0.0,0.0,0.0,0.0,0,Dindigul,Tamil Nadu
2016-01-20,0.21,0.21000000000000887,0.21,0.21,0.21,0,Dindigul,Tamil Nadu
2016-01-21,0.46,0.6700000000000089,0.67,0.67,0.46,0,Dindigul,Tamil Nadu
2016-01-22,0.17,0.8400000000000089,0.84,0.84,0.46,0,Dindigul,Tamil Nadu
2016-01-23,0.05,0.6800000000000089,0.89,0.89,0.46,0,Dindigul,Tamil Nadu
2016-01-24,0.02,0.24000000000000885,0.91,0.91,0.17,0,Dindigul,Tamil Nadu
2016-01-25,0.0,0.07000000000000883,0.91,0.91,0.05,0,Dindigul,Tamil Nadu
2016-01-26,0.0,0.020000000000008827,0.91,0.91,0.02,0,Dindigul,Tamil Nadu
2016-01-27,0.0,0.0,0.7000000000000001,0.91,0.0,0,Dindigul,Tamil Nadu
2016-01-28,0.0,0.0,0.23999999999999996,0.91,0.0,0,Dindigul,Tamil Nadu
2016-01-29,0.0,0.0,0.06999999999999995,0.91,0.0,0,Dindigul,Tamil Nadu
2016-01-30,0.0,0.0,0.019999999999999945,0.91,0.0,0,Dindigul,Tamil Nadu
2016-01-31,0.0,0.0,0.0,0.91,0.0,0,Dindigul,Tamil Nadu
2016-02-01,0.0,0.0,0.0,0.91,0.0,0,Dindigul,Tamil Nadu
2016-02-02,0.0,0.0,0.0,0.91,0.0,0,Dindigul,Tamil Nadu
2016-02-03,0.0,0.0,0.0,0.91,0.0,0,Dindigul,Tamil Nadu
2016-02-04,0.0,0.0,0.0,0.7000000000000001,0.0,0,Dindigul,Tamil Nadu
2016-02-05,0.0,0.0,0.0,0.23999999999999996,0.0,0,Dindigul,Tamil Nadu
2016-02-06,0.0,0.0,0.0,0.06999999999999995,0.0,0,Dindigul,Tamil Nadu
2016-02-07,0.03,0.030000000000008825,0.029999999999999943,0.04999999999999995,0.03,0,Dindigul,Tamil Nadu
2016-02-08,0.02,0.05000000000000883,0.04999999999999995,0.04999999999999995,0.03,0,Dindigul,Tamil Nadu
2016-02-09,0.01,0.060000000000008824,0.05999999999999994,0.05999999999999994,0.03,0,Dindigul,Tamil Nadu
2016-02-10,0.02,0.05000000000000883,0.07999999999999995,0.07999999999999995,0.02,0,Dindigul,Tamil Nadu
2016-02-11,0.1,0.13000000000000883,0.17999999999999994,0.17999999999999994,0.1,0,Dindigul,Tamil Nadu
2016-02-12,0.0,0.12000000000000884,0.17999999999999994,0.17999999999999994,0.1,0,Dindigul,Tamil Nadu
2016-02-13,0.0,0.10000000000000883,0.17999999999999994,0.17999999999999994,0.1,0,Dindigul,Tamil Nadu
2016-02-14,0.0,0.0,0.14999999999999997,0.17999999999999994,0.0,0,Dindigul,Tamil Nadu
2016-02-15,0.0,0.0,0.12999999999999995,0.17999999999999994,0.0,0,Dindigul,Tamil Nadu
2016-02-16,0.0,0.0,0.11999999999999995,0.17999999999999994,0.0,0,Dindigul,Tamil Nadu
2016-02-17,0.0,0.0,0.09999999999999995,0.17999999999999994,0.0,0,Dindigul,Tamil Nadu
2016-02-18,0.0,0.0,0.0,0.17999999999999994,0.0,0,Dindigul,Tamil Nadu
2016-02-19,0.0,0.0,0.0,0.17999999999999994,0.0,0,Dindigul,Tamil Nadu
2016-02-20,0.01,0.010000000000008826,0.009999999999999945,0.18999999999999995,0.01,0,Dindigul,Tamil Nadu
2016-02-21,0.24,0.2500000000000088,0.24999999999999994,0.42999999999999994,0.24,0,Dindigul,Tamil Nadu
2016-02-22,0.13,0.38000000000000883,0.37999999999999995,0.5299999999999999,0.24,0,Dindigul,Tamil Nadu
2016-02-23,0.0,0.3700000000000088,0.37999999999999995,0.5099999999999999,0.24,0,Dindigul,Tamil Nadu
2016-02-24,0.0,0.13000000000000883,0.37999999999999995,0.49999999999999994,0.13,0,Dindigul,Tamil Nadu
2016-02-25,0.0,0.0,0.37999999999999995,0.4799999999999999,0.0,0,Dindigul,Tamil Nadu
2016-02-26,0.01,0.010000000000008826,0.38999999999999996,0.38999999999999996,0.01,0,Dindigul,Tamil Nadu
2016-02-27,0.0,0.010000000000008826,0.37999999999999995,0.38999999999999996,0.01,0,Dindigul,Tamil Nadu
2016-02-28,0.2,0.21000000000000885,0.33999999999999997,0.59,0.2,0,Dindigul,Tamil Nadu
2016-02-29,0.1,0.3000000000000088,0.30999999999999994,0.69,0.2,0,Dindigul,Tamil Nadu
2016-03-01,0.04,0.34000000000000885,0.35,0.73,0.2,0,Dindigul,Tamil Nadu
2016-03-02,0.0,0.14000000000000884,0.35,0.73,0.1,0,Dindigul,Tamil Nadu
2016-03-03,0.0,0.04000000000000883,0.35,0.73,0.04,0,Dindigul,Tamil Nadu
2016-03-04,0.0,0.0,0.33999999999999997,0.73,0.0,0,Dindigul,Tamil Nadu
2016-03-05,0.0,0.0,0.33999999999999997,0.73,0.0,0,Dindigul,Tamil Nadu
2016-03-06,0.0,0.0,0.13999999999999996,0.72,0.0,0,Dindigul,Tamil Nadu
2016-03-07,0.0,0.0,0.039999999999999945,0.48,0.0,0,Dindigul,Tamil Nadu
2016-03-08,0.0,0.0,0.0,0.35,0.0,0,Dindigul,Tamil Nadu
2016-03-09,0.0,0.0,0.0,0.35,0.0,0,Dindigul,Tamil Nadu
2016-03-10,0.0,0.0,0.0,0.35,0.0,0,Dindigul,Tamil Nadu
2016-03-11,0.01,0.010000000000008826,0.009999999999999945,0.36,0.01,0,Dindigul,Tamil Nadu
2016-03-12,0.04,0.05000000000000883,0.04999999999999995,0.38999999999999996,0.04,0,Dindigul,Tamil Nadu
2016-03-13,0.15,0.20000000000000884,0.19999999999999996,0.5399999999999999,0.15,0,Dindigul,Tamil Nadu
2016-03-14,0.02,0.2100000000000088,0.21999999999999992,0.35999999999999993,0.15,0,Dindigul,Tamil Nadu
2016-03-15,0.07,0.24000000000000882,0.2899999999999999,0.3299999999999999,0.15,0,Dindigul,Tamil Nadu
2016-03-16,0.78,0.8700000000000088,1.0699999999999998,1.0699999999999998,0.78,0,Dindigul,Tamil Nadu
2016-03-17,0.22,1.0700000000000087,1.29,1.29,0.78,0,Dindigul,Tamil Nadu
2016-03-18,0.0,1.0000000000000087,1.28,1.29,0.78,0,Dindigul,Tamil Nadu
2016-03-19,0.0,0.22000000000000877,1.24,1.29,0.22,0,Dindigul,Tamil Nadu
2016-03-20,0.0,0.0,1.09,1.29,0.0,0,Dindigul,Tamil Nadu
2016-03-21,0.0,0.0,1.07,1.29,0.0,0,Dindigul,Tamil Nadu
2016-03-22,0.2,0.20000000000000878,1.2,1.49,0.2,0,Dindigul,Tamil Nadu
2016-03-23,0.08,0.2800000000000088,0.4999999999999999,1.57,0.2,0,Dindigul,Tamil Nadu
2016-03-24,0.0,0.2800000000000088,0.2799999999999999,1.57,0.2,0,Dindigul,Tamil Nadu
2016-03-25,0.02,0.10000000000000878,0.29999999999999993,1.5899999999999999,0.08,0,Dindigul,Tamil Nadu
2016-03-26,0.0,0.02000000000000877,0.29999999999999993,1.5799999999999998,0.02,0,Dindigul,Tamil Nadu
2016-03-27,0.0,0.02000000000000877,0.29999999999999993,1.5399999999999998,0.02,0,Dindigul,Tamil Nadu
2016-03-28,0.32,0.3200000000000088,0.6199999999999999,1.71,0.32,0,Dindigul,Tamil Nadu
2016-03-29,0.36,0.6800000000000088,0.7799999999999998,2.05,0.36,0,Dindigul,Tamil Nadu
2016-03-30,0.74,1.4200000000000088,1.44,2.7199999999999998,0.74,0,Dindigul,Tamil Nadu
2016-03-31,0.0,1.1000000000000087,1.44,1.94,0.74,0,Dindigul,Tamil Nadu
2016-04-01,0.01,0.7500000000000089,1.4299999999999997,1.73,0.74,0,Dindigul,Tamil Nadu
2016-04-02,0.0,0.010000000000008882,1.4299999999999997,1.73,0.01,0,Dindigul,Tamil Nadu
2016-04-03,0.0,0.010000000000008882,1.4299999999999997,1.73,0.01,0,Dindigul,Tamil Nadu
2016-04-04,0.0,0.0,1.1099999999999997,1.73,0.0,0,Dindigul,Tamil Nadu
2016-04-05,0.0,0.0,0.7499999999999999,1.73,0.0,0,Dindigul,Tamil Nadu
2016-04-06,0.05,0.050000000000008885,0.059999999999999894,1.58,0.05,0,Dindigul,Tamil Nadu
2016-04-07,0.35,0.40000000000000885,0.40999999999999986,1.8499999999999999,0.35,0,Dindigul,Tamil Nadu
2016-04-08,1.08,1.4800000000000089,1.48,2.9299999999999997,1.08,0,Dindigul,Tamil Nadu
2016-04-09,13.04,14.470000000000008,14.52,15.95,13.04,0,Dindigul,Tamil Nadu
2016-04-10,3.58,17.70000000000001,18.1,19.53,13.04,0,Dindigul,Tamil Nadu
2016-04-11,0.2,16.820000000000007,18.3,19.73,13.04,0,Dindigul,Tamil Nadu
2016-04-12,0.0,3.780000000000009,18.3,19.41,3.58,0,Dindigul,Tamil Nadu
2016-04-13,0.0,0.2000000000000089,18.25,19.05,0.2,0,Dindigul,Tamil Nadu
2016-04-14,0.34,0.3400000000000089,18.240000000000002,18.650000000000002,0.34,0,Dindigul,Tamil Nadu
2016-04-15,0.2,0.5400000000000089,17.36,18.849999999999998,0.34,0,Dindigul,Tamil Nadu
2016-04-16,0.01,0.5500000000000089,4.33,18.85,0.34,0,Dindigul,Tamil Nadu
2016-04-17,0.0,0.2100000000000089,0.75,18.85,0.2,0,Dindigul,Tamil Nadu
2016-04-18,0.0,0.010000000000008882,0.55,18.85,0.01,0,Dindigul,Tamil Nadu
2016-04-19,0.3,0.30000000000000887,0.8500000000000001,19.15,0.3,0,Dindigul,Tamil Nadu
2016-04-20,0.96,1.260000000000009,1.81,20.11,0.96,0,Dindigul,Tamil Nadu
2016-04-21,0.3,1.560000000000009,1.77,20.36,0.96,0,Dindigul,Tamil Nadu
2016-04-22,0.18,1.4400000000000088,1.75,20.19,0.96,0,Dindigul,Tamil Nadu
2016-04-23,0.23,0.7100000000000088,1.97,19.34,0.3,0,Dindigul,Tamil Nadu
2016-04-24,0.09,0.5000000000000089,2.06,6.39,0.23,0,Dindigul,Tamil Nadu
2016-04-25,0.01,0.3300000000000089,2.07,2.82,0.23,0,Dindigul,Tamil Nadu
2016-04-26,0.06,0.16000000000000889,1.8299999999999998,2.6799999999999997,0.09,0,Dindigul,Tamil Nadu
2016-04-27,0.09,0.16000000000000889,0.96,2.77,0.09,0,Dindigul,Tamil Nadu
2016-04-28,0.02,0.17000000000000887,0.6799999999999999,2.79,0.09,0,Dindigul,Tamil Nadu
2016-04-29,0.01,0.12000000000000888,0.51,2.46,0.09,0,Dindigul,Tamil Nadu
2016-04-30,0.01,0.04000000000000888,0.29000000000000004,2.2699999999999996,0.02,0,Dindigul,Tamil Nadu
2016-05-01,0.0,0.020000000000008882,0.2,2.26,0.01,0,Dindigul,Tamil Nadu
2016-05-02,0.0,0.010000000000008882,0.19,2.26,0.01,0,Dindigul,Tamil Nadu
2016-05-03,0.03,0.03000000000000888,0.16,2.29,0.03,0,Dindigul,Tamil Nadu
2016-05-04,0.01,0.04000000000000888,0.08,2.0,0.03,0,Dindigul,Tamil Nadu
2016-05-05,0.36,0.40000000000000885,0.42,1.4,0.36,0,Dindigul,Tamil Nadu
2016-05-06,6.05,6.420000000000009,6.46,7.1499999999999995,6.05,0,Dindigul,Tamil Nadu
2016-05-07,9.71,16.12000000000001,16.16,16.68,9.71,0,Dindigul,Tamil Nadu
2016-05-08,3.8,19.56000000000001,19.96,20.25,9.71,0,Dindigul,Tamil Nadu
2016-05-09,0.78,14.29000000000001,20.74,20.939999999999998,9.71,0,Dindigul,Tamil Nadu
2016-05-10,1.95,6.530000000000008,22.66,22.88,3.8,0,Dindigul,Tamil Nadu
2016-05-11,7.4,10.13000000000001,30.05,30.22,7.4,0,Dindigul,Tamil Nadu
2016-05-12,0.26,9.61000000000001,29.950000000000003,30.39,7.4,0,Dindigul,Tamil Nadu
2016-05-13,0.28,7.940000000000008,24.18,30.65,7.4,0,Dindigul,Tamil Nadu
2016-05-14,4.02,4.560000000000008,18.49,34.66,4.02,0,Dindigul,Tamil Nadu
2016-05-15,8.05,12.350000000000009,22.74,42.7,8.05,0,Dindigul,Tamil Nadu
2016-05-16,18.64,30.710000000000008,40.6,61.34,18.64,0,Dindigul,Tamil Nadu
2016-05-17,9.03,35.720000000000006,47.68,70.37,18.64,0,Dindigul,Tamil Nadu
2016-05-18,2.25,29.92000000000001,42.53,72.59,18.64,0,Dindigul,Tamil Nadu
2016-05-19,5.87,17.150000000000006,48.14,78.44999999999999,9.03,0,Dindigul,Tamil Nadu
2016-05-20,0.47,8.590000000000007,48.33,78.55999999999999,5.87,0,Dindigul,Tamil Nadu
2016-05-21,0.0,6.340000000000007,44.309999999999995,72.50999999999999,5.87,0,Dindigul,Tamil Nadu
2016-05-22,0.0,0.4700000000000071,36.26,62.800000000000004,0.47,0,Dindigul,Tamil Nadu
2016-05-23,0.0,0.0,17.62,59.0,0.0,0,Dindigul,Tamil Nadu
2016-05-24,0.01,0.010000000000007106,8.6,58.23,0.01,0,Dindigul,Tamil Nadu
2016-05-25,1.52,1.5300000000000071,7.87,57.800000000000004,1.52,0,Dindigul,Tamil Nadu
2016-05-26,0.17,1.700000000000007,2.17,50.57,1.52,0,Dindigul,Tamil Nadu
2016-05-27,2.12,3.810000000000007,3.8200000000000003,52.43,2.12,0,Dindigul,Tamil Nadu
2016-05-28,3.51,5.800000000000007,7.33,55.66,3.51,0,Dindigul,Tamil Nadu
2016-05-29,1.12,6.750000000000007,8.45,52.76,3.51,0,Dindigul,Tamil Nadu
2016-05-30,5.31,9.940000000000007,13.76,50.019999999999996,5.31,0,Dindigul,Tamil Nadu
2016-05-31,4.52,10.950000000000006,18.27,35.9,5.31,0,Dindigul,Tamil Nadu
2016-06-01,1.46,11.290000000000006,18.21,28.33,5.31,1,Dindigul,Tamil Nadu
2016-06-02,2.41,8.390000000000008,20.45,28.49,4.52,1,Dindigul,Tamil Nadu
2016-06-03,0.48,4.350000000000007,18.81,23.1,2.41,1,Dindigul,Tamil Nadu
2016-06-04,1.04,3.9300000000000073,16.34,23.669999999999998,2.41,1,Dindigul,Tamil Nadu
2016-06-05,1.21,2.730000000000007,16.43,24.88,1.21,1,Dindigul,Tamil Nadu
2016-06-06,0.17,2.420000000000007,11.29,25.049999999999997,1.21,1,Dindigul,Tamil Nadu
2016-06-07,2.85,4.2300000000000075,9.620000000000001,27.9,2.85,1,Dindigul,Tamil Nadu
2016-06-08,1.22,4.240000000000007,9.379999999999999,29.11,2.85,1,Dindigul,Tamil Nadu
2016-06-09,0.93,5.000000000000007,7.9,28.52,2.85,1,Dindigul,Tamil Nadu
2016-06-10,0.25,2.400000000000007,7.67,28.599999999999998,1.22,1,Dindigul,Tamil Nadu
2016-06-11,1.63,2.8100000000000067,8.26,28.109999999999996,1.63,1,Dindigul,Tamil Nadu
2016-06-12,0.04,1.9200000000000068,7.089999999999999,24.64,1.63,1,Dindigul,Tamil Nadu
2016-06-13,0.03,1.700000000000007,6.949999999999999,23.549999999999997,1.63,1,Dindigul,Tamil Nadu
2016-06-14,0.0,0.07000000000000711,4.1,18.24,0.04,1,Dindigul,Tamil Nadu
2016-06-15,0.01,0.040000000000007106,2.89,13.73,0.03,1,Dindigul,Tamil Nadu
2016-06-16,0.08,0.0900000000000071,2.04,12.35,0.08,1,Dindigul,Tamil Nadu
2016-06-17,1.48,1.5700000000000072,3.2699999999999996,11.42,1.48,1,Dindigul,Tamil Nadu
2016-06-18,1.91,3.470000000000007,3.55,12.85,1.91,1,Dindigul,Tamil Nadu
2016-06-19,2.28,5.670000000000007,5.789999999999999,14.09,2.28,1,Dindigul,Tamil Nadu
2016-06-20,0.2,4.390000000000007,5.959999999999999,13.08,2.28,1,Dindigul,Tamil Nadu
2016-06-21,0.29,2.7700000000000076,6.249999999999999,13.2,2.28,1,Dindigul,Tamil Nadu
2016-06-22,0.85,1.340000000000007,7.09,11.2,0.85,1,Dindigul,Tamil Nadu
2016-06-23,2.93,4.070000000000007,9.94,12.91,2.93,1,Dindigul,Tamil Nadu
2016-06-24,0.07,3.8500000000000068,8.53,12.05,2.93,1,Dindigul,Tamil Nadu
2016-06-25,0.03,3.030000000000007,6.6499999999999995,11.83,2.93,1,Dindigul,Tamil Nadu
2016-06-26,0.35,0.4500000000000066,4.72,10.549999999999999,0.35,1,Dindigul,Tamil Nadu
2016-06-27,0.82,1.2000000000000066,5.34,11.33,0.82,1,Dindigul,Tamil Nadu
2016-06-28,0.56,1.7300000000000066,5.61,11.86,0.82,1,Dindigul,Tamil Nadu
2016-06-29,1.62,3.0000000000000067,6.38,13.479999999999999,1.62,1,Dindigul,Tamil Nadu
2016-06-30,0.06,2.240000000000007,3.5100000000000002,13.53,1.62,1,Dindigul,Tamil Nadu
2016-07-01,0.04,1.7200000000000069,3.4800000000000004,13.489999999999998,1.62,1,Dindigul,Tamil Nadu
2016-07-02,0.02,0.12000000000000666,3.47,12.030000000000001,0.06,1,Dindigul,Tamil Nadu
2016-07-03,0.12,0.18000000000000665,3.24,10.24,0.12,1,Dindigul,Tamil Nadu
2016-07-04,0.31,0.4500000000000066,2.73,8.27,0.31,1,Dindigul,Tamil Nadu
2016-07-05,0.07,0.5000000000000067,2.24,8.14,0.31,1,Dindigul,Tamil Nadu
2016-07-06,1.14,1.5200000000000067,1.7599999999999998,8.99,1.14,1,Dindigul,Tamil Nadu
2016-07-07,0.15,1.3600000000000063,1.8499999999999996,8.290000000000001,1.14,1,Dindigul,Tamil Nadu
2016-07-08,0.72,2.0100000000000064,2.53,6.08,1.14,1,Dindigul,Tamil Nadu
2016-07-09,0.53,1.4000000000000066,3.0399999999999996,6.54,0.72,1,Dindigul,Tamil Nadu
2016-07-10,0.26,1.510000000000007,3.18,6.77,0.72,1,Dindigul,Tamil Nadu
2016-07-11,0.38,1.1700000000000066,3.25,6.800000000000001,0.53,1,Dindigul,Tamil Nadu
2016-07-12,0.1,0.7400000000000067,3.28,6.08,0.38,1,Dindigul,Tamil Nadu
2016-07-13,0.05,0.5300000000000067,2.19,5.57,0.38,1,Dindigul,Tamil Nadu
2016-07-14,1.9,2.0500000000000065,3.94,5.85,1.9,1,Dindigul,Tamil Nadu
2016-07-15,5.24,7.190000000000007,8.46,11.030000000000001,5.24,1,Dindigul,Tamil Nadu
2016-07-16,8.95,16.090000000000007,16.88,19.939999999999998,8.95,1,Dindigul,Tamil Nadu
2016-07-17,8.71,22.900000000000006,25.330000000000002,28.630000000000003,8.95,1,Dindigul,Tamil Nadu
2016-07-18,4.38,22.040000000000006,29.33,32.89,8.95,1,Dindigul,Tamil Nadu
2016-07-19,0.34,13.430000000000009,29.57,32.919999999999995,8.71,1,Dindigul,Tamil Nadu
2016-07-20,0.11,4.830000000000007,29.63,32.96,4.38,1,Dindigul,Tamil Nadu
2016-07-21,0.21,0.6600000000000071,27.939999999999998,32.03,0.34,1,Dindigul,Tamil Nadu
2016-07-22,0.11,0.4300000000000071,22.81,31.990000000000002,0.21,1,Dindigul,Tamil Nadu
2016-07-23,0.3,0.6200000000000071,14.16,31.570000000000004,0.3,1,Dindigul,Tamil Nadu
2016-07-24,4.31,4.720000000000007,9.76,35.35,4.31,1,Dindigul,Tamil Nadu
2016-07-25,27.75,32.36000000000001,33.13,62.84,27.75,1,Dindigul,Tamil Nadu
2016-07-26,24.98,57.040000000000006,57.769999999999996,87.44,27.75,1,Dindigul,Tamil Nadu
2016-07-27,9.84,62.57000000000001,67.5,97.18,27.75,1,Dindigul,Tamil Nadu
2016-07-28,5.12,39.940000000000005,72.41,102.25,24.98,1,Dindigul,Tamil Nadu
2016-07-29,0.65,15.610000000000007,72.95,101.0,9.84,1,Dindigul,Tamil Nadu
2016-07-30,1.17,6.940000000000007,73.82000000000001,96.92999999999999,5.12,1,Dindigul,Tamil Nadu
2016-07-31,0.14,1.960000000000007,69.65,88.12,1.17,1,Dindigul,Tamil Nadu
2016-08-01,0.12,1.430000000000007,42.02,79.53,1.17,1,Dindigul,Tamil Nadu
2016-08-02,0.01,0.2700000000000071,17.05,75.16,0.14,1,Dindigul,Tamil Nadu
2016-08-03,0.01,0.1400000000000071,7.22,74.83,0.12,1,Dindigul,Tamil Nadu
2016-08-04,0.04,0.0600000000000071,2.1399999999999997,74.76,0.04,1,Dindigul,Tamil Nadu
2016-08-05,0.12,0.1700000000000071,1.6099999999999999,74.67,0.12,1,Dindigul,Tamil Nadu
2016-08-06,0.04,0.2000000000000071,0.48,74.60000000000001,0.12,1,Dindigul,Tamil Nadu
2016-08-07,0.05,0.21000000000000707,0.39,74.35,0.12,1,Dindigul,Tamil Nadu
2016-08-08,0.04,0.1300000000000071,0.31,70.08000000000001,0.05,1,Dindigul,Tamil Nadu
2016-08-09,0.72,0.810000000000007,1.02,43.05,0.72,1,Dindigul,Tamil Nadu
2016-08-10,0.06,0.820000000000007,1.07,18.13,0.72,1,Dindigul,Tamil Nadu
2016-08-11,0.02,0.800000000000007,1.05,8.31,0.72,1,Dindigul,Tamil Nadu
2016-08-12,0.37,0.4500000000000071,1.3,3.56,0.37,1,Dindigul,Tamil Nadu
2016-08-13,0.75,1.1400000000000072,2.01,3.66,0.75,1,Dindigul,Tamil Nadu
2016-08-14,0.14,1.2600000000000071,2.1,2.63,0.75,1,Dindigul,Tamil Nadu
2016-08-15,0.67,1.5600000000000072,2.73,3.16,0.75,1,Dindigul,Tamil Nadu
2016-08-16,0.15,0.9600000000000072,2.1599999999999997,3.19,0.67,1,Dindigul,Tamil Nadu
2016-08-17,0.13,0.9500000000000072,2.23,3.31,0.67,1,Dindigul,Tamil Nadu
2016-08-18,0.03,0.3100000000000071,2.24,3.33,0.15,1,Dindigul,Tamil Nadu
2016-08-19,0.14,0.30000000000000715,2.0100000000000002,3.43,0.14,1,Dindigul,Tamil Nadu
2016-08-20,0.29,0.46000000000000707,1.55,3.6,0.29,1,Dindigul,Tamil Nadu
2016-08-21,2.1,2.5300000000000074,3.5100000000000002,5.66,2.1,1,Dindigul,Tamil Nadu
2016-08-22,0.45,2.840000000000007,3.29,6.0600000000000005,2.1,1,Dindigul,Tamil Nadu
2016-08-23,3.28,5.830000000000007,6.42,9.3,3.28,1,Dindigul,Tamil Nadu
2016-08-24,0.29,4.020000000000007,6.58,8.87,3.28,1,Dindigul,Tamil Nadu
2016-08-25,0.22,3.7900000000000067,6.77,9.030000000000001,3.28,1,Dindigul,Tamil Nadu
2016-08-26,10.65,11.160000000000007,17.28,19.66,10.65,1,Dindigul,Tamil Nadu
2016-08-27,8.68,19.550000000000008,25.67,27.97,10.65,1,Dindigul,Tamil Nadu
2016-08-28,2.53,21.860000000000007,26.099999999999998,29.75,10.65,1,Dindigul,Tamil Nadu
2016-08-29,1.28,12.490000000000007,26.93,30.89,8.68,1,Dindigul,Tamil Nadu
2016-08-30,9.53,13.340000000000007,33.18,39.75,9.53,1,Dindigul,Tamil Nadu
2016-08-31,6.84,17.650000000000006,39.73,46.44,9.53,1,Dindigul,Tamil Nadu
2016-09-01,5.51,21.880000000000006,45.019999999999996,51.82,9.53,1,Dindigul,Tamil Nadu
2016-09-02,0.74,13.090000000000007,35.10999999999999,52.529999999999994,6.84,1,Dindigul,Tamil Nadu
2016-09-03,0.29,6.540000000000007,26.72,52.68,5.51,1,Dindigul,Tamil Nadu
2016-09-04,0.1,1.130000000000007,24.289999999999996,52.489999999999995,0.74,1,Dindigul,Tamil Nadu
2016-09-05,0.0,0.3900000000000071,23.009999999999998,50.39,0.29,1,Dindigul,Tamil Nadu
2016-09-06,0.1,0.20000000000000712,13.579999999999998,50.04,0.1,1,Dindigul,Tamil Nadu
2016-09-07,0.01,0.1100000000000071,6.749999999999998,46.769999999999996,0.1,1,Dindigul,Tamil Nadu
2016-09-08,0.0,0.1100000000000071,1.2399999999999982,46.48,0.1,1,Dindigul,Tamil Nadu
2016-09-09,0.67,0.6800000000000072,1.1699999999999982,46.93,0.67,1,Dindigul,Tamil Nadu
2016-09-10,1.79,2.460000000000007,2.669999999999998,38.07,1.79,1,Dindigul,Tamil Nadu
2016-09-11,0.03,2.490000000000007,2.599999999999998,29.419999999999998,1.79,1,Dindigul,Tamil Nadu
2016-09-12,0.1,1.920000000000007,2.699999999999998,26.99,1.79,1,Dindigul,Tamil Nadu
2016-09-13,0.26,0.3900000000000071,2.859999999999998,25.970000000000002,0.26,1,Dindigul,Tamil Nadu
2016-09-14,0.21,0.5700000000000071,3.0599999999999983,16.65,0.26,1,Dindigul,Tamil Nadu
2016-09-15,0.22,0.690000000000007,3.279999999999998,10.03,0.26,1,Dindigul,Tamil Nadu
2016-09-16,0.15,0.5800000000000071,2.7599999999999985,4.67,0.22,1,Dindigul,Tamil Nadu
2016-09-17,0.01,0.3800000000000071,0.9799999999999982,3.94,0.22,1,Dindigul,Tamil Nadu
2016-09-18,0.06,0.2200000000000071,1.0099999999999982,3.7100000000000004,0.15,1,Dindigul,Tamil Nadu
2016-09-19,0.13,0.20000000000000712,1.0399999999999983,3.74,0.13,1,Dindigul,Tamil Nadu
2016-09-20,1.28,1.470000000000007,2.0599999999999983,5.0200000000000005,1.28,1,Dindigul,Tamil Nadu
2016-09-21,0.22,1.630000000000007,2.0699999999999985,5.14,1.28,1,Dindigul,Tamil Nadu
2016-09-22,0.0,1.500000000000007,1.8499999999999983,5.13,1.28,1,Dindigul,Tamil Nadu
2016-09-23,0.04,0.2600000000000071,1.7399999999999982,5.17,0.22,1,Dindigul,Tamil Nadu
2016-09-24,0.13,0.17000000000000712,1.859999999999998,4.63,0.13,1,Dindigul,Tamil Nadu
2016-09-25,0.09,0.2600000000000071,1.8899999999999983,2.93,0.13,1,Dindigul,Tamil Nadu
2016-09-26,0.41,0.6300000000000071,2.169999999999998,3.31,0.41,1,Dindigul,Tamil Nadu
2016-09-27,0.65,1.150000000000007,1.5399999999999983,3.8600000000000003,0.65,1,Dindigul,Tamil Nadu
2016-09-28,4.53,5.590000000000007,5.849999999999999,8.13,4.53,1,Dindigul,Tamil Nadu
2016-09-29,2.44,7.620000000000006,8.29,10.36,4.53,1,Dindigul,Tamil Nadu
2016-09-30,0.35,7.320000000000007,8.6,10.489999999999998,4.53,1,Dindigul,Tamil Nadu
2016-10-01,0.0,2.790000000000007,8.469999999999999,10.34,2.44,0,Dindigul,Tamil Nadu
2016-10-02,0.0,0.3500000000000071,8.379999999999999,10.329999999999998,0.35,0,Dindigul,Tamil Nadu
2016-10-03,0.0,0.0,7.969999999999999,10.27,0.0,0,Dindigul,Tamil Nadu
2016-10-04,0.55,0.5500000000000071,7.869999999999998,10.69,0.55,0,Dindigul,Tamil Nadu
2016-10-05,6.99,7.540000000000007,10.329999999999998,16.4,6.99,0,Dindigul,Tamil Nadu
2016-10-06,2.12,9.660000000000007,10.009999999999998,18.3,6.99,0,Dindigul,Tamil Nadu
2016-10-07,0.05,9.160000000000007,9.709999999999999,18.35,6.99,0,Dindigul,Tamil Nadu
2016-10-08,0.01,2.1800000000000073,9.719999999999999,18.32,2.12,0,Dindigul,Tamil Nadu
2016-10-09,0.01,0.07000000000000711,9.729999999999999,18.2,0.05,0,Dindigul,Tamil Nadu
2016-10-10,0.0,0.020000000000007106,9.729999999999999,18.11,0.01,0,Dindigul,Tamil Nadu
2016-10-11,0.56,0.5700000000000072,9.739999999999998,18.26,0.56,0,Dindigul,Tamil Nadu
2016-10-12,2.21,2.770000000000007,4.959999999999998,19.82,2.21,0,Dindigul,Tamil Nadu
2016-10-13,11.58,14.350000000000007,14.419999999999998,26.87,11.58,0,Dindigul,Tamil Nadu
2016-10-14,1.25,15.040000000000006,15.619999999999997,25.68,11.58,0,Dindigul,Tamil Nadu
2016-10-15,0.26,13.090000000000007,15.869999999999997,25.590000000000003,11.58,0,Dindigul,Tamil Nadu
2016-10-16,0.06,1.5700000000000072,15.919999999999998,25.650000000000002,1.25,0,Dindigul,Tamil Nadu
2016-10-17,0.01,0.3300000000000071,15.929999999999998,25.66,0.26,0,Dindigul,Tamil Nadu
2016-10-18,0.01,0.08000000000000711,15.379999999999997,25.67,0.06,0,Dindigul,Tamil Nadu
2016-10-19,0.3,0.3200000000000071,13.469999999999999,25.42,0.3,0,Dindigul,Tamil Nadu
2016-10-20,1.38,1.690000000000007,3.2699999999999982,19.81,1.38,0,Dindigul,Tamil Nadu
2016-10-21,4.67,6.350000000000007,6.689999999999998,22.36,4.67,0,Dindigul,Tamil Nadu
2016-10-22,2.74,8.790000000000006,9.169999999999998,25.05,4.67,0,Dindigul,Tamil Nadu
2016-10-23,2.45,9.860000000000007,11.559999999999999,27.49,4.67,0,Dindigul,Tamil Nadu
2016-10-24,0.32,5.510000000000008,11.869999999999997,27.8,2.74,0,Dindigul,Tamil Nadu
2016-10-25,0.09,2.8600000000000074,11.949999999999998,27.89,2.45,0,Dindigul,Tamil Nadu
2016-10-26,0.08,0.4900000000000071,11.729999999999997,27.41,0.32,0,Dindigul,Tamil Nadu
2016-10-27,0.03,0.20000000000000712,10.379999999999999,25.23,0.09,0,Dindigul,Tamil Nadu
2016-10-28,0.0,0.1100000000000071,5.709999999999998,13.65,0.08,0,Dindigul,Tamil Nadu
2016-10-29,0.57,0.6000000000000071,3.5399999999999983,12.97,0.57,0,Dindigul,Tamil Nadu
2016-10-30,3.59,4.160000000000007,4.679999999999998,16.3,3.59,0,Dindigul,Tamil Nadu
2016-10-31,16.07,20.230000000000008,20.43,32.31,16.07,0,Dindigul,Tamil Nadu
2016-11-01,0.09,19.750000000000007,20.43,32.39000000000001,16.07,0,Dindigul,Tamil Nadu
2016-11-02,5.38,21.540000000000006,25.73,37.76,16.07,0,Dindigul,Tamil Nadu
2016-11-03,2.29,7.760000000000007,27.990000000000002,39.75,5.38,0,Dindigul,Tamil Nadu
2016-11-04,0.83,8.500000000000007,28.82,39.199999999999996,5.38,0,Dindigul,Tamil Nadu
2016-11-05,0.02,3.1400000000000072,28.27,34.550000000000004,2.29,0,Dindigul,Tamil Nadu
2016-11-06,0.05,0.900000000000007,24.73,31.860000000000003,0.83,0,Dindigul,Tamil Nadu
2016-11-07,0.02,0.09000000000000712,8.68,29.43,0.05,0,Dindigul,Tamil Nadu
2016-11-08,0.17,0.24000000000000712,8.76,29.28,0.17,0,Dindigul,Tamil Nadu
2016-11-09,0.1,0.29000000000000714,3.48,29.29,0.17,0,Dindigul,Tamil Nadu
2016-11-10,0.0,0.2700000000000071,1.19,29.21,0.17,0,Dindigul,Tamil Nadu
2016-11-11,0.0,0.10000000000000711,0.36,29.18,0.1,0,Dindigul,Tamil Nadu
2016-11-12,0.02,0.020000000000007106,0.36,29.2,0.02,0,Dindigul,Tamil Nadu
2016-11-13,1.76,1.7800000000000071,2.07,30.39,1.76,0,Dindigul,Tamil Nadu
2016-11-14,2.11,3.890000000000007,4.16,28.91,2.11,0,Dindigul,Tamil Nadu
2016-11-15,1.84,5.710000000000007,5.83,14.68,2.11,0,Dindigul,Tamil Nadu
2016-11-16,0.58,4.530000000000007,6.3100000000000005,15.17,2.11,0,Dindigul,Tamil Nadu
2016-11-17,1.16,3.580000000000007,7.470000000000001,10.95,1.84,0,Dindigul,Tamil Nadu
2016-11-18,0.07,1.8100000000000072,7.540000000000001,8.73,1.16,0,Dindigul,Tamil Nadu
2016-11-19,0.41,1.640000000000007,7.93,8.31,1.16,0,Dindigul,Tamil Nadu
2016-11-20,0.1,0.5800000000000073,6.2700000000000005,8.39,0.41,0,Dindigul,Tamil Nadu
2016-11-21,0.03,0.5400000000000074,4.19,8.37,0.41,0,Dindigul,Tamil Nadu
2016-11-22,0.01,0.14000000000000734,2.3600000000000003,8.36,0.1,0,Dindigul,Tamil Nadu
2016-11-23,0.03,0.07000000000000733,1.81,8.22,0.03,0,Dindigul,Tamil Nadu
2016-11-24,0.01,0.05000000000000733,0.66,8.13,0.03,0,Dindigul,Tamil Nadu
2016-11-25,0.0,0.04000000000000733,0.5900000000000001,8.13,0.03,0,Dindigul,Tamil Nadu
2016-11-26,0.0,0.010000000000007328,0.18,8.13,0.01,0,Dindigul,Tamil Nadu
2016-11-27,0.0,0.0,0.08,8.11,0.0,0,Dindigul,Tamil Nadu
2016-11-28,0.0,0.0,0.05,6.3500000000000005,0.0,0,Dindigul,Tamil Nadu
2016-11-29,0.0,0.0,0.04,4.24,0.0,0,Dindigul,Tamil Nadu
2016-11-30,0.0,0.0,0.01,2.4000000000000004,0.0,0,Dindigul,Tamil Nadu
2016-12-01,2.55,2.550000000000007,2.55,4.37,2.55,0,Dindigul,Tamil Nadu
2016-12-02,28.27,30.820000000000007,30.82,31.48,28.27,0,Dindigul,Tamil Nadu
2016-12-03,8.41,39.230000000000004,39.230000000000004,39.82,28.27,0,Dindigul,Tamil Nadu
2016-12-04,1.97,38.65000000000001,41.2,41.38,28.27,0,Dindigul,Tamil Nadu
2016-12-05,0.19,10.570000000000007,41.39,41.47,8.41,0,Dindigul,Tamil Nadu
2016-12-06,0.17,2.330000000000007,41.56,41.61,1.97,0,Dindigul,Tamil Nadu
2016-12-07,0.0,0.3600000000000071,41.56,41.6,0.19,0,Dindigul,Tamil Nadu
2016-12-08,0.1,0.2700000000000071,39.11000000000001,41.67,0.17,0,Dindigul,Tamil Nadu
2016-12-09,0.02,0.12000000000000711,10.86,41.68000000000001,0.1,0,Dindigul,Tamil Nadu
2016-12-10,0.0,0.12000000000000711,2.45,41.68000000000001,0.1,0,Dindigul,Tamil Nadu
2016-12-11,0.0,0.020000000000007106,0.48000000000000004,41.68000000000001,0.02,0,Dindigul,Tamil Nadu
2016-12-12,0.51,0.5100000000000071,0.8,42.190000000000005,0.51,0,Dindigul,Tamil Nadu
2016-12-13,2.64,3.1500000000000075,3.27,44.830000000000005,2.64,0,Dindigul,Tamil Nadu
2016-12-14,1.72,4.870000000000007,4.99,46.550000000000004,2.64,0,Dindigul,Tamil Nadu
2016-12-15,0.4,4.760000000000007,5.29,46.95,2.64,0,Dindigul,Tamil Nadu
2016-12-16,0.09,2.2100000000000066,5.36,44.49,1.72,0,Dindigul,Tamil Nadu
2016-12-17,0.0,0.49000000000000665,5.36,16.22,0.4,0,Dindigul,Tamil Nadu
2016-12-18,0.0,0.09000000000000666,5.36,7.8100000000000005,0.09,0,Dindigul,Tamil Nadu
2016-12-19,0.02,0.020000000000006662,4.87,5.86,0.02,0,Dindigul,Tamil Nadu
2016-12-20,1.23,1.2500000000000067,3.46,6.9,1.23,0,Dindigul,Tamil Nadu
2016-12-21,0.21,1.4600000000000066,1.95,6.94,1.23,0,Dindigul,Tamil Nadu
2016-12-22,0.0,1.4400000000000066,1.5499999999999998,6.94,1.23,0,Dindigul,Tamil Nadu
2016-12-23,0.01,0.22000000000000666,1.47,6.8500000000000005,0.21,0,Dindigul,Tamil Nadu
2016-12-24,0.0,0.010000000000006662,1.47,6.83,0.01,0,Dindigul,Tamil Nadu
2016-12-25,0.0,0.010000000000006662,1.47,6.83,0.01,0,Dindigul,Tamil Nadu
2016-12-26,0.0,0.0,1.45,6.83,0.0,0,Dindigul,Tamil Nadu
2016-12-27,0.19,0.19000000000000666,0.41000000000000003,6.51,0.19,0,Dindigul,Tamil Nadu
2016-12-28,3.65,3.8400000000000065,3.85,7.52,3.65,0,Dindigul,Tamil Nadu
2016-12-29,0.3,4.140000000000007,4.15,6.1000000000000005,3.65,0,Dindigul,Tamil Nadu
2016-12-30,0.0,3.9500000000000064,4.140000000000001,5.7,3.65,0,Dindigul,Tamil Nadu
2016-12-31,0.0,0.30000000000000665,4.140000000000001,5.61,0.3,0,Dindigul,Tamil Nadu
2017-01-01,0.0,0.0,4.140000000000001,5.61,0.0,0,Dindigul,Tamil Nadu
2017-01-02,0.0,0.0,4.140000000000001,5.61,0.0,0,Dindigul,Tamil Nadu
2017-01-03,0.0,0.0,3.9499999999999997,5.59,0.0,0,Dindigul,Tamil Nadu
2017-01-04,0.0,0.0,0.3,4.36,0.0,0,Dindigul,Tamil Nadu
2017-01-05,0.0,0.0,0.0,4.15,0.0,0,Dindigul,Tamil Nadu
2017-01-06,0.0,0.0,0.0,4.15,0.0,0,Dindigul,Tamil Nadu
2017-01-07,0.0,0.0,0.0,4.140000000000001,0.0,0,Dindigul,Tamil Nadu
2017-01-08,0.0,0.0,0.0,4.140000000000001,0.0,0,Dindigul,Tamil Nadu
2017-01-09,0.0,0.0,0.0,4.140000000000001,0.0,0,Dindigul,Tamil Nadu
2017-01-10,0.0,0.0,0.0,4.140000000000001,0.0,0,Dindigul,Tamil Nadu
2017-01-11,0.0,0.0,0.0,3.9499999999999997,0.0,0,Dindigul,Tamil Nadu
2017-01-12,0.0,0.0,0.0,0.3,0.0,0,Dindigul,Tamil Nadu
2017-01-13,0.0,0.0,0.0,0.0,0.0,0,Dindigul,Tamil Nadu
2017-01-14,0.0,0.0,0.0,0.0,0.0,0,Dindigul,Tamil Nadu
2017-01-15,0.0,0.0,0.0,0.0,0.0,0,Dindigul,Tamil Nadu
2017-01-16,0.0,0.0,0.0,0.0,0.0,0,Dindigul,Tamil Nadu
2017-01-17,0.0,0.0,0.0,0.0,0.0,0,Dindigul,Tamil Nadu
2017-01-18,0.0,0.0,0.0,0.0,0.0,0,Dindigul,Tamil Nadu
2017-01-19,0.0,0.0,0.0,0.0,0.0,0,Dindigul,Tamil Nadu
2017-01-20,1.49,1.4900000000000067,1.49,1.49,1.49,0,Dindigul,Tamil Nadu
2017-01-21,17.09,18.580000000000005,18.58,18.58,17.09,0,Dindigul,Tamil Nadu
2017-01-22,3.26,21.840000000000003,21.839999999999996,21.839999999999996,17.09,0,Dindigul,Tamil Nadu
2017-01-23,0.0,20.35000000000001,21.839999999999996,21.839999999999996,17.09,0,Dindigul,Tamil Nadu
2017-01-24,0.0,3.260000000000007,21.839999999999996,21.839999999999996,3.26,0,Dindigul,Tamil Nadu
2017-01-25,0.18,0.1800000000000071,22.02,22.02,0.18,0,Dindigul,Tamil Nadu
2017-01-26,1.26,1.440000000000007,23.279999999999998,23.279999999999998,1.26,0,Dindigul,Tamil Nadu
2017-01-27,4.26,5.700000000000006,26.049999999999997,27.54,4.26,0,Dindigul,Tamil Nadu
2017-01-28,3.99,9.510000000000007,12.95,31.529999999999998,4.26,0,Dindigul,Tamil Nadu
2017-01-29,2.51,10.760000000000007,12.2,34.04,4.26,0,Dindigul,Tamil Nadu
2017-01-30,0.03,6.530000000000007,12.229999999999999,34.07,3.99,0,Dindigul,Tamil Nadu
2017-01-31,0.0,2.5400000000000067,12.229999999999999,34.07,2.51,0,Dindigul,Tamil Nadu
2017-02-01,0.0,0.030000000000007104,12.049999999999999,34.07,0.03,0,Dindigul,Tamil Nadu
2017-02-02,0.0,0.0,10.79,34.07,0.0,0,Dindigul,Tamil Nadu
2017-02-03,0.0,0.0,6.53,34.07,0.0,0,Dindigul,Tamil Nadu
2017-02-04,0.0,0.0,2.5399999999999996,32.58,0.0,0,Dindigul,Tamil Nadu
2017-02-05,0.0,0.0,0.03,15.489999999999998,0.0,0,Dindigul,Tamil Nadu
2017-02-06,0.0,0.0,0.0,12.229999999999999,0.0,0,Dindigul,Tamil Nadu
2017-02-07,0.0,0.0,0.0,12.229999999999999,0.0,0,Dindigul,Tamil Nadu
2017-02-08,0.0,0.0,0.0,12.229999999999999,0.0,0,Dindigul,Tamil Nadu
2017-02-09,0.0,0.0,0.0,12.049999999999999,0.0,0,Dindigul,Tamil Nadu
2017-02-10,0.0,0.0,0.0,10.79,0.0,0,Dindigul,Tamil Nadu
2017-02-11,0.0,0.0,0.0,6.53,0.0,0,Dindigul,Tamil Nadu
2017-02-12,0.0,0.0,0.0,2.5399999999999996,0.0,0,Dindigul,Tamil Nadu
2017-02-13,0.05,0.05000000000000711,0.05,0.08,0.05,0,Dindigul,Tamil Nadu
2017-02-14,1.23,1.2800000000000071,1.28,1.28,1.23,0,Dindigul,Tamil Nadu
2017-02-15,0.0,1.2800000000000071,1.28,1.28,1.23,0,Dindigul,Tamil Nadu
2017-02-16,0.0,1.230000000000007,1.28,1.28,1.23,0,Dindigul,Tamil Nadu
2017-02-17,0.0,0.0,1.28,1.28,0.0,0,Dindigul,Tamil Nadu
2017-02-18,0.0,0.0,1.28,1.28,0.0,0,Dindigul,Tamil Nadu
2017-02-19,0.0,0.0,1.28,1.28,0.0,0,Dindigul,Tamil Nadu
2017-02-20,0.0,0.0,1.23,1.28,0.0,0,Dindigul,Tamil Nadu
2017-02-21,0.0,0.0,0.0,1.28,0.0,0,Dindigul,Tamil Nadu
2017-02-22,0.0,0.0,0.0,1.28,0.0,0,Dindigul,Tamil Nadu
2017-02-23,0.0,0.0,0.0,1.28,0.0,0,Dindigul,Tamil Nadu
2017-02-24,0.0,0.0,0.0,1.28,0.0,0,Dindigul,Tamil Nadu
2017-02-25,0.0,0.0,0.0,1.28,0.0,0,Dindigul,Tamil Nadu
2017-02-26,0.0,0.0,0.0,1.28,0.0,0,Dindigul,Tamil Nadu
2017-02-27,0.0,0.0,0.0,1.28,0.0,0,Dindigul,Tamil Nadu
2017-02-28,0.0,0.0,0.0,1.23,0.0,0,Dindigul,Tamil Nadu
2017-03-01,0.0,0.0,0.0,0.0,0.0,0,Dindigul,Tamil Nadu
2017-03-02,0.02,0.020000000000007106,0.02,0.02,0.02,0,Dindigul,Tamil Nadu
2017-03-03,4.84,4.8600000000000065,4.859999999999999,4.859999999999999,4.84,0,Dindigul,Tamil Nadu
2017-03-04,6.19,11.050000000000008,11.05,11.05,6.19,0,Dindigul,Tamil Nadu
2017-03-05,0.92,11.950000000000008,11.97,11.97,6.19,0,Dindigul,Tamil Nadu
2017-03-06,0.68,7.790000000000008,12.65,12.65,6.19,0,Dindigul,Tamil Nadu
2017-03-07,0.13,1.730000000000007,12.78,12.78,0.92,0,Dindigul,Tamil Nadu
2017-03-08,0.96,1.7700000000000071,13.74,13.74,0.96,0,Dindigul,Tamil Nadu
2017-03-09,2.17,3.260000000000007,15.89,15.91,2.17,0,Dindigul,Tamil Nadu
2017-03-10,6.44,9.570000000000007,17.490000000000002,22.35,6.44,0,Dindigul,Tamil Nadu
2017-03-11,4.56,13.170000000000005,15.86,26.91,6.44,0,Dindigul,Tamil Nadu
2017-03-12,2.43,13.430000000000009,17.369999999999997,29.34,6.44,0,Dindigul,Tamil Nadu
2017-03-13,1.69,8.680000000000007,18.38,31.03,4.56,0,Dindigul,Tamil Nadu
2017-03-14,5.11,9.230000000000008,23.36,36.14,5.11,0,Dindigul,Tamil Nadu
2017-03-15,10.71,17.51000000000001,33.11,46.85,10.71,0,Dindigul,Tamil Nadu
2017-03-16,1.06,16.880000000000006,32.0,47.910000000000004,10.71,0,Dindigul,Tamil Nadu
2017-03-17,0.19,11.960000000000008,25.75,48.08,10.71,0,Dindigul,Tamil Nadu
2017-03-18,0.1,1.3500000000000072,21.290000000000003,43.34,1.06,0,Dindigul,Tamil Nadu
2017-03-19,0.06,0.3500000000000071,18.92,37.21,0.19,0,Dindigul,Tamil Nadu
2017-03-20,1.75,1.910000000000007,18.98,38.040000000000006,1.75,0,Dindigul,Tamil Nadu
2017-03-21,4.76,6.5700000000000065,18.630000000000003,42.120000000000005,4.76,0,Dindigul,Tamil Nadu
2017-03-22,0.0,6.510000000000007,7.92,41.99,4.76,0,Dindigul,Tamil Nadu
2017-03-23,0.0,4.760000000000007,6.859999999999999,41.03,4.76,0,Dindigul,Tamil Nadu
2017-03-24,0.0,0.0,6.67,38.86000000000001,0.0,0,Dindigul,Tamil Nadu
2017-03-25,0.0,0.0,6.57,32.42,0.0,0,Dindigul,Tamil Nadu
2017-03-26,0.0,0.0,6.51,27.86,0.0,0,Dindigul,Tamil Nadu
2017-03-27,0.0,0.0,4.76,25.43,0.0,0,Dindigul,Tamil Nadu
2017-03-28,0.0,0.0,0.0,23.740000000000002,0.0,0,Dindigul,Tamil Nadu
2017-03-29,0.0,0.0,0.0,18.630000000000003,0.0,0,Dindigul,Tamil Nadu
2017-03-30,0.0,0.0,0.0,7.92,0.0,0,Dindigul,Tamil Nadu
2017-03-31,0.04,0.040000000000007106,0.04,6.8999999999999995,0.04,0,Dindigul,Tamil Nadu
2017-04-01,0.0,0.040000000000007106,0.04,6.71,0.04,0,Dindigul,Tamil Nadu
2017-04-02,0.0,0.040000000000007106,0.04,6.61,0.04,0,Dindigul,Tamil Nadu
2017-04-03,0.01,0.010000000000007106,0.05,6.56,0.01,0,Dindigul,Tamil Nadu
2017-04-04,0.0,0.010000000000007106,0.05,4.81,0.01,0,Dindigul,Tamil Nadu
2017-04-05,0.0,0.010000000000007106,0.05,0.05,0.01,0,Dindigul,Tamil Nadu
2017-04-06,0.18,0.1800000000000071,0.22999999999999998,0.22999999999999998,0.18,0,Dindigul,Tamil Nadu
2017-04-07,0.28,0.4600000000000071,0.47,0.51,0.28,0,Dindigul,Tamil Nadu
2017-04-08,0.0,0.4600000000000071,0.47,0.51,0.28,0,Dindigul,Tamil Nadu
2017-04-09,0.06,0.34000000000000713,0.53,0.5700000000000001,0.28,0,Dindigul,Tamil Nadu
2017-04-10,0.01,0.0700000000000071,0.5299999999999999,0.58,0.06,0,Dindigul,Tamil Nadu
2017-04-11,0.3,0.3700000000000071,0.83,0.88,0.3,0,Dindigul,Tamil Nadu
2017-04-12,0.17,0.4800000000000071,1.0,1.05,0.3,0,Dindigul,Tamil Nadu
2017-04-13,0.09,0.5600000000000072,0.91,1.1400000000000001,0.3,0,Dindigul,Tamil Nadu
2017-04-14,0.08,0.34000000000000713,0.71,1.22,0.17,0,Dindigul,Tamil Nadu
2017-04-15,0.0,0.1700000000000071,0.71,1.18,0.09,0,Dindigul,Tamil Nadu
2017-04-16,0.07,0.15000000000000713,0.72,1.25,0.08,0,Dindigul,Tamil Nadu
2017-04-17,0.06,0.1300000000000071,0.77,1.31,0.07,0,Dindigul,Tamil Nadu
2017-04-18,0.08,0.21000000000000713,0.55,1.38,0.08,0,Dindigul,Tamil Nadu
2017-04-19,0.06,0.20000000000000712,0.43999999999999995,1.44,0.08,0,Dindigul,Tamil Nadu
2017-04-20,0.57,0.7100000000000071,0.9199999999999999,2.01,0.57,0,Dindigul,Tamil Nadu
2017-04-21,0.79,1.420000000000007,1.63,2.62,0.79,0,Dindigul,Tamil Nadu
2017-04-22,1.27,2.630000000000007,2.9,3.61,1.27,0,Dindigul,Tamil Nadu
2017-04-23,0.65,2.710000000000007,3.48,4.260000000000001,1.27,0,Dindigul,Tamil Nadu
2017-04-24,0.12,2.040000000000007,3.54,4.32,1.27,0,Dindigul,Tamil Nadu
2017-04-25,0.09,0.8600000000000071,3.55,4.4,0.65,0,Dindigul,Tamil Nadu
2017-04-26,1.51,1.720000000000007,5.0,5.61,1.51,0,Dindigul,Tamil Nadu
2017-04-27,0.22,1.8200000000000072,4.6499999999999995,5.66,1.51,0,Dindigul,Tamil Nadu
2017-04-28,0.0,1.730000000000007,3.8600000000000003,5.57,1.51,0,Dindigul,Tamil Nadu
2017-04-29,0.1,0.3200000000000071,2.69,5.590000000000001,0.22,0,Dindigul,Tamil Nadu
2017-04-30,0.81,0.9100000000000071,2.8500000000000005,6.4,0.81,0,Dindigul,Tamil Nadu
2017-05-01,2.34,3.250000000000007,5.07,8.67,2.34,0,Dindigul,Tamil Nadu
2017-05-02,6.27,9.420000000000007,11.25,14.879999999999999,6.27,0,Dindigul,Tamil Nadu
2017-05-03,2.1,10.710000000000006,11.84,16.9,6.27,0,Dindigul,Tamil Nadu
2017-05-04,0.44,8.810000000000008,12.06,17.28,6.27,0,Dindigul,Tamil Nadu
2017-05-05,0.62,3.1600000000000072,12.68,17.33,2.1,0,Dindigul,Tamil Nadu
2017-05-06,6.2,7.260000000000007,18.78,22.740000000000002,6.2,0,Dindigul,Tamil Nadu
2017-05-07,3.52,10.340000000000007,21.490000000000002,24.99,6.2,0,Dindigul,Tamil Nadu
2017-05-08,1.59,11.310000000000008,20.74,25.93,6.2,0,Dindigul,Tamil Nadu
2017-05-09,1.71,6.820000000000007,16.18,27.52,3.52,0,Dindigul,Tamil Nadu
2017-05-10,1.73,5.030000000000007,15.81,29.16,1.73,0,Dindigul,Tamil Nadu
2017-05-11,0.38,3.8200000000000074,15.75,28.03,1.73,0,Dindigul,Tamil Nadu
2017-05-12,9.67,11.780000000000008,24.8,37.48,9.67,0,Dindigul,Tamil Nadu
2017-05-13,9.76,19.810000000000006,28.36,47.239999999999995,9.76,0,Dindigul,Tamil Nadu
2017-05-14,2.69,22.120000000000008,27.53,49.83,9.76,0,Dindigul,Tamil Nadu
2017-05-15,0.07,12.520000000000007,26.01,49.09,9.76,0,Dindigul,Tamil Nadu
2017-05-16,0.08,2.840000000000007,24.380000000000003,46.83,2.69,0,Dindigul,Tamil Nadu
2017-05-17,2.0,2.150000000000007,24.65,42.56,2.0,0,Dindigul,Tamil Nadu
2017-05-18,9.28,11.360000000000007,33.55,49.74,9.28,0,Dindigul,Tamil Nadu
2017-05-19,0.13,11.410000000000007,24.009999999999998,49.43,9.28,0,Dindigul,Tamil Nadu
2017-05-20,11.83,21.24000000000001,26.08,60.64,11.83,0,Dindigul,Tamil Nadu
2017-05-21,2.37,14.330000000000009,25.759999999999998,56.81,11.83,0,Dindigul,Tamil Nadu
2017-05-22,4.24,18.44000000000001,29.93,57.53,11.83,0,Dindigul,Tamil Nadu
2017-05-23,0.48,7.090000000000007,30.330000000000002,56.42,4.24,0,Dindigul,Tamil Nadu
2017-05-24,1.1,5.820000000000007,29.43,55.81,4.24,0,Dindigul,Tamil Nadu
2017-05-25,1.78,3.3600000000000074,21.93,55.86,1.78,0,Dindigul,Tamil Nadu
2017-05-26,0.61,3.4900000000000073,22.41,56.09,1.78,0,Dindigul,Tamil Nadu
2017-05-27,3.06,5.450000000000007,13.64,49.480000000000004,3.06,0,Dindigul,Tamil Nadu
2017-05-28,4.54,8.210000000000008,15.809999999999999,44.26,4.54,0,Dindigul,Tamil Nadu
2017-05-29,1.0,8.600000000000009,12.57,42.57,4.54,0,Dindigul,Tamil Nadu
2017-05-30,0.46,6.000000000000007,12.55,42.96,4.54,0,Dindigul,Tamil Nadu
2017-05-31,5.44,6.9000000000000075,16.89,48.32,5.44,0,Dindigul,Tamil Nadu
2017-06-01,3.45,9.350000000000009,18.560000000000002,49.77,5.44,1,Dindigul,Tamil Nadu
2017-06-02,4.69,13.580000000000007,22.64,45.18,5.44,1,Dindigul,Tamil Nadu
2017-06-03,0.11,8.250000000000007,19.689999999999998,45.160000000000004,4.69,1,Dindigul,Tamil Nadu
2017-06-04,0.38,5.180000000000008,15.53,33.71,4.69,1,Dindigul,Tamil Nadu
2017-06-05,4.49,4.9800000000000075,19.020000000000003,35.830000000000005,4.49,1,Dindigul,Tamil Nadu
2017-06-06,1.49,6.360000000000007,20.05,33.08,4.49,1,Dindigul,Tamil Nadu
2017-06-07,5.16,11.140000000000008,19.77,37.760000000000005,5.16,1,Dindigul,Tamil Nadu
2017-06-08,0.03,6.680000000000008,16.35,36.690000000000005,5.16,1,Dindigul,Tamil Nadu
2017-06-09,0.34,5.530000000000007,12.0,35.25,5.16,1,Dindigul,Tamil Nadu
2017-06-10,0.67,1.0400000000000071,12.56,35.31,0.67,1,Dindigul,Tamil Nadu
2017-06-11,0.1,1.1100000000000072,12.280000000000001,32.35,0.67,1,Dindigul,Tamil Nadu
2017-06-12,0.29,1.0600000000000072,8.08,28.1,0.67,1,Dindigul,Tamil Nadu
2017-06-13,0.14,0.5300000000000071,6.73,27.240000000000002,0.29,1,Dindigul,Tamil Nadu
2017-06-14,7.64,8.070000000000007,9.21,34.42,7.64,1,Dindigul,Tamil Nadu
2017-06-15,1.56,9.340000000000007,10.74,30.540000000000003,7.64,1,Dindigul,Tamil Nadu
2017-06-16,4.64,13.840000000000005,15.040000000000001,31.730000000000004,7.64,1,Dindigul,Tamil Nadu
2017-06-17,1.74,7.940000000000007,16.11,28.78,4.64,1,Dindigul,Tamil Nadu
2017-06-18,0.09,6.470000000000006,16.099999999999998,28.76,4.64,1,Dindigul,Tamil Nadu
2017-06-19,1.99,3.8200000000000074,17.8,30.369999999999997,1.99,1,Dindigul,Tamil Nadu
2017-06-20,1.21,3.290000000000007,18.87,27.09,1.99,1,Dindigul,Tamil Nadu
2017-06-21,0.15,3.350000000000007,11.379999999999999,25.75,1.99,1,Dindigul,Tamil Nadu
2017-06-22,0.54,1.900000000000007,10.360000000000001,21.13,1.21,1,Dindigul,Tamil Nadu
2017-06-23,0.59,1.2800000000000071,6.3100000000000005,21.69,0.59,1,Dindigul,Tamil Nadu
2017-06-24,0.87,2.000000000000007,5.4399999999999995,22.220000000000002,0.87,1,Dindigul,Tamil Nadu
2017-06-25,0.67,2.130000000000007,6.02,22.22,0.87,1,Dindigul,Tamil Nadu
2017-06-26,1.91,3.4500000000000073,5.9399999999999995,24.029999999999998,1.91,1,Dindigul,Tamil Nadu
2017-06-27,1.46,4.040000000000007,6.1899999999999995,25.2,1.91,1,Dindigul,Tamil Nadu
2017-06-28,0.32,3.690000000000007,6.36,25.38,1.91,1,Dindigul,Tamil Nadu
2017-06-29,0.06,1.840000000000007,5.88,17.8,1.46,1,Dindigul,Tamil Nadu
2017-06-30,0.11,0.4900000000000071,5.3999999999999995,16.349999999999998,0.32,1,Dindigul,Tamil Nadu
2017-07-01,0.21,0.3800000000000071,4.74,11.92,0.21,1,Dindigul,Tamil Nadu
2017-07-02,0.55,0.8700000000000072,4.62,10.73,0.55,1,Dindigul,Tamil Nadu
2017-07-03,2.13,2.8900000000000072,4.84,12.77,2.13,1,Dindigul,Tamil Nadu
2017-07-04,0.23,2.9100000000000072,3.61,11.01,2.13,1,Dindigul,Tamil Nadu
2017-07-05,0.07,2.4300000000000073,3.3599999999999994,9.870000000000001,2.13,1,Dindigul,Tamil Nadu
2017-07-06,0.9,1.2000000000000077,4.199999999999999,10.62,0.9,1,Dindigul,Tamil Nadu
2017-07-07,0.14,1.1100000000000076,4.2299999999999995,10.219999999999999,0.9,1,Dindigul,Tamil Nadu
2017-07-08,1.97,3.010000000000008,5.989999999999999,11.6,1.97,1,Dindigul,Tamil Nadu
2017-07-09,8.83,10.940000000000008,14.27,19.560000000000002,8.83,1,Dindigul,Tamil Nadu
2017-07-10,0.51,11.310000000000008,12.65,19.4,8.83,1,Dindigul,Tamil Nadu
2017-07-11,0.1,9.440000000000008,12.52,17.59,8.83,1,Dindigul,Tamil Nadu
2017-07-12,0.12,0.7300000000000089,12.57,16.25,0.51,1,Dindigul,Tamil Nadu
2017-07-13,0.88,1.100000000000009,12.549999999999999,16.810000000000002,0.88,1,Dindigul,Tamil Nadu
2017-07-14,0.02,1.0200000000000087,12.43,16.77,0.88,1,Dindigul,Tamil Nadu
2017-07-15,0.03,0.9300000000000089,10.49,16.689999999999998,0.88,1,Dindigul,Tamil Nadu
2017-07-16,0.02,0.07000000000000889,1.68,16.5,0.03,1,Dindigul,Tamil Nadu
2017-07-17,0.15,0.2000000000000089,1.32,16.099999999999998,0.15,1,Dindigul,Tamil Nadu
2017-07-18,0.48,0.6500000000000089,1.6999999999999997,14.450000000000001,0.48,1,Dindigul,Tamil Nadu
2017-07-19,0.61,1.2400000000000089,2.19,14.83,0.61,1,Dindigul,Tamil Nadu
2017-07-20,0.3,1.390000000000009,1.61,15.06,0.61,1,Dindigul,Tamil Nadu
2017-07-21,0.17,1.080000000000009,1.76,14.330000000000002,0.61,1,Dindigul,Tamil Nadu
2017-07-22,0.05,0.5200000000000089,1.78,14.24,0.3,1,Dindigul,Tamil Nadu
2017-07-23,0.01,0.2300000000000089,1.77,12.28,0.17,1,Dindigul,Tamil Nadu
2017-07-24,0.0,0.060000000000008887,1.6199999999999999,3.4499999999999997,0.05,1,Dindigul,Tamil Nadu
2017-07-25,0.0,0.010000000000008882,1.1400000000000001,2.9399999999999995,0.01,1,Dindigul,Tamil Nadu
2017-07-26,0.02,0.020000000000008882,0.55,2.86,0.02,1,Dindigul,Tamil Nadu
2017-07-27,2.7,2.720000000000009,2.95,5.4399999999999995,2.7,1,Dindigul,Tamil Nadu
2017-07-28,0.79,3.510000000000009,3.5700000000000003,5.35,2.7,1,Dindigul,Tamil Nadu
2017-07-29,6.63,10.120000000000008,10.15,11.96,6.63,1,Dindigul,Tamil Nadu
2017-07-30,8.48,15.90000000000001,18.62,20.410000000000004,8.48,1,Dindigul,Tamil Nadu
2017-07-31,13.45,28.56000000000001,32.07,33.84,13.45,1,Dindigul,Tamil Nadu
2017-08-01,8.56,30.49000000000001,40.63,42.25,13.45,1,Dindigul,Tamil Nadu
2017-08-02,7.61,29.62000000000001,48.22,49.38,13.45,1,Dindigul,Tamil Nadu
2017-08-03,0.68,16.85000000000001,46.2,49.45,8.56,1,Dindigul,Tamil Nadu
2017-08-04,0.28,8.57000000000001,45.690000000000005,49.43000000000001,7.61,1,Dindigul,Tamil Nadu
2017-08-05,0.37,1.330000000000009,39.43,49.63,0.68,1,Dindigul,Tamil Nadu
2017-08-06,0.57,1.2200000000000089,31.52,50.150000000000006,0.57,1,Dindigul,Tamil Nadu
2017-08-07,3.9,4.840000000000009,21.97,54.04,3.9,1,Dindigul,Tamil Nadu
2017-08-08,10.93,15.40000000000001,24.34,64.97,10.93,1,Dindigul,Tamil Nadu
2017-08-09,8.78,23.610000000000007,25.509999999999998,73.75,10.93,1,Dindigul,Tamil Nadu
2017-08-10,4.83,24.54000000000001,29.66,78.56,10.93,1,Dindigul,Tamil Nadu
2017-08-11,1.13,14.740000000000009,30.509999999999998,76.99,8.78,1,Dindigul,Tamil Nadu
2017-08-12,4.14,10.10000000000001,34.28,80.34,4.83,1,Dindigul,Tamil Nadu
2017-08-13,17.08,22.35000000000001,50.78999999999999,90.78999999999999,17.08,1,Dindigul,Tamil Nadu
2017-08-14,16.64,37.860000000000014,63.53,98.95,17.08,1,Dindigul,Tamil Nadu
2017-08-15,5.01,38.73000000000001,57.61,90.51,17.08,1,Dindigul,Tamil Nadu
2017-08-16,1.5,23.150000000000013,50.33,83.45,16.64,1,Dindigul,Tamil Nadu
2017-08-17,2.18,8.69000000000001,47.68,78.02,5.01,1,Dindigul,Tamil Nadu
2017-08-18,3.62,7.300000000000011,50.169999999999995,80.96,3.62,1,Dindigul,Tamil Nadu
2017-08-19,0.22,6.020000000000011,46.25,80.89999999999999,3.62,1,Dindigul,Tamil Nadu
2017-08-20,0.95,4.790000000000011,30.12,81.48,3.62,1,Dindigul,Tamil Nadu
2017-08-21,0.67,1.8400000000000105,14.15,81.58,0.95,1,Dindigul,Tamil Nadu
2017-08-22,0.06,1.6800000000000106,9.200000000000001,77.74000000000001,0.95,1,Dindigul,Tamil Nadu
2017-08-23,4.12,4.85000000000001,11.82,70.92999999999999,4.12,1,Dindigul,Tamil Nadu
2017-08-24,5.61,9.790000000000012,15.25,67.75999999999999,5.61,1,Dindigul,Tamil Nadu
2017-08-25,0.1,9.83000000000001,11.73,63.03,5.61,1,Dindigul,Tamil Nadu
2017-08-26,0.52,6.230000000000011,12.030000000000001,62.42,5.61,1,Dindigul,Tamil Nadu
2017-08-27,0.75,1.3700000000000108,11.83,59.03,0.75,1,Dindigul,Tamil Nadu
2017-08-28,1.9,3.1700000000000106,13.06,43.85,1.9,1,Dindigul,Tamil Nadu
2017-08-29,0.63,3.2800000000000105,13.629999999999999,27.840000000000003,1.9,1,Dindigul,Tamil Nadu
2017-08-30,12.29,14.82000000000001,21.799999999999997,35.120000000000005,12.29,1,Dindigul,Tamil Nadu
2017-08-31,1.33,14.250000000000009,17.52,34.95,12.29,1,Dindigul,Tamil Nadu
2017-09-01,27.5,41.12000000000001,44.92,60.27,27.5,1,Dindigul,Tamil Nadu
2017-09-02,23.37,52.20000000000002,67.77000000000001,80.02,27.5,1,Dindigul,Tamil Nadu
2017-09-03,1.85,52.72000000000001,68.87,81.65,27.5,1,Dindigul,Tamil Nadu
2017-09-04,18.82,44.04000000000002,85.78999999999999,99.52,23.37,1,Dindigul,Tamil Nadu
2017-09-05,6.88,27.550000000000015,92.04,105.73,18.82,1,Dindigul,Tamil Nadu
2017-09-06,4.54,30.240000000000016,84.28999999999999,110.21000000000001,18.82,1,Dindigul,Tamil Nadu
2017-09-07,3.69,15.110000000000014,86.65,109.78,6.88,1,Dindigul,Tamil Nadu
2017-09-08,30.08,38.31000000000002,89.22999999999999,134.25,30.08,1,Dindigul,Tamil Nadu
2017-09-09,8.19,41.960000000000015,74.05,142.34,30.08,1,Dindigul,Tamil Nadu
2017-09-10,2.85,41.12000000000001,75.05,144.67,30.08,1,Dindigul,Tamil Nadu
2017-09-11,1.01,12.050000000000013,57.239999999999995,144.93,8.19,1,Dindigul,Tamil Nadu
2017-09-12,3.19,7.050000000000014,53.55,146.22,3.19,1,Dindigul,Tamil Nadu
2017-09-13,11.43,15.630000000000013,60.44,157.01999999999998,11.43,1,Dindigul,Tamil Nadu
2017-09-14,3.67,18.290000000000013,60.419999999999995,148.4,11.43,1,Dindigul,Tamil Nadu
2017-09-15,0.51,15.610000000000014,30.849999999999998,147.57999999999998,11.43,1,Dindigul,Tamil Nadu
2017-09-16,3.12,7.300000000000014,25.779999999999998,123.19999999999999,3.67,1,Dindigul,Tamil Nadu
2017-09-17,7.49,11.120000000000015,30.419999999999998,107.32000000000001,7.49,1,Dindigul,Tamil Nadu
2017-09-18,0.55,11.160000000000014,29.959999999999997,106.02,7.49,1,Dindigul,Tamil Nadu
2017-09-19,0.14,8.180000000000014,26.91,87.34,7.49,1,Dindigul,Tamil Nadu
2017-09-20,0.05,0.7400000000000143,15.53,80.50999999999999,0.55,1,Dindigul,Tamil Nadu
2017-09-21,0.04,0.23000000000001422,11.9,76.00999999999999,0.14,1,Dindigul,Tamil Nadu
2017-09-22,0.01,0.10000000000001422,11.4,72.33,0.05,1,Dindigul,Tamil Nadu
2017-09-23,0.16,0.21000000000001423,8.440000000000001,42.410000000000004,0.16,1,Dindigul,Tamil Nadu
2017-09-24,5.99,6.160000000000014,6.94,40.209999999999994,5.99,1,Dindigul,Tamil Nadu
2017-09-25,4.46,10.610000000000014,10.850000000000001,41.81999999999999,5.99,1,Dindigul,Tamil Nadu
2017-09-26,7.16,17.610000000000014,17.87,47.97,7.16,1,Dindigul,Tamil Nadu
2017-09-27,3.05,14.670000000000014,20.869999999999997,47.83,7.16,1,Dindigul,Tamil Nadu
2017-09-28,3.15,13.360000000000015,23.98,39.55,7.16,1,Dindigul,Tamil Nadu
2017-09-29,0.1,6.300000000000014,24.069999999999997,35.98,3.15,1,Dindigul,Tamil Nadu
2017-09-30,0.3,3.550000000000014,24.21,35.77,3.15,1,Dindigul,Tamil Nadu
2017-10-01,0.26,0.6600000000000142,18.48,32.910000000000004,0.3,0,Dindigul,Tamil Nadu
2017-10-02,0.01,0.5700000000000143,14.03,25.43,0.3,0,Dindigul,Tamil Nadu
2017-10-03,1.31,1.5800000000000143,8.18,26.19,1.31,0,Dindigul,Tamil Nadu
2017-10-04,4.21,5.5300000000000145,9.34,30.259999999999998,4.21,0,Dindigul,Tamil Nadu
2017-10-05,9.39,14.910000000000014,15.58,39.6,9.39,0,Dindigul,Tamil Nadu
2017-10-06,7.59,21.190000000000012,23.07,47.15,9.39,0,Dindigul,Tamil Nadu
2017-10-07,0.92,17.900000000000013,23.69,48.06,9.39,0,Dindigul,Tamil Nadu
2017-10-08,1.56,10.070000000000013,24.990000000000002,49.46,7.59,0,Dindigul,Tamil Nadu
2017-10-09,0.45,2.9300000000000126,25.43,43.919999999999995,1.56,0,Dindigul,Tamil Nadu
2017-10-10,3.9,5.910000000000013,28.020000000000003,43.36,3.9,0,Dindigul,Tamil Nadu
2017-10-11,5.76,10.110000000000012,29.57,41.96,5.76,0,Dindigul,Tamil Nadu
2017-10-12,3.82,13.480000000000013,24.0,42.730000000000004,5.76,0,Dindigul,Tamil Nadu
2017-10-13,5.7,15.280000000000012,22.11,45.28,5.76,0,Dindigul,Tamil Nadu
2017-10-14,2.74,12.260000000000012,23.93,47.92,5.7,0,Dindigul,Tamil Nadu
2017-10-15,0.48,8.920000000000012,22.849999999999998,48.099999999999994,5.7,0,Dindigul,Tamil Nadu
2017-10-16,0.19,3.4100000000000126,22.59,48.03,2.74,0,Dindigul,Tamil Nadu
2017-10-17,1.76,2.430000000000012,20.45,49.78,1.76,0,Dindigul,Tamil Nadu
2017-10-18,0.09,2.0400000000000125,14.78,48.56,1.76,0,Dindigul,Tamil Nadu
2017-10-19,0.02,1.8700000000000125,10.979999999999999,44.37,1.76,0,Dindigul,Tamil Nadu
2017-10-20,0.08,0.19000000000001244,5.36,35.059999999999995,0.09,0,Dindigul,Tamil Nadu
2017-10-21,9.75,9.850000000000012,12.370000000000001,37.22,9.75,0,Dindigul,Tamil Nadu
2017-10-22,0.33,10.160000000000013,12.22,36.629999999999995,9.75,0,Dindigul,Tamil Nadu
2017-10-23,0.07,10.150000000000013,12.100000000000001,35.13999999999999,9.75,0,Dindigul,Tamil Nadu
2017-10-24,0.13,0.5300000000000125,10.47,34.82,0.33,0,Dindigul,Tamil Nadu
2017-10-25,1.27,1.4700000000000124,11.650000000000002,32.19,1.27,0,Dindigul,Tamil Nadu
2017-10-26,5.97,7.370000000000012,17.6,32.4,5.97,0,Dindigul,Tamil Nadu
2017-10-27,7.83,15.070000000000013,25.35,36.41,7.83,0,Dindigul,Tamil Nadu
2017-10-28,4.07,17.87000000000001,19.67,34.78,7.83,0,Dindigul,Tamil Nadu
2017-10-29,0.13,12.030000000000014,19.470000000000002,32.17,7.83,0,Dindigul,Tamil Nadu
2017-10-30,4.22,8.420000000000012,23.620000000000005,35.91,4.22,0,Dindigul,Tamil Nadu
2017-10-31,2.71,7.060000000000012,26.2,38.43,4.22,0,Dindigul,Tamil Nadu
2017-11-01,4.4,11.330000000000013,29.330000000000002,41.06999999999999,4.4,0,Dindigul,Tamil Nadu
2017-11-02,5.94,13.050000000000013,29.300000000000004,46.92,5.94,0,Dindigul,Tamil Nadu
2017-11-03,1.77,12.110000000000014,23.240000000000006,48.669999999999995,5.94,0,Dindigul,Tamil Nadu
2017-11-04,3.88,11.590000000000012,23.05,52.47,5.94,0,Dindigul,Tamil Nadu
2017-11-05,5.28,10.930000000000014,28.200000000000003,48.0,5.28,0,Dindigul,Tamil Nadu
2017-11-06,5.68,14.840000000000014,29.660000000000004,53.35,5.68,0,Dindigul,Tamil Nadu
2017-11-07,2.69,13.650000000000013,29.64,55.97,5.68,0,Dindigul,Tamil Nadu
2017-11-08,26.88,35.250000000000014,52.120000000000005,82.72,26.88,0,Dindigul,Tamil Nadu
2017-11-09,0.21,29.780000000000012,46.39,81.66,26.88,0,Dindigul,Tamil Nadu
2017-11-10,0.18,27.27000000000001,44.8,75.87,26.88,0,Dindigul,Tamil Nadu
2017-11-11,0.07,0.4600000000000106,40.989999999999995,68.11,0.21,0,Dindigul,Tamil Nadu
2017-11-12,0.0,0.25000000000001066,35.709999999999994,64.03999999999999,0.18,0,Dindigul,Tamil Nadu
2017-11-13,1.7,1.7700000000000107,31.73,65.61,1.7,0,Dindigul,Tamil Nadu
2017-11-14,2.35,4.0500000000000105,31.39,63.74,2.35,0,Dindigul,Tamil Nadu
2017-11-15,1.08,5.130000000000011,5.59,62.11,2.35,0,Dindigul,Tamil Nadu
2017-11-16,0.11,3.5400000000000107,5.49,57.82,2.35,0,Dindigul,Tamil Nadu
2017-11-17,0.04,1.230000000000011,5.3500000000000005,51.919999999999995,1.08,0,Dindigul,Tamil Nadu
2017-11-18,0.17,0.3200000000000111,5.45,50.32,0.17,0,Dindigul,Tamil Nadu
2017-11-19,0.46,0.6700000000000111,5.91,46.9,0.46,0,Dindigul,Tamil Nadu
2017-11-20,0.28,0.9100000000000111,4.49,41.9,0.46,0,Dindigul,Tamil Nadu
2017-11-21,3.89,4.630000000000011,6.03,40.11,3.89,0,Dindigul,Tamil Nadu
2017-11-22,0.69,4.860000000000011,5.640000000000001,38.11,3.89,0,Dindigul,Tamil Nadu
2017-11-23,0.03,4.610000000000011,5.56,11.26,3.89,0,Dindigul,Tamil Nadu
2017-11-24,0.01,0.7300000000000111,5.529999999999999,11.059999999999999,0.69,0,Dindigul,Tamil Nadu
2017-11-25,0.11,0.1500000000000111,5.47,10.99,0.11,0,Dindigul,Tamil Nadu
2017-11-26,5.34,5.460000000000011,10.35,16.259999999999998,5.34,0,Dindigul,Tamil Nadu
2017-11-27,6.46,11.91000000000001,16.53,22.72,6.46,0,Dindigul,Tamil Nadu
2017-11-28,1.58,13.380000000000011,14.219999999999999,22.6,6.46,0,Dindigul,Tamil Nadu
2017-11-29,6.73,14.77000000000001,20.26,26.979999999999997,6.73,0,Dindigul,Tamil Nadu
2017-11-30,50.86,59.17000000000001,71.09,76.75999999999999,50.86,0,Dindigul,Tamil Nadu
2017-12-01,26.02,83.61000000000001,97.1,102.67,50.86,0,Dindigul,Tamil Nadu
2017-12-02,1.65,78.53,98.64,104.27999999999999,50.86,0,Dindigul,Tamil Nadu
2017-12-03,0.86,28.53000000000001,94.16000000000001,104.97,26.02,0,Dindigul,Tamil Nadu
2017-12-04,0.07,2.580000000000007,87.77,104.58,1.65,0,Dindigul,Tamil Nadu
2017-12-05,0.03,0.9600000000000071,86.22,104.33,0.86,0,Dindigul,Tamil Nadu
2017-12-06,0.11,0.21000000000000713,79.6,100.55,0.11,0,Dindigul,Tamil Nadu
2017-12-07,0.05,0.1900000000000071,28.790000000000006,99.91,0.11,0,Dindigul,Tamil Nadu
2017-12-08,0.0,0.1600000000000071,2.770000000000007,99.88,0.11,0,Dindigul,Tamil Nadu
2017-12-09,0.0,0.05000000000000711,1.1200000000000072,99.86999999999999,0.05,0,Dindigul,Tamil Nadu
2017-12-10,0.01,0.010000000000007106,0.2700000000000071,99.77,0.01,0,Dindigul,Tamil Nadu
2017-12-11,0.01,0.020000000000007106,0.2100000000000071,94.44,0.01,0,Dindigul,Tamil Nadu
2017-12-12,0.02,0.040000000000007106,0.20000000000000712,88.0,0.02,0,Dindigul,Tamil Nadu
2017-12-13,0.79,0.8200000000000072,0.8800000000000071,87.21,0.79,0,Dindigul,Tamil Nadu
2017-12-14,0.01,0.8200000000000072,0.8400000000000071,80.49,0.79,0,Dindigul,Tamil Nadu
2017-12-15,0.05,0.8500000000000072,0.8900000000000071,29.68,0.79,0,Dindigul,Tamil Nadu
2017-12-16,0.0,0.06000000000000711,0.8900000000000071,3.66,0.05,0,Dindigul,Tamil Nadu
2017-12-17,0.0,0.05000000000000711,0.8800000000000071,2.0100000000000002,0.05,0,Dindigul,Tamil Nadu
2017-12-18,0.0,0.0,0.8700000000000072,1.1500000000000001,0.0,0,Dindigul,Tamil Nadu
2017-12-19,0.23,0.23000000000000712,1.0800000000000072,1.31,0.23,0,Dindigul,Tamil Nadu
2017-12-20,0.2,0.43000000000000715,0.4900000000000071,1.4800000000000002,0.23,0,Dindigul,Tamil Nadu
2017-12-21,2.51,2.940000000000007,2.990000000000007,3.88,2.51,0,Dindigul,Tamil Nadu
2017-12-22,0.14,2.850000000000007,3.080000000000007,3.97,2.51,0,Dindigul,Tamil Nadu
2017-12-23,0.01,2.660000000000007,3.090000000000007,3.98,2.51,0,Dindigul,Tamil Nadu
2017-12-24,0.0,0.15000000000000713,3.090000000000007,3.98,0.14,0,Dindigul,Tamil Nadu
2017-12-25,0.02,0.030000000000007104,3.110000000000007,3.9899999999999998,0.02,0,Dindigul,Tamil Nadu
2017-12-26,0.0,0.020000000000007102,2.880000000000007,3.98,0.02,0,Dindigul,Tamil Nadu
2017-12-27,0.0,0.020000000000007102,2.680000000000007,3.96,0.02,0,Dindigul,Tamil Nadu
2017-12-28,0.0,0.0,0.17000000000000712,3.17,0.0,0,Dindigul,Tamil Nadu
2017-12-29,0.0,0.0,0.030000000000007104,3.1599999999999997,0.0,0,Dindigul,Tamil Nadu
2017-12-30,0.0,0.0,0.020000000000007102,3.11,0.0,0,Dindigul,Tamil Nadu
2017-12-31,0.0,0.0,0.020000000000007102,3.11,0.0,0,Dindigul,Tamil Nadu
2018-01-01,0.0,0.0,0.0,3.11,0.0,0,Dindigul,Tamil Nadu
2018-01-02,0.0,0.0,0.0,3.11,0.0,0,Dindigul,Tamil Nadu
2018-01-03,0.0,0.0,0.0,2.88,0.0,0,Dindigul,Tamil Nadu
2018-01-04,0.0,0.0,0.0,2.6799999999999997,0.0,0,Dindigul,Tamil Nadu
2018-01-05,0.0,0.0,0.0,0.17,0.0,0,Dindigul,Tamil Nadu
2018-01-06,0.0,0.0,0.0,0.03,0.0,0,Dindigul,Tamil Nadu
2018-01-07,0.0,0.0,0.0,0.019999999999999997,0.0,0,Dindigul,Tamil Nadu
2018-01-08,0.0,0.0,0.0,0.019999999999999997,0.0,0,Dindigul,Tamil Nadu
2018-01-09,2.89,2.8900000000000072,2.8900000000000072,2.89,2.89,0,Dindigul,Tamil Nadu
2018-01-10,2.02,4.910000000000007,4.910000000000007,4.91,2.89,0,Dindigul,Tamil Nadu
2018-01-11,0.37,5.280000000000007,5.280000000000007,5.28,2.89,0,Dindigul,Tamil Nadu
2018-01-12,0.01,2.400000000000007,5.290000000000007,5.29,2.02,0,Dindigul,Tamil Nadu
2018-01-13,0.0,0.3800000000000071,5.290000000000007,5.29,0.37,0,Dindigul,Tamil Nadu
2018-01-14,0.0,0.010000000000007106,5.290000000000007,5.29,0.01,0,Dindigul,Tamil Nadu
2018-01-15,0.0,0.0,5.290000000000007,5.29,0.0,0,Dindigul,Tamil Nadu
2018-01-16,0.0,0.0,2.400000000000007,5.29,0.0,0,Dindigul,Tamil Nadu
2018-01-17,0.0,0.0,0.3800000000000071,5.29,0.0,0,Dindigul,Tamil Nadu
2018-01-18,0.0,0.0,0.010000000000007106,5.29,0.0,0,Dindigul,Tamil Nadu
2018-01-19,0.0,0.0,0.0,5.29,0.0,0,Dindigul,Tamil Nadu
2018-01-20,0.0,0.0,0.0,5.29,0.0,0,Dindigul,Tamil Nadu
2018-01-21,0.0,0.0,0.0,5.29,0.0,0,Dindigul,Tamil Nadu
2018-01-22,0.0,0.0,0.0,5.29,0.0,0,Dindigul,Tamil Nadu
2018-01-23,0.0,0.0,0.0,5.29,0.0,0,Dindigul,Tamil Nadu
2018-01-24,0.0,0.0,0.0,2.4,0.0,0,Dindigul,Tamil Nadu
2018-01-25,0.0,0.0,0.0,0.38,0.0,0,Dindigul,Tamil Nadu
2018-01-26,0.0,0.0,0.0,0.01,0.0,0,Dindigul,Tamil Nadu
2018-01-27,0.0,0.0,0.0,0.0,0.0,0,Dindigul,Tamil Nadu
2018-01-28,0.0,0.0,0.0,0.0,0.0,0,Dindigul,Tamil Nadu
2018-01-29,0.0,0.0,0.0,0.0,0.0,0,Dindigul,Tamil Nadu
2018-01-30,0.0,0.0,0.0,0.0,0.0,0,Dindigul,Tamil Nadu
2018-01-31,0.0,0.0,0.0,0.0,0.0,0,Dindigul,Tamil Nadu
2018-02-01,0.0,0.0,0.0,0.0,0.0,0,Dindigul,Tamil Nadu
2018-02-02,0.0,0.0,0.0,0.0,0.0,0,Dindigul,Tamil Nadu
2018-02-03,0.0,0.0,0.0,0.0,0.0,0,Dindigul,Tamil Nadu
2018-02-04,0.0,0.0,0.0,0.0,0.0,0,Dindigul,Tamil Nadu
2018-02-05,0.0,0.0,0.0,0.0,0.0,0,Dindigul,Tamil Nadu
2018-02-06,0.7,0.7000000000000071,0.7000000000000071,0.7,0.7,0,Dindigul,Tamil Nadu
2018-02-07,12.24,12.940000000000007,12.940000000000007,12.94,12.24,0,Dindigul,Tamil Nadu
2018-02-08,5.89,18.830000000000005,18.830000000000005,18.83,12.24,0,Dindigul,Tamil Nadu
2018-02-09,0.16,18.290000000000006,18.990000000000006,18.99,12.24,0,Dindigul,Tamil Nadu
2018-02-10,0.02,6.0700000000000065,19.010000000000005,19.009999999999998,5.89,0,Dindigul,Tamil Nadu
2018-02-11,0.0,0.1800000000000071,19.010000000000005,19.009999999999998,0.16,0,Dindigul,Tamil Nadu
2018-02-12,0.01,0.030000000000007104,19.020000000000007,19.02,0.02,0,Dindigul,Tamil Nadu
2018-02-13,0.0,0.010000000000007106,18.320000000000007,19.02,0.01,0,Dindigul,Tamil Nadu
2018-02-14,0.0,0.010000000000007106,6.080000000000007,19.02,0.01,0,Dindigul,Tamil Nadu
2018-02-15,0.0,0.0,0.1900000000000071,19.02,0.0,0,Dindigul,Tamil Nadu
2018-02-16,0.0,0.0,0.030000000000007104,19.02,0.0,0,Dindigul,Tamil Nadu
2018-02-17,0.0,0.0,0.010000000000007106,19.02,0.0,0,Dindigul,Tamil Nadu
2018-02-18,0.0,0.0,0.010000000000007106,19.02,0.0,0,Dindigul,Tamil Nadu
2018-02-19,0.0,0.0,0.0,19.02,0.0,0,Dindigul,Tamil Nadu
2018-02-20,0.0,0.0,0.0,19.02,0.0,0,Dindigul,Tamil Nadu
2018-02-21,0.0,0.0,0.0,18.32,0.0,0,Dindigul,Tamil Nadu
2018-02-22,0.0,0.0,0.0,6.08,0.0,0,Dindigul,Tamil Nadu
2018-02-23,0.0,0.0,0.0,0.19,0.0,0,Dindigul,Tamil Nadu
2018-02-24,0.0,0.0,0.0,0.03,0.0,0,Dindigul,Tamil Nadu
2018-02-25,0.0,0.0,0.0,0.01,0.0,0,Dindigul,Tamil Nadu
2018-02-26,0.0,0.0,0.0,0.01,0.0,0,Dindigul,Tamil Nadu
2018-02-27,0.0,0.0,0.0,0.0,0.0,0,Dindigul,Tamil Nadu
2018-02-28,0.09,0.0900000000000071,0.0900000000000071,0.09,0.09,0,Dindigul,Tamil Nadu
2018-03-01,1.34,1.4300000000000073,1.4300000000000073,1.4300000000000002,1.34,0,Dindigul,Tamil Nadu
2018-03-02,0.0,1.4300000000000073,1.4300000000000073,1.4300000000000002,1.34,0,Dindigul,Tamil Nadu
2018-03-03,0.0,1.3400000000000072,1.4300000000000073,1.4300000000000002,1.34,0,Dindigul,Tamil Nadu
2018-03-04,0.0,0.0,1.4300000000000073,1.4300000000000002,0.0,0,Dindigul,Tamil Nadu
2018-03-05,0.0,0.0,1.4300000000000073,1.4300000000000002,0.0,0,Dindigul,Tamil Nadu
2018-03-06,0.0,0.0,1.4300000000000073,1.4300000000000002,0.0,0,Dindigul,Tamil Nadu
2018-03-07,0.0,0.0,1.3400000000000072,1.4300000000000002,0.0,0,Dindigul,Tamil Nadu
2018-03-08,0.0,0.0,0.0,1.4300000000000002,0.0,0,Dindigul,Tamil Nadu
2018-03-09,0.0,0.0,0.0,1.4300000000000002,0.0,0,Dindigul,Tamil Nadu
2018-03-10,0.0,0.0,0.0,1.4300000000000002,0.0,0,Dindigul,Tamil Nadu
2018-03-11,0.0,0.0,0.0,1.4300000000000002,0.0,0,Dindigul,Tamil Nadu
2018-03-12,0.35,0.3500000000000071,0.3500000000000071,1.7800000000000002,0.35,0,Dindigul,Tamil Nadu
2018-03-13,2.66,3.0100000000000073,3.0100000000000073,4.44,2.66,0,Dindigul,Tamil Nadu
2018-03-14,1.05,4.060000000000008,4.060000000000008,5.49,2.66,0,Dindigul,Tamil Nadu
2018-03-15,0.97,4.680000000000007,5.030000000000007,6.370000000000001,2.66,0,Dindigul,Tamil Nadu
2018-03-16,0.84,2.860000000000007,5.870000000000007,5.870000000000001,1.05,0,Dindigul,Tamil Nadu
2018-03-17,1.01,2.8200000000000074,6.880000000000008,6.880000000000001,1.01,0,Dindigul,Tamil Nadu
2018-03-18,3.33,5.180000000000008,10.210000000000008,10.21,3.33,0,Dindigul,Tamil Nadu
2018-03-19,0.37,4.710000000000008,10.230000000000008,10.58,3.33,0,Dindigul,Tamil Nadu
2018-03-20,0.0,3.7000000000000077,7.570000000000007,10.58,3.33,0,Dindigul,Tamil Nadu
2018-03-21,0.02,0.39000000000000756,6.540000000000007,10.600000000000001,0.37,0,Dindigul,Tamil Nadu
2018-03-22,0.05,0.07000000000000756,5.620000000000007,10.65,0.05,0,Dindigul,Tamil Nadu
2018-03-23,2.16,2.2300000000000075,6.9400000000000075,12.81,2.16,0,Dindigul,Tamil Nadu
2018-03-24,0.64,2.8500000000000076,6.5700000000000065,13.450000000000001,2.16,0,Dindigul,Tamil Nadu
2018-03-25,0.0,2.800000000000008,3.2400000000000073,13.450000000000001,2.16,0,Dindigul,Tamil Nadu
2018-03-26,0.0,0.6400000000000076,2.870000000000007,13.450000000000001,0.64,0,Dindigul,Tamil Nadu
2018-03-27,0.01,0.01000000000000755,2.880000000000007,13.110000000000001,0.01,0,Dindigul,Tamil Nadu
2018-03-28,0.0,0.01000000000000755,2.860000000000007,10.45,0.01,0,Dindigul,Tamil Nadu
2018-03-29,0.01,0.02000000000000755,2.8200000000000074,9.41,0.01,0,Dindigul,Tamil Nadu
2018-03-30,0.32,0.33000000000000757,0.9800000000000071,8.76,0.32,0,Dindigul,Tamil Nadu
2018-03-31,2.75,3.0800000000000076,3.090000000000007,10.67,2.75,0,Dindigul,Tamil Nadu
2018-04-01,2.36,5.430000000000008,5.450000000000006,12.02,2.75,0,Dindigul,Tamil Nadu
2018-04-02,0.16,5.270000000000008,5.6100000000000065,8.85,2.75,0,Dindigul,Tamil Nadu
2018-04-03,0.19,2.7100000000000075,5.790000000000007,8.67,2.36,0,Dindigul,Tamil Nadu
2018-04-04,0.0,0.3500000000000075,5.790000000000007,8.67,0.19,0,Dindigul,Tamil Nadu
2018-04-05,0.0,0.19000000000000755,5.780000000000007,8.649999999999999,0.19,0,Dindigul,Tamil Nadu
2018-04-06,0.0,0.0,5.460000000000007,8.6,0.0,0,Dindigul,Tamil Nadu
2018-04-07,0.0,0.0,2.710000000000007,6.44,0.0,0,Dindigul,Tamil Nadu
2018-04-08,0.15,0.15000000000000754,0.5000000000000071,5.949999999999999,0.15,0,Dindigul,Tamil Nadu
2018-04-09,0.51,0.6600000000000076,0.8500000000000071,6.46,0.51,0,Dindigul,Tamil Nadu
2018-04-10,3.54,4.200000000000007,4.200000000000007,10.0,3.54,0,Dindigul,Tamil Nadu
2018-04-11,1.41,5.460000000000007,5.610000000000007,11.4,3.54,0,Dindigul,Tamil Nadu
2018-04-12,0.29,5.240000000000007,5.9000000000000075,11.69,3.54,0,Dindigul,Tamil Nadu
2018-04-13,2.18,3.8800000000000074,8.080000000000007,13.86,2.18,0,Dindigul,Tamil Nadu
2018-04-14,3.86,6.330000000000007,11.940000000000007,17.4,3.86,0,Dindigul,Tamil Nadu
2018-04-15,5.48,11.520000000000007,17.270000000000007,20.130000000000003,5.48,0,Dindigul,Tamil Nadu
2018-04-16,1.21,10.550000000000008,17.97000000000001,18.98,5.48,0,Dindigul,Tamil Nadu
2018-04-17,0.09,6.780000000000007,14.520000000000007,18.91,5.48,0,Dindigul,Tamil Nadu
2018-04-18,0.02,1.3200000000000072,13.130000000000008,18.74,1.21,0,Dindigul,Tamil Nadu
2018-04-19,0.0,0.1100000000000071,12.840000000000007,18.74,0.09,0,Dindigul,Tamil Nadu
2018-04-20,0.55,0.5700000000000072,11.210000000000006,19.29,0.55,0,Dindigul,Tamil Nadu
2018-04-21,0.26,0.8100000000000072,7.610000000000007,19.55,0.55,0,Dindigul,Tamil Nadu
2018-04-22,0.3,1.1100000000000072,2.4300000000000073,19.85,0.55,0,Dindigul,Tamil Nadu
2018-04-23,0.01,0.5700000000000071,1.230000000000007,19.71,0.3,0,Dindigul,Tamil Nadu
2018-04-24,0.02,0.33000000000000707,1.160000000000007,19.22,0.3,0,Dindigul,Tamil Nadu
2018-04-25,0.33,0.36000000000000715,1.470000000000007,16.01,0.33,0,Dindigul,Tamil Nadu
2018-04-26,1.49,1.8400000000000072,2.960000000000007,16.09,1.49,0,Dindigul,Tamil Nadu
2018-04-27,2.13,3.9500000000000073,4.540000000000007,17.93,2.13,0,Dindigul,Tamil Nadu
2018-04-28,0.01,3.630000000000007,4.290000000000007,15.760000000000002,2.13,0,Dindigul,Tamil Nadu
2018-04-29,0.0,2.1400000000000072,3.990000000000007,11.9,2.13,0,Dindigul,Tamil Nadu
2018-04-30,5.28,5.290000000000008,9.260000000000007,11.7,5.28,0,Dindigul,Tamil Nadu
2018-05-01,5.82,11.100000000000009,15.060000000000008,16.31,5.82,0,Dindigul,Tamil Nadu
2018-05-02,6.27,17.370000000000008,21.000000000000007,22.49,6.27,0,Dindigul,Tamil Nadu
2018-05-03,3.43,15.520000000000007,22.940000000000005,25.9,6.27,0,Dindigul,Tamil Nadu
2018-05-04,9.37,19.070000000000007,30.180000000000007,35.269999999999996,9.37,0,Dindigul,Tamil Nadu
2018-05-05,5.74,18.540000000000006,35.91000000000001,40.46,9.37,0,Dindigul,Tamil Nadu
2018-05-06,2.64,17.750000000000007,38.550000000000004,42.839999999999996,9.37,0,Dindigul,Tamil Nadu
2018-05-07,0.88,9.260000000000007,34.150000000000006,43.42,5.74,0,Dindigul,Tamil Nadu
2018-05-08,5.09,8.610000000000007,33.42000000000001,48.5,5.09,0,Dindigul,Tamil Nadu
2018-05-09,27.77,33.74000000000001,54.92,76.25,27.77,0,Dindigul,Tamil Nadu
2018-05-10,11.31,44.17,62.800000000000004,87.23,27.77,0,Dindigul,Tamil Nadu
2018-05-11,1.32,40.400000000000006,54.75000000000001,87.06,27.77,0,Dindigul,Tamil Nadu
2018-05-12,3.27,15.900000000000007,52.28000000000001,88.2,11.31,0,Dindigul,Tamil Nadu
2018-05-13,3.43,8.020000000000007,53.07000000000001,91.62,3.43,0,Dindigul,Tamil Nadu
2018-05-14,4.09,10.790000000000006,56.28,95.71000000000001,4.09,0,Dindigul,Tamil Nadu
2018-05-15,1.95,9.470000000000006,53.14000000000001,92.38000000000001,4.09,0,Dindigul,Tamil Nadu
2018-05-16,1.41,7.450000000000006,26.78000000000001,87.97,4.09,0,Dindigul,Tamil Nadu
2018-05-17,0.39,3.750000000000007,15.860000000000007,82.09,1.95,0,Dindigul,Tamil Nadu
2018-05-18,1.3,3.1000000000000068,15.840000000000007,79.96,1.41,0,Dindigul,Tamil Nadu
2018-05-19,0.86,2.550000000000007,13.430000000000007,71.45,1.3,0,Dindigul,Tamil Nadu
2018-05-20,0.63,2.790000000000007,10.630000000000006,66.33999999999999,1.3,0,Dindigul,Tamil Nadu
2018-05-21,0.82,2.310000000000007,7.3600000000000065,64.52,0.86,0,Dindigul,Tamil Nadu
2018-05-22,1.65,3.100000000000007,7.060000000000007,65.28999999999999,1.65,0,Dindigul,Tamil Nadu
2018-05-23,1.83,4.300000000000007,7.4800000000000075,62.03,1.83,0,Dindigul,Tamil Nadu
2018-05-24,5.0,8.480000000000008,12.090000000000007,39.26,5.0,0,Dindigul,Tamil Nadu
2018-05-25,23.47,30.300000000000004,34.260000000000005,51.419999999999995,23.47,0,Dindigul,Tamil Nadu
2018-05-26,2.67,31.140000000000008,36.07000000000001,52.769999999999996,23.47,0,Dindigul,Tamil Nadu
2018-05-27,2.22,28.360000000000007,37.660000000000004,51.72,23.47,0,Dindigul,Tamil Nadu
2018-05-28,5.37,10.260000000000007,42.21,53.66,5.37,0,Dindigul,Tamil Nadu
2018-05-29,0.8,8.390000000000008,41.36000000000001,50.37,5.37,0,Dindigul,Tamil Nadu
2018-05-30,0.03,6.200000000000006,39.56,48.449999999999996,5.37,0,Dindigul,Tamil Nadu
2018-05-31,0.09,0.9200000000000071,34.650000000000006,47.129999999999995,0.8,0,Dindigul,Tamil Nadu
2018-06-01,0.84,0.9600000000000071,12.020000000000007,47.58,0.84,1,Dindigul,Tamil Nadu
2018-06-02,0.48,1.410000000000007,9.830000000000007,46.76,0.84,1,Dindigul,Tamil Nadu
2018-06-03,1.83,3.150000000000007,9.440000000000007,47.73,1.83,1,Dindigul,Tamil Nadu
2018-06-04,3.04,5.350000000000007,7.110000000000007,50.13999999999999,3.04,1,Dindigul,Tamil Nadu
2018-06-05,1.45,6.3200000000000065,7.760000000000008,50.769999999999996,3.04,1,Dindigul,Tamil Nadu
2018-06-06,0.31,4.800000000000008,8.040000000000008,49.43,3.04,1,Dindigul,Tamil Nadu
2018-06-07,0.47,2.230000000000007,8.420000000000007,48.07,1.45,1,Dindigul,Tamil Nadu
2018-06-08,0.45,1.230000000000007,8.030000000000008,43.519999999999996,0.47,1,Dindigul,Tamil Nadu
2018-06-09,1.24,2.1600000000000072,8.790000000000006,21.29,1.24,1,Dindigul,Tamil Nadu
2018-06-10,0.71,2.400000000000007,7.670000000000007,19.33,1.24,1,Dindigul,Tamil Nadu
2018-06-11,2.16,4.110000000000007,6.790000000000007,19.27,2.16,1,Dindigul,Tamil Nadu
2018-06-12,0.82,3.690000000000007,6.160000000000007,14.72,2.16,1,Dindigul,Tamil Nadu
2018-06-13,1.13,4.110000000000007,6.9800000000000075,15.049999999999999,2.16,1,Dindigul,Tamil Nadu
2018-06-14,0.28,2.2300000000000075,6.790000000000007,15.3,1.13,1,Dindigul,Tamil Nadu
2018-06-15,0.32,1.7300000000000075,6.660000000000007,15.53,1.13,1,Dindigul,Tamil Nadu
2018-06-16,5.24,5.840000000000008,10.660000000000007,19.93,5.24,1,Dindigul,Tamil Nadu
2018-06-17,0.14,5.700000000000007,10.090000000000007,19.59,5.24,1,Dindigul,Tamil Nadu
2018-06-18,0.3,5.680000000000009,8.230000000000008,18.060000000000002,5.24,1,Dindigul,Tamil Nadu
2018-06-19,0.24,0.6800000000000079,7.650000000000007,15.26,0.3,1,Dindigul,Tamil Nadu
2018-06-20,0.42,0.960000000000008,6.940000000000007,14.23,0.42,1,Dindigul,Tamil Nadu
2018-06-21,0.57,1.230000000000008,7.2300000000000075,14.489999999999998,0.57,1,Dindigul,Tamil Nadu
2018-06-22,0.32,1.3100000000000078,7.2300000000000075,14.34,0.57,1,Dindigul,Tamil Nadu
2018-06-23,0.07,0.960000000000008,2.060000000000007,13.959999999999999,0.57,1,Dindigul,Tamil Nadu
2018-06-24,0.01,0.400000000000008,1.9300000000000068,12.729999999999999,0.32,1,Dindigul,Tamil Nadu
2018-06-25,0.09,0.17000000000000798,1.720000000000007,12.11,0.09,1,Dindigul,Tamil Nadu
2018-06-26,0.36,0.46000000000000796,1.840000000000007,10.31,0.36,1,Dindigul,Tamil Nadu
2018-06-27,0.99,1.440000000000008,2.4100000000000072,10.48,0.99,1,Dindigul,Tamil Nadu
2018-06-28,0.31,1.660000000000008,2.150000000000007,9.66,0.99,1,Dindigul,Tamil Nadu
2018-06-29,0.77,2.0700000000000083,2.6000000000000068,10.149999999999999,0.99,1,Dindigul,Tamil Nadu
2018-06-30,11.12,12.200000000000008,13.650000000000006,20.950000000000003,11.12,1,Dindigul,Tamil Nadu
2018-07-01,10.27,22.160000000000007,23.910000000000004,25.979999999999997,11.12,1,Dindigul,Tamil Nadu
2018-07-02,10.57,31.960000000000008,34.39000000000001,36.41,11.12,1,Dindigul,Tamil Nadu
2018-07-03,6.67,27.510000000000012,40.7,42.78,10.57,1,Dindigul,Tamil Nadu
2018-07-04,0.0,17.24000000000001,39.71000000000001,42.54,10.57,1,Dindigul,Tamil Nadu
2018-07-05,0.02,6.690000000000008,39.42,42.14,6.67,1,Dindigul,Tamil Nadu
2018-07-06,0.56,0.580000000000009,39.21000000000001,42.129999999999995,0.56,1,Dindigul,Tamil Nadu
2018-07-07,0.18,0.7600000000000089,28.27000000000001,41.989999999999995,0.56,1,Dindigul,Tamil Nadu
2018-07-08,0.44,1.180000000000009,18.440000000000005,42.36,0.56,1,Dindigul,Tamil Nadu
2018-07-09,1.81,2.430000000000009,9.680000000000007,44.16,1.81,1,Dindigul,Tamil Nadu
2018-07-10,2.93,5.180000000000009,5.9400000000000075,47.0,2.93,1,Dindigul,Tamil Nadu
2018-07-11,1.76,6.50000000000001,7.700000000000007,48.400000000000006,2.93,1,Dindigul,Tamil Nadu
2018-07-12,0.42,5.110000000000009,8.100000000000009,47.83,2.93,1,Dindigul,Tamil Nadu
2018-07-13,0.96,3.1400000000000086,8.500000000000007,48.48,1.76,1,Dindigul,Tamil Nadu
2018-07-14,0.24,1.6200000000000088,8.560000000000008,47.95,0.96,1,Dindigul,Tamil Nadu
2018-07-15,2.88,4.080000000000009,11.000000000000007,39.71,2.88,1,Dindigul,Tamil Nadu
2018-07-16,3.32,6.440000000000008,12.510000000000007,32.760000000000005,3.32,1,Dindigul,Tamil Nadu
2018-07-17,0.46,6.660000000000009,10.040000000000006,22.650000000000002,3.32,1,Dindigul,Tamil Nadu
2018-07-18,0.73,4.510000000000009,9.010000000000005,16.71,3.32,1,Dindigul,Tamil Nadu
2018-07-19,0.59,1.7800000000000087,9.180000000000007,17.3,0.73,1,Dindigul,Tamil Nadu
2018-07-20,0.53,1.850000000000009,8.750000000000007,17.810000000000002,0.73,1,Dindigul,Tamil Nadu
2018-07-21,0.23,1.350000000000009,8.740000000000007,17.48,0.59,1,Dindigul,Tamil Nadu
2018-07-22,0.06,0.8200000000000089,5.920000000000007,17.36,0.53,1,Dindigul,Tamil Nadu
2018-07-23,0.15,0.4400000000000089,2.750000000000007,17.070000000000004,0.23,1,Dindigul,Tamil Nadu
2018-07-24,1.07,1.280000000000009,3.3600000000000074,16.330000000000002,1.07,1,Dindigul,Tamil Nadu
2018-07-25,1.86,3.080000000000009,4.490000000000007,15.260000000000002,1.86,1,Dindigul,Tamil Nadu
2018-07-26,0.17,3.100000000000009,4.070000000000007,13.670000000000002,1.86,1,Dindigul,Tamil Nadu
2018-07-27,0.05,2.0800000000000094,3.5900000000000074,13.3,1.86,1,Dindigul,Tamil Nadu
2018-07-28,0.5,0.7200000000000089,3.8600000000000074,12.840000000000002,0.5,1,Dindigul,Tamil Nadu
2018-07-29,0.2,0.7500000000000089,4.000000000000007,12.800000000000002,0.5,1,Dindigul,Tamil Nadu
2018-07-30,0.25,0.950000000000009,4.100000000000008,10.170000000000002,0.5,1,Dindigul,Tamil Nadu
2018-07-31,1.3,1.7500000000000089,4.330000000000007,8.150000000000002,1.3,1,Dindigul,Tamil Nadu
2018-08-01,0.15,1.700000000000009,2.620000000000007,7.840000000000002,1.3,1,Dindigul,Tamil Nadu
2018-08-02,2.27,3.720000000000009,4.720000000000008,9.380000000000003,2.27,1,Dindigul,Tamil Nadu
2018-08-03,6.05,8.47000000000001,10.720000000000006,14.840000000000002,6.05,1,Dindigul,Tamil Nadu
2018-08-04,1.87,10.190000000000008,12.090000000000007,16.180000000000003,6.05,1,Dindigul,Tamil Nadu
2018-08-05,0.13,8.05000000000001,12.020000000000007,16.080000000000002,6.05,1,Dindigul,Tamil Nadu
2018-08-06,0.31,2.310000000000009,12.080000000000005,16.330000000000002,1.87,1,Dindigul,Tamil Nadu
2018-08-07,0.55,0.9900000000000089,11.330000000000007,16.73,0.55,1,Dindigul,Tamil Nadu
2018-08-08,2.35,3.210000000000009,13.530000000000006,18.01,2.35,1,Dindigul,Tamil Nadu
2018-08-09,0.97,3.870000000000009,12.230000000000008,17.12,2.35,1,Dindigul,Tamil Nadu
2018-08-10,1.07,4.3900000000000095,7.250000000000006,18.02,2.35,1,Dindigul,Tamil Nadu
2018-08-11,0.18,2.2200000000000086,5.560000000000006,18.150000000000002,1.07,1,Dindigul,Tamil Nadu
2018-08-12,0.93,2.1800000000000086,6.3600000000000065,18.580000000000002,1.07,1,Dindigul,Tamil Nadu
2018-08-13,1.15,2.2600000000000087,7.2000000000000055,19.53,1.15,1,Dindigul,Tamil Nadu
2018-08-14,2.2,4.280000000000008,8.850000000000005,21.48,2.2,1,Dindigul,Tamil Nadu
2018-08-15,7.71,11.06000000000001,14.210000000000006,27.89,7.71,1,Dindigul,Tamil Nadu
2018-08-16,3.96,13.870000000000008,17.200000000000006,31.7,7.71,1,Dindigul,Tamil Nadu
2018-08-17,0.58,12.250000000000009,16.710000000000004,30.01,7.71,1,Dindigul,Tamil Nadu
2018-08-18,0.17,4.710000000000009,16.700000000000006,24.13,3.96,1,Dindigul,Tamil Nadu
2018-08-19,0.09,0.8400000000000089,15.860000000000007,22.35,0.58,1,Dindigul,Tamil Nadu
2018-08-20,0.05,0.3100000000000089,14.760000000000005,22.27,0.17,1,Dindigul,Tamil Nadu
2018-08-21,0.03,0.17000000000000887,12.590000000000007,21.990000000000002,0.09,1,Dindigul,Tamil Nadu
2018-08-22,0.01,0.09000000000000888,4.890000000000006,21.45,0.05,1,Dindigul,Tamil Nadu
2018-08-23,0.31,0.35000000000000886,1.2400000000000062,19.410000000000004,0.31,1,Dindigul,Tamil Nadu
2018-08-24,6.49,6.810000000000009,7.150000000000007,24.93,6.49,1,Dindigul,Tamil Nadu
2018-08-25,0.94,7.740000000000009,7.920000000000007,24.8,6.49,1,Dindigul,Tamil Nadu
2018-08-26,3.06,10.490000000000009,10.890000000000008,27.68,6.49,1,Dindigul,Tamil Nadu
2018-08-27,6.05,10.050000000000008,16.890000000000008,32.8,6.05,1,Dindigul,Tamil Nadu
2018-08-28,1.43,10.54000000000001,18.290000000000006,33.080000000000005,6.05,1,Dindigul,Tamil Nadu
2018-08-29,1.7,9.180000000000009,19.980000000000008,32.580000000000005,6.05,1,Dindigul,Tamil Nadu
2018-08-30,6.21,9.340000000000009,25.88000000000001,31.080000000000002,6.21,1,Dindigul,Tamil Nadu
2018-08-31,4.38,12.29000000000001,23.770000000000007,31.5,6.21,1,Dindigul,Tamil Nadu
2018-09-01,6.79,17.38000000000001,29.620000000000005,37.71,6.79,1,Dindigul,Tamil Nadu
2018-09-02,0.13,11.30000000000001,26.690000000000005,37.67,6.79,1,Dindigul,Tamil Nadu
2018-09-03,0.04,6.960000000000009,20.680000000000007,37.620000000000005,6.79,1,Dindigul,Tamil Nadu
2018-09-04,0.03,0.2000000000000089,19.280000000000005,37.6,0.13,1,Dindigul,Tamil Nadu
2018-09-05,0.0,0.07000000000000889,17.580000000000005,37.57,0.04,1,Dindigul,Tamil Nadu
2018-09-06,0.0,0.03000000000000888,11.370000000000005,37.56,0.03,1,Dindigul,Tamil Nadu
2018-09-07,0.0,0.0,6.990000000000006,37.25,0.0,1,Dindigul,Tamil Nadu
2018-09-08,0.0,0.0,0.20000000000000623,30.76,0.0,1,Dindigul,Tamil Nadu
2018-09-09,0.65,0.6500000000000089,0.7200000000000062,30.470000000000002,0.65,1,Dindigul,Tamil Nadu
2018-09-10,8.14,8.79000000000001,8.820000000000007,35.55,8.14,1,Dindigul,Tamil Nadu
2018-09-11,0.51,9.30000000000001,9.300000000000008,30.010000000000005,8.14,1,Dindigul,Tamil Nadu
2018-09-12,0.06,8.71000000000001,9.360000000000008,28.64,8.14,1,Dindigul,Tamil Nadu
2018-09-13,0.95,1.520000000000009,10.310000000000008,27.89,0.95,1,Dindigul,Tamil Nadu
2018-09-14,4.39,5.400000000000008,14.700000000000008,26.07,4.39,1,Dindigul,Tamil Nadu
2018-09-15,2.66,8.000000000000009,17.360000000000007,24.35,4.39,1,Dindigul,Tamil Nadu
2018-09-16,5.9,12.95000000000001,22.610000000000007,23.46,5.9,1,Dindigul,Tamil Nadu
2018-09-17,0.43,8.990000000000009,14.900000000000007,23.760000000000005,5.9,1,Dindigul,Tamil Nadu
2018-09-18,0.01,6.34000000000001,14.400000000000007,23.73,5.9,1,Dindigul,Tamil Nadu
2018-09-19,2.02,2.460000000000009,16.360000000000007,25.720000000000002,2.02,1,Dindigul,Tamil Nadu
2018-09-20,0.18,2.210000000000009,15.590000000000009,25.900000000000002,2.02,1,Dindigul,Tamil Nadu
2018-09-21,0.06,2.2600000000000087,11.260000000000007,25.960000000000004,2.02,1,Dindigul,Tamil Nadu
2018-09-22,0.51,0.7500000000000089,9.110000000000007,26.470000000000002,0.51,1,Dindigul,Tamil Nadu
2018-09-23,6.85,7.420000000000009,10.060000000000006,33.32,6.85,1,Dindigul,Tamil Nadu
2018-09-24,11.74,19.10000000000001,21.370000000000008,44.410000000000004,11.74,1,Dindigul,Tamil Nadu
2018-09-25,5.77,24.36000000000001,27.130000000000006,42.040000000000006,11.74,1,Dindigul,Tamil Nadu
2018-09-26,1.92,19.430000000000007,27.03000000000001,43.449999999999996,11.74,1,Dindigul,Tamil Nadu
2018-09-27,26.22,33.910000000000004,53.07000000000001,69.61,26.22,1,Dindigul,Tamil Nadu
2018-09-28,13.54,41.68000000000001,66.55000000000001,82.19999999999999,26.22,1,Dindigul,Tamil Nadu
2018-09-29,13.48,53.24,79.52000000000001,91.28999999999999,26.22,1,Dindigul,Tamil Nadu
2018-09-30,7.2,34.220000000000006,79.87,95.83,13.54,1,Dindigul,Tamil Nadu
2018-10-01,5.66,26.340000000000003,73.79,95.58999999999999,13.48,0,Dindigul,Tamil Nadu
2018-10-02,6.21,19.070000000000004,74.23000000000002,101.37,7.2,0,Dindigul,Tamil Nadu
2018-10-03,6.45,18.320000000000004,78.76000000000002,107.81,6.45,0,Dindigul,Tamil Nadu
2018-10-04,8.15,20.810000000000006,60.69000000000001,113.94,8.15,0,Dindigul,Tamil Nadu
2018-10-05,8.53,23.130000000000003,55.68000000000001,122.28999999999999,8.53,0,Dindigul,Tamil Nadu
2018-10-06,10.66,27.340000000000003,52.86000000000001,132.89,10.66,0,Dindigul,Tamil Nadu
2018-10-07,4.98,24.17,50.64000000000001,137.36,10.66,0,Dindigul,Tamil Nadu
2018-10-08,18.63,34.27,63.61000000000001,149.14000000000001,18.63,0,Dindigul,Tamil Nadu
2018-10-09,5.75,29.360000000000003,63.150000000000006,143.15,18.63,0,Dindigul,Tamil Nadu
2018-10-10,0.05,24.430000000000003,56.75000000000001,137.42999999999998,18.63,0,Dindigul,Tamil Nadu
2018-10-11,0.02,5.820000000000004,48.62000000000001,135.53,5.75,0,Dindigul,Tamil Nadu
2018-10-12,0.02,0.09000000000000355,40.110000000000014,109.33,0.05,0,Dindigul,Tamil Nadu
2018-10-13,1.21,1.2500000000000036,30.660000000000007,97.0,1.21,0,Dindigul,Tamil Nadu
2018-10-14,11.25,12.480000000000004,36.93000000000001,94.77000000000001,11.25,0,Dindigul,Tamil Nadu
2018-10-15,2.26,14.720000000000004,20.56000000000001,89.83,11.25,0,Dindigul,Tamil Nadu
2018-10-16,7.53,21.040000000000003,22.34000000000001,91.7,11.25,0,Dindigul,Tamil Nadu
2018-10-17,2.15,11.940000000000003,24.440000000000012,87.64,7.53,0,Dindigul,Tamil Nadu
2018-10-18,0.61,10.290000000000004,25.030000000000012,81.8,7.53,0,Dindigul,Tamil Nadu
2018-10-19,1.84,4.600000000000003,26.850000000000012,75.49000000000001,2.15,0,Dindigul,Tamil Nadu
2018-10-20,3.5,5.950000000000004,29.14000000000001,70.46000000000001,3.5,0,Dindigul,Tamil Nadu
2018-10-21,2.26,7.600000000000003,20.15000000000001,62.06,3.5,0,Dindigul,Tamil Nadu
2018-10-22,2.44,8.200000000000003,20.33000000000001,59.52,3.5,0,Dindigul,Tamil Nadu
2018-10-23,0.17,4.870000000000004,12.970000000000011,41.06,2.44,0,Dindigul,Tamil Nadu
2018-10-24,0.58,3.1900000000000035,11.400000000000011,35.89,2.44,0,Dindigul,Tamil Nadu
2018-10-25,0.71,1.4600000000000035,11.50000000000001,36.550000000000004,0.71,0,Dindigul,Tamil Nadu
2018-10-26,0.02,1.3100000000000036,9.68000000000001,36.55,0.71,0,Dindigul,Tamil Nadu
2018-10-27,0.04,0.7700000000000036,6.2200000000000095,36.57,0.71,0,Dindigul,Tamil Nadu
2018-10-28,0.0,0.06000000000000355,3.9600000000000106,35.36000000000001,0.04,0,Dindigul,Tamil Nadu
2018-10-29,0.0,0.04000000000000355,1.5200000000000107,24.11,0.04,0,Dindigul,Tamil Nadu
2018-10-30,0.11,0.11000000000000355,1.4600000000000106,21.96,0.11,0,Dindigul,Tamil Nadu
2018-10-31,1.88,1.9900000000000035,2.7600000000000104,16.310000000000002,1.88,0,Dindigul,Tamil Nadu
2018-11-01,7.27,9.260000000000003,9.320000000000011,21.43,7.27,0,Dindigul,Tamil Nadu
2018-11-02,10.18,19.330000000000005,19.48000000000001,31.0,10.18,0,Dindigul,Tamil Nadu
2018-11-03,13.34,30.790000000000006,32.780000000000015,42.5,13.34,0,Dindigul,Tamil Nadu
2018-11-04,1.42,24.94,34.20000000000001,40.42,13.34,0,Dindigul,Tamil Nadu
2018-11-05,0.47,15.230000000000004,34.67000000000001,38.63,13.34,0,Dindigul,Tamil Nadu
2018-11-06,0.21,2.1000000000000036,34.77000000000001,36.4,1.42,0,Dindigul,Tamil Nadu
2018-11-07,0.1,0.7800000000000036,32.99000000000001,36.33,0.47,0,Dindigul,Tamil Nadu
2018-11-08,0.89,1.2000000000000035,26.61000000000001,36.64,0.89,0,Dindigul,Tamil Nadu
2018-11-09,0.49,1.4800000000000035,16.92000000000001,36.419999999999995,0.89,0,Dindigul,Tamil Nadu
2018-11-10,0.01,1.3900000000000035,3.5900000000000105,36.41,0.89,0,Dindigul,Tamil Nadu
2018-11-11,0.02,0.5200000000000036,2.1900000000000106,36.39,0.49,0,Dindigul,Tamil Nadu
2018-11-12,0.0,0.03000000000000355,1.7200000000000106,36.39,0.02,0,Dindigul,Tamil Nadu
2018-11-13,0.0,0.02000000000000355,1.5100000000000107,36.39,0.02,0,Dindigul,Tamil Nadu
2018-11-14,0.0,0.0,1.4100000000000106,36.28,0.0,0,Dindigul,Tamil Nadu
2018-11-15,8.53,8.530000000000003,9.05000000000001,42.93,8.53,0,Dindigul,Tamil Nadu
2018-11-16,41.74,50.27,50.30000000000001,77.4,41.74,0,Dindigul,Tamil Nadu
2018-11-17,0.08,50.35,50.37000000000001,67.30000000000001,41.74,0,Dindigul,Tamil Nadu
2018-11-18,2.17,43.99,52.52000000000001,56.13,41.74,0,Dindigul,Tamil Nadu
2018-11-19,2.53,4.779999999999999,55.05000000000001,57.24,2.53,0,Dindigul,Tamil Nadu
2018-11-20,2.46,7.16,57.51000000000001,59.230000000000004,2.53,0,Dindigul,Tamil Nadu
2018-11-21,0.46,5.45,57.97000000000001,59.480000000000004,2.53,0,Dindigul,Tamil Nadu
2018-11-22,4.04,6.960000000000001,53.48000000000001,63.42,4.04,0,Dindigul,Tamil Nadu
2018-11-23,7.12,11.620000000000001,18.860000000000014,69.65,7.12,0,Dindigul,Tamil Nadu
2018-11-24,2.14,13.299999999999999,20.920000000000016,71.30000000000001,7.12,0,Dindigul,Tamil Nadu
2018-11-25,0.06,9.32,18.810000000000013,71.35,7.12,0,Dindigul,Tamil Nadu
2018-11-26,0.0,2.2,16.280000000000012,71.33,2.14,0,Dindigul,Tamil Nadu
2018-11-27,0.0,0.06,13.820000000000014,71.33,0.06,0,Dindigul,Tamil Nadu
2018-11-28,1.02,1.02,14.380000000000015,72.35000000000001,1.02,0,Dindigul,Tamil Nadu
2018-11-29,10.09,11.11,20.430000000000014,82.44,10.09,0,Dindigul,Tamil Nadu
2018-11-30,1.33,12.44,14.640000000000013,75.24000000000001,10.09,0,Dindigul,Tamil Nadu
2018-12-01,0.27,11.69,12.770000000000014,33.77,10.09,0,Dindigul,Tamil Nadu
2018-12-02,0.0,1.6,12.710000000000013,33.690000000000005,1.33,0,Dindigul,Tamil Nadu
2018-12-03,1.18,1.45,13.890000000000013,32.7,1.18,0,Dindigul,Tamil Nadu
2018-12-04,5.32,6.5,19.210000000000015,35.49,5.32,0,Dindigul,Tamil Nadu
2018-12-05,0.54,7.04,18.730000000000015,33.57,5.32,0,Dindigul,Tamil Nadu
2018-12-06,1.08,6.94,9.720000000000015,34.19,5.32,0,Dindigul,Tamil Nadu
2018-12-07,0.09,1.7100000000000002,8.480000000000015,30.24,1.08,0,Dindigul,Tamil Nadu
2018-12-08,0.0,1.1700000000000002,8.210000000000015,23.12,1.08,0,Dindigul,Tamil Nadu
2018-12-09,0.0,0.09,8.210000000000015,20.98,0.09,0,Dindigul,Tamil Nadu
2018-12-10,0.0,0.0,7.0300000000000145,20.92,0.0,0,Dindigul,Tamil Nadu
2018-12-11,0.0,0.0,1.7100000000000144,20.92,0.0,0,Dindigul,Tamil Nadu
2018-12-12,0.0,0.0,1.1700000000000144,20.92,0.0,0,Dindigul,Tamil Nadu
2018-12-13,0.0,0.0,0.09000000000001421,19.9,0.0,0,Dindigul,Tamil Nadu
2018-12-14,0.0,0.0,0.0,9.81,0.0,0,Dindigul,Tamil Nadu
2018-12-15,0.0,0.0,0.0,8.48,0.0,0,Dindigul,Tamil Nadu
2018-12-16,0.0,0.0,0.0,8.21,0.0,0,Dindigul,Tamil Nadu
2018-12-17,0.0,0.0,0.0,8.21,0.0,0,Dindigul,Tamil Nadu
2018-12-18,0.0,0.0,0.0,7.03,0.0,0,Dindigul,Tamil Nadu
2018-12-19,0.0,0.0,0.0,1.7100000000000002,0.0,0,Dindigul,Tamil Nadu
2018-12-20,0.0,0.0,0.0,1.1700000000000002,0.0,0,Dindigul,Tamil Nadu
2018-12-21,0.06,0.06,0.06000000000001421,0.15,0.06,0,Dindigul,Tamil Nadu
2018-12-22,1.01,1.07,1.0700000000000143,1.07,1.01,0,Dindigul,Tamil Nadu
2018-12-23,2.55,3.62,3.6200000000000143,3.62,2.55,0,Dindigul,Tamil Nadu
2018-12-24,0.28,3.84,3.9000000000000146,3.9000000000000004,2.55,0,Dindigul,Tamil Nadu
2018-12-25,0.02,2.85,3.920000000000014,3.92,2.55,0,Dindigul,Tamil Nadu
2018-12-26,0.0,0.3000000000000005,3.920000000000014,3.92,0.28,0,Dindigul,Tamil Nadu
2018-12-27,0.0,0.020000000000000445,3.920000000000014,3.92,0.02,0,Dindigul,Tamil Nadu
2018-12-28,0.01,0.010000000000000444,3.8700000000000143,3.93,0.01,0,Dindigul,Tamil Nadu
2018-12-29,0.03,0.040000000000000445,2.8900000000000143,3.96,0.03,0,Dindigul,Tamil Nadu
2018-12-30,0.01,0.05000000000000045,0.3500000000000147,3.97,0.03,0,Dindigul,Tamil Nadu
2018-12-31,0.0,0.040000000000000445,0.07000000000001465,3.97,0.03,0,Dindigul,Tamil Nadu
2019-01-01,0.0,0.010000000000000444,0.05000000000001465,3.97,0.01,0,Dindigul,Tamil Nadu
2019-01-02,0.0,0.0,0.05000000000001466,3.97,0.0,0,Dindigul,Tamil Nadu
2019-01-03,0.0,0.0,0.05000000000001466,3.97,0.0,0,Dindigul,Tamil Nadu
2019-01-04,0.0,0.0,0.040000000000014656,3.97,0.0,0,Dindigul,Tamil Nadu
2019-01-05,0.0,0.0,0.010000000000014655,3.91,0.0,0,Dindigul,Tamil Nadu
2019-01-06,0.0,0.0,0.0,2.9000000000000004,0.0,0,Dindigul,Tamil Nadu
2019-01-07,0.0,0.0,0.0,0.3500000000000005,0.0,0,Dindigul,Tamil Nadu
2019-01-08,0.0,0.0,0.0,0.07000000000000044,0.0,0,Dindigul,Tamil Nadu
2019-01-09,0.0,0.0,0.0,0.05000000000000044,0.0,0,Dindigul,Tamil Nadu
2019-01-10,0.0,0.0,0.0,0.05000000000000045,0.0,0,Dindigul,Tamil Nadu
2019-01-11,0.0,0.0,0.0,0.05000000000000045,0.0,0,Dindigul,Tamil Nadu
2019-01-12,0.0,0.0,0.0,0.040000000000000445,0.0,0,Dindigul,Tamil Nadu
2019-01-13,0.0,0.0,0.0,0.010000000000000444,0.0,0,Dindigul,Tamil Nadu
2019-01-14,0.08,0.08000000000000045,0.08000000000001466,0.08000000000000045,0.08,0,Dindigul,Tamil Nadu
2019-01-15,0.9,0.9800000000000004,0.9800000000000146,0.9800000000000004,0.9,0,Dindigul,Tamil Nadu
2019-01-16,0.0,0.9800000000000004,0.9800000000000146,0.9800000000000004,0.9,0,Dindigul,Tamil Nadu
2019-01-17,0.0,0.9000000000000005,0.9800000000000146,0.9800000000000004,0.9,0,Dindigul,Tamil Nadu
2019-01-18,0.0,0.0,0.9800000000000146,0.9800000000000004,0.0,0,Dindigul,Tamil Nadu
2019-01-19,0.0,0.0,0.9800000000000146,0.9800000000000004,0.0,0,Dindigul,Tamil Nadu
2019-01-20,0.0,0.0,0.9800000000000146,0.9800000000000004,0.0,0,Dindigul,Tamil Nadu
2019-01-21,0.0,0.0,0.9000000000000147,0.9800000000000004,0.0,0,Dindigul,Tamil Nadu
2019-01-22,0.0,0.0,0.0,0.9800000000000004,0.0,0,Dindigul,Tamil Nadu
2019-01-23,0.0,0.0,0.0,0.9800000000000004,0.0,0,Dindigul,Tamil Nadu
2019-01-24,0.0,0.0,0.0,0.9800000000000004,0.0,0,Dindigul,Tamil Nadu
2019-01-25,0.0,0.0,0.0,0.9800000000000004,0.0,0,Dindigul,Tamil Nadu
2019-01-26,0.0,0.0,0.0,0.9800000000000004,0.0,0,Dindigul,Tamil Nadu
2019-01-27,0.01,0.010000000000000444,0.010000000000014655,0.9900000000000004,0.01,0,Dindigul,Tamil Nadu
2019-01-28,0.02,0.030000000000000443,0.030000000000014654,1.0100000000000005,0.02,0,Dindigul,Tamil Nadu
2019-01-29,0.0,0.030000000000000446,0.030000000000014657,0.9300000000000005,0.02,0,Dindigul,Tamil Nadu
2019-01-30,0.01,0.03000000000000045,0.040000000000014656,0.040000000000000445,0.02,0,Dindigul,Tamil Nadu
2019-01-31,0.0,0.010000000000000444,0.040000000000014656,0.040000000000000445,0.01,0,Dindigul,Tamil Nadu
2019-02-01,0.0,0.010000000000000444,0.040000000000014656,0.040000000000000445,0.01,0,Dindigul,Tamil Nadu
2019-02-02,0.0,0.0,0.040000000000014656,0.040000000000000445,0.0,0,Dindigul,Tamil Nadu
2019-02-03,0.0,0.0,0.030000000000014654,0.040000000000000445,0.0,0,Dindigul,Tamil Nadu
2019-02-04,0.03,0.030000000000000443,0.040000000000014656,0.07000000000000045,0.03,0,Dindigul,Tamil Nadu
2019-02-05,0.03,0.06000000000000044,0.07000000000001466,0.10000000000000045,0.03,0,Dindigul,Tamil Nadu
2019-02-06,0.0,0.06000000000000044,0.06000000000001465,0.10000000000000045,0.03,0,Dindigul,Tamil Nadu
2019-02-07,0.0,0.030000000000000443,0.06000000000001465,0.10000000000000045,0.03,0,Dindigul,Tamil Nadu
2019-02-08,0.0,0.0,0.06000000000001465,0.10000000000000045,0.0,0,Dindigul,Tamil Nadu
2019-02-09,2.18,2.1800000000000006,2.240000000000015,2.2800000000000007,2.18,0,Dindigul,Tamil Nadu
2019-02-10,2.45,4.630000000000001,4.6900000000000155,4.73,2.45,0,Dindigul,Tamil Nadu
2019-02-11,0.15,4.780000000000001,4.810000000000015,4.870000000000001,2.45,0,Dindigul,Tamil Nadu
2019-02-12,0.0,2.6000000000000005,4.780000000000015,4.8500000000000005,2.45,0,Dindigul,Tamil Nadu
2019-02-13,0.0,0.15000000000000044,4.780000000000015,4.8500000000000005,0.15,0,Dindigul,Tamil Nadu
2019-02-14,0.0,0.0,4.780000000000015,4.840000000000001,0.0,0,Dindigul,Tamil Nadu
2019-02-15,0.08,0.08000000000000045,4.860000000000015,4.920000000000001,0.08,0,Dindigul,Tamil Nadu
2019-02-16,0.02,0.10000000000000045,2.700000000000015,4.94,0.08,0,Dindigul,Tamil Nadu
2019-02-17,0.11,0.21000000000000046,0.36000000000001464,5.050000000000001,0.11,0,Dindigul,Tamil Nadu
2019-02-18,0.13,0.26000000000000045,0.3400000000000146,5.180000000000001,0.13,0,Dindigul,Tamil Nadu
2019-02-19,0.34,0.5800000000000005,0.6800000000000147,5.49,0.34,0,Dindigul,Tamil Nadu
2019-02-20,0.13,0.6000000000000005,0.8100000000000147,5.590000000000002,0.34,0,Dindigul,Tamil Nadu
2019-02-21,0.0,0.4700000000000005,0.8100000000000147,5.590000000000002,0.34,0,Dindigul,Tamil Nadu
2019-02-22,0.0,0.13000000000000045,0.7300000000000147,5.590000000000002,0.13,0,Dindigul,Tamil Nadu
2019-02-23,0.0,0.0,0.7100000000000147,5.590000000000002,0.0,0,Dindigul,Tamil Nadu
2019-02-24,0.0,0.0,0.6000000000000147,3.4100000000000006,0.0,0,Dindigul,Tamil Nadu
2019-02-25,0.0,0.0,0.4700000000000147,0.9600000000000004,0.0,0,Dindigul,Tamil Nadu
2019-02-26,0.0,0.0,0.13000000000001466,0.8100000000000005,0.0,0,Dindigul,Tamil Nadu
2019-02-27,0.01,0.010000000000000444,0.010000000000014655,0.8200000000000004,0.01,0,Dindigul,Tamil Nadu
2019-02-28,0.07,0.08000000000000045,0.08000000000001466,0.8900000000000005,0.07,0,Dindigul,Tamil Nadu
2019-03-01,0.44,0.5200000000000005,0.5200000000000147,1.3300000000000005,0.44,0,Dindigul,Tamil Nadu
2019-03-02,1.04,1.5500000000000005,1.5600000000000147,2.2900000000000005,1.04,0,Dindigul,Tamil Nadu
2019-03-03,0.01,1.4900000000000004,1.5700000000000147,2.2800000000000002,1.04,0,Dindigul,Tamil Nadu
2019-03-04,0.0,1.0500000000000005,1.5700000000000147,2.1700000000000004,1.04,0,Dindigul,Tamil Nadu
2019-03-05,0.0,0.010000000000000444,1.5700000000000147,2.0400000000000005,0.01,0,Dindigul,Tamil Nadu
2019-03-06,0.54,0.5400000000000005,2.1000000000000147,2.2400000000000007,0.54,0,Dindigul,Tamil Nadu
2019-03-07,0.66,1.2000000000000006,2.690000000000015,2.770000000000001,0.66,0,Dindigul,Tamil Nadu
2019-03-08,0.01,1.2100000000000004,2.260000000000015,2.7800000000000007,0.66,0,Dindigul,Tamil Nadu
2019-03-09,2.03,2.7,3.250000000000014,4.8100000000000005,2.03,0,Dindigul,Tamil Nadu
2019-03-10,0.88,2.92,4.120000000000015,5.69,2.03,0,Dindigul,Tamil Nadu
2019-03-11,0.0,2.91,4.120000000000015,5.69,2.03,0,Dindigul,Tamil Nadu
2019-03-12,0.0,0.8800000000000004,4.120000000000015,5.69,0.88,0,Dindigul,Tamil Nadu
2019-03-13,0.0,0.0,3.5800000000000147,5.69,0.0,0,Dindigul,Tamil Nadu
2019-03-14,0.0,0.0,2.9200000000000146,5.680000000000001,0.0,0,Dindigul,Tamil Nadu
2019-03-15,0.0,0.0,2.9100000000000144,5.61,0.0,0,Dindigul,Tamil Nadu
2019-03-16,0.0,0.0,0.8800000000000147,5.17,0.0,0,Dindigul,Tamil Nadu
2019-03-17,0.0,0.0,0.0,4.13,0.0,0,Dindigul,Tamil Nadu
2019-03-18,0.01,0.010000000000000444,0.010000000000014655,4.13,0.01,0,Dindigul,Tamil Nadu
2019-03-19,0.01,0.020000000000000445,0.020000000000014655,4.140000000000001,0.01,0,Dindigul,Tamil Nadu
2019-03-20,0.01,0.03,0.030000000000014654,4.15,0.01,0,Dindigul,Tamil Nadu
2019-03-21,0.0,0.02000000000000044,0.030000000000014654,3.6100000000000003,0.01,0,Dindigul,Tamil Nadu
2019-03-22,0.0,0.010000000000000444,0.030000000000014654,2.95,0.01,0,Dindigul,Tamil Nadu
2019-03-23,0.0,0.0,0.030000000000014654,2.9400000000000004,0.0,0,Dindigul,Tamil Nadu
2019-03-24,0.0,0.0,0.030000000000014654,0.9100000000000005,0.0,0,Dindigul,Tamil Nadu
2019-03-25,0.0,0.0,0.020000000000014652,0.030000000000000443,0.0,0,Dindigul,Tamil Nadu
2019-03-26,0.0,0.0,0.010000000000014655,0.030000000000000443,0.0,0,Dindigul,Tamil Nadu
2019-03-27,0.0,0.0,0.0,0.030000000000000443,0.0,0,Dindigul,Tamil Nadu
2019-03-28,0.0,0.0,0.0,0.030000000000000443,0.0,0,Dindigul,Tamil Nadu
2019-03-29,0.0,0.0,0.0,0.030000000000000443,0.0,0,Dindigul,Tamil Nadu
2019-03-30,0.0,0.0,0.0,0.030000000000000443,0.0,0,Dindigul,Tamil Nadu
2019-03-31,0.0,0.0,0.0,0.030000000000000443,0.0,0,Dindigul,Tamil Nadu
2019-04-01,0.0,0.0,0.0,0.030000000000000443,0.0,0,Dindigul,Tamil Nadu
2019-04-02,0.0,0.0,0.0,0.02000000000000044,0.0,0,Dindigul,Tamil Nadu
2019-04-03,0.0,0.0,0.0,0.010000000000000444,0.0,0,Dindigul,Tamil Nadu
2019-04-04,0.01,0.010000000000000444,0.010000000000014655,0.010000000000000444,0.01,0,Dindigul,Tamil Nadu
2019-04-05,0.06,0.07000000000000044,0.07000000000001465,0.07000000000000044,0.06,0,Dindigul,Tamil Nadu
2019-04-06,0.01,0.08000000000000045,0.08000000000001466,0.08000000000000045,0.06,0,Dindigul,Tamil Nadu
2019-04-07,0.0,0.07000000000000045,0.08000000000001466,0.08000000000000045,0.06,0,Dindigul,Tamil Nadu
2019-04-08,0.01,0.020000000000000445,0.09000000000001465,0.09000000000000044,0.01,0,Dindigul,Tamil Nadu
2019-04-09,0.06,0.07000000000000044,0.15000000000001465,0.15000000000000044,0.06,0,Dindigul,Tamil Nadu
2019-04-10,0.02,0.09000000000000044,0.17000000000001464,0.17000000000000043,0.06,0,Dindigul,Tamil Nadu
2019-04-11,0.0,0.08000000000000045,0.16000000000001463,0.17000000000000043,0.06,0,Dindigul,Tamil Nadu
2019-04-12,0.0,0.020000000000000445,0.10000000000001465,0.17000000000000043,0.02,0,Dindigul,Tamil Nadu
2019-04-13,0.0,0.0,0.09000000000001465,0.17000000000000043,0.0,0,Dindigul,Tamil Nadu
2019-04-14,0.0,0.0,0.09000000000001465,0.17000000000000043,0.0,0,Dindigul,Tamil Nadu
2019-04-15,0.0,0.0,0.08000000000001466,0.17000000000000043,0.0,0,Dindigul,Tamil Nadu
2019-04-16,2.49,2.4900000000000007,2.510000000000015,2.6600000000000006,2.49,0,Dindigul,Tamil Nadu
2019-04-17,5.73,8.22,8.220000000000015,8.39,5.73,0,Dindigul,Tamil Nadu
2019-04-18,1.67,9.89,9.890000000000015,10.06,5.73,0,Dindigul,Tamil Nadu
2019-04-19,5.12,12.52,15.010000000000016,15.170000000000002,5.73,0,Dindigul,Tamil Nadu
2019-04-20,11.09,17.88,26.100000000000016,26.200000000000003,11.09,0,Dindigul,Tamil Nadu
2019-04-21,1.58,17.79,27.680000000000014,27.770000000000003,11.09,0,Dindigul,Tamil Nadu
2019-04-22,9.07,21.740000000000002,36.750000000000014,36.84,11.09,0,Dindigul,Tamil Nadu
2019-04-23,4.0,14.65,38.26000000000001,40.83,9.07,0,Dindigul,Tamil Nadu
2019-04-24,0.39,13.46,32.920000000000016,41.160000000000004,9.07,0,Dindigul,Tamil Nadu
2019-04-25,0.5,4.89,31.750000000000014,41.64,4.0,0,Dindigul,Tamil Nadu
2019-04-26,1.32,2.21,27.950000000000014,42.96,1.32,0,Dindigul,Tamil Nadu
2019-04-27,0.0,1.8199999999999998,16.860000000000014,42.96,1.32,0,Dindigul,Tamil Nadu
2019-04-28,0.0,1.3199999999999998,15.280000000000015,42.96,1.32,0,Dindigul,Tamil Nadu
2019-04-29,2.63,2.63,8.840000000000014,45.59,2.63,0,Dindigul,Tamil Nadu
2019-04-30,0.36,2.9899999999999998,5.200000000000014,45.95,2.63,0,Dindigul,Tamil Nadu
2019-05-01,0.14,3.13,4.950000000000014,43.60000000000001,2.63,0,Dindigul,Tamil Nadu
2019-05-02,0.0,0.5,4.450000000000014,37.870000000000005,0.36,0,Dindigul,Tamil Nadu
2019-05-03,0.0,0.14,3.130000000000014,36.2,0.14,0,Dindigul,Tamil Nadu
2019-05-04,0.0,0.0,3.130000000000014,31.080000000000002,0.0,0,Dindigul,Tamil Nadu
2019-05-05,0.0,0.0,3.130000000000014,19.990000000000002,0.0,0,Dindigul,Tamil Nadu
2019-05-06,0.18,0.18,0.6800000000000141,18.590000000000003,0.18,0,Dindigul,Tamil Nadu
2019-05-07,0.86,1.04,1.1800000000000144,10.380000000000003,0.86,0,Dindigul,Tamil Nadu
2019-05-08,0.74,1.7799999999999998,1.780000000000014,7.120000000000002,0.86,0,Dindigul,Tamil Nadu
2019-05-09,0.89,2.49,2.670000000000014,7.620000000000002,0.89,0,Dindigul,Tamil Nadu
2019-05-10,1.25,2.88,3.920000000000014,8.370000000000001,1.25,0,Dindigul,Tamil Nadu
2019-05-11,0.07,2.2099999999999995,3.990000000000014,7.120000000000002,1.25,0,Dindigul,Tamil Nadu
2019-05-12,0.09,1.41,4.080000000000014,7.210000000000002,1.25,0,Dindigul,Tamil Nadu
2019-05-13,0.01,0.17,3.9100000000000144,7.2200000000000015,0.09,0,Dindigul,Tamil Nadu
2019-05-14,0.14,0.24000000000000002,3.190000000000014,4.730000000000001,0.14,0,Dindigul,Tamil Nadu
2019-05-15,3.16,3.31,5.6100000000000145,7.530000000000001,3.16,0,Dindigul,Tamil Nadu
2019-05-16,0.53,3.83,5.250000000000015,7.920000000000002,3.16,0,Dindigul,Tamil Nadu
2019-05-17,2.3,5.99,6.300000000000014,10.220000000000002,3.16,0,Dindigul,Tamil Nadu
2019-05-18,0.32,3.1499999999999995,6.550000000000015,10.540000000000001,2.3,0,Dindigul,Tamil Nadu
2019-05-19,0.0,2.619999999999999,6.460000000000015,10.540000000000001,2.3,0,Dindigul,Tamil Nadu
2019-05-20,0.0,0.31999999999999956,6.450000000000014,10.540000000000001,0.32,0,Dindigul,Tamil Nadu
2019-05-21,0.0,0.0,6.310000000000015,10.360000000000001,0.0,0,Dindigul,Tamil Nadu
2019-05-22,0.04,0.03999999999999956,3.190000000000014,9.540000000000001,0.04,0,Dindigul,Tamil Nadu
2019-05-23,0.13,0.16999999999999957,2.7900000000000147,8.930000000000001,0.13,0,Dindigul,Tamil Nadu
2019-05-24,0.26,0.4299999999999996,0.7500000000000147,8.3,0.26,0,Dindigul,Tamil Nadu
2019-05-25,0.55,0.9399999999999997,0.9800000000000146,7.600000000000001,0.55,0,Dindigul,Tamil Nadu
2019-05-26,0.23,1.0399999999999998,1.2100000000000146,7.760000000000002,0.55,0,Dindigul,Tamil Nadu
2019-05-27,0.19,0.9699999999999998,1.4000000000000146,7.860000000000001,0.55,0,Dindigul,Tamil Nadu
2019-05-28,3.7,4.12,5.100000000000015,11.550000000000002,3.7,0,Dindigul,Tamil Nadu
2019-05-29,2.52,6.41,7.580000000000014,13.930000000000001,3.7,0,Dindigul,Tamil Nadu
2019-05-30,4.38,10.6,11.830000000000016,15.150000000000002,4.38,0,Dindigul,Tamil Nadu
2019-05-31,5.53,12.43,17.100000000000016,20.150000000000002,5.53,0,Dindigul,Tamil Nadu
2019-06-01,0.38,10.290000000000001,16.930000000000014,18.23,5.53,1,Dindigul,Tamil Nadu
2019-06-02,0.95,6.86,17.650000000000013,18.86,5.53,1,Dindigul,Tamil Nadu
2019-06-03,0.36,1.69,17.820000000000018,19.220000000000002,0.95,1,Dindigul,Tamil Nadu
2019-06-04,5.78,7.09,19.900000000000016,25.0,5.78,1,Dindigul,Tamil Nadu
2019-06-05,19.06,25.2,36.44000000000001,44.06,19.06,1,Dindigul,Tamil Nadu
2019-06-06,0.44,25.28,32.500000000000014,44.46,19.06,1,Dindigul,Tamil Nadu
2019-06-07,4.28,23.78,31.250000000000014,48.61,19.06,1,Dindigul,Tamil Nadu
2019-06-08,0.53,5.250000000000001,31.400000000000013,48.88,4.28,1,Dindigul,Tamil Nadu
2019-06-09,0.98,5.79,31.430000000000014,49.31000000000001,4.28,1,Dindigul,Tamil Nadu
2019-06-10,0.94,2.45,32.01000000000001,50.02,0.98,1,Dindigul,Tamil Nadu
2019-06-11,0.7,2.62,26.930000000000014,50.53,0.98,1,Dindigul,Tamil Nadu
2019-06-12,0.14,1.7799999999999998,8.010000000000018,46.97,0.94,1,Dindigul,Tamil Nadu
2019-06-13,0.63,1.47,8.200000000000017,45.080000000000005,0.7,1,Dindigul,Tamil Nadu
2019-06-14,0.35,1.12,4.270000000000017,41.050000000000004,0.63,1,Dindigul,Tamil Nadu
2019-06-15,0.47,1.45,4.210000000000018,35.99,0.63,1,Dindigul,Tamil Nadu
2019-06-16,0.13,0.95,3.360000000000018,35.74000000000001,0.47,1,Dindigul,Tamil Nadu
2019-06-17,0.01,0.61,2.4300000000000175,34.800000000000004,0.47,1,Dindigul,Tamil Nadu
2019-06-18,0.09,0.22999999999999998,1.8200000000000178,34.53,0.13,1,Dindigul,Tamil Nadu
2019-06-19,0.26,0.36,1.9400000000000177,29.01,0.26,1,Dindigul,Tamil Nadu
2019-06-20,0.23,0.58,1.5400000000000178,10.180000000000003,0.26,1,Dindigul,Tamil Nadu
2019-06-21,0.88,1.37,2.0700000000000176,10.620000000000005,0.88,1,Dindigul,Tamil Nadu
2019-06-22,0.69,1.7999999999999998,2.290000000000018,7.030000000000003,0.88,1,Dindigul,Tamil Nadu
2019-06-23,0.66,2.23,2.820000000000018,7.160000000000003,0.88,1,Dindigul,Tamil Nadu
2019-06-24,0.5,1.85,3.310000000000018,6.680000000000003,0.69,1,Dindigul,Tamil Nadu
2019-06-25,1.61,2.7700000000000005,4.830000000000018,7.350000000000003,1.61,1,Dindigul,Tamil Nadu
2019-06-26,0.19,2.3000000000000003,4.760000000000018,6.840000000000004,1.61,1,Dindigul,Tamil Nadu
2019-06-27,0.0,1.8,4.530000000000018,6.700000000000004,1.61,1,Dindigul,Tamil Nadu
2019-06-28,0.0,0.19,3.6500000000000177,6.070000000000004,0.19,1,Dindigul,Tamil Nadu
2019-06-29,0.0,0.0,2.9600000000000177,5.720000000000004,0.0,1,Dindigul,Tamil Nadu
2019-06-30,0.0,0.0,2.3000000000000176,5.2500000000000036,0.0,1,Dindigul,Tamil Nadu
2019-07-01,0.0,0.0,1.8000000000000176,5.120000000000004,0.0,1,Dindigul,Tamil Nadu
2019-07-02,0.2,0.2,0.3900000000000178,5.310000000000003,0.2,1,Dindigul,Tamil Nadu
2019-07-03,0.08,0.28,0.2800000000000178,5.300000000000003,0.2,1,Dindigul,Tamil Nadu
2019-07-04,0.7,0.98,0.9800000000000177,5.740000000000004,0.7,1,Dindigul,Tamil Nadu
2019-07-05,0.15,0.93,1.1300000000000177,5.660000000000004,0.7,1,Dindigul,Tamil Nadu
2019-07-06,0.25,1.0999999999999999,1.3800000000000177,5.030000000000004,0.7,1,Dindigul,Tamil Nadu
2019-07-07,0.15,0.55,1.5300000000000178,4.490000000000003,0.25,1,Dindigul,Tamil Nadu
2019-07-08,0.16,0.5599999999999999,1.6900000000000177,3.9900000000000033,0.25,1,Dindigul,Tamil Nadu
2019-07-09,0.51,0.82,2.0000000000000178,4.0000000000000036,0.51,1,Dindigul,Tamil Nadu
2019-07-10,1.35,2.02,3.270000000000018,3.7400000000000038,1.35,1,Dindigul,Tamil Nadu
2019-07-11,0.44,2.3000000000000003,3.010000000000018,3.9900000000000038,1.35,1,Dindigul,Tamil Nadu
2019-07-12,0.02,1.81,2.8800000000000177,4.010000000000003,1.35,1,Dindigul,Tamil Nadu
2019-07-13,0.37,0.8300000000000001,3.0000000000000178,4.3800000000000034,0.44,1,Dindigul,Tamil Nadu
2019-07-14,1.05,1.4400000000000002,3.900000000000018,5.430000000000003,1.05,1,Dindigul,Tamil Nadu
2019-07-15,4.28,5.7,8.020000000000017,9.710000000000004,4.28,1,Dindigul,Tamil Nadu
2019-07-16,1.66,6.99,9.170000000000018,11.370000000000005,4.28,1,Dindigul,Tamil Nadu
2019-07-17,0.65,6.59,8.470000000000018,11.820000000000006,4.28,1,Dindigul,Tamil Nadu
2019-07-18,9.42,11.73,17.450000000000017,21.160000000000004,9.42,1,Dindigul,Tamil Nadu
2019-07-19,1.45,11.519999999999998,18.880000000000017,21.910000000000007,9.42,1,Dindigul,Tamil Nadu
2019-07-20,0.44,11.309999999999999,18.950000000000017,22.200000000000003,9.42,1,Dindigul,Tamil Nadu
2019-07-21,0.45,2.339999999999998,18.35000000000002,22.400000000000006,1.45,1,Dindigul,Tamil Nadu
2019-07-22,1.01,1.8999999999999984,15.080000000000018,23.260000000000005,1.01,1,Dindigul,Tamil Nadu
2019-07-23,0.96,2.419999999999998,14.380000000000019,24.060000000000006,1.01,1,Dindigul,Tamil Nadu
2019-07-24,3.61,5.579999999999998,17.340000000000018,27.160000000000004,3.61,1,Dindigul,Tamil Nadu
2019-07-25,3.94,8.509999999999998,11.860000000000017,29.750000000000007,3.94,1,Dindigul,Tamil Nadu
2019-07-26,1.25,8.799999999999999,11.660000000000018,30.560000000000006,3.94,1,Dindigul,Tamil Nadu
2019-07-27,0.0,5.1899999999999995,11.220000000000017,30.540000000000006,3.94,1,Dindigul,Tamil Nadu
2019-07-28,0.03,1.2799999999999987,10.800000000000018,30.200000000000003,1.25,1,Dindigul,Tamil Nadu
2019-07-29,0.04,0.06999999999999867,9.830000000000018,29.190000000000005,0.04,1,Dindigul,Tamil Nadu
2019-07-30,0.01,0.07999999999999867,8.880000000000017,24.92,0.04,1,Dindigul,Tamil Nadu
2019-07-31,0.0,0.04999999999999867,5.270000000000017,23.260000000000005,0.04,1,Dindigul,Tamil Nadu
2019-08-01,0.05,0.05999999999999867,1.3800000000000177,22.660000000000004,0.05,1,Dindigul,Tamil Nadu
2019-08-02,0.11,0.15999999999999867,0.24000000000001775,13.350000000000003,0.11,1,Dindigul,Tamil Nadu
2019-08-03,0.03,0.18999999999999867,0.2700000000000178,11.930000000000003,0.11,1,Dindigul,Tamil Nadu
2019-08-04,0.87,1.0099999999999987,1.1100000000000179,12.360000000000003,0.87,1,Dindigul,Tamil Nadu
2019-08-05,1.6,2.4999999999999987,2.6700000000000177,13.510000000000003,1.6,1,Dindigul,Tamil Nadu
2019-08-06,2.47,4.9399999999999995,5.1300000000000185,14.970000000000004,2.47,1,Dindigul,Tamil Nadu
2019-08-07,3.3,7.369999999999999,8.430000000000017,17.310000000000002,3.3,1,Dindigul,Tamil Nadu
2019-08-08,12.83,18.6,21.21000000000002,26.530000000000005,12.83,1,Dindigul,Tamil Nadu
2019-08-09,10.64,26.770000000000003,31.74000000000002,33.230000000000004,12.83,1,Dindigul,Tamil Nadu
2019-08-10,0.94,24.41,32.65000000000002,32.92,12.83,1,Dindigul,Tamil Nadu
2019-08-11,0.2,11.78,31.98000000000002,33.120000000000005,10.64,1,Dindigul,Tamil Nadu
2019-08-12,0.09,1.2299999999999982,30.47000000000002,33.18,0.94,1,Dindigul,Tamil Nadu
2019-08-13,3.04,3.3299999999999983,31.04000000000002,36.18000000000001,3.04,1,Dindigul,Tamil Nadu
2019-08-14,2.58,5.709999999999998,30.32000000000002,38.75000000000001,3.04,1,Dindigul,Tamil Nadu
2019-08-15,0.15,5.769999999999999,17.640000000000022,38.900000000000006,3.04,1,Dindigul,Tamil Nadu
2019-08-16,6.81,9.54,13.81000000000002,45.66000000000001,6.81,1,Dindigul,Tamil Nadu
2019-08-17,6.33,13.29,19.20000000000002,51.88,6.81,1,Dindigul,Tamil Nadu
2019-08-18,9.54,22.68,28.54000000000002,61.39000000000001,9.54,1,Dindigul,Tamil Nadu
2019-08-19,17.39,33.260000000000005,45.84000000000002,77.91,17.39,1,Dindigul,Tamil Nadu
2019-08-20,5.38,32.31,48.18000000000002,81.69000000000001,17.39,1,Dindigul,Tamil Nadu
2019-08-21,2.52,25.29,48.12000000000002,81.74000000000001,17.39,1,Dindigul,Tamil Nadu
2019-08-22,2.85,10.75,50.82000000000002,81.28999999999999,5.38,1,Dindigul,Tamil Nadu
2019-08-23,0.55,5.92,44.560000000000024,69.01,2.85,1,Dindigul,Tamil Nadu
2019-08-24,0.54,3.9400000000000004,38.77000000000002,58.910000000000004,2.85,1,Dindigul,Tamil Nadu
2019-08-25,1.6,2.6900000000000004,30.830000000000023,59.57,1.6,1,Dindigul,Tamil Nadu
2019-08-26,0.75,2.8900000000000006,14.19000000000002,60.120000000000005,1.6,1,Dindigul,Tamil Nadu
2019-08-27,0.27,2.62,9.080000000000021,60.300000000000004,1.6,1,Dindigul,Tamil Nadu
2019-08-28,0.3,1.32,6.860000000000021,57.56,0.75,1,Dindigul,Tamil Nadu
2019-08-29,5.11,5.680000000000001,9.120000000000022,60.09,5.11,1,Dindigul,Tamil Nadu
2019-08-30,0.13,5.54,8.70000000000002,60.07,5.11,1,Dindigul,Tamil Nadu
2019-08-31,0.45,5.69,8.61000000000002,53.71000000000001,5.11,1,Dindigul,Tamil Nadu
2019-09-01,0.46,1.04,7.470000000000021,47.84,0.46,1,Dindigul,Tamil Nadu
2019-09-02,1.37,2.2800000000000002,8.090000000000021,39.67,1.37,1,Dindigul,Tamil Nadu
2019-09-03,1.18,3.0100000000000002,9.000000000000021,23.460000000000004,1.37,1,Dindigul,Tamil Nadu
2019-09-04,0.59,3.14,9.29000000000002,18.670000000000005,1.37,1,Dindigul,Tamil Nadu
2019-09-05,0.4,2.17,4.580000000000021,16.550000000000004,1.18,1,Dindigul,Tamil Nadu
2019-09-06,0.5,1.4900000000000002,4.9500000000000215,14.200000000000003,0.59,1,Dindigul,Tamil Nadu
2019-09-07,0.23,1.1300000000000003,4.730000000000022,13.880000000000003,0.5,1,Dindigul,Tamil Nadu
2019-09-08,0.55,1.2800000000000002,4.820000000000022,13.890000000000004,0.55,1,Dindigul,Tamil Nadu
2019-09-09,0.13,0.9100000000000003,3.5800000000000214,12.420000000000003,0.55,1,Dindigul,Tamil Nadu
2019-09-10,4.98,5.660000000000001,7.380000000000022,16.650000000000006,4.98,1,Dindigul,Tamil Nadu
2019-09-11,11.15,16.26,17.940000000000023,27.530000000000005,11.15,1,Dindigul,Tamil Nadu
2019-09-12,3.73,19.860000000000003,21.27000000000002,30.960000000000004,11.15,1,Dindigul,Tamil Nadu
2019-09-13,22.67,37.550000000000004,43.440000000000026,48.52000000000001,22.67,1,Dindigul,Tamil Nadu
2019-09-14,2.64,29.040000000000003,45.85000000000002,51.03,22.67,1,Dindigul,Tamil Nadu
2019-09-15,7.98,33.290000000000006,53.28000000000003,58.56000000000001,22.67,1,Dindigul,Tamil Nadu
2019-09-16,12.7,23.32,65.85000000000002,70.80000000000001,12.7,1,Dindigul,Tamil Nadu
2019-09-17,7.38,28.06,68.25000000000003,76.81,12.7,1,Dindigul,Tamil Nadu
2019-09-18,3.04,23.119999999999997,60.14000000000002,78.67000000000002,12.7,1,Dindigul,Tamil Nadu
2019-09-19,6.63,17.05,63.04000000000002,84.71000000000001,7.38,1,Dindigul,Tamil Nadu
2019-09-20,0.87,10.540000000000001,41.24000000000002,85.18,6.63,1,Dindigul,Tamil Nadu
2019-09-21,0.64,8.14,39.24000000000002,85.32000000000001,6.63,1,Dindigul,Tamil Nadu
2019-09-22,4.76,6.27,36.02000000000002,89.85000000000001,4.76,1,Dindigul,Tamil Nadu
2019-09-23,23.47,28.869999999999997,46.79000000000002,112.77,23.47,1,Dindigul,Tamil Nadu
2019-09-24,7.97,36.199999999999996,47.38000000000002,120.61,23.47,1,Dindigul,Tamil Nadu
2019-09-25,7.63,39.07,51.97000000000002,123.26,23.47,1,Dindigul,Tamil Nadu
2019-09-26,1.52,17.12,46.86000000000002,113.63000000000001,7.97,1,Dindigul,Tamil Nadu
2019-09-27,4.19,13.340000000000002,50.18000000000002,114.09,7.63,1,Dindigul,Tamil Nadu
2019-09-28,7.47,13.18,57.01000000000002,98.89,7.47,1,Dindigul,Tamil Nadu
2019-09-29,7.73,19.39,59.98000000000002,103.98,7.73,1,Dindigul,Tamil Nadu
2019-09-30,18.19,33.39,54.700000000000024,114.19,18.19,1,Dindigul,Tamil Nadu
2019-10-01,1.43,27.35,48.160000000000025,102.92000000000002,18.19,0,Dindigul,Tamil Nadu
2019-10-02,2.73,22.35,43.26000000000002,98.27000000000001,18.19,0,Dindigul,Tamil Nadu
2019-10-03,0.79,4.95,42.53000000000003,96.02000000000001,2.73,0,Dindigul,Tamil Nadu
2019-10-04,0.23,3.7500000000000004,38.57000000000002,89.62,2.73,0,Dindigul,Tamil Nadu
2019-10-05,0.46,1.48,31.560000000000024,89.21000000000001,0.79,0,Dindigul,Tamil Nadu
2019-10-06,2.0,2.69,25.830000000000023,90.57000000000001,2.0,0,Dindigul,Tamil Nadu
2019-10-07,4.8,7.26,12.44000000000002,90.61,4.8,0,Dindigul,Tamil Nadu
2019-10-08,7.03,13.83,18.04000000000002,74.17,7.03,0,Dindigul,Tamil Nadu
2019-10-09,2.02,13.85,17.33000000000002,68.22000000000001,7.03,0,Dindigul,Tamil Nadu
2019-10-10,0.28,9.330000000000002,16.82000000000002,60.870000000000005,7.03,0,Dindigul,Tamil Nadu
2019-10-11,5.85,8.149999999999999,22.44000000000002,65.2,5.85,0,Dindigul,Tamil Nadu
2019-10-12,5.11,11.24,27.09000000000002,66.12,5.85,0,Dindigul,Tamil Nadu
2019-10-13,14.88,25.84,39.97000000000002,73.53,14.88,0,Dindigul,Tamil Nadu
2019-10-14,4.72,24.71,39.89000000000002,70.52,14.88,0,Dindigul,Tamil Nadu
2019-10-15,5.56,25.160000000000004,38.42000000000002,57.89,14.88,0,Dindigul,Tamil Nadu
2019-10-16,28.37,38.65,64.77000000000001,84.83000000000001,28.37,0,Dindigul,Tamil Nadu
2019-10-17,15.02,48.95,79.51000000000002,97.12,28.37,0,Dindigul,Tamil Nadu
2019-10-18,9.9,53.29,83.56000000000002,106.23,28.37,0,Dindigul,Tamil Nadu
2019-10-19,5.38,30.3,83.83000000000003,111.38000000000001,15.02,0,Dindigul,Tamil Nadu
2019-10-20,12.56,27.84,81.51000000000002,123.48000000000002,12.56,0,Dindigul,Tamil Nadu
2019-10-21,20.35,38.29,97.14000000000001,141.83,20.35,0,Dindigul,Tamil Nadu
2019-10-22,4.61,37.52,96.19000000000003,141.64000000000001,20.35,0,Dindigul,Tamil Nadu
2019-10-23,16.29,41.25,84.11000000000001,150.9,20.35,0,Dindigul,Tamil Nadu
2019-10-24,2.23,23.13,71.32000000000002,151.11,16.29,0,Dindigul,Tamil Nadu
2019-10-25,0.24,18.759999999999998,61.66000000000002,151.07000000000002,16.29,0,Dindigul,Tamil Nadu
2019-10-26,0.63,3.1,56.910000000000025,145.85,2.23,0,Dindigul,Tamil Nadu
2019-10-27,1.76,2.63,46.11000000000002,142.5,1.76,0,Dindigul,Tamil Nadu
2019-10-28,3.16,5.55,28.92000000000002,130.78,3.16,0,Dindigul,Tamil Nadu
2019-10-29,13.53,18.45,37.84000000000002,139.59,13.53,0,Dindigul,Tamil Nadu
2019-10-30,39.51,56.199999999999996,61.06000000000002,173.54,39.51,0,Dindigul,Tamil Nadu
2019-10-31,5.48,58.519999999999996,64.31000000000002,150.65,39.51,0,Dindigul,Tamil Nadu
2019-11-01,0.49,45.48,64.56000000000002,136.12,39.51,0,Dindigul,Tamil Nadu
2019-11-02,0.81,6.78,64.74000000000001,127.03,5.48,0,Dindigul,Tamil Nadu
2019-11-03,3.78,5.08,66.76000000000002,125.43,3.78,0,Dindigul,Tamil Nadu
2019-11-04,2.11,6.699999999999999,65.71000000000001,114.98,3.78,0,Dindigul,Tamil Nadu
2019-11-05,0.03,5.92,52.21000000000002,94.66,3.78,0,Dindigul,Tamil Nadu
2019-11-06,0.28,2.42,12.980000000000022,90.33,2.11,0,Dindigul,Tamil Nadu
2019-11-07,6.11,6.42,13.61000000000002,80.15,6.11,0,Dindigul,Tamil Nadu
2019-11-08,4.37,10.760000000000002,17.490000000000023,82.28999999999999,6.11,0,Dindigul,Tamil Nadu
2019-11-09,7.09,17.57,23.770000000000024,89.14,7.09,0,Dindigul,Tamil Nadu
2019-11-10,3.09,14.55,23.08000000000002,91.60000000000001,7.09,0,Dindigul,Tamil Nadu
2019-11-11,1.01,11.19,21.98000000000002,90.85000000000001,7.09,0,Dindigul,Tamil Nadu
2019-11-12,0.2,4.3,22.15000000000002,87.89,3.09,0,Dindigul,Tamil Nadu
2019-11-13,0.07,1.28,21.94000000000002,74.43,1.01,0,Dindigul,Tamil Nadu
2019-11-14,4.31,4.58,20.140000000000022,39.230000000000004,4.31,0,Dindigul,Tamil Nadu
2019-11-15,4.16,8.54,19.93000000000002,37.910000000000004,4.31,0,Dindigul,Tamil Nadu
2019-11-16,2.54,11.009999999999998,15.38000000000002,39.96000000000001,4.31,0,Dindigul,Tamil Nadu
2019-11-17,0.53,7.23,12.820000000000022,39.68000000000001,4.16,0,Dindigul,Tamil Nadu
2019-11-18,1.77,4.84,13.580000000000021,37.67000000000001,2.54,0,Dindigul,Tamil Nadu
2019-11-19,0.36,2.66,13.74000000000002,35.92000000000001,1.77,0,Dindigul,Tamil Nadu
2019-11-20,4.17,6.3,17.84000000000002,40.06,4.17,0,Dindigul,Tamil Nadu
2019-11-21,1.76,6.29,15.290000000000022,41.540000000000006,4.17,0,Dindigul,Tamil Nadu
2019-11-22,3.18,9.11,14.310000000000022,38.61000000000001,4.17,0,Dindigul,Tamil Nadu
2019-11-23,0.83,5.7700000000000005,12.600000000000021,35.07000000000001,3.18,0,Dindigul,Tamil Nadu
2019-11-24,2.34,6.3500000000000005,14.410000000000021,30.320000000000007,3.18,0,Dindigul,Tamil Nadu
2019-11-25,0.68,3.85,13.320000000000022,27.910000000000007,2.34,0,Dindigul,Tamil Nadu
2019-11-26,0.44,3.46,13.400000000000022,27.340000000000007,2.34,0,Dindigul,Tamil Nadu
2019-11-27,4.13,5.25,13.360000000000023,31.270000000000007,4.13,0,Dindigul,Tamil Nadu
2019-11-28,11.97,16.54,23.57000000000002,43.17000000000001,11.97,0,Dindigul,Tamil Nadu
2019-11-29,12.5,28.6,32.89000000000002,51.360000000000014,12.5,0,Dindigul,Tamil Nadu
2019-11-30,12.8,37.27,44.86000000000003,60.00000000000001,12.8,0,Dindigul,Tamil Nadu
2019-12-01,14.69,39.99,57.21000000000002,72.15,14.69,0,Dindigul,Tamil Nadu
2019-12-02,11.41,38.900000000000006,67.94000000000003,83.03,14.69,0,Dindigul,Tamil Nadu
2019-12-03,2.46,28.56,69.96000000000002,83.72000000000001,14.69,0,Dindigul,Tamil Nadu
2019-12-04,1.09,14.96,66.92000000000003,84.45000000000002,11.41,0,Dindigul,Tamil Nadu
2019-12-05,2.39,5.94,57.340000000000025,82.67000000000002,2.46,0,Dindigul,Tamil Nadu
2019-12-06,1.01,4.49,45.85000000000002,81.92,2.39,0,Dindigul,Tamil Nadu
2019-12-07,3.27,6.670000000000001,36.32000000000002,82.01000000000002,3.27,0,Dindigul,Tamil Nadu
2019-12-08,0.15,4.430000000000001,21.78000000000002,81.33000000000001,3.27,0,Dindigul,Tamil Nadu
2019-12-09,0.03,3.4500000000000006,10.400000000000022,79.02000000000001,3.27,0,Dindigul,Tamil Nadu
2019-12-10,0.0,0.18,7.940000000000022,78.34,0.15,0,Dindigul,Tamil Nadu
2019-12-11,0.0,0.03,6.850000000000022,77.9,0.03,0,Dindigul,Tamil Nadu
2019-12-12,0.02,0.02,4.480000000000022,73.79,0.02,0,Dindigul,Tamil Nadu
2019-12-13,5.78,5.8,9.250000000000021,67.60000000000001,5.78,0,Dindigul,Tamil Nadu
2019-12-14,7.03,12.83,13.010000000000023,62.13000000000001,7.03,0,Dindigul,Tamil Nadu
2019-12-15,1.46,14.27,14.320000000000022,50.790000000000006,7.03,0,Dindigul,Tamil Nadu
2019-12-16,0.35,8.84,14.640000000000022,36.45000000000001,7.03,0,Dindigul,Tamil Nadu
2019-12-17,0.81,2.62,15.450000000000022,25.85000000000001,1.46,0,Dindigul,Tamil Nadu
2019-12-18,0.12,1.28,15.570000000000022,23.51000000000001,0.81,0,Dindigul,Tamil Nadu
2019-12-19,0.05,0.9800000000000001,15.600000000000023,22.470000000000006,0.81,0,Dindigul,Tamil Nadu
2019-12-20,0.2,0.37,10.020000000000021,20.28000000000001,0.2,0,Dindigul,Tamil Nadu
2019-12-21,0.01,0.26,3.0000000000000213,19.28000000000001,0.2,0,Dindigul,Tamil Nadu
2019-12-22,0.05,0.26,1.5900000000000214,16.060000000000006,0.2,0,Dindigul,Tamil Nadu
2019-12-23,0.01,0.07,1.2500000000000215,15.920000000000007,0.05,0,Dindigul,Tamil Nadu
2019-12-24,2.87,2.93,3.3100000000000214,18.76000000000001,2.87,0,Dindigul,Tamil Nadu
2019-12-25,3.29,6.17,6.480000000000022,22.050000000000008,3.29,0,Dindigul,Tamil Nadu
2019-12-26,0.05,6.210000000000001,6.480000000000022,22.10000000000001,3.29,0,Dindigul,Tamil Nadu
2019-12-27,0.0,3.34,6.280000000000022,22.08000000000001,3.29,0,Dindigul,Tamil Nadu
2019-12-28,0.0,0.05,6.270000000000022,16.300000000000008,0.05,0,Dindigul,Tamil Nadu
2019-12-29,0.01,0.01,6.230000000000022,9.280000000000006,0.01,0,Dindigul,Tamil Nadu
2019-12-30,0.01,0.02,6.230000000000021,7.830000000000007,0.01,0,Dindigul,Tamil Nadu
2019-12-31,0.1,0.12000000000000001,3.4600000000000213,7.580000000000008,0.1,0,Dindigul,Tamil Nadu
2020-01-01,0.08,0.19,0.2500000000000213,6.850000000000008,0.1,0,Dindigul,Tamil Nadu
2020-01-02,0.0,0.18,0.20000000000002133,6.7300000000000075,0.1,0,Dindigul,Tamil Nadu
2020-01-03,0.0,0.08,0.20000000000002133,6.680000000000008,0.08,0,Dindigul,Tamil Nadu
2020-01-04,0.01,0.01,0.21000000000002134,6.490000000000007,0.01,0,Dindigul,Tamil Nadu
2020-01-05,0.01,0.02,0.21000000000002134,6.490000000000007,0.01,0,Dindigul,Tamil Nadu
2020-01-06,0.36,0.38,0.5600000000000214,6.800000000000008,0.36,0,Dindigul,Tamil Nadu
2020-01-07,0.34,0.71,0.8000000000000214,7.130000000000008,0.36,0,Dindigul,Tamil Nadu
2020-01-08,0.06,0.76,0.7800000000000213,4.3200000000000065,0.36,0,Dindigul,Tamil Nadu
2020-01-09,0.0,0.4,0.7800000000000213,1.0300000000000071,0.34,0,Dindigul,Tamil Nadu
2020-01-10,0.0,0.06,0.7800000000000213,0.9800000000000071,0.06,0,Dindigul,Tamil Nadu
2020-01-11,0.0,0.0,0.7700000000000213,0.9800000000000071,0.0,0,Dindigul,Tamil Nadu
2020-01-12,0.0,0.0,0.7600000000000213,0.9800000000000071,0.0,0,Dindigul,Tamil Nadu
2020-01-13,0.0,0.0,0.40000000000002134,0.9700000000000071,0.0,0,Dindigul,Tamil Nadu
2020-01-14,0.0,0.0,0.060000000000021314,0.9600000000000072,0.0,0,Dindigul,Tamil Nadu
2020-01-15,0.0,0.0,0.0,0.8600000000000071,0.0,0,Dindigul,Tamil Nadu
2020-01-16,0.0,0.0,0.0,0.7800000000000071,0.0,0,Dindigul,Tamil Nadu
2020-01-17,0.17,0.17,0.17000000000002133,0.9500000000000072,0.17,0,Dindigul,Tamil Nadu
2020-01-18,1.32,1.49,1.4900000000000213,2.270000000000007,1.32,0,Dindigul,Tamil Nadu
2020-01-19,0.89,2.38,2.380000000000021,3.150000000000007,1.32,0,Dindigul,Tamil Nadu
2020-01-20,0.0,2.21,2.380000000000021,3.1400000000000072,1.32,0,Dindigul,Tamil Nadu
2020-01-21,0.0,0.89,2.380000000000021,2.7800000000000074,0.89,0,Dindigul,Tamil Nadu
2020-01-22,0.0,0.0,2.380000000000021,2.440000000000007,0.0,0,Dindigul,Tamil Nadu
2020-01-23,0.0,0.0,2.380000000000021,2.380000000000007,0.0,0,Dindigul,Tamil Nadu
2020-01-24,0.0,0.0,2.2100000000000213,2.380000000000007,0.0,0,Dindigul,Tamil Nadu
2020-01-25,0.0,0.0,0.8900000000000213,2.380000000000007,0.0,0,Dindigul,Tamil Nadu
2020-01-26,0.0,0.0,0.0,2.380000000000007,0.0,0,Dindigul,Tamil Nadu
2020-01-27,0.0,0.0,0.0,2.380000000000007,0.0,0,Dindigul,Tamil Nadu
2020-01-28,0.0,0.0,0.0,2.380000000000007,0.0,0,Dindigul,Tamil Nadu
2020-01-29,0.0,0.0,0.0,2.380000000000007,0.0,0,Dindigul,Tamil Nadu
2020-01-30,0.0,0.0,0.0,2.380000000000007,0.0,0,Dindigul,Tamil Nadu
2020-01-31,0.0,0.0,0.0,2.380000000000007,0.0,0,Dindigul,Tamil Nadu
2020-02-01,0.0,0.0,0.0,2.210000000000007,0.0,0,Dindigul,Tamil Nadu
2020-02-02,0.0,0.0,0.0,0.8900000000000073,0.0,0,Dindigul,Tamil Nadu
2020-02-03,0.0,0.0,0.0,0.0,0.0,0,Dindigul,Tamil Nadu
2020-02-04,0.02,0.02,0.020000000000021317,0.020000000000007328,0.02,0,Dindigul,Tamil Nadu
2020-02-05,0.16,0.18,0.1800000000000213,0.18000000000000732,0.16,0,Dindigul,Tamil Nadu
2020-02-06,0.01,0.19,0.19000000000002132,0.19000000000000733,0.16,0,Dindigul,Tamil Nadu
2020-02-07,0.01,0.18,0.2000000000000213,0.2000000000000073,0.16,0,Dindigul,Tamil Nadu
2020-02-08,0.0,0.02,0.2000000000000213,0.2000000000000073,0.01,0,Dindigul,Tamil Nadu
2020-02-09,0.04,0.05,0.2400000000000213,0.24000000000000732,0.04,0,Dindigul,Tamil Nadu
2020-02-10,0.03,0.07,0.27000000000002133,0.27000000000000735,0.04,0,Dindigul,Tamil Nadu
2020-02-11,0.0,0.07,0.2500000000000213,0.27000000000000735,0.04,0,Dindigul,Tamil Nadu
2020-02-12,0.0,0.03,0.09000000000002131,0.27000000000000735,0.03,0,Dindigul,Tamil Nadu
2020-02-13,0.0,0.0,0.08000000000002132,0.27000000000000735,0.0,0,Dindigul,Tamil Nadu
2020-02-14,0.02,0.02,0.09000000000002131,0.2900000000000073,0.02,0,Dindigul,Tamil Nadu
2020-02-15,0.01,0.03,0.10000000000002131,0.3000000000000073,0.02,0,Dindigul,Tamil Nadu
2020-02-16,0.0,0.03,0.060000000000021314,0.3000000000000073,0.02,0,Dindigul,Tamil Nadu
2020-02-17,0.0,0.01,0.030000000000021315,0.3000000000000073,0.01,0,Dindigul,Tamil Nadu
2020-02-18,0.0,0.0,0.030000000000021315,0.3000000000000073,0.0,0,Dindigul,Tamil Nadu
2020-02-19,0.0,0.0,0.030000000000021315,0.2800000000000073,0.0,0,Dindigul,Tamil Nadu
2020-02-20,0.0,0.0,0.030000000000021315,0.12000000000000732,0.0,0,Dindigul,Tamil Nadu
2020-02-21,0.07,0.07,0.08000000000002132,0.18000000000000732,0.07,0,Dindigul,Tamil Nadu
2020-02-22,0.15,0.22,0.22000000000002132,0.32000000000000733,0.15,0,Dindigul,Tamil Nadu
2020-02-23,0.0,0.22,0.22000000000002132,0.32000000000000733,0.15,0,Dindigul,Tamil Nadu
2020-02-24,0.0,0.15,0.22000000000002132,0.28000000000000735,0.15,0,Dindigul,Tamil Nadu
2020-02-25,0.0,0.0,0.22000000000002132,0.2500000000000073,0.0,0,Dindigul,Tamil Nadu
2020-02-26,0.0,0.0,0.22000000000002132,0.2500000000000073,0.0,0,Dindigul,Tamil Nadu
2020-02-27,0.0,0.0,0.22000000000002132,0.2500000000000073,0.0,0,Dindigul,Tamil Nadu
2020-02-28,0.01,0.01,0.16000000000002132,0.26000000000000734,0.01,0,Dindigul,Tamil Nadu
2020-02-29,0.0,0.01,0.010000000000021316,0.24000000000000735,0.01,0,Dindigul,Tamil Nadu
2020-03-01,0.17,0.18000000000000002,0.18000000000002134,0.40000000000000735,0.17,0,Dindigul,Tamil Nadu
2020-03-02,0.35,0.52,0.5300000000000213,0.7500000000000073,0.35,0,Dindigul,Tamil Nadu
2020-03-03,0.05,0.5700000000000001,0.5800000000000214,0.8000000000000074,0.35,0,Dindigul,Tamil Nadu
2020-03-04,0.12,0.52,0.7000000000000214,0.9200000000000074,0.35,0,Dindigul,Tamil Nadu
2020-03-05,0.03,0.2,0.7300000000000213,0.9500000000000073,0.12,0,Dindigul,Tamil Nadu
2020-03-06,0.0,0.15000000000000002,0.7200000000000213,0.9500000000000073,0.12,0,Dindigul,Tamil Nadu
2020-03-07,0.0,0.03,0.7200000000000213,0.8800000000000073,0.03,0,Dindigul,Tamil Nadu
2020-03-08,0.19,0.19,0.7400000000000213,0.9200000000000074,0.19,0,Dindigul,Tamil Nadu
2020-03-09,0.04,0.23,0.4300000000000213,0.9600000000000074,0.19,0,Dindigul,Tamil Nadu
2020-03-10,0.0,0.23,0.3800000000000213,0.9600000000000074,0.19,0,Dindigul,Tamil Nadu
2020-03-11,0.05,0.09,0.31000000000002137,1.0100000000000073,0.05,0,Dindigul,Tamil Nadu
2020-03-12,0.07,0.12,0.3500000000000213,1.0800000000000074,0.07,0,Dindigul,Tamil Nadu
2020-03-13,0.0,0.12,0.3500000000000213,1.0800000000000074,0.07,0,Dindigul,Tamil Nadu
2020-03-14,0.0,0.06999999999999999,0.3500000000000213,1.0700000000000074,0.07,0,Dindigul,Tamil Nadu
2020-03-15,0.0,0.0,0.16000000000002132,1.0700000000000074,0.0,0,Dindigul,Tamil Nadu
2020-03-16,0.0,0.0,0.12000000000002131,0.9000000000000073,0.0,0,Dindigul,Tamil Nadu
2020-03-17,0.0,0.0,0.12000000000002131,0.5500000000000074,0.0,0,Dindigul,Tamil Nadu
2020-03-18,0.0,0.0,0.07000000000002132,0.5000000000000073,0.0,0,Dindigul,Tamil Nadu
2020-03-19,0.0,0.0,0.0,0.38000000000000733,0.0,0,Dindigul,Tamil Nadu
2020-03-20,0.12,0.11999999999999998,0.12000000000002131,0.4700000000000073,0.12,0,Dindigul,Tamil Nadu
2020-03-21,0.88,1.0,1.0000000000000213,1.3500000000000072,0.88,0,Dindigul,Tamil Nadu
2020-03-22,0.02,1.02,1.0200000000000213,1.3700000000000072,0.88,0,Dindigul,Tamil Nadu
2020-03-23,0.1,1.0,1.1200000000000214,1.2800000000000074,0.88,0,Dindigul,Tamil Nadu
2020-03-24,0.0,0.12000000000000001,1.1200000000000214,1.2400000000000073,0.1,0,Dindigul,Tamil Nadu
2020-03-25,0.03,0.13,1.1500000000000212,1.2700000000000073,0.1,0,Dindigul,Tamil Nadu
2020-03-26,0.0,0.03,1.1500000000000212,1.2200000000000073,0.03,0,Dindigul,Tamil Nadu
2020-03-27,0.0,0.03,1.0300000000000211,1.1500000000000072,0.03,0,Dindigul,Tamil Nadu
2020-03-28,0.0,0.0,0.15000000000002134,1.1500000000000072,0.0,0,Dindigul,Tamil Nadu
2020-03-29,0.0,0.0,0.13000000000002132,1.1500000000000072,0.0,0,Dindigul,Tamil Nadu
2020-03-30,0.0,0.0,0.030000000000021315,1.1500000000000072,0.0,0,Dindigul,Tamil Nadu
2020-03-31,0.05,0.05,0.08000000000002132,1.2000000000000073,0.05,0,Dindigul,Tamil Nadu
2020-04-01,0.0,0.05,0.05000000000002132,1.2000000000000073,0.05,0,Dindigul,Tamil Nadu
2020-04-02,0.0,0.05,0.05000000000002132,1.2000000000000073,0.05,0,Dindigul,Tamil Nadu
2020-04-03,0.0,0.0,0.05000000000002132,1.2000000000000073,0.0,0,Dindigul,Tamil Nadu
2020-04-04,0.04,0.04,0.09000000000002131,1.1200000000000074,0.04,0,Dindigul,Tamil Nadu
2020-04-05,1.61,1.6500000000000001,1.7000000000000215,1.8500000000000076,1.61,0,Dindigul,Tamil Nadu
2020-04-06,0.21,1.86,1.9100000000000215,2.0400000000000076,1.61,0,Dindigul,Tamil Nadu
2020-04-07,0.66,2.48,2.5200000000000213,2.600000000000007,1.61,0,Dindigul,Tamil Nadu
2020-04-08,0.84,1.71,3.3600000000000216,3.4400000000000075,0.84,0,Dindigul,Tamil Nadu
2020-04-09,4.77,6.27,8.13000000000002,8.180000000000007,4.77,0,Dindigul,Tamil Nadu
2020-04-10,1.38,6.989999999999999,9.510000000000021,9.560000000000006,4.77,0,Dindigul,Tamil Nadu
2020-04-11,0.13,6.279999999999999,9.600000000000023,9.690000000000007,4.77,0,Dindigul,Tamil Nadu
2020-04-12,0.0,1.5099999999999998,7.990000000000021,9.690000000000007,1.38,0,Dindigul,Tamil Nadu
2020-04-13,0.0,0.13,7.780000000000021,9.690000000000007,0.13,0,Dindigul,Tamil Nadu
2020-04-14,0.0,0.0,7.1200000000000205,9.690000000000007,0.0,0,Dindigul,Tamil Nadu
2020-04-15,0.02,0.02,6.300000000000021,9.660000000000005,0.02,0,Dindigul,Tamil Nadu
2020-04-16,0.01,0.03,1.5400000000000211,9.670000000000005,0.02,0,Dindigul,Tamil Nadu
2020-04-17,0.02,0.05,0.1800000000000213,9.690000000000007,0.02,0,Dindigul,Tamil Nadu
2020-04-18,0.09,0.12,0.14000000000002133,9.780000000000006,0.09,0,Dindigul,Tamil Nadu
2020-04-19,0.61,0.72,0.7500000000000213,10.350000000000007,0.61,0,Dindigul,Tamil Nadu
2020-04-20,0.04,0.74,0.7900000000000214,8.780000000000006,0.61,0,Dindigul,Tamil Nadu
2020-04-21,0.03,0.6799999999999999,0.8200000000000213,8.600000000000007,0.61,0,Dindigul,Tamil Nadu
2020-04-22,0.17,0.24000000000000002,0.9700000000000213,8.110000000000007,0.17,0,Dindigul,Tamil Nadu
2020-04-23,0.37,0.5700000000000001,1.3300000000000214,7.640000000000007,0.37,0,Dindigul,Tamil Nadu
2020-04-24,1.74,2.2800000000000002,3.050000000000021,4.6100000000000065,1.74,0,Dindigul,Tamil Nadu
2020-04-25,5.51,7.62,8.47000000000002,8.740000000000006,5.51,0,Dindigul,Tamil Nadu
2020-04-26,5.29,12.54,13.15000000000002,13.900000000000006,5.51,0,Dindigul,Tamil Nadu
2020-04-27,1.57,12.37,14.680000000000021,15.470000000000006,5.51,0,Dindigul,Tamil Nadu
2020-04-28,1.74,8.6,16.390000000000022,17.210000000000004,5.29,0,Dindigul,Tamil Nadu
2020-04-29,4.02,7.329999999999999,20.240000000000023,21.230000000000004,4.02,0,Dindigul,Tamil Nadu
2020-04-30,0.02,5.7799999999999985,19.890000000000022,21.230000000000008,4.02,0,Dindigul,Tamil Nadu
2020-05-01,0.38,4.42,18.53000000000002,21.60000000000001,4.02,0,Dindigul,Tamil Nadu
2020-05-02,1.37,1.77,14.39000000000002,22.950000000000006,1.37,0,Dindigul,Tamil Nadu
2020-05-03,1.04,2.79,10.14000000000002,23.900000000000006,1.37,0,Dindigul,Tamil Nadu
2020-05-04,0.01,2.42,8.580000000000021,23.300000000000004,1.37,0,Dindigul,Tamil Nadu
2020-05-05,0.01,1.06,6.850000000000021,23.270000000000007,1.04,0,Dindigul,Tamil Nadu
2020-05-06,0.81,0.8300000000000001,3.6400000000000214,24.050000000000004,0.81,0,Dindigul,Tamil Nadu
2020-05-07,3.83,4.65,7.4500000000000215,27.710000000000008,3.83,0,Dindigul,Tamil Nadu
2020-05-08,2.23,6.870000000000001,9.300000000000022,29.570000000000007,3.83,0,Dindigul,Tamil Nadu
2020-05-09,0.26,6.32,8.19000000000002,28.090000000000007,3.83,0,Dindigul,Tamil Nadu
2020-05-10,0.26,2.75,7.4100000000000215,22.840000000000007,2.23,0,Dindigul,Tamil Nadu
2020-05-11,0.72,1.24,8.120000000000022,18.270000000000007,0.72,0,Dindigul,Tamil Nadu
2020-05-12,0.22,1.2,8.330000000000021,16.92000000000001,0.72,0,Dindigul,Tamil Nadu
2020-05-13,1.22,2.16,8.740000000000022,16.400000000000006,1.22,0,Dindigul,Tamil Nadu
2020-05-14,0.13,1.5699999999999998,5.040000000000021,12.510000000000007,1.22,0,Dindigul,Tamil Nadu
2020-05-15,0.46,1.81,3.2700000000000213,12.950000000000008,1.22,0,Dindigul,Tamil Nadu
2020-05-16,0.26,0.8500000000000001,3.270000000000021,12.830000000000007,0.46,0,Dindigul,Tamil Nadu
2020-05-17,5.28,6.0,8.29000000000002,16.74000000000001,5.28,0,Dindigul,Tamil Nadu
2020-05-18,1.68,7.22,9.250000000000021,17.380000000000006,5.28,0,Dindigul,Tamil Nadu
2020-05-19,0.03,6.99,9.06000000000002,17.40000000000001,5.28,0,Dindigul,Tamil Nadu
2020-05-20,0.11,1.8199999999999998,7.9500000000000215,17.500000000000007,1.68,0,Dindigul,Tamil Nadu
2020-05-21,0.28,0.42000000000000004,8.100000000000021,16.97000000000001,0.28,0,Dindigul,Tamil Nadu
2020-05-22,0.1,0.49,7.7400000000000215,13.240000000000007,0.28,0,Dindigul,Tamil Nadu
2020-05-23,0.19,0.5700000000000001,7.670000000000021,11.200000000000008,0.28,0,Dindigul,Tamil Nadu
2020-05-24,0.34,0.63,2.7300000000000213,11.280000000000006,0.34,0,Dindigul,Tamil Nadu
2020-05-25,1.21,1.74,2.260000000000021,12.230000000000008,1.21,0,Dindigul,Tamil Nadu
2020-05-26,0.06,1.61,2.2900000000000214,11.570000000000007,1.21,0,Dindigul,Tamil Nadu
2020-05-27,1.19,2.46,3.3700000000000214,12.540000000000008,1.21,0,Dindigul,Tamil Nadu
2020-05-28,16.05,17.3,19.140000000000022,27.370000000000008,16.05,0,Dindigul,Tamil Nadu
2020-05-29,0.53,17.770000000000003,19.57000000000002,27.77000000000001,16.05,0,Dindigul,Tamil Nadu
2020-05-30,0.15,16.73,19.530000000000022,27.460000000000008,16.05,0,Dindigul,Tamil Nadu
2020-05-31,1.11,1.79,20.300000000000022,28.31000000000001,1.11,0,Dindigul,Tamil Nadu
2020-06-01,6.64,7.8999999999999995,25.73000000000002,29.67000000000001,6.64,1,Dindigul,Tamil Nadu
2020-06-02,13.43,21.18,39.10000000000002,41.42000000000001,13.43,1,Dindigul,Tamil Nadu
2020-06-03,0.04,20.11,37.95000000000002,41.43000000000001,13.43,1,Dindigul,Tamil Nadu
2020-06-04,0.29,13.76,22.19000000000002,41.61000000000001,13.43,1,Dindigul,Tamil Nadu
2020-06-05,1.81,2.14,23.47000000000002,43.14000000000001,1.81,1,Dindigul,Tamil Nadu
2020-06-06,3.91,6.01,27.23000000000002,46.95,3.91,1,Dindigul,Tamil Nadu
2020-06-07,3.07,8.79,29.190000000000023,49.830000000000005,3.91,1,Dindigul,Tamil Nadu
2020-06-08,0.01,6.989999999999999,22.56000000000002,49.50000000000001,3.91,1,Dindigul,Tamil Nadu
2020-06-09,0.13,3.21,9.260000000000021,48.42000000000001,3.07,1,Dindigul,Tamil Nadu
2020-06-10,0.34,0.48000000000000004,9.560000000000022,48.70000000000001,0.34,1,Dindigul,Tamil Nadu
2020-06-11,0.94,1.41,10.210000000000022,48.45000000000001,0.94,1,Dindigul,Tamil Nadu
2020-06-12,0.11,1.39,8.510000000000021,32.510000000000005,0.94,1,Dindigul,Tamil Nadu
2020-06-13,0.19,1.24,4.7900000000000205,32.17000000000001,0.94,1,Dindigul,Tamil Nadu
2020-06-14,0.06,0.36,1.7800000000000211,32.080000000000005,0.19,1,Dindigul,Tamil Nadu
2020-06-15,0.04,0.29,1.8100000000000211,31.01000000000001,0.19,1,Dindigul,Tamil Nadu
2020-06-16,0.19,0.29000000000000004,1.8700000000000212,24.560000000000006,0.19,1,Dindigul,Tamil Nadu
2020-06-17,0.26,0.49000000000000005,1.7900000000000214,11.390000000000008,0.26,1,Dindigul,Tamil Nadu
2020-06-18,0.17,0.6200000000000001,1.0200000000000213,11.520000000000008,0.26,1,Dindigul,Tamil Nadu
2020-06-19,0.06,0.49,0.9700000000000213,11.290000000000006,0.26,1,Dindigul,Tamil Nadu
2020-06-20,0.05,0.28,0.8300000000000214,9.530000000000006,0.17,1,Dindigul,Tamil Nadu
2020-06-21,0.58,0.69,1.3500000000000214,6.200000000000006,0.58,1,Dindigul,Tamil Nadu
2020-06-22,0.64,1.27,1.9500000000000213,3.770000000000007,0.64,1,Dindigul,Tamil Nadu
2020-06-23,0.02,1.2399999999999998,1.7800000000000213,3.7800000000000074,0.64,1,Dindigul,Tamil Nadu
2020-06-24,3.89,4.55,5.4100000000000215,7.540000000000007,3.89,1,Dindigul,Tamil Nadu
2020-06-25,19.25,23.16,24.490000000000023,26.450000000000006,19.25,1,Dindigul,Tamil Nadu
2020-06-26,6.33,29.47,30.760000000000026,31.840000000000003,19.25,1,Dindigul,Tamil Nadu
2020-06-27,0.47,26.05,31.180000000000025,32.2,19.25,1,Dindigul,Tamil Nadu
2020-06-28,6.69,13.49,37.29000000000002,38.70000000000001,6.69,1,Dindigul,Tamil Nadu
2020-06-29,2.89,10.05,39.54000000000002,41.53000000000001,6.69,1,Dindigul,Tamil Nadu
2020-06-30,0.53,10.11,40.050000000000026,42.02000000000001,6.69,1,Dindigul,Tamil Nadu
2020-07-01,0.03,3.45,36.190000000000026,41.86000000000001,2.89,1,Dindigul,Tamil Nadu
2020-07-02,1.33,1.8900000000000001,18.270000000000024,42.93000000000001,1.33,1,Dindigul,Tamil Nadu
2020-07-03,1.38,2.74,13.320000000000025,44.14000000000001,1.38,1,Dindigul,Tamil Nadu
2020-07-04,0.7,3.41,13.550000000000024,44.78000000000001,1.38,1,Dindigul,Tamil Nadu
2020-07-05,0.27,2.35,7.130000000000025,45.00000000000001,1.38,1,Dindigul,Tamil Nadu
2020-07-06,0.81,1.78,5.050000000000026,45.230000000000004,0.81,1,Dindigul,Tamil Nadu
2020-07-07,2.89,3.97,7.410000000000025,47.480000000000004,2.89,1,Dindigul,Tamil Nadu
2020-07-08,9.74,13.440000000000001,17.120000000000026,57.20000000000001,9.74,1,Dindigul,Tamil Nadu
2020-07-09,20.77,33.4,36.560000000000024,74.08000000000001,20.77,1,Dindigul,Tamil Nadu
2020-07-10,1.76,32.269999999999996,36.94000000000002,56.59,20.77,1,Dindigul,Tamil Nadu
2020-07-11,9.08,31.61,45.32000000000002,59.34,20.77,1,Dindigul,Tamil Nadu
2020-07-12,1.16,12.0,46.21000000000002,60.03000000000001,9.08,1,Dindigul,Tamil Nadu
2020-07-13,2.63,12.870000000000001,48.03000000000003,55.970000000000006,9.08,1,Dindigul,Tamil Nadu
2020-07-14,4.63,8.42,49.770000000000024,57.71,4.63,1,Dindigul,Tamil Nadu
2020-07-15,1.08,8.34,41.11000000000003,58.260000000000005,4.63,1,Dindigul,Tamil Nadu
2020-07-16,1.63,7.34,21.970000000000024,59.86000000000001,4.63,1,Dindigul,Tamil Nadu
2020-07-17,0.97,3.6799999999999997,21.180000000000025,59.5,1.63,1,Dindigul,Tamil Nadu
2020-07-18,0.5,3.0999999999999996,12.600000000000025,58.620000000000005,1.63,1,Dindigul,Tamil Nadu
2020-07-19,4.54,6.01,15.980000000000025,62.46,4.54,1,Dindigul,Tamil Nadu
2020-07-20,17.07,22.11,30.420000000000027,79.26,17.07,1,Dindigul,Tamil Nadu
2020-07-21,0.81,22.419999999999998,26.600000000000026,79.26,17.07,1,Dindigul,Tamil Nadu
2020-07-22,0.21,18.09,25.730000000000025,76.58000000000001,17.07,1,Dindigul,Tamil Nadu
2020-07-23,9.81,10.83,33.910000000000025,76.65,9.81,1,Dindigul,Tamil Nadu
2020-07-24,14.78,24.799999999999997,47.72000000000003,70.66000000000001,14.78,1,Dindigul,Tamil Nadu
2020-07-25,2.55,27.139999999999997,49.770000000000024,71.45,14.78,1,Dindigul,Tamil Nadu
2020-07-26,1.61,18.939999999999998,46.840000000000025,63.980000000000004,14.78,1,Dindigul,Tamil Nadu
2020-07-27,2.05,6.21,31.820000000000025,64.87,2.55,1,Dindigul,Tamil Nadu
2020-07-28,2.2,5.86,33.21000000000002,64.44,2.2,1,Dindigul,Tamil Nadu
2020-07-29,6.11,10.36,39.11000000000003,65.92000000000002,6.11,1,Dindigul,Tamil Nadu
2020-07-30,0.69,9.0,29.990000000000023,65.53000000000002,6.11,1,Dindigul,Tamil Nadu
2020-07-31,3.69,10.49,18.900000000000027,67.59,6.11,1,Dindigul,Tamil Nadu
2020-08-01,3.86,8.24,20.210000000000026,70.48,3.86,1,Dindigul,Tamil Nadu
2020-08-02,1.04,8.59,19.640000000000025,71.02000000000001,3.86,1,Dindigul,Tamil Nadu
2020-08-03,2.04,6.9399999999999995,19.630000000000024,68.52000000000001,3.86,1,Dindigul,Tamil Nadu
2020-08-04,2.08,5.16,19.510000000000026,53.53000000000001,2.08,1,Dindigul,Tamil Nadu
2020-08-05,0.54,4.66,13.940000000000026,53.260000000000005,2.08,1,Dindigul,Tamil Nadu
2020-08-06,2.96,5.58,16.210000000000026,56.010000000000005,2.96,1,Dindigul,Tamil Nadu
2020-08-07,0.84,4.34,13.360000000000024,47.040000000000006,2.96,1,Dindigul,Tamil Nadu
2020-08-08,9.99,13.79,19.490000000000023,42.25,9.99,1,Dindigul,Tamil Nadu
2020-08-09,4.98,15.81,23.430000000000028,44.68000000000001,9.99,1,Dindigul,Tamil Nadu
2020-08-10,0.11,15.08,21.500000000000025,43.18000000000001,9.99,1,Dindigul,Tamil Nadu
2020-08-11,1.56,6.65,20.980000000000025,42.69000000000001,4.98,1,Dindigul,Tamil Nadu
2020-08-12,0.25,1.9200000000000002,20.690000000000026,40.74000000000001,1.56,1,Dindigul,Tamil Nadu
2020-08-13,0.31,2.12,18.040000000000024,34.940000000000005,1.56,1,Dindigul,Tamil Nadu
2020-08-14,0.06,0.62,17.260000000000026,34.31000000000001,0.31,1,Dindigul,Tamil Nadu
2020-08-15,0.01,0.38,7.280000000000025,30.630000000000006,0.31,1,Dindigul,Tamil Nadu
2020-08-16,0.05,0.12,2.350000000000025,26.820000000000007,0.06,1,Dindigul,Tamil Nadu
2020-08-17,0.09,0.15,2.330000000000025,25.870000000000008,0.09,1,Dindigul,Tamil Nadu
2020-08-18,0.43,0.57,1.2000000000000248,24.26000000000001,0.43,1,Dindigul,Tamil Nadu
2020-08-19,0.11,0.63,1.060000000000025,22.290000000000006,0.43,1,Dindigul,Tamil Nadu
2020-08-20,0.0,0.54,0.7500000000000248,21.750000000000007,0.43,1,Dindigul,Tamil Nadu
2020-08-21,0.11,0.22000000000000006,0.8000000000000248,18.900000000000006,0.11,1,Dindigul,Tamil Nadu
2020-08-22,4.78,4.890000000000001,5.570000000000025,22.840000000000007,4.78,1,Dindigul,Tamil Nadu
2020-08-23,7.24,12.13,12.760000000000026,20.090000000000007,7.24,1,Dindigul,Tamil Nadu
2020-08-24,24.34,36.36,37.010000000000026,39.45,24.34,1,Dindigul,Tamil Nadu
2020-08-25,5.92,37.5,42.50000000000003,45.260000000000005,24.34,1,Dindigul,Tamil Nadu
2020-08-26,3.36,33.62,45.75000000000003,47.06,24.34,1,Dindigul,Tamil Nadu
2020-08-27,0.16,9.440000000000003,45.910000000000025,46.970000000000006,5.92,1,Dindigul,Tamil Nadu
2020-08-28,1.96,5.480000000000003,47.760000000000026,48.62000000000001,3.36,1,Dindigul,Tamil Nadu
2020-08-29,1.18,3.3000000000000034,44.160000000000025,49.74000000000001,1.96,1,Dindigul,Tamil Nadu
2020-08-30,0.25,3.3900000000000032,37.17000000000002,49.98000000000001,1.96,1,Dindigul,Tamil Nadu
2020-08-31,3.66,5.090000000000003,16.490000000000023,53.59,3.66,1,Dindigul,Tamil Nadu
2020-09-01,11.32,15.230000000000004,21.890000000000025,64.82000000000001,11.32,1,Dindigul,Tamil Nadu
2020-09-02,7.8,22.780000000000005,26.330000000000027,72.19,11.32,1,Dindigul,Tamil Nadu
2020-09-03,13.21,32.330000000000005,39.380000000000024,85.29,13.21,1,Dindigul,Tamil Nadu
2020-09-04,4.93,25.940000000000005,42.35000000000002,90.22,13.21,1,Dindigul,Tamil Nadu
2020-09-05,0.53,18.670000000000005,41.700000000000024,90.64,13.21,1,Dindigul,Tamil Nadu
2020-09-06,14.51,19.970000000000002,55.96000000000002,100.37,14.51,1,Dindigul,Tamil Nadu
2020-09-07,0.9,15.940000000000003,53.20000000000003,94.03,14.51,1,Dindigul,Tamil Nadu
2020-09-08,6.08,21.490000000000002,47.96000000000002,75.77000000000001,14.51,1,Dindigul,Tamil Nadu
2020-09-09,11.42,18.400000000000006,51.58000000000003,81.27,11.42,1,Dindigul,Tamil Nadu
2020-09-10,2.5,20.000000000000007,40.870000000000026,80.41,11.42,1,Dindigul,Tamil Nadu
2020-09-11,1.41,15.330000000000004,37.35000000000002,81.66000000000001,11.42,1,Dindigul,Tamil Nadu
2020-09-12,0.49,4.400000000000004,37.310000000000024,80.19000000000001,2.5,1,Dindigul,Tamil Nadu
2020-09-13,2.01,3.9100000000000033,24.810000000000024,81.02000000000001,2.01,1,Dindigul,Tamil Nadu
2020-09-14,0.36,2.8600000000000034,24.270000000000028,81.13000000000001,2.01,1,Dindigul,Tamil Nadu
2020-09-15,1.46,3.830000000000003,19.650000000000023,78.93,2.01,1,Dindigul,Tamil Nadu
2020-09-16,0.26,2.0800000000000036,8.490000000000025,67.87,1.46,1,Dindigul,Tamil Nadu
2020-09-17,2.01,3.7300000000000035,8.000000000000025,62.080000000000005,2.01,1,Dindigul,Tamil Nadu
2020-09-18,0.62,2.8900000000000037,7.210000000000024,49.49,2.01,1,Dindigul,Tamil Nadu
2020-09-19,1.38,4.010000000000003,8.100000000000023,45.940000000000005,2.01,1,Dindigul,Tamil Nadu
2020-09-20,1.38,3.3800000000000034,7.470000000000024,46.790000000000006,1.38,1,Dindigul,Tamil Nadu
2020-09-21,0.5,3.2600000000000033,7.610000000000024,32.78,1.38,1,Dindigul,Tamil Nadu
2020-09-22,0.2,2.0800000000000036,6.3500000000000245,32.080000000000005,1.38,1,Dindigul,Tamil Nadu
2020-09-23,0.06,0.7600000000000036,6.150000000000024,26.060000000000006,0.5,1,Dindigul,Tamil Nadu
2020-09-24,0.29,0.5500000000000036,4.430000000000025,14.930000000000007,0.29,1,Dindigul,Tamil Nadu
2020-09-25,5.07,5.4200000000000035,8.880000000000024,17.500000000000007,5.07,1,Dindigul,Tamil Nadu
2020-09-26,0.45,5.810000000000004,7.950000000000025,16.540000000000006,5.07,1,Dindigul,Tamil Nadu
2020-09-27,8.13,13.650000000000006,14.700000000000026,24.180000000000007,8.13,1,Dindigul,Tamil Nadu
2020-09-28,6.11,14.690000000000005,20.310000000000027,28.28000000000001,8.13,1,Dindigul,Tamil Nadu
2020-09-29,13.52,27.760000000000005,33.630000000000024,41.44000000000001,13.52,1,Dindigul,Tamil Nadu
2020-09-30,3.19,22.820000000000004,36.760000000000026,43.17000000000001,13.52,1,Dindigul,Tamil Nadu
2020-10-01,0.02,16.730000000000004,36.49000000000002,42.93000000000001,13.52,0,Dindigul,Tamil Nadu
2020-10-02,0.44,3.6500000000000035,31.860000000000024,41.360000000000014,3.19,0,Dindigul,Tamil Nadu
2020-10-03,0.61,1.0700000000000036,32.020000000000024,41.35000000000001,0.61,0,Dindigul,Tamil Nadu
2020-10-04,0.01,1.0600000000000036,23.900000000000023,39.98000000000001,0.61,0,Dindigul,Tamil Nadu
2020-10-05,0.03,0.6500000000000037,17.820000000000025,38.63000000000001,0.61,0,Dindigul,Tamil Nadu
2020-10-06,14.59,14.630000000000003,18.890000000000025,52.72000000000001,14.59,0,Dindigul,Tamil Nadu
2020-10-07,9.93,24.550000000000004,25.630000000000024,62.45,14.59,0,Dindigul,Tamil Nadu
2020-10-08,7.99,32.510000000000005,33.60000000000002,70.38000000000001,14.59,0,Dindigul,Tamil Nadu
2020-10-09,17.8,35.720000000000006,50.96000000000003,87.89000000000001,17.8,0,Dindigul,Tamil Nadu
2020-10-10,2.54,28.330000000000005,52.89000000000002,85.36000000000001,17.8,0,Dindigul,Tamil Nadu
2020-10-11,0.57,20.910000000000004,53.450000000000024,85.48000000000002,17.8,0,Dindigul,Tamil Nadu
2020-10-12,0.22,3.3300000000000036,53.64000000000002,77.57000000000002,2.54,0,Dindigul,Tamil Nadu
2020-10-13,0.16,0.9500000000000035,39.21000000000003,71.62000000000002,0.57,0,Dindigul,Tamil Nadu
2020-10-14,0.08,0.4600000000000036,29.360000000000028,58.18000000000001,0.22,0,Dindigul,Tamil Nadu
2020-10-15,0.08,0.32000000000000356,21.450000000000024,55.07000000000001,0.16,0,Dindigul,Tamil Nadu
2020-10-16,0.62,0.7800000000000036,4.270000000000024,55.670000000000016,0.62,0,Dindigul,Tamil Nadu
2020-10-17,2.49,3.190000000000004,4.2200000000000255,57.720000000000006,2.49,0,Dindigul,Tamil Nadu
2020-10-18,3.69,6.800000000000004,7.340000000000025,60.80000000000001,3.69,0,Dindigul,Tamil Nadu
2020-10-19,4.32,10.500000000000004,11.440000000000026,65.11000000000001,4.32,0,Dindigul,Tamil Nadu
2020-10-20,10.62,18.630000000000003,21.900000000000023,75.70000000000002,10.62,0,Dindigul,Tamil Nadu
2020-10-21,1.5,16.440000000000005,23.32000000000002,62.61000000000001,10.62,0,Dindigul,Tamil Nadu
2020-10-22,1.8,13.920000000000005,25.040000000000024,54.480000000000004,10.62,0,Dindigul,Tamil Nadu
2020-10-23,0.0,3.300000000000005,24.420000000000023,46.49000000000001,1.8,0,Dindigul,Tamil Nadu
2020-10-24,0.0,1.8000000000000054,21.930000000000025,28.69000000000001,1.8,0,Dindigul,Tamil Nadu
2020-10-25,111.92,111.92,130.16000000000003,138.07000000000002,111.92,0,Dindigul,Tamil Nadu
2020-10-26,12.25,124.17,138.09000000000003,149.75,111.92,0,Dindigul,Tamil Nadu
2020-10-27,0.04,124.21000000000001,127.51000000000003,149.57000000000002,111.92,0,Dindigul,Tamil Nadu
2020-10-28,1.44,13.73,127.45000000000003,150.85000000000002,12.25,0,Dindigul,Tamil Nadu
2020-10-29,2.02,3.5,127.67000000000003,152.79000000000002,2.02,0,Dindigul,Tamil Nadu
2020-10-30,9.04,12.5,136.71000000000004,161.75,9.04,0,Dindigul,Tamil Nadu
2020-10-31,9.98,21.04,146.69000000000003,171.11,9.98,0,Dindigul,Tamil Nadu
2020-11-01,1.0,20.020000000000003,35.770000000000024,169.62,9.98,0,Dindigul,Tamil Nadu
2020-11-02,3.05,14.030000000000001,26.57000000000003,168.98000000000002,9.98,0,Dindigul,Tamil Nadu
2020-11-03,1.17,5.2200000000000015,27.700000000000028,165.83,3.05,0,Dindigul,Tamil Nadu
2020-11-04,1.46,5.6800000000000015,27.720000000000027,156.67000000000002,3.05,0,Dindigul,Tamil Nadu
2020-11-05,16.09,18.720000000000002,41.79000000000003,171.26000000000002,16.09,0,Dindigul,Tamil Nadu
2020-11-06,7.62,25.170000000000005,40.370000000000026,177.08,16.09,0,Dindigul,Tamil Nadu
2020-11-07,0.53,24.240000000000002,30.920000000000027,177.61,16.09,0,Dindigul,Tamil Nadu
2020-11-08,4.4,12.550000000000004,34.32000000000003,182.01,7.62,0,Dindigul,Tamil Nadu
2020-11-09,0.04,4.970000000000004,31.310000000000027,70.13,4.4,0,Dindigul,Tamil Nadu
2020-11-10,0.04,4.480000000000004,30.180000000000028,57.92,4.4,0,Dindigul,Tamil Nadu
2020-11-11,2.41,2.4900000000000038,31.13000000000003,60.29,2.41,0,Dindigul,Tamil Nadu
2020-11-12,15.49,17.940000000000005,30.53000000000003,74.34,15.49,0,Dindigul,Tamil Nadu
2020-11-13,11.13,29.030000000000005,34.04000000000003,83.44999999999999,15.49,0,Dindigul,Tamil Nadu
2020-11-14,1.36,27.980000000000004,34.870000000000026,75.77,15.49,0,Dindigul,Tamil Nadu
2020-11-15,5.79,18.28,36.26000000000003,71.58,11.13,0,Dindigul,Tamil Nadu
2020-11-16,33.47,40.62,69.69000000000003,104.05,33.47,0,Dindigul,Tamil Nadu
2020-11-17,39.21,78.47,108.86000000000003,140.21,39.21,0,Dindigul,Tamil Nadu
2020-11-18,12.81,85.49,119.26000000000003,151.85000000000002,39.21,0,Dindigul,Tamil Nadu
2020-11-19,3.53,55.550000000000004,107.30000000000004,153.92000000000002,39.21,0,Dindigul,Tamil Nadu
2020-11-20,0.44,16.78,96.61000000000003,138.27,12.81,0,Dindigul,Tamil Nadu
2020-11-21,0.01,3.98,95.26000000000003,130.66,3.53,0,Dindigul,Tamil Nadu
2020-11-22,0.0,0.45,89.47000000000004,130.13,0.44,0,Dindigul,Tamil Nadu
2020-11-23,0.01,0.02,56.01000000000003,125.74000000000001,0.01,0,Dindigul,Tamil Nadu
2020-11-24,0.06,0.06999999999999999,16.860000000000035,125.76,0.06,0,Dindigul,Tamil Nadu
2020-11-25,3.48,3.55,7.530000000000035,129.20000000000002,3.48,0,Dindigul,Tamil Nadu
2020-11-26,4.47,8.01,8.470000000000036,131.26,4.47,0,Dindigul,Tamil Nadu
2020-11-27,12.76,20.71,20.790000000000035,128.53,12.76,0,Dindigul,Tamil Nadu
2020-11-28,2.72,19.95,23.500000000000036,120.12,12.76,0,Dindigul,Tamil Nadu
2020-11-29,1.3,16.78,24.800000000000036,120.06,12.76,0,Dindigul,Tamil Nadu
2020-11-30,0.69,4.71,25.480000000000036,114.96,2.72,0,Dindigul,Tamil Nadu
2020-12-01,0.02,2.01,25.440000000000037,81.51,1.3,0,Dindigul,Tamil Nadu
2020-12-02,6.37,7.08,28.330000000000037,48.67,6.37,0,Dindigul,Tamil Nadu
2020-12-03,25.36,31.75,49.220000000000034,61.22,25.36,0,Dindigul,Tamil Nadu
2020-12-04,15.26,46.99,51.720000000000034,72.95,25.36,0,Dindigul,Tamil Nadu
2020-12-05,3.23,43.85,52.23000000000004,75.74,25.36,0,Dindigul,Tamil Nadu
2020-12-06,12.17,30.66,63.10000000000004,87.89999999999999,15.26,0,Dindigul,Tamil Nadu
2020-12-07,9.35,24.75,71.76000000000003,97.25,12.17,0,Dindigul,Tamil Nadu
2020-12-08,8.91,30.43,80.65000000000003,106.15,12.17,0,Dindigul,Tamil Nadu
2020-12-09,2.42,20.68,76.70000000000003,108.51,9.35,0,Dindigul,Tamil Nadu
2020-12-10,0.12,11.45,51.460000000000036,105.14999999999999,8.91,0,Dindigul,Tamil Nadu
2020-12-11,0.02,2.56,36.220000000000034,100.7,2.42,0,Dindigul,Tamil Nadu
2020-12-12,0.01,0.15,33.000000000000036,87.94999999999999,0.12,0,Dindigul,Tamil Nadu
2020-12-13,0.0,0.03,20.830000000000034,85.22999999999999,0.02,0,Dindigul,Tamil Nadu
2020-12-14,0.0,0.01,11.480000000000036,83.92999999999999,0.01,0,Dindigul,Tamil Nadu
2020-12-15,2.11,2.11,4.680000000000035,85.35,2.11,0,Dindigul,Tamil Nadu
2020-12-16,8.82,10.93,11.080000000000036,94.15,8.82,0,Dindigul,Tamil Nadu
2020-12-17,6.43,17.36,17.390000000000036,94.21,8.82,0,Dindigul,Tamil Nadu
2020-12-18,6.04,21.29,23.410000000000036,74.89,8.82,0,Dindigul,Tamil Nadu
2020-12-19,0.89,13.36,24.290000000000035,60.52,6.43,0,Dindigul,Tamil Nadu
2020-12-20,0.02,6.95,24.310000000000034,57.309999999999995,6.04,0,Dindigul,Tamil Nadu
2020-12-21,0.0,0.91,24.310000000000034,45.14,0.89,0,Dindigul,Tamil Nadu
2020-12-22,0.08,0.1,22.280000000000037,35.870000000000005,0.08,0,Dindigul,Tamil Nadu
2020-12-23,0.13,0.21000000000000002,13.590000000000035,27.089999999999996,0.13,0,Dindigul,Tamil Nadu
2020-12-24,0.0,0.21000000000000002,7.160000000000036,24.669999999999998,0.13,0,Dindigul,Tamil Nadu
2020-12-25,0.0,0.13,1.1200000000000356,24.549999999999997,0.13,0,Dindigul,Tamil Nadu
2020-12-26,0.0,0.0,0.23000000000003554,24.529999999999998,0.0,0,Dindigul,Tamil Nadu
2020-12-27,0.0,0.0,0.21000000000003555,24.52,0.0,0,Dindigul,Tamil Nadu
2020-12-28,0.0,0.0,0.21000000000003555,24.52,0.0,0,Dindigul,Tamil Nadu
2020-12-29,0.56,0.56,0.6900000000000356,25.080000000000002,0.56,0,Dindigul,Tamil Nadu
2020-12-30,3.83,4.390000000000001,4.390000000000036,26.799999999999997,3.83,0,Dindigul,Tamil Nadu
2020-12-31,12.11,16.5,16.500000000000036,30.089999999999996,12.11,0,Dindigul,Tamil Nadu
2021-01-01,1.09,17.03,17.590000000000035,24.75,12.11,0,Dindigul,Tamil Nadu
2021-01-02,0.79,13.99,18.380000000000035,19.5,12.11,0,Dindigul,Tamil Nadu
2021-01-03,7.42,9.3,25.800000000000036,26.029999999999998,7.42,0,Dindigul,Tamil Nadu
2021-01-04,9.28,17.49,35.080000000000034,35.29,9.28,0,Dindigul,Tamil Nadu
2021-01-05,1.46,18.16,35.98000000000003,36.75,9.28,0,Dindigul,Tamil Nadu
2021-01-06,14.61,25.349999999999998,46.76000000000003,51.28,14.61,0,Dindigul,Tamil Nadu
2021-01-07,24.83,40.9,59.48000000000003,75.97999999999999,24.83,0,Dindigul,Tamil Nadu
2021-01-08,8.15,47.589999999999996,66.54000000000003,84.13,24.83,0,Dindigul,Tamil Nadu
2021-01-09,7.13,40.11,72.88000000000004,91.25999999999999,24.83,0,Dindigul,Tamil Nadu
2021-01-10,3.41,18.69,68.87000000000003,94.67,8.15,0,Dindigul,Tamil Nadu
2021-01-11,8.51,19.049999999999997,68.10000000000004,103.17999999999999,8.51,0,Dindigul,Tamil Nadu
2021-01-12,17.53,29.45,84.17000000000004,120.71,17.53,0,Dindigul,Tamil Nadu
2021-01-13,20.59,46.629999999999995,90.15000000000003,140.74,20.59,0,Dindigul,Tamil Nadu
2021-01-14,10.97,49.089999999999996,76.29000000000005,147.88000000000002,20.59,0,Dindigul,Tamil Nadu
2021-01-15,7.37,38.93,75.51000000000003,143.14,20.59,0,Dindigul,Tamil Nadu
2021-01-16,2.82,21.159999999999997,71.20000000000005,144.87,10.97,0,Dindigul,Tamil Nadu
2021-01-17,0.14,10.329999999999997,67.93000000000004,144.22,7.37,0,Dindigul,Tamil Nadu
2021-01-18,0.02,2.9799999999999964,59.44000000000004,136.82,2.82,0,Dindigul,Tamil Nadu
2021-01-19,0.0,0.15999999999999645,41.91000000000004,127.54,0.14,0,Dindigul,Tamil Nadu
2021-01-20,0.03,0.04999999999999645,21.350000000000037,126.11,0.03,0,Dindigul,Tamil Nadu
2021-01-21,0.16,0.18999999999999645,10.540000000000035,111.66000000000001,0.16,0,Dindigul,Tamil Nadu
2021-01-22,0.71,0.8999999999999964,3.8800000000000354,87.54,0.71,0,Dindigul,Tamil Nadu
2021-01-23,0.46,1.3299999999999963,1.5200000000000355,79.85000000000001,0.71,0,Dindigul,Tamil Nadu
2021-01-24,0.0,1.1699999999999964,1.3800000000000354,72.72000000000001,0.71,0,Dindigul,Tamil Nadu
2021-01-25,0.0,0.45999999999999647,1.3600000000000356,69.31,0.46,0,Dindigul,Tamil Nadu
2021-01-26,0.0,0.0,1.3600000000000356,60.800000000000004,0.0,0,Dindigul,Tamil Nadu
2021-01-27,0.0,0.0,1.3300000000000356,43.269999999999996,0.0,0,Dindigul,Tamil Nadu
2021-01-28,0.0,0.0,1.1700000000000355,22.68,0.0,0,Dindigul,Tamil Nadu
2021-01-29,0.14,0.13999999999999646,0.6000000000000356,11.85,0.14,0,Dindigul,Tamil Nadu
2021-01-30,0.08,0.21999999999999648,0.22000000000003556,4.56,0.14,0,Dindigul,Tamil Nadu
2021-01-31,0.02,0.23999999999999647,0.24000000000003555,1.76,0.14,0,Dindigul,Tamil Nadu
2021-02-01,0.05,0.14999999999999647,0.29000000000003556,1.6700000000000002,0.08,0,Dindigul,Tamil Nadu
2021-02-02,0.02,0.08999999999999646,0.3100000000000355,1.6700000000000002,0.05,0,Dindigul,Tamil Nadu
2021-02-03,0.03,0.09999999999999645,0.34000000000003555,1.7,0.05,0,Dindigul,Tamil Nadu
2021-02-04,0.0,0.04999999999999645,0.34000000000003555,1.67,0.03,0,Dindigul,Tamil Nadu
2021-02-05,0.0,0.029999999999996446,0.20000000000003554,1.5099999999999998,0.03,0,Dindigul,Tamil Nadu
2021-02-06,0.0,0.0,0.12000000000003554,0.8,0.0,0,Dindigul,Tamil Nadu
2021-02-07,0.0,0.0,0.10000000000003553,0.34,0.0,0,Dindigul,Tamil Nadu
2021-02-08,0.0,0.0,0.05000000000003553,0.34,0.0,0,Dindigul,Tamil Nadu
2021-02-09,0.0,0.0,0.030000000000035526,0.34,0.0,0,Dindigul,Tamil Nadu
2021-02-10,0.0,0.0,0.0,0.34,0.0,0,Dindigul,Tamil Nadu
2021-02-11,0.0,0.0,0.0,0.34,0.0,0,Dindigul,Tamil Nadu
2021-02-12,0.0,0.0,0.0,0.34,0.0,0,Dindigul,Tamil Nadu
2021-02-13,0.0,0.0,0.0,0.2,0.0,0,Dindigul,Tamil Nadu
2021-02-14,0.0,0.0,0.0,0.12000000000000001,0.0,0,Dindigul,Tamil Nadu
2021-02-15,0.0,0.0,0.0,0.1,0.0,0,Dindigul,Tamil Nadu
2021-02-16,0.0,0.0,0.0,0.05,0.0,0,Dindigul,Tamil Nadu
2021-02-17,0.0,0.0,0.0,0.03,0.0,0,Dindigul,Tamil Nadu
2021-02-18,0.07,0.06999999999999645,0.07000000000003553,0.07,0.07,0,Dindigul,Tamil Nadu
2021-02-19,0.29,0.35999999999999643,0.3600000000000355,0.36,0.29,0,Dindigul,Tamil Nadu
2021-02-20,3.71,4.069999999999997,4.070000000000036,4.07,3.71,0,Dindigul,Tamil Nadu
2021-02-21,2.35,6.349999999999996,6.4200000000000355,6.42,3.71,0,Dindigul,Tamil Nadu
2021-02-22,0.71,6.769999999999996,7.130000000000035,7.13,3.71,0,Dindigul,Tamil Nadu
2021-02-23,0.09,3.1499999999999964,7.220000000000035,7.22,2.35,0,Dindigul,Tamil Nadu
2021-02-24,0.0,0.7999999999999964,7.220000000000035,7.22,0.71,0,Dindigul,Tamil Nadu
2021-02-25,0.0,0.08999999999999644,7.150000000000035,7.22,0.09,0,Dindigul,Tamil Nadu
2021-02-26,0.01,0.009999999999996447,6.870000000000035,7.2299999999999995,0.01,0,Dindigul,Tamil Nadu
2021-02-27,0.0,0.009999999999996447,3.1600000000000357,7.2299999999999995,0.01,0,Dindigul,Tamil Nadu
2021-02-28,0.0,0.009999999999996447,0.8100000000000355,7.2299999999999995,0.01,0,Dindigul,Tamil Nadu
2021-03-01,0.0,0.0,0.10000000000003552,7.2299999999999995,0.0,0,Dindigul,Tamil Nadu
2021-03-02,0.0,0.0,0.010000000000035527,7.2299999999999995,0.0,0,Dindigul,Tamil Nadu
2021-03-03,0.0,0.0,0.010000000000035527,7.2299999999999995,0.0,0,Dindigul,Tamil Nadu
2021-03-04,0.0,0.0,0.010000000000035527,7.2299999999999995,0.0,0,Dindigul,Tamil Nadu
2021-03-05,0.0,0.0,0.0,7.159999999999999,0.0,0,Dindigul,Tamil Nadu
2021-03-06,0.0,0.0,0.0,6.869999999999999,0.0,0,Dindigul,Tamil Nadu
2021-03-07,0.0,0.0,0.0,3.16,0.0,0,Dindigul,Tamil Nadu
2021-03-08,0.0,0.0,0.0,0.8099999999999999,0.0,0,Dindigul,Tamil Nadu
2021-03-09,0.01,0.009999999999996447,0.010000000000035527,0.11,0.01,0,Dindigul,Tamil Nadu
2021-03-10,3.42,3.429999999999996,3.4300000000000352,3.44,3.42,0,Dindigul,Tamil Nadu
2021-03-11,3.7,7.129999999999996,7.130000000000035,7.140000000000001,3.7,0,Dindigul,Tamil Nadu
2021-03-12,0.45,7.569999999999997,7.580000000000036,7.59,3.7,0,Dindigul,Tamil Nadu
2021-03-13,0.0,4.149999999999997,7.580000000000036,7.58,3.7,0,Dindigul,Tamil Nadu
2021-03-14,0.0,0.44999999999999646,7.580000000000036,7.58,0.45,0,Dindigul,Tamil Nadu
2021-03-15,0.0,0.0,7.580000000000036,7.58,0.0,0,Dindigul,Tamil Nadu
2021-03-16,0.0,0.0,7.570000000000036,7.58,0.0,0,Dindigul,Tamil Nadu
2021-03-17,0.0,0.0,4.150000000000036,7.58,0.0,0,Dindigul,Tamil Nadu
2021-03-18,0.0,0.0,0.45000000000003554,7.58,0.0,0,Dindigul,Tamil Nadu
2021-03-19,0.0,0.0,0.0,7.58,0.0,0,Dindigul,Tamil Nadu
2021-03-20,0.0,0.0,0.0,7.58,0.0,0,Dindigul,Tamil Nadu
2021-03-21,0.0,0.0,0.0,7.58,0.0,0,Dindigul,Tamil Nadu
2021-03-22,2.95,2.9499999999999966,2.9500000000000357,10.530000000000001,2.95,0,Dindigul,Tamil Nadu
2021-03-23,0.01,2.9599999999999964,2.9600000000000355,10.540000000000001,2.95,0,Dindigul,Tamil Nadu
2021-03-24,0.01,2.9699999999999966,2.9700000000000357,10.540000000000001,2.95,0,Dindigul,Tamil Nadu
2021-03-25,0.33,0.3499999999999965,3.300000000000036,7.450000000000001,0.33,0,Dindigul,Tamil Nadu
2021-03-26,0.01,0.3499999999999965,3.3100000000000356,3.7600000000000002,0.33,0,Dindigul,Tamil Nadu
2021-03-27,0.02,0.35999999999999643,3.3300000000000356,3.33,0.33,0,Dindigul,Tamil Nadu
2021-03-28,0.86,0.8899999999999963,4.190000000000036,4.19,0.86,0,Dindigul,Tamil Nadu
2021-03-29,0.19,1.0699999999999965,1.4300000000000355,4.38,0.86,0,Dindigul,Tamil Nadu
2021-03-30,0.14,1.1899999999999964,1.5600000000000356,4.5200000000000005,0.86,0,Dindigul,Tamil Nadu
2021-03-31,0.01,0.33999999999999647,1.5600000000000356,4.53,0.19,0,Dindigul,Tamil Nadu
2021-04-01,1.32,1.4699999999999966,2.5500000000000353,5.8500000000000005,1.32,0,Dindigul,Tamil Nadu
2021-04-02,0.42,1.7499999999999962,2.960000000000036,6.2700000000000005,1.32,0,Dindigul,Tamil Nadu
2021-04-03,0.0,1.7399999999999964,2.940000000000036,6.2700000000000005,1.32,0,Dindigul,Tamil Nadu
2021-04-04,0.24,0.6599999999999964,2.3200000000000354,6.510000000000001,0.42,0,Dindigul,Tamil Nadu
2021-04-05,0.08,0.31999999999999645,2.2100000000000355,6.59,0.24,0,Dindigul,Tamil Nadu
2021-04-06,0.41,0.7299999999999964,2.480000000000036,4.05,0.41,0,Dindigul,Tamil Nadu
2021-04-07,0.02,0.5099999999999965,2.4900000000000357,4.0600000000000005,0.41,0,Dindigul,Tamil Nadu
2021-04-08,0.02,0.4499999999999964,1.1900000000000355,4.07,0.41,0,Dindigul,Tamil Nadu
2021-04-09,0.0,0.03999999999999645,0.7700000000000355,3.74,0.02,0,Dindigul,Tamil Nadu
2021-04-10,0.48,0.49999999999999645,1.2500000000000355,4.21,0.48,0,Dindigul,Tamil Nadu
2021-04-11,2.77,3.2499999999999964,3.7800000000000358,6.96,2.77,0,Dindigul,Tamil Nadu
2021-04-12,4.59,7.839999999999996,8.290000000000035,10.690000000000001,4.59,0,Dindigul,Tamil Nadu
2021-04-13,1.51,8.869999999999996,9.390000000000036,12.010000000000002,4.59,0,Dindigul,Tamil Nadu
2021-04-14,8.3,14.399999999999997,17.670000000000037,20.17,8.3,0,Dindigul,Tamil Nadu
2021-04-15,13.0,22.809999999999995,30.650000000000038,33.16,13.0,0,Dindigul,Tamil Nadu
2021-04-16,4.64,25.939999999999994,35.290000000000035,36.48,13.0,0,Dindigul,Tamil Nadu
2021-04-17,0.1,17.739999999999995,34.91000000000003,36.16,13.0,0,Dindigul,Tamil Nadu
2021-04-18,0.14,4.879999999999996,32.28000000000004,36.3,4.64,0,Dindigul,Tamil Nadu
2021-04-19,0.66,0.8999999999999965,28.350000000000037,36.720000000000006,0.66,0,Dindigul,Tamil Nadu
2021-04-20,0.7,1.4999999999999964,27.540000000000035,37.34,0.7,0,Dindigul,Tamil Nadu
2021-04-21,1.04,2.3999999999999964,20.280000000000037,37.97,1.04,0,Dindigul,Tamil Nadu
2021-04-22,0.06,1.7999999999999965,7.340000000000035,38.01,1.04,0,Dindigul,Tamil Nadu
2021-04-23,1.93,3.0299999999999967,4.630000000000035,39.92,1.93,0,Dindigul,Tamil Nadu
2021-04-24,3.25,5.239999999999997,7.780000000000036,43.17,3.25,0,Dindigul,Tamil Nadu
2021-04-25,0.95,6.129999999999997,8.590000000000035,43.64,3.25,0,Dindigul,Tamil Nadu
2021-04-26,0.22,4.419999999999996,8.150000000000036,41.09,3.25,0,Dindigul,Tamil Nadu
2021-04-27,0.06,1.2299999999999964,7.510000000000035,36.559999999999995,0.95,0,Dindigul,Tamil Nadu
2021-04-28,0.0,0.2799999999999965,6.470000000000034,35.05,0.22,0,Dindigul,Tamil Nadu
2021-04-29,0.15,0.20999999999999644,6.560000000000035,26.9,0.15,0,Dindigul,Tamil Nadu
2021-04-30,1.27,1.4199999999999964,5.900000000000036,15.17,1.27,0,Dindigul,Tamil Nadu
2021-05-01,1.89,3.309999999999996,4.540000000000036,12.42,1.89,0,Dindigul,Tamil Nadu
2021-05-02,1.69,4.849999999999996,5.280000000000035,14.01,1.89,0,Dindigul,Tamil Nadu
2021-05-03,3.71,7.289999999999996,8.770000000000035,17.58,3.71,0,Dindigul,Tamil Nadu
2021-05-04,7.64,13.039999999999996,16.350000000000033,24.56,7.64,0,Dindigul,Tamil Nadu
2021-05-05,1.31,12.659999999999997,17.660000000000036,25.17,7.64,0,Dindigul,Tamil Nadu
2021-05-06,0.71,9.659999999999997,18.220000000000034,24.839999999999996,7.64,0,Dindigul,Tamil Nadu
2021-05-07,8.87,10.889999999999997,25.820000000000036,33.65,8.87,0,Dindigul,Tamil Nadu
2021-05-08,1.38,10.959999999999994,25.310000000000034,33.1,8.87,0,Dindigul,Tamil Nadu
2021-05-09,0.75,10.999999999999996,24.370000000000033,30.599999999999998,8.87,0,Dindigul,Tamil Nadu
2021-05-10,0.65,2.7799999999999963,21.310000000000034,30.3,1.38,0,Dindigul,Tamil Nadu
2021-05-11,0.39,1.7899999999999965,14.060000000000036,30.47,0.75,0,Dindigul,Tamil Nadu
2021-05-12,0.38,1.4199999999999964,13.130000000000036,30.79,0.65,0,Dindigul,Tamil Nadu
2021-05-13,12.39,13.159999999999997,24.810000000000038,43.18,12.39,0,Dindigul,Tamil Nadu
2021-05-14,6.63,19.399999999999995,22.570000000000036,49.660000000000004,12.39,0,Dindigul,Tamil Nadu
2021-05-15,2.76,21.779999999999998,23.95000000000004,51.15,12.39,0,Dindigul,Tamil Nadu
2021-05-16,0.98,10.369999999999996,24.18000000000004,50.239999999999995,6.63,0,Dindigul,Tamil Nadu
2021-05-17,6.93,10.669999999999995,30.460000000000036,55.48,6.93,0,Dindigul,Tamil Nadu
2021-05-18,0.64,8.549999999999995,30.710000000000033,52.41,6.93,0,Dindigul,Tamil Nadu
2021-05-19,8.37,15.939999999999994,38.70000000000003,53.14,8.37,0,Dindigul,Tamil Nadu
2021-05-20,7.17,16.179999999999993,33.48000000000003,59.0,8.37,0,Dindigul,Tamil Nadu
2021-05-21,1.41,16.949999999999992,28.260000000000034,59.7,8.37,0,Dindigul,Tamil Nadu
2021-05-22,1.28,9.859999999999994,26.780000000000033,52.11,7.17,0,Dindigul,Tamil Nadu
2021-05-23,0.42,3.1099999999999945,26.220000000000034,51.15,1.41,0,Dindigul,Tamil Nadu
2021-05-24,0.04,1.7399999999999947,19.330000000000034,50.44,1.28,0,Dindigul,Tamil Nadu
2021-05-25,1.77,2.2299999999999947,20.460000000000036,51.56,1.77,0,Dindigul,Tamil Nadu
2021-05-26,2.35,4.159999999999995,14.440000000000035,53.52,2.35,0,Dindigul,Tamil Nadu
2021-05-27,0.03,4.149999999999995,7.300000000000035,53.17,2.35,0,Dindigul,Tamil Nadu
2021-05-28,0.03,2.409999999999995,5.9200000000000355,40.809999999999995,2.35,0,Dindigul,Tamil Nadu
2021-05-29,0.12,0.17999999999999466,4.760000000000036,34.3,0.12,0,Dindigul,Tamil Nadu
2021-05-30,0.15,0.29999999999999466,4.490000000000035,31.689999999999998,0.15,0,Dindigul,Tamil Nadu
2021-05-31,1.92,2.1899999999999946,6.370000000000035,32.629999999999995,1.92,0,Dindigul,Tamil Nadu
2021-06-01,0.6,2.6699999999999946,5.200000000000036,26.299999999999997,1.92,1,Dindigul,Tamil Nadu
2021-06-02,2.29,4.809999999999995,5.140000000000036,27.950000000000003,2.29,1,Dindigul,Tamil Nadu
2021-06-03,6.91,9.799999999999995,12.020000000000035,26.490000000000002,6.91,1,Dindigul,Tamil Nadu
2021-06-04,9.06,18.259999999999998,21.05000000000004,28.38,9.06,1,Dindigul,Tamil Nadu
2021-06-05,12.89,28.859999999999996,33.820000000000036,39.86,12.89,1,Dindigul,Tamil Nadu
2021-06-06,1.63,23.579999999999995,35.30000000000004,40.21,12.89,1,Dindigul,Tamil Nadu
2021-06-07,0.06,14.579999999999995,33.44000000000004,39.85,12.89,1,Dindigul,Tamil Nadu
2021-06-08,2.12,3.8099999999999947,34.960000000000036,41.93,2.12,1,Dindigul,Tamil Nadu
2021-06-09,0.65,2.8299999999999947,33.320000000000036,40.809999999999995,2.12,1,Dindigul,Tamil Nadu
2021-06-10,0.09,2.859999999999995,26.50000000000004,38.550000000000004,2.12,1,Dindigul,Tamil Nadu
2021-06-11,0.06,0.7999999999999947,17.50000000000004,38.580000000000005,0.65,1,Dindigul,Tamil Nadu
2021-06-12,0.95,1.0999999999999948,5.560000000000038,39.5,0.95,1,Dindigul,Tamil Nadu
2021-06-13,0.51,1.5199999999999947,4.440000000000038,39.89,0.95,1,Dindigul,Tamil Nadu
2021-06-14,0.34,1.7999999999999947,4.720000000000038,40.08,0.95,1,Dindigul,Tamil Nadu
2021-06-15,0.29,1.1399999999999948,2.8900000000000374,38.45,0.51,1,Dindigul,Tamil Nadu
2021-06-16,0.76,1.3899999999999948,3.0000000000000373,38.61,0.76,1,Dindigul,Tamil Nadu
2021-06-17,0.22,1.2699999999999947,3.130000000000037,36.540000000000006,0.76,1,Dindigul,Tamil Nadu
2021-06-18,0.06,1.0399999999999947,3.1300000000000376,29.689999999999998,0.76,1,Dindigul,Tamil Nadu
2021-06-19,0.03,0.30999999999999467,2.2100000000000373,20.66,0.22,1,Dindigul,Tamil Nadu
2021-06-20,0.04,0.12999999999999468,1.7400000000000373,7.8100000000000005,0.06,1,Dindigul,Tamil Nadu
2021-06-21,1.06,1.1299999999999948,2.4600000000000373,7.24,1.06,1,Dindigul,Tamil Nadu
2021-06-22,2.47,3.569999999999995,4.640000000000038,9.65,2.47,1,Dindigul,Tamil Nadu
2021-06-23,10.29,13.819999999999993,14.170000000000037,17.82,10.29,1,Dindigul,Tamil Nadu
2021-06-24,0.51,13.269999999999992,14.460000000000036,17.68,10.29,1,Dindigul,Tamil Nadu
2021-06-25,0.03,10.829999999999993,14.430000000000037,17.62,10.29,1,Dindigul,Tamil Nadu
2021-06-26,0.8,1.3399999999999948,15.200000000000037,18.36,0.8,1,Dindigul,Tamil Nadu
2021-06-27,0.52,1.3499999999999948,15.680000000000037,17.93,0.8,1,Dindigul,Tamil Nadu
2021-06-28,0.73,2.0499999999999945,15.350000000000037,18.150000000000002,0.8,1,Dindigul,Tamil Nadu
2021-06-29,9.26,10.509999999999994,22.140000000000036,27.07,9.26,1,Dindigul,Tamil Nadu
2021-06-30,3.86,13.849999999999994,15.710000000000036,30.639999999999997,9.26,1,Dindigul,Tamil Nadu
2021-07-01,25.82,38.94,41.02000000000004,55.7,25.82,1,Dindigul,Tamil Nadu
2021-07-02,3.74,33.419999999999995,44.73000000000004,59.22,25.82,1,Dindigul,Tamil Nadu
2021-07-03,2.82,32.379999999999995,46.75000000000004,61.98,25.82,1,Dindigul,Tamil Nadu
2021-07-04,16.28,22.839999999999993,62.51000000000003,78.22999999999999,16.28,1,Dindigul,Tamil Nadu
2021-07-05,6.8,25.899999999999995,68.58000000000004,84.99000000000001,16.28,1,Dindigul,Tamil Nadu
2021-07-06,0.25,23.329999999999995,59.570000000000036,84.18,16.28,1,Dindigul,Tamil Nadu
2021-07-07,2.48,9.529999999999992,58.19000000000003,84.19,6.8,1,Dindigul,Tamil Nadu
2021-07-08,12.51,15.239999999999991,44.88000000000004,86.41,12.51,1,Dindigul,Tamil Nadu
2021-07-09,1.77,16.759999999999994,42.91000000000004,87.66999999999999,12.51,1,Dindigul,Tamil Nadu
2021-07-10,1.08,15.359999999999992,41.17000000000004,88.72,12.51,1,Dindigul,Tamil Nadu
2021-07-11,0.24,3.0899999999999928,25.130000000000038,88.16,1.77,1,Dindigul,Tamil Nadu
2021-07-12,0.18,1.499999999999993,18.510000000000037,87.82,1.08,1,Dindigul,Tamil Nadu
2021-07-13,0.4,0.819999999999993,18.66000000000004,87.49,0.4,1,Dindigul,Tamil Nadu
2021-07-14,2.69,3.269999999999993,18.870000000000037,80.92,2.69,1,Dindigul,Tamil Nadu
2021-07-15,1.41,4.499999999999993,7.770000000000039,78.47,2.69,1,Dindigul,Tamil Nadu
2021-07-16,0.93,5.029999999999993,6.93000000000004,53.58,2.69,1,Dindigul,Tamil Nadu
2021-07-17,1.02,3.3599999999999928,6.870000000000038,50.86,1.41,1,Dindigul,Tamil Nadu
2021-07-18,1.36,3.309999999999993,7.990000000000039,49.4,1.36,1,Dindigul,Tamil Nadu
2021-07-19,0.06,2.439999999999993,7.870000000000038,33.18,1.36,1,Dindigul,Tamil Nadu
2021-07-20,0.13,1.5499999999999927,7.600000000000039,26.509999999999998,1.36,1,Dindigul,Tamil Nadu
2021-07-21,0.4,0.5899999999999928,5.31000000000004,26.659999999999997,0.4,1,Dindigul,Tamil Nadu
2021-07-22,1.9,2.4299999999999926,5.80000000000004,26.08,1.9,1,Dindigul,Tamil Nadu
2021-07-23,1.0,3.2999999999999927,5.870000000000038,14.57,1.9,1,Dindigul,Tamil Nadu
2021-07-24,0.2,3.099999999999993,5.050000000000039,13.0,1.9,1,Dindigul,Tamil Nadu
2021-07-25,1.1,2.2999999999999927,4.790000000000039,13.02,1.1,1,Dindigul,Tamil Nadu
2021-07-26,1.57,2.869999999999993,6.30000000000004,14.35,1.57,1,Dindigul,Tamil Nadu
2021-07-27,0.48,3.1499999999999924,6.650000000000039,14.65,1.57,1,Dindigul,Tamil Nadu
2021-07-28,0.33,2.379999999999993,6.580000000000039,14.58,1.57,1,Dindigul,Tamil Nadu
2021-07-29,0.02,0.8299999999999926,4.700000000000038,11.91,0.48,1,Dindigul,Tamil Nadu
2021-07-30,0.06,0.4099999999999927,3.7600000000000393,10.56,0.33,1,Dindigul,Tamil Nadu
2021-07-31,0.05,0.12999999999999268,3.610000000000039,9.680000000000001,0.06,1,Dindigul,Tamil Nadu
2021-08-01,0.01,0.11999999999999267,2.520000000000039,8.67,0.06,1,Dindigul,Tamil Nadu
2021-08-02,0.1,0.15999999999999268,1.0500000000000391,7.41,0.1,1,Dindigul,Tamil Nadu
2021-08-03,0.05,0.15999999999999268,0.6200000000000391,7.4,0.1,1,Dindigul,Tamil Nadu
2021-08-04,0.06,0.20999999999999266,0.35000000000003906,7.33,0.1,1,Dindigul,Tamil Nadu
2021-08-05,0.45,0.5599999999999927,0.7800000000000391,7.38,0.45,1,Dindigul,Tamil Nadu
2021-08-06,0.66,1.1699999999999926,1.3800000000000392,6.140000000000001,0.66,1,Dindigul,Tamil Nadu
2021-08-07,2.13,3.239999999999992,3.460000000000039,7.2700000000000005,2.13,1,Dindigul,Tamil Nadu
2021-08-08,1.41,4.199999999999992,4.860000000000039,8.48,2.13,1,Dindigul,Tamil Nadu
2021-08-09,17.93,21.46999999999999,22.69000000000004,25.31,17.93,1,Dindigul,Tamil Nadu
2021-08-10,1.37,20.709999999999994,24.01000000000004,25.11,17.93,1,Dindigul,Tamil Nadu
2021-08-11,2.84,22.139999999999993,26.790000000000042,27.47,17.93,1,Dindigul,Tamil Nadu
2021-08-12,0.53,4.739999999999993,26.87000000000004,27.669999999999998,2.84,1,Dindigul,Tamil Nadu
2021-08-13,1.93,5.299999999999993,28.140000000000043,29.58,2.84,1,Dindigul,Tamil Nadu
2021-08-14,0.56,3.019999999999993,26.57000000000004,30.08,1.93,1,Dindigul,Tamil Nadu
2021-08-15,0.18,2.6699999999999933,25.340000000000042,30.209999999999997,1.93,1,Dindigul,Tamil Nadu
2021-08-16,0.21,0.949999999999993,7.620000000000043,30.41,0.56,1,Dindigul,Tamil Nadu
2021-08-17,6.47,6.859999999999992,12.720000000000041,36.78,6.47,1,Dindigul,Tamil Nadu
2021-08-18,3.98,10.659999999999993,13.860000000000042,40.71,6.47,1,Dindigul,Tamil Nadu
2021-08-19,0.88,11.329999999999991,14.210000000000043,41.53,6.47,1,Dindigul,Tamil Nadu
2021-08-20,0.45,5.3099999999999925,12.730000000000043,41.529999999999994,3.98,1,Dindigul,Tamil Nadu
2021-08-21,7.69,9.019999999999992,19.860000000000042,48.56,7.69,1,Dindigul,Tamil Nadu
2021-08-22,12.44,20.57999999999999,32.12000000000005,58.87,12.44,1,Dindigul,Tamil Nadu
2021-08-23,18.43,38.55999999999999,50.340000000000046,75.89,18.43,1,Dindigul,Tamil Nadu
2021-08-24,1.73,32.59999999999999,45.600000000000044,59.69,18.43,1,Dindigul,Tamil Nadu
2021-08-25,5.09,25.249999999999993,46.710000000000036,63.410000000000004,18.43,1,Dindigul,Tamil Nadu
2021-08-26,3.69,10.509999999999993,49.520000000000046,64.26,5.09,1,Dindigul,Tamil Nadu
2021-08-27,2.06,10.839999999999993,51.13000000000004,65.78999999999999,5.09,1,Dindigul,Tamil Nadu
2021-08-28,0.86,6.609999999999993,44.30000000000005,64.72,3.69,1,Dindigul,Tamil Nadu
2021-08-29,0.82,3.739999999999993,32.68000000000004,64.98,2.06,1,Dindigul,Tamil Nadu
2021-08-30,0.1,1.779999999999993,14.350000000000042,64.9,0.86,1,Dindigul,Tamil Nadu
2021-08-31,4.22,5.139999999999993,16.840000000000042,68.91,4.22,1,Dindigul,Tamil Nadu
2021-09-01,2.1,6.419999999999993,13.850000000000042,64.53999999999999,4.22,1,Dindigul,Tamil Nadu
2021-09-02,22.89,29.209999999999994,33.05000000000004,83.45,22.89,1,Dindigul,Tamil Nadu
2021-09-03,8.26,33.24999999999999,39.25000000000004,90.83000000000001,22.89,1,Dindigul,Tamil Nadu
2021-09-04,5.29,36.43999999999999,43.68000000000004,95.67,22.89,1,Dindigul,Tamil Nadu
2021-09-05,3.36,16.909999999999993,46.22000000000004,91.34,8.26,1,Dindigul,Tamil Nadu
2021-09-06,1.89,10.539999999999992,48.01000000000004,80.79,5.29,1,Dindigul,Tamil Nadu
2021-09-07,0.57,5.819999999999992,44.36000000000004,62.93,3.36,1,Dindigul,Tamil Nadu
2021-09-08,0.93,3.3899999999999926,43.19000000000004,62.13,1.89,1,Dindigul,Tamil Nadu
2021-09-09,0.03,1.529999999999993,20.33000000000004,57.07,0.93,1,Dindigul,Tamil Nadu
2021-09-10,0.01,0.969999999999993,12.080000000000043,53.39,0.93,1,Dindigul,Tamil Nadu
2021-09-11,0.91,0.949999999999993,7.700000000000043,52.24,0.91,1,Dindigul,Tamil Nadu
2021-09-12,0.39,1.309999999999993,4.730000000000042,51.77,0.91,1,Dindigul,Tamil Nadu
2021-09-13,0.24,1.539999999999993,3.0800000000000427,51.190000000000005,0.91,1,Dindigul,Tamil Nadu
2021-09-14,0.04,0.6699999999999929,2.5500000000000425,51.13,0.39,1,Dindigul,Tamil Nadu
2021-09-15,14.8,15.079999999999993,16.420000000000044,61.71,14.8,1,Dindigul,Tamil Nadu
2021-09-16,6.2,21.039999999999992,22.590000000000042,65.81,14.8,1,Dindigul,Tamil Nadu
2021-09-17,10.97,31.969999999999995,33.55000000000004,53.89,14.8,1,Dindigul,Tamil Nadu
2021-09-18,7.37,24.539999999999996,40.01000000000004,53.0,10.97,1,Dindigul,Tamil Nadu
2021-09-19,6.85,25.189999999999994,46.47000000000004,54.56,10.97,1,Dindigul,Tamil Nadu
2021-09-20,5.12,19.339999999999993,51.350000000000044,56.32000000000001,7.37,1,Dindigul,Tamil Nadu
2021-09-21,0.01,11.979999999999992,51.32000000000004,54.440000000000005,6.85,1,Dindigul,Tamil Nadu
2021-09-22,0.54,5.669999999999993,37.06000000000004,54.410000000000004,5.12,1,Dindigul,Tamil Nadu
2021-09-23,5.15,5.699999999999993,36.01000000000004,58.63,5.15,1,Dindigul,Tamil Nadu
2021-09-24,24.82,30.509999999999994,49.86000000000004,83.42,24.82,1,Dindigul,Tamil Nadu
2021-09-25,10.01,39.98,52.50000000000004,93.42,24.82,1,Dindigul,Tamil Nadu
2021-09-26,0.56,35.38999999999999,46.21000000000004,93.07,24.82,1,Dindigul,Tamil Nadu
2021-09-27,1.56,12.129999999999992,42.65000000000005,94.24,10.01,1,Dindigul,Tamil Nadu
2021-09-28,0.21,2.329999999999993,42.850000000000044,94.21000000000001,1.56,1,Dindigul,Tamil Nadu
2021-09-29,0.57,2.3399999999999928,42.88000000000004,94.74,1.56,1,Dindigul,Tamil Nadu
2021-09-30,32.02,32.8,69.75000000000004,111.96000000000001,32.02,1,Dindigul,Tamil Nadu
2021-10-01,12.61,45.199999999999996,57.54000000000004,118.37,32.02,0,Dindigul,Tamil Nadu
2021-10-02,8.03,52.66,55.560000000000045,115.42999999999999,32.02,0,Dindigul,Tamil Nadu
2021-10-03,10.14,30.779999999999994,65.14000000000004,118.19999999999999,12.61,0,Dindigul,Tamil Nadu
2021-10-04,5.18,23.349999999999994,68.76000000000003,116.53,10.14,0,Dindigul,Tamil Nadu
2021-10-05,7.87,23.189999999999994,76.42000000000004,119.28,10.14,0,Dindigul,Tamil Nadu
2021-10-06,3.17,16.21999999999999,79.02000000000004,122.44,7.87,0,Dindigul,Tamil Nadu
2021-10-07,0.1,11.139999999999993,47.100000000000044,122.0,7.87,0,Dindigul,Tamil Nadu
2021-10-08,9.33,12.599999999999994,43.82000000000004,126.17999999999999,9.33,0,Dindigul,Tamil Nadu
2021-10-09,1.99,11.419999999999993,37.780000000000044,103.35,9.33,0,Dindigul,Tamil Nadu
2021-10-10,1.48,12.799999999999994,29.12000000000004,94.82,9.33,0,Dindigul,Tamil Nadu
2021-10-11,13.7,17.169999999999995,37.64000000000004,107.96000000000001,13.7,0,Dindigul,Tamil Nadu
2021-10-12,1.53,16.709999999999994,31.300000000000043,107.93,13.7,0,Dindigul,Tamil Nadu
2021-10-13,0.67,15.899999999999991,28.800000000000043,108.39,13.7,0,Dindigul,Tamil Nadu
2021-10-14,0.75,2.949999999999993,29.450000000000045,108.57000000000001,1.53,0,Dindigul,Tamil Nadu
2021-10-15,0.27,1.6899999999999928,20.390000000000043,76.82000000000001,0.75,0,Dindigul,Tamil Nadu
2021-10-16,11.56,12.579999999999993,29.960000000000043,75.77000000000001,11.56,0,Dindigul,Tamil Nadu
2021-10-17,3.91,15.739999999999993,32.39000000000004,71.65,11.56,0,Dindigul,Tamil Nadu
2021-10-18,1.77,17.239999999999995,20.460000000000043,63.28,11.56,0,Dindigul,Tamil Nadu
2021-10-19,0.54,6.2199999999999935,19.470000000000045,58.64,3.91,0,Dindigul,Tamil Nadu
2021-10-20,16.2,18.50999999999999,35.00000000000004,66.97,16.2,0,Dindigul,Tamil Nadu
2021-10-21,14.57,31.309999999999995,48.82000000000004,78.37,16.2,0,Dindigul,Tamil Nadu
2021-10-22,8.95,39.72,57.50000000000004,87.22,16.2,0,Dindigul,Tamil Nadu
2021-10-23,8.24,31.759999999999998,54.18000000000004,86.13,14.57,0,Dindigul,Tamil Nadu
2021-10-24,10.66,27.849999999999994,60.93000000000004,94.8,10.66,0,Dindigul,Tamil Nadu
2021-10-25,9.21,28.11,68.37000000000005,102.53,10.66,0,Dindigul,Tamil Nadu
2021-10-26,2.48,22.349999999999994,70.31000000000004,91.31,10.66,0,Dindigul,Tamil Nadu
2021-10-27,1.88,13.569999999999997,55.990000000000045,91.66000000000001,9.21,0,Dindigul,Tamil Nadu
2021-10-28,4.58,8.939999999999996,46.00000000000004,95.57000000000001,4.58,0,Dindigul,Tamil Nadu
2021-10-29,5.03,11.489999999999995,42.08000000000004,99.85000000000001,5.03,0,Dindigul,Tamil Nadu
2021-10-30,7.09,16.699999999999996,40.93000000000004,106.67,7.09,0,Dindigul,Tamil Nadu
2021-10-31,8.4,20.519999999999996,38.670000000000044,103.51,8.4,0,Dindigul,Tamil Nadu
2021-11-01,9.91,25.4,39.37000000000004,109.50999999999999,9.91,0,Dindigul,Tamil Nadu
2021-11-02,15.99,34.3,52.880000000000045,123.73,15.99,0,Dindigul,Tamil Nadu
2021-11-03,9.73,35.629999999999995,60.73000000000004,132.92000000000002,15.99,0,Dindigul,Tamil Nadu
2021-11-04,6.69,32.41,62.840000000000046,123.41000000000001,15.99,0,Dindigul,Tamil Nadu
2021-11-05,7.83,24.249999999999996,65.64000000000004,116.67,9.73,0,Dindigul,Tamil Nadu
2021-11-06,16.28,30.799999999999997,74.83000000000004,124.0,16.28,0,Dindigul,Tamil Nadu
2021-11-07,14.37,38.48,80.80000000000004,130.13,16.28,0,Dindigul,Tamil Nadu
2021-11-08,3.58,34.23,74.47000000000004,123.05000000000001,16.28,0,Dindigul,Tamil Nadu
2021-11-09,11.74,29.689999999999998,70.22000000000004,125.58,14.37,0,Dindigul,Tamil Nadu
2021-11-10,5.5,20.819999999999997,65.99000000000005,128.6,11.74,0,Dindigul,Tamil Nadu
2021-11-11,0.53,17.769999999999996,59.83000000000004,127.25,11.74,0,Dindigul,Tamil Nadu
2021-11-12,7.85,13.879999999999995,59.850000000000044,130.52,7.85,0,Dindigul,Tamil Nadu
2021-11-13,1.03,9.409999999999997,44.600000000000044,126.52,7.85,0,Dindigul,Tamil Nadu
2021-11-14,3.6,12.479999999999997,33.83000000000004,123.03,7.85,0,Dindigul,Tamil Nadu
2021-11-15,5.17,9.799999999999997,35.420000000000044,119.8,5.17,0,Dindigul,Tamil Nadu
2021-11-16,3.99,12.759999999999998,27.67000000000004,113.88000000000001,5.17,0,Dindigul,Tamil Nadu
2021-11-17,26.14,35.3,48.310000000000045,124.03,26.14,0,Dindigul,Tamil Nadu
2021-11-18,6.24,36.37,54.020000000000046,120.54,26.14,0,Dindigul,Tamil Nadu
2021-11-19,4.67,37.05,50.840000000000046,118.52,26.14,0,Dindigul,Tamil Nadu
2021-11-20,0.93,11.839999999999996,50.740000000000045,111.62,6.24,0,Dindigul,Tamil Nadu
2021-11-21,0.21,5.809999999999996,47.35000000000004,95.55,4.67,0,Dindigul,Tamil Nadu
2021-11-22,2.68,3.8199999999999967,44.86000000000004,83.86000000000001,2.68,0,Dindigul,Tamil Nadu
2021-11-23,7.1,9.989999999999997,47.97000000000004,87.38,7.1,0,Dindigul,Tamil Nadu
2021-11-24,1.72,11.499999999999998,23.550000000000043,77.36,7.1,0,Dindigul,Tamil Nadu
2021-11-25,29.45,38.269999999999996,46.76000000000005,101.31,29.45,0,Dindigul,Tamil Nadu
2021-11-26,6.83,37.99999999999999,48.920000000000044,107.61,29.45,0,Dindigul,Tamil Nadu
2021-11-27,6.9,43.17999999999999,54.89000000000004,106.66,29.45,0,Dindigul,Tamil Nadu
2021-11-28,7.37,21.099999999999998,62.05000000000004,113.0,7.37,0,Dindigul,Tamil Nadu
2021-11-29,23.52,37.79,82.89000000000004,132.92000000000002,23.52,0,Dindigul,Tamil Nadu
2021-11-30,17.15,48.03999999999999,92.94000000000005,144.9,23.52,0,Dindigul,Tamil Nadu
2021-12-01,3.3,43.96999999999999,94.52000000000005,144.21,23.52,0,Dindigul,Tamil Nadu
2021-12-02,0.62,21.069999999999993,65.69000000000004,118.69,17.15,0,Dindigul,Tamil Nadu
2021-12-03,0.67,4.589999999999996,59.530000000000044,113.12,3.3,0,Dindigul,Tamil Nadu
2021-12-04,4.1,5.389999999999996,56.73000000000004,112.55,4.1,0,Dindigul,Tamil Nadu
2021-12-05,7.4,12.169999999999996,56.76000000000005,119.02,7.4,0,Dindigul,Tamil Nadu
2021-12-06,0.78,12.279999999999996,34.02000000000004,119.59,7.4,0,Dindigul,Tamil Nadu
2021-12-07,0.08,8.259999999999996,16.950000000000042,116.99,7.4,0,Dindigul,Tamil Nadu
2021-12-08,0.15,1.0099999999999965,13.800000000000042,110.03999999999999,0.78,0,Dindigul,Tamil Nadu
2021-12-09,3.31,3.5399999999999965,16.490000000000045,111.63,3.31,0,Dindigul,Tamil Nadu
2021-12-10,0.4,3.8599999999999963,16.22000000000004,82.58,3.31,0,Dindigul,Tamil Nadu
2021-12-11,3.31,7.019999999999996,15.430000000000042,79.06,3.31,0,Dindigul,Tamil Nadu
2021-12-12,2.4,6.109999999999996,10.430000000000042,74.55999999999999,3.31,0,Dindigul,Tamil Nadu
2021-12-13,0.62,6.329999999999996,10.270000000000044,67.81,3.31,0,Dindigul,Tamil Nadu
2021-12-14,1.85,4.8699999999999966,12.040000000000044,46.14,2.4,0,Dindigul,Tamil Nadu
2021-12-15,0.74,3.2099999999999964,12.630000000000043,29.73,1.85,0,Dindigul,Tamil Nadu
2021-12-16,0.03,2.6199999999999966,9.350000000000042,26.46,1.85,0,Dindigul,Tamil Nadu
2021-12-17,0.01,0.7799999999999965,8.960000000000042,25.85,0.74,0,Dindigul,Tamil Nadu
2021-12-18,0.0,0.03999999999999645,5.650000000000043,25.18,0.03,0,Dindigul,Tamil Nadu
2021-12-19,0.0,0.009999999999996447,3.2500000000000426,21.08,0.01,0,Dindigul,Tamil Nadu
2021-12-20,0.0,0.0,2.6300000000000425,13.68,0.0,0,Dindigul,Tamil Nadu
2021-12-21,0.0,0.0,0.7800000000000427,12.9,0.0,0,Dindigul,Tamil Nadu
2021-12-22,0.0,0.0,0.04000000000004263,12.82,0.0,0,Dindigul,Tamil Nadu
2021-12-23,0.0,0.0,0.010000000000042633,12.67,0.0,0,Dindigul,Tamil Nadu
2021-12-24,0.0,0.0,0.0,9.36,0.0,0,Dindigul,Tamil Nadu
2021-12-25,0.0,0.0,0.0,8.959999999999999,0.0,0,Dindigul,Tamil Nadu
2021-12-26,0.0,0.0,0.0,5.65,0.0,0,Dindigul,Tamil Nadu
2021-12-27,0.0,0.0,0.0,3.25,0.0,0,Dindigul,Tamil Nadu
2021-12-28,0.0,0.0,0.0,2.63,0.0,0,Dindigul,Tamil Nadu
2021-12-29,0.0,0.0,0.0,0.78,0.0,0,Dindigul,Tamil Nadu
2021-12-30,4.11,4.109999999999997,4.110000000000043,4.15,4.11,0,Dindigul,Tamil Nadu
2021-12-31,5.21,9.319999999999997,9.320000000000043,9.33,5.21,0,Dindigul,Tamil Nadu
2022-01-01,15.59,24.909999999999997,24.910000000000043,24.91,15.59,0,Dindigul,Tamil Nadu
2022-01-02,4.02,24.819999999999997,28.930000000000042,28.93,15.59,0,Dindigul,Tamil Nadu
2022-01-03,0.01,19.619999999999997,28.940000000000044,28.94,15.59,0,Dindigul,Tamil Nadu
2022-01-04,0.0,4.029999999999996,28.940000000000044,28.94,4.02,0,Dindigul,Tamil Nadu
2022-01-05,0.0,0.009999999999996447,28.940000000000044,28.94,0.01,0,Dindigul,Tamil Nadu
2022-01-06,0.0,0.0,24.830000000000044,28.94,0.0,0,Dindigul,Tamil Nadu
2022-01-07,0.01,0.009999999999996447,19.63000000000004,28.95,0.01,0,Dindigul,Tamil Nadu
2022-01-08,0.0,0.009999999999996447,4.040000000000042,28.95,0.01,0,Dindigul,Tamil Nadu
2022-01-09,0.0,0.009999999999996447,0.020000000000042633,28.95,0.01,0,Dindigul,Tamil Nadu
2022-01-10,0.0,0.0,0.010000000000042633,28.95,0.0,0,Dindigul,Tamil Nadu
2022-01-11,0.0,0.0,0.010000000000042633,28.95,0.0,0,Dindigul,Tamil Nadu
2022-01-12,0.0,0.0,0.010000000000042633,28.95,0.0,0,Dindigul,Tamil Nadu
2022-01-13,0.0,0.0,0.010000000000042633,28.95,0.0,0,Dindigul,Tamil Nadu
2022-01-14,0.0,0.0,0.0,24.84,0.0,0,Dindigul,Tamil Nadu
2022-01-15,0.06,0.059999999999996445,0.06000000000004263,19.689999999999998,0.06,0,Dindigul,Tamil Nadu
2022-01-16,0.7,0.7599999999999965,0.7600000000000426,4.8,0.7,0,Dindigul,Tamil Nadu
2022-01-17,0.2,0.9599999999999964,0.9600000000000426,0.98,0.7,0,Dindigul,Tamil Nadu
2022-01-18,0.01,0.9099999999999964,0.9700000000000426,0.9799999999999999,0.7,0,Dindigul,Tamil Nadu
2022-01-19,0.0,0.20999999999999647,0.9700000000000426,0.9799999999999999,0.2,0,Dindigul,Tamil Nadu
2022-01-20,0.0,0.009999999999996447,0.9700000000000426,0.9799999999999999,0.01,0,Dindigul,Tamil Nadu
2022-01-21,0.0,0.0,0.9700000000000426,0.9799999999999999,0.0,0,Dindigul,Tamil Nadu
2022-01-22,0.0,0.0,0.9100000000000426,0.9699999999999999,0.0,0,Dindigul,Tamil Nadu
2022-01-23,0.0,0.0,0.21000000000004265,0.9699999999999999,0.0,0,Dindigul,Tamil Nadu
2022-01-24,0.0,0.0,0.010000000000042633,0.9699999999999999,0.0,0,Dindigul,Tamil Nadu
2022-01-25,0.01,0.009999999999996447,0.010000000000042633,0.9799999999999999,0.01,0,Dindigul,Tamil Nadu
2022-01-26,0.32,0.32999999999999646,0.33000000000004265,1.2999999999999998,0.32,0,Dindigul,Tamil Nadu
2022-01-27,0.5,0.8299999999999965,0.8300000000000427,1.7999999999999998,0.5,0,Dindigul,Tamil Nadu
2022-01-28,0.18,0.9999999999999964,1.0100000000000426,1.98,0.5,0,Dindigul,Tamil Nadu
2022-01-29,0.04,0.7199999999999964,1.0500000000000427,2.02,0.5,0,Dindigul,Tamil Nadu
2022-01-30,0.02,0.2399999999999965,1.0700000000000427,1.98,0.18,0,Dindigul,Tamil Nadu
2022-01-31,0.0,0.0599999999999965,1.0700000000000427,1.2800000000000002,0.04,0,Dindigul,Tamil Nadu
2022-02-01,0.0,0.019999999999996503,1.0600000000000427,1.08,0.02,0,Dindigul,Tamil Nadu
2022-02-02,0.0,0.0,0.7400000000000426,1.07,0.0,0,Dindigul,Tamil Nadu
2022-02-03,0.0,0.0,0.24000000000004268,1.07,0.0,0,Dindigul,Tamil Nadu
2022-02-04,0.0,0.0,0.060000000000042686,1.07,0.0,0,Dindigul,Tamil Nadu
2022-02-05,0.0,0.0,0.02000000000004269,1.07,0.0,0,Dindigul,Tamil Nadu
2022-02-06,0.0,0.0,0.0,1.07,0.0,0,Dindigul,Tamil Nadu
2022-02-07,0.0,0.0,0.0,1.07,0.0,0,Dindigul,Tamil Nadu
2022-02-08,0.0,0.0,0.0,1.07,0.0,0,Dindigul,Tamil Nadu
2022-02-09,0.0,0.0,0.0,1.06,0.0,0,Dindigul,Tamil Nadu
2022-02-10,0.03,0.0299999999999965,0.030000000000042687,0.77,0.03,0,Dindigul,Tamil Nadu
2022-02-11,1.1,1.1299999999999966,1.1300000000000427,1.37,1.1,0,Dindigul,Tamil Nadu
2022-02-12,2.89,4.019999999999997,4.020000000000043,4.08,2.89,0,Dindigul,Tamil Nadu
2022-02-13,0.12,4.109999999999997,4.140000000000042,4.16,2.89,0,Dindigul,Tamil Nadu
2022-02-14,0.15,3.159999999999996,4.290000000000043,4.29,2.89,0,Dindigul,Tamil Nadu
2022-02-15,0.17,0.43999999999999645,4.460000000000043,4.46,0.17,0,Dindigul,Tamil Nadu
2022-02-16,0.0,0.31999999999999645,4.460000000000043,4.46,0.17,0,Dindigul,Tamil Nadu
2022-02-17,0.0,0.16999999999999646,4.430000000000042,4.46,0.17,0,Dindigul,Tamil Nadu
2022-02-18,0.0,0.0,3.3300000000000427,4.46,0.0,0,Dindigul,Tamil Nadu
2022-02-19,0.0,0.0,0.4400000000000422,4.46,0.0,0,Dindigul,Tamil Nadu
2022-02-20,0.0,0.0,0.3200000000000422,4.46,0.0,0,Dindigul,Tamil Nadu
2022-02-21,0.0,0.0,0.1700000000000422,4.46,0.0,0,Dindigul,Tamil Nadu
2022-02-22,0.0,0.0,0.0,4.46,0.0,0,Dindigul,Tamil Nadu
2022-02-23,0.1,0.09999999999999645,0.1000000000000422,4.56,0.1,0,Dindigul,Tamil Nadu
2022-02-24,0.14,0.23999999999999647,0.2400000000000422,4.7,0.14,0,Dindigul,Tamil Nadu
2022-02-25,0.0,0.23999999999999647,0.2400000000000422,4.670000000000001,0.14,0,Dindigul,Tamil Nadu
2022-02-26,0.2,0.33999999999999647,0.44000000000004225,3.77,0.2,0,Dindigul,Tamil Nadu
2022-02-27,0.14,0.33999999999999647,0.5800000000000423,1.0200000000000005,0.2,0,Dindigul,Tamil Nadu
2022-02-28,0.01,0.3499999999999965,0.5900000000000423,0.9100000000000005,0.2,0,Dindigul,Tamil Nadu
2022-03-01,0.0,0.14999999999999647,0.5900000000000423,0.7600000000000005,0.14,0,Dindigul,Tamil Nadu
2022-03-02,0.0,0.009999999999996447,0.49000000000004224,0.5900000000000005,0.01,0,Dindigul,Tamil Nadu
2022-03-03,0.0,0.0,0.35000000000004217,0.5900000000000005,0.0,0,Dindigul,Tamil Nadu
2022-03-04,0.14,0.13999999999999646,0.4900000000000422,0.7300000000000005,0.14,0,Dindigul,Tamil Nadu
2022-03-05,0.0,0.13999999999999646,0.2900000000000422,0.7300000000000004,0.14,0,Dindigul,Tamil Nadu
2022-03-06,0.3,0.43999999999999645,0.45000000000004226,1.0300000000000005,0.3,0,Dindigul,Tamil Nadu
2022-03-07,2.67,2.969999999999996,3.110000000000042,3.7,2.67,0,Dindigul,Tamil Nadu
2022-03-08,0.51,3.479999999999996,3.620000000000042,4.21,2.67,0,Dindigul,Tamil Nadu
2022-03-09,0.0,3.179999999999996,3.620000000000042,4.21,2.67,0,Dindigul,Tamil Nadu
2022-03-10,0.0,0.5099999999999965,3.620000000000042,4.11,0.51,0,Dindigul,Tamil Nadu
2022-03-11,0.0,0.0,3.480000000000042,3.9700000000000006,0.0,0,Dindigul,Tamil Nadu
2022-03-12,0.0,0.0,3.480000000000042,3.9700000000000006,0.0,0,Dindigul,Tamil Nadu
2022-03-13,0.0,0.0,3.1800000000000423,3.7700000000000005,0.0,0,Dindigul,Tamil Nadu
2022-03-14,0.0,0.0,0.5100000000000422,3.63,0.0,0,Dindigul,Tamil Nadu
2022-03-15,0.0,0.0,0.0,3.62,0.0,0,Dindigul,Tamil Nadu
2022-03-16,0.04,0.03999999999999645,0.04000000000004219,3.66,0.04,0,Dindigul,Tamil Nadu
2022-03-17,0.05,0.08999999999999644,0.09000000000004219,3.7100000000000004,0.05,0,Dindigul,Tamil Nadu
2022-03-18,0.02,0.10999999999999645,0.11000000000004219,3.7300000000000004,0.05,0,Dindigul,Tamil Nadu
2022-03-19,0.08,0.14999999999999647,0.1900000000000422,3.6700000000000004,0.08,0,Dindigul,Tamil Nadu
2022-03-20,0.75,0.8499999999999964,0.9400000000000421,4.42,0.75,0,Dindigul,Tamil Nadu
2022-03-21,1.47,2.2999999999999963,2.410000000000042,5.59,1.47,0,Dindigul,Tamil Nadu
2022-03-22,1.98,4.199999999999997,4.390000000000042,4.9,1.98,0,Dindigul,Tamil Nadu
2022-03-23,12.94,16.389999999999997,17.290000000000042,17.33,12.94,0,Dindigul,Tamil Nadu
2022-03-24,0.56,15.479999999999997,17.80000000000004,17.89,12.94,0,Dindigul,Tamil Nadu
2022-03-25,2.52,16.019999999999996,20.30000000000004,20.41,12.94,0,Dindigul,Tamil Nadu
2022-03-26,1.74,4.819999999999997,21.960000000000043,22.15,2.52,0,Dindigul,Tamil Nadu
2022-03-27,0.2,4.459999999999996,21.410000000000043,22.35,2.52,0,Dindigul,Tamil Nadu
2022-03-28,0.06,1.9999999999999964,20.000000000000043,22.41,1.74,0,Dindigul,Tamil Nadu
2022-03-29,0.15,0.4099999999999965,18.17000000000004,22.56,0.2,0,Dindigul,Tamil Nadu
2022-03-30,0.93,1.1399999999999966,6.160000000000043,23.490000000000002,0.93,0,Dindigul,Tamil Nadu
2022-03-31,0.09,1.1699999999999964,5.690000000000042,23.540000000000003,0.93,0,Dindigul,Tamil Nadu
2022-04-01,0.21,1.2299999999999964,3.3800000000000425,23.7,0.93,0,Dindigul,Tamil Nadu
2022-04-02,0.21,0.5099999999999965,1.8500000000000427,23.89,0.21,0,Dindigul,Tamil Nadu
2022-04-03,1.1,1.5199999999999965,2.7500000000000426,24.91,1.1,0,Dindigul,Tamil Nadu
2022-04-04,0.17,1.4799999999999964,2.860000000000043,24.33,1.1,0,Dindigul,Tamil Nadu
2022-04-05,0.23,1.4999999999999964,2.940000000000043,23.09,1.1,0,Dindigul,Tamil Nadu
2022-04-06,1.86,2.2599999999999967,3.8700000000000427,22.97,1.86,0,Dindigul,Tamil Nadu
2022-04-07,0.11,2.1999999999999966,3.8900000000000428,10.14,1.86,0,Dindigul,Tamil Nadu
2022-04-08,11.07,13.039999999999997,14.750000000000043,20.65,11.07,0,Dindigul,Tamil Nadu
2022-04-09,5.22,16.399999999999995,19.76000000000004,23.35,11.07,0,Dindigul,Tamil Nadu
2022-04-10,7.22,23.509999999999998,25.880000000000045,28.830000000000002,11.07,0,Dindigul,Tamil Nadu
2022-04-11,12.03,24.469999999999995,37.74000000000004,40.66,12.03,0,Dindigul,Tamil Nadu
2022-04-12,10.08,29.33,47.590000000000046,50.67999999999999,12.03,0,Dindigul,Tamil Nadu
2022-04-13,12.18,34.29,57.910000000000046,62.709999999999994,12.18,0,Dindigul,Tamil Nadu
2022-04-14,3.38,25.639999999999997,61.180000000000035,65.16,12.18,0,Dindigul,Tamil Nadu
2022-04-15,1.23,16.789999999999996,51.340000000000046,66.3,12.18,0,Dindigul,Tamil Nadu
2022-04-16,1.8,6.409999999999997,47.92000000000004,67.89,3.38,0,Dindigul,Tamil Nadu
2022-04-17,3.29,6.319999999999997,43.99000000000004,70.97,3.29,0,Dindigul,Tamil Nadu
2022-04-18,5.12,10.209999999999997,37.08000000000004,74.99,5.12,0,Dindigul,Tamil Nadu
2022-04-19,0.9,9.309999999999997,27.900000000000045,75.72,5.12,0,Dindigul,Tamil Nadu
2022-04-20,0.0,6.019999999999997,15.720000000000043,75.49,5.12,0,Dindigul,Tamil Nadu
2022-04-21,0.0,0.8999999999999965,12.340000000000042,73.63,0.9,0,Dindigul,Tamil Nadu
2022-04-22,2.87,2.8699999999999966,13.980000000000043,76.39,2.87,0,Dindigul,Tamil Nadu
2022-04-23,16.97,19.839999999999996,29.15000000000004,82.28999999999999,16.97,0,Dindigul,Tamil Nadu
2022-04-24,0.6,20.439999999999998,26.460000000000043,77.67,16.97,0,Dindigul,Tamil Nadu
2022-04-25,0.0,17.569999999999997,21.340000000000042,70.45,16.97,0,Dindigul,Tamil Nadu
2022-04-26,0.0,0.5999999999999964,20.440000000000044,58.42,0.6,0,Dindigul,Tamil Nadu
2022-04-27,0.0,0.0,20.440000000000044,48.34,0.0,0,Dindigul,Tamil Nadu
2022-04-28,0.01,0.009999999999996447,20.450000000000042,36.169999999999995,0.01,0,Dindigul,Tamil Nadu
2022-04-29,0.07,0.07999999999999645,17.65000000000004,32.86,0.07,0,Dindigul,Tamil Nadu
2022-04-30,0.02,0.09999999999999645,0.7000000000000426,31.65,0.07,0,Dindigul,Tamil Nadu
2022-05-01,1.16,1.2499999999999964,1.2600000000000424,31.009999999999998,1.16,0,Dindigul,Tamil Nadu
2022-05-02,0.68,1.8599999999999963,1.9400000000000426,28.4,1.16,0,Dindigul,Tamil Nadu
2022-05-03,2.75,4.589999999999996,4.690000000000042,26.029999999999998,2.75,0,Dindigul,Tamil Nadu
2022-05-04,3.99,7.419999999999996,8.680000000000042,29.12,3.99,0,Dindigul,Tamil Nadu
2022-05-05,1.92,8.659999999999997,10.590000000000042,31.04,3.99,0,Dindigul,Tamil Nadu
2022-05-06,0.32,6.229999999999997,10.840000000000042,31.36,3.99,0,Dindigul,Tamil Nadu
2022-05-07,0.67,2.9099999999999966,11.490000000000043,29.16,1.92,0,Dindigul,Tamil Nadu
2022-05-08,0.57,1.5599999999999965,10.900000000000043,12.76,0.67,0,Dindigul,Tamil Nadu
2022-05-09,0.94,2.179999999999996,11.160000000000043,13.1,0.94,0,Dindigul,Tamil Nadu
2022-05-10,0.38,1.8899999999999963,8.790000000000044,13.48,0.94,0,Dindigul,Tamil Nadu
2022-05-11,0.14,1.4599999999999964,4.940000000000043,13.620000000000001,0.94,0,Dindigul,Tamil Nadu
2022-05-12,0.54,1.0599999999999965,3.5600000000000427,14.16,0.54,0,Dindigul,Tamil Nadu
2022-05-13,0.76,1.4399999999999964,4.000000000000043,14.91,0.76,0,Dindigul,Tamil Nadu
2022-05-14,4.92,6.219999999999996,8.250000000000043,19.76,4.92,0,Dindigul,Tamil Nadu
2022-05-15,7.58,13.259999999999996,15.260000000000042,27.32,7.58,0,Dindigul,Tamil Nadu
2022-05-16,11.26,23.759999999999998,25.58000000000004,37.42,11.26,0,Dindigul,Tamil Nadu
2022-05-17,7.89,26.729999999999993,33.090000000000046,44.63,11.26,0,Dindigul,Tamil Nadu
2022-05-18,2.37,21.519999999999996,35.32000000000004,44.25,11.26,0,Dindigul,Tamil Nadu
2022-05-19,1.98,12.239999999999997,36.76000000000004,42.24,7.89,0,Dindigul,Tamil Nadu
2022-05-20,0.43,4.779999999999997,36.430000000000035,40.75,2.37,0,Dindigul,Tamil Nadu
2022-05-21,0.21,2.6199999999999966,31.720000000000045,40.64,1.98,0,Dindigul,Tamil Nadu
2022-05-22,0.11,0.7499999999999964,24.250000000000043,40.080000000000005,0.43,0,Dindigul,Tamil Nadu
2022-05-23,0.43,0.7499999999999964,13.420000000000043,39.940000000000005,0.43,0,Dindigul,Tamil Nadu
2022-05-24,2.38,2.9199999999999964,7.910000000000043,41.379999999999995,2.38,0,Dindigul,Tamil Nadu
2022-05-25,1.86,4.669999999999996,7.400000000000043,42.86,2.38,0,Dindigul,Tamil Nadu
2022-05-26,4.09,8.329999999999997,9.510000000000042,46.81,4.09,0,Dindigul,Tamil Nadu
2022-05-27,2.4,8.349999999999996,11.480000000000043,48.67,4.09,0,Dindigul,Tamil Nadu
2022-05-28,7.47,13.959999999999996,18.740000000000045,55.379999999999995,7.47,0,Dindigul,Tamil Nadu
2022-05-29,10.84,20.709999999999994,29.47000000000004,61.300000000000004,10.84,0,Dindigul,Tamil Nadu
2022-05-30,3.06,21.369999999999997,32.100000000000044,56.779999999999994,10.84,0,Dindigul,Tamil Nadu
2022-05-31,1.94,15.839999999999996,31.66000000000004,47.46,10.84,0,Dindigul,Tamil Nadu
2022-06-01,2.94,7.939999999999996,32.740000000000045,42.51,3.06,1,Dindigul,Tamil Nadu
2022-06-02,0.94,5.819999999999996,29.590000000000042,41.08,2.94,1,Dindigul,Tamil Nadu
2022-06-03,0.01,3.889999999999996,27.200000000000042,39.11,2.94,1,Dindigul,Tamil Nadu
2022-06-04,0.02,0.9699999999999964,19.75000000000004,38.699999999999996,0.94,1,Dindigul,Tamil Nadu
2022-06-05,9.78,9.809999999999995,18.69000000000004,48.269999999999996,9.78,1,Dindigul,Tamil Nadu
2022-06-06,13.11,22.909999999999997,28.74000000000004,61.269999999999996,13.11,1,Dindigul,Tamil Nadu
2022-06-07,2.86,25.749999999999996,29.66000000000004,63.699999999999996,13.11,1,Dindigul,Tamil Nadu
2022-06-08,0.03,15.999999999999996,26.750000000000043,61.35,13.11,1,Dindigul,Tamil Nadu
2022-06-09,0.03,2.9199999999999964,25.84000000000004,59.52,2.86,1,Dindigul,Tamil Nadu
2022-06-10,0.25,0.30999999999999645,26.08000000000004,55.68,0.25,1,Dindigul,Tamil Nadu
2022-06-11,0.88,1.1599999999999966,26.940000000000044,54.16,0.88,1,Dindigul,Tamil Nadu
2022-06-12,4.03,5.159999999999997,21.19000000000004,50.72,4.03,1,Dindigul,Tamil Nadu
2022-06-13,1.77,6.679999999999996,9.850000000000042,41.65,4.03,1,Dindigul,Tamil Nadu
2022-06-14,6.25,12.049999999999997,13.240000000000043,44.84,6.25,1,Dindigul,Tamil Nadu
2022-06-15,9.49,17.509999999999994,22.700000000000042,52.39,9.49,1,Dindigul,Tamil Nadu
2022-06-16,7.26,22.999999999999993,29.930000000000042,56.71,9.49,1,Dindigul,Tamil Nadu
2022-06-17,20.94,37.69,50.62000000000005,76.71000000000001,20.94,1,Dindigul,Tamil Nadu
2022-06-18,3.31,31.509999999999994,53.05000000000005,80.00999999999999,20.94,1,Dindigul,Tamil Nadu
2022-06-19,2.4,26.65,51.420000000000044,82.39,20.94,1,Dindigul,Tamil Nadu
2022-06-20,0.32,6.029999999999997,49.97000000000005,72.92999999999999,3.31,1,Dindigul,Tamil Nadu
2022-06-21,0.56,3.2799999999999967,44.28000000000005,60.38,2.4,1,Dindigul,Tamil Nadu
2022-06-22,0.41,1.2899999999999965,35.200000000000045,57.93,0.56,1,Dindigul,Tamil Nadu
2022-06-23,0.5,1.4699999999999964,28.440000000000047,58.4,0.56,1,Dindigul,Tamil Nadu
2022-06-24,0.35,1.2599999999999962,7.850000000000042,58.72,0.5,1,Dindigul,Tamil Nadu
2022-06-25,0.17,1.0199999999999965,4.710000000000042,58.64,0.5,1,Dindigul,Tamil Nadu
2022-06-26,0.04,0.5599999999999964,2.3500000000000427,57.800000000000004,0.35,1,Dindigul,Tamil Nadu
2022-06-27,0.11,0.31999999999999645,2.1400000000000428,53.88,0.17,1,Dindigul,Tamil Nadu
2022-06-28,0.24,0.38999999999999646,1.8200000000000425,52.349999999999994,0.24,1,Dindigul,Tamil Nadu
2022-06-29,0.16,0.5099999999999965,1.5700000000000427,46.26,0.24,1,Dindigul,Tamil Nadu
2022-06-30,4.79,5.189999999999997,5.860000000000043,41.559999999999995,4.79,1,Dindigul,Tamil Nadu
2022-07-01,1.4,6.349999999999996,6.910000000000043,35.699999999999996,4.79,1,Dindigul,Tamil Nadu
2022-07-02,0.5,6.689999999999996,7.240000000000043,15.26,4.79,1,Dindigul,Tamil Nadu
2022-07-03,1.03,2.929999999999996,8.230000000000043,12.98,1.4,1,Dindigul,Tamil Nadu
2022-07-04,0.31,1.8399999999999965,8.430000000000042,10.89,1.03,1,Dindigul,Tamil Nadu
2022-07-05,0.72,2.0599999999999965,8.910000000000043,11.290000000000001,1.03,1,Dindigul,Tamil Nadu
2022-07-06,0.53,1.5599999999999965,9.280000000000044,11.26,0.72,1,Dindigul,Tamil Nadu
2022-07-07,2.1,3.3499999999999965,6.5900000000000425,12.95,2.1,1,Dindigul,Tamil Nadu
2022-07-08,1.15,3.7799999999999963,6.3400000000000425,13.6,2.1,1,Dindigul,Tamil Nadu
2022-07-09,0.5,3.7499999999999964,6.3400000000000425,13.75,2.1,1,Dindigul,Tamil Nadu
2022-07-10,0.71,2.3599999999999963,6.020000000000042,14.290000000000001,1.15,1,Dindigul,Tamil Nadu
2022-07-11,0.74,1.9499999999999964,6.450000000000042,14.99,0.74,1,Dindigul,Tamil Nadu
2022-07-12,0.56,2.0099999999999962,6.290000000000043,15.44,0.74,1,Dindigul,Tamil Nadu
2022-07-13,1.67,2.969999999999996,7.430000000000042,16.87,1.67,1,Dindigul,Tamil Nadu
2022-07-14,1.01,3.239999999999996,6.3400000000000425,17.72,1.67,1,Dindigul,Tamil Nadu
2022-07-15,0.43,3.1099999999999963,5.620000000000042,13.360000000000001,1.67,1,Dindigul,Tamil Nadu
2022-07-16,0.5,1.9399999999999964,5.620000000000042,12.46,1.01,1,Dindigul,Tamil Nadu
2022-07-17,10.54,11.469999999999995,15.450000000000042,22.5,10.54,1,Dindigul,Tamil Nadu
2022-07-18,4.86,15.899999999999995,19.570000000000043,26.33,10.54,1,Dindigul,Tamil Nadu
2022-07-19,5.36,20.759999999999998,24.370000000000044,31.380000000000003,10.54,1,Dindigul,Tamil Nadu
2022-07-20,0.92,11.139999999999997,23.620000000000044,31.580000000000002,5.36,1,Dindigul,Tamil Nadu
2022-07-21,9.94,16.219999999999995,32.55000000000004,40.99,9.94,1,Dindigul,Tamil Nadu
2022-07-22,19.03,29.889999999999997,51.15000000000004,57.92,19.03,1,Dindigul,Tamil Nadu
2022-07-23,2.89,31.859999999999996,53.54000000000004,59.660000000000004,19.03,1,Dindigul,Tamil Nadu
2022-07-24,9.69,31.609999999999992,52.69000000000004,68.85000000000001,19.03,1,Dindigul,Tamil Nadu
2022-07-25,5.97,18.549999999999994,53.80000000000004,74.11000000000001,9.69,1,Dindigul,Tamil Nadu
2022-07-26,4.34,19.999999999999993,52.780000000000044,77.71,9.69,1,Dindigul,Tamil Nadu
2022-07-27,20.65,30.959999999999994,72.51000000000005,97.8,20.65,1,Dindigul,Tamil Nadu
2022-07-28,3.62,28.609999999999996,66.19000000000004,99.75,20.65,1,Dindigul,Tamil Nadu
2022-07-29,10.8,35.06999999999999,57.96000000000004,109.54,20.65,1,Dindigul,Tamil Nadu
2022-07-30,11.74,26.159999999999997,66.81000000000004,120.85,11.74,1,Dindigul,Tamil Nadu
2022-07-31,16.1,38.64,73.22000000000006,136.45,16.1,1,Dindigul,Tamil Nadu
2022-08-01,16.92,44.76,84.17000000000004,142.83,16.92,1,Dindigul,Tamil Nadu
2022-08-02,5.58,38.599999999999994,85.41000000000005,143.55,16.92,1,Dindigul,Tamil Nadu
2022-08-03,2.17,24.669999999999995,66.93000000000004,140.36,16.92,1,Dindigul,Tamil Nadu
2022-08-04,7.44,15.189999999999994,70.75000000000006,146.88,7.44,1,Dindigul,Tamil Nadu
2022-08-05,0.86,10.469999999999994,60.810000000000045,137.8,7.44,1,Dindigul,Tamil Nadu
2022-08-06,1.87,10.169999999999993,50.94000000000005,120.64,7.44,1,Dindigul,Tamil Nadu
2022-08-07,1.15,3.879999999999993,35.990000000000045,118.9,1.87,1,Dindigul,Tamil Nadu
2022-08-08,1.18,4.199999999999993,20.250000000000043,110.39,1.87,1,Dindigul,Tamil Nadu
2022-08-09,0.51,2.8399999999999928,15.180000000000042,104.93,1.18,1,Dindigul,Tamil Nadu
2022-08-10,0.11,1.799999999999993,13.120000000000044,100.70000000000002,1.18,1,Dindigul,Tamil Nadu
2022-08-11,0.14,0.7599999999999929,5.820000000000043,80.19000000000001,0.51,1,Dindigul,Tamil Nadu
2022-08-12,0.06,0.3099999999999929,5.020000000000042,76.63,0.14,1,Dindigul,Tamil Nadu
2022-08-13,0.0,0.1999999999999929,3.1500000000000425,65.83,0.14,1,Dindigul,Tamil Nadu
2022-08-14,0.0,0.05999999999999289,2.0000000000000426,54.09,0.06,1,Dindigul,Tamil Nadu
2022-08-15,0.0,0.0,0.8200000000000427,37.99,0.0,1,Dindigul,Tamil Nadu
2022-08-16,0.08,0.0799999999999929,0.39000000000004265,21.15,0.08,1,Dindigul,Tamil Nadu
2022-08-17,0.48,0.5599999999999928,0.7600000000000426,16.05,0.48,1,Dindigul,Tamil Nadu
2022-08-18,7.65,8.209999999999994,8.270000000000042,21.53,7.65,1,Dindigul,Tamil Nadu
2022-08-19,4.57,12.699999999999992,12.780000000000044,18.66,7.65,1,Dindigul,Tamil Nadu
2022-08-20,0.56,12.779999999999992,13.340000000000042,18.36,7.65,1,Dindigul,Tamil Nadu
2022-08-21,2.83,7.959999999999994,16.170000000000044,19.32,4.57,1,Dindigul,Tamil Nadu
2022-08-22,3.27,6.659999999999993,19.440000000000044,21.44,3.27,1,Dindigul,Tamil Nadu
2022-08-23,1.37,7.469999999999993,20.730000000000047,21.630000000000003,3.27,1,Dindigul,Tamil Nadu
2022-08-24,1.13,5.769999999999993,21.380000000000045,22.25,3.27,1,Dindigul,Tamil Nadu
2022-08-25,3.19,5.689999999999992,16.92000000000004,25.33,3.19,1,Dindigul,Tamil Nadu
2022-08-26,20.17,24.489999999999995,32.52000000000004,45.36,20.17,1,Dindigul,Tamil Nadu
2022-08-27,11.07,34.42999999999999,43.030000000000044,56.370000000000005,20.17,1,Dindigul,Tamil Nadu
2022-08-28,8.63,39.87,48.83000000000005,65.0,20.17,1,Dindigul,Tamil Nadu
2022-08-29,1.89,21.589999999999993,47.450000000000045,66.89,11.07,1,Dindigul,Tamil Nadu
2022-08-30,27.43,37.94999999999999,73.51000000000005,94.32000000000001,27.43,1,Dindigul,Tamil Nadu
2022-08-31,9.07,38.389999999999986,81.45000000000005,103.31,27.43,1,Dindigul,Tamil Nadu
2022-09-01,4.02,40.51999999999999,82.28000000000003,106.85,27.43,1,Dindigul,Tamil Nadu
2022-09-02,2.74,15.829999999999993,64.85000000000004,101.94,9.07,1,Dindigul,Tamil Nadu
2022-09-03,0.69,7.449999999999992,54.47000000000004,98.06,4.02,1,Dindigul,Tamil Nadu
2022-09-04,15.0,18.429999999999993,60.84000000000004,112.5,15.0,1,Dindigul,Tamil Nadu
2022-09-05,16.88,32.56999999999999,75.83000000000004,126.55,16.88,1,Dindigul,Tamil Nadu
2022-09-06,5.18,37.05999999999999,53.58000000000004,128.46,16.88,1,Dindigul,Tamil Nadu
2022-09-07,7.71,29.76999999999999,52.220000000000034,134.8,16.88,1,Dindigul,Tamil Nadu
2022-09-08,0.36,13.249999999999993,48.56000000000004,134.03,7.71,1,Dindigul,Tamil Nadu
2022-09-09,0.59,8.659999999999993,46.41000000000004,131.43,7.71,1,Dindigul,Tamil Nadu
2022-09-10,0.69,1.6399999999999928,46.41000000000004,111.94999999999999,0.69,1,Dindigul,Tamil Nadu
2022-09-11,0.41,1.6899999999999926,31.820000000000043,101.28999999999999,0.69,1,Dindigul,Tamil Nadu
2022-09-12,0.16,1.259999999999993,15.100000000000042,92.82000000000001,0.69,1,Dindigul,Tamil Nadu
2022-09-13,0.72,1.289999999999993,10.640000000000043,91.65,0.72,1,Dindigul,Tamil Nadu
2022-09-14,2.01,2.8899999999999926,4.940000000000042,66.22999999999999,2.01,1,Dindigul,Tamil Nadu
2022-09-15,0.27,2.9999999999999925,4.850000000000042,57.43,2.01,1,Dindigul,Tamil Nadu
2022-09-16,0.21,2.4899999999999927,4.470000000000042,53.62,2.01,1,Dindigul,Tamil Nadu
2022-09-17,0.16,0.6399999999999929,3.9400000000000426,51.04,0.27,1,Dindigul,Tamil Nadu
2022-09-18,3.31,3.679999999999993,6.8400000000000425,53.66,3.31,1,Dindigul,Tamil Nadu
2022-09-19,0.3,3.769999999999993,6.980000000000042,38.96,3.31,1,Dindigul,Tamil Nadu
2022-09-20,0.0,3.6099999999999928,6.260000000000042,22.08,3.31,1,Dindigul,Tamil Nadu
2022-09-21,0.0,0.2999999999999929,4.250000000000043,16.9,0.3,1,Dindigul,Tamil Nadu
2022-09-22,0.0,0.0,3.9800000000000426,9.19,0.0,1,Dindigul,Tamil Nadu
2022-09-23,0.0,0.0,3.7700000000000427,8.83,0.0,1,Dindigul,Tamil Nadu
2022-09-24,0.06,0.05999999999999289,3.6700000000000426,8.299999999999999,0.06,1,Dindigul,Tamil Nadu
2022-09-25,7.99,8.049999999999994,8.350000000000042,15.600000000000001,7.99,1,Dindigul,Tamil Nadu
2022-09-26,10.73,18.779999999999994,18.780000000000044,25.92,10.73,1,Dindigul,Tamil Nadu
2022-09-27,0.09,18.809999999999995,18.870000000000044,25.85,10.73,1,Dindigul,Tamil Nadu
2022-09-28,2.76,13.579999999999993,21.63000000000004,27.89,10.73,1,Dindigul,Tamil Nadu
2022-09-29,1.0,3.8499999999999925,22.63000000000004,26.880000000000003,2.76,1,Dindigul,Tamil Nadu
2022-09-30,0.3,4.0599999999999925,22.930000000000042,26.91,2.76,1,Dindigul,Tamil Nadu
2022-10-01,0.11,1.4099999999999928,22.980000000000043,26.81,1.0,0,Dindigul,Tamil Nadu
2022-10-02,3.46,3.869999999999993,18.450000000000042,30.11,3.46,0,Dindigul,Tamil Nadu
2022-10-03,0.67,4.239999999999993,8.390000000000041,27.470000000000002,3.46,0,Dindigul,Tamil Nadu
2022-10-04,0.29,4.419999999999993,8.59000000000004,27.46,3.46,0,Dindigul,Tamil Nadu
2022-10-05,0.73,1.6899999999999928,6.560000000000041,28.19,0.73,0,Dindigul,Tamil Nadu
2022-10-06,0.01,1.029999999999993,5.570000000000041,28.2,0.73,0,Dindigul,Tamil Nadu
2022-10-07,0.08,0.8199999999999928,5.350000000000041,28.28,0.73,0,Dindigul,Tamil Nadu
2022-10-08,3.71,3.7999999999999927,8.95000000000004,31.990000000000002,3.71,0,Dindigul,Tamil Nadu
2022-10-09,21.71,25.499999999999993,27.200000000000042,53.64,21.71,0,Dindigul,Tamil Nadu
2022-10-10,27.34,52.75999999999999,53.87000000000004,72.99000000000001,27.34,0,Dindigul,Tamil Nadu
2022-10-11,12.19,61.23999999999999,65.77000000000004,74.45,27.34,0,Dindigul,Tamil Nadu
2022-10-12,6.19,45.71999999999999,71.23000000000003,80.55,27.34,0,Dindigul,Tamil Nadu
2022-10-13,7.55,25.929999999999993,78.77000000000004,85.34,12.19,0,Dindigul,Tamil Nadu
2022-10-14,10.57,24.309999999999995,89.26000000000005,94.91,10.57,0,Dindigul,Tamil Nadu
2022-10-15,12.67,30.789999999999992,98.22000000000004,107.28,12.67,0,Dindigul,Tamil Nadu
2022-10-16,8.79,32.029999999999994,85.30000000000004,115.96000000000001,12.67,0,Dindigul,Tamil Nadu
2022-10-17,3.4,24.859999999999992,61.36000000000004,115.89999999999999,12.67,0,Dindigul,Tamil Nadu
2022-10-18,9.51,21.699999999999992,58.68000000000004,124.74,9.51,0,Dindigul,Tamil Nadu
2022-10-19,6.81,19.71999999999999,59.30000000000004,131.26,9.51,0,Dindigul,Tamil Nadu
2022-10-20,16.99,33.30999999999999,68.74000000000004,147.52,16.99,0,Dindigul,Tamil Nadu
2022-10-21,18.96,42.75999999999999,77.13000000000004,166.47,18.96,0,Dindigul,Tamil Nadu
2022-10-22,1.22,37.16999999999999,65.68000000000004,167.61,18.96,0,Dindigul,Tamil Nadu
2022-10-23,1.46,21.639999999999993,58.350000000000044,165.36,18.96,0,Dindigul,Tamil Nadu
2022-10-24,0.65,3.329999999999993,55.600000000000044,144.29999999999998,1.46,0,Dindigul,Tamil Nadu
2022-10-25,0.13,2.239999999999993,46.22000000000004,117.08999999999999,1.46,0,Dindigul,Tamil Nadu
2022-10-26,0.22,0.9999999999999929,39.630000000000045,105.11999999999999,0.65,0,Dindigul,Tamil Nadu
2022-10-27,0.03,0.3799999999999929,22.670000000000044,98.96,0.22,0,Dindigul,Tamil Nadu
2022-10-28,0.13,0.3799999999999929,3.8400000000000425,91.54,0.22,0,Dindigul,Tamil Nadu
2022-10-29,1.65,1.8099999999999927,4.270000000000042,82.61999999999999,1.65,0,Dindigul,Tamil Nadu
2022-10-30,4.73,6.509999999999993,7.540000000000043,74.68,4.73,0,Dindigul,Tamil Nadu
2022-10-31,0.78,7.159999999999993,7.670000000000043,66.67,4.73,0,Dindigul,Tamil Nadu
2022-11-01,1.86,7.369999999999992,9.400000000000043,65.13,4.73,0,Dindigul,Tamil Nadu
2022-11-02,7.87,10.509999999999993,17.05000000000004,63.49,7.87,0,Dindigul,Tamil Nadu
2022-11-03,19.99,29.71999999999999,37.01000000000004,76.67,19.99,0,Dindigul,Tamil Nadu
2022-11-04,9.72,37.57999999999999,46.600000000000044,69.4,19.99,0,Dindigul,Tamil Nadu
2022-11-05,3.4,33.10999999999999,48.35000000000004,53.839999999999996,19.99,0,Dindigul,Tamil Nadu
2022-11-06,4.75,17.869999999999994,48.37000000000005,57.37,9.72,0,Dindigul,Tamil Nadu
2022-11-07,0.51,8.659999999999993,48.100000000000044,56.419999999999995,4.75,0,Dindigul,Tamil Nadu
2022-11-08,0.85,6.109999999999993,47.090000000000046,56.62,4.75,0,Dindigul,Tamil Nadu
2022-11-09,0.46,1.819999999999993,39.68000000000004,56.95,0.85,0,Dindigul,Tamil Nadu
2022-11-10,3.29,4.5999999999999925,22.980000000000043,60.019999999999996,3.29,0,Dindigul,Tamil Nadu
2022-11-11,41.11,44.85999999999999,54.37000000000004,101.1,41.11,0,Dindigul,Tamil Nadu
2022-11-12,23.32,67.72,74.29000000000005,124.28999999999999,41.11,0,Dindigul,Tamil Nadu
2022-11-13,6.99,71.42,76.53000000000004,129.63,41.11,0,Dindigul,Tamil Nadu
2022-11-14,7.71,38.019999999999996,83.73000000000003,132.60999999999999,23.32,0,Dindigul,Tamil Nadu
2022-11-15,0.83,15.529999999999992,83.71000000000004,132.66,7.71,0,Dindigul,Tamil Nadu
2022-11-16,0.35,8.889999999999993,83.60000000000004,131.15,7.71,0,Dindigul,Tamil Nadu
2022-11-17,0.02,1.1999999999999929,80.33000000000004,123.30000000000001,0.83,0,Dindigul,Tamil Nadu
2022-11-18,0.0,0.3699999999999929,39.22000000000004,103.31,0.35,0,Dindigul,Tamil Nadu
2022-11-19,0.0,0.019999999999992895,15.900000000000043,93.59,0.02,0,Dindigul,Tamil Nadu
2022-11-20,0.0,0.0,8.910000000000043,90.19000000000001,0.0,0,Dindigul,Tamil Nadu
2022-11-21,0.0,0.0,1.2000000000000426,85.44,0.0,0,Dindigul,Tamil Nadu
2022-11-22,0.01,0.009999999999992895,0.38000000000004264,84.94,0.01,0,Dindigul,Tamil Nadu
2022-11-23,0.07,0.0799999999999929,0.10000000000004264,84.16,0.07,0,Dindigul,Tamil Nadu
2022-11-24,0.08,0.1599999999999929,0.16000000000004264,83.78,0.08,0,Dindigul,Tamil Nadu
2022-11-25,0.05,0.1999999999999929,0.21000000000004265,80.53999999999999,0.08,0,Dindigul,Tamil Nadu
2022-11-26,0.32,0.4499999999999929,0.5300000000000427,39.75,0.32,0,Dindigul,Tamil Nadu
2022-11-27,2.49,2.859999999999993,3.020000000000043,18.92,2.49,0,Dindigul,Tamil Nadu
2022-11-28,2.61,5.419999999999993,5.630000000000043,14.54,2.61,0,Dindigul,Tamil Nadu
2022-11-29,5.05,10.149999999999993,10.670000000000043,11.879999999999999,5.05,0,Dindigul,Tamil Nadu
2022-11-30,0.08,7.739999999999993,10.680000000000042,11.129999999999999,5.05,0,Dindigul,Tamil Nadu
2022-12-01,2.4,7.529999999999994,13.000000000000043,13.18,5.05,0,Dindigul,Tamil Nadu
2022-12-02,0.59,3.0699999999999927,13.540000000000042,13.75,2.4,0,Dindigul,Tamil Nadu
2022-12-03,0.76,3.749999999999993,13.980000000000043,14.51,2.4,0,Dindigul,Tamil Nadu
2022-12-04,11.65,12.999999999999993,23.140000000000043,26.16,11.65,0,Dindigul,Tamil Nadu
2022-12-05,0.79,13.199999999999992,21.320000000000043,26.95,11.65,0,Dindigul,Tamil Nadu
2022-12-06,0.0,12.439999999999994,16.270000000000046,26.95,11.65,0,Dindigul,Tamil Nadu
2022-12-07,0.0,0.7899999999999929,16.190000000000044,26.939999999999998,0.79,0,Dindigul,Tamil Nadu
2022-12-08,2.61,2.6099999999999928,16.40000000000004,29.479999999999997,2.61,0,Dindigul,Tamil Nadu
2022-12-09,26.88,29.48999999999999,42.69000000000004,56.28,26.88,0,Dindigul,Tamil Nadu
2022-12-10,2.98,32.46999999999999,44.91000000000004,59.21,26.88,0,Dindigul,Tamil Nadu
2022-12-11,1.85,31.709999999999994,35.110000000000035,60.74,26.88,0,Dindigul,Tamil Nadu
2022-12-12,7.45,12.279999999999994,41.77000000000004,65.7,7.45,0,Dindigul,Tamil Nadu
2022-12-13,8.44,17.73999999999999,50.210000000000036,71.53,8.44,0,Dindigul,Tamil Nadu
2022-12-14,5.02,20.90999999999999,55.23000000000003,71.5,8.44,0,Dindigul,Tamil Nadu
2022-12-15,0.09,13.549999999999992,52.710000000000036,71.51,8.44,0,Dindigul,Tamil Nadu
2022-12-16,0.0,5.1099999999999905,25.83000000000004,69.11,5.02,0,Dindigul,Tamil Nadu
2022-12-17,0.0,0.08999999999999111,22.85000000000004,68.52,0.09,0,Dindigul,Tamil Nadu
2022-12-18,0.0,0.0,21.000000000000043,67.76,0.0,0,Dindigul,Tamil Nadu
2022-12-19,0.03,0.029999999999991117,13.58000000000004,56.13999999999999,0.03,0,Dindigul,Tamil Nadu
2022-12-20,0.02,0.04999999999999112,5.160000000000042,55.37,0.03,0,Dindigul,Tamil Nadu
2022-12-21,7.51,7.559999999999991,7.650000000000042,62.879999999999995,7.51,0,Dindigul,Tamil Nadu
2022-12-22,0.72,8.249999999999991,8.280000000000042,63.599999999999994,7.51,0,Dindigul,Tamil Nadu
2022-12-23,0.0,8.229999999999992,8.280000000000042,60.989999999999995,7.51,0,Dindigul,Tamil Nadu
2022-12-24,0.01,0.7299999999999911,8.290000000000042,34.120000000000005,0.72,0,Dindigul,Tamil Nadu
2022-12-25,8.07,8.079999999999991,16.360000000000042,39.209999999999994,8.07,0,Dindigul,Tamil Nadu
2022-12-26,8.28,16.359999999999992,24.610000000000042,45.63999999999999,8.28,0,Dindigul,Tamil Nadu
2022-12-27,3.42,19.76999999999999,28.01000000000004,41.61,8.28,0,Dindigul,Tamil Nadu
2022-12-28,0.42,12.11999999999999,20.920000000000044,33.59,8.28,0,Dindigul,Tamil Nadu
2022-12-29,0.0,3.839999999999991,20.200000000000042,28.57,3.42,0,Dindigul,Tamil Nadu
2022-12-30,0.0,0.4199999999999911,20.200000000000042,28.48,0.42,0,Dindigul,Tamil Nadu
2022-12-31,0.0,0.0,20.190000000000044,28.48,0.0,0,Dindigul,Tamil Nadu
2023-01-01,0.0,0.0,12.120000000000042,28.48,0.0,0,Dindigul,Tamil Nadu
2023-01-02,0.0,0.0,3.8400000000000425,28.48,0.0,0,Dindigul,Tamil Nadu
2023-01-03,0.0,0.0,0.4200000000000426,28.45,0.0,0,Dindigul,Tamil Nadu
2023-01-04,0.0,0.0,0.0,28.43,0.0,0,Dindigul,Tamil Nadu
2023-01-05,0.0,0.0,0.0,20.92,0.0,0,Dindigul,Tamil Nadu
2023-01-06,0.01,0.009999999999991118,0.010000000000042633,20.209999999999997,0.01,0,Dindigul,Tamil Nadu
2023-01-07,0.0,0.009999999999991118,0.010000000000042633,20.209999999999997,0.01,0,Dindigul,Tamil Nadu
2023-01-08,0.01,0.01999999999999112,0.020000000000042633,20.21,0.01,0,Dindigul,Tamil Nadu
2023-01-09,0.0,0.009999999999991118,0.020000000000042633,12.139999999999999,0.01,0,Dindigul,Tamil Nadu
2023-01-10,0.0,0.009999999999991118,0.020000000000042633,3.86,0.01,0,Dindigul,Tamil Nadu
2023-01-11,0.0,0.0,0.020000000000042633,0.44,0.0,0,Dindigul,Tamil Nadu
2023-01-12,0.0,0.0,0.020000000000042633,0.02,0.0,0,Dindigul,Tamil Nadu
2023-01-13,0.0,0.0,0.010000000000042633,0.02,0.0,0,Dindigul,Tamil Nadu
2023-01-14,0.0,0.0,0.010000000000042633,0.02,0.0,0,Dindigul,Tamil Nadu
2023-01-15,0.0,0.0,0.0,0.02,0.0,0,Dindigul,Tamil Nadu
2023-01-16,0.0,0.0,0.0,0.02,0.0,0,Dindigul,Tamil Nadu
2023-01-17,0.0,0.0,0.0,0.02,0.0,0,Dindigul,Tamil Nadu
2023-01-18,0.0,0.0,0.0,0.02,0.0,0,Dindigul,Tamil Nadu
2023-01-19,0.0,0.0,0.0,0.02,0.0,0,Dindigul,Tamil Nadu
2023-01-20,0.0,0.0,0.0,0.02,0.0,0,Dindigul,Tamil Nadu
2023-01-21,0.0,0.0,0.0,0.01,0.0,0,Dindigul,Tamil Nadu
2023-01-22,0.0,0.0,0.0,0.01,0.0,0,Dindigul,Tamil Nadu
2023-01-23,2.24,2.2399999999999913,2.240000000000043,2.24,2.24,0,Dindigul,Tamil Nadu
2023-01-24,2.82,5.059999999999992,5.060000000000043,5.0600000000000005,2.82,0,Dindigul,Tamil Nadu
2023-01-25,0.02,5.079999999999991,5.080000000000043,5.08,2.82,0,Dindigul,Tamil Nadu
2023-01-26,0.0,2.839999999999991,5.080000000000043,5.08,2.82,0,Dindigul,Tamil Nadu
2023-01-27,0.0,0.01999999999999112,5.080000000000043,5.08,0.02,0,Dindigul,Tamil Nadu
2023-01-28,0.0,0.0,5.080000000000043,5.08,0.0,0,Dindigul,Tamil Nadu
2023-01-29,0.0,0.0,5.080000000000043,5.08,0.0,0,Dindigul,Tamil Nadu
2023-01-30,0.96,0.9599999999999911,3.8000000000000425,6.04,0.96,0,Dindigul,Tamil Nadu
2023-01-31,0.21,1.169999999999991,1.1900000000000426,6.25,0.96,0,Dindigul,Tamil Nadu
2023-02-01,0.78,1.949999999999991,1.9500000000000426,7.03,0.96,0,Dindigul,Tamil Nadu
2023-02-02,7.68,8.669999999999991,9.630000000000042,14.71,7.68,0,Dindigul,Tamil Nadu
2023-02-03,4.94,13.399999999999991,14.570000000000043,19.65,7.68,0,Dindigul,Tamil Nadu
2023-02-04,1.83,14.449999999999992,16.40000000000004,21.48,7.68,0,Dindigul,Tamil Nadu
2023-02-05,0.04,6.809999999999992,16.440000000000044,21.52,4.94,0,Dindigul,Tamil Nadu
2023-02-06,0.01,1.8799999999999912,15.490000000000043,21.53,1.83,0,Dindigul,Tamil Nadu
2023-02-07,0.0,0.04999999999999112,15.280000000000044,19.29,0.04,0,Dindigul,Tamil Nadu
2023-02-08,0.0,0.009999999999991118,14.500000000000044,16.470000000000002,0.01,0,Dindigul,Tamil Nadu
2023-02-09,0.0,0.0,6.820000000000043,16.450000000000003,0.0,0,Dindigul,Tamil Nadu
2023-02-10,0.0,0.0,1.8800000000000427,16.450000000000003,0.0,0,Dindigul,Tamil Nadu
2023-02-11,0.0,0.0,0.050000000000042635,16.450000000000003,0.0,0,Dindigul,Tamil Nadu
2023-02-12,0.0,0.0,0.010000000000042633,16.450000000000003,0.0,0,Dindigul,Tamil Nadu
2023-02-13,0.0,0.0,0.0,16.450000000000003,0.0,0,Dindigul,Tamil Nadu
2023-02-14,0.0,0.0,0.0,15.490000000000002,0.0,0,Dindigul,Tamil Nadu
2023-02-15,0.0,0.0,0.0,15.280000000000001,0.0,0,Dindigul,Tamil Nadu
2023-02-16,0.0,0.0,0.0,14.500000000000002,0.0,0,Dindigul,Tamil Nadu
2023-02-17,0.0,0.0,0.0,6.82,0.0,0,Dindigul,Tamil Nadu
2023-02-18,0.0,0.0,0.0,1.8800000000000001,0.0,0,Dindigul,Tamil Nadu
2023-02-19,0.0,0.0,0.0,0.05,0.0,0,Dindigul,Tamil Nadu
2023-02-20,0.0,0.0,0.0,0.01,0.0,0,Dindigul,Tamil Nadu
2023-02-21,0.0,0.0,0.0,0.0,0.0,0,Dindigul,Tamil Nadu
2023-02-22,0.0,0.0,0.0,0.0,0.0,0,Dindigul,Tamil Nadu
2023-02-23,0.0,0.0,0.0,0.0,0.0,0,Dindigul,Tamil Nadu
2023-02-24,0.0,0.0,0.0,0.0,0.0,0,Dindigul,Tamil Nadu
2023-02-25,0.0,0.0,0.0,0.0,0.0,0,Dindigul,Tamil Nadu
2023-02-26,0.0,0.0,0.0,0.0,0.0,0,Dindigul,Tamil Nadu
2023-02-27,0.0,0.0,0.0,0.0,0.0,0,Dindigul,Tamil Nadu
2023-02-28,0.26,0.2599999999999911,0.26000000000004264,0.26,0.26,0,Dindigul,Tamil Nadu
2023-03-01,0.1,0.3599999999999911,0.3600000000000426,0.36,0.26,0,Dindigul,Tamil Nadu
2023-03-02,0.06,0.41999999999999116,0.4200000000000427,0.42000000000000004,0.26,0,Dindigul,Tamil Nadu
2023-03-03,0.0,0.15999999999999112,0.4200000000000427,0.42000000000000004,0.1,0,Dindigul,Tamil Nadu
2023-03-04,0.0,0.059999999999991116,0.4200000000000427,0.42000000000000004,0.06,0,Dindigul,Tamil Nadu
2023-03-05,1.9,1.899999999999991,2.3200000000000425,2.32,1.9,0,Dindigul,Tamil Nadu
2023-03-06,0.06,1.959999999999991,2.3800000000000425,2.38,1.9,0,Dindigul,Tamil Nadu
2023-03-07,0.0,1.959999999999991,2.1200000000000427,2.38,1.9,0,Dindigul,Tamil Nadu
2023-03-08,0.0,0.059999999999991116,2.0200000000000427,2.38,0.06,0,Dindigul,Tamil Nadu
2023-03-09,0.0,0.0,1.9600000000000426,2.38,0.0,0,Dindigul,Tamil Nadu
2023-03-10,0.0,0.0,1.9600000000000426,2.38,0.0,0,Dindigul,Tamil Nadu
2023-03-11,0.0,0.0,1.9600000000000426,2.38,0.0,0,Dindigul,Tamil Nadu
2023-03-12,0.0,0.0,0.06000000000004263,2.38,0.0,0,Dindigul,Tamil Nadu
2023-03-13,0.0,0.0,0.0,2.38,0.0,0,Dindigul,Tamil Nadu
2023-03-14,0.0,0.0,0.0,2.38,0.0,0,Dindigul,Tamil Nadu
2023-03-15,0.0,0.0,0.0,2.12,0.0,0,Dindigul,Tamil Nadu
2023-03-16,0.39,0.38999999999999113,0.39000000000004265,2.41,0.39,0,Dindigul,Tamil Nadu
2023-03-17,5.28,5.669999999999991,5.670000000000043,7.630000000000001,5.28,0,Dindigul,Tamil Nadu
2023-03-18,3.72,9.389999999999992,9.390000000000043,11.35,5.28,0,Dindigul,Tamil Nadu
2023-03-19,2.27,11.26999999999999,11.660000000000043,13.620000000000001,5.28,0,Dindigul,Tamil Nadu
2023-03-20,3.26,9.249999999999991,14.920000000000043,14.98,3.72,0,Dindigul,Tamil Nadu
2023-03-21,2.59,8.11999999999999,17.51000000000004,17.51,3.26,0,Dindigul,Tamil Nadu
2023-03-22,1.1,6.94999999999999,18.610000000000042,18.61,3.26,0,Dindigul,Tamil Nadu
2023-03-23,1.67,5.3599999999999905,19.890000000000043,20.28,2.59,0,Dindigul,Tamil Nadu
2023-03-24,1.9,4.669999999999991,16.51000000000004,22.18,1.9,0,Dindigul,Tamil Nadu
2023-03-25,1.71,5.2799999999999905,14.500000000000043,23.89,1.9,0,Dindigul,Tamil Nadu
2023-03-26,2.35,5.959999999999991,14.580000000000043,26.240000000000002,2.35,0,Dindigul,Tamil Nadu
2023-03-27,0.16,4.219999999999992,11.480000000000043,26.400000000000002,2.35,0,Dindigul,Tamil Nadu
2023-03-28,3.21,5.719999999999992,12.100000000000042,29.61,3.21,0,Dindigul,Tamil Nadu
2023-03-29,1.0,4.369999999999991,12.000000000000043,30.61,3.21,0,Dindigul,Tamil Nadu
2023-03-30,0.86,5.069999999999991,11.190000000000044,31.470000000000002,3.21,0,Dindigul,Tamil Nadu
2023-03-31,1.58,3.439999999999991,10.870000000000044,32.66,1.58,0,Dindigul,Tamil Nadu
2023-04-01,0.35,2.789999999999991,9.510000000000042,27.73,1.58,0,Dindigul,Tamil Nadu
2023-04-02,2.68,4.609999999999991,9.840000000000042,26.69,2.68,0,Dindigul,Tamil Nadu
2023-04-03,2.04,5.069999999999991,11.720000000000041,26.46,2.68,0,Dindigul,Tamil Nadu
2023-04-04,2.42,7.139999999999992,10.930000000000042,25.619999999999997,2.68,0,Dindigul,Tamil Nadu
2023-04-05,0.23,4.6899999999999915,10.160000000000043,23.259999999999998,2.42,0,Dindigul,Tamil Nadu
2023-04-06,0.03,2.679999999999991,9.330000000000043,22.19,2.42,0,Dindigul,Tamil Nadu
2023-04-07,0.02,0.27999999999999114,7.770000000000043,20.54,0.23,0,Dindigul,Tamil Nadu
2023-04-08,0.0,0.04999999999999112,7.4200000000000434,18.64,0.03,0,Dindigul,Tamil Nadu
2023-04-09,0.04,0.059999999999991116,4.780000000000043,16.97,0.04,0,Dindigul,Tamil Nadu
2023-04-10,0.45,0.4899999999999911,3.1900000000000426,15.07,0.45,0,Dindigul,Tamil Nadu
2023-04-11,0.67,1.1599999999999913,1.4400000000000426,15.58,0.67,0,Dindigul,Tamil Nadu
2023-04-12,0.0,1.1199999999999912,1.2100000000000426,12.37,0.67,0,Dindigul,Tamil Nadu
2023-04-13,0.0,0.6699999999999912,1.1800000000000428,11.37,0.67,0,Dindigul,Tamil Nadu
2023-04-14,0.0,0.0,1.1600000000000428,10.51,0.0,0,Dindigul,Tamil Nadu
2023-04-15,0.0,0.0,1.1600000000000428,8.93,0.0,0,Dindigul,Tamil Nadu
2023-04-16,0.0,0.0,1.1200000000000427,8.58,0.0,0,Dindigul,Tamil Nadu
2023-04-17,0.0,0.0,0.6700000000000427,5.9,0.0,0,Dindigul,Tamil Nadu
2023-04-18,0.0,0.0,0.0,3.86,0.0,0,Dindigul,Tamil Nadu
2023-04-19,0.0,0.0,0.0,1.44,0.0,0,Dindigul,Tamil Nadu
2023-04-20,0.0,0.0,0.0,1.21,0.0,0,Dindigul,Tamil Nadu
2023-04-21,2.62,2.6199999999999912,2.6200000000000427,3.8,2.62,0,Dindigul,Tamil Nadu
2023-04-22,2.58,5.199999999999991,5.200000000000043,6.359999999999999,2.62,0,Dindigul,Tamil Nadu
2023-04-23,0.87,6.069999999999991,6.070000000000043,7.2299999999999995,2.62,0,Dindigul,Tamil Nadu
2023-04-24,6.12,9.569999999999991,12.190000000000044,13.309999999999999,6.12,0,Dindigul,Tamil Nadu
2023-04-25,5.95,12.93999999999999,18.140000000000043,18.810000000000002,6.12,0,Dindigul,Tamil Nadu
2023-04-26,8.55,20.61999999999999,26.690000000000044,26.689999999999998,8.55,0,Dindigul,Tamil Nadu
2023-04-27,6.18,20.679999999999993,32.87000000000005,32.87,8.55,0,Dindigul,Tamil Nadu
2023-04-28,9.88,24.609999999999992,40.130000000000045,42.75,9.88,0,Dindigul,Tamil Nadu
2023-04-29,16.31,32.36999999999999,53.86000000000004,59.06,16.31,0,Dindigul,Tamil Nadu
2023-04-30,7.54,33.72999999999999,60.530000000000044,66.6,16.31,0,Dindigul,Tamil Nadu
2023-05-01,13.68,37.52999999999999,68.09000000000003,80.28,16.31,0,Dindigul,Tamil Nadu
2023-05-02,18.12,39.33999999999999,80.26000000000003,98.4,18.12,0,Dindigul,Tamil Nadu
2023-05-03,9.84,41.63999999999999,81.55000000000004,108.24,18.12,0,Dindigul,Tamil Nadu
2023-05-04,8.69,36.64999999999999,84.06000000000003,116.92999999999999,18.12,0,Dindigul,Tamil Nadu
2023-05-05,1.32,19.84999999999999,75.50000000000004,118.25,9.84,0,Dindigul,Tamil Nadu
2023-05-06,4.8,14.809999999999992,63.990000000000045,120.42999999999999,8.69,0,Dindigul,Tamil Nadu
2023-05-07,2.03,8.149999999999993,58.48000000000004,119.88,4.8,0,Dindigul,Tamil Nadu
2023-05-08,5.26,12.089999999999993,50.060000000000045,124.27000000000001,5.26,0,Dindigul,Tamil Nadu
2023-05-09,1.69,8.979999999999993,33.630000000000045,119.84,5.26,0,Dindigul,Tamil Nadu
2023-05-10,0.68,7.629999999999994,24.47000000000004,114.57,5.26,0,Dindigul,Tamil Nadu
2023-05-11,1.75,4.119999999999994,17.530000000000044,107.77,1.75,0,Dindigul,Tamil Nadu
2023-05-12,0.56,2.989999999999994,16.770000000000042,102.14999999999999,1.75,0,Dindigul,Tamil Nadu
2023-05-13,0.0,2.309999999999994,11.970000000000041,92.27,1.75,0,Dindigul,Tamil Nadu
2023-05-14,0.0,0.5599999999999938,9.940000000000042,75.96,0.56,0,Dindigul,Tamil Nadu
2023-05-15,0.0,0.0,4.680000000000042,68.41999999999999,0.0,0,Dindigul,Tamil Nadu
2023-05-16,0.01,0.009999999999993783,3.0000000000000426,54.75,0.01,0,Dindigul,Tamil Nadu
2023-05-17,0.61,0.6199999999999938,2.930000000000043,37.239999999999995,0.61,0,Dindigul,Tamil Nadu
2023-05-18,0.11,0.7299999999999938,1.2900000000000427,27.509999999999998,0.61,0,Dindigul,Tamil Nadu
2023-05-19,0.37,1.0899999999999936,1.1000000000000427,19.189999999999998,0.61,0,Dindigul,Tamil Nadu
2023-05-20,0.54,1.0199999999999938,1.6400000000000428,18.409999999999997,0.54,0,Dindigul,Tamil Nadu
2023-05-21,2.13,3.039999999999994,3.7700000000000427,15.739999999999998,2.13,0,Dindigul,Tamil Nadu
2023-05-22,1.74,4.409999999999994,5.510000000000042,15.449999999999996,2.13,0,Dindigul,Tamil Nadu
2023-05-23,0.07,3.9399999999999937,5.570000000000043,10.259999999999996,2.13,0,Dindigul,Tamil Nadu
2023-05-24,8.45,10.259999999999993,13.410000000000043,17.019999999999996,8.45,0,Dindigul,Tamil Nadu
2023-05-25,3.38,11.899999999999991,16.680000000000042,19.719999999999995,8.45,0,Dindigul,Tamil Nadu
2023-05-26,1.96,13.789999999999992,18.270000000000042,19.929999999999996,8.45,0,Dindigul,Tamil Nadu
2023-05-27,5.68,11.019999999999992,23.410000000000043,25.049999999999994,5.68,0,Dindigul,Tamil Nadu
2023-05-28,0.27,7.909999999999993,21.550000000000043,25.319999999999993,5.68,0,Dindigul,Tamil Nadu
2023-05-29,1.11,7.0599999999999925,20.92000000000004,26.429999999999993,5.68,0,Dindigul,Tamil Nadu
2023-05-30,0.74,2.119999999999993,21.590000000000042,27.169999999999995,1.11,0,Dindigul,Tamil Nadu
2023-05-31,2.94,4.789999999999993,16.080000000000044,30.099999999999994,2.94,0,Dindigul,Tamil Nadu
2023-06-01,0.04,3.7199999999999926,12.740000000000045,29.529999999999998,2.94,1,Dindigul,Tamil Nadu
2023-06-02,1.44,4.419999999999993,12.220000000000045,30.859999999999992,2.94,1,Dindigul,Tamil Nadu
2023-06-03,0.3,1.779999999999993,6.840000000000044,30.789999999999996,1.44,1,Dindigul,Tamil Nadu
2023-06-04,0.31,2.0499999999999927,6.880000000000045,30.559999999999995,1.44,1,Dindigul,Tamil Nadu
2023-06-05,4.16,4.7699999999999925,9.930000000000046,32.589999999999996,4.16,1,Dindigul,Tamil Nadu
2023-06-06,6.98,11.449999999999992,16.170000000000044,37.83,6.98,1,Dindigul,Tamil Nadu
2023-06-07,1.98,13.119999999999992,15.210000000000045,39.739999999999995,6.98,1,Dindigul,Tamil Nadu
2023-06-08,0.23,9.189999999999992,15.400000000000045,31.519999999999996,6.98,1,Dindigul,Tamil Nadu
2023-06-09,0.08,2.289999999999992,14.040000000000045,28.22,1.98,1,Dindigul,Tamil Nadu
2023-06-10,0.05,0.359999999999992,13.790000000000045,26.31,0.23,1,Dindigul,Tamil Nadu
2023-06-11,0.01,0.13999999999999202,13.490000000000046,20.639999999999997,0.08,1,Dindigul,Tamil Nadu
2023-06-12,3.7,3.7599999999999922,13.030000000000044,24.069999999999997,3.7,1,Dindigul,Tamil Nadu
2023-06-13,0.38,4.089999999999993,6.430000000000045,23.34,3.7,1,Dindigul,Tamil Nadu
2023-06-14,0.83,4.909999999999993,5.2800000000000455,23.429999999999996,3.7,1,Dindigul,Tamil Nadu
2023-06-15,0.05,1.259999999999992,5.100000000000045,20.54,0.83,1,Dindigul,Tamil Nadu
2023-06-16,0.04,0.9199999999999919,5.060000000000045,20.539999999999996,0.83,1,Dindigul,Tamil Nadu
2023-06-17,0.41,0.499999999999992,5.420000000000044,19.509999999999998,0.41,1,Dindigul,Tamil Nadu
2023-06-18,1.09,1.539999999999992,6.500000000000045,20.299999999999997,1.09,1,Dindigul,Tamil Nadu
2023-06-19,0.01,1.509999999999992,2.8100000000000445,20.0,1.09,1,Dindigul,Tamil Nadu
2023-06-20,2.73,3.829999999999992,5.1600000000000446,18.569999999999997,2.73,1,Dindigul,Tamil Nadu
2023-06-21,5.6,8.339999999999993,9.930000000000044,17.189999999999998,5.6,1,Dindigul,Tamil Nadu
2023-06-22,2.16,10.489999999999991,12.040000000000044,17.369999999999997,5.6,1,Dindigul,Tamil Nadu
2023-06-23,0.18,7.9399999999999915,12.180000000000044,17.319999999999997,5.6,1,Dindigul,Tamil Nadu
2023-06-24,0.06,2.3999999999999924,11.830000000000044,17.299999999999997,2.16,1,Dindigul,Tamil Nadu
2023-06-25,0.22,0.45999999999999197,10.960000000000045,17.469999999999995,0.22,1,Dindigul,Tamil Nadu
2023-06-26,0.11,0.389999999999992,11.060000000000045,17.569999999999993,0.22,1,Dindigul,Tamil Nadu
2023-06-27,1.11,1.4399999999999922,9.440000000000044,14.979999999999995,1.11,1,Dindigul,Tamil Nadu
2023-06-28,0.07,1.2899999999999923,3.9100000000000446,14.669999999999996,1.11,1,Dindigul,Tamil Nadu
2023-06-29,1.99,3.169999999999992,3.7400000000000446,15.829999999999997,1.99,1,Dindigul,Tamil Nadu
2023-06-30,0.46,2.519999999999992,4.020000000000045,16.239999999999995,1.99,1,Dindigul,Tamil Nadu
2023-07-01,0.19,2.639999999999992,4.150000000000045,16.389999999999997,1.99,1,Dindigul,Tamil Nadu
2023-07-02,12.92,13.569999999999991,16.850000000000044,28.9,12.92,1,Dindigul,Tamil Nadu
2023-07-03,6.34,19.44999999999999,23.080000000000044,34.15,12.92,1,Dindigul,Tamil Nadu
2023-07-04,0.79,20.049999999999994,22.760000000000044,34.93,12.92,1,Dindigul,Tamil Nadu
2023-07-05,2.14,9.26999999999999,24.830000000000044,34.339999999999996,6.34,1,Dindigul,Tamil Nadu
2023-07-06,1.09,4.019999999999992,23.930000000000042,29.83,2.14,1,Dindigul,Tamil Nadu
2023-07-07,0.19,3.4199999999999915,23.660000000000043,27.859999999999996,2.14,1,Dindigul,Tamil Nadu
2023-07-08,1.04,2.3199999999999914,24.510000000000044,28.72,1.09,1,Dindigul,Tamil Nadu
2023-07-09,0.95,2.179999999999991,12.540000000000045,29.61,1.04,1,Dindigul,Tamil Nadu
2023-07-10,7.31,9.29999999999999,13.510000000000044,36.699999999999996,7.31,1,Dindigul,Tamil Nadu
2023-07-11,11.91,20.16999999999999,24.630000000000045,48.5,11.91,1,Dindigul,Tamil Nadu
2023-07-12,0.84,20.05999999999999,23.330000000000044,48.23,11.91,1,Dindigul,Tamil Nadu
2023-07-13,0.96,13.70999999999999,23.200000000000045,49.12,11.91,1,Dindigul,Tamil Nadu
2023-07-14,0.41,2.2099999999999893,23.420000000000044,47.53999999999999,0.96,1,Dindigul,Tamil Nadu
2023-07-15,0.03,1.3999999999999895,22.410000000000043,47.10999999999999,0.96,1,Dindigul,Tamil Nadu
2023-07-16,0.66,1.0999999999999894,22.120000000000044,47.58,0.66,1,Dindigul,Tamil Nadu
2023-07-17,0.04,0.7299999999999894,14.850000000000044,34.699999999999996,0.66,1,Dindigul,Tamil Nadu
2023-07-18,0.16,0.8599999999999894,3.1000000000000445,28.52,0.66,1,Dindigul,Tamil Nadu
2023-07-19,0.25,0.44999999999998935,2.5100000000000446,27.979999999999997,0.25,1,Dindigul,Tamil Nadu
2023-07-20,0.1,0.5099999999999894,1.6500000000000445,25.939999999999994,0.25,1,Dindigul,Tamil Nadu
2023-07-21,0.13,0.4799999999999893,1.3700000000000443,24.979999999999993,0.25,1,Dindigul,Tamil Nadu
2023-07-22,0.28,0.5099999999999894,1.6200000000000445,25.069999999999997,0.28,1,Dindigul,Tamil Nadu
2023-07-23,4.23,4.63999999999999,5.190000000000045,28.259999999999994,4.23,1,Dindigul,Tamil Nadu
2023-07-24,1.21,5.71999999999999,6.360000000000045,28.519999999999996,4.23,1,Dindigul,Tamil Nadu
2023-07-25,0.47,5.9099999999999895,6.670000000000044,21.679999999999996,4.23,1,Dindigul,Tamil Nadu
2023-07-26,0.37,2.049999999999989,6.7900000000000444,10.139999999999997,1.21,1,Dindigul,Tamil Nadu
2023-07-27,0.03,0.8699999999999893,6.720000000000045,9.329999999999997,0.47,1,Dindigul,Tamil Nadu
2023-07-28,0.01,0.4099999999999893,6.600000000000045,8.379999999999997,0.37,1,Dindigul,Tamil Nadu
2023-07-29,0.0,0.03999999999998934,6.320000000000045,7.969999999999997,0.03,1,Dindigul,Tamil Nadu
2023-07-30,0.0,0.009999999999989342,2.0900000000000443,7.939999999999997,0.01,1,Dindigul,Tamil Nadu
2023-07-31,0.0,0.0,0.8800000000000444,7.279999999999998,0.0,1,Dindigul,Tamil Nadu
2023-08-01,0.0,0.0,0.4100000000000444,7.2399999999999975,0.0,1,Dindigul,Tamil Nadu
2023-08-02,0.03,0.02999999999998934,0.07000000000004442,7.109999999999998,0.03,1,Dindigul,Tamil Nadu
2023-08-03,0.04,0.06999999999998935,0.08000000000004441,6.899999999999998,0.04,1,Dindigul,Tamil Nadu
2023-08-04,0.01,0.07999999999998934,0.08000000000004441,6.809999999999997,0.04,1,Dindigul,Tamil Nadu
2023-08-05,0.0,0.049999999999989345,0.08000000000004441,6.679999999999997,0.04,1,Dindigul,Tamil Nadu
2023-08-06,2.69,2.699999999999989,2.7700000000000444,9.089999999999996,2.69,1,Dindigul,Tamil Nadu
2023-08-07,0.36,3.049999999999989,3.1300000000000443,5.219999999999996,2.69,1,Dindigul,Tamil Nadu
2023-08-08,11.69,14.739999999999988,14.820000000000043,15.699999999999996,11.69,1,Dindigul,Tamil Nadu
2023-08-09,7.41,19.45999999999999,22.200000000000045,22.639999999999993,11.69,1,Dindigul,Tamil Nadu
2023-08-10,6.57,25.66999999999999,28.730000000000047,28.839999999999996,11.69,1,Dindigul,Tamil Nadu
2023-08-11,7.58,21.559999999999988,36.30000000000005,36.39,7.58,1,Dindigul,Tamil Nadu
2023-08-12,8.54,22.68999999999999,44.840000000000046,44.92,8.54,1,Dindigul,Tamil Nadu
2023-08-13,0.88,16.99999999999999,43.030000000000044,45.8,8.54,1,Dindigul,Tamil Nadu
2023-08-14,0.85,10.269999999999989,43.520000000000046,46.65,8.54,1,Dindigul,Tamil Nadu
2023-08-15,3.13,4.859999999999989,34.96000000000004,49.78,3.13,1,Dindigul,Tamil Nadu
2023-08-16,0.17,4.14999999999999,27.720000000000045,49.949999999999996,3.13,1,Dindigul,Tamil Nadu
2023-08-17,0.0,3.299999999999989,21.15000000000004,49.919999999999995,3.13,1,Dindigul,Tamil Nadu
2023-08-18,0.01,0.17999999999998936,13.580000000000043,49.89,0.17,1,Dindigul,Tamil Nadu
2023-08-19,0.01,0.019999999999989342,5.050000000000044,49.88999999999999,0.01,1,Dindigul,Tamil Nadu
2023-08-20,0.13,0.14999999999998934,4.300000000000044,50.019999999999996,0.13,1,Dindigul,Tamil Nadu
2023-08-21,0.07,0.20999999999998933,3.5200000000000444,47.39999999999999,0.13,1,Dindigul,Tamil Nadu
2023-08-22,1.71,1.9099999999999893,2.1000000000000445,48.74999999999999,1.71,1,Dindigul,Tamil Nadu
2023-08-23,4.16,5.939999999999989,6.090000000000044,41.22,4.16,1,Dindigul,Tamil Nadu
2023-08-24,0.12,5.989999999999989,6.210000000000044,33.92999999999999,4.16,1,Dindigul,Tamil Nadu
2023-08-25,0.0,4.279999999999989,6.200000000000045,27.359999999999992,4.16,1,Dindigul,Tamil Nadu
2023-08-26,0.02,0.13999999999998844,6.2100000000000435,19.799999999999997,0.12,1,Dindigul,Tamil Nadu
2023-08-27,0.05,0.06999999999998846,6.130000000000044,11.309999999999997,0.05,1,Dindigul,Tamil Nadu
2023-08-28,2.11,2.179999999999988,8.170000000000044,12.539999999999996,2.11,1,Dindigul,Tamil Nadu
2023-08-29,13.5,15.659999999999988,19.960000000000043,25.189999999999998,13.5,1,Dindigul,Tamil Nadu
2023-08-30,8.67,24.279999999999987,24.47000000000004,30.729999999999997,13.5,1,Dindigul,Tamil Nadu
2023-08-31,11.18,33.34999999999999,35.530000000000044,41.739999999999995,13.5,1,Dindigul,Tamil Nadu
2023-09-01,13.84,33.68999999999998,49.37000000000004,55.58,13.84,1,Dindigul,Tamil Nadu
2023-09-02,14.04,39.05999999999999,63.39000000000004,69.61,14.04,1,Dindigul,Tamil Nadu
2023-09-03,6.86,34.73999999999999,70.20000000000005,76.46,14.04,1,Dindigul,Tamil Nadu
2023-09-04,0.35,21.24999999999999,68.44000000000004,76.67999999999999,14.04,1,Dindigul,Tamil Nadu
2023-09-05,0.62,7.829999999999988,55.560000000000045,77.23,6.86,1,Dindigul,Tamil Nadu
2023-09-06,1.54,2.5099999999999874,48.43000000000004,77.05999999999999,1.54,1,Dindigul,Tamil Nadu
2023-09-07,3.17,5.329999999999988,40.42000000000004,76.07,3.17,1,Dindigul,Tamil Nadu
2023-09-08,0.91,5.619999999999987,27.490000000000045,76.86,3.17,1,Dindigul,Tamil Nadu
2023-09-09,0.87,4.949999999999987,14.320000000000043,77.72999999999999,3.17,1,Dindigul,Tamil Nadu
2023-09-10,0.35,2.129999999999987,7.810000000000042,78.06,0.91,1,Dindigul,Tamil Nadu
2023-09-11,1.27,2.489999999999987,8.730000000000043,79.28,1.27,1,Dindigul,Tamil Nadu
2023-09-12,0.21,1.829999999999987,8.320000000000041,77.38,1.27,1,Dindigul,Tamil Nadu
2023-09-13,0.18,1.659999999999987,6.960000000000043,64.05999999999999,1.27,1,Dindigul,Tamil Nadu
2023-09-14,0.44,0.8299999999999871,4.230000000000042,55.82999999999999,0.44,1,Dindigul,Tamil Nadu
2023-09-15,0.34,0.9599999999999871,3.6600000000000423,44.989999999999995,0.44,1,Dindigul,Tamil Nadu
2023-09-16,0.82,1.5999999999999872,3.610000000000043,31.969999999999995,0.82,1,Dindigul,Tamil Nadu
2023-09-17,5.79,6.949999999999987,9.050000000000043,23.719999999999995,5.79,1,Dindigul,Tamil Nadu
2023-09-18,14.41,21.01999999999999,22.190000000000044,31.269999999999996,14.41,1,Dindigul,Tamil Nadu
2023-09-19,19.17,39.36999999999999,41.15000000000005,50.089999999999996,19.17,1,Dindigul,Tamil Nadu
2023-09-20,3.0,36.57999999999999,43.97000000000004,52.47,19.17,1,Dindigul,Tamil Nadu
2023-09-21,4.19,26.359999999999992,47.72000000000005,55.12,19.17,1,Dindigul,Tamil Nadu
2023-09-22,3.33,10.519999999999989,50.71000000000004,55.28,4.19,1,Dindigul,Tamil Nadu
2023-09-23,2.55,10.06999999999999,52.44000000000004,56.919999999999995,4.19,1,Dindigul,Tamil Nadu
2023-09-24,2.1,7.97999999999999,48.75000000000004,58.15,3.33,1,Dindigul,Tamil Nadu
2023-09-25,2.13,6.779999999999989,36.47000000000005,59.92999999999999,2.55,1,Dindigul,Tamil Nadu
2023-09-26,1.89,6.1199999999999894,19.190000000000044,60.55,2.13,1,Dindigul,Tamil Nadu
2023-09-27,5.39,9.40999999999999,21.58000000000004,65.73,5.39,1,Dindigul,Tamil Nadu
2023-09-28,3.42,10.699999999999989,20.81000000000004,68.97,5.39,1,Dindigul,Tamil Nadu
2023-09-29,1.38,10.189999999999989,18.860000000000042,69.91,5.39,1,Dindigul,Tamil Nadu
2023-09-30,2.01,6.809999999999989,18.320000000000043,71.57999999999998,3.42,1,Dindigul,Tamil Nadu
2023-10-01,0.68,4.069999999999989,16.90000000000004,71.44,2.01,0,Dindigul,Tamil Nadu
2023-10-02,0.43,3.119999999999989,15.200000000000042,66.07999999999998,2.01,0,Dindigul,Tamil Nadu
2023-10-03,0.5,1.6099999999999894,13.810000000000043,52.169999999999995,0.68,0,Dindigul,Tamil Nadu
2023-10-04,0.59,1.5199999999999894,9.010000000000042,33.589999999999996,0.59,0,Dindigul,Tamil Nadu
2023-10-05,2.83,3.9199999999999893,8.420000000000043,33.419999999999995,2.83,0,Dindigul,Tamil Nadu
2023-10-06,1.85,5.269999999999989,8.890000000000043,31.079999999999995,2.83,0,Dindigul,Tamil Nadu
2023-10-07,0.08,4.759999999999989,6.960000000000043,27.83,2.83,0,Dindigul,Tamil Nadu
2023-10-08,6.92,8.849999999999989,13.200000000000042,32.199999999999996,6.92,0,Dindigul,Tamil Nadu
2023-10-09,2.86,9.859999999999989,15.630000000000043,32.959999999999994,6.92,0,Dindigul,Tamil Nadu
2023-10-10,5.05,14.82999999999999,20.180000000000042,35.879999999999995,6.92,0,Dindigul,Tamil Nadu
2023-10-11,20.16,28.06999999999999,39.75000000000004,54.14999999999999,20.16,0,Dindigul,Tamil Nadu
2023-10-12,14.52,39.72999999999999,51.44000000000004,63.279999999999994,20.16,0,Dindigul,Tamil Nadu
2023-10-13,0.17,34.849999999999994,49.76000000000004,60.03,20.16,0,Dindigul,Tamil Nadu
2023-10-14,7.49,22.17999999999999,57.170000000000044,66.14,14.52,0,Dindigul,Tamil Nadu
2023-10-15,18.9,26.559999999999988,69.15000000000003,83.02999999999999,18.9,0,Dindigul,Tamil Nadu
2023-10-16,10.03,36.41999999999999,76.32000000000004,92.38,18.9,0,Dindigul,Tamil Nadu
2023-10-17,10.14,39.069999999999986,81.41000000000004,102.08999999999999,18.9,0,Dindigul,Tamil Nadu
2023-10-18,0.49,20.65999999999999,61.74000000000004,102.07999999999998,10.14,0,Dindigul,Tamil Nadu
2023-10-19,0.19,10.81999999999999,47.410000000000046,101.68,10.14,0,Dindigul,Tamil Nadu
2023-10-20,0.08,0.7599999999999894,47.32000000000004,98.92999999999999,0.49,0,Dindigul,Tamil Nadu
2023-10-21,2.0,2.2699999999999894,41.83000000000004,99.08,2.0,0,Dindigul,Tamil Nadu
2023-10-22,2.38,4.459999999999989,25.31000000000004,101.38,2.38,0,Dindigul,Tamil Nadu
2023-10-23,0.12,4.499999999999989,15.400000000000043,94.58,2.38,0,Dindigul,Tamil Nadu
2023-10-24,0.76,3.259999999999989,6.020000000000042,92.47999999999999,2.38,0,Dindigul,Tamil Nadu
2023-10-25,1.72,2.5999999999999894,7.250000000000043,89.14999999999999,1.72,0,Dindigul,Tamil Nadu
2023-10-26,0.66,3.1399999999999895,7.720000000000042,69.64999999999999,1.72,0,Dindigul,Tamil Nadu
2023-10-27,0.17,2.5499999999999896,7.810000000000042,55.29999999999999,1.72,0,Dindigul,Tamil Nadu
2023-10-28,0.62,1.4499999999999895,6.430000000000042,55.75,0.66,0,Dindigul,Tamil Nadu
2023-10-29,10.23,11.01999999999999,14.280000000000044,58.489999999999995,10.23,0,Dindigul,Tamil Nadu
2023-10-30,13.08,23.929999999999993,27.240000000000045,52.669999999999995,13.08,0,Dindigul,Tamil Nadu
2023-10-31,3.69,26.99999999999999,30.170000000000044,46.33,13.08,0,Dindigul,Tamil Nadu
2023-11-01,9.2,25.969999999999988,37.65000000000004,45.38999999999999,13.08,0,Dindigul,Tamil Nadu
2023-11-02,5.56,18.44999999999999,42.55000000000004,50.46,9.2,0,Dindigul,Tamil Nadu
2023-11-03,16.72,31.47999999999999,59.100000000000044,66.99,16.72,0,Dindigul,Tamil Nadu
2023-11-04,26.07,48.349999999999994,84.55000000000004,92.97999999999999,26.07,0,Dindigul,Tamil Nadu
2023-11-05,11.92,54.70999999999999,86.24000000000004,102.89999999999999,26.07,0,Dindigul,Tamil Nadu
2023-11-06,15.91,53.9,89.07000000000004,116.42999999999999,26.07,0,Dindigul,Tamil Nadu
2023-11-07,27.97,55.8,113.35000000000004,144.28,27.97,0,Dindigul,Tamil Nadu
2023-11-08,12.64,56.519999999999996,116.79000000000003,156.16,27.97,0,Dindigul,Tamil Nadu
2023-11-09,14.57,55.17999999999999,125.80000000000004,169.01,27.97,0,Dindigul,Tamil Nadu
2023-11-10,2.19,29.4,111.27000000000005,170.54000000000002,14.57,0,Dindigul,Tamil Nadu
2023-11-11,1.2,17.959999999999997,86.40000000000003,171.57,14.57,0,Dindigul,Tamil Nadu
2023-11-12,0.1,3.489999999999996,74.58000000000004,171.04999999999998,2.19,0,Dindigul,Tamil Nadu
2023-11-13,0.97,2.2699999999999965,59.64000000000004,161.79,1.2,0,Dindigul,Tamil Nadu
2023-11-14,6.94,8.009999999999996,38.61000000000004,155.64999999999998,6.94,0,Dindigul,Tamil Nadu
2023-11-15,0.41,8.319999999999997,26.38000000000004,152.36999999999998,6.94,0,Dindigul,Tamil Nadu
2023-11-16,0.11,7.459999999999996,11.920000000000043,143.28,6.94,0,Dindigul,Tamil Nadu
2023-11-17,0.16,0.6799999999999964,9.890000000000043,137.88,0.41,0,Dindigul,Tamil Nadu
2023-11-18,0.54,0.8099999999999965,9.230000000000043,121.7,0.54,0,Dindigul,Tamil Nadu
2023-11-19,0.62,1.3199999999999965,9.750000000000043,96.24999999999999,0.62,0,Dindigul,Tamil Nadu
2023-11-20,0.05,1.2099999999999966,8.830000000000044,84.38000000000001,0.62,0,Dindigul,Tamil Nadu
2023-11-21,1.92,2.5899999999999963,3.8100000000000422,70.38999999999999,1.92,0,Dindigul,Tamil Nadu
2023-11-22,20.92,22.889999999999997,24.320000000000043,63.34,20.92,0,Dindigul,Tamil Nadu
2023-11-23,5.38,28.219999999999995,29.590000000000042,56.080000000000005,20.92,0,Dindigul,Tamil Nadu
2023-11-24,1.55,27.849999999999998,30.980000000000043,43.06,20.92,0,Dindigul,Tamil Nadu
2023-11-25,4.4,11.329999999999997,34.840000000000046,45.27,5.38,0,Dindigul,Tamil Nadu
2023-11-26,4.34,10.289999999999996,38.56000000000004,48.410000000000004,4.4,0,Dindigul,Tamil Nadu
2023-11-27,3.59,12.329999999999995,42.100000000000044,51.9,4.4,0,Dindigul,Tamil Nadu
2023-11-28,5.1,13.029999999999996,45.280000000000044,56.03,5.1,0,Dindigul,Tamil Nadu
2023-11-29,3.14,11.829999999999997,27.500000000000043,52.230000000000004,5.1,0,Dindigul,Tamil Nadu
2023-11-30,2.24,10.479999999999997,24.360000000000042,54.06,5.1,0,Dindigul,Tamil Nadu
2023-12-01,1.2,6.5799999999999965,24.010000000000044,55.15,3.14,0,Dindigul,Tamil Nadu
2023-12-02,0.95,4.389999999999997,20.56000000000004,55.940000000000005,2.24,0,Dindigul,Tamil Nadu
2023-12-03,0.71,2.8599999999999963,16.930000000000042,56.11000000000001,1.2,0,Dindigul,Tamil Nadu
2023-12-04,0.79,2.4499999999999966,14.130000000000042,56.28,0.95,0,Dindigul,Tamil Nadu
2023-12-05,0.64,2.1399999999999966,9.670000000000043,56.870000000000005,0.79,0,Dindigul,Tamil Nadu
2023-12-06,0.22,1.6499999999999966,6.750000000000043,55.17,0.79,0,Dindigul,Tamil Nadu
2023-12-07,2.82,3.679999999999996,7.330000000000042,37.07,2.82,0,Dindigul,Tamil Nadu
2023-12-08,14.85,17.889999999999997,20.980000000000043,46.54,14.85,0,Dindigul,Tamil Nadu
2023-12-09,4.23,21.9,24.26000000000004,49.22,14.85,0,Dindigul,Tamil Nadu
2023-12-10,1.0,20.08,24.55000000000004,45.81999999999999,14.85,0,Dindigul,Tamil Nadu
2023-12-11,0.47,5.699999999999997,24.230000000000043,41.95,4.23,0,Dindigul,Tamil Nadu
2023-12-12,0.41,1.8799999999999963,24.000000000000043,38.769999999999996,1.0,0,Dindigul,Tamil Nadu
2023-12-13,0.01,0.8899999999999963,23.790000000000042,33.68,0.47,0,Dindigul,Tamil Nadu
2023-12-14,0.01,0.42999999999999644,20.980000000000043,30.549999999999997,0.41,0,Dindigul,Tamil Nadu
2023-12-15,0.1,0.11999999999999646,6.230000000000041,28.41,0.1,0,Dindigul,Tamil Nadu
2023-12-16,3.41,3.5199999999999965,5.410000000000041,30.619999999999997,3.41,0,Dindigul,Tamil Nadu
2023-12-17,24.8,28.31,29.210000000000043,54.47,24.8,0,Dindigul,Tamil Nadu
2023-12-18,12.56,40.769999999999996,41.30000000000004,66.32,24.8,0,Dindigul,Tamil Nadu
2023-12-19,1.12,38.480000000000004,42.01000000000004,66.65,24.8,0,Dindigul,Tamil Nadu
2023-12-20,2.39,16.069999999999997,44.39000000000004,68.4,12.56,0,Dindigul,Tamil Nadu
2023-12-21,2.93,6.439999999999997,47.310000000000045,71.11000000000001,2.93,0,Dindigul,Tamil Nadu
2023-12-22,0.13,5.449999999999997,47.34000000000004,68.42,2.93,0,Dindigul,Tamil Nadu
2023-12-23,0.0,3.0599999999999965,43.930000000000035,53.57000000000001,2.93,0,Dindigul,Tamil Nadu
2023-12-24,0.07,0.19999999999999646,19.20000000000004,49.410000000000004,0.13,0,Dindigul,Tamil Nadu
2023-12-25,1.35,1.4199999999999966,7.990000000000039,49.760000000000005,1.35,0,Dindigul,Tamil Nadu
2023-12-26,0.05,1.4699999999999966,6.920000000000039,49.34,1.35,0,Dindigul,Tamil Nadu
2023-12-27,0.03,1.4299999999999966,4.560000000000039,48.96,1.35,0,Dindigul,Tamil Nadu
2023-12-28,0.03,0.10999999999999645,1.6600000000000392,48.980000000000004,0.05,0,Dindigul,Tamil Nadu
2023-12-29,0.37,0.42999999999999644,1.9000000000000392,49.34,0.37,0,Dindigul,Tamil Nadu
2023-12-30,0.17,0.5699999999999965,2.070000000000039,49.410000000000004,0.37,0,Dindigul,Tamil Nadu
2023-12-31,0.01,0.5499999999999965,2.0100000000000393,46.01,0.37,0,Dindigul,Tamil Nadu
2024-01-01,0.0,0.17999999999999647,0.6600000000000391,21.21,0.17,0,Dindigul,Tamil Nadu
2024-01-02,0.02,0.029999999999996446,0.630000000000039,8.67,0.02,0,Dindigul,Tamil Nadu
2024-01-03,0.83,0.8499999999999964,1.4300000000000392,8.38,0.83,0,Dindigul,Tamil Nadu
2024-01-04,3.8,4.649999999999996,5.200000000000039,9.79,3.8,0,Dindigul,Tamil Nadu
2024-01-05,2.83,7.459999999999997,7.660000000000039,9.69,3.8,0,Dindigul,Tamil Nadu
2024-01-06,1.68,8.309999999999997,9.170000000000039,11.239999999999998,3.8,0,Dindigul,Tamil Nadu
2024-01-07,1.69,6.199999999999996,10.850000000000039,12.93,2.83,0,Dindigul,Tamil Nadu
2024-01-08,1.85,5.219999999999996,12.70000000000004,14.71,1.85,0,Dindigul,Tamil Nadu
2024-01-09,12.92,16.459999999999997,25.60000000000004,26.28,12.92,0,Dindigul,Tamil Nadu
2024-01-10,0.57,15.339999999999996,25.34000000000004,26.799999999999997,12.92,0,Dindigul,Tamil Nadu
2024-01-11,0.0,13.489999999999995,21.540000000000042,26.77,12.92,0,Dindigul,Tamil Nadu
2024-01-12,0.0,0.5699999999999946,18.71000000000004,26.74,0.57,0,Dindigul,Tamil Nadu
2024-01-13,0.0,0.0,17.03000000000004,26.369999999999997,0.0,0,Dindigul,Tamil Nadu
2024-01-14,0.0,0.0,15.34000000000004,26.2,0.0,0,Dindigul,Tamil Nadu
2024-01-15,0.0,0.0,13.490000000000041,26.189999999999998,0.0,0,Dindigul,Tamil Nadu
2024-01-16,0.0,0.0,0.5700000000000408,26.189999999999998,0.0,0,Dindigul,Tamil Nadu
2024-01-17,0.0,0.0,0.0,26.169999999999998,0.0,0,Dindigul,Tamil Nadu
2024-01-18,0.12,0.11999999999999467,0.12000000000004085,25.46,0.12,0,Dindigul,Tamil Nadu
2024-01-19,1.13,1.2499999999999947,1.2500000000000409,22.79,1.13,0,Dindigul,Tamil Nadu
2024-01-20,1.05,2.2999999999999945,2.3000000000000407,21.009999999999998,1.13,0,Dindigul,Tamil Nadu
2024-01-21,0.03,2.2099999999999946,2.330000000000041,19.36,1.13,0,Dindigul,Tamil Nadu
2024-01-22,0.0,1.0799999999999947,2.330000000000041,17.67,1.05,0,Dindigul,Tamil Nadu
2024-01-23,0.0,0.02999999999999467,2.330000000000041,15.82,0.03,0,Dindigul,Tamil Nadu
2024-01-24,0.01,0.009999999999994671,2.3400000000000407,2.9099999999999997,0.01,0,Dindigul,Tamil Nadu
2024-01-25,0.0,0.009999999999994671,2.2200000000000406,2.34,0.01,0,Dindigul,Tamil Nadu
2024-01-26,0.0,0.009999999999994671,1.090000000000041,2.34,0.01,0,Dindigul,Tamil Nadu
2024-01-27,0.0,0.0,0.04000000000004086,2.34,0.0,0,Dindigul,Tamil Nadu
2024-01-28,0.0,0.0,0.010000000000040856,2.34,0.0,0,Dindigul,Tamil Nadu
2024-01-29,0.0,0.0,0.010000000000040856,2.34,0.0,0,Dindigul,Tamil Nadu
2024-01-30,0.0,0.0,0.010000000000040856,2.34,0.0,0,Dindigul,Tamil Nadu
2024-01-31,0.02,0.01999999999999467,0.020000000000040857,2.36,0.02,0,Dindigul,Tamil Nadu
2024-02-01,0.16,0.17999999999999466,0.18000000000004085,2.52,0.16,0,Dindigul,Tamil Nadu
2024-02-02,0.02,0.19999999999999465,0.20000000000004084,2.42,0.16,0,Dindigul,Tamil Nadu
2024-02-03,0.01,0.18999999999999467,0.21000000000004085,1.3,0.16,0,Dindigul,Tamil Nadu
2024-02-04,0.0,0.02999999999999467,0.21000000000004085,0.25,0.02,0,Dindigul,Tamil Nadu
2024-02-05,0.0,0.009999999999994671,0.21000000000004085,0.22,0.01,0,Dindigul,Tamil Nadu
2024-02-06,0.0,0.0,0.21000000000004085,0.22,0.0,0,Dindigul,Tamil Nadu
2024-02-07,0.0,0.0,0.19000000000004086,0.22,0.0,0,Dindigul,Tamil Nadu
2024-02-08,0.0,0.0,0.030000000000040855,0.21,0.0,0,Dindigul,Tamil Nadu
2024-02-09,0.0,0.0,0.010000000000040856,0.21,0.0,0,Dindigul,Tamil Nadu
2024-02-10,0.02,0.01999999999999467,0.020000000000040857,0.22999999999999998,0.02,0,Dindigul,Tamil Nadu
2024-02-11,0.05,0.06999999999999468,0.07000000000004086,0.28,0.05,0,Dindigul,Tamil Nadu
2024-02-12,0.0,0.06999999999999468,0.07000000000004086,0.28,0.05,0,Dindigul,Tamil Nadu
2024-02-13,0.0,0.049999999999994674,0.07000000000004086,0.28,0.05,0,Dindigul,Tamil Nadu
2024-02-14,0.0,0.0,0.07000000000004086,0.28,0.0,0,Dindigul,Tamil Nadu
2024-02-15,0.0,0.0,0.07000000000004086,0.26,0.0,0,Dindigul,Tamil Nadu
2024-02-16,0.0,0.0,0.07000000000004086,0.1,0.0,0,Dindigul,Tamil Nadu
2024-02-17,0.0,0.0,0.05000000000004086,0.08,0.0,0,Dindigul,Tamil Nadu
2024-02-18,0.0,0.0,0.0,0.07,0.0,0,Dindigul,Tamil Nadu
2024-02-19,0.0,0.0,0.0,0.07,0.0,0,Dindigul,Tamil Nadu
2024-02-20,0.0,0.0,0.0,0.07,0.0,0,Dindigul,Tamil Nadu
2024-02-21,0.0,0.0,0.0,0.07,0.0,0,Dindigul,Tamil Nadu
2024-02-22,0.0,0.0,0.0,0.07,0.0,0,Dindigul,Tamil Nadu
2024-02-23,0.0,0.0,0.0,0.07,0.0,0,Dindigul,Tamil Nadu
2024-02-24,0.0,0.0,0.0,0.07,0.0,0,Dindigul,Tamil Nadu
2024-02-25,0.0,0.0,0.0,0.05,0.0,0,Dindigul,Tamil Nadu
2024-02-26,0.07,0.06999999999999468,0.07000000000004086,0.07,0.07,0,Dindigul,Tamil Nadu
2024-02-27,0.01,0.07999999999999467,0.08000000000004086,0.08,0.07,0,Dindigul,Tamil Nadu
2024-02-28,0.0,0.07999999999999467,0.08000000000004086,0.08,0.07,0,Dindigul,Tamil Nadu
2024-02-29,0.0,0.009999999999994671,0.08000000000004086,0.08,0.01,0,Dindigul,Tamil Nadu
2024-03-01,0.0,0.0,0.08000000000004086,0.08,0.0,0,Dindigul,Tamil Nadu
2024-03-02,0.0,0.0,0.08000000000004086,0.08,0.0,0,Dindigul,Tamil Nadu
2024-03-03,0.0,0.0,0.08000000000004086,0.08,0.0,0,Dindigul,Tamil Nadu
2024-03-04,0.0,0.0,0.010000000000040856,0.08,0.0,0,Dindigul,Tamil Nadu
2024-03-05,0.0,0.0,0.0,0.08,0.0,0,Dindigul,Tamil Nadu
2024-03-06,0.0,0.0,0.0,0.08,0.0,0,Dindigul,Tamil Nadu
2024-03-07,0.0,0.0,0.0,0.08,0.0,0,Dindigul,Tamil Nadu
2024-03-08,0.0,0.0,0.0,0.08,0.0,0,Dindigul,Tamil Nadu
2024-03-09,0.0,0.0,0.0,0.08,0.0,0,Dindigul,Tamil Nadu
2024-03-10,0.0,0.0,0.0,0.08,0.0,0,Dindigul,Tamil Nadu
2024-03-11,0.0,0.0,0.0,0.08,0.0,0,Dindigul,Tamil Nadu
2024-03-12,0.0,0.0,0.0,0.01,0.0,0,Dindigul,Tamil Nadu
2024-03-13,0.0,0.0,0.0,0.0,0.0,0,Dindigul,Tamil Nadu
2024-03-14,0.02,0.01999999999999467,0.020000000000040857,0.02,0.02,0,Dindigul,Tamil Nadu
2024-03-15,0.04,0.05999999999999467,0.060000000000040854,0.06,0.04,0,Dindigul,Tamil Nadu
2024-03-16,0.09,0.14999999999999467,0.15000000000004085,0.15,0.09,0,Dindigul,Tamil Nadu
2024-03-17,0.0,0.12999999999999468,0.15000000000004085,0.15,0.09,0,Dindigul,Tamil Nadu
2024-03-18,0.0,0.08999999999999467,0.15000000000004085,0.15,0.09,0,Dindigul,Tamil Nadu
2024-03-19,0.0,0.0,0.15000000000004085,0.15,0.0,0,Dindigul,Tamil Nadu
2024-03-20,0.0,0.0,0.15000000000004085,0.15,0.0,0,Dindigul,Tamil Nadu
2024-03-21,0.11,0.10999999999999467,0.24000000000004085,0.26,0.11,0,Dindigul,Tamil Nadu
2024-03-22,0.16,0.2699999999999947,0.36000000000004084,0.42,0.16,0,Dindigul,Tamil Nadu
2024-03-23,0.04,0.30999999999999467,0.3100000000000409,0.45999999999999996,0.16,0,Dindigul,Tamil Nadu
2024-03-24,0.03,0.22999999999999468,0.3400000000000409,0.49,0.16,0,Dindigul,Tamil Nadu
2024-03-25,0.0,0.06999999999999465,0.3400000000000408,0.49,0.04,0,Dindigul,Tamil Nadu
2024-03-26,0.0,0.029999999999994642,0.3400000000000408,0.49,0.03,0,Dindigul,Tamil Nadu
2024-03-27,0.0,0.0,0.3400000000000408,0.49,0.0,0,Dindigul,Tamil Nadu
2024-03-28,0.07,0.06999999999999465,0.3000000000000409,0.56,0.07,0,Dindigul,Tamil Nadu
2024-03-29,0.02,0.08999999999999465,0.1600000000000409,0.5599999999999999,0.07,0,Dindigul,Tamil Nadu
2024-03-30,0.0,0.08999999999999465,0.1200000000000409,0.52,0.07,0,Dindigul,Tamil Nadu
2024-03-31,0.0,0.019999999999994644,0.09000000000004091,0.43,0.02,0,Dindigul,Tamil Nadu
2024-04-01,0.0,0.0,0.09000000000004091,0.43000000000000005,0.0,0,Dindigul,Tamil Nadu
2024-04-02,0.17,0.16999999999999466,0.2600000000000409,0.6000000000000001,0.17,0,Dindigul,Tamil Nadu
2024-04-03,0.72,0.8899999999999946,0.9800000000000408,1.32,0.72,0,Dindigul,Tamil Nadu
2024-04-04,0.01,0.8999999999999946,0.9200000000000408,1.33,0.72,0,Dindigul,Tamil Nadu
2024-04-05,0.02,0.7499999999999946,0.9200000000000409,1.24,0.72,0,Dindigul,Tamil Nadu
2024-04-06,0.0,0.02999999999999456,0.9200000000000409,1.08,0.02,0,Dindigul,Tamil Nadu
2024-04-07,0.0,0.019999999999994557,0.9200000000000409,1.04,0.02,0,Dindigul,Tamil Nadu
2024-04-08,0.02,0.01999999999999456,0.9400000000000409,1.03,0.02,0,Dindigul,Tamil Nadu
2024-04-09,0.0,0.01999999999999456,0.7700000000000409,1.03,0.02,0,Dindigul,Tamil Nadu
2024-04-10,0.04,0.05999999999999456,0.09000000000004085,1.07,0.04,0,Dindigul,Tamil Nadu
2024-04-11,1.51,1.5499999999999945,1.590000000000041,2.58,1.51,0,Dindigul,Tamil Nadu
2024-04-12,4.87,6.419999999999995,6.440000000000041,7.380000000000001,4.87,0,Dindigul,Tamil Nadu
2024-04-13,2.34,8.719999999999995,8.78000000000004,9.7,4.87,0,Dindigul,Tamil Nadu
2024-04-14,1.25,8.459999999999994,10.03000000000004,10.95,4.87,0,Dindigul,Tamil Nadu
2024-04-15,0.07,3.6599999999999944,10.080000000000041,11.02,2.34,0,Dindigul,Tamil Nadu
2024-04-16,0.0,1.3199999999999947,10.080000000000041,11.02,1.25,0,Dindigul,Tamil Nadu
2024-04-17,0.0,0.06999999999999468,10.04000000000004,10.85,0.07,0,Dindigul,Tamil Nadu
2024-04-18,0.0,0.0,8.53000000000004,10.129999999999999,0.0,0,Dindigul,Tamil Nadu
2024-04-19,0.0,0.0,3.6600000000000406,10.12,0.0,0,Dindigul,Tamil Nadu
2024-04-20,0.01,0.009999999999994671,1.330000000000041,10.11,0.01,0,Dindigul,Tamil Nadu
2024-04-21,0.03,0.03999999999999467,0.11000000000004087,10.139999999999999,0.03,0,Dindigul,Tamil Nadu
2024-04-22,0.06,0.09999999999999468,0.10000000000004086,10.2,0.06,0,Dindigul,Tamil Nadu
2024-04-23,0.01,0.09999999999999468,0.11000000000004086,10.19,0.06,0,Dindigul,Tamil Nadu
2024-04-24,0.01,0.07999999999999467,0.12000000000004085,10.2,0.06,0,Dindigul,Tamil Nadu
2024-04-25,0.0,0.01999999999999467,0.12000000000004085,10.159999999999998,0.01,0,Dindigul,Tamil Nadu
2024-04-26,0.0,0.009999999999994671,0.12000000000004085,8.649999999999999,0.01,0,Dindigul,Tamil Nadu
2024-04-27,0.0,0.0,0.11000000000004086,3.78,0.0,0,Dindigul,Tamil Nadu
2024-04-28,0.0,0.0,0.08000000000004084,1.44,0.0,0,Dindigul,Tamil Nadu
2024-04-29,0.06,0.05999999999999467,0.08000000000004084,0.25,0.06,0,Dindigul,Tamil Nadu
2024-04-30,0.04,0.09999999999999468,0.11000000000004086,0.22,0.06,0,Dindigul,Tamil Nadu
2024-05-01,0.02,0.11999999999999467,0.12000000000004085,0.24,0.06,0,Dindigul,Tamil Nadu
2024-05-02,0.0,0.05999999999999467,0.12000000000004085,0.24,0.04,0,Dindigul,Tamil Nadu
2024-05-03,0.02,0.03999999999999467,0.14000000000004084,0.26,0.02,0,Dindigul,Tamil Nadu
2024-05-04,0.42,0.4399999999999947,0.5600000000000408,0.6799999999999999,0.42,0,Dindigul,Tamil Nadu
2024-05-05,1.13,1.5699999999999945,1.6900000000000408,1.7999999999999998,1.13,0,Dindigul,Tamil Nadu
2024-05-06,0.11,1.6599999999999946,1.7400000000000408,1.88,1.13,0,Dindigul,Tamil Nadu
2024-05-07,0.89,2.1299999999999946,2.5900000000000407,2.71,1.13,0,Dindigul,Tamil Nadu
2024-05-08,1.57,2.569999999999995,4.1400000000000405,4.27,1.57,0,Dindigul,Tamil Nadu
2024-05-09,5.01,7.469999999999995,9.150000000000041,9.27,5.01,0,Dindigul,Tamil Nadu
2024-05-10,5.34,11.919999999999995,14.470000000000041,14.61,5.34,0,Dindigul,Tamil Nadu
2024-05-11,3.75,14.099999999999994,17.80000000000004,18.36,5.34,0,Dindigul,Tamil Nadu
2024-05-12,3.83,12.919999999999996,20.500000000000043,22.189999999999998,5.34,0,Dindigul,Tamil Nadu
2024-05-13,2.67,10.249999999999996,23.060000000000038,24.86,3.83,0,Dindigul,Tamil Nadu
2024-05-14,2.81,9.309999999999995,24.980000000000043,27.61,3.83,0,Dindigul,Tamil Nadu
2024-05-15,7.67,13.149999999999995,31.08000000000004,35.239999999999995,7.67,0,Dindigul,Tamil Nadu
2024-05-16,14.48,24.959999999999994,40.55000000000004,49.7,14.48,0,Dindigul,Tamil Nadu
2024-05-17,18.22,40.36999999999999,53.43000000000004,67.92,18.22,0,Dindigul,Tamil Nadu
2024-05-18,10.78,43.47999999999999,60.46000000000004,78.68,18.22,0,Dindigul,Tamil Nadu
2024-05-19,11.41,40.40999999999999,68.04000000000003,89.67,18.22,0,Dindigul,Tamil Nadu
2024-05-20,27.67,49.85999999999999,93.04000000000003,116.21,27.67,0,Dindigul,Tamil Nadu
2024-05-21,19.79,58.86999999999999,110.02000000000004,135.89,27.67,0,Dindigul,Tamil Nadu
2024-05-22,5.95,53.41,108.30000000000004,140.95000000000002,27.67,0,Dindigul,Tamil Nadu
2024-05-23,5.44,31.179999999999993,99.26000000000005,144.82,19.79,0,Dindigul,Tamil Nadu
2024-05-24,5.14,16.529999999999994,86.18000000000004,144.95,5.95,0,Dindigul,Tamil Nadu
2024-05-25,1.76,12.339999999999995,77.16000000000004,141.37,5.44,0,Dindigul,Tamil Nadu
2024-05-26,0.08,6.979999999999992,65.83000000000004,137.7,5.14,0,Dindigul,Tamil Nadu
2024-05-27,0.03,1.869999999999993,38.19000000000004,133.9,1.76,0,Dindigul,Tamil Nadu
2024-05-28,0.4,0.5099999999999929,18.800000000000043,131.63,0.4,0,Dindigul,Tamil Nadu
2024-05-29,0.9,1.329999999999993,13.750000000000044,129.72,0.9,0,Dindigul,Tamil Nadu
2024-05-30,0.68,1.9799999999999929,8.990000000000043,122.73,0.9,0,Dindigul,Tamil Nadu
2024-05-31,1.41,2.989999999999993,5.260000000000042,109.66,1.41,0,Dindigul,Tamil Nadu
2024-06-01,4.03,6.119999999999993,7.530000000000043,95.47,4.03,1,Dindigul,Tamil Nadu
2024-06-02,5.2,10.639999999999993,12.650000000000043,89.89,5.2,1,Dindigul,Tamil Nadu
2024-06-03,5.56,14.789999999999992,18.180000000000042,84.04,5.56,1,Dindigul,Tamil Nadu
2024-06-04,1.05,11.809999999999992,18.83000000000004,57.42,5.56,1,Dindigul,Tamil Nadu
2024-06-05,3.81,10.419999999999993,21.740000000000045,41.44,5.56,1,Dindigul,Tamil Nadu
2024-06-06,26.7,31.55999999999999,47.76000000000004,62.19,26.7,1,Dindigul,Tamil Nadu
2024-06-07,6.71,37.21999999999999,53.06000000000004,63.46,26.7,1,Dindigul,Tamil Nadu
2024-06-08,2.65,36.05999999999999,51.68000000000004,60.97,26.7,1,Dindigul,Tamil Nadu
2024-06-09,0.18,9.539999999999992,46.66000000000004,59.39,6.71,1,Dindigul,Tamil Nadu
2024-06-10,0.08,2.9099999999999926,41.180000000000035,59.39,2.65,1,Dindigul,Tamil Nadu
2024-06-11,0.23,0.4899999999999929,40.36000000000004,59.59,0.23,1,Dindigul,Tamil Nadu
2024-06-12,0.25,0.559999999999993,36.80000000000004,59.440000000000005,0.25,1,Dindigul,Tamil Nadu
2024-06-13,0.09,0.5699999999999928,10.190000000000042,58.629999999999995,0.25,1,Dindigul,Tamil Nadu
2024-06-14,0.01,0.3499999999999929,3.4900000000000424,57.96,0.25,1,Dindigul,Tamil Nadu
2024-06-15,0.34,0.4399999999999929,1.1800000000000426,56.89,0.34,1,Dindigul,Tamil Nadu
2024-06-16,0.47,0.8199999999999928,1.4700000000000426,53.33,0.47,1,Dindigul,Tamil Nadu
2024-06-17,2.1,2.909999999999993,3.490000000000043,50.23,2.1,1,Dindigul,Tamil Nadu
2024-06-18,10.22,12.789999999999994,13.480000000000043,54.89,10.22,1,Dindigul,Tamil Nadu
2024-06-19,3.7,16.019999999999992,16.930000000000042,57.54,10.22,1,Dindigul,Tamil Nadu
2024-06-20,0.27,14.189999999999994,17.110000000000042,54.0,10.22,1,Dindigul,Tamil Nadu
2024-06-21,0.14,4.109999999999993,17.24000000000004,27.44,3.7,1,Dindigul,Tamil Nadu
2024-06-22,1.18,1.5899999999999928,18.08000000000004,21.91,1.18,1,Dindigul,Tamil Nadu
2024-06-23,1.71,3.0299999999999927,19.320000000000043,20.97,1.71,1,Dindigul,Tamil Nadu
2024-06-24,0.96,3.8499999999999925,18.180000000000042,21.75,1.71,1,Dindigul,Tamil Nadu
2024-06-25,3.31,5.979999999999993,11.270000000000042,24.98,3.31,1,Dindigul,Tamil Nadu
2024-06-26,1.43,5.699999999999993,9.000000000000043,26.18,3.31,1,Dindigul,Tamil Nadu
2024-06-27,0.31,5.049999999999993,9.040000000000044,26.24,3.31,1,Dindigul,Tamil Nadu
2024-06-28,0.09,1.8299999999999927,8.990000000000043,26.24,1.43,1,Dindigul,Tamil Nadu
2024-06-29,0.25,0.6499999999999929,8.060000000000043,26.48,0.31,1,Dindigul,Tamil Nadu
2024-06-30,1.09,1.429999999999993,7.440000000000042,27.23,1.09,1,Dindigul,Tamil Nadu
2024-07-01,4.68,6.0199999999999925,11.160000000000043,31.439999999999998,4.68,1,Dindigul,Tamil Nadu
2024-07-02,0.16,5.929999999999993,8.01000000000004,29.5,4.68,1,Dindigul,Tamil Nadu
2024-07-03,0.17,5.009999999999993,6.750000000000042,19.45,4.68,1,Dindigul,Tamil Nadu
2024-07-04,0.07,0.3999999999999929,6.510000000000042,15.819999999999999,0.17,1,Dindigul,Tamil Nadu
2024-07-05,2.56,2.799999999999993,8.980000000000043,18.11,2.56,1,Dindigul,Tamil Nadu
2024-07-06,0.71,3.339999999999993,9.440000000000042,18.68,2.56,1,Dindigul,Tamil Nadu
2024-07-07,0.26,3.529999999999993,8.610000000000042,17.759999999999998,2.56,1,Dindigul,Tamil Nadu
2024-07-08,0.39,1.3599999999999928,4.320000000000043,16.439999999999998,0.71,1,Dindigul,Tamil Nadu
2024-07-09,0.11,0.7599999999999929,4.270000000000042,15.59,0.39,1,Dindigul,Tamil Nadu
2024-07-10,3.05,3.5499999999999927,7.150000000000043,15.33,3.05,1,Dindigul,Tamil Nadu
2024-07-11,0.57,3.7299999999999924,7.650000000000042,14.47,3.05,1,Dindigul,Tamil Nadu
2024-07-12,8.04,11.659999999999991,13.130000000000042,22.2,8.04,1,Dindigul,Tamil Nadu
2024-07-13,0.19,8.799999999999992,12.61000000000004,22.3,8.04,1,Dindigul,Tamil Nadu
2024-07-14,1.05,9.279999999999992,13.400000000000041,23.099999999999998,8.04,1,Dindigul,Tamil Nadu
2024-07-15,6.58,7.819999999999993,19.590000000000042,28.59,6.58,1,Dindigul,Tamil Nadu
2024-07-16,1.06,8.689999999999992,20.540000000000042,24.97,6.58,1,Dindigul,Tamil Nadu
2024-07-17,1.96,9.599999999999993,19.450000000000042,26.77,6.58,1,Dindigul,Tamil Nadu
2024-07-18,0.87,3.889999999999993,19.750000000000043,27.470000000000002,1.96,1,Dindigul,Tamil Nadu
2024-07-19,0.49,3.3199999999999927,12.200000000000044,27.89,1.96,1,Dindigul,Tamil Nadu
2024-07-20,0.41,1.769999999999993,12.420000000000043,25.74,0.87,1,Dindigul,Tamil Nadu
2024-07-21,0.11,1.009999999999993,11.480000000000043,25.14,0.49,1,Dindigul,Tamil Nadu
2024-07-22,0.22,0.7399999999999929,5.120000000000043,25.1,0.41,1,Dindigul,Tamil Nadu
2024-07-23,0.08,0.4099999999999929,4.140000000000043,24.79,0.22,1,Dindigul,Tamil Nadu
2024-07-24,0.49,0.7899999999999929,2.6700000000000426,25.17,0.49,1,Dindigul,Tamil Nadu
2024-07-25,2.21,2.779999999999993,4.010000000000042,24.33,2.21,1,Dindigul,Tamil Nadu
2024-07-26,1.14,3.8399999999999928,4.660000000000043,24.9,2.21,1,Dindigul,Tamil Nadu
2024-07-27,0.1,3.4499999999999926,4.350000000000042,16.96,2.21,1,Dindigul,Tamil Nadu
2024-07-28,0.35,1.5899999999999928,4.5900000000000425,17.119999999999997,1.14,1,Dindigul,Tamil Nadu
2024-07-29,4.64,5.089999999999993,9.01000000000004,20.71,4.64,1,Dindigul,Tamil Nadu
2024-07-30,0.26,5.249999999999993,9.190000000000042,14.389999999999999,4.64,1,Dindigul,Tamil Nadu
2024-07-31,0.42,5.319999999999992,9.120000000000042,13.749999999999998,4.64,1,Dindigul,Tamil Nadu
2024-08-01,1.42,2.0999999999999925,8.330000000000043,13.209999999999999,1.42,1,Dindigul,Tamil Nadu
2024-08-02,0.13,1.9699999999999926,7.320000000000041,12.469999999999999,1.42,1,Dindigul,Tamil Nadu
2024-08-03,0.79,2.3399999999999928,8.010000000000042,12.769999999999998,1.42,1,Dindigul,Tamil Nadu
2024-08-04,5.52,6.439999999999992,13.180000000000042,17.88,5.52,1,Dindigul,Tamil Nadu
2024-08-05,2.3,8.609999999999992,10.84000000000004,20.07,5.52,1,Dindigul,Tamil Nadu
2024-08-06,5.65,13.469999999999992,16.23000000000004,25.499999999999996,5.65,1,Dindigul,Tamil Nadu
2024-08-07,12.02,19.96999999999999,27.83000000000004,37.44,12.02,1,Dindigul,Tamil Nadu
2024-08-08,4.66,22.32999999999999,31.07000000000004,41.61,12.02,1,Dindigul,Tamil Nadu
2024-08-09,10.24,26.919999999999995,41.18000000000004,49.63999999999999,12.02,1,Dindigul,Tamil Nadu
2024-08-10,8.57,23.46999999999999,48.96000000000004,57.06999999999999,10.24,1,Dindigul,Tamil Nadu
2024-08-11,7.28,26.089999999999993,50.72000000000004,64.25,10.24,1,Dindigul,Tamil Nadu
2024-08-12,4.28,20.129999999999995,52.700000000000045,68.18,8.57,1,Dindigul,Tamil Nadu
2024-08-13,20.58,32.13999999999999,67.63000000000004,84.12,20.58,1,Dindigul,Tamil Nadu
2024-08-14,27.55,52.41,83.16000000000005,111.41,27.55,1,Dindigul,Tamil Nadu
2024-08-15,8.27,56.39999999999999,86.77000000000005,119.25999999999999,27.55,1,Dindigul,Tamil Nadu
2024-08-16,7.06,42.879999999999995,83.59000000000005,124.9,27.55,1,Dindigul,Tamil Nadu
2024-08-17,3.6,18.929999999999993,78.62000000000005,128.37,8.27,1,Dindigul,Tamil Nadu
2024-08-18,6.42,17.07999999999999,77.76000000000005,134.0,7.06,1,Dindigul,Tamil Nadu
2024-08-19,3.83,13.849999999999994,77.31000000000004,132.31,6.42,1,Dindigul,Tamil Nadu
2024-08-20,8.17,18.419999999999995,64.90000000000005,138.18,8.17,1,Dindigul,Tamil Nadu
2024-08-21,5.92,17.919999999999995,43.27000000000004,138.45,8.17,1,Dindigul,Tamil Nadu
2024-08-22,0.01,14.099999999999993,35.01000000000005,126.44,8.17,1,Dindigul,Tamil Nadu
2024-08-23,0.01,5.939999999999992,27.960000000000043,121.78999999999999,5.92,1,Dindigul,Tamil Nadu
2024-08-24,0.04,0.05999999999999289,24.40000000000004,111.59,0.04,1,Dindigul,Tamil Nadu
2024-08-25,0.06,0.10999999999999288,18.040000000000042,103.08,0.06,1,Dindigul,Tamil Nadu
2024-08-26,0.05,0.1499999999999929,14.260000000000042,95.85,0.06,1,Dindigul,Tamil Nadu
2024-08-27,0.29,0.39999999999999286,6.3800000000000425,91.85999999999999,0.29,1,Dindigul,Tamil Nadu
2024-08-28,0.16,0.4999999999999929,0.6200000000000426,71.44000000000001,0.29,1,Dindigul,Tamil Nadu
2024-08-29,1.54,1.9899999999999929,2.1500000000000425,45.42999999999999,1.54,1,Dindigul,Tamil Nadu
2024-08-30,1.22,2.919999999999993,3.360000000000043,38.38,1.54,1,Dindigul,Tamil Nadu
2024-08-31,0.4,3.1599999999999926,3.720000000000043,31.720000000000002,1.54,1,Dindigul,Tamil Nadu
2024-09-01,0.17,1.789999999999993,3.8300000000000427,28.29,1.22,1,Dindigul,Tamil Nadu
2024-09-02,0.53,1.099999999999993,4.310000000000042,22.4,0.53,1,Dindigul,Tamil Nadu
2024-09-03,0.62,1.319999999999993,4.640000000000042,19.19,0.62,1,Dindigul,Tamil Nadu
2024-09-04,0.55,1.699999999999993,5.030000000000042,11.57,0.62,1,Dindigul,Tamil Nadu
2024-09-05,0.07,1.2399999999999929,3.5600000000000427,5.72,0.62,1,Dindigul,Tamil Nadu
2024-09-06,0.48,1.099999999999993,2.8200000000000425,6.19,0.55,1,Dindigul,Tamil Nadu
2024-09-07,0.15,0.6999999999999929,2.5700000000000425,6.33,0.48,1,Dindigul,Tamil Nadu
2024-09-08,0.29,0.9199999999999928,2.6900000000000426,6.58,0.48,1,Dindigul,Tamil Nadu
2024-09-09,0.36,0.7999999999999929,2.520000000000043,6.88,0.36,1,Dindigul,Tamil Nadu
2024-09-10,0.19,0.8399999999999929,2.090000000000043,7.0200000000000005,0.36,1,Dindigul,Tamil Nadu
2024-09-11,1.18,1.7299999999999929,2.7200000000000424,7.91,1.18,1,Dindigul,Tamil Nadu
2024-09-12,0.16,1.529999999999993,2.8100000000000427,7.91,1.18,1,Dindigul,Tamil Nadu
2024-09-13,0.16,1.499999999999993,2.4900000000000424,6.529999999999999,1.18,1,Dindigul,Tamil Nadu
2024-09-14,0.29,0.6099999999999929,2.6300000000000425,5.6,0.29,1,Dindigul,Tamil Nadu
2024-09-15,0.18,0.6299999999999928,2.5200000000000427,5.38,0.29,1,Dindigul,Tamil Nadu
2024-09-16,0.0,0.46999999999999287,2.1600000000000428,5.21,0.29,1,Dindigul,Tamil Nadu
2024-09-17,0.0,0.1799999999999929,1.9700000000000426,4.68,0.18,1,Dindigul,Tamil Nadu
2024-09-18,0.0,0.0,0.7900000000000427,4.0600000000000005,0.0,1,Dindigul,Tamil Nadu
2024-09-19,0.25,0.2499999999999929,0.8800000000000425,3.76,0.25,1,Dindigul,Tamil Nadu
2024-09-20,0.04,0.2899999999999929,0.7600000000000426,3.7299999999999995,0.25,1,Dindigul,Tamil Nadu
2024-09-21,0.55,0.839999999999993,1.0200000000000427,3.8,0.55,1,Dindigul,Tamil Nadu
2024-09-22,0.41,0.9999999999999929,1.2500000000000426,4.06,0.55,1,Dindigul,Tamil Nadu
2024-09-23,0.51,1.4699999999999929,1.7600000000000426,4.279999999999999,0.55,1,Dindigul,Tamil Nadu
2024-09-24,0.9,1.8199999999999927,2.6600000000000428,4.82,0.9,1,Dindigul,Tamil Nadu
2024-09-25,0.09,1.499999999999993,2.7500000000000426,4.72,0.9,1,Dindigul,Tamil Nadu
2024-09-26,0.36,1.349999999999993,2.8600000000000425,3.9,0.9,1,Dindigul,Tamil Nadu
2024-09-27,0.28,0.7299999999999929,3.1000000000000427,4.0200000000000005,0.36,1,Dindigul,Tamil Nadu
2024-09-28,1.61,2.249999999999993,4.160000000000043,5.470000000000001,1.61,1,Dindigul,Tamil Nadu
2024-09-29,2.85,4.739999999999993,6.600000000000042,8.030000000000001,2.85,1,Dindigul,Tamil Nadu
2024-09-30,2.72,7.1799999999999935,8.810000000000043,10.57,2.85,1,Dindigul,Tamil Nadu
2024-10-01,3.84,9.409999999999993,11.750000000000043,14.41,3.84,0,Dindigul,Tamil Nadu
2024-10-02,8.6,15.159999999999993,20.26000000000004,23.009999999999998,8.6,0,Dindigul,Tamil Nadu
2024-10-03,0.03,12.469999999999992,19.930000000000042,23.04,8.6,0,Dindigul,Tamil Nadu
2024-10-04,12.0,20.629999999999992,31.65000000000004,34.79,12.0,0,Dindigul,Tamil Nadu
2024-10-05,14.45,26.47999999999999,44.49000000000004,49.2,14.45,0,Dindigul,Tamil Nadu
2024-10-06,6.69,33.13999999999999,48.33000000000004,55.339999999999996,14.45,0,Dindigul,Tamil Nadu
2024-10-07,4.46,25.59999999999999,50.07000000000004,59.39,14.45,0,Dindigul,Tamil Nadu
2024-10-08,12.04,23.18999999999999,58.270000000000046,70.92,12.04,0,Dindigul,Tamil Nadu
2024-10-09,5.61,22.109999999999992,55.280000000000044,75.63,12.04,0,Dindigul,Tamil Nadu
2024-10-10,2.19,19.83999999999999,57.44000000000004,77.72999999999999,12.04,0,Dindigul,Tamil Nadu
2024-10-11,18.2,25.999999999999993,63.64000000000004,95.57,18.2,0,Dindigul,Tamil Nadu
2024-10-12,31.55,51.93999999999999,80.74000000000004,126.84,31.55,0,Dindigul,Tamil Nadu
2024-10-13,23.55,73.3,97.60000000000004,148.78,31.55,0,Dindigul,Tamil Nadu
2024-10-14,13.75,68.85,106.89000000000004,159.68,31.55,0,Dindigul,Tamil Nadu
2024-10-15,12.74,50.03999999999999,107.59000000000005,169.7,23.55,0,Dindigul,Tamil Nadu
2024-10-16,1.91,28.399999999999988,103.89000000000004,167.76999999999998,13.75,0,Dindigul,Tamil Nadu
2024-10-17,0.41,15.05999999999999,102.11000000000004,159.58,12.74,0,Dindigul,Tamil Nadu
2024-10-18,3.17,5.4899999999999896,87.08000000000004,162.72,3.17,0,Dindigul,Tamil Nadu
2024-10-19,4.84,8.41999999999999,60.37000000000005,155.56,4.84,0,Dindigul,Tamil Nadu
2024-10-20,12.84,20.849999999999987,49.660000000000046,153.95000000000002,12.84,0,Dindigul,Tamil Nadu
2024-10-21,9.81,27.48999999999999,45.72000000000004,157.07000000000002,12.84,0,Dindigul,Tamil Nadu
2024-10-22,22.02,44.66999999999999,55.00000000000004,174.63,22.02,0,Dindigul,Tamil Nadu
2024-10-23,5.63,37.45999999999999,58.72000000000004,168.22,22.02,0,Dindigul,Tamil Nadu
2024-10-24,10.13,37.77999999999999,68.44000000000004,172.74,22.02,0,Dindigul,Tamil Nadu
2024-10-25,22.31,38.06999999999999,87.58000000000004,192.86,22.31,0,Dindigul,Tamil Nadu
2024-10-26,3.61,36.04999999999999,86.35000000000004,178.27,22.31,0,Dindigul,Tamil Nadu
2024-10-27,0.34,26.259999999999987,73.85000000000005,147.06,22.31,0,Dindigul,Tamil Nadu
2024-10-28,1.22,5.169999999999989,65.26000000000005,124.73,3.61,0,Dindigul,Tamil Nadu
2024-10-29,0.43,1.9899999999999893,43.670000000000044,111.41,1.22,0,Dindigul,Tamil Nadu
2024-10-30,0.29,1.9399999999999893,38.33000000000004,98.96,1.22,0,Dindigul,Tamil Nadu
2024-10-31,5.74,6.459999999999989,33.94000000000004,102.78999999999999,5.74,0,Dindigul,Tamil Nadu
2024-11-01,10.84,16.86999999999999,22.47000000000004,113.22,10.84,0,Dindigul,Tamil Nadu
2024-11-02,9.3,25.879999999999992,28.160000000000043,119.35,10.84,0,Dindigul,Tamil Nadu
2024-11-03,4.82,24.95999999999999,32.64000000000004,119.33,10.84,0,Dindigul,Tamil Nadu
2024-11-04,3.15,17.26999999999999,34.57000000000004,109.64,9.3,0,Dindigul,Tamil Nadu
2024-11-05,0.92,8.88999999999999,35.060000000000045,100.75,4.82,0,Dindigul,Tamil Nadu
2024-11-06,0.04,4.10999999999999,34.810000000000045,78.77,3.15,0,Dindigul,Tamil Nadu
2024-11-07,3.01,3.969999999999989,32.08000000000004,76.14999999999999,3.01,0,Dindigul,Tamil Nadu
2024-11-08,1.1,4.14999999999999,22.340000000000042,67.12,3.01,0,Dindigul,Tamil Nadu
2024-11-09,0.69,4.799999999999989,13.730000000000043,45.5,3.01,0,Dindigul,Tamil Nadu
2024-11-10,0.0,1.7899999999999894,8.910000000000043,41.89,1.1,0,Dindigul,Tamil Nadu
2024-11-11,0.0,0.6899999999999893,5.760000000000042,41.55,0.69,0,Dindigul,Tamil Nadu
2024-11-12,0.7,0.6999999999999893,5.540000000000042,41.03,0.7,0,Dindigul,Tamil Nadu
2024-11-13,1.25,1.9499999999999893,6.750000000000042,41.85,1.25,0,Dindigul,Tamil Nadu
2024-11-14,7.71,9.65999999999999,11.450000000000042,49.269999999999996,7.71,0,Dindigul,Tamil Nadu
2024-11-15,5.86,14.81999999999999,16.210000000000043,49.39,7.71,0,Dindigul,Tamil Nadu
2024-11-16,7.6,21.16999999999999,23.12000000000004,46.15,7.71,0,Dindigul,Tamil Nadu
2024-11-17,5.77,19.22999999999999,28.890000000000043,42.62,7.6,0,Dindigul,Tamil Nadu
2024-11-18,4.5,17.86999999999999,33.39000000000004,42.3,7.6,0,Dindigul,Tamil Nadu
2024-11-19,2.55,12.819999999999988,35.240000000000045,41.699999999999996,5.77,0,Dindigul,Tamil Nadu
2024-11-20,2.33,9.379999999999988,36.32000000000004,43.11,4.5,0,Dindigul,Tamil Nadu
2024-11-21,2.18,7.05999999999999,30.790000000000042,45.24999999999999,2.55,0,Dindigul,Tamil Nadu
2024-11-22,0.07,4.579999999999989,25.000000000000043,42.309999999999995,2.33,0,Dindigul,Tamil Nadu
2024-11-23,0.02,2.2699999999999894,17.42000000000004,41.23,2.18,0,Dindigul,Tamil Nadu
2024-11-24,0.01,0.09999999999998935,11.660000000000043,40.55,0.07,0,Dindigul,Tamil Nadu
2024-11-25,0.01,0.03999999999998934,7.170000000000043,40.56,0.02,0,Dindigul,Tamil Nadu
2024-11-26,11.96,11.97999999999999,16.580000000000044,52.519999999999996,11.96,0,Dindigul,Tamil Nadu
2024-11-27,3.07,15.03999999999999,17.320000000000043,54.88999999999999,11.96,0,Dindigul,Tamil Nadu
2024-11-28,1.33,16.35999999999999,16.470000000000045,54.97,11.96,0,Dindigul,Tamil Nadu
2024-11-29,3.87,8.269999999999989,20.270000000000046,51.13,3.87,0,Dindigul,Tamil Nadu
2024-11-30,2.7,7.89999999999999,22.950000000000045,47.97,3.87,0,Dindigul,Tamil Nadu
2024-12-01,11.55,18.11999999999999,34.490000000000045,51.92,11.55,0,Dindigul,Tamil Nadu
2024-12-02,11.48,25.72999999999999,45.96000000000005,57.63,11.55,0,Dindigul,Tamil Nadu
2024-12-03,5.0,28.029999999999994,39.00000000000004,58.13,11.55,0,Dindigul,Tamil Nadu
2024-12-04,1.04,17.51999999999999,36.97000000000005,56.620000000000005,11.48,0,Dindigul,Tamil Nadu
2024-12-05,1.14,7.179999999999989,36.78000000000005,55.43000000000001,5.0,0,Dindigul,Tamil Nadu
2024-12-06,0.13,2.3099999999999894,33.04000000000004,53.38,1.14,0,Dindigul,Tamil Nadu
2024-12-07,0.17,1.4399999999999893,30.510000000000044,53.480000000000004,1.14,0,Dindigul,Tamil Nadu
2024-12-08,0.14,0.4399999999999894,19.100000000000044,53.6,0.17,0,Dindigul,Tamil Nadu
2024-12-09,0.02,0.32999999999998936,7.640000000000042,53.61000000000001,0.17,0,Dindigul,Tamil Nadu
2024-12-10,0.02,0.17999999999998936,2.6600000000000428,53.62,0.14,0,Dindigul,Tamil Nadu
2024-12-11,3.59,3.6299999999999892,5.210000000000043,45.25,3.59,0,Dindigul,Tamil Nadu
2024-12-12,44.61,48.21999999999999,48.68000000000004,86.79,44.61,0,Dindigul,Tamil Nadu
2024-12-13,34.42,82.61999999999999,82.97000000000004,119.88000000000001,44.61,0,Dindigul,Tamil Nadu
2024-12-14,8.49,87.51999999999998,91.29000000000003,124.5,44.61,0,Dindigul,Tamil Nadu
2024-12-15,1.21,44.12,92.36000000000004,123.01,34.42,0,Dindigul,Tamil Nadu
2024-12-16,0.0,9.699999999999992,92.34000000000005,111.46000000000001,8.49,0,Dindigul,Tamil Nadu
2024-12-17,0.0,1.2099999999999929,92.32000000000005,99.98,1.21,0,Dindigul,Tamil Nadu
2024-12-18,0.0,0.0,88.73000000000005,94.98,0.0,0,Dindigul,Tamil Nadu
2024-12-19,0.01,0.009999999999992895,44.130000000000045,93.95,0.01,0,Dindigul,Tamil Nadu
2024-12-20,0.05,0.0599999999999929,9.760000000000042,92.86000000000001,0.05,0,Dindigul,Tamil Nadu
2024-12-21,2.54,2.599999999999993,3.8100000000000427,95.27,2.54,0,Dindigul,Tamil Nadu
2024-12-22,3.07,5.659999999999993,5.670000000000043,98.17,3.07,0,Dindigul,Tamil Nadu
2024-12-23,0.93,6.539999999999993,6.600000000000042,98.96,3.07,0,Dindigul,Tamil Nadu
2024-12-24,0.01,4.009999999999993,6.610000000000043,98.95,3.07,0,Dindigul,Tamil Nadu
2024-12-25,0.0,0.939999999999993,6.610000000000043,98.93,0.93,0,Dindigul,Tamil Nadu
2024-12-26,0.67,0.6799999999999929,7.270000000000043,96.01,0.67,0,Dindigul,Tamil Nadu
2024-12-27,3.67,4.339999999999993,10.890000000000043,55.07,3.67,0,Dindigul,Tamil Nadu
2024-12-28,0.28,4.619999999999993,8.630000000000042,20.93,3.67,0,Dindigul,Tamil Nadu
2024-12-29,0.11,4.0599999999999925,5.670000000000043,12.55,3.67,0,Dindigul,Tamil Nadu
2024-12-30,1.68,2.069999999999993,6.4200000000000434,13.02,1.68,0,Dindigul,Tamil Nadu
2024-12-31,0.41,2.199999999999993,6.820000000000043,13.43,1.68,0,Dindigul,Tamil Nadu
