,rain_1d,rain_3d,rain_7d,rain_15d,rain_max3d,is_monsoon,district,state
2015-01-01,1.84,1.84,1.84,1.84,1.84,0,Idukki,Kerala
2015-01-02,0.0,1.84,1.84,1.84,1.84,0,Idukki,Kerala
2015-01-03,0.0,1.84,1.84,1.84,1.84,0,Idukki,Kerala
2015-01-04,0.0,0.0,1.84,1.84,0.0,0,Idukki,Kerala
2015-01-05,0.0,0.0,1.84,1.84,0.0,0,Idukki,Kerala
2015-01-06,0.0,0.0,1.84,1.84,0.0,0,Idukki,Kerala
2015-01-07,0.0,0.0,1.84,1.84,0.0,0,Idukki,Kerala
2015-01-08,0.0,0.0,0.0,1.84,0.0,0,Idukki,Kerala
2015-01-09,0.0,0.0,0.0,1.84,0.0,0,Idukki,Kerala
2015-01-10,0.0,0.0,0.0,1.84,0.0,0,Idukki,Kerala
2015-01-11,0.0,0.0,0.0,1.84,0.0,0,Idukki,Kerala
2015-01-12,0.0,0.0,0.0,1.84,0.0,0,Idukki,Kerala
2015-01-13,0.0,0.0,0.0,1.84,0.0,0,Idukki,Kerala
2015-01-14,0.0,0.0,0.0,1.84,0.0,0,Idukki,Kerala
2015-01-15,0.0,0.0,0.0,1.84,0.0,0,Idukki,Kerala
2015-01-16,0.0,0.0,0.0,0.0,0.0,0,Idukki,Kerala
2015-01-17,0.0,0.0,0.0,0.0,0.0,0,Idukki,Kerala
2015-01-18,0.0,0.0,0.0,0.0,0.0,0,Idukki,Kerala
2015-01-19,0.0,0.0,0.0,0.0,0.0,0,Idukki,Kerala
2015-01-20,0.0,0.0,0.0,0.0,0.0,0,Idukki,Kerala
2015-01-21,0.21,0.21,0.21,0.21,0.21,0,Idukki,Kerala
2015-01-22,1.98,2.19,2.19,2.19,1.98,0,Idukki,Kerala
2015-01-23,0.04,2.23,2.23,2.23,1.98,0,Idukki,Kerala
2015-01-24,0.05,2.07,2.28,2.28,1.98,0,Idukki,Kerala
2015-01-25,0.0,0.09,2.28,2.28,0.05,0,Idukki,Kerala
2015-01-26,0.0,0.05,2.28,2.28,0.05,0,Idukki,Kerala
2015-01-27,0.0,0.0,2.28,2.28,0.0,0,Idukki,Kerala
2015-01-28,0.0,0.0,2.07,2.28,0.0,0,Idukki,Kerala
2015-01-29,0.0,0.0,0.09,2.28,0.0,0,Idukki,Kerala
2015-01-30,0.0,0.0,0.05,2.28,0.0,0,Idukki,Kerala
2015-01-31,0.0,0.0,0.0,2.28,0.0,0,Idukki,Kerala
2015-02-01,0.0,0.0,0.0,2.28,0.0,0,Idukki,Kerala
2015-02-02,0.0,0.0,0.0,2.28,0.0,0,Idukki,Kerala
2015-02-03,0.0,0.0,0.0,2.28,0.0,0,Idukki,Kerala
2015-02-04,0.0,0.0,0.0,2.28,0.0,0,Idukki,Kerala
2015-02-05,0.0,0.0,0.0,2.07,0.0,0,Idukki,Kerala
2015-02-06,0.32,0.32,0.32,0.41000000000000003,0.32,0,Idukki,Kerala
2015-02-07,0.69,1.01,1.01,1.06,0.69,0,Idukki,Kerala
2015-02-08,0.0,1.01,1.01,1.01,0.69,0,Idukki,Kerala
2015-02-09,0.0,0.69,1.01,1.01,0.69,0,Idukki,Kerala
2015-02-10,0.0,0.0,1.01,1.01,0.0,0,Idukki,Kerala
2015-02-11,0.0,0.0,1.01,1.01,0.0,0,Idukki,Kerala
2015-02-12,0.2,0.2,1.21,1.21,0.2,0,Idukki,Kerala
2015-02-13,0.26,0.46,1.15,1.47,0.26,0,Idukki,Kerala
2015-02-14,0.0,0.46,0.46,1.47,0.26,0,Idukki,Kerala
2015-02-15,0.0,0.26,0.46,1.47,0.26,0,Idukki,Kerala
2015-02-16,0.0,0.0,0.46,1.47,0.0,0,Idukki,Kerala
2015-02-17,0.0,0.0,0.46,1.47,0.0,0,Idukki,Kerala
2015-02-18,0.0,0.0,0.46,1.47,0.0,0,Idukki,Kerala
2015-02-19,0.0,0.0,0.26,1.47,0.0,0,Idukki,Kerala
2015-02-20,0.0,0.0,0.0,1.47,0.0,0,Idukki,Kerala
2015-02-21,0.0,0.0,0.0,1.15,0.0,0,Idukki,Kerala
2015-02-22,0.0,0.0,0.0,0.46,0.0,0,Idukki,Kerala
2015-02-23,0.0,0.0,0.0,0.46,0.0,0,Idukki,Kerala
2015-02-24,0.0,0.0,0.0,0.46,0.0,0,Idukki,Kerala
2015-02-25,0.0,0.0,0.0,0.46,0.0,0,Idukki,Kerala
2015-02-26,0.03,0.03,0.03,0.49,0.03,0,Idukki,Kerala
2015-02-27,0.16,0.19,0.19,0.45,0.16,0,Idukki,Kerala
2015-02-28,0.08,0.27,0.27,0.27,0.16,0,Idukki,Kerala
2015-03-01,0.08,0.32,0.35,0.35,0.16,0,Idukki,Kerala
2015-03-02,1.57,1.73,1.92,1.92,1.57,0,Idukki,Kerala
2015-03-03,1.25,2.9,3.17,3.17,1.57,0,Idukki,Kerala
2015-03-04,0.09,2.9099999999999997,3.2600000000000002,3.2600000000000002,1.57,0,Idukki,Kerala
2015-03-05,0.0,1.34,3.2300000000000004,3.2600000000000002,1.25,0,Idukki,Kerala
2015-03-06,4.43,4.52,7.5,7.6899999999999995,4.43,0,Idukki,Kerala
2015-03-07,4.68,9.11,12.1,12.37,4.68,0,Idukki,Kerala
2015-03-08,4.29,13.399999999999999,16.31,16.66,4.68,0,Idukki,Kerala
2015-03-09,0.93,9.9,15.67,17.59,4.68,0,Idukki,Kerala
2015-03-10,0.01,5.23,14.43,17.599999999999998,4.29,0,Idukki,Kerala
2015-03-11,0.0,0.9400000000000001,14.34,17.599999999999998,0.93,0,Idukki,Kerala
2015-03-12,0.0,0.01,14.34,17.599999999999998,0.01,0,Idukki,Kerala
2015-03-13,0.03,0.03,9.94,17.599999999999998,0.03,0,Idukki,Kerala
2015-03-14,2.19,2.2199999999999998,7.45,19.63,2.19,0,Idukki,Kerala
2015-03-15,2.64,4.859999999999999,5.800000000000001,22.19,2.64,0,Idukki,Kerala
2015-03-16,8.97,13.8,13.840000000000002,31.08,8.97,0,Idukki,Kerala
2015-03-17,1.05,12.66,14.880000000000003,30.56,8.97,0,Idukki,Kerala
2015-03-18,0.0,10.02,14.880000000000003,29.31,8.97,0,Idukki,Kerala
2015-03-19,0.0,1.0499999999999983,14.880000000000003,29.22,1.05,0,Idukki,Kerala
2015-03-20,0.0,0.0,14.850000000000001,29.22,0.0,0,Idukki,Kerala
2015-03-21,0.0,0.0,12.660000000000002,24.79,0.0,0,Idukki,Kerala
2015-03-22,0.0,0.0,10.020000000000001,20.11,0.0,0,Idukki,Kerala
2015-03-23,0.0,0.0,1.05,15.82,0.0,0,Idukki,Kerala
2015-03-24,0.0,0.0,0.0,14.89,0.0,0,Idukki,Kerala
2015-03-25,0.0,0.0,0.0,14.88,0.0,0,Idukki,Kerala
2015-03-26,0.0,0.0,0.0,14.88,0.0,0,Idukki,Kerala
2015-03-27,0.0,0.0,0.0,14.88,0.0,0,Idukki,Kerala
2015-03-28,0.14,0.13999999999999824,0.14,14.99,0.14,0,Idukki,Kerala
2015-03-29,0.23,0.3699999999999982,0.37,13.030000000000001,0.23,0,Idukki,Kerala
2015-03-30,0.25,0.6199999999999982,0.62,10.64,0.25,0,Idukki,Kerala
2015-03-31,4.7,5.179999999999998,5.32,6.37,4.7,0,Idukki,Kerala
2015-04-01,8.86,13.809999999999997,14.18,14.18,8.86,0,Idukki,Kerala
2015-04-02,2.37,15.929999999999996,16.55,16.55,8.86,0,Idukki,Kerala
2015-04-03,0.07,11.299999999999997,16.62,16.62,8.86,0,Idukki,Kerala
2015-04-04,0.06,2.4999999999999982,16.54,16.68,2.37,0,Idukki,Kerala
2015-04-05,0.0,0.12999999999999823,16.31,16.68,0.07,0,Idukki,Kerala
2015-04-06,1.79,1.8499999999999983,17.849999999999998,18.47,1.79,0,Idukki,Kerala
2015-04-07,4.62,6.409999999999998,17.77,23.09,4.62,0,Idukki,Kerala
2015-04-08,4.33,10.739999999999998,13.24,27.42,4.62,0,Idukki,Kerala
2015-04-09,5.53,14.48,16.400000000000002,32.95,5.53,0,Idukki,Kerala
2015-04-10,4.45,14.309999999999999,20.78,37.4,5.53,0,Idukki,Kerala
2015-04-11,2.25,12.229999999999999,22.97,39.65,5.53,0,Idukki,Kerala
2015-04-12,2.31,9.009999999999998,25.279999999999998,41.82,4.45,0,Idukki,Kerala
2015-04-13,3.12,7.679999999999998,26.61,44.71,3.12,0,Idukki,Kerala
2015-04-14,8.53,13.959999999999997,30.520000000000003,52.99,8.53,0,Idukki,Kerala
2015-04-15,17.74,29.389999999999993,43.92999999999999,66.03,17.74,0,Idukki,Kerala
2015-04-16,9.12,35.38999999999999,47.519999999999996,66.28999999999999,17.74,0,Idukki,Kerala
2015-04-17,11.89,38.75,54.959999999999994,75.81,17.74,0,Idukki,Kerala
2015-04-18,2.72,23.73,55.42999999999999,78.46,11.89,0,Idukki,Kerala
2015-04-19,0.07,14.680000000000001,53.19,78.46999999999998,11.89,0,Idukki,Kerala
2015-04-20,1.84,4.630000000000001,51.90999999999999,80.30999999999999,2.72,0,Idukki,Kerala
2015-04-21,11.96,13.870000000000001,55.34,90.48,11.96,0,Idukki,Kerala
2015-04-22,11.22,25.020000000000003,48.82,97.08,11.96,0,Idukki,Kerala
2015-04-23,1.74,24.92,41.44,94.49,11.96,0,Idukki,Kerala
2015-04-24,3.12,16.080000000000002,32.67,92.08,11.22,0,Idukki,Kerala
2015-04-25,8.56,13.42,38.51,96.19,8.56,0,Idukki,Kerala
2015-04-26,2.59,14.27,41.03,96.53,8.56,0,Idukki,Kerala
2015-04-27,0.42,11.569999999999999,39.61,94.64,8.56,0,Idukki,Kerala
2015-04-28,0.03,3.04,27.679999999999996,91.55,2.59,0,Idukki,Kerala
2015-04-29,1.38,1.8299999999999998,17.839999999999993,84.4,1.38,0,Idukki,Kerala
2015-04-30,0.87,2.28,16.969999999999995,67.53,1.38,0,Idukki,Kerala
2015-05-01,0.01,2.26,13.859999999999994,58.42,1.38,0,Idukki,Kerala
2015-05-02,0.0,0.88,5.299999999999996,46.53,0.87,0,Idukki,Kerala
2015-05-03,0.0,0.01,2.7099999999999964,43.81,0.01,0,Idukki,Kerala
2015-05-04,1.81,1.81,4.099999999999996,45.550000000000004,1.81,0,Idukki,Kerala
2015-05-05,3.13,4.9399999999999995,7.199999999999996,46.84,3.13,0,Idukki,Kerala
2015-05-06,2.45,7.390000000000001,8.269999999999996,37.33,3.13,0,Idukki,Kerala
2015-05-07,9.11,14.69,16.509999999999994,35.22,9.11,0,Idukki,Kerala
2015-05-08,9.06,20.62,25.559999999999995,42.540000000000006,9.11,0,Idukki,Kerala
2015-05-09,10.83,29.0,36.39,50.25,10.83,0,Idukki,Kerala
2015-05-10,3.48,23.37,39.87,45.169999999999995,10.83,0,Idukki,Kerala
2015-05-11,8.15,22.46,46.209999999999994,50.730000000000004,10.83,0,Idukki,Kerala
2015-05-12,19.13,30.759999999999998,62.21,69.44,19.13,0,Idukki,Kerala
2015-05-13,10.83,38.11,70.59,80.24,19.13,0,Idukki,Kerala
2015-05-14,7.07,37.03,68.55,85.93,19.13,0,Idukki,Kerala
2015-05-15,28.23,46.13,87.72,113.28999999999999,28.23,0,Idukki,Kerala
2015-05-16,6.85,42.150000000000006,83.74,120.13000000000001,28.23,0,Idukki,Kerala
2015-05-17,14.72,49.800000000000004,94.97999999999999,134.85000000000002,28.23,0,Idukki,Kerala
2015-05-18,10.47,32.04,97.30000000000001,145.32000000000002,14.72,0,Idukki,Kerala
2015-05-19,10.75,35.94,88.92000000000002,154.26000000000002,14.72,0,Idukki,Kerala
2015-05-20,5.82,27.04,83.91,156.95000000000002,10.75,0,Idukki,Kerala
2015-05-21,0.73,17.3,77.57000000000001,155.23,10.75,0,Idukki,Kerala
2015-05-22,0.14,6.69,49.480000000000004,146.26000000000002,5.82,0,Idukki,Kerala
2015-05-23,3.82,4.6899999999999995,46.45,141.02,3.82,0,Idukki,Kerala
2015-05-24,1.52,5.48,33.25,131.71,3.82,0,Idukki,Kerala
2015-05-25,0.26,5.6000000000000005,23.040000000000003,128.49,3.82,0,Idukki,Kerala
2015-05-26,0.06,1.84,12.35,120.4,1.52,0,Idukki,Kerala
2015-05-27,3.08,3.4000000000000004,9.61,104.35000000000001,3.08,0,Idukki,Kerala
2015-05-28,1.72,4.86,10.6,95.24000000000001,3.08,0,Idukki,Kerala
2015-05-29,1.67,6.47,12.13,89.84,3.08,0,Idukki,Kerala
2015-05-30,12.26,15.65,20.57,73.87,12.26,0,Idukki,Kerala
2015-05-31,8.58,22.509999999999998,27.630000000000003,75.60000000000001,12.26,0,Idukki,Kerala
2015-06-01,4.0,24.840000000000003,31.369999999999997,64.88,12.26,1,Idukki,Kerala
2015-06-02,21.2,33.78,52.510000000000005,75.61,21.2,1,Idukki,Kerala
2015-06-03,3.63,28.83,53.06,68.49,21.2,1,Idukki,Kerala
2015-06-04,3.17,28.0,54.510000000000005,65.84,21.2,1,Idukki,Kerala
2015-06-05,12.43,19.229999999999997,65.27000000000001,77.53999999999999,12.43,1,Idukki,Kerala
2015-06-06,0.34,15.939999999999998,53.35,77.74,12.43,1,Idukki,Kerala
2015-06-07,14.82,27.589999999999996,59.59,88.74000000000001,14.82,1,Idukki,Kerala
2015-06-08,10.38,25.54,65.97,97.6,14.82,1,Idukki,Kerala
2015-06-09,2.5,27.699999999999996,47.27,99.84,14.82,1,Idukki,Kerala
2015-06-10,4.31,17.189999999999998,47.95,104.09,10.38,1,Idukki,Kerala
2015-06-11,13.71,20.519999999999996,58.49000000000001,114.72,13.71,1,Idukki,Kerala
2015-06-12,7.53,25.549999999999997,53.59,120.53,13.71,1,Idukki,Kerala
2015-06-13,8.57,29.81,61.82000000000001,127.43,13.71,1,Idukki,Kerala
2015-06-14,4.9,21.0,51.900000000000006,120.07,8.57,1,Idukki,Kerala
2015-06-15,8.9,22.369999999999997,50.42,120.39,8.9,1,Idukki,Kerala
2015-06-16,8.38,22.18,56.300000000000004,124.77,8.9,1,Idukki,Kerala
2015-06-17,9.53,26.81,61.52000000000001,113.1,9.53,1,Idukki,Kerala
2015-06-18,13.32,31.229999999999997,61.13,122.79,13.32,1,Idukki,Kerala
2015-06-19,8.55,31.399999999999995,62.150000000000006,128.17000000000002,13.32,1,Idukki,Kerala
2015-06-20,3.34,25.209999999999997,56.92,119.08000000000001,13.32,1,Idukki,Kerala
2015-06-21,6.34,18.229999999999997,58.36,125.08000000000001,8.55,1,Idukki,Kerala
2015-06-22,3.18,12.859999999999996,52.64000000000001,113.44000000000001,6.34,1,Idukki,Kerala
2015-06-23,5.07,14.589999999999996,49.33,108.13,6.34,1,Idukki,Kerala
2015-06-24,3.61,11.859999999999996,43.410000000000004,109.24000000000001,5.07,1,Idukki,Kerala
2015-06-25,9.29,17.969999999999995,39.38,114.22,9.29,1,Idukki,Kerala
2015-06-26,33.39,46.28999999999999,64.22,133.9,33.39,1,Idukki,Kerala
2015-06-27,14.64,57.31999999999999,75.52,141.01,33.39,1,Idukki,Kerala
2015-06-28,11.34,59.36999999999999,80.52000000000001,143.78,33.39,1,Idukki,Kerala
2015-06-29,16.18,42.16,93.52,155.06,16.18,1,Idukki,Kerala
2015-06-30,12.23,39.74999999999999,100.67999999999999,158.39,16.18,1,Idukki,Kerala
2015-07-01,5.36,33.769999999999996,102.42999999999999,155.37,16.18,1,Idukki,Kerala
2015-07-02,1.55,19.139999999999993,94.69,147.39000000000001,12.23,1,Idukki,Kerala
2015-07-03,2.31,9.219999999999994,63.61,136.38000000000002,5.36,1,Idukki,Kerala
2015-07-04,4.98,8.839999999999993,53.95,132.81,4.98,1,Idukki,Kerala
2015-07-05,2.57,9.859999999999994,45.18,132.04,4.98,1,Idukki,Kerala
2015-07-06,0.35,7.899999999999993,29.35,126.05,4.98,1,Idukki,Kerala
2015-07-07,0.71,3.629999999999993,17.830000000000002,123.58,2.57,1,Idukki,Kerala
2015-07-08,3.04,4.0999999999999925,15.510000000000002,121.55,3.04,1,Idukki,Kerala
2015-07-09,4.07,7.819999999999993,18.03,122.00999999999999,4.07,1,Idukki,Kerala
2015-07-10,9.88,16.989999999999995,25.6,122.60000000000001,9.88,1,Idukki,Kerala
2015-07-11,6.64,20.589999999999993,27.26,95.85000000000001,9.88,1,Idukki,Kerala
2015-07-12,0.57,17.089999999999993,25.26,81.78,9.88,1,Idukki,Kerala
2015-07-13,2.06,9.26999999999999,26.970000000000002,72.5,6.64,1,Idukki,Kerala
2015-07-14,6.82,9.449999999999992,33.08,63.14000000000001,6.82,1,Idukki,Kerala
2015-07-15,7.55,16.429999999999993,37.59,58.46,7.55,1,Idukki,Kerala
2015-07-16,5.44,19.80999999999999,38.96,58.540000000000006,7.55,1,Idukki,Kerala
2015-07-17,17.42,30.409999999999993,46.5,74.41,17.42,1,Idukki,Kerala
2015-07-18,13.44,36.29999999999999,53.3,85.53999999999999,17.42,1,Idukki,Kerala
2015-07-19,9.94,40.79999999999999,62.67,90.5,17.42,1,Idukki,Kerala
2015-07-20,11.12,34.499999999999986,71.72999999999999,99.05,13.44,1,Idukki,Kerala
2015-07-21,5.16,26.21999999999999,70.07000000000001,103.86,11.12,1,Idukki,Kerala
2015-07-22,6.67,22.94999999999999,69.19,109.82,11.12,1,Idukki,Kerala
2015-07-23,5.09,16.919999999999987,68.84,111.87,6.67,1,Idukki,Kerala
2015-07-24,1.35,13.109999999999989,52.769999999999996,109.14999999999999,6.67,1,Idukki,Kerala
2015-07-25,1.55,7.9899999999999896,40.88,100.82000000000001,5.09,1,Idukki,Kerala
2015-07-26,1.04,3.9399999999999897,31.98,95.22,1.55,1,Idukki,Kerala
2015-07-27,0.13,2.7199999999999895,20.99,94.77999999999999,1.55,1,Idukki,Kerala
2015-07-28,3.6,4.76999999999999,19.43,96.32000000000001,3.6,1,Idukki,Kerala
2015-07-29,2.69,6.419999999999989,15.45,92.19,3.6,1,Idukki,Kerala
2015-07-30,0.0,6.289999999999989,10.36,84.64,3.6,1,Idukki,Kerala
2015-07-31,0.36,3.049999999999989,9.370000000000001,79.56,2.69,1,Idukki,Kerala
2015-08-01,1.06,1.4199999999999893,8.879999999999999,63.2,1.06,1,Idukki,Kerala
2015-08-02,4.46,5.879999999999989,12.3,54.22,4.46,1,Idukki,Kerala
2015-08-03,5.56,11.079999999999988,17.73,49.839999999999996,5.56,1,Idukki,Kerala
2015-08-04,5.44,15.45999999999999,19.57,44.160000000000004,5.56,1,Idukki,Kerala
2015-08-05,2.92,13.91999999999999,19.8,41.92,5.56,1,Idukki,Kerala
2015-08-06,0.52,8.879999999999988,20.319999999999997,35.769999999999996,5.44,1,Idukki,Kerala
2015-08-07,0.96,4.39999999999999,20.919999999999998,31.64,2.92,1,Idukki,Kerala
2015-08-08,14.8,16.27999999999999,34.66,45.09,14.8,1,Idukki,Kerala
2015-08-09,4.22,19.97999999999999,34.42,47.760000000000005,14.8,1,Idukki,Kerala
2015-08-10,11.8,30.81999999999999,40.66,58.52,14.8,1,Idukki,Kerala
2015-08-11,2.46,18.47999999999999,37.68,60.85,11.8,1,Idukki,Kerala
2015-08-12,4.11,18.36999999999999,38.870000000000005,61.36,11.8,1,Idukki,Kerala
2015-08-13,6.9,13.46999999999999,45.25,65.57000000000001,6.9,1,Idukki,Kerala
2015-08-14,5.63,16.63999999999999,49.919999999999995,71.2,6.9,1,Idukki,Kerala
2015-08-15,1.65,14.179999999999989,36.77,72.49000000000001,6.9,1,Idukki,Kerala
2015-08-16,17.25,24.529999999999987,49.8,88.68,17.25,1,Idukki,Kerala
2015-08-17,5.56,24.459999999999987,43.56,89.78,17.25,1,Idukki,Kerala
2015-08-18,8.56,31.369999999999987,49.660000000000004,92.78,17.25,1,Idukki,Kerala
2015-08-19,3.83,17.94999999999999,49.379999999999995,91.17,8.56,1,Idukki,Kerala
2015-08-20,0.81,13.199999999999989,43.29,89.06,8.56,1,Idukki,Kerala
2015-08-21,9.07,13.709999999999987,46.730000000000004,97.61,9.07,1,Idukki,Kerala
2015-08-22,8.91,18.789999999999985,53.989999999999995,105.56,9.07,1,Idukki,Kerala
2015-08-23,4.13,22.10999999999999,40.87,94.89,9.07,1,Idukki,Kerala
2015-08-24,1.32,14.359999999999985,36.63,91.99000000000001,8.91,1,Idukki,Kerala
2015-08-25,0.58,6.029999999999986,28.650000000000002,80.77,4.13,1,Idukki,Kerala
2015-08-26,0.11,2.009999999999986,24.93,78.42,1.32,1,Idukki,Kerala
2015-08-27,0.36,1.0499999999999856,24.48,74.67,0.58,1,Idukki,Kerala
2015-08-28,0.18,0.6499999999999857,15.59,67.95,0.36,1,Idukki,Kerala
2015-08-29,0.08,0.6199999999999858,6.76,62.4,0.36,1,Idukki,Kerala
2015-08-30,0.0,0.2599999999999858,2.63,60.75,0.18,1,Idukki,Kerala
2015-08-31,0.02,0.0999999999999858,1.3299999999999998,43.52,0.08,1,Idukki,Kerala
2015-09-01,0.72,0.7399999999999858,1.47,38.68,0.72,1,Idukki,Kerala
2015-09-02,6.32,7.059999999999986,7.68,36.44,6.32,1,Idukki,Kerala
2015-09-03,2.23,9.269999999999987,9.55,34.84,6.32,1,Idukki,Kerala
2015-09-04,2.54,11.089999999999986,11.91,36.57,6.32,1,Idukki,Kerala
2015-09-05,11.46,16.229999999999986,23.29,38.96,11.46,1,Idukki,Kerala
2015-09-06,5.97,19.969999999999985,29.26,36.02,11.46,1,Idukki,Kerala
2015-09-07,9.47,26.899999999999988,38.71,41.36,11.46,1,Idukki,Kerala
2015-09-08,4.68,20.119999999999987,42.67,44.72,9.47,1,Idukki,Kerala
2015-09-09,6.11,20.259999999999987,42.46,50.25000000000001,9.47,1,Idukki,Kerala
2015-09-10,11.44,22.229999999999986,51.67,61.580000000000005,11.44,1,Idukki,Kerala
2015-09-11,7.31,24.859999999999985,56.44,68.53,11.44,1,Idukki,Kerala
2015-09-12,3.55,22.299999999999986,48.53,71.9,11.44,1,Idukki,Kerala
2015-09-13,0.44,11.299999999999985,43.0,72.26,7.31,1,Idukki,Kerala
2015-09-14,0.46,4.449999999999986,33.99,72.72,3.55,1,Idukki,Kerala
2015-09-15,4.27,5.169999999999986,33.58,76.97,4.27,1,Idukki,Kerala
2015-09-16,13.95,18.679999999999986,41.42,90.2,13.95,1,Idukki,Kerala
2015-09-17,7.78,25.999999999999986,37.76,91.66,13.95,1,Idukki,Kerala
2015-09-18,5.14,26.869999999999983,35.59,94.57000000000001,13.95,1,Idukki,Kerala
2015-09-19,5.74,18.659999999999986,37.78,97.77,7.78,1,Idukki,Kerala
2015-09-20,10.56,21.439999999999984,47.9,96.87,10.56,1,Idukki,Kerala
2015-09-21,0.66,16.959999999999983,48.099999999999994,91.55999999999999,10.56,1,Idukki,Kerala
2015-09-22,0.43,11.649999999999986,44.260000000000005,82.52,10.56,1,Idukki,Kerala
2015-09-23,0.78,1.869999999999986,31.09,78.62,0.78,1,Idukki,Kerala
2015-09-24,3.14,4.349999999999985,26.450000000000003,75.65,3.14,1,Idukki,Kerala
2015-09-25,6.05,9.969999999999986,27.36,70.26,6.05,1,Idukki,Kerala
2015-09-26,3.75,12.939999999999987,25.369999999999997,66.7,6.05,1,Idukki,Kerala
2015-09-27,28.11,37.90999999999998,42.92,91.25999999999999,28.11,1,Idukki,Kerala
2015-09-28,13.61,45.469999999999985,55.870000000000005,104.43,28.11,1,Idukki,Kerala
2015-09-29,32.29,74.00999999999999,87.72999999999999,136.26,32.29,1,Idukki,Kerala
2015-09-30,4.96,50.859999999999985,91.90999999999998,136.95000000000002,32.29,1,Idukki,Kerala
2015-10-01,4.96,42.20999999999999,93.72999999999999,127.96,32.29,0,Idukki,Kerala
2015-10-02,5.73,15.649999999999986,93.41,125.91,5.73,0,Idukki,Kerala
2015-10-03,5.9,16.58999999999999,95.55999999999999,126.67,5.9,0,Idukki,Kerala
2015-10-04,19.57,31.19999999999999,87.02,140.5,19.57,0,Idukki,Kerala
2015-10-05,19.22,44.68999999999998,92.63,149.16,19.57,0,Idukki,Kerala
2015-10-06,3.66,42.44999999999999,63.99999999999999,152.16,19.57,0,Idukki,Kerala
2015-10-07,2.21,25.08999999999999,61.24999999999999,153.94,19.22,0,Idukki,Kerala
2015-10-08,4.95,10.81999999999999,61.239999999999995,158.10999999999999,4.95,0,Idukki,Kerala
2015-10-09,15.8,22.95999999999999,71.31,170.77,15.8,0,Idukki,Kerala
2015-10-10,7.79,28.53999999999999,73.19999999999999,172.51,15.8,0,Idukki,Kerala
2015-10-11,8.73,32.31999999999999,62.36,177.48999999999998,15.8,0,Idukki,Kerala
2015-10-12,10.73,27.24999999999999,53.87,160.11,10.73,0,Idukki,Kerala
2015-10-13,6.16,25.61999999999999,56.36999999999999,152.66,10.73,0,Idukki,Kerala
2015-10-14,10.56,27.44999999999999,64.72,130.93,10.73,0,Idukki,Kerala
2015-10-15,5.49,22.20999999999999,65.25999999999999,131.46,10.56,0,Idukki,Kerala
2015-10-16,1.29,17.33999999999999,50.74999999999999,127.79,10.56,0,Idukki,Kerala
2015-10-17,1.66,8.439999999999989,44.62,123.72,5.49,0,Idukki,Kerala
2015-10-18,6.69,9.63999999999999,42.58,124.51,6.69,0,Idukki,Kerala
2015-10-19,2.68,11.02999999999999,34.529999999999994,107.62,6.69,0,Idukki,Kerala
2015-10-20,1.41,10.77999999999999,29.779999999999994,89.81,6.69,0,Idukki,Kerala
2015-10-21,0.46,4.549999999999989,19.679999999999993,86.61,2.68,0,Idukki,Kerala
2015-10-22,4.43,6.299999999999988,18.619999999999994,88.83000000000001,4.43,0,Idukki,Kerala
2015-10-23,3.22,8.109999999999989,20.549999999999994,87.10000000000001,4.43,0,Idukki,Kerala
2015-10-24,8.17,15.81999999999999,27.059999999999995,79.47000000000001,8.17,0,Idukki,Kerala
2015-10-25,16.34,27.729999999999986,36.709999999999994,88.02000000000001,16.34,0,Idukki,Kerala
2015-10-26,0.41,24.919999999999987,34.43999999999999,79.7,16.34,0,Idukki,Kerala
2015-10-27,6.57,23.319999999999986,39.59999999999999,75.53999999999999,16.34,0,Idukki,Kerala
2015-10-28,3.73,10.709999999999987,42.86999999999999,73.11,6.57,0,Idukki,Kerala
2015-10-29,0.72,11.019999999999985,39.16,63.27,6.57,0,Idukki,Kerala
2015-10-30,10.69,15.139999999999985,46.62999999999999,68.47,10.69,0,Idukki,Kerala
2015-10-31,20.13,31.539999999999985,58.58999999999999,87.31,20.13,0,Idukki,Kerala
2015-11-01,9.68,40.499999999999986,51.929999999999986,95.33,20.13,0,Idukki,Kerala
2015-11-02,6.04,35.84999999999999,57.55999999999999,94.68,20.13,0,Idukki,Kerala
2015-11-03,7.54,23.259999999999984,58.52999999999998,99.53999999999999,9.68,0,Idukki,Kerala
2015-11-04,18.11,31.689999999999984,72.90999999999998,116.24,18.11,0,Idukki,Kerala
2015-11-05,23.85,49.499999999999986,96.03999999999999,139.63,23.85,0,Idukki,Kerala
2015-11-06,6.25,48.20999999999999,91.6,141.45,23.85,0,Idukki,Kerala
2015-11-07,27.71,57.80999999999999,99.17999999999999,165.94,27.71,0,Idukki,Kerala
2015-11-08,4.47,38.429999999999986,93.96999999999998,162.24,27.71,0,Idukki,Kerala
2015-11-09,5.51,37.68999999999998,93.43999999999998,151.41,27.71,0,Idukki,Kerala
2015-11-10,5.18,15.159999999999986,91.07999999999998,156.18,5.51,0,Idukki,Kerala
2015-11-11,5.99,16.679999999999986,78.96,155.6,5.99,0,Idukki,Kerala
2015-11-12,4.65,15.819999999999986,59.759999999999984,156.52,5.99,0,Idukki,Kerala
2015-11-13,5.46,16.099999999999987,58.969999999999985,161.26,5.99,0,Idukki,Kerala
2015-11-14,1.13,11.239999999999988,32.389999999999986,151.7,5.46,0,Idukki,Kerala
2015-11-15,2.27,8.859999999999985,30.189999999999987,133.84,5.46,0,Idukki,Kerala
2015-11-16,2.61,6.009999999999986,27.289999999999985,126.77,2.61,0,Idukki,Kerala
2015-11-17,13.13,18.009999999999987,35.23999999999999,133.85999999999999,13.13,0,Idukki,Kerala
2015-11-18,16.72,32.45999999999999,45.969999999999985,143.04,16.72,0,Idukki,Kerala
2015-11-19,5.27,35.11999999999999,46.58999999999999,130.2,16.72,0,Idukki,Kerala
2015-11-20,3.92,25.909999999999982,45.04999999999999,110.27000000000001,16.72,0,Idukki,Kerala
2015-11-21,3.49,12.679999999999986,47.40999999999998,107.51,5.27,0,Idukki,Kerala
2015-11-22,14.12,21.529999999999987,59.25999999999999,93.92,14.12,0,Idukki,Kerala
2015-11-23,11.27,28.87999999999998,67.91999999999999,100.72,14.12,0,Idukki,Kerala
2015-11-24,8.04,33.429999999999986,62.829999999999984,103.24999999999999,14.12,0,Idukki,Kerala
2015-11-25,0.02,19.329999999999988,46.12999999999999,98.09,11.27,0,Idukki,Kerala
2015-11-26,0.0,8.059999999999985,40.859999999999985,92.1,8.04,0,Idukki,Kerala
2015-11-27,0.49,0.5099999999999858,37.42999999999999,87.94,0.49,0,Idukki,Kerala
2015-11-28,2.23,2.7199999999999855,36.16999999999999,84.71,2.23,0,Idukki,Kerala
2015-11-29,12.06,14.779999999999987,34.10999999999999,95.64,12.06,0,Idukki,Kerala
2015-11-30,7.29,21.579999999999984,30.12999999999999,100.66,12.06,0,Idukki,Kerala
2015-12-01,0.52,19.869999999999983,22.60999999999999,98.57,12.06,0,Idukki,Kerala
2015-12-02,4.63,12.439999999999985,27.219999999999988,90.07,7.29,0,Idukki,Kerala
2015-12-03,0.68,5.829999999999985,27.899999999999988,74.02999999999999,4.63,0,Idukki,Kerala
2015-12-04,2.64,7.949999999999985,30.04999999999999,71.39999999999999,4.63,0,Idukki,Kerala
2015-12-05,3.63,6.949999999999986,31.44999999999999,71.11,3.63,0,Idukki,Kerala
2015-12-06,3.56,9.829999999999986,22.94999999999999,71.17999999999999,3.63,0,Idukki,Kerala
2015-12-07,11.2,18.389999999999986,26.859999999999985,68.26,11.2,0,Idukki,Kerala
2015-12-08,4.38,19.139999999999986,30.719999999999988,61.37,11.2,0,Idukki,Kerala
2015-12-09,2.95,18.529999999999987,29.03999999999999,56.28,11.2,0,Idukki,Kerala
2015-12-10,4.95,12.279999999999987,33.30999999999999,61.21,4.95,0,Idukki,Kerala
2015-12-11,2.36,10.259999999999986,33.02999999999999,63.57,4.95,0,Idukki,Kerala
2015-12-12,7.15,14.459999999999987,36.54999999999999,70.23,7.15,0,Idukki,Kerala
2015-12-13,5.27,14.779999999999987,38.25999999999999,73.27,7.15,0,Idukki,Kerala
2015-12-14,8.39,20.809999999999988,35.44999999999999,69.6,8.39,0,Idukki,Kerala
2015-12-15,8.29,21.949999999999985,39.359999999999985,70.6,8.39,0,Idukki,Kerala
2015-12-16,2.27,18.949999999999985,38.679999999999986,72.35000000000001,8.39,0,Idukki,Kerala
2015-12-17,0.1,10.659999999999984,33.82999999999999,67.82,8.29,0,Idukki,Kerala
2015-12-18,1.2,3.569999999999986,32.66999999999999,68.34,2.27,0,Idukki,Kerala
2015-12-19,6.68,7.979999999999986,32.19999999999999,72.38,6.68,0,Idukki,Kerala
2015-12-20,2.18,10.059999999999986,29.10999999999999,70.92999999999999,6.68,0,Idukki,Kerala
2015-12-21,0.02,8.879999999999985,20.739999999999988,67.39,6.68,0,Idukki,Kerala
2015-12-22,0.0,2.199999999999987,12.449999999999989,56.190000000000005,2.18,0,Idukki,Kerala
2015-12-23,0.0,0.019999999999986678,10.179999999999989,51.81,0.02,0,Idukki,Kerala
2015-12-24,0.0,0.0,10.07999999999999,48.86,0.0,0,Idukki,Kerala
2015-12-25,0.0,0.0,8.879999999999988,43.910000000000004,0.0,0,Idukki,Kerala
2015-12-26,0.0,0.0,2.1999999999999895,41.550000000000004,0.0,0,Idukki,Kerala
2015-12-27,0.64,0.6399999999999867,0.6599999999999894,35.040000000000006,0.64,0,Idukki,Kerala
2015-12-28,0.2,0.8399999999999868,0.8399999999999894,29.97,0.64,0,Idukki,Kerala
2015-12-29,0.19,1.0299999999999867,1.0299999999999894,21.77,0.64,0,Idukki,Kerala
2015-12-30,0.01,0.3999999999999867,1.0399999999999894,13.49,0.2,0,Idukki,Kerala
2015-12-31,0.0,0.1999999999999867,1.0399999999999894,11.22,0.19,0,Idukki,Kerala
2016-01-01,0.0,0.009999999999986678,1.0399999999999894,11.120000000000001,0.01,0,Idukki,Kerala
2016-01-02,0.0,0.0,1.0399999999999894,9.92,0.0,0,Idukki,Kerala
2016-01-03,0.0,0.0,0.39999999999998936,3.24,0.0,0,Idukki,Kerala
2016-01-04,0.0,0.0,0.19999999999998935,1.06,0.0,0,Idukki,Kerala
2016-01-05,0.0,0.0,0.009999999999989342,1.04,0.0,0,Idukki,Kerala
2016-01-06,0.0,0.0,0.0,1.04,0.0,0,Idukki,Kerala
2016-01-07,0.0,0.0,0.0,1.04,0.0,0,Idukki,Kerala
2016-01-08,0.0,0.0,0.0,1.04,0.0,0,Idukki,Kerala
2016-01-09,0.0,0.0,0.0,1.04,0.0,0,Idukki,Kerala
2016-01-10,0.0,0.0,0.0,1.04,0.0,0,Idukki,Kerala
2016-01-11,0.0,0.0,0.0,0.4,0.0,0,Idukki,Kerala
2016-01-12,0.0,0.0,0.0,0.2,0.0,0,Idukki,Kerala
2016-01-13,0.0,0.0,0.0,0.01,0.0,0,Idukki,Kerala
2016-01-14,0.0,0.0,0.0,0.0,0.0,0,Idukki,Kerala
2016-01-15,0.0,0.0,0.0,0.0,0.0,0,Idukki,Kerala
2016-01-16,0.0,0.0,0.0,0.0,0.0,0,Idukki,Kerala
2016-01-17,0.0,0.0,0.0,0.0,0.0,0,Idukki,Kerala
2016-01-18,0.0,0.0,0.0,0.0,0.0,0,Idukki,Kerala
2016-01-19,0.0,0.0,0.0,0.0,0.0,0,Idukki,Kerala
2016-01-20,0.34,0.3399999999999867,0.33999999999998937,0.34,0.34,0,Idukki,Kerala
2016-01-21,0.48,0.8199999999999867,0.8199999999999894,0.8200000000000001,0.48,0,Idukki,Kerala
2016-01-22,0.06,0.8799999999999867,0.8799999999999893,0.88,0.48,0,Idukki,Kerala
2016-01-23,0.01,0.5499999999999867,0.8899999999999894,0.89,0.48,0,Idukki,Kerala
2016-01-24,0.0,0.06999999999998667,0.8899999999999894,0.89,0.06,0,Idukki,Kerala
2016-01-25,0.0,0.009999999999986678,0.8899999999999894,0.89,0.01,0,Idukki,Kerala
2016-01-26,0.14,0.1399999999999867,1.0299999999999894,1.03,0.14,0,Idukki,Kerala
2016-01-27,0.2,0.3399999999999867,0.8899999999999892,1.23,0.2,0,Idukki,Kerala
2016-01-28,0.0,0.3399999999999867,0.4099999999999894,1.23,0.2,0,Idukki,Kerala
2016-01-29,0.0,0.1999999999999867,0.3499999999999894,1.23,0.2,0,Idukki,Kerala
2016-01-30,0.0,0.0,0.33999999999998937,1.23,0.0,0,Idukki,Kerala
2016-01-31,0.0,0.0,0.33999999999998937,1.23,0.0,0,Idukki,Kerala
2016-02-01,0.0,0.0,0.33999999999998937,1.23,0.0,0,Idukki,Kerala
2016-02-02,0.0,0.0,0.19999999999998935,1.23,0.0,0,Idukki,Kerala
2016-02-03,0.0,0.0,0.0,1.23,0.0,0,Idukki,Kerala
2016-02-04,0.0,0.0,0.0,0.8899999999999999,0.0,0,Idukki,Kerala
2016-02-05,0.0,0.0,0.0,0.41000000000000003,0.0,0,Idukki,Kerala
2016-02-06,0.0,0.0,0.0,0.35000000000000003,0.0,0,Idukki,Kerala
2016-02-07,2.38,2.3799999999999866,2.3799999999999892,2.7199999999999998,2.38,0,Idukki,Kerala
2016-02-08,2.59,4.969999999999986,4.969999999999989,5.31,2.59,0,Idukki,Kerala
2016-02-09,1.16,6.129999999999987,6.129999999999989,6.47,2.59,0,Idukki,Kerala
2016-02-10,3.64,7.389999999999986,9.769999999999989,9.969999999999999,3.64,0,Idukki,Kerala
2016-02-11,5.27,10.069999999999986,15.039999999999988,15.04,5.27,0,Idukki,Kerala
2016-02-12,0.0,8.909999999999986,15.039999999999988,15.04,5.27,0,Idukki,Kerala
2016-02-13,0.0,5.269999999999986,15.039999999999988,15.04,5.27,0,Idukki,Kerala
2016-02-14,0.0,0.0,12.65999999999999,15.04,0.0,0,Idukki,Kerala
2016-02-15,0.0,0.0,10.06999999999999,15.04,0.0,0,Idukki,Kerala
2016-02-16,0.0,0.0,8.90999999999999,15.04,0.0,0,Idukki,Kerala
2016-02-17,0.0,0.0,5.269999999999989,15.04,0.0,0,Idukki,Kerala
2016-02-18,0.0,0.0,0.0,15.04,0.0,0,Idukki,Kerala
2016-02-19,0.0,0.0,0.0,15.04,0.0,0,Idukki,Kerala
2016-02-20,2.79,2.7899999999999867,2.7899999999999894,17.83,2.79,0,Idukki,Kerala
2016-02-21,3.17,5.959999999999987,5.959999999999989,21.0,3.17,0,Idukki,Kerala
2016-02-22,0.39,6.349999999999986,6.349999999999989,19.009999999999998,3.17,0,Idukki,Kerala
2016-02-23,0.0,3.5599999999999867,6.349999999999989,16.419999999999998,3.17,0,Idukki,Kerala
2016-02-24,0.04,0.42999999999998667,6.389999999999989,15.299999999999999,0.39,0,Idukki,Kerala
2016-02-25,1.18,1.2199999999999867,7.56999999999999,12.84,1.18,0,Idukki,Kerala
2016-02-26,1.11,2.3299999999999867,8.679999999999989,8.68,1.18,0,Idukki,Kerala
2016-02-27,0.48,2.7699999999999867,6.3699999999999894,9.16,1.18,0,Idukki,Kerala
2016-02-28,6.09,7.679999999999986,9.289999999999988,15.25,6.09,0,Idukki,Kerala
2016-02-29,1.2,7.769999999999986,10.099999999999989,16.45,6.09,0,Idukki,Kerala
2016-03-01,0.0,7.289999999999987,10.099999999999989,16.45,6.09,0,Idukki,Kerala
2016-03-02,0.0,1.1999999999999866,10.05999999999999,16.45,1.2,0,Idukki,Kerala
2016-03-03,0.0,0.0,8.87999999999999,16.45,0.0,0,Idukki,Kerala
2016-03-04,0.0,0.0,7.76999999999999,16.45,0.0,0,Idukki,Kerala
2016-03-05,0.0,0.0,7.289999999999989,16.45,0.0,0,Idukki,Kerala
2016-03-06,0.01,0.009999999999986678,1.2099999999999893,13.67,0.01,0,Idukki,Kerala
2016-03-07,0.04,0.04999999999998668,0.049999999999989345,10.540000000000001,0.04,0,Idukki,Kerala
2016-03-08,0.0,0.04999999999998668,0.049999999999989345,10.15,0.04,0,Idukki,Kerala
2016-03-09,0.0,0.03999999999998668,0.049999999999989345,10.15,0.04,0,Idukki,Kerala
2016-03-10,0.02,0.019999999999986678,0.06999999999998935,10.129999999999999,0.02,0,Idukki,Kerala
2016-03-11,0.58,0.5999999999999867,0.6499999999999893,9.53,0.58,0,Idukki,Kerala
2016-03-12,2.67,3.2699999999999867,3.319999999999989,11.09,2.67,0,Idukki,Kerala
2016-03-13,2.93,6.179999999999987,6.2399999999999896,13.54,2.93,0,Idukki,Kerala
2016-03-14,0.33,5.929999999999986,6.52999999999999,7.779999999999999,2.93,0,Idukki,Kerala
2016-03-15,1.9,5.159999999999987,8.429999999999989,8.48,2.93,0,Idukki,Kerala
2016-03-16,1.01,3.239999999999987,9.439999999999989,9.49,1.9,0,Idukki,Kerala
2016-03-17,0.39,3.2999999999999865,9.80999999999999,9.879999999999999,1.9,0,Idukki,Kerala
2016-03-18,0.0,1.3999999999999866,9.22999999999999,9.879999999999999,1.01,0,Idukki,Kerala
2016-03-19,0.0,0.3899999999999867,6.55999999999999,9.879999999999999,0.39,0,Idukki,Kerala
2016-03-20,0.0,0.0,3.6299999999999892,9.879999999999999,0.0,0,Idukki,Kerala
2016-03-21,0.0,0.0,3.299999999999989,9.87,0.0,0,Idukki,Kerala
2016-03-22,6.19,6.189999999999987,7.589999999999989,16.020000000000003,6.19,0,Idukki,Kerala
2016-03-23,4.69,10.879999999999988,11.26999999999999,20.71,6.19,0,Idukki,Kerala
2016-03-24,1.16,12.039999999999987,12.03999999999999,21.87,6.19,0,Idukki,Kerala
2016-03-25,1.39,7.239999999999987,13.429999999999989,23.240000000000002,4.69,0,Idukki,Kerala
2016-03-26,0.16,2.7099999999999866,13.58999999999999,22.82,1.39,0,Idukki,Kerala
2016-03-27,0.02,1.5699999999999865,13.60999999999999,20.17,1.39,0,Idukki,Kerala
2016-03-28,1.16,1.3399999999999865,14.769999999999989,18.400000000000002,1.16,0,Idukki,Kerala
2016-03-29,5.24,6.419999999999987,13.81999999999999,23.310000000000002,5.24,0,Idukki,Kerala
2016-03-30,2.31,8.709999999999987,11.439999999999989,23.720000000000002,5.24,0,Idukki,Kerala
2016-03-31,0.47,8.019999999999987,10.74999999999999,23.18,5.24,0,Idukki,Kerala
2016-04-01,0.79,3.569999999999987,10.149999999999988,23.58,2.31,0,Idukki,Kerala
2016-04-02,0.0,1.2599999999999867,9.98999999999999,23.58,0.79,0,Idukki,Kerala
2016-04-03,0.13,0.9199999999999867,10.099999999999989,23.71,0.79,0,Idukki,Kerala
2016-04-04,0.09,0.21999999999998668,9.02999999999999,23.8,0.13,0,Idukki,Kerala
2016-04-05,0.02,0.23999999999998667,3.8099999999999894,23.82,0.13,0,Idukki,Kerala
2016-04-06,0.02,0.12999999999998668,1.5199999999999894,17.650000000000002,0.09,0,Idukki,Kerala
2016-04-07,2.09,2.1299999999999866,3.139999999999989,15.05,2.09,0,Idukki,Kerala
2016-04-08,9.17,11.279999999999987,11.519999999999989,23.060000000000002,9.17,0,Idukki,Kerala
2016-04-09,18.33,29.589999999999986,29.849999999999987,40.0,18.33,0,Idukki,Kerala
2016-04-10,7.76,35.259999999999984,37.47999999999999,47.6,18.33,0,Idukki,Kerala
2016-04-11,0.27,26.359999999999985,37.65999999999998,47.85,18.33,0,Idukki,Kerala
2016-04-12,0.01,8.039999999999985,37.64999999999999,46.699999999999996,7.76,0,Idukki,Kerala
2016-04-13,0.01,0.2899999999999858,37.639999999999986,41.47,0.27,0,Idukki,Kerala
2016-04-14,2.99,3.009999999999986,38.53999999999999,42.15,2.99,0,Idukki,Kerala
2016-04-15,2.44,5.439999999999986,31.809999999999988,44.12,2.99,0,Idukki,Kerala
2016-04-16,0.74,6.169999999999987,14.21999999999999,44.07,2.99,0,Idukki,Kerala
2016-04-17,0.05,3.2299999999999858,6.509999999999989,44.120000000000005,2.44,0,Idukki,Kerala
2016-04-18,0.4,1.1899999999999857,6.63999999999999,44.39,0.74,0,Idukki,Kerala
2016-04-19,1.26,1.7099999999999858,7.889999999999989,45.56,1.26,0,Idukki,Kerala
2016-04-20,1.84,3.499999999999986,9.71999999999999,47.38,1.84,0,Idukki,Kerala
2016-04-21,1.73,4.829999999999986,8.45999999999999,49.09,1.84,0,Idukki,Kerala
2016-04-22,0.79,4.359999999999986,6.80999999999999,47.79,1.84,0,Idukki,Kerala
2016-04-23,0.32,2.8399999999999856,6.38999999999999,38.94,1.73,0,Idukki,Kerala
2016-04-24,0.25,1.3599999999999859,6.58999999999999,20.86,0.79,0,Idukki,Kerala
2016-04-25,0.28,0.8499999999999859,6.469999999999989,13.38,0.32,0,Idukki,Kerala
2016-04-26,0.08,0.6099999999999858,5.289999999999989,13.190000000000001,0.28,0,Idukki,Kerala
2016-04-27,0.01,0.36999999999998584,3.4599999999999893,13.190000000000001,0.28,0,Idukki,Kerala
2016-04-28,1.64,1.7299999999999858,3.3699999999999894,14.82,1.64,0,Idukki,Kerala
2016-04-29,0.81,2.4599999999999858,3.389999999999989,12.639999999999999,1.64,0,Idukki,Kerala
2016-04-30,0.77,3.219999999999986,3.839999999999989,10.969999999999999,1.64,0,Idukki,Kerala
2016-05-01,0.85,2.429999999999986,4.43999999999999,11.08,0.85,0,Idukki,Kerala
2016-05-02,0.3,1.9199999999999857,4.459999999999989,11.33,0.85,0,Idukki,Kerala
2016-05-03,0.0,1.1499999999999857,4.379999999999989,10.93,0.85,0,Idukki,Kerala
2016-05-04,0.78,1.0799999999999859,5.14999999999999,10.45,0.78,0,Idukki,Kerala
2016-05-05,1.86,2.6399999999999855,5.3699999999999894,10.47,1.86,0,Idukki,Kerala
2016-05-06,9.36,11.999999999999986,13.919999999999987,18.1,9.36,0,Idukki,Kerala
2016-05-07,6.04,17.259999999999987,19.189999999999987,23.35,9.36,0,Idukki,Kerala
2016-05-08,4.9,20.299999999999986,23.239999999999988,27.93,9.36,0,Idukki,Kerala
2016-05-09,1.14,12.079999999999986,24.07999999999999,28.82,6.04,0,Idukki,Kerala
2016-05-10,4.56,10.599999999999985,28.63999999999999,33.1,4.9,0,Idukki,Kerala
2016-05-11,11.77,17.469999999999985,39.62999999999999,44.79,11.77,0,Idukki,Kerala
2016-05-12,2.68,19.009999999999984,40.44999999999999,47.46,11.77,0,Idukki,Kerala
2016-05-13,1.48,15.929999999999986,32.56999999999999,47.3,11.77,0,Idukki,Kerala
2016-05-14,4.91,9.069999999999986,31.439999999999987,51.4,4.91,0,Idukki,Kerala
2016-05-15,8.08,14.469999999999986,34.61999999999999,58.709999999999994,8.08,0,Idukki,Kerala
2016-05-16,13.91,26.899999999999984,47.389999999999986,71.77,13.91,0,Idukki,Kerala
2016-05-17,28.05,50.03999999999999,70.88,99.52000000000001,28.05,0,Idukki,Kerala
2016-05-18,5.71,47.66999999999999,64.82,105.23,28.05,0,Idukki,Kerala
2016-05-19,9.51,43.26999999999998,71.64999999999999,113.96000000000001,28.05,0,Idukki,Kerala
2016-05-20,3.77,18.989999999999988,73.93999999999998,115.87,9.51,0,Idukki,Kerala
2016-05-21,0.01,13.289999999999987,69.03999999999999,106.52,9.51,0,Idukki,Kerala
2016-05-22,0.57,4.349999999999989,61.529999999999994,101.05,3.77,0,Idukki,Kerala
2016-05-23,0.42,0.9999999999999893,48.03999999999999,96.57,0.57,0,Idukki,Kerala
2016-05-24,1.49,2.4799999999999893,21.479999999999993,96.91999999999999,1.49,0,Idukki,Kerala
2016-05-25,9.39,11.29999999999999,25.15999999999999,101.75,9.39,0,Idukki,Kerala
2016-05-26,5.71,16.58999999999999,21.359999999999992,95.69,9.39,0,Idukki,Kerala
2016-05-27,7.86,22.95999999999999,25.449999999999996,100.87,9.39,0,Idukki,Kerala
2016-05-28,18.75,32.31999999999999,44.19,118.13999999999999,18.75,0,Idukki,Kerala
2016-05-29,2.23,28.83999999999999,45.849999999999994,115.46,18.75,0,Idukki,Kerala
2016-05-30,16.32,37.29999999999999,61.74999999999999,123.7,18.75,0,Idukki,Kerala
2016-05-31,8.44,26.989999999999988,68.7,118.23,16.32,0,Idukki,Kerala
2016-06-01,9.89,34.64999999999999,69.2,100.07000000000001,16.32,1,Idukki,Kerala
2016-06-02,12.42,30.74999999999999,75.91,106.78,12.42,1,Idukki,Kerala
2016-06-03,9.52,31.829999999999988,77.57,106.79,12.42,1,Idukki,Kerala
2016-06-04,3.17,25.109999999999992,61.989999999999995,106.19,12.42,1,Idukki,Kerala
2016-06-05,9.43,22.11999999999999,69.19,115.61,9.52,1,Idukki,Kerala
2016-06-06,7.96,20.559999999999988,60.82999999999999,123.0,9.43,1,Idukki,Kerala
2016-06-07,25.39,42.77999999999999,77.78,147.97,25.39,1,Idukki,Kerala
2016-06-08,33.61,66.95999999999998,101.5,180.08999999999997,33.61,1,Idukki,Kerala
2016-06-09,16.98,75.97999999999999,106.05999999999999,187.68,33.61,1,Idukki,Kerala
2016-06-10,11.91,62.499999999999986,108.44999999999999,193.88,33.61,1,Idukki,Kerala
2016-06-11,26.4,55.289999999999985,131.68,212.42000000000002,26.4,1,Idukki,Kerala
2016-06-12,4.14,42.44999999999999,126.39,197.81,26.4,1,Idukki,Kerala
2016-06-13,4.11,34.649999999999984,122.53999999999999,199.69,26.4,1,Idukki,Kerala
2016-06-14,0.99,9.239999999999986,98.13999999999999,184.35999999999999,4.14,1,Idukki,Kerala
2016-06-15,1.75,6.849999999999986,66.27999999999999,177.67,4.11,1,Idukki,Kerala
2016-06-16,4.99,7.729999999999986,54.28999999999999,172.77,4.99,1,Idukki,Kerala
2016-06-17,11.58,18.319999999999986,53.959999999999994,171.93,11.58,1,Idukki,Kerala
2016-06-18,9.84,26.409999999999986,37.39999999999999,172.25000000000003,11.58,1,Idukki,Kerala
2016-06-19,7.3,28.719999999999988,40.559999999999995,176.38,11.58,1,Idukki,Kerala
2016-06-20,5.21,22.349999999999987,41.66,172.16,9.84,1,Idukki,Kerala
2016-06-21,6.08,18.589999999999986,46.74999999999999,170.28,7.3,1,Idukki,Kerala
2016-06-22,6.75,18.039999999999985,51.74999999999999,151.64,6.75,1,Idukki,Kerala
2016-06-23,5.31,18.139999999999986,52.069999999999986,123.34,6.75,1,Idukki,Kerala
2016-06-24,0.99,13.049999999999985,41.47999999999999,107.35,6.75,1,Idukki,Kerala
2016-06-25,0.42,6.7199999999999855,32.059999999999995,95.86,5.31,1,Idukki,Kerala
2016-06-26,4.67,6.079999999999986,29.429999999999993,74.13000000000001,4.67,1,Idukki,Kerala
2016-06-27,13.08,18.169999999999987,37.3,83.07000000000001,13.08,1,Idukki,Kerala
2016-06-28,14.9,32.64999999999999,46.12,93.86000000000001,14.9,1,Idukki,Kerala
2016-06-29,12.6,40.579999999999984,51.97,105.47,14.9,1,Idukki,Kerala
2016-06-30,3.14,30.639999999999986,49.79999999999999,106.86,14.9,1,Idukki,Kerala
2016-07-01,1.41,17.149999999999984,50.21999999999999,103.28,12.6,1,Idukki,Kerala
2016-07-02,1.82,6.369999999999986,51.62,93.52000000000001,3.14,1,Idukki,Kerala
2016-07-03,6.45,9.679999999999986,53.39999999999999,90.13,6.45,1,Idukki,Kerala
2016-07-04,12.49,20.759999999999987,52.809999999999995,95.32000000000001,12.49,1,Idukki,Kerala
2016-07-05,6.66,25.599999999999987,44.56999999999999,96.77,12.49,1,Idukki,Kerala
2016-07-06,18.31,37.45999999999999,50.27999999999999,109.0,18.31,1,Idukki,Kerala
2016-07-07,2.39,27.359999999999985,49.52999999999999,104.64,18.31,1,Idukki,Kerala
2016-07-08,9.72,30.419999999999987,57.839999999999996,109.05,18.31,1,Idukki,Kerala
2016-07-09,18.66,30.76999999999999,74.67999999999999,126.72,18.66,1,Idukki,Kerala
2016-07-10,7.68,36.05999999999999,75.91,133.98000000000002,18.66,1,Idukki,Kerala
2016-07-11,13.39,39.72999999999999,76.80999999999999,142.70000000000002,18.66,1,Idukki,Kerala
2016-07-12,13.02,34.08999999999999,83.16999999999999,142.64000000000001,13.39,1,Idukki,Kerala
2016-07-13,4.75,31.159999999999986,69.60999999999999,132.49,13.39,1,Idukki,Kerala
2016-07-14,11.87,29.639999999999986,79.08999999999999,131.76,13.02,1,Idukki,Kerala
2016-07-15,9.54,26.159999999999982,78.90999999999998,138.16000000000003,11.87,1,Idukki,Kerala
2016-07-16,21.29,42.69999999999998,81.53999999999999,158.04,21.29,1,Idukki,Kerala
2016-07-17,6.54,37.36999999999998,80.39999999999998,162.76,21.29,1,Idukki,Kerala
2016-07-18,9.22,37.04999999999998,76.22999999999999,165.53,21.29,1,Idukki,Kerala
2016-07-19,1.29,17.049999999999986,64.49999999999999,154.33,9.22,1,Idukki,Kerala
2016-07-20,2.29,12.799999999999988,62.039999999999985,149.96,9.22,1,Idukki,Kerala
2016-07-21,3.54,7.119999999999986,53.70999999999999,135.19,3.54,1,Idukki,Kerala
2016-07-22,5.42,11.249999999999986,49.58999999999999,138.22000000000003,5.42,1,Idukki,Kerala
2016-07-23,12.49,21.44999999999999,40.78999999999999,140.98999999999998,12.49,1,Idukki,Kerala
2016-07-24,17.07,34.97999999999999,51.31999999999999,139.4,17.07,1,Idukki,Kerala
2016-07-25,29.44,58.999999999999986,71.53999999999999,161.16000000000003,29.44,1,Idukki,Kerala
2016-07-26,21.03,67.53999999999999,91.27999999999999,168.8,29.44,1,Idukki,Kerala
2016-07-27,23.52,73.98999999999998,112.50999999999999,179.29999999999998,29.44,1,Idukki,Kerala
2016-07-28,8.94,53.48999999999999,117.90999999999998,183.48999999999998,23.52,1,Idukki,Kerala
2016-07-29,1.75,34.20999999999998,114.23999999999998,173.37,23.52,1,Idukki,Kerala
2016-07-30,6.74,17.429999999999986,108.49,170.57,8.94,1,Idukki,Kerala
2016-07-31,3.15,11.639999999999986,94.56999999999998,152.43,6.74,1,Idukki,Kerala
2016-08-01,2.9,12.789999999999985,68.02999999999999,148.79000000000002,6.74,1,Idukki,Kerala
2016-08-02,0.7,6.749999999999986,47.69999999999998,140.27,3.15,1,Idukki,Kerala
2016-08-03,2.18,5.779999999999985,26.359999999999985,141.16,2.9,1,Idukki,Kerala
2016-08-04,5.57,8.449999999999985,22.989999999999988,144.44,5.57,1,Idukki,Kerala
2016-08-05,4.79,12.539999999999985,26.029999999999987,145.69,5.57,1,Idukki,Kerala
2016-08-06,4.36,14.719999999999985,23.649999999999984,144.63,5.57,1,Idukki,Kerala
2016-08-07,3.03,12.179999999999986,23.529999999999987,135.17000000000002,4.79,1,Idukki,Kerala
2016-08-08,3.58,10.969999999999985,24.209999999999987,121.68,4.36,1,Idukki,Kerala
2016-08-09,3.52,10.129999999999985,27.029999999999987,95.76,3.58,1,Idukki,Kerala
2016-08-10,2.01,9.109999999999985,26.859999999999985,76.74,3.58,1,Idukki,Kerala
2016-08-11,1.79,7.319999999999985,23.079999999999984,55.01,3.52,1,Idukki,Kerala
2016-08-12,1.53,5.329999999999985,19.819999999999986,47.6,2.01,1,Idukki,Kerala
2016-08-13,1.85,5.169999999999985,17.309999999999985,47.699999999999996,1.85,1,Idukki,Kerala
2016-08-14,3.52,6.899999999999985,17.799999999999986,44.48,3.52,1,Idukki,Kerala
2016-08-15,3.99,9.359999999999985,18.209999999999987,45.32,3.99,1,Idukki,Kerala
2016-08-16,3.23,10.739999999999986,17.919999999999987,45.65,3.99,1,Idukki,Kerala
2016-08-17,2.97,10.189999999999985,18.879999999999985,47.92,3.99,1,Idukki,Kerala
2016-08-18,3.23,9.429999999999986,20.319999999999986,48.97,3.23,1,Idukki,Kerala
2016-08-19,3.26,9.459999999999985,22.049999999999986,46.660000000000004,3.26,1,Idukki,Kerala
2016-08-20,3.0,9.489999999999984,23.19999999999999,44.87,3.26,1,Idukki,Kerala
2016-08-21,2.72,8.979999999999984,22.399999999999984,43.23,3.26,1,Idukki,Kerala
2016-08-22,1.83,7.549999999999985,20.239999999999988,42.03,3.0,1,Idukki,Kerala
2016-08-23,3.54,8.089999999999986,20.549999999999986,41.99,3.54,1,Idukki,Kerala
2016-08-24,5.08,10.449999999999985,22.659999999999986,43.550000000000004,5.08,1,Idukki,Kerala
2016-08-25,7.14,15.759999999999984,26.569999999999986,48.68,7.14,1,Idukki,Kerala
2016-08-26,4.85,17.069999999999986,28.159999999999982,51.739999999999995,7.14,1,Idukki,Kerala
2016-08-27,17.67,29.659999999999986,42.829999999999984,67.88,17.67,1,Idukki,Kerala
2016-08-28,9.04,31.559999999999988,49.149999999999984,75.07000000000001,17.67,1,Idukki,Kerala
2016-08-29,3.77,30.479999999999986,51.08999999999999,75.32000000000001,17.67,1,Idukki,Kerala
2016-08-30,16.81,29.619999999999983,64.35999999999999,88.14,16.81,1,Idukki,Kerala
2016-08-31,10.55,31.129999999999985,69.82999999999998,95.46,16.81,1,Idukki,Kerala
2016-09-01,6.91,34.26999999999998,69.59999999999998,99.39999999999999,16.81,1,Idukki,Kerala
2016-09-02,1.36,18.819999999999986,66.10999999999999,97.53,10.55,1,Idukki,Kerala
2016-09-03,1.12,9.389999999999986,49.55999999999998,95.39,6.91,1,Idukki,Kerala
2016-09-04,0.18,2.659999999999986,40.69999999999999,92.57000000000001,1.36,1,Idukki,Kerala
2016-09-05,0.01,1.3099999999999858,36.93999999999998,89.86,1.12,1,Idukki,Kerala
2016-09-06,0.0,0.1899999999999858,20.12999999999999,88.03,0.18,1,Idukki,Kerala
2016-09-07,0.0,0.00999999999998579,9.579999999999986,84.49,0.01,1,Idukki,Kerala
2016-09-08,0.0,0.0,2.669999999999986,79.41,0.0,1,Idukki,Kerala
2016-09-09,0.37,0.3699999999999858,1.679999999999986,72.64,0.37,1,Idukki,Kerala
2016-09-10,4.59,4.959999999999986,5.149999999999986,72.38000000000001,4.59,1,Idukki,Kerala
2016-09-11,0.84,5.799999999999986,5.809999999999986,55.550000000000004,4.59,1,Idukki,Kerala
2016-09-12,0.31,5.739999999999986,6.109999999999986,46.82,4.59,1,Idukki,Kerala
2016-09-13,0.83,1.9799999999999858,6.939999999999985,43.88,0.84,1,Idukki,Kerala
2016-09-14,1.94,3.079999999999986,8.879999999999985,29.01,1.94,1,Idukki,Kerala
2016-09-15,1.49,4.259999999999986,10.369999999999985,19.95,1.94,1,Idukki,Kerala
2016-09-16,1.62,5.049999999999986,11.619999999999987,14.66,1.94,1,Idukki,Kerala
2016-09-17,0.77,3.8799999999999857,7.7999999999999865,14.07,1.62,1,Idukki,Kerala
2016-09-18,1.48,3.869999999999986,8.439999999999987,14.43,1.62,1,Idukki,Kerala
2016-09-19,0.73,2.9799999999999853,8.859999999999987,14.98,1.48,1,Idukki,Kerala
2016-09-20,1.19,3.399999999999986,9.219999999999986,16.16,1.48,1,Idukki,Kerala
2016-09-21,1.83,3.749999999999986,9.109999999999987,17.99,1.83,1,Idukki,Kerala
2016-09-22,0.68,3.699999999999986,8.299999999999986,18.67,1.83,1,Idukki,Kerala
2016-09-23,0.63,3.139999999999986,7.309999999999986,19.3,1.83,1,Idukki,Kerala
2016-09-24,1.13,2.4399999999999857,7.669999999999987,20.06,1.13,1,Idukki,Kerala
2016-09-25,0.73,2.4899999999999856,6.919999999999987,16.2,1.13,1,Idukki,Kerala
2016-09-26,1.57,3.4299999999999855,7.759999999999987,16.93,1.57,1,Idukki,Kerala
2016-09-27,1.44,3.739999999999986,8.009999999999987,18.060000000000002,1.57,1,Idukki,Kerala
2016-09-28,4.23,7.239999999999986,10.409999999999986,21.46,4.23,1,Idukki,Kerala
2016-09-29,4.7,10.369999999999987,14.429999999999987,24.220000000000002,4.7,1,Idukki,Kerala
2016-09-30,1.35,10.279999999999987,15.149999999999986,24.08,4.7,1,Idukki,Kerala
2016-10-01,0.05,6.099999999999986,14.069999999999988,22.51,4.7,0,Idukki,Kerala
2016-10-02,0.0,1.399999999999986,13.339999999999987,21.74,1.35,0,Idukki,Kerala
2016-10-03,0.0,0.04999999999998579,11.769999999999987,20.26,0.05,0,Idukki,Kerala
2016-10-04,0.0,0.0,10.329999999999988,19.53,0.0,0,Idukki,Kerala
2016-10-05,1.52,1.5199999999999858,7.619999999999987,19.86,1.52,0,Idukki,Kerala
2016-10-06,0.72,2.239999999999986,3.639999999999987,18.750000000000004,1.52,0,Idukki,Kerala
2016-10-07,0.0,2.239999999999986,2.2899999999999867,18.07,1.52,0,Idukki,Kerala
2016-10-08,0.0,0.7199999999999858,2.239999999999987,17.44,0.72,0,Idukki,Kerala
2016-10-09,0.0,0.0,2.239999999999987,16.310000000000002,0.0,0,Idukki,Kerala
2016-10-10,0.07,0.0699999999999858,2.3099999999999867,15.65,0.07,0,Idukki,Kerala
2016-10-11,0.05,0.1199999999999858,2.359999999999987,14.13,0.07,0,Idukki,Kerala
2016-10-12,0.2,0.3199999999999858,1.0399999999999867,12.89,0.2,0,Idukki,Kerala
2016-10-13,32.33,32.579999999999984,32.649999999999984,40.989999999999995,32.33,0,Idukki,Kerala
2016-10-14,3.56,36.08999999999999,36.20999999999999,39.849999999999994,32.33,0,Idukki,Kerala
2016-10-15,12.75,48.639999999999986,48.95999999999999,51.25,32.33,0,Idukki,Kerala
2016-10-16,8.25,24.559999999999988,57.20999999999999,59.449999999999996,12.75,0,Idukki,Kerala
2016-10-17,2.27,23.26999999999999,59.40999999999998,61.71999999999999,12.75,0,Idukki,Kerala
2016-10-18,0.08,10.599999999999985,59.43999999999999,61.8,8.25,0,Idukki,Kerala
2016-10-19,0.58,2.9299999999999855,59.819999999999986,62.379999999999995,2.27,0,Idukki,Kerala
2016-10-20,3.75,4.409999999999986,31.239999999999988,64.61,3.75,0,Idukki,Kerala
2016-10-21,17.5,21.829999999999984,45.17999999999999,81.38999999999999,17.5,0,Idukki,Kerala
2016-10-22,3.71,24.959999999999987,36.139999999999986,85.1,17.5,0,Idukki,Kerala
2016-10-23,2.11,23.319999999999986,29.99999999999999,87.21,17.5,0,Idukki,Kerala
2016-10-24,0.24,6.059999999999985,27.969999999999985,87.44999999999999,3.71,0,Idukki,Kerala
2016-10-25,1.56,3.909999999999986,29.44999999999999,88.94,2.11,0,Idukki,Kerala
2016-10-26,9.32,11.119999999999987,38.18999999999998,98.21000000000001,9.32,0,Idukki,Kerala
2016-10-27,2.55,13.429999999999986,36.98999999999999,100.56,9.32,0,Idukki,Kerala
2016-10-28,0.0,11.869999999999987,19.489999999999984,68.22999999999999,9.32,0,Idukki,Kerala
2016-10-29,0.17,2.7199999999999855,15.949999999999985,64.84,2.55,0,Idukki,Kerala
2016-10-30,14.81,14.979999999999986,28.649999999999984,66.89999999999999,14.81,0,Idukki,Kerala
2016-10-31,18.64,33.61999999999999,47.04999999999998,77.28999999999999,18.64,0,Idukki,Kerala
2016-11-01,19.19,52.639999999999986,64.67999999999998,94.21,19.19,0,Idukki,Kerala
2016-11-02,17.87,55.69999999999999,73.22999999999999,112.0,19.19,0,Idukki,Kerala
2016-11-03,13.03,50.08999999999998,83.71,124.45,19.19,0,Idukki,Kerala
2016-11-04,10.32,41.219999999999985,94.02999999999999,131.02,17.87,0,Idukki,Kerala
2016-11-05,2.15,25.499999999999986,96.00999999999999,115.67,13.03,0,Idukki,Kerala
2016-11-06,0.04,12.509999999999986,81.23999999999998,112.0,10.32,0,Idukki,Kerala
2016-11-07,0.0,2.1899999999999857,62.59999999999999,109.89,2.15,0,Idukki,Kerala
2016-11-08,1.07,1.1099999999999859,44.47999999999998,110.72,1.07,0,Idukki,Kerala
2016-11-09,2.04,3.109999999999986,28.64999999999998,111.2,2.04,0,Idukki,Kerala
2016-11-10,0.01,3.119999999999986,15.629999999999983,101.88999999999999,2.04,0,Idukki,Kerala
2016-11-11,1.86,3.909999999999986,7.169999999999982,101.19999999999999,2.04,0,Idukki,Kerala
2016-11-12,2.85,4.719999999999986,7.8699999999999815,104.05,2.85,0,Idukki,Kerala
2016-11-13,2.63,7.339999999999986,10.459999999999983,106.50999999999999,2.85,0,Idukki,Kerala
2016-11-14,4.09,9.569999999999986,14.549999999999983,95.78999999999999,4.09,0,Idukki,Kerala
2016-11-15,3.29,10.009999999999986,16.769999999999982,80.44,4.09,0,Idukki,Kerala
2016-11-16,0.77,8.149999999999984,15.499999999999984,62.01999999999999,4.09,0,Idukki,Kerala
2016-11-17,0.29,4.3499999999999845,15.779999999999982,44.43999999999999,3.29,0,Idukki,Kerala
2016-11-18,0.01,1.069999999999985,13.929999999999982,31.41999999999999,0.77,0,Idukki,Kerala
2016-11-19,0.01,0.3099999999999849,11.089999999999982,21.109999999999996,0.29,0,Idukki,Kerala
2016-11-20,0.01,0.03,8.469999999999983,18.96999999999999,0.01,0,Idukki,Kerala
2016-11-21,0.06,0.07999999999998489,4.439999999999983,18.989999999999995,0.06,0,Idukki,Kerala
2016-11-22,0.31,0.3799999999999849,1.4599999999999822,19.299999999999994,0.31,0,Idukki,Kerala
2016-11-23,0.76,1.1299999999999848,1.4499999999999822,18.989999999999995,0.76,0,Idukki,Kerala
2016-11-24,0.8,1.869999999999985,1.9599999999999822,17.749999999999993,0.8,0,Idukki,Kerala
2016-11-25,0.0,1.559999999999985,1.9499999999999822,17.73999999999999,0.8,0,Idukki,Kerala
2016-11-26,0.0,0.799999999999985,1.9399999999999822,15.879999999999994,0.8,0,Idukki,Kerala
2016-11-27,0.0,0.0,1.9299999999999822,13.029999999999994,0.0,0,Idukki,Kerala
2016-11-28,0.0,0.0,1.8699999999999823,10.399999999999993,0.0,0,Idukki,Kerala
2016-11-29,0.0,0.0,1.5599999999999823,6.309999999999993,0.0,0,Idukki,Kerala
2016-11-30,0.0,0.0,0.7999999999999823,3.019999999999993,0.0,0,Idukki,Kerala
2016-12-01,0.37,0.3699999999999849,0.36999999999998223,2.619999999999993,0.37,0,Idukki,Kerala
2016-12-02,15.02,15.389999999999985,15.389999999999981,17.349999999999994,15.02,0,Idukki,Kerala
2016-12-03,8.47,23.859999999999985,23.85999999999998,25.80999999999999,15.02,0,Idukki,Kerala
2016-12-04,0.73,24.219999999999985,24.589999999999982,26.529999999999994,15.02,0,Idukki,Kerala
2016-12-05,0.29,9.489999999999986,24.87999999999998,26.80999999999999,8.47,0,Idukki,Kerala
2016-12-06,2.21,3.2299999999999858,27.089999999999982,28.959999999999994,2.21,0,Idukki,Kerala
2016-12-07,0.09,2.5899999999999856,27.179999999999982,28.739999999999995,2.21,0,Idukki,Kerala
2016-12-08,0.05,2.349999999999986,26.85999999999998,28.029999999999994,2.21,0,Idukki,Kerala
2016-12-09,0.03,0.16999999999998577,11.869999999999983,27.25999999999999,0.09,0,Idukki,Kerala
2016-12-10,0.0,0.07999999999998579,3.399999999999982,27.25999999999999,0.05,0,Idukki,Kerala
2016-12-11,0.0,0.029999999999985788,2.669999999999982,27.25999999999999,0.03,0,Idukki,Kerala
2016-12-12,0.01,0.00999999999998579,2.3899999999999824,27.269999999999992,0.01,0,Idukki,Kerala
2016-12-13,2.98,2.9899999999999856,3.1599999999999824,30.249999999999993,2.98,0,Idukki,Kerala
2016-12-14,0.75,3.7399999999999856,3.8199999999999825,30.999999999999993,2.98,0,Idukki,Kerala
2016-12-15,0.14,3.869999999999986,3.9099999999999824,31.139999999999993,2.98,0,Idukki,Kerala
2016-12-16,0.0,0.8899999999999858,3.8799999999999826,30.769999999999996,0.75,0,Idukki,Kerala
2016-12-17,0.13,0.2699999999999858,4.009999999999982,15.879999999999994,0.14,0,Idukki,Kerala
2016-12-18,0.05,0.17999999999998578,4.059999999999983,7.459999999999993,0.13,0,Idukki,Kerala
2016-12-19,0.01,0.1899999999999858,4.059999999999983,6.739999999999993,0.13,0,Idukki,Kerala
2016-12-20,1.35,1.409999999999986,2.4299999999999824,7.799999999999994,1.35,0,Idukki,Kerala
2016-12-21,0.23,1.5899999999999859,1.9099999999999824,5.819999999999993,1.35,0,Idukki,Kerala
2016-12-22,0.0,1.5799999999999859,1.7699999999999823,5.729999999999993,1.35,0,Idukki,Kerala
2016-12-23,0.0,0.2299999999999858,1.7699999999999823,5.6799999999999935,0.23,0,Idukki,Kerala
2016-12-24,0.0,0.0,1.6399999999999824,5.649999999999993,0.0,0,Idukki,Kerala
2016-12-25,0.0,0.0,1.5899999999999823,5.649999999999993,0.0,0,Idukki,Kerala
2016-12-26,0.0,0.0,1.5799999999999823,5.649999999999993,0.0,0,Idukki,Kerala
2016-12-27,0.12,0.11999999999998578,0.3499999999999822,5.759999999999993,0.12,0,Idukki,Kerala
2016-12-28,2.25,2.369999999999986,2.3699999999999823,5.029999999999993,2.25,0,Idukki,Kerala
2016-12-29,0.52,2.889999999999986,2.8899999999999824,4.799999999999994,2.25,0,Idukki,Kerala
2016-12-30,0.0,2.769999999999986,2.8899999999999824,4.659999999999993,2.25,0,Idukki,Kerala
2016-12-31,0.0,0.5199999999999858,2.8899999999999824,4.659999999999993,0.52,0,Idukki,Kerala
2017-01-01,0.0,0.0,2.8899999999999824,4.529999999999992,0.0,0,Idukki,Kerala
2017-01-02,0.0,0.0,2.8899999999999824,4.479999999999993,0.0,0,Idukki,Kerala
2017-01-03,0.0,0.0,2.7699999999999823,4.4699999999999935,0.0,0,Idukki,Kerala
2017-01-04,0.0,0.0,0.5199999999999823,3.119999999999993,0.0,0,Idukki,Kerala
2017-01-05,0.0,0.0,0.0,2.889999999999993,0.0,0,Idukki,Kerala
2017-01-06,0.0,0.0,0.0,2.889999999999993,0.0,0,Idukki,Kerala
2017-01-07,0.0,0.0,0.0,2.889999999999993,0.0,0,Idukki,Kerala
2017-01-08,0.0,0.0,0.0,2.889999999999993,0.0,0,Idukki,Kerala
2017-01-09,0.0,0.0,0.0,2.889999999999993,0.0,0,Idukki,Kerala
2017-01-10,0.0,0.0,0.0,2.889999999999993,0.0,0,Idukki,Kerala
2017-01-11,0.0,0.0,0.0,2.769999999999993,0.0,0,Idukki,Kerala
2017-01-12,0.0,0.0,0.0,0.5199999999999929,0.0,0,Idukki,Kerala
2017-01-13,0.0,0.0,0.0,0.0,0.0,0,Idukki,Kerala
2017-01-14,0.0,0.0,0.0,0.0,0.0,0,Idukki,Kerala
2017-01-15,0.0,0.0,0.0,0.0,0.0,0,Idukki,Kerala
2017-01-16,0.0,0.0,0.0,0.0,0.0,0,Idukki,Kerala
2017-01-17,0.0,0.0,0.0,0.0,0.0,0,Idukki,Kerala
2017-01-18,0.0,0.0,0.0,0.0,0.0,0,Idukki,Kerala
2017-01-19,0.0,0.0,0.0,0.0,0.0,0,Idukki,Kerala
2017-01-20,0.12,0.11999999999998578,0.11999999999998223,0.11999999999999289,0.12,0,Idukki,Kerala
2017-01-21,11.53,11.649999999999984,11.64999999999998,11.649999999999991,11.53,0,Idukki,Kerala
2017-01-22,3.38,15.029999999999983,15.02999999999998,15.02999999999999,11.53,0,Idukki,Kerala
2017-01-23,0.0,14.909999999999986,15.02999999999998,15.02999999999999,11.53,0,Idukki,Kerala
2017-01-24,0.0,3.3799999999999857,15.02999999999998,15.02999999999999,3.38,0,Idukki,Kerala
2017-01-25,0.14,0.1399999999999858,15.16999999999998,15.169999999999991,0.14,0,Idukki,Kerala
2017-01-26,1.02,1.159999999999986,16.18999999999998,16.18999999999999,1.02,0,Idukki,Kerala
2017-01-27,5.63,6.789999999999986,21.69999999999998,21.819999999999993,5.63,0,Idukki,Kerala
2017-01-28,8.19,14.839999999999986,18.35999999999998,30.00999999999999,8.19,0,Idukki,Kerala
2017-01-29,2.25,16.069999999999986,17.229999999999983,32.25999999999999,8.19,0,Idukki,Kerala
2017-01-30,0.04,10.479999999999984,17.269999999999982,32.29999999999999,8.19,0,Idukki,Kerala
2017-01-31,0.0,2.289999999999986,17.269999999999982,32.29999999999999,2.25,0,Idukki,Kerala
2017-02-01,0.0,0.03999999999998579,17.12999999999998,32.29999999999999,0.04,0,Idukki,Kerala
2017-02-02,0.0,0.0,16.10999999999998,32.29999999999999,0.0,0,Idukki,Kerala
2017-02-03,0.0,0.0,10.47999999999998,32.29999999999999,0.0,0,Idukki,Kerala
2017-02-04,0.0,0.0,2.2899999999999823,32.17999999999999,0.0,0,Idukki,Kerala
2017-02-05,0.0,0.0,0.03999999999998224,20.64999999999999,0.0,0,Idukki,Kerala
2017-02-06,0.16,0.1599999999999858,0.15999999999998224,17.429999999999993,0.16,0,Idukki,Kerala
2017-02-07,0.18,0.33999999999998576,0.3399999999999822,17.609999999999992,0.18,0,Idukki,Kerala
2017-02-08,0.02,0.3599999999999858,0.3599999999999822,17.629999999999992,0.18,0,Idukki,Kerala
2017-02-09,0.04,0.23999999999998578,0.39999999999998226,17.529999999999994,0.18,0,Idukki,Kerala
2017-02-10,0.0,0.05999999999998579,0.39999999999998226,16.509999999999994,0.04,0,Idukki,Kerala
2017-02-11,0.0,0.03999999999998578,0.39999999999998226,10.879999999999992,0.04,0,Idukki,Kerala
2017-02-12,0.0,0.0,0.39999999999998226,2.689999999999993,0.0,0,Idukki,Kerala
2017-02-13,0.02,0.01999999999998579,0.25999999999998225,0.4599999999999929,0.02,0,Idukki,Kerala
2017-02-14,0.67,0.6899999999999858,0.7499999999999822,1.089999999999993,0.67,0,Idukki,Kerala
2017-02-15,0.0,0.6899999999999858,0.7299999999999823,1.089999999999993,0.67,0,Idukki,Kerala
2017-02-16,0.0,0.6699999999999858,0.6899999999999824,1.089999999999993,0.67,0,Idukki,Kerala
2017-02-17,0.0,0.0,0.6899999999999824,1.089999999999993,0.0,0,Idukki,Kerala
2017-02-18,0.0,0.0,0.6899999999999824,1.089999999999993,0.0,0,Idukki,Kerala
2017-02-19,0.0,0.0,0.6899999999999824,1.089999999999993,0.0,0,Idukki,Kerala
2017-02-20,0.0,0.0,0.6699999999999824,1.089999999999993,0.0,0,Idukki,Kerala
2017-02-21,0.0,0.0,0.0,0.9299999999999929,0.0,0,Idukki,Kerala
2017-02-22,0.0,0.0,0.0,0.7499999999999929,0.0,0,Idukki,Kerala
2017-02-23,0.0,0.0,0.0,0.729999999999993,0.0,0,Idukki,Kerala
2017-02-24,0.0,0.0,0.0,0.689999999999993,0.0,0,Idukki,Kerala
2017-02-25,0.0,0.0,0.0,0.689999999999993,0.0,0,Idukki,Kerala
2017-02-26,0.0,0.0,0.0,0.689999999999993,0.0,0,Idukki,Kerala
2017-02-27,0.0,0.0,0.0,0.689999999999993,0.0,0,Idukki,Kerala
2017-02-28,0.0,0.0,0.0,0.6699999999999929,0.0,0,Idukki,Kerala
2017-03-01,0.0,0.0,0.0,0.0,0.0,0,Idukki,Kerala
2017-03-02,0.08,0.07999999999998579,0.07999999999998235,0.0799999999999929,0.08,0,Idukki,Kerala
2017-03-03,7.13,7.209999999999986,7.209999999999982,7.209999999999993,7.13,0,Idukki,Kerala
2017-03-04,10.64,17.849999999999987,17.849999999999984,17.849999999999994,10.64,0,Idukki,Kerala
2017-03-05,4.52,22.28999999999999,22.369999999999983,22.369999999999994,10.64,0,Idukki,Kerala
2017-03-06,4.7,19.859999999999985,27.069999999999983,27.069999999999993,10.64,0,Idukki,Kerala
2017-03-07,0.1,9.319999999999986,27.169999999999984,27.169999999999995,4.7,0,Idukki,Kerala
2017-03-08,1.77,6.569999999999986,28.939999999999984,28.939999999999994,4.7,0,Idukki,Kerala
2017-03-09,8.4,10.269999999999985,37.259999999999984,37.339999999999996,8.4,0,Idukki,Kerala
2017-03-10,8.06,18.22999999999999,38.18999999999998,45.39999999999999,8.4,0,Idukki,Kerala
2017-03-11,4.96,21.419999999999987,32.509999999999984,50.35999999999999,8.4,0,Idukki,Kerala
2017-03-12,4.24,17.259999999999987,32.22999999999998,54.599999999999994,8.06,0,Idukki,Kerala
2017-03-13,0.6,9.799999999999986,28.129999999999985,55.199999999999996,4.96,0,Idukki,Kerala
2017-03-14,12.31,17.149999999999988,40.33999999999998,67.50999999999999,12.31,0,Idukki,Kerala
2017-03-15,14.9,27.809999999999988,53.469999999999985,82.41,14.9,0,Idukki,Kerala
2017-03-16,3.23,30.439999999999984,48.29999999999998,85.64,14.9,0,Idukki,Kerala
2017-03-17,1.52,19.649999999999984,41.75999999999998,87.08,14.9,0,Idukki,Kerala
2017-03-18,2.08,6.829999999999986,38.87999999999999,82.03,3.23,0,Idukki,Kerala
2017-03-19,0.94,4.539999999999986,35.579999999999984,72.32999999999998,2.08,0,Idukki,Kerala
2017-03-20,1.48,4.499999999999986,36.45999999999998,69.28999999999999,2.08,0,Idukki,Kerala
2017-03-21,2.61,5.029999999999985,26.75999999999998,67.19999999999999,2.61,0,Idukki,Kerala
2017-03-22,0.04,4.129999999999986,11.899999999999983,67.14,2.61,0,Idukki,Kerala
2017-03-23,0.0,2.6499999999999857,8.669999999999982,65.37,2.61,0,Idukki,Kerala
2017-03-24,0.0,0.03999999999998579,7.149999999999982,56.96999999999999,0.04,0,Idukki,Kerala
2017-03-25,0.0,0.0,5.069999999999982,48.91,0.0,0,Idukki,Kerala
2017-03-26,0.0,0.0,4.129999999999981,43.949999999999996,0.0,0,Idukki,Kerala
2017-03-27,0.0,0.0,2.649999999999982,39.709999999999994,0.0,0,Idukki,Kerala
2017-03-28,0.0,0.0,0.03999999999998224,39.10999999999999,0.0,0,Idukki,Kerala
2017-03-29,0.0,0.0,0.0,26.79999999999999,0.0,0,Idukki,Kerala
2017-03-30,0.87,0.8699999999999858,0.8699999999999822,12.769999999999992,0.87,0,Idukki,Kerala
2017-03-31,2.57,3.4399999999999857,3.439999999999982,12.109999999999992,2.57,0,Idukki,Kerala
2017-04-01,0.58,4.019999999999985,4.019999999999982,11.169999999999993,2.57,0,Idukki,Kerala
2017-04-02,0.54,3.6899999999999857,4.559999999999982,9.629999999999992,2.57,0,Idukki,Kerala
2017-04-03,1.14,2.2599999999999856,5.6999999999999815,9.829999999999993,1.14,0,Idukki,Kerala
2017-04-04,0.0,1.6799999999999855,5.6999999999999815,8.349999999999993,1.14,0,Idukki,Kerala
2017-04-05,0.0,1.1399999999999855,5.6999999999999815,5.739999999999993,1.14,0,Idukki,Kerala
2017-04-06,3.58,3.579999999999986,8.409999999999982,9.279999999999994,3.58,0,Idukki,Kerala
2017-04-07,2.22,5.7999999999999865,8.059999999999981,11.499999999999993,3.58,0,Idukki,Kerala
2017-04-08,1.0,6.7999999999999865,8.479999999999983,12.499999999999993,3.58,0,Idukki,Kerala
2017-04-09,5.3,8.519999999999985,13.239999999999982,17.799999999999994,5.3,0,Idukki,Kerala
2017-04-10,1.44,7.739999999999984,13.539999999999981,19.239999999999995,5.3,0,Idukki,Kerala
2017-04-11,0.99,7.729999999999984,14.529999999999982,20.229999999999993,5.3,0,Idukki,Kerala
2017-04-12,0.54,2.9699999999999855,15.069999999999983,20.769999999999992,1.44,0,Idukki,Kerala
2017-04-13,2.66,4.189999999999985,14.14999999999998,23.429999999999993,2.66,0,Idukki,Kerala
2017-04-14,2.02,5.2199999999999855,13.949999999999983,24.57999999999999,2.66,0,Idukki,Kerala
2017-04-15,0.03,4.709999999999986,12.97999999999998,22.039999999999992,2.66,0,Idukki,Kerala
2017-04-16,0.13,2.1799999999999855,7.809999999999982,21.589999999999993,2.02,0,Idukki,Kerala
2017-04-17,0.08,0.23999999999998534,6.4499999999999815,21.129999999999995,0.13,0,Idukki,Kerala
2017-04-18,0.01,0.21999999999998535,5.469999999999983,19.999999999999993,0.13,0,Idukki,Kerala
2017-04-19,0.09,0.17999999999998534,5.019999999999983,20.089999999999993,0.09,0,Idukki,Kerala
2017-04-20,1.06,1.1599999999999855,3.419999999999982,21.149999999999995,1.06,0,Idukki,Kerala
2017-04-21,0.73,1.8799999999999855,2.129999999999982,18.299999999999994,1.06,0,Idukki,Kerala
2017-04-22,1.73,3.5199999999999854,3.8299999999999823,17.809999999999995,1.73,0,Idukki,Kerala
2017-04-23,1.07,3.529999999999985,4.769999999999982,17.879999999999995,1.73,0,Idukki,Kerala
2017-04-24,0.05,2.8499999999999854,4.7399999999999824,12.629999999999994,1.73,0,Idukki,Kerala
2017-04-25,0.03,1.1499999999999855,4.759999999999982,11.219999999999994,1.07,0,Idukki,Kerala
2017-04-26,4.78,4.859999999999985,9.449999999999982,15.009999999999994,4.78,0,Idukki,Kerala
2017-04-27,1.19,5.999999999999986,9.579999999999982,15.659999999999993,4.78,0,Idukki,Kerala
2017-04-28,0.44,6.409999999999986,9.289999999999981,13.439999999999992,4.78,0,Idukki,Kerala
2017-04-29,1.02,2.6499999999999857,8.579999999999982,12.439999999999992,1.19,0,Idukki,Kerala
2017-04-30,2.14,3.599999999999986,9.64999999999998,14.549999999999994,2.14,0,Idukki,Kerala
2017-05-01,3.29,6.449999999999986,12.889999999999983,17.709999999999994,3.29,0,Idukki,Kerala
2017-05-02,14.28,19.709999999999987,27.13999999999998,31.909999999999993,14.28,0,Idukki,Kerala
2017-05-03,6.84,24.409999999999982,29.19999999999998,38.739999999999995,14.28,0,Idukki,Kerala
2017-05-04,4.31,25.429999999999986,32.31999999999998,42.959999999999994,14.28,0,Idukki,Kerala
2017-05-05,3.85,14.999999999999986,35.72999999999998,45.74999999999999,6.84,0,Idukki,Kerala
2017-05-06,16.48,24.639999999999986,51.18999999999998,61.499999999999986,16.48,0,Idukki,Kerala
2017-05-07,2.55,22.87999999999999,51.59999999999998,62.31999999999999,16.48,0,Idukki,Kerala
2017-05-08,2.93,21.959999999999987,51.239999999999974,64.17999999999999,16.48,0,Idukki,Kerala
2017-05-09,1.54,7.019999999999985,38.499999999999986,65.67,2.93,0,Idukki,Kerala
2017-05-10,12.18,16.649999999999984,43.839999999999975,77.82,12.18,0,Idukki,Kerala
2017-05-11,6.84,20.559999999999985,46.36999999999998,79.88,12.18,0,Idukki,Kerala
2017-05-12,18.81,37.829999999999984,61.329999999999984,97.5,18.81,0,Idukki,Kerala
2017-05-13,25.22,50.86999999999998,70.06999999999998,122.28,25.22,0,Idukki,Kerala
2017-05-14,2.08,46.10999999999998,69.59999999999998,123.33999999999999,25.22,0,Idukki,Kerala
2017-05-15,0.26,27.559999999999985,66.92999999999999,121.45999999999998,25.22,0,Idukki,Kerala
2017-05-16,1.27,3.609999999999986,66.65999999999998,119.44,2.08,0,Idukki,Kerala
2017-05-17,3.81,5.339999999999986,58.28999999999998,108.96999999999998,3.81,0,Idukki,Kerala
2017-05-18,9.71,14.789999999999987,61.159999999999975,111.83999999999999,9.71,0,Idukki,Kerala
2017-05-19,2.95,16.469999999999988,45.29999999999998,110.47999999999999,9.71,0,Idukki,Kerala
2017-05-20,8.14,20.79999999999999,28.219999999999985,114.77,9.71,0,Idukki,Kerala
2017-05-21,7.77,18.859999999999985,33.90999999999998,106.05999999999999,8.14,0,Idukki,Kerala
2017-05-22,7.41,23.319999999999986,41.05999999999998,110.91999999999999,8.14,0,Idukki,Kerala
2017-05-23,1.88,17.059999999999988,41.66999999999999,109.87,7.77,0,Idukki,Kerala
2017-05-24,5.11,14.399999999999988,42.969999999999985,113.44,7.41,0,Idukki,Kerala
2017-05-25,8.44,15.429999999999987,41.69999999999998,109.69999999999999,8.44,0,Idukki,Kerala
2017-05-26,5.19,18.739999999999988,43.93999999999998,108.05,8.44,0,Idukki,Kerala
2017-05-27,7.15,20.779999999999987,42.94999999999999,96.39,8.44,0,Idukki,Kerala
2017-05-28,19.63,31.969999999999985,54.80999999999998,90.8,19.63,0,Idukki,Kerala
2017-05-29,13.44,40.219999999999985,60.839999999999975,102.16,19.63,0,Idukki,Kerala
2017-05-30,18.49,51.55999999999999,77.44999999999999,120.38999999999999,19.63,0,Idukki,Kerala
2017-05-31,19.2,51.12999999999999,91.53999999999998,138.32,19.2,0,Idukki,Kerala
2017-06-01,13.82,51.50999999999999,96.91999999999999,148.32999999999998,19.2,1,Idukki,Kerala
2017-06-02,41.46,74.47999999999999,133.19,180.07999999999998,41.46,1,Idukki,Kerala
2017-06-03,8.36,63.639999999999986,134.39999999999998,185.49,41.46,1,Idukki,Kerala
2017-06-04,9.36,59.17999999999999,124.12999999999998,186.70999999999998,41.46,1,Idukki,Kerala
2017-06-05,15.47,33.18999999999998,126.15999999999998,194.41,15.47,1,Idukki,Kerala
2017-06-06,9.14,33.969999999999985,116.80999999999999,196.14000000000001,15.47,1,Idukki,Kerala
2017-06-07,12.91,37.51999999999999,110.51999999999998,207.17,15.47,1,Idukki,Kerala
2017-06-08,0.19,22.239999999999988,96.88999999999999,202.25,12.91,1,Idukki,Kerala
2017-06-09,1.3,14.399999999999986,56.72999999999998,195.10999999999999,12.91,1,Idukki,Kerala
2017-06-10,12.16,13.649999999999986,60.52999999999999,202.07999999999998,12.16,1,Idukki,Kerala
2017-06-11,4.99,18.44999999999999,56.15999999999999,199.92,12.16,1,Idukki,Kerala
2017-06-12,6.39,23.539999999999985,47.07999999999999,186.68,12.16,1,Idukki,Kerala
2017-06-13,4.77,16.149999999999984,42.70999999999999,178.01,6.39,1,Idukki,Kerala
2017-06-14,16.52,27.679999999999986,46.31999999999998,176.04,16.52,1,Idukki,Kerala
2017-06-15,6.31,27.59999999999998,52.43999999999998,163.15,16.52,1,Idukki,Kerala
2017-06-16,2.27,25.09999999999998,53.40999999999999,151.6,16.52,1,Idukki,Kerala
2017-06-17,5.39,13.969999999999981,46.639999999999986,115.53,6.31,1,Idukki,Kerala
2017-06-18,1.18,8.839999999999982,42.829999999999984,108.35,5.39,1,Idukki,Kerala
2017-06-19,2.31,8.879999999999981,38.74999999999998,101.3,5.39,1,Idukki,Kerala
2017-06-20,1.76,5.249999999999981,35.73999999999999,87.59,2.31,1,Idukki,Kerala
2017-06-21,3.34,7.4099999999999815,22.559999999999985,81.78999999999999,3.34,1,Idukki,Kerala
2017-06-22,6.65,11.749999999999982,22.899999999999984,75.53,6.65,1,Idukki,Kerala
2017-06-23,9.58,19.56999999999998,30.209999999999987,84.91999999999999,9.58,1,Idukki,Kerala
2017-06-24,18.68,34.90999999999998,43.499999999999986,102.3,18.68,1,Idukki,Kerala
2017-06-25,15.3,43.55999999999998,57.61999999999999,105.44,18.68,1,Idukki,Kerala
2017-06-26,36.56,70.53999999999998,91.86999999999999,137.01,36.56,1,Idukki,Kerala
2017-06-27,29.9,81.75999999999999,120.00999999999999,160.51999999999998,36.56,1,Idukki,Kerala
2017-06-28,8.94,75.39999999999998,125.61,164.69,36.56,1,Idukki,Kerala
2017-06-29,3.01,41.84999999999998,121.96999999999998,151.18,29.9,1,Idukki,Kerala
2017-06-30,3.65,15.599999999999978,116.03999999999999,148.51999999999998,8.94,1,Idukki,Kerala
2017-07-01,8.99,15.649999999999979,106.34999999999998,155.24,8.99,1,Idukki,Kerala
2017-07-02,9.2,21.83999999999998,100.24999999999999,159.05,9.2,1,Idukki,Kerala
2017-07-03,13.38,31.56999999999998,77.06999999999998,171.25,13.38,1,Idukki,Kerala
2017-07-04,0.21,22.789999999999978,47.37999999999999,169.14999999999998,13.38,1,Idukki,Kerala
2017-07-05,5.41,18.99999999999998,43.84999999999999,172.8,13.38,1,Idukki,Kerala
2017-07-06,5.24,10.859999999999978,46.07999999999999,174.7,5.41,1,Idukki,Kerala
2017-07-07,6.28,16.92999999999998,48.70999999999999,174.32999999999998,6.28,1,Idukki,Kerala
2017-07-08,7.97,19.489999999999977,47.68999999999998,172.72,7.97,1,Idukki,Kerala
2017-07-09,10.0,24.24999999999998,48.48999999999999,164.04,10.0,1,Idukki,Kerala
2017-07-10,7.26,25.229999999999976,42.36999999999998,156.00000000000003,10.0,1,Idukki,Kerala
2017-07-11,4.98,22.23999999999998,47.139999999999986,124.42,10.0,1,Idukki,Kerala
2017-07-12,0.11,12.349999999999978,41.83999999999999,94.63000000000001,7.26,1,Idukki,Kerala
2017-07-13,10.98,16.06999999999998,47.579999999999984,96.67,10.98,1,Idukki,Kerala
2017-07-14,1.07,12.159999999999979,42.36999999999998,94.73,10.98,1,Idukki,Kerala
2017-07-15,1.93,13.979999999999979,36.329999999999984,93.01,10.98,1,Idukki,Kerala
2017-07-16,1.7,4.699999999999979,28.029999999999987,85.72,1.93,1,Idukki,Kerala
2017-07-17,4.13,7.7599999999999785,24.899999999999988,80.65,4.13,1,Idukki,Kerala
2017-07-18,8.77,14.599999999999978,28.689999999999987,76.04,8.77,1,Idukki,Kerala
2017-07-19,11.11,24.009999999999977,39.68999999999998,86.94,11.11,1,Idukki,Kerala
2017-07-20,8.95,28.829999999999977,37.65999999999998,90.48,11.11,1,Idukki,Kerala
2017-07-21,6.49,26.54999999999998,43.079999999999984,91.73,11.11,1,Idukki,Kerala
2017-07-22,2.8,18.239999999999977,43.94999999999999,88.25,8.95,1,Idukki,Kerala
2017-07-23,1.17,10.45999999999998,43.41999999999998,81.45,6.49,1,Idukki,Kerala
2017-07-24,0.5,4.469999999999978,39.78999999999998,71.94999999999999,2.8,1,Idukki,Kerala
2017-07-25,0.11,1.7799999999999787,31.129999999999985,64.8,1.17,1,Idukki,Kerala
2017-07-26,1.22,1.8299999999999788,21.239999999999984,61.04,1.22,1,Idukki,Kerala
2017-07-27,7.35,8.679999999999978,19.639999999999986,68.28,7.35,1,Idukki,Kerala
2017-07-28,7.3,15.86999999999998,20.449999999999985,64.6,7.35,1,Idukki,Kerala
2017-07-29,5.77,20.419999999999977,23.419999999999984,69.3,7.35,1,Idukki,Kerala
2017-07-30,12.29,25.359999999999978,34.539999999999985,79.66,12.29,1,Idukki,Kerala
2017-07-31,18.57,36.62999999999998,52.609999999999985,96.53,18.57,1,Idukki,Kerala
2017-08-01,24.25,55.10999999999998,76.74999999999999,116.64999999999999,24.25,1,Idukki,Kerala
2017-08-02,11.45,54.26999999999998,86.97999999999999,119.33,24.25,1,Idukki,Kerala
2017-08-03,8.03,43.729999999999976,87.65999999999998,116.25,24.25,1,Idukki,Kerala
2017-08-04,13.57,33.049999999999976,93.92999999999998,120.86999999999999,13.57,1,Idukki,Kerala
2017-08-05,11.72,33.31999999999998,99.87999999999998,126.1,13.57,1,Idukki,Kerala
2017-08-06,4.96,30.24999999999998,92.54999999999998,128.26,13.57,1,Idukki,Kerala
2017-08-07,15.0,31.67999999999998,88.97999999999999,142.09,15.0,1,Idukki,Kerala
2017-08-08,17.31,37.26999999999998,82.03999999999999,158.9,17.31,1,Idukki,Kerala
2017-08-09,10.65,42.95999999999998,81.23999999999998,169.44,17.31,1,Idukki,Kerala
2017-08-10,17.14,45.09999999999998,90.34999999999998,185.35999999999999,17.31,1,Idukki,Kerala
2017-08-11,18.84,46.62999999999998,95.61999999999999,196.85,18.84,1,Idukki,Kerala
2017-08-12,6.86,42.83999999999998,90.75999999999999,196.41,18.84,1,Idukki,Kerala
2017-08-13,5.26,30.959999999999983,91.05999999999997,195.9,18.84,1,Idukki,Kerala
2017-08-14,12.03,24.14999999999998,88.08999999999997,195.64000000000001,12.03,1,Idukki,Kerala
2017-08-15,10.6,27.88999999999998,81.37999999999998,187.67,12.03,1,Idukki,Kerala
2017-08-16,3.4,26.02999999999998,74.12999999999998,166.82000000000002,12.03,1,Idukki,Kerala
2017-08-17,8.97,22.969999999999985,65.95999999999998,164.34,10.6,1,Idukki,Kerala
2017-08-18,8.59,20.959999999999983,55.70999999999998,164.9,8.97,1,Idukki,Kerala
2017-08-19,7.94,25.499999999999986,56.789999999999985,159.27,8.97,1,Idukki,Kerala
2017-08-20,8.99,25.519999999999982,60.51999999999998,156.54,8.99,1,Idukki,Kerala
2017-08-21,12.6,29.52999999999998,61.08999999999998,164.18,12.6,1,Idukki,Kerala
2017-08-22,3.23,24.81999999999998,53.71999999999999,152.41,12.6,1,Idukki,Kerala
2017-08-23,14.65,30.479999999999983,64.97,149.75,14.65,1,Idukki,Kerala
2017-08-24,5.4,23.27999999999998,61.399999999999984,144.5,14.65,1,Idukki,Kerala
2017-08-25,0.51,20.559999999999985,53.31999999999999,127.87,14.65,1,Idukki,Kerala
2017-08-26,3.86,9.769999999999982,49.23999999999999,112.89,5.4,1,Idukki,Kerala
2017-08-27,10.63,14.999999999999984,50.87999999999998,116.66,10.63,1,Idukki,Kerala
2017-08-28,18.31,32.79999999999998,56.58999999999999,129.71,18.31,1,Idukki,Kerala
2017-08-29,10.52,39.45999999999998,63.87999999999998,128.20000000000002,18.31,1,Idukki,Kerala
2017-08-30,8.88,37.70999999999998,58.109999999999985,126.48,18.31,1,Idukki,Kerala
2017-08-31,1.88,21.279999999999983,54.58999999999999,124.96000000000001,10.52,1,Idukki,Kerala
2017-09-01,23.13,33.889999999999986,77.20999999999998,139.12,23.13,1,Idukki,Kerala
2017-09-02,19.22,44.229999999999976,92.56999999999998,149.75,23.13,1,Idukki,Kerala
2017-09-03,5.01,47.359999999999985,86.94999999999999,146.82,23.13,1,Idukki,Kerala
2017-09-04,10.8,35.02999999999998,79.43999999999998,148.63,19.22,1,Idukki,Kerala
2017-09-05,14.51,30.319999999999983,83.42999999999999,150.54,14.51,1,Idukki,Kerala
2017-09-06,18.25,43.55999999999998,92.79999999999998,165.56,18.25,1,Idukki,Kerala
2017-09-07,11.65,44.40999999999998,102.56999999999998,162.56,18.25,1,Idukki,Kerala
2017-09-08,37.73,67.62999999999998,117.16999999999999,194.89,37.73,1,Idukki,Kerala
2017-09-09,14.21,63.589999999999975,112.16,208.59,37.73,1,Idukki,Kerala
2017-09-10,3.34,55.27999999999997,110.48999999999998,208.07,37.73,1,Idukki,Kerala
2017-09-11,4.32,21.86999999999998,104.00999999999999,201.76,14.21,1,Idukki,Kerala
2017-09-12,5.5,13.159999999999979,94.99999999999999,188.95,5.5,1,Idukki,Kerala
2017-09-13,19.2,29.01999999999998,95.94999999999999,197.63,19.2,1,Idukki,Kerala
2017-09-14,13.33,38.02999999999998,97.63,202.07999999999998,19.2,1,Idukki,Kerala
2017-09-15,5.27,37.799999999999976,65.16999999999999,205.47,19.2,1,Idukki,Kerala
2017-09-16,34.19,52.78999999999998,85.14999999999998,216.53,34.19,1,Idukki,Kerala
2017-09-17,46.61,86.06999999999998,128.42,243.92000000000002,46.61,1,Idukki,Kerala
2017-09-18,6.51,87.30999999999999,130.60999999999999,245.42000000000002,46.61,1,Idukki,Kerala
2017-09-19,3.72,56.839999999999975,128.82999999999998,238.34,46.61,1,Idukki,Kerala
2017-09-20,2.25,12.479999999999979,111.87999999999998,226.08,6.51,1,Idukki,Kerala
2017-09-21,1.58,7.549999999999979,100.12999999999998,209.41,3.72,1,Idukki,Kerala
2017-09-22,0.42,4.249999999999979,95.27999999999999,198.18,2.25,1,Idukki,Kerala
2017-09-23,0.03,2.029999999999979,61.11999999999998,160.48,1.58,1,Idukki,Kerala
2017-09-24,0.95,1.3999999999999786,15.459999999999987,147.22,0.95,1,Idukki,Kerala
2017-09-25,2.0,2.9799999999999787,10.949999999999985,145.88,2.0,1,Idukki,Kerala
2017-09-26,4.07,7.019999999999978,11.299999999999986,145.63,4.07,1,Idukki,Kerala
2017-09-27,7.75,13.819999999999979,16.799999999999986,147.88,7.75,1,Idukki,Kerala
2017-09-28,15.23,27.04999999999998,30.44999999999999,143.91,15.23,1,Idukki,Kerala
2017-09-29,5.65,28.62999999999998,35.67999999999999,136.23000000000002,15.23,1,Idukki,Kerala
2017-09-30,3.28,24.15999999999998,38.929999999999986,134.24,15.23,1,Idukki,Kerala
2017-10-01,2.43,11.359999999999978,40.40999999999998,102.48,5.65,0,Idukki,Kerala
2017-10-02,1.44,7.149999999999979,39.84999999999999,57.31,3.28,0,Idukki,Kerala
2017-10-03,1.52,5.389999999999979,37.29999999999998,52.32000000000001,2.43,0,Idukki,Kerala
2017-10-04,2.79,5.749999999999979,32.33999999999999,51.39000000000001,2.79,0,Idukki,Kerala
2017-10-05,11.42,15.729999999999979,28.529999999999987,60.56,11.42,0,Idukki,Kerala
2017-10-06,7.98,22.18999999999998,30.85999999999999,66.96000000000001,11.42,0,Idukki,Kerala
2017-10-07,10.56,29.95999999999998,38.139999999999986,77.1,11.42,0,Idukki,Kerala
2017-10-08,6.07,24.609999999999978,41.77999999999999,83.14,10.56,0,Idukki,Kerala
2017-10-09,0.52,17.14999999999998,40.85999999999999,82.71000000000001,10.56,0,Idukki,Kerala
2017-10-10,1.6,8.18999999999998,40.93999999999999,82.31000000000002,6.07,0,Idukki,Kerala
2017-10-11,5.5,7.619999999999979,43.64999999999999,83.74000000000001,5.5,0,Idukki,Kerala
2017-10-12,7.2,14.29999999999998,39.429999999999986,83.19,7.2,0,Idukki,Kerala
2017-10-13,16.11,28.80999999999998,47.55999999999999,84.07,16.11,0,Idukki,Kerala
2017-10-14,5.88,29.18999999999998,42.87999999999998,84.30000000000001,16.11,0,Idukki,Kerala
2017-10-15,4.32,26.30999999999998,41.12999999999998,85.34,16.11,0,Idukki,Kerala
2017-10-16,0.96,11.159999999999982,41.569999999999986,83.87,5.88,0,Idukki,Kerala
2017-10-17,11.29,16.569999999999983,51.259999999999984,93.72,11.29,0,Idukki,Kerala
2017-10-18,2.81,15.059999999999983,48.569999999999986,95.01,11.29,0,Idukki,Kerala
2017-10-19,0.29,14.389999999999983,41.65999999999998,92.51,11.29,0,Idukki,Kerala
2017-10-20,1.05,4.149999999999984,26.59999999999998,82.14,2.81,0,Idukki,Kerala
2017-10-21,10.8,12.139999999999985,31.519999999999982,84.96,10.8,0,Idukki,Kerala
2017-10-22,5.99,17.839999999999986,33.18999999999998,80.39000000000001,10.8,0,Idukki,Kerala
2017-10-23,0.08,16.869999999999983,32.30999999999998,74.4,10.8,0,Idukki,Kerala
2017-10-24,0.14,6.209999999999984,21.159999999999982,74.02000000000001,5.99,0,Idukki,Kerala
2017-10-25,2.28,2.499999999999984,20.629999999999985,74.69999999999999,2.28,0,Idukki,Kerala
2017-10-26,14.09,16.509999999999984,34.42999999999998,83.28999999999999,14.09,0,Idukki,Kerala
2017-10-27,28.32,44.68999999999998,61.69999999999999,104.41000000000001,28.32,0,Idukki,Kerala
2017-10-28,9.6,52.009999999999984,60.49999999999998,97.9,28.32,0,Idukki,Kerala
2017-10-29,0.23,38.149999999999984,54.73999999999998,92.25,28.32,0,Idukki,Kerala
2017-10-30,6.13,15.959999999999987,60.78999999999998,94.06,9.6,0,Idukki,Kerala
2017-10-31,9.32,15.679999999999987,69.96999999999998,102.42,9.32,0,Idukki,Kerala
2017-11-01,13.64,29.08999999999999,81.32999999999998,104.77000000000001,13.64,0,Idukki,Kerala
2017-11-02,7.16,30.11999999999999,74.39999999999998,109.12,13.64,0,Idukki,Kerala
2017-11-03,1.36,22.15999999999999,47.43999999999998,110.19,13.64,0,Idukki,Kerala
2017-11-04,11.92,20.439999999999987,49.759999999999984,121.06,11.92,0,Idukki,Kerala
2017-11-05,12.59,25.869999999999987,62.11999999999998,122.85000000000001,12.59,0,Idukki,Kerala
2017-11-06,8.19,32.69999999999999,64.17999999999998,125.05000000000001,12.59,0,Idukki,Kerala
2017-11-07,3.98,24.759999999999984,58.83999999999998,128.95,12.59,0,Idukki,Kerala
2017-11-08,28.67,40.83999999999999,73.86999999999998,157.48000000000002,28.67,0,Idukki,Kerala
2017-11-09,1.75,34.39999999999999,68.45999999999998,156.95000000000002,28.67,0,Idukki,Kerala
2017-11-10,0.04,30.45999999999999,67.13999999999999,142.9,28.67,0,Idukki,Kerala
2017-11-11,0.43,2.219999999999989,55.649999999999984,115.01,1.75,0,Idukki,Kerala
2017-11-12,1.15,1.6199999999999892,44.20999999999998,106.56,1.15,0,Idukki,Kerala
2017-11-13,0.41,1.989999999999989,36.429999999999986,106.74,1.15,0,Idukki,Kerala
2017-11-14,0.35,1.9099999999999893,32.79999999999999,100.96000000000001,1.15,0,Idukki,Kerala
2017-11-15,0.02,0.7799999999999893,4.149999999999982,91.66,0.41,0,Idukki,Kerala
2017-11-16,0.02,0.3899999999999893,2.419999999999982,78.03999999999999,0.35,0,Idukki,Kerala
2017-11-17,0.95,0.9899999999999893,3.329999999999982,71.83,0.95,0,Idukki,Kerala
2017-11-18,0.69,1.6599999999999893,3.5899999999999817,71.16,0.95,0,Idukki,Kerala
2017-11-19,2.21,3.849999999999989,4.649999999999982,61.45,2.21,0,Idukki,Kerala
2017-11-20,6.44,9.33999999999999,10.679999999999982,55.300000000000004,6.44,0,Idukki,Kerala
2017-11-21,17.39,26.039999999999992,27.719999999999985,64.5,17.39,0,Idukki,Kerala
2017-11-22,3.12,26.949999999999992,30.819999999999986,63.64,17.39,0,Idukki,Kerala
2017-11-23,0.57,21.07999999999999,31.369999999999987,35.54,17.39,0,Idukki,Kerala
2017-11-24,0.0,3.6899999999999893,30.419999999999987,33.79,3.12,0,Idukki,Kerala
2017-11-25,0.02,0.5899999999999893,29.749999999999986,33.77,0.57,0,Idukki,Kerala
2017-11-26,3.32,3.339999999999989,30.859999999999985,36.660000000000004,3.32,0,Idukki,Kerala
2017-11-27,8.63,11.96999999999999,33.04999999999998,44.14,8.63,0,Idukki,Kerala
2017-11-28,1.24,13.18999999999999,16.899999999999984,44.97,8.63,0,Idukki,Kerala
2017-11-29,4.43,14.29999999999999,18.209999999999987,49.05,8.63,0,Idukki,Kerala
2017-11-30,46.94,52.609999999999985,64.57999999999998,95.97,46.94,0,Idukki,Kerala
2017-12-01,16.68,68.04999999999998,81.25999999999999,112.63,46.94,0,Idukki,Kerala
2017-12-02,2.51,66.12999999999998,83.74999999999999,114.19,46.94,0,Idukki,Kerala
2017-12-03,1.77,20.959999999999987,82.19999999999997,115.27,16.68,0,Idukki,Kerala
2017-12-04,0.04,4.319999999999985,73.60999999999999,113.1,2.51,0,Idukki,Kerala
2017-12-05,0.04,1.8499999999999859,72.41,106.7,1.77,0,Idukki,Kerala
2017-12-06,0.23,0.3099999999999858,68.20999999999998,89.53999999999999,0.23,0,Idukki,Kerala
2017-12-07,0.29,0.5599999999999858,21.559999999999985,86.71,0.29,0,Idukki,Kerala
2017-12-08,0.05,0.5699999999999857,4.9299999999999855,86.19,0.29,0,Idukki,Kerala
2017-12-09,0.81,1.1499999999999857,3.2299999999999858,87.0,0.81,0,Idukki,Kerala
2017-12-10,2.23,3.0899999999999856,3.6899999999999857,89.21000000000001,2.23,0,Idukki,Kerala
2017-12-11,1.29,4.329999999999986,4.939999999999985,87.17999999999999,2.23,0,Idukki,Kerala
2017-12-12,0.22,3.739999999999986,5.119999999999986,78.77,2.23,0,Idukki,Kerala
2017-12-13,9.76,11.269999999999985,14.649999999999986,87.28999999999999,9.76,0,Idukki,Kerala
2017-12-14,1.13,11.109999999999985,15.489999999999984,83.99,9.76,0,Idukki,Kerala
2017-12-15,0.38,11.269999999999985,15.819999999999986,37.43,9.76,0,Idukki,Kerala
2017-12-16,0.04,1.5499999999999856,15.049999999999986,20.79,1.13,0,Idukki,Kerala
2017-12-17,0.0,0.4199999999999858,12.819999999999986,18.28,0.38,0,Idukki,Kerala
2017-12-18,0.0,0.03999999999998579,11.529999999999987,16.509999999999998,0.04,0,Idukki,Kerala
2017-12-19,0.11,0.10999999999998579,11.419999999999986,16.58,0.11,0,Idukki,Kerala
2017-12-20,0.21,0.3199999999999858,1.8699999999999857,16.75,0.21,0,Idukki,Kerala
2017-12-21,2.01,2.3299999999999854,2.749999999999986,18.53,2.01,0,Idukki,Kerala
2017-12-22,0.17,2.3899999999999855,2.539999999999986,18.41,2.01,0,Idukki,Kerala
2017-12-23,0.0,2.1799999999999855,2.499999999999986,18.36,2.01,0,Idukki,Kerala
2017-12-24,0.0,0.1699999999999858,2.499999999999986,17.55,0.17,0,Idukki,Kerala
2017-12-25,0.0,0.0,2.499999999999986,15.320000000000002,0.0,0,Idukki,Kerala
2017-12-26,0.0,0.0,2.389999999999986,14.030000000000001,0.0,0,Idukki,Kerala
2017-12-27,0.0,0.0,2.1799999999999855,13.81,0.0,0,Idukki,Kerala
2017-12-28,0.0,0.0,0.1699999999999858,4.05,0.0,0,Idukki,Kerala
2017-12-29,0.0,0.0,0.0,2.92,0.0,0,Idukki,Kerala
2017-12-30,0.0,0.0,0.0,2.54,0.0,0,Idukki,Kerala
2017-12-31,0.0,0.0,0.0,2.5,0.0,0,Idukki,Kerala
2018-01-01,0.0,0.0,0.0,2.5,0.0,0,Idukki,Kerala
2018-01-02,0.0,0.0,0.0,2.5,0.0,0,Idukki,Kerala
2018-01-03,0.0,0.0,0.0,2.39,0.0,0,Idukki,Kerala
2018-01-04,0.0,0.0,0.0,2.1799999999999997,0.0,0,Idukki,Kerala
2018-01-05,0.0,0.0,0.0,0.17,0.0,0,Idukki,Kerala
2018-01-06,0.0,0.0,0.0,0.0,0.0,0,Idukki,Kerala
2018-01-07,0.0,0.0,0.0,0.0,0.0,0,Idukki,Kerala
2018-01-08,0.0,0.0,0.0,0.0,0.0,0,Idukki,Kerala
2018-01-09,0.74,0.7399999999999858,0.7399999999999858,0.74,0.74,0,Idukki,Kerala
2018-01-10,2.01,2.749999999999986,2.749999999999986,2.75,2.01,0,Idukki,Kerala
2018-01-11,0.11,2.8599999999999857,2.8599999999999857,2.86,2.01,0,Idukki,Kerala
2018-01-12,0.08,2.199999999999986,2.9399999999999857,2.94,2.01,0,Idukki,Kerala
2018-01-13,0.01,0.19999999999998624,2.949999999999986,2.95,0.11,0,Idukki,Kerala
2018-01-14,0.0,0.08999999999998623,2.949999999999986,2.95,0.08,0,Idukki,Kerala
2018-01-15,0.0,0.009999999999986233,2.949999999999986,2.95,0.01,0,Idukki,Kerala
2018-01-16,0.0,0.0,2.2099999999999858,2.95,0.0,0,Idukki,Kerala
2018-01-17,0.0,0.0,0.1999999999999858,2.95,0.0,0,Idukki,Kerala
2018-01-18,0.0,0.0,0.08999999999998579,2.95,0.0,0,Idukki,Kerala
2018-01-19,0.0,0.0,0.00999999999998579,2.95,0.0,0,Idukki,Kerala
2018-01-20,0.0,0.0,0.0,2.95,0.0,0,Idukki,Kerala
2018-01-21,0.0,0.0,0.0,2.95,0.0,0,Idukki,Kerala
2018-01-22,0.0,0.0,0.0,2.95,0.0,0,Idukki,Kerala
2018-01-23,0.0,0.0,0.0,2.95,0.0,0,Idukki,Kerala
2018-01-24,0.0,0.0,0.0,2.21,0.0,0,Idukki,Kerala
2018-01-25,0.18,0.17999999999998623,0.17999999999998578,0.38,0.18,0,Idukki,Kerala
2018-01-26,0.1,0.27999999999998626,0.2799999999999858,0.37,0.18,0,Idukki,Kerala
2018-01-27,0.02,0.2999999999999862,0.2999999999999858,0.31,0.18,0,Idukki,Kerala
2018-01-28,0.46,0.5799999999999863,0.7599999999999858,0.76,0.46,0,Idukki,Kerala
2018-01-29,0.0,0.47999999999998627,0.7599999999999858,0.76,0.46,0,Idukki,Kerala
2018-01-30,0.0,0.45999999999998625,0.7599999999999858,0.76,0.46,0,Idukki,Kerala
2018-01-31,0.0,0.0,0.7599999999999858,0.76,0.0,0,Idukki,Kerala
2018-02-01,0.0,0.0,0.5799999999999859,0.76,0.0,0,Idukki,Kerala
2018-02-02,0.0,0.0,0.47999999999998577,0.76,0.0,0,Idukki,Kerala
2018-02-03,0.0,0.0,0.4599999999999858,0.76,0.0,0,Idukki,Kerala
2018-02-04,0.0,0.0,0.0,0.76,0.0,0,Idukki,Kerala
2018-02-05,0.0,0.0,0.0,0.76,0.0,0,Idukki,Kerala
2018-02-06,1.44,1.4399999999999862,1.4399999999999857,2.2,1.44,0,Idukki,Kerala
2018-02-07,5.93,7.369999999999986,7.369999999999985,8.129999999999999,5.93,0,Idukki,Kerala
2018-02-08,2.24,9.609999999999985,9.609999999999985,10.370000000000001,5.93,0,Idukki,Kerala
2018-02-09,0.33,8.499999999999986,9.939999999999985,10.52,5.93,0,Idukki,Kerala
2018-02-10,0.02,2.589999999999987,9.959999999999985,10.440000000000001,2.24,0,Idukki,Kerala
2018-02-11,0.04,0.3899999999999867,9.999999999999986,10.459999999999999,0.33,0,Idukki,Kerala
2018-02-12,1.15,1.2099999999999866,11.149999999999984,11.15,1.15,0,Idukki,Kerala
2018-02-13,0.0,1.1899999999999866,9.709999999999987,11.15,1.15,0,Idukki,Kerala
2018-02-14,0.0,1.1499999999999866,3.779999999999986,11.15,1.15,0,Idukki,Kerala
2018-02-15,0.0,0.0,1.5399999999999858,11.15,0.0,0,Idukki,Kerala
2018-02-16,0.0,0.0,1.2099999999999858,11.15,0.0,0,Idukki,Kerala
2018-02-17,0.0,0.0,1.1899999999999857,11.15,0.0,0,Idukki,Kerala
2018-02-18,0.0,0.0,1.1499999999999857,11.15,0.0,0,Idukki,Kerala
2018-02-19,0.0,0.0,0.0,11.15,0.0,0,Idukki,Kerala
2018-02-20,0.0,0.0,0.0,11.15,0.0,0,Idukki,Kerala
2018-02-21,0.0,0.0,0.0,9.71,0.0,0,Idukki,Kerala
2018-02-22,0.0,0.0,0.0,3.7800000000000002,0.0,0,Idukki,Kerala
2018-02-23,0.0,0.0,0.0,1.54,0.0,0,Idukki,Kerala
2018-02-24,0.0,0.0,0.0,1.21,0.0,0,Idukki,Kerala
2018-02-25,0.0,0.0,0.0,1.19,0.0,0,Idukki,Kerala
2018-02-26,0.0,0.0,0.0,1.15,0.0,0,Idukki,Kerala
2018-02-27,0.0,0.0,0.0,0.0,0.0,0,Idukki,Kerala
2018-02-28,0.87,0.8699999999999867,0.8699999999999858,0.87,0.87,0,Idukki,Kerala
2018-03-01,1.64,2.5099999999999865,2.5099999999999856,2.51,1.64,0,Idukki,Kerala
2018-03-02,0.0,2.5099999999999865,2.5099999999999856,2.51,1.64,0,Idukki,Kerala
2018-03-03,0.02,1.6599999999999866,2.5299999999999856,2.53,1.64,0,Idukki,Kerala
2018-03-04,0.06,0.0799999999999869,2.5899999999999856,2.59,0.06,0,Idukki,Kerala
2018-03-05,0.0,0.0799999999999869,2.5899999999999856,2.59,0.06,0,Idukki,Kerala
2018-03-06,0.0,0.0599999999999869,2.5899999999999856,2.59,0.06,0,Idukki,Kerala
2018-03-07,0.0,0.0,1.7199999999999858,2.59,0.0,0,Idukki,Kerala
2018-03-08,0.0,0.0,0.07999999999998601,2.59,0.0,0,Idukki,Kerala
2018-03-09,0.0,0.0,0.07999999999998601,2.59,0.0,0,Idukki,Kerala
2018-03-10,0.0,0.0,0.05999999999998601,2.59,0.0,0,Idukki,Kerala
2018-03-11,0.0,0.0,0.0,2.59,0.0,0,Idukki,Kerala
2018-03-12,0.06,0.0599999999999869,0.05999999999998601,2.65,0.06,0,Idukki,Kerala
2018-03-13,7.98,8.039999999999987,8.039999999999987,10.63,7.98,0,Idukki,Kerala
2018-03-14,1.43,9.469999999999988,9.469999999999986,12.06,7.98,0,Idukki,Kerala
2018-03-15,1.3,10.709999999999987,10.769999999999987,12.490000000000002,7.98,0,Idukki,Kerala
2018-03-16,0.41,3.1399999999999877,11.179999999999987,11.260000000000002,1.43,0,Idukki,Kerala
2018-03-17,0.56,2.2699999999999876,11.739999999999986,11.82,1.3,0,Idukki,Kerala
2018-03-18,15.0,15.969999999999988,26.739999999999988,26.8,15.0,0,Idukki,Kerala
2018-03-19,3.42,18.97999999999999,30.099999999999987,30.160000000000004,15.0,0,Idukki,Kerala
2018-03-20,0.11,18.52999999999999,22.229999999999986,30.270000000000003,15.0,0,Idukki,Kerala
2018-03-21,3.09,6.619999999999987,23.889999999999986,33.36,3.42,0,Idukki,Kerala
2018-03-22,0.94,4.139999999999987,23.529999999999987,34.300000000000004,3.09,0,Idukki,Kerala
2018-03-23,3.68,7.709999999999987,26.799999999999986,37.980000000000004,3.68,0,Idukki,Kerala
2018-03-24,1.12,5.739999999999988,27.35999999999999,39.1,3.68,0,Idukki,Kerala
2018-03-25,0.0,4.799999999999988,12.359999999999985,39.1,3.68,0,Idukki,Kerala
2018-03-26,0.19,1.3099999999999876,9.129999999999987,39.29,1.12,0,Idukki,Kerala
2018-03-27,0.86,1.0499999999999876,9.879999999999987,40.089999999999996,0.86,0,Idukki,Kerala
2018-03-28,0.93,1.9799999999999875,7.719999999999986,33.040000000000006,0.93,0,Idukki,Kerala
2018-03-29,0.7,2.489999999999988,7.479999999999986,32.31,0.93,0,Idukki,Kerala
2018-03-30,0.72,2.3499999999999877,4.519999999999986,31.73,0.93,0,Idukki,Kerala
2018-03-31,1.4,2.8199999999999874,4.799999999999986,32.72,1.4,0,Idukki,Kerala
2018-04-01,2.06,4.179999999999987,6.859999999999985,34.220000000000006,2.06,0,Idukki,Kerala
2018-04-02,1.5,4.9599999999999875,8.169999999999986,20.72,2.06,0,Idukki,Kerala
2018-04-03,0.25,3.8099999999999876,7.559999999999986,17.549999999999997,2.06,0,Idukki,Kerala
2018-04-04,0.01,1.7599999999999876,6.6399999999999855,17.45,1.5,0,Idukki,Kerala
2018-04-05,0.0,0.2599999999999876,5.939999999999986,14.360000000000001,0.25,0,Idukki,Kerala
2018-04-06,0.0,0.009999999999987566,5.2199999999999855,13.420000000000002,0.01,0,Idukki,Kerala
2018-04-07,0.86,0.8599999999999876,4.6799999999999855,10.6,0.86,0,Idukki,Kerala
2018-04-08,1.43,2.2899999999999876,4.049999999999986,10.91,1.43,0,Idukki,Kerala
2018-04-09,3.02,5.309999999999987,5.569999999999986,13.93,3.02,0,Idukki,Kerala
2018-04-10,6.45,10.899999999999988,11.769999999999985,20.189999999999998,6.45,0,Idukki,Kerala
2018-04-11,4.56,14.029999999999987,16.319999999999986,23.89,6.45,0,Idukki,Kerala
2018-04-12,2.92,13.929999999999987,19.239999999999984,25.88,6.45,0,Idukki,Kerala
2018-04-13,10.89,18.369999999999987,30.129999999999985,36.07,10.89,0,Idukki,Kerala
2018-04-14,11.42,25.22999999999999,40.68999999999998,46.77,11.42,0,Idukki,Kerala
2018-04-15,5.23,27.539999999999985,44.48999999999999,50.6,11.42,0,Idukki,Kerala
2018-04-16,4.79,21.439999999999987,46.259999999999984,53.33,11.42,0,Idukki,Kerala
2018-04-17,1.34,11.359999999999987,41.149999999999984,53.17,5.23,0,Idukki,Kerala
2018-04-18,2.65,8.779999999999987,39.23999999999999,55.57,4.79,0,Idukki,Kerala
2018-04-19,0.35,4.339999999999986,36.66999999999998,55.910000000000004,2.65,0,Idukki,Kerala
2018-04-20,1.58,4.579999999999986,27.359999999999985,57.49,2.65,0,Idukki,Kerala
2018-04-21,2.67,4.599999999999985,18.609999999999985,60.160000000000004,2.67,0,Idukki,Kerala
2018-04-22,3.47,7.719999999999986,16.849999999999987,62.77,3.47,0,Idukki,Kerala
2018-04-23,0.58,6.719999999999986,12.639999999999986,61.92,3.47,0,Idukki,Kerala
2018-04-24,1.89,5.939999999999986,13.189999999999985,60.79,3.47,0,Idukki,Kerala
2018-04-25,2.23,4.699999999999985,12.769999999999985,56.57,2.23,0,Idukki,Kerala
2018-04-26,3.77,7.8899999999999855,16.189999999999984,55.78,3.77,0,Idukki,Kerala
2018-04-27,5.88,11.879999999999985,20.489999999999984,58.74,5.88,0,Idukki,Kerala
2018-04-28,0.39,10.039999999999985,18.209999999999987,48.24,5.88,0,Idukki,Kerala
2018-04-29,0.36,6.629999999999986,15.099999999999984,37.18,5.88,0,Idukki,Kerala
2018-04-30,5.93,6.6799999999999855,20.449999999999985,37.88,5.93,0,Idukki,Kerala
2018-05-01,2.64,8.929999999999986,21.199999999999985,35.730000000000004,5.93,0,Idukki,Kerala
2018-05-02,12.95,21.519999999999985,31.919999999999984,47.339999999999996,12.95,0,Idukki,Kerala
2018-05-03,13.98,29.569999999999986,42.12999999999998,58.67,13.98,0,Idukki,Kerala
2018-05-04,12.5,39.429999999999986,48.749999999999986,70.82,13.98,0,Idukki,Kerala
2018-05-05,11.62,38.09999999999999,59.97999999999998,80.86,13.98,0,Idukki,Kerala
2018-05-06,5.1,29.219999999999985,64.71999999999998,83.28999999999999,12.5,0,Idukki,Kerala
2018-05-07,1.22,17.939999999999984,60.009999999999984,81.03999999999999,11.62,0,Idukki,Kerala
2018-05-08,3.18,9.499999999999986,60.54999999999998,83.64,5.1,0,Idukki,Kerala
2018-05-09,41.63,46.02999999999999,89.22999999999999,123.38,41.63,0,Idukki,Kerala
2018-05-10,12.01,56.819999999999986,87.25999999999999,133.16,41.63,0,Idukki,Kerala
2018-05-11,7.45,61.08999999999999,82.20999999999998,136.83999999999997,41.63,0,Idukki,Kerala
2018-05-12,14.13,33.58999999999999,84.72,145.09,14.13,0,Idukki,Kerala
2018-05-13,6.94,28.51999999999999,86.55999999999999,151.64000000000001,14.13,0,Idukki,Kerala
2018-05-14,3.02,24.089999999999986,88.35999999999999,154.29999999999998,14.13,0,Idukki,Kerala
2018-05-15,4.75,14.709999999999987,89.92999999999999,153.12,6.94,0,Idukki,Kerala
2018-05-16,3.92,11.689999999999987,52.219999999999985,154.4,4.75,0,Idukki,Kerala
2018-05-17,6.62,15.289999999999987,46.82999999999999,148.07000000000002,6.62,0,Idukki,Kerala
2018-05-18,2.44,12.979999999999986,41.819999999999986,136.53,6.62,0,Idukki,Kerala
2018-05-19,1.41,10.469999999999986,29.099999999999987,125.44000000000001,6.62,0,Idukki,Kerala
2018-05-20,5.64,9.489999999999986,27.799999999999983,119.46000000000001,5.64,0,Idukki,Kerala
2018-05-21,3.21,10.259999999999987,27.989999999999984,117.57000000000001,5.64,0,Idukki,Kerala
2018-05-22,3.42,12.269999999999985,26.659999999999986,119.77000000000001,5.64,0,Idukki,Kerala
2018-05-23,2.17,8.799999999999986,24.909999999999986,118.76,3.42,0,Idukki,Kerala
2018-05-24,12.43,18.019999999999985,30.719999999999985,89.55999999999999,12.43,0,Idukki,Kerala
2018-05-25,12.96,27.559999999999988,41.23999999999998,90.51,12.96,0,Idukki,Kerala
2018-05-26,9.88,35.26999999999998,49.70999999999999,92.94,12.96,0,Idukki,Kerala
2018-05-27,10.17,33.009999999999984,54.23999999999999,88.98,12.96,0,Idukki,Kerala
2018-05-28,27.18,47.22999999999998,78.20999999999998,109.22,27.18,0,Idukki,Kerala
2018-05-29,11.95,49.29999999999998,86.73999999999998,118.14999999999999,27.18,0,Idukki,Kerala
2018-05-30,3.38,42.509999999999984,87.94999999999999,116.78,27.18,0,Idukki,Kerala
2018-05-31,1.69,17.019999999999985,77.21,114.55,11.95,0,Idukki,Kerala
2018-06-01,2.17,7.239999999999986,66.41999999999999,110.10000000000001,3.38,1,Idukki,Kerala
2018-06-02,3.08,6.939999999999985,59.61999999999998,110.74000000000001,3.08,1,Idukki,Kerala
2018-06-03,10.79,16.039999999999985,60.23999999999998,120.11999999999999,10.79,1,Idukki,Kerala
2018-06-04,13.69,27.559999999999985,46.749999999999986,128.17,13.69,1,Idukki,Kerala
2018-06-05,3.4,27.87999999999998,38.19999999999998,128.35999999999999,13.69,1,Idukki,Kerala
2018-06-06,6.3,23.389999999999983,41.11999999999998,131.24,13.69,1,Idukki,Kerala
2018-06-07,11.83,21.529999999999987,51.25999999999999,140.9,11.83,1,Idukki,Kerala
2018-06-08,16.65,34.77999999999999,65.73999999999998,145.12,16.65,1,Idukki,Kerala
2018-06-09,15.34,43.819999999999986,77.99999999999999,147.5,16.65,1,Idukki,Kerala
2018-06-10,17.75,49.73999999999999,84.95999999999998,155.37,17.75,1,Idukki,Kerala
2018-06-11,21.66,54.749999999999986,92.92999999999998,166.85999999999999,21.66,1,Idukki,Kerala
2018-06-12,16.18,55.58999999999999,105.71,155.86,21.66,1,Idukki,Kerala
2018-06-13,22.58,60.41999999999999,121.98999999999998,166.48999999999998,22.58,1,Idukki,Kerala
2018-06-14,10.47,49.22999999999999,120.62999999999998,173.57999999999998,22.58,1,Idukki,Kerala
2018-06-15,6.03,39.07999999999999,110.00999999999999,177.92,22.58,1,Idukki,Kerala
2018-06-16,10.44,26.93999999999999,105.10999999999999,186.19,10.47,1,Idukki,Kerala
2018-06-17,2.77,19.23999999999999,90.12999999999998,185.88,10.44,1,Idukki,Kerala
2018-06-18,4.44,17.64999999999999,72.91,179.53,10.44,1,Idukki,Kerala
2018-06-19,15.92,23.12999999999999,72.64999999999998,181.76,15.92,1,Idukki,Kerala
2018-06-20,28.5,48.859999999999985,78.57,206.86,28.5,1,Idukki,Kerala
2018-06-21,18.26,62.67999999999999,86.35999999999999,218.82,28.5,1,Idukki,Kerala
2018-06-22,8.17,54.92999999999999,88.49999999999999,215.16,28.5,1,Idukki,Kerala
2018-06-23,1.74,28.16999999999999,79.79999999999998,200.25,18.26,1,Idukki,Kerala
2018-06-24,2.13,12.039999999999988,79.16,187.04,8.17,1,Idukki,Kerala
2018-06-25,6.86,10.72999999999999,81.58,176.15,6.86,1,Idukki,Kerala
2018-06-26,7.91,16.89999999999999,73.57,162.4,7.91,1,Idukki,Kerala
2018-06-27,11.12,25.88999999999999,56.18999999999998,157.34,11.12,1,Idukki,Kerala
2018-06-28,15.59,34.61999999999999,53.51999999999998,150.35000000000002,15.59,1,Idukki,Kerala
2018-06-29,6.61,33.31999999999999,51.95999999999999,146.49,15.59,1,Idukki,Kerala
2018-06-30,7.49,29.68999999999999,57.70999999999999,147.95000000000002,15.59,1,Idukki,Kerala
2018-07-01,7.67,21.76999999999999,63.249999999999986,145.18,7.67,1,Idukki,Kerala
2018-07-02,18.46,33.61999999999999,74.84999999999998,160.87,18.46,1,Idukki,Kerala
2018-07-03,14.78,40.90999999999999,81.71999999999998,171.21,18.46,1,Idukki,Kerala
2018-07-04,0.24,33.47999999999998,70.83999999999997,155.53,18.46,1,Idukki,Kerala
2018-07-05,2.42,17.43999999999999,57.66999999999999,129.45,14.78,1,Idukki,Kerala
2018-07-06,4.93,7.589999999999989,55.98999999999999,116.11999999999999,4.93,1,Idukki,Kerala
2018-07-07,7.09,14.439999999999989,55.58999999999998,115.03999999999999,7.09,1,Idukki,Kerala
2018-07-08,13.39,25.40999999999999,61.30999999999998,126.69,13.39,1,Idukki,Kerala
2018-07-09,35.68,56.15999999999999,78.52999999999997,160.24,35.68,1,Idukki,Kerala
2018-07-10,33.73,82.79999999999998,97.47999999999999,187.10999999999999,35.68,1,Idukki,Kerala
2018-07-11,29.76,99.16999999999999,126.99999999999999,208.95999999999998,35.68,1,Idukki,Kerala
2018-07-12,10.9,74.38999999999999,135.48,208.73999999999998,33.73,1,Idukki,Kerala
2018-07-13,14.52,55.179999999999986,145.07,207.67,29.76,1,Idukki,Kerala
2018-07-14,13.64,39.05999999999999,151.61999999999998,214.7,14.52,1,Idukki,Kerala
2018-07-15,57.6,85.75999999999999,195.82999999999998,264.81,57.6,1,Idukki,Kerala
2018-07-16,34.64,105.88,194.79,291.78,57.6,1,Idukki,Kerala
2018-07-17,16.96,109.19999999999999,178.01999999999998,290.28,57.6,1,Idukki,Kerala
2018-07-18,19.07,70.66999999999999,167.32999999999998,294.57000000000005,34.64,1,Idukki,Kerala
2018-07-19,15.05,51.079999999999984,171.48,309.38,19.07,1,Idukki,Kerala
2018-07-20,3.81,37.929999999999986,160.76999999999998,310.77,19.07,1,Idukki,Kerala
2018-07-21,2.96,21.819999999999986,150.08999999999997,308.8,15.05,1,Idukki,Kerala
2018-07-22,2.58,9.349999999999985,95.06999999999998,304.29,3.81,1,Idukki,Kerala
2018-07-23,6.91,12.449999999999985,67.33999999999999,297.80999999999995,6.91,1,Idukki,Kerala
2018-07-24,9.12,18.609999999999985,59.499999999999986,271.25,9.12,1,Idukki,Kerala
2018-07-25,7.92,23.94999999999998,48.34999999999999,245.44,9.12,1,Idukki,Kerala
2018-07-26,3.92,20.959999999999987,37.219999999999985,219.60000000000002,9.12,1,Idukki,Kerala
2018-07-27,1.32,13.159999999999986,34.72999999999998,210.02,7.92,1,Idukki,Kerala
2018-07-28,4.17,9.409999999999986,35.93999999999998,199.67,4.17,1,Idukki,Kerala
2018-07-29,3.69,9.179999999999986,37.04999999999999,189.72,4.17,1,Idukki,Kerala
2018-07-30,15.78,23.639999999999986,45.91999999999998,147.9,15.78,1,Idukki,Kerala
2018-07-31,22.09,41.55999999999998,58.889999999999986,135.35,22.09,1,Idukki,Kerala
2018-08-01,7.04,44.90999999999998,58.009999999999984,125.42999999999999,22.09,1,Idukki,Kerala
2018-08-02,7.96,37.08999999999998,62.04999999999999,114.32,22.09,1,Idukki,Kerala
2018-08-03,7.8,22.799999999999986,68.52999999999999,107.07000000000001,7.96,1,Idukki,Kerala
2018-08-04,2.97,18.729999999999986,67.32999999999998,106.23,7.96,1,Idukki,Kerala
2018-08-05,3.14,13.909999999999986,66.77999999999999,106.41,7.8,1,Idukki,Kerala
2018-08-06,3.58,9.689999999999987,54.57999999999999,107.41,3.58,1,Idukki,Kerala
2018-08-07,10.92,17.639999999999986,43.40999999999998,111.42,10.92,1,Idukki,Kerala
2018-08-08,35.46,49.95999999999999,71.82999999999998,137.76,35.46,1,Idukki,Kerala
2018-08-09,22.69,69.07,86.55999999999999,152.53,35.46,1,Idukki,Kerala
2018-08-10,14.74,72.88999999999999,93.5,163.35,35.46,1,Idukki,Kerala
2018-08-11,3.31,40.73999999999999,93.83999999999999,165.34,22.69,1,Idukki,Kerala
2018-08-12,11.35,29.399999999999984,102.05,172.51999999999998,14.74,1,Idukki,Kerala
2018-08-13,10.99,25.649999999999984,109.46,179.82,11.35,1,Idukki,Kerala
2018-08-14,22.32,44.65999999999998,120.86,186.35999999999999,22.32,1,Idukki,Kerala
2018-08-15,63.19,96.49999999999997,148.58999999999997,227.45999999999998,63.19,1,Idukki,Kerala
2018-08-16,54.28,139.79,180.18,274.7,63.19,1,Idukki,Kerala
2018-08-17,26.33,143.79999999999998,191.76999999999998,293.07000000000005,63.19,1,Idukki,Kerala
2018-08-18,9.77,90.37999999999998,198.23,295.04,54.28,1,Idukki,Kerala
2018-08-19,6.43,42.52999999999997,193.30999999999997,298.5,26.33,1,Idukki,Kerala
2018-08-20,2.88,19.079999999999977,185.2,298.24,9.77,1,Idukki,Kerala
2018-08-21,2.79,12.099999999999978,165.67,297.45,6.43,1,Idukki,Kerala
2018-08-22,1.29,6.959999999999979,103.76999999999998,287.82,2.88,1,Idukki,Kerala
2018-08-23,0.72,4.7999999999999785,50.20999999999999,253.08,2.79,1,Idukki,Kerala
2018-08-24,3.58,5.5899999999999785,27.459999999999987,233.97,3.58,1,Idukki,Kerala
2018-08-25,1.06,5.359999999999978,18.749999999999986,220.29000000000002,3.58,1,Idukki,Kerala
2018-08-26,0.92,5.559999999999979,13.239999999999986,217.9,3.58,1,Idukki,Kerala
2018-08-27,10.25,12.229999999999979,20.609999999999985,216.8,10.25,1,Idukki,Kerala
2018-08-28,5.59,16.759999999999977,23.409999999999986,211.4,10.25,1,Idukki,Kerala
2018-08-29,0.86,16.699999999999978,22.979999999999986,189.94,10.25,1,Idukki,Kerala
2018-08-30,2.94,9.38999999999998,25.199999999999985,129.69,5.59,1,Idukki,Kerala
2018-08-31,7.75,11.54999999999998,29.369999999999987,83.16,7.75,1,Idukki,Kerala
2018-09-01,2.29,12.979999999999979,30.599999999999987,59.12,7.75,1,Idukki,Kerala
2018-09-02,0.19,10.229999999999977,29.869999999999987,49.54,7.75,1,Idukki,Kerala
2018-09-03,0.0,2.4799999999999787,19.619999999999987,43.11,2.29,1,Idukki,Kerala
2018-09-04,0.0,0.18999999999997869,14.029999999999985,40.230000000000004,0.19,1,Idukki,Kerala
2018-09-05,0.0,0.0,13.169999999999986,37.440000000000005,0.0,1,Idukki,Kerala
2018-09-06,0.01,0.009999999999978684,10.239999999999986,36.160000000000004,0.01,1,Idukki,Kerala
2018-09-07,0.0,0.009999999999978684,2.489999999999986,35.44,0.01,1,Idukki,Kerala
2018-09-08,0.0,0.009999999999978684,0.1999999999999858,31.86,0.01,1,Idukki,Kerala
2018-09-09,0.21,0.20999999999997868,0.2199999999999858,31.009999999999998,0.21,1,Idukki,Kerala
2018-09-10,3.35,3.5599999999999787,3.569999999999986,33.440000000000005,3.35,1,Idukki,Kerala
2018-09-11,0.68,4.239999999999979,4.249999999999986,23.87,3.35,1,Idukki,Kerala
2018-09-12,0.01,4.039999999999979,4.2599999999999865,18.290000000000003,3.35,1,Idukki,Kerala
2018-09-13,0.17,0.8599999999999788,4.419999999999987,17.599999999999998,0.68,1,Idukki,Kerala
2018-09-14,0.89,1.0699999999999787,5.309999999999986,15.55,0.89,1,Idukki,Kerala
2018-09-15,0.84,1.8999999999999786,6.149999999999986,8.64,0.89,1,Idukki,Kerala
2018-09-16,1.42,3.1499999999999786,7.359999999999986,7.7700000000000005,1.42,1,Idukki,Kerala
2018-09-17,0.38,2.6399999999999784,4.3899999999999855,7.96,1.42,1,Idukki,Kerala
2018-09-18,1.12,2.9199999999999786,4.829999999999986,9.08,1.42,1,Idukki,Kerala
2018-09-19,4.23,5.729999999999979,9.049999999999986,13.31,4.23,1,Idukki,Kerala
2018-09-20,3.19,8.53999999999998,12.069999999999986,16.5,4.23,1,Idukki,Kerala
2018-09-21,0.95,8.36999999999998,12.129999999999987,17.44,4.23,1,Idukki,Kerala
2018-09-22,0.15,4.289999999999979,11.439999999999985,17.590000000000003,3.19,1,Idukki,Kerala
2018-09-23,5.19,6.28999999999998,15.209999999999987,22.78,5.19,1,Idukki,Kerala
2018-09-24,25.8,31.13999999999998,40.62999999999999,48.370000000000005,25.8,1,Idukki,Kerala
2018-09-25,5.2,36.18999999999998,44.709999999999994,50.220000000000006,25.8,1,Idukki,Kerala
2018-09-26,0.65,31.64999999999998,41.12999999999999,50.190000000000005,25.8,1,Idukki,Kerala
2018-09-27,8.24,14.089999999999979,46.17999999999999,58.42,8.24,1,Idukki,Kerala
2018-09-28,29.64,38.52999999999998,74.86999999999999,87.89,29.64,1,Idukki,Kerala
2018-09-29,23.38,61.25999999999998,98.09999999999998,110.38,29.64,1,Idukki,Kerala
2018-09-30,6.17,59.189999999999976,99.07999999999998,115.71,29.64,1,Idukki,Kerala
2018-10-01,5.79,35.339999999999975,79.06999999999998,120.08,23.38,0,Idukki,Kerala
2018-10-02,12.07,24.02999999999998,85.93999999999998,131.77,12.07,0,Idukki,Kerala
2018-10-03,23.25,41.10999999999998,108.53999999999999,153.9,23.25,0,Idukki,Kerala
2018-10-04,23.91,59.229999999999976,124.20999999999998,173.58,23.91,0,Idukki,Kerala
2018-10-05,13.63,60.78999999999998,108.19999999999999,184.02,23.91,0,Idukki,Kerala
2018-10-06,13.49,51.02999999999998,98.30999999999999,196.56,23.91,0,Idukki,Kerala
2018-10-07,10.89,38.00999999999998,103.02999999999999,207.3,13.63,0,Idukki,Kerala
2018-10-08,29.31,53.689999999999976,126.55,231.42,29.31,0,Idukki,Kerala
2018-10-09,4.87,45.06999999999997,119.34999999999998,210.49,29.31,0,Idukki,Kerala
2018-10-10,1.04,35.219999999999985,97.13999999999999,206.32999999999998,29.31,0,Idukki,Kerala
2018-10-11,3.67,9.579999999999979,76.89999999999999,209.35000000000002,4.87,0,Idukki,Kerala
2018-10-12,2.79,7.499999999999979,66.05999999999999,203.9,3.67,0,Idukki,Kerala
2018-10-13,2.86,9.319999999999979,55.429999999999986,177.11999999999998,3.67,0,Idukki,Kerala
2018-10-14,32.0,37.64999999999998,76.53999999999999,185.74,32.0,0,Idukki,Kerala
2018-10-15,4.92,39.77999999999998,52.149999999999984,184.49,32.0,0,Idukki,Kerala
2018-10-16,28.6,65.51999999999998,75.88,207.3,32.0,0,Idukki,Kerala
2018-10-17,3.43,36.94999999999998,78.27,198.66,28.6,0,Idukki,Kerala
2018-10-18,3.74,35.76999999999998,78.33999999999999,179.15,28.6,0,Idukki,Kerala
2018-10-19,9.31,16.47999999999998,84.85999999999999,164.55,9.31,0,Idukki,Kerala
2018-10-20,13.93,26.97999999999998,95.92999999999999,164.85,13.93,0,Idukki,Kerala
2018-10-21,6.4,29.63999999999998,70.32999999999998,157.76,13.93,0,Idukki,Kerala
2018-10-22,8.32,28.649999999999977,73.72999999999999,155.19,13.93,0,Idukki,Kerala
2018-10-23,4.89,19.609999999999978,50.01999999999999,130.77,8.32,0,Idukki,Kerala
2018-10-24,3.4,16.609999999999978,49.98999999999999,129.3,8.32,0,Idukki,Kerala
2018-10-25,1.15,9.439999999999978,47.399999999999984,129.41000000000003,4.89,0,Idukki,Kerala
2018-10-26,0.0,4.5499999999999785,38.08999999999999,125.74000000000001,3.4,0,Idukki,Kerala
2018-10-27,0.3,1.4499999999999786,24.459999999999987,123.25,1.15,0,Idukki,Kerala
2018-10-28,0.66,0.9599999999999786,18.719999999999988,121.05,0.66,0,Idukki,Kerala
2018-10-29,0.0,0.9599999999999786,10.399999999999984,89.05,0.66,0,Idukki,Kerala
2018-10-30,0.01,0.6699999999999786,5.519999999999985,84.14,0.66,0,Idukki,Kerala
2018-10-31,6.49,6.499999999999979,8.609999999999985,62.03,6.49,0,Idukki,Kerala
2018-11-01,5.64,12.13999999999998,13.099999999999984,64.24,6.49,0,Idukki,Kerala
2018-11-02,6.88,19.009999999999977,19.979999999999983,67.38,6.88,0,Idukki,Kerala
2018-11-03,13.03,25.549999999999976,32.70999999999998,71.1,13.03,0,Idukki,Kerala
2018-11-04,1.35,21.259999999999977,33.399999999999984,58.52,13.03,0,Idukki,Kerala
2018-11-05,1.49,15.869999999999978,34.889999999999986,53.61,13.03,0,Idukki,Kerala
2018-11-06,0.84,3.679999999999979,35.719999999999985,46.129999999999995,1.49,0,Idukki,Kerala
2018-11-07,0.09,2.4199999999999786,29.319999999999983,41.33,1.49,0,Idukki,Kerala
2018-11-08,0.65,1.5799999999999788,24.329999999999988,38.58,0.84,0,Idukki,Kerala
2018-11-09,3.23,3.969999999999979,20.679999999999982,40.66,3.23,0,Idukki,Kerala
2018-11-10,0.46,4.339999999999979,8.109999999999985,41.12,3.23,0,Idukki,Kerala
2018-11-11,2.53,6.219999999999978,9.289999999999985,43.35,3.23,0,Idukki,Kerala
2018-11-12,0.46,3.449999999999979,8.259999999999986,43.15,2.53,0,Idukki,Kerala
2018-11-13,0.23,3.219999999999979,7.649999999999986,43.379999999999995,2.53,0,Idukki,Kerala
2018-11-14,0.0,0.6899999999999792,7.559999999999985,43.37,0.46,0,Idukki,Kerala
2018-11-15,5.63,5.859999999999979,12.539999999999985,42.51,5.63,0,Idukki,Kerala
2018-11-16,71.35,76.97999999999998,80.65999999999998,108.22,71.35,0,Idukki,Kerala
2018-11-17,0.09,77.06999999999998,80.28999999999999,101.43,71.35,0,Idukki,Kerala
2018-11-18,3.74,75.17999999999998,81.49999999999999,92.14,71.35,0,Idukki,Kerala
2018-11-19,12.35,16.179999999999986,93.38999999999999,103.14000000000001,12.35,0,Idukki,Kerala
2018-11-20,10.38,26.469999999999985,103.53999999999999,112.03,12.35,0,Idukki,Kerala
2018-11-21,3.81,26.539999999999985,107.35,115.0,12.35,0,Idukki,Kerala
2018-11-22,3.2,17.389999999999986,104.91999999999999,118.11000000000001,10.38,0,Idukki,Kerala
2018-11-23,8.94,15.949999999999985,42.509999999999984,126.4,8.94,0,Idukki,Kerala
2018-11-24,14.48,26.619999999999983,56.899999999999984,137.65,14.48,0,Idukki,Kerala
2018-11-25,4.77,28.189999999999984,57.929999999999986,141.95999999999998,14.48,0,Idukki,Kerala
2018-11-26,0.0,19.249999999999986,45.579999999999984,139.43,14.48,0,Idukki,Kerala
2018-11-27,0.0,4.769999999999985,35.19999999999998,138.97,4.77,0,Idukki,Kerala
2018-11-28,0.14,0.1399999999999858,31.529999999999983,138.88,0.14,0,Idukki,Kerala
2018-11-29,8.64,8.779999999999987,36.969999999999985,147.51999999999998,8.64,0,Idukki,Kerala
2018-11-30,2.15,10.929999999999987,30.17999999999999,144.04,8.64,0,Idukki,Kerala
2018-12-01,0.32,11.109999999999987,16.019999999999985,73.01000000000002,8.64,0,Idukki,Kerala
2018-12-02,0.0,2.4699999999999855,11.249999999999988,72.92000000000002,2.15,0,Idukki,Kerala
2018-12-03,0.07,0.3899999999999858,11.319999999999986,69.25000000000001,0.32,0,Idukki,Kerala
2018-12-04,9.18,9.249999999999986,20.499999999999986,66.08000000000001,9.18,0,Idukki,Kerala
2018-12-05,0.71,9.959999999999987,21.069999999999986,56.41000000000001,9.18,0,Idukki,Kerala
2018-12-06,0.77,10.659999999999986,13.199999999999985,53.37000000000002,9.18,0,Idukki,Kerala
2018-12-07,0.35,1.8299999999999859,11.399999999999984,50.52000000000001,0.77,0,Idukki,Kerala
2018-12-08,0.07,1.1899999999999857,11.149999999999984,41.65000000000001,0.77,0,Idukki,Kerala
2018-12-09,0.0,0.4199999999999858,11.149999999999984,27.170000000000012,0.35,0,Idukki,Kerala
2018-12-10,0.0,0.0699999999999858,11.079999999999986,22.400000000000013,0.07,0,Idukki,Kerala
2018-12-11,0.0,0.0,1.8999999999999857,22.400000000000013,0.0,0,Idukki,Kerala
2018-12-12,0.0,0.0,1.1899999999999857,22.400000000000013,0.0,0,Idukki,Kerala
2018-12-13,0.0,0.0,0.4199999999999858,22.260000000000016,0.0,0,Idukki,Kerala
2018-12-14,0.01,0.00999999999998579,0.07999999999998579,13.630000000000013,0.01,0,Idukki,Kerala
2018-12-15,0.0,0.00999999999998579,0.00999999999998579,11.480000000000013,0.01,0,Idukki,Kerala
2018-12-16,0.0,0.00999999999998579,0.00999999999998579,11.160000000000013,0.01,0,Idukki,Kerala
2018-12-17,0.0,0.0,0.00999999999998579,11.160000000000013,0.0,0,Idukki,Kerala
2018-12-18,0.0,0.0,0.00999999999998579,11.090000000000014,0.0,0,Idukki,Kerala
2018-12-19,0.0,0.0,0.00999999999998579,1.9100000000000141,0.0,0,Idukki,Kerala
2018-12-20,0.0,0.0,0.00999999999998579,1.2000000000000142,0.0,0,Idukki,Kerala
2018-12-21,0.0,0.0,0.0,0.4300000000000142,0.0,0,Idukki,Kerala
2018-12-22,0.05,0.04999999999998579,0.04999999999998579,0.13000000000001422,0.05,0,Idukki,Kerala
2018-12-23,1.62,1.669999999999986,1.669999999999986,1.6800000000000144,1.62,0,Idukki,Kerala
2018-12-24,0.8,2.469999999999986,2.469999999999986,2.4800000000000146,1.62,0,Idukki,Kerala
2018-12-25,1.87,4.289999999999987,4.339999999999986,4.350000000000015,1.87,0,Idukki,Kerala
2018-12-26,0.31,2.979999999999986,4.649999999999986,4.660000000000014,1.87,0,Idukki,Kerala
2018-12-27,0.29,2.469999999999986,4.939999999999986,4.950000000000014,1.87,0,Idukki,Kerala
2018-12-28,0.76,1.3599999999999857,5.699999999999986,5.710000000000014,0.76,0,Idukki,Kerala
2018-12-29,1.75,2.7999999999999856,7.399999999999986,7.450000000000015,1.75,0,Idukki,Kerala
2018-12-30,0.01,2.5199999999999854,5.789999999999986,7.460000000000015,1.75,0,Idukki,Kerala
2018-12-31,0.0,1.7599999999999858,4.989999999999986,7.460000000000015,1.75,0,Idukki,Kerala
2019-01-01,0.0,0.00999999999998579,3.1199999999999855,7.460000000000015,0.01,0,Idukki,Kerala
2019-01-02,0.0,0.0,2.8099999999999854,7.460000000000015,0.0,0,Idukki,Kerala
2019-01-03,0.0,0.0,2.5199999999999854,7.460000000000015,0.0,0,Idukki,Kerala
2019-01-04,0.0,0.0,1.7599999999999858,7.460000000000015,0.0,0,Idukki,Kerala
2019-01-05,0.0,0.0,0.00999999999998579,7.460000000000015,0.0,0,Idukki,Kerala
2019-01-06,0.0,0.0,0.0,7.410000000000015,0.0,0,Idukki,Kerala
2019-01-07,0.0,0.0,0.0,5.790000000000015,0.0,0,Idukki,Kerala
2019-01-08,0.0,0.0,0.0,4.990000000000014,0.0,0,Idukki,Kerala
2019-01-09,0.0,0.0,0.0,3.120000000000014,0.0,0,Idukki,Kerala
2019-01-10,0.0,0.0,0.0,2.8100000000000143,0.0,0,Idukki,Kerala
2019-01-11,0.0,0.0,0.0,2.5200000000000142,0.0,0,Idukki,Kerala
2019-01-12,0.0,0.0,0.0,1.7600000000000142,0.0,0,Idukki,Kerala
2019-01-13,0.0,0.0,0.0,0.010000000000014211,0.0,0,Idukki,Kerala
2019-01-14,0.12,0.11999999999998578,0.11999999999998578,0.1200000000000142,0.12,0,Idukki,Kerala
2019-01-15,0.19,0.3099999999999858,0.3099999999999858,0.3100000000000142,0.19,0,Idukki,Kerala
2019-01-16,0.0,0.3099999999999858,0.3099999999999858,0.3100000000000142,0.19,0,Idukki,Kerala
2019-01-17,0.0,0.1899999999999858,0.3099999999999858,0.3100000000000142,0.19,0,Idukki,Kerala
2019-01-18,0.0,0.0,0.3099999999999858,0.3100000000000142,0.0,0,Idukki,Kerala
2019-01-19,0.0,0.0,0.3099999999999858,0.3100000000000142,0.0,0,Idukki,Kerala
2019-01-20,0.0,0.0,0.3099999999999858,0.3100000000000142,0.0,0,Idukki,Kerala
2019-01-21,0.0,0.0,0.1899999999999858,0.3100000000000142,0.0,0,Idukki,Kerala
2019-01-22,0.0,0.0,0.0,0.3100000000000142,0.0,0,Idukki,Kerala
2019-01-23,0.0,0.0,0.0,0.3100000000000142,0.0,0,Idukki,Kerala
2019-01-24,0.0,0.0,0.0,0.3100000000000142,0.0,0,Idukki,Kerala
2019-01-25,0.0,0.0,0.0,0.3100000000000142,0.0,0,Idukki,Kerala
2019-01-26,0.0,0.0,0.0,0.3100000000000142,0.0,0,Idukki,Kerala
2019-01-27,0.02,0.01999999999998579,0.01999999999998579,0.3300000000000142,0.02,0,Idukki,Kerala
2019-01-28,0.01,0.029999999999985788,0.029999999999985788,0.34000000000001424,0.02,0,Idukki,Kerala
2019-01-29,0.0,0.029999999999985788,0.029999999999985788,0.2200000000000142,0.02,0,Idukki,Kerala
2019-01-30,0.0,0.00999999999998579,0.029999999999985788,0.03000000000001421,0.01,0,Idukki,Kerala
2019-01-31,0.0,0.0,0.029999999999985788,0.03000000000001421,0.0,0,Idukki,Kerala
2019-02-01,0.0,0.0,0.029999999999985788,0.03000000000001421,0.0,0,Idukki,Kerala
2019-02-02,0.0,0.0,0.029999999999985788,0.03000000000001421,0.0,0,Idukki,Kerala
2019-02-03,0.0,0.0,0.00999999999998579,0.03000000000001421,0.0,0,Idukki,Kerala
2019-02-04,0.01,0.00999999999998579,0.00999999999998579,0.04000000000001421,0.01,0,Idukki,Kerala
2019-02-05,0.09,0.09999999999998578,0.09999999999998578,0.13000000000001422,0.09,0,Idukki,Kerala
2019-02-06,0.48,0.5799999999999857,0.5799999999999857,0.6100000000000142,0.48,0,Idukki,Kerala
2019-02-07,0.55,1.119999999999986,1.1299999999999857,1.1600000000000144,0.55,0,Idukki,Kerala
2019-02-08,0.0,1.0299999999999856,1.1299999999999857,1.1600000000000144,0.55,0,Idukki,Kerala
2019-02-09,4.41,4.959999999999986,5.539999999999986,5.5700000000000145,4.41,0,Idukki,Kerala
2019-02-10,8.14,12.549999999999986,13.679999999999986,13.710000000000015,8.14,0,Idukki,Kerala
2019-02-11,0.39,12.939999999999987,14.059999999999986,14.080000000000016,8.14,0,Idukki,Kerala
2019-02-12,0.0,8.529999999999987,13.969999999999986,14.070000000000016,8.14,0,Idukki,Kerala
2019-02-13,0.0,0.3899999999999858,13.489999999999986,14.070000000000016,0.39,0,Idukki,Kerala
2019-02-14,0.0,0.0,12.939999999999985,14.070000000000016,0.0,0,Idukki,Kerala
2019-02-15,0.11,0.10999999999998579,13.049999999999985,14.180000000000016,0.11,0,Idukki,Kerala
2019-02-16,0.23,0.3399999999999858,8.869999999999987,14.410000000000016,0.23,0,Idukki,Kerala
2019-02-17,0.23,0.5699999999999859,0.9599999999999859,14.640000000000017,0.23,0,Idukki,Kerala
2019-02-18,0.0,0.4599999999999858,0.5699999999999859,14.640000000000017,0.23,0,Idukki,Kerala
2019-02-19,0.09,0.31999999999998574,0.6599999999999858,14.720000000000017,0.23,0,Idukki,Kerala
2019-02-20,0.02,0.10999999999998576,0.6799999999999858,14.650000000000015,0.09,0,Idukki,Kerala
2019-02-21,0.0,0.10999999999998576,0.6799999999999858,14.170000000000016,0.09,0,Idukki,Kerala
2019-02-22,0.0,0.019999999999985762,0.5699999999999859,13.620000000000015,0.02,0,Idukki,Kerala
2019-02-23,0.0,0.0,0.3399999999999858,13.620000000000015,0.0,0,Idukki,Kerala
2019-02-24,0.0,0.0,0.10999999999998579,9.210000000000015,0.0,0,Idukki,Kerala
2019-02-25,0.0,0.0,0.10999999999998579,1.0700000000000143,0.0,0,Idukki,Kerala
2019-02-26,0.0,0.0,0.01999999999998579,0.6800000000000143,0.0,0,Idukki,Kerala
2019-02-27,0.0,0.0,0.0,0.6800000000000143,0.0,0,Idukki,Kerala
2019-02-28,0.12,0.11999999999998576,0.11999999999998578,0.8000000000000143,0.12,0,Idukki,Kerala
2019-03-01,0.31,0.4299999999999857,0.4299999999999858,1.1100000000000143,0.31,0,Idukki,Kerala
2019-03-02,0.81,1.2399999999999858,1.2399999999999858,1.8100000000000143,0.81,0,Idukki,Kerala
2019-03-03,0.44,1.5599999999999858,1.6799999999999857,2.0200000000000142,0.81,0,Idukki,Kerala
2019-03-04,0.03,1.2799999999999858,1.7099999999999858,1.8200000000000143,0.81,0,Idukki,Kerala
2019-03-05,0.0,0.46999999999998576,1.7099999999999858,1.8200000000000143,0.44,0,Idukki,Kerala
2019-03-06,1.4,1.4299999999999857,3.1099999999999857,3.130000000000014,1.4,0,Idukki,Kerala
2019-03-07,0.59,1.9899999999999856,3.5799999999999854,3.700000000000014,1.4,0,Idukki,Kerala
2019-03-08,0.03,2.019999999999986,3.2999999999999856,3.730000000000014,1.4,0,Idukki,Kerala
2019-03-09,7.3,7.919999999999986,9.789999999999985,11.030000000000014,7.3,0,Idukki,Kerala
2019-03-10,2.98,10.309999999999986,12.329999999999986,14.010000000000014,7.3,0,Idukki,Kerala
2019-03-11,0.0,10.279999999999987,12.299999999999985,14.010000000000014,7.3,0,Idukki,Kerala
2019-03-12,0.0,2.9799999999999858,12.299999999999985,14.010000000000014,2.98,0,Idukki,Kerala
2019-03-13,0.0,0.0,10.899999999999984,14.010000000000014,0.0,0,Idukki,Kerala
2019-03-14,0.0,0.0,10.309999999999985,14.010000000000014,0.0,0,Idukki,Kerala
2019-03-15,0.0,0.0,10.279999999999985,13.890000000000015,0.0,0,Idukki,Kerala
2019-03-16,0.0,0.0,2.9799999999999858,13.580000000000014,0.0,0,Idukki,Kerala
2019-03-17,0.0,0.0,0.0,12.770000000000014,0.0,0,Idukki,Kerala
2019-03-18,0.6,0.5999999999999858,0.5999999999999858,12.930000000000014,0.6,0,Idukki,Kerala
2019-03-19,0.8,1.3999999999999857,1.3999999999999857,13.700000000000014,0.8,0,Idukki,Kerala
2019-03-20,0.83,2.2299999999999858,2.2299999999999858,14.530000000000014,0.83,0,Idukki,Kerala
2019-03-21,0.01,1.6399999999999857,2.2399999999999856,13.140000000000015,0.83,0,Idukki,Kerala
2019-03-22,0.0,0.8399999999999858,2.2399999999999856,12.550000000000015,0.83,0,Idukki,Kerala
2019-03-23,0.0,0.00999999999998579,2.2399999999999856,12.520000000000014,0.01,0,Idukki,Kerala
2019-03-24,0.0,0.0,2.2399999999999856,5.220000000000015,0.0,0,Idukki,Kerala
2019-03-25,0.0,0.0,1.6399999999999857,2.240000000000015,0.0,0,Idukki,Kerala
2019-03-26,0.0,0.0,0.8399999999999858,2.240000000000015,0.0,0,Idukki,Kerala
2019-03-27,0.01,0.00999999999998579,0.01999999999998579,2.250000000000015,0.01,0,Idukki,Kerala
2019-03-28,0.01,0.01999999999998579,0.01999999999998579,2.260000000000015,0.01,0,Idukki,Kerala
2019-03-29,0.01,0.03,0.029999999999985788,2.270000000000015,0.01,0,Idukki,Kerala
2019-03-30,0.0,0.019999999999985786,0.029999999999985788,2.270000000000015,0.01,0,Idukki,Kerala
2019-03-31,0.0,0.00999999999998579,0.029999999999985788,2.270000000000015,0.01,0,Idukki,Kerala
2019-04-01,0.0,0.0,0.029999999999985788,2.270000000000015,0.0,0,Idukki,Kerala
2019-04-02,0.0,0.0,0.029999999999985788,1.670000000000015,0.0,0,Idukki,Kerala
2019-04-03,0.0,0.0,0.019999999999985786,0.8700000000000151,0.0,0,Idukki,Kerala
2019-04-04,1.18,1.1799999999999857,1.1899999999999857,1.220000000000015,1.18,0,Idukki,Kerala
2019-04-05,0.89,2.0699999999999856,2.0699999999999856,2.100000000000015,1.18,0,Idukki,Kerala
2019-04-06,0.16,2.2299999999999858,2.2299999999999858,2.260000000000015,1.18,0,Idukki,Kerala
2019-04-07,0.07,1.119999999999986,2.2999999999999856,2.330000000000015,0.89,0,Idukki,Kerala
2019-04-08,0.0,0.2299999999999858,2.2999999999999856,2.330000000000015,0.16,0,Idukki,Kerala
2019-04-09,0.61,0.6799999999999857,2.909999999999986,2.940000000000015,0.61,0,Idukki,Kerala
2019-04-10,0.3,0.9099999999999857,3.2099999999999858,3.240000000000015,0.61,0,Idukki,Kerala
2019-04-11,0.01,0.9199999999999857,2.039999999999986,3.2400000000000153,0.61,0,Idukki,Kerala
2019-04-12,0.0,0.3099999999999859,1.149999999999986,3.230000000000015,0.3,0,Idukki,Kerala
2019-04-13,0.0,0.0099999999999859,0.9899999999999857,3.2200000000000153,0.01,0,Idukki,Kerala
2019-04-14,0.0,0.0,0.9199999999999857,3.2200000000000153,0.0,0,Idukki,Kerala
2019-04-15,0.0,0.0,0.9199999999999857,3.2200000000000153,0.0,0,Idukki,Kerala
2019-04-16,5.8,5.799999999999986,6.109999999999985,9.020000000000016,5.8,0,Idukki,Kerala
2019-04-17,17.67,23.469999999999988,23.479999999999986,26.69000000000002,17.67,0,Idukki,Kerala
2019-04-18,7.13,30.599999999999987,30.599999999999984,33.82000000000002,17.67,0,Idukki,Kerala
2019-04-19,16.31,41.109999999999985,46.90999999999998,48.95000000000002,17.67,0,Idukki,Kerala
2019-04-20,22.16,45.59999999999998,69.06999999999998,70.22000000000001,22.16,0,Idukki,Kerala
2019-04-21,1.68,40.149999999999984,70.74999999999999,71.74000000000002,22.16,0,Idukki,Kerala
2019-04-22,8.68,32.51999999999998,79.42999999999998,80.35000000000001,22.16,0,Idukki,Kerala
2019-04-23,15.54,25.899999999999984,89.16999999999999,95.89000000000001,15.54,0,Idukki,Kerala
2019-04-24,1.35,25.569999999999986,72.84999999999998,96.63000000000001,15.54,0,Idukki,Kerala
2019-04-25,3.63,20.519999999999985,69.34999999999998,99.96000000000001,15.54,0,Idukki,Kerala
2019-04-26,1.5,6.479999999999986,54.539999999999985,101.45,3.63,0,Idukki,Kerala
2019-04-27,0.01,5.139999999999986,32.38999999999998,101.46000000000001,3.63,0,Idukki,Kerala
2019-04-28,0.0,1.5099999999999858,30.709999999999983,101.46000000000001,1.5,0,Idukki,Kerala
2019-04-29,2.53,2.539999999999986,24.559999999999985,103.99000000000001,2.53,0,Idukki,Kerala
2019-04-30,1.02,3.5499999999999856,10.039999999999985,105.01,2.53,0,Idukki,Kerala
2019-05-01,2.42,5.9699999999999855,11.109999999999985,101.63000000000001,2.53,0,Idukki,Kerala
2019-05-02,0.75,4.189999999999985,8.229999999999984,84.71000000000001,2.42,0,Idukki,Kerala
2019-05-03,0.0,3.1699999999999857,6.729999999999984,77.58000000000001,2.42,0,Idukki,Kerala
2019-05-04,0.0,0.7499999999999858,6.719999999999985,61.27000000000001,0.75,0,Idukki,Kerala
2019-05-05,0.0,0.0,6.719999999999985,39.110000000000014,0.0,0,Idukki,Kerala
2019-05-06,0.62,0.6199999999999858,4.809999999999985,38.05000000000002,0.62,0,Idukki,Kerala
2019-05-07,0.93,1.5499999999999858,4.7199999999999855,30.300000000000015,0.93,0,Idukki,Kerala
2019-05-08,0.49,2.039999999999986,2.789999999999986,15.250000000000018,0.93,0,Idukki,Kerala
2019-05-09,1.04,2.4599999999999858,3.079999999999986,14.940000000000017,1.04,0,Idukki,Kerala
2019-05-10,0.9,2.429999999999986,3.9799999999999858,12.210000000000017,1.04,0,Idukki,Kerala
2019-05-11,0.03,1.9699999999999858,4.009999999999986,10.740000000000016,1.04,0,Idukki,Kerala
2019-05-12,0.62,1.5499999999999858,4.629999999999986,11.350000000000017,0.9,0,Idukki,Kerala
2019-05-13,0.17,0.8199999999999859,4.1799999999999855,11.520000000000017,0.62,0,Idukki,Kerala
2019-05-14,0.1,0.8899999999999858,3.3499999999999863,9.090000000000018,0.62,0,Idukki,Kerala
2019-05-15,6.38,6.649999999999986,9.239999999999986,14.450000000000017,6.38,0,Idukki,Kerala
2019-05-16,1.69,8.169999999999986,9.889999999999985,13.720000000000018,6.38,0,Idukki,Kerala
2019-05-17,0.81,8.879999999999985,9.799999999999986,13.780000000000019,6.38,0,Idukki,Kerala
2019-05-18,0.2,2.699999999999985,9.969999999999985,13.980000000000018,1.69,0,Idukki,Kerala
2019-05-19,0.01,1.019999999999985,9.359999999999987,13.990000000000018,0.81,0,Idukki,Kerala
2019-05-20,0.05,0.2599999999999849,9.239999999999986,14.040000000000019,0.2,0,Idukki,Kerala
2019-05-21,0.09,0.1499999999999849,9.229999999999986,13.510000000000018,0.09,0,Idukki,Kerala
2019-05-22,0.03,0.16999999999998489,2.8799999999999857,12.610000000000017,0.09,0,Idukki,Kerala
2019-05-23,0.64,0.7599999999999849,1.8299999999999859,12.760000000000018,0.64,0,Idukki,Kerala
2019-05-24,8.46,9.129999999999987,9.479999999999986,20.18000000000002,8.46,0,Idukki,Kerala
2019-05-25,7.93,17.029999999999987,17.209999999999987,27.210000000000015,8.46,0,Idukki,Kerala
2019-05-26,1.63,18.019999999999985,18.829999999999984,28.81000000000002,8.46,0,Idukki,Kerala
2019-05-27,0.34,9.899999999999986,19.119999999999983,28.53000000000002,7.93,0,Idukki,Kerala
2019-05-28,2.2,4.169999999999986,21.229999999999983,30.56000000000002,2.2,0,Idukki,Kerala
2019-05-29,8.18,10.719999999999985,29.37999999999999,38.640000000000015,8.18,0,Idukki,Kerala
2019-05-30,3.81,14.189999999999985,32.54999999999998,36.070000000000014,8.18,0,Idukki,Kerala
2019-05-31,14.19,26.179999999999986,38.27999999999999,48.57000000000002,14.19,0,Idukki,Kerala
2019-06-01,0.99,18.989999999999984,31.339999999999986,48.750000000000014,14.19,1,Idukki,Kerala
2019-06-02,4.26,19.439999999999984,33.969999999999985,52.81000000000002,14.19,1,Idukki,Kerala
2019-06-03,5.0,10.249999999999984,38.62999999999998,57.80000000000001,5.0,1,Idukki,Kerala
2019-06-04,4.32,13.579999999999984,40.749999999999986,62.07000000000002,5.0,1,Idukki,Kerala
2019-06-05,28.35,37.66999999999999,60.91999999999999,90.33000000000003,28.35,1,Idukki,Kerala
2019-06-06,17.61,50.27999999999999,74.71999999999998,107.91000000000003,28.35,1,Idukki,Kerala
2019-06-07,3.9,49.859999999999985,64.42999999999999,111.17000000000002,28.35,1,Idukki,Kerala
2019-06-08,6.07,27.579999999999984,69.50999999999999,108.78000000000002,17.61,1,Idukki,Kerala
2019-06-09,29.04,39.009999999999984,94.28999999999998,129.89000000000001,29.04,1,Idukki,Kerala
2019-06-10,18.8,53.90999999999998,108.08999999999997,147.06000000000003,29.04,1,Idukki,Kerala
2019-06-11,14.37,62.20999999999999,118.13999999999999,161.09000000000003,29.04,1,Idukki,Kerala
2019-06-12,7.23,40.399999999999984,97.02,166.12000000000003,18.8,1,Idukki,Kerala
2019-06-13,6.28,27.879999999999985,85.69,164.22000000000003,14.37,1,Idukki,Kerala
2019-06-14,6.09,19.599999999999987,87.87999999999998,166.50000000000003,7.23,1,Idukki,Kerala
2019-06-15,2.29,14.659999999999986,84.09999999999998,154.60000000000002,6.28,1,Idukki,Kerala
2019-06-16,0.52,8.899999999999984,55.579999999999984,154.13000000000002,6.09,1,Idukki,Kerala
2019-06-17,0.36,3.1699999999999857,37.139999999999986,150.23000000000002,2.29,1,Idukki,Kerala
2019-06-18,3.1,3.9799999999999858,25.869999999999983,148.33000000000004,3.1,1,Idukki,Kerala
2019-06-19,7.23,10.689999999999987,25.86999999999999,151.24000000000004,7.23,1,Idukki,Kerala
2019-06-20,7.63,17.959999999999987,27.219999999999988,130.52,7.63,1,Idukki,Kerala
2019-06-21,8.18,23.039999999999985,29.309999999999988,121.09000000000003,8.18,1,Idukki,Kerala
2019-06-22,21.23,37.039999999999985,48.249999999999986,138.42000000000002,21.23,1,Idukki,Kerala
2019-06-23,6.59,35.999999999999986,54.319999999999986,138.94000000000003,21.23,1,Idukki,Kerala
2019-06-24,3.88,31.699999999999985,57.83999999999999,113.78000000000003,21.23,1,Idukki,Kerala
2019-06-25,2.31,12.779999999999985,57.04999999999998,97.29000000000002,6.59,1,Idukki,Kerala
2019-06-26,0.03,6.2199999999999855,49.84999999999999,82.95000000000002,3.88,1,Idukki,Kerala
2019-06-27,0.0,2.3399999999999856,42.219999999999985,75.72000000000001,2.31,1,Idukki,Kerala
2019-06-28,0.02,0.04999999999998579,34.05999999999999,69.46000000000002,0.03,1,Idukki,Kerala
2019-06-29,0.02,0.03999999999998579,12.849999999999985,63.39000000000002,0.02,1,Idukki,Kerala
2019-06-30,0.01,0.04999999999998579,6.269999999999985,61.11000000000002,0.02,1,Idukki,Kerala
2019-07-01,0.08,0.10999999999998579,2.469999999999986,60.67000000000002,0.08,1,Idukki,Kerala
2019-07-02,3.35,3.4399999999999857,3.509999999999986,63.660000000000025,3.35,1,Idukki,Kerala
2019-07-03,7.45,10.879999999999987,10.929999999999986,68.01000000000002,7.45,1,Idukki,Kerala
2019-07-04,11.76,22.559999999999985,22.689999999999987,72.54000000000002,11.76,1,Idukki,Kerala
2019-07-05,5.32,24.529999999999983,27.989999999999988,70.23000000000002,11.76,1,Idukki,Kerala
2019-07-06,4.56,21.639999999999983,32.52999999999999,66.61000000000001,11.76,1,Idukki,Kerala
2019-07-07,5.35,15.229999999999983,37.86999999999999,50.73000000000002,5.35,1,Idukki,Kerala
2019-07-08,5.58,15.489999999999984,43.36999999999998,49.72000000000002,5.58,1,Idukki,Kerala
2019-07-09,9.23,20.159999999999986,49.249999999999986,55.07000000000002,9.23,1,Idukki,Kerala
2019-07-10,7.83,22.639999999999986,49.62999999999999,60.59000000000002,9.23,1,Idukki,Kerala
2019-07-11,1.55,18.609999999999985,39.41999999999999,62.11000000000002,9.23,1,Idukki,Kerala
2019-07-12,0.15,9.529999999999985,34.24999999999998,62.26000000000002,7.83,1,Idukki,Kerala
2019-07-13,3.53,5.229999999999986,33.219999999999985,65.77000000000002,3.53,1,Idukki,Kerala
2019-07-14,5.2,8.879999999999985,33.069999999999986,70.95000000000003,5.2,1,Idukki,Kerala
2019-07-15,12.05,20.779999999999987,39.539999999999985,82.99000000000002,12.05,1,Idukki,Kerala
2019-07-16,9.64,26.889999999999986,39.94999999999999,92.55000000000003,12.05,1,Idukki,Kerala
2019-07-17,10.72,32.40999999999998,42.83999999999999,99.92000000000002,12.05,1,Idukki,Kerala
2019-07-18,27.76,48.11999999999999,69.04999999999998,120.23000000000003,27.76,1,Idukki,Kerala
2019-07-19,44.93,83.40999999999998,113.83,153.40000000000003,44.93,1,Idukki,Kerala
2019-07-20,28.39,101.07999999999998,138.69,176.47000000000003,44.93,1,Idukki,Kerala
2019-07-21,19.96,93.27999999999997,153.45,191.87000000000003,44.93,1,Idukki,Kerala
2019-07-22,13.02,61.369999999999976,154.42,199.54000000000002,28.39,1,Idukki,Kerala
2019-07-23,4.77,37.74999999999998,149.54999999999998,198.73000000000002,19.96,1,Idukki,Kerala
2019-07-24,12.43,30.219999999999978,151.26,201.93000000000004,13.02,1,Idukki,Kerala
2019-07-25,8.97,26.16999999999998,132.47,203.07000000000002,12.43,1,Idukki,Kerala
2019-07-26,5.62,27.01999999999998,93.15999999999998,207.14000000000004,12.43,1,Idukki,Kerala
2019-07-27,0.0,14.589999999999979,64.76999999999998,206.99000000000004,8.97,1,Idukki,Kerala
2019-07-28,0.46,6.079999999999979,45.26999999999999,203.92000000000002,5.62,1,Idukki,Kerala
2019-07-29,0.22,0.6799999999999787,32.469999999999985,198.94,0.46,1,Idukki,Kerala
2019-07-30,0.08,0.7599999999999787,27.779999999999987,186.97000000000003,0.46,1,Idukki,Kerala
2019-07-31,0.12,0.41999999999997867,15.469999999999986,177.45000000000002,0.22,1,Idukki,Kerala
2019-08-01,0.74,0.9399999999999786,7.239999999999986,167.47,0.74,1,Idukki,Kerala
2019-08-02,1.57,2.429999999999979,3.1899999999999857,141.28000000000003,1.57,1,Idukki,Kerala
2019-08-03,1.41,3.7199999999999784,4.599999999999985,97.76000000000002,1.57,1,Idukki,Kerala
2019-08-04,4.3,7.279999999999978,8.439999999999985,73.67000000000002,4.3,1,Idukki,Kerala
2019-08-05,5.91,11.61999999999998,14.129999999999985,59.62000000000001,5.91,1,Idukki,Kerala
2019-08-06,25.51,35.719999999999985,39.55999999999999,72.11000000000001,25.51,1,Idukki,Kerala
2019-08-07,33.53,64.94999999999999,72.97,100.87000000000002,33.53,1,Idukki,Kerala
2019-08-08,55.04,114.07999999999998,127.27,143.48000000000002,55.04,1,Idukki,Kerala
2019-08-09,55.17,143.73999999999998,180.87,189.68000000000004,55.17,1,Idukki,Kerala
2019-08-10,25.37,135.57999999999998,204.82999999999998,209.43000000000004,55.17,1,Idukki,Kerala
2019-08-11,17.84,98.38,218.36999999999998,227.27000000000004,55.17,1,Idukki,Kerala
2019-08-12,8.96,52.16999999999999,221.42,235.77,25.37,1,Idukki,Kerala
2019-08-13,35.14,61.93999999999998,231.05,270.69,35.14,1,Idukki,Kerala
2019-08-14,16.81,60.90999999999998,214.32999999999998,287.42,35.14,1,Idukki,Kerala
2019-08-15,2.98,54.929999999999986,162.26999999999998,290.28000000000003,35.14,1,Idukki,Kerala
2019-08-16,5.18,24.969999999999985,112.27999999999999,294.72,16.81,1,Idukki,Kerala
2019-08-17,8.76,16.919999999999987,95.66999999999999,301.91,8.76,1,Idukki,Kerala
2019-08-18,17.62,31.559999999999985,95.44999999999999,318.12,17.62,1,Idukki,Kerala
2019-08-19,6.99,33.36999999999998,93.47999999999999,320.81000000000006,17.62,1,Idukki,Kerala
2019-08-20,11.89,36.499999999999986,70.22999999999999,326.79,17.62,1,Idukki,Kerala
2019-08-21,11.29,30.16999999999998,64.70999999999998,312.57000000000005,11.89,1,Idukki,Kerala
2019-08-22,19.67,42.84999999999998,81.39999999999999,298.71000000000004,19.67,1,Idukki,Kerala
2019-08-23,5.94,36.89999999999998,82.16,249.61,19.67,1,Idukki,Kerala
2019-08-24,5.31,30.91999999999998,78.71,199.75000000000003,19.67,1,Idukki,Kerala
2019-08-25,9.93,21.17999999999998,71.01999999999998,184.31000000000003,9.93,1,Idukki,Kerala
2019-08-26,12.88,28.119999999999976,76.91,179.35000000000002,12.88,1,Idukki,Kerala
2019-08-27,11.38,34.18999999999998,76.39999999999999,181.77,12.88,1,Idukki,Kerala
2019-08-28,4.99,29.24999999999998,70.1,151.62000000000003,12.88,1,Idukki,Kerala
2019-08-29,21.54,37.909999999999975,71.96999999999998,156.35000000000002,21.54,1,Idukki,Kerala
2019-08-30,5.07,31.599999999999977,71.1,158.44000000000003,21.54,1,Idukki,Kerala
2019-08-31,5.6,32.20999999999998,71.38999999999999,158.86,21.54,1,Idukki,Kerala
2019-09-01,8.72,19.38999999999998,70.17999999999998,158.82,8.72,1,Idukki,Kerala
2019-09-02,17.99,32.309999999999974,75.28999999999998,159.19,17.99,1,Idukki,Kerala
2019-09-03,7.04,33.74999999999998,70.94999999999999,159.24,17.99,1,Idukki,Kerala
2019-09-04,4.26,29.289999999999978,70.21999999999997,151.61,17.99,1,Idukki,Kerala
2019-09-05,8.5,19.79999999999998,57.179999999999986,148.82000000000002,8.5,1,Idukki,Kerala
2019-09-06,12.91,25.66999999999998,65.01999999999998,142.06000000000003,12.91,1,Idukki,Kerala
2019-09-07,7.91,29.31999999999998,67.32999999999998,144.03,12.91,1,Idukki,Kerala
2019-09-08,6.11,26.92999999999998,64.71999999999998,144.83000000000004,12.91,1,Idukki,Kerala
2019-09-09,7.96,21.97999999999998,54.68999999999999,142.86,7.96,1,Idukki,Kerala
2019-09-10,12.66,26.72999999999998,60.30999999999999,142.64000000000001,12.66,1,Idukki,Kerala
2019-09-11,22.84,43.45999999999998,78.88999999999999,154.1,22.84,1,Idukki,Kerala
2019-09-12,10.63,46.12999999999998,81.01999999999998,159.74,22.84,1,Idukki,Kerala
2019-09-13,15.41,48.87999999999998,83.52,153.61,22.84,1,Idukki,Kerala
2019-09-14,5.7,31.73999999999998,81.30999999999997,154.24,15.41,1,Idukki,Kerala
2019-09-15,7.26,28.369999999999976,82.45999999999998,155.9,15.41,1,Idukki,Kerala
2019-09-16,11.33,24.289999999999978,85.82999999999998,158.51000000000002,11.33,1,Idukki,Kerala
2019-09-17,14.73,33.31999999999998,87.89999999999999,155.25,14.73,1,Idukki,Kerala
2019-09-18,12.25,38.30999999999998,77.30999999999999,160.46,14.73,1,Idukki,Kerala
2019-09-19,12.38,39.359999999999985,79.05999999999999,168.58,14.73,1,Idukki,Kerala
2019-09-20,3.25,27.87999999999998,66.89999999999999,163.33,12.38,1,Idukki,Kerala
2019-09-21,1.71,17.339999999999982,62.90999999999999,152.13000000000002,12.38,1,Idukki,Kerala
2019-09-22,10.67,15.62999999999998,66.32,154.89000000000004,10.67,1,Idukki,Kerala
2019-09-23,17.13,29.509999999999977,72.11999999999999,165.91000000000003,17.13,1,Idukki,Kerala
2019-09-24,28.25,56.04999999999998,85.63999999999999,186.20000000000002,28.25,1,Idukki,Kerala
2019-09-25,11.2,56.57999999999998,84.58999999999999,184.74,28.25,1,Idukki,Kerala
2019-09-26,4.34,43.78999999999998,76.54999999999998,166.24,28.25,1,Idukki,Kerala
2019-09-27,11.62,27.159999999999982,84.91999999999999,167.23000000000002,11.62,1,Idukki,Kerala
2019-09-28,12.06,28.019999999999982,95.26999999999998,163.88000000000002,12.06,1,Idukki,Kerala
2019-09-29,16.93,40.609999999999985,101.52999999999997,175.11,16.93,1,Idukki,Kerala
2019-09-30,33.88,62.86999999999998,118.27999999999999,201.73000000000002,33.88,1,Idukki,Kerala
2019-10-01,3.22,54.02999999999998,93.24999999999999,193.62000000000003,33.88,0,Idukki,Kerala
2019-10-02,13.2,50.29999999999998,95.24999999999999,192.09,33.88,0,Idukki,Kerala
2019-10-03,7.25,23.66999999999998,98.16,187.09,13.2,0,Idukki,Kerala
2019-10-04,1.11,21.55999999999998,87.64999999999999,175.82000000000002,13.2,0,Idukki,Kerala
2019-10-05,4.19,12.54999999999998,79.77999999999999,176.76000000000002,7.25,0,Idukki,Kerala
2019-10-06,9.98,15.27999999999998,72.82999999999998,185.03,9.98,0,Idukki,Kerala
2019-10-07,9.51,23.67999999999998,48.45999999999999,183.87,9.98,0,Idukki,Kerala
2019-10-08,17.34,36.829999999999984,62.579999999999984,184.08,17.34,0,Idukki,Kerala
2019-10-09,3.88,30.72999999999998,53.259999999999984,159.71000000000004,17.34,0,Idukki,Kerala
2019-10-10,2.39,23.609999999999978,48.399999999999984,150.9,17.34,0,Idukki,Kerala
2019-10-11,15.13,21.399999999999984,62.41999999999999,161.69,15.13,0,Idukki,Kerala
2019-10-12,10.46,27.979999999999983,68.68999999999998,160.53000000000003,15.13,0,Idukki,Kerala
2019-10-13,36.29,61.87999999999998,94.99999999999999,184.76000000000002,36.29,0,Idukki,Kerala
2019-10-14,15.82,62.56999999999998,101.30999999999997,183.65000000000003,36.29,0,Idukki,Kerala
2019-10-15,8.54,60.64999999999998,92.50999999999999,158.31000000000003,36.29,0,Idukki,Kerala
2019-10-16,39.55,63.909999999999975,128.17999999999998,194.64000000000001,39.55,0,Idukki,Kerala
2019-10-17,18.33,66.41999999999997,144.11999999999998,199.77,39.55,0,Idukki,Kerala
2019-10-18,22.96,80.83999999999997,151.95,215.48000000000002,39.55,0,Idukki,Kerala
2019-10-19,16.58,57.869999999999976,158.06999999999996,230.95000000000002,22.96,0,Idukki,Kerala
2019-10-20,39.45,78.98999999999998,161.23,266.21000000000004,39.45,0,Idukki,Kerala
2019-10-21,52.81,108.83999999999997,198.22,309.04,52.81,0,Idukki,Kerala
2019-10-22,3.74,95.99999999999999,193.42,303.27000000000004,52.81,0,Idukki,Kerala
2019-10-23,23.0,79.54999999999998,176.87,308.93000000000006,52.81,0,Idukki,Kerala
2019-10-24,9.57,36.30999999999998,168.11,314.62,23.0,0,Idukki,Kerala
2019-10-25,6.49,39.05999999999998,151.64,318.72,23.0,0,Idukki,Kerala
2019-10-26,2.88,18.93999999999998,137.94,306.47,9.57,0,Idukki,Kerala
2019-10-27,0.37,9.739999999999979,98.86,296.38000000000005,6.49,0,Idukki,Kerala
2019-10-28,2.07,5.319999999999979,48.11999999999999,262.16,2.88,0,Idukki,Kerala
2019-10-29,22.78,25.21999999999998,67.15999999999998,269.12,22.78,0,Idukki,Kerala
2019-10-30,46.57,71.41999999999999,90.72999999999999,307.15,46.57,0,Idukki,Kerala
2019-10-31,28.51,97.85999999999999,109.67,296.11,46.57,0,Idukki,Kerala
2019-11-01,1.81,76.88999999999999,104.99,279.59,46.57,0,Idukki,Kerala
2019-11-02,4.04,34.35999999999998,106.14999999999999,260.67,28.51,0,Idukki,Kerala
2019-11-03,8.78,14.629999999999978,114.55999999999999,252.87000000000003,8.78,0,Idukki,Kerala
2019-11-04,6.18,18.99999999999998,118.66999999999999,219.60000000000002,8.78,0,Idukki,Kerala
2019-11-05,3.68,18.63999999999998,99.57,170.47000000000003,8.78,0,Idukki,Kerala
2019-11-06,3.92,13.779999999999978,56.91999999999999,170.65,6.18,0,Idukki,Kerala
2019-11-07,3.57,11.169999999999979,31.979999999999983,151.22,3.92,0,Idukki,Kerala
2019-11-08,1.6,9.089999999999979,31.769999999999985,143.25,3.92,0,Idukki,Kerala
2019-11-09,2.04,7.2099999999999795,29.769999999999982,138.8,3.57,0,Idukki,Kerala
2019-11-10,9.0,12.63999999999998,29.989999999999988,144.92000000000002,9.0,0,Idukki,Kerala
2019-11-11,3.22,14.25999999999998,27.029999999999987,147.77,9.0,0,Idukki,Kerala
2019-11-12,3.54,15.759999999999978,26.889999999999986,149.24,9.0,0,Idukki,Kerala
2019-11-13,0.17,6.929999999999979,23.139999999999986,126.63000000000001,3.54,0,Idukki,Kerala
2019-11-14,3.19,6.899999999999979,22.759999999999984,83.25000000000001,3.54,0,Idukki,Kerala
2019-11-15,3.7,7.059999999999979,24.859999999999985,58.44000000000001,3.7,0,Idukki,Kerala
2019-11-16,4.31,11.199999999999978,27.12999999999999,60.94000000000001,4.31,0,Idukki,Kerala
2019-11-17,3.36,11.369999999999978,21.489999999999988,60.26000000000001,4.31,0,Idukki,Kerala
2019-11-18,2.45,10.119999999999978,20.719999999999985,53.930000000000014,4.31,0,Idukki,Kerala
2019-11-19,4.48,10.28999999999998,21.659999999999986,52.23000000000002,4.48,0,Idukki,Kerala
2019-11-20,21.75,28.67999999999998,43.23999999999998,70.30000000000001,21.75,0,Idukki,Kerala
2019-11-21,3.35,29.57999999999998,43.399999999999984,69.73000000000002,21.75,0,Idukki,Kerala
2019-11-22,2.83,27.92999999999998,42.52999999999999,68.99000000000002,21.75,0,Idukki,Kerala
2019-11-23,0.8,6.979999999999979,39.01999999999999,68.19000000000001,3.35,0,Idukki,Kerala
2019-11-24,1.04,4.669999999999979,36.69999999999999,67.19000000000003,2.83,0,Idukki,Kerala
2019-11-25,0.25,2.0899999999999785,34.499999999999986,58.44000000000001,1.04,0,Idukki,Kerala
2019-11-26,0.16,1.4499999999999786,30.179999999999986,55.38000000000002,1.04,0,Idukki,Kerala
2019-11-27,1.91,2.3199999999999785,10.339999999999986,53.750000000000014,1.91,0,Idukki,Kerala
2019-11-28,3.79,5.859999999999978,10.779999999999987,57.37000000000001,3.79,0,Idukki,Kerala
2019-11-29,7.98,13.679999999999978,15.929999999999986,62.16000000000002,7.98,0,Idukki,Kerala
2019-11-30,14.67,26.439999999999976,29.799999999999986,73.13000000000001,14.67,0,Idukki,Kerala
2019-12-01,6.69,29.33999999999998,35.44999999999999,75.51,14.67,0,Idukki,Kerala
2019-12-02,9.99,31.34999999999998,45.18999999999998,82.14000000000001,14.67,0,Idukki,Kerala
2019-12-03,2.28,18.95999999999998,47.30999999999998,81.97000000000001,9.99,0,Idukki,Kerala
2019-12-04,1.4,13.66999999999998,46.79999999999998,78.89000000000001,9.99,0,Idukki,Kerala
2019-12-05,1.3,4.979999999999978,44.30999999999999,58.44000000000002,2.28,0,Idukki,Kerala
2019-12-06,0.3,2.9999999999999787,36.62999999999998,55.390000000000015,1.4,0,Idukki,Kerala
2019-12-07,1.09,2.689999999999979,23.049999999999986,53.65000000000001,1.3,0,Idukki,Kerala
2019-12-08,0.05,1.4399999999999789,16.409999999999982,52.90000000000001,1.09,0,Idukki,Kerala
2019-12-09,0.01,1.1499999999999788,6.4299999999999855,51.87000000000002,1.09,0,Idukki,Kerala
2019-12-10,0.01,0.06999999999997869,4.159999999999986,51.63000000000002,0.05,0,Idukki,Kerala
2019-12-11,0.03,0.049999999999978686,2.789999999999986,51.500000000000014,0.03,0,Idukki,Kerala
2019-12-12,0.0,0.03999999999997868,1.489999999999986,49.59000000000002,0.03,0,Idukki,Kerala
2019-12-13,2.1,2.1299999999999786,3.289999999999986,47.90000000000001,2.1,0,Idukki,Kerala
2019-12-14,16.37,18.46999999999998,18.569999999999986,56.29000000000001,16.37,0,Idukki,Kerala
2019-12-15,1.34,19.80999999999998,19.859999999999985,42.96000000000002,16.37,0,Idukki,Kerala
2019-12-16,0.02,17.72999999999998,19.869999999999987,36.29000000000001,16.37,0,Idukki,Kerala
2019-12-17,0.05,1.4099999999999788,19.909999999999986,26.350000000000016,1.34,0,Idukki,Kerala
2019-12-18,0.05,0.1199999999999787,19.929999999999986,24.120000000000015,0.05,0,Idukki,Kerala
2019-12-19,0.0,0.09999999999997869,19.929999999999986,22.720000000000017,0.05,0,Idukki,Kerala
2019-12-20,0.52,0.5699999999999787,18.349999999999987,21.940000000000015,0.52,0,Idukki,Kerala
2019-12-21,0.02,0.5399999999999787,1.9999999999999858,21.660000000000014,0.52,0,Idukki,Kerala
2019-12-22,0.01,0.5499999999999787,0.6699999999999858,20.580000000000016,0.52,0,Idukki,Kerala
2019-12-23,0.0,0.029999999999978683,0.6499999999999858,20.53000000000002,0.02,0,Idukki,Kerala
2019-12-24,0.32,0.3299999999999787,0.9199999999999859,20.840000000000018,0.32,0,Idukki,Kerala
2019-12-25,1.88,2.1999999999999784,2.749999999999986,22.710000000000015,1.88,0,Idukki,Kerala
2019-12-26,0.06,2.2599999999999785,2.809999999999986,22.740000000000016,1.88,0,Idukki,Kerala
2019-12-27,0.0,1.9399999999999786,2.289999999999986,22.740000000000016,1.88,0,Idukki,Kerala
2019-12-28,0.0,0.05999999999997868,2.269999999999986,20.640000000000015,0.06,0,Idukki,Kerala
2019-12-29,0.0,0.0,2.259999999999986,4.270000000000014,0.0,0,Idukki,Kerala
2019-12-30,0.0,0.0,2.259999999999986,2.9300000000000144,0.0,0,Idukki,Kerala
2019-12-31,0.05,0.049999999999978686,1.9899999999999858,2.960000000000014,0.05,0,Idukki,Kerala
2020-01-01,0.01,0.05999999999997869,0.11999999999998578,2.920000000000014,0.05,0,Idukki,Kerala
2020-01-02,0.0,0.05999999999997869,0.059999999999985794,2.8700000000000143,0.05,0,Idukki,Kerala
2020-01-03,0.0,0.009999999999978684,0.059999999999985794,2.8700000000000143,0.01,0,Idukki,Kerala
2020-01-04,0.45,0.4499999999999787,0.5099999999999858,2.800000000000014,0.45,0,Idukki,Kerala
2020-01-05,0.91,1.3599999999999788,1.4199999999999857,3.690000000000014,0.91,0,Idukki,Kerala
2020-01-06,0.03,1.3899999999999786,1.4499999999999857,3.7100000000000137,0.91,0,Idukki,Kerala
2020-01-07,0.09,1.0299999999999787,1.4899999999999858,3.800000000000014,0.91,0,Idukki,Kerala
2020-01-08,0.06,0.17999999999997857,1.5399999999999858,3.5400000000000142,0.09,0,Idukki,Kerala
2020-01-09,0.0,0.14999999999997857,1.5399999999999858,1.6600000000000141,0.09,0,Idukki,Kerala
2020-01-10,0.0,0.05999999999997857,1.5399999999999858,1.600000000000014,0.06,0,Idukki,Kerala
2020-01-11,0.0,0.0,1.0899999999999859,1.600000000000014,0.0,0,Idukki,Kerala
2020-01-12,0.0,0.0,0.17999999999998578,1.600000000000014,0.0,0,Idukki,Kerala
2020-01-13,0.0,0.0,0.14999999999998578,1.600000000000014,0.0,0,Idukki,Kerala
2020-01-14,0.0,0.0,0.05999999999998579,1.600000000000014,0.0,0,Idukki,Kerala
2020-01-15,0.0,0.0,0.0,1.550000000000014,0.0,0,Idukki,Kerala
2020-01-16,0.0,0.0,0.0,1.540000000000014,0.0,0,Idukki,Kerala
2020-01-17,0.15,0.14999999999997857,0.14999999999998578,1.6900000000000142,0.15,0,Idukki,Kerala
2020-01-18,0.15,0.29999999999997856,0.2999999999999858,1.840000000000014,0.15,0,Idukki,Kerala
2020-01-19,2.88,3.1799999999999784,3.1799999999999855,4.270000000000014,2.88,0,Idukki,Kerala
2020-01-20,0.17,3.1999999999999784,3.3499999999999854,3.5300000000000136,2.88,0,Idukki,Kerala
2020-01-21,0.0,3.0499999999999785,3.3499999999999854,3.5000000000000138,2.88,0,Idukki,Kerala
2020-01-22,0.0,0.1699999999999787,3.3499999999999854,3.410000000000014,0.17,0,Idukki,Kerala
2020-01-23,0.0,0.0,3.3499999999999854,3.350000000000014,0.0,0,Idukki,Kerala
2020-01-24,0.0,0.0,3.1999999999999855,3.350000000000014,0.0,0,Idukki,Kerala
2020-01-25,0.0,0.0,3.0499999999999856,3.350000000000014,0.0,0,Idukki,Kerala
2020-01-26,0.0,0.0,0.1699999999999858,3.350000000000014,0.0,0,Idukki,Kerala
2020-01-27,0.0,0.0,0.0,3.350000000000014,0.0,0,Idukki,Kerala
2020-01-28,0.0,0.0,0.0,3.350000000000014,0.0,0,Idukki,Kerala
2020-01-29,0.0,0.0,0.0,3.350000000000014,0.0,0,Idukki,Kerala
2020-01-30,0.0,0.0,0.0,3.350000000000014,0.0,0,Idukki,Kerala
2020-01-31,0.0,0.0,0.0,3.350000000000014,0.0,0,Idukki,Kerala
2020-02-01,0.0,0.0,0.0,3.200000000000014,0.0,0,Idukki,Kerala
2020-02-02,0.0,0.0,0.0,3.050000000000014,0.0,0,Idukki,Kerala
2020-02-03,0.0,0.0,0.0,0.17000000000001422,0.0,0,Idukki,Kerala
2020-02-04,0.0,0.0,0.0,0.0,0.0,0,Idukki,Kerala
2020-02-05,1.48,1.4799999999999787,1.4799999999999858,1.4800000000000142,1.48,0,Idukki,Kerala
2020-02-06,2.65,4.129999999999979,4.129999999999986,4.130000000000014,2.65,0,Idukki,Kerala
2020-02-07,1.58,5.709999999999979,5.709999999999986,5.710000000000014,2.65,0,Idukki,Kerala
2020-02-08,0.03,4.259999999999979,5.739999999999986,5.740000000000014,2.65,0,Idukki,Kerala
2020-02-09,0.01,1.6199999999999788,5.749999999999986,5.750000000000014,1.58,0,Idukki,Kerala
2020-02-10,0.0,0.039999999999978685,5.749999999999986,5.750000000000014,0.03,0,Idukki,Kerala
2020-02-11,0.0,0.009999999999978684,5.749999999999986,5.750000000000014,0.01,0,Idukki,Kerala
2020-02-12,0.0,0.0,4.269999999999985,5.750000000000014,0.0,0,Idukki,Kerala
2020-02-13,0.0,0.0,1.619999999999986,5.750000000000014,0.0,0,Idukki,Kerala
2020-02-14,1.41,1.4099999999999786,1.4499999999999857,7.160000000000014,1.41,0,Idukki,Kerala
2020-02-15,1.31,2.7199999999999784,2.7299999999999858,8.470000000000015,1.41,0,Idukki,Kerala
2020-02-16,0.0,2.7199999999999784,2.719999999999986,8.470000000000015,1.41,0,Idukki,Kerala
2020-02-17,0.0,1.3099999999999787,2.719999999999986,8.470000000000015,1.31,0,Idukki,Kerala
2020-02-18,0.0,0.0,2.719999999999986,8.470000000000015,0.0,0,Idukki,Kerala
2020-02-19,0.0,0.0,2.719999999999986,8.470000000000015,0.0,0,Idukki,Kerala
2020-02-20,0.0,0.0,2.719999999999986,6.9900000000000135,0.0,0,Idukki,Kerala
2020-02-21,0.07,0.06999999999997869,1.379999999999986,4.410000000000014,0.07,0,Idukki,Kerala
2020-02-22,0.04,0.1099999999999787,0.1099999999999858,2.8700000000000143,0.07,0,Idukki,Kerala
2020-02-23,0.0,0.1099999999999787,0.1099999999999858,2.8400000000000145,0.07,0,Idukki,Kerala
2020-02-24,0.0,0.039999999999978685,0.1099999999999858,2.8300000000000143,0.04,0,Idukki,Kerala
2020-02-25,0.0,0.0,0.1099999999999858,2.8300000000000143,0.0,0,Idukki,Kerala
2020-02-26,0.0,0.0,0.1099999999999858,2.8300000000000143,0.0,0,Idukki,Kerala
2020-02-27,0.38,0.3799999999999787,0.4899999999999858,3.210000000000014,0.38,0,Idukki,Kerala
2020-02-28,1.57,1.9499999999999789,1.9899999999999858,4.7800000000000145,1.57,0,Idukki,Kerala
2020-02-29,1.34,3.2899999999999787,3.289999999999986,4.710000000000014,1.57,0,Idukki,Kerala
2020-03-01,0.65,3.5599999999999787,3.9399999999999857,4.050000000000015,1.57,0,Idukki,Kerala
2020-03-02,1.97,3.9599999999999786,5.909999999999986,6.020000000000015,1.97,0,Idukki,Kerala
2020-03-03,1.15,3.7699999999999787,7.059999999999986,7.170000000000014,1.97,0,Idukki,Kerala
2020-03-04,1.84,4.959999999999979,8.899999999999986,9.010000000000014,1.97,0,Idukki,Kerala
2020-03-05,1.03,4.019999999999978,9.549999999999985,10.040000000000015,1.84,0,Idukki,Kerala
2020-03-06,0.22,3.089999999999979,8.199999999999985,10.260000000000014,1.84,0,Idukki,Kerala
2020-03-07,0.0,1.2499999999999787,6.859999999999986,10.190000000000014,1.03,0,Idukki,Kerala
2020-03-08,0.2,0.4199999999999787,6.409999999999986,10.350000000000016,0.22,0,Idukki,Kerala
2020-03-09,0.3,0.4999999999999787,4.739999999999986,10.650000000000015,0.3,0,Idukki,Kerala
2020-03-10,0.0,0.4999999999999787,3.5899999999999856,10.650000000000015,0.3,0,Idukki,Kerala
2020-03-11,2.48,2.7799999999999785,4.229999999999986,13.130000000000015,2.48,0,Idukki,Kerala
2020-03-12,4.49,6.969999999999979,7.689999999999986,17.620000000000015,4.49,0,Idukki,Kerala
2020-03-13,0.0,6.969999999999979,7.469999999999986,17.240000000000016,4.49,0,Idukki,Kerala
2020-03-14,0.0,4.489999999999979,7.469999999999986,15.670000000000014,4.49,0,Idukki,Kerala
2020-03-15,0.0,0.0,7.269999999999986,14.330000000000014,0.0,0,Idukki,Kerala
2020-03-16,0.0,0.0,6.969999999999986,13.680000000000014,0.0,0,Idukki,Kerala
2020-03-17,0.0,0.0,6.969999999999986,11.710000000000015,0.0,0,Idukki,Kerala
2020-03-18,0.0,0.0,4.489999999999986,10.560000000000015,0.0,0,Idukki,Kerala
2020-03-19,0.0,0.0,0.0,8.720000000000015,0.0,0,Idukki,Kerala
2020-03-20,0.01,0.009999999999978684,0.00999999999998579,7.7000000000000135,0.01,0,Idukki,Kerala
2020-03-21,3.24,3.2499999999999787,3.249999999999986,10.720000000000013,3.24,0,Idukki,Kerala
2020-03-22,1.57,4.819999999999979,4.819999999999986,12.290000000000013,3.24,0,Idukki,Kerala
2020-03-23,3.04,7.849999999999979,7.859999999999986,15.130000000000015,3.24,0,Idukki,Kerala
2020-03-24,0.64,5.249999999999979,8.499999999999986,15.470000000000015,3.04,0,Idukki,Kerala
2020-03-25,2.24,5.919999999999979,10.739999999999986,17.710000000000015,3.04,0,Idukki,Kerala
2020-03-26,0.09,2.969999999999979,10.829999999999986,15.320000000000014,2.24,0,Idukki,Kerala
2020-03-27,0.0,2.3299999999999788,10.819999999999986,10.830000000000016,2.24,0,Idukki,Kerala
2020-03-28,0.03,0.11999999999997868,7.609999999999986,10.860000000000015,0.09,0,Idukki,Kerala
2020-03-29,0.15,0.17999999999997868,6.189999999999986,11.010000000000014,0.15,0,Idukki,Kerala
2020-03-30,1.74,1.9199999999999786,4.889999999999986,12.750000000000016,1.74,0,Idukki,Kerala
2020-03-31,1.76,3.6499999999999786,6.0099999999999865,14.510000000000014,1.76,0,Idukki,Kerala
2020-04-01,0.0,3.4999999999999787,3.769999999999986,14.510000000000016,1.76,0,Idukki,Kerala
2020-04-02,0.0,1.7599999999999787,3.679999999999986,14.510000000000016,1.76,0,Idukki,Kerala
2020-04-03,0.0,0.0,3.679999999999986,14.510000000000016,0.0,0,Idukki,Kerala
2020-04-04,0.03,0.029999999999978683,3.6799999999999855,14.530000000000014,0.03,0,Idukki,Kerala
2020-04-05,3.63,3.6599999999999784,7.159999999999986,14.920000000000014,3.63,0,Idukki,Kerala
2020-04-06,3.62,7.279999999999978,9.039999999999985,16.970000000000017,3.63,0,Idukki,Kerala
2020-04-07,1.57,8.819999999999979,8.849999999999985,15.500000000000014,3.63,0,Idukki,Kerala
2020-04-08,1.46,6.649999999999979,10.309999999999986,16.320000000000014,3.62,0,Idukki,Kerala
2020-04-09,4.1,7.129999999999978,14.409999999999986,18.180000000000014,4.1,0,Idukki,Kerala
2020-04-10,0.86,6.419999999999978,15.269999999999985,18.950000000000014,4.1,0,Idukki,Kerala
2020-04-11,1.26,6.2199999999999775,16.499999999999986,20.210000000000015,4.1,0,Idukki,Kerala
2020-04-12,0.76,2.8799999999999777,13.629999999999985,20.940000000000012,1.26,0,Idukki,Kerala
2020-04-13,0.07,2.089999999999978,10.079999999999986,20.860000000000014,1.26,0,Idukki,Kerala
2020-04-14,0.17,0.9999999999999778,8.679999999999986,19.290000000000017,0.76,0,Idukki,Kerala
2020-04-15,0.57,0.8099999999999777,7.789999999999986,18.100000000000012,0.57,0,Idukki,Kerala
2020-04-16,0.45,1.1899999999999777,4.1399999999999855,18.550000000000015,0.57,0,Idukki,Kerala
2020-04-17,0.76,1.7799999999999776,4.039999999999986,19.310000000000013,0.76,0,Idukki,Kerala
2020-04-18,1.47,2.6799999999999775,4.249999999999986,20.780000000000015,1.47,0,Idukki,Kerala
2020-04-19,1.1,3.329999999999978,4.589999999999986,21.850000000000012,1.47,0,Idukki,Kerala
2020-04-20,1.69,4.259999999999978,6.209999999999986,19.910000000000014,1.69,0,Idukki,Kerala
2020-04-21,5.58,8.369999999999978,11.619999999999987,21.87000000000001,5.58,0,Idukki,Kerala
2020-04-22,7.49,14.759999999999977,18.539999999999985,27.790000000000013,7.49,0,Idukki,Kerala
2020-04-23,4.35,17.419999999999977,22.439999999999987,30.680000000000014,7.49,0,Idukki,Kerala
2020-04-24,3.87,15.709999999999978,25.549999999999983,30.450000000000014,7.49,0,Idukki,Kerala
2020-04-25,2.86,11.079999999999977,26.939999999999987,32.45000000000002,4.35,0,Idukki,Kerala
2020-04-26,8.99,15.719999999999978,34.829999999999984,40.180000000000014,8.99,0,Idukki,Kerala
2020-04-27,2.33,14.179999999999977,35.469999999999985,41.750000000000014,8.99,0,Idukki,Kerala
2020-04-28,2.06,13.379999999999978,31.949999999999985,43.740000000000016,8.99,0,Idukki,Kerala
2020-04-29,8.05,12.439999999999978,32.50999999999999,51.62000000000002,8.05,0,Idukki,Kerala
2020-04-30,0.31,10.419999999999979,28.469999999999985,51.360000000000014,8.05,0,Idukki,Kerala
2020-05-01,0.3,8.659999999999977,24.899999999999988,51.210000000000015,8.05,0,Idukki,Kerala
2020-05-02,0.8,1.409999999999977,22.839999999999986,51.250000000000014,0.8,0,Idukki,Kerala
2020-05-03,5.85,6.949999999999976,19.69999999999999,55.63000000000002,5.85,0,Idukki,Kerala
2020-05-04,3.88,10.529999999999976,21.24999999999999,58.41000000000002,5.85,0,Idukki,Kerala
2020-05-05,0.95,10.679999999999975,20.139999999999986,57.670000000000016,5.85,0,Idukki,Kerala
2020-05-06,6.24,11.069999999999977,18.329999999999984,58.33000000000001,6.24,0,Idukki,Kerala
2020-05-07,11.99,19.17999999999998,30.009999999999987,62.83000000000002,11.99,0,Idukki,Kerala
2020-05-08,12.98,31.20999999999998,42.68999999999998,71.46000000000002,12.98,0,Idukki,Kerala
2020-05-09,1.01,25.979999999999976,42.89999999999999,68.60000000000001,12.98,0,Idukki,Kerala
2020-05-10,1.45,15.439999999999976,38.499999999999986,67.19000000000001,12.98,0,Idukki,Kerala
2020-05-11,3.52,5.979999999999977,38.139999999999986,61.72000000000002,3.52,0,Idukki,Kerala
2020-05-12,8.28,13.249999999999977,45.46999999999999,67.67000000000002,8.28,0,Idukki,Kerala
2020-05-13,3.1,14.899999999999975,42.32999999999999,68.71000000000001,8.28,0,Idukki,Kerala
2020-05-14,4.12,15.499999999999977,34.45999999999999,64.78000000000002,8.28,0,Idukki,Kerala
2020-05-15,8.96,16.17999999999998,30.439999999999987,73.43,8.96,0,Idukki,Kerala
2020-05-16,4.06,17.13999999999998,33.48999999999999,77.19000000000001,8.96,0,Idukki,Kerala
2020-05-17,5.26,18.279999999999976,37.29999999999999,81.65000000000002,8.96,0,Idukki,Kerala
2020-05-18,17.54,26.859999999999975,51.319999999999986,93.34,17.54,0,Idukki,Kerala
2020-05-19,6.11,28.909999999999975,49.149999999999984,95.57000000000001,17.54,0,Idukki,Kerala
2020-05-20,2.91,26.559999999999974,48.95999999999999,97.53000000000002,17.54,0,Idukki,Kerala
2020-05-21,15.41,24.429999999999975,60.249999999999986,106.70000000000002,15.41,0,Idukki,Kerala
2020-05-22,3.77,22.089999999999975,55.05999999999999,98.48000000000002,15.41,0,Idukki,Kerala
2020-05-23,0.53,19.709999999999976,51.52999999999998,86.03000000000002,15.41,0,Idukki,Kerala
2020-05-24,0.2,4.499999999999975,46.469999999999985,85.22000000000001,3.77,0,Idukki,Kerala
2020-05-25,6.62,7.349999999999975,35.54999999999998,90.39,6.62,0,Idukki,Kerala
2020-05-26,2.79,9.609999999999975,32.22999999999999,89.66000000000001,6.62,0,Idukki,Kerala
2020-05-27,4.42,13.829999999999977,33.73999999999999,85.80000000000001,6.62,0,Idukki,Kerala
2020-05-28,25.84,33.049999999999976,44.16999999999999,108.54000000000002,25.84,0,Idukki,Kerala
2020-05-29,6.89,37.14999999999998,47.28999999999998,111.31,25.84,0,Idukki,Kerala
2020-05-30,2.1,34.82999999999998,48.859999999999985,104.45000000000002,25.84,0,Idukki,Kerala
2020-05-31,5.79,14.779999999999974,54.44999999999998,106.18,6.89,0,Idukki,Kerala
2020-06-01,8.08,15.969999999999974,55.90999999999998,109.0,8.08,1,Idukki,Kerala
2020-06-02,18.04,31.909999999999975,71.15999999999998,109.50000000000001,18.04,1,Idukki,Kerala
2020-06-03,4.97,31.089999999999975,71.70999999999998,108.36000000000001,18.04,1,Idukki,Kerala
2020-06-04,10.96,33.96999999999997,56.829999999999984,116.41,18.04,1,Idukki,Kerala
2020-06-05,18.7,34.629999999999974,68.63999999999999,119.7,18.7,1,Idukki,Kerala
2020-06-06,9.02,38.67999999999998,75.55999999999999,124.95000000000002,18.7,1,Idukki,Kerala
2020-06-07,12.32,40.03999999999998,82.08999999999997,136.74,18.7,1,Idukki,Kerala
2020-06-08,0.14,21.479999999999976,74.14999999999998,136.68,12.32,1,Idukki,Kerala
2020-06-09,1.28,13.739999999999975,57.38999999999998,131.34,12.32,1,Idukki,Kerala
2020-06-10,4.01,5.429999999999975,56.42999999999998,132.56000000000003,4.01,1,Idukki,Kerala
2020-06-11,4.79,10.079999999999975,50.259999999999984,132.93,4.79,1,Idukki,Kerala
2020-06-12,8.56,17.359999999999978,40.11999999999998,115.65,8.56,1,Idukki,Kerala
2020-06-13,9.83,23.179999999999975,40.929999999999986,118.59000000000002,9.83,1,Idukki,Kerala
2020-06-14,4.47,22.859999999999975,33.079999999999984,120.96000000000001,9.83,1,Idukki,Kerala
2020-06-15,2.34,16.639999999999976,35.27999999999998,117.51000000000002,9.83,1,Idukki,Kerala
2020-06-16,9.55,16.359999999999978,43.54999999999998,118.98,9.55,1,Idukki,Kerala
2020-06-17,7.53,19.419999999999977,47.069999999999986,108.47000000000001,9.55,1,Idukki,Kerala
2020-06-18,3.62,20.699999999999978,45.899999999999984,107.12000000000002,9.55,1,Idukki,Kerala
2020-06-19,5.59,16.739999999999977,42.929999999999986,101.75000000000003,7.53,1,Idukki,Kerala
2020-06-20,3.34,12.549999999999976,36.43999999999998,86.39000000000001,5.59,1,Idukki,Kerala
2020-06-21,13.26,22.189999999999976,45.22999999999998,90.63000000000001,13.26,1,Idukki,Kerala
2020-06-22,10.2,26.799999999999976,53.08999999999999,88.51000000000002,13.26,1,Idukki,Kerala
2020-06-23,0.9,24.359999999999975,44.43999999999998,89.27000000000001,13.26,1,Idukki,Kerala
2020-06-24,2.96,14.059999999999976,39.86999999999998,90.95000000000002,10.2,1,Idukki,Kerala
2020-06-25,20.14,23.99999999999998,56.389999999999986,107.08000000000003,20.14,1,Idukki,Kerala
2020-06-26,15.18,38.27999999999998,65.97999999999998,117.47000000000001,20.14,1,Idukki,Kerala
2020-06-27,9.56,44.87999999999998,72.19999999999999,118.47000000000001,20.14,1,Idukki,Kerala
2020-06-28,20.35,45.08999999999998,79.28999999999998,128.99,20.35,1,Idukki,Kerala
2020-06-29,14.16,44.06999999999998,83.24999999999997,138.68,20.35,1,Idukki,Kerala
2020-06-30,7.61,42.11999999999998,89.95999999999998,143.95000000000002,20.35,1,Idukki,Kerala
2020-07-01,1.29,23.05999999999998,88.28999999999998,135.69,14.16,1,Idukki,Kerala
2020-07-02,8.23,17.12999999999998,76.37999999999998,136.39000000000001,8.23,1,Idukki,Kerala
2020-07-03,9.22,18.73999999999998,70.41999999999999,141.99000000000004,9.22,1,Idukki,Kerala
2020-07-04,16.44,33.889999999999986,77.29999999999998,152.84000000000003,16.44,1,Idukki,Kerala
2020-07-05,3.19,28.84999999999998,60.13999999999998,152.69000000000003,16.44,1,Idukki,Kerala
2020-07-06,14.47,34.09999999999998,60.449999999999974,153.9,16.44,1,Idukki,Kerala
2020-07-07,18.01,35.66999999999998,70.84999999999998,161.71,18.01,1,Idukki,Kerala
2020-07-08,15.24,47.719999999999985,84.79999999999998,176.05,18.01,1,Idukki,Kerala
2020-07-09,22.87,56.11999999999998,99.43999999999998,195.96000000000004,22.87,1,Idukki,Kerala
2020-07-10,4.78,42.88999999999998,94.99999999999999,180.60000000000002,22.87,1,Idukki,Kerala
2020-07-11,8.09,35.73999999999998,86.64999999999998,173.51000000000002,22.87,1,Idukki,Kerala
2020-07-12,4.44,17.30999999999998,87.89999999999998,168.39000000000001,8.09,1,Idukki,Kerala
2020-07-13,11.83,24.359999999999978,85.25999999999998,159.87,11.83,1,Idukki,Kerala
2020-07-14,5.39,21.65999999999998,72.63999999999997,151.10000000000002,11.83,1,Idukki,Kerala
2020-07-15,5.7,22.919999999999977,63.09999999999998,149.19000000000003,11.83,1,Idukki,Kerala
2020-07-16,10.44,21.52999999999998,50.66999999999998,158.34,10.44,1,Idukki,Kerala
2020-07-17,17.39,33.52999999999998,63.27999999999998,167.50000000000003,17.39,1,Idukki,Kerala
2020-07-18,3.5,31.32999999999998,58.68999999999998,161.78000000000003,17.39,1,Idukki,Kerala
2020-07-19,10.76,31.649999999999977,65.00999999999998,156.10000000000002,17.39,1,Idukki,Kerala
2020-07-20,36.18,50.439999999999976,89.35999999999999,189.09000000000003,36.18,1,Idukki,Kerala
2020-07-21,4.87,51.809999999999974,88.83999999999997,179.49000000000004,36.18,1,Idukki,Kerala
2020-07-22,3.76,44.80999999999998,86.89999999999998,165.24,36.18,1,Idukki,Kerala
2020-07-23,14.95,23.579999999999977,91.40999999999997,164.95000000000002,14.95,1,Idukki,Kerala
2020-07-24,9.35,28.059999999999974,83.36999999999998,151.43,14.95,1,Idukki,Kerala
2020-07-25,1.64,25.939999999999976,81.50999999999998,148.29000000000002,14.95,1,Idukki,Kerala
2020-07-26,3.77,14.759999999999978,74.51999999999997,143.97000000000003,9.35,1,Idukki,Kerala
2020-07-27,2.25,7.659999999999979,40.589999999999975,141.78000000000003,3.77,1,Idukki,Kerala
2020-07-28,30.96,36.97999999999998,66.67999999999998,160.91,30.96,1,Idukki,Kerala
2020-07-29,52.06,85.26999999999998,114.97999999999998,207.58,52.06,1,Idukki,Kerala
2020-07-30,24.46,107.47999999999999,124.48999999999998,226.34,52.06,1,Idukki,Kerala
2020-07-31,19.47,95.98999999999998,134.60999999999999,235.37,52.06,1,Idukki,Kerala
2020-08-01,15.13,59.05999999999999,148.1,233.11,24.46,1,Idukki,Kerala
2020-08-02,16.89,51.48999999999999,161.21999999999997,246.50000000000003,19.47,1,Idukki,Kerala
2020-08-03,19.32,51.33999999999999,178.29,255.06,19.32,1,Idukki,Kerala
2020-08-04,14.59,50.79999999999998,161.92,233.47000000000003,19.32,1,Idukki,Kerala
2020-08-05,11.25,45.15999999999998,121.10999999999997,239.85000000000002,19.32,1,Idukki,Kerala
2020-08-06,25.44,51.27999999999999,122.08999999999997,261.53000000000003,25.44,1,Idukki,Kerala
2020-08-07,49.28,85.96999999999998,151.89999999999998,295.86,49.28,1,Idukki,Kerala
2020-08-08,43.43,118.14999999999998,180.2,329.94000000000005,49.28,1,Idukki,Kerala
2020-08-09,30.66,123.36999999999999,193.96999999999997,358.96,49.28,1,Idukki,Kerala
2020-08-10,8.48,82.57,183.13,363.67,43.43,1,Idukki,Kerala
2020-08-11,4.94,44.079999999999984,173.48,366.36,30.66,1,Idukki,Kerala
2020-08-12,2.34,15.759999999999987,164.56999999999996,337.74000000000007,8.48,1,Idukki,Kerala
2020-08-13,3.66,10.939999999999987,142.79,289.34000000000003,4.94,1,Idukki,Kerala
2020-08-14,2.74,8.739999999999986,96.24999999999999,267.62,3.66,1,Idukki,Kerala
2020-08-15,0.56,6.959999999999987,53.37999999999998,248.71000000000004,3.66,1,Idukki,Kerala
2020-08-16,1.54,4.839999999999986,24.25999999999998,235.12,2.74,1,Idukki,Kerala
2020-08-17,2.26,4.359999999999985,18.039999999999978,220.49000000000004,2.26,1,Idukki,Kerala
2020-08-18,3.06,6.859999999999985,16.15999999999998,204.23,3.06,1,Idukki,Kerala
2020-08-19,0.62,5.939999999999985,14.439999999999978,190.26000000000002,3.06,1,Idukki,Kerala
2020-08-20,0.32,3.999999999999986,11.09999999999998,179.33000000000004,3.06,1,Idukki,Kerala
2020-08-21,0.08,1.0199999999999858,8.439999999999978,153.97000000000003,0.62,1,Idukki,Kerala
2020-08-22,6.77,7.169999999999986,14.649999999999977,111.46000000000001,6.77,1,Idukki,Kerala
2020-08-23,2.86,9.709999999999985,15.969999999999978,70.89,6.77,1,Idukki,Kerala
2020-08-24,7.07,16.699999999999985,20.77999999999998,47.30000000000001,7.07,1,Idukki,Kerala
2020-08-25,3.6,13.529999999999985,21.31999999999998,42.420000000000016,7.07,1,Idukki,Kerala
2020-08-26,4.15,14.819999999999986,24.84999999999998,41.63000000000002,7.07,1,Idukki,Kerala
2020-08-27,0.51,8.259999999999986,25.039999999999978,39.80000000000001,4.15,1,Idukki,Kerala
2020-08-28,0.91,5.569999999999986,25.86999999999998,37.05000000000002,4.15,1,Idukki,Kerala
2020-08-29,0.83,2.249999999999986,19.92999999999998,35.140000000000015,0.91,1,Idukki,Kerala
2020-08-30,0.24,1.9799999999999858,17.30999999999998,34.820000000000014,0.91,1,Idukki,Kerala
2020-08-31,2.29,3.3599999999999857,12.52999999999998,35.570000000000014,2.29,1,Idukki,Kerala
2020-09-01,9.08,11.609999999999985,18.009999999999977,42.390000000000015,9.08,1,Idukki,Kerala
2020-09-02,8.04,19.409999999999986,21.899999999999977,47.37000000000001,9.08,1,Idukki,Kerala
2020-09-03,17.0,34.11999999999999,38.38999999999997,63.750000000000014,17.0,1,Idukki,Kerala
2020-09-04,9.33,34.36999999999998,46.80999999999998,72.76000000000002,17.0,1,Idukki,Kerala
2020-09-05,9.21,35.539999999999985,55.189999999999976,81.89000000000001,17.0,1,Idukki,Kerala
2020-09-06,35.84,54.37999999999999,90.78999999999999,110.96000000000002,35.84,1,Idukki,Kerala
2020-09-07,21.16,66.21,109.65999999999998,129.26000000000002,35.84,1,Idukki,Kerala
2020-09-08,15.78,72.77999999999999,116.35999999999999,137.97000000000003,35.84,1,Idukki,Kerala
2020-09-09,18.88,55.819999999999986,127.19999999999999,153.25000000000003,21.16,1,Idukki,Kerala
2020-09-10,14.69,49.34999999999998,124.88999999999999,163.79000000000002,18.88,1,Idukki,Kerala
2020-09-11,15.95,49.51999999999999,131.51,179.23000000000002,18.88,1,Idukki,Kerala
2020-09-12,19.71,50.34999999999999,142.01,198.03000000000003,19.71,1,Idukki,Kerala
2020-09-13,12.04,47.69999999999999,118.20999999999998,209.24,19.71,1,Idukki,Kerala
2020-09-14,5.17,36.91999999999999,102.21999999999998,214.17000000000002,19.71,1,Idukki,Kerala
2020-09-15,5.51,22.719999999999985,91.94999999999999,217.39000000000001,12.04,1,Idukki,Kerala
2020-09-16,7.58,18.259999999999984,80.64999999999999,215.89000000000001,7.58,1,Idukki,Kerala
2020-09-17,11.7,24.789999999999985,77.65999999999997,219.55,11.7,1,Idukki,Kerala
2020-09-18,12.42,31.69999999999999,74.12999999999998,214.97,12.42,1,Idukki,Kerala
2020-09-19,14.51,38.62999999999998,68.92999999999998,220.15000000000003,14.51,1,Idukki,Kerala
2020-09-20,28.24,55.16999999999999,85.12999999999997,239.18,28.24,1,Idukki,Kerala
2020-09-21,11.06,53.80999999999998,91.01999999999997,214.4,28.24,1,Idukki,Kerala
2020-09-22,7.94,47.23999999999999,93.44999999999997,201.18,28.24,1,Idukki,Kerala
2020-09-23,3.69,22.689999999999987,89.55999999999997,189.09,11.06,1,Idukki,Kerala
2020-09-24,2.58,14.209999999999987,80.43999999999998,172.79000000000002,7.94,1,Idukki,Kerala
2020-09-25,7.68,13.949999999999985,75.69999999999997,165.78000000000003,7.68,1,Idukki,Kerala
2020-09-26,2.19,12.449999999999987,63.379999999999974,152.02,7.68,1,Idukki,Kerala
2020-09-27,2.28,12.149999999999986,37.41999999999998,134.59,7.68,1,Idukki,Kerala
2020-09-28,2.42,6.889999999999986,28.779999999999976,124.97,2.42,1,Idukki,Kerala
2020-09-29,5.89,10.589999999999986,26.72999999999998,125.69000000000001,5.89,1,Idukki,Kerala
2020-09-30,4.29,12.599999999999985,27.329999999999977,124.47000000000001,5.89,1,Idukki,Kerala
2020-10-01,0.19,10.369999999999985,24.93999999999998,117.08000000000001,5.89,0,Idukki,Kerala
2020-10-02,0.14,4.619999999999987,17.399999999999977,105.52000000000001,4.29,0,Idukki,Kerala
2020-10-03,0.15,0.47999999999998666,15.359999999999978,93.25000000000001,0.19,0,Idukki,Kerala
2020-10-04,0.03,0.3199999999999867,13.109999999999978,78.77000000000001,0.15,0,Idukki,Kerala
2020-10-05,0.03,0.20999999999998667,10.71999999999998,50.56000000000002,0.15,0,Idukki,Kerala
2020-10-06,6.92,6.979999999999986,11.749999999999979,46.420000000000016,6.92,0,Idukki,Kerala
2020-10-07,2.83,9.779999999999987,10.289999999999978,41.31000000000002,6.92,0,Idukki,Kerala
2020-10-08,5.67,15.419999999999987,15.769999999999978,43.29000000000002,6.92,0,Idukki,Kerala
2020-10-09,16.14,24.639999999999986,31.76999999999998,56.85000000000001,16.14,0,Idukki,Kerala
2020-10-10,8.57,30.37999999999999,40.18999999999998,57.74000000000001,16.14,0,Idukki,Kerala
2020-10-11,14.04,38.749999999999986,54.199999999999974,69.59000000000002,16.14,0,Idukki,Kerala
2020-10-12,13.12,35.72999999999998,67.28999999999998,80.43,14.04,0,Idukki,Kerala
2020-10-13,12.93,40.08999999999998,73.29999999999997,90.94000000000001,14.04,0,Idukki,Kerala
2020-10-14,14.58,40.62999999999998,85.04999999999998,99.63000000000001,14.58,0,Idukki,Kerala
2020-10-15,7.97,35.47999999999999,87.34999999999998,103.31000000000002,14.58,0,Idukki,Kerala
2020-10-16,7.78,30.329999999999988,78.98999999999998,110.90000000000002,14.58,0,Idukki,Kerala
2020-10-17,1.4,17.149999999999984,71.81999999999998,112.16000000000003,7.97,0,Idukki,Kerala
2020-10-18,0.55,9.729999999999986,58.32999999999998,112.56000000000002,7.78,0,Idukki,Kerala
2020-10-19,5.17,7.119999999999986,50.379999999999974,117.70000000000002,5.17,0,Idukki,Kerala
2020-10-20,18.48,24.19999999999999,55.92999999999998,136.15,18.48,0,Idukki,Kerala
2020-10-21,4.2,27.849999999999984,45.54999999999998,133.43000000000004,18.48,0,Idukki,Kerala
2020-10-22,2.38,25.059999999999988,39.95999999999998,132.98000000000002,18.48,0,Idukki,Kerala
2020-10-23,0.01,6.589999999999982,32.18999999999998,127.32000000000001,4.2,0,Idukki,Kerala
2020-10-24,0.0,2.389999999999982,30.78999999999998,111.18,2.38,0,Idukki,Kerala
2020-10-25,123.66,123.66999999999997,153.89999999999998,226.27,123.66,0,Idukki,Kerala
2020-10-26,108.77,232.42999999999995,257.5,321.0,123.66,0,Idukki,Kerala
2020-10-27,2.32,234.74999999999997,241.33999999999997,310.2,123.66,0,Idukki,Kerala
2020-10-28,3.66,114.74999999999997,240.79999999999998,300.93,108.77,0,Idukki,Kerala
2020-10-29,3.14,9.119999999999973,241.55999999999997,289.49,3.66,0,Idukki,Kerala
2020-10-30,4.63,11.429999999999971,246.17999999999995,286.15,4.63,0,Idukki,Kerala
2020-10-31,3.95,11.71999999999997,250.12999999999997,282.32,4.63,0,Idukki,Kerala
2020-11-01,1.1,9.679999999999971,127.56999999999996,282.02,4.63,0,Idukki,Kerala
2020-11-02,5.04,10.089999999999971,23.83999999999997,286.51000000000005,5.04,0,Idukki,Kerala
2020-11-03,3.31,9.44999999999997,24.82999999999997,284.65000000000003,5.04,0,Idukki,Kerala
2020-11-04,8.67,17.01999999999997,29.83999999999997,274.84,8.67,0,Idukki,Kerala
2020-11-05,11.49,23.46999999999997,38.18999999999997,282.13,11.49,0,Idukki,Kerala
2020-11-06,4.41,24.569999999999972,37.96999999999998,284.16,11.49,0,Idukki,Kerala
2020-11-07,1.08,16.97999999999997,35.09999999999997,285.23,11.49,0,Idukki,Kerala
2020-11-08,7.56,13.049999999999969,41.559999999999974,292.79,7.56,0,Idukki,Kerala
2020-11-09,0.47,9.10999999999997,36.989999999999974,169.6,7.56,0,Idukki,Kerala
2020-11-10,1.71,9.73999999999997,35.38999999999997,62.54000000000001,7.56,0,Idukki,Kerala
2020-11-11,2.52,4.69999999999997,29.239999999999974,62.740000000000016,2.52,0,Idukki,Kerala
2020-11-12,7.98,12.20999999999997,25.72999999999997,67.06000000000002,7.98,0,Idukki,Kerala
2020-11-13,11.94,22.43999999999997,33.25999999999998,75.86000000000001,11.94,0,Idukki,Kerala
2020-11-14,0.57,20.48999999999997,32.74999999999997,71.80000000000003,11.94,0,Idukki,Kerala
2020-11-15,3.02,15.52999999999997,28.209999999999972,70.87000000000002,11.94,0,Idukki,Kerala
2020-11-16,14.63,18.21999999999997,42.36999999999997,84.4,14.63,0,Idukki,Kerala
2020-11-17,39.15,56.79999999999997,79.80999999999997,118.51000000000002,39.15,0,Idukki,Kerala
2020-11-18,20.6,74.37999999999997,97.88999999999997,135.8,39.15,0,Idukki,Kerala
2020-11-19,3.11,62.85999999999997,93.01999999999997,130.24,39.15,0,Idukki,Kerala
2020-11-20,2.53,26.239999999999974,83.60999999999997,121.28000000000002,20.6,0,Idukki,Kerala
2020-11-21,0.56,6.199999999999971,83.59999999999998,117.43,3.11,0,Idukki,Kerala
2020-11-22,0.0,3.0899999999999714,80.57999999999997,116.35000000000001,2.53,0,Idukki,Kerala
2020-11-23,0.0,0.5599999999999716,65.94999999999997,108.79,0.56,0,Idukki,Kerala
2020-11-24,0.0,0.0,26.799999999999972,108.32000000000001,0.0,0,Idukki,Kerala
2020-11-25,0.28,0.2799999999999716,6.479999999999971,106.89000000000001,0.28,0,Idukki,Kerala
2020-11-26,6.7,6.979999999999972,10.069999999999972,111.07000000000002,6.7,0,Idukki,Kerala
2020-11-27,6.79,13.769999999999971,14.329999999999972,109.88000000000002,6.79,0,Idukki,Kerala
2020-11-28,3.31,16.799999999999972,17.07999999999997,101.25000000000001,6.79,0,Idukki,Kerala
2020-11-29,1.45,11.549999999999972,18.529999999999973,102.13000000000001,6.79,0,Idukki,Kerala
2020-11-30,0.33,5.089999999999971,18.85999999999997,99.44000000000001,3.31,0,Idukki,Kerala
2020-12-01,0.02,1.7999999999999716,18.87999999999997,84.83000000000003,1.45,0,Idukki,Kerala
2020-12-02,4.48,4.829999999999972,23.07999999999997,50.16000000000002,4.48,0,Idukki,Kerala
2020-12-03,13.35,17.849999999999973,29.729999999999972,42.91000000000001,13.35,0,Idukki,Kerala
2020-12-04,9.85,27.67999999999997,32.78999999999997,49.65000000000001,13.35,0,Idukki,Kerala
2020-12-05,3.84,27.03999999999997,33.31999999999997,50.960000000000015,13.35,0,Idukki,Kerala
2020-12-06,12.55,26.239999999999974,44.41999999999997,62.95000000000001,12.55,0,Idukki,Kerala
2020-12-07,14.25,30.639999999999972,58.339999999999975,77.20000000000002,14.25,0,Idukki,Kerala
2020-12-08,4.93,31.729999999999976,63.24999999999997,82.13000000000001,14.25,0,Idukki,Kerala
2020-12-09,1.32,20.499999999999968,60.089999999999975,83.45000000000002,14.25,0,Idukki,Kerala
2020-12-10,2.09,8.339999999999971,48.82999999999997,85.26,4.93,0,Idukki,Kerala
2020-12-11,1.62,5.029999999999972,40.59999999999997,80.18,2.09,0,Idukki,Kerala
2020-12-12,0.69,4.399999999999972,37.449999999999974,74.08000000000001,2.09,0,Idukki,Kerala
2020-12-13,0.35,2.6599999999999717,25.249999999999968,71.12000000000002,1.62,0,Idukki,Kerala
2020-12-14,0.0,1.0399999999999716,10.999999999999972,69.67000000000002,0.69,0,Idukki,Kerala
2020-12-15,0.92,1.2699999999999716,6.989999999999972,70.26000000000002,0.92,0,Idukki,Kerala
2020-12-16,2.71,3.6299999999999715,8.37999999999997,72.95000000000002,2.71,0,Idukki,Kerala
2020-12-17,3.27,6.899999999999972,9.559999999999972,71.74000000000001,3.27,0,Idukki,Kerala
2020-12-18,2.54,8.519999999999971,10.479999999999972,60.93000000000002,3.27,0,Idukki,Kerala
2020-12-19,0.32,6.1299999999999715,10.109999999999973,51.40000000000002,3.27,0,Idukki,Kerala
2020-12-20,0.0,2.8599999999999715,9.759999999999973,47.56000000000002,2.54,0,Idukki,Kerala
2020-12-21,0.01,0.3299999999999716,9.769999999999973,35.02000000000002,0.32,0,Idukki,Kerala
2020-12-22,0.05,0.05999999999997158,8.899999999999972,20.820000000000014,0.05,0,Idukki,Kerala
2020-12-23,0.02,0.07999999999997158,6.2099999999999715,15.910000000000014,0.05,0,Idukki,Kerala
2020-12-24,0.0,0.06999999999997158,2.9399999999999715,14.590000000000014,0.05,0,Idukki,Kerala
2020-12-25,0.0,0.01999999999997158,0.3999999999999716,12.500000000000014,0.02,0,Idukki,Kerala
2020-12-26,0.0,0.0,0.07999999999997158,10.880000000000013,0.0,0,Idukki,Kerala
2020-12-27,0.0,0.0,0.07999999999997158,10.190000000000014,0.0,0,Idukki,Kerala
2020-12-28,0.01,0.009999999999971578,0.0799999999999716,9.850000000000014,0.01,0,Idukki,Kerala
2020-12-29,0.61,0.6199999999999716,0.6399999999999716,10.460000000000015,0.61,0,Idukki,Kerala
2020-12-30,3.9,4.519999999999971,4.519999999999971,13.440000000000014,3.9,0,Idukki,Kerala
2020-12-31,14.03,18.53999999999997,18.54999999999997,24.760000000000012,14.03,0,Idukki,Kerala
2021-01-01,0.89,18.819999999999972,19.43999999999997,22.380000000000013,14.03,0,Idukki,Kerala
2021-01-02,0.05,14.96999999999997,19.48999999999997,19.89000000000001,14.03,0,Idukki,Kerala
2021-01-03,4.08,5.019999999999972,23.569999999999972,23.650000000000013,4.08,0,Idukki,Kerala
2021-01-04,6.51,10.639999999999972,30.06999999999997,30.16000000000001,6.51,0,Idukki,Kerala
2021-01-05,3.17,13.759999999999971,32.62999999999997,33.320000000000014,6.51,0,Idukki,Kerala
2021-01-06,25.35,35.02999999999997,54.07999999999997,58.62000000000002,25.35,0,Idukki,Kerala
2021-01-07,15.28,43.799999999999976,55.32999999999997,73.88000000000001,25.35,0,Idukki,Kerala
2021-01-08,18.66,59.28999999999997,73.09999999999997,92.54000000000002,25.35,0,Idukki,Kerala
2021-01-09,6.42,40.35999999999997,79.46999999999997,98.96000000000001,18.66,0,Idukki,Kerala
2021-01-10,5.29,30.36999999999997,80.67999999999998,104.25000000000001,18.66,0,Idukki,Kerala
2021-01-11,3.57,15.279999999999971,77.73999999999997,107.82000000000001,6.42,0,Idukki,Kerala
2021-01-12,15.04,23.89999999999997,89.60999999999997,122.85000000000001,15.04,0,Idukki,Kerala
2021-01-13,10.21,28.819999999999972,74.46999999999997,132.45000000000002,15.04,0,Idukki,Kerala
2021-01-14,8.98,34.229999999999976,68.16999999999997,137.53,15.04,0,Idukki,Kerala
2021-01-15,5.05,24.239999999999974,54.559999999999974,128.55,10.21,0,Idukki,Kerala
2021-01-16,14.33,28.35999999999997,62.46999999999997,141.99,14.33,0,Idukki,Kerala
2021-01-17,1.03,20.40999999999997,58.20999999999997,142.97,14.33,0,Idukki,Kerala
2021-01-18,0.0,15.35999999999997,54.63999999999997,138.89000000000001,14.33,0,Idukki,Kerala
2021-01-19,0.0,1.0299999999999716,39.59999999999997,132.38,1.03,0,Idukki,Kerala
2021-01-20,0.0,0.0,29.389999999999972,129.21,0.0,0,Idukki,Kerala
2021-01-21,0.08,0.07999999999997158,20.489999999999974,103.94000000000003,0.08,0,Idukki,Kerala
2021-01-22,0.49,0.5699999999999715,15.929999999999973,89.15000000000002,0.49,0,Idukki,Kerala
2021-01-23,0.2,0.7699999999999716,1.7999999999999716,70.69000000000001,0.49,0,Idukki,Kerala
2021-01-24,0.0,0.6899999999999716,0.7699999999999716,64.27000000000002,0.49,0,Idukki,Kerala
2021-01-25,0.0,0.1999999999999716,0.7699999999999716,58.98000000000001,0.2,0,Idukki,Kerala
2021-01-26,0.0,0.0,0.7699999999999716,55.41000000000001,0.0,0,Idukki,Kerala
2021-01-27,0.0,0.0,0.7699999999999716,40.37000000000001,0.0,0,Idukki,Kerala
2021-01-28,0.0,0.0,0.6899999999999716,30.160000000000014,0.0,0,Idukki,Kerala
2021-01-29,0.0,0.0,0.1999999999999716,21.180000000000014,0.0,0,Idukki,Kerala
2021-01-30,0.17,0.1699999999999716,0.1699999999999716,16.300000000000015,0.17,0,Idukki,Kerala
2021-01-31,0.01,0.1799999999999716,0.1799999999999716,1.9800000000000142,0.17,0,Idukki,Kerala
2021-02-01,0.01,0.18999999999997158,0.18999999999997158,0.9600000000000143,0.17,0,Idukki,Kerala
2021-02-02,0.0,0.01999999999997158,0.18999999999997158,0.9600000000000143,0.01,0,Idukki,Kerala
2021-02-03,0.05,0.05999999999997158,0.2399999999999716,1.0100000000000142,0.05,0,Idukki,Kerala
2021-02-04,0.01,0.05999999999997158,0.2499999999999716,1.0200000000000142,0.05,0,Idukki,Kerala
2021-02-05,0.0,0.05999999999997158,0.2499999999999716,0.9400000000000143,0.05,0,Idukki,Kerala
2021-02-06,0.0,0.009999999999971578,0.07999999999997158,0.4500000000000142,0.01,0,Idukki,Kerala
2021-02-07,0.0,0.0,0.06999999999997158,0.2500000000000142,0.0,0,Idukki,Kerala
2021-02-08,0.0,0.0,0.05999999999997158,0.2500000000000142,0.0,0,Idukki,Kerala
2021-02-09,0.0,0.0,0.05999999999997159,0.2500000000000142,0.0,0,Idukki,Kerala
2021-02-10,0.0,0.0,0.009999999999971585,0.2500000000000142,0.0,0,Idukki,Kerala
2021-02-11,0.0,0.0,0.0,0.2500000000000142,0.0,0,Idukki,Kerala
2021-02-12,0.0,0.0,0.0,0.2500000000000142,0.0,0,Idukki,Kerala
2021-02-13,0.0,0.0,0.0,0.2500000000000142,0.0,0,Idukki,Kerala
2021-02-14,0.0,0.0,0.0,0.08000000000001421,0.0,0,Idukki,Kerala
2021-02-15,0.0,0.0,0.0,0.07000000000001422,0.0,0,Idukki,Kerala
2021-02-16,0.0,0.0,0.0,0.060000000000014216,0.0,0,Idukki,Kerala
2021-02-17,0.0,0.0,0.0,0.06000000000001422,0.0,0,Idukki,Kerala
2021-02-18,0.19,0.18999999999997158,0.18999999999997158,0.20000000000001422,0.19,0,Idukki,Kerala
2021-02-19,0.09,0.2799999999999716,0.2799999999999716,0.28000000000001424,0.19,0,Idukki,Kerala
2021-02-20,3.39,3.6699999999999715,3.6699999999999715,3.670000000000014,3.39,0,Idukki,Kerala
2021-02-21,2.12,5.599999999999972,5.7899999999999725,5.790000000000015,3.39,0,Idukki,Kerala
2021-02-22,0.14,5.649999999999972,5.929999999999972,5.930000000000015,3.39,0,Idukki,Kerala
2021-02-23,0.04,2.2999999999999723,5.969999999999972,5.970000000000015,2.12,0,Idukki,Kerala
2021-02-24,0.0,0.17999999999997204,5.969999999999972,5.970000000000015,0.14,0,Idukki,Kerala
2021-02-25,0.59,0.629999999999972,6.369999999999972,6.560000000000015,0.59,0,Idukki,Kerala
2021-02-26,0.78,1.3699999999999721,7.059999999999972,7.340000000000015,0.78,0,Idukki,Kerala
2021-02-27,0.22,1.589999999999972,3.889999999999972,7.560000000000015,0.78,0,Idukki,Kerala
2021-02-28,0.0,0.999999999999972,1.769999999999972,7.560000000000015,0.78,0,Idukki,Kerala
2021-03-01,0.0,0.21999999999997202,1.629999999999972,7.560000000000015,0.22,0,Idukki,Kerala
2021-03-02,0.0,0.0,1.589999999999972,7.560000000000015,0.0,0,Idukki,Kerala
2021-03-03,0.0,0.0,1.589999999999972,7.560000000000015,0.0,0,Idukki,Kerala
2021-03-04,0.0,0.0,0.999999999999972,7.560000000000015,0.0,0,Idukki,Kerala
2021-03-05,0.0,0.0,0.21999999999997202,7.370000000000014,0.0,0,Idukki,Kerala
2021-03-06,0.0,0.0,0.0,7.2800000000000145,0.0,0,Idukki,Kerala
2021-03-07,0.0,0.0,0.0,3.890000000000015,0.0,0,Idukki,Kerala
2021-03-08,0.0,0.0,0.0,1.7700000000000147,0.0,0,Idukki,Kerala
2021-03-09,1.02,1.019999999999972,1.019999999999972,2.6500000000000146,1.02,0,Idukki,Kerala
2021-03-10,4.06,5.079999999999972,5.079999999999972,6.670000000000014,4.06,0,Idukki,Kerala
2021-03-11,6.41,11.489999999999972,11.489999999999972,13.080000000000014,6.41,0,Idukki,Kerala
2021-03-12,0.57,11.039999999999973,12.059999999999972,13.060000000000015,6.41,0,Idukki,Kerala
2021-03-13,0.0,6.979999999999972,12.059999999999972,12.280000000000015,6.41,0,Idukki,Kerala
2021-03-14,0.0,0.5699999999999715,12.059999999999972,12.060000000000015,0.57,0,Idukki,Kerala
2021-03-15,0.0,0.0,12.059999999999972,12.060000000000015,0.0,0,Idukki,Kerala
2021-03-16,0.0,0.0,11.039999999999973,12.060000000000015,0.0,0,Idukki,Kerala
2021-03-17,0.0,0.0,6.979999999999972,12.060000000000015,0.0,0,Idukki,Kerala
2021-03-18,0.0,0.0,0.5699999999999715,12.060000000000015,0.0,0,Idukki,Kerala
2021-03-19,0.15,0.14999999999997157,0.14999999999997157,12.210000000000015,0.15,0,Idukki,Kerala
2021-03-20,0.18,0.32999999999997154,0.32999999999997154,12.390000000000015,0.18,0,Idukki,Kerala
2021-03-21,6.2,6.529999999999972,6.529999999999972,18.590000000000014,6.2,0,Idukki,Kerala
2021-03-22,4.8,11.179999999999971,11.329999999999972,23.390000000000015,6.2,0,Idukki,Kerala
2021-03-23,0.84,11.839999999999971,12.169999999999972,24.230000000000015,6.2,0,Idukki,Kerala
2021-03-24,2.01,7.649999999999971,14.179999999999971,25.220000000000013,4.8,0,Idukki,Kerala
2021-03-25,7.57,10.419999999999972,21.74999999999997,28.73000000000001,7.57,0,Idukki,Kerala
2021-03-26,0.24,9.819999999999972,21.83999999999997,22.560000000000016,7.57,0,Idukki,Kerala
2021-03-27,1.22,9.029999999999973,22.879999999999974,23.210000000000015,7.57,0,Idukki,Kerala
2021-03-28,5.89,7.349999999999971,22.569999999999972,29.100000000000016,5.89,0,Idukki,Kerala
2021-03-29,4.23,11.339999999999971,21.99999999999997,33.33000000000001,5.89,0,Idukki,Kerala
2021-03-30,4.76,14.879999999999972,25.91999999999997,38.09000000000002,5.89,0,Idukki,Kerala
2021-03-31,1.48,10.469999999999972,25.389999999999972,39.570000000000014,4.76,0,Idukki,Kerala
2021-04-01,3.82,10.05999999999997,21.639999999999972,43.390000000000015,4.76,0,Idukki,Kerala
2021-04-02,0.76,6.059999999999971,22.15999999999997,44.15000000000001,3.82,0,Idukki,Kerala
2021-04-03,0.0,4.579999999999972,20.93999999999997,44.000000000000014,3.82,0,Idukki,Kerala
2021-04-04,0.09,0.8499999999999716,15.139999999999972,43.91000000000002,0.76,0,Idukki,Kerala
2021-04-05,0.05,0.1399999999999716,10.95999999999997,37.76000000000001,0.09,0,Idukki,Kerala
2021-04-06,0.95,1.0899999999999714,7.149999999999971,33.91000000000001,0.95,0,Idukki,Kerala
2021-04-07,2.19,3.1899999999999715,7.859999999999972,35.26000000000001,2.19,0,Idukki,Kerala
2021-04-08,2.42,5.559999999999972,6.4599999999999715,35.670000000000016,2.42,0,Idukki,Kerala
2021-04-09,0.22,4.829999999999972,5.9199999999999715,28.320000000000014,2.42,0,Idukki,Kerala
2021-04-10,0.86,3.4999999999999716,6.779999999999972,28.940000000000012,2.42,0,Idukki,Kerala
2021-04-11,5.94,7.019999999999972,12.629999999999972,33.66000000000002,5.94,0,Idukki,Kerala
2021-04-12,14.34,21.139999999999972,26.919999999999973,42.110000000000014,14.34,0,Idukki,Kerala
2021-04-13,6.35,26.629999999999974,32.31999999999997,44.23000000000001,14.34,0,Idukki,Kerala
2021-04-14,9.38,30.069999999999972,39.50999999999997,48.85000000000001,14.34,0,Idukki,Kerala
2021-04-15,11.15,26.879999999999974,48.23999999999997,58.52000000000002,11.15,0,Idukki,Kerala
2021-04-16,11.32,31.849999999999973,59.339999999999975,66.02000000000001,11.32,0,Idukki,Kerala
2021-04-17,0.16,22.62999999999997,58.63999999999997,65.42000000000002,11.32,0,Idukki,Kerala
2021-04-18,1.71,13.189999999999971,54.409999999999975,67.13000000000001,11.32,0,Idukki,Kerala
2021-04-19,2.79,4.659999999999972,42.85999999999997,69.83000000000003,2.79,0,Idukki,Kerala
2021-04-20,1.93,6.429999999999971,38.439999999999976,71.71000000000001,2.79,0,Idukki,Kerala
2021-04-21,7.56,12.279999999999971,36.619999999999976,78.32000000000002,7.56,0,Idukki,Kerala
2021-04-22,2.13,11.619999999999969,27.599999999999973,78.26,7.56,0,Idukki,Kerala
2021-04-23,3.65,13.33999999999997,19.92999999999997,79.49000000000001,7.56,0,Idukki,Kerala
2021-04-24,6.45,12.229999999999972,26.21999999999997,85.72000000000001,6.45,0,Idukki,Kerala
2021-04-25,2.72,12.819999999999974,27.22999999999997,87.58000000000001,6.45,0,Idukki,Kerala
2021-04-26,1.04,10.209999999999972,25.479999999999972,82.68,6.45,0,Idukki,Kerala
2021-04-27,3.43,7.189999999999972,26.979999999999972,71.77000000000001,3.43,0,Idukki,Kerala
2021-04-28,0.15,4.619999999999973,19.569999999999972,65.57000000000001,3.43,0,Idukki,Kerala
2021-04-29,0.47,4.049999999999971,17.909999999999968,56.66000000000002,3.43,0,Idukki,Kerala
2021-04-30,5.45,6.069999999999972,19.709999999999972,50.960000000000015,5.45,0,Idukki,Kerala
2021-05-01,6.35,12.269999999999971,19.60999999999997,45.99000000000001,6.35,0,Idukki,Kerala
2021-05-02,9.18,20.979999999999972,26.069999999999972,55.01000000000002,9.18,0,Idukki,Kerala
2021-05-03,6.55,22.07999999999997,31.57999999999997,59.850000000000016,9.18,0,Idukki,Kerala
2021-05-04,9.92,25.64999999999997,38.069999999999965,66.98000000000002,9.92,0,Idukki,Kerala
2021-05-05,3.53,19.99999999999997,41.44999999999997,68.58000000000001,9.92,0,Idukki,Kerala
2021-05-06,8.52,21.96999999999997,49.49999999999997,69.54,9.92,0,Idukki,Kerala
2021-05-07,16.12,28.169999999999973,60.169999999999966,83.53000000000002,16.12,0,Idukki,Kerala
2021-05-08,2.53,27.169999999999973,56.349999999999966,82.41000000000001,16.12,0,Idukki,Kerala
2021-05-09,1.48,20.129999999999974,48.64999999999997,77.44000000000001,16.12,0,Idukki,Kerala
2021-05-10,8.13,12.139999999999972,50.22999999999997,82.85000000000001,8.13,0,Idukki,Kerala
2021-05-11,14.98,24.589999999999975,55.28999999999998,96.79000000000002,14.98,0,Idukki,Kerala
2021-05-12,13.09,36.199999999999974,64.84999999999997,106.45000000000002,14.98,0,Idukki,Kerala
2021-05-13,38.53,66.59999999999997,94.85999999999997,144.83,38.53,0,Idukki,Kerala
2021-05-14,45.92,97.53999999999998,124.65999999999998,190.28000000000003,45.92,0,Idukki,Kerala
2021-05-15,49.53,133.97999999999996,171.65999999999997,234.36,49.53,0,Idukki,Kerala
2021-05-16,18.78,114.22999999999998,188.95999999999998,246.79000000000002,49.53,0,Idukki,Kerala
2021-05-17,12.92,81.22999999999998,193.74999999999997,250.53,49.53,0,Idukki,Kerala
2021-05-18,3.39,35.089999999999975,182.15999999999997,247.37000000000003,18.78,0,Idukki,Kerala
2021-05-19,19.44,35.74999999999997,188.51,256.89,19.44,0,Idukki,Kerala
2021-05-20,16.17,38.99999999999997,166.14999999999998,269.53000000000003,19.44,0,Idukki,Kerala
2021-05-21,3.36,38.96999999999997,123.58999999999997,264.37,19.44,0,Idukki,Kerala
2021-05-22,15.55,35.07999999999997,89.60999999999997,263.8,16.17,0,Idukki,Kerala
2021-05-23,2.63,21.53999999999997,73.45999999999998,263.90000000000003,15.55,0,Idukki,Kerala
2021-05-24,0.3,18.479999999999972,60.839999999999975,262.72,15.55,0,Idukki,Kerala
2021-05-25,17.04,19.96999999999997,74.48999999999997,271.63000000000005,17.04,0,Idukki,Kerala
2021-05-26,45.12,62.459999999999965,100.16999999999997,301.77,45.12,0,Idukki,Kerala
2021-05-27,6.66,68.81999999999996,90.65999999999997,295.34000000000003,45.12,0,Idukki,Kerala
2021-05-28,3.66,55.439999999999976,90.95999999999998,260.47,45.12,0,Idukki,Kerala
2021-05-29,4.11,14.429999999999971,79.51999999999998,218.66000000000003,6.66,0,Idukki,Kerala
2021-05-30,0.66,8.429999999999971,77.54999999999997,169.79000000000002,4.11,0,Idukki,Kerala
2021-05-31,13.78,18.54999999999997,91.02999999999997,164.79000000000002,13.78,0,Idukki,Kerala
2021-06-01,2.38,16.819999999999972,76.36999999999998,154.25,13.78,1,Idukki,Kerala
2021-06-02,1.63,17.78999999999997,32.87999999999997,152.49,13.78,1,Idukki,Kerala
2021-06-03,15.06,19.069999999999972,41.27999999999997,148.11,15.06,1,Idukki,Kerala
2021-06-04,21.05,37.739999999999974,58.66999999999997,152.99,21.05,1,Idukki,Kerala
2021-06-05,26.0,62.10999999999997,80.55999999999997,175.63000000000002,26.0,1,Idukki,Kerala
2021-06-06,12.31,59.35999999999997,92.20999999999997,172.39000000000001,26.0,1,Idukki,Kerala
2021-06-07,1.23,39.53999999999997,79.65999999999997,170.99,26.0,1,Idukki,Kerala
2021-06-08,8.61,22.14999999999997,85.88999999999997,179.3,12.31,1,Idukki,Kerala
2021-06-09,5.55,15.389999999999972,89.80999999999996,167.81,8.61,1,Idukki,Kerala
2021-06-10,2.71,16.86999999999997,77.45999999999998,125.40000000000002,8.61,1,Idukki,Kerala
2021-06-11,4.62,12.87999999999997,61.02999999999997,123.36000000000001,5.55,1,Idukki,Kerala
2021-06-12,18.4,25.72999999999997,53.42999999999997,138.10000000000002,18.4,1,Idukki,Kerala
2021-06-13,32.27,55.28999999999997,73.38999999999997,166.26000000000002,32.27,1,Idukki,Kerala
2021-06-14,10.45,61.119999999999976,82.60999999999997,176.05,32.27,1,Idukki,Kerala
2021-06-15,9.18,51.89999999999998,83.17999999999996,171.45000000000002,32.27,1,Idukki,Kerala
2021-06-16,10.64,30.26999999999997,88.26999999999997,179.71,10.64,1,Idukki,Kerala
2021-06-17,6.49,26.309999999999974,92.04999999999998,184.57000000000002,10.64,1,Idukki,Kerala
2021-06-18,2.48,19.60999999999997,89.90999999999997,171.99,10.64,1,Idukki,Kerala
2021-06-19,2.07,11.03999999999997,73.57999999999997,153.01000000000002,6.49,1,Idukki,Kerala
2021-06-20,4.03,8.579999999999972,45.339999999999975,131.04000000000002,4.03,1,Idukki,Kerala
2021-06-21,5.89,11.98999999999997,40.779999999999966,124.62000000000002,5.89,1,Idukki,Kerala
2021-06-22,5.31,15.22999999999997,36.90999999999997,128.70000000000002,5.89,1,Idukki,Kerala
2021-06-23,9.24,20.43999999999997,35.50999999999997,129.33,9.24,1,Idukki,Kerala
2021-06-24,2.73,17.27999999999997,31.749999999999968,126.51000000000002,9.24,1,Idukki,Kerala
2021-06-25,0.95,12.919999999999972,30.219999999999974,124.75000000000001,9.24,1,Idukki,Kerala
2021-06-26,13.41,17.08999999999997,41.559999999999974,133.54000000000002,13.41,1,Idukki,Kerala
2021-06-27,8.14,22.49999999999997,45.66999999999997,123.28000000000002,13.41,1,Idukki,Kerala
2021-06-28,2.9,24.44999999999997,42.67999999999997,93.91000000000003,13.41,1,Idukki,Kerala
2021-06-29,2.93,13.969999999999972,40.299999999999976,86.39000000000001,8.14,1,Idukki,Kerala
2021-06-30,1.29,7.119999999999972,32.34999999999997,78.50000000000001,2.93,1,Idukki,Kerala
2021-07-01,21.71,25.92999999999997,51.32999999999997,89.57000000000001,21.71,1,Idukki,Kerala
2021-07-02,10.74,33.739999999999974,61.11999999999997,93.82000000000002,21.71,1,Idukki,Kerala
2021-07-03,11.88,44.32999999999997,59.589999999999975,103.22000000000001,21.71,1,Idukki,Kerala
2021-07-04,21.15,43.76999999999997,72.59999999999997,122.30000000000001,21.15,1,Idukki,Kerala
2021-07-05,2.68,35.70999999999997,72.37999999999997,120.95000000000002,21.15,1,Idukki,Kerala
2021-07-06,4.26,28.089999999999968,73.70999999999998,119.32000000000002,21.15,1,Idukki,Kerala
2021-07-07,5.54,12.479999999999972,77.95999999999997,119.55000000000001,5.54,1,Idukki,Kerala
2021-07-08,10.15,19.94999999999997,66.39999999999998,120.46000000000002,10.15,1,Idukki,Kerala
2021-07-09,27.77,43.45999999999997,83.42999999999998,145.5,27.77,1,Idukki,Kerala
2021-07-10,28.03,65.94999999999997,99.57999999999998,172.58000000000004,28.03,1,Idukki,Kerala
2021-07-11,3.73,59.529999999999966,82.15999999999997,162.9,28.03,1,Idukki,Kerala
2021-07-12,5.82,37.57999999999997,85.29999999999997,160.58,28.03,1,Idukki,Kerala
2021-07-13,8.52,18.06999999999997,89.55999999999997,166.20000000000002,8.52,1,Idukki,Kerala
2021-07-14,18.19,32.52999999999997,102.20999999999997,181.46,18.19,1,Idukki,Kerala
2021-07-15,18.12,44.82999999999997,110.17999999999998,198.29000000000002,18.19,1,Idukki,Kerala
2021-07-16,23.76,60.06999999999998,106.16999999999997,200.34,23.76,1,Idukki,Kerala
2021-07-17,6.12,47.99999999999997,84.25999999999998,195.72000000000003,23.76,1,Idukki,Kerala
2021-07-18,6.49,36.36999999999997,87.01999999999998,190.33000000000004,23.76,1,Idukki,Kerala
2021-07-19,1.63,14.239999999999968,82.82999999999997,170.81000000000003,6.49,1,Idukki,Kerala
2021-07-20,1.25,9.369999999999969,75.55999999999997,169.38000000000002,6.49,1,Idukki,Kerala
2021-07-21,6.17,9.049999999999969,63.53999999999998,171.29000000000002,6.17,1,Idukki,Kerala
2021-07-22,11.92,19.339999999999968,57.339999999999975,177.67000000000002,11.92,1,Idukki,Kerala
2021-07-23,14.19,32.279999999999966,47.76999999999997,181.71000000000004,14.19,1,Idukki,Kerala
2021-07-24,13.38,39.48999999999997,55.02999999999997,167.32000000000002,14.19,1,Idukki,Kerala
2021-07-25,4.36,31.929999999999968,52.89999999999997,143.65,14.19,1,Idukki,Kerala
2021-07-26,5.54,23.279999999999966,56.809999999999974,145.46000000000004,13.38,1,Idukki,Kerala
2021-07-27,6.29,16.18999999999997,61.84999999999997,145.93,6.29,1,Idukki,Kerala
2021-07-28,3.38,15.209999999999969,59.059999999999974,140.79000000000002,6.29,1,Idukki,Kerala
2021-07-29,1.15,10.819999999999968,48.28999999999997,123.75000000000001,6.29,1,Idukki,Kerala
2021-07-30,1.65,6.179999999999968,35.74999999999997,107.28000000000003,3.38,1,Idukki,Kerala
2021-07-31,1.82,4.619999999999968,24.18999999999997,85.34000000000002,1.82,1,Idukki,Kerala
2021-08-01,0.91,4.379999999999968,20.73999999999997,80.13000000000001,1.82,1,Idukki,Kerala
2021-08-02,4.33,7.0599999999999685,19.529999999999973,77.97000000000001,4.33,1,Idukki,Kerala
2021-08-03,3.73,8.969999999999969,16.969999999999974,80.07000000000001,4.33,1,Idukki,Kerala
2021-08-04,2.07,10.129999999999967,15.659999999999972,80.89000000000001,4.33,1,Idukki,Kerala
2021-08-05,11.12,16.919999999999966,25.62999999999997,85.84000000000002,11.12,1,Idukki,Kerala
2021-08-06,18.16,31.34999999999997,42.13999999999997,92.08000000000001,18.16,1,Idukki,Kerala
2021-08-07,17.87,47.14999999999997,58.18999999999997,95.76000000000002,18.16,1,Idukki,Kerala
2021-08-08,3.59,39.619999999999976,60.86999999999997,85.97000000000001,18.16,1,Idukki,Kerala
2021-08-09,12.18,33.63999999999997,68.71999999999997,93.79000000000002,17.87,1,Idukki,Kerala
2021-08-10,2.21,17.979999999999972,67.19999999999996,90.46000000000002,12.18,1,Idukki,Kerala
2021-08-11,10.06,24.44999999999997,75.18999999999997,94.23000000000002,12.18,1,Idukki,Kerala
2021-08-12,6.06,18.32999999999997,70.12999999999997,96.91000000000003,10.06,1,Idukki,Kerala
2021-08-13,7.91,24.02999999999997,59.879999999999974,103.67000000000002,10.06,1,Idukki,Kerala
2021-08-14,5.29,19.25999999999997,47.299999999999976,107.31,7.91,1,Idukki,Kerala
2021-08-15,2.69,15.889999999999972,46.39999999999997,108.18000000000002,7.91,1,Idukki,Kerala
2021-08-16,0.43,8.409999999999972,34.64999999999997,107.70000000000002,5.29,1,Idukki,Kerala
2021-08-17,11.13,14.249999999999972,43.56999999999997,114.50000000000001,11.13,1,Idukki,Kerala
2021-08-18,7.88,19.439999999999973,41.38999999999997,118.65000000000002,11.13,1,Idukki,Kerala
2021-08-19,2.59,21.599999999999973,37.91999999999997,119.17,11.13,1,Idukki,Kerala
2021-08-20,0.29,10.759999999999973,30.299999999999972,108.34000000000002,7.88,1,Idukki,Kerala
2021-08-21,10.42,13.299999999999972,35.42999999999997,100.60000000000001,10.42,1,Idukki,Kerala
2021-08-22,18.63,29.339999999999975,51.36999999999997,101.36000000000001,18.63,1,Idukki,Kerala
2021-08-23,23.48,52.52999999999997,74.41999999999997,121.25000000000001,23.48,1,Idukki,Kerala
2021-08-24,2.96,45.06999999999997,66.24999999999997,112.03000000000002,23.48,1,Idukki,Kerala
2021-08-25,13.55,39.98999999999998,71.91999999999997,123.37,23.48,1,Idukki,Kerala
2021-08-26,26.83,43.339999999999975,96.15999999999997,140.14000000000001,26.83,1,Idukki,Kerala
2021-08-27,24.11,64.48999999999998,119.97999999999998,158.19,26.83,1,Idukki,Kerala
2021-08-28,22.99,73.92999999999998,132.54999999999998,173.27,26.83,1,Idukki,Kerala
2021-08-29,13.88,60.97999999999998,127.79999999999998,181.86,24.11,1,Idukki,Kerala
2021-08-30,5.45,42.31999999999997,109.76999999999997,184.62,22.99,1,Idukki,Kerala
2021-08-31,4.01,23.33999999999998,110.81999999999996,188.20000000000002,13.88,1,Idukki,Kerala
2021-09-01,6.77,16.22999999999998,104.03999999999996,183.84,6.77,1,Idukki,Kerala
2021-09-02,24.36,35.13999999999998,101.56999999999996,200.32000000000002,24.36,1,Idukki,Kerala
2021-09-03,4.76,35.88999999999998,82.21999999999997,202.49,24.36,1,Idukki,Kerala
2021-09-04,8.27,37.38999999999998,67.49999999999997,210.47000000000003,24.36,1,Idukki,Kerala
2021-09-05,11.84,24.869999999999976,65.45999999999997,211.89000000000001,11.84,1,Idukki,Kerala
2021-09-06,9.21,29.31999999999998,69.21999999999997,202.47,11.84,1,Idukki,Kerala
2021-09-07,5.15,26.199999999999978,70.35999999999996,184.14000000000001,11.84,1,Idukki,Kerala
2021-09-08,4.87,19.22999999999998,68.45999999999997,186.05,9.21,1,Idukki,Kerala
2021-09-09,0.96,10.979999999999979,45.05999999999997,173.46,5.15,1,Idukki,Kerala
2021-09-10,0.67,6.499999999999979,40.96999999999997,147.3,4.87,1,Idukki,Kerala
2021-09-11,5.98,7.609999999999979,38.67999999999998,129.17000000000002,5.98,1,Idukki,Kerala
2021-09-12,14.25,20.899999999999977,41.089999999999975,120.43,14.25,1,Idukki,Kerala
2021-09-13,12.08,32.309999999999974,43.95999999999997,118.63000000000001,14.25,1,Idukki,Kerala
2021-09-14,3.26,29.589999999999982,42.06999999999997,116.44000000000001,14.25,1,Idukki,Kerala
2021-09-15,23.19,38.52999999999998,60.38999999999997,135.62,23.19,1,Idukki,Kerala
2021-09-16,28.77,55.219999999999985,88.19999999999997,157.62000000000003,28.77,1,Idukki,Kerala
2021-09-17,12.72,64.67999999999998,100.24999999999997,145.98000000000002,28.77,1,Idukki,Kerala
2021-09-18,1.95,43.439999999999976,96.21999999999997,143.17000000000002,28.77,1,Idukki,Kerala
2021-09-19,2.57,17.23999999999998,84.53999999999996,137.47,12.72,1,Idukki,Kerala
2021-09-20,1.6,6.119999999999978,74.05999999999997,127.23000000000002,2.57,1,Idukki,Kerala
2021-09-21,0.57,4.739999999999978,71.36999999999998,118.59000000000002,2.57,1,Idukki,Kerala
2021-09-22,2.2,4.369999999999979,50.37999999999997,115.64000000000003,2.2,1,Idukki,Kerala
2021-09-23,4.57,7.3399999999999785,26.17999999999997,115.34000000000002,4.57,1,Idukki,Kerala
2021-09-24,9.45,16.219999999999978,22.909999999999968,123.83000000000001,9.45,1,Idukki,Kerala
2021-09-25,6.13,20.149999999999977,27.08999999999997,129.29000000000002,9.45,1,Idukki,Kerala
2021-09-26,8.41,23.989999999999977,32.92999999999997,131.72000000000003,9.45,1,Idukki,Kerala
2021-09-27,24.87,39.40999999999998,56.199999999999974,142.34000000000003,24.87,1,Idukki,Kerala
2021-09-28,6.35,39.629999999999974,61.97999999999997,136.61,24.87,1,Idukki,Kerala
2021-09-29,2.01,33.229999999999976,61.78999999999998,135.36,24.87,1,Idukki,Kerala
2021-09-30,18.75,27.109999999999978,75.96999999999997,130.92000000000002,18.75,1,Idukki,Kerala
2021-10-01,13.94,34.699999999999974,80.45999999999997,116.09,18.75,0,Idukki,Kerala
2021-10-02,18.44,51.12999999999998,92.76999999999998,121.81,18.75,0,Idukki,Kerala
2021-10-03,27.41,59.78999999999998,111.76999999999998,147.27,27.41,0,Idukki,Kerala
2021-10-04,5.29,51.139999999999986,92.18999999999997,149.99000000000004,27.41,0,Idukki,Kerala
2021-10-05,13.44,46.13999999999998,99.27999999999997,161.83,27.41,0,Idukki,Kerala
2021-10-06,1.97,20.699999999999978,99.23999999999998,163.23000000000002,13.44,0,Idukki,Kerala
2021-10-07,1.95,17.359999999999978,82.43999999999997,162.98000000000002,13.44,0,Idukki,Kerala
2021-10-08,36.51,40.42999999999998,105.00999999999998,194.92000000000002,36.51,0,Idukki,Kerala
2021-10-09,16.42,54.879999999999974,102.98999999999997,201.89000000000001,36.51,0,Idukki,Kerala
2021-10-10,3.93,56.85999999999997,79.50999999999998,199.69000000000003,36.51,0,Idukki,Kerala
2021-10-11,32.18,52.52999999999997,106.39999999999998,223.46000000000004,32.18,0,Idukki,Kerala
2021-10-12,16.71,52.81999999999997,109.66999999999999,215.3,32.18,0,Idukki,Kerala
2021-10-13,5.41,54.29999999999997,113.10999999999997,214.36,32.18,0,Idukki,Kerala
2021-10-14,7.96,30.079999999999973,119.11999999999998,220.31000000000003,16.71,0,Idukki,Kerala
2021-10-15,6.38,19.74999999999997,88.98999999999998,207.94,7.96,0,Idukki,Kerala
2021-10-16,47.55,61.88999999999997,120.11999999999998,241.55,47.55,0,Idukki,Kerala
2021-10-17,20.81,74.73999999999997,136.99999999999997,243.92000000000002,47.55,0,Idukki,Kerala
2021-10-18,7.41,75.76999999999998,112.22999999999996,223.92000000000002,47.55,0,Idukki,Kerala
2021-10-19,0.94,29.15999999999998,96.45999999999997,219.57000000000002,20.81,0,Idukki,Kerala
2021-10-20,32.34,40.68999999999998,123.38999999999996,238.47000000000003,32.34,0,Idukki,Kerala
2021-10-21,12.51,45.789999999999985,127.93999999999997,249.01000000000002,32.34,0,Idukki,Kerala
2021-10-22,12.04,56.88999999999998,133.59999999999997,259.1,32.34,0,Idukki,Kerala
2021-10-23,24.02,48.56999999999998,110.06999999999996,246.61,24.02,0,Idukki,Kerala
2021-10-24,15.03,51.08999999999998,104.28999999999998,245.22,24.02,0,Idukki,Kerala
2021-10-25,11.7,50.74999999999998,108.57999999999997,252.99,24.02,0,Idukki,Kerala
2021-10-26,5.92,32.64999999999998,113.55999999999997,226.73000000000002,15.03,0,Idukki,Kerala
2021-10-27,13.03,30.649999999999977,94.24999999999996,223.05,13.03,0,Idukki,Kerala
2021-10-28,8.62,27.56999999999998,90.35999999999997,226.26,13.03,0,Idukki,Kerala
2021-10-29,4.77,26.419999999999977,83.08999999999996,223.07,13.03,0,Idukki,Kerala
2021-10-30,5.91,19.299999999999976,64.97999999999996,222.6,8.62,0,Idukki,Kerala
2021-10-31,7.75,18.42999999999998,57.69999999999997,182.8,7.75,0,Idukki,Kerala
2021-11-01,21.97,35.62999999999998,67.96999999999997,183.96,21.97,0,Idukki,Kerala
2021-11-02,37.14,66.85999999999999,99.18999999999997,213.69000000000003,37.14,0,Idukki,Kerala
2021-11-03,4.58,63.68999999999998,90.73999999999997,217.33,37.14,0,Idukki,Kerala
2021-11-04,22.06,63.77999999999999,104.17999999999998,207.05,37.14,0,Idukki,Kerala
2021-11-05,7.84,34.47999999999999,107.24999999999997,202.38,22.06,0,Idukki,Kerala
2021-11-06,7.38,37.27999999999999,108.71999999999997,197.72,22.06,0,Idukki,Kerala
2021-11-07,6.17,21.389999999999986,107.13999999999997,179.87,7.84,0,Idukki,Kerala
2021-11-08,11.83,25.379999999999985,96.99999999999997,176.67000000000002,11.83,0,Idukki,Kerala
2021-11-09,3.8,21.799999999999986,63.65999999999997,168.77,11.83,0,Idukki,Kerala
2021-11-10,7.26,22.889999999999983,66.33999999999997,170.11,11.83,0,Idukki,Kerala
2021-11-11,2.86,13.919999999999986,47.13999999999997,159.94000000000003,7.26,0,Idukki,Kerala
2021-11-12,16.67,26.78999999999999,55.96999999999997,167.99,16.67,0,Idukki,Kerala
2021-11-13,24.11,43.639999999999986,72.69999999999997,187.33,24.11,0,Idukki,Kerala
2021-11-14,20.78,61.55999999999999,87.30999999999997,202.20000000000002,24.11,0,Idukki,Kerala
2021-11-15,19.81,64.69999999999999,95.28999999999996,214.26,24.11,0,Idukki,Kerala
2021-11-16,8.42,49.009999999999984,99.90999999999997,200.71,20.78,0,Idukki,Kerala
2021-11-17,25.01,53.23999999999999,117.65999999999997,188.58,25.01,0,Idukki,Kerala
2021-11-18,6.53,39.959999999999994,121.32999999999997,190.53,25.01,0,Idukki,Kerala
2021-11-19,11.28,42.81999999999999,115.93999999999997,179.75,25.01,0,Idukki,Kerala
2021-11-20,9.1,26.909999999999982,100.92999999999996,181.01,11.28,0,Idukki,Kerala
2021-11-21,0.03,20.409999999999982,80.17999999999996,173.66,11.28,0,Idukki,Kerala
2021-11-22,2.12,11.249999999999986,62.48999999999997,169.61,9.1,0,Idukki,Kerala
2021-11-23,11.96,14.109999999999987,66.02999999999997,169.74,11.96,0,Idukki,Kerala
2021-11-24,2.96,17.03999999999999,43.97999999999997,168.90000000000003,11.96,0,Idukki,Kerala
2021-11-25,25.02,39.93999999999998,62.46999999999997,186.66,25.02,0,Idukki,Kerala
2021-11-26,6.93,34.90999999999998,58.11999999999997,190.73000000000002,25.02,0,Idukki,Kerala
2021-11-27,3.96,35.90999999999998,52.979999999999976,178.02,25.02,0,Idukki,Kerala
2021-11-28,13.09,23.979999999999986,66.03999999999998,167.00000000000003,13.09,0,Idukki,Kerala
2021-11-29,34.14,51.18999999999998,98.05999999999997,180.36,34.14,0,Idukki,Kerala
2021-11-30,24.75,71.97999999999999,110.84999999999997,185.3,34.14,0,Idukki,Kerala
2021-12-01,5.52,64.40999999999998,113.40999999999998,182.40000000000003,34.14,0,Idukki,Kerala
2021-12-02,2.36,32.62999999999998,90.74999999999999,159.75,24.75,0,Idukki,Kerala
2021-12-03,27.48,35.35999999999998,111.29999999999998,180.7,27.48,0,Idukki,Kerala
2021-12-04,27.1,56.93999999999998,134.44,196.52,27.48,0,Idukki,Kerala
2021-12-05,4.51,59.08999999999998,125.85999999999999,191.93,27.48,0,Idukki,Kerala
2021-12-06,5.17,36.77999999999998,96.88999999999999,197.07,27.1,0,Idukki,Kerala
2021-12-07,1.3,10.979999999999979,73.43999999999998,196.25,5.17,0,Idukki,Kerala
2021-12-08,0.01,6.479999999999978,67.92999999999998,184.3,5.17,0,Idukki,Kerala
2021-12-09,2.81,4.119999999999979,68.37999999999998,184.15,2.81,0,Idukki,Kerala
2021-12-10,0.89,3.709999999999979,41.78999999999998,160.02,2.81,0,Idukki,Kerala
2021-12-11,1.25,4.949999999999979,15.939999999999978,154.34000000000003,2.81,0,Idukki,Kerala
2021-12-12,0.54,2.679999999999979,11.96999999999998,150.92000000000002,1.25,0,Idukki,Kerala
2021-12-13,0.08,1.8699999999999788,6.879999999999979,137.91000000000003,1.25,0,Idukki,Kerala
2021-12-14,1.07,1.6899999999999789,6.649999999999979,104.84000000000002,1.07,0,Idukki,Kerala
2021-12-15,0.33,1.4799999999999789,6.969999999999979,80.42000000000002,1.07,0,Idukki,Kerala
2021-12-16,0.0,1.3999999999999788,4.159999999999979,74.90000000000002,1.07,0,Idukki,Kerala
2021-12-17,0.01,0.3399999999999787,3.279999999999979,72.55000000000003,0.33,0,Idukki,Kerala
2021-12-18,0.01,0.019999999999978684,2.0399999999999787,45.08000000000001,0.01,0,Idukki,Kerala
2021-12-19,0.0,0.019999999999978684,1.499999999999979,17.980000000000015,0.01,0,Idukki,Kerala
2021-12-20,0.0,0.009999999999978684,1.4199999999999788,13.470000000000015,0.01,0,Idukki,Kerala
2021-12-21,0.0,0.0,0.3499999999999787,8.300000000000015,0.0,0,Idukki,Kerala
2021-12-22,0.0,0.0,0.019999999999978684,7.000000000000015,0.0,0,Idukki,Kerala
2021-12-23,0.0,0.0,0.019999999999978684,6.990000000000015,0.0,0,Idukki,Kerala
2021-12-24,0.0,0.0,0.009999999999978684,4.180000000000015,0.0,0,Idukki,Kerala
2021-12-25,0.0,0.0,0.0,3.2900000000000142,0.0,0,Idukki,Kerala
2021-12-26,0.0,0.0,0.0,2.0400000000000142,0.0,0,Idukki,Kerala
2021-12-27,0.0,0.0,0.0,1.5000000000000144,0.0,0,Idukki,Kerala
2021-12-28,0.0,0.0,0.0,1.4200000000000144,0.0,0,Idukki,Kerala
2021-12-29,0.0,0.0,0.0,0.35000000000001424,0.0,0,Idukki,Kerala
2021-12-30,3.1,3.0999999999999788,3.0999999999999788,3.1200000000000143,3.1,0,Idukki,Kerala
2021-12-31,3.62,6.719999999999979,6.719999999999979,6.740000000000014,3.62,0,Idukki,Kerala
2022-01-01,11.78,18.49999999999998,18.49999999999998,18.510000000000012,11.78,0,Idukki,Kerala
2022-01-02,2.76,18.15999999999998,21.259999999999977,21.260000000000012,11.78,0,Idukki,Kerala
2022-01-03,0.15,14.689999999999978,21.40999999999998,21.41000000000001,11.78,0,Idukki,Kerala
2022-01-04,0.53,3.4399999999999786,21.93999999999998,21.940000000000012,2.76,0,Idukki,Kerala
2022-01-05,0.0,0.6799999999999787,21.93999999999998,21.940000000000012,0.53,0,Idukki,Kerala
2022-01-06,0.0,0.5299999999999787,18.83999999999998,21.940000000000012,0.53,0,Idukki,Kerala
2022-01-07,0.13,0.1299999999999787,15.349999999999978,22.07000000000001,0.13,0,Idukki,Kerala
2022-01-08,0.33,0.4599999999999787,3.8999999999999786,22.400000000000013,0.33,0,Idukki,Kerala
2022-01-09,0.04,0.4999999999999787,1.1799999999999788,22.440000000000012,0.33,0,Idukki,Kerala
2022-01-10,0.0,0.3699999999999787,1.029999999999979,22.440000000000012,0.33,0,Idukki,Kerala
2022-01-11,0.0,0.039999999999978685,0.4999999999999787,22.440000000000012,0.04,0,Idukki,Kerala
2022-01-12,0.0,0.0,0.4999999999999787,22.440000000000012,0.0,0,Idukki,Kerala
2022-01-13,0.0,0.0,0.4999999999999787,22.440000000000012,0.0,0,Idukki,Kerala
2022-01-14,0.0,0.0,0.3699999999999787,19.340000000000014,0.0,0,Idukki,Kerala
2022-01-15,0.04,0.039999999999978685,0.07999999999997869,15.760000000000014,0.04,0,Idukki,Kerala
2022-01-16,0.16,0.1999999999999787,0.1999999999999787,4.140000000000014,0.16,0,Idukki,Kerala
2022-01-17,0.04,0.2399999999999787,0.2399999999999787,1.4200000000000144,0.16,0,Idukki,Kerala
2022-01-18,0.0,0.1999999999999787,0.2399999999999787,1.2700000000000145,0.16,0,Idukki,Kerala
2022-01-19,0.0,0.039999999999978685,0.2399999999999787,0.7400000000000142,0.04,0,Idukki,Kerala
2022-01-20,0.01,0.009999999999978684,0.24999999999997868,0.7500000000000142,0.01,0,Idukki,Kerala
2022-01-21,0.01,0.019999999999978684,0.2599999999999787,0.7600000000000142,0.01,0,Idukki,Kerala
2022-01-22,0.0,0.019999999999978684,0.21999999999997868,0.6300000000000142,0.01,0,Idukki,Kerala
2022-01-23,0.0,0.009999999999978684,0.05999999999997868,0.3000000000000142,0.01,0,Idukki,Kerala
2022-01-24,0.0,0.0,0.019999999999978684,0.2600000000000142,0.0,0,Idukki,Kerala
2022-01-25,0.01,0.009999999999978684,0.029999999999978683,0.27000000000001423,0.01,0,Idukki,Kerala
2022-01-26,0.43,0.4399999999999787,0.45999999999997865,0.7000000000000142,0.43,0,Idukki,Kerala
2022-01-27,0.22,0.6599999999999787,0.6699999999999787,0.9200000000000143,0.43,0,Idukki,Kerala
2022-01-28,0.03,0.6799999999999786,0.6899999999999786,0.9500000000000142,0.43,0,Idukki,Kerala
2022-01-29,0.0,0.24999999999997868,0.6899999999999786,0.9500000000000142,0.22,0,Idukki,Kerala
2022-01-30,0.0,0.029999999999978683,0.6899999999999786,0.9100000000000141,0.03,0,Idukki,Kerala
2022-01-31,0.0,0.0,0.6899999999999786,0.7500000000000142,0.0,0,Idukki,Kerala
2022-02-01,0.05,0.049999999999978686,0.7299999999999787,0.7600000000000142,0.05,0,Idukki,Kerala
2022-02-02,0.22,0.2699999999999787,0.5199999999999787,0.9800000000000142,0.22,0,Idukki,Kerala
2022-02-03,0.0,0.2699999999999787,0.29999999999997873,0.9800000000000142,0.22,0,Idukki,Kerala
2022-02-04,0.0,0.21999999999997868,0.2699999999999787,0.9700000000000142,0.22,0,Idukki,Kerala
2022-02-05,0.0,0.0,0.2699999999999787,0.9600000000000142,0.0,0,Idukki,Kerala
2022-02-06,0.0,0.0,0.2699999999999787,0.9600000000000142,0.0,0,Idukki,Kerala
2022-02-07,0.0,0.0,0.2699999999999787,0.9600000000000142,0.0,0,Idukki,Kerala
2022-02-08,0.01,0.009999999999978656,0.22999999999997872,0.9700000000000142,0.01,0,Idukki,Kerala
2022-02-09,0.1,0.10999999999997866,0.10999999999997868,1.0600000000000143,0.1,0,Idukki,Kerala
2022-02-10,0.13,0.23999999999997867,0.23999999999997867,0.7600000000000142,0.13,0,Idukki,Kerala
2022-02-11,0.94,1.1699999999999786,1.1799999999999786,1.4800000000000142,0.94,0,Idukki,Kerala
2022-02-12,4.36,5.429999999999978,5.539999999999979,5.810000000000015,4.36,0,Idukki,Kerala
2022-02-13,0.21,5.509999999999979,5.749999999999979,6.020000000000015,4.36,0,Idukki,Kerala
2022-02-14,0.73,5.299999999999979,6.479999999999979,6.750000000000014,4.36,0,Idukki,Kerala
2022-02-15,0.75,1.6899999999999795,7.219999999999979,7.500000000000014,0.75,0,Idukki,Kerala
2022-02-16,0.39,1.8699999999999797,7.5099999999999785,7.840000000000015,0.75,0,Idukki,Kerala
2022-02-17,0.01,1.1499999999999795,7.389999999999978,7.630000000000015,0.75,0,Idukki,Kerala
2022-02-18,0.0,0.3999999999999796,6.449999999999979,7.630000000000015,0.39,0,Idukki,Kerala
2022-02-19,0.0,0.009999999999979572,2.0899999999999785,7.630000000000015,0.01,0,Idukki,Kerala
2022-02-20,0.0,0.0,1.8799999999999786,7.630000000000015,0.0,0,Idukki,Kerala
2022-02-21,0.0,0.0,1.1499999999999786,7.630000000000015,0.0,0,Idukki,Kerala
2022-02-22,0.35,0.34999999999997955,0.7499999999999787,7.980000000000015,0.35,0,Idukki,Kerala
2022-02-23,0.08,0.42999999999997957,0.4399999999999787,8.050000000000015,0.35,0,Idukki,Kerala
2022-02-24,0.61,1.0399999999999796,1.0399999999999787,8.560000000000015,0.61,0,Idukki,Kerala
2022-02-25,0.0,0.6899999999999795,1.0399999999999787,8.430000000000014,0.61,0,Idukki,Kerala
2022-02-26,0.0,0.6099999999999796,1.0399999999999787,7.490000000000014,0.61,0,Idukki,Kerala
2022-02-27,2.23,2.2299999999999796,3.2699999999999787,5.360000000000014,2.23,0,Idukki,Kerala
2022-02-28,0.81,3.0399999999999796,4.079999999999979,5.960000000000014,2.23,0,Idukki,Kerala
2022-03-01,0.0,3.0399999999999796,3.7299999999999787,5.230000000000015,2.23,0,Idukki,Kerala
2022-03-02,0.0,0.8099999999999796,3.6499999999999786,4.480000000000015,0.81,0,Idukki,Kerala
2022-03-03,0.0,0.0,3.0399999999999787,4.090000000000014,0.0,0,Idukki,Kerala
2022-03-04,0.0,0.0,3.0399999999999787,4.080000000000014,0.0,0,Idukki,Kerala
2022-03-05,0.05,0.049999999999979575,3.0899999999999785,4.130000000000014,0.05,0,Idukki,Kerala
2022-03-06,0.14,0.18999999999997957,0.9999999999999787,4.270000000000015,0.14,0,Idukki,Kerala
2022-03-07,0.35,0.5399999999999796,0.5399999999999787,4.620000000000014,0.35,0,Idukki,Kerala
2022-03-08,3.63,4.11999999999998,4.169999999999979,8.250000000000014,3.63,0,Idukki,Kerala
2022-03-09,0.82,4.799999999999979,4.989999999999979,8.720000000000015,3.63,0,Idukki,Kerala
2022-03-10,0.0,4.44999999999998,4.989999999999979,8.640000000000015,3.63,0,Idukki,Kerala
2022-03-11,0.0,0.81999999999998,4.989999999999979,8.030000000000015,0.82,0,Idukki,Kerala
2022-03-12,0.0,0.0,4.939999999999979,8.030000000000015,0.0,0,Idukki,Kerala
2022-03-13,0.0,0.0,4.7999999999999785,8.030000000000015,0.0,0,Idukki,Kerala
2022-03-14,0.0,0.0,4.449999999999979,5.800000000000015,0.0,0,Idukki,Kerala
2022-03-15,0.5,0.49999999999998,1.3199999999999785,5.490000000000014,0.5,0,Idukki,Kerala
2022-03-16,5.6,6.09999999999998,6.099999999999978,11.090000000000014,5.6,0,Idukki,Kerala
2022-03-17,2.63,8.729999999999979,8.729999999999979,13.720000000000013,5.6,0,Idukki,Kerala
2022-03-18,2.37,10.59999999999998,11.099999999999978,16.090000000000014,5.6,0,Idukki,Kerala
2022-03-19,4.83,9.82999999999998,15.929999999999978,20.920000000000016,4.83,0,Idukki,Kerala
2022-03-20,2.57,9.76999999999998,18.49999999999998,23.440000000000012,4.83,0,Idukki,Kerala
2022-03-21,0.55,7.949999999999981,19.04999999999998,23.850000000000012,4.83,0,Idukki,Kerala
2022-03-22,1.18,4.29999999999998,19.72999999999998,24.680000000000014,2.57,0,Idukki,Kerala
2022-03-23,21.48,23.20999999999998,35.60999999999998,42.530000000000015,21.48,0,Idukki,Kerala
2022-03-24,4.43,27.08999999999998,37.40999999999998,46.140000000000015,21.48,0,Idukki,Kerala
2022-03-25,3.76,29.66999999999998,38.79999999999998,49.90000000000001,21.48,0,Idukki,Kerala
2022-03-26,1.44,9.629999999999978,35.40999999999998,51.34000000000001,4.43,0,Idukki,Kerala
2022-03-27,4.43,9.629999999999978,37.26999999999998,55.77000000000001,4.43,0,Idukki,Kerala
2022-03-28,5.33,11.199999999999978,42.049999999999976,61.10000000000001,5.33,0,Idukki,Kerala
2022-03-29,3.1,12.859999999999978,43.96999999999998,64.20000000000002,5.33,0,Idukki,Kerala
2022-03-30,2.22,10.649999999999979,24.70999999999998,65.92000000000002,5.33,0,Idukki,Kerala
2022-03-31,0.35,5.669999999999979,20.62999999999998,60.670000000000016,3.1,0,Idukki,Kerala
2022-04-01,3.28,5.849999999999978,20.149999999999984,61.320000000000014,3.28,0,Idukki,Kerala
2022-04-02,5.76,9.389999999999977,24.46999999999998,64.71000000000002,5.76,0,Idukki,Kerala
2022-04-03,7.07,16.109999999999978,27.10999999999998,66.95000000000002,7.07,0,Idukki,Kerala
2022-04-04,1.42,14.249999999999977,23.19999999999998,65.80000000000001,7.07,0,Idukki,Kerala
2022-04-05,3.23,11.719999999999978,23.329999999999984,68.48,7.07,0,Idukki,Kerala
2022-04-06,25.47,30.119999999999976,46.579999999999984,92.77000000000001,25.47,0,Idukki,Kerala
2022-04-07,1.49,30.189999999999973,47.719999999999985,72.78000000000002,25.47,0,Idukki,Kerala
2022-04-08,37.56,64.51999999999998,81.99999999999999,105.91000000000003,37.56,0,Idukki,Kerala
2022-04-09,30.66,69.70999999999998,106.89999999999998,132.81,37.56,0,Idukki,Kerala
2022-04-10,7.8,76.01999999999998,107.62999999999998,139.17000000000002,37.56,0,Idukki,Kerala
2022-04-11,18.13,56.589999999999975,124.33999999999999,152.87,30.66,0,Idukki,Kerala
2022-04-12,20.97,46.89999999999998,142.07999999999998,168.51000000000002,20.97,0,Idukki,Kerala
2022-04-13,17.26,56.359999999999985,133.86999999999998,182.67000000000002,20.97,0,Idukki,Kerala
2022-04-14,7.91,46.13999999999998,140.28999999999996,188.36,20.97,0,Idukki,Kerala
2022-04-15,1.67,26.839999999999982,104.39999999999999,189.68,17.26,0,Idukki,Kerala
2022-04-16,3.7,13.27999999999998,77.43999999999998,190.1,7.91,0,Idukki,Kerala
2022-04-17,7.56,12.929999999999978,77.19999999999999,191.9,7.56,0,Idukki,Kerala
2022-04-18,5.74,16.99999999999998,64.80999999999999,190.57000000000002,7.56,0,Idukki,Kerala
2022-04-19,3.32,16.61999999999998,47.15999999999998,192.47,7.56,0,Idukki,Kerala
2022-04-20,0.01,9.069999999999979,29.909999999999986,189.25000000000003,5.74,0,Idukki,Kerala
2022-04-21,0.48,3.8099999999999783,22.479999999999986,164.26000000000002,3.32,0,Idukki,Kerala
2022-04-22,4.07,4.559999999999979,24.87999999999999,166.84,4.07,0,Idukki,Kerala
2022-04-23,29.79,34.339999999999975,50.969999999999985,159.07,29.79,0,Idukki,Kerala
2022-04-24,0.31,34.16999999999998,43.719999999999985,128.72,29.79,0,Idukki,Kerala
2022-04-25,0.01,30.109999999999978,37.98999999999999,120.93,29.79,0,Idukki,Kerala
2022-04-26,0.16,0.47999999999997867,34.829999999999984,102.96000000000002,0.31,0,Idukki,Kerala
2022-04-27,0.5,0.6699999999999786,35.319999999999986,82.49000000000002,0.5,0,Idukki,Kerala
2022-04-28,2.06,2.7199999999999784,36.899999999999984,67.29000000000002,2.06,0,Idukki,Kerala
2022-04-29,1.01,3.569999999999979,33.83999999999998,60.390000000000015,2.06,0,Idukki,Kerala
2022-04-30,0.29,3.3599999999999786,4.339999999999986,59.01000000000002,2.06,0,Idukki,Kerala
2022-05-01,5.64,6.939999999999978,9.669999999999986,60.95000000000001,5.64,0,Idukki,Kerala
2022-05-02,2.62,8.54999999999998,12.279999999999987,56.01000000000002,5.64,0,Idukki,Kerala
2022-05-03,1.74,9.999999999999977,13.859999999999985,52.01000000000001,5.64,0,Idukki,Kerala
2022-05-04,5.34,9.699999999999978,18.699999999999985,54.030000000000015,5.34,0,Idukki,Kerala
2022-05-05,2.9,9.979999999999979,19.53999999999999,56.920000000000016,5.34,0,Idukki,Kerala
2022-05-06,0.44,8.679999999999978,18.969999999999985,56.88000000000002,5.34,0,Idukki,Kerala
2022-05-07,0.65,3.989999999999979,19.329999999999988,53.460000000000015,2.9,0,Idukki,Kerala
2022-05-08,2.44,3.5299999999999785,16.129999999999985,26.110000000000014,2.44,0,Idukki,Kerala
2022-05-09,7.35,10.439999999999978,20.859999999999985,33.15000000000001,7.35,0,Idukki,Kerala
2022-05-10,8.99,18.77999999999998,28.109999999999985,42.13000000000002,8.99,0,Idukki,Kerala
2022-05-11,9.23,25.56999999999998,31.999999999999986,51.20000000000002,9.23,0,Idukki,Kerala
2022-05-12,7.71,25.92999999999998,36.80999999999998,58.41000000000001,9.23,0,Idukki,Kerala
2022-05-13,6.34,23.279999999999976,42.70999999999999,62.69000000000001,9.23,0,Idukki,Kerala
2022-05-14,34.23,48.27999999999997,76.28999999999999,95.91000000000001,34.23,0,Idukki,Kerala
2022-05-15,16.7,57.26999999999997,90.54999999999998,112.32000000000001,34.23,0,Idukki,Kerala
2022-05-16,15.43,66.35999999999997,98.62999999999998,122.11000000000001,34.23,0,Idukki,Kerala
2022-05-17,15.66,47.78999999999998,105.29999999999998,135.15,16.7,0,Idukki,Kerala
2022-05-18,15.45,46.53999999999998,111.51999999999998,148.86,15.66,0,Idukki,Kerala
2022-05-19,16.87,47.979999999999976,120.67999999999998,160.39,16.87,0,Idukki,Kerala
2022-05-20,12.15,44.469999999999985,126.48999999999998,169.64000000000001,16.87,0,Idukki,Kerala
2022-05-21,6.15,35.16999999999998,98.41,175.35,16.87,0,Idukki,Kerala
2022-05-22,2.88,21.17999999999998,84.58999999999999,177.58,12.15,0,Idukki,Kerala
2022-05-23,12.71,21.73999999999998,81.86999999999998,187.85000000000002,12.71,0,Idukki,Kerala
2022-05-24,11.93,27.51999999999998,78.13999999999999,192.43,12.71,0,Idukki,Kerala
2022-05-25,11.37,36.00999999999998,74.05999999999999,194.81000000000003,12.71,0,Idukki,Kerala
2022-05-26,10.19,33.48999999999998,67.37999999999998,195.77,11.93,0,Idukki,Kerala
2022-05-27,6.03,27.58999999999998,61.259999999999984,194.09000000000003,11.37,0,Idukki,Kerala
2022-05-28,7.86,24.079999999999977,62.969999999999985,195.61,10.19,0,Idukki,Kerala
2022-05-29,14.1,27.98999999999998,74.18999999999998,175.48,14.1,0,Idukki,Kerala
2022-05-30,7.56,29.51999999999998,69.03999999999998,166.34,14.1,0,Idukki,Kerala
2022-05-31,5.54,27.199999999999978,62.649999999999984,156.45,14.1,0,Idukki,Kerala
2022-06-01,11.28,24.379999999999978,62.55999999999999,152.07,11.28,1,Idukki,Kerala
2022-06-02,7.07,23.88999999999998,59.43999999999999,143.69000000000003,11.28,1,Idukki,Kerala
2022-06-03,1.18,19.52999999999998,54.58999999999999,128.0,11.28,1,Idukki,Kerala
2022-06-04,2.33,10.579999999999979,49.05999999999999,118.18,7.07,1,Idukki,Kerala
2022-06-05,12.26,15.769999999999978,47.219999999999985,124.29000000000002,12.26,1,Idukki,Kerala
2022-06-06,8.02,22.609999999999978,47.679999999999986,129.43,12.26,1,Idukki,Kerala
2022-06-07,4.48,24.75999999999998,46.61999999999998,121.20000000000002,12.26,1,Idukki,Kerala
2022-06-08,1.3,13.79999999999998,36.639999999999986,110.57000000000001,8.02,1,Idukki,Kerala
2022-06-09,0.69,6.469999999999979,30.259999999999984,99.89000000000001,4.48,1,Idukki,Kerala
2022-06-10,9.65,11.63999999999998,38.72999999999998,99.35000000000002,9.65,1,Idukki,Kerala
2022-06-11,5.8,16.13999999999998,42.19999999999999,99.12000000000002,9.65,1,Idukki,Kerala
2022-06-12,13.93,29.37999999999998,43.86999999999999,105.19000000000001,13.93,1,Idukki,Kerala
2022-06-13,9.62,29.34999999999998,45.469999999999985,100.71000000000001,13.93,1,Idukki,Kerala
2022-06-14,4.09,27.63999999999998,45.079999999999984,97.24000000000002,13.93,1,Idukki,Kerala
2022-06-15,9.48,23.18999999999998,53.259999999999984,101.18,9.62,1,Idukki,Kerala
2022-06-16,18.25,31.81999999999998,70.82,108.15,18.25,1,Idukki,Kerala
2022-06-17,17.48,45.20999999999998,78.64999999999999,118.56000000000002,18.25,1,Idukki,Kerala
2022-06-18,6.73,42.45999999999998,79.57999999999998,124.11000000000001,18.25,1,Idukki,Kerala
2022-06-19,4.64,28.84999999999998,70.28999999999998,126.42000000000002,17.48,1,Idukki,Kerala
2022-06-20,4.92,16.289999999999978,65.58999999999999,119.08000000000001,6.73,1,Idukki,Kerala
2022-06-21,3.1,12.659999999999979,64.6,114.16000000000001,4.92,1,Idukki,Kerala
2022-06-22,3.32,11.339999999999979,58.43999999999998,113.00000000000001,4.92,1,Idukki,Kerala
2022-06-23,9.48,15.89999999999998,49.66999999999999,121.18,9.48,1,Idukki,Kerala
2022-06-24,16.62,29.41999999999998,48.80999999999999,137.11,16.62,1,Idukki,Kerala
2022-06-25,10.39,36.48999999999998,52.469999999999985,137.85000000000002,16.62,1,Idukki,Kerala
2022-06-26,1.72,28.729999999999983,49.54999999999999,133.77000000000004,16.62,1,Idukki,Kerala
2022-06-27,3.41,15.519999999999982,48.039999999999985,123.25000000000003,10.39,1,Idukki,Kerala
2022-06-28,11.57,16.69999999999998,56.50999999999999,125.20000000000002,11.57,1,Idukki,Kerala
2022-06-29,7.87,22.84999999999998,61.05999999999999,128.98000000000002,11.57,1,Idukki,Kerala
2022-06-30,23.94,43.37999999999998,75.51999999999998,143.44000000000003,23.94,1,Idukki,Kerala
2022-07-01,5.51,37.31999999999998,64.40999999999998,130.70000000000002,23.94,1,Idukki,Kerala
2022-07-02,5.14,34.58999999999998,59.15999999999998,118.36000000000003,23.94,1,Idukki,Kerala
2022-07-03,15.77,26.419999999999977,73.20999999999998,127.40000000000002,15.77,1,Idukki,Kerala
2022-07-04,10.33,31.239999999999974,80.12999999999998,133.09,15.77,1,Idukki,Kerala
2022-07-05,10.51,36.60999999999998,79.06999999999998,138.68000000000004,15.77,1,Idukki,Kerala
2022-07-06,12.34,33.17999999999998,83.53999999999999,147.92000000000002,12.34,1,Idukki,Kerala
2022-07-07,10.83,33.67999999999998,70.42999999999998,155.43,12.34,1,Idukki,Kerala
2022-07-08,12.11,35.27999999999998,77.02999999999997,158.06000000000003,12.34,1,Idukki,Kerala
2022-07-09,5.72,28.65999999999998,77.60999999999997,147.16000000000003,12.11,1,Idukki,Kerala
2022-07-10,11.87,29.699999999999974,73.70999999999998,148.64,12.11,1,Idukki,Kerala
2022-07-11,7.34,24.929999999999975,70.71999999999998,154.26,11.87,1,Idukki,Kerala
2022-07-12,4.93,24.139999999999976,65.13999999999999,155.78,11.87,1,Idukki,Kerala
2022-07-13,10.89,23.15999999999998,63.68999999999998,155.10000000000002,10.89,1,Idukki,Kerala
2022-07-14,6.66,22.47999999999998,59.51999999999998,153.89000000000001,10.89,1,Idukki,Kerala
2022-07-15,8.8,26.34999999999998,56.20999999999998,138.75,10.89,1,Idukki,Kerala
2022-07-16,8.72,24.17999999999998,59.20999999999999,141.96,8.8,1,Idukki,Kerala
2022-07-17,27.16,44.67999999999998,74.49999999999999,163.98000000000002,27.16,1,Idukki,Kerala
2022-07-18,31.18,67.05999999999999,98.33999999999997,179.39000000000001,31.18,1,Idukki,Kerala
2022-07-19,6.29,64.62999999999998,99.69999999999999,175.35000000000002,31.18,1,Idukki,Kerala
2022-07-20,3.58,41.04999999999998,92.38999999999999,168.42000000000002,31.18,1,Idukki,Kerala
2022-07-21,12.93,22.799999999999983,98.66,169.01000000000002,12.93,1,Idukki,Kerala
2022-07-22,6.74,23.249999999999986,96.59999999999998,164.92000000000002,12.93,1,Idukki,Kerala
2022-07-23,6.88,26.549999999999983,94.75999999999998,159.69000000000003,12.93,1,Idukki,Kerala
2022-07-24,14.32,27.939999999999984,81.91999999999999,168.29000000000002,14.32,1,Idukki,Kerala
2022-07-25,10.44,31.63999999999998,61.179999999999986,166.86,14.32,1,Idukki,Kerala
2022-07-26,6.14,30.89999999999998,61.02999999999999,165.66000000000003,14.32,1,Idukki,Kerala
2022-07-27,36.3,52.87999999999998,93.74999999999999,197.03,36.3,1,Idukki,Kerala
2022-07-28,11.99,54.429999999999986,92.80999999999997,198.13000000000002,36.3,1,Idukki,Kerala
2022-07-29,33.02,81.30999999999999,119.08999999999999,224.49,36.3,1,Idukki,Kerala
2022-07-30,27.36,72.36999999999999,139.57,243.05,33.02,1,Idukki,Kerala
2022-07-31,27.66,88.03999999999999,152.91,261.99,33.02,1,Idukki,Kerala
2022-08-01,62.12,117.13999999999999,204.58999999999997,296.95000000000005,62.12,1,Idukki,Kerala
2022-08-02,21.7,111.47999999999998,220.14999999999998,287.47,62.12,1,Idukki,Kerala
2022-08-03,11.24,95.05999999999999,195.09,292.42,62.12,1,Idukki,Kerala
2022-08-04,37.99,70.92999999999998,221.08999999999997,326.83,37.99,1,Idukki,Kerala
2022-08-05,7.03,56.25999999999998,195.1,320.93,37.99,1,Idukki,Kerala
2022-08-06,9.74,54.75999999999998,177.48,323.93,37.99,1,Idukki,Kerala
2022-08-07,8.12,24.88999999999998,157.94,325.17,9.74,1,Idukki,Kerala
2022-08-08,10.07,27.92999999999998,105.88999999999999,320.92,10.07,1,Idukki,Kerala
2022-08-09,4.55,22.739999999999977,88.73999999999998,315.03000000000003,10.07,1,Idukki,Kerala
2022-08-10,1.05,15.669999999999979,78.54999999999998,309.94,10.07,1,Idukki,Kerala
2022-08-11,2.2,7.7999999999999785,42.759999999999984,275.84000000000003,4.55,1,Idukki,Kerala
2022-08-12,1.24,4.489999999999979,36.969999999999985,265.09,2.2,1,Idukki,Kerala
2022-08-13,0.01,3.449999999999979,27.239999999999984,232.08,2.2,1,Idukki,Kerala
2022-08-14,0.02,1.2699999999999787,19.139999999999983,204.74000000000004,1.24,1,Idukki,Kerala
2022-08-15,0.0,0.029999999999978683,9.069999999999986,177.08,0.02,1,Idukki,Kerala
2022-08-16,0.0,0.01999999999997868,4.519999999999985,114.96000000000001,0.02,1,Idukki,Kerala
2022-08-17,0.02,0.019999999999978684,3.489999999999986,93.28000000000002,0.02,1,Idukki,Kerala
2022-08-18,3.34,3.3599999999999786,4.629999999999986,85.38000000000001,3.34,1,Idukki,Kerala
2022-08-19,5.34,8.699999999999978,8.729999999999986,52.73000000000001,5.34,1,Idukki,Kerala
2022-08-20,0.99,9.669999999999979,9.709999999999985,46.69000000000001,5.34,1,Idukki,Kerala
2022-08-21,8.53,14.859999999999978,18.219999999999985,45.48000000000002,8.53,1,Idukki,Kerala
2022-08-22,15.4,24.91999999999998,33.61999999999998,52.76000000000001,15.4,1,Idukki,Kerala
2022-08-23,6.48,30.409999999999982,40.09999999999999,49.170000000000016,15.4,1,Idukki,Kerala
2022-08-24,9.05,30.92999999999998,49.12999999999998,53.670000000000016,15.4,1,Idukki,Kerala
2022-08-25,5.47,20.99999999999998,51.259999999999984,58.09000000000001,9.05,1,Idukki,Kerala
2022-08-26,19.42,33.93999999999998,65.33999999999999,75.31000000000002,19.42,1,Idukki,Kerala
2022-08-27,23.3,48.18999999999998,87.64999999999999,97.37000000000002,23.3,1,Idukki,Kerala
2022-08-28,13.08,55.79999999999998,92.19999999999999,110.44000000000001,23.3,1,Idukki,Kerala
2022-08-29,22.98,59.35999999999998,99.77999999999999,133.40000000000003,23.3,1,Idukki,Kerala
2022-08-30,59.85,95.90999999999997,153.15,193.25000000000003,59.85,1,Idukki,Kerala
2022-08-31,45.84,128.67,189.94,239.09000000000003,59.85,1,Idukki,Kerala
2022-09-01,17.71,123.39999999999999,202.18,256.78000000000003,59.85,1,Idukki,Kerala
2022-09-02,2.72,66.26999999999998,185.48000000000002,256.16,45.84,1,Idukki,Kerala
2022-09-03,8.55,28.979999999999983,170.73,259.37,17.71,1,Idukki,Kerala
2022-09-04,12.98,24.24999999999998,170.63,271.36,12.98,1,Idukki,Kerala
2022-09-05,21.16,42.68999999999998,168.81,283.99,21.16,1,Idukki,Kerala
2022-09-06,17.93,52.06999999999998,126.89,286.52000000000004,21.16,1,Idukki,Kerala
2022-09-07,18.31,57.39999999999998,99.35999999999999,298.35,21.16,1,Idukki,Kerala
2022-09-08,5.99,42.229999999999976,87.63999999999999,295.29,18.31,1,Idukki,Kerala
2022-09-09,9.11,33.409999999999975,94.02999999999999,298.93,18.31,1,Idukki,Kerala
2022-09-10,7.92,23.01999999999998,93.39999999999999,287.43000000000006,9.11,1,Idukki,Kerala
2022-09-11,5.35,22.37999999999998,85.76999999999998,269.48,9.11,1,Idukki,Kerala
2022-09-12,2.86,16.129999999999978,67.46999999999998,259.26000000000005,7.92,1,Idukki,Kerala
2022-09-13,4.0,12.209999999999978,53.539999999999985,240.28000000000003,5.35,1,Idukki,Kerala
2022-09-14,1.53,8.389999999999977,36.75999999999999,181.96000000000004,4.0,1,Idukki,Kerala
2022-09-15,0.07,5.599999999999978,30.839999999999986,136.19000000000003,4.0,1,Idukki,Kerala
2022-09-16,0.58,2.1799999999999784,22.309999999999985,119.06000000000002,1.53,1,Idukki,Kerala
2022-09-17,3.02,3.6699999999999786,17.409999999999986,119.36000000000001,3.02,1,Idukki,Kerala
2022-09-18,2.66,6.2599999999999785,14.719999999999985,113.47000000000001,3.02,1,Idukki,Kerala
2022-09-19,1.22,6.899999999999979,13.079999999999986,101.71000000000002,3.02,1,Idukki,Kerala
2022-09-20,0.34,4.219999999999978,9.419999999999986,80.89,2.66,1,Idukki,Kerala
2022-09-21,0.03,1.5899999999999788,7.919999999999986,62.99000000000001,1.22,1,Idukki,Kerala
2022-09-22,0.05,0.4199999999999787,7.899999999999986,44.73000000000001,0.34,1,Idukki,Kerala
2022-09-23,0.02,0.09999999999997869,7.3399999999999865,38.76000000000001,0.05,1,Idukki,Kerala
2022-09-24,0.03,0.09999999999997869,4.349999999999986,29.680000000000014,0.05,1,Idukki,Kerala
2022-09-25,0.78,0.8299999999999788,2.4699999999999855,22.540000000000013,0.78,1,Idukki,Kerala
2022-09-26,1.64,2.449999999999979,2.8899999999999855,18.830000000000013,1.64,1,Idukki,Kerala
2022-09-27,0.05,2.469999999999979,2.599999999999986,16.020000000000014,1.64,1,Idukki,Kerala
2022-09-28,0.86,2.5499999999999785,3.4299999999999855,12.880000000000015,1.64,1,Idukki,Kerala
2022-09-29,1.02,1.9299999999999786,4.399999999999986,12.370000000000015,1.02,1,Idukki,Kerala
2022-09-30,2.59,4.469999999999978,6.969999999999985,14.890000000000015,2.59,1,Idukki,Kerala
2022-10-01,1.97,5.579999999999979,8.909999999999986,16.280000000000015,2.59,0,Idukki,Kerala
2022-10-02,15.37,19.92999999999998,23.499999999999986,28.630000000000017,15.37,0,Idukki,Kerala
2022-10-03,6.95,24.289999999999978,28.809999999999985,32.920000000000016,15.37,0,Idukki,Kerala
2022-10-04,2.03,24.34999999999998,30.789999999999985,33.73000000000001,15.37,0,Idukki,Kerala
2022-10-05,1.22,10.199999999999978,31.149999999999984,34.610000000000014,6.95,0,Idukki,Kerala
2022-10-06,0.16,3.4099999999999784,30.289999999999985,34.740000000000016,2.03,0,Idukki,Kerala
2022-10-07,0.71,2.0899999999999785,28.409999999999982,35.40000000000001,1.22,0,Idukki,Kerala
2022-10-08,0.76,1.6299999999999786,27.199999999999985,36.140000000000015,0.76,0,Idukki,Kerala
2022-10-09,10.72,12.18999999999998,22.549999999999986,46.83000000000001,10.72,0,Idukki,Kerala
2022-10-10,11.94,23.41999999999998,27.539999999999985,57.99000000000001,11.94,0,Idukki,Kerala
2022-10-11,13.87,36.52999999999998,39.37999999999998,70.22000000000001,13.87,0,Idukki,Kerala
2022-10-12,11.36,37.16999999999997,49.51999999999998,81.53000000000002,13.87,0,Idukki,Kerala
2022-10-13,11.51,36.73999999999998,60.86999999999998,92.18,13.87,0,Idukki,Kerala
2022-10-14,9.9,32.76999999999998,70.05999999999999,101.06000000000002,11.51,0,Idukki,Kerala
2022-10-15,9.52,30.92999999999998,78.81999999999998,107.99000000000001,11.51,0,Idukki,Kerala
2022-10-16,17.18,36.59999999999998,85.27999999999999,123.20000000000002,17.18,0,Idukki,Kerala
2022-10-17,7.79,34.48999999999998,81.12999999999998,115.62000000000002,17.18,0,Idukki,Kerala
2022-10-18,14.5,39.46999999999998,81.75999999999998,123.17000000000002,17.18,0,Idukki,Kerala
2022-10-19,4.55,26.83999999999998,74.94999999999997,125.69000000000001,14.5,0,Idukki,Kerala
2022-10-20,13.16,32.20999999999998,76.59999999999998,137.63,14.5,0,Idukki,Kerala
2022-10-21,17.39,35.09999999999998,84.08999999999999,154.86,17.39,0,Idukki,Kerala
2022-10-22,1.28,31.82999999999998,75.84999999999998,155.43,17.39,0,Idukki,Kerala
2022-10-23,5.84,24.50999999999998,64.50999999999999,160.51000000000002,17.39,0,Idukki,Kerala
2022-10-24,4.32,11.43999999999998,61.039999999999985,154.11,5.84,0,Idukki,Kerala
2022-10-25,0.37,10.52999999999998,46.90999999999999,142.54000000000002,5.84,0,Idukki,Kerala
2022-10-26,0.12,4.809999999999979,42.47999999999999,128.79000000000002,4.32,0,Idukki,Kerala
2022-10-27,1.09,1.5799999999999788,30.409999999999986,118.52000000000001,1.09,0,Idukki,Kerala
2022-10-28,2.5,3.7099999999999786,15.519999999999985,109.51000000000002,2.5,0,Idukki,Kerala
2022-10-29,3.9,7.489999999999979,18.139999999999986,103.51000000000002,3.9,0,Idukki,Kerala
2022-10-30,4.6,10.999999999999979,16.899999999999984,98.59000000000002,4.6,0,Idukki,Kerala
2022-10-31,10.11,18.609999999999978,22.689999999999984,91.52000000000001,10.11,0,Idukki,Kerala
2022-11-01,22.63,37.339999999999975,44.94999999999999,106.36000000000001,22.63,0,Idukki,Kerala
2022-11-02,6.95,39.689999999999976,51.77999999999999,98.81,22.63,0,Idukki,Kerala
2022-11-03,16.8,46.37999999999998,67.48999999999998,111.06,22.63,0,Idukki,Kerala
2022-11-04,22.35,46.09999999999998,87.33999999999999,120.25000000000001,22.35,0,Idukki,Kerala
2022-11-05,11.36,50.50999999999998,94.79999999999998,114.22000000000001,22.35,0,Idukki,Kerala
2022-11-06,11.86,45.56999999999998,102.05999999999999,124.80000000000001,22.35,0,Idukki,Kerala
2022-11-07,2.04,25.25999999999998,93.98999999999998,121.00000000000001,11.86,0,Idukki,Kerala
2022-11-08,4.8,18.69999999999998,76.16,121.48000000000002,11.86,0,Idukki,Kerala
2022-11-09,3.69,10.529999999999982,72.89999999999999,124.80000000000001,4.8,0,Idukki,Kerala
2022-11-10,1.82,10.309999999999981,57.91999999999999,126.5,4.8,0,Idukki,Kerala
2022-11-11,22.09,27.59999999999998,57.65999999999999,147.50000000000003,22.09,0,Idukki,Kerala
2022-11-12,27.53,51.43999999999998,73.82999999999998,172.53000000000003,27.53,0,Idukki,Kerala
2022-11-13,10.96,60.579999999999984,72.92999999999999,179.59,27.53,0,Idukki,Kerala
2022-11-14,17.81,56.29999999999998,88.69999999999999,192.8,27.53,0,Idukki,Kerala
2022-11-15,2.3,31.069999999999983,86.19999999999999,184.99,17.81,0,Idukki,Kerala
2022-11-16,2.01,22.11999999999998,84.52,164.37,17.81,0,Idukki,Kerala
2022-11-17,1.36,5.669999999999982,84.06,158.78000000000003,2.3,0,Idukki,Kerala
2022-11-18,0.13,3.4999999999999822,62.099999999999994,142.11,2.01,0,Idukki,Kerala
2022-11-19,0.0,1.4899999999999824,34.56999999999999,119.76000000000002,1.36,0,Idukki,Kerala
2022-11-20,0.0,0.12999999999998224,23.60999999999999,108.40000000000002,0.13,0,Idukki,Kerala
2022-11-21,0.0,0.0,5.799999999999989,96.54000000000002,0.0,0,Idukki,Kerala
2022-11-22,0.0,0.0,3.4999999999999893,94.50000000000001,0.0,0,Idukki,Kerala
2022-11-23,0.0,0.0,1.4899999999999896,89.70000000000002,0.0,0,Idukki,Kerala
2022-11-24,0.0,0.0,0.12999999999998935,86.01000000000002,0.0,0,Idukki,Kerala
2022-11-25,0.0,0.0,0.0,84.19000000000003,0.0,0,Idukki,Kerala
2022-11-26,0.1,0.09999999999998224,0.09999999999998935,62.20000000000002,0.1,0,Idukki,Kerala
2022-11-27,14.83,14.929999999999982,14.929999999999989,49.500000000000014,14.83,0,Idukki,Kerala
2022-11-28,16.82,31.749999999999982,31.74999999999999,55.360000000000014,16.82,0,Idukki,Kerala
2022-11-29,10.24,41.88999999999998,41.98999999999999,47.79000000000001,16.82,0,Idukki,Kerala
2022-11-30,3.43,30.489999999999984,45.41999999999999,48.920000000000016,16.82,0,Idukki,Kerala
2022-12-01,0.65,14.319999999999983,46.06999999999999,47.56000000000002,10.24,0,Idukki,Kerala
2022-12-02,1.19,5.269999999999982,47.25999999999999,47.390000000000015,3.43,0,Idukki,Kerala
2022-12-03,4.38,6.219999999999983,51.53999999999999,51.640000000000015,4.38,0,Idukki,Kerala
2022-12-04,14.59,20.159999999999982,51.29999999999999,66.23000000000002,14.59,0,Idukki,Kerala
2022-12-05,1.36,20.329999999999984,35.83999999999999,67.59000000000002,14.59,0,Idukki,Kerala
2022-12-06,0.0,15.949999999999982,25.599999999999987,67.59000000000002,14.59,0,Idukki,Kerala
2022-12-07,0.0,1.3599999999999823,22.169999999999987,67.59000000000002,1.36,0,Idukki,Kerala
2022-12-08,2.02,2.0199999999999823,23.53999999999999,69.61000000000001,2.02,0,Idukki,Kerala
2022-12-09,11.69,13.709999999999981,34.03999999999999,81.30000000000001,11.69,0,Idukki,Kerala
2022-12-10,15.26,28.96999999999998,44.91999999999999,96.56000000000002,15.26,0,Idukki,Kerala
2022-12-11,20.24,47.18999999999998,50.56999999999999,116.70000000000002,20.24,0,Idukki,Kerala
2022-12-12,11.4,46.899999999999984,60.60999999999999,113.27000000000001,20.24,0,Idukki,Kerala
2022-12-13,3.17,34.80999999999998,63.77999999999999,99.62000000000002,20.24,0,Idukki,Kerala
2022-12-14,17.1,31.669999999999984,80.88,106.48000000000002,17.1,0,Idukki,Kerala
2022-12-15,1.16,21.429999999999982,80.02,104.21000000000002,17.1,0,Idukki,Kerala
2022-12-16,0.0,18.259999999999984,68.32999999999998,103.56000000000002,17.1,0,Idukki,Kerala
2022-12-17,0.0,1.1599999999999822,53.06999999999999,102.37000000000002,1.16,0,Idukki,Kerala
2022-12-18,0.0,0.0,32.82999999999999,97.99000000000002,0.0,0,Idukki,Kerala
2022-12-19,0.04,0.03999999999998224,21.46999999999999,83.44000000000001,0.04,0,Idukki,Kerala
2022-12-20,0.19,0.22999999999998225,18.48999999999999,82.27000000000001,0.19,0,Idukki,Kerala
2022-12-21,0.0,0.22999999999998225,1.3899999999999892,82.27000000000001,0.19,0,Idukki,Kerala
2022-12-22,0.0,0.18999999999998224,0.22999999999998935,82.27000000000001,0.19,0,Idukki,Kerala
2022-12-23,0.0,0.0,0.22999999999998935,80.25000000000001,0.0,0,Idukki,Kerala
2022-12-24,0.0,0.0,0.22999999999998935,68.56,0.0,0,Idukki,Kerala
2022-12-25,7.16,7.159999999999982,7.38999999999999,60.460000000000015,7.16,0,Idukki,Kerala
2022-12-26,6.26,13.419999999999982,13.609999999999989,46.48000000000002,7.16,0,Idukki,Kerala
2022-12-27,2.68,16.099999999999984,16.09999999999999,37.76000000000002,7.16,0,Idukki,Kerala
2022-12-28,0.36,9.299999999999983,16.45999999999999,34.95000000000002,6.26,0,Idukki,Kerala
2022-12-29,0.0,3.0399999999999823,16.45999999999999,17.850000000000016,2.68,0,Idukki,Kerala
2022-12-30,0.0,0.3599999999999822,16.45999999999999,16.690000000000015,0.36,0,Idukki,Kerala
2022-12-31,0.0,0.0,16.45999999999999,16.690000000000015,0.0,0,Idukki,Kerala
2023-01-01,0.0,0.0,9.29999999999999,16.690000000000015,0.0,0,Idukki,Kerala
2023-01-02,0.0,0.0,3.0399999999999894,16.690000000000015,0.0,0,Idukki,Kerala
2023-01-03,0.0,0.0,0.35999999999998933,16.650000000000016,0.0,0,Idukki,Kerala
2023-01-04,0.0,0.0,0.0,16.460000000000015,0.0,0,Idukki,Kerala
2023-01-05,0.0,0.0,0.0,16.460000000000015,0.0,0,Idukki,Kerala
2023-01-06,0.0,0.0,0.0,16.460000000000015,0.0,0,Idukki,Kerala
2023-01-07,0.0,0.0,0.0,16.460000000000015,0.0,0,Idukki,Kerala
2023-01-08,0.0,0.0,0.0,16.460000000000015,0.0,0,Idukki,Kerala
2023-01-09,0.0,0.0,0.0,9.300000000000013,0.0,0,Idukki,Kerala
2023-01-10,0.0,0.0,0.0,3.0400000000000142,0.0,0,Idukki,Kerala
2023-01-11,0.0,0.0,0.0,0.3600000000000142,0.0,0,Idukki,Kerala
2023-01-12,0.0,0.0,0.0,0.0,0.0,0,Idukki,Kerala
2023-01-13,0.0,0.0,0.0,0.0,0.0,0,Idukki,Kerala
2023-01-14,0.0,0.0,0.0,0.0,0.0,0,Idukki,Kerala
2023-01-15,0.0,0.0,0.0,0.0,0.0,0,Idukki,Kerala
2023-01-16,0.0,0.0,0.0,0.0,0.0,0,Idukki,Kerala
2023-01-17,0.0,0.0,0.0,0.0,0.0,0,Idukki,Kerala
2023-01-18,0.0,0.0,0.0,0.0,0.0,0,Idukki,Kerala
2023-01-19,0.0,0.0,0.0,0.0,0.0,0,Idukki,Kerala
2023-01-20,0.0,0.0,0.0,0.0,0.0,0,Idukki,Kerala
2023-01-21,0.0,0.0,0.0,0.0,0.0,0,Idukki,Kerala
2023-01-22,0.0,0.0,0.0,0.0,0.0,0,Idukki,Kerala
2023-01-23,1.72,1.7199999999999822,1.7199999999999893,1.7200000000000142,1.72,0,Idukki,Kerala
2023-01-24,11.03,12.749999999999982,12.74999999999999,12.750000000000014,11.03,0,Idukki,Kerala
2023-01-25,0.25,12.999999999999982,12.99999999999999,13.000000000000014,11.03,0,Idukki,Kerala
2023-01-26,0.0,11.279999999999982,12.99999999999999,13.000000000000014,11.03,0,Idukki,Kerala
2023-01-27,0.0,0.24999999999998224,12.99999999999999,13.000000000000014,0.25,0,Idukki,Kerala
2023-01-28,0.0,0.0,12.99999999999999,13.000000000000014,0.0,0,Idukki,Kerala
2023-01-29,0.0,0.0,12.99999999999999,13.000000000000014,0.0,0,Idukki,Kerala
2023-01-30,1.3,1.2999999999999823,12.57999999999999,14.300000000000015,1.3,0,Idukki,Kerala
2023-01-31,1.03,2.3299999999999823,2.5799999999999894,15.330000000000014,1.3,0,Idukki,Kerala
2023-02-01,0.01,2.339999999999982,2.339999999999989,15.340000000000014,1.3,0,Idukki,Kerala
2023-02-02,4.33,5.369999999999982,6.669999999999989,19.670000000000016,4.33,0,Idukki,Kerala
2023-02-03,4.64,8.979999999999983,11.309999999999988,24.310000000000013,4.64,0,Idukki,Kerala
2023-02-04,2.23,11.199999999999982,13.539999999999988,26.540000000000013,4.64,0,Idukki,Kerala
2023-02-05,0.01,6.879999999999982,13.549999999999988,26.550000000000015,4.64,0,Idukki,Kerala
2023-02-06,0.01,2.2499999999999822,12.259999999999987,26.560000000000013,2.23,0,Idukki,Kerala
2023-02-07,0.0,0.019999999999982237,11.229999999999988,24.840000000000014,0.01,0,Idukki,Kerala
2023-02-08,0.0,0.009999999999982237,11.219999999999988,13.810000000000013,0.01,0,Idukki,Kerala
2023-02-09,0.0,0.0,6.889999999999989,13.560000000000013,0.0,0,Idukki,Kerala
2023-02-10,0.0,0.0,2.2499999999999893,13.560000000000013,0.0,0,Idukki,Kerala
2023-02-11,0.0,0.0,0.019999999999989342,13.560000000000013,0.0,0,Idukki,Kerala
2023-02-12,0.0,0.0,0.009999999999989342,13.560000000000013,0.0,0,Idukki,Kerala
2023-02-13,0.0,0.0,0.0,13.560000000000013,0.0,0,Idukki,Kerala
2023-02-14,0.0,0.0,0.0,12.260000000000012,0.0,0,Idukki,Kerala
2023-02-15,0.0,0.0,0.0,11.230000000000013,0.0,0,Idukki,Kerala
2023-02-16,0.0,0.0,0.0,11.220000000000013,0.0,0,Idukki,Kerala
2023-02-17,0.0,0.0,0.0,6.890000000000014,0.0,0,Idukki,Kerala
2023-02-18,0.0,0.0,0.0,2.250000000000014,0.0,0,Idukki,Kerala
2023-02-19,0.0,0.0,0.0,0.02000000000001421,0.0,0,Idukki,Kerala
2023-02-20,0.0,0.0,0.0,0.010000000000014211,0.0,0,Idukki,Kerala
2023-02-21,0.0,0.0,0.0,0.0,0.0,0,Idukki,Kerala
2023-02-22,0.0,0.0,0.0,0.0,0.0,0,Idukki,Kerala
2023-02-23,0.0,0.0,0.0,0.0,0.0,0,Idukki,Kerala
2023-02-24,0.0,0.0,0.0,0.0,0.0,0,Idukki,Kerala
2023-02-25,0.0,0.0,0.0,0.0,0.0,0,Idukki,Kerala
2023-02-26,0.0,0.0,0.0,0.0,0.0,0,Idukki,Kerala
2023-02-27,0.0,0.0,0.0,0.0,0.0,0,Idukki,Kerala
2023-02-28,0.23,0.22999999999998225,0.22999999999998935,0.23000000000001422,0.23,0,Idukki,Kerala
2023-03-01,0.14,0.36999999999998223,0.36999999999998934,0.3700000000000142,0.23,0,Idukki,Kerala
2023-03-02,0.07,0.4399999999999823,0.4399999999999894,0.44000000000001427,0.23,0,Idukki,Kerala
2023-03-03,0.0,0.20999999999998226,0.4399999999999894,0.44000000000001427,0.14,0,Idukki,Kerala
2023-03-04,0.0,0.06999999999998224,0.4399999999999894,0.44000000000001427,0.07,0,Idukki,Kerala
2023-03-05,3.31,3.3099999999999823,3.7499999999999893,3.750000000000014,3.31,0,Idukki,Kerala
2023-03-06,0.01,3.319999999999982,3.759999999999989,3.760000000000014,3.31,0,Idukki,Kerala
2023-03-07,0.0,3.319999999999982,3.529999999999989,3.760000000000014,3.31,0,Idukki,Kerala
2023-03-08,0.0,0.009999999999982237,3.389999999999989,3.760000000000014,0.01,0,Idukki,Kerala
2023-03-09,0.0,0.0,3.319999999999989,3.760000000000014,0.0,0,Idukki,Kerala
2023-03-10,0.0,0.0,3.319999999999989,3.760000000000014,0.0,0,Idukki,Kerala
2023-03-11,0.0,0.0,3.319999999999989,3.760000000000014,0.0,0,Idukki,Kerala
2023-03-12,0.0,0.0,0.009999999999989342,3.760000000000014,0.0,0,Idukki,Kerala
2023-03-13,0.0,0.0,0.0,3.760000000000014,0.0,0,Idukki,Kerala
2023-03-14,0.0,0.0,0.0,3.760000000000014,0.0,0,Idukki,Kerala
2023-03-15,1.29,1.2899999999999823,1.2899999999999894,4.8200000000000145,1.29,0,Idukki,Kerala
2023-03-16,2.24,3.5299999999999825,3.5299999999999896,6.920000000000015,2.24,0,Idukki,Kerala
2023-03-17,13.42,16.94999999999998,16.94999999999999,20.270000000000014,13.42,0,Idukki,Kerala
2023-03-18,4.27,19.929999999999986,21.21999999999999,24.540000000000013,13.42,0,Idukki,Kerala
2023-03-19,3.39,21.07999999999998,24.60999999999999,27.930000000000014,13.42,0,Idukki,Kerala
2023-03-20,2.66,10.319999999999984,27.26999999999999,27.280000000000015,4.27,0,Idukki,Kerala
2023-03-21,1.37,7.419999999999984,28.63999999999999,28.640000000000015,3.39,0,Idukki,Kerala
2023-03-22,0.16,4.1899999999999835,27.50999999999999,28.800000000000015,2.66,0,Idukki,Kerala
2023-03-23,0.41,1.939999999999984,25.67999999999999,29.210000000000015,1.37,0,Idukki,Kerala
2023-03-24,2.23,2.799999999999984,14.489999999999991,31.440000000000015,2.23,0,Idukki,Kerala
2023-03-25,3.22,5.8599999999999834,13.43999999999999,34.66000000000002,3.22,0,Idukki,Kerala
2023-03-26,9.07,14.519999999999984,19.11999999999999,43.73000000000002,9.07,0,Idukki,Kerala
2023-03-27,2.74,15.029999999999985,19.19999999999999,46.47000000000001,9.07,0,Idukki,Kerala
2023-03-28,1.05,12.859999999999985,18.87999999999999,47.52000000000002,9.07,0,Idukki,Kerala
2023-03-29,0.25,4.039999999999984,18.969999999999988,47.77000000000002,2.74,0,Idukki,Kerala
2023-03-30,3.28,4.579999999999984,21.83999999999999,49.76000000000002,3.28,0,Idukki,Kerala
2023-03-31,3.05,6.579999999999984,22.659999999999993,50.570000000000014,3.28,0,Idukki,Kerala
2023-04-01,0.97,7.299999999999984,20.40999999999999,38.12000000000002,3.28,0,Idukki,Kerala
2023-04-02,4.43,8.449999999999983,15.769999999999989,38.280000000000015,4.43,0,Idukki,Kerala
2023-04-03,4.69,10.089999999999984,17.719999999999988,39.58000000000001,4.69,0,Idukki,Kerala
2023-04-04,4.91,14.029999999999983,21.579999999999988,41.83000000000002,4.91,0,Idukki,Kerala
2023-04-05,0.21,9.809999999999985,21.53999999999999,40.670000000000016,4.91,0,Idukki,Kerala
2023-04-06,1.54,6.659999999999984,19.79999999999999,42.05000000000002,4.91,0,Idukki,Kerala
2023-04-07,1.17,2.919999999999984,17.91999999999999,42.81000000000002,1.54,0,Idukki,Kerala
2023-04-08,0.35,3.059999999999984,17.299999999999986,40.930000000000014,1.54,0,Idukki,Kerala
2023-04-09,1.15,2.669999999999984,14.019999999999989,38.86000000000002,1.17,0,Idukki,Kerala
2023-04-10,1.84,3.339999999999984,11.16999999999999,31.630000000000013,1.84,0,Idukki,Kerala
2023-04-11,1.55,4.539999999999984,7.80999999999999,30.440000000000015,1.84,0,Idukki,Kerala
2023-04-12,0.0,3.389999999999984,7.599999999999989,29.390000000000015,1.84,0,Idukki,Kerala
2023-04-13,0.0,1.549999999999984,6.05999999999999,29.140000000000015,1.55,0,Idukki,Kerala
2023-04-14,0.0,0.0,4.88999999999999,25.860000000000014,0.0,0,Idukki,Kerala
2023-04-15,0.0,0.0,4.53999999999999,22.810000000000013,0.0,0,Idukki,Kerala
2023-04-16,0.0,0.0,3.3899999999999895,21.840000000000014,0.0,0,Idukki,Kerala
2023-04-17,0.0,0.0,1.5499999999999894,17.410000000000014,0.0,0,Idukki,Kerala
2023-04-18,0.01,0.009999999999984013,0.009999999999989342,12.730000000000013,0.01,0,Idukki,Kerala
2023-04-19,0.06,0.069999999999984,0.06999999999998933,7.880000000000014,0.06,0,Idukki,Kerala
2023-04-20,0.23,0.299999999999984,0.29999999999998933,7.900000000000015,0.23,0,Idukki,Kerala
2023-04-21,1.08,1.3699999999999841,1.3799999999999895,7.440000000000015,1.08,0,Idukki,Kerala
2023-04-22,0.74,2.049999999999984,2.1199999999999894,7.010000000000014,1.08,0,Idukki,Kerala
2023-04-23,1.0,2.8199999999999843,3.1199999999999894,7.660000000000014,1.08,0,Idukki,Kerala
2023-04-24,3.94,5.679999999999984,7.05999999999999,10.450000000000014,3.94,0,Idukki,Kerala
2023-04-25,11.38,16.319999999999986,18.429999999999993,19.990000000000016,11.38,0,Idukki,Kerala
2023-04-26,26.04,41.359999999999985,44.41,44.48000000000002,26.04,0,Idukki,Kerala
2023-04-27,18.9,56.319999999999986,63.079999999999984,63.38000000000001,26.04,0,Idukki,Kerala
2023-04-28,12.01,56.94999999999998,74.00999999999999,75.39000000000001,26.04,0,Idukki,Kerala
2023-04-29,30.73,61.639999999999986,104.0,106.12,30.73,0,Idukki,Kerala
2023-04-30,5.89,48.62999999999999,108.88999999999999,112.01,30.73,0,Idukki,Kerala
2023-05-01,21.02,57.639999999999986,125.97,133.03,30.73,0,Idukki,Kerala
2023-05-02,14.64,41.54999999999998,129.23,147.67000000000002,21.02,0,Idukki,Kerala
2023-05-03,7.56,43.219999999999985,110.75,155.22000000000003,21.02,0,Idukki,Kerala
2023-05-04,1.29,23.489999999999988,93.13999999999999,156.45000000000002,14.64,0,Idukki,Kerala
2023-05-05,0.77,9.619999999999985,81.89999999999998,156.99,7.56,0,Idukki,Kerala
2023-05-06,4.32,6.379999999999986,55.48999999999999,160.23000000000002,4.32,0,Idukki,Kerala
2023-05-07,3.67,8.759999999999986,53.26999999999998,163.16,4.32,0,Idukki,Kerala
2023-05-08,7.75,15.739999999999986,39.999999999999986,169.91,7.75,0,Idukki,Kerala
2023-05-09,6.41,17.829999999999984,31.769999999999985,172.38,7.75,0,Idukki,Kerala
2023-05-10,3.43,17.589999999999986,27.639999999999986,164.43,7.75,0,Idukki,Kerala
2023-05-11,3.13,12.969999999999986,29.479999999999986,141.52,6.41,0,Idukki,Kerala
2023-05-12,1.4,7.959999999999986,30.109999999999985,124.02000000000001,3.43,0,Idukki,Kerala
2023-05-13,0.07,4.599999999999985,25.859999999999985,112.08000000000001,3.13,0,Idukki,Kerala
2023-05-14,0.03,1.4999999999999858,22.219999999999985,81.38000000000002,1.4,0,Idukki,Kerala
2023-05-15,0.01,0.10999999999998579,14.479999999999986,75.50000000000001,0.07,0,Idukki,Kerala
2023-05-16,0.01,0.04999999999998579,8.079999999999986,54.49000000000001,0.03,0,Idukki,Kerala
2023-05-17,3.45,3.469999999999986,8.099999999999987,43.30000000000001,3.45,0,Idukki,Kerala
2023-05-18,1.62,5.079999999999986,6.589999999999986,37.360000000000014,3.45,0,Idukki,Kerala
2023-05-19,0.84,5.909999999999987,6.029999999999986,36.91000000000002,3.45,0,Idukki,Kerala
2023-05-20,2.2,4.659999999999986,8.159999999999986,38.34000000000001,2.2,0,Idukki,Kerala
2023-05-21,5.0,8.039999999999985,13.129999999999987,39.02000000000001,5.0,0,Idukki,Kerala
2023-05-22,6.96,14.159999999999986,20.079999999999988,42.31000000000001,6.96,0,Idukki,Kerala
2023-05-23,0.21,12.169999999999987,20.279999999999987,34.77000000000002,6.96,0,Idukki,Kerala
2023-05-24,4.04,11.209999999999987,20.869999999999987,32.40000000000001,6.96,0,Idukki,Kerala
2023-05-25,3.15,7.399999999999986,22.399999999999984,32.12000000000001,4.04,0,Idukki,Kerala
2023-05-26,5.38,12.569999999999986,26.939999999999984,34.37000000000002,5.38,0,Idukki,Kerala
2023-05-27,2.96,11.489999999999986,27.699999999999985,35.930000000000014,5.38,0,Idukki,Kerala
2023-05-28,1.05,9.389999999999986,23.749999999999986,36.91000000000002,5.38,0,Idukki,Kerala
2023-05-29,0.85,4.859999999999985,17.639999999999986,37.73000000000002,2.96,0,Idukki,Kerala
2023-05-30,2.63,4.529999999999985,20.059999999999985,40.350000000000016,2.63,0,Idukki,Kerala
2023-05-31,2.92,6.399999999999984,18.939999999999984,43.26000000000001,2.92,0,Idukki,Kerala
2023-06-01,0.19,5.739999999999984,15.979999999999986,40.000000000000014,2.92,1,Idukki,Kerala
2023-06-02,5.18,8.289999999999985,15.779999999999985,43.56000000000001,5.18,1,Idukki,Kerala
2023-06-03,0.99,6.359999999999985,13.809999999999986,43.710000000000015,5.18,1,Idukki,Kerala
2023-06-04,2.28,8.449999999999985,15.039999999999985,43.79000000000001,5.18,1,Idukki,Kerala
2023-06-05,7.62,10.889999999999985,21.809999999999985,46.41000000000001,7.62,1,Idukki,Kerala
2023-06-06,5.3,15.199999999999985,24.479999999999986,44.750000000000014,7.62,1,Idukki,Kerala
2023-06-07,18.39,31.309999999999988,39.94999999999999,62.93000000000001,18.39,1,Idukki,Kerala
2023-06-08,5.18,28.869999999999987,44.93999999999998,64.07000000000001,18.39,1,Idukki,Kerala
2023-06-09,5.5,29.069999999999986,45.25999999999999,66.42000000000002,18.39,1,Idukki,Kerala
2023-06-10,3.54,14.219999999999985,47.80999999999999,64.58000000000001,5.5,1,Idukki,Kerala
2023-06-11,1.3,10.339999999999986,46.829999999999984,62.920000000000016,5.5,1,Idukki,Kerala
2023-06-12,16.2,21.039999999999985,55.40999999999998,78.07000000000001,16.2,1,Idukki,Kerala
2023-06-13,7.88,25.379999999999985,57.98999999999999,85.10000000000002,16.2,1,Idukki,Kerala
2023-06-14,3.49,27.569999999999986,43.08999999999998,85.96000000000001,16.2,1,Idukki,Kerala
2023-06-15,0.79,12.159999999999986,38.69999999999998,83.83000000000001,7.88,1,Idukki,Kerala
2023-06-16,0.59,4.869999999999986,33.78999999999999,84.23,3.49,1,Idukki,Kerala
2023-06-17,15.08,16.459999999999987,45.329999999999984,94.13000000000001,15.08,1,Idukki,Kerala
2023-06-18,16.46,32.12999999999999,60.48999999999998,109.60000000000002,16.46,1,Idukki,Kerala
2023-06-19,1.34,32.87999999999999,45.62999999999999,108.66000000000003,16.46,1,Idukki,Kerala
2023-06-20,11.38,29.179999999999986,49.12999999999998,112.42000000000002,16.46,1,Idukki,Kerala
2023-06-21,14.41,27.12999999999999,60.04999999999999,121.53000000000002,14.41,1,Idukki,Kerala
2023-06-22,6.31,32.09999999999999,65.57,109.45000000000002,14.41,1,Idukki,Kerala
2023-06-23,0.67,21.389999999999983,65.64999999999999,104.94000000000001,14.41,1,Idukki,Kerala
2023-06-24,0.44,7.419999999999986,51.009999999999984,99.88000000000001,6.31,1,Idukki,Kerala
2023-06-25,10.28,11.389999999999986,44.829999999999984,106.62000000000002,10.28,1,Idukki,Kerala
2023-06-26,2.17,12.889999999999985,45.65999999999998,107.49000000000001,10.28,1,Idukki,Kerala
2023-06-27,18.9,31.349999999999984,53.179999999999986,110.19000000000003,18.9,1,Idukki,Kerala
2023-06-28,5.01,26.079999999999984,43.77999999999998,107.32000000000001,18.9,1,Idukki,Kerala
2023-06-29,9.6,33.509999999999984,47.069999999999986,113.43,18.9,1,Idukki,Kerala
2023-06-30,6.45,21.059999999999985,52.84999999999999,119.09000000000002,9.6,1,Idukki,Kerala
2023-07-01,2.04,18.089999999999982,54.44999999999999,120.54000000000002,9.6,1,Idukki,Kerala
2023-07-02,22.43,30.919999999999984,66.6,127.89000000000001,22.43,1,Idukki,Kerala
2023-07-03,41.4,65.86999999999998,105.82999999999998,152.83,41.4,1,Idukki,Kerala
2023-07-04,28.27,92.09999999999998,115.19999999999997,179.76000000000002,41.4,1,Idukki,Kerala
2023-07-05,36.22,105.88999999999999,146.40999999999997,204.60000000000002,41.4,1,Idukki,Kerala
2023-07-06,15.44,79.92999999999998,152.25,205.63000000000002,36.22,1,Idukki,Kerala
2023-07-07,15.68,67.33999999999999,161.47999999999996,215.0,36.22,1,Idukki,Kerala
2023-07-08,8.22,39.33999999999999,167.65999999999997,222.54999999999998,15.68,1,Idukki,Kerala
2023-07-09,2.51,26.40999999999999,147.73999999999998,224.62,15.68,1,Idukki,Kerala
2023-07-10,14.16,24.889999999999986,120.49999999999999,228.5,14.16,1,Idukki,Kerala
2023-07-11,7.74,24.40999999999999,99.96999999999998,234.07,14.16,1,Idukki,Kerala
2023-07-12,1.87,23.769999999999985,65.61999999999999,217.04,14.16,1,Idukki,Kerala
2023-07-13,3.84,13.449999999999985,54.01999999999999,215.87,7.74,1,Idukki,Kerala
2023-07-14,0.7,6.409999999999986,39.039999999999985,206.97000000000003,3.84,1,Idukki,Kerala
2023-07-15,1.39,5.9299999999999855,32.20999999999999,201.91,3.84,1,Idukki,Kerala
2023-07-16,3.51,5.599999999999985,33.20999999999999,203.38,3.51,1,Idukki,Kerala
2023-07-17,1.14,6.039999999999985,20.189999999999984,182.09,3.51,1,Idukki,Kerala
2023-07-18,4.45,9.099999999999985,16.899999999999984,145.14,4.45,1,Idukki,Kerala
2023-07-19,5.76,11.349999999999985,20.789999999999985,122.63000000000001,5.76,1,Idukki,Kerala
2023-07-20,2.84,13.049999999999985,19.789999999999985,89.25000000000001,5.76,1,Idukki,Kerala
2023-07-21,1.45,10.049999999999985,20.539999999999985,75.26000000000002,5.76,1,Idukki,Kerala
2023-07-22,6.87,11.159999999999986,26.019999999999985,66.45000000000002,6.87,1,Idukki,Kerala
2023-07-23,24.22,32.539999999999985,46.72999999999999,82.45000000000002,24.22,1,Idukki,Kerala
2023-07-24,14.9,45.98999999999999,60.48999999999999,94.84000000000002,24.22,1,Idukki,Kerala
2023-07-25,7.52,46.639999999999986,63.55999999999998,88.20000000000002,24.22,1,Idukki,Kerala
2023-07-26,5.31,27.729999999999986,63.109999999999985,85.77000000000001,14.9,1,Idukki,Kerala
2023-07-27,0.8,13.629999999999985,61.069999999999986,84.70000000000002,7.52,1,Idukki,Kerala
2023-07-28,0.17,6.279999999999985,59.789999999999985,81.03000000000002,5.31,1,Idukki,Kerala
2023-07-29,0.02,0.9899999999999859,52.93999999999999,80.35000000000001,0.8,1,Idukki,Kerala
2023-07-30,0.02,0.2099999999999858,28.739999999999984,78.98,0.17,1,Idukki,Kerala
2023-07-31,0.09,0.1299999999999858,13.929999999999986,75.56000000000002,0.09,1,Idukki,Kerala
2023-08-01,0.04,0.14999999999998578,6.449999999999985,74.46000000000002,0.09,1,Idukki,Kerala
2023-08-02,0.49,0.6199999999999858,1.629999999999986,70.50000000000001,0.49,1,Idukki,Kerala
2023-08-03,1.64,2.1699999999999857,2.4699999999999855,66.38000000000001,1.64,1,Idukki,Kerala
2023-08-04,1.74,3.869999999999986,4.039999999999986,65.28000000000002,1.74,1,Idukki,Kerala
2023-08-05,0.26,3.6399999999999855,4.279999999999985,64.09000000000002,1.74,1,Idukki,Kerala
2023-08-06,2.19,4.189999999999985,6.449999999999986,59.41000000000001,2.19,1,Idukki,Kerala
2023-08-07,1.12,3.5699999999999856,7.479999999999986,36.31000000000002,2.19,1,Idukki,Kerala
2023-08-08,18.62,21.929999999999986,26.059999999999988,40.030000000000015,18.62,1,Idukki,Kerala
2023-08-09,6.33,26.069999999999986,31.89999999999999,38.84000000000001,18.62,1,Idukki,Kerala
2023-08-10,5.0,29.94999999999999,35.25999999999999,38.530000000000015,18.62,1,Idukki,Kerala
2023-08-11,7.2,18.529999999999987,40.719999999999985,44.930000000000014,7.2,1,Idukki,Kerala
2023-08-12,13.36,25.559999999999988,53.81999999999999,58.12000000000001,13.36,1,Idukki,Kerala
2023-08-13,5.66,26.219999999999985,57.28999999999999,63.76000000000002,13.36,1,Idukki,Kerala
2023-08-14,0.17,19.189999999999987,56.33999999999999,63.91000000000001,13.36,1,Idukki,Kerala
2023-08-15,0.7,6.529999999999988,38.41999999999998,64.52000000000001,5.66,1,Idukki,Kerala
2023-08-16,0.12,0.9899999999999876,32.20999999999999,64.60000000000001,0.7,1,Idukki,Kerala
2023-08-17,0.05,0.8699999999999876,27.259999999999984,64.16000000000001,0.7,1,Idukki,Kerala
2023-08-18,0.97,1.1399999999999877,21.029999999999987,63.490000000000016,0.97,1,Idukki,Kerala
2023-08-19,0.86,1.8799999999999875,8.529999999999985,62.610000000000014,0.97,1,Idukki,Kerala
2023-08-20,0.66,2.489999999999988,3.529999999999986,63.01000000000001,0.97,1,Idukki,Kerala
2023-08-21,0.25,1.7699999999999876,3.609999999999986,61.070000000000014,0.86,1,Idukki,Kerala
2023-08-22,2.78,3.6899999999999875,5.689999999999985,62.73000000000001,2.78,1,Idukki,Kerala
2023-08-23,5.97,8.999999999999988,11.539999999999985,50.08000000000001,5.97,1,Idukki,Kerala
2023-08-24,1.21,9.959999999999987,12.699999999999985,44.960000000000015,5.97,1,Idukki,Kerala
2023-08-25,0.0,7.179999999999987,11.729999999999986,39.960000000000015,5.97,1,Idukki,Kerala
2023-08-26,0.0,1.2099999999999866,10.869999999999987,32.76000000000001,1.21,1,Idukki,Kerala
2023-08-27,0.0,0.0,10.209999999999987,19.400000000000013,0.0,1,Idukki,Kerala
2023-08-28,3.36,3.3599999999999866,13.319999999999986,17.100000000000012,3.36,1,Idukki,Kerala
2023-08-29,17.77,21.129999999999985,28.309999999999985,34.70000000000001,17.77,1,Idukki,Kerala
2023-08-30,14.22,35.34999999999999,36.55999999999999,48.22000000000001,17.77,1,Idukki,Kerala
2023-08-31,4.95,36.93999999999998,40.29999999999998,53.05000000000001,17.77,1,Idukki,Kerala
2023-09-01,22.47,41.639999999999986,62.76999999999998,75.47000000000001,22.47,1,Idukki,Kerala
2023-09-02,18.41,45.829999999999984,81.17999999999998,92.91000000000001,22.47,1,Idukki,Kerala
2023-09-03,26.61,67.48999999999998,107.78999999999999,118.66000000000001,26.61,1,Idukki,Kerala
2023-09-04,7.47,52.48999999999999,111.89999999999999,125.47000000000001,26.61,1,Idukki,Kerala
2023-09-05,4.28,38.359999999999985,98.41,129.50000000000003,26.61,1,Idukki,Kerala
2023-09-06,7.65,19.399999999999984,91.83999999999999,134.37,7.65,1,Idukki,Kerala
2023-09-07,7.14,19.069999999999986,94.02999999999999,135.54000000000002,7.65,1,Idukki,Kerala
2023-09-08,2.61,17.399999999999984,74.16999999999999,136.94,7.65,1,Idukki,Kerala
2023-09-09,6.71,16.459999999999987,62.469999999999985,143.65,7.14,1,Idukki,Kerala
2023-09-10,11.17,20.489999999999984,47.02999999999999,154.82000000000002,11.17,1,Idukki,Kerala
2023-09-11,7.21,25.089999999999986,46.76999999999999,162.03,11.17,1,Idukki,Kerala
2023-09-12,1.21,19.58999999999999,43.69999999999999,159.88000000000002,11.17,1,Idukki,Kerala
2023-09-13,1.92,10.339999999999986,37.969999999999985,144.03,7.21,1,Idukki,Kerala
2023-09-14,8.29,11.419999999999984,39.11999999999998,138.10000000000002,8.29,1,Idukki,Kerala
2023-09-15,4.64,14.849999999999984,41.149999999999984,137.79000000000002,8.29,1,Idukki,Kerala
2023-09-16,9.06,21.989999999999984,43.499999999999986,124.38000000000001,9.06,1,Idukki,Kerala
2023-09-17,12.1,25.799999999999983,44.429999999999986,118.07000000000002,12.1,1,Idukki,Kerala
2023-09-18,24.77,45.929999999999986,61.98999999999998,116.23000000000002,24.77,1,Idukki,Kerala
2023-09-19,17.95,54.81999999999999,78.72999999999999,126.71000000000002,24.77,1,Idukki,Kerala
2023-09-20,10.32,53.03999999999999,87.12999999999998,132.75000000000003,24.77,1,Idukki,Kerala
2023-09-21,15.31,43.579999999999984,94.14999999999998,140.41000000000003,17.95,1,Idukki,Kerala
2023-09-22,10.65,36.27999999999999,100.15999999999998,143.92000000000002,15.31,1,Idukki,Kerala
2023-09-23,9.25,35.20999999999999,100.35,150.56,15.31,1,Idukki,Kerala
2023-09-24,7.27,27.169999999999984,95.51999999999998,151.12,10.65,1,Idukki,Kerala
2023-09-25,2.49,19.009999999999984,73.23999999999998,142.44000000000003,9.25,1,Idukki,Kerala
2023-09-26,5.5,15.259999999999986,60.789999999999985,140.73000000000002,7.27,1,Idukki,Kerala
2023-09-27,9.23,17.219999999999985,59.69999999999998,148.75000000000003,9.23,1,Idukki,Kerala
2023-09-28,16.06,30.789999999999985,60.44999999999999,162.89000000000001,16.06,1,Idukki,Kerala
2023-09-29,24.96,50.249999999999986,74.75999999999999,179.56000000000003,24.96,1,Idukki,Kerala
2023-09-30,34.35,75.36999999999998,99.85999999999999,209.27,34.35,1,Idukki,Kerala
2023-10-01,14.59,73.89999999999999,107.17999999999999,214.8,34.35,0,Idukki,Kerala
2023-10-02,11.38,60.319999999999986,116.07,214.08,34.35,0,Idukki,Kerala
2023-10-03,2.67,28.639999999999986,113.24,191.98000000000002,14.59,0,Idukki,Kerala
2023-10-04,3.3,17.349999999999987,107.30999999999999,177.33,11.38,0,Idukki,Kerala
2023-10-05,2.09,8.059999999999985,93.33999999999999,169.10000000000002,3.3,0,Idukki,Kerala
2023-10-06,1.34,6.729999999999985,69.72,155.13000000000002,3.3,0,Idukki,Kerala
2023-10-07,0.0,3.4299999999999855,35.36999999999998,144.48000000000002,2.09,0,Idukki,Kerala
2023-10-08,11.59,12.929999999999986,32.36999999999999,146.82000000000002,11.59,0,Idukki,Kerala
2023-10-09,3.37,14.959999999999987,24.359999999999985,142.92000000000002,11.59,0,Idukki,Kerala
2023-10-10,2.1,17.059999999999985,23.789999999999985,142.53000000000003,11.59,0,Idukki,Kerala
2023-10-11,25.64,31.109999999999985,46.12999999999998,162.67000000000002,25.64,0,Idukki,Kerala
2023-10-12,7.26,34.999999999999986,51.29999999999999,160.70000000000002,25.64,0,Idukki,Kerala
2023-10-13,11.3,44.19999999999998,61.259999999999984,155.94000000000003,25.64,0,Idukki,Kerala
2023-10-14,37.94,56.499999999999986,99.19999999999999,168.92000000000002,37.94,0,Idukki,Kerala
2023-10-15,38.82,88.05999999999999,126.42999999999998,173.39,38.82,0,Idukki,Kerala
2023-10-16,4.34,81.1,127.39999999999999,163.14000000000001,38.82,0,Idukki,Kerala
2023-10-17,12.89,56.04999999999998,138.18999999999997,164.65,38.82,0,Idukki,Kerala
2023-10-18,2.0,19.229999999999986,114.54999999999998,163.98000000000002,12.89,0,Idukki,Kerala
2023-10-19,2.57,17.459999999999987,109.85999999999999,163.25,12.89,0,Idukki,Kerala
2023-10-20,5.66,10.229999999999986,104.21999999999997,166.82000000000002,5.66,0,Idukki,Kerala
2023-10-21,4.09,12.319999999999986,70.36999999999998,169.57000000000002,5.66,0,Idukki,Kerala
2023-10-22,2.76,12.509999999999986,34.30999999999999,172.33,5.66,0,Idukki,Kerala
2023-10-23,10.95,17.799999999999983,40.91999999999999,171.69000000000003,10.95,0,Idukki,Kerala
2023-10-24,15.1,28.809999999999985,43.12999999999998,183.42000000000002,15.1,0,Idukki,Kerala
2023-10-25,16.19,42.23999999999998,57.319999999999986,197.51000000000002,16.19,0,Idukki,Kerala
2023-10-26,11.4,42.68999999999999,66.14999999999999,183.27,16.19,0,Idukki,Kerala
2023-10-27,2.74,30.329999999999988,63.22999999999999,178.75000000000003,16.19,0,Idukki,Kerala
2023-10-28,3.34,17.479999999999986,62.47999999999999,170.79000000000002,11.4,0,Idukki,Kerala
2023-10-29,13.9,19.979999999999986,73.61999999999999,146.75,13.9,0,Idukki,Kerala
2023-10-30,17.7,34.93999999999998,80.36999999999998,125.63000000000002,17.7,0,Idukki,Kerala
2023-10-31,7.6,39.19999999999998,72.86999999999999,128.89000000000001,17.7,0,Idukki,Kerala
2023-11-01,9.99,35.289999999999985,66.66999999999999,125.99000000000001,17.7,0,Idukki,Kerala
2023-11-02,3.49,21.079999999999984,58.759999999999984,127.48000000000002,9.99,0,Idukki,Kerala
2023-11-03,12.85,26.329999999999984,68.86999999999998,137.76000000000002,12.85,0,Idukki,Kerala
2023-11-04,45.38,61.719999999999985,110.90999999999998,177.48000000000002,45.38,0,Idukki,Kerala
2023-11-05,15.9,74.13,112.91,189.29000000000002,45.38,0,Idukki,Kerala
2023-11-06,16.76,78.03999999999999,111.97,203.29000000000002,45.38,0,Idukki,Kerala
2023-11-07,17.73,50.389999999999986,122.1,210.07000000000002,17.73,0,Idukki,Kerala
2023-11-08,25.07,59.55999999999999,137.17999999999998,220.04000000000002,25.07,0,Idukki,Kerala
2023-11-09,16.49,59.289999999999985,150.17999999999998,220.34000000000003,25.07,0,Idukki,Kerala
2023-11-10,4.71,46.26999999999999,142.04,213.65,25.07,0,Idukki,Kerala
2023-11-11,2.43,23.629999999999985,99.08999999999999,213.34,16.49,0,Idukki,Kerala
2023-11-12,0.34,7.479999999999986,83.52999999999999,210.34,4.71,0,Idukki,Kerala
2023-11-13,0.59,3.359999999999986,67.35999999999997,197.03000000000003,2.43,0,Idukki,Kerala
2023-11-14,6.31,7.239999999999986,55.93999999999999,185.64000000000001,6.31,0,Idukki,Kerala
2023-11-15,7.37,14.269999999999985,38.23999999999998,185.41000000000003,7.37,0,Idukki,Kerala
2023-11-16,3.66,17.339999999999986,25.409999999999986,179.08,7.37,0,Idukki,Kerala
2023-11-17,4.33,15.359999999999987,25.029999999999987,179.92000000000002,7.37,0,Idukki,Kerala
2023-11-18,3.34,11.329999999999986,25.939999999999984,170.41,4.33,0,Idukki,Kerala
2023-11-19,1.89,9.559999999999986,27.489999999999984,126.92000000000002,4.33,0,Idukki,Kerala
2023-11-20,0.05,5.279999999999985,26.949999999999985,111.07000000000002,3.34,0,Idukki,Kerala
2023-11-21,9.72,11.659999999999986,30.359999999999985,104.03000000000002,9.72,0,Idukki,Kerala
2023-11-22,21.91,31.679999999999986,44.89999999999999,108.21000000000001,21.91,0,Idukki,Kerala
2023-11-23,5.72,37.34999999999999,46.959999999999994,88.86000000000001,21.91,0,Idukki,Kerala
2023-11-24,3.01,30.639999999999986,45.639999999999986,75.38000000000001,21.91,0,Idukki,Kerala
2023-11-25,7.03,15.759999999999986,49.32999999999999,77.70000000000002,7.03,0,Idukki,Kerala
2023-11-26,2.53,12.569999999999984,49.96999999999999,77.80000000000003,7.03,0,Idukki,Kerala
2023-11-27,4.94,14.499999999999986,54.859999999999985,82.40000000000002,7.03,0,Idukki,Kerala
2023-11-28,2.4,9.869999999999987,47.539999999999985,84.21000000000001,4.94,0,Idukki,Kerala
2023-11-29,1.68,9.019999999999987,27.309999999999988,79.58000000000001,4.94,0,Idukki,Kerala
2023-11-30,4.64,8.719999999999985,26.22999999999999,76.85000000000001,4.64,0,Idukki,Kerala
2023-12-01,5.0,11.319999999999986,28.219999999999988,78.19000000000001,5.0,0,Idukki,Kerala
2023-12-02,3.92,13.559999999999985,25.109999999999992,77.78000000000002,5.0,0,Idukki,Kerala
2023-12-03,8.36,17.279999999999983,30.93999999999999,82.80000000000001,8.36,0,Idukki,Kerala
2023-12-04,1.49,13.769999999999984,27.489999999999988,82.4,8.36,0,Idukki,Kerala
2023-12-05,0.12,9.969999999999983,25.20999999999999,82.47000000000001,8.36,0,Idukki,Kerala
2023-12-06,0.04,1.649999999999984,23.56999999999999,72.79,1.49,0,Idukki,Kerala
2023-12-07,6.26,6.419999999999984,25.18999999999999,57.140000000000015,6.26,0,Idukki,Kerala
2023-12-08,23.38,29.679999999999982,43.56999999999999,74.80000000000001,23.38,0,Idukki,Kerala
2023-12-09,10.29,39.92999999999998,49.93999999999998,82.08000000000001,23.38,0,Idukki,Kerala
2023-12-10,2.37,36.039999999999985,43.94999999999999,77.42,23.38,0,Idukki,Kerala
2023-12-11,0.87,13.529999999999982,43.329999999999984,75.76,10.29,0,Idukki,Kerala
2023-12-12,7.13,10.369999999999983,50.33999999999999,77.95,7.13,0,Idukki,Kerala
2023-12-13,0.2,8.199999999999982,50.499999999999986,75.75000000000001,7.13,0,Idukki,Kerala
2023-12-14,0.0,7.329999999999982,44.23999999999998,74.07000000000001,7.13,0,Idukki,Kerala
2023-12-15,0.02,0.21999999999998224,20.87999999999999,69.45000000000002,0.2,0,Idukki,Kerala
2023-12-16,1.18,1.1999999999999822,11.769999999999989,65.63000000000001,1.18,0,Idukki,Kerala
2023-12-17,43.0,44.19999999999998,52.39999999999999,104.71000000000001,43.0,0,Idukki,Kerala
2023-12-18,9.77,53.949999999999974,61.3,106.12000000000002,43.0,0,Idukki,Kerala
2023-12-19,1.32,54.089999999999975,55.48999999999999,105.95,43.0,0,Idukki,Kerala
2023-12-20,2.53,13.619999999999978,57.81999999999999,108.36000000000001,9.77,0,Idukki,Kerala
2023-12-21,2.63,6.479999999999978,60.449999999999996,110.95,2.63,0,Idukki,Kerala
2023-12-22,0.23,5.389999999999978,60.65999999999999,104.92,2.63,0,Idukki,Kerala
2023-12-23,0.0,2.8599999999999786,59.47999999999999,81.54,2.63,0,Idukki,Kerala
2023-12-24,0.15,0.3799999999999787,16.629999999999992,71.40000000000002,0.23,0,Idukki,Kerala
2023-12-25,1.27,1.4199999999999786,8.129999999999992,70.30000000000001,1.27,0,Idukki,Kerala
2023-12-26,0.05,1.4699999999999787,6.859999999999992,69.48,1.27,0,Idukki,Kerala
2023-12-27,0.01,1.3299999999999788,4.339999999999993,62.360000000000014,1.27,0,Idukki,Kerala
2023-12-28,0.02,0.07999999999997869,1.7299999999999929,62.180000000000014,0.05,0,Idukki,Kerala
2023-12-29,0.15,0.17999999999997868,1.6499999999999928,62.33000000000001,0.15,0,Idukki,Kerala
2023-12-30,0.09,0.2599999999999787,1.7399999999999929,62.40000000000001,0.15,0,Idukki,Kerala
2023-12-31,0.02,0.2599999999999787,1.6099999999999928,61.240000000000016,0.15,0,Idukki,Kerala
2024-01-01,0.0,0.10999999999997868,0.33999999999999264,18.240000000000013,0.09,0,Idukki,Kerala
2024-01-02,1.66,1.6799999999999786,1.9499999999999926,10.130000000000013,1.66,0,Idukki,Kerala
2024-01-03,2.36,4.019999999999978,4.299999999999993,11.170000000000012,2.36,0,Idukki,Kerala
2024-01-04,9.41,13.429999999999978,13.689999999999994,18.05000000000001,9.41,0,Idukki,Kerala
2024-01-05,8.47,20.23999999999998,22.009999999999994,23.890000000000015,9.41,0,Idukki,Kerala
2024-01-06,3.24,21.11999999999998,25.159999999999997,26.900000000000013,9.41,0,Idukki,Kerala
2024-01-07,0.87,12.579999999999979,26.009999999999994,27.770000000000014,8.47,0,Idukki,Kerala
2024-01-08,1.56,5.669999999999979,27.569999999999997,29.180000000000014,3.24,0,Idukki,Kerala
2024-01-09,11.07,13.499999999999979,36.98,38.98000000000001,11.07,0,Idukki,Kerala
2024-01-10,0.99,13.61999999999998,35.60999999999999,39.920000000000016,11.07,0,Idukki,Kerala
2024-01-11,0.03,12.089999999999979,26.229999999999997,39.94000000000002,11.07,0,Idukki,Kerala
2024-01-12,0.0,1.0199999999999787,17.759999999999998,39.920000000000016,0.99,0,Idukki,Kerala
2024-01-13,0.0,0.029999999999978683,14.519999999999994,39.77000000000002,0.03,0,Idukki,Kerala
2024-01-14,0.0,0.0,13.649999999999995,39.680000000000014,0.0,0,Idukki,Kerala
2024-01-15,0.0,0.0,12.089999999999995,39.66000000000002,0.0,0,Idukki,Kerala
2024-01-16,0.0,0.0,1.0199999999999947,39.66000000000002,0.0,0,Idukki,Kerala
2024-01-17,0.0,0.0,0.02999999999999467,38.000000000000014,0.0,0,Idukki,Kerala
2024-01-18,0.0,0.0,0.0,35.640000000000015,0.0,0,Idukki,Kerala
2024-01-19,1.27,1.2699999999999787,1.2699999999999947,27.500000000000014,1.27,0,Idukki,Kerala
2024-01-20,1.3,2.569999999999979,2.569999999999995,20.330000000000016,1.3,0,Idukki,Kerala
2024-01-21,0.19,2.759999999999979,2.759999999999995,17.280000000000012,1.3,0,Idukki,Kerala
2024-01-22,0.0,1.4899999999999787,2.759999999999995,16.41000000000001,1.3,0,Idukki,Kerala
2024-01-23,0.01,0.1999999999999787,2.7699999999999947,14.860000000000014,0.19,0,Idukki,Kerala
2024-01-24,0.91,0.9199999999999787,3.679999999999995,4.700000000000013,0.91,0,Idukki,Kerala
2024-01-25,0.0,0.9199999999999787,3.679999999999995,3.7100000000000124,0.91,0,Idukki,Kerala
2024-01-26,0.0,0.9099999999999787,2.409999999999995,3.6800000000000126,0.91,0,Idukki,Kerala
2024-01-27,0.0,0.0,1.1099999999999945,3.6800000000000126,0.0,0,Idukki,Kerala
2024-01-28,0.0,0.0,0.9199999999999947,3.6800000000000126,0.0,0,Idukki,Kerala
2024-01-29,0.0,0.0,0.9199999999999946,3.6800000000000126,0.0,0,Idukki,Kerala
2024-01-30,0.02,0.019999999999978684,0.9299999999999947,3.7000000000000126,0.02,0,Idukki,Kerala
2024-01-31,0.32,0.3399999999999787,0.3399999999999947,4.020000000000013,0.32,0,Idukki,Kerala
2024-02-01,0.2,0.5399999999999787,0.5399999999999947,4.220000000000012,0.32,0,Idukki,Kerala
2024-02-02,0.12,0.6399999999999787,0.6599999999999947,4.340000000000012,0.32,0,Idukki,Kerala
2024-02-03,0.0,0.3199999999999787,0.6599999999999947,3.0700000000000127,0.2,0,Idukki,Kerala
2024-02-04,0.0,0.11999999999997868,0.6599999999999947,1.7700000000000125,0.12,0,Idukki,Kerala
2024-02-05,0.0,0.0,0.6599999999999947,1.5800000000000125,0.0,0,Idukki,Kerala
2024-02-06,0.0,0.0,0.6399999999999947,1.5800000000000125,0.0,0,Idukki,Kerala
2024-02-07,0.0,0.0,0.3199999999999947,1.5700000000000125,0.0,0,Idukki,Kerala
2024-02-08,0.0,0.0,0.11999999999999467,0.6600000000000125,0.0,0,Idukki,Kerala
2024-02-09,0.0,0.0,0.0,0.6600000000000125,0.0,0,Idukki,Kerala
2024-02-10,0.0,0.0,0.0,0.6600000000000125,0.0,0,Idukki,Kerala
2024-02-11,0.0,0.0,0.0,0.6600000000000125,0.0,0,Idukki,Kerala
2024-02-12,0.0,0.0,0.0,0.6600000000000125,0.0,0,Idukki,Kerala
2024-02-13,0.0,0.0,0.0,0.6600000000000125,0.0,0,Idukki,Kerala
2024-02-14,0.0,0.0,0.0,0.6400000000000124,0.0,0,Idukki,Kerala
2024-02-15,0.0,0.0,0.0,0.32000000000001244,0.0,0,Idukki,Kerala
2024-02-16,0.0,0.0,0.0,0.12000000000001243,0.0,0,Idukki,Kerala
2024-02-17,0.0,0.0,0.0,0.0,0.0,0,Idukki,Kerala
2024-02-18,0.0,0.0,0.0,0.0,0.0,0,Idukki,Kerala
2024-02-19,0.0,0.0,0.0,0.0,0.0,0,Idukki,Kerala
2024-02-20,0.16,0.1599999999999787,0.15999999999999467,0.16000000000001244,0.16,0,Idukki,Kerala
2024-02-21,0.39,0.5499999999999787,0.5499999999999947,0.5500000000000125,0.39,0,Idukki,Kerala
2024-02-22,0.0,0.5499999999999787,0.5499999999999947,0.5500000000000125,0.39,0,Idukki,Kerala
2024-02-23,0.0,0.3899999999999787,0.5499999999999947,0.5500000000000125,0.39,0,Idukki,Kerala
2024-02-24,0.0,0.0,0.5499999999999947,0.5500000000000125,0.0,0,Idukki,Kerala
2024-02-25,0.0,0.0,0.5499999999999947,0.5500000000000125,0.0,0,Idukki,Kerala
2024-02-26,0.0,0.0,0.5499999999999947,0.5500000000000125,0.0,0,Idukki,Kerala
2024-02-27,0.01,0.009999999999978684,0.3999999999999947,0.5600000000000125,0.01,0,Idukki,Kerala
2024-02-28,0.0,0.009999999999978684,0.009999999999994671,0.5600000000000125,0.01,0,Idukki,Kerala
2024-02-29,0.0,0.009999999999978684,0.009999999999994671,0.5600000000000125,0.01,0,Idukki,Kerala
2024-03-01,0.0,0.0,0.009999999999994671,0.5600000000000125,0.0,0,Idukki,Kerala
2024-03-02,0.0,0.0,0.009999999999994671,0.5600000000000125,0.0,0,Idukki,Kerala
2024-03-03,0.0,0.0,0.009999999999994671,0.5600000000000125,0.0,0,Idukki,Kerala
2024-03-04,0.0,0.0,0.009999999999994671,0.5600000000000125,0.0,0,Idukki,Kerala
2024-03-05,0.0,0.0,0.0,0.5600000000000125,0.0,0,Idukki,Kerala
2024-03-06,0.0,0.0,0.0,0.40000000000001246,0.0,0,Idukki,Kerala
2024-03-07,0.0,0.0,0.0,0.010000000000012435,0.0,0,Idukki,Kerala
2024-03-08,0.02,0.019999999999978684,0.01999999999999467,0.030000000000012433,0.02,0,Idukki,Kerala
2024-03-09,0.0,0.019999999999978684,0.01999999999999467,0.030000000000012437,0.02,0,Idukki,Kerala
2024-03-10,0.0,0.019999999999978684,0.01999999999999467,0.030000000000012437,0.02,0,Idukki,Kerala
2024-03-11,0.01,0.009999999999978684,0.02999999999999467,0.040000000000012435,0.01,0,Idukki,Kerala
2024-03-12,0.11,0.11999999999997868,0.13999999999999468,0.15000000000001243,0.11,0,Idukki,Kerala
2024-03-13,0.28,0.3999999999999787,0.4199999999999947,0.4200000000000125,0.28,0,Idukki,Kerala
2024-03-14,0.93,1.3199999999999787,1.3499999999999948,1.3500000000000125,0.93,0,Idukki,Kerala
2024-03-15,0.07,1.2799999999999787,1.3999999999999948,1.4200000000000126,0.93,0,Idukki,Kerala
2024-03-16,0.16,1.1599999999999788,1.5599999999999947,1.5800000000000125,0.93,0,Idukki,Kerala
2024-03-17,0.0,0.2299999999999787,1.5599999999999947,1.5800000000000125,0.16,0,Idukki,Kerala
2024-03-18,0.0,0.1599999999999787,1.5499999999999947,1.5800000000000125,0.16,0,Idukki,Kerala
2024-03-19,0.0,0.0,1.4399999999999948,1.5800000000000125,0.0,0,Idukki,Kerala
2024-03-20,0.19,0.18999999999997869,1.3499999999999948,1.7700000000000125,0.19,0,Idukki,Kerala
2024-03-21,0.2,0.3899999999999787,0.6199999999999947,1.9700000000000126,0.2,0,Idukki,Kerala
2024-03-22,0.11,0.4999999999999787,0.6599999999999947,2.0800000000000125,0.2,0,Idukki,Kerala
2024-03-23,2.65,2.9599999999999786,3.1499999999999946,4.710000000000012,2.65,0,Idukki,Kerala
2024-03-24,1.68,4.439999999999978,4.829999999999995,6.390000000000012,2.65,0,Idukki,Kerala
2024-03-25,0.08,4.409999999999979,4.909999999999995,6.470000000000012,2.65,0,Idukki,Kerala
2024-03-26,0.43,2.1899999999999786,5.3399999999999945,6.890000000000013,1.68,0,Idukki,Kerala
2024-03-27,0.0,0.5099999999999787,5.149999999999994,6.780000000000012,0.43,0,Idukki,Kerala
2024-03-28,2.51,2.9399999999999786,7.459999999999995,9.010000000000012,2.51,0,Idukki,Kerala
2024-03-29,3.25,5.7599999999999785,10.599999999999994,11.330000000000013,3.25,0,Idukki,Kerala
2024-03-30,0.0,5.7599999999999785,7.949999999999994,11.260000000000012,3.25,0,Idukki,Kerala
2024-03-31,0.0,3.2499999999999787,6.269999999999994,11.100000000000012,3.25,0,Idukki,Kerala
2024-04-01,0.01,0.009999999999978684,6.199999999999994,11.110000000000012,0.01,0,Idukki,Kerala
2024-04-02,1.28,1.2899999999999787,7.0499999999999945,12.390000000000011,1.28,0,Idukki,Kerala
2024-04-03,1.23,2.5199999999999787,8.279999999999994,13.620000000000012,1.28,0,Idukki,Kerala
2024-04-04,1.25,3.759999999999979,7.019999999999994,14.680000000000012,1.28,0,Idukki,Kerala
2024-04-05,1.75,4.229999999999979,5.519999999999994,16.23000000000001,1.75,0,Idukki,Kerala
2024-04-06,0.0,2.9999999999999787,5.519999999999994,16.12000000000001,1.75,0,Idukki,Kerala
2024-04-07,0.01,1.7599999999999787,5.529999999999995,13.480000000000011,1.75,0,Idukki,Kerala
2024-04-08,1.88,1.8899999999999786,7.399999999999995,13.680000000000012,1.88,0,Idukki,Kerala
2024-04-09,1.27,3.159999999999979,7.389999999999994,14.870000000000012,1.88,0,Idukki,Kerala
2024-04-10,2.93,6.079999999999979,9.089999999999996,17.37000000000001,2.93,0,Idukki,Kerala
2024-04-11,3.87,8.069999999999979,11.709999999999996,21.240000000000013,3.87,0,Idukki,Kerala
2024-04-12,13.06,19.859999999999978,23.019999999999996,31.790000000000013,13.06,0,Idukki,Kerala
2024-04-13,3.74,20.66999999999998,26.759999999999998,32.280000000000015,13.06,0,Idukki,Kerala
2024-04-14,1.65,18.449999999999978,28.399999999999995,33.930000000000014,13.06,0,Idukki,Kerala
2024-04-15,0.04,5.42999999999998,26.559999999999995,33.97000000000001,3.74,0,Idukki,Kerala
2024-04-16,0.0,1.6899999999999804,25.289999999999996,33.960000000000015,1.65,0,Idukki,Kerala
2024-04-17,0.0,0.03999999999998046,22.359999999999996,32.680000000000014,0.04,0,Idukki,Kerala
2024-04-18,0.0,0.0,18.489999999999995,31.45000000000001,0.0,0,Idukki,Kerala
2024-04-19,0.01,0.00999999999998046,5.439999999999995,30.21000000000001,0.01,0,Idukki,Kerala
2024-04-20,0.03,0.03999999999998046,1.7299999999999947,28.490000000000013,0.03,0,Idukki,Kerala
2024-04-21,2.0,2.0399999999999805,2.0799999999999947,30.49000000000001,2.0,0,Idukki,Kerala
2024-04-22,3.15,5.17999999999998,5.189999999999994,33.63000000000001,3.15,0,Idukki,Kerala
2024-04-23,1.41,6.55999999999998,6.599999999999994,33.16000000000001,3.15,0,Idukki,Kerala
2024-04-24,1.58,6.13999999999998,8.179999999999994,33.47000000000001,3.15,0,Idukki,Kerala
2024-04-25,0.28,3.2699999999999805,8.459999999999994,30.820000000000014,1.58,0,Idukki,Kerala
2024-04-26,0.01,1.8699999999999806,8.459999999999996,26.96000000000001,1.58,0,Idukki,Kerala
2024-04-27,0.02,0.3099999999999805,8.449999999999996,13.92000000000001,0.28,0,Idukki,Kerala
2024-04-28,0.03,0.05999999999998046,6.479999999999994,10.21000000000001,0.03,0,Idukki,Kerala
2024-04-29,0.06,0.10999999999998045,3.389999999999995,8.62000000000001,0.06,0,Idukki,Kerala
2024-04-30,2.41,2.4999999999999805,4.389999999999995,10.99000000000001,2.41,0,Idukki,Kerala
2024-05-01,1.43,3.899999999999981,4.239999999999995,12.42000000000001,2.41,0,Idukki,Kerala
2024-05-02,0.0,3.8399999999999803,3.9599999999999946,12.42000000000001,2.41,0,Idukki,Kerala
2024-05-03,0.0,1.4299999999999804,3.949999999999995,12.42000000000001,1.43,0,Idukki,Kerala
2024-05-04,0.08,0.07999999999998046,4.009999999999995,12.49000000000001,0.08,0,Idukki,Kerala
2024-05-05,1.39,1.4699999999999804,5.369999999999996,13.85000000000001,1.39,0,Idukki,Kerala
2024-05-06,0.3,1.7699999999999805,5.609999999999995,12.150000000000011,1.39,0,Idukki,Kerala
2024-05-07,0.12,1.8099999999999803,3.319999999999995,9.12000000000001,1.39,0,Idukki,Kerala
2024-05-08,2.98,3.3999999999999804,4.869999999999995,10.69000000000001,2.98,0,Idukki,Kerala
2024-05-09,14.4,17.499999999999982,19.269999999999996,23.510000000000012,14.4,0,Idukki,Kerala
2024-05-10,12.58,29.95999999999998,31.849999999999994,35.81000000000001,14.4,0,Idukki,Kerala
2024-05-11,4.42,31.399999999999977,36.19,40.22000000000001,14.4,0,Idukki,Kerala
2024-05-12,3.8,20.79999999999998,38.599999999999994,44.00000000000001,12.58,0,Idukki,Kerala
2024-05-13,6.32,14.539999999999981,44.61999999999999,50.29000000000001,6.32,0,Idukki,Kerala
2024-05-14,5.42,15.539999999999981,49.919999999999995,55.65000000000001,6.32,0,Idukki,Kerala
2024-05-15,11.99,23.72999999999998,58.92999999999999,65.23,11.99,0,Idukki,Kerala
2024-05-16,9.15,26.55999999999998,53.67999999999999,72.95,11.99,0,Idukki,Kerala
2024-05-17,21.13,42.26999999999998,62.22999999999999,94.08000000000001,21.13,0,Idukki,Kerala
2024-05-18,24.62,54.89999999999998,82.42999999999999,118.7,24.62,0,Idukki,Kerala
2024-05-19,14.65,60.39999999999998,93.27999999999999,133.27,24.62,0,Idukki,Kerala
2024-05-20,29.36,68.62999999999997,116.32,161.24,29.36,0,Idukki,Kerala
2024-05-21,16.58,60.58999999999997,127.47999999999999,177.52,29.36,0,Idukki,Kerala
2024-05-22,39.88,85.81999999999996,155.37,217.28,39.88,0,Idukki,Kerala
2024-05-23,17.24,73.69999999999997,163.45999999999998,231.54000000000002,39.88,0,Idukki,Kerala
2024-05-24,20.5,77.61999999999998,162.82999999999998,237.64000000000001,39.88,0,Idukki,Kerala
2024-05-25,21.46,59.199999999999974,159.67,246.52,21.46,0,Idukki,Kerala
2024-05-26,8.06,50.019999999999975,153.08,250.16000000000003,21.46,0,Idukki,Kerala
2024-05-27,10.92,40.43999999999997,134.64,257.28,21.46,0,Idukki,Kerala
2024-05-28,34.96,53.939999999999976,153.01999999999998,285.92,34.96,0,Idukki,Kerala
2024-05-29,50.1,95.97999999999998,163.24,330.6,50.1,0,Idukki,Kerala
2024-05-30,19.57,104.62999999999997,165.57,338.18,50.1,0,Idukki,Kerala
2024-05-31,18.49,88.15999999999998,163.56,347.52,50.1,0,Idukki,Kerala
2024-06-01,13.13,51.189999999999976,155.23,339.52000000000004,19.57,1,Idukki,Kerala
2024-06-02,10.36,41.979999999999976,157.52999999999997,325.26,18.49,1,Idukki,Kerala
2024-06-03,10.47,33.95999999999998,157.07999999999998,321.08000000000004,13.13,1,Idukki,Kerala
2024-06-04,3.8,24.629999999999978,125.91999999999999,295.52000000000004,10.47,1,Idukki,Kerala
2024-06-05,7.29,21.55999999999998,83.10999999999999,286.23,10.47,1,Idukki,Kerala
2024-06-06,25.32,36.40999999999998,88.85999999999999,271.67,25.32,1,Idukki,Kerala
2024-06-07,5.46,38.069999999999986,75.83,259.89,25.32,1,Idukki,Kerala
2024-06-08,13.46,44.23999999999998,76.16,252.85,25.32,1,Idukki,Kerala
2024-06-09,7.37,26.289999999999985,73.17,238.76000000000002,13.46,1,Idukki,Kerala
2024-06-10,3.0,23.829999999999984,65.7,233.70000000000002,13.46,1,Idukki,Kerala
2024-06-11,4.1,14.469999999999981,66.0,226.88,7.37,1,Idukki,Kerala
2024-06-12,7.91,15.009999999999982,66.61999999999999,199.83,7.91,1,Idukki,Kerala
2024-06-13,2.65,14.659999999999982,43.949999999999996,152.38,7.91,1,Idukki,Kerala
2024-06-14,0.15,10.709999999999983,38.63999999999999,132.96,7.91,1,Idukki,Kerala
2024-06-15,1.75,4.549999999999982,26.929999999999993,116.22000000000001,2.65,1,Idukki,Kerala
2024-06-16,1.62,3.5199999999999823,21.179999999999993,104.71000000000001,1.75,1,Idukki,Kerala
2024-06-17,4.7,8.069999999999983,22.879999999999992,99.05000000000001,4.7,1,Idukki,Kerala
2024-06-18,17.91,24.229999999999983,36.69,106.49000000000001,17.91,1,Idukki,Kerala
2024-06-19,14.54,37.14999999999998,43.31999999999999,117.23,17.91,1,Idukki,Kerala
2024-06-20,7.9,40.34999999999998,48.56999999999999,117.84,17.91,1,Idukki,Kerala
2024-06-21,6.01,28.44999999999998,54.42999999999999,98.53,14.54,1,Idukki,Kerala
2024-06-22,6.59,20.499999999999982,59.26999999999999,99.66000000000001,7.9,1,Idukki,Kerala
2024-06-23,12.51,25.10999999999998,70.16,98.71000000000001,12.51,1,Idukki,Kerala
2024-06-24,22.21,41.30999999999998,87.66999999999999,113.55000000000001,22.21,1,Idukki,Kerala
2024-06-25,14.62,49.33999999999998,84.38,125.17,22.21,1,Idukki,Kerala
2024-06-26,23.78,60.609999999999985,93.62,144.85000000000002,23.78,1,Idukki,Kerala
2024-06-27,8.47,46.869999999999976,94.19,145.41000000000003,23.78,1,Idukki,Kerala
2024-06-28,2.87,35.11999999999998,91.04999999999998,145.63,23.78,1,Idukki,Kerala
2024-06-29,7.51,18.84999999999998,91.96999999999998,152.99,8.47,1,Idukki,Kerala
2024-06-30,3.11,13.489999999999979,82.57,154.35,7.51,1,Idukki,Kerala
2024-07-01,34.48,45.09999999999998,94.83999999999999,187.20999999999998,34.48,1,Idukki,Kerala
2024-07-02,5.77,43.35999999999997,85.98999999999998,188.28,34.48,1,Idukki,Kerala
2024-07-03,4.17,44.41999999999997,66.38,174.54000000000002,34.48,1,Idukki,Kerala
2024-07-04,2.09,12.029999999999978,59.99999999999999,162.09,5.77,1,Idukki,Kerala
2024-07-05,4.78,11.039999999999978,61.90999999999999,158.97,4.78,1,Idukki,Kerala
2024-07-06,8.36,15.229999999999977,62.75999999999999,161.32,8.36,1,Idukki,Kerala
2024-07-07,4.44,17.579999999999977,64.08999999999999,159.17000000000002,8.36,1,Idukki,Kerala
2024-07-08,9.17,21.969999999999978,38.77999999999999,155.82999999999998,9.17,1,Idukki,Kerala
2024-07-09,3.77,17.379999999999978,36.779999999999994,137.39000000000001,9.17,1,Idukki,Kerala
2024-07-10,11.5,24.439999999999976,44.10999999999999,134.26999999999998,11.5,1,Idukki,Kerala
2024-07-11,4.62,19.88999999999998,46.639999999999986,115.11,11.5,1,Idukki,Kerala
2024-07-12,12.59,28.70999999999998,54.44999999999999,119.22999999999999,12.59,1,Idukki,Kerala
2024-07-13,17.94,35.14999999999998,64.02999999999999,134.3,17.94,1,Idukki,Kerala
2024-07-14,14.37,44.89999999999998,73.96,141.16,17.94,1,Idukki,Kerala
2024-07-15,42.71,75.01999999999998,107.5,180.76000000000002,42.71,1,Idukki,Kerala
2024-07-16,19.74,76.81999999999998,123.47,166.02,42.71,1,Idukki,Kerala
2024-07-17,24.02,86.46999999999997,135.99,184.27,42.71,1,Idukki,Kerala
2024-07-18,9.56,53.31999999999998,140.92999999999998,189.66,24.02,1,Idukki,Kerala
2024-07-19,5.13,38.70999999999998,133.47,192.7,24.02,1,Idukki,Kerala
2024-07-20,2.09,16.77999999999998,117.61999999999999,190.01,9.56,1,Idukki,Kerala
2024-07-21,0.57,7.789999999999979,103.82,182.22,5.13,1,Idukki,Kerala
2024-07-22,1.69,4.349999999999978,62.79999999999999,179.47000000000003,2.09,1,Idukki,Kerala
2024-07-23,2.86,5.119999999999978,45.91999999999999,173.16,2.86,1,Idukki,Kerala
2024-07-24,8.71,13.259999999999978,30.609999999999992,178.10000000000002,8.71,1,Idukki,Kerala
2024-07-25,9.6,21.16999999999998,30.64999999999999,176.20000000000002,9.6,1,Idukki,Kerala
2024-07-26,6.89,25.199999999999978,32.40999999999999,178.47,9.6,1,Idukki,Kerala
2024-07-27,3.99,20.47999999999998,34.309999999999995,169.87,9.6,1,Idukki,Kerala
2024-07-28,13.11,23.98999999999998,46.849999999999994,165.04000000000002,13.11,1,Idukki,Kerala
2024-07-29,44.79,61.88999999999998,89.94999999999999,195.46,44.79,1,Idukki,Kerala
2024-07-30,15.74,73.63999999999997,102.82999999999998,168.49,44.79,1,Idukki,Kerala
2024-07-31,9.33,69.85999999999999,103.44999999999999,158.08,44.79,1,Idukki,Kerala
2024-08-01,12.5,37.569999999999986,106.35,146.56,15.74,1,Idukki,Kerala
2024-08-02,2.14,23.969999999999985,101.59999999999998,139.14000000000001,12.5,1,Idukki,Kerala
2024-08-03,5.21,19.849999999999987,102.82,139.22,12.5,1,Idukki,Kerala
2024-08-04,10.87,18.219999999999985,100.57999999999998,148.0,10.87,1,Idukki,Kerala
2024-08-05,6.34,22.419999999999984,62.12999999999998,153.77,10.87,1,Idukki,Kerala
2024-08-06,13.02,30.229999999999986,59.40999999999998,165.10000000000002,13.02,1,Idukki,Kerala
2024-08-07,6.68,26.039999999999985,56.759999999999984,168.92000000000002,13.02,1,Idukki,Kerala
2024-08-08,4.29,23.989999999999984,48.54999999999998,164.5,13.02,1,Idukki,Kerala
2024-08-09,4.23,15.199999999999985,50.639999999999986,159.13,6.68,1,Idukki,Kerala
2024-08-10,9.71,18.229999999999986,55.139999999999986,161.95000000000002,9.71,1,Idukki,Kerala
2024-08-11,9.47,23.40999999999999,53.73999999999999,167.43,9.71,1,Idukki,Kerala
2024-08-12,12.98,32.15999999999999,60.37999999999999,167.3,12.98,1,Idukki,Kerala
2024-08-13,50.65,73.1,98.00999999999999,173.16000000000003,50.65,1,Idukki,Kerala
2024-08-14,24.74,88.36999999999999,116.06999999999998,182.16,50.65,1,Idukki,Kerala
2024-08-15,19.69,95.07999999999998,131.46999999999997,192.52,50.65,1,Idukki,Kerala
2024-08-16,11.77,56.19999999999999,139.01,191.79000000000002,24.74,1,Idukki,Kerala
2024-08-17,6.91,38.36999999999999,136.20999999999998,196.56,19.69,1,Idukki,Kerala
2024-08-18,13.92,32.59999999999999,140.66,205.27,13.92,1,Idukki,Kerala
2024-08-19,4.96,25.789999999999985,132.64,199.36,13.92,1,Idukki,Kerala
2024-08-20,16.29,35.16999999999999,98.27999999999997,209.31,16.29,1,Idukki,Kerala
2024-08-21,15.47,36.719999999999985,89.00999999999998,211.76,16.29,1,Idukki,Kerala
2024-08-22,0.87,32.62999999999999,70.18999999999998,205.95,16.29,1,Idukki,Kerala
2024-08-23,0.05,16.389999999999986,58.46999999999999,201.71,15.47,1,Idukki,Kerala
2024-08-24,1.31,2.2299999999999858,52.86999999999998,198.79000000000002,1.31,1,Idukki,Kerala
2024-08-25,0.8,2.159999999999986,39.749999999999986,189.88,1.31,1,Idukki,Kerala
2024-08-26,1.99,4.099999999999985,36.77999999999998,182.4,1.99,1,Idukki,Kerala
2024-08-27,1.87,4.659999999999986,22.359999999999985,171.29000000000002,1.99,1,Idukki,Kerala
2024-08-28,1.71,5.569999999999986,8.599999999999985,122.35000000000001,1.99,1,Idukki,Kerala
2024-08-29,15.44,19.019999999999985,23.169999999999984,113.05000000000001,15.44,1,Idukki,Kerala
2024-08-30,19.73,36.87999999999998,42.84999999999999,113.09000000000002,19.73,1,Idukki,Kerala
2024-08-31,12.71,47.87999999999998,54.249999999999986,114.03,19.73,1,Idukki,Kerala
2024-09-01,8.34,40.77999999999999,61.78999999999999,115.46000000000001,19.73,1,Idukki,Kerala
2024-09-02,6.15,27.19999999999999,65.94999999999999,107.69000000000001,12.71,1,Idukki,Kerala
2024-09-03,5.4,19.889999999999986,69.47999999999999,108.13000000000002,8.34,1,Idukki,Kerala
2024-09-04,6.78,18.329999999999988,74.54999999999998,98.62,6.78,1,Idukki,Kerala
2024-09-05,3.73,15.909999999999986,62.83999999999999,86.88000000000001,6.78,1,Idukki,Kerala
2024-09-06,2.84,13.349999999999985,45.94999999999999,88.85000000000001,6.78,1,Idukki,Kerala
2024-09-07,5.8,12.369999999999987,39.039999999999985,94.60000000000001,5.8,1,Idukki,Kerala
2024-09-08,9.3,17.939999999999987,39.999999999999986,102.59,9.3,1,Idukki,Kerala
2024-09-09,6.72,21.819999999999986,40.569999999999986,108.51,9.3,1,Idukki,Kerala
2024-09-10,6.5,22.51999999999999,41.66999999999999,113.02000000000001,9.3,1,Idukki,Kerala
2024-09-11,7.2,20.419999999999987,42.08999999999999,118.35000000000001,7.2,1,Idukki,Kerala
2024-09-12,1.08,14.779999999999989,39.43999999999998,117.72000000000001,7.2,1,Idukki,Kerala
2024-09-13,0.11,8.389999999999986,36.70999999999999,102.39000000000001,7.2,1,Idukki,Kerala
2024-09-14,1.31,2.4999999999999876,32.219999999999985,83.97000000000001,1.31,1,Idukki,Kerala
2024-09-15,0.5,1.9199999999999877,23.419999999999987,71.76000000000002,1.31,1,Idukki,Kerala
2024-09-16,0.02,1.8299999999999876,16.719999999999985,63.44000000000002,1.31,1,Idukki,Kerala
2024-09-17,0.01,0.5299999999999876,10.229999999999984,57.30000000000001,0.5,1,Idukki,Kerala
2024-09-18,0.01,0.039999999999987566,3.039999999999986,51.91000000000002,0.02,1,Idukki,Kerala
2024-09-19,0.08,0.09999999999998757,2.039999999999986,45.210000000000015,0.08,1,Idukki,Kerala
2024-09-20,0.13,0.2199999999999876,2.059999999999986,41.61000000000002,0.13,1,Idukki,Kerala
2024-09-21,0.72,0.9299999999999875,1.4699999999999858,39.490000000000016,0.72,1,Idukki,Kerala
2024-09-22,4.3,5.149999999999987,5.269999999999985,37.990000000000016,4.3,1,Idukki,Kerala
2024-09-23,4.56,9.579999999999988,9.809999999999985,33.250000000000014,4.56,1,Idukki,Kerala
2024-09-24,3.45,12.309999999999986,13.249999999999986,29.98000000000001,4.56,1,Idukki,Kerala
2024-09-25,1.7,9.709999999999987,14.939999999999985,25.180000000000014,4.56,1,Idukki,Kerala
2024-09-26,1.35,6.499999999999988,16.209999999999987,19.330000000000013,3.45,1,Idukki,Kerala
2024-09-27,0.69,3.739999999999988,16.769999999999982,18.940000000000015,1.7,1,Idukki,Kerala
2024-09-28,1.47,3.5099999999999874,17.519999999999985,20.30000000000001,1.47,1,Idukki,Kerala
2024-09-29,13.91,16.069999999999986,27.12999999999999,32.90000000000001,13.91,1,Idukki,Kerala
2024-09-30,8.54,23.919999999999987,31.109999999999985,40.94000000000001,13.91,1,Idukki,Kerala
2024-10-01,2.83,25.279999999999987,30.489999999999984,43.75000000000001,13.91,0,Idukki,Kerala
2024-10-02,2.05,13.419999999999987,30.839999999999986,45.79000000000001,8.54,0,Idukki,Kerala
2024-10-03,0.51,5.389999999999987,29.999999999999986,46.29000000000001,2.83,0,Idukki,Kerala
2024-10-04,8.12,10.679999999999986,37.429999999999986,54.33000000000001,8.12,0,Idukki,Kerala
2024-10-05,6.16,14.789999999999987,42.11999999999999,60.360000000000014,8.12,0,Idukki,Kerala
2024-10-06,14.2,28.479999999999986,42.40999999999998,73.84000000000002,14.2,0,Idukki,Kerala
2024-10-07,8.29,28.649999999999984,42.15999999999998,77.83000000000001,14.2,0,Idukki,Kerala
2024-10-08,7.41,29.899999999999988,46.73999999999999,80.68,14.2,0,Idukki,Kerala
2024-10-09,9.98,25.679999999999986,54.66999999999999,87.21000000000001,9.98,0,Idukki,Kerala
2024-10-10,3.93,21.31999999999999,58.08999999999999,89.44000000000001,9.98,0,Idukki,Kerala
2024-10-11,29.89,43.79999999999999,79.85999999999999,117.98000000000002,29.89,0,Idukki,Kerala
2024-10-12,27.96,61.779999999999994,101.66,145.25000000000003,29.89,0,Idukki,Kerala
2024-10-13,31.43,89.27999999999999,118.88999999999999,175.21,31.43,0,Idukki,Kerala
2024-10-14,11.91,71.29999999999998,122.50999999999999,173.21000000000004,31.43,0,Idukki,Kerala
2024-10-15,9.35,52.68999999999999,124.44999999999999,174.02,31.43,0,Idukki,Kerala
2024-10-16,2.85,24.10999999999999,117.31999999999998,174.04000000000002,11.91,0,Idukki,Kerala
2024-10-17,3.7,15.89999999999999,117.08999999999999,175.69,9.35,0,Idukki,Kerala
2024-10-18,3.68,10.22999999999999,90.88,178.86,3.7,0,Idukki,Kerala
2024-10-19,5.24,12.61999999999999,68.15999999999998,175.98000000000002,5.24,0,Idukki,Kerala
2024-10-20,14.33,23.24999999999999,51.05999999999999,184.15,14.33,0,Idukki,Kerala
2024-10-21,6.97,26.53999999999999,46.11999999999998,176.92000000000002,14.33,0,Idukki,Kerala
2024-10-22,15.24,36.53999999999999,52.009999999999984,183.87,15.24,0,Idukki,Kerala
2024-10-23,14.2,36.40999999999999,63.359999999999985,190.66,15.24,0,Idukki,Kerala
2024-10-24,8.5,37.93999999999999,68.15999999999998,189.18,15.24,0,Idukki,Kerala
2024-10-25,14.3,36.999999999999986,78.77999999999997,199.55,14.3,0,Idukki,Kerala
2024-10-26,3.07,25.86999999999999,76.60999999999999,172.73000000000002,14.3,0,Idukki,Kerala
2024-10-27,0.67,18.03999999999999,62.94999999999999,145.44000000000003,14.3,0,Idukki,Kerala
2024-10-28,3.58,7.31999999999999,59.55999999999999,117.59,3.58,0,Idukki,Kerala
2024-10-29,1.12,5.369999999999989,45.43999999999998,106.80000000000001,3.58,0,Idukki,Kerala
2024-10-30,0.18,4.879999999999989,31.419999999999987,97.63000000000002,3.58,0,Idukki,Kerala
2024-10-31,5.47,6.769999999999989,28.389999999999986,100.25000000000001,5.47,0,Idukki,Kerala
2024-11-01,9.65,15.29999999999999,23.739999999999988,106.2,9.65,0,Idukki,Kerala
2024-11-02,23.53,38.64999999999999,44.19999999999999,126.05000000000001,23.53,0,Idukki,Kerala
2024-11-03,5.21,38.38999999999999,48.73999999999999,126.02000000000001,23.53,0,Idukki,Kerala
2024-11-04,15.79,44.52999999999999,60.94999999999999,127.48000000000002,23.53,0,Idukki,Kerala
2024-11-05,9.41,30.40999999999999,69.24,129.92000000000002,15.79,0,Idukki,Kerala
2024-11-06,0.14,25.33999999999999,69.19999999999999,114.82000000000002,15.79,0,Idukki,Kerala
2024-11-07,4.37,13.91999999999999,68.09999999999998,104.99000000000001,9.41,0,Idukki,Kerala
2024-11-08,12.8,17.309999999999988,71.24999999999999,109.29000000000002,12.8,0,Idukki,Kerala
2024-11-09,5.39,22.559999999999988,53.109999999999985,100.38000000000002,12.8,0,Idukki,Kerala
2024-11-10,0.0,18.18999999999999,47.899999999999984,97.31000000000003,12.8,0,Idukki,Kerala
2024-11-11,0.03,5.419999999999989,32.139999999999986,96.67000000000002,5.39,0,Idukki,Kerala
2024-11-12,0.09,0.11999999999998934,22.819999999999986,93.18000000000002,0.09,0,Idukki,Kerala
2024-11-13,0.27,0.38999999999998936,22.949999999999985,92.33000000000003,0.27,0,Idukki,Kerala
2024-11-14,10.42,10.779999999999989,28.999999999999986,102.57000000000001,10.42,0,Idukki,Kerala
2024-11-15,8.51,19.19999999999999,24.709999999999987,105.61000000000001,10.42,0,Idukki,Kerala
2024-11-16,12.12,31.04999999999999,31.439999999999984,108.08000000000003,12.12,0,Idukki,Kerala
2024-11-17,8.2,28.829999999999984,39.639999999999986,92.75,12.12,0,Idukki,Kerala
2024-11-18,2.19,22.509999999999987,41.79999999999998,89.73000000000002,12.12,0,Idukki,Kerala
2024-11-19,2.7,13.08999999999999,44.40999999999999,76.64000000000001,8.2,0,Idukki,Kerala
2024-11-20,0.95,5.839999999999989,45.08999999999998,68.18,2.7,0,Idukki,Kerala
2024-11-21,1.16,4.80999999999999,35.829999999999984,69.2,2.7,0,Idukki,Kerala
2024-11-22,0.04,2.1499999999999893,27.359999999999985,64.87000000000002,1.16,0,Idukki,Kerala
2024-11-23,0.0,1.1999999999999893,15.239999999999984,52.070000000000014,1.16,0,Idukki,Kerala
2024-11-24,0.0,0.03999999999998934,7.039999999999986,46.680000000000014,0.04,0,Idukki,Kerala
2024-11-25,0.1,0.09999999999998935,4.949999999999985,46.780000000000015,0.1,0,Idukki,Kerala
2024-11-26,7.13,7.229999999999989,9.379999999999985,53.88000000000001,7.13,0,Idukki,Kerala
2024-11-27,3.32,10.549999999999988,11.749999999999986,57.110000000000014,7.13,0,Idukki,Kerala
2024-11-28,0.62,11.06999999999999,11.209999999999987,57.460000000000015,7.13,0,Idukki,Kerala
2024-11-29,3.55,7.4899999999999896,14.719999999999985,50.59000000000001,3.55,0,Idukki,Kerala
2024-11-30,3.83,7.999999999999989,18.549999999999986,45.91000000000001,3.83,0,Idukki,Kerala
2024-12-01,21.79,29.169999999999987,40.33999999999999,55.58000000000001,21.79,0,Idukki,Kerala
2024-12-02,42.96,68.57999999999998,83.19999999999999,90.34,42.96,0,Idukki,Kerala
2024-12-03,4.11,68.86,80.17999999999999,92.26000000000002,42.96,0,Idukki,Kerala
2024-12-04,1.72,48.78999999999999,78.57999999999998,91.28000000000002,42.96,0,Idukki,Kerala
2024-12-05,1.76,7.589999999999993,79.71999999999998,92.09,4.11,0,Idukki,Kerala
2024-12-06,0.24,3.7199999999999926,76.40999999999998,91.17000000000002,1.76,0,Idukki,Kerala
2024-12-07,0.91,2.909999999999993,73.48999999999998,92.04000000000002,1.76,0,Idukki,Kerala
2024-12-08,0.5,1.6499999999999928,52.19999999999999,92.54000000000002,0.91,0,Idukki,Kerala
2024-12-09,0.19,1.599999999999993,9.429999999999978,92.73000000000002,0.91,0,Idukki,Kerala
2024-12-10,0.0,0.6899999999999928,5.319999999999979,92.63000000000001,0.5,0,Idukki,Kerala
2024-12-11,2.3,2.4899999999999927,5.899999999999979,87.80000000000001,2.3,0,Idukki,Kerala
2024-12-12,25.09,27.389999999999993,29.22999999999998,109.57000000000001,25.09,0,Idukki,Kerala
2024-12-13,42.21,69.6,71.19999999999997,151.16000000000003,42.21,0,Idukki,Kerala
2024-12-14,9.29,76.59,79.57999999999998,156.9,42.21,0,Idukki,Kerala
2024-12-15,1.17,52.669999999999995,80.24999999999999,154.24,42.21,0,Idukki,Kerala
2024-12-16,0.0,10.459999999999992,80.05999999999999,132.45,9.29,0,Idukki,Kerala
2024-12-17,0.0,1.1699999999999928,80.05999999999999,89.49000000000002,1.17,0,Idukki,Kerala
2024-12-18,0.0,0.0,77.75999999999999,85.38000000000001,0.0,0,Idukki,Kerala
2024-12-19,0.0,0.0,52.66999999999999,83.66000000000001,0.0,0,Idukki,Kerala
2024-12-20,0.02,0.019999999999992895,10.479999999999977,81.92000000000002,0.02,0,Idukki,Kerala
2024-12-21,0.37,0.3899999999999929,1.5599999999999787,82.05000000000001,0.37,0,Idukki,Kerala
2024-12-22,0.34,0.7299999999999929,0.7299999999999787,81.48000000000002,0.37,0,Idukki,Kerala
2024-12-23,0.49,1.1999999999999929,1.2199999999999787,81.47000000000001,0.49,0,Idukki,Kerala
2024-12-24,0.01,0.8399999999999929,1.2299999999999787,81.29000000000002,0.49,0,Idukki,Kerala
2024-12-25,0.0,0.4999999999999929,1.2299999999999787,81.29000000000002,0.49,0,Idukki,Kerala
2024-12-26,0.07,0.0799999999999929,1.2999999999999787,79.06000000000002,0.07,0,Idukki,Kerala
2024-12-27,2.42,2.4899999999999927,3.699999999999979,56.390000000000015,2.42,0,Idukki,Kerala
2024-12-28,0.33,2.8199999999999927,3.659999999999979,14.510000000000012,2.42,0,Idukki,Kerala
2024-12-29,0.17,2.919999999999993,3.489999999999979,5.390000000000014,2.42,0,Idukki,Kerala
2024-12-30,1.75,2.249999999999993,4.749999999999979,5.970000000000014,1.75,0,Idukki,Kerala
2024-12-31,0.31,2.229999999999993,5.0499999999999785,6.280000000000014,1.75,0,Idukki,Kerala
