,rain_1d,rain_3d,rain_7d,rain_15d,rain_max3d,is_monsoon,district,state
2015-01-01,0.28,0.28,0.28,0.28,0.28,0,Kodagu,Karnataka
2015-01-02,0.02,0.30000000000000004,0.30000000000000004,0.30000000000000004,0.28,0,Kodagu,Karnataka
2015-01-03,0.0,0.30000000000000004,0.30000000000000004,0.30000000000000004,0.28,0,Kodagu,Karnataka
2015-01-04,0.0,0.02,0.30000000000000004,0.30000000000000004,0.02,0,Kodagu,Karnataka
2015-01-05,0.01,0.01,0.31000000000000005,0.31000000000000005,0.01,0,Kodagu,Karnataka
2015-01-06,0.0,0.01,0.31000000000000005,0.31000000000000005,0.01,0,Kodagu,Karnataka
2015-01-07,0.0,0.01,0.31000000000000005,0.31000000000000005,0.01,0,Kodagu,Karnataka
2015-01-08,0.0,0.0,0.03,0.31000000000000005,0.0,0,Kodagu,Karnataka
2015-01-09,0.0,0.0,0.01,0.31000000000000005,0.0,0,Kodagu,Karnataka
2015-01-10,0.0,0.0,0.01,0.31000000000000005,0.0,0,Kodagu,Karnataka
2015-01-11,0.0,0.0,0.01,0.31000000000000005,0.0,0,Kodagu,Karnataka
2015-01-12,0.0,0.0,0.0,0.31000000000000005,0.0,0,Kodagu,Karnataka
2015-01-13,0.0,0.0,0.0,0.31000000000000005,0.0,0,Kodagu,Karnataka
2015-01-14,0.0,0.0,0.0,0.31000000000000005,0.0,0,Kodagu,Karnataka
2015-01-15,0.0,0.0,0.0,0.31000000000000005,0.0,0,Kodagu,Karnataka
2015-01-16,0.0,0.0,0.0,0.03,0.0,0,Kodagu,Karnataka
2015-01-17,0.0,0.0,0.0,0.01,0.0,0,Kodagu,Karnataka
2015-01-18,0.0,0.0,0.0,0.01,0.0,0,Kodagu,Karnataka
2015-01-19,0.0,0.0,0.0,0.01,0.0,0,Kodagu,Karnataka
2015-01-20,0.0,0.0,0.0,0.0,0.0,0,Kodagu,Karnataka
2015-01-21,0.01,0.01,0.01,0.01,0.01,0,Kodagu,Karnataka
2015-01-22,0.0,0.01,0.01,0.01,0.01,0,Kodagu,Karnataka
2015-01-23,0.0,0.01,0.01,0.01,0.01,0,Kodagu,Karnataka
2015-01-24,0.0,0.0,0.01,0.01,0.0,0,Kodagu,Karnataka
2015-01-25,0.01,0.01,0.02,0.02,0.01,0,Kodagu,Karnataka
2015-01-26,0.01,0.02,0.03,0.03,0.01,0,Kodagu,Karnataka
2015-01-27,0.0,0.02,0.03,0.03,0.01,0,Kodagu,Karnataka
2015-01-28,0.0,0.01,0.019999999999999997,0.03,0.01,0,Kodagu,Karnataka
2015-01-29,0.03,0.03,0.049999999999999996,0.06,0.03,0,Kodagu,Karnataka
2015-01-30,0.01,0.04,0.06,0.06999999999999999,0.03,0,Kodagu,Karnataka
2015-01-31,0.0,0.04,0.06,0.06999999999999999,0.03,0,Kodagu,Karnataka
2015-02-01,0.01,0.02,0.06,0.08,0.01,0,Kodagu,Karnataka
2015-02-02,0.01,0.02,0.06,0.09,0.01,0,Kodagu,Karnataka
2015-02-03,0.0,0.02,0.06,0.09,0.01,0,Kodagu,Karnataka
2015-02-04,0.0,0.01,0.06,0.09,0.01,0,Kodagu,Karnataka
2015-02-05,0.0,0.0,0.03,0.08,0.0,0,Kodagu,Karnataka
2015-02-06,0.0,0.0,0.019999999999999997,0.08,0.0,0,Kodagu,Karnataka
2015-02-07,0.0,0.0,0.019999999999999997,0.08,0.0,0,Kodagu,Karnataka
2015-02-08,0.06,0.06,0.06999999999999999,0.14,0.06,0,Kodagu,Karnataka
2015-02-09,0.02,0.08,0.07999999999999999,0.15,0.06,0,Kodagu,Karnataka
2015-02-10,0.01,0.09,0.09,0.15,0.06,0,Kodagu,Karnataka
2015-02-11,0.0,0.03,0.09,0.15,0.02,0,Kodagu,Karnataka
2015-02-12,0.0,0.01,0.09,0.15,0.01,0,Kodagu,Karnataka
2015-02-13,0.0,0.0,0.09,0.12,0.0,0,Kodagu,Karnataka
2015-02-14,0.0,0.0,0.09,0.11,0.0,0,Kodagu,Karnataka
2015-02-15,0.0,0.0,0.029999999999999992,0.11,0.0,0,Kodagu,Karnataka
2015-02-16,0.0,0.0,0.009999999999999993,0.09999999999999999,0.0,0,Kodagu,Karnataka
2015-02-17,0.01,0.01,0.009999999999999993,0.1,0.01,0,Kodagu,Karnataka
2015-02-18,0.01,0.02,0.019999999999999993,0.11,0.01,0,Kodagu,Karnataka
2015-02-19,0.01,0.03,0.029999999999999992,0.12,0.01,0,Kodagu,Karnataka
2015-02-20,0.0,0.019999999999999997,0.029999999999999992,0.12,0.01,0,Kodagu,Karnataka
2015-02-21,0.0,0.01,0.029999999999999992,0.12,0.01,0,Kodagu,Karnataka
2015-02-22,0.0,0.0,0.029999999999999992,0.12,0.0,0,Kodagu,Karnataka
2015-02-23,0.0,0.0,0.029999999999999992,0.06,0.0,0,Kodagu,Karnataka
2015-02-24,0.0,0.0,0.01999999999999999,0.039999999999999994,0.0,0,Kodagu,Karnataka
2015-02-25,0.02,0.02,0.029999999999999995,0.05,0.02,0,Kodagu,Karnataka
2015-02-26,0.0,0.02,0.019999999999999997,0.05,0.02,0,Kodagu,Karnataka
2015-02-27,0.03,0.05,0.049999999999999996,0.08,0.03,0,Kodagu,Karnataka
2015-02-28,0.43,0.46,0.48,0.51,0.43,0,Kodagu,Karnataka
2015-03-01,0.82,1.28,1.2999999999999998,1.33,0.82,0,Kodagu,Karnataka
2015-03-02,0.68,1.93,1.98,2.01,0.82,0,Kodagu,Karnataka
2015-03-03,1.5,3.0,3.48,3.51,1.5,0,Kodagu,Karnataka
2015-03-04,0.25,2.43,3.71,3.75,1.5,0,Kodagu,Karnataka
2015-03-05,0.0,1.75,3.71,3.74,1.5,0,Kodagu,Karnataka
2015-03-06,4.19,4.44,7.870000000000001,7.920000000000001,4.19,0,Kodagu,Karnataka
2015-03-07,1.83,6.0200000000000005,9.27,9.75,4.19,0,Kodagu,Karnataka
2015-03-08,1.6,7.620000000000001,10.05,11.350000000000001,4.19,0,Kodagu,Karnataka
2015-03-09,0.87,4.3,10.24,12.22,1.83,0,Kodagu,Karnataka
2015-03-10,0.34,2.81,9.08,12.56,1.6,0,Kodagu,Karnataka
2015-03-11,0.09,1.3,8.92,12.65,0.87,0,Kodagu,Karnataka
2015-03-12,0.04,0.47000000000000003,8.96,12.670000000000002,0.34,0,Kodagu,Karnataka
2015-03-13,0.34,0.47000000000000003,5.109999999999999,13.010000000000002,0.34,0,Kodagu,Karnataka
2015-03-14,0.33,0.71,3.6099999999999994,13.31,0.34,0,Kodagu,Karnataka
2015-03-15,6.87,7.54,8.879999999999999,19.75,6.87,0,Kodagu,Karnataka
2015-03-16,2.2,9.4,10.21,21.130000000000003,6.87,0,Kodagu,Karnataka
2015-03-17,0.35,9.42,10.219999999999999,20.8,6.87,0,Kodagu,Karnataka
2015-03-18,0.1,2.6500000000000004,10.229999999999999,19.400000000000002,2.2,0,Kodagu,Karnataka
2015-03-19,0.04,0.49,10.23,19.19,0.35,0,Kodagu,Karnataka
2015-03-20,0.01,0.15,9.9,19.2,0.1,0,Kodagu,Karnataka
2015-03-21,0.01,0.06,9.58,15.02,0.04,0,Kodagu,Karnataka
2015-03-22,0.0,0.02,2.71,13.190000000000001,0.01,0,Kodagu,Karnataka
2015-03-23,0.0,0.01,0.51,11.59,0.01,0,Kodagu,Karnataka
2015-03-24,0.01,0.01,0.17,10.73,0.01,0,Kodagu,Karnataka
2015-03-25,0.01,0.02,0.08,10.4,0.01,0,Kodagu,Karnataka
2015-03-26,0.01,0.03,0.05,10.32,0.01,0,Kodagu,Karnataka
2015-03-27,0.19,0.21,0.23,10.47,0.19,0,Kodagu,Karnataka
2015-03-28,0.4,0.6,0.62,10.530000000000001,0.4,0,Kodagu,Karnataka
2015-03-29,2.4,2.9899999999999998,3.02,12.6,2.4,0,Kodagu,Karnataka
2015-03-30,5.48,8.280000000000001,8.5,11.21,5.48,0,Kodagu,Karnataka
2015-03-31,3.11,10.99,11.6,12.120000000000001,5.48,0,Kodagu,Karnataka
2015-04-01,5.53,14.12,17.12,17.299999999999997,5.53,0,Kodagu,Karnataka
2015-04-02,2.31,10.950000000000001,19.419999999999998,19.51,5.53,0,Kodagu,Karnataka
2015-04-03,3.38,11.219999999999999,22.610000000000003,22.849999999999998,5.53,0,Kodagu,Karnataka
2015-04-04,0.2,5.89,22.41,23.04,3.38,0,Kodagu,Karnataka
2015-04-05,0.0,3.58,20.01,23.029999999999998,3.38,0,Kodagu,Karnataka
2015-04-06,0.96,1.16,15.49,23.99,0.96,0,Kodagu,Karnataka
2015-04-07,3.9,4.859999999999999,16.28,27.89,3.9,0,Kodagu,Karnataka
2015-04-08,3.48,8.34,14.23,31.36,3.9,0,Kodagu,Karnataka
2015-04-09,2.24,9.620000000000001,14.16,33.589999999999996,3.9,0,Kodagu,Karnataka
2015-04-10,3.58,9.3,14.360000000000001,37.160000000000004,3.58,0,Kodagu,Karnataka
2015-04-11,3.33,9.15,17.49,40.3,3.58,0,Kodagu,Karnataka
2015-04-12,7.77,14.68,25.259999999999998,47.67,7.77,0,Kodagu,Karnataka
2015-04-13,10.46,21.560000000000002,34.76,55.730000000000004,10.46,0,Kodagu,Karnataka
2015-04-14,2.83,21.060000000000002,33.69,53.08,10.46,0,Kodagu,Karnataka
2015-04-15,1.4,14.690000000000001,31.61,51.37,10.46,0,Kodagu,Karnataka
2015-04-16,0.61,4.84,29.980000000000004,46.45,2.83,0,Kodagu,Karnataka
2015-04-17,0.27,2.28,26.67,44.410000000000004,1.4,0,Kodagu,Karnataka
2015-04-18,0.29,1.17,23.630000000000003,41.32,0.61,0,Kodagu,Karnataka
2015-04-19,2.31,2.87,18.17,43.43,2.31,0,Kodagu,Karnataka
2015-04-20,1.6,4.2,9.31,45.03,2.31,0,Kodagu,Karnataka
2015-04-21,4.57,8.48,11.05,48.64,4.57,0,Kodagu,Karnataka
2015-04-22,3.37,9.54,13.02,48.11,4.57,0,Kodagu,Karnataka
2015-04-23,9.67,17.61,22.080000000000002,54.3,9.67,0,Kodagu,Karnataka
2015-04-24,6.96,20.0,28.770000000000003,59.019999999999996,9.67,0,Kodagu,Karnataka
2015-04-25,8.35,24.98,36.83,63.79,9.67,0,Kodagu,Karnataka
2015-04-26,5.37,20.680000000000003,39.89,65.83,8.35,0,Kodagu,Karnataka
2015-04-27,2.33,16.05,40.62,60.39,8.35,0,Kodagu,Karnataka
2015-04-28,1.12,8.820000000000004,37.17,51.05,5.37,0,Kodagu,Karnataka
2015-04-29,1.17,4.620000000000004,34.97,49.39,2.33,0,Kodagu,Karnataka
2015-04-30,2.5,4.790000000000004,27.799999999999997,50.49,2.5,0,Kodagu,Karnataka
2015-05-01,5.18,8.850000000000003,26.019999999999996,55.06,5.18,0,Kodagu,Karnataka
2015-05-02,2.79,10.470000000000002,20.46,57.58,5.18,0,Kodagu,Karnataka
2015-05-03,0.9,8.870000000000003,15.989999999999998,58.19,5.18,0,Kodagu,Karnataka
2015-05-04,0.98,4.6700000000000035,14.64,56.86,2.79,0,Kodagu,Karnataka
2015-05-05,5.85,7.730000000000003,19.369999999999997,61.11,5.85,0,Kodagu,Karnataka
2015-05-06,5.16,11.990000000000002,23.36,61.699999999999996,5.85,0,Kodagu,Karnataka
2015-05-07,1.54,12.550000000000002,22.4,59.87,5.85,0,Kodagu,Karnataka
2015-05-08,3.64,10.340000000000003,20.86,53.84,5.16,0,Kodagu,Karnataka
2015-05-09,5.27,10.450000000000003,23.339999999999996,52.15,5.27,0,Kodagu,Karnataka
2015-05-10,4.26,13.170000000000003,26.7,48.06,5.27,0,Kodagu,Karnataka
2015-05-11,14.85,24.380000000000003,40.57,57.54,14.85,0,Kodagu,Karnataka
2015-05-12,12.24,31.35,46.959999999999994,67.44999999999999,14.85,0,Kodagu,Karnataka
2015-05-13,6.94,34.03000000000001,48.74,73.27,14.85,0,Kodagu,Karnataka
2015-05-14,11.21,30.390000000000004,58.410000000000004,83.31,12.24,0,Kodagu,Karnataka
2015-05-15,20.36,38.510000000000005,75.13,101.17,20.36,0,Kodagu,Karnataka
2015-05-16,21.79,53.36,91.65,117.78,21.79,0,Kodagu,Karnataka
2015-05-17,12.71,54.86,100.1,127.7,21.79,0,Kodagu,Karnataka
2015-05-18,12.0,46.5,97.25,138.8,21.79,0,Kodagu,Karnataka
2015-05-19,2.79,27.500000000000004,87.8,140.61,12.71,0,Kodagu,Karnataka
2015-05-20,0.52,15.310000000000004,81.38,135.28,12.0,0,Kodagu,Karnataka
2015-05-21,0.12,3.4300000000000037,70.28999999999999,130.23999999999998,2.79,0,Kodagu,Karnataka
2015-05-22,0.82,1.4600000000000035,50.75,129.52,0.82,0,Kodagu,Karnataka
2015-05-23,1.54,2.4800000000000035,30.5,127.42,1.54,0,Kodagu,Karnataka
2015-05-24,3.58,5.940000000000003,21.37,125.73,3.58,0,Kodagu,Karnataka
2015-05-25,0.86,5.980000000000003,10.23,122.33,3.58,0,Kodagu,Karnataka
2015-05-26,0.46,4.900000000000003,7.9,107.94,3.58,0,Kodagu,Karnataka
2015-05-27,3.94,5.260000000000003,11.32,99.64,3.94,0,Kodagu,Karnataka
2015-05-28,2.3,6.700000000000003,13.5,95.0,3.94,0,Kodagu,Karnataka
2015-05-29,9.23,15.470000000000002,21.91,93.02000000000001,9.23,0,Kodagu,Karnataka
2015-05-30,6.49,18.020000000000003,26.86,79.15,9.23,0,Kodagu,Karnataka
2015-05-31,13.01,28.730000000000004,36.290000000000006,70.37,13.01,0,Kodagu,Karnataka
2015-06-01,2.73,22.23,38.160000000000004,60.39,13.01,1,Kodagu,Karnataka
2015-06-02,2.2,17.94,39.900000000000006,50.59,13.01,1,Kodagu,Karnataka
2015-06-03,7.03,11.960000000000003,42.99000000000001,54.83,7.03,1,Kodagu,Karnataka
2015-06-04,40.98,50.21,81.66999999999999,95.28999999999999,40.98,1,Kodagu,Karnataka
2015-06-05,6.96,54.97,79.39999999999999,102.13,40.98,1,Kodagu,Karnataka
2015-06-06,2.45,50.39,75.36,103.76,40.98,1,Kodagu,Karnataka
2015-06-07,6.13,15.540000000000006,68.47999999999999,108.35,6.96,1,Kodagu,Karnataka
2015-06-08,13.1,21.680000000000007,78.85,117.87,13.1,1,Kodagu,Karnataka
2015-06-09,7.71,26.94000000000001,84.36,124.72,13.1,1,Kodagu,Karnataka
2015-06-10,9.91,30.72000000000001,87.24,134.17000000000002,13.1,1,Kodagu,Karnataka
2015-06-11,14.06,31.680000000000007,60.31999999999999,144.29000000000002,14.06,1,Kodagu,Karnataka
2015-06-12,9.47,33.44000000000001,62.83,151.46,14.06,1,Kodagu,Karnataka
2015-06-13,16.93,40.46000000000001,77.30999999999999,159.16,16.93,1,Kodagu,Karnataka
2015-06-14,5.45,31.850000000000005,76.63,158.12,16.93,1,Kodagu,Karnataka
2015-06-15,23.24,45.620000000000005,86.77,168.35,23.24,1,Kodagu,Karnataka
2015-06-16,12.11,40.800000000000004,91.17,177.73,23.24,1,Kodagu,Karnataka
2015-06-17,31.55,66.9,112.80999999999999,207.07999999999998,31.55,1,Kodagu,Karnataka
2015-06-18,17.74,61.400000000000006,116.48999999999998,217.79,31.55,1,Kodagu,Karnataka
2015-06-19,26.59,75.88000000000001,133.60999999999999,203.4,31.55,1,Kodagu,Karnataka
2015-06-20,43.54,87.87,160.22,239.98,43.54,1,Kodagu,Karnataka
2015-06-21,60.65,130.78,215.41999999999996,298.18,60.65,1,Kodagu,Karnataka
2015-06-22,28.37,132.56,220.54999999999998,320.42,60.65,1,Kodagu,Karnataka
2015-06-23,75.77,164.79,284.21,383.09,75.77,1,Kodagu,Karnataka
2015-06-24,45.76,149.89999999999998,298.42,421.14,75.77,1,Kodagu,Karnataka
2015-06-25,91.08,212.61,371.76,502.30999999999995,91.08,1,Kodagu,Karnataka
2015-06-26,71.54,208.38000000000002,416.71000000000004,559.79,91.08,1,Kodagu,Karnataka
2015-06-27,7.68,170.3,380.85,558.0,91.08,1,Kodagu,Karnataka
2015-06-28,5.41,84.63000000000002,325.61,546.48,71.54,1,Kodagu,Karnataka
2015-06-29,11.36,24.450000000000014,308.6,552.39,11.36,1,Kodagu,Karnataka
2015-06-30,7.24,24.010000000000012,240.07000000000002,536.39,11.36,1,Kodagu,Karnataka
2015-07-01,6.2,24.800000000000015,200.51000000000002,530.48,11.36,1,Kodagu,Karnataka
2015-07-02,3.03,16.470000000000013,112.46000000000001,501.96,7.24,1,Kodagu,Karnataka
2015-07-03,6.18,15.410000000000014,47.1,490.4,6.2,1,Kodagu,Karnataka
2015-07-04,9.27,18.480000000000015,48.69,473.08,9.27,1,Kodagu,Karnataka
2015-07-05,14.04,29.490000000000013,57.32,443.58,14.04,1,Kodagu,Karnataka
2015-07-06,7.61,30.920000000000012,53.56999999999999,390.54,14.04,1,Kodagu,Karnataka
2015-07-07,7.14,28.790000000000013,53.47,369.31,14.04,1,Kodagu,Karnataka
2015-07-08,21.92,36.670000000000016,69.19,315.46000000000004,21.92,1,Kodagu,Karnataka
2015-07-09,34.73,63.79000000000001,100.88999999999999,304.43,34.73,1,Kodagu,Karnataka
2015-07-10,36.74,93.39000000000001,131.45,250.09,36.74,1,Kodagu,Karnataka
2015-07-11,21.63,93.10000000000001,143.81,200.18,36.74,1,Kodagu,Karnataka
2015-07-12,21.39,79.76000000000002,151.16,213.89000000000001,36.74,1,Kodagu,Karnataka
2015-07-13,1.91,44.930000000000014,145.45999999999998,210.39000000000001,21.63,1,Kodagu,Karnataka
2015-07-14,5.13,28.430000000000014,143.45,204.16,21.39,1,Kodagu,Karnataka
2015-07-15,16.8,23.840000000000014,138.32999999999998,213.71999999999997,16.8,1,Kodagu,Karnataka
2015-07-16,28.6,50.530000000000015,132.20000000000002,236.12,28.6,1,Kodagu,Karnataka
2015-07-17,58.22,103.62,153.68,291.31,58.22,1,Kodagu,Karnataka
2015-07-18,49.53,136.35000000000002,181.58,334.65999999999997,58.22,1,Kodagu,Karnataka
2015-07-19,42.95,150.70000000000002,203.14,368.34000000000003,58.22,1,Kodagu,Karnataka
2015-07-20,42.39,134.87000000000003,243.62,396.69,49.53,1,Kodagu,Karnataka
2015-07-21,19.79,105.13000000000002,258.28,408.87,42.95,1,Kodagu,Karnataka
2015-07-22,18.78,80.96000000000001,260.26,420.51,42.39,1,Kodagu,Karnataka
2015-07-23,27.03,65.60000000000002,258.69,425.62,27.03,1,Kodagu,Karnataka
2015-07-24,9.69,55.500000000000014,210.16,400.58000000000004,27.03,1,Kodagu,Karnataka
2015-07-25,18.45,55.170000000000016,179.07999999999998,382.29,27.03,1,Kodagu,Karnataka
2015-07-26,23.91,52.05000000000001,160.04000000000002,384.57,23.91,1,Kodagu,Karnataka
2015-07-27,23.6,65.96000000000002,141.25,386.78000000000003,23.91,1,Kodagu,Karnataka
2015-07-28,6.39,53.90000000000001,127.85000000000001,391.26,23.91,1,Kodagu,Karnataka
2015-07-29,3.5,33.490000000000016,112.57000000000001,389.63,23.6,1,Kodagu,Karnataka
2015-07-30,3.47,13.360000000000014,89.01,376.3,6.39,1,Kodagu,Karnataka
2015-07-31,6.68,13.650000000000013,86.0,354.38000000000005,6.68,1,Kodagu,Karnataka
2015-08-01,3.93,14.080000000000014,71.48,300.09,6.68,1,Kodagu,Karnataka
2015-08-02,4.02,14.630000000000013,51.59,254.57999999999998,6.68,1,Kodagu,Karnataka
2015-08-03,17.33,25.280000000000012,45.31999999999999,228.96,17.33,1,Kodagu,Karnataka
2015-08-04,17.23,38.58000000000001,56.16,203.79999999999998,17.33,1,Kodagu,Karnataka
2015-08-05,26.05,60.610000000000014,78.71,210.06,26.05,1,Kodagu,Karnataka
2015-08-06,28.02,71.30000000000001,103.25999999999999,219.3,28.02,1,Kodagu,Karnataka
2015-08-07,30.15,84.22000000000001,126.72999999999999,222.42,30.15,1,Kodagu,Karnataka
2015-08-08,13.98,72.15000000000002,136.78,226.71,30.15,1,Kodagu,Karnataka
2015-08-09,20.71,64.84000000000002,153.47,228.96999999999997,30.15,1,Kodagu,Karnataka
2015-08-10,27.35,62.04000000000002,163.49,232.41,27.35,1,Kodagu,Karnataka
2015-08-11,19.19,67.25000000000001,165.45,228.0,27.35,1,Kodagu,Karnataka
2015-08-12,24.73,71.27000000000002,164.13,246.34,27.35,1,Kodagu,Karnataka
2015-08-13,31.32,75.24000000000001,167.43,274.16,31.32,1,Kodagu,Karnataka
2015-08-14,12.9,68.95000000000002,150.18,283.59,31.32,1,Kodagu,Karnataka
2015-08-15,9.37,53.59000000000001,145.57,286.28,31.32,1,Kodagu,Karnataka
2015-08-16,7.34,29.610000000000014,132.20000000000002,289.69000000000005,12.9,1,Kodagu,Karnataka
2015-08-17,5.07,21.780000000000015,109.92,290.74,9.37,1,Kodagu,Karnataka
2015-08-18,9.9,22.310000000000016,100.63,283.31,9.9,1,Kodagu,Karnataka
2015-08-19,12.2,27.170000000000016,88.1,278.28,12.2,1,Kodagu,Karnataka
2015-08-20,13.88,35.98000000000002,70.66,266.11,13.88,1,Kodagu,Karnataka
2015-08-21,24.05,50.13000000000002,81.81,262.14,24.05,1,Kodagu,Karnataka
2015-08-22,13.03,50.960000000000015,85.47,245.02,24.05,1,Kodagu,Karnataka
2015-08-23,12.64,49.72000000000001,90.77000000000001,243.68,24.05,1,Kodagu,Karnataka
2015-08-24,8.22,33.890000000000015,93.92,231.19000000000003,13.03,1,Kodagu,Karnataka
2015-08-25,4.49,25.350000000000016,88.51,208.32999999999998,12.64,1,Kodagu,Karnataka
2015-08-26,5.79,18.500000000000014,82.10000000000001,194.93,8.22,1,Kodagu,Karnataka
2015-08-27,7.58,17.860000000000014,75.8,177.78,7.58,1,Kodagu,Karnataka
2015-08-28,2.34,15.710000000000015,54.089999999999996,148.79999999999998,7.58,1,Kodagu,Karnataka
2015-08-29,2.08,12.000000000000014,43.14,137.98000000000002,7.58,1,Kodagu,Karnataka
2015-08-30,1.49,5.910000000000014,31.990000000000002,130.1,2.34,1,Kodagu,Karnataka
2015-08-31,13.74,17.310000000000016,37.51,136.5,13.74,1,Kodagu,Karnataka
2015-09-01,7.79,23.020000000000014,40.809999999999995,139.22,13.74,1,Kodagu,Karnataka
2015-09-02,1.47,23.000000000000018,36.49,130.79,13.74,1,Kodagu,Karnataka
2015-09-03,0.65,9.910000000000014,29.56,119.24,7.79,1,Kodagu,Karnataka
2015-09-04,3.08,5.200000000000014,30.3,108.44,3.08,1,Kodagu,Karnataka
2015-09-05,10.41,14.140000000000015,38.629999999999995,94.8,10.41,1,Kodagu,Karnataka
2015-09-06,8.62,22.110000000000014,45.76,90.39,10.41,1,Kodagu,Karnataka
2015-09-07,38.51,57.54000000000001,70.53,116.26,38.51,1,Kodagu,Karnataka
2015-09-08,12.53,59.66000000000001,75.27,120.57,38.51,1,Kodagu,Karnataka
2015-09-09,3.45,54.49000000000001,77.25,119.53,38.51,1,Kodagu,Karnataka
2015-09-10,9.17,25.150000000000013,85.77,122.91,12.53,1,Kodagu,Karnataka
2015-09-11,2.75,15.370000000000013,85.44,118.07999999999998,9.17,1,Kodagu,Karnataka
2015-09-12,2.38,14.300000000000011,77.41,118.12,9.17,1,Kodagu,Karnataka
2015-09-13,2.1,7.230000000000015,70.89,118.14,2.75,1,Kodagu,Karnataka
2015-09-14,10.75,15.230000000000015,43.129999999999995,127.39999999999999,10.75,1,Kodagu,Karnataka
2015-09-15,12.89,25.740000000000016,43.489999999999995,126.55,12.89,1,Kodagu,Karnataka
2015-09-16,15.44,39.08000000000001,55.480000000000004,134.2,15.44,1,Kodagu,Karnataka
2015-09-17,3.32,31.650000000000013,49.63,136.04999999999998,15.44,1,Kodagu,Karnataka
2015-09-18,4.31,23.070000000000014,51.19,139.70999999999998,15.44,1,Kodagu,Karnataka
2015-09-19,5.35,12.980000000000013,54.16,141.98000000000002,5.35,1,Kodagu,Karnataka
2015-09-20,6.53,16.190000000000012,58.59,138.1,6.53,1,Kodagu,Karnataka
2015-09-21,0.52,12.400000000000015,48.36,130.0,6.53,1,Kodagu,Karnataka
2015-09-22,0.07,7.120000000000014,35.54,91.56,6.53,1,Kodagu,Karnataka
2015-09-23,5.17,5.760000000000014,25.269999999999996,84.2,5.17,1,Kodagu,Karnataka
2015-09-24,21.18,26.420000000000016,43.129999999999995,101.92999999999999,21.18,1,Kodagu,Karnataka
2015-09-25,5.24,31.590000000000018,44.059999999999995,97.99999999999999,21.18,1,Kodagu,Karnataka
2015-09-26,1.41,27.830000000000013,40.12,96.66000000000001,21.18,1,Kodagu,Karnataka
2015-09-27,16.57,23.220000000000013,50.16,110.85,16.57,1,Kodagu,Karnataka
2015-09-28,11.47,29.45000000000001,61.11,120.22,16.57,1,Kodagu,Karnataka
2015-09-29,9.05,37.09000000000002,70.09,118.52,16.57,1,Kodagu,Karnataka
2015-09-30,25.38,45.90000000000001,90.3,131.01,25.38,1,Kodagu,Karnataka
2015-10-01,6.37,40.80000000000001,75.49000000000001,121.94,25.38,0,Kodagu,Karnataka
2015-10-02,3.52,35.27000000000001,73.77,122.13999999999999,25.38,0,Kodagu,Karnataka
2015-10-03,3.86,13.750000000000014,76.22,121.69,6.37,0,Kodagu,Karnataka
2015-10-04,10.21,17.590000000000014,69.86000000000001,126.55,10.21,0,Kodagu,Karnataka
2015-10-05,31.76,45.83000000000001,90.15,151.78,31.76,0,Kodagu,Karnataka
2015-10-06,9.65,51.62000000000002,90.75,160.91,31.76,0,Kodagu,Karnataka
2015-10-07,8.7,50.110000000000014,74.07000000000001,169.54,31.76,0,Kodagu,Karnataka
2015-10-08,15.62,33.97000000000001,83.32000000000001,179.99,15.62,0,Kodagu,Karnataka
2015-10-09,4.5,28.820000000000014,84.30000000000001,163.31,15.62,0,Kodagu,Karnataka
2015-10-10,3.3,23.420000000000012,83.74,161.36999999999998,15.62,0,Kodagu,Karnataka
2015-10-11,1.7,9.500000000000014,75.23,161.66,4.5,0,Kodagu,Karnataka
2015-10-12,2.32,7.320000000000014,45.78999999999999,147.41,3.3,0,Kodagu,Karnataka
2015-10-13,5.05,9.070000000000014,41.19,140.99,5.05,0,Kodagu,Karnataka
2015-10-14,0.43,7.800000000000013,32.92,132.36999999999998,5.05,0,Kodagu,Karnataka
2015-10-15,0.23,5.710000000000014,17.529999999999998,107.22,5.05,0,Kodagu,Karnataka
2015-10-16,0.27,0.9300000000000143,13.299999999999999,101.12,0.43,0,Kodagu,Karnataka
2015-10-17,0.57,1.070000000000014,10.57,98.17,0.57,0,Kodagu,Karnataka
2015-10-18,0.99,1.8300000000000143,9.86,95.30000000000001,0.99,0,Kodagu,Karnataka
2015-10-19,1.29,2.8500000000000143,8.83,86.38,1.29,0,Kodagu,Karnataka
2015-10-20,1.53,3.8100000000000147,5.3100000000000005,56.14999999999999,1.53,0,Kodagu,Karnataka
2015-10-21,6.37,9.190000000000015,11.25,52.87,6.37,0,Kodagu,Karnataka
2015-10-22,2.62,10.520000000000014,13.64,46.79,6.37,0,Kodagu,Karnataka
2015-10-23,0.44,9.430000000000016,13.81,31.61,6.37,0,Kodagu,Karnataka
2015-10-24,0.02,3.0800000000000143,13.26,27.13,2.62,0,Kodagu,Karnataka
2015-10-25,0.07,0.5300000000000142,12.34,23.9,0.44,0,Kodagu,Karnataka
2015-10-26,0.06,0.15000000000001423,11.110000000000001,22.259999999999998,0.07,0,Kodagu,Karnataka
2015-10-27,1.69,1.8200000000000143,11.27,21.63,1.69,0,Kodagu,Karnataka
2015-10-28,5.92,7.670000000000014,10.82,22.5,5.92,0,Kodagu,Karnataka
2015-10-29,11.87,19.480000000000015,20.07,33.94,11.87,0,Kodagu,Karnataka
2015-10-30,1.28,19.07000000000001,20.91,34.99,11.87,0,Kodagu,Karnataka
2015-10-31,1.32,14.470000000000013,22.209999999999997,36.04,11.87,0,Kodagu,Karnataka
2015-11-01,17.2,19.80000000000001,39.34,52.67,17.2,0,Kodagu,Karnataka
2015-11-02,17.04,35.56000000000001,56.31999999999999,68.72,17.2,0,Kodagu,Karnataka
2015-11-03,6.94,41.18000000000001,61.57,74.36999999999999,17.2,0,Kodagu,Karnataka
2015-11-04,2.7,26.68000000000001,58.349999999999994,75.53999999999999,17.04,0,Kodagu,Karnataka
2015-11-05,9.01,18.650000000000013,55.49,78.18,9.01,0,Kodagu,Karnataka
2015-11-06,1.98,13.69000000000001,56.19,77.54,9.01,0,Kodagu,Karnataka
2015-11-07,2.09,13.08000000000001,56.96,79.19,9.01,0,Kodagu,Karnataka
2015-11-08,1.75,5.820000000000011,41.510000000000005,80.91999999999999,2.09,0,Kodagu,Karnataka
2015-11-09,2.92,6.7600000000000104,27.39,83.77,2.92,0,Kodagu,Karnataka
2015-11-10,5.82,10.49000000000001,26.27,89.53,5.82,0,Kodagu,Karnataka
2015-11-11,5.96,14.70000000000001,29.53,93.8,5.96,0,Kodagu,Karnataka
2015-11-12,7.42,19.20000000000001,27.94,95.3,7.42,0,Kodagu,Karnataka
2015-11-13,4.04,17.42000000000001,30.0,87.47000000000001,7.42,0,Kodagu,Karnataka
2015-11-14,0.02,11.48000000000001,27.930000000000003,86.21000000000001,7.42,0,Kodagu,Karnataka
2015-11-15,1.32,5.3800000000000106,27.500000000000004,86.21,4.04,0,Kodagu,Karnataka
2015-11-16,1.27,2.610000000000011,25.85,70.28,1.32,0,Kodagu,Karnataka
2015-11-17,0.15,2.740000000000011,20.18,53.39000000000001,1.32,0,Kodagu,Karnataka
2015-11-18,1.42,2.8400000000000105,15.639999999999999,47.87,1.42,0,Kodagu,Karnataka
2015-11-19,2.56,4.1300000000000106,10.78,47.730000000000004,2.56,0,Kodagu,Karnataka
2015-11-20,3.36,7.3400000000000105,10.1,42.08,3.36,0,Kodagu,Karnataka
2015-11-21,2.06,7.980000000000011,12.14,42.160000000000004,3.36,0,Kodagu,Karnataka
2015-11-22,1.84,7.2600000000000104,12.66,41.91,3.36,0,Kodagu,Karnataka
2015-11-23,1.9,5.8000000000000105,13.290000000000001,42.059999999999995,2.06,0,Kodagu,Karnataka
2015-11-24,4.72,8.46000000000001,17.86,43.86000000000001,4.72,0,Kodagu,Karnataka
2015-11-25,1.07,7.690000000000011,17.509999999999998,39.11000000000001,4.72,0,Kodagu,Karnataka
2015-11-26,0.07,5.86000000000001,15.02,33.220000000000006,4.72,0,Kodagu,Karnataka
2015-11-27,0.0,1.1400000000000108,11.66,25.8,1.07,0,Kodagu,Karnataka
2015-11-28,0.04,0.11000000000001067,9.64,21.799999999999997,0.07,0,Kodagu,Karnataka
2015-11-29,0.74,0.7800000000000107,8.540000000000001,22.52,0.74,0,Kodagu,Karnataka
2015-11-30,0.52,1.3000000000000107,7.16,21.72,0.74,0,Kodagu,Karnataka
2015-12-01,0.53,1.7900000000000107,2.97,20.98,0.74,0,Kodagu,Karnataka
2015-12-02,2.01,3.0600000000000103,3.91,22.84,2.01,0,Kodagu,Karnataka
2015-12-03,0.39,2.9300000000000104,4.23,21.81,2.01,0,Kodagu,Karnataka
2015-12-04,0.01,2.41000000000001,4.24,19.26,2.01,0,Kodagu,Karnataka
2015-12-05,0.84,1.2400000000000102,5.04,16.740000000000002,0.84,0,Kodagu,Karnataka
2015-12-06,0.6,1.4500000000000102,4.9,15.28,0.84,0,Kodagu,Karnataka
2015-12-07,0.45,1.8900000000000101,4.83,13.89,0.84,0,Kodagu,Karnataka
2015-12-08,0.27,1.32000000000001,4.57,12.26,0.6,0,Kodagu,Karnataka
2015-12-09,0.22,0.9400000000000103,2.7800000000000002,7.76,0.45,0,Kodagu,Karnataka
2015-12-10,0.19,0.6800000000000103,2.5800000000000005,6.88,0.27,0,Kodagu,Karnataka
2015-12-11,0.7,1.11000000000001,3.2700000000000005,7.51,0.7,0,Kodagu,Karnataka
2015-12-12,0.59,1.4800000000000102,3.0200000000000005,8.1,0.7,0,Kodagu,Karnataka
2015-12-13,1.27,2.5600000000000103,3.6900000000000004,9.329999999999998,1.27,0,Kodagu,Karnataka
2015-12-14,0.89,2.75000000000001,4.13,9.479999999999999,1.27,0,Kodagu,Karnataka
2015-12-15,2.19,4.35000000000001,6.050000000000001,11.149999999999999,2.19,0,Kodagu,Karnataka
2015-12-16,1.23,4.31000000000001,7.0600000000000005,11.85,2.19,0,Kodagu,Karnataka
2015-12-17,0.13,3.55000000000001,7.0,9.97,2.19,0,Kodagu,Karnataka
2015-12-18,0.0,1.36000000000001,6.300000000000001,9.58,1.23,0,Kodagu,Karnataka
2015-12-19,0.01,0.14000000000001023,5.72,9.58,0.13,0,Kodagu,Karnataka
2015-12-20,0.0,0.010000000000010214,4.45,8.74,0.01,0,Kodagu,Karnataka
2015-12-21,0.03,0.040000000000010215,3.5900000000000003,8.17,0.03,0,Kodagu,Karnataka
2015-12-22,0.01,0.040000000000010215,1.4100000000000004,7.73,0.03,0,Kodagu,Karnataka
2015-12-23,0.0,0.040000000000010215,0.18000000000000044,7.46,0.03,0,Kodagu,Karnataka
2015-12-24,0.0,0.010000000000010214,0.05000000000000045,7.24,0.01,0,Kodagu,Karnataka
2015-12-25,0.0,0.0,0.05000000000000045,7.05,0.0,0,Kodagu,Karnataka
2015-12-26,0.0,0.0,0.040000000000000445,6.35,0.0,0,Kodagu,Karnataka
2015-12-27,0.0,0.0,0.040000000000000445,5.76,0.0,0,Kodagu,Karnataka
2015-12-28,0.0,0.0,0.010000000000000444,4.49,0.0,0,Kodagu,Karnataka
2015-12-29,0.0,0.0,0.0,3.6,0.0,0,Kodagu,Karnataka
2015-12-30,0.0,0.0,0.0,1.41,0.0,0,Kodagu,Karnataka
2015-12-31,0.0,0.0,0.0,0.18,0.0,0,Kodagu,Karnataka
2016-01-01,0.0,0.0,0.0,0.05,0.0,0,Kodagu,Karnataka
2016-01-02,0.0,0.0,0.0,0.05,0.0,0,Kodagu,Karnataka
2016-01-03,0.0,0.0,0.0,0.04,0.0,0,Kodagu,Karnataka
2016-01-04,0.0,0.0,0.0,0.04,0.0,0,Kodagu,Karnataka
2016-01-05,0.0,0.0,0.0,0.01,0.0,0,Kodagu,Karnataka
2016-01-06,0.0,0.0,0.0,0.0,0.0,0,Kodagu,Karnataka
2016-01-07,0.0,0.0,0.0,0.0,0.0,0,Kodagu,Karnataka
2016-01-08,0.01,0.010000000000010214,0.010000000000000444,0.01,0.01,0,Kodagu,Karnataka
2016-01-09,0.0,0.010000000000010214,0.010000000000000444,0.01,0.01,0,Kodagu,Karnataka
2016-01-10,0.0,0.010000000000010214,0.010000000000000444,0.01,0.01,0,Kodagu,Karnataka
2016-01-11,0.0,0.0,0.010000000000000444,0.01,0.0,0,Kodagu,Karnataka
2016-01-12,0.0,0.0,0.010000000000000444,0.01,0.0,0,Kodagu,Karnataka
2016-01-13,0.0,0.0,0.010000000000000444,0.01,0.0,0,Kodagu,Karnataka
2016-01-14,0.0,0.0,0.010000000000000444,0.01,0.0,0,Kodagu,Karnataka
2016-01-15,0.02,0.020000000000010214,0.020000000000000445,0.03,0.02,0,Kodagu,Karnataka
2016-01-16,0.03,0.05000000000001022,0.05000000000000045,0.06,0.03,0,Kodagu,Karnataka
2016-01-17,0.01,0.06000000000001021,0.06000000000000044,0.07,0.03,0,Kodagu,Karnataka
2016-01-18,0.25,0.2900000000000102,0.31000000000000044,0.32,0.25,0,Kodagu,Karnataka
2016-01-19,0.2,0.46000000000001023,0.5100000000000005,0.52,0.25,0,Kodagu,Karnataka
2016-01-20,0.04,0.4900000000000102,0.5500000000000005,0.56,0.25,0,Kodagu,Karnataka
2016-01-21,0.19,0.43000000000001026,0.7400000000000004,0.75,0.2,0,Kodagu,Karnataka
2016-01-22,0.09,0.3200000000000102,0.8100000000000005,0.8400000000000001,0.19,0,Kodagu,Karnataka
2016-01-23,0.03,0.31000000000001027,0.8100000000000004,0.86,0.19,0,Kodagu,Karnataka
2016-01-24,0.01,0.13000000000001022,0.8100000000000004,0.87,0.09,0,Kodagu,Karnataka
2016-01-25,0.01,0.05000000000001022,0.5700000000000005,0.88,0.03,0,Kodagu,Karnataka
2016-01-26,0.0,0.020000000000010214,0.37000000000000044,0.88,0.01,0,Kodagu,Karnataka
2016-01-27,0.0,0.010000000000010214,0.33000000000000046,0.88,0.01,0,Kodagu,Karnataka
2016-01-28,0.0,0.0,0.14000000000000043,0.88,0.0,0,Kodagu,Karnataka
2016-01-29,0.0,0.0,0.05000000000000045,0.88,0.0,0,Kodagu,Karnataka
2016-01-30,0.0,0.0,0.020000000000000445,0.86,0.0,0,Kodagu,Karnataka
2016-01-31,0.0,0.0,0.010000000000000444,0.8300000000000001,0.0,0,Kodagu,Karnataka
2016-02-01,0.0,0.0,0.0,0.8200000000000001,0.0,0,Kodagu,Karnataka
2016-02-02,0.0,0.0,0.0,0.5700000000000001,0.0,0,Kodagu,Karnataka
2016-02-03,0.0,0.0,0.0,0.37,0.0,0,Kodagu,Karnataka
2016-02-04,0.05,0.05000000000001022,0.05000000000000045,0.38,0.05,0,Kodagu,Karnataka
2016-02-05,0.06,0.11000000000001021,0.11000000000000044,0.25,0.06,0,Kodagu,Karnataka
2016-02-06,0.0,0.11000000000001021,0.11000000000000044,0.16,0.06,0,Kodagu,Karnataka
2016-02-07,0.0,0.06000000000001021,0.11000000000000044,0.13,0.06,0,Kodagu,Karnataka
2016-02-08,0.0,0.0,0.11000000000000044,0.12000000000000001,0.0,0,Kodagu,Karnataka
2016-02-09,0.03,0.030000000000010213,0.14000000000000046,0.14,0.03,0,Kodagu,Karnataka
2016-02-10,0.02,0.05000000000001022,0.16000000000000045,0.16,0.03,0,Kodagu,Karnataka
2016-02-11,0.02,0.07000000000001022,0.13000000000000045,0.18,0.03,0,Kodagu,Karnataka
2016-02-12,0.0,0.040000000000010215,0.07000000000000045,0.18,0.02,0,Kodagu,Karnataka
2016-02-13,0.07,0.09000000000001022,0.14000000000000046,0.25,0.07,0,Kodagu,Karnataka
2016-02-14,0.01,0.08000000000001022,0.15000000000000047,0.26,0.07,0,Kodagu,Karnataka
2016-02-15,0.01,0.09000000000001022,0.16000000000000045,0.27,0.07,0,Kodagu,Karnataka
2016-02-16,0.0,0.020000000000010214,0.13000000000000045,0.27,0.01,0,Kodagu,Karnataka
2016-02-17,0.0,0.010000000000010214,0.11000000000000046,0.27,0.01,0,Kodagu,Karnataka
2016-02-18,0.0,0.0,0.09000000000000047,0.27,0.0,0,Kodagu,Karnataka
2016-02-19,0.01,0.010000000000010214,0.10000000000000046,0.23,0.01,0,Kodagu,Karnataka
2016-02-20,0.0,0.010000000000010214,0.030000000000000457,0.16999999999999998,0.01,0,Kodagu,Karnataka
2016-02-21,0.0,0.010000000000010214,0.020000000000000455,0.16999999999999998,0.01,0,Kodagu,Karnataka
2016-02-22,0.0,0.0,0.010000000000000458,0.16999999999999998,0.0,0,Kodagu,Karnataka
2016-02-23,0.03,0.030000000000010213,0.04000000000000046,0.19999999999999998,0.03,0,Kodagu,Karnataka
2016-02-24,0.1,0.13000000000001022,0.14000000000000046,0.27,0.1,0,Kodagu,Karnataka
2016-02-25,0.13,0.2600000000000102,0.27000000000000046,0.38,0.13,0,Kodagu,Karnataka
2016-02-26,0.02,0.2500000000000102,0.28000000000000047,0.38,0.13,0,Kodagu,Karnataka
2016-02-27,0.01,0.16000000000001022,0.2900000000000005,0.39,0.13,0,Kodagu,Karnataka
2016-02-28,0.01,0.040000000000010215,0.30000000000000043,0.33,0.02,0,Kodagu,Karnataka
2016-02-29,0.01,0.03,0.31000000000000044,0.33,0.01,0,Kodagu,Karnataka
2016-03-01,0.06,0.0800000000000102,0.34000000000000047,0.38,0.06,0,Kodagu,Karnataka
2016-03-02,0.09,0.1600000000000102,0.33000000000000046,0.47,0.09,0,Kodagu,Karnataka
2016-03-03,0.18,0.3300000000000102,0.38000000000000045,0.6499999999999999,0.18,0,Kodagu,Karnataka
2016-03-04,0.14,0.4100000000000102,0.5000000000000004,0.79,0.18,0,Kodagu,Karnataka
2016-03-05,0.13,0.45000000000001017,0.6200000000000004,0.9099999999999999,0.18,0,Kodagu,Karnataka
2016-03-06,0.98,1.2500000000000102,1.5900000000000003,1.89,0.98,0,Kodagu,Karnataka
2016-03-07,0.86,1.97000000000001,2.4400000000000004,2.75,0.98,0,Kodagu,Karnataka
2016-03-08,0.0,1.84000000000001,2.3800000000000003,2.75,0.98,0,Kodagu,Karnataka
2016-03-09,0.01,0.8700000000000102,2.3000000000000003,2.73,0.86,0,Kodagu,Karnataka
2016-03-10,0.02,0.030000000000010213,2.14,2.65,0.02,0,Kodagu,Karnataka
2016-03-11,0.02,0.05000000000001022,2.02,2.54,0.02,0,Kodagu,Karnataka
2016-03-12,0.18,0.22000000000001022,2.0700000000000003,2.7,0.18,0,Kodagu,Karnataka
2016-03-13,0.29,0.4900000000000102,1.3800000000000003,2.98,0.29,0,Kodagu,Karnataka
2016-03-14,0.13,0.6000000000000102,0.6500000000000004,3.1,0.29,0,Kodagu,Karnataka
2016-03-15,0.53,0.9500000000000102,1.1800000000000004,3.62,0.53,0,Kodagu,Karnataka
2016-03-16,0.02,0.6800000000000102,1.1900000000000004,3.5799999999999996,0.53,0,Kodagu,Karnataka
2016-03-17,0.03,0.5800000000000103,1.2000000000000004,3.52,0.53,0,Kodagu,Karnataka
2016-03-18,0.0,0.05000000000001022,1.1800000000000004,3.34,0.03,0,Kodagu,Karnataka
2016-03-19,0.0,0.030000000000010213,1.0000000000000004,3.2,0.03,0,Kodagu,Karnataka
2016-03-20,0.0,0.0,0.7100000000000004,3.07,0.0,0,Kodagu,Karnataka
2016-03-21,0.0,0.0,0.5800000000000005,2.09,0.0,0,Kodagu,Karnataka
2016-03-22,0.01,0.010000000000010214,0.06000000000000044,1.24,0.01,0,Kodagu,Karnataka
2016-03-23,0.02,0.030000000000010213,0.06000000000000044,1.2600000000000002,0.02,0,Kodagu,Karnataka
2016-03-24,0.01,0.040000000000010215,0.040000000000000445,1.2600000000000002,0.02,0,Kodagu,Karnataka
2016-03-25,0.0,0.030000000000010213,0.040000000000000445,1.2400000000000002,0.02,0,Kodagu,Karnataka
2016-03-26,0.0,0.010000000000010218,0.040000000000000445,1.2200000000000002,0.01,0,Kodagu,Karnataka
2016-03-27,0.0,0.0,0.040000000000000445,1.04,0.0,0,Kodagu,Karnataka
2016-03-28,0.02,0.020000000000010218,0.06000000000000045,0.7700000000000001,0.02,0,Kodagu,Karnataka
2016-03-29,0.04,0.06000000000001022,0.09000000000000044,0.6800000000000002,0.04,0,Kodagu,Karnataka
2016-03-30,0.1,0.16000000000001022,0.17000000000000046,0.2500000000000001,0.1,0,Kodagu,Karnataka
2016-03-31,0.14,0.28000000000001024,0.3000000000000005,0.3700000000000001,0.14,0,Kodagu,Karnataka
2016-04-01,0.13,0.3700000000000102,0.4300000000000005,0.4700000000000001,0.14,0,Kodagu,Karnataka
2016-04-02,0.13,0.40000000000001024,0.5600000000000005,0.6000000000000001,0.14,0,Kodagu,Karnataka
2016-04-03,0.09,0.35000000000001025,0.6500000000000005,0.6900000000000002,0.13,0,Kodagu,Karnataka
2016-04-04,0.32,0.5400000000000102,0.9500000000000004,1.0100000000000002,0.32,0,Kodagu,Karnataka
2016-04-05,1.78,2.19000000000001,2.6900000000000004,2.79,1.78,0,Kodagu,Karnataka
2016-04-06,1.21,3.3100000000000103,3.8000000000000003,3.99,1.78,0,Kodagu,Karnataka
2016-04-07,0.38,3.3700000000000103,4.040000000000001,4.3500000000000005,1.78,0,Kodagu,Karnataka
2016-04-08,0.39,1.9800000000000104,4.300000000000001,4.73,1.21,0,Kodagu,Karnataka
2016-04-09,1.34,2.1100000000000105,5.510000000000001,6.07,1.34,0,Kodagu,Karnataka
2016-04-10,1.67,3.4000000000000106,7.090000000000001,7.74,1.67,0,Kodagu,Karnataka
2016-04-11,0.43,3.4400000000000106,7.2,8.17,1.67,0,Kodagu,Karnataka
2016-04-12,0.29,2.3900000000000103,5.71,8.440000000000001,1.67,0,Kodagu,Karnataka
2016-04-13,0.29,1.0100000000000104,4.79,8.69,0.43,0,Kodagu,Karnataka
2016-04-14,0.01,0.5900000000000104,4.42,8.6,0.29,0,Kodagu,Karnataka
2016-04-15,0.05,0.3500000000000104,4.08,8.51,0.29,0,Kodagu,Karnataka
2016-04-16,0.22,0.28000000000001046,2.9600000000000004,8.600000000000001,0.22,0,Kodagu,Karnataka
2016-04-17,0.16,0.43000000000001043,1.4500000000000004,8.629999999999999,0.22,0,Kodagu,Karnataka
2016-04-18,0.08,0.46000000000001046,1.1000000000000005,8.62,0.22,0,Kodagu,Karnataka
2016-04-19,0.08,0.32000000000001044,0.8900000000000005,8.379999999999999,0.16,0,Kodagu,Karnataka
2016-04-20,0.1,0.26000000000001044,0.7000000000000005,6.7,0.1,0,Kodagu,Karnataka
2016-04-21,0.29,0.4700000000000104,0.9800000000000004,5.78,0.29,0,Kodagu,Karnataka
2016-04-22,0.17,0.5600000000000105,1.1000000000000005,5.569999999999999,0.29,0,Kodagu,Karnataka
2016-04-23,0.03,0.4900000000000104,0.9100000000000005,5.21,0.29,0,Kodagu,Karnataka
2016-04-24,0.02,0.22000000000001044,0.7700000000000005,3.89,0.17,0,Kodagu,Karnataka
2016-04-25,0.74,0.7900000000000105,1.4300000000000006,2.96,0.74,0,Kodagu,Karnataka
2016-04-26,0.78,1.5400000000000105,2.1300000000000003,3.31,0.78,0,Kodagu,Karnataka
2016-04-27,0.12,1.6400000000000103,2.1500000000000004,3.14,0.78,0,Kodagu,Karnataka
2016-04-28,0.04,0.9400000000000105,1.9000000000000006,2.89,0.78,0,Kodagu,Karnataka
2016-04-29,0.04,0.20000000000001045,1.7700000000000005,2.9200000000000004,0.12,0,Kodagu,Karnataka
2016-04-30,0.01,0.09000000000001043,1.7500000000000007,2.88,0.04,0,Kodagu,Karnataka
2016-05-01,0.01,0.060000000000010434,1.7400000000000007,2.6700000000000004,0.04,0,Kodagu,Karnataka
2016-05-02,0.38,0.40000000000001046,1.3800000000000003,2.89,0.38,0,Kodagu,Karnataka
2016-05-03,4.33,4.72000000000001,4.930000000000001,7.140000000000001,4.33,0,Kodagu,Karnataka
2016-05-04,3.37,8.08000000000001,8.18,10.43,4.33,0,Kodagu,Karnataka
2016-05-05,0.56,8.26000000000001,8.700000000000001,10.89,4.33,0,Kodagu,Karnataka
2016-05-06,5.25,9.18000000000001,13.91,15.85,5.25,0,Kodagu,Karnataka
2016-05-07,1.18,6.99000000000001,15.08,16.86,5.25,0,Kodagu,Karnataka
2016-05-08,1.04,7.47000000000001,16.11,17.869999999999997,5.25,0,Kodagu,Karnataka
2016-05-09,0.72,2.9400000000000106,16.45,18.57,1.18,0,Kodagu,Karnataka
2016-05-10,2.21,3.9700000000000104,14.330000000000002,20.04,2.21,0,Kodagu,Karnataka
2016-05-11,14.35,17.28000000000001,25.310000000000002,33.61,14.35,0,Kodagu,Karnataka
2016-05-12,9.82,26.38000000000001,34.57,43.31,14.35,0,Kodagu,Karnataka
2016-05-13,5.41,29.580000000000013,34.730000000000004,48.68000000000001,14.35,0,Kodagu,Karnataka
2016-05-14,6.03,21.260000000000012,39.580000000000005,54.67,9.82,0,Kodagu,Karnataka
2016-05-15,6.56,18.00000000000001,45.1,61.22,6.56,0,Kodagu,Karnataka
2016-05-16,4.01,16.60000000000001,48.39,65.22,6.56,0,Kodagu,Karnataka
2016-05-17,9.97,20.54000000000001,56.150000000000006,74.81,9.97,0,Kodagu,Karnataka
2016-05-18,1.55,15.530000000000012,43.35,72.03,9.97,0,Kodagu,Karnataka
2016-05-19,2.29,13.810000000000011,35.82,70.95,9.97,0,Kodagu,Karnataka
2016-05-20,3.3,7.14000000000001,33.71,73.69,3.3,0,Kodagu,Karnataka
2016-05-21,0.49,6.080000000000011,28.17,68.93,3.3,0,Kodagu,Karnataka
2016-05-22,0.23,4.02000000000001,21.84,67.97999999999999,3.3,0,Kodagu,Karnataka
2016-05-23,0.12,0.8400000000000106,17.95,67.06,0.49,0,Kodagu,Karnataka
2016-05-24,0.18,0.5300000000000107,8.16,66.52,0.23,0,Kodagu,Karnataka
2016-05-25,1.33,1.6300000000000108,7.9399999999999995,65.64,1.33,0,Kodagu,Karnataka
2016-05-26,1.08,2.5900000000000105,6.73,52.37,1.33,0,Kodagu,Karnataka
2016-05-27,2.3,4.710000000000011,5.73,44.85,2.3,0,Kodagu,Karnataka
2016-05-28,9.03,12.41000000000001,14.27,48.47,9.03,0,Kodagu,Karnataka
2016-05-29,6.96,18.29000000000001,21.0,49.4,9.03,0,Kodagu,Karnataka
2016-05-30,10.52,26.51000000000001,31.4,53.36,10.52,0,Kodagu,Karnataka
2016-05-31,14.88,32.360000000000014,46.1,64.23,14.88,0,Kodagu,Karnataka
2016-06-01,19.61,45.01000000000001,64.38,73.87,19.61,1,Kodagu,Karnataka
2016-06-02,12.66,47.150000000000006,75.96000000000001,84.98,19.61,1,Kodagu,Karnataka
2016-06-03,7.81,40.08000000000001,81.47000000000001,90.5,19.61,1,Kodagu,Karnataka
2016-06-04,10.88,31.350000000000016,83.32000000000001,98.08000000000001,12.66,1,Kodagu,Karnataka
2016-06-05,11.47,30.160000000000018,87.83,109.06,11.47,1,Kodagu,Karnataka
2016-06-06,2.74,25.090000000000018,80.05000000000001,111.57000000000001,11.47,1,Kodagu,Karnataka
2016-06-07,12.31,26.520000000000017,77.48,123.76,12.31,1,Kodagu,Karnataka
2016-06-08,21.22,36.27000000000002,79.09,144.8,21.22,1,Kodagu,Karnataka
2016-06-09,8.71,42.240000000000016,75.14000000000001,152.18,21.22,1,Kodagu,Karnataka
2016-06-10,9.44,39.37000000000002,76.77000000000001,160.54000000000002,21.22,1,Kodagu,Karnataka
2016-06-11,10.61,28.76000000000002,76.50000000000001,168.85,10.61,1,Kodagu,Karnataka
2016-06-12,4.25,24.30000000000002,69.28,164.07,10.61,1,Kodagu,Karnataka
2016-06-13,24.02,38.88000000000002,90.56,181.13,24.02,1,Kodagu,Karnataka
2016-06-14,8.09,36.360000000000014,86.34,178.70000000000002,24.02,1,Kodagu,Karnataka
2016-06-15,4.12,36.23000000000002,69.24,167.94000000000003,24.02,1,Kodagu,Karnataka
2016-06-16,14.68,26.89000000000002,75.21000000000001,163.01,14.68,1,Kodagu,Karnataka
2016-06-17,26.74,45.54000000000002,92.51,177.09,26.74,1,Kodagu,Karnataka
2016-06-18,41.34,82.76000000000002,123.24000000000001,210.62,41.34,1,Kodagu,Karnataka
2016-06-19,5.09,73.17000000000002,124.08000000000001,204.83,41.34,1,Kodagu,Karnataka
2016-06-20,21.42,67.85000000000002,121.48,214.78,41.34,1,Kodagu,Karnataka
2016-06-21,14.22,40.730000000000025,127.61000000000001,226.26,21.42,1,Kodagu,Karnataka
2016-06-22,28.98,64.62000000000003,152.47,242.93,28.98,1,Kodagu,Karnataka
2016-06-23,40.83,84.03000000000003,178.62,262.54,40.83,1,Kodagu,Karnataka
2016-06-24,20.53,90.34000000000003,172.41000000000003,274.36,40.83,1,Kodagu,Karnataka
2016-06-25,10.72,72.08000000000003,141.79,275.64,40.83,1,Kodagu,Karnataka
2016-06-26,15.83,47.08000000000003,152.53,280.85999999999996,20.53,1,Kodagu,Karnataka
2016-06-27,72.03,98.58000000000003,203.14,348.64,72.03,1,Kodagu,Karnataka
2016-06-28,58.87,146.73000000000002,247.79,383.49,72.03,1,Kodagu,Karnataka
2016-06-29,43.87,174.77,262.68,419.27000000000004,72.03,1,Kodagu,Karnataka
2016-06-30,20.52,123.26000000000002,242.37,435.67,58.87,1,Kodagu,Karnataka
2016-07-01,13.35,77.74000000000002,235.19,434.34000000000003,43.87,1,Kodagu,Karnataka
2016-07-02,13.12,46.99000000000002,237.59,420.72,20.52,1,Kodagu,Karnataka
2016-07-03,24.05,50.520000000000024,245.81,403.42999999999995,24.05,1,Kodagu,Karnataka
2016-07-04,35.59,72.76000000000002,209.36999999999998,433.93,35.59,1,Kodagu,Karnataka
2016-07-05,21.04,80.68000000000004,171.54000000000002,433.54999999999995,35.59,1,Kodagu,Karnataka
2016-07-06,32.86,89.49000000000004,160.53,452.19,35.59,1,Kodagu,Karnataka
2016-07-07,10.68,64.58000000000003,150.69,433.89,32.86,1,Kodagu,Karnataka
2016-07-08,14.74,58.28000000000003,152.07999999999998,407.8,32.86,1,Kodagu,Karnataka
2016-07-09,34.69,60.11000000000003,173.64999999999998,421.96,34.69,1,Kodagu,Karnataka
2016-07-10,38.31,87.74000000000004,187.91000000000003,449.55,38.31,1,Kodagu,Karnataka
2016-07-11,17.52,90.52000000000004,169.84,451.24,38.31,1,Kodagu,Karnataka
2016-07-12,17.48,73.31000000000003,166.28000000000003,396.69,38.31,1,Kodagu,Karnataka
2016-07-13,13.5,48.50000000000003,146.92000000000002,351.32,17.52,1,Kodagu,Karnataka
2016-07-14,7.81,38.79000000000003,144.04999999999998,315.26,17.48,1,Kodagu,Karnataka
2016-07-15,11.7,33.010000000000026,141.01000000000002,306.44,13.5,1,Kodagu,Karnataka
2016-07-16,13.21,32.72000000000003,119.53,306.29999999999995,13.21,1,Kodagu,Karnataka
2016-07-17,8.96,33.87000000000003,90.18,302.14,13.21,1,Kodagu,Karnataka
2016-07-18,14.31,36.48000000000003,86.97,292.40000000000003,14.31,1,Kodagu,Karnataka
2016-07-19,3.11,26.38000000000003,72.6,259.92,14.31,1,Kodagu,Karnataka
2016-07-20,16.17,33.59000000000003,75.27000000000001,255.05,16.17,1,Kodagu,Karnataka
2016-07-21,20.14,39.42000000000003,87.6,242.32999999999998,20.14,1,Kodagu,Karnataka
2016-07-22,21.59,57.900000000000034,97.49000000000001,253.24,21.59,1,Kodagu,Karnataka
2016-07-23,16.11,57.84000000000003,100.39,254.61,21.59,1,Kodagu,Karnataka
2016-07-24,9.06,46.760000000000026,100.49000000000001,228.98000000000002,21.59,1,Kodagu,Karnataka
2016-07-25,5.6,30.770000000000028,91.78,196.27,16.11,1,Kodagu,Karnataka
2016-07-26,4.15,18.81000000000003,92.82000000000001,182.9,9.06,1,Kodagu,Karnataka
2016-07-27,6.08,15.830000000000028,82.73,171.5,6.08,1,Kodagu,Karnataka
2016-07-28,29.65,39.880000000000024,92.24,187.65,29.65,1,Kodagu,Karnataka
2016-07-29,11.76,47.49000000000003,82.41,191.6,29.65,1,Kodagu,Karnataka
2016-07-30,17.25,58.660000000000025,83.55,197.15,29.65,1,Kodagu,Karnataka
2016-07-31,6.07,35.08000000000003,80.56,190.01,17.25,1,Kodagu,Karnataka
2016-08-01,4.53,27.850000000000033,79.49,185.57999999999998,17.25,1,Kodagu,Karnataka
2016-08-02,6.06,16.660000000000032,81.39999999999999,177.32999999999998,6.07,1,Kodagu,Karnataka
2016-08-03,6.59,17.18000000000003,81.91,180.81,6.59,1,Kodagu,Karnataka
2016-08-04,12.99,25.64000000000003,65.25,177.63,12.99,1,Kodagu,Karnataka
2016-08-05,26.95,46.53000000000003,80.44,184.44,26.95,1,Kodagu,Karnataka
2016-08-06,16.76,56.70000000000003,79.95,179.61,26.95,1,Kodagu,Karnataka
2016-08-07,16.08,59.790000000000035,89.96,179.57999999999998,26.95,1,Kodagu,Karnataka
2016-08-08,7.68,40.52000000000003,93.11,178.2,16.76,1,Kodagu,Karnataka
2016-08-09,4.14,27.90000000000003,91.19,176.73999999999998,16.08,1,Kodagu,Karnataka
2016-08-10,4.07,15.890000000000033,88.67,176.66,7.68,1,Kodagu,Karnataka
2016-08-11,10.6,18.81000000000003,86.28,181.18,10.6,1,Kodagu,Karnataka
2016-08-12,12.52,27.19000000000003,71.85,164.04999999999998,12.52,1,Kodagu,Karnataka
2016-08-13,13.54,36.660000000000025,68.63,165.83,13.54,1,Kodagu,Karnataka
2016-08-14,20.7,46.76000000000003,73.25,169.28,20.7,1,Kodagu,Karnataka
2016-08-15,21.73,55.970000000000034,87.3,184.93999999999997,21.73,1,Kodagu,Karnataka
2016-08-16,21.24,63.67000000000003,104.4,201.65,21.73,1,Kodagu,Karnataka
2016-08-17,28.08,71.05000000000003,128.41,223.67000000000002,28.08,1,Kodagu,Karnataka
2016-08-18,17.09,66.41000000000003,134.9,234.17,28.08,1,Kodagu,Karnataka
2016-08-19,6.38,51.55000000000003,128.76,227.56,28.08,1,Kodagu,Karnataka
2016-08-20,2.53,26.000000000000032,117.74999999999999,203.14,17.09,1,Kodagu,Karnataka
2016-08-21,3.27,12.180000000000032,100.32,189.64999999999998,6.38,1,Kodagu,Karnataka
2016-08-22,4.45,10.250000000000032,83.04,178.02,4.45,1,Kodagu,Karnataka
2016-08-23,10.05,17.77000000000003,71.85,180.39,10.05,1,Kodagu,Karnataka
2016-08-24,9.53,24.030000000000033,53.3,185.78,10.05,1,Kodagu,Karnataka
2016-08-25,8.54,28.120000000000033,44.74999999999999,190.24999999999997,10.05,1,Kodagu,Karnataka
2016-08-26,6.38,24.450000000000028,44.75,186.02999999999997,9.53,1,Kodagu,Karnataka
2016-08-27,4.41,19.33000000000003,46.629999999999995,177.92000000000002,8.54,1,Kodagu,Karnataka
2016-08-28,6.99,17.780000000000033,50.35,171.36999999999998,6.99,1,Kodagu,Karnataka
2016-08-29,7.81,19.210000000000033,53.71,158.48,7.81,1,Kodagu,Karnataka
2016-08-30,14.46,29.260000000000034,58.12,151.21,14.46,1,Kodagu,Karnataka
2016-08-31,9.18,31.45000000000003,57.77,139.15,14.46,1,Kodagu,Karnataka
2016-09-01,1.94,25.580000000000034,51.17,113.01,14.46,1,Kodagu,Karnataka
2016-09-02,5.94,17.06000000000003,50.730000000000004,101.86,9.18,1,Kodagu,Karnataka
2016-09-03,3.98,11.860000000000033,50.300000000000004,99.46,5.94,1,Kodagu,Karnataka
2016-09-04,1.17,11.090000000000034,44.480000000000004,98.1,5.94,1,Kodagu,Karnataka
2016-09-05,1.12,6.2700000000000315,37.79,95.95,3.98,1,Kodagu,Karnataka
2016-09-06,6.27,8.56000000000003,29.599999999999998,97.77,6.27,1,Kodagu,Karnataka
2016-09-07,3.44,10.83000000000003,23.860000000000003,91.16,6.27,1,Kodagu,Karnataka
2016-09-08,1.73,11.44000000000003,23.65,83.36,6.27,1,Kodagu,Karnataka
2016-09-09,0.43,5.600000000000031,18.14,75.25,3.44,1,Kodagu,Karnataka
2016-09-10,0.46,2.620000000000031,14.62,69.33,1.73,1,Kodagu,Karnataka
2016-09-11,1.14,2.030000000000031,14.589999999999998,66.06,1.14,1,Kodagu,Karnataka
2016-09-12,2.17,3.7700000000000307,15.639999999999999,61.24,2.17,1,Kodagu,Karnataka
2016-09-13,4.3,7.6100000000000305,13.67,57.73,4.3,1,Kodagu,Karnataka
2016-09-14,4.95,11.42000000000003,15.18,48.22,4.95,1,Kodagu,Karnataka
2016-09-15,6.32,15.570000000000032,19.77,45.36,6.32,1,Kodagu,Karnataka
2016-09-16,5.94,17.21000000000003,25.28,49.36,6.32,1,Kodagu,Karnataka
2016-09-17,2.42,14.680000000000032,27.240000000000002,45.84,6.32,1,Kodagu,Karnataka
2016-09-18,5.86,14.22000000000003,31.96,47.72,5.94,1,Kodagu,Karnataka
2016-09-19,3.8,12.08000000000003,33.59,50.349999999999994,5.86,1,Kodagu,Karnataka
2016-09-20,2.81,12.47000000000003,32.1,52.04,5.86,1,Kodagu,Karnataka
2016-09-21,13.01,19.62000000000003,40.160000000000004,58.78,13.01,1,Kodagu,Karnataka
2016-09-22,4.05,19.87000000000003,37.89,59.39,13.01,1,Kodagu,Karnataka
2016-09-23,11.51,28.570000000000032,43.46,69.17,13.01,1,Kodagu,Karnataka
2016-09-24,16.47,32.03000000000003,57.51,85.21,16.47,1,Kodagu,Karnataka
2016-09-25,5.77,33.75000000000003,57.42,90.52,16.47,1,Kodagu,Karnataka
2016-09-26,4.23,26.47000000000003,57.85,93.61,16.47,1,Kodagu,Karnataka
2016-09-27,2.86,12.860000000000031,57.9,94.3,5.77,1,Kodagu,Karnataka
2016-09-28,11.5,18.590000000000032,56.39,101.5,11.5,1,Kodagu,Karnataka
2016-09-29,5.43,19.79000000000003,57.769999999999996,101.97999999999999,11.5,1,Kodagu,Karnataka
2016-09-30,0.94,17.870000000000033,47.199999999999996,96.60000000000001,11.5,1,Kodagu,Karnataka
2016-10-01,0.37,6.740000000000031,31.099999999999998,91.02999999999999,5.43,0,Kodagu,Karnataka
2016-10-02,0.18,1.490000000000032,25.509999999999998,88.78999999999999,0.94,0,Kodagu,Karnataka
2016-10-03,0.02,0.5700000000000319,21.3,82.94999999999999,0.37,0,Kodagu,Karnataka
2016-10-04,0.03,0.23000000000003196,18.47,79.17999999999999,0.18,0,Kodagu,Karnataka
2016-10-05,0.09,0.140000000000032,7.06,76.46,0.09,0,Kodagu,Karnataka
2016-10-06,0.05,0.17000000000003196,1.68,63.5,0.09,0,Kodagu,Karnataka
2016-10-07,0.84,0.980000000000032,1.58,60.29,0.84,0,Kodagu,Karnataka
2016-10-08,1.67,2.560000000000032,2.88,50.449999999999996,1.67,0,Kodagu,Karnataka
2016-10-09,1.33,3.8400000000000323,4.03,35.31,1.67,0,Kodagu,Karnataka
2016-10-10,1.53,4.530000000000032,5.54,31.07,1.67,0,Kodagu,Karnataka
2016-10-11,5.24,8.100000000000033,10.75,32.08,5.24,0,Kodagu,Karnataka
2016-10-12,2.03,8.800000000000033,12.690000000000001,31.25,5.24,0,Kodagu,Karnataka
2016-10-13,6.57,13.840000000000032,19.21,26.32,6.57,0,Kodagu,Karnataka
2016-10-14,21.8,30.400000000000034,40.17,42.69,21.8,0,Kodagu,Karnataka
2016-10-15,4.62,32.99000000000003,43.12,46.370000000000005,21.8,0,Kodagu,Karnataka
2016-10-16,0.01,26.430000000000028,41.800000000000004,46.01,21.8,0,Kodagu,Karnataka
2016-10-17,0.0,4.630000000000032,40.27,45.83,4.62,0,Kodagu,Karnataka
2016-10-18,0.0,0.010000000000031975,35.03,45.81,0.01,0,Kodagu,Karnataka
2016-10-19,0.01,0.010000000000031975,33.010000000000005,45.79,0.01,0,Kodagu,Karnataka
2016-10-20,0.04,0.05000000000003198,26.48,45.74,0.04,0,Kodagu,Karnataka
2016-10-21,0.08,0.13000000000003198,4.76,45.77,0.08,0,Kodagu,Karnataka
2016-10-22,0.08,0.20000000000003199,0.22,45.01,0.08,0,Kodagu,Karnataka
2016-10-23,0.38,0.540000000000032,0.59,43.720000000000006,0.38,0,Kodagu,Karnataka
2016-10-24,0.17,0.630000000000032,0.76,42.559999999999995,0.38,0,Kodagu,Karnataka
2016-10-25,0.14,0.690000000000032,0.9,41.17,0.38,0,Kodagu,Karnataka
2016-10-26,0.04,0.35000000000003206,0.9299999999999999,35.97,0.17,0,Kodagu,Karnataka
2016-10-27,0.03,0.21000000000003205,0.9199999999999999,33.97,0.14,0,Kodagu,Karnataka
2016-10-28,0.1,0.17000000000003204,0.94,27.5,0.1,0,Kodagu,Karnataka
2016-10-29,0.02,0.15000000000003202,0.88,5.72,0.1,0,Kodagu,Karnataka
2016-10-30,1.38,1.500000000000032,1.88,2.48,1.38,0,Kodagu,Karnataka
2016-10-31,3.91,5.3100000000000325,5.62,6.380000000000001,3.91,0,Kodagu,Karnataka
2016-11-01,4.83,10.120000000000033,10.31,11.21,4.83,0,Kodagu,Karnataka
2016-11-02,0.92,9.660000000000032,11.19,12.13,4.83,0,Kodagu,Karnataka
2016-11-03,1.64,7.3900000000000325,12.8,13.760000000000002,4.83,0,Kodagu,Karnataka
2016-11-04,1.01,3.5700000000000323,13.71,14.73,1.64,0,Kodagu,Karnataka
2016-11-05,0.01,2.660000000000032,13.7,14.66,1.64,0,Kodagu,Karnataka
2016-11-06,0.0,1.020000000000032,12.32,14.58,1.01,0,Kodagu,Karnataka
2016-11-07,0.0,0.010000000000031975,8.41,14.200000000000001,0.01,0,Kodagu,Karnataka
2016-11-08,0.02,0.020000000000031975,3.6,14.05,0.02,0,Kodagu,Karnataka
2016-11-09,0.04,0.06000000000003197,2.72,13.950000000000001,0.04,0,Kodagu,Karnataka
2016-11-10,0.02,0.08000000000003198,1.1,13.930000000000001,0.04,0,Kodagu,Karnataka
2016-11-11,0.0,0.06000000000003197,0.09,13.9,0.04,0,Kodagu,Karnataka
2016-11-12,0.02,0.04000000000003198,0.1,13.82,0.02,0,Kodagu,Karnataka
2016-11-13,3.69,3.710000000000032,3.79,17.490000000000002,3.69,0,Kodagu,Karnataka
2016-11-14,1.47,5.180000000000032,5.26,17.580000000000002,3.69,0,Kodagu,Karnataka
2016-11-15,1.54,6.700000000000032,6.78,15.21,3.69,0,Kodagu,Karnataka
2016-11-16,0.74,3.750000000000032,7.48,11.120000000000001,1.54,0,Kodagu,Karnataka
2016-11-17,0.46,2.740000000000032,7.92,10.66,1.54,0,Kodagu,Karnataka
2016-11-18,0.1,1.300000000000032,8.02,9.12,0.74,0,Kodagu,Karnataka
2016-11-19,0.0,0.560000000000032,8.0,8.11,0.46,0,Kodagu,Karnataka
2016-11-20,0.04,0.140000000000032,4.35,8.14,0.1,0,Kodagu,Karnataka
2016-11-21,0.01,0.05000000000003198,2.89,8.15,0.04,0,Kodagu,Karnataka
2016-11-22,0.02,0.07000000000003198,1.37,8.17,0.04,0,Kodagu,Karnataka
2016-11-23,0.0,0.030000000000031973,0.63,8.15,0.02,0,Kodagu,Karnataka
2016-11-24,0.0,0.02000000000003197,0.17,8.11,0.02,0,Kodagu,Karnataka
2016-11-25,0.0,0.0,0.07,8.09,0.0,0,Kodagu,Karnataka
2016-11-26,0.01,0.010000000000031975,0.08,8.1,0.01,0,Kodagu,Karnataka
2016-11-27,0.0,0.010000000000031975,0.04,8.08,0.01,0,Kodagu,Karnataka
2016-11-28,0.0,0.010000000000031975,0.03,4.39,0.01,0,Kodagu,Karnataka
2016-11-29,0.02,0.020000000000031975,0.03,2.9400000000000004,0.02,0,Kodagu,Karnataka
2016-11-30,0.0,0.020000000000031975,0.03,1.4,0.02,0,Kodagu,Karnataka
2016-12-01,0.11,0.13000000000003198,0.14,0.77,0.11,0,Kodagu,Karnataka
2016-12-02,2.06,2.170000000000032,2.2,2.37,2.06,0,Kodagu,Karnataka
2016-12-03,3.69,5.860000000000031,5.880000000000001,5.96,3.69,0,Kodagu,Karnataka
2016-12-04,0.9,6.650000000000031,6.78,6.86,3.69,0,Kodagu,Karnataka
2016-12-05,0.37,4.960000000000032,7.15,7.1899999999999995,3.69,0,Kodagu,Karnataka
2016-12-06,0.13,1.4000000000000319,7.26,7.3100000000000005,0.9,0,Kodagu,Karnataka
2016-12-07,0.01,0.510000000000032,7.27,7.3,0.37,0,Kodagu,Karnataka
2016-12-08,0.0,0.140000000000032,7.16,7.3,0.13,0,Kodagu,Karnataka
2016-12-09,0.0,0.010000000000031975,5.1,7.3,0.01,0,Kodagu,Karnataka
2016-12-10,0.0,0.0,1.41,7.3,0.0,0,Kodagu,Karnataka
2016-12-11,0.0,0.0,0.51,7.29,0.0,0,Kodagu,Karnataka
2016-12-12,4.17,4.170000000000032,4.31,11.46,4.17,0,Kodagu,Karnataka
2016-12-13,15.62,19.79000000000003,19.799999999999997,27.08,15.62,0,Kodagu,Karnataka
2016-12-14,6.92,26.71000000000003,26.709999999999997,33.98,15.62,0,Kodagu,Karnataka
2016-12-15,0.39,22.930000000000028,27.099999999999998,34.37,15.62,0,Kodagu,Karnataka
2016-12-16,0.02,7.330000000000032,27.119999999999997,34.28,6.92,0,Kodagu,Karnataka
2016-12-17,0.07,0.480000000000032,27.189999999999998,32.29,0.39,0,Kodagu,Karnataka
2016-12-18,0.01,0.10000000000003198,27.199999999999996,28.61,0.07,0,Kodagu,Karnataka
2016-12-19,0.0,0.08000000000003198,23.029999999999998,27.709999999999997,0.07,0,Kodagu,Karnataka
2016-12-20,0.0,0.010000000000031975,7.41,27.34,0.01,0,Kodagu,Karnataka
2016-12-21,0.0,0.0,0.49000000000000005,27.209999999999997,0.0,0,Kodagu,Karnataka
2016-12-22,0.0,0.0,0.1,27.2,0.0,0,Kodagu,Karnataka
2016-12-23,0.0,0.0,0.08,27.2,0.0,0,Kodagu,Karnataka
2016-12-24,0.0,0.0,0.01,27.2,0.0,0,Kodagu,Karnataka
2016-12-25,0.0,0.0,0.0,27.2,0.0,0,Kodagu,Karnataka
2016-12-26,0.0,0.0,0.0,27.2,0.0,0,Kodagu,Karnataka
2016-12-27,0.0,0.0,0.0,23.029999999999998,0.0,0,Kodagu,Karnataka
2016-12-28,0.0,0.0,0.0,7.41,0.0,0,Kodagu,Karnataka
2016-12-29,0.0,0.0,0.0,0.49000000000000005,0.0,0,Kodagu,Karnataka
2016-12-30,0.0,0.0,0.0,0.1,0.0,0,Kodagu,Karnataka
2016-12-31,0.0,0.0,0.0,0.08,0.0,0,Kodagu,Karnataka
2017-01-01,0.0,0.0,0.0,0.01,0.0,0,Kodagu,Karnataka
2017-01-02,0.0,0.0,0.0,0.0,0.0,0,Kodagu,Karnataka
2017-01-03,0.0,0.0,0.0,0.0,0.0,0,Kodagu,Karnataka
2017-01-04,0.0,0.0,0.0,0.0,0.0,0,Kodagu,Karnataka
2017-01-05,0.0,0.0,0.0,0.0,0.0,0,Kodagu,Karnataka
2017-01-06,0.0,0.0,0.0,0.0,0.0,0,Kodagu,Karnataka
2017-01-07,0.0,0.0,0.0,0.0,0.0,0,Kodagu,Karnataka
2017-01-08,0.0,0.0,0.0,0.0,0.0,0,Kodagu,Karnataka
2017-01-09,0.0,0.0,0.0,0.0,0.0,0,Kodagu,Karnataka
2017-01-10,0.0,0.0,0.0,0.0,0.0,0,Kodagu,Karnataka
2017-01-11,0.0,0.0,0.0,0.0,0.0,0,Kodagu,Karnataka
2017-01-12,0.0,0.0,0.0,0.0,0.0,0,Kodagu,Karnataka
2017-01-13,0.0,0.0,0.0,0.0,0.0,0,Kodagu,Karnataka
2017-01-14,0.0,0.0,0.0,0.0,0.0,0,Kodagu,Karnataka
2017-01-15,0.0,0.0,0.0,0.0,0.0,0,Kodagu,Karnataka
2017-01-16,0.0,0.0,0.0,0.0,0.0,0,Kodagu,Karnataka
2017-01-17,0.0,0.0,0.0,0.0,0.0,0,Kodagu,Karnataka
2017-01-18,0.0,0.0,0.0,0.0,0.0,0,Kodagu,Karnataka
2017-01-19,0.0,0.0,0.0,0.0,0.0,0,Kodagu,Karnataka
2017-01-20,0.0,0.0,0.0,0.0,0.0,0,Kodagu,Karnataka
2017-01-21,0.09,0.09000000000003197,0.09,0.09,0.09,0,Kodagu,Karnataka
2017-01-22,0.03,0.12000000000003197,0.12,0.12,0.09,0,Kodagu,Karnataka
2017-01-23,0.0,0.12000000000003197,0.12,0.12,0.09,0,Kodagu,Karnataka
2017-01-24,0.0,0.030000000000031973,0.12,0.12,0.03,0,Kodagu,Karnataka
2017-01-25,0.0,0.0,0.12,0.12,0.0,0,Kodagu,Karnataka
2017-01-26,0.38,0.380000000000032,0.5,0.5,0.38,0,Kodagu,Karnataka
2017-01-27,1.65,2.030000000000032,2.15,2.15,1.65,0,Kodagu,Karnataka
2017-01-28,7.23,9.260000000000032,9.290000000000001,9.38,7.23,0,Kodagu,Karnataka
2017-01-29,0.17,9.050000000000031,9.430000000000001,9.55,7.23,0,Kodagu,Karnataka
2017-01-30,0.07,7.470000000000033,9.500000000000002,9.620000000000001,7.23,0,Kodagu,Karnataka
2017-01-31,0.03,0.270000000000032,9.530000000000001,9.65,0.17,0,Kodagu,Karnataka
2017-02-01,0.0,0.10000000000003198,9.530000000000001,9.65,0.07,0,Kodagu,Karnataka
2017-02-02,0.0,0.030000000000031973,9.15,9.65,0.03,0,Kodagu,Karnataka
2017-02-03,0.0,0.0,7.5,9.65,0.0,0,Kodagu,Karnataka
2017-02-04,0.0,0.0,0.27,9.65,0.0,0,Kodagu,Karnataka
2017-02-05,0.0,0.0,0.1,9.56,0.0,0,Kodagu,Karnataka
2017-02-06,0.01,0.010000000000031975,0.04,9.540000000000001,0.01,0,Kodagu,Karnataka
2017-02-07,0.0,0.010000000000031975,0.01,9.540000000000001,0.01,0,Kodagu,Karnataka
2017-02-08,0.0,0.010000000000031975,0.01,9.540000000000001,0.01,0,Kodagu,Karnataka
2017-02-09,0.0,0.0,0.01,9.540000000000001,0.0,0,Kodagu,Karnataka
2017-02-10,0.0,0.0,0.01,9.16,0.0,0,Kodagu,Karnataka
2017-02-11,0.01,0.010000000000031975,0.02,7.5200000000000005,0.01,0,Kodagu,Karnataka
2017-02-12,0.0,0.010000000000031975,0.02,0.29000000000000004,0.01,0,Kodagu,Karnataka
2017-02-13,0.0,0.010000000000031975,0.01,0.12000000000000001,0.01,0,Kodagu,Karnataka
2017-02-14,0.0,0.0,0.01,0.05,0.0,0,Kodagu,Karnataka
2017-02-15,0.0,0.0,0.01,0.02,0.0,0,Kodagu,Karnataka
2017-02-16,0.0,0.0,0.01,0.02,0.0,0,Kodagu,Karnataka
2017-02-17,0.0,0.0,0.01,0.02,0.0,0,Kodagu,Karnataka
2017-02-18,0.0,0.0,0.0,0.02,0.0,0,Kodagu,Karnataka
2017-02-19,0.0,0.0,0.0,0.02,0.0,0,Kodagu,Karnataka
2017-02-20,0.02,0.020000000000031975,0.02,0.04,0.02,0,Kodagu,Karnataka
2017-02-21,0.07,0.09000000000003198,0.09000000000000001,0.1,0.07,0,Kodagu,Karnataka
2017-02-22,0.0,0.09000000000003198,0.09000000000000001,0.1,0.07,0,Kodagu,Karnataka
2017-02-23,0.0,0.07000000000003198,0.09000000000000001,0.1,0.07,0,Kodagu,Karnataka
2017-02-24,0.02,0.020000000000031975,0.11000000000000001,0.12000000000000001,0.02,0,Kodagu,Karnataka
2017-02-25,0.07,0.09000000000003198,0.18000000000000002,0.19,0.07,0,Kodagu,Karnataka
2017-02-26,0.05,0.140000000000032,0.23000000000000004,0.23,0.07,0,Kodagu,Karnataka
2017-02-27,0.03,0.150000000000032,0.24000000000000005,0.26,0.07,0,Kodagu,Karnataka
2017-02-28,0.01,0.09000000000003197,0.18000000000000002,0.27,0.05,0,Kodagu,Karnataka
2017-03-01,0.0,0.040000000000031975,0.18,0.27,0.03,0,Kodagu,Karnataka
2017-03-02,0.0,0.010000000000031975,0.18,0.27,0.01,0,Kodagu,Karnataka
2017-03-03,0.03,0.030000000000031973,0.19,0.3,0.03,0,Kodagu,Karnataka
2017-03-04,0.65,0.680000000000032,0.77,0.95,0.65,0,Kodagu,Karnataka
2017-03-05,0.6,1.280000000000032,1.3199999999999998,1.55,0.65,0,Kodagu,Karnataka
2017-03-06,0.21,1.460000000000032,1.5,1.76,0.65,0,Kodagu,Karnataka
2017-03-07,0.44,1.250000000000032,1.93,2.18,0.6,0,Kodagu,Karnataka
2017-03-08,0.1,0.750000000000032,2.03,2.2100000000000004,0.44,0,Kodagu,Karnataka
2017-03-09,0.03,0.570000000000032,2.06,2.24,0.44,0,Kodagu,Karnataka
2017-03-10,0.14,0.270000000000032,2.17,2.3800000000000003,0.14,0,Kodagu,Karnataka
2017-03-11,0.0,0.170000000000032,1.52,2.3600000000000003,0.14,0,Kodagu,Karnataka
2017-03-12,0.0,0.140000000000032,0.92,2.29,0.14,0,Kodagu,Karnataka
2017-03-13,0.06,0.06000000000003197,0.77,2.3000000000000003,0.06,0,Kodagu,Karnataka
2017-03-14,1.78,1.840000000000032,2.11,4.050000000000001,1.78,0,Kodagu,Karnataka
2017-03-15,5.67,7.510000000000032,7.68,9.71,5.67,0,Kodagu,Karnataka
2017-03-16,5.29,12.740000000000032,12.94,15.0,5.67,0,Kodagu,Karnataka
2017-03-17,0.02,10.98000000000003,12.82,15.020000000000001,5.67,0,Kodagu,Karnataka
2017-03-18,0.0,5.310000000000032,12.82,14.99,5.29,0,Kodagu,Karnataka
2017-03-19,0.0,0.020000000000031975,12.82,14.340000000000002,0.02,0,Kodagu,Karnataka
2017-03-20,0.1,0.10000000000003198,12.86,13.84,0.1,0,Kodagu,Karnataka
2017-03-21,0.86,0.9600000000000319,11.94,14.49,0.86,0,Kodagu,Karnataka
2017-03-22,0.59,1.5500000000000318,6.86,14.64,0.86,0,Kodagu,Karnataka
2017-03-23,0.0,1.4500000000000317,1.5699999999999998,14.54,0.86,0,Kodagu,Karnataka
2017-03-24,0.0,0.5900000000000319,1.5499999999999998,14.51,0.59,0,Kodagu,Karnataka
2017-03-25,0.0,0.0,1.5499999999999998,14.37,0.0,0,Kodagu,Karnataka
2017-03-26,0.0,0.0,1.5499999999999998,14.37,0.0,0,Kodagu,Karnataka
2017-03-27,0.0,0.0,1.4499999999999997,14.37,0.0,0,Kodagu,Karnataka
2017-03-28,0.04,0.040000000000031975,0.63,14.350000000000001,0.04,0,Kodagu,Karnataka
2017-03-29,0.0,0.040000000000031975,0.04,12.57,0.04,0,Kodagu,Karnataka
2017-03-30,0.01,0.05000000000003198,0.05,6.91,0.04,0,Kodagu,Karnataka
2017-03-31,0.01,0.020000000000031975,0.06,1.63,0.01,0,Kodagu,Karnataka
2017-04-01,0.09,0.11000000000003197,0.15,1.7,0.09,0,Kodagu,Karnataka
2017-04-02,0.29,0.390000000000032,0.43999999999999995,1.9899999999999998,0.29,0,Kodagu,Karnataka
2017-04-03,0.17,0.5500000000000319,0.61,2.1599999999999997,0.29,0,Kodagu,Karnataka
2017-04-04,4.52,4.9800000000000315,5.09,6.579999999999999,4.52,0,Kodagu,Karnataka
2017-04-05,3.21,7.900000000000031,8.3,8.93,4.52,0,Kodagu,Karnataka
2017-04-06,6.41,14.140000000000033,14.7,14.75,6.41,0,Kodagu,Karnataka
2017-04-07,5.06,14.680000000000032,19.75,19.81,6.41,0,Kodagu,Karnataka
2017-04-08,0.23,11.700000000000031,19.89,20.04,6.41,0,Kodagu,Karnataka
2017-04-09,0.64,5.930000000000032,20.240000000000002,20.68,5.06,0,Kodagu,Karnataka
2017-04-10,2.15,3.020000000000032,22.22,22.83,2.15,0,Kodagu,Karnataka
2017-04-11,1.89,4.680000000000032,19.59,24.72,2.15,0,Kodagu,Karnataka
2017-04-12,0.32,4.360000000000032,16.7,25.0,2.15,0,Kodagu,Karnataka
2017-04-13,0.41,2.620000000000032,10.7,25.41,1.89,0,Kodagu,Karnataka
2017-04-14,0.14,0.870000000000032,5.78,25.54,0.41,0,Kodagu,Karnataka
2017-04-15,0.08,0.630000000000032,5.63,25.61,0.41,0,Kodagu,Karnataka
2017-04-16,0.49,0.7100000000000319,5.4799999999999995,26.01,0.49,0,Kodagu,Karnataka
2017-04-17,0.5,1.0700000000000318,3.83,26.22,0.5,0,Kodagu,Karnataka
2017-04-18,1.64,2.630000000000032,3.58,27.689999999999998,1.64,0,Kodagu,Karnataka
2017-04-19,0.51,2.6500000000000314,3.77,23.68,1.64,0,Kodagu,Karnataka
2017-04-20,6.14,8.290000000000031,9.5,26.61,6.14,0,Kodagu,Karnataka
2017-04-21,5.53,12.180000000000032,14.889999999999999,25.729999999999997,6.14,0,Kodagu,Karnataka
2017-04-22,0.39,12.060000000000032,15.2,21.06,6.14,0,Kodagu,Karnataka
2017-04-23,0.02,5.940000000000032,14.729999999999999,20.849999999999998,5.53,0,Kodagu,Karnataka
2017-04-24,0.07,0.480000000000032,14.299999999999999,20.279999999999998,0.39,0,Kodagu,Karnataka
2017-04-25,0.15,0.24000000000003197,12.81,18.28,0.15,0,Kodagu,Karnataka
2017-04-26,0.11,0.330000000000032,12.41,16.5,0.15,0,Kodagu,Karnataka
2017-04-27,3.02,3.2800000000000322,9.29,19.2,3.02,0,Kodagu,Karnataka
2017-04-28,1.79,4.920000000000032,5.549999999999999,20.58,3.02,0,Kodagu,Karnataka
2017-04-29,0.37,5.180000000000032,5.529999999999999,20.81,3.02,0,Kodagu,Karnataka
2017-04-30,2.92,5.080000000000032,8.43,23.650000000000002,2.92,0,Kodagu,Karnataka
2017-05-01,18.17,21.460000000000033,26.53,41.33,18.17,0,Kodagu,Karnataka
2017-05-02,7.47,28.56000000000003,33.85,48.300000000000004,18.17,0,Kodagu,Karnataka
2017-05-03,5.35,30.990000000000034,39.09,52.01,18.17,0,Kodagu,Karnataka
2017-05-04,2.3,15.120000000000031,38.37,53.800000000000004,7.47,0,Kodagu,Karnataka
2017-05-05,2.09,9.74000000000003,38.67,49.75,5.35,0,Kodagu,Karnataka
2017-05-06,7.8,12.190000000000031,46.1,52.02,7.8,0,Kodagu,Karnataka
2017-05-07,14.75,24.640000000000033,57.93,66.38,14.75,0,Kodagu,Karnataka
2017-05-08,7.58,30.13000000000003,47.339999999999996,73.94,14.75,0,Kodagu,Karnataka
2017-05-09,0.71,23.04000000000003,40.58,74.58,14.75,0,Kodagu,Karnataka
2017-05-10,4.74,13.030000000000033,39.97,79.17,7.58,0,Kodagu,Karnataka
2017-05-11,11.47,16.92000000000003,49.14,90.53,11.47,0,Kodagu,Karnataka
2017-05-12,1.66,17.87000000000003,48.709999999999994,89.16999999999999,11.47,0,Kodagu,Karnataka
2017-05-13,2.66,15.790000000000033,43.57,90.04,11.47,0,Kodagu,Karnataka
2017-05-14,1.72,6.04000000000003,30.54,91.39,2.66,0,Kodagu,Karnataka
2017-05-15,1.14,5.52000000000003,24.1,89.61,2.66,0,Kodagu,Karnataka
2017-05-16,1.49,4.35000000000003,24.880000000000003,72.92999999999999,1.72,0,Kodagu,Karnataka
2017-05-17,1.15,3.7800000000000304,21.29,66.61,1.49,0,Kodagu,Karnataka
2017-05-18,13.3,15.940000000000031,23.12,74.56,13.3,0,Kodagu,Karnataka
2017-05-19,7.69,22.140000000000033,29.150000000000002,79.95,13.3,0,Kodagu,Karnataka
2017-05-20,3.65,24.640000000000033,30.14,81.51,13.3,0,Kodagu,Karnataka
2017-05-21,7.01,18.35000000000003,35.43,80.72,7.69,0,Kodagu,Karnataka
2017-05-22,4.57,15.230000000000029,38.86,70.54,7.01,0,Kodagu,Karnataka
2017-05-23,4.22,15.80000000000003,41.589999999999996,67.17999999999999,7.01,0,Kodagu,Karnataka
2017-05-24,8.3,17.090000000000032,48.74,74.77000000000001,8.3,0,Kodagu,Karnataka
2017-05-25,1.1,13.62000000000003,36.54,71.13,8.3,0,Kodagu,Karnataka
2017-05-26,6.42,15.82000000000003,35.269999999999996,66.08,8.3,0,Kodagu,Karnataka
2017-05-27,5.65,13.17000000000003,37.27,70.07000000000001,6.42,0,Kodagu,Karnataka
2017-05-28,1.6,13.67000000000003,31.860000000000003,69.01,6.42,0,Kodagu,Karnataka
2017-05-29,4.93,12.18000000000003,32.22,72.22,5.65,0,Kodagu,Karnataka
2017-05-30,5.75,12.28000000000003,33.75,76.83000000000001,5.75,0,Kodagu,Karnataka
2017-05-31,6.05,16.73000000000003,31.5,81.39,6.05,0,Kodagu,Karnataka
2017-06-01,6.06,17.860000000000028,36.459999999999994,86.30000000000001,6.06,1,Kodagu,Karnataka
2017-06-02,5.21,17.32000000000003,35.25,78.21,6.06,1,Kodagu,Karnataka
2017-06-03,14.33,25.60000000000003,43.93,84.85,14.33,1,Kodagu,Karnataka
2017-06-04,6.74,26.28000000000003,49.07,87.94,14.33,1,Kodagu,Karnataka
2017-06-05,8.23,29.300000000000033,52.37,89.16,14.33,1,Kodagu,Karnataka
2017-06-06,10.71,25.680000000000035,57.33,95.30000000000001,10.71,1,Kodagu,Karnataka
2017-06-07,10.57,29.510000000000034,61.85,101.65,10.71,1,Kodagu,Karnataka
2017-06-08,5.97,27.250000000000036,61.76,99.32,10.71,1,Kodagu,Karnataka
2017-06-09,15.41,31.950000000000035,71.96000000000001,113.63,15.41,1,Kodagu,Karnataka
2017-06-10,31.73,53.11000000000003,89.36,138.94,31.73,1,Kodagu,Karnataka
2017-06-11,40.89,88.03000000000003,123.51,174.18,40.89,1,Kodagu,Karnataka
2017-06-12,25.64,98.26000000000003,140.92000000000002,198.22,40.89,1,Kodagu,Karnataka
2017-06-13,19.11,85.64000000000003,149.32,212.39999999999998,40.89,1,Kodagu,Karnataka
2017-06-14,8.31,53.06000000000003,147.06,214.95999999999998,25.64,1,Kodagu,Karnataka
2017-06-15,8.34,35.760000000000026,149.43,217.25,19.11,1,Kodagu,Karnataka
2017-06-16,18.98,35.63000000000003,153.0,230.17000000000002,18.98,1,Kodagu,Karnataka
2017-06-17,4.82,32.14000000000003,126.09,229.78,18.98,1,Kodagu,Karnataka
2017-06-18,7.36,31.160000000000032,92.56,222.81,18.98,1,Kodagu,Karnataka
2017-06-19,3.66,15.840000000000028,70.58,219.73000000000002,7.36,1,Kodagu,Karnataka
2017-06-20,6.51,17.53000000000003,57.980000000000004,218.01,7.36,1,Kodagu,Karnataka
2017-06-21,7.39,17.56000000000003,57.06,214.69,7.39,1,Kodagu,Karnataka
2017-06-22,3.62,17.520000000000028,52.34,207.73999999999998,7.39,1,Kodagu,Karnataka
2017-06-23,8.03,19.040000000000028,41.39,209.79999999999998,8.03,1,Kodagu,Karnataka
2017-06-24,26.07,37.72000000000003,62.64,220.45999999999998,26.07,1,Kodagu,Karnataka
2017-06-25,28.08,62.18000000000003,83.36,216.81,28.08,1,Kodagu,Karnataka
2017-06-26,32.5,86.65000000000003,112.2,208.42000000000002,32.5,1,Kodagu,Karnataka
2017-06-27,13.63,74.21000000000002,119.32,196.41,32.5,1,Kodagu,Karnataka
2017-06-28,19.15,65.28000000000003,131.07999999999998,196.45000000000002,32.5,1,Kodagu,Karnataka
2017-06-29,12.79,45.57000000000003,140.25,200.93,19.15,1,Kodagu,Karnataka
2017-06-30,18.63,50.57000000000002,150.85,211.22,19.15,1,Kodagu,Karnataka
2017-07-01,13.53,44.950000000000024,138.31,205.76999999999998,18.63,1,Kodagu,Karnataka
2017-07-02,12.95,45.11000000000003,123.17999999999999,213.9,18.63,1,Kodagu,Karnataka
2017-07-03,35.19,61.67000000000003,125.87,241.73,35.19,1,Kodagu,Karnataka
2017-07-04,7.93,56.07000000000003,120.17,246.0,35.19,1,Kodagu,Karnataka
2017-07-05,14.66,57.78000000000003,115.67999999999999,254.15,35.19,1,Kodagu,Karnataka
2017-07-06,7.29,29.880000000000035,110.17999999999999,254.05,14.66,1,Kodagu,Karnataka
2017-07-07,9.43,31.380000000000035,100.97999999999999,259.86,14.66,1,Kodagu,Karnataka
2017-07-08,10.07,26.790000000000035,97.52,261.9,10.07,1,Kodagu,Karnataka
2017-07-09,7.41,26.910000000000036,91.98,243.24,10.07,1,Kodagu,Karnataka
2017-07-10,10.06,27.540000000000035,66.85,225.22,10.07,1,Kodagu,Karnataka
2017-07-11,8.17,25.640000000000036,67.09,200.89,10.06,1,Kodagu,Karnataka
2017-07-12,6.53,24.760000000000037,58.96,193.79,10.06,1,Kodagu,Karnataka
2017-07-13,30.52,45.220000000000034,82.19,205.16,30.52,1,Kodagu,Karnataka
2017-07-14,9.27,46.320000000000036,82.03,201.64000000000001,30.52,1,Kodagu,Karnataka
2017-07-15,21.73,61.52000000000004,93.69,204.74,30.52,1,Kodagu,Karnataka
2017-07-16,12.42,43.42000000000004,98.7,203.63,21.73,1,Kodagu,Karnataka
2017-07-17,10.01,44.16000000000004,98.65,200.69,21.73,1,Kodagu,Karnataka
2017-07-18,36.35,58.78000000000004,126.83,201.85,36.35,1,Kodagu,Karnataka
2017-07-19,58.0,104.36000000000004,178.3,251.92000000000002,58.0,1,Kodagu,Karnataka
2017-07-20,32.36,126.71000000000004,180.14000000000001,269.62,58.0,1,Kodagu,Karnataka
2017-07-21,18.62,108.98000000000003,189.49,280.95000000000005,58.0,1,Kodagu,Karnataka
2017-07-22,6.2,57.180000000000035,173.95999999999998,277.72,32.36,1,Kodagu,Karnataka
2017-07-23,7.12,31.940000000000037,168.66,274.77000000000004,18.62,1,Kodagu,Karnataka
2017-07-24,10.29,23.610000000000035,168.94,277.65,10.29,1,Kodagu,Karnataka
2017-07-25,4.76,22.170000000000037,137.35,272.35,10.29,1,Kodagu,Karnataka
2017-07-26,1.93,16.980000000000036,81.28,266.10999999999996,10.29,1,Kodagu,Karnataka
2017-07-27,12.41,19.100000000000037,61.33,271.99,12.41,1,Kodagu,Karnataka
2017-07-28,11.64,25.980000000000036,54.349999999999994,253.11,12.41,1,Kodagu,Karnataka
2017-07-29,5.34,29.390000000000036,53.49,249.17999999999998,12.41,1,Kodagu,Karnataka
2017-07-30,2.49,19.470000000000034,48.86,229.94,11.64,1,Kodagu,Karnataka
2017-07-31,6.36,14.190000000000037,44.93,223.88000000000002,6.36,1,Kodagu,Karnataka
2017-08-01,2.41,11.260000000000037,42.58,216.28,6.36,1,Kodagu,Karnataka
2017-08-02,4.13,12.900000000000036,44.78,184.06,6.36,1,Kodagu,Karnataka
2017-08-03,21.98,28.520000000000035,54.35,148.04,21.98,1,Kodagu,Karnataka
2017-08-04,31.42,57.53000000000004,74.13,147.1,31.42,1,Kodagu,Karnataka
2017-08-05,19.46,72.86000000000004,88.25,147.94,31.42,1,Kodagu,Karnataka
2017-08-06,6.0,56.88000000000004,91.76,147.74,31.42,1,Kodagu,Karnataka
2017-08-07,5.69,31.150000000000038,91.09,146.31,19.46,1,Kodagu,Karnataka
2017-08-08,8.81,20.500000000000036,97.49,144.83,8.81,1,Kodagu,Karnataka
2017-08-09,11.19,25.690000000000033,104.55,151.26,11.19,1,Kodagu,Karnataka
2017-08-10,1.46,21.460000000000033,84.03,150.79000000000002,11.19,1,Kodagu,Karnataka
2017-08-11,12.59,25.240000000000034,65.2,150.97,12.59,1,Kodagu,Karnataka
2017-08-12,14.76,28.810000000000034,60.5,154.09,14.76,1,Kodagu,Karnataka
2017-08-13,0.79,28.140000000000033,55.29,149.54,14.76,1,Kodagu,Karnataka
2017-08-14,5.51,21.060000000000034,55.11,152.56,14.76,1,Kodagu,Karnataka
2017-08-15,13.45,19.750000000000036,59.75,159.65,13.45,1,Kodagu,Karnataka
2017-08-16,10.78,29.740000000000034,59.339999999999996,168.02,13.45,1,Kodagu,Karnataka
2017-08-17,11.92,36.150000000000034,69.8,175.81,13.45,1,Kodagu,Karnataka
2017-08-18,30.67,53.37000000000003,87.88,184.5,30.67,1,Kodagu,Karnataka
2017-08-19,33.01,75.60000000000004,106.13,186.09,33.01,1,Kodagu,Karnataka
2017-08-20,30.99,94.67000000000003,136.32999999999998,197.62,33.01,1,Kodagu,Karnataka
2017-08-21,26.21,90.21000000000004,157.03,217.82999999999998,33.01,1,Kodagu,Karnataka
2017-08-22,13.17,70.37000000000005,156.75,225.31,30.99,1,Kodagu,Karnataka
2017-08-23,6.19,45.57000000000005,152.16,222.69,26.21,1,Kodagu,Karnataka
2017-08-24,14.22,33.58000000000004,154.46,225.72,14.22,1,Kodagu,Karnataka
2017-08-25,9.72,30.130000000000045,133.51,233.98,14.22,1,Kodagu,Karnataka
2017-08-26,25.7,49.64000000000004,126.20000000000002,247.08999999999997,25.7,1,Kodagu,Karnataka
2017-08-27,29.07,64.49000000000004,124.28,261.4,29.07,1,Kodagu,Karnataka
2017-08-28,37.41,92.18000000000004,135.48000000000002,298.02,37.41,1,Kodagu,Karnataka
2017-08-29,21.69,88.17000000000004,144.0,314.2,37.41,1,Kodagu,Karnataka
2017-08-30,9.17,68.27000000000004,146.98000000000002,309.92,37.41,1,Kodagu,Karnataka
2017-08-31,4.55,35.410000000000046,137.31,303.69,21.69,1,Kodagu,Karnataka
2017-09-01,3.22,16.940000000000044,130.81,294.99,9.17,1,Kodagu,Karnataka
2017-09-02,4.46,12.230000000000043,109.57000000000001,268.78,4.55,1,Kodagu,Karnataka
2017-09-03,1.87,9.550000000000043,82.37,237.64000000000001,4.46,1,Kodagu,Karnataka
2017-09-04,4.23,10.560000000000043,49.190000000000005,210.88,4.46,1,Kodagu,Karnataka
2017-09-05,13.51,19.610000000000042,41.010000000000005,198.18,13.51,1,Kodagu,Karnataka
2017-09-06,13.29,31.030000000000044,45.129999999999995,198.3,13.51,1,Kodagu,Karnataka
2017-09-07,4.88,31.680000000000042,45.46,196.99,13.51,1,Kodagu,Karnataka
2017-09-08,6.74,24.910000000000043,48.980000000000004,189.51,13.29,1,Kodagu,Karnataka
2017-09-09,18.37,29.990000000000045,62.89,198.16,18.37,1,Kodagu,Karnataka
2017-09-10,18.42,43.530000000000044,79.44,190.88,18.42,1,Kodagu,Karnataka
2017-09-11,5.02,41.810000000000045,80.22999999999999,166.82999999999998,18.42,1,Kodagu,Karnataka
2017-09-12,2.51,25.950000000000045,69.23,131.93,18.42,1,Kodagu,Karnataka
2017-09-13,11.36,18.890000000000043,67.3,121.6,11.36,1,Kodagu,Karnataka
2017-09-14,7.07,20.94000000000004,69.49000000000001,119.5,11.36,1,Kodagu,Karnataka
2017-09-15,14.97,33.40000000000005,77.72,129.92000000000002,14.97,1,Kodagu,Karnataka
2017-09-16,16.6,38.64000000000004,75.95,143.3,16.6,1,Kodagu,Karnataka
2017-09-17,27.38,58.950000000000045,84.91,166.22,27.38,1,Kodagu,Karnataka
2017-09-18,16.68,60.660000000000046,96.57,181.03,27.38,1,Kodagu,Karnataka
2017-09-19,15.76,59.82000000000004,109.82,192.56,27.38,1,Kodagu,Karnataka
2017-09-20,6.84,39.280000000000044,105.3,185.89000000000001,16.68,1,Kodagu,Karnataka
2017-09-21,4.0,26.600000000000044,102.23,176.60000000000002,15.76,1,Kodagu,Karnataka
2017-09-22,0.34,11.180000000000042,87.60000000000001,172.06,6.84,1,Kodagu,Karnataka
2017-09-23,0.03,4.370000000000043,71.03,165.35000000000002,4.0,1,Kodagu,Karnataka
2017-09-24,1.65,2.0200000000000427,45.3,148.63,1.65,1,Kodagu,Karnataka
2017-09-25,10.27,11.950000000000042,38.89,140.48,10.27,1,Kodagu,Karnataka
2017-09-26,11.03,22.950000000000042,34.16,146.49,11.03,1,Kodagu,Karnataka
2017-09-27,16.31,37.61000000000004,43.629999999999995,160.29,16.31,1,Kodagu,Karnataka
2017-09-28,13.78,41.12000000000004,53.41,162.71,16.31,1,Kodagu,Karnataka
2017-09-29,5.61,35.70000000000004,58.68,161.25,16.31,1,Kodagu,Karnataka
2017-09-30,2.0,21.390000000000043,60.65,148.27999999999997,13.78,1,Kodagu,Karnataka
2017-10-01,12.32,19.930000000000042,71.32,144.0,12.32,0,Kodagu,Karnataka
2017-10-02,9.97,24.290000000000045,71.02,126.58999999999999,12.32,0,Kodagu,Karnataka
2017-10-03,5.91,28.200000000000045,65.89999999999999,115.82000000000001,12.32,0,Kodagu,Karnataka
2017-10-04,6.02,21.900000000000045,55.61,106.08,9.97,0,Kodagu,Karnataka
2017-10-05,4.86,16.790000000000045,46.69,104.1,6.02,0,Kodagu,Karnataka
2017-10-06,10.16,21.040000000000045,51.24,110.25999999999999,10.16,0,Kodagu,Karnataka
2017-10-07,1.68,16.700000000000045,50.92,111.60000000000001,10.16,0,Kodagu,Karnataka
2017-10-08,2.97,14.810000000000047,41.57,114.54,10.16,0,Kodagu,Karnataka
2017-10-09,3.43,8.080000000000046,35.03,116.32,3.43,0,Kodagu,Karnataka
2017-10-10,3.05,9.450000000000047,32.17,109.10000000000001,3.43,0,Kodagu,Karnataka
2017-10-11,2.81,9.290000000000045,28.960000000000004,100.88,3.43,0,Kodagu,Karnataka
2017-10-12,4.76,10.620000000000047,28.86,89.33,4.76,0,Kodagu,Karnataka
2017-10-13,15.63,23.200000000000045,34.33,91.18,15.63,0,Kodagu,Karnataka
2017-10-14,9.11,29.500000000000046,41.760000000000005,94.68,15.63,0,Kodagu,Karnataka
2017-10-15,5.72,30.460000000000043,44.510000000000005,98.4,15.63,0,Kodagu,Karnataka
2017-10-16,0.61,15.440000000000046,41.690000000000005,86.69000000000001,9.11,0,Kodagu,Karnataka
2017-10-17,0.82,7.150000000000046,39.46,77.54,5.72,0,Kodagu,Karnataka
2017-10-18,0.92,2.3500000000000463,37.57,72.55,0.92,0,Kodagu,Karnataka
2017-10-19,0.29,2.0300000000000464,33.1,66.82000000000001,0.92,0,Kodagu,Karnataka
2017-10-20,0.2,1.4100000000000463,17.669999999999998,62.160000000000004,0.92,0,Kodagu,Karnataka
2017-10-21,0.22,0.7100000000000461,8.78,52.22,0.29,0,Kodagu,Karnataka
2017-10-22,0.0,0.4200000000000462,3.06,50.54,0.22,0,Kodagu,Karnataka
2017-10-23,0.0,0.2200000000000462,2.45,47.57,0.22,0,Kodagu,Karnataka
2017-10-24,0.87,0.8700000000000462,2.5,45.01,0.87,0,Kodagu,Karnataka
2017-10-25,1.46,2.3300000000000463,3.04,43.42,1.46,0,Kodagu,Karnataka
2017-10-26,3.92,6.250000000000046,6.67,44.53,3.92,0,Kodagu,Karnataka
2017-10-27,11.35,16.730000000000047,17.82,51.120000000000005,11.35,0,Kodagu,Karnataka
2017-10-28,0.96,16.230000000000043,18.56,36.449999999999996,11.35,0,Kodagu,Karnataka
2017-10-29,0.02,12.330000000000046,18.58,27.36,11.35,0,Kodagu,Karnataka
2017-10-30,0.06,1.0400000000000444,18.64,21.7,0.96,0,Kodagu,Karnataka
2017-10-31,0.46,0.5400000000000444,18.229999999999997,21.55,0.46,0,Kodagu,Karnataka
2017-11-01,1.12,1.6400000000000445,17.889999999999997,21.85,1.12,0,Kodagu,Karnataka
2017-11-02,0.08,1.6600000000000446,14.049999999999999,21.009999999999998,1.12,0,Kodagu,Karnataka
2017-11-03,0.58,1.7800000000000444,3.2799999999999985,21.3,1.12,0,Kodagu,Karnataka
2017-11-04,4.2,4.860000000000045,6.519999999999999,25.3,4.2,0,Kodagu,Karnataka
2017-11-05,2.57,7.350000000000044,9.069999999999999,27.65,4.2,0,Kodagu,Karnataka
2017-11-06,17.28,24.050000000000047,26.29,44.93,17.28,0,Kodagu,Karnataka
2017-11-07,3.95,23.800000000000047,29.779999999999998,48.88,17.28,0,Kodagu,Karnataka
2017-11-08,2.44,23.670000000000048,31.099999999999998,50.45,17.28,0,Kodagu,Karnataka
2017-11-09,2.46,8.850000000000046,33.48,51.45,3.95,0,Kodagu,Karnataka
2017-11-10,0.01,4.910000000000046,32.910000000000004,47.54,2.46,0,Kodagu,Karnataka
2017-11-11,0.0,2.470000000000046,28.709999999999997,36.19,2.46,0,Kodagu,Karnataka
2017-11-12,0.0,0.010000000000046185,26.139999999999997,35.230000000000004,0.01,0,Kodagu,Karnataka
2017-11-13,0.0,0.0,8.859999999999996,35.21,0.0,0,Kodagu,Karnataka
2017-11-14,0.04,0.040000000000046186,4.949999999999997,35.19,0.04,0,Kodagu,Karnataka
2017-11-15,0.02,0.06000000000004618,2.5299999999999963,34.75000000000001,0.04,0,Kodagu,Karnataka
2017-11-16,0.34,0.4000000000000462,0.4099999999999965,33.97,0.34,0,Kodagu,Karnataka
2017-11-17,0.33,0.6900000000000462,0.7299999999999964,34.220000000000006,0.34,0,Kodagu,Karnataka
2017-11-18,0.22,0.8900000000000462,0.9499999999999965,33.86000000000001,0.34,0,Kodagu,Karnataka
2017-11-19,0.53,1.0800000000000463,1.4799999999999964,30.19,0.53,0,Kodagu,Karnataka
2017-11-20,0.64,1.3900000000000463,2.1199999999999966,28.26,0.64,0,Kodagu,Karnataka
2017-11-21,0.11,1.2800000000000462,2.1899999999999964,11.09,0.64,0,Kodagu,Karnataka
2017-11-22,0.13,0.8800000000000462,2.2999999999999963,7.27,0.64,0,Kodagu,Karnataka
2017-11-23,0.06,0.3000000000000462,2.0199999999999965,4.890000000000001,0.13,0,Kodagu,Karnataka
2017-11-24,0.05,0.24000000000004618,1.7399999999999967,2.48,0.13,0,Kodagu,Karnataka
2017-11-25,0.01,0.12000000000004618,1.5299999999999967,2.4800000000000004,0.06,0,Kodagu,Karnataka
2017-11-26,0.0,0.06000000000004619,0.9999999999999964,2.4800000000000004,0.05,0,Kodagu,Karnataka
2017-11-27,0.08,0.09000000000004618,0.43999999999999645,2.5600000000000005,0.08,0,Kodagu,Karnataka
2017-11-28,0.1,0.1800000000000462,0.42999999999999644,2.66,0.1,0,Kodagu,Karnataka
2017-11-29,0.05,0.23000000000004622,0.3499999999999964,2.6700000000000004,0.1,0,Kodagu,Karnataka
2017-11-30,1.07,1.2200000000000464,1.3599999999999965,3.7200000000000006,1.07,0,Kodagu,Karnataka
2017-12-01,5.26,6.380000000000046,6.569999999999997,8.64,5.26,0,Kodagu,Karnataka
2017-12-02,3.46,9.790000000000045,10.019999999999996,11.77,5.26,0,Kodagu,Karnataka
2017-12-03,0.07,8.790000000000045,10.089999999999996,11.62,5.26,0,Kodagu,Karnataka
2017-12-04,0.06,3.590000000000046,10.069999999999997,11.15,3.46,0,Kodagu,Karnataka
2017-12-05,2.14,2.270000000000046,12.109999999999998,12.65,2.14,0,Kodagu,Karnataka
2017-12-06,0.31,2.5100000000000464,12.369999999999996,12.85,2.14,0,Kodagu,Karnataka
2017-12-07,0.05,2.500000000000046,11.349999999999996,12.77,2.14,0,Kodagu,Karnataka
2017-12-08,0.0,0.36000000000004617,6.089999999999996,12.71,0.31,0,Kodagu,Karnataka
2017-12-09,0.0,0.05000000000004619,2.6299999999999963,12.66,0.05,0,Kodagu,Karnataka
2017-12-10,0.0,0.0,2.5599999999999965,12.65,0.0,0,Kodagu,Karnataka
2017-12-11,0.05,0.05000000000004619,2.5499999999999967,12.700000000000001,0.05,0,Kodagu,Karnataka
2017-12-12,0.08,0.1300000000000462,0.48999999999999644,12.700000000000001,0.08,0,Kodagu,Karnataka
2017-12-13,0.31,0.4400000000000462,0.48999999999999644,12.91,0.31,0,Kodagu,Karnataka
2017-12-14,0.19,0.5800000000000463,0.6299999999999965,13.05,0.31,0,Kodagu,Karnataka
2017-12-15,0.01,0.5100000000000461,0.6399999999999965,11.99,0.31,0,Kodagu,Karnataka
2017-12-16,0.0,0.2000000000000462,0.6399999999999965,6.73,0.19,0,Kodagu,Karnataka
2017-12-17,0.0,0.010000000000046185,0.6399999999999965,3.270000000000001,0.01,0,Kodagu,Karnataka
2017-12-18,0.0,0.0,0.5899999999999964,3.200000000000001,0.0,0,Kodagu,Karnataka
2017-12-19,0.0,0.0,0.5099999999999965,3.140000000000001,0.0,0,Kodagu,Karnataka
2017-12-20,0.0,0.0,0.19999999999999646,1.0000000000000009,0.0,0,Kodagu,Karnataka
2017-12-21,0.02,0.020000000000046186,0.029999999999996446,0.7100000000000009,0.02,0,Kodagu,Karnataka
2017-12-22,0.01,0.030000000000046184,0.029999999999996446,0.6700000000000009,0.02,0,Kodagu,Karnataka
2017-12-23,0.0,0.030000000000046184,0.029999999999996446,0.6700000000000009,0.02,0,Kodagu,Karnataka
2017-12-24,0.0,0.010000000000046185,0.029999999999996446,0.6700000000000009,0.01,0,Kodagu,Karnataka
2017-12-25,0.0,0.0,0.029999999999996446,0.6700000000000009,0.0,0,Kodagu,Karnataka
2017-12-26,0.0,0.0,0.029999999999996446,0.6200000000000009,0.0,0,Kodagu,Karnataka
2017-12-27,0.0,0.0,0.029999999999996446,0.5400000000000009,0.0,0,Kodagu,Karnataka
2017-12-28,0.0,0.0,0.009999999999996447,0.2300000000000009,0.0,0,Kodagu,Karnataka
2017-12-29,0.0,0.0,0.0,0.04000000000000089,0.0,0,Kodagu,Karnataka
2017-12-30,0.0,0.0,0.0,0.030000000000000887,0.0,0,Kodagu,Karnataka
2017-12-31,0.0,0.0,0.0,0.030000000000000887,0.0,0,Kodagu,Karnataka
2018-01-01,0.0,0.0,0.0,0.030000000000000887,0.0,0,Kodagu,Karnataka
2018-01-02,0.52,0.5200000000000462,0.5199999999999965,0.5500000000000009,0.52,0,Kodagu,Karnataka
2018-01-03,0.05,0.5700000000000462,0.5699999999999965,0.600000000000001,0.52,0,Kodagu,Karnataka
2018-01-04,0.09,0.6600000000000462,0.6599999999999965,0.690000000000001,0.52,0,Kodagu,Karnataka
2018-01-05,0.02,0.1600000000000462,0.6799999999999965,0.690000000000001,0.09,0,Kodagu,Karnataka
2018-01-06,0.0,0.11000000000004619,0.6799999999999965,0.6800000000000009,0.09,0,Kodagu,Karnataka
2018-01-07,0.01,0.030000000000046184,0.6899999999999965,0.690000000000001,0.02,0,Kodagu,Karnataka
2018-01-08,0.0,0.010000000000046185,0.6899999999999965,0.690000000000001,0.01,0,Kodagu,Karnataka
2018-01-09,0.0,0.010000000000046185,0.16999999999999646,0.690000000000001,0.01,0,Kodagu,Karnataka
2018-01-10,0.07,0.07000000000004619,0.18999999999999645,0.7600000000000009,0.07,0,Kodagu,Karnataka
2018-01-11,0.05,0.1200000000000462,0.14999999999999647,0.8100000000000009,0.07,0,Kodagu,Karnataka
2018-01-12,0.08,0.2000000000000462,0.20999999999999647,0.8900000000000009,0.08,0,Kodagu,Karnataka
2018-01-13,0.0,0.1300000000000462,0.20999999999999647,0.8900000000000009,0.08,0,Kodagu,Karnataka
2018-01-14,0.0,0.08000000000004619,0.19999999999999646,0.8900000000000009,0.08,0,Kodagu,Karnataka
2018-01-15,0.0,0.0,0.19999999999999646,0.8900000000000009,0.0,0,Kodagu,Karnataka
2018-01-16,0.0,0.0,0.19999999999999646,0.8900000000000009,0.0,0,Kodagu,Karnataka
2018-01-17,0.03,0.030000000000046184,0.15999999999999645,0.4000000000000009,0.03,0,Kodagu,Karnataka
2018-01-18,0.0,0.030000000000046184,0.10999999999999645,0.3500000000000009,0.03,0,Kodagu,Karnataka
2018-01-19,0.0,0.030000000000046184,0.029999999999996446,0.2600000000000009,0.03,0,Kodagu,Karnataka
2018-01-20,0.0,0.0,0.029999999999996446,0.24000000000000088,0.0,0,Kodagu,Karnataka
2018-01-21,0.0,0.0,0.029999999999996446,0.24000000000000088,0.0,0,Kodagu,Karnataka
2018-01-22,0.0,0.0,0.029999999999996446,0.23000000000000087,0.0,0,Kodagu,Karnataka
2018-01-23,0.0,0.0,0.029999999999996446,0.23000000000000087,0.0,0,Kodagu,Karnataka
2018-01-24,0.0,0.0,0.0,0.23000000000000087,0.0,0,Kodagu,Karnataka
2018-01-25,0.0,0.0,0.0,0.16000000000000086,0.0,0,Kodagu,Karnataka
2018-01-26,0.0,0.0,0.0,0.11000000000000089,0.0,0,Kodagu,Karnataka
2018-01-27,0.01,0.010000000000046185,0.009999999999996447,0.04000000000000089,0.01,0,Kodagu,Karnataka
2018-01-28,0.01,0.020000000000046186,0.019999999999996448,0.05000000000000089,0.01,0,Kodagu,Karnataka
2018-01-29,0.01,0.03,0.029999999999996446,0.060000000000000886,0.01,0,Kodagu,Karnataka
2018-01-30,0.0,0.020000000000046182,0.029999999999996446,0.060000000000000886,0.01,0,Kodagu,Karnataka
2018-01-31,0.0,0.010000000000046185,0.029999999999996446,0.060000000000000886,0.01,0,Kodagu,Karnataka
2018-02-01,0.0,0.0,0.029999999999996446,0.030000000000000887,0.0,0,Kodagu,Karnataka
2018-02-02,0.0,0.0,0.029999999999996446,0.030000000000000887,0.0,0,Kodagu,Karnataka
2018-02-03,0.0,0.0,0.019999999999996444,0.030000000000000887,0.0,0,Kodagu,Karnataka
2018-02-04,0.0,0.0,0.009999999999996447,0.030000000000000887,0.0,0,Kodagu,Karnataka
2018-02-05,0.0,0.0,0.0,0.030000000000000887,0.0,0,Kodagu,Karnataka
2018-02-06,0.23,0.2300000000000462,0.22999999999999646,0.2600000000000009,0.23,0,Kodagu,Karnataka
2018-02-07,0.23,0.4600000000000462,0.45999999999999647,0.4900000000000009,0.23,0,Kodagu,Karnataka
2018-02-08,0.89,1.3500000000000463,1.3499999999999965,1.3800000000000008,0.89,0,Kodagu,Karnataka
2018-02-09,10.72,11.840000000000046,12.069999999999997,12.100000000000001,10.72,0,Kodagu,Karnataka
2018-02-10,0.15,11.760000000000048,12.219999999999997,12.250000000000002,10.72,0,Kodagu,Karnataka
2018-02-11,0.03,10.900000000000047,12.249999999999996,12.270000000000001,10.72,0,Kodagu,Karnataka
2018-02-12,0.05,0.23000000000004794,12.299999999999997,12.310000000000002,0.15,0,Kodagu,Karnataka
2018-02-13,0.01,0.09000000000004796,12.079999999999997,12.310000000000002,0.05,0,Kodagu,Karnataka
2018-02-14,0.0,0.060000000000047966,11.849999999999996,12.310000000000002,0.05,0,Kodagu,Karnataka
2018-02-15,0.01,0.020000000000047962,10.969999999999997,12.320000000000002,0.01,0,Kodagu,Karnataka
2018-02-16,0.0,0.010000000000047962,0.24999999999999645,12.320000000000002,0.01,0,Kodagu,Karnataka
2018-02-17,0.0,0.010000000000047962,0.09999999999999645,12.320000000000002,0.01,0,Kodagu,Karnataka
2018-02-18,0.0,0.0,0.06999999999999645,12.320000000000002,0.0,0,Kodagu,Karnataka
2018-02-19,0.0,0.0,0.019999999999996448,12.320000000000002,0.0,0,Kodagu,Karnataka
2018-02-20,0.0,0.0,0.009999999999996447,12.320000000000002,0.0,0,Kodagu,Karnataka
2018-02-21,0.0,0.0,0.009999999999996447,12.090000000000002,0.0,0,Kodagu,Karnataka
2018-02-22,0.0,0.0,0.0,11.860000000000001,0.0,0,Kodagu,Karnataka
2018-02-23,0.0,0.0,0.0,10.97,0.0,0,Kodagu,Karnataka
2018-02-24,0.0,0.0,0.0,0.25,0.0,0,Kodagu,Karnataka
2018-02-25,0.0,0.0,0.0,0.1,0.0,0,Kodagu,Karnataka
2018-02-26,0.01,0.010000000000047962,0.009999999999996447,0.08,0.01,0,Kodagu,Karnataka
2018-02-27,0.01,0.020000000000047962,0.019999999999996448,0.04,0.01,0,Kodagu,Karnataka
2018-02-28,0.01,0.03,0.029999999999996446,0.04,0.01,0,Kodagu,Karnataka
2018-03-01,0.0,0.02000000000004796,0.029999999999996446,0.04,0.01,0,Kodagu,Karnataka
2018-03-02,0.0,0.010000000000047962,0.029999999999996446,0.03,0.01,0,Kodagu,Karnataka
2018-03-03,0.0,0.0,0.029999999999996446,0.03,0.0,0,Kodagu,Karnataka
2018-03-04,0.0,0.0,0.029999999999996446,0.03,0.0,0,Kodagu,Karnataka
2018-03-05,0.0,0.0,0.019999999999996444,0.03,0.0,0,Kodagu,Karnataka
2018-03-06,0.0,0.0,0.009999999999996447,0.03,0.0,0,Kodagu,Karnataka
2018-03-07,0.03,0.03000000000004796,0.029999999999996446,0.06,0.03,0,Kodagu,Karnataka
2018-03-08,0.01,0.04000000000004796,0.03999999999999645,0.06999999999999999,0.03,0,Kodagu,Karnataka
2018-03-09,0.0,0.04000000000004796,0.03999999999999645,0.06999999999999999,0.03,0,Kodagu,Karnataka
2018-03-10,0.0,0.010000000000047962,0.03999999999999645,0.06999999999999999,0.01,0,Kodagu,Karnataka
2018-03-11,0.0,0.0,0.03999999999999645,0.06999999999999999,0.0,0,Kodagu,Karnataka
2018-03-12,0.02,0.020000000000047962,0.059999999999996445,0.09,0.02,0,Kodagu,Karnataka
2018-03-13,0.44,0.460000000000048,0.49999999999999645,0.52,0.44,0,Kodagu,Karnataka
2018-03-14,1.21,1.670000000000048,1.6799999999999964,1.72,1.21,0,Kodagu,Karnataka
2018-03-15,9.97,11.620000000000049,11.639999999999997,11.68,9.97,0,Kodagu,Karnataka
2018-03-16,4.34,15.52000000000005,15.979999999999997,16.020000000000003,9.97,0,Kodagu,Karnataka
2018-03-17,0.75,15.060000000000048,16.729999999999997,16.770000000000003,9.97,0,Kodagu,Karnataka
2018-03-18,1.23,6.320000000000048,17.959999999999997,18.0,4.34,0,Kodagu,Karnataka
2018-03-19,0.53,2.5100000000000477,18.47,18.53,1.23,0,Kodagu,Karnataka
2018-03-20,0.04,1.800000000000048,18.069999999999997,18.57,1.23,0,Kodagu,Karnataka
2018-03-21,0.1,0.670000000000048,16.959999999999997,18.67,0.53,0,Kodagu,Karnataka
2018-03-22,0.15,0.290000000000048,7.139999999999996,18.79,0.15,0,Kodagu,Karnataka
2018-03-23,0.04,0.290000000000048,2.8399999999999963,18.820000000000004,0.15,0,Kodagu,Karnataka
2018-03-24,0.11,0.30000000000004795,2.1999999999999966,18.930000000000003,0.15,0,Kodagu,Karnataka
2018-03-25,0.09,0.24000000000004795,1.0599999999999965,19.020000000000003,0.11,0,Kodagu,Karnataka
2018-03-26,0.11,0.31000000000004796,0.6399999999999965,19.130000000000003,0.11,0,Kodagu,Karnataka
2018-03-27,0.09,0.29000000000004794,0.6899999999999964,19.200000000000003,0.11,0,Kodagu,Karnataka
2018-03-28,0.1,0.30000000000004795,0.6899999999999964,18.860000000000003,0.11,0,Kodagu,Karnataka
2018-03-29,0.31,0.500000000000048,0.8499999999999964,17.96,0.31,0,Kodagu,Karnataka
2018-03-30,2.25,2.660000000000048,3.0599999999999965,10.240000000000002,2.25,0,Kodagu,Karnataka
2018-03-31,0.34,2.900000000000048,3.2899999999999965,6.240000000000002,2.25,0,Kodagu,Karnataka
2018-04-01,0.57,3.160000000000048,3.769999999999996,6.060000000000001,2.25,0,Kodagu,Karnataka
2018-04-02,1.67,2.580000000000048,5.3299999999999965,6.500000000000002,1.67,0,Kodagu,Karnataka
2018-04-03,0.4,2.640000000000048,5.639999999999996,6.370000000000002,1.67,0,Kodagu,Karnataka
2018-04-04,0.15,2.220000000000048,5.689999999999996,6.480000000000001,1.67,0,Kodagu,Karnataka
2018-04-05,0.23,0.780000000000048,5.609999999999996,6.610000000000001,0.4,0,Kodagu,Karnataka
2018-04-06,0.23,0.610000000000048,3.5899999999999963,6.690000000000002,0.23,0,Kodagu,Karnataka
2018-04-07,0.22,0.6800000000000479,3.4699999999999966,6.870000000000002,0.23,0,Kodagu,Karnataka
2018-04-08,0.45,0.900000000000048,3.3499999999999965,7.210000000000002,0.45,0,Kodagu,Karnataka
2018-04-09,0.67,1.340000000000048,2.3499999999999965,7.790000000000002,0.67,0,Kodagu,Karnataka
2018-04-10,1.02,2.140000000000048,2.9699999999999966,8.700000000000001,1.02,0,Kodagu,Karnataka
2018-04-11,4.63,6.320000000000048,7.449999999999997,13.240000000000002,4.63,0,Kodagu,Karnataka
2018-04-12,3.8,9.450000000000047,11.019999999999996,16.94,4.63,0,Kodagu,Karnataka
2018-04-13,2.07,10.500000000000048,12.859999999999996,18.700000000000003,4.63,0,Kodagu,Karnataka
2018-04-14,3.4,9.270000000000046,16.039999999999996,19.85,3.8,0,Kodagu,Karnataka
2018-04-15,6.59,12.060000000000047,22.179999999999996,26.1,6.59,0,Kodagu,Karnataka
2018-04-16,2.55,12.540000000000045,24.059999999999995,28.080000000000002,6.59,0,Kodagu,Karnataka
2018-04-17,1.59,10.730000000000048,24.629999999999995,28.0,6.59,0,Kodagu,Karnataka
2018-04-18,1.48,5.620000000000047,21.479999999999993,29.080000000000002,2.55,0,Kodagu,Karnataka
2018-04-19,2.04,5.110000000000047,19.719999999999995,30.97,2.04,0,Kodagu,Karnataka
2018-04-20,2.16,5.680000000000048,19.81,32.900000000000006,2.16,0,Kodagu,Karnataka
2018-04-21,3.44,7.640000000000047,19.849999999999994,36.11,3.44,0,Kodagu,Karnataka
2018-04-22,8.56,14.160000000000046,21.819999999999997,44.45,8.56,0,Kodagu,Karnataka
2018-04-23,3.17,15.170000000000048,22.439999999999998,47.17,8.56,0,Kodagu,Karnataka
2018-04-24,0.48,12.210000000000049,21.329999999999995,46.980000000000004,8.56,0,Kodagu,Karnataka
2018-04-25,1.02,4.670000000000048,20.869999999999997,46.980000000000004,3.17,0,Kodagu,Karnataka
2018-04-26,0.45,1.950000000000048,19.279999999999998,42.800000000000004,1.02,0,Kodagu,Karnataka
2018-04-27,0.23,1.700000000000048,17.349999999999998,39.230000000000004,1.02,0,Kodagu,Karnataka
2018-04-28,0.27,0.950000000000048,14.179999999999996,37.43,0.45,0,Kodagu,Karnataka
2018-04-29,0.1,0.6000000000000479,5.719999999999996,34.13,0.27,0,Kodagu,Karnataka
2018-04-30,0.64,1.010000000000048,3.1899999999999964,28.180000000000003,0.64,0,Kodagu,Karnataka
2018-05-01,3.33,4.070000000000048,6.0399999999999965,28.96,3.33,0,Kodagu,Karnataka
2018-05-02,2.22,6.190000000000048,7.239999999999997,29.590000000000003,3.33,0,Kodagu,Karnataka
2018-05-03,10.52,16.07000000000005,17.309999999999995,38.63,10.52,0,Kodagu,Karnataka
2018-05-04,2.54,15.280000000000047,19.619999999999997,39.13,10.52,0,Kodagu,Karnataka
2018-05-05,2.02,15.080000000000048,21.369999999999997,38.99,10.52,0,Kodagu,Karnataka
2018-05-06,2.04,6.600000000000048,23.309999999999995,37.59,2.54,0,Kodagu,Karnataka
2018-05-07,3.71,7.7700000000000475,26.379999999999995,32.74,3.71,0,Kodagu,Karnataka
2018-05-08,8.04,13.790000000000047,31.089999999999996,37.61,8.04,0,Kodagu,Karnataka
2018-05-09,3.66,15.410000000000046,32.53,40.790000000000006,8.04,0,Kodagu,Karnataka
2018-05-10,15.55,27.25000000000005,37.559999999999995,55.32,15.55,0,Kodagu,Karnataka
2018-05-11,9.49,28.70000000000005,44.51,64.36,15.55,0,Kodagu,Karnataka
2018-05-12,3.5,28.54000000000005,45.99,67.63,15.55,0,Kodagu,Karnataka
2018-05-13,8.91,21.90000000000005,52.85999999999999,76.27000000000001,9.49,0,Kodagu,Karnataka
2018-05-14,20.36,32.770000000000046,69.50999999999999,96.53,20.36,0,Kodagu,Karnataka
2018-05-15,2.58,31.850000000000044,64.05,98.47,20.36,0,Kodagu,Karnataka
2018-05-16,1.97,24.910000000000046,62.35999999999999,97.11,20.36,0,Kodagu,Karnataka
2018-05-17,4.79,9.340000000000046,51.599999999999994,99.67999999999999,4.79,0,Kodagu,Karnataka
2018-05-18,4.04,10.800000000000047,46.15,93.2,4.79,0,Kodagu,Karnataka
2018-05-19,5.47,14.300000000000045,48.12,96.13,5.47,0,Kodagu,Karnataka
2018-05-20,6.03,15.540000000000045,45.239999999999995,100.14,6.03,0,Kodagu,Karnataka
2018-05-21,5.34,16.840000000000046,30.21999999999999,103.44000000000001,6.03,0,Kodagu,Karnataka
2018-05-22,1.11,12.480000000000047,28.749999999999993,100.84,6.03,0,Kodagu,Karnataka
2018-05-23,7.35,13.800000000000047,34.129999999999995,100.15,7.35,0,Kodagu,Karnataka
2018-05-24,7.46,15.920000000000046,36.79999999999999,103.94999999999999,7.46,0,Kodagu,Karnataka
2018-05-25,19.63,34.44000000000005,52.38999999999999,108.03,19.63,0,Kodagu,Karnataka
2018-05-26,14.91,42.00000000000004,61.83,113.45,19.63,0,Kodagu,Karnataka
2018-05-27,16.61,51.15000000000004,72.41,126.56,19.63,0,Kodagu,Karnataka
2018-05-28,29.25,60.770000000000046,96.32,146.9,29.25,0,Kodagu,Karnataka
2018-05-29,75.58,121.44000000000004,170.79,202.12,75.58,0,Kodagu,Karnataka
2018-05-30,8.65,113.48000000000005,172.09,208.19,75.58,0,Kodagu,Karnataka
2018-05-31,2.57,86.80000000000004,167.2,208.79000000000002,75.58,0,Kodagu,Karnataka
2018-06-01,1.08,12.300000000000043,148.65,205.07999999999998,8.65,1,Kodagu,Karnataka
2018-06-02,5.88,9.530000000000042,139.62,206.92,5.88,1,Kodagu,Karnataka
2018-06-03,7.27,14.230000000000041,130.28,208.72,7.27,1,Kodagu,Karnataka
2018-06-04,9.86,23.01000000000004,110.89,212.54999999999998,9.86,1,Kodagu,Karnataka
2018-06-05,7.49,24.62000000000004,42.8,214.7,9.86,1,Kodagu,Karnataka
2018-06-06,7.85,25.200000000000042,42.0,221.44,9.86,1,Kodagu,Karnataka
2018-06-07,34.42,49.76000000000005,73.85,248.51,34.42,1,Kodagu,Karnataka
2018-06-08,20.8,63.07000000000005,93.57000000000001,261.85,34.42,1,Kodagu,Karnataka
2018-06-09,43.48,98.70000000000005,131.17,285.7,43.48,1,Kodagu,Karnataka
2018-06-10,21.21,85.49000000000004,145.10999999999999,292.0,43.48,1,Kodagu,Karnataka
2018-06-11,20.15,84.84000000000005,155.4,295.53999999999996,43.48,1,Kodagu,Karnataka
2018-06-12,13.85,55.21000000000004,161.76,280.14,21.21,1,Kodagu,Karnataka
2018-06-13,12.44,46.44000000000004,166.35,216.99999999999997,20.15,1,Kodagu,Karnataka
2018-06-14,19.98,46.27000000000004,151.91,228.33,19.98,1,Kodagu,Karnataka
2018-06-15,8.7,41.12000000000004,139.81,234.45999999999998,19.98,1,Kodagu,Karnataka
2018-06-16,8.9,37.58000000000004,105.23,242.28,19.98,1,Kodagu,Karnataka
2018-06-17,7.1,24.700000000000042,91.12,243.5,8.9,1,Kodagu,Karnataka
2018-06-18,7.56,23.56000000000004,78.53,243.79,8.9,1,Kodagu,Karnataka
2018-06-19,15.02,29.680000000000042,79.7,248.95,15.02,1,Kodagu,Karnataka
2018-06-20,18.78,41.36000000000004,86.03999999999999,260.24,18.78,1,Kodagu,Karnataka
2018-06-21,9.87,43.670000000000044,75.93,262.26,18.78,1,Kodagu,Karnataka
2018-06-22,3.57,32.22000000000004,70.8,231.41,18.78,1,Kodagu,Karnataka
2018-06-23,8.21,21.65000000000004,70.11,218.82,9.87,1,Kodagu,Karnataka
2018-06-24,6.28,18.060000000000045,69.29,181.61999999999998,8.21,1,Kodagu,Karnataka
2018-06-25,13.19,27.680000000000042,74.92,173.6,13.19,1,Kodagu,Karnataka
2018-06-26,12.0,31.47000000000004,71.9,165.45,13.19,1,Kodagu,Karnataka
2018-06-27,22.23,47.420000000000044,75.35,173.83,22.23,1,Kodagu,Karnataka
2018-06-28,33.28,67.51000000000005,98.75999999999999,194.67000000000002,33.28,1,Kodagu,Karnataka
2018-06-29,19.81,75.32000000000005,115.0,194.5,33.28,1,Kodagu,Karnataka
2018-06-30,11.4,64.49000000000004,118.19,197.2,33.28,1,Kodagu,Karnataka
2018-07-01,3.75,34.96000000000004,115.66,192.04999999999998,19.81,1,Kodagu,Karnataka
2018-07-02,6.38,21.530000000000044,108.85,191.33,11.4,1,Kodagu,Karnataka
2018-07-03,4.65,14.780000000000044,101.5,188.42,6.38,1,Kodagu,Karnataka
2018-07-04,3.63,14.660000000000043,82.9,177.03,6.38,1,Kodagu,Karnataka
2018-07-05,3.74,12.020000000000044,53.36,161.98999999999998,4.65,1,Kodagu,Karnataka
2018-07-06,13.83,21.200000000000042,47.379999999999995,165.95000000000002,13.83,1,Kodagu,Karnataka
2018-07-07,25.95,43.520000000000046,61.93,188.32999999999998,25.95,1,Kodagu,Karnataka
2018-07-08,22.8,62.58000000000004,80.98,202.92000000000002,25.95,1,Kodagu,Karnataka
2018-07-09,34.69,83.44000000000004,109.29,231.33,34.69,1,Kodagu,Karnataka
2018-07-10,29.89,87.38000000000004,134.53,248.03000000000003,34.69,1,Kodagu,Karnataka
2018-07-11,40.77,105.35000000000005,171.67000000000002,276.8,40.77,1,Kodagu,Karnataka
2018-07-12,23.47,94.13000000000005,191.4,278.04,40.77,1,Kodagu,Karnataka
2018-07-13,27.46,91.70000000000005,205.03000000000003,272.22,40.77,1,Kodagu,Karnataka
2018-07-14,15.09,66.02000000000004,194.17,267.5,27.46,1,Kodagu,Karnataka
2018-07-15,18.48,61.030000000000044,189.85000000000002,274.58000000000004,27.46,1,Kodagu,Karnataka
2018-07-16,24.58,58.15000000000004,179.74,295.41,24.58,1,Kodagu,Karnataka
2018-07-17,16.78,59.840000000000046,166.63,305.81,24.58,1,Kodagu,Karnataka
2018-07-18,17.93,59.29000000000004,143.79,319.09,24.58,1,Kodagu,Karnataka
2018-07-19,21.84,56.55000000000004,142.16,337.3,21.84,1,Kodagu,Karnataka
2018-07-20,32.83,72.60000000000004,147.53,366.39,32.83,1,Kodagu,Karnataka
2018-07-21,30.55,85.22000000000004,162.99,383.11,32.83,1,Kodagu,Karnataka
2018-07-22,9.56,72.94000000000004,154.07000000000002,366.72,32.83,1,Kodagu,Karnataka
2018-07-23,11.79,51.900000000000034,141.28,355.71,30.55,1,Kodagu,Karnataka
2018-07-24,24.48,45.83000000000004,148.98,345.5,24.48,1,Kodagu,Karnataka
2018-07-25,17.74,54.01000000000003,148.79000000000002,333.35,24.48,1,Kodagu,Karnataka
2018-07-26,7.92,50.140000000000036,134.87,300.5,24.48,1,Kodagu,Karnataka
2018-07-27,4.13,29.79000000000004,106.17,281.16,17.74,1,Kodagu,Karnataka
2018-07-28,3.59,15.64000000000004,79.21000000000001,257.29,7.92,1,Kodagu,Karnataka
2018-07-29,5.76,13.48000000000004,75.41,247.96,5.76,1,Kodagu,Karnataka
2018-07-30,12.32,21.67000000000004,75.94,241.8,12.32,1,Kodagu,Karnataka
2018-07-31,11.95,30.03000000000004,63.41,229.17,12.32,1,Kodagu,Karnataka
2018-08-01,3.92,28.19000000000004,49.59,216.31,12.32,1,Kodagu,Karnataka
2018-08-02,8.37,24.240000000000038,50.04,206.75,11.95,1,Kodagu,Karnataka
2018-08-03,10.33,22.62000000000004,56.239999999999995,195.24,10.33,1,Kodagu,Karnataka
2018-08-04,4.84,23.540000000000035,57.49,167.25,10.33,1,Kodagu,Karnataka
2018-08-05,3.04,18.21000000000004,54.769999999999996,139.73999999999998,10.33,1,Kodagu,Karnataka
2018-08-06,7.02,14.900000000000038,49.47,137.2,7.02,1,Kodagu,Karnataka
2018-08-07,13.0,23.060000000000038,50.519999999999996,138.41,13.0,1,Kodagu,Karnataka
2018-08-08,13.19,33.210000000000036,59.79,127.12,13.19,1,Kodagu,Karnataka
2018-08-09,15.14,41.33000000000004,66.56,124.52,15.14,1,Kodagu,Karnataka
2018-08-10,11.55,39.88000000000004,67.78,128.15,15.14,1,Kodagu,Karnataka
2018-08-11,22.24,48.93000000000004,85.18,146.26,22.24,1,Kodagu,Karnataka
2018-08-12,37.51,71.30000000000004,119.65,180.18,37.51,1,Kodagu,Karnataka
2018-08-13,19.73,79.48000000000003,132.35999999999999,194.15,37.51,1,Kodagu,Karnataka
2018-08-14,39.11,96.35000000000004,158.47,220.94,39.11,1,Kodagu,Karnataka
2018-08-15,55.72,114.56000000000003,201.0,264.71,55.72,1,Kodagu,Karnataka
2018-08-16,23.27,118.10000000000004,209.13000000000002,284.06,55.72,1,Kodagu,Karnataka
2018-08-17,17.79,96.78000000000003,215.37,293.48,55.72,1,Kodagu,Karnataka
2018-08-18,11.4,52.460000000000036,204.53,294.55,23.27,1,Kodagu,Karnataka
2018-08-19,5.47,34.66000000000003,172.49,295.18,17.79,1,Kodagu,Karnataka
2018-08-20,11.15,28.020000000000035,163.91000000000003,303.28999999999996,11.4,1,Kodagu,Karnataka
2018-08-21,10.45,27.070000000000032,135.25,306.72,11.15,1,Kodagu,Karnataka
2018-08-22,3.4,25.000000000000032,82.92999999999999,297.12,11.15,1,Kodagu,Karnataka
2018-08-23,3.79,17.640000000000036,63.45,287.72,10.45,1,Kodagu,Karnataka
2018-08-24,6.0,13.190000000000035,51.66,278.58000000000004,6.0,1,Kodagu,Karnataka
2018-08-25,1.38,11.170000000000034,41.63999999999999,268.41,6.0,1,Kodagu,Karnataka
2018-08-26,4.32,11.700000000000035,40.489999999999995,250.49,6.0,1,Kodagu,Karnataka
2018-08-27,7.83,13.530000000000037,37.17,220.81,7.83,1,Kodagu,Karnataka
2018-08-28,10.18,22.330000000000037,36.9,211.26,10.18,1,Kodagu,Karnataka
2018-08-29,3.98,21.990000000000038,37.48,176.12999999999997,10.18,1,Kodagu,Karnataka
2018-08-30,5.94,20.100000000000037,39.63,126.35,10.18,1,Kodagu,Karnataka
2018-08-31,6.53,16.450000000000035,40.160000000000004,109.61,6.53,1,Kodagu,Karnataka
2018-09-01,1.45,13.920000000000035,40.23,93.27,6.53,1,Kodagu,Karnataka
2018-09-02,0.46,8.440000000000035,36.37,82.33,6.53,1,Kodagu,Karnataka
2018-09-03,0.07,1.9800000000000355,28.61,76.93,1.45,1,Kodagu,Karnataka
2018-09-04,0.07,0.6000000000000356,18.5,65.85,0.46,1,Kodagu,Karnataka
2018-09-05,0.27,0.41000000000003556,14.79,55.669999999999995,0.27,1,Kodagu,Karnataka
2018-09-06,0.6,0.9400000000000355,9.45,52.87,0.6,1,Kodagu,Karnataka
2018-09-07,1.51,2.3800000000000354,4.43,50.589999999999996,1.51,1,Kodagu,Karnataka
2018-09-08,1.37,3.480000000000036,4.35,45.96,1.51,1,Kodagu,Karnataka
2018-09-09,0.01,2.890000000000036,3.9,44.59,1.51,1,Kodagu,Karnataka
2018-09-10,0.08,1.460000000000036,3.91,40.35,1.37,1,Kodagu,Karnataka
2018-09-11,14.16,14.250000000000036,18.0,46.67999999999999,14.16,1,Kodagu,Karnataka
2018-09-12,1.69,15.930000000000035,19.42,38.190000000000005,14.16,1,Kodagu,Karnataka
2018-09-13,0.1,15.950000000000035,18.919999999999998,34.31,14.16,1,Kodagu,Karnataka
2018-09-14,1.13,2.9200000000000355,18.54,29.5,1.69,1,Kodagu,Karnataka
2018-09-15,1.97,3.2000000000000357,19.14,24.94,1.97,1,Kodagu,Karnataka
2018-09-16,0.94,4.040000000000036,20.069999999999997,24.43,1.97,1,Kodagu,Karnataka
2018-09-17,0.95,3.8600000000000354,20.94,24.92,1.97,1,Kodagu,Karnataka
2018-09-18,0.22,2.1100000000000354,7.0,25.07,0.95,1,Kodagu,Karnataka
2018-09-19,0.1,1.2700000000000355,5.41,25.1,0.95,1,Kodagu,Karnataka
2018-09-20,5.82,6.140000000000036,11.129999999999999,30.65,5.82,1,Kodagu,Karnataka
2018-09-21,2.12,8.040000000000036,12.120000000000001,32.17,5.82,1,Kodagu,Karnataka
2018-09-22,0.02,7.9600000000000355,10.17,30.68,5.82,1,Kodagu,Karnataka
2018-09-23,4.81,6.950000000000035,14.04,34.12,4.81,1,Kodagu,Karnataka
2018-09-24,3.78,8.610000000000035,16.869999999999997,37.89,4.81,1,Kodagu,Karnataka
2018-09-25,6.41,15.000000000000036,23.060000000000002,44.22,6.41,1,Kodagu,Karnataka
2018-09-26,16.76,26.95000000000004,39.72,46.82,16.76,1,Kodagu,Karnataka
2018-09-27,22.35,45.52000000000004,56.25,67.48,22.35,1,Kodagu,Karnataka
2018-09-28,9.21,48.32000000000004,63.34,76.59,22.35,1,Kodagu,Karnataka
2018-09-29,10.2,41.76000000000003,73.52,85.66,22.35,1,Kodagu,Karnataka
2018-09-30,1.97,21.380000000000035,70.67999999999999,85.66,10.2,1,Kodagu,Karnataka
2018-10-01,12.46,24.630000000000038,79.36,97.18,12.46,0,Kodagu,Karnataka
2018-10-02,8.99,23.420000000000037,81.94,105.22,12.46,0,Kodagu,Karnataka
2018-10-03,3.52,24.970000000000038,68.70000000000002,108.52000000000001,12.46,0,Kodagu,Karnataka
2018-10-04,11.13,23.640000000000036,57.480000000000004,119.55000000000001,11.13,0,Kodagu,Karnataka
2018-10-05,10.01,24.660000000000036,58.28,123.74000000000001,11.13,0,Kodagu,Karnataka
2018-10-06,10.54,31.680000000000035,58.62,132.16,11.13,0,Kodagu,Karnataka
2018-10-07,3.1,23.650000000000034,59.75,135.24,10.54,0,Kodagu,Karnataka
2018-10-08,18.62,32.26000000000003,65.91,149.05,18.62,0,Kodagu,Karnataka
2018-10-09,14.23,35.95000000000004,71.15,159.5,18.62,0,Kodagu,Karnataka
2018-10-10,5.47,38.320000000000036,73.1,158.56000000000003,18.62,0,Kodagu,Karnataka
2018-10-11,0.57,20.270000000000035,62.54,142.37,14.23,0,Kodagu,Karnataka
2018-10-12,0.53,6.570000000000035,53.06,120.55,5.47,0,Kodagu,Karnataka
2018-10-13,1.42,2.5200000000000355,43.940000000000005,112.76,1.42,0,Kodagu,Karnataka
2018-10-14,3.35,5.300000000000036,44.19,105.91000000000001,3.35,0,Kodagu,Karnataka
2018-10-15,6.7,11.470000000000034,32.27,110.64000000000001,6.7,0,Kodagu,Karnataka
2018-10-16,17.68,27.730000000000032,35.72,115.86,17.68,0,Kodagu,Karnataka
2018-10-17,18.66,43.040000000000035,48.91,125.53,18.66,0,Kodagu,Karnataka
2018-10-18,0.49,36.83000000000003,48.83,122.5,18.66,0,Kodagu,Karnataka
2018-10-19,10.02,29.17000000000003,58.32,121.39,18.66,0,Kodagu,Karnataka
2018-10-20,7.0,17.510000000000034,63.9,118.38,10.02,0,Kodagu,Karnataka
2018-10-21,0.38,17.400000000000034,60.92999999999999,108.22,10.02,0,Kodagu,Karnataka
2018-10-22,0.09,7.470000000000032,54.32,105.21000000000001,7.0,0,Kodagu,Karnataka
2018-10-23,0.02,0.49000000000003197,36.66,86.61,0.38,0,Kodagu,Karnataka
2018-10-24,0.01,0.12000000000003197,18.01,72.39,0.09,0,Kodagu,Karnataka
2018-10-25,0.0,0.030000000000031973,17.520000000000003,66.92,0.02,0,Kodagu,Karnataka
2018-10-26,0.01,0.020000000000031975,7.51,66.36,0.01,0,Kodagu,Karnataka
2018-10-27,0.0,0.010000000000031975,0.51,65.83000000000001,0.01,0,Kodagu,Karnataka
2018-10-28,0.0,0.010000000000031975,0.13,64.41000000000001,0.01,0,Kodagu,Karnataka
2018-10-29,0.0,0.0,0.04,61.059999999999995,0.0,0,Kodagu,Karnataka
2018-10-30,0.0,0.0,0.02,54.36,0.0,0,Kodagu,Karnataka
2018-10-31,0.01,0.010000000000031975,0.02,36.69,0.01,0,Kodagu,Karnataka
2018-11-01,0.09,0.10000000000003197,0.11,18.12,0.09,0,Kodagu,Karnataka
2018-11-02,0.62,0.720000000000032,0.72,18.25,0.62,0,Kodagu,Karnataka
2018-11-03,9.23,9.940000000000033,9.950000000000001,17.46,9.23,0,Kodagu,Karnataka
2018-11-04,0.92,10.770000000000033,10.870000000000001,11.38,9.23,0,Kodagu,Karnataka
2018-11-05,1.25,11.400000000000034,12.120000000000001,12.25,9.23,0,Kodagu,Karnataka
2018-11-06,0.32,2.4900000000000335,12.440000000000001,12.48,1.25,0,Kodagu,Karnataka
2018-11-07,0.13,1.7000000000000337,12.56,12.59,1.25,0,Kodagu,Karnataka
2018-11-08,0.0,0.45000000000003376,12.47,12.58,0.32,0,Kodagu,Karnataka
2018-11-09,0.0,0.13000000000003376,11.85,12.58,0.13,0,Kodagu,Karnataka
2018-11-10,0.0,0.0,2.62,12.57,0.0,0,Kodagu,Karnataka
2018-11-11,0.03,0.03000000000003375,1.73,12.600000000000001,0.03,0,Kodagu,Karnataka
2018-11-12,0.0,0.03000000000003375,0.48,12.600000000000001,0.03,0,Kodagu,Karnataka
2018-11-13,0.0,0.03000000000003375,0.16,12.600000000000001,0.03,0,Kodagu,Karnataka
2018-11-14,0.0,0.0,0.03,12.600000000000001,0.0,0,Kodagu,Karnataka
2018-11-15,0.15,0.15000000000003375,0.18,12.740000000000002,0.15,0,Kodagu,Karnataka
2018-11-16,0.4,0.5500000000000338,0.5800000000000001,13.05,0.4,0,Kodagu,Karnataka
2018-11-17,0.01,0.5600000000000338,0.59,12.44,0.4,0,Kodagu,Karnataka
2018-11-18,3.79,4.200000000000034,4.35,7.0,3.79,0,Kodagu,Karnataka
2018-11-19,3.15,6.950000000000034,7.5,9.23,3.79,0,Kodagu,Karnataka
2018-11-20,0.55,7.490000000000034,8.05,8.53,3.79,0,Kodagu,Karnataka
2018-11-21,0.06,3.7600000000000335,8.11,8.27,3.15,0,Kodagu,Karnataka
2018-11-22,0.31,0.9200000000000338,8.27,8.450000000000001,0.55,0,Kodagu,Karnataka
2018-11-23,1.84,2.2100000000000337,9.71,10.290000000000001,1.84,0,Kodagu,Karnataka
2018-11-24,9.89,12.040000000000035,19.590000000000003,20.18,9.89,0,Kodagu,Karnataka
2018-11-25,0.4,12.130000000000035,16.2,20.580000000000002,9.89,0,Kodagu,Karnataka
2018-11-26,0.11,10.400000000000034,13.160000000000002,20.66,9.89,0,Kodagu,Karnataka
2018-11-27,0.04,0.5500000000000338,12.650000000000002,20.7,0.4,0,Kodagu,Karnataka
2018-11-28,0.0,0.15000000000003375,12.590000000000002,20.7,0.11,0,Kodagu,Karnataka
2018-11-29,0.02,0.06000000000003375,12.3,20.72,0.04,0,Kodagu,Karnataka
2018-11-30,0.15,0.17000000000003374,10.610000000000001,20.720000000000002,0.15,0,Kodagu,Karnataka
2018-12-01,0.33,0.5000000000000338,1.05,20.65,0.33,0,Kodagu,Karnataka
2018-12-02,0.0,0.48000000000003373,0.65,20.64,0.33,0,Kodagu,Karnataka
2018-12-03,0.0,0.33000000000003377,0.54,16.85,0.33,0,Kodagu,Karnataka
2018-12-04,0.25,0.25000000000003375,0.75,13.950000000000001,0.25,0,Kodagu,Karnataka
2018-12-05,1.03,1.2800000000000338,1.78,14.430000000000001,1.03,0,Kodagu,Karnataka
2018-12-06,1.63,2.910000000000034,3.3899999999999997,16.0,1.63,0,Kodagu,Karnataka
2018-12-07,0.29,2.9500000000000335,3.53,15.98,1.63,0,Kodagu,Karnataka
2018-12-08,0.01,1.9300000000000337,3.21,14.15,1.63,0,Kodagu,Karnataka
2018-12-09,0.01,0.31000000000003375,3.2199999999999998,4.27,0.29,0,Kodagu,Karnataka
2018-12-10,0.01,0.03,3.23,3.88,0.01,0,Kodagu,Karnataka
2018-12-11,0.0,0.020000000000033748,2.98,3.7699999999999996,0.01,0,Kodagu,Karnataka
2018-12-12,0.0,0.010000000000033751,1.95,3.73,0.01,0,Kodagu,Karnataka
2018-12-13,0.0,0.0,0.32,3.73,0.0,0,Kodagu,Karnataka
2018-12-14,0.04,0.04000000000003375,0.07,3.75,0.04,0,Kodagu,Karnataka
2018-12-15,0.01,0.050000000000033754,0.06999999999999999,3.61,0.04,0,Kodagu,Karnataka
2018-12-16,0.01,0.06000000000003375,0.07,3.29,0.04,0,Kodagu,Karnataka
2018-12-17,0.0,0.02000000000003375,0.06,3.29,0.01,0,Kodagu,Karnataka
2018-12-18,0.0,0.010000000000033751,0.06,3.29,0.01,0,Kodagu,Karnataka
2018-12-19,0.01,0.010000000000033751,0.07,3.0500000000000003,0.01,0,Kodagu,Karnataka
2018-12-20,0.35,0.36000000000003374,0.42,2.3699999999999997,0.35,0,Kodagu,Karnataka
2018-12-21,0.0,0.36000000000003374,0.38,0.74,0.35,0,Kodagu,Karnataka
2018-12-22,0.0,0.35000000000003373,0.37,0.44999999999999996,0.35,0,Kodagu,Karnataka
2018-12-23,0.07,0.07000000000003376,0.43,0.51,0.07,0,Kodagu,Karnataka
2018-12-24,0.7,0.7700000000000338,1.13,1.2,0.7,0,Kodagu,Karnataka
2018-12-25,0.28,1.0500000000000338,1.41,1.47,0.7,0,Kodagu,Karnataka
2018-12-26,0.18,1.1600000000000337,1.5799999999999998,1.65,0.7,0,Kodagu,Karnataka
2018-12-27,0.07,0.5300000000000338,1.3,1.72,0.28,0,Kodagu,Karnataka
2018-12-28,0.23,0.48000000000003373,1.5299999999999998,1.95,0.23,0,Kodagu,Karnataka
2018-12-29,1.24,1.5400000000000338,2.7699999999999996,3.15,1.24,0,Kodagu,Karnataka
2018-12-30,0.22,1.6900000000000337,2.92,3.3600000000000003,1.24,0,Kodagu,Karnataka
2018-12-31,0.0,1.4600000000000337,2.2199999999999998,3.35,1.24,0,Kodagu,Karnataka
2019-01-01,0.0,0.22000000000003375,1.94,3.35,0.22,0,Kodagu,Karnataka
2019-01-02,0.0,0.0,1.76,3.35,0.0,0,Kodagu,Karnataka
2019-01-03,0.0,0.0,1.69,3.3400000000000003,0.0,0,Kodagu,Karnataka
2019-01-04,0.0,0.0,1.46,2.99,0.0,0,Kodagu,Karnataka
2019-01-05,0.0,0.0,0.22,2.99,0.0,0,Kodagu,Karnataka
2019-01-06,0.0,0.0,0.0,2.99,0.0,0,Kodagu,Karnataka
2019-01-07,0.0,0.0,0.0,2.9200000000000004,0.0,0,Kodagu,Karnataka
2019-01-08,0.0,0.0,0.0,2.22,0.0,0,Kodagu,Karnataka
2019-01-09,0.0,0.0,0.0,1.94,0.0,0,Kodagu,Karnataka
2019-01-10,0.0,0.0,0.0,1.76,0.0,0,Kodagu,Karnataka
2019-01-11,0.0,0.0,0.0,1.69,0.0,0,Kodagu,Karnataka
2019-01-12,0.0,0.0,0.0,1.46,0.0,0,Kodagu,Karnataka
2019-01-13,0.0,0.0,0.0,0.22,0.0,0,Kodagu,Karnataka
2019-01-14,0.0,0.0,0.0,0.0,0.0,0,Kodagu,Karnataka
2019-01-15,0.0,0.0,0.0,0.0,0.0,0,Kodagu,Karnataka
2019-01-16,0.0,0.0,0.0,0.0,0.0,0,Kodagu,Karnataka
2019-01-17,0.0,0.0,0.0,0.0,0.0,0,Kodagu,Karnataka
2019-01-18,0.0,0.0,0.0,0.0,0.0,0,Kodagu,Karnataka
2019-01-19,0.0,0.0,0.0,0.0,0.0,0,Kodagu,Karnataka
2019-01-20,0.0,0.0,0.0,0.0,0.0,0,Kodagu,Karnataka
2019-01-21,0.0,0.0,0.0,0.0,0.0,0,Kodagu,Karnataka
2019-01-22,0.01,0.010000000000033751,0.01,0.01,0.01,0,Kodagu,Karnataka
2019-01-23,0.01,0.02000000000003375,0.02,0.02,0.01,0,Kodagu,Karnataka
2019-01-24,0.01,0.03,0.03,0.03,0.01,0,Kodagu,Karnataka
2019-01-25,0.03,0.05000000000003375,0.06,0.06,0.03,0,Kodagu,Karnataka
2019-01-26,0.01,0.05000000000003375,0.06999999999999999,0.06999999999999999,0.03,0,Kodagu,Karnataka
2019-01-27,0.0,0.04000000000003375,0.06999999999999999,0.06999999999999999,0.03,0,Kodagu,Karnataka
2019-01-28,0.0,0.010000000000033751,0.06999999999999999,0.06999999999999999,0.01,0,Kodagu,Karnataka
2019-01-29,0.01,0.010000000000033751,0.06999999999999999,0.08,0.01,0,Kodagu,Karnataka
2019-01-30,0.0,0.010000000000033751,0.06,0.08,0.01,0,Kodagu,Karnataka
2019-01-31,0.0,0.010000000000033751,0.05,0.08,0.01,0,Kodagu,Karnataka
2019-02-01,0.0,0.0,0.02,0.08,0.0,0,Kodagu,Karnataka
2019-02-02,0.0,0.0,0.01,0.08,0.0,0,Kodagu,Karnataka
2019-02-03,0.0,0.0,0.01,0.08,0.0,0,Kodagu,Karnataka
2019-02-04,0.0,0.0,0.01,0.08,0.0,0,Kodagu,Karnataka
2019-02-05,0.0,0.0,0.0,0.08,0.0,0,Kodagu,Karnataka
2019-02-06,0.09,0.09000000000003375,0.09,0.16,0.09,0,Kodagu,Karnataka
2019-02-07,0.34,0.4300000000000338,0.43000000000000005,0.49,0.34,0,Kodagu,Karnataka
2019-02-08,0.0,0.43000000000003374,0.43,0.48000000000000004,0.34,0,Kodagu,Karnataka
2019-02-09,0.37,0.7100000000000337,0.8,0.8200000000000001,0.37,0,Kodagu,Karnataka
2019-02-10,1.17,1.5400000000000338,1.97,1.98,1.17,0,Kodagu,Karnataka
2019-02-11,1.11,2.650000000000034,3.08,3.09,1.17,0,Kodagu,Karnataka
2019-02-12,0.01,2.290000000000034,3.09,3.1,1.17,0,Kodagu,Karnataka
2019-02-13,0.0,1.1200000000000339,3.0,3.0900000000000003,1.11,0,Kodagu,Karnataka
2019-02-14,0.0,0.010000000000033751,2.6599999999999997,3.0900000000000003,0.01,0,Kodagu,Karnataka
2019-02-15,0.05,0.050000000000033754,2.71,3.14,0.05,0,Kodagu,Karnataka
2019-02-16,0.0,0.050000000000033754,2.34,3.14,0.05,0,Kodagu,Karnataka
2019-02-17,0.0,0.050000000000033754,1.1700000000000002,3.14,0.05,0,Kodagu,Karnataka
2019-02-18,0.0,0.0,0.060000000000000005,3.14,0.0,0,Kodagu,Karnataka
2019-02-19,0.11,0.11000000000003375,0.16,3.2500000000000004,0.11,0,Kodagu,Karnataka
2019-02-20,0.01,0.12000000000003375,0.17,3.2600000000000002,0.11,0,Kodagu,Karnataka
2019-02-21,0.0,0.12000000000003375,0.17,3.17,0.11,0,Kodagu,Karnataka
2019-02-22,0.0,0.010000000000033751,0.12,2.83,0.01,0,Kodagu,Karnataka
2019-02-23,0.0,0.0,0.12,2.83,0.0,0,Kodagu,Karnataka
2019-02-24,0.0,0.0,0.12,2.46,0.0,0,Kodagu,Karnataka
2019-02-25,0.03,0.03000000000003375,0.15,1.32,0.03,0,Kodagu,Karnataka
2019-02-26,0.07,0.10000000000003376,0.11,0.28,0.07,0,Kodagu,Karnataka
2019-02-27,0.0,0.10000000000003376,0.1,0.27,0.07,0,Kodagu,Karnataka
2019-02-28,0.0,0.07000000000003376,0.1,0.27,0.07,0,Kodagu,Karnataka
2019-03-01,0.03,0.03000000000003375,0.13,0.30000000000000004,0.03,0,Kodagu,Karnataka
2019-03-02,1.83,1.8600000000000338,1.96,2.08,1.83,0,Kodagu,Karnataka
2019-03-03,0.32,2.180000000000034,2.28,2.4,1.83,0,Kodagu,Karnataka
2019-03-04,0.0,2.150000000000034,2.25,2.4,1.83,0,Kodagu,Karnataka
2019-03-05,0.0,0.32000000000003376,2.1799999999999997,2.4,0.32,0,Kodagu,Karnataka
2019-03-06,0.0,0.0,2.1799999999999997,2.29,0.0,0,Kodagu,Karnataka
2019-03-07,0.0,0.0,2.1799999999999997,2.28,0.0,0,Kodagu,Karnataka
2019-03-08,0.0,0.0,2.15,2.28,0.0,0,Kodagu,Karnataka
2019-03-09,0.04,0.04000000000003375,0.36,2.32,0.04,0,Kodagu,Karnataka
2019-03-10,0.74,0.7800000000000338,0.78,3.06,0.74,0,Kodagu,Karnataka
2019-03-11,1.73,2.5100000000000335,2.51,4.79,1.73,0,Kodagu,Karnataka
2019-03-12,0.03,2.5000000000000338,2.54,4.79,1.73,0,Kodagu,Karnataka
2019-03-13,0.0,1.7600000000000338,2.54,4.720000000000001,1.73,0,Kodagu,Karnataka
2019-03-14,0.0,0.03000000000003375,2.54,4.720000000000001,0.03,0,Kodagu,Karnataka
2019-03-15,0.0,0.0,2.54,4.720000000000001,0.0,0,Kodagu,Karnataka
2019-03-16,0.0,0.0,2.5,4.69,0.0,0,Kodagu,Karnataka
2019-03-17,0.0,0.0,1.76,2.86,0.0,0,Kodagu,Karnataka
2019-03-18,0.0,0.0,0.03,2.54,0.0,0,Kodagu,Karnataka
2019-03-19,0.0,0.0,0.0,2.54,0.0,0,Kodagu,Karnataka
2019-03-20,0.01,0.010000000000033751,0.01,2.5500000000000003,0.01,0,Kodagu,Karnataka
2019-03-21,0.0,0.010000000000033751,0.01,2.5500000000000003,0.01,0,Kodagu,Karnataka
2019-03-22,0.0,0.010000000000033751,0.01,2.5500000000000003,0.01,0,Kodagu,Karnataka
2019-03-23,0.0,0.0,0.01,2.5500000000000003,0.0,0,Kodagu,Karnataka
2019-03-24,0.01,0.010000000000033751,0.02,2.52,0.01,0,Kodagu,Karnataka
2019-03-25,0.01,0.02000000000003375,0.03,1.79,0.01,0,Kodagu,Karnataka
2019-03-26,0.1,0.12000000000003376,0.13,0.16,0.1,0,Kodagu,Karnataka
2019-03-27,0.24,0.35000000000003373,0.36,0.37,0.24,0,Kodagu,Karnataka
2019-03-28,0.21,0.5500000000000338,0.57,0.58,0.24,0,Kodagu,Karnataka
2019-03-29,0.25,0.7000000000000337,0.82,0.83,0.25,0,Kodagu,Karnataka
2019-03-30,2.96,3.4200000000000337,3.78,3.79,2.96,0,Kodagu,Karnataka
2019-03-31,1.34,4.550000000000034,5.11,5.13,2.96,0,Kodagu,Karnataka
2019-04-01,0.07,4.370000000000034,5.17,5.2,2.96,0,Kodagu,Karnataka
2019-04-02,1.39,2.8000000000000336,6.46,6.59,1.39,0,Kodagu,Karnataka
2019-04-03,1.91,3.370000000000034,8.129999999999999,8.5,1.91,0,Kodagu,Karnataka
2019-04-04,0.35,3.6500000000000337,8.27,8.84,1.91,0,Kodagu,Karnataka
2019-04-05,0.38,2.6400000000000334,8.399999999999999,9.22,1.91,0,Kodagu,Karnataka
2019-04-06,0.21,0.9400000000000337,5.65,9.43,0.38,0,Kodagu,Karnataka
2019-04-07,0.34,0.9300000000000338,4.6499999999999995,9.77,0.38,0,Kodagu,Karnataka
2019-04-08,1.72,2.2700000000000338,6.300000000000001,11.48,1.72,0,Kodagu,Karnataka
2019-04-09,1.59,3.650000000000034,6.5,13.06,1.72,0,Kodagu,Karnataka
2019-04-10,0.47,3.780000000000034,5.06,13.43,1.72,0,Kodagu,Karnataka
2019-04-11,5.49,7.5500000000000345,10.2,18.68,5.49,0,Kodagu,Karnataka
2019-04-12,4.02,9.980000000000034,13.84,22.490000000000002,5.49,0,Kodagu,Karnataka
2019-04-13,0.3,9.810000000000034,13.93,22.54,5.49,0,Kodagu,Karnataka
2019-04-14,0.28,4.600000000000033,13.87,19.86,4.02,0,Kodagu,Karnataka
2019-04-15,0.45,1.0300000000000338,12.6,18.97,0.45,0,Kodagu,Karnataka
2019-04-16,0.28,1.0100000000000338,11.29,19.18,0.45,0,Kodagu,Karnataka
2019-04-17,4.23,4.960000000000035,15.05,22.02,4.23,0,Kodagu,Karnataka
2019-04-18,6.64,11.150000000000034,16.2,26.75,6.64,0,Kodagu,Karnataka
2019-04-19,6.96,17.830000000000034,19.14,33.36,6.96,0,Kodagu,Karnataka
2019-04-20,0.49,14.090000000000034,19.33,33.47,6.96,0,Kodagu,Karnataka
2019-04-21,2.08,9.530000000000035,21.130000000000003,35.339999999999996,6.96,0,Kodagu,Karnataka
2019-04-22,1.67,4.240000000000035,22.35,36.67,2.08,0,Kodagu,Karnataka
2019-04-23,1.04,4.790000000000035,23.11,35.99,2.08,0,Kodagu,Karnataka
2019-04-24,0.33,3.0400000000000347,19.21,34.73,1.67,0,Kodagu,Karnataka
2019-04-25,0.5,1.8700000000000347,13.069999999999999,34.76,1.04,0,Kodagu,Karnataka
2019-04-26,0.12,0.9500000000000346,6.23,29.389999999999997,0.5,0,Kodagu,Karnataka
2019-04-27,0.15,0.7700000000000345,5.89,25.52,0.5,0,Kodagu,Karnataka
2019-04-28,0.13,0.40000000000003466,3.94,25.35,0.15,0,Kodagu,Karnataka
2019-04-29,1.08,1.3600000000000347,3.35,26.150000000000002,1.08,0,Kodagu,Karnataka
2019-04-30,5.29,6.500000000000035,7.6,30.990000000000002,5.29,0,Kodagu,Karnataka
2019-05-01,1.49,7.860000000000035,8.76,32.2,5.29,0,Kodagu,Karnataka
2019-05-02,0.1,6.8800000000000345,8.360000000000001,28.07,5.29,0,Kodagu,Karnataka
2019-05-03,0.02,1.6100000000000347,8.260000000000002,21.45,1.49,0,Kodagu,Karnataka
2019-05-04,0.0,0.12000000000003465,8.110000000000001,14.49,0.1,0,Kodagu,Karnataka
2019-05-05,0.03,0.05000000000003464,8.01,14.030000000000001,0.03,0,Kodagu,Karnataka
2019-05-06,0.72,0.7500000000000346,7.65,12.67,0.72,0,Kodagu,Karnataka
2019-05-07,2.64,3.3900000000000348,5.000000000000001,13.64,2.64,0,Kodagu,Karnataka
2019-05-08,1.78,5.140000000000035,5.290000000000001,14.38,2.64,0,Kodagu,Karnataka
2019-05-09,0.19,4.610000000000035,5.380000000000001,14.240000000000002,2.64,0,Kodagu,Karnataka
2019-05-10,0.12,2.0900000000000345,5.48,13.860000000000001,1.78,0,Kodagu,Karnataka
2019-05-11,0.56,0.8700000000000347,6.040000000000001,14.3,0.56,0,Kodagu,Karnataka
2019-05-12,3.03,3.7100000000000346,9.040000000000001,17.18,3.03,0,Kodagu,Karnataka
2019-05-13,3.03,6.620000000000035,11.35,20.080000000000002,3.03,0,Kodagu,Karnataka
2019-05-14,0.96,7.020000000000033,9.670000000000002,19.959999999999997,3.03,0,Kodagu,Karnataka
2019-05-15,3.29,7.280000000000035,11.18,17.96,3.29,0,Kodagu,Karnataka
2019-05-16,0.8,5.050000000000035,11.790000000000001,17.27,3.29,0,Kodagu,Karnataka
2019-05-17,1.05,5.140000000000035,12.719999999999999,18.22,3.29,0,Kodagu,Karnataka
2019-05-18,0.28,2.1300000000000345,12.440000000000001,18.48,1.05,0,Kodagu,Karnataka
2019-05-19,0.55,1.8800000000000348,9.96,19.03,1.05,0,Kodagu,Karnataka
2019-05-20,0.57,1.4000000000000346,7.500000000000001,19.57,0.57,0,Kodagu,Karnataka
2019-05-21,4.17,5.290000000000035,10.71,23.02,4.17,0,Kodagu,Karnataka
2019-05-22,1.41,6.150000000000035,8.830000000000002,21.79,4.17,0,Kodagu,Karnataka
2019-05-23,3.06,8.640000000000034,11.09,23.07,4.17,0,Kodagu,Karnataka
2019-05-24,1.76,6.230000000000034,11.8,24.64,3.06,0,Kodagu,Karnataka
2019-05-25,4.52,9.340000000000034,16.04,29.04,4.52,0,Kodagu,Karnataka
2019-05-26,2.76,9.040000000000035,18.25,31.240000000000002,4.52,0,Kodagu,Karnataka
2019-05-27,1.06,8.340000000000034,18.74,29.27,4.52,0,Kodagu,Karnataka
2019-05-28,6.67,10.490000000000034,21.240000000000002,32.91,6.67,0,Kodagu,Karnataka
2019-05-29,7.04,14.770000000000035,26.87,38.99,7.04,0,Kodagu,Karnataka
2019-05-30,6.18,19.890000000000033,29.990000000000002,41.88,7.04,0,Kodagu,Karnataka
2019-05-31,4.74,17.960000000000033,32.97,45.82,7.04,0,Kodagu,Karnataka
2019-06-01,3.84,14.760000000000034,32.29,48.61,6.18,1,Kodagu,Karnataka
2019-06-02,9.7,18.280000000000033,39.230000000000004,58.03,9.7,1,Kodagu,Karnataka
2019-06-03,10.2,23.74000000000003,48.37,67.68,10.2,1,Kodagu,Karnataka
2019-06-04,0.2,20.10000000000003,41.9,67.30999999999999,10.2,1,Kodagu,Karnataka
2019-06-05,17.79,28.19000000000003,52.64999999999999,80.92999999999999,17.79,1,Kodagu,Karnataka
2019-06-06,8.74,26.730000000000032,55.209999999999994,88.26,17.79,1,Kodagu,Karnataka
2019-06-07,3.14,29.67000000000003,53.60999999999999,88.34,17.79,1,Kodagu,Karnataka
2019-06-08,4.04,15.920000000000032,53.809999999999995,90.61999999999999,8.74,1,Kodagu,Karnataka
2019-06-09,1.95,9.130000000000031,46.06,88.05,4.04,1,Kodagu,Karnataka
2019-06-10,9.15,15.14000000000003,45.01,94.44,9.15,1,Kodagu,Karnataka
2019-06-11,13.06,24.160000000000032,57.87,106.44,13.06,1,Kodagu,Karnataka
2019-06-12,14.73,36.94000000000003,54.809999999999995,114.5,14.73,1,Kodagu,Karnataka
2019-06-13,14.57,42.360000000000035,60.64,122.03,14.73,1,Kodagu,Karnataka
2019-06-14,17.42,46.720000000000034,74.92,133.27,17.42,1,Kodagu,Karnataka
2019-06-15,9.35,41.34000000000003,80.22999999999999,137.88,17.42,1,Kodagu,Karnataka
2019-06-16,1.84,28.610000000000035,80.12,135.88,17.42,1,Kodagu,Karnataka
2019-06-17,1.3,12.490000000000032,72.27,127.48,9.35,1,Kodagu,Karnataka
2019-06-18,6.64,9.780000000000031,65.85,123.92,6.64,1,Kodagu,Karnataka
2019-06-19,15.61,23.550000000000033,66.73,139.32999999999998,15.61,1,Kodagu,Karnataka
2019-06-20,19.64,41.89000000000003,71.8,141.18,19.64,1,Kodagu,Karnataka
2019-06-21,4.14,39.39000000000003,58.519999999999996,136.57999999999998,19.64,1,Kodagu,Karnataka
2019-06-22,9.09,32.87000000000003,58.26,142.53,19.64,1,Kodagu,Karnataka
2019-06-23,8.21,21.440000000000033,64.63,146.7,9.09,1,Kodagu,Karnataka
2019-06-24,2.9,20.20000000000003,66.23,147.65,9.09,1,Kodagu,Karnataka
2019-06-25,8.87,19.980000000000032,68.46,147.37,8.87,1,Kodagu,Karnataka
2019-06-26,7.55,19.320000000000032,60.4,141.85999999999999,8.87,1,Kodagu,Karnataka
2019-06-27,4.08,20.500000000000032,44.84,131.21,8.87,1,Kodagu,Karnataka
2019-06-28,2.31,13.940000000000031,43.010000000000005,118.94999999999999,7.55,1,Kodagu,Karnataka
2019-06-29,4.03,10.420000000000034,37.95,105.56,4.08,1,Kodagu,Karnataka
2019-06-30,4.81,11.150000000000032,34.55,101.02,4.81,1,Kodagu,Karnataka
2019-07-01,11.87,20.71000000000003,43.519999999999996,111.05,11.87,1,Kodagu,Karnataka
2019-07-02,12.64,29.32000000000003,47.28999999999999,122.39,12.64,1,Kodagu,Karnataka
2019-07-03,10.97,35.48000000000003,50.71,126.72,12.64,1,Kodagu,Karnataka
2019-07-04,14.93,38.540000000000035,61.56,126.03999999999999,14.93,1,Kodagu,Karnataka
2019-07-05,22.25,48.150000000000034,81.5,128.65,22.25,1,Kodagu,Karnataka
2019-07-06,20.58,57.76000000000003,98.05,145.09,22.25,1,Kodagu,Karnataka
2019-07-07,9.86,52.69000000000003,103.1,145.85999999999999,22.25,1,Kodagu,Karnataka
2019-07-08,9.18,39.62000000000003,100.41,146.82999999999998,20.58,1,Kodagu,Karnataka
2019-07-09,22.86,41.900000000000034,110.63,166.79000000000002,22.86,1,Kodagu,Karnataka
2019-07-10,20.42,52.460000000000036,120.08000000000001,178.34,22.86,1,Kodagu,Karnataka
2019-07-11,9.57,52.85000000000004,114.72,180.35999999999999,22.86,1,Kodagu,Karnataka
2019-07-12,10.95,40.94000000000004,103.42,187.23000000000002,20.42,1,Kodagu,Karnataka
2019-07-13,5.27,25.790000000000035,88.11,190.19,10.95,1,Kodagu,Karnataka
2019-07-14,13.23,29.450000000000035,91.48,199.39000000000001,13.23,1,Kodagu,Karnataka
2019-07-15,13.69,32.19000000000003,95.99000000000001,208.27,13.69,1,Kodagu,Karnataka
2019-07-16,11.84,38.76000000000003,84.97,208.24,13.69,1,Kodagu,Karnataka
2019-07-17,8.08,33.610000000000035,72.63000000000001,203.68,13.69,1,Kodagu,Karnataka
2019-07-18,17.11,37.03000000000004,80.17,209.82000000000002,17.11,1,Kodagu,Karnataka
2019-07-19,34.17,59.360000000000035,103.39,229.06,34.17,1,Kodagu,Karnataka
2019-07-20,30.84,82.12000000000003,128.96,237.65,34.17,1,Kodagu,Karnataka
2019-07-21,32.1,97.11000000000004,147.82999999999998,249.17,34.17,1,Kodagu,Karnataka
2019-07-22,51.56,114.50000000000004,185.7,290.87,51.56,1,Kodagu,Karnataka
2019-07-23,22.62,106.28000000000004,196.48,304.31,51.56,1,Kodagu,Karnataka
2019-07-24,21.49,95.67000000000004,209.89000000000001,302.94,51.56,1,Kodagu,Karnataka
2019-07-25,10.69,54.80000000000004,203.47,293.21,22.62,1,Kodagu,Karnataka
2019-07-26,9.56,41.74000000000004,178.86,293.2,21.49,1,Kodagu,Karnataka
2019-07-27,4.52,24.770000000000042,152.54000000000002,286.77,10.69,1,Kodagu,Karnataka
2019-07-28,3.46,17.540000000000042,123.9,284.96,9.56,1,Kodagu,Karnataka
2019-07-29,6.46,14.440000000000042,78.8,278.19,6.46,1,Kodagu,Karnataka
2019-07-30,6.2,16.120000000000044,62.379999999999995,270.7,6.46,1,Kodagu,Karnataka
2019-07-31,2.6,15.260000000000042,43.49,261.46000000000004,6.46,1,Kodagu,Karnataka
2019-08-01,1.82,10.620000000000044,34.620000000000005,255.2,6.2,1,Kodagu,Karnataka
2019-08-02,6.93,11.350000000000042,31.99,245.01999999999998,6.93,1,Kodagu,Karnataka
2019-08-03,17.5,26.250000000000043,44.97,228.35,17.5,1,Kodagu,Karnataka
2019-08-04,27.07,51.50000000000004,68.58,224.57999999999998,27.07,1,Kodagu,Karnataka
2019-08-05,31.53,76.10000000000005,93.65,224.01,31.53,1,Kodagu,Karnataka
2019-08-06,57.17,115.77000000000004,144.62,229.62,57.17,1,Kodagu,Karnataka
2019-08-07,95.81,184.51000000000005,237.83,302.81,95.81,1,Kodagu,Karnataka
2019-08-08,63.37,216.35000000000005,299.38,344.69,95.81,1,Kodagu,Karnataka
2019-08-09,56.19,215.37000000000003,348.64,390.19,95.81,1,Kodagu,Karnataka
2019-08-10,54.86,174.42000000000002,386.0,435.49,63.37,1,Kodagu,Karnataka
2019-08-11,23.42,134.47000000000003,382.35,454.39,56.19,1,Kodagu,Karnataka
2019-08-12,33.92,112.20000000000002,384.74,484.85,54.86,1,Kodagu,Karnataka
2019-08-13,29.9,87.24000000000004,357.47,508.28999999999996,33.92,1,Kodagu,Karnataka
2019-08-14,34.11,97.93000000000004,295.77,536.2,34.11,1,Kodagu,Karnataka
2019-08-15,15.71,79.72000000000003,248.10999999999999,549.31,34.11,1,Kodagu,Karnataka
2019-08-16,16.67,66.49000000000004,208.59,564.1600000000001,34.11,1,Kodagu,Karnataka
2019-08-17,9.42,41.80000000000003,163.15,566.65,16.67,1,Kodagu,Karnataka
2019-08-18,11.45,37.54000000000003,151.18,560.6,16.67,1,Kodagu,Karnataka
2019-08-19,4.84,25.71000000000003,122.10000000000001,538.37,11.45,1,Kodagu,Karnataka
2019-08-20,7.27,23.560000000000024,99.47,514.11,11.45,1,Kodagu,Karnataka
2019-08-21,26.8,38.91000000000003,92.16,483.74,26.8,1,Kodagu,Karnataka
2019-08-22,8.59,42.66000000000004,85.03999999999999,396.52,26.8,1,Kodagu,Karnataka
2019-08-23,14.0,49.39000000000003,82.37,347.15,26.8,1,Kodagu,Karnataka
2019-08-24,12.98,35.570000000000036,85.93,303.94,14.0,1,Kodagu,Karnataka
2019-08-25,7.39,34.37000000000003,81.87,256.47,14.0,1,Kodagu,Karnataka
2019-08-26,17.79,38.16000000000003,94.82,250.84,17.79,1,Kodagu,Karnataka
2019-08-27,13.66,38.84000000000003,101.21000000000001,230.58,17.79,1,Kodagu,Karnataka
2019-08-28,7.17,38.62000000000003,81.58,207.85,17.79,1,Kodagu,Karnataka
2019-08-29,22.1,42.930000000000035,95.09,195.84000000000003,22.1,1,Kodagu,Karnataka
2019-08-30,14.16,43.430000000000035,95.25,194.29000000000002,22.1,1,Kodagu,Karnataka
2019-08-31,7.49,43.750000000000036,89.76,185.10999999999999,22.1,1,Kodagu,Karnataka
2019-09-01,15.19,36.84000000000003,97.56,190.88,15.19,1,Kodagu,Karnataka
2019-09-02,17.31,39.99000000000003,97.08000000000001,196.73999999999998,17.31,1,Kodagu,Karnataka
2019-09-03,24.03,56.53000000000003,107.44999999999999,215.93,24.03,1,Kodagu,Karnataka
2019-09-04,58.65,99.99000000000004,158.93,267.31,58.65,1,Kodagu,Karnataka
2019-09-05,25.46,108.14000000000003,162.29,265.96999999999997,58.65,1,Kodagu,Karnataka
2019-09-06,21.96,106.07000000000002,170.09,279.34000000000003,58.65,1,Kodagu,Karnataka
2019-09-07,17.04,64.46000000000004,179.64,282.38,25.46,1,Kodagu,Karnataka
2019-09-08,19.06,58.06000000000003,183.51,288.46,21.96,1,Kodagu,Karnataka
2019-09-09,13.92,50.02000000000003,180.12,294.99,19.06,1,Kodagu,Karnataka
2019-09-10,7.63,40.610000000000035,163.72,284.83,19.06,1,Kodagu,Karnataka
2019-09-11,14.71,36.26000000000003,119.78,285.88,14.71,1,Kodagu,Karnataka
2019-09-12,10.89,33.23000000000003,105.21,289.6,14.71,1,Kodagu,Karnataka
2019-09-13,14.22,39.820000000000036,97.47,281.71999999999997,14.71,1,Kodagu,Karnataka
2019-09-14,3.39,28.500000000000036,83.82000000000001,270.95000000000005,14.22,1,Kodagu,Karnataka
2019-09-15,5.46,23.070000000000036,70.22,268.92,14.22,1,Kodagu,Karnataka
2019-09-16,8.52,17.370000000000033,64.82000000000001,262.25,8.52,1,Kodagu,Karnataka
2019-09-17,4.17,18.150000000000034,61.36,249.11,8.52,1,Kodagu,Karnataka
2019-09-18,8.43,21.120000000000033,55.08,233.51000000000002,8.52,1,Kodagu,Karnataka
2019-09-19,4.06,16.660000000000036,48.25,178.92,8.43,1,Kodagu,Karnataka
2019-09-20,1.05,13.540000000000035,35.08,154.51,8.43,1,Kodagu,Karnataka
2019-09-21,0.69,5.800000000000035,32.38,133.24,4.06,1,Kodagu,Karnataka
2019-09-22,8.46,10.200000000000037,35.379999999999995,124.66,8.46,1,Kodagu,Karnataka
2019-09-23,12.28,21.430000000000035,39.14,117.88000000000001,12.28,1,Kodagu,Karnataka
2019-09-24,9.68,30.420000000000037,44.65,113.64,12.28,1,Kodagu,Karnataka
2019-09-25,16.43,38.390000000000036,52.65,122.44,16.43,1,Kodagu,Karnataka
2019-09-26,18.99,45.10000000000004,67.58,126.72,18.99,1,Kodagu,Karnataka
2019-09-27,1.29,36.710000000000036,67.82000000000001,117.11999999999999,18.99,1,Kodagu,Karnataka
2019-09-28,0.62,20.900000000000034,67.74999999999999,103.52,18.99,1,Kodagu,Karnataka
2019-09-29,2.19,4.100000000000035,61.48,102.32,2.19,1,Kodagu,Karnataka
2019-09-30,3.41,6.220000000000036,52.61,100.26999999999998,3.41,1,Kodagu,Karnataka
2019-10-01,11.15,16.750000000000036,54.08,102.89999999999999,11.15,0,Kodagu,Karnataka
2019-10-02,3.08,17.640000000000036,40.73,101.80999999999999,11.15,0,Kodagu,Karnataka
2019-10-03,10.64,24.87000000000004,32.38,104.02,11.15,0,Kodagu,Karnataka
2019-10-04,3.19,16.91000000000004,34.28,103.14999999999999,10.64,0,Kodagu,Karnataka
2019-10-05,9.49,23.320000000000036,43.150000000000006,111.59,10.64,0,Kodagu,Karnataka
2019-10-06,8.94,21.620000000000037,49.9,119.84,9.49,0,Kodagu,Karnataka
2019-10-07,2.02,20.450000000000035,48.510000000000005,113.39999999999999,9.49,0,Kodagu,Karnataka
2019-10-08,9.18,20.140000000000036,46.53999999999999,110.29999999999998,9.18,0,Kodagu,Karnataka
2019-10-09,13.33,24.530000000000037,56.79,113.95,13.33,0,Kodagu,Karnataka
2019-10-10,1.89,24.400000000000038,48.04,99.41000000000001,13.33,0,Kodagu,Karnataka
2019-10-11,2.37,17.59000000000004,47.22,82.78999999999999,13.33,0,Kodagu,Karnataka
2019-10-12,16.65,20.91000000000004,54.379999999999995,98.15,16.65,0,Kodagu,Karnataka
2019-10-13,8.46,27.48000000000004,53.9,105.99,16.65,0,Kodagu,Karnataka
2019-10-14,8.53,33.64000000000004,60.41,112.33,16.65,0,Kodagu,Karnataka
2019-10-15,5.55,22.540000000000042,56.78,114.47,8.53,0,Kodagu,Karnataka
2019-10-16,3.23,17.31000000000004,46.68,106.55,8.53,0,Kodagu,Karnataka
2019-10-17,15.99,24.770000000000042,60.779999999999994,119.46,15.99,0,Kodagu,Karnataka
2019-10-18,45.11,64.33000000000004,103.52,153.93,45.11,0,Kodagu,Karnataka
2019-10-19,9.32,70.42000000000004,96.19,160.06,45.11,0,Kodagu,Karnataka
2019-10-20,18.36,72.79000000000005,106.09,168.93,45.11,0,Kodagu,Karnataka
2019-10-21,22.07,49.75000000000004,119.63,182.06,22.07,0,Kodagu,Karnataka
2019-10-22,13.56,53.990000000000045,127.64,193.6,22.07,0,Kodagu,Karnataka
2019-10-23,19.52,55.15000000000004,143.93,203.94,22.07,0,Kodagu,Karnataka
2019-10-24,20.53,53.61000000000004,148.47,211.14,20.53,0,Kodagu,Karnataka
2019-10-25,22.82,62.87000000000004,126.18,232.07,22.82,0,Kodagu,Karnataka
2019-10-26,18.12,61.47000000000004,134.98000000000002,247.82,22.82,0,Kodagu,Karnataka
2019-10-27,19.14,60.08000000000004,135.76,250.31,22.82,0,Kodagu,Karnataka
2019-10-28,3.23,40.490000000000045,116.92,245.07999999999998,19.14,0,Kodagu,Karnataka
2019-10-29,2.02,24.390000000000043,105.38,238.57,19.14,0,Kodagu,Karnataka
2019-10-30,8.76,14.010000000000042,94.62,241.78,8.76,0,Kodagu,Karnataka
2019-10-31,15.76,26.540000000000042,89.85,254.31,15.76,0,Kodagu,Karnataka
2019-11-01,1.38,25.90000000000004,68.41000000000001,239.70000000000002,15.76,0,Kodagu,Karnataka
2019-11-02,0.07,17.210000000000043,50.36000000000001,194.66,15.76,0,Kodagu,Karnataka
2019-11-03,1.99,3.4400000000000426,33.21,187.33,1.99,0,Kodagu,Karnataka
2019-11-04,1.19,3.2500000000000426,31.169999999999998,170.16000000000003,1.99,0,Kodagu,Karnataka
2019-11-05,0.69,3.8700000000000427,29.84,148.78,1.99,0,Kodagu,Karnataka
2019-11-06,1.5,3.3800000000000425,22.58,136.72,1.5,0,Kodagu,Karnataka
2019-11-07,1.05,3.240000000000043,7.87,118.25000000000001,1.5,0,Kodagu,Karnataka
2019-11-08,1.98,4.530000000000043,8.47,99.69999999999999,1.98,0,Kodagu,Karnataka
2019-11-09,5.31,8.340000000000042,13.709999999999999,82.19,5.31,0,Kodagu,Karnataka
2019-11-10,9.38,16.670000000000044,21.1,73.44999999999999,9.38,0,Kodagu,Karnataka
2019-11-11,3.29,17.980000000000043,23.200000000000003,57.599999999999994,9.38,0,Kodagu,Karnataka
2019-11-12,0.21,12.880000000000043,22.720000000000002,54.58,9.38,0,Kodagu,Karnataka
2019-11-13,0.08,3.580000000000041,21.3,52.64,3.29,0,Kodagu,Karnataka
2019-11-14,0.55,0.8400000000000409,20.8,44.43,0.55,0,Kodagu,Karnataka
2019-11-15,3.1,3.7300000000000413,21.92,31.77,3.1,0,Kodagu,Karnataka
2019-11-16,2.77,6.420000000000041,19.380000000000003,33.160000000000004,3.1,0,Kodagu,Karnataka
2019-11-17,0.52,6.390000000000041,10.52,33.61,3.1,0,Kodagu,Karnataka
2019-11-18,0.3,3.5900000000000403,7.53,31.919999999999998,2.77,0,Kodagu,Karnataka
2019-11-19,1.04,1.8600000000000405,8.360000000000001,31.77,1.04,0,Kodagu,Karnataka
2019-11-20,2.52,3.8600000000000403,10.8,33.6,2.52,0,Kodagu,Karnataka
2019-11-21,2.03,5.590000000000041,12.28,34.13,2.52,0,Kodagu,Karnataka
2019-11-22,0.34,4.8900000000000405,9.52,33.42,2.52,0,Kodagu,Karnataka
2019-11-23,0.29,2.66000000000004,7.040000000000001,31.729999999999997,2.03,0,Kodagu,Karnataka
2019-11-24,0.14,0.7700000000000404,6.66,26.56,0.34,0,Kodagu,Karnataka
2019-11-25,0.1,0.5300000000000404,6.46,17.28,0.29,0,Kodagu,Karnataka
2019-11-26,0.01,0.2500000000000404,5.430000000000001,14.000000000000002,0.14,0,Kodagu,Karnataka
2019-11-27,0.04,0.15000000000004043,2.9499999999999997,13.83,0.1,0,Kodagu,Karnataka
2019-11-28,0.18,0.23000000000004042,1.1,13.93,0.18,0,Kodagu,Karnataka
2019-11-29,1.42,1.6400000000000403,2.1799999999999997,14.8,1.42,0,Kodagu,Karnataka
2019-11-30,1.04,2.6400000000000405,2.9299999999999997,12.74,1.42,0,Kodagu,Karnataka
2019-12-01,15.45,17.91000000000004,18.24,25.42,15.45,0,Kodagu,Karnataka
2019-12-02,14.75,31.240000000000038,32.89,39.65,15.45,0,Kodagu,Karnataka
2019-12-03,1.94,32.140000000000036,34.82,41.29,15.45,0,Kodagu,Karnataka
2019-12-04,0.04,16.73000000000004,34.82,40.29,14.75,0,Kodagu,Karnataka
2019-12-05,0.0,1.980000000000039,34.64,37.77,1.94,0,Kodagu,Karnataka
2019-12-06,0.0,0.04000000000003908,33.22,35.74,0.04,0,Kodagu,Karnataka
2019-12-07,0.04,0.04000000000003908,32.22,35.44,0.04,0,Kodagu,Karnataka
2019-12-08,0.03,0.07000000000003909,16.799999999999997,35.18,0.04,0,Kodagu,Karnataka
2019-12-09,0.01,0.08000000000003908,2.0599999999999983,35.05,0.04,0,Kodagu,Karnataka
2019-12-10,0.0,0.04000000000003908,0.11999999999999822,34.95,0.03,0,Kodagu,Karnataka
2019-12-11,0.01,0.02000000000003908,0.08999999999999822,34.949999999999996,0.01,0,Kodagu,Karnataka
2019-12-12,0.01,0.02000000000003908,0.09999999999999822,34.919999999999995,0.01,0,Kodagu,Karnataka
2019-12-13,0.0,0.02000000000003908,0.09999999999999823,34.739999999999995,0.01,0,Kodagu,Karnataka
2019-12-14,5.15,5.160000000000039,5.209999999999998,38.47,5.15,0,Kodagu,Karnataka
2019-12-15,1.96,7.110000000000039,7.139999999999998,39.39,5.15,0,Kodagu,Karnataka
2019-12-16,0.04,7.150000000000039,7.169999999999998,23.98,5.15,0,Kodagu,Karnataka
2019-12-17,0.22,2.220000000000039,7.389999999999998,9.450000000000001,1.96,0,Kodagu,Karnataka
2019-12-18,0.05,0.3100000000000391,7.429999999999998,7.5600000000000005,0.22,0,Kodagu,Karnataka
2019-12-19,0.02,0.2900000000000391,7.439999999999999,7.540000000000001,0.22,0,Kodagu,Karnataka
2019-12-20,0.0,0.07000000000003909,7.439999999999999,7.540000000000001,0.05,0,Kodagu,Karnataka
2019-12-21,0.07,0.09000000000003909,2.359999999999998,7.610000000000001,0.07,0,Kodagu,Karnataka
2019-12-22,0.01,0.08000000000003908,0.40999999999999825,7.580000000000001,0.07,0,Kodagu,Karnataka
2019-12-23,0.0,0.08000000000003908,0.3699999999999983,7.550000000000001,0.07,0,Kodagu,Karnataka
2019-12-24,0.08,0.09000000000003908,0.22999999999999823,7.620000000000001,0.08,0,Kodagu,Karnataka
2019-12-25,0.22,0.30000000000003907,0.39999999999999825,7.840000000000001,0.22,0,Kodagu,Karnataka
2019-12-26,0.15,0.4500000000000391,0.5299999999999983,7.98,0.22,0,Kodagu,Karnataka
2019-12-27,0.27,0.6400000000000391,0.7999999999999983,8.24,0.27,0,Kodagu,Karnataka
2019-12-28,0.71,1.130000000000039,1.4399999999999982,8.950000000000001,0.71,0,Kodagu,Karnataka
2019-12-29,0.31,1.2900000000000391,1.7399999999999982,4.11,0.71,0,Kodagu,Karnataka
2019-12-30,0.31,1.3300000000000392,2.049999999999998,2.46,0.71,0,Kodagu,Karnataka
2019-12-31,0.61,1.230000000000039,2.5799999999999983,3.03,0.61,0,Kodagu,Karnataka
2020-01-01,0.04,0.960000000000039,2.399999999999998,2.8499999999999996,0.61,0,Kodagu,Karnataka
2020-01-02,0.01,0.6600000000000391,2.2599999999999985,2.81,0.61,0,Kodagu,Karnataka
2020-01-03,0.0,0.05000000000003908,1.9899999999999982,2.79,0.04,0,Kodagu,Karnataka
2020-01-04,0.0,0.01000000000003908,1.2799999999999983,2.79,0.01,0,Kodagu,Karnataka
2020-01-05,0.0,0.0,0.9699999999999982,2.72,0.0,0,Kodagu,Karnataka
2020-01-06,0.0,0.0,0.6599999999999983,2.71,0.0,0,Kodagu,Karnataka
2020-01-07,0.0,0.0,0.049999999999998226,2.71,0.0,0,Kodagu,Karnataka
2020-01-08,0.01,0.01000000000003908,0.019999999999998224,2.6399999999999997,0.01,0,Kodagu,Karnataka
2020-01-09,0.0,0.01000000000003908,0.009999999999998224,2.42,0.01,0,Kodagu,Karnataka
2020-01-10,0.0,0.01000000000003908,0.009999999999998224,2.27,0.01,0,Kodagu,Karnataka
2020-01-11,0.0,0.0,0.009999999999998224,2.0,0.0,0,Kodagu,Karnataka
2020-01-12,0.0,0.0,0.009999999999998224,1.29,0.0,0,Kodagu,Karnataka
2020-01-13,0.0,0.0,0.009999999999998224,0.9800000000000001,0.0,0,Kodagu,Karnataka
2020-01-14,0.0,0.0,0.009999999999998224,0.67,0.0,0,Kodagu,Karnataka
2020-01-15,0.0,0.0,0.0,0.06,0.0,0,Kodagu,Karnataka
2020-01-16,0.09,0.09000000000003908,0.08999999999999822,0.10999999999999999,0.09,0,Kodagu,Karnataka
2020-01-17,0.04,0.13000000000003908,0.12999999999999823,0.13999999999999999,0.09,0,Kodagu,Karnataka
2020-01-18,0.08,0.21000000000003907,0.20999999999999822,0.22,0.09,0,Kodagu,Karnataka
2020-01-19,0.17,0.2900000000000391,0.37999999999999823,0.39,0.17,0,Kodagu,Karnataka
2020-01-20,0.04,0.2900000000000391,0.4199999999999982,0.43,0.17,0,Kodagu,Karnataka
2020-01-21,0.02,0.2300000000000391,0.4399999999999982,0.45,0.17,0,Kodagu,Karnataka
2020-01-22,0.0,0.06000000000003908,0.4399999999999982,0.45,0.04,0,Kodagu,Karnataka
2020-01-23,0.0,0.02000000000003908,0.3499999999999982,0.44,0.02,0,Kodagu,Karnataka
2020-01-24,0.0,0.0,0.3099999999999982,0.44,0.0,0,Kodagu,Karnataka
2020-01-25,0.0,0.0,0.22999999999999823,0.44,0.0,0,Kodagu,Karnataka
2020-01-26,0.0,0.0,0.05999999999999822,0.44,0.0,0,Kodagu,Karnataka
2020-01-27,0.01,0.01000000000003908,0.029999999999998223,0.45,0.01,0,Kodagu,Karnataka
2020-01-28,0.04,0.05000000000003908,0.049999999999998226,0.49,0.04,0,Kodagu,Karnataka
2020-01-29,0.01,0.060000000000039085,0.05999999999999822,0.5,0.04,0,Kodagu,Karnataka
2020-01-30,0.0,0.05000000000003908,0.05999999999999822,0.5,0.04,0,Kodagu,Karnataka
2020-01-31,0.0,0.01000000000003908,0.05999999999999822,0.41000000000000003,0.01,0,Kodagu,Karnataka
2020-02-01,0.0,0.0,0.05999999999999822,0.37,0.0,0,Kodagu,Karnataka
2020-02-02,0.01,0.01000000000003908,0.06999999999999822,0.30000000000000004,0.01,0,Kodagu,Karnataka
2020-02-03,0.0,0.01000000000003908,0.05999999999999822,0.13,0.01,0,Kodagu,Karnataka
2020-02-04,0.0,0.01000000000003908,0.019999999999998217,0.09,0.01,0,Kodagu,Karnataka
2020-02-05,0.05,0.05000000000003908,0.05999999999999822,0.12000000000000001,0.05,0,Kodagu,Karnataka
2020-02-06,0.01,0.060000000000039085,0.06999999999999822,0.13,0.05,0,Kodagu,Karnataka
2020-02-07,0.01,0.07000000000003909,0.07999999999999823,0.14,0.05,0,Kodagu,Karnataka
2020-02-08,0.0,0.02000000000003908,0.07999999999999823,0.14,0.01,0,Kodagu,Karnataka
2020-02-09,0.02,0.03000000000003908,0.08999999999999822,0.16,0.02,0,Kodagu,Karnataka
2020-02-10,0.02,0.04000000000003908,0.10999999999999822,0.18000000000000002,0.02,0,Kodagu,Karnataka
2020-02-11,0.01,0.05000000000003908,0.11999999999999823,0.18,0.02,0,Kodagu,Karnataka
2020-02-12,0.0,0.030000000000039086,0.06999999999999823,0.14,0.02,0,Kodagu,Karnataka
2020-02-13,0.0,0.010000000000039084,0.059999999999998214,0.13,0.01,0,Kodagu,Karnataka
2020-02-14,0.0,0.0,0.04999999999999821,0.13,0.0,0,Kodagu,Karnataka
2020-02-15,0.0,0.0,0.04999999999999821,0.13,0.0,0,Kodagu,Karnataka
2020-02-16,0.0,0.0,0.029999999999998216,0.13,0.0,0,Kodagu,Karnataka
2020-02-17,0.0,0.0,0.009999999999998217,0.12000000000000001,0.0,0,Kodagu,Karnataka
2020-02-18,0.0,0.0,0.0,0.12000000000000001,0.0,0,Kodagu,Karnataka
2020-02-19,0.0,0.0,0.0,0.12000000000000001,0.0,0,Kodagu,Karnataka
2020-02-20,0.0,0.0,0.0,0.07,0.0,0,Kodagu,Karnataka
2020-02-21,0.0,0.0,0.0,0.06,0.0,0,Kodagu,Karnataka
2020-02-22,0.0,0.0,0.0,0.05,0.0,0,Kodagu,Karnataka
2020-02-23,0.0,0.0,0.0,0.05,0.0,0,Kodagu,Karnataka
2020-02-24,0.0,0.0,0.0,0.03,0.0,0,Kodagu,Karnataka
2020-02-25,0.01,0.010000000000039084,0.009999999999998217,0.02,0.01,0,Kodagu,Karnataka
2020-02-26,0.0,0.010000000000039084,0.009999999999998217,0.01,0.01,0,Kodagu,Karnataka
2020-02-27,0.09,0.10000000000003909,0.09999999999999822,0.09999999999999999,0.09,0,Kodagu,Karnataka
2020-02-28,0.08,0.1700000000000391,0.17999999999999822,0.18,0.09,0,Kodagu,Karnataka
2020-02-29,0.46,0.6300000000000391,0.6399999999999982,0.64,0.46,0,Kodagu,Karnataka
2020-03-01,1.44,1.980000000000039,2.0799999999999983,2.08,1.44,0,Kodagu,Karnataka
2020-03-02,3.34,5.240000000000039,5.419999999999998,5.42,3.34,0,Kodagu,Karnataka
2020-03-03,1.01,5.790000000000039,6.419999999999998,6.43,3.34,0,Kodagu,Karnataka
2020-03-04,0.06,4.410000000000038,6.479999999999999,6.49,3.34,0,Kodagu,Karnataka
2020-03-05,0.0,1.0700000000000391,6.389999999999999,6.49,1.01,0,Kodagu,Karnataka
2020-03-06,0.01,0.07000000000003907,6.3199999999999985,6.5,0.06,0,Kodagu,Karnataka
2020-03-07,0.01,0.02000000000003908,5.869999999999998,6.51,0.01,0,Kodagu,Karnataka
2020-03-08,0.1,0.12000000000003909,4.5299999999999985,6.61,0.1,0,Kodagu,Karnataka
2020-03-09,0.12,0.2300000000000391,1.3099999999999983,6.7299999999999995,0.12,0,Kodagu,Karnataka
2020-03-10,0.0,0.22000000000003908,0.2999999999999982,6.7299999999999995,0.12,0,Kodagu,Karnataka
2020-03-11,0.0,0.12000000000003908,0.23999999999999821,6.72,0.12,0,Kodagu,Karnataka
2020-03-12,0.0,0.0,0.23999999999999821,6.72,0.0,0,Kodagu,Karnataka
2020-03-13,0.0,0.0,0.2299999999999982,6.63,0.0,0,Kodagu,Karnataka
2020-03-14,0.0,0.0,0.21999999999999825,6.55,0.0,0,Kodagu,Karnataka
2020-03-15,0.0,0.0,0.11999999999999822,6.09,0.0,0,Kodagu,Karnataka
2020-03-16,0.0,0.0,0.0,4.6499999999999995,0.0,0,Kodagu,Karnataka
2020-03-17,0.01,0.01000000000003908,0.009999999999998224,1.32,0.01,0,Kodagu,Karnataka
2020-03-18,0.06,0.07000000000003907,0.06999999999999822,0.37,0.06,0,Kodagu,Karnataka
2020-03-19,0.14,0.2100000000000391,0.20999999999999824,0.45,0.14,0,Kodagu,Karnataka
2020-03-20,1.73,1.930000000000039,1.9399999999999982,2.18,1.73,0,Kodagu,Karnataka
2020-03-21,0.03,1.900000000000039,1.9699999999999982,2.2,1.73,0,Kodagu,Karnataka
2020-03-22,0.01,1.770000000000039,1.9799999999999982,2.1999999999999997,1.73,0,Kodagu,Karnataka
2020-03-23,0.11,0.15000000000003907,2.089999999999998,2.21,0.11,0,Kodagu,Karnataka
2020-03-24,0.91,1.030000000000039,2.9899999999999984,3.0,0.91,0,Kodagu,Karnataka
2020-03-25,1.28,2.300000000000039,4.209999999999998,4.279999999999999,1.28,0,Kodagu,Karnataka
2020-03-26,0.08,2.270000000000039,4.149999999999998,4.359999999999999,1.28,0,Kodagu,Karnataka
2020-03-27,0.08,1.440000000000039,2.4999999999999982,4.4399999999999995,1.28,0,Kodagu,Karnataka
2020-03-28,0.04,0.2000000000000391,2.5099999999999985,4.4799999999999995,0.08,0,Kodagu,Karnataka
2020-03-29,0.04,0.16000000000003908,2.5399999999999983,4.52,0.08,0,Kodagu,Karnataka
2020-03-30,0.04,0.12,2.4699999999999984,4.56,0.04,0,Kodagu,Karnataka
2020-03-31,0.03,0.11000000000003907,1.5899999999999983,4.59,0.04,0,Kodagu,Karnataka
2020-04-01,0.05,0.12000000000003908,0.3599999999999982,4.63,0.05,0,Kodagu,Karnataka
2020-04-02,0.1,0.18000000000003907,0.37999999999999823,4.670000000000001,0.1,0,Kodagu,Karnataka
2020-04-03,0.07,0.22000000000003908,0.3699999999999983,4.6,0.1,0,Kodagu,Karnataka
2020-04-04,0.08,0.2500000000000391,0.40999999999999825,2.95,0.1,0,Kodagu,Karnataka
2020-04-05,0.34,0.49000000000003907,0.7099999999999983,3.2600000000000002,0.34,0,Kodagu,Karnataka
2020-04-06,1.39,1.810000000000039,2.0599999999999983,4.640000000000001,1.39,0,Kodagu,Karnataka
2020-04-07,1.41,3.1400000000000388,3.439999999999998,5.9399999999999995,1.41,0,Kodagu,Karnataka
2020-04-08,0.4,3.200000000000039,3.789999999999998,5.43,1.41,0,Kodagu,Karnataka
2020-04-09,1.14,2.950000000000039,4.829999999999998,5.29,1.41,0,Kodagu,Karnataka
2020-04-10,1.25,2.790000000000039,6.009999999999998,6.46,1.25,0,Kodagu,Karnataka
2020-04-11,1.01,3.400000000000039,6.939999999999999,7.39,1.25,0,Kodagu,Karnataka
2020-04-12,0.97,3.2300000000000386,7.569999999999998,8.32,1.25,0,Kodagu,Karnataka
2020-04-13,0.17,2.150000000000039,6.349999999999998,8.45,1.01,0,Kodagu,Karnataka
2020-04-14,0.06,1.2000000000000388,4.999999999999998,8.47,0.97,0,Kodagu,Karnataka
2020-04-15,0.08,0.31000000000003886,4.679999999999998,8.52,0.17,0,Kodagu,Karnataka
2020-04-16,0.39,0.5300000000000389,3.9299999999999984,8.86,0.39,0,Kodagu,Karnataka
2020-04-17,0.25,0.7200000000000388,2.9299999999999984,9.01,0.39,0,Kodagu,Karnataka
2020-04-18,0.54,1.1800000000000388,2.459999999999998,9.48,0.54,0,Kodagu,Karnataka
2020-04-19,0.31,1.1000000000000387,1.7999999999999983,9.709999999999999,0.54,0,Kodagu,Karnataka
2020-04-20,0.57,1.4200000000000388,2.1999999999999984,9.94,0.57,0,Kodagu,Karnataka
2020-04-21,0.66,1.5400000000000387,2.799999999999998,9.209999999999999,0.66,0,Kodagu,Karnataka
2020-04-22,0.84,2.0700000000000385,3.559999999999998,8.64,0.84,0,Kodagu,Karnataka
2020-04-23,8.93,10.430000000000039,12.099999999999998,17.17,8.93,0,Kodagu,Karnataka
2020-04-24,6.29,16.060000000000038,18.139999999999997,22.32,8.93,0,Kodagu,Karnataka
2020-04-25,1.56,16.78000000000004,19.16,22.63,8.93,0,Kodagu,Karnataka
2020-04-26,4.58,12.430000000000039,23.429999999999996,26.200000000000003,6.29,0,Kodagu,Karnataka
2020-04-27,7.76,13.900000000000038,30.619999999999997,32.989999999999995,7.76,0,Kodagu,Karnataka
2020-04-28,0.44,12.780000000000038,30.4,33.26,7.76,0,Kodagu,Karnataka
2020-04-29,1.44,9.640000000000038,31.0,34.64,7.76,0,Kodagu,Karnataka
2020-04-30,0.6,2.480000000000038,22.669999999999998,35.160000000000004,1.44,0,Kodagu,Karnataka
2020-05-01,7.37,9.41000000000004,23.749999999999996,42.14,7.37,0,Kodagu,Karnataka
2020-05-02,5.01,12.98000000000004,27.199999999999996,46.900000000000006,7.37,0,Kodagu,Karnataka
2020-05-03,4.62,17.00000000000004,27.24,50.98,7.37,0,Kodagu,Karnataka
2020-05-04,5.84,15.470000000000038,25.319999999999997,56.51,5.84,0,Kodagu,Karnataka
2020-05-05,1.56,12.020000000000039,26.439999999999998,57.5,5.84,0,Kodagu,Karnataka
2020-05-06,2.09,9.490000000000038,27.09,58.93,5.84,0,Kodagu,Karnataka
2020-05-07,4.98,8.630000000000038,31.47,63.07,4.98,0,Kodagu,Karnataka
2020-05-08,7.21,14.280000000000037,31.31,61.35,7.21,0,Kodagu,Karnataka
2020-05-09,1.88,14.070000000000038,28.18,56.94,7.21,0,Kodagu,Karnataka
2020-05-10,0.29,9.380000000000036,23.849999999999998,55.67,7.21,0,Kodagu,Karnataka
2020-05-11,1.23,3.400000000000037,19.24,52.32,1.88,0,Kodagu,Karnataka
2020-05-12,2.08,3.6000000000000374,19.759999999999998,46.64,2.08,0,Kodagu,Karnataka
2020-05-13,3.91,7.220000000000038,21.58,50.11,3.91,0,Kodagu,Karnataka
2020-05-14,2.06,8.050000000000036,18.659999999999997,50.730000000000004,3.91,0,Kodagu,Karnataka
2020-05-15,4.17,10.140000000000036,15.619999999999997,54.3,4.17,0,Kodagu,Karnataka
2020-05-16,3.67,9.900000000000038,17.409999999999997,50.6,4.17,0,Kodagu,Karnataka
2020-05-17,12.64,20.48000000000004,29.759999999999998,58.230000000000004,12.64,0,Kodagu,Karnataka
2020-05-18,10.8,27.11000000000004,39.33,64.41,12.64,0,Kodagu,Karnataka
2020-05-19,4.01,27.45000000000004,41.260000000000005,62.580000000000005,12.64,0,Kodagu,Karnataka
2020-05-20,1.8,16.61000000000004,39.15,62.82,10.8,0,Kodagu,Karnataka
2020-05-21,1.42,7.230000000000039,38.510000000000005,62.15,4.01,0,Kodagu,Karnataka
2020-05-22,0.55,3.770000000000039,34.89,57.72,1.8,0,Kodagu,Karnataka
2020-05-23,1.23,3.2000000000000393,32.45,51.74,1.42,0,Kodagu,Karnataka
2020-05-24,9.37,11.150000000000038,29.18,59.23,9.37,0,Kodagu,Karnataka
2020-05-25,9.12,19.720000000000038,27.499999999999996,68.06,9.37,0,Kodagu,Karnataka
2020-05-26,5.56,24.050000000000036,29.049999999999994,72.38999999999999,9.37,0,Kodagu,Karnataka
2020-05-27,10.04,24.720000000000038,37.28999999999999,80.35,10.04,0,Kodagu,Karnataka
2020-05-28,3.66,19.26000000000004,39.529999999999994,80.1,10.04,0,Kodagu,Karnataka
2020-05-29,21.5,35.200000000000045,60.48,99.53999999999999,21.5,0,Kodagu,Karnataka
2020-05-30,8.45,33.61000000000004,67.69999999999999,103.82,21.5,0,Kodagu,Karnataka
2020-05-31,19.35,49.30000000000004,77.67999999999999,119.5,21.5,0,Kodagu,Karnataka
2020-06-01,19.35,47.15000000000005,87.91,126.21,19.35,1,Kodagu,Karnataka
2020-06-02,20.65,59.35000000000004,103.0,136.06,20.65,1,Kodagu,Karnataka
2020-06-03,16.52,56.520000000000046,109.47999999999999,148.57,20.65,1,Kodagu,Karnataka
2020-06-04,12.37,49.54000000000004,118.19,159.14,20.65,1,Kodagu,Karnataka
2020-06-05,4.74,33.63000000000004,101.43,162.46,16.52,1,Kodagu,Karnataka
2020-06-06,16.22,33.33000000000004,109.19999999999999,178.13,16.22,1,Kodagu,Karnataka
2020-06-07,7.37,28.330000000000044,97.22,184.27,16.22,1,Kodagu,Karnataka
2020-06-08,2.84,26.430000000000042,80.71,177.74,16.22,1,Kodagu,Karnataka
2020-06-09,2.51,12.720000000000041,62.56999999999999,171.13,7.37,1,Kodagu,Karnataka
2020-06-10,21.22,26.57000000000004,67.27,186.79,21.22,1,Kodagu,Karnataka
2020-06-11,9.65,33.38000000000004,64.55,186.4,21.22,1,Kodagu,Karnataka
2020-06-12,13.6,44.47000000000004,73.41,196.34,21.22,1,Kodagu,Karnataka
2020-06-13,13.31,36.560000000000045,70.5,188.15,13.6,1,Kodagu,Karnataka
2020-06-14,47.06,73.97000000000006,110.19,226.76,47.06,1,Kodagu,Karnataka
2020-06-15,15.96,76.33000000000004,123.31,223.37,47.06,1,Kodagu,Karnataka
2020-06-16,30.46,93.48000000000005,151.26,234.48,47.06,1,Kodagu,Karnataka
2020-06-17,24.12,70.54000000000005,154.16,237.95,30.46,1,Kodagu,Karnataka
2020-06-18,20.78,75.36000000000004,165.29,242.21,30.46,1,Kodagu,Karnataka
2020-06-19,12.12,57.020000000000046,163.81,241.96,24.12,1,Kodagu,Karnataka
2020-06-20,2.37,35.270000000000046,152.87,239.59,20.78,1,Kodagu,Karnataka
2020-06-21,22.56,37.05000000000004,128.37,245.93,22.56,1,Kodagu,Karnataka
2020-06-22,21.66,46.590000000000046,134.07,260.21999999999997,22.56,1,Kodagu,Karnataka
2020-06-23,0.99,45.210000000000036,104.6,258.37,22.56,1,Kodagu,Karnataka
2020-06-24,2.62,25.270000000000042,83.1,258.48,21.66,1,Kodagu,Karnataka
2020-06-25,8.19,11.800000000000043,70.50999999999999,245.45,8.19,1,Kodagu,Karnataka
2020-06-26,14.31,25.120000000000044,72.7,250.10999999999999,14.31,1,Kodagu,Karnataka
2020-06-27,18.42,40.920000000000044,88.75,254.93,18.42,1,Kodagu,Karnataka
2020-06-28,41.52,74.25000000000006,107.71000000000001,283.14,41.52,1,Kodagu,Karnataka
2020-06-29,35.19,95.13000000000005,121.24000000000001,271.27,41.52,1,Kodagu,Karnataka
2020-06-30,6.67,83.38000000000004,126.92,261.98,41.52,1,Kodagu,Karnataka
2020-07-01,6.94,48.80000000000004,131.24,238.46,35.19,1,Kodagu,Karnataka
2020-07-02,31.52,45.13000000000004,154.57,245.86,31.52,1,Kodagu,Karnataka
2020-07-03,50.91,89.37000000000003,191.17,275.99,50.91,1,Kodagu,Karnataka
2020-07-04,32.53,114.96000000000004,205.28,296.4,50.91,1,Kodagu,Karnataka
2020-07-05,23.21,106.65000000000003,186.97,317.24,50.91,1,Kodagu,Karnataka
2020-07-06,17.65,73.39000000000004,169.43,312.33,32.53,1,Kodagu,Karnataka
2020-07-07,32.81,73.67000000000004,195.57,323.48,32.81,1,Kodagu,Karnataka
2020-07-08,25.18,75.64000000000004,213.80999999999997,347.67,32.81,1,Kodagu,Karnataka
2020-07-09,22.75,80.74000000000004,205.04,367.8,32.81,1,Kodagu,Karnataka
2020-07-10,5.43,53.36000000000004,159.56,365.04,25.18,1,Kodagu,Karnataka
2020-07-11,11.45,39.63000000000004,138.48,362.18,22.75,1,Kodagu,Karnataka
2020-07-12,8.63,25.51000000000004,123.89999999999999,352.39,11.45,1,Kodagu,Karnataka
2020-07-13,5.78,25.860000000000042,112.03,316.65000000000003,11.45,1,Kodagu,Karnataka
2020-07-14,8.23,22.640000000000043,87.45,289.69,8.63,1,Kodagu,Karnataka
2020-07-15,22.99,37.00000000000004,85.25999999999999,306.01,22.99,1,Kodagu,Karnataka
2020-07-16,41.74,72.96000000000004,104.25,340.81,41.74,1,Kodagu,Karnataka
2020-07-17,35.34,100.07000000000004,134.16,344.63,41.74,1,Kodagu,Karnataka
2020-07-18,14.23,91.31000000000004,136.94,307.95,41.74,1,Kodagu,Karnataka
2020-07-19,19.63,69.20000000000005,147.94,295.05,35.34,1,Kodagu,Karnataka
2020-07-20,12.23,46.09000000000003,154.39000000000001,284.07,19.63,1,Kodagu,Karnataka
2020-07-21,2.52,34.38000000000004,148.68,268.94,19.63,1,Kodagu,Karnataka
2020-07-22,3.84,18.590000000000035,129.53,239.97,12.23,1,Kodagu,Karnataka
2020-07-23,22.53,28.890000000000036,110.32000000000001,237.32,22.53,1,Kodagu,Karnataka
2020-07-24,13.7,40.070000000000036,88.68,228.26999999999998,22.53,1,Kodagu,Karnataka
2020-07-25,16.32,52.55000000000003,90.77,239.16,22.53,1,Kodagu,Karnataka
2020-07-26,2.09,32.110000000000035,73.23,229.8,16.32,1,Kodagu,Karnataka
2020-07-27,5.73,24.140000000000036,66.72999999999999,226.9,16.32,1,Kodagu,Karnataka
2020-07-28,17.54,25.360000000000035,81.75,238.66,17.54,1,Kodagu,Karnataka
2020-07-29,26.61,49.88000000000004,104.52,257.04,26.61,1,Kodagu,Karnataka
2020-07-30,25.69,69.84000000000003,107.67999999999999,259.74,26.61,1,Kodagu,Karnataka
2020-07-31,16.76,69.06000000000004,110.74,234.76,26.61,1,Kodagu,Karnataka
2020-08-01,13.98,56.43000000000004,108.4,213.4,25.69,1,Kodagu,Karnataka
2020-08-02,60.9,91.64000000000004,167.20999999999998,260.07,60.9,1,Kodagu,Karnataka
2020-08-03,45.57,120.45000000000003,207.05,286.01,60.9,1,Kodagu,Karnataka
2020-08-04,65.13,171.60000000000002,254.64,338.90999999999997,65.13,1,Kodagu,Karnataka
2020-08-05,69.19,179.89000000000004,297.22,405.58000000000004,69.19,1,Kodagu,Karnataka
2020-08-06,67.16,201.48000000000002,338.69,468.9,69.19,1,Kodagu,Karnataka
2020-08-07,89.49,225.84000000000003,411.42,535.86,89.49,1,Kodagu,Karnataka
2020-08-08,46.19,202.84000000000003,443.63,568.3499999999999,89.49,1,Kodagu,Karnataka
2020-08-09,56.66,192.34000000000003,439.39,608.69,89.49,1,Kodagu,Karnataka
2020-08-10,23.68,126.53000000000003,417.5,630.28,56.66,1,Kodagu,Karnataka
2020-08-11,9.47,89.81000000000004,361.84000000000003,634.02,56.66,1,Kodagu,Karnataka
2020-08-12,11.95,45.100000000000044,304.59999999999997,628.43,23.68,1,Kodagu,Karnataka
2020-08-13,5.0,26.420000000000044,242.44,606.8199999999999,11.95,1,Kodagu,Karnataka
2020-08-14,7.04,23.990000000000045,159.98999999999998,588.1700000000001,11.95,1,Kodagu,Karnataka
2020-08-15,9.38,21.420000000000044,123.17999999999999,580.79,9.38,1,Kodagu,Karnataka
2020-08-16,13.99,30.410000000000043,80.51,580.8000000000001,13.99,1,Kodagu,Karnataka
2020-08-17,19.67,43.04000000000005,76.5,539.5699999999999,19.67,1,Kodagu,Karnataka
2020-08-18,14.78,48.44000000000004,81.81,508.78000000000003,19.67,1,Kodagu,Karnataka
2020-08-19,6.31,40.76000000000004,76.17,449.96,19.67,1,Kodagu,Karnataka
2020-08-20,9.99,31.080000000000037,81.16,390.75999999999993,14.78,1,Kodagu,Karnataka
2020-08-21,10.53,26.83000000000004,84.65,334.13,10.53,1,Kodagu,Karnataka
2020-08-22,6.89,27.410000000000036,82.16,251.52999999999997,10.53,1,Kodagu,Karnataka
2020-08-23,2.69,20.11000000000004,70.86,208.02999999999997,10.53,1,Kodagu,Karnataka
2020-08-24,1.09,10.670000000000039,52.279999999999994,152.46,6.89,1,Kodagu,Karnataka
2020-08-25,0.66,4.4400000000000395,38.16,129.44,2.69,1,Kodagu,Karnataka
2020-08-26,0.13,1.8800000000000392,31.979999999999997,120.1,1.09,1,Kodagu,Karnataka
2020-08-27,1.33,2.120000000000039,23.32,109.48,1.33,1,Kodagu,Karnataka
2020-08-28,1.3,2.760000000000039,14.09,105.78,1.33,1,Kodagu,Karnataka
2020-08-29,5.11,7.740000000000039,12.31,103.85,5.11,1,Kodagu,Karnataka
2020-08-30,4.7,11.110000000000039,14.32,99.17,5.11,1,Kodagu,Karnataka
2020-08-31,7.46,17.27000000000004,20.69,92.63999999999999,7.46,1,Kodagu,Karnataka
2020-09-01,26.07,38.23000000000004,46.1,99.04,26.07,1,Kodagu,Karnataka
2020-09-02,32.52,66.05000000000004,78.49000000000001,116.78,32.52,1,Kodagu,Karnataka
2020-09-03,27.32,85.91000000000005,104.48,137.79000000000002,32.52,1,Kodagu,Karnataka
2020-09-04,10.16,70.00000000000004,113.34,137.96,32.52,1,Kodagu,Karnataka
2020-09-05,22.71,60.19000000000004,130.94,150.14000000000001,27.32,1,Kodagu,Karnataka
2020-09-06,14.43,47.30000000000004,140.67000000000002,157.68,22.71,1,Kodagu,Karnataka
2020-09-07,21.33,58.47000000000004,154.54,176.32,22.71,1,Kodagu,Karnataka
2020-09-08,7.12,42.88000000000004,135.59,182.35,21.33,1,Kodagu,Karnataka
2020-09-09,9.27,37.72000000000004,112.33999999999999,190.96,21.33,1,Kodagu,Karnataka
2020-09-10,53.49,69.88000000000005,138.51,244.32,53.49,1,Kodagu,Karnataka
2020-09-11,55.65,118.41000000000005,184.0,298.64000000000004,55.65,1,Kodagu,Karnataka
2020-09-12,14.71,123.85000000000004,176.0,312.05,55.65,1,Kodagu,Karnataka
2020-09-13,13.51,83.87000000000005,175.07999999999998,320.45,55.65,1,Kodagu,Karnataka
2020-09-14,6.87,35.090000000000046,160.62,322.62,14.71,1,Kodagu,Karnataka
2020-09-15,16.49,36.87000000000004,169.99,331.65000000000003,16.49,1,Kodagu,Karnataka
2020-09-16,8.64,32.00000000000004,169.35999999999999,314.22,16.49,1,Kodagu,Karnataka
2020-09-17,12.01,37.14000000000004,127.88,293.71,16.49,1,Kodagu,Karnataka
2020-09-18,19.35,40.00000000000004,91.57999999999998,285.74,19.35,1,Kodagu,Karnataka
2020-09-19,49.8,81.16000000000004,126.66999999999999,325.38,49.8,1,Kodagu,Karnataka
2020-09-20,34.66,103.81000000000003,147.82,337.33,49.8,1,Kodagu,Karnataka
2020-09-21,18.14,102.60000000000004,159.08999999999997,341.03999999999996,49.8,1,Kodagu,Karnataka
2020-09-22,6.55,59.35000000000004,149.15,326.26,34.66,1,Kodagu,Karnataka
2020-09-23,3.95,28.640000000000043,144.45999999999998,323.09,18.14,1,Kodagu,Karnataka
2020-09-24,1.73,12.230000000000043,134.18,315.55,6.55,1,Kodagu,Karnataka
2020-09-25,1.66,7.3400000000000425,116.49,263.72,3.95,1,Kodagu,Karnataka
2020-09-26,2.2,5.5900000000000425,68.89,210.27,2.2,1,Kodagu,Karnataka
2020-09-27,0.23,4.0900000000000425,34.46,195.79,2.2,1,Kodagu,Karnataka
2020-09-28,3.85,6.280000000000042,20.17,186.13,3.85,1,Kodagu,Karnataka
2020-09-29,8.78,12.860000000000042,22.4,188.04,8.78,1,Kodagu,Karnataka
2020-09-30,1.97,14.60000000000004,20.419999999999998,173.51999999999998,8.78,1,Kodagu,Karnataka
2020-10-01,0.47,11.22000000000004,19.16,165.35,8.78,0,Kodagu,Karnataka
2020-10-02,6.56,9.00000000000004,24.06,159.89999999999998,6.56,0,Kodagu,Karnataka
2020-10-03,4.17,11.200000000000042,26.03,144.72,6.56,0,Kodagu,Karnataka
2020-10-04,1.21,11.94000000000004,27.009999999999998,96.13000000000001,6.56,0,Kodagu,Karnataka
2020-10-05,1.49,6.870000000000042,24.65,62.96,4.17,0,Kodagu,Karnataka
2020-10-06,2.35,5.050000000000042,18.22,47.17,2.35,0,Kodagu,Karnataka
2020-10-07,5.93,9.770000000000042,22.18,46.550000000000004,5.93,0,Kodagu,Karnataka
2020-10-08,8.57,16.850000000000044,30.279999999999998,51.17,8.57,0,Kodagu,Karnataka
2020-10-09,41.55,56.05000000000004,65.27,90.99000000000001,41.55,0,Kodagu,Karnataka
2020-10-10,40.37,90.49000000000004,101.47,129.7,41.55,0,Kodagu,Karnataka
2020-10-11,9.48,91.40000000000005,109.74,136.98,41.55,0,Kodagu,Karnataka
2020-10-12,41.47,91.32000000000005,149.71999999999997,178.22000000000003,41.47,0,Kodagu,Karnataka
2020-10-13,31.27,82.22000000000004,178.64,205.64,41.47,0,Kodagu,Karnataka
2020-10-14,14.62,87.36000000000004,187.32999999999998,211.48,41.47,0,Kodagu,Karnataka
2020-10-15,28.76,74.65000000000003,207.51999999999998,238.26999999999998,31.27,0,Kodagu,Karnataka
2020-10-16,7.62,51.00000000000004,173.58999999999997,245.42,28.76,0,Kodagu,Karnataka
2020-10-17,1.49,37.87000000000004,134.71,240.35,28.76,0,Kodagu,Karnataka
2020-10-18,6.59,15.700000000000042,131.82,242.77,7.62,0,Kodagu,Karnataka
2020-10-19,9.93,18.01000000000004,100.28,251.48999999999998,9.93,0,Kodagu,Karnataka
2020-10-20,4.22,20.74000000000004,73.23,254.22,9.93,0,Kodagu,Karnataka
2020-10-21,34.6,48.75000000000004,93.21000000000001,286.46999999999997,34.6,0,Kodagu,Karnataka
2020-10-22,11.86,50.68000000000004,76.31,292.4,34.6,0,Kodagu,Karnataka
2020-10-23,4.72,51.18000000000004,73.41000000000001,288.55,34.6,0,Kodagu,Karnataka
2020-10-24,4.13,20.710000000000043,76.05,251.13,11.86,0,Kodagu,Karnataka
2020-10-25,1.86,10.710000000000042,71.32000000000001,212.62,4.72,0,Kodagu,Karnataka
2020-10-26,0.47,6.460000000000043,61.86,203.61,4.13,0,Kodagu,Karnataka
2020-10-27,1.49,3.820000000000043,59.13,163.63000000000002,1.86,0,Kodagu,Karnataka
2020-10-28,0.3,2.2600000000000424,24.83,132.66,1.49,0,Kodagu,Karnataka
2020-10-29,0.23,2.0200000000000427,13.2,118.27000000000001,1.49,0,Kodagu,Karnataka
2020-10-30,0.08,0.6100000000000426,8.56,89.59000000000002,0.3,0,Kodagu,Karnataka
2020-10-31,0.74,1.0500000000000427,5.17,82.71000000000002,0.74,0,Kodagu,Karnataka
2020-11-01,0.81,1.6300000000000427,4.12,82.03000000000002,0.81,0,Kodagu,Karnataka
2020-11-02,1.81,3.360000000000043,5.46,77.25000000000001,1.81,0,Kodagu,Karnataka
2020-11-03,1.81,4.430000000000042,5.779999999999999,69.13000000000001,1.81,0,Kodagu,Karnataka
2020-11-04,1.48,5.100000000000043,6.96,66.39000000000001,1.81,0,Kodagu,Karnataka
2020-11-05,9.1,12.390000000000043,15.83,40.890000000000015,9.1,0,Kodagu,Karnataka
2020-11-06,6.56,17.14000000000004,22.31,35.59000000000001,9.1,0,Kodagu,Karnataka
2020-11-07,0.51,16.17000000000004,22.08,31.380000000000013,9.1,0,Kodagu,Karnataka
2020-11-08,0.21,7.280000000000042,21.48,27.460000000000015,6.56,0,Kodagu,Karnataka
2020-11-09,0.05,0.7700000000000427,19.72,25.650000000000013,0.51,0,Kodagu,Karnataka
2020-11-10,0.0,0.26000000000004264,17.909999999999997,25.180000000000014,0.21,0,Kodagu,Karnataka
2020-11-11,0.01,0.06000000000004264,16.44,23.700000000000014,0.05,0,Kodagu,Karnataka
2020-11-12,0.45,0.46000000000004265,7.79,23.850000000000016,0.45,0,Kodagu,Karnataka
2020-11-13,4.87,5.330000000000043,6.1000000000000005,28.490000000000016,4.87,0,Kodagu,Karnataka
2020-11-14,1.58,6.900000000000043,7.170000000000001,29.990000000000013,4.87,0,Kodagu,Karnataka
2020-11-15,2.35,8.800000000000043,9.31,31.600000000000016,4.87,0,Kodagu,Karnataka
2020-11-16,6.64,10.570000000000043,15.9,37.430000000000014,6.64,0,Kodagu,Karnataka
2020-11-17,2.96,11.950000000000042,18.86,38.58000000000001,6.64,0,Kodagu,Karnataka
2020-11-18,3.23,12.830000000000043,22.080000000000002,40.000000000000014,6.64,0,Kodagu,Karnataka
2020-11-19,1.29,7.480000000000041,22.919999999999998,39.81000000000002,3.23,0,Kodagu,Karnataka
2020-11-20,0.76,5.280000000000042,18.81,31.470000000000013,3.23,0,Kodagu,Karnataka
2020-11-21,0.38,2.430000000000042,17.61,25.290000000000013,1.29,0,Kodagu,Karnataka
2020-11-22,0.0,1.1400000000000419,15.26,24.780000000000015,0.76,0,Kodagu,Karnataka
2020-11-23,0.0,0.38000000000004175,8.62,24.570000000000014,0.38,0,Kodagu,Karnataka
2020-11-24,0.01,0.010000000000041745,5.67,24.530000000000015,0.01,0,Kodagu,Karnataka
2020-11-25,0.07,0.08000000000004175,2.5100000000000002,24.600000000000016,0.07,0,Kodagu,Karnataka
2020-11-26,0.45,0.5300000000000418,1.67,25.040000000000017,0.45,0,Kodagu,Karnataka
2020-11-27,0.28,0.8000000000000418,1.19,24.870000000000015,0.45,0,Kodagu,Karnataka
2020-11-28,0.78,1.510000000000042,1.59,20.780000000000012,0.78,0,Kodagu,Karnataka
2020-11-29,0.2,1.2600000000000418,1.79,19.400000000000013,0.78,0,Kodagu,Karnataka
2020-11-30,0.08,1.0600000000000418,1.87,17.130000000000013,0.78,0,Kodagu,Karnataka
2020-12-01,0.01,0.2900000000000418,1.87,10.500000000000014,0.2,0,Kodagu,Karnataka
2020-12-02,0.03,0.12000000000004174,1.83,7.5700000000000145,0.08,0,Kodagu,Karnataka
2020-12-03,0.26,0.30000000000004173,1.6400000000000001,4.600000000000014,0.26,0,Kodagu,Karnataka
2020-12-04,0.88,1.1700000000000417,2.24,4.190000000000015,0.88,0,Kodagu,Karnataka
2020-12-05,0.14,1.2800000000000418,1.6,3.5700000000000145,0.88,0,Kodagu,Karnataka
2020-12-06,1.1,2.120000000000042,2.5,4.290000000000014,1.1,0,Kodagu,Karnataka
2020-12-07,5.66,6.900000000000042,8.08,9.950000000000014,5.66,0,Kodagu,Karnataka
2020-12-08,12.07,18.83000000000004,20.14,22.020000000000014,12.07,0,Kodagu,Karnataka
2020-12-09,3.58,21.31000000000004,23.689999999999998,25.59000000000001,12.07,0,Kodagu,Karnataka
2020-12-10,2.03,17.680000000000042,25.46,27.550000000000015,12.07,0,Kodagu,Karnataka
2020-12-11,1.68,7.290000000000041,26.259999999999998,28.780000000000012,3.58,0,Kodagu,Karnataka
2020-12-12,0.31,4.02000000000004,26.430000000000003,28.810000000000016,2.03,0,Kodagu,Karnataka
2020-12-13,0.04,2.0300000000000407,25.37,28.070000000000014,1.68,0,Kodagu,Karnataka
2020-12-14,0.02,0.37000000000004085,19.73,27.890000000000015,0.31,0,Kodagu,Karnataka
2020-12-15,0.0,0.060000000000040854,7.66,27.810000000000013,0.04,0,Kodagu,Karnataka
2020-12-16,0.09,0.11000000000004084,4.17,27.890000000000015,0.09,0,Kodagu,Karnataka
2020-12-17,0.29,0.3800000000000408,2.4299999999999997,28.150000000000013,0.29,0,Kodagu,Karnataka
2020-12-18,0.2,0.5800000000000408,0.95,28.09000000000001,0.29,0,Kodagu,Karnataka
2020-12-19,0.0,0.49000000000004085,0.6399999999999999,27.21000000000001,0.29,0,Kodagu,Karnataka
2020-12-20,0.0,0.2000000000000408,0.6000000000000001,27.07000000000001,0.2,0,Kodagu,Karnataka
2020-12-21,0.0,0.0,0.5800000000000001,25.970000000000013,0.0,0,Kodagu,Karnataka
2020-12-22,0.02,0.0200000000000408,0.6,20.330000000000016,0.02,0,Kodagu,Karnataka
2020-12-23,2.2,2.220000000000041,2.71,10.460000000000015,2.2,0,Kodagu,Karnataka
2020-12-24,0.23,2.450000000000041,2.65,7.1100000000000145,2.2,0,Kodagu,Karnataka
2020-12-25,0.19,2.620000000000041,2.6399999999999997,5.270000000000014,2.2,0,Kodagu,Karnataka
2020-12-26,0.11,0.5300000000000409,2.7499999999999996,3.700000000000014,0.23,0,Kodagu,Karnataka
2020-12-27,0.01,0.3100000000000409,2.76,3.4000000000000146,0.19,0,Kodagu,Karnataka
2020-12-28,0.0,0.12000000000004085,2.76,3.3600000000000145,0.11,0,Kodagu,Karnataka
2020-12-29,0.0,0.010000000000040856,2.7399999999999998,3.3400000000000145,0.01,0,Kodagu,Karnataka
2020-12-30,0.16,0.16000000000004086,0.6999999999999995,3.5000000000000147,0.16,0,Kodagu,Karnataka
2020-12-31,1.38,1.5400000000000407,1.8499999999999994,4.790000000000014,1.38,0,Kodagu,Karnataka
2021-01-01,0.23,1.7700000000000407,1.8899999999999995,4.730000000000014,1.38,0,Kodagu,Karnataka
2021-01-02,0.0,1.6100000000000407,1.7799999999999994,4.530000000000014,1.38,0,Kodagu,Karnataka
2021-01-03,1.23,1.4600000000000408,2.999999999999999,5.760000000000014,1.23,0,Kodagu,Karnataka
2021-01-04,1.95,3.1800000000000406,4.949999999999999,7.710000000000013,1.95,0,Kodagu,Karnataka
2021-01-05,1.38,4.5600000000000405,6.329999999999999,9.090000000000014,1.95,0,Kodagu,Karnataka
2021-01-06,23.61,26.94000000000004,29.779999999999998,32.680000000000014,23.61,0,Kodagu,Karnataka
2021-01-07,17.09,42.08000000000004,45.489999999999995,47.570000000000014,23.61,0,Kodagu,Karnataka
2021-01-08,8.34,49.040000000000035,53.599999999999994,55.68000000000001,23.61,0,Kodagu,Karnataka
2021-01-09,2.22,27.65000000000004,55.81999999999999,57.710000000000015,17.09,0,Kodagu,Karnataka
2021-01-10,3.66,14.220000000000043,58.25,61.26000000000001,8.34,0,Kodagu,Karnataka
2021-01-11,0.31,6.190000000000043,56.60999999999999,61.56000000000002,3.66,0,Kodagu,Karnataka
2021-01-12,0.23,4.200000000000043,55.46,61.79000000000001,3.66,0,Kodagu,Karnataka
2021-01-13,0.35,0.8900000000000426,32.2,62.140000000000015,0.35,0,Kodagu,Karnataka
2021-01-14,0.67,1.2500000000000426,15.780000000000001,62.65000000000001,0.67,0,Kodagu,Karnataka
2021-01-15,0.3,1.3200000000000427,7.74,61.570000000000014,0.67,0,Kodagu,Karnataka
2021-01-16,0.09,1.0600000000000427,5.609999999999999,61.430000000000014,0.67,0,Kodagu,Karnataka
2021-01-17,0.02,0.4100000000000426,1.97,61.45000000000001,0.3,0,Kodagu,Karnataka
2021-01-18,0.05,0.16000000000004264,1.71,60.27000000000002,0.09,0,Kodagu,Karnataka
2021-01-19,0.03,0.10000000000004264,1.51,58.350000000000016,0.05,0,Kodagu,Karnataka
2021-01-20,0.0,0.08000000000004263,1.1600000000000001,56.97000000000002,0.05,0,Kodagu,Karnataka
2021-01-21,0.0,0.03000000000004263,0.49,33.360000000000014,0.03,0,Kodagu,Karnataka
2021-01-22,0.0,0.0,0.19,16.270000000000014,0.0,0,Kodagu,Karnataka
2021-01-23,0.01,0.010000000000042633,0.11,7.940000000000015,0.01,0,Kodagu,Karnataka
2021-01-24,0.04,0.050000000000042635,0.13,5.760000000000015,0.04,0,Kodagu,Karnataka
2021-01-25,0.01,0.06000000000004264,0.09,2.110000000000014,0.04,0,Kodagu,Karnataka
2021-01-26,0.0,0.050000000000042635,0.060000000000000005,1.8000000000000143,0.04,0,Kodagu,Karnataka
2021-01-27,0.0,0.010000000000042633,0.060000000000000005,1.5700000000000143,0.01,0,Kodagu,Karnataka
2021-01-28,0.0,0.0,0.060000000000000005,1.2200000000000144,0.0,0,Kodagu,Karnataka
2021-01-29,0.0,0.0,0.060000000000000005,0.5500000000000143,0.0,0,Kodagu,Karnataka
2021-01-30,0.0,0.0,0.05,0.2500000000000142,0.0,0,Kodagu,Karnataka
2021-01-31,0.03,0.03000000000004263,0.04,0.1900000000000142,0.03,0,Kodagu,Karnataka
2021-02-01,0.03,0.06000000000004263,0.06,0.20000000000001422,0.03,0,Kodagu,Karnataka
2021-02-02,0.0,0.06000000000004263,0.06,0.1500000000000142,0.03,0,Kodagu,Karnataka
2021-02-03,0.0,0.03000000000004263,0.06,0.1200000000000142,0.03,0,Kodagu,Karnataka
2021-02-04,0.05,0.050000000000042635,0.11,0.17000000000001422,0.05,0,Kodagu,Karnataka
2021-02-05,0.02,0.07000000000004264,0.13,0.1900000000000142,0.05,0,Kodagu,Karnataka
2021-02-06,0.0,0.07000000000004264,0.13,0.1900000000000142,0.05,0,Kodagu,Karnataka
2021-02-07,0.0,0.020000000000042633,0.1,0.1800000000000142,0.02,0,Kodagu,Karnataka
2021-02-08,0.0,0.0,0.07,0.14000000000001422,0.0,0,Kodagu,Karnataka
2021-02-09,0.0,0.0,0.07,0.13000000000001422,0.0,0,Kodagu,Karnataka
2021-02-10,0.0,0.0,0.07,0.13000000000001422,0.0,0,Kodagu,Karnataka
2021-02-11,0.0,0.0,0.02,0.13000000000001422,0.0,0,Kodagu,Karnataka
2021-02-12,0.0,0.0,0.0,0.13000000000001422,0.0,0,Kodagu,Karnataka
2021-02-13,0.0,0.0,0.0,0.13000000000001422,0.0,0,Kodagu,Karnataka
2021-02-14,0.0,0.0,0.0,0.13000000000001422,0.0,0,Kodagu,Karnataka
2021-02-15,0.07,0.07000000000004264,0.07,0.17000000000001422,0.07,0,Kodagu,Karnataka
2021-02-16,0.07,0.14000000000004265,0.14,0.21000000000001423,0.07,0,Kodagu,Karnataka
2021-02-17,0.12,0.26000000000004264,0.26,0.3300000000000142,0.12,0,Kodagu,Karnataka
2021-02-18,4.64,4.830000000000043,4.8999999999999995,4.970000000000014,4.64,0,Kodagu,Karnataka
2021-02-19,3.69,8.450000000000042,8.59,8.610000000000014,4.64,0,Kodagu,Karnataka
2021-02-20,5.99,14.320000000000043,14.58,14.580000000000014,5.99,0,Kodagu,Karnataka
2021-02-21,1.86,11.540000000000042,16.44,16.440000000000015,5.99,0,Kodagu,Karnataka
2021-02-22,2.23,10.080000000000043,18.6,18.670000000000016,5.99,0,Kodagu,Karnataka
2021-02-23,1.56,5.650000000000043,20.09,20.230000000000015,2.23,0,Kodagu,Karnataka
2021-02-24,0.19,3.980000000000042,20.16,20.420000000000016,2.23,0,Kodagu,Karnataka
2021-02-25,0.12,1.8700000000000427,15.64,20.540000000000013,1.56,0,Kodagu,Karnataka
2021-02-26,0.0,0.31000000000004263,11.95,20.540000000000013,0.19,0,Kodagu,Karnataka
2021-02-27,0.0,0.12000000000004263,5.96,20.540000000000013,0.12,0,Kodagu,Karnataka
2021-02-28,0.0,0.0,4.1,20.540000000000013,0.0,0,Kodagu,Karnataka
2021-03-01,0.0,0.0,1.87,20.540000000000013,0.0,0,Kodagu,Karnataka
2021-03-02,0.0,0.0,0.31,20.470000000000013,0.0,0,Kodagu,Karnataka
2021-03-03,0.0,0.0,0.12,20.400000000000013,0.0,0,Kodagu,Karnataka
2021-03-04,0.0,0.0,0.0,20.280000000000012,0.0,0,Kodagu,Karnataka
2021-03-05,0.0,0.0,0.0,15.640000000000013,0.0,0,Kodagu,Karnataka
2021-03-06,0.0,0.0,0.0,11.950000000000014,0.0,0,Kodagu,Karnataka
2021-03-07,0.03,0.03000000000004263,0.03,5.990000000000014,0.03,0,Kodagu,Karnataka
2021-03-08,0.22,0.25000000000004263,0.25,4.350000000000014,0.22,0,Kodagu,Karnataka
2021-03-09,0.27,0.5200000000000427,0.52,2.3900000000000143,0.27,0,Kodagu,Karnataka
2021-03-10,1.21,1.7000000000000426,1.73,2.0400000000000142,1.21,0,Kodagu,Karnataka
2021-03-11,5.47,6.950000000000042,7.199999999999999,7.3200000000000145,5.47,0,Kodagu,Karnataka
2021-03-12,0.23,6.910000000000044,7.430000000000001,7.430000000000014,5.47,0,Kodagu,Karnataka
2021-03-13,0.01,5.7100000000000435,7.44,7.440000000000014,5.47,0,Kodagu,Karnataka
2021-03-14,0.01,0.25000000000004263,7.42,7.4500000000000135,0.23,0,Kodagu,Karnataka
2021-03-15,0.02,0.04000000000004263,7.22,7.470000000000013,0.02,0,Kodagu,Karnataka
2021-03-16,0.02,0.050000000000042635,6.97,7.4900000000000135,0.02,0,Kodagu,Karnataka
2021-03-17,0.06,0.10000000000004264,5.819999999999999,7.550000000000013,0.06,0,Kodagu,Karnataka
2021-03-18,0.09,0.17000000000004262,0.4400000000000009,7.640000000000014,0.09,0,Kodagu,Karnataka
2021-03-19,0.11,0.26000000000004264,0.3200000000000009,7.750000000000013,0.11,0,Kodagu,Karnataka
2021-03-20,0.11,0.31000000000004263,0.4200000000000009,7.860000000000014,0.11,0,Kodagu,Karnataka
2021-03-21,0.22,0.44000000000004263,0.6300000000000009,8.080000000000014,0.22,0,Kodagu,Karnataka
2021-03-22,0.18,0.5100000000000426,0.7900000000000008,8.230000000000015,0.22,0,Kodagu,Karnataka
2021-03-23,0.12,0.5200000000000427,0.8900000000000008,8.130000000000013,0.22,0,Kodagu,Karnataka
2021-03-24,0.28,0.5800000000000427,1.1100000000000008,8.140000000000015,0.28,0,Kodagu,Karnataka
2021-03-25,0.34,0.7400000000000426,1.3600000000000008,7.270000000000013,0.34,0,Kodagu,Karnataka
2021-03-26,0.13,0.7500000000000426,1.380000000000001,1.9300000000000144,0.34,0,Kodagu,Karnataka
2021-03-27,0.34,0.8100000000000427,1.6100000000000008,2.0400000000000142,0.34,0,Kodagu,Karnataka
2021-03-28,0.37,0.8400000000000427,1.760000000000001,2.400000000000014,0.37,0,Kodagu,Karnataka
2021-03-29,1.21,1.9200000000000426,2.790000000000001,3.6000000000000143,1.21,0,Kodagu,Karnataka
2021-03-30,1.72,3.3000000000000425,4.390000000000001,5.300000000000014,1.72,0,Kodagu,Karnataka
2021-03-31,0.33,3.2600000000000424,4.44,5.6100000000000145,1.72,0,Kodagu,Karnataka
2021-04-01,0.02,2.0700000000000425,4.120000000000001,5.5700000000000145,1.72,0,Kodagu,Karnataka
2021-04-02,0.0,0.35000000000004267,3.9900000000000007,5.480000000000015,0.33,0,Kodagu,Karnataka
2021-04-03,0.02,0.04000000000004263,3.670000000000001,5.390000000000014,0.02,0,Kodagu,Karnataka
2021-04-04,0.05,0.07000000000004264,3.350000000000001,5.330000000000014,0.05,0,Kodagu,Karnataka
2021-04-05,0.41,0.4800000000000426,2.5500000000000007,5.520000000000014,0.41,0,Kodagu,Karnataka
2021-04-06,0.36,0.8200000000000426,1.1900000000000008,5.700000000000014,0.41,0,Kodagu,Karnataka
2021-04-07,0.17,0.9400000000000427,1.030000000000001,5.750000000000014,0.41,0,Kodagu,Karnataka
2021-04-08,0.12,0.6500000000000427,1.1300000000000008,5.590000000000014,0.36,0,Kodagu,Karnataka
2021-04-09,0.05,0.34000000000004266,1.1800000000000008,5.300000000000014,0.17,0,Kodagu,Karnataka
2021-04-10,0.12,0.2900000000000426,1.2800000000000007,5.290000000000014,0.12,0,Kodagu,Karnataka
2021-04-11,3.88,4.0500000000000425,5.110000000000001,8.830000000000014,3.88,0,Kodagu,Karnataka
2021-04-12,7.79,11.790000000000042,12.49,16.250000000000014,7.79,0,Kodagu,Karnataka
2021-04-13,4.78,16.450000000000042,16.91,19.820000000000014,7.79,0,Kodagu,Karnataka
2021-04-14,10.9,23.47000000000004,27.64,29.000000000000014,10.9,0,Kodagu,Karnataka
2021-04-15,8.56,24.240000000000045,36.080000000000005,37.23000000000002,10.9,0,Kodagu,Karnataka
2021-04-16,2.99,22.450000000000045,39.019999999999996,40.20000000000002,10.9,0,Kodagu,Karnataka
2021-04-17,2.26,13.810000000000043,41.160000000000004,42.46000000000002,8.56,0,Kodagu,Karnataka
2021-04-18,5.91,11.160000000000043,43.19,48.350000000000016,5.91,0,Kodagu,Karnataka
2021-04-19,3.85,12.020000000000042,39.25,52.15000000000002,5.91,0,Kodagu,Karnataka
2021-04-20,1.66,11.420000000000043,36.13,53.40000000000001,5.91,0,Kodagu,Karnataka
2021-04-21,17.55,23.060000000000045,42.78,70.59000000000002,17.55,0,Kodagu,Karnataka
2021-04-22,0.78,19.99000000000004,35.0,71.20000000000002,17.55,0,Kodagu,Karnataka
2021-04-23,4.12,22.45000000000004,36.13,75.20000000000002,17.55,0,Kodagu,Karnataka
2021-04-24,2.57,7.47000000000004,36.44,77.72000000000001,4.12,0,Kodagu,Karnataka
2021-04-25,1.51,8.200000000000038,32.04,79.11000000000003,4.12,0,Kodagu,Karnataka
2021-04-26,0.46,4.540000000000039,28.650000000000002,75.69000000000001,2.57,0,Kodagu,Karnataka
2021-04-27,0.21,2.1800000000000392,27.2,68.11000000000003,1.51,0,Kodagu,Karnataka
2021-04-28,0.38,1.0500000000000391,10.030000000000001,63.71000000000002,0.46,0,Kodagu,Karnataka
2021-04-29,0.49,1.0800000000000392,9.74,53.30000000000002,0.49,0,Kodagu,Karnataka
2021-04-30,0.58,1.450000000000039,6.2,45.32000000000002,0.58,0,Kodagu,Karnataka
2021-05-01,0.91,1.980000000000039,4.54,43.240000000000016,0.91,0,Kodagu,Karnataka
2021-05-02,3.56,5.05000000000004,6.59,44.54000000000002,3.56,0,Kodagu,Karnataka
2021-05-03,3.03,7.500000000000039,9.16,41.66000000000002,3.56,0,Kodagu,Karnataka
2021-05-04,2.31,8.90000000000004,11.26,40.12000000000002,3.56,0,Kodagu,Karnataka
2021-05-05,2.35,7.690000000000039,13.23,40.81000000000002,3.03,0,Kodagu,Karnataka
2021-05-06,2.93,7.590000000000039,15.67,26.190000000000015,2.93,0,Kodagu,Karnataka
2021-05-07,8.75,14.030000000000038,23.84,34.16000000000001,8.75,0,Kodagu,Karnataka
2021-05-08,4.27,15.950000000000038,27.2,34.31000000000002,8.75,0,Kodagu,Karnataka
2021-05-09,2.04,15.060000000000038,25.68,33.780000000000015,8.75,0,Kodagu,Karnataka
2021-05-10,2.79,9.100000000000039,25.439999999999998,35.06000000000002,4.27,0,Kodagu,Karnataka
2021-05-11,14.09,18.920000000000037,37.22,48.69000000000002,14.09,0,Kodagu,Karnataka
2021-05-12,15.24,32.12000000000004,50.11,63.72000000000001,15.24,0,Kodagu,Karnataka
2021-05-13,14.38,43.71000000000004,61.56,77.72000000000001,15.24,0,Kodagu,Karnataka
2021-05-14,46.66,76.28000000000003,99.47,123.89000000000001,46.66,0,Kodagu,Karnataka
2021-05-15,38.77,99.81000000000004,133.97,162.08,46.66,0,Kodagu,Karnataka
2021-05-16,27.82,113.25000000000003,159.75,188.99,46.66,0,Kodagu,Karnataka
2021-05-17,12.44,79.03000000000004,169.4,197.87000000000003,38.77,0,Kodagu,Karnataka
2021-05-18,13.19,53.450000000000045,168.5,208.03000000000003,27.82,0,Kodagu,Karnataka
2021-05-19,8.66,34.29000000000004,161.92000000000002,214.38000000000002,13.19,0,Kodagu,Karnataka
2021-05-20,7.0,28.850000000000044,154.54000000000002,219.03000000000003,13.19,0,Kodagu,Karnataka
2021-05-21,6.21,21.870000000000044,114.09,222.31,8.66,0,Kodagu,Karnataka
2021-05-22,3.05,16.26000000000004,78.36999999999999,216.61,7.0,0,Kodagu,Karnataka
2021-05-23,3.3,12.560000000000041,53.85,215.64000000000001,6.21,0,Kodagu,Karnataka
2021-05-24,1.07,7.420000000000043,42.480000000000004,214.67000000000002,3.3,0,Kodagu,Karnataka
2021-05-25,14.67,19.040000000000042,43.96,226.55,14.67,0,Kodagu,Karnataka
2021-05-26,12.9,28.640000000000043,48.199999999999996,225.36,14.67,0,Kodagu,Karnataka
2021-05-27,2.21,29.780000000000044,43.410000000000004,212.33,14.67,0,Kodagu,Karnataka
2021-05-28,3.81,18.920000000000044,41.010000000000005,201.76000000000002,12.9,0,Kodagu,Karnataka
2021-05-29,6.45,12.470000000000045,44.41,161.55,6.45,0,Kodagu,Karnataka
2021-05-30,5.01,15.270000000000044,46.120000000000005,127.79,6.45,0,Kodagu,Karnataka
2021-05-31,3.94,15.400000000000045,48.99,103.91000000000001,6.45,0,Kodagu,Karnataka
2021-06-01,3.63,12.580000000000044,37.949999999999996,95.10000000000001,5.01,1,Kodagu,Karnataka
2021-06-02,9.03,16.600000000000044,34.08,90.94000000000001,9.03,1,Kodagu,Karnataka
2021-06-03,18.37,31.030000000000044,50.24,100.65,18.37,1,Kodagu,Karnataka
2021-06-04,29.56,56.96000000000005,75.99,123.21000000000001,29.56,1,Kodagu,Karnataka
2021-06-05,5.12,53.05000000000005,74.66,122.12,29.56,1,Kodagu,Karnataka
2021-06-06,9.94,44.62000000000005,79.59,129.01000000000002,29.56,1,Kodagu,Karnataka
2021-06-07,0.57,15.630000000000045,76.22,126.28000000000002,9.94,1,Kodagu,Karnataka
2021-06-08,2.07,12.580000000000044,74.66,127.28,9.94,1,Kodagu,Karnataka
2021-06-09,4.58,7.220000000000046,70.21,117.19000000000001,4.58,1,Kodagu,Karnataka
2021-06-10,5.54,12.190000000000046,57.379999999999995,109.83000000000001,5.54,1,Kodagu,Karnataka
2021-06-11,4.9,15.020000000000048,32.72,112.52000000000001,5.54,1,Kodagu,Karnataka
2021-06-12,27.83,38.270000000000046,55.42999999999999,136.54,27.83,1,Kodagu,Karnataka
2021-06-13,25.61,58.340000000000046,71.1,155.70000000000002,27.83,1,Kodagu,Karnataka
2021-06-14,26.96,80.40000000000003,97.49000000000001,177.65,27.83,1,Kodagu,Karnataka
2021-06-15,48.86,101.43000000000004,144.28,222.57,48.86,1,Kodagu,Karnataka
2021-06-16,33.54,109.36000000000004,173.23999999999998,252.48,48.86,1,Kodagu,Karnataka
2021-06-17,22.86,105.26000000000005,190.56,266.31,48.86,1,Kodagu,Karnataka
2021-06-18,13.65,70.05000000000005,199.31,261.59,33.54,1,Kodagu,Karnataka
2021-06-19,23.77,60.28000000000005,195.25,255.8,23.77,1,Kodagu,Karnataka
2021-06-20,20.78,58.20000000000005,190.42,271.46000000000004,23.77,1,Kodagu,Karnataka
2021-06-21,9.63,54.18000000000006,173.09,271.15000000000003,23.77,1,Kodagu,Karnataka
2021-06-22,2.69,33.10000000000005,126.92,273.27000000000004,20.78,1,Kodagu,Karnataka
2021-06-23,2.43,14.75000000000005,95.81,273.63000000000005,9.63,1,Kodagu,Karnataka
2021-06-24,1.47,6.59000000000005,74.42000000000002,270.52,2.69,1,Kodagu,Karnataka
2021-06-25,1.21,5.11000000000005,61.980000000000004,266.19000000000005,2.43,1,Kodagu,Karnataka
2021-06-26,14.15,16.83000000000005,52.36,275.44,14.15,1,Kodagu,Karnataka
2021-06-27,2.07,17.43000000000005,33.65,249.68,14.15,1,Kodagu,Karnataka
2021-06-28,1.66,17.88000000000005,25.68,225.73000000000002,14.15,1,Kodagu,Karnataka
2021-06-29,0.54,4.270000000000049,23.53,199.31000000000003,2.07,1,Kodagu,Karnataka
2021-06-30,0.25,2.45000000000005,21.35,150.70000000000005,1.66,1,Kodagu,Karnataka
2021-07-01,5.27,6.060000000000049,25.15,122.43,5.27,1,Kodagu,Karnataka
2021-07-02,3.91,9.43000000000005,27.85,103.48000000000002,5.27,1,Kodagu,Karnataka
2021-07-03,2.5,11.68000000000005,16.2,92.33000000000001,5.27,1,Kodagu,Karnataka
2021-07-04,10.47,16.880000000000052,24.6,79.03000000000002,10.47,1,Kodagu,Karnataka
2021-07-05,4.68,17.65000000000005,27.619999999999997,62.930000000000014,10.47,1,Kodagu,Karnataka
2021-07-06,11.53,26.68000000000005,38.61,64.83000000000001,11.53,1,Kodagu,Karnataka
2021-07-07,11.95,28.16000000000005,50.31,74.09000000000002,11.95,1,Kodagu,Karnataka
2021-07-08,8.21,31.690000000000047,53.25,79.87,11.95,1,Kodagu,Karnataka
2021-07-09,28.54,48.700000000000045,77.88,106.94000000000001,28.54,1,Kodagu,Karnataka
2021-07-10,32.45,69.20000000000005,107.83,138.18,32.45,1,Kodagu,Karnataka
2021-07-11,23.64,84.63000000000005,121.0,147.67000000000002,32.45,1,Kodagu,Karnataka
2021-07-12,32.32,88.41000000000005,148.64,177.92000000000002,32.45,1,Kodagu,Karnataka
2021-07-13,25.13,81.09000000000005,162.23999999999998,201.39000000000001,32.32,1,Kodagu,Karnataka
2021-07-14,31.0,88.45000000000005,181.29,231.85,32.32,1,Kodagu,Karnataka
2021-07-15,43.08,99.21000000000004,216.16,274.68,43.08,1,Kodagu,Karnataka
2021-07-16,48.36,122.44000000000005,235.98000000000002,317.77000000000004,48.36,1,Kodagu,Karnataka
2021-07-17,30.27,121.71000000000005,233.8,344.13,48.36,1,Kodagu,Karnataka
2021-07-18,44.31,122.94000000000005,254.47,385.94,48.36,1,Kodagu,Karnataka
2021-07-19,17.93,92.51000000000005,240.08,393.40000000000003,44.31,1,Kodagu,Karnataka
2021-07-20,10.14,72.38000000000005,225.09,398.86,44.31,1,Kodagu,Karnataka
2021-07-21,28.5,56.57000000000006,222.59,415.83000000000004,28.5,1,Kodagu,Karnataka
2021-07-22,36.14,74.78000000000006,215.65,440.02,36.14,1,Kodagu,Karnataka
2021-07-23,32.1,96.74000000000007,199.39000000000001,463.91,36.14,1,Kodagu,Karnataka
2021-07-24,29.73,97.97000000000006,198.85,465.1,36.14,1,Kodagu,Karnataka
2021-07-25,23.65,85.48000000000006,178.19,456.3,32.1,1,Kodagu,Karnataka
2021-07-26,15.15,68.53000000000006,175.41,447.81,29.73,1,Kodagu,Karnataka
2021-07-27,6.53,45.330000000000055,171.8,422.02000000000004,23.65,1,Kodagu,Karnataka
2021-07-28,2.51,24.190000000000058,145.81,399.40000000000003,15.15,1,Kodagu,Karnataka
2021-07-29,4.87,13.910000000000057,114.53999999999999,373.27000000000004,6.53,1,Kodagu,Karnataka
2021-07-30,10.21,17.590000000000057,92.65,340.4,10.21,1,Kodagu,Karnataka
2021-07-31,6.02,21.10000000000006,68.94,298.06,10.21,1,Kodagu,Karnataka
2021-08-01,5.3,21.530000000000054,50.59,273.09000000000003,10.21,1,Kodagu,Karnataka
2021-08-02,4.49,15.810000000000056,39.93,233.27,6.02,1,Kodagu,Karnataka
2021-08-03,10.28,20.070000000000054,43.67999999999999,225.62000000000003,10.28,1,Kodagu,Karnataka
2021-08-04,8.89,23.660000000000053,50.06,224.37,10.28,1,Kodagu,Karnataka
2021-08-05,8.1,27.270000000000053,53.29,203.97,10.28,1,Kodagu,Karnataka
2021-08-06,12.52,29.510000000000055,55.6,180.35000000000002,12.52,1,Kodagu,Karnataka
2021-08-07,17.48,38.10000000000005,67.06,165.73,17.48,1,Kodagu,Karnataka
2021-08-08,6.8,36.80000000000005,68.56,142.8,17.48,1,Kodagu,Karnataka
2021-08-09,3.68,27.960000000000054,67.75,122.83000000000001,17.48,1,Kodagu,Karnataka
2021-08-10,10.72,21.200000000000053,68.19,118.4,10.72,1,Kodagu,Karnataka
2021-08-11,4.93,19.330000000000048,64.23,116.80000000000001,10.72,1,Kodagu,Karnataka
2021-08-12,6.85,22.50000000000005,62.980000000000004,121.14000000000001,10.72,1,Kodagu,Karnataka
2021-08-13,11.46,23.24000000000005,61.92,127.73000000000002,11.46,1,Kodagu,Karnataka
2021-08-14,7.65,25.96000000000005,52.09,125.17,11.46,1,Kodagu,Karnataka
2021-08-15,4.12,23.23000000000005,49.410000000000004,123.27000000000001,11.46,1,Kodagu,Karnataka
2021-08-16,6.42,18.19000000000005,52.150000000000006,124.39000000000001,7.65,1,Kodagu,Karnataka
2021-08-17,1.73,12.27000000000005,43.16,121.63000000000002,6.42,1,Kodagu,Karnataka
2021-08-18,8.81,16.96000000000005,47.04,120.16000000000003,8.81,1,Kodagu,Karnataka
2021-08-19,6.6,17.14000000000005,46.79,117.87000000000002,8.81,1,Kodagu,Karnataka
2021-08-20,0.65,16.06000000000005,35.98,110.42,8.81,1,Kodagu,Karnataka
2021-08-21,13.78,21.03000000000005,42.11,111.68,13.78,1,Kodagu,Karnataka
2021-08-22,2.16,16.59000000000005,40.15,96.36000000000003,13.78,1,Kodagu,Karnataka
2021-08-23,4.35,20.29000000000005,38.08,93.91000000000001,13.78,1,Kodagu,Karnataka
2021-08-24,3.37,9.880000000000049,39.72,93.60000000000002,4.35,1,Kodagu,Karnataka
2021-08-25,3.49,11.21000000000005,34.4,86.37000000000002,4.35,1,Kodagu,Karnataka
2021-08-26,14.34,21.200000000000053,42.14,95.78000000000002,14.34,1,Kodagu,Karnataka
2021-08-27,20.28,38.110000000000056,61.769999999999996,109.21000000000002,20.28,1,Kodagu,Karnataka
2021-08-28,18.57,53.190000000000055,66.56,116.32000000000001,20.28,1,Kodagu,Karnataka
2021-08-29,24.88,63.730000000000054,89.28,133.55,24.88,1,Kodagu,Karnataka
2021-08-30,7.8,51.25000000000005,92.73,137.23000000000002,24.88,1,Kodagu,Karnataka
2021-08-31,2.63,35.31000000000005,91.99000000000001,133.44000000000003,24.88,1,Kodagu,Karnataka
2021-09-01,2.95,13.380000000000052,91.44999999999999,134.66,7.8,1,Kodagu,Karnataka
2021-09-02,12.79,18.37000000000005,89.9,138.64000000000001,12.79,1,Kodagu,Karnataka
2021-09-03,28.31,44.050000000000054,97.93,160.35000000000002,28.31,1,Kodagu,Karnataka
2021-09-04,24.15,65.25000000000004,103.50999999999999,183.85,28.31,1,Kodagu,Karnataka
2021-09-05,14.66,67.12000000000005,93.28999999999999,184.73,28.31,1,Kodagu,Karnataka
2021-09-06,24.26,63.07000000000005,109.75,206.83,24.26,1,Kodagu,Karnataka
2021-09-07,12.45,51.370000000000054,119.57000000000001,214.93,24.26,1,Kodagu,Karnataka
2021-09-08,18.17,54.88000000000005,134.79,229.73000000000002,24.26,1,Kodagu,Karnataka
2021-09-09,4.72,35.34000000000005,126.72,230.96,18.17,1,Kodagu,Karnataka
2021-09-10,3.82,26.710000000000054,102.22999999999999,220.44000000000003,18.17,1,Kodagu,Karnataka
2021-09-11,15.61,24.150000000000052,93.69,215.77,15.61,1,Kodagu,Karnataka
2021-09-12,28.95,48.38000000000005,107.98,226.15,28.95,1,Kodagu,Karnataka
2021-09-13,24.43,68.99000000000005,108.15,225.7,28.95,1,Kodagu,Karnataka
2021-09-14,7.54,60.92000000000005,103.24,225.44000000000003,28.95,1,Kodagu,Karnataka
2021-09-15,4.4,36.370000000000054,89.47,227.21,24.43,1,Kodagu,Karnataka
2021-09-16,2.28,14.220000000000054,87.03,226.54000000000002,7.54,1,Kodagu,Karnataka
2021-09-17,0.44,7.120000000000053,83.65,214.19000000000003,4.4,1,Kodagu,Karnataka
2021-09-18,0.19,2.910000000000053,68.23,186.07000000000002,2.28,1,Kodagu,Karnataka
2021-09-19,0.2,0.8300000000000534,39.48,162.12,0.44,1,Kodagu,Karnataka
2021-09-20,0.31,0.7000000000000532,15.36,147.77,0.31,1,Kodagu,Karnataka
2021-09-21,3.43,3.9400000000000537,11.25,126.94000000000003,3.43,1,Kodagu,Karnataka
2021-09-22,4.84,8.580000000000053,11.69,119.33000000000001,4.84,1,Kodagu,Karnataka
2021-09-23,2.04,10.310000000000052,11.45,103.20000000000002,4.84,1,Kodagu,Karnataka
2021-09-24,3.54,10.420000000000053,14.549999999999999,102.02000000000001,4.84,1,Kodagu,Karnataka
2021-09-25,1.74,7.320000000000054,16.099999999999998,99.94000000000001,3.54,1,Kodagu,Karnataka
2021-09-26,2.42,7.7000000000000535,18.32,86.75000000000001,3.54,1,Kodagu,Karnataka
2021-09-27,12.77,16.930000000000053,30.78,70.57000000000002,12.77,1,Kodagu,Karnataka
2021-09-28,14.16,29.35000000000005,41.51,60.30000000000001,14.16,1,Kodagu,Karnataka
2021-09-29,5.55,32.480000000000054,42.22,58.31000000000002,14.16,1,Kodagu,Karnataka
2021-09-30,10.78,30.490000000000055,50.96,64.69000000000001,14.16,1,Kodagu,Karnataka
2021-10-01,11.74,28.070000000000057,59.160000000000004,74.15000000000002,11.74,0,Kodagu,Karnataka
2021-10-02,41.57,64.09000000000006,98.99000000000001,115.28000000000002,41.57,0,Kodagu,Karnataka
2021-10-03,14.65,67.96000000000005,111.22,129.74,41.57,0,Kodagu,Karnataka
2021-10-04,6.01,62.23000000000005,104.46000000000001,135.55,41.57,0,Kodagu,Karnataka
2021-10-05,17.13,37.79000000000005,107.43,152.37,17.13,0,Kodagu,Karnataka
2021-10-06,16.33,39.47000000000005,118.21,165.27,17.13,0,Kodagu,Karnataka
2021-10-07,3.53,36.99000000000005,110.96000000000001,163.96,17.13,0,Kodagu,Karnataka
2021-10-08,8.95,28.810000000000045,108.17,170.87000000000003,16.33,0,Kodagu,Karnataka
2021-10-09,10.46,22.940000000000047,77.05999999999999,177.79,10.46,0,Kodagu,Karnataka
2021-10-10,12.17,31.580000000000048,74.58,188.22000000000003,12.17,0,Kodagu,Karnataka
2021-10-11,36.57,59.20000000000005,105.13999999999999,222.37,36.57,0,Kodagu,Karnataka
2021-10-12,57.34,106.08000000000006,145.35,266.94000000000005,57.34,0,Kodagu,Karnataka
2021-10-13,6.68,100.59000000000006,135.7,259.46,57.34,0,Kodagu,Karnataka
2021-10-14,9.49,73.51000000000006,141.66000000000003,263.40000000000003,57.34,0,Kodagu,Karnataka
2021-10-15,11.64,27.810000000000052,144.35,264.26,11.64,0,Kodagu,Karnataka
2021-10-16,48.69,69.82000000000005,182.57999999999998,301.21000000000004,48.69,0,Kodagu,Karnataka
2021-10-17,10.89,71.22000000000006,181.3,270.53000000000003,48.69,0,Kodagu,Karnataka
2021-10-18,3.9,63.48000000000005,148.63000000000002,259.78000000000003,48.69,0,Kodagu,Karnataka
2021-10-19,0.54,15.33000000000005,91.83000000000001,254.31000000000003,10.89,0,Kodagu,Karnataka
2021-10-20,32.67,37.11000000000005,117.82,269.85,32.67,0,Kodagu,Karnataka
2021-10-21,21.26,54.470000000000056,129.59,274.78000000000003,32.67,0,Kodagu,Karnataka
2021-10-22,16.7,70.63000000000005,134.65,287.95000000000005,32.67,0,Kodagu,Karnataka
2021-10-23,13.16,51.12000000000005,99.12,292.15999999999997,21.26,0,Kodagu,Karnataka
2021-10-24,11.21,41.07000000000005,99.44,292.91,16.7,0,Kodagu,Karnataka
2021-10-25,15.37,39.74000000000005,110.91,296.11,15.37,0,Kodagu,Karnataka
2021-10-26,8.2,34.78000000000005,118.57,267.74,15.37,0,Kodagu,Karnataka
2021-10-27,13.17,36.74000000000005,99.07000000000001,223.57000000000002,15.37,0,Kodagu,Karnataka
2021-10-28,2.79,24.16000000000005,80.60000000000001,219.68000000000004,13.17,0,Kodagu,Karnataka
2021-10-29,5.04,21.00000000000005,68.94,215.23000000000002,13.17,0,Kodagu,Karnataka
2021-10-30,18.92,26.75000000000005,74.7,222.51000000000002,18.92,0,Kodagu,Karnataka
2021-10-31,6.23,30.19000000000005,69.72,180.05,18.92,0,Kodagu,Karnataka
2021-11-01,22.42,47.57000000000005,76.77,191.58,22.42,0,Kodagu,Karnataka
2021-11-02,17.27,45.920000000000044,85.84,204.95000000000002,22.42,0,Kodagu,Karnataka
2021-11-03,24.1,63.79000000000005,96.77000000000001,228.51000000000002,24.1,0,Kodagu,Karnataka
2021-11-04,18.45,59.82000000000004,112.43,214.29000000000002,24.1,0,Kodagu,Karnataka
2021-11-05,20.93,63.48000000000005,128.32,213.96,24.1,0,Kodagu,Karnataka
2021-11-06,9.67,49.05000000000005,119.07000000000001,206.93000000000004,20.93,0,Kodagu,Karnataka
2021-11-07,1.48,32.08000000000005,114.32000000000001,195.25000000000003,20.93,0,Kodagu,Karnataka
2021-11-08,2.32,13.470000000000045,94.22,186.36,9.67,0,Kodagu,Karnataka
2021-11-09,1.1,4.9000000000000465,78.05,172.09,2.32,0,Kodagu,Karnataka
2021-11-10,0.39,3.8100000000000462,54.339999999999996,164.28000000000003,2.32,0,Kodagu,Karnataka
2021-11-11,2.2,3.6900000000000466,38.09,153.31,2.2,0,Kodagu,Karnataka
2021-11-12,9.38,11.970000000000047,26.54,159.9,9.38,0,Kodagu,Karnataka
2021-11-13,9.04,20.620000000000047,25.909999999999997,163.90000000000003,9.38,0,Kodagu,Karnataka
2021-11-14,25.07,43.49000000000005,49.5,170.05,25.07,0,Kodagu,Karnataka
2021-11-15,52.68,86.79000000000005,99.86,216.50000000000003,52.68,0,Kodagu,Karnataka
2021-11-16,10.41,88.16000000000005,109.17,204.49,52.68,0,Kodagu,Karnataka
2021-11-17,10.9,73.99000000000004,119.68,198.12000000000003,52.68,0,Kodagu,Karnataka
2021-11-18,16.09,37.40000000000004,133.57,190.11,16.09,0,Kodagu,Karnataka
2021-11-19,28.31,55.30000000000004,152.5,199.97,28.31,0,Kodagu,Karnataka
2021-11-20,13.66,58.060000000000045,157.12,192.7,28.31,0,Kodagu,Karnataka
2021-11-21,7.09,49.06000000000004,139.14000000000001,190.12,28.31,0,Kodagu,Karnataka
2021-11-22,9.23,29.98000000000004,95.69,197.87000000000003,13.66,0,Kodagu,Karnataka
2021-11-23,3.32,19.64000000000004,88.6,198.87,9.23,0,Kodagu,Karnataka
2021-11-24,2.49,15.04000000000004,80.19,200.26000000000002,9.23,0,Kodagu,Karnataka
2021-11-25,1.54,7.350000000000039,65.63999999999999,201.41000000000003,3.32,0,Kodagu,Karnataka
2021-11-26,0.15,4.180000000000039,37.480000000000004,199.36,2.49,0,Kodagu,Karnataka
2021-11-27,0.4,2.090000000000039,24.22,190.38000000000002,1.54,0,Kodagu,Karnataka
2021-11-28,2.05,2.6000000000000387,19.18,183.39000000000001,2.05,0,Kodagu,Karnataka
2021-11-29,2.95,5.400000000000039,12.9,161.27,2.95,0,Kodagu,Karnataka
2021-11-30,5.7,10.700000000000038,15.280000000000001,114.29000000000002,5.7,0,Kodagu,Karnataka
2021-12-01,2.12,10.770000000000039,14.91,106.00000000000001,5.7,0,Kodagu,Karnataka
2021-12-02,1.47,9.290000000000038,14.840000000000002,96.57000000000002,5.7,0,Kodagu,Karnataka
2021-12-03,0.97,4.560000000000038,15.66,81.45000000000002,2.12,0,Kodagu,Karnataka
2021-12-04,0.33,2.770000000000038,15.59,53.47000000000001,1.47,0,Kodagu,Karnataka
2021-12-05,0.05,1.3500000000000383,13.59,39.860000000000014,0.97,0,Kodagu,Karnataka
2021-12-06,0.0,0.3800000000000382,10.64,32.77000000000001,0.33,0,Kodagu,Karnataka
2021-12-07,0.03,0.0800000000000382,4.97,23.570000000000014,0.05,0,Kodagu,Karnataka
2021-12-08,0.18,0.21000000000003818,3.03,20.430000000000014,0.18,0,Kodagu,Karnataka
2021-12-09,3.19,3.400000000000038,4.75,21.130000000000017,3.19,0,Kodagu,Karnataka
2021-12-10,8.05,11.420000000000039,11.830000000000002,27.640000000000015,8.05,0,Kodagu,Karnataka
2021-12-11,0.67,11.91000000000004,12.170000000000002,28.160000000000018,8.05,0,Kodagu,Karnataka
2021-12-12,0.16,8.880000000000038,12.280000000000001,27.920000000000016,8.05,0,Kodagu,Karnataka
2021-12-13,0.07,0.9000000000000373,12.350000000000001,25.940000000000015,0.67,0,Kodagu,Karnataka
2021-12-14,0.14,0.3700000000000373,12.460000000000003,23.130000000000017,0.16,0,Kodagu,Karnataka
2021-12-15,0.31,0.5200000000000373,12.590000000000002,17.740000000000016,0.31,0,Kodagu,Karnataka
2021-12-16,0.22,0.6700000000000373,9.620000000000003,15.840000000000016,0.31,0,Kodagu,Karnataka
2021-12-17,0.01,0.5400000000000373,1.5800000000000018,14.380000000000015,0.31,0,Kodagu,Karnataka
2021-12-18,0.0,0.2300000000000373,0.9100000000000018,13.410000000000016,0.22,0,Kodagu,Karnataka
2021-12-19,0.0,0.010000000000037304,0.7500000000000018,13.080000000000016,0.01,0,Kodagu,Karnataka
2021-12-20,0.0,0.0,0.6800000000000018,13.030000000000015,0.0,0,Kodagu,Karnataka
2021-12-21,0.0,0.0,0.5400000000000018,13.030000000000015,0.0,0,Kodagu,Karnataka
2021-12-22,0.0,0.0,0.2300000000000018,13.000000000000016,0.0,0,Kodagu,Karnataka
2021-12-23,0.0,0.0,0.010000000000001777,12.820000000000016,0.0,0,Kodagu,Karnataka
2021-12-24,0.0,0.0,0.0,9.630000000000017,0.0,0,Kodagu,Karnataka
2021-12-25,0.0,0.0,0.0,1.580000000000016,0.0,0,Kodagu,Karnataka
2021-12-26,0.0,0.0,0.0,0.910000000000016,0.0,0,Kodagu,Karnataka
2021-12-27,0.01,0.010000000000037304,0.010000000000001777,0.760000000000016,0.01,0,Kodagu,Karnataka
2021-12-28,0.01,0.020000000000037304,0.020000000000001777,0.700000000000016,0.01,0,Kodagu,Karnataka
2021-12-29,0.0,0.020000000000037304,0.020000000000001777,0.560000000000016,0.01,0,Kodagu,Karnataka
2021-12-30,0.01,0.020000000000037304,0.030000000000001775,0.260000000000016,0.01,0,Kodagu,Karnataka
2021-12-31,0.27,0.28000000000003733,0.3000000000000018,0.31000000000001604,0.27,0,Kodagu,Karnataka
2022-01-01,0.6,0.8800000000000373,0.9000000000000018,0.900000000000016,0.6,0,Kodagu,Karnataka
2022-01-02,0.15,1.0200000000000373,1.0500000000000018,1.050000000000016,0.6,0,Kodagu,Karnataka
2022-01-03,0.02,0.7700000000000373,1.0600000000000018,1.070000000000016,0.6,0,Kodagu,Karnataka
2022-01-04,0.01,0.1800000000000373,1.0600000000000018,1.080000000000016,0.15,0,Kodagu,Karnataka
2022-01-05,0.02,0.050000000000037306,1.0800000000000018,1.100000000000016,0.02,0,Kodagu,Karnataka
2022-01-06,0.0,0.030000000000037306,1.0700000000000018,1.100000000000016,0.02,0,Kodagu,Karnataka
2022-01-07,0.0,0.020000000000037307,0.8000000000000017,1.100000000000016,0.02,0,Kodagu,Karnataka
2022-01-08,0.01,0.010000000000037304,0.21000000000000177,1.110000000000016,0.01,0,Kodagu,Karnataka
2022-01-09,0.0,0.010000000000037304,0.06000000000000178,1.110000000000016,0.01,0,Kodagu,Karnataka
2022-01-10,0.0,0.010000000000037304,0.040000000000001784,1.110000000000016,0.01,0,Kodagu,Karnataka
2022-01-11,0.0,0.0,0.030000000000001782,1.100000000000016,0.0,0,Kodagu,Karnataka
2022-01-12,0.0,0.0,0.010000000000001777,1.090000000000016,0.0,0,Kodagu,Karnataka
2022-01-13,0.0,0.0,0.010000000000001777,1.090000000000016,0.0,0,Kodagu,Karnataka
2022-01-14,0.0,0.0,0.010000000000001777,1.080000000000016,0.0,0,Kodagu,Karnataka
2022-01-15,0.0,0.0,0.0,0.8100000000000159,0.0,0,Kodagu,Karnataka
2022-01-16,0.13,0.1300000000000373,0.13000000000000178,0.34000000000001607,0.13,0,Kodagu,Karnataka
2022-01-17,0.51,0.6400000000000373,0.6400000000000018,0.700000000000016,0.51,0,Kodagu,Karnataka
2022-01-18,0.06,0.7000000000000373,0.7000000000000017,0.740000000000016,0.51,0,Kodagu,Karnataka
2022-01-19,0.01,0.5800000000000373,0.7100000000000017,0.740000000000016,0.51,0,Kodagu,Karnataka
2022-01-20,0.0,0.0700000000000373,0.7100000000000017,0.720000000000016,0.06,0,Kodagu,Karnataka
2022-01-21,0.0,0.010000000000037304,0.7100000000000017,0.720000000000016,0.01,0,Kodagu,Karnataka
2022-01-22,0.0,0.0,0.7100000000000017,0.720000000000016,0.0,0,Kodagu,Karnataka
2022-01-23,0.0,0.0,0.5800000000000017,0.710000000000016,0.0,0,Kodagu,Karnataka
2022-01-24,0.0,0.0,0.07000000000000177,0.710000000000016,0.0,0,Kodagu,Karnataka
2022-01-25,0.0,0.0,0.010000000000001777,0.710000000000016,0.0,0,Kodagu,Karnataka
2022-01-26,0.02,0.020000000000037304,0.020000000000001777,0.730000000000016,0.02,0,Kodagu,Karnataka
2022-01-27,0.3,0.3200000000000373,0.3200000000000018,1.030000000000016,0.3,0,Kodagu,Karnataka
2022-01-28,0.1,0.42000000000003734,0.4200000000000018,1.130000000000016,0.3,0,Kodagu,Karnataka
2022-01-29,0.0,0.4000000000000373,0.4200000000000018,1.130000000000016,0.3,0,Kodagu,Karnataka
2022-01-30,0.0,0.10000000000003731,0.4200000000000018,1.130000000000016,0.1,0,Kodagu,Karnataka
2022-01-31,0.01,0.010000000000037304,0.43000000000000177,1.0100000000000162,0.01,0,Kodagu,Karnataka
2022-02-01,0.0,0.010000000000037304,0.43000000000000177,0.5000000000000161,0.01,0,Kodagu,Karnataka
2022-02-02,0.0,0.010000000000037304,0.41000000000000175,0.4400000000000161,0.01,0,Kodagu,Karnataka
2022-02-03,0.01,0.010000000000037304,0.12000000000000179,0.4400000000000161,0.01,0,Kodagu,Karnataka
2022-02-04,0.0,0.010000000000037304,0.020000000000001777,0.4400000000000161,0.01,0,Kodagu,Karnataka
2022-02-05,0.0,0.010000000000037304,0.020000000000001777,0.4400000000000161,0.01,0,Kodagu,Karnataka
2022-02-06,0.0,0.0,0.020000000000001777,0.4400000000000161,0.0,0,Kodagu,Karnataka
2022-02-07,0.0,0.0,0.010000000000001777,0.4400000000000161,0.0,0,Kodagu,Karnataka
2022-02-08,0.0,0.0,0.010000000000001777,0.4400000000000161,0.0,0,Kodagu,Karnataka
2022-02-09,0.0,0.0,0.010000000000001777,0.4400000000000161,0.0,0,Kodagu,Karnataka
2022-02-10,0.02,0.020000000000037304,0.020000000000001777,0.44000000000001616,0.02,0,Kodagu,Karnataka
2022-02-11,0.0,0.020000000000037304,0.020000000000001777,0.1400000000000161,0.02,0,Kodagu,Karnataka
2022-02-12,0.0,0.020000000000037304,0.020000000000001777,0.0400000000000161,0.02,0,Kodagu,Karnataka
2022-02-13,0.03,0.030000000000037302,0.05000000000000178,0.0700000000000161,0.03,0,Kodagu,Karnataka
2022-02-14,0.07,0.10000000000003731,0.12000000000000179,0.1400000000000161,0.07,0,Kodagu,Karnataka
2022-02-15,0.03,0.1300000000000373,0.1500000000000018,0.1600000000000161,0.07,0,Kodagu,Karnataka
2022-02-16,0.1,0.20000000000003731,0.2500000000000018,0.2600000000000161,0.1,0,Kodagu,Karnataka
2022-02-17,0.29,0.4200000000000373,0.5200000000000018,0.550000000000016,0.29,0,Kodagu,Karnataka
2022-02-18,0.09,0.4800000000000373,0.6100000000000018,0.6300000000000161,0.29,0,Kodagu,Karnataka
2022-02-19,0.01,0.39000000000003726,0.6200000000000018,0.6400000000000161,0.29,0,Kodagu,Karnataka
2022-02-20,0.0,0.1000000000000373,0.5900000000000017,0.6400000000000161,0.09,0,Kodagu,Karnataka
2022-02-21,0.0,0.010000000000037304,0.5200000000000018,0.6400000000000161,0.01,0,Kodagu,Karnataka
2022-02-22,0.0,0.0,0.4900000000000017,0.6400000000000161,0.0,0,Kodagu,Karnataka
2022-02-23,0.0,0.0,0.3900000000000017,0.6400000000000161,0.0,0,Kodagu,Karnataka
2022-02-24,0.01,0.010000000000037304,0.11000000000000172,0.6500000000000161,0.01,0,Kodagu,Karnataka
2022-02-25,0.02,0.030000000000037302,0.04000000000000172,0.650000000000016,0.02,0,Kodagu,Karnataka
2022-02-26,0.01,0.040000000000037304,0.04000000000000172,0.660000000000016,0.02,0,Kodagu,Karnataka
2022-02-27,0.01,0.040000000000037304,0.050000000000001724,0.670000000000016,0.02,0,Kodagu,Karnataka
2022-02-28,0.02,0.04000000000003731,0.07000000000000173,0.6600000000000161,0.02,0,Kodagu,Karnataka
2022-03-01,0.02,0.050000000000037306,0.09000000000000172,0.6100000000000161,0.02,0,Kodagu,Karnataka
2022-03-02,0.01,0.05000000000003731,0.10000000000000173,0.5900000000000161,0.02,0,Kodagu,Karnataka
2022-03-03,0.0,0.03000000000003731,0.09000000000000173,0.4900000000000161,0.02,0,Kodagu,Karnataka
2022-03-04,0.0,0.010000000000037307,0.07000000000000173,0.2000000000000161,0.01,0,Kodagu,Karnataka
2022-03-05,0.0,0.0,0.06000000000000172,0.1100000000000161,0.0,0,Kodagu,Karnataka
2022-03-06,0.01,0.010000000000037307,0.060000000000001726,0.11000000000001611,0.01,0,Kodagu,Karnataka
2022-03-07,0.02,0.03000000000003731,0.06000000000000172,0.1300000000000161,0.02,0,Kodagu,Karnataka
2022-03-08,0.05,0.08000000000003732,0.09000000000000172,0.1800000000000161,0.05,0,Kodagu,Karnataka
2022-03-09,0.1,0.17000000000003734,0.18000000000000171,0.2800000000000161,0.1,0,Kodagu,Karnataka
2022-03-10,0.06,0.21000000000003732,0.2400000000000017,0.3400000000000161,0.1,0,Kodagu,Karnataka
2022-03-11,0.04,0.20000000000003731,0.28000000000000175,0.3700000000000161,0.1,0,Kodagu,Karnataka
2022-03-12,0.02,0.12000000000003731,0.3000000000000017,0.3700000000000161,0.06,0,Kodagu,Karnataka
2022-03-13,0.02,0.08000000000003732,0.3100000000000017,0.3800000000000161,0.04,0,Kodagu,Karnataka
2022-03-14,0.03,0.07000000000003731,0.3200000000000017,0.4000000000000161,0.03,0,Kodagu,Karnataka
2022-03-15,0.05,0.10000000000003731,0.3200000000000017,0.4300000000000161,0.05,0,Kodagu,Karnataka
2022-03-16,0.03,0.11000000000003732,0.2500000000000017,0.4400000000000161,0.05,0,Kodagu,Karnataka
2022-03-17,0.08,0.16000000000003733,0.27000000000000174,0.5100000000000161,0.08,0,Kodagu,Karnataka
2022-03-18,0.33,0.44000000000003736,0.5600000000000017,0.8400000000000161,0.33,0,Kodagu,Karnataka
2022-03-19,1.39,1.8000000000000373,1.9300000000000015,2.230000000000016,1.39,0,Kodagu,Karnataka
2022-03-20,1.24,2.9600000000000373,3.1500000000000017,3.4700000000000157,1.39,0,Kodagu,Karnataka
2022-03-21,2.58,5.210000000000037,5.700000000000002,6.040000000000016,2.58,0,Kodagu,Karnataka
2022-03-22,4.01,7.830000000000037,9.660000000000002,10.030000000000015,4.01,0,Kodagu,Karnataka
2022-03-23,5.74,12.330000000000037,15.370000000000001,15.720000000000017,5.74,0,Kodagu,Karnataka
2022-03-24,8.62,18.370000000000037,23.91,24.240000000000016,8.62,0,Kodagu,Karnataka
2022-03-25,1.14,15.500000000000037,24.720000000000002,25.320000000000014,8.62,0,Kodagu,Karnataka
2022-03-26,0.91,10.670000000000037,24.240000000000002,26.190000000000015,8.62,0,Kodagu,Karnataka
2022-03-27,0.5,2.550000000000037,23.5,26.670000000000012,1.14,0,Kodagu,Karnataka
2022-03-28,0.2,1.6100000000000374,21.12,26.850000000000012,0.91,0,Kodagu,Karnataka
2022-03-29,0.43,1.1300000000000372,17.54,27.250000000000018,0.5,0,Kodagu,Karnataka
2022-03-30,0.46,1.0900000000000374,12.260000000000002,27.660000000000014,0.46,0,Kodagu,Karnataka
2022-03-31,0.32,1.2100000000000373,3.9600000000000017,27.950000000000014,0.46,0,Kodagu,Karnataka
2022-04-01,1.12,1.9000000000000372,3.940000000000002,28.990000000000016,1.12,0,Kodagu,Karnataka
2022-04-02,4.51,5.950000000000037,7.540000000000002,33.170000000000016,4.51,0,Kodagu,Karnataka
2022-04-03,0.73,6.360000000000037,7.770000000000001,32.51000000000001,4.51,0,Kodagu,Karnataka
2022-04-04,0.33,5.570000000000036,7.900000000000001,31.600000000000016,4.51,0,Kodagu,Karnataka
2022-04-05,1.7,2.760000000000036,9.170000000000002,30.720000000000017,1.7,0,Kodagu,Karnataka
2022-04-06,1.11,3.1400000000000365,9.82,27.820000000000014,1.7,0,Kodagu,Karnataka
2022-04-07,0.34,3.1500000000000363,9.840000000000002,22.420000000000012,1.7,0,Kodagu,Karnataka
2022-04-08,2.31,3.760000000000036,11.030000000000001,16.110000000000017,2.31,0,Kodagu,Karnataka
2022-04-09,5.62,8.270000000000037,12.140000000000002,20.590000000000018,5.62,0,Kodagu,Karnataka
2022-04-10,2.6,10.530000000000037,14.010000000000002,22.280000000000015,5.62,0,Kodagu,Karnataka
2022-04-11,0.79,9.010000000000037,14.470000000000002,22.570000000000014,5.62,0,Kodagu,Karnataka
2022-04-12,1.46,4.850000000000037,14.230000000000002,23.830000000000016,2.6,0,Kodagu,Karnataka
2022-04-13,7.14,9.390000000000038,20.26,30.540000000000017,7.14,0,Kodagu,Karnataka
2022-04-14,5.94,14.540000000000038,25.860000000000003,36.02000000000002,7.14,0,Kodagu,Karnataka
2022-04-15,0.31,13.390000000000038,23.860000000000003,36.01000000000002,7.14,0,Kodagu,Karnataka
2022-04-16,2.89,9.14000000000004,21.130000000000003,37.780000000000015,5.94,0,Kodagu,Karnataka
2022-04-17,4.66,7.8600000000000385,23.19,37.930000000000014,4.66,0,Kodagu,Karnataka
2022-04-18,5.2,12.750000000000039,27.6,42.40000000000002,5.2,0,Kodagu,Karnataka
2022-04-19,5.12,14.98000000000004,31.26,47.19000000000002,5.2,0,Kodagu,Karnataka
2022-04-20,0.12,10.440000000000039,24.240000000000006,45.610000000000014,5.2,0,Kodagu,Karnataka
2022-04-21,0.72,5.960000000000038,19.020000000000003,45.22000000000002,5.12,0,Kodagu,Karnataka
2022-04-22,1.31,2.150000000000038,20.02,46.19000000000002,1.31,0,Kodagu,Karnataka
2022-04-23,2.53,4.560000000000038,19.660000000000004,46.41000000000002,2.53,0,Kodagu,Karnataka
2022-04-24,1.48,5.320000000000038,16.48,42.27000000000002,2.53,0,Kodagu,Karnataka
2022-04-25,1.41,5.420000000000037,12.690000000000003,41.08000000000002,2.53,0,Kodagu,Karnataka
2022-04-26,0.75,3.640000000000038,8.320000000000002,41.04000000000002,1.48,0,Kodagu,Karnataka
2022-04-27,0.45,2.610000000000038,8.650000000000002,40.03000000000002,1.41,0,Kodagu,Karnataka
2022-04-28,0.83,2.0300000000000384,8.760000000000002,33.72000000000002,0.83,0,Kodagu,Karnataka
2022-04-29,2.73,4.010000000000038,10.180000000000001,30.510000000000016,2.73,0,Kodagu,Karnataka
2022-04-30,2.76,6.320000000000038,10.410000000000002,32.960000000000015,2.76,0,Kodagu,Karnataka
2022-05-01,3.18,8.670000000000037,12.110000000000001,33.250000000000014,3.18,0,Kodagu,Karnataka
2022-05-02,1.3,7.240000000000038,12.000000000000002,29.89000000000002,3.18,0,Kodagu,Karnataka
2022-05-03,8.16,12.64000000000004,19.410000000000004,32.850000000000016,8.16,0,Kodagu,Karnataka
2022-05-04,2.6,12.06000000000004,21.560000000000002,30.33000000000002,8.16,0,Kodagu,Karnataka
2022-05-05,11.44,22.20000000000004,32.17,41.65000000000002,11.44,0,Kodagu,Karnataka
2022-05-06,1.88,15.920000000000037,31.320000000000004,42.81000000000002,11.44,0,Kodagu,Karnataka
2022-05-07,2.65,15.970000000000038,31.21,44.15000000000001,11.44,0,Kodagu,Karnataka
2022-05-08,2.75,7.280000000000038,30.78,44.37000000000001,2.75,0,Kodagu,Karnataka
2022-05-09,4.86,10.26000000000004,34.34,47.750000000000014,4.86,0,Kodagu,Karnataka
2022-05-10,3.18,10.79000000000004,29.360000000000003,49.52000000000002,4.86,0,Kodagu,Karnataka
2022-05-11,7.86,15.90000000000004,34.620000000000005,56.63000000000002,7.86,0,Kodagu,Karnataka
2022-05-12,10.93,21.97000000000004,34.11,67.11000000000001,10.93,0,Kodagu,Karnataka
2022-05-13,12.26,31.05000000000004,44.49,78.54000000000002,12.26,0,Kodagu,Karnataka
2022-05-14,9.92,33.11000000000004,51.760000000000005,85.73000000000002,12.26,0,Kodagu,Karnataka
2022-05-15,11.77,33.95000000000004,60.78,94.74000000000001,12.26,0,Kodagu,Karnataka
2022-05-16,34.13,55.820000000000036,90.05000000000001,125.69000000000003,34.13,0,Kodagu,Karnataka
2022-05-17,36.15,82.05000000000004,123.02,160.54000000000002,36.15,0,Kodagu,Karnataka
2022-05-18,44.28,114.56000000000004,159.44,196.66000000000003,44.28,0,Kodagu,Karnataka
2022-05-19,40.83,121.26000000000003,189.33999999999997,234.89,44.28,0,Kodagu,Karnataka
2022-05-20,8.17,93.28000000000004,185.25,231.62,44.28,0,Kodagu,Karnataka
2022-05-21,7.19,56.19000000000004,182.52,236.93,40.83,0,Kodagu,Karnataka
2022-05-22,3.51,18.870000000000044,174.26,237.79,8.17,0,Kodagu,Karnataka
2022-05-23,4.63,15.330000000000043,144.76,239.67000000000002,7.19,0,Kodagu,Karnataka
2022-05-24,1.11,9.250000000000043,109.72,235.92000000000002,4.63,0,Kodagu,Karnataka
2022-05-25,7.65,13.390000000000043,73.09,240.39000000000001,7.65,0,Kodagu,Karnataka
2022-05-26,3.89,12.650000000000045,36.15,236.42000000000002,7.65,0,Kodagu,Karnataka
2022-05-27,3.13,14.670000000000043,31.11,228.62,7.65,0,Kodagu,Karnataka
2022-05-28,2.35,9.370000000000044,26.270000000000003,218.71000000000004,3.89,0,Kodagu,Karnataka
2022-05-29,2.27,7.750000000000043,25.03,211.06,3.13,0,Kodagu,Karnataka
2022-05-30,6.45,11.070000000000043,26.85,205.74000000000004,6.45,0,Kodagu,Karnataka
2022-05-31,12.06,20.780000000000044,37.800000000000004,183.67000000000002,12.06,0,Kodagu,Karnataka
2022-06-01,4.6,23.110000000000042,34.75,152.12000000000003,12.06,1,Kodagu,Karnataka
2022-06-02,1.56,18.22000000000004,32.42,109.40000000000002,12.06,1,Kodagu,Karnataka
2022-06-03,10.36,16.520000000000042,39.65,78.93000000000002,10.36,1,Kodagu,Karnataka
2022-06-04,3.37,15.290000000000042,40.67,74.13000000000001,10.36,1,Kodagu,Karnataka
2022-06-05,6.03,19.76000000000004,44.43000000000001,72.97000000000001,10.36,1,Kodagu,Karnataka
2022-06-06,4.52,13.920000000000043,42.5,73.98000000000002,6.03,1,Kodagu,Karnataka
2022-06-07,5.02,15.570000000000043,35.459999999999994,74.37000000000002,6.03,1,Kodagu,Karnataka
2022-06-08,1.27,10.810000000000041,32.13,74.53000000000002,5.02,1,Kodagu,Karnataka
2022-06-09,1.5,7.790000000000042,32.07,68.38000000000001,5.02,1,Kodagu,Karnataka
2022-06-10,6.34,9.110000000000042,28.05,70.83000000000001,6.34,1,Kodagu,Karnataka
2022-06-11,6.68,14.520000000000042,31.36,74.38000000000001,6.68,1,Kodagu,Karnataka
2022-06-12,10.23,23.250000000000043,35.56,82.26000000000002,10.23,1,Kodagu,Karnataka
2022-06-13,15.16,32.07000000000004,46.2,95.15,15.16,1,Kodagu,Karnataka
2022-06-14,9.64,35.030000000000044,50.82000000000001,98.34000000000002,15.16,1,Kodagu,Karnataka
2022-06-15,9.56,34.36000000000004,59.11,95.84000000000002,15.16,1,Kodagu,Karnataka
2022-06-16,10.35,29.550000000000043,67.96000000000001,101.59,10.35,1,Kodagu,Karnataka
2022-06-17,5.27,25.180000000000042,66.89,105.30000000000001,10.35,1,Kodagu,Karnataka
2022-06-18,12.95,28.570000000000043,73.16,107.89000000000001,12.95,1,Kodagu,Karnataka
2022-06-19,5.29,23.51000000000004,68.22,109.81000000000002,12.95,1,Kodagu,Karnataka
2022-06-20,13.47,31.710000000000043,66.53,117.25000000000001,13.47,1,Kodagu,Karnataka
2022-06-21,15.89,34.65000000000004,72.78,128.62000000000003,15.89,1,Kodagu,Karnataka
2022-06-22,12.43,41.79000000000004,75.65,136.03,15.89,1,Kodagu,Karnataka
2022-06-23,9.77,38.090000000000046,75.07000000000001,144.53,15.89,1,Kodagu,Karnataka
2022-06-24,20.63,42.83000000000004,90.42999999999999,163.66,20.63,1,Kodagu,Karnataka
2022-06-25,14.5,44.90000000000004,91.97999999999999,171.82000000000002,20.63,1,Kodagu,Karnataka
2022-06-26,5.76,40.890000000000036,92.45,170.9,20.63,1,Kodagu,Karnataka
2022-06-27,8.51,28.770000000000042,87.49000000000001,169.18000000000004,14.5,1,Kodagu,Karnataka
2022-06-28,18.17,32.44000000000004,89.77000000000001,172.19,18.17,1,Kodagu,Karnataka
2022-06-29,29.52,56.200000000000045,106.86,192.07000000000002,29.52,1,Kodagu,Karnataka
2022-06-30,46.82,94.51000000000005,143.91,229.33,46.82,1,Kodagu,Karnataka
2022-07-01,22.78,99.12000000000003,146.06,241.76000000000002,46.82,1,Kodagu,Karnataka
2022-07-02,20.85,90.45000000000005,152.41,257.34000000000003,46.82,1,Kodagu,Karnataka
2022-07-03,30.87,74.50000000000004,177.52,275.26000000000005,30.87,1,Kodagu,Karnataka
2022-07-04,34.2,85.92000000000004,203.20999999999998,304.17,34.2,1,Kodagu,Karnataka
2022-07-05,43.7,108.77000000000005,228.74,334.40000000000003,43.7,1,Kodagu,Karnataka
2022-07-06,41.48,119.38000000000005,240.7,359.99,43.7,1,Kodagu,Karnataka
2022-07-07,52.86,138.04000000000005,246.74,400.42,52.86,1,Kodagu,Karnataka
2022-07-08,32.49,126.83000000000004,256.45,423.14,52.86,1,Kodagu,Karnataka
2022-07-09,59.2,144.55000000000007,294.8,461.71000000000004,59.2,1,Kodagu,Karnataka
2022-07-10,33.0,124.69000000000004,296.93,480.21000000000004,59.2,1,Kodagu,Karnataka
2022-07-11,32.66,124.86000000000004,295.39,507.11,59.2,1,Kodagu,Karnataka
2022-07-12,30.14,95.80000000000004,281.83,528.74,33.0,1,Kodagu,Karnataka
2022-07-13,25.65,88.45000000000005,266.0,536.22,32.66,1,Kodagu,Karnataka
2022-07-14,21.52,77.31000000000004,234.66,528.22,30.14,1,Kodagu,Karnataka
2022-07-15,22.91,70.08000000000004,225.08,504.31000000000006,25.65,1,Kodagu,Karnataka
2022-07-16,35.11,79.54000000000005,200.99,516.64,35.11,1,Kodagu,Karnataka
2022-07-17,31.23,89.25000000000004,199.22,527.02,35.11,1,Kodagu,Karnataka
2022-07-18,29.82,96.16000000000004,196.38,525.97,35.11,1,Kodagu,Karnataka
2022-07-19,5.56,66.61000000000004,171.8,497.33,31.23,1,Kodagu,Karnataka
2022-07-20,10.17,45.55000000000004,156.32,463.8,29.82,1,Kodagu,Karnataka
2022-07-21,3.48,19.210000000000043,138.28,425.8,10.17,1,Kodagu,Karnataka
2022-07-22,7.13,20.780000000000044,122.5,380.07000000000005,10.17,1,Kodagu,Karnataka
2022-07-23,10.93,21.540000000000042,98.32,358.51,10.93,1,Kodagu,Karnataka
2022-07-24,4.61,22.67000000000004,71.7,303.92,10.93,1,Kodagu,Karnataka
2022-07-25,2.75,18.290000000000042,44.63,273.67,10.93,1,Kodagu,Karnataka
2022-07-26,3.09,10.450000000000042,42.160000000000004,244.1,4.61,1,Kodagu,Karnataka
2022-07-27,34.11,39.95000000000004,66.1,248.07000000000002,34.11,1,Kodagu,Karnataka
2022-07-28,7.56,44.76000000000004,70.18,229.98000000000002,34.11,1,Kodagu,Karnataka
2022-07-29,16.74,58.41000000000004,79.78999999999999,225.20000000000002,34.11,1,Kodagu,Karnataka
2022-07-30,115.66,139.96000000000004,184.51999999999998,317.95000000000005,115.66,1,Kodagu,Karnataka
2022-07-31,6.72,139.12000000000003,186.63,289.56,115.66,1,Kodagu,Karnataka
2022-08-01,62.33,184.71000000000004,246.20999999999998,320.65999999999997,115.66,1,Kodagu,Karnataka
2022-08-02,67.68,136.73000000000005,310.8,358.52,67.68,1,Kodagu,Karnataka
2022-08-03,61.74,191.75000000000006,338.43,414.7,67.68,1,Kodagu,Karnataka
2022-08-04,73.65,203.07000000000008,404.52,478.17999999999995,73.65,1,Kodagu,Karnataka
2022-08-05,48.47,183.86000000000004,436.25,523.1700000000001,73.65,1,Kodagu,Karnataka
2022-08-06,27.31,149.43000000000006,347.9,543.35,73.65,1,Kodagu,Karnataka
2022-08-07,30.35,106.13000000000005,371.53,562.77,48.47,1,Kodagu,Karnataka
2022-08-08,22.59,80.25000000000006,331.78999999999996,580.75,30.35,1,Kodagu,Karnataka
2022-08-09,15.12,68.06000000000006,279.22999999999996,593.12,30.35,1,Kodagu,Karnataka
2022-08-10,6.18,43.89000000000006,223.67000000000002,596.21,22.59,1,Kodagu,Karnataka
2022-08-11,11.83,33.13000000000005,161.85,573.9300000000001,15.12,1,Kodagu,Karnataka
2022-08-12,4.8,22.81000000000006,118.17999999999999,571.17,11.83,1,Kodagu,Karnataka
2022-08-13,1.41,18.04000000000006,92.28,555.84,11.83,1,Kodagu,Karnataka
2022-08-14,1.15,7.360000000000056,63.080000000000005,441.33,4.8,1,Kodagu,Karnataka
2022-08-15,0.53,3.0900000000000567,41.019999999999996,435.14,1.41,1,Kodagu,Karnataka
2022-08-16,0.2,1.8800000000000567,26.1,373.01,1.15,1,Kodagu,Karnataka
2022-08-17,1.11,1.840000000000057,21.03,306.44,1.11,1,Kodagu,Karnataka
2022-08-18,70.91,72.22000000000006,80.11,315.61,70.91,1,Kodagu,Karnataka
2022-08-19,41.1,113.12000000000006,116.41,283.06,70.91,1,Kodagu,Karnataka
2022-08-20,4.52,116.53000000000006,119.52000000000001,239.10999999999999,70.91,1,Kodagu,Karnataka
2022-08-21,12.12,57.74000000000006,130.49,223.92,41.1,1,Kodagu,Karnataka
2022-08-22,37.26,53.900000000000055,167.22,230.82999999999998,37.26,1,Kodagu,Karnataka
2022-08-23,38.62,88.00000000000006,205.64000000000001,246.85999999999999,38.62,1,Kodagu,Karnataka
2022-08-24,32.6,108.48000000000006,237.13,264.34,38.62,1,Kodagu,Karnataka
2022-08-25,10.59,81.81000000000006,176.81,268.75,38.62,1,Kodagu,Karnataka
2022-08-26,19.22,62.41000000000005,154.93,276.14,32.6,1,Kodagu,Karnataka
2022-08-27,20.28,50.09000000000006,170.69,291.62,20.28,1,Kodagu,Karnataka
2022-08-28,13.04,52.54000000000005,171.60999999999999,303.25,20.28,1,Kodagu,Karnataka
2022-08-29,23.9,57.220000000000056,158.25,326.0,23.9,1,Kodagu,Karnataka
2022-08-30,13.96,50.90000000000005,133.59,339.43,23.9,1,Kodagu,Karnataka
2022-08-31,24.92,62.78000000000006,125.91,364.15000000000003,24.92,1,Kodagu,Karnataka
2022-09-01,22.34,61.220000000000056,137.66,385.38,24.92,1,Kodagu,Karnataka
2022-09-02,7.79,55.05000000000006,126.23,322.26,24.92,1,Kodagu,Karnataka
2022-09-03,1.65,31.780000000000058,107.6,282.81,22.34,1,Kodagu,Karnataka
2022-09-04,4.09,13.530000000000056,98.65,282.38,7.79,1,Kodagu,Karnataka
2022-09-05,15.14,20.880000000000056,89.89,285.4,15.14,1,Kodagu,Karnataka
2022-09-06,36.31,55.54000000000006,112.24000000000001,284.45,36.31,1,Kodagu,Karnataka
2022-09-07,38.78,90.23000000000006,126.10000000000001,284.61,38.78,1,Kodagu,Karnataka
2022-09-08,5.47,80.56000000000006,109.23,257.48,38.78,1,Kodagu,Karnataka
2022-09-09,11.45,55.70000000000006,112.89,258.34000000000003,38.78,1,Kodagu,Karnataka
2022-09-10,12.94,29.860000000000056,124.18,252.06,12.94,1,Kodagu,Karnataka
2022-09-11,9.69,34.080000000000055,129.78,241.47000000000003,12.94,1,Kodagu,Karnataka
2022-09-12,5.44,28.070000000000057,120.08,233.87,12.94,1,Kodagu,Karnataka
2022-09-13,4.36,19.49000000000006,88.13,214.33,9.69,1,Kodagu,Karnataka
2022-09-14,6.04,15.840000000000057,55.39,206.41,6.04,1,Kodagu,Karnataka
2022-09-15,3.38,13.780000000000056,53.3,184.87,6.04,1,Kodagu,Karnataka
2022-09-16,2.13,11.550000000000058,43.98,164.66000000000003,6.04,1,Kodagu,Karnataka
2022-09-17,2.58,8.090000000000057,33.62,159.45,3.38,1,Kodagu,Karnataka
2022-09-18,1.71,6.420000000000057,25.64,159.51,2.58,1,Kodagu,Karnataka
2022-09-19,2.7,6.990000000000057,22.9,158.12,2.7,1,Kodagu,Karnataka
2022-09-20,0.84,5.250000000000057,19.38,143.82,2.7,1,Kodagu,Karnataka
2022-09-21,0.35,3.890000000000057,13.690000000000001,107.86,2.7,1,Kodagu,Karnataka
2022-09-22,0.17,1.3600000000000567,10.48,69.25,0.84,1,Kodagu,Karnataka
2022-09-23,3.27,3.790000000000057,11.620000000000001,67.05,3.27,1,Kodagu,Karnataka
2022-09-24,2.7,6.140000000000057,11.739999999999998,58.3,3.27,1,Kodagu,Karnataka
2022-09-25,0.82,6.790000000000057,10.85,46.18,3.27,1,Kodagu,Karnataka
2022-09-26,0.64,4.160000000000057,8.79,37.13,2.7,1,Kodagu,Karnataka
2022-09-27,0.68,2.140000000000057,8.63,32.37,0.82,1,Kodagu,Karnataka
2022-09-28,0.56,1.8800000000000572,8.84,28.57,0.68,1,Kodagu,Karnataka
2022-09-29,0.57,1.810000000000057,9.24,23.1,0.68,1,Kodagu,Karnataka
2022-09-30,10.05,11.180000000000057,16.02,29.77,10.05,1,Kodagu,Karnataka
2022-10-01,8.93,19.550000000000054,22.25,36.57,10.05,0,Kodagu,Karnataka
2022-10-02,4.53,23.510000000000055,25.96,38.52,10.05,0,Kodagu,Karnataka
2022-10-03,1.68,15.140000000000056,27.0,38.49,8.93,0,Kodagu,Karnataka
2022-10-04,0.89,7.100000000000056,27.21,36.68,4.53,0,Kodagu,Karnataka
2022-10-05,2.72,5.290000000000055,29.37,38.56,2.72,0,Kodagu,Karnataka
2022-10-06,0.37,3.9800000000000555,29.17,38.58,2.72,0,Kodagu,Karnataka
2022-10-07,0.14,3.2300000000000555,19.259999999999998,38.55,2.72,0,Kodagu,Karnataka
2022-10-08,0.12,0.6300000000000551,10.45,35.400000000000006,0.37,0,Kodagu,Karnataka
2022-10-09,7.55,7.810000000000055,13.469999999999999,40.25,7.55,0,Kodagu,Karnataka
2022-10-10,12.9,20.570000000000057,24.689999999999998,52.33,12.9,0,Kodagu,Karnataka
2022-10-11,7.03,27.480000000000054,30.83,58.72,12.9,0,Kodagu,Karnataka
2022-10-12,0.36,20.290000000000056,28.47,58.4,12.9,0,Kodagu,Karnataka
2022-10-13,9.09,16.480000000000054,37.19,66.93,9.09,0,Kodagu,Karnataka
2022-10-14,18.57,28.020000000000053,55.62,84.93,18.57,0,Kodagu,Karnataka
2022-10-15,7.51,35.17000000000005,63.01,82.39,18.57,0,Kodagu,Karnataka
2022-10-16,20.5,46.580000000000055,75.96,93.96000000000001,20.5,0,Kodagu,Karnataka
2022-10-17,13.45,41.46000000000005,76.50999999999999,102.88000000000001,20.5,0,Kodagu,Karnataka
2022-10-18,5.87,39.82000000000005,75.35,107.07,20.5,0,Kodagu,Karnataka
2022-10-19,6.78,26.10000000000005,81.77,112.96,13.45,0,Kodagu,Karnataka
2022-10-20,6.26,18.910000000000053,78.94,116.5,6.78,0,Kodagu,Karnataka
2022-10-21,4.3,17.340000000000053,64.67,120.42999999999999,6.78,0,Kodagu,Karnataka
2022-10-22,1.24,11.800000000000052,58.39999999999999,121.53,6.26,0,Kodagu,Karnataka
2022-10-23,0.68,6.220000000000053,38.57999999999999,122.09,4.3,0,Kodagu,Karnataka
2022-10-24,0.12,2.0400000000000533,25.249999999999993,114.66,1.24,0,Kodagu,Karnataka
2022-10-25,0.0,0.8000000000000533,19.379999999999992,101.76,0.68,0,Kodagu,Karnataka
2022-10-26,0.0,0.12000000000005329,12.599999999999993,94.73,0.12,0,Kodagu,Karnataka
2022-10-27,0.0,0.0,6.339999999999993,94.37,0.0,0,Kodagu,Karnataka
2022-10-28,0.04,0.04000000000005329,2.079999999999993,85.32,0.04,0,Kodagu,Karnataka
2022-10-29,0.67,0.7100000000000534,1.5099999999999931,67.42,0.67,0,Kodagu,Karnataka
2022-10-30,1.09,1.8000000000000536,1.9199999999999928,61.0,1.09,0,Kodagu,Karnataka
2022-10-31,1.15,2.9100000000000534,2.9499999999999926,41.65,1.15,0,Kodagu,Karnataka
2022-11-01,0.84,3.0800000000000534,3.7899999999999925,29.04,1.15,0,Kodagu,Karnataka
2022-11-02,13.32,15.310000000000054,17.109999999999992,36.49,13.32,0,Kodagu,Karnataka
2022-11-03,1.51,15.670000000000053,18.619999999999994,31.22,13.32,0,Kodagu,Karnataka
2022-11-04,1.18,16.010000000000055,19.759999999999994,26.14,13.32,0,Kodagu,Karnataka
2022-11-05,0.61,3.300000000000053,19.699999999999992,22.45,1.51,0,Kodagu,Karnataka
2022-11-06,2.11,3.9000000000000528,20.71999999999999,23.32,2.11,0,Kodagu,Karnataka
2022-11-07,0.97,3.6900000000000537,20.539999999999992,23.610000000000003,2.11,0,Kodagu,Karnataka
2022-11-08,0.05,3.130000000000053,19.749999999999993,23.54,2.11,0,Kodagu,Karnataka
2022-11-09,0.14,1.1600000000000532,6.569999999999992,23.68,0.97,0,Kodagu,Karnataka
2022-11-10,0.12,0.3100000000000533,5.179999999999993,23.8,0.14,0,Kodagu,Karnataka
2022-11-11,1.89,2.150000000000053,5.889999999999993,25.69,1.89,0,Kodagu,Karnataka
2022-11-12,5.3,7.310000000000053,10.579999999999991,30.950000000000003,5.3,0,Kodagu,Karnataka
2022-11-13,0.85,8.040000000000052,9.319999999999993,31.13,5.3,0,Kodagu,Karnataka
2022-11-14,5.81,11.960000000000052,14.159999999999991,35.85,5.81,0,Kodagu,Karnataka
2022-11-15,3.16,9.820000000000054,17.269999999999992,37.86,5.81,0,Kodagu,Karnataka
2022-11-16,0.68,9.650000000000054,17.80999999999999,37.699999999999996,5.81,0,Kodagu,Karnataka
2022-11-17,0.08,3.9200000000000537,17.769999999999992,24.459999999999997,3.16,0,Kodagu,Karnataka
2022-11-18,0.03,0.7900000000000533,15.909999999999993,22.98,0.68,0,Kodagu,Karnataka
2022-11-19,0.01,0.12000000000005329,10.619999999999992,21.81,0.08,0,Kodagu,Karnataka
2022-11-20,0.0,0.04000000000005329,9.769999999999992,21.2,0.03,0,Kodagu,Karnataka
2022-11-21,0.0,0.010000000000053291,3.9599999999999933,19.09,0.01,0,Kodagu,Karnataka
2022-11-22,0.41,0.41000000000005327,1.2099999999999929,18.529999999999998,0.41,0,Kodagu,Karnataka
2022-11-23,2.9,3.3100000000000533,3.4299999999999926,21.38,2.9,0,Kodagu,Karnataka
2022-11-24,5.33,8.640000000000054,8.679999999999993,26.57,5.33,0,Kodagu,Karnataka
2022-11-25,0.33,8.560000000000054,8.979999999999993,26.779999999999998,5.33,0,Kodagu,Karnataka
2022-11-26,1.74,7.400000000000054,10.709999999999994,26.63,5.33,0,Kodagu,Karnataka
2022-11-27,2.75,4.820000000000054,13.459999999999994,24.08,2.75,0,Kodagu,Karnataka
2022-11-28,3.91,8.400000000000054,17.369999999999994,27.14,3.91,0,Kodagu,Karnataka
2022-11-29,2.2,8.860000000000053,19.159999999999993,23.53,3.91,0,Kodagu,Karnataka
2022-11-30,0.1,6.210000000000053,16.359999999999992,20.470000000000002,3.91,0,Kodagu,Karnataka
2022-12-01,0.0,2.3000000000000536,11.029999999999994,19.790000000000003,2.2,0,Kodagu,Karnataka
2022-12-02,0.35,0.45000000000005325,11.049999999999994,20.06,0.35,0,Kodagu,Karnataka
2022-12-03,0.36,0.7100000000000533,9.669999999999993,20.39,0.36,0,Kodagu,Karnataka
2022-12-04,5.21,5.920000000000053,12.129999999999992,25.59,5.21,0,Kodagu,Karnataka
2022-12-05,1.61,7.180000000000054,9.829999999999993,27.2,5.21,0,Kodagu,Karnataka
2022-12-06,0.11,6.930000000000053,7.739999999999992,27.310000000000002,5.21,0,Kodagu,Karnataka
2022-12-07,0.07,1.7900000000000533,7.709999999999993,26.970000000000002,1.61,0,Kodagu,Karnataka
2022-12-08,0.02,0.2000000000000533,7.729999999999993,24.090000000000003,0.11,0,Kodagu,Karnataka
2022-12-09,2.11,2.200000000000053,9.489999999999991,20.87,2.11,0,Kodagu,Karnataka
2022-12-10,4.16,6.290000000000053,13.289999999999992,24.700000000000003,4.16,0,Kodagu,Karnataka
2022-12-11,20.73,27.000000000000053,28.80999999999999,43.69,20.73,0,Kodagu,Karnataka
2022-12-12,21.24,46.13000000000005,48.43999999999999,62.18,21.24,0,Kodagu,Karnataka
2022-12-13,12.9,54.870000000000054,61.22999999999999,71.17,21.24,0,Kodagu,Karnataka
2022-12-14,4.14,38.28000000000005,65.3,73.11,21.24,0,Kodagu,Karnataka
2022-12-15,0.52,17.560000000000052,65.8,73.53,12.9,0,Kodagu,Karnataka
2022-12-16,0.0,4.660000000000053,63.68999999999999,73.53,4.14,0,Kodagu,Karnataka
2022-12-17,0.0,0.5200000000000533,59.529999999999994,73.18,0.52,0,Kodagu,Karnataka
2022-12-18,0.01,0.010000000000053291,38.809999999999995,72.83,0.01,0,Kodagu,Karnataka
2022-12-19,0.05,0.060000000000053295,17.619999999999994,67.67,0.05,0,Kodagu,Karnataka
2022-12-20,0.01,0.0700000000000533,4.729999999999992,66.07,0.05,0,Kodagu,Karnataka
2022-12-21,0.0,0.060000000000053295,0.5899999999999929,65.96,0.05,0,Kodagu,Karnataka
2022-12-22,0.0,0.010000000000053291,0.0699999999999929,65.89,0.01,0,Kodagu,Karnataka
2022-12-23,0.0,0.0,0.0699999999999929,65.86999999999999,0.0,0,Kodagu,Karnataka
2022-12-24,0.0,0.0,0.0699999999999929,63.760000000000005,0.0,0,Kodagu,Karnataka
2022-12-25,1.57,1.5700000000000534,1.629999999999993,61.17,1.57,0,Kodagu,Karnataka
2022-12-26,1.26,2.8300000000000534,2.8399999999999928,41.699999999999996,1.57,0,Kodagu,Karnataka
2022-12-27,0.21,3.0400000000000533,3.0399999999999934,20.67,1.57,0,Kodagu,Karnataka
2022-12-28,0.06,1.5300000000000533,3.099999999999993,7.83,1.26,0,Kodagu,Karnataka
2022-12-29,0.02,0.29000000000005327,3.119999999999993,3.71,0.21,0,Kodagu,Karnataka
2022-12-30,0.01,0.09000000000005329,3.1299999999999932,3.2,0.06,0,Kodagu,Karnataka
2022-12-31,0.0,0.03000000000005329,3.1299999999999932,3.2,0.02,0,Kodagu,Karnataka
2023-01-01,0.0,0.010000000000053291,1.559999999999993,3.2,0.01,0,Kodagu,Karnataka
2023-01-02,0.0,0.0,0.2999999999999929,3.1900000000000004,0.0,0,Kodagu,Karnataka
2023-01-03,0.0,0.0,0.08999999999999289,3.14,0.0,0,Kodagu,Karnataka
2023-01-04,0.0,0.0,0.029999999999992893,3.1300000000000003,0.0,0,Kodagu,Karnataka
2023-01-05,0.0,0.0,0.009999999999992895,3.1300000000000003,0.0,0,Kodagu,Karnataka
2023-01-06,0.0,0.0,0.0,3.1300000000000003,0.0,0,Kodagu,Karnataka
2023-01-07,0.0,0.0,0.0,3.1300000000000003,0.0,0,Kodagu,Karnataka
2023-01-08,0.0,0.0,0.0,3.1300000000000003,0.0,0,Kodagu,Karnataka
2023-01-09,0.0,0.0,0.0,1.56,0.0,0,Kodagu,Karnataka
2023-01-10,0.0,0.0,0.0,0.3,0.0,0,Kodagu,Karnataka
2023-01-11,0.0,0.0,0.0,0.09,0.0,0,Kodagu,Karnataka
2023-01-12,0.0,0.0,0.0,0.03,0.0,0,Kodagu,Karnataka
2023-01-13,0.0,0.0,0.0,0.01,0.0,0,Kodagu,Karnataka
2023-01-14,0.0,0.0,0.0,0.0,0.0,0,Kodagu,Karnataka
2023-01-15,0.0,0.0,0.0,0.0,0.0,0,Kodagu,Karnataka
2023-01-16,0.0,0.0,0.0,0.0,0.0,0,Kodagu,Karnataka
2023-01-17,0.0,0.0,0.0,0.0,0.0,0,Kodagu,Karnataka
2023-01-18,0.0,0.0,0.0,0.0,0.0,0,Kodagu,Karnataka
2023-01-19,0.0,0.0,0.0,0.0,0.0,0,Kodagu,Karnataka
2023-01-20,0.0,0.0,0.0,0.0,0.0,0,Kodagu,Karnataka
2023-01-21,0.0,0.0,0.0,0.0,0.0,0,Kodagu,Karnataka
2023-01-22,0.0,0.0,0.0,0.0,0.0,0,Kodagu,Karnataka
2023-01-23,0.03,0.03000000000005329,0.029999999999992893,0.03,0.03,0,Kodagu,Karnataka
2023-01-24,2.91,2.9400000000000532,2.939999999999993,2.94,2.91,0,Kodagu,Karnataka
2023-01-25,4.64,7.580000000000053,7.579999999999993,7.58,4.64,0,Kodagu,Karnataka
2023-01-26,0.03,7.5800000000000525,7.609999999999992,7.609999999999999,4.64,0,Kodagu,Karnataka
2023-01-27,0.01,4.680000000000053,7.619999999999992,7.619999999999999,4.64,0,Kodagu,Karnataka
2023-01-28,0.0,0.0400000000000524,7.619999999999992,7.619999999999999,0.03,0,Kodagu,Karnataka
2023-01-29,0.0,0.010000000000052403,7.619999999999992,7.619999999999999,0.01,0,Kodagu,Karnataka
2023-01-30,0.01,0.010000000000052403,7.599999999999992,7.629999999999999,0.01,0,Kodagu,Karnataka
2023-01-31,0.23,0.24000000000005242,4.919999999999993,7.859999999999999,0.23,0,Kodagu,Karnataka
2023-02-01,0.01,0.2500000000000524,0.289999999999992,7.869999999999999,0.23,0,Kodagu,Karnataka
2023-02-02,0.0,0.24000000000005242,0.259999999999992,7.869999999999999,0.23,0,Kodagu,Karnataka
2023-02-03,0.05,0.06000000000005241,0.299999999999992,7.919999999999999,0.05,0,Kodagu,Karnataka
2023-02-04,0.35,0.40000000000005237,0.6499999999999919,8.27,0.35,0,Kodagu,Karnataka
2023-02-05,0.03,0.43000000000005234,0.6799999999999919,8.299999999999999,0.35,0,Kodagu,Karnataka
2023-02-06,0.01,0.39000000000005236,0.6799999999999919,8.309999999999999,0.35,0,Kodagu,Karnataka
2023-02-07,0.03,0.07000000000005241,0.479999999999992,8.31,0.03,0,Kodagu,Karnataka
2023-02-08,0.0,0.0400000000000524,0.469999999999992,5.3999999999999995,0.03,0,Kodagu,Karnataka
2023-02-09,0.01,0.0400000000000524,0.479999999999992,0.7699999999999991,0.03,0,Kodagu,Karnataka
2023-02-10,0.02,0.0300000000000524,0.44999999999999196,0.7599999999999991,0.02,0,Kodagu,Karnataka
2023-02-11,0.0,0.0300000000000524,0.09999999999999201,0.7499999999999991,0.02,0,Kodagu,Karnataka
2023-02-12,0.0,0.0200000000000524,0.06999999999999201,0.7499999999999991,0.02,0,Kodagu,Karnataka
2023-02-13,0.0,0.0,0.059999999999992004,0.7499999999999991,0.0,0,Kodagu,Karnataka
2023-02-14,0.0,0.0,0.029999999999992005,0.7399999999999991,0.0,0,Kodagu,Karnataka
2023-02-15,0.0,0.0,0.029999999999992005,0.5099999999999991,0.0,0,Kodagu,Karnataka
2023-02-16,0.0,0.0,0.019999999999992003,0.4999999999999991,0.0,0,Kodagu,Karnataka
2023-02-17,0.0,0.0,0.0,0.4999999999999991,0.0,0,Kodagu,Karnataka
2023-02-18,0.0,0.0,0.0,0.44999999999999907,0.0,0,Kodagu,Karnataka
2023-02-19,0.0,0.0,0.0,0.09999999999999912,0.0,0,Kodagu,Karnataka
2023-02-20,0.0,0.0,0.0,0.06999999999999912,0.0,0,Kodagu,Karnataka
2023-02-21,0.0,0.0,0.0,0.05999999999999911,0.0,0,Kodagu,Karnataka
2023-02-22,0.0,0.0,0.0,0.02999999999999911,0.0,0,Kodagu,Karnataka
2023-02-23,0.0,0.0,0.0,0.02999999999999911,0.0,0,Kodagu,Karnataka
2023-02-24,0.0,0.0,0.0,0.01999999999999911,0.0,0,Kodagu,Karnataka
2023-02-25,0.0,0.0,0.0,0.0,0.0,0,Kodagu,Karnataka
2023-02-26,0.0,0.0,0.0,0.0,0.0,0,Kodagu,Karnataka
2023-02-27,0.0,0.0,0.0,0.0,0.0,0,Kodagu,Karnataka
2023-02-28,0.0,0.0,0.0,0.0,0.0,0,Kodagu,Karnataka
2023-03-01,0.0,0.0,0.0,0.0,0.0,0,Kodagu,Karnataka
2023-03-02,0.03,0.0300000000000524,0.029999999999992005,0.02999999999999911,0.03,0,Kodagu,Karnataka
2023-03-03,0.03,0.0600000000000524,0.059999999999992004,0.05999999999999911,0.03,0,Kodagu,Karnataka
2023-03-04,0.0,0.0600000000000524,0.059999999999992004,0.05999999999999911,0.03,0,Kodagu,Karnataka
2023-03-05,0.0,0.0300000000000524,0.059999999999992004,0.05999999999999911,0.03,0,Kodagu,Karnataka
2023-03-06,0.02,0.020000000000052403,0.07999999999999201,0.07999999999999911,0.02,0,Kodagu,Karnataka
2023-03-07,0.01,0.0300000000000524,0.089999999999992,0.08999999999999911,0.02,0,Kodagu,Karnataka
2023-03-08,0.0,0.0300000000000524,0.089999999999992,0.08999999999999911,0.02,0,Kodagu,Karnataka
2023-03-09,0.0,0.010000000000052403,0.059999999999992004,0.08999999999999911,0.01,0,Kodagu,Karnataka
2023-03-10,0.01,0.010000000000052403,0.03999999999999201,0.09999999999999912,0.01,0,Kodagu,Karnataka
2023-03-11,0.0,0.010000000000052403,0.03999999999999201,0.09999999999999912,0.01,0,Kodagu,Karnataka
2023-03-12,0.01,0.020000000000052403,0.04999999999999201,0.10999999999999911,0.01,0,Kodagu,Karnataka
2023-03-13,0.0,0.010000000000052403,0.029999999999992005,0.10999999999999911,0.01,0,Kodagu,Karnataka
2023-03-14,0.03,0.0400000000000524,0.049999999999992,0.13999999999999913,0.03,0,Kodagu,Karnataka
2023-03-15,0.06,0.0900000000000524,0.109999999999992,0.19999999999999912,0.06,0,Kodagu,Karnataka
2023-03-16,0.08,0.1700000000000524,0.189999999999992,0.27999999999999914,0.08,0,Kodagu,Karnataka
2023-03-17,0.42,0.5600000000000523,0.599999999999992,0.669999999999999,0.42,0,Kodagu,Karnataka
2023-03-18,0.16,0.6600000000000524,0.759999999999992,0.799999999999999,0.42,0,Kodagu,Karnataka
2023-03-19,0.17,0.7500000000000524,0.9199999999999919,0.9699999999999991,0.42,0,Kodagu,Karnataka
2023-03-20,0.01,0.3400000000000524,0.9299999999999919,0.979999999999999,0.17,0,Kodagu,Karnataka
2023-03-21,0.0,0.18000000000005242,0.8999999999999919,0.959999999999999,0.17,0,Kodagu,Karnataka
2023-03-22,0.0,0.010000000000052403,0.839999999999992,0.949999999999999,0.01,0,Kodagu,Karnataka
2023-03-23,0.07,0.07000000000005241,0.8299999999999921,1.019999999999999,0.07,0,Kodagu,Karnataka
2023-03-24,0.03,0.10000000000005241,0.439999999999992,1.049999999999999,0.07,0,Kodagu,Karnataka
2023-03-25,0.4,0.5000000000000524,0.679999999999992,1.439999999999999,0.4,0,Kodagu,Karnataka
2023-03-26,0.24,0.6700000000000523,0.749999999999992,1.679999999999999,0.4,0,Kodagu,Karnataka
2023-03-27,0.01,0.6500000000000523,0.749999999999992,1.679999999999999,0.4,0,Kodagu,Karnataka
2023-03-28,0.01,0.26000000000005236,0.759999999999992,1.689999999999999,0.24,0,Kodagu,Karnataka
2023-03-29,3.49,3.5100000000000526,4.249999999999992,5.1499999999999995,3.49,0,Kodagu,Karnataka
2023-03-30,1.05,4.550000000000053,5.2299999999999915,6.14,3.49,0,Kodagu,Karnataka
2023-03-31,0.01,4.550000000000053,5.209999999999992,6.069999999999999,3.49,0,Kodagu,Karnataka
2023-04-01,0.37,1.4300000000000526,5.179999999999992,6.02,1.05,0,Kodagu,Karnataka
2023-04-02,0.08,0.4600000000000524,5.019999999999992,5.9399999999999995,0.37,0,Kodagu,Karnataka
2023-04-03,0.56,1.0100000000000524,5.569999999999992,6.33,0.56,0,Kodagu,Karnataka
2023-04-04,0.31,0.9500000000000524,5.869999999999992,6.63,0.56,0,Kodagu,Karnataka
2023-04-05,0.21,1.0800000000000525,2.589999999999992,6.84,0.56,0,Kodagu,Karnataka
2023-04-06,3.42,3.9400000000000523,4.959999999999992,10.26,3.42,0,Kodagu,Karnataka
2023-04-07,1.38,5.010000000000052,6.329999999999992,11.57,3.42,0,Kodagu,Karnataka
2023-04-08,0.1,4.900000000000052,6.059999999999992,11.64,3.42,0,Kodagu,Karnataka
2023-04-09,0.17,1.6500000000000523,6.1499999999999915,11.41,1.38,0,Kodagu,Karnataka
2023-04-10,0.21,0.4800000000000524,5.799999999999992,11.379999999999999,0.21,0,Kodagu,Karnataka
2023-04-11,0.15,0.5300000000000524,5.639999999999992,11.52,0.21,0,Kodagu,Karnataka
2023-04-12,0.01,0.3700000000000524,5.4399999999999915,11.52,0.21,0,Kodagu,Karnataka
2023-04-13,0.01,0.1700000000000524,2.029999999999992,8.04,0.15,0,Kodagu,Karnataka
2023-04-14,0.02,0.0400000000000524,0.669999999999992,7.009999999999999,0.02,0,Kodagu,Karnataka
2023-04-15,0.03,0.0600000000000524,0.599999999999992,7.029999999999999,0.03,0,Kodagu,Karnataka
2023-04-16,0.12,0.1700000000000524,0.549999999999992,6.779999999999999,0.12,0,Kodagu,Karnataka
2023-04-17,0.17,0.3200000000000524,0.509999999999992,6.869999999999999,0.17,0,Kodagu,Karnataka
2023-04-18,0.06,0.35000000000005244,0.41999999999999205,6.369999999999999,0.17,0,Kodagu,Karnataka
2023-04-19,0.08,0.31000000000005246,0.489999999999992,6.139999999999999,0.17,0,Kodagu,Karnataka
2023-04-20,0.1,0.2400000000000524,0.579999999999992,6.029999999999999,0.1,0,Kodagu,Karnataka
2023-04-21,0.67,0.8500000000000525,1.229999999999992,3.2799999999999994,0.67,0,Kodagu,Karnataka
2023-04-22,1.21,1.9800000000000524,2.409999999999992,3.1099999999999994,1.21,0,Kodagu,Karnataka
2023-04-23,0.29,2.1700000000000523,2.5799999999999916,3.2999999999999994,1.21,0,Kodagu,Karnataka
2023-04-24,0.58,2.0800000000000525,2.9899999999999918,3.709999999999999,1.21,0,Kodagu,Karnataka
2023-04-25,4.54,5.4100000000000525,7.469999999999992,8.04,4.54,0,Kodagu,Karnataka
2023-04-26,2.31,7.430000000000053,9.699999999999992,10.2,4.54,0,Kodagu,Karnataka
2023-04-27,0.95,7.800000000000052,10.549999999999992,11.139999999999999,4.54,0,Kodagu,Karnataka
2023-04-28,0.69,3.9500000000000526,10.569999999999991,11.819999999999999,2.31,0,Kodagu,Karnataka
2023-04-29,2.39,4.030000000000053,11.749999999999991,14.19,2.39,0,Kodagu,Karnataka
2023-04-30,3.26,6.340000000000051,14.719999999999992,17.419999999999998,3.26,0,Kodagu,Karnataka
2023-05-01,6.63,12.280000000000053,20.769999999999992,23.929999999999996,6.63,0,Kodagu,Karnataka
2023-05-02,0.98,10.870000000000053,17.209999999999994,24.74,6.63,0,Kodagu,Karnataka
2023-05-03,0.42,8.030000000000053,15.319999999999991,25.1,6.63,0,Kodagu,Karnataka
2023-05-04,0.73,2.1300000000000523,15.09999999999999,25.75,0.98,0,Kodagu,Karnataka
2023-05-05,2.8,3.950000000000052,17.20999999999999,28.449999999999996,2.8,0,Kodagu,Karnataka
2023-05-06,1.72,5.250000000000052,16.539999999999992,29.5,2.8,0,Kodagu,Karnataka
2023-05-07,1.1,5.6200000000000525,14.379999999999992,29.389999999999997,2.8,0,Kodagu,Karnataka
2023-05-08,1.34,4.1600000000000525,9.089999999999993,30.439999999999998,1.72,0,Kodagu,Karnataka
2023-05-09,2.16,4.600000000000053,10.269999999999992,32.02,2.16,0,Kodagu,Karnataka
2023-05-10,4.88,8.380000000000052,14.729999999999992,32.36,4.88,0,Kodagu,Karnataka
2023-05-11,9.67,16.71000000000005,23.669999999999995,39.72,9.67,0,Kodagu,Karnataka
2023-05-12,4.43,18.980000000000054,25.29999999999999,43.199999999999996,9.67,0,Kodagu,Karnataka
2023-05-13,2.79,16.890000000000054,26.369999999999994,45.3,9.67,0,Kodagu,Karnataka
2023-05-14,0.13,7.350000000000051,25.39999999999999,43.04,4.43,0,Kodagu,Karnataka
2023-05-15,0.06,2.9800000000000515,24.11999999999999,39.839999999999996,2.79,0,Kodagu,Karnataka
2023-05-16,0.17,0.3600000000000515,22.129999999999992,33.379999999999995,0.17,0,Kodagu,Karnataka
2023-05-17,0.15,0.3800000000000515,17.39999999999999,32.55,0.17,0,Kodagu,Karnataka
2023-05-18,0.12,0.4400000000000515,7.849999999999991,32.25,0.17,0,Kodagu,Karnataka
2023-05-19,0.25,0.5200000000000515,3.669999999999991,31.77,0.25,0,Kodagu,Karnataka
2023-05-20,0.89,1.2600000000000515,1.7699999999999911,29.859999999999996,0.89,0,Kodagu,Karnataka
2023-05-21,2.75,3.8900000000000516,4.389999999999992,30.889999999999997,2.75,0,Kodagu,Karnataka
2023-05-22,5.91,9.550000000000052,10.239999999999991,35.7,5.91,0,Kodagu,Karnataka
2023-05-23,0.81,9.470000000000052,10.879999999999992,35.169999999999995,5.91,0,Kodagu,Karnataka
2023-05-24,2.41,9.130000000000052,13.139999999999992,35.42,5.91,0,Kodagu,Karnataka
2023-05-25,3.63,6.850000000000051,16.64999999999999,34.17,3.63,0,Kodagu,Karnataka
2023-05-26,1.35,7.390000000000051,17.749999999999993,25.85,3.63,0,Kodagu,Karnataka
2023-05-27,0.14,5.120000000000052,16.999999999999993,21.560000000000002,3.63,0,Kodagu,Karnataka
2023-05-28,0.6,2.0900000000000514,14.84999999999999,19.37,1.35,0,Kodagu,Karnataka
2023-05-29,2.65,3.3900000000000516,11.589999999999991,21.89,2.65,0,Kodagu,Karnataka
2023-05-30,2.71,5.9600000000000515,13.489999999999991,24.54,2.71,0,Kodagu,Karnataka
2023-05-31,18.19,23.550000000000054,29.269999999999992,42.56,18.19,0,Kodagu,Karnataka
2023-06-01,1.66,22.560000000000056,27.299999999999994,44.07,18.19,1,Kodagu,Karnataka
2023-06-02,0.91,20.760000000000055,26.859999999999992,44.86,18.19,1,Kodagu,Karnataka
2023-06-03,2.06,4.630000000000053,28.77999999999999,46.67,2.06,1,Kodagu,Karnataka
2023-06-04,2.36,5.330000000000053,30.539999999999992,48.14,2.36,1,Kodagu,Karnataka
2023-06-05,1.2,5.6200000000000525,29.089999999999996,46.589999999999996,2.36,1,Kodagu,Karnataka
2023-06-06,2.76,6.320000000000053,29.139999999999993,43.44,2.76,1,Kodagu,Karnataka
2023-06-07,3.22,7.180000000000053,14.169999999999993,45.85,3.22,1,Kodagu,Karnataka
2023-06-08,4.86,10.840000000000053,17.36999999999999,48.300000000000004,4.86,1,Kodagu,Karnataka
2023-06-09,3.99,12.070000000000054,20.449999999999992,48.66,4.86,1,Kodagu,Karnataka
2023-06-10,16.36,25.21000000000005,34.74999999999999,63.67,16.36,1,Kodagu,Karnataka
2023-06-11,4.7,25.05000000000005,37.089999999999996,68.23,16.36,1,Kodagu,Karnataka
2023-06-12,4.11,25.17000000000005,39.99999999999999,71.74000000000001,16.36,1,Kodagu,Karnataka
2023-06-13,6.77,15.580000000000053,44.00999999999999,75.86,6.77,1,Kodagu,Karnataka
2023-06-14,6.24,17.120000000000054,47.029999999999994,79.39,6.77,1,Kodagu,Karnataka
2023-06-15,3.61,16.620000000000054,45.779999999999994,64.81,6.77,1,Kodagu,Karnataka
2023-06-16,1.45,11.300000000000054,43.239999999999995,64.60000000000001,6.24,1,Kodagu,Karnataka
2023-06-17,15.22,20.280000000000054,42.099999999999994,78.91,15.22,1,Kodagu,Karnataka
2023-06-18,9.05,25.720000000000056,46.44999999999999,85.9,15.22,1,Kodagu,Karnataka
2023-06-19,3.39,27.660000000000057,45.72999999999999,86.92999999999999,15.22,1,Kodagu,Karnataka
2023-06-20,10.08,22.520000000000053,49.04,95.81,10.08,1,Kodagu,Karnataka
2023-06-21,26.54,40.01000000000005,69.34,119.59,26.54,1,Kodagu,Karnataka
2023-06-22,7.44,44.06000000000005,73.17,123.81,26.54,1,Kodagu,Karnataka
2023-06-23,6.04,40.02000000000005,77.75999999999999,124.99000000000001,26.54,1,Kodagu,Karnataka
2023-06-24,21.31,34.79000000000005,83.85,142.31,21.31,1,Kodagu,Karnataka
2023-06-25,15.04,42.39000000000005,89.84,140.99,21.31,1,Kodagu,Karnataka
2023-06-26,2.1,38.45000000000005,88.55,138.39000000000001,21.31,1,Kodagu,Karnataka
2023-06-27,41.51,58.65000000000005,119.97999999999999,175.79,41.51,1,Kodagu,Karnataka
2023-06-28,18.45,62.06000000000006,111.88999999999999,187.47,41.51,1,Kodagu,Karnataka
2023-06-29,14.64,74.60000000000005,119.08999999999999,195.87,41.51,1,Kodagu,Karnataka
2023-06-30,5.25,38.34000000000006,118.29999999999998,197.51,18.45,1,Kodagu,Karnataka
2023-07-01,9.08,28.970000000000056,106.06999999999998,205.14,14.64,1,Kodagu,Karnataka
2023-07-02,15.29,29.620000000000054,106.32,205.21,15.29,1,Kodagu,Karnataka
2023-07-03,41.86,66.23000000000005,146.07999999999998,238.01999999999998,41.86,1,Kodagu,Karnataka
2023-07-04,54.5,111.65000000000006,159.07,289.13,54.5,1,Kodagu,Karnataka
2023-07-05,95.78,192.14000000000004,236.4,374.83000000000004,95.78,1,Kodagu,Karnataka
2023-07-06,43.46,193.74000000000007,265.21999999999997,391.75,95.78,1,Kodagu,Karnataka
2023-07-07,35.25,174.49000000000007,295.21999999999997,419.56,95.78,1,Kodagu,Karnataka
2023-07-08,19.25,97.96000000000006,305.39,432.77,43.46,1,Kodagu,Karnataka
2023-07-09,16.68,71.18000000000006,306.78,428.14,35.25,1,Kodagu,Karnataka
2023-07-10,7.73,43.66000000000007,272.65,420.83,19.25,1,Kodagu,Karnataka
2023-07-11,5.28,29.690000000000072,223.43,424.01,16.68,1,Kodagu,Karnataka
2023-07-12,8.28,21.29000000000007,135.93,390.78,8.28,1,Kodagu,Karnataka
2023-07-13,14.49,28.050000000000068,106.96,386.82,14.49,1,Kodagu,Karnataka
2023-07-14,16.38,39.15000000000007,88.09,388.56,16.38,1,Kodagu,Karnataka
2023-07-15,7.34,38.21000000000007,76.18,390.65000000000003,16.38,1,Kodagu,Karnataka
2023-07-16,13.11,36.83000000000007,72.61,394.67999999999995,16.38,1,Kodagu,Karnataka
2023-07-17,7.9,28.350000000000072,72.77999999999999,387.29,13.11,1,Kodagu,Karnataka
2023-07-18,5.18,26.190000000000076,72.67999999999999,350.61,13.11,1,Kodagu,Karnataka
2023-07-19,6.47,19.550000000000075,70.87,302.58,7.9,1,Kodagu,Karnataka
2023-07-20,9.55,21.200000000000074,65.92999999999999,216.35,9.55,1,Kodagu,Karnataka
2023-07-21,17.2,33.22000000000008,66.75,190.08999999999997,17.2,1,Kodagu,Karnataka
2023-07-22,34.4,61.15000000000008,93.81,189.23999999999998,34.4,1,Kodagu,Karnataka
2023-07-23,65.33,116.93000000000008,146.02999999999997,235.32,65.33,1,Kodagu,Karnataka
2023-07-24,61.28,161.01000000000008,199.40999999999997,279.91999999999996,65.33,1,Kodagu,Karnataka
2023-07-25,33.49,160.10000000000008,227.72,305.68,65.33,1,Kodagu,Karnataka
2023-07-26,42.46,137.23000000000008,263.71000000000004,342.86,61.28,1,Kodagu,Karnataka
2023-07-27,18.31,94.26000000000009,272.46999999999997,352.89000000000004,42.46,1,Kodagu,Karnataka
2023-07-28,5.73,66.50000000000009,261.0,344.13,42.46,1,Kodagu,Karnataka
2023-07-29,3.32,27.360000000000085,229.92,331.07,18.31,1,Kodagu,Karnataka
2023-07-30,2.84,11.890000000000086,167.42999999999998,326.57,5.73,1,Kodagu,Karnataka
2023-07-31,3.7,9.860000000000085,109.85,317.16,3.7,1,Kodagu,Karnataka
2023-08-01,2.06,8.600000000000085,78.41999999999997,311.32,3.7,1,Kodagu,Karnataka
2023-08-02,0.91,6.670000000000085,36.86999999999998,307.05,3.7,1,Kodagu,Karnataka
2023-08-03,1.36,4.330000000000085,19.919999999999987,301.94,2.06,1,Kodagu,Karnataka
2023-08-04,5.44,7.710000000000086,19.62999999999999,297.83,5.44,1,Kodagu,Karnataka
2023-08-05,6.83,13.630000000000084,23.139999999999986,287.46000000000004,6.83,1,Kodagu,Karnataka
2023-08-06,4.11,16.380000000000088,24.409999999999986,257.17,6.83,1,Kodagu,Karnataka
2023-08-07,1.66,12.600000000000085,22.369999999999987,193.5,6.83,1,Kodagu,Karnataka
2023-08-08,2.07,7.840000000000084,22.37999999999999,134.29,4.11,1,Kodagu,Karnataka
2023-08-09,1.2,4.930000000000084,22.669999999999987,102.0,2.07,1,Kodagu,Karnataka
2023-08-10,3.03,6.300000000000083,24.339999999999986,62.57,3.03,1,Kodagu,Karnataka
2023-08-11,1.48,5.710000000000084,20.379999999999985,45.74,3.03,1,Kodagu,Karnataka
2023-08-12,0.58,5.090000000000083,14.129999999999985,40.59,3.03,1,Kodagu,Karnataka
2023-08-13,0.59,2.6500000000000843,10.609999999999985,37.86,1.48,1,Kodagu,Karnataka
2023-08-14,0.22,1.3900000000000843,9.169999999999986,35.24,0.59,1,Kodagu,Karnataka
2023-08-15,0.17,0.9800000000000844,7.269999999999985,31.71,0.59,1,Kodagu,Karnataka
2023-08-16,1.54,1.9300000000000845,7.609999999999985,31.189999999999998,1.54,1,Kodagu,Karnataka
2023-08-17,4.93,6.640000000000084,9.509999999999986,35.21,4.93,1,Kodagu,Karnataka
2023-08-18,7.93,14.400000000000084,15.959999999999985,41.78,7.93,1,Kodagu,Karnataka
2023-08-19,21.67,34.530000000000086,37.04999999999998,58.01,21.67,1,Kodagu,Karnataka
2023-08-20,5.73,35.330000000000084,42.18999999999999,56.91,21.67,1,Kodagu,Karnataka
2023-08-21,1.13,28.530000000000086,43.09999999999999,53.93,21.67,1,Kodagu,Karnataka
2023-08-22,1.55,8.410000000000085,44.47999999999999,53.82,5.73,1,Kodagu,Karnataka
2023-08-23,0.72,3.400000000000085,43.65999999999998,52.47,1.55,1,Kodagu,Karnataka
2023-08-24,0.36,2.630000000000085,39.08999999999999,51.63,1.55,1,Kodagu,Karnataka
2023-08-25,0.1,1.1800000000000852,31.259999999999987,48.7,0.72,1,Kodagu,Karnataka
2023-08-26,0.97,1.4300000000000852,10.559999999999986,48.190000000000005,0.97,1,Kodagu,Karnataka
2023-08-27,0.99,2.060000000000085,5.819999999999986,48.599999999999994,0.99,1,Kodagu,Karnataka
2023-08-28,0.47,2.430000000000085,5.159999999999986,48.480000000000004,0.99,1,Kodagu,Karnataka
2023-08-29,1.38,2.840000000000085,4.989999999999986,49.64,1.38,1,Kodagu,Karnataka
2023-08-30,0.97,2.820000000000085,5.239999999999985,50.44,1.38,1,Kodagu,Karnataka
2023-08-31,0.78,3.130000000000085,5.659999999999986,49.68,1.38,1,Kodagu,Karnataka
2023-09-01,5.72,7.470000000000085,11.279999999999985,50.47,5.72,1,Kodagu,Karnataka
2023-09-02,1.81,8.310000000000086,12.119999999999987,44.35,5.72,1,Kodagu,Karnataka
2023-09-03,1.36,8.890000000000086,12.489999999999986,24.04,5.72,1,Kodagu,Karnataka
2023-09-04,4.01,7.180000000000085,16.029999999999987,22.32,4.01,1,Kodagu,Karnataka
2023-09-05,25.16,30.530000000000086,39.80999999999999,46.35,25.16,1,Kodagu,Karnataka
2023-09-06,15.72,44.890000000000086,54.55999999999999,60.519999999999996,25.16,1,Kodagu,Karnataka
2023-09-07,10.85,51.73000000000009,64.62999999999998,70.65,25.16,1,Kodagu,Karnataka
2023-09-08,9.57,36.140000000000086,68.47999999999999,79.86,15.72,1,Kodagu,Karnataka
2023-09-09,10.93,31.350000000000083,77.59999999999998,90.69,10.93,1,Kodagu,Karnataka
2023-09-10,14.29,34.79000000000008,90.52999999999999,104.01,14.29,1,Kodagu,Karnataka
2023-09-11,14.55,39.77000000000008,101.06999999999998,117.57,14.55,1,Kodagu,Karnataka
2023-09-12,6.56,35.400000000000084,82.46999999999998,123.66,14.55,1,Kodagu,Karnataka
2023-09-13,4.65,25.760000000000083,71.39999999999998,126.93,14.55,1,Kodagu,Karnataka
2023-09-14,19.85,31.060000000000084,80.39999999999998,145.81,19.85,1,Kodagu,Karnataka
2023-09-15,22.0,46.500000000000085,92.82999999999998,167.03,22.0,1,Kodagu,Karnataka
2023-09-16,20.18,62.030000000000086,102.07999999999998,181.49,22.0,1,Kodagu,Karnataka
2023-09-17,8.77,50.950000000000074,96.55999999999999,188.45,22.0,1,Kodagu,Karnataka
2023-09-18,6.63,35.580000000000084,88.63999999999999,193.72,20.18,1,Kodagu,Karnataka
2023-09-19,3.43,18.83000000000008,85.50999999999998,193.14,8.77,1,Kodagu,Karnataka
2023-09-20,2.35,12.410000000000082,83.20999999999998,170.33,6.63,1,Kodagu,Karnataka
2023-09-21,3.34,9.120000000000083,66.69999999999997,157.95,3.43,1,Kodagu,Karnataka
2023-09-22,3.62,9.310000000000082,48.31999999999998,150.72,3.62,1,Kodagu,Karnataka
2023-09-23,15.82,22.780000000000083,43.95999999999998,156.97,15.82,1,Kodagu,Karnataka
2023-09-24,8.03,27.470000000000084,43.219999999999985,154.07000000000002,15.82,1,Kodagu,Karnataka
2023-09-25,3.85,27.70000000000008,40.43999999999998,143.63000000000002,15.82,1,Kodagu,Karnataka
2023-09-26,3.64,15.520000000000081,40.649999999999984,132.72,8.03,1,Kodagu,Karnataka
2023-09-27,6.07,13.560000000000082,44.36999999999998,132.23000000000002,6.07,1,Kodagu,Karnataka
2023-09-28,19.18,28.890000000000082,60.20999999999999,146.76,19.18,1,Kodagu,Karnataka
2023-09-29,24.95,50.20000000000008,81.53999999999998,151.86,24.95,1,Kodagu,Karnataka
2023-09-30,18.31,62.44000000000008,84.02999999999997,148.17000000000002,24.95,1,Kodagu,Karnataka
2023-10-01,17.73,60.99000000000008,93.72999999999999,145.72,24.95,0,Kodagu,Karnataka
2023-10-02,2.21,38.25000000000008,92.08999999999997,139.16,18.31,0,Kodagu,Karnataka
2023-10-03,0.2,20.140000000000082,88.64999999999998,132.73,17.73,0,Kodagu,Karnataka
2023-10-04,0.05,2.4600000000000817,82.62999999999998,129.35000000000002,2.21,0,Kodagu,Karnataka
2023-10-05,0.02,0.27000000000008173,63.46999999999998,127.02,0.2,0,Kodagu,Karnataka
2023-10-06,0.04,0.11000000000008171,38.55999999999998,123.72,0.05,0,Kodagu,Karnataka
2023-10-07,0.65,0.7100000000000817,20.899999999999984,120.75,0.65,0,Kodagu,Karnataka
2023-10-08,1.42,2.1100000000000816,4.589999999999982,106.35,1.42,0,Kodagu,Karnataka
2023-10-09,3.77,5.840000000000082,6.149999999999983,102.09,3.77,0,Kodagu,Karnataka
2023-10-10,4.71,9.90000000000008,10.659999999999982,102.94999999999999,4.71,0,Kodagu,Karnataka
2023-10-11,5.57,14.050000000000082,16.179999999999982,104.88000000000001,5.57,0,Kodagu,Karnataka
2023-10-12,10.75,21.030000000000083,26.909999999999982,109.56,10.75,0,Kodagu,Karnataka
2023-10-13,0.63,16.95000000000008,27.499999999999982,91.00999999999999,10.75,0,Kodagu,Karnataka
2023-10-14,3.38,14.760000000000081,30.229999999999983,69.44,10.75,0,Kodagu,Karnataka
2023-10-15,3.71,7.7200000000000815,32.51999999999998,54.84,3.71,0,Kodagu,Karnataka
2023-10-16,5.84,12.930000000000081,34.58999999999998,42.949999999999996,5.84,0,Kodagu,Karnataka
2023-10-17,8.62,18.17000000000008,38.499999999999986,49.36,8.62,0,Kodagu,Karnataka
2023-10-18,1.37,15.83000000000008,34.29999999999998,50.53,8.62,0,Kodagu,Karnataka
2023-10-19,0.87,10.860000000000081,24.41999999999998,51.35,8.62,0,Kodagu,Karnataka
2023-10-20,1.42,3.660000000000082,25.209999999999983,52.75,1.42,0,Kodagu,Karnataka
2023-10-21,1.4,3.6900000000000817,23.229999999999983,54.11,1.42,0,Kodagu,Karnataka
2023-10-22,0.56,3.3800000000000816,20.079999999999984,54.02,1.42,0,Kodagu,Karnataka
2023-10-23,0.25,2.2100000000000817,14.489999999999984,52.85,1.4,0,Kodagu,Karnataka
2023-10-24,0.21,1.0200000000000817,6.079999999999982,49.29,0.56,0,Kodagu,Karnataka
2023-10-25,0.22,0.6800000000000817,4.929999999999982,44.8,0.25,0,Kodagu,Karnataka
2023-10-26,0.01,0.4400000000000817,4.0699999999999825,39.24,0.22,0,Kodagu,Karnataka
2023-10-27,0.4,0.6300000000000817,3.049999999999982,28.89,0.4,0,Kodagu,Karnataka
2023-10-28,3.24,3.650000000000082,4.889999999999983,31.5,3.24,0,Kodagu,Karnataka
2023-10-29,2.64,6.280000000000082,6.969999999999982,30.759999999999998,3.24,0,Kodagu,Karnataka
2023-10-30,2.09,7.970000000000082,8.809999999999983,29.14,3.24,0,Kodagu,Karnataka
2023-10-31,18.83,23.56000000000008,27.42999999999998,42.129999999999995,18.83,0,Kodagu,Karnataka
2023-11-01,3.46,24.38000000000008,30.66999999999998,36.96999999999999,18.83,0,Kodagu,Karnataka
2023-11-02,11.41,33.70000000000008,42.06999999999998,47.01,18.83,0,Kodagu,Karnataka
2023-11-03,2.32,17.190000000000083,43.98999999999998,48.46,11.41,0,Kodagu,Karnataka
2023-11-04,18.88,32.610000000000085,59.62999999999998,65.92,18.88,0,Kodagu,Karnataka
2023-11-05,20.85,42.05000000000008,77.83999999999997,85.36999999999999,20.85,0,Kodagu,Karnataka
2023-11-06,9.19,48.92000000000008,84.93999999999997,94.0,20.85,0,Kodagu,Karnataka
2023-11-07,6.31,36.35000000000008,72.41999999999999,100.06,20.85,0,Kodagu,Karnataka
2023-11-08,24.3,39.80000000000008,93.25999999999999,124.15,24.3,0,Kodagu,Karnataka
2023-11-09,14.81,45.42000000000009,96.65999999999998,138.74,24.3,0,Kodagu,Karnataka
2023-11-10,2.96,42.070000000000086,97.29999999999998,141.69,24.3,0,Kodagu,Karnataka
2023-11-11,0.79,18.56000000000008,79.20999999999998,142.08,14.81,0,Kodagu,Karnataka
2023-11-12,0.27,4.020000000000081,58.62999999999998,139.10999999999999,2.96,0,Kodagu,Karnataka
2023-11-13,0.03,1.0900000000000818,49.469999999999985,136.5,0.79,0,Kodagu,Karnataka
2023-11-14,0.0,0.30000000000008176,43.15999999999998,134.41,0.27,0,Kodagu,Karnataka
2023-11-15,0.0,0.03000000000008171,18.85999999999998,115.58000000000001,0.03,0,Kodagu,Karnataka
2023-11-16,0.01,0.010000000000081713,4.059999999999982,112.13,0.01,0,Kodagu,Karnataka
2023-11-17,0.29,0.3000000000000817,1.3899999999999824,101.01,0.29,0,Kodagu,Karnataka
2023-11-18,1.23,1.5300000000000817,1.8299999999999823,99.92000000000002,1.23,0,Kodagu,Karnataka
2023-11-19,0.44,1.9600000000000817,1.9999999999999822,81.48,1.23,0,Kodagu,Karnataka
2023-11-20,0.16,1.8300000000000818,2.129999999999982,60.790000000000006,1.23,0,Kodagu,Karnataka
2023-11-21,0.28,0.8800000000000817,2.4099999999999824,51.88,0.44,0,Kodagu,Karnataka
2023-11-22,2.66,3.100000000000082,5.0699999999999825,48.230000000000004,2.66,0,Kodagu,Karnataka
2023-11-23,4.55,7.490000000000082,9.609999999999982,28.48,4.55,0,Kodagu,Karnataka
2023-11-24,0.5,7.710000000000081,9.819999999999983,14.17,4.55,0,Kodagu,Karnataka
2023-11-25,0.5,5.550000000000081,9.089999999999982,11.71,4.55,0,Kodagu,Karnataka
2023-11-26,0.24,1.2400000000000817,8.889999999999981,11.16,0.5,0,Kodagu,Karnataka
2023-11-27,0.39,1.1300000000000816,9.119999999999983,11.280000000000001,0.5,0,Kodagu,Karnataka
2023-11-28,0.48,1.1100000000000816,9.319999999999983,11.729999999999999,0.48,0,Kodagu,Karnataka
2023-11-29,0.42,1.2900000000000817,7.079999999999982,12.149999999999999,0.48,0,Kodagu,Karnataka
2023-11-30,1.13,2.0300000000000815,3.6599999999999833,13.28,1.13,0,Kodagu,Karnataka
2023-12-01,0.23,1.7800000000000815,3.3899999999999832,13.5,1.13,0,Kodagu,Karnataka
2023-12-02,0.73,2.0900000000000816,3.6199999999999832,13.94,1.13,0,Kodagu,Karnataka
2023-12-03,0.19,1.1500000000000816,3.569999999999983,12.9,0.73,0,Kodagu,Karnataka
2023-12-04,0.03,0.9500000000000817,3.209999999999983,12.49,0.73,0,Kodagu,Karnataka
2023-12-05,0.02,0.2400000000000817,2.749999999999983,12.35,0.19,0,Kodagu,Karnataka
2023-12-06,0.03,0.08000000000008171,2.359999999999983,12.1,0.03,0,Kodagu,Karnataka
2023-12-07,0.24,0.2900000000000817,1.469999999999983,9.68,0.24,0,Kodagu,Karnataka
2023-12-08,1.93,2.2000000000000814,3.169999999999983,7.06,1.93,0,Kodagu,Karnataka
2023-12-09,5.97,8.140000000000082,8.409999999999982,12.53,5.97,0,Kodagu,Karnataka
2023-12-10,4.27,12.17000000000008,12.489999999999984,16.299999999999997,5.97,0,Kodagu,Karnataka
2023-12-11,16.35,26.59000000000008,28.809999999999985,32.41,16.35,0,Kodagu,Karnataka
2023-12-12,0.46,21.080000000000084,29.249999999999986,32.48,16.35,0,Kodagu,Karnataka
2023-12-13,0.08,16.890000000000082,29.299999999999983,32.08,16.35,0,Kodagu,Karnataka
2023-12-14,0.07,0.6100000000000817,29.129999999999985,31.729999999999997,0.46,0,Kodagu,Karnataka
2023-12-15,0.46,0.6100000000000818,27.659999999999986,31.06,0.46,0,Kodagu,Karnataka
2023-12-16,0.44,0.9700000000000818,22.129999999999985,31.27,0.46,0,Kodagu,Karnataka
2023-12-17,1.26,2.160000000000082,19.119999999999983,31.799999999999997,1.26,0,Kodagu,Karnataka
2023-12-18,1.23,2.9300000000000814,3.9999999999999822,32.84,1.26,0,Kodagu,Karnataka
2023-12-19,0.11,2.600000000000082,3.649999999999982,32.92,1.26,0,Kodagu,Karnataka
2023-12-20,0.0,1.3400000000000816,3.569999999999982,32.9,1.23,0,Kodagu,Karnataka
2023-12-21,0.04,0.15000000000008148,3.5399999999999823,32.910000000000004,0.11,0,Kodagu,Karnataka
2023-12-22,0.0,0.04000000000008149,3.0799999999999823,32.67,0.04,0,Kodagu,Karnataka
2023-12-23,0.0,0.04000000000008149,2.639999999999982,30.74,0.04,0,Kodagu,Karnataka
2023-12-24,0.0,0.0,1.3799999999999821,24.769999999999996,0.0,0,Kodagu,Karnataka
2023-12-25,0.0,0.0,0.14999999999998223,20.5,0.0,0,Kodagu,Karnataka
2023-12-26,0.01,0.01000000000008149,0.04999999999998224,4.16,0.01,0,Kodagu,Karnataka
2023-12-27,0.0,0.01000000000008149,0.04999999999998224,3.7,0.01,0,Kodagu,Karnataka
2023-12-28,0.0,0.01000000000008149,0.009999999999982237,3.62,0.01,0,Kodagu,Karnataka
2023-12-29,0.02,0.02000000000008149,0.029999999999982235,3.5700000000000003,0.02,0,Kodagu,Karnataka
2023-12-30,0.07,0.0900000000000815,0.09999999999998224,3.18,0.07,0,Kodagu,Karnataka
2023-12-31,0.0,0.0900000000000815,0.09999999999998224,2.7399999999999998,0.07,0,Kodagu,Karnataka
2024-01-01,0.82,0.8900000000000814,0.9199999999999822,2.3,0.82,0,Kodagu,Karnataka
2024-01-02,1.58,2.400000000000081,2.4899999999999824,2.65,1.58,0,Kodagu,Karnataka
2024-01-03,4.76,7.160000000000081,7.249999999999982,7.3,4.76,0,Kodagu,Karnataka
2024-01-04,30.0,36.34000000000008,37.249999999999986,37.3,30.0,0,Kodagu,Karnataka
2024-01-05,8.67,43.430000000000085,45.89999999999998,45.93,30.0,0,Kodagu,Karnataka
2024-01-06,10.7,49.37000000000008,56.52999999999998,56.63,30.0,0,Kodagu,Karnataka
2024-01-07,1.43,20.800000000000082,57.95999999999998,58.06,10.7,0,Kodagu,Karnataka
2024-01-08,9.84,21.97000000000008,66.97999999999999,67.9,10.7,0,Kodagu,Karnataka
2024-01-09,13.43,24.70000000000008,78.82999999999998,81.33,13.43,0,Kodagu,Karnataka
2024-01-10,0.18,23.45000000000008,74.24999999999999,81.5,13.43,0,Kodagu,Karnataka
2024-01-11,0.0,13.610000000000081,44.24999999999998,81.5,13.43,0,Kodagu,Karnataka
2024-01-12,0.0,0.1800000000000817,35.57999999999998,81.5,0.18,0,Kodagu,Karnataka
2024-01-13,0.0,0.0,24.879999999999985,81.48,0.0,0,Kodagu,Karnataka
2024-01-14,0.0,0.0,23.44999999999998,81.41000000000001,0.0,0,Kodagu,Karnataka
2024-01-15,0.01,0.010000000000081713,13.619999999999981,81.42,0.01,0,Kodagu,Karnataka
2024-01-16,0.01,0.020000000000081713,0.19999999999998222,80.61,0.01,0,Kodagu,Karnataka
2024-01-17,0.01,0.03,0.029999999999982235,79.04,0.01,0,Kodagu,Karnataka
2024-01-18,0.06,0.0800000000000817,0.08999999999998223,74.33999999999999,0.06,0,Kodagu,Karnataka
2024-01-19,0.01,0.08000000000008171,0.09999999999998223,44.349999999999994,0.06,0,Kodagu,Karnataka
2024-01-20,0.01,0.0800000000000817,0.10999999999998224,35.69,0.06,0,Kodagu,Karnataka
2024-01-21,0.0,0.020000000000081713,0.10999999999998224,24.99,0.01,0,Kodagu,Karnataka
2024-01-22,0.0,0.010000000000081713,0.09999999999998224,23.56,0.01,0,Kodagu,Karnataka
2024-01-23,0.0,0.0,0.08999999999998223,13.719999999999999,0.0,0,Kodagu,Karnataka
2024-01-24,0.0,0.0,0.07999999999998224,0.29,0.0,0,Kodagu,Karnataka
2024-01-25,0.0,0.0,0.019999999999982237,0.11,0.0,0,Kodagu,Karnataka
2024-01-26,0.0,0.0,0.009999999999982237,0.11,0.0,0,Kodagu,Karnataka
2024-01-27,0.0,0.0,0.0,0.11,0.0,0,Kodagu,Karnataka
2024-01-28,0.0,0.0,0.0,0.11,0.0,0,Kodagu,Karnataka
2024-01-29,0.0,0.0,0.0,0.11,0.0,0,Kodagu,Karnataka
2024-01-30,0.0,0.0,0.0,0.1,0.0,0,Kodagu,Karnataka
2024-01-31,0.0,0.0,0.0,0.09,0.0,0,Kodagu,Karnataka
2024-02-01,0.0,0.0,0.0,0.08,0.0,0,Kodagu,Karnataka
2024-02-02,0.0,0.0,0.0,0.02,0.0,0,Kodagu,Karnataka
2024-02-03,0.0,0.0,0.0,0.01,0.0,0,Kodagu,Karnataka
2024-02-04,0.0,0.0,0.0,0.0,0.0,0,Kodagu,Karnataka
2024-02-05,0.0,0.0,0.0,0.0,0.0,0,Kodagu,Karnataka
2024-02-06,0.0,0.0,0.0,0.0,0.0,0,Kodagu,Karnataka
2024-02-07,0.0,0.0,0.0,0.0,0.0,0,Kodagu,Karnataka
2024-02-08,0.0,0.0,0.0,0.0,0.0,0,Kodagu,Karnataka
2024-02-09,0.0,0.0,0.0,0.0,0.0,0,Kodagu,Karnataka
2024-02-10,0.0,0.0,0.0,0.0,0.0,0,Kodagu,Karnataka
2024-02-11,0.0,0.0,0.0,0.0,0.0,0,Kodagu,Karnataka
2024-02-12,0.0,0.0,0.0,0.0,0.0,0,Kodagu,Karnataka
2024-02-13,0.0,0.0,0.0,0.0,0.0,0,Kodagu,Karnataka
2024-02-14,0.0,0.0,0.0,0.0,0.0,0,Kodagu,Karnataka
2024-02-15,0.0,0.0,0.0,0.0,0.0,0,Kodagu,Karnataka
2024-02-16,0.0,0.0,0.0,0.0,0.0,0,Kodagu,Karnataka
2024-02-17,0.0,0.0,0.0,0.0,0.0,0,Kodagu,Karnataka
2024-02-18,0.0,0.0,0.0,0.0,0.0,0,Kodagu,Karnataka
2024-02-19,0.0,0.0,0.0,0.0,0.0,0,Kodagu,Karnataka
2024-02-20,0.0,0.0,0.0,0.0,0.0,0,Kodagu,Karnataka
2024-02-21,0.0,0.0,0.0,0.0,0.0,0,Kodagu,Karnataka
2024-02-22,0.0,0.0,0.0,0.0,0.0,0,Kodagu,Karnataka
2024-02-23,0.0,0.0,0.0,0.0,0.0,0,Kodagu,Karnataka
2024-02-24,0.0,0.0,0.0,0.0,0.0,0,Kodagu,Karnataka
2024-02-25,0.0,0.0,0.0,0.0,0.0,0,Kodagu,Karnataka
2024-02-26,0.0,0.0,0.0,0.0,0.0,0,Kodagu,Karnataka
2024-02-27,0.0,0.0,0.0,0.0,0.0,0,Kodagu,Karnataka
2024-02-28,0.02,0.020000000000081713,0.019999999999982237,0.02,0.02,0,Kodagu,Karnataka
2024-02-29,0.02,0.04000000000008171,0.03999999999998224,0.04,0.02,0,Kodagu,Karnataka
2024-03-01,0.0,0.04000000000008171,0.03999999999998224,0.04,0.02,0,Kodagu,Karnataka
2024-03-02,0.01,0.03000000000008171,0.04999999999998224,0.05,0.02,0,Kodagu,Karnataka
2024-03-03,0.01,0.020000000000081713,0.059999999999982234,0.06,0.01,0,Kodagu,Karnataka
2024-03-04,0.0,0.020000000000081713,0.059999999999982234,0.06,0.01,0,Kodagu,Karnataka
2024-03-05,0.0,0.010000000000081713,0.059999999999982234,0.06,0.01,0,Kodagu,Karnataka
2024-03-06,0.0,0.0,0.03999999999998223,0.06,0.0,0,Kodagu,Karnataka
2024-03-07,0.0,0.0,0.019999999999982237,0.06,0.0,0,Kodagu,Karnataka
2024-03-08,0.0,0.0,0.019999999999982237,0.06,0.0,0,Kodagu,Karnataka
2024-03-09,0.0,0.0,0.009999999999982237,0.06,0.0,0,Kodagu,Karnataka
2024-03-10,0.0,0.0,0.0,0.06,0.0,0,Kodagu,Karnataka
2024-03-11,0.02,0.020000000000081713,0.019999999999982237,0.08,0.02,0,Kodagu,Karnataka
2024-03-12,0.0,0.020000000000081713,0.019999999999982237,0.08,0.02,0,Kodagu,Karnataka
2024-03-13,0.01,0.03000000000008171,0.029999999999982235,0.09,0.02,0,Kodagu,Karnataka
2024-03-14,0.02,0.030000000000081715,0.04999999999998224,0.09,0.02,0,Kodagu,Karnataka
2024-03-15,0.0,0.030000000000081715,0.04999999999998224,0.07,0.02,0,Kodagu,Karnataka
2024-03-16,0.0,0.020000000000081716,0.04999999999998224,0.07,0.02,0,Kodagu,Karnataka
2024-03-17,0.0,0.0,0.04999999999998224,0.06,0.0,0,Kodagu,Karnataka
2024-03-18,0.01,0.010000000000081713,0.03999999999998224,0.060000000000000005,0.01,0,Kodagu,Karnataka
2024-03-19,0.0,0.010000000000081713,0.03999999999998224,0.06,0.01,0,Kodagu,Karnataka
2024-03-20,0.0,0.010000000000081713,0.029999999999982235,0.06,0.01,0,Kodagu,Karnataka
2024-03-21,0.08,0.08000000000008171,0.08999999999998223,0.14,0.08,0,Kodagu,Karnataka
2024-03-22,2.73,2.8100000000000818,2.819999999999982,2.87,2.73,0,Kodagu,Karnataka
2024-03-23,1.03,3.8400000000000816,3.849999999999982,3.9000000000000004,2.73,0,Kodagu,Karnataka
2024-03-24,0.49,4.250000000000082,4.339999999999982,4.390000000000001,2.73,0,Kodagu,Karnataka
2024-03-25,0.01,1.5300000000000817,4.339999999999982,4.4,1.03,0,Kodagu,Karnataka
2024-03-26,0.33,0.8300000000000818,4.669999999999982,4.710000000000001,0.49,0,Kodagu,Karnataka
2024-03-27,0.21,0.5500000000000818,4.879999999999982,4.920000000000001,0.33,0,Kodagu,Karnataka
2024-03-28,0.01,0.5500000000000818,4.809999999999982,4.92,0.33,0,Kodagu,Karnataka
2024-03-29,0.04,0.2600000000000817,2.1199999999999823,4.94,0.21,0,Kodagu,Karnataka
2024-03-30,0.02,0.07000000000008172,1.1099999999999823,4.96,0.04,0,Kodagu,Karnataka
2024-03-31,0.01,0.07000000000008172,0.6299999999999822,4.970000000000001,0.04,0,Kodagu,Karnataka
2024-04-01,0.04,0.07000000000008172,0.6599999999999823,5.010000000000001,0.04,0,Kodagu,Karnataka
2024-04-02,0.15,0.20000000000008172,0.4799999999999822,5.15,0.15,0,Kodagu,Karnataka
2024-04-03,0.11,0.3000000000000817,0.37999999999998224,5.260000000000001,0.15,0,Kodagu,Karnataka
2024-04-04,0.0,0.2600000000000817,0.36999999999998223,5.260000000000001,0.15,0,Kodagu,Karnataka
2024-04-05,0.01,0.12000000000008171,0.3399999999999822,5.19,0.11,0,Kodagu,Karnataka
2024-04-06,0.03,0.04000000000008171,0.34999999999998227,2.49,0.03,0,Kodagu,Karnataka
2024-04-07,0.06,0.10000000000008172,0.39999999999998226,1.52,0.06,0,Kodagu,Karnataka
2024-04-08,0.0,0.09000000000008171,0.3599999999999822,1.03,0.06,0,Kodagu,Karnataka
2024-04-09,0.02,0.08000000000008171,0.22999999999998225,1.04,0.06,0,Kodagu,Karnataka
2024-04-10,0.02,0.04000000000008171,0.13999999999998225,0.73,0.02,0,Kodagu,Karnataka
2024-04-11,0.35,0.39000000000008167,0.4899999999999822,0.8699999999999999,0.35,0,Kodagu,Karnataka
2024-04-12,0.57,0.9400000000000817,1.049999999999982,1.43,0.57,0,Kodagu,Karnataka
2024-04-13,1.73,2.6500000000000816,2.7499999999999822,3.12,1.73,0,Kodagu,Karnataka
2024-04-14,1.2,3.5000000000000817,3.889999999999982,4.3,1.73,0,Kodagu,Karnataka
2024-04-15,0.16,3.0900000000000816,4.049999999999982,4.45,1.73,0,Kodagu,Karnataka
2024-04-16,0.09,1.4500000000000817,4.119999999999982,4.5,1.2,0,Kodagu,Karnataka
2024-04-17,0.05,0.3000000000000817,4.149999999999982,4.3999999999999995,0.16,0,Kodagu,Karnataka
2024-04-18,0.08,0.2200000000000817,3.879999999999982,4.37,0.09,0,Kodagu,Karnataka
2024-04-19,2.94,3.0700000000000816,6.249999999999982,7.3100000000000005,2.94,0,Kodagu,Karnataka
2024-04-20,6.36,9.380000000000082,10.879999999999981,13.66,6.36,0,Kodagu,Karnataka
2024-04-21,0.1,9.400000000000082,9.779999999999982,13.73,6.36,0,Kodagu,Karnataka
2024-04-22,0.45,6.910000000000082,10.069999999999983,14.12,6.36,0,Kodagu,Karnataka
2024-04-23,0.17,0.7200000000000809,10.149999999999983,14.29,0.45,0,Kodagu,Karnataka
2024-04-24,0.1,0.7200000000000809,10.199999999999982,14.37,0.45,0,Kodagu,Karnataka
2024-04-25,0.02,0.29000000000008086,10.139999999999981,14.370000000000001,0.17,0,Kodagu,Karnataka
2024-04-26,0.2,0.32000000000008083,7.399999999999982,14.219999999999999,0.2,0,Kodagu,Karnataka
2024-04-27,0.15,0.3700000000000808,1.1899999999999813,13.8,0.2,0,Kodagu,Karnataka
2024-04-28,0.1,0.4500000000000808,1.1899999999999813,12.17,0.2,0,Kodagu,Karnataka
2024-04-29,0.14,0.39000000000008084,0.8799999999999814,11.11,0.15,0,Kodagu,Karnataka
2024-04-30,0.18,0.42000000000008086,0.8899999999999814,11.13,0.18,0,Kodagu,Karnataka
2024-05-01,0.13,0.4500000000000809,0.9199999999999814,11.169999999999998,0.18,0,Kodagu,Karnataka
2024-05-02,0.12,0.4300000000000809,1.0199999999999814,11.24,0.18,0,Kodagu,Karnataka
2024-05-03,1.17,1.4200000000000808,1.9899999999999813,12.33,1.17,0,Kodagu,Karnataka
2024-05-04,3.0,4.290000000000081,4.839999999999981,12.39,3.0,0,Kodagu,Karnataka
2024-05-05,0.53,4.700000000000081,5.269999999999982,6.56,3.0,0,Kodagu,Karnataka
2024-05-06,0.29,3.8200000000000807,5.419999999999981,6.75,3.0,0,Kodagu,Karnataka
2024-05-07,3.22,4.040000000000081,8.459999999999981,9.52,3.22,0,Kodagu,Karnataka
2024-05-08,4.44,7.950000000000081,12.769999999999982,13.79,4.44,0,Kodagu,Karnataka
2024-05-09,1.46,9.120000000000081,14.109999999999982,15.15,4.44,0,Kodagu,Karnataka
2024-05-10,3.14,9.04000000000008,16.07999999999998,18.27,4.44,0,Kodagu,Karnataka
2024-05-11,6.48,11.08000000000008,19.55999999999998,24.55,6.48,0,Kodagu,Karnataka
2024-05-12,8.17,17.79000000000008,27.19999999999998,32.57,8.17,0,Kodagu,Karnataka
2024-05-13,15.41,30.06000000000008,42.31999999999998,47.88,15.41,0,Kodagu,Karnataka
2024-05-14,4.35,27.93000000000008,43.44999999999998,52.09,15.41,0,Kodagu,Karnataka
2024-05-15,3.03,22.790000000000084,42.03999999999998,54.94,15.41,0,Kodagu,Karnataka
2024-05-16,7.32,14.700000000000081,47.899999999999984,62.129999999999995,7.32,0,Kodagu,Karnataka
2024-05-17,12.22,22.570000000000082,56.97999999999998,74.23,12.22,0,Kodagu,Karnataka
2024-05-18,7.51,27.050000000000082,58.00999999999998,80.57,12.22,0,Kodagu,Karnataka
2024-05-19,20.13,39.86000000000008,69.96999999999997,97.69999999999999,20.13,0,Kodagu,Karnataka
2024-05-20,32.93,60.57000000000008,87.48999999999998,130.1,32.93,0,Kodagu,Karnataka
2024-05-21,13.69,66.75000000000009,96.82999999999998,143.5,32.93,0,Kodagu,Karnataka
2024-05-22,20.07,66.69000000000008,113.86999999999998,160.35,32.93,0,Kodagu,Karnataka
2024-05-23,20.72,54.480000000000075,127.26999999999998,176.63,20.72,0,Kodagu,Karnataka
2024-05-24,27.49,68.28000000000007,142.53999999999996,202.66,27.49,0,Kodagu,Karnataka
2024-05-25,10.05,58.260000000000076,145.07999999999998,209.57,27.49,0,Kodagu,Karnataka
2024-05-26,1.52,39.06000000000008,126.46999999999997,204.60999999999999,27.49,0,Kodagu,Karnataka
2024-05-27,1.04,12.61000000000008,94.57999999999998,197.48,10.05,0,Kodagu,Karnataka
2024-05-28,10.95,13.510000000000078,91.83999999999999,193.02,10.95,0,Kodagu,Karnataka
2024-05-29,4.53,16.520000000000078,76.29999999999998,193.2,10.95,0,Kodagu,Karnataka
2024-05-30,3.83,19.310000000000077,59.40999999999998,193.99999999999997,10.95,0,Kodagu,Karnataka
2024-05-31,6.97,15.330000000000078,38.889999999999986,193.64999999999998,6.97,0,Kodagu,Karnataka
2024-06-01,18.48,29.28000000000008,47.319999999999986,199.91,18.48,1,Kodagu,Karnataka
2024-06-02,12.67,38.120000000000076,58.469999999999985,205.07,18.48,1,Kodagu,Karnataka
2024-06-03,22.85,54.00000000000008,80.27999999999999,207.79000000000002,22.85,1,Kodagu,Karnataka
2024-06-04,3.65,39.17000000000008,72.97999999999999,178.51,22.85,1,Kodagu,Karnataka
2024-06-05,7.06,33.56000000000008,75.50999999999998,171.88,22.85,1,Kodagu,Karnataka
2024-06-06,17.32,28.03000000000008,88.99999999999999,169.13,17.32,1,Kodagu,Karnataka
2024-06-07,14.42,38.80000000000008,96.44999999999999,162.83,17.32,1,Kodagu,Karnataka
2024-06-08,18.93,50.67000000000008,96.9,154.27,18.93,1,Kodagu,Karnataka
2024-06-09,32.54,65.89000000000007,116.77,176.76000000000002,32.54,1,Kodagu,Karnataka
2024-06-10,20.15,71.62000000000008,114.07,195.39000000000001,32.54,1,Kodagu,Karnataka
2024-06-11,10.64,63.33000000000008,121.05999999999997,204.99,32.54,1,Kodagu,Karnataka
2024-06-12,6.69,37.480000000000075,120.69,200.73,20.15,1,Kodagu,Karnataka
2024-06-13,3.3,20.63000000000008,106.66999999999999,199.5,10.64,1,Kodagu,Karnataka
2024-06-14,7.26,17.250000000000078,99.50999999999999,202.93,7.26,1,Kodagu,Karnataka
2024-06-15,2.13,12.690000000000076,82.70999999999998,198.09,7.26,1,Kodagu,Karnataka
2024-06-16,5.27,14.660000000000078,55.43999999999998,184.88,7.26,1,Kodagu,Karnataka
2024-06-17,8.01,15.410000000000077,43.29999999999998,180.22,8.01,1,Kodagu,Karnataka
2024-06-18,6.29,19.570000000000075,38.94999999999999,163.66000000000003,8.01,1,Kodagu,Karnataka
2024-06-19,5.36,19.660000000000075,37.61999999999999,165.37,8.01,1,Kodagu,Karnataka
2024-06-20,7.53,19.180000000000078,41.84999999999999,165.84,7.53,1,Kodagu,Karnataka
2024-06-21,7.64,20.53000000000008,42.22999999999999,156.16,7.64,1,Kodagu,Karnataka
2024-06-22,17.54,32.71000000000008,57.639999999999986,159.28,17.54,1,Kodagu,Karnataka
2024-06-23,28.62,53.80000000000008,80.98999999999998,168.97,28.62,1,Kodagu,Karnataka
2024-06-24,21.32,67.48000000000008,94.29999999999998,157.75,28.62,1,Kodagu,Karnataka
2024-06-25,45.15,95.09000000000009,133.16,182.75,45.15,1,Kodagu,Karnataka
2024-06-26,28.41,94.88000000000008,156.20999999999998,200.52,45.15,1,Kodagu,Karnataka
2024-06-27,18.1,91.66000000000008,166.78,211.93,45.15,1,Kodagu,Karnataka
2024-06-28,7.5,54.010000000000076,166.64,216.13,28.41,1,Kodagu,Karnataka
2024-06-29,24.62,50.220000000000084,173.71999999999997,233.49,24.62,1,Kodagu,Karnataka
2024-06-30,12.86,44.980000000000075,157.95999999999998,244.22000000000003,24.62,1,Kodagu,Karnataka
2024-07-01,12.4,49.88000000000008,149.04,251.35,24.62,1,Kodagu,Karnataka
2024-07-02,2.83,28.090000000000078,106.71999999999998,246.17000000000002,12.86,1,Kodagu,Karnataka
2024-07-03,16.76,31.99000000000008,95.07,256.64,16.76,1,Kodagu,Karnataka
2024-07-04,16.73,36.32000000000008,93.69999999999999,268.01,16.76,1,Kodagu,Karnataka
2024-07-05,14.89,48.38000000000008,101.08999999999999,275.37,16.76,1,Kodagu,Karnataka
2024-07-06,31.95,63.57000000000008,108.41999999999999,299.68,31.95,1,Kodagu,Karnataka
2024-07-07,21.13,67.97000000000007,116.68999999999998,303.27000000000004,31.95,1,Kodagu,Karnataka
2024-07-08,30.34,83.42000000000007,134.63,304.99,31.95,1,Kodagu,Karnataka
2024-07-09,22.59,74.06000000000007,154.39,306.26,30.34,1,Kodagu,Karnataka
2024-07-10,11.32,64.25000000000009,148.95,272.43,30.34,1,Kodagu,Karnataka
2024-07-11,6.88,40.79000000000008,139.1,250.9,22.59,1,Kodagu,Karnataka
2024-07-12,27.03,45.230000000000075,151.23999999999998,259.83,27.03,1,Kodagu,Karnataka
2024-07-13,34.8,68.71000000000006,154.08999999999997,287.13,34.8,1,Kodagu,Karnataka
2024-07-14,50.39,112.22000000000007,183.35,312.9,50.39,1,Kodagu,Karnataka
2024-07-15,81.75,166.94000000000005,234.76,381.78999999999996,81.75,1,Kodagu,Karnataka
2024-07-16,38.84,170.98000000000008,251.01,408.23,81.75,1,Kodagu,Karnataka
2024-07-17,47.58,168.17000000000007,287.27,452.98,81.75,1,Kodagu,Karnataka
2024-07-18,77.75,164.17000000000007,358.14,513.97,77.75,1,Kodagu,Karnataka
2024-07-19,53.97,179.30000000000007,385.08,551.21,77.75,1,Kodagu,Karnataka
2024-07-20,18.63,150.35000000000008,368.91,554.95,77.75,1,Kodagu,Karnataka
2024-07-21,10.26,82.86000000000007,328.78,533.26,53.97,1,Kodagu,Karnataka
2024-07-22,12.91,41.80000000000007,259.94,525.04,18.63,1,Kodagu,Karnataka
2024-07-23,21.57,44.740000000000066,242.67,516.27,21.57,1,Kodagu,Karnataka
2024-07-24,18.02,52.50000000000007,213.10999999999999,511.7,21.57,1,Kodagu,Karnataka
2024-07-25,21.0,60.59000000000007,156.36,521.38,21.57,1,Kodagu,Karnataka
2024-07-26,16.96,55.98000000000007,119.35,531.46,21.0,1,Kodagu,Karnataka
2024-07-27,6.49,44.45000000000007,107.21000000000001,510.92,21.0,1,Kodagu,Karnataka
2024-07-28,5.12,28.570000000000068,102.07,481.24,16.96,1,Kodagu,Karnataka
2024-07-29,48.47,60.08000000000007,137.63,479.32000000000005,48.47,1,Kodagu,Karnataka
2024-07-30,79.89,133.48000000000008,195.95000000000002,477.46000000000004,79.89,1,Kodagu,Karnataka
2024-07-31,55.81,184.17000000000007,233.74,494.43,79.89,1,Kodagu,Karnataka
2024-08-01,52.55,188.25000000000006,265.29,499.40000000000003,79.89,1,Kodagu,Karnataka
2024-08-02,19.91,128.27000000000007,268.24,441.56,55.81,1,Kodagu,Karnataka
2024-08-03,15.15,87.61000000000007,276.9,402.74,52.55,1,Kodagu,Karnataka
2024-08-04,15.14,50.200000000000074,286.91999999999996,399.25,19.91,1,Kodagu,Karnataka
2024-08-05,14.59,44.880000000000074,253.04000000000002,403.58,15.15,1,Kodagu,Karnataka
2024-08-06,19.19,48.92000000000007,192.34,409.86,19.19,1,Kodagu,Karnataka
2024-08-07,9.99,43.770000000000074,146.52,398.28,19.19,1,Kodagu,Karnataka
2024-08-08,9.54,38.72000000000007,103.51,389.8,19.19,1,Kodagu,Karnataka
2024-08-09,10.01,29.54000000000007,93.61000000000001,378.81,10.01,1,Kodagu,Karnataka
2024-08-10,5.88,25.430000000000067,84.34,367.73,10.01,1,Kodagu,Karnataka
2024-08-11,5.75,21.64000000000007,74.95,366.99,10.01,1,Kodagu,Karnataka
2024-08-12,5.83,17.460000000000072,66.19,367.7,5.88,1,Kodagu,Karnataka
2024-08-13,15.79,27.370000000000072,62.79,335.02,15.79,1,Kodagu,Karnataka
2024-08-14,23.25,44.870000000000076,76.05,278.38,23.25,1,Kodagu,Karnataka
2024-08-15,5.32,44.36000000000007,71.83000000000001,227.89,23.25,1,Kodagu,Karnataka
2024-08-16,8.12,36.69000000000007,69.94,183.45999999999998,23.25,1,Kodagu,Karnataka
2024-08-17,6.72,20.16000000000007,70.78,170.26999999999998,8.12,1,Kodagu,Karnataka
2024-08-18,5.66,20.50000000000007,70.69,160.78,8.12,1,Kodagu,Karnataka
2024-08-19,11.19,23.57000000000007,76.05000000000001,156.82999999999998,11.19,1,Kodagu,Karnataka
2024-08-20,56.02,72.87000000000008,116.28,198.26,56.02,1,Kodagu,Karnataka
2024-08-21,54.29,121.50000000000009,147.32,233.36,56.02,1,Kodagu,Karnataka
2024-08-22,5.82,116.13000000000008,147.82,229.19,56.02,1,Kodagu,Karnataka
2024-08-23,0.91,61.02000000000007,140.61,220.56,54.29,1,Kodagu,Karnataka
2024-08-24,7.99,14.720000000000072,141.88,218.54000000000002,7.99,1,Kodagu,Karnataka
2024-08-25,6.79,15.690000000000072,143.01000000000002,219.45000000000002,7.99,1,Kodagu,Karnataka
2024-08-26,11.21,25.990000000000073,143.03,224.91000000000003,11.21,1,Kodagu,Karnataka
2024-08-27,8.15,26.15000000000007,95.16,227.23,11.21,1,Kodagu,Karnataka
2024-08-28,15.52,34.880000000000074,56.39,226.96,15.52,1,Kodagu,Karnataka
2024-08-29,20.56,44.23000000000007,71.13,224.27,20.56,1,Kodagu,Karnataka
2024-08-30,12.39,48.47000000000007,82.61000000000001,231.33999999999997,20.56,1,Kodagu,Karnataka
2024-08-31,13.25,46.20000000000007,87.87,236.47000000000003,20.56,1,Kodagu,Karnataka
2024-09-01,14.83,40.47000000000007,95.91000000000001,244.58,14.83,1,Kodagu,Karnataka
2024-09-02,5.27,33.35000000000007,89.97,244.19000000000003,14.83,1,Kodagu,Karnataka
2024-09-03,7.06,27.16000000000007,88.88000000000001,240.06,14.83,1,Kodagu,Karnataka
2024-09-04,5.43,17.76000000000007,78.78999999999999,189.47,7.06,1,Kodagu,Karnataka
2024-09-05,10.34,22.83000000000007,68.57,145.52,10.34,1,Kodagu,Karnataka
2024-09-06,8.82,24.59000000000007,65.0,148.51999999999998,10.34,1,Kodagu,Karnataka
2024-09-07,5.07,24.23000000000007,56.82,152.68,10.34,1,Kodagu,Karnataka
2024-09-08,10.85,24.740000000000073,52.84,155.54,10.85,1,Kodagu,Karnataka
2024-09-09,11.59,27.51000000000007,59.16,160.34,11.59,1,Kodagu,Karnataka
2024-09-10,11.41,33.85000000000007,63.510000000000005,160.54,11.59,1,Kodagu,Karnataka
2024-09-11,8.54,31.54000000000007,66.62,160.93,11.59,1,Kodagu,Karnataka
2024-09-12,4.48,24.43000000000007,60.76,149.89000000000001,11.41,1,Kodagu,Karnataka
2024-09-13,2.32,15.340000000000071,54.26,131.65,8.54,1,Kodagu,Karnataka
2024-09-14,4.0,10.800000000000072,53.19,123.26,4.48,1,Kodagu,Karnataka
2024-09-15,1.51,7.830000000000071,43.85,111.52,4.0,1,Kodagu,Karnataka
2024-09-16,2.09,7.600000000000071,34.35,98.78,4.0,1,Kodagu,Karnataka
2024-09-17,1.65,5.250000000000071,24.589999999999996,95.16000000000001,2.09,1,Kodagu,Karnataka
2024-09-18,0.31,4.050000000000071,16.36,88.41,2.09,1,Kodagu,Karnataka
2024-09-19,0.18,2.1400000000000716,12.06,83.16,1.65,1,Kodagu,Karnataka
2024-09-20,0.94,1.4300000000000714,10.68,73.75999999999999,0.94,1,Kodagu,Karnataka
2024-09-21,2.86,3.9800000000000715,9.54,67.8,2.86,1,Kodagu,Karnataka
2024-09-22,3.03,6.830000000000071,11.059999999999999,65.76,3.03,1,Kodagu,Karnataka
2024-09-23,6.7,12.590000000000071,15.67,61.61,6.7,1,Kodagu,Karnataka
2024-09-24,15.67,25.40000000000007,29.689999999999998,65.69,15.67,1,Kodagu,Karnataka
2024-09-25,4.77,27.14000000000007,34.15,59.05,15.67,1,Kodagu,Karnataka
2024-09-26,4.4,24.84000000000007,38.370000000000005,54.91,15.67,1,Kodagu,Karnataka
2024-09-27,4.48,13.650000000000071,41.910000000000004,54.910000000000004,4.77,1,Kodagu,Karnataka
2024-09-28,1.0,9.880000000000072,40.05,53.59,4.48,1,Kodagu,Karnataka
2024-09-29,6.96,12.440000000000072,43.980000000000004,56.550000000000004,6.96,1,Kodagu,Karnataka
2024-09-30,6.31,14.27000000000007,43.59,61.349999999999994,6.96,1,Kodagu,Karnataka
2024-10-01,0.9,14.170000000000071,28.819999999999997,60.16,6.96,0,Kodagu,Karnataka
2024-10-02,1.35,8.56000000000007,25.4,59.86,6.31,0,Kodagu,Karnataka
2024-10-03,0.92,3.170000000000071,21.92,60.47,1.35,0,Kodagu,Karnataka
2024-10-04,3.54,5.8100000000000716,20.98,63.83,3.54,0,Kodagu,Karnataka
2024-10-05,3.2,7.660000000000071,23.18,66.09,3.54,0,Kodagu,Karnataka
2024-10-06,18.46,25.20000000000007,34.68,81.69,18.46,0,Kodagu,Karnataka
2024-10-07,18.12,39.78000000000007,46.49,96.78,18.46,0,Kodagu,Karnataka
2024-10-08,7.47,44.05000000000007,53.06,97.55,18.46,0,Kodagu,Karnataka
2024-10-09,6.96,32.55000000000007,58.67,88.84,18.12,0,Kodagu,Karnataka
2024-10-10,4.38,18.81000000000007,62.13,88.45,7.47,0,Kodagu,Karnataka
2024-10-11,10.57,21.91000000000007,69.16,94.62,10.57,0,Kodagu,Karnataka
2024-10-12,5.91,20.86000000000007,71.87,96.05000000000001,10.57,0,Kodagu,Karnataka
2024-10-13,6.68,23.16000000000007,60.09,101.73,10.57,0,Kodagu,Karnataka
2024-10-14,6.89,19.48000000000007,48.86,101.66,6.89,0,Kodagu,Karnataka
2024-10-15,22.89,36.46000000000007,64.28,118.24,22.89,0,Kodagu,Karnataka
2024-10-16,31.96,61.74000000000007,89.28,149.3,31.96,0,Kodagu,Karnataka
2024-10-17,2.94,57.79000000000007,87.84,150.89000000000001,31.96,0,Kodagu,Karnataka
2024-10-18,4.9,39.80000000000007,82.17,154.87,31.96,0,Kodagu,Karnataka
2024-10-19,9.26,17.100000000000072,85.52,160.59,9.26,0,Kodagu,Karnataka
2024-10-20,6.09,20.25000000000007,84.93,163.48000000000002,9.26,0,Kodagu,Karnataka
2024-10-21,5.17,20.52000000000007,83.21000000000001,150.19,9.26,0,Kodagu,Karnataka
2024-10-22,1.73,12.990000000000071,62.05,133.8,6.09,0,Kodagu,Karnataka
2024-10-23,1.57,8.470000000000072,31.66,127.9,5.17,0,Kodagu,Karnataka
2024-10-24,4.56,7.8600000000000705,33.28,125.5,4.56,0,Kodagu,Karnataka
2024-10-25,0.65,6.78000000000007,29.029999999999998,121.77,4.56,0,Kodagu,Karnataka
2024-10-26,0.3,5.510000000000071,20.069999999999997,111.5,4.56,0,Kodagu,Karnataka
2024-10-27,0.32,1.270000000000071,14.299999999999999,105.91,0.65,0,Kodagu,Karnataka
2024-10-28,5.22,5.840000000000071,14.35,104.45,5.22,0,Kodagu,Karnataka
2024-10-29,0.8,6.340000000000071,13.42,98.36,5.22,0,Kodagu,Karnataka
2024-10-30,0.29,6.310000000000071,12.139999999999999,75.76,5.22,0,Kodagu,Karnataka
2024-10-31,3.42,4.510000000000071,11.0,47.22,3.42,0,Kodagu,Karnataka
2024-11-01,12.94,16.65000000000007,23.29,57.22,12.94,0,Kodagu,Karnataka
2024-11-02,10.83,27.190000000000072,33.82,63.15,12.94,0,Kodagu,Karnataka
2024-11-03,4.36,28.13000000000007,37.86,58.25,12.94,0,Kodagu,Karnataka
2024-11-04,7.27,22.460000000000072,39.91,59.43,10.83,0,Kodagu,Karnataka
2024-11-05,1.07,12.700000000000072,40.18,55.330000000000005,7.27,0,Kodagu,Karnataka
2024-11-06,0.25,8.590000000000071,40.13999999999999,53.85,7.27,0,Kodagu,Karnataka
2024-11-07,0.18,1.5000000000000728,36.9,52.46,1.07,0,Kodagu,Karnataka
2024-11-08,0.95,1.3800000000000727,24.91,48.85,0.95,0,Kodagu,Karnataka
2024-11-09,0.02,1.1500000000000727,14.1,48.22,0.95,0,Kodagu,Karnataka
2024-11-10,0.02,0.9900000000000728,9.759999999999998,47.94,0.95,0,Kodagu,Karnataka
2024-11-11,0.01,0.05000000000007283,2.5,47.63,0.02,0,Kodagu,Karnataka
2024-11-12,0.04,0.07000000000007284,1.47,42.45,0.04,0,Kodagu,Karnataka
2024-11-13,0.41,0.4600000000000728,1.63,42.059999999999995,0.41,0,Kodagu,Karnataka
2024-11-14,4.44,4.890000000000073,5.890000000000001,46.21,4.44,0,Kodagu,Karnataka
2024-11-15,6.76,11.610000000000074,11.7,49.550000000000004,6.76,0,Kodagu,Karnataka
2024-11-16,2.43,13.630000000000074,14.110000000000001,39.04,6.76,0,Kodagu,Karnataka
2024-11-17,2.31,11.500000000000071,16.400000000000002,30.52,6.76,0,Kodagu,Karnataka
2024-11-18,0.32,5.060000000000073,16.71,26.48,2.43,0,Kodagu,Karnataka
2024-11-19,0.13,2.760000000000073,16.8,19.34,2.31,0,Kodagu,Karnataka
2024-11-20,0.06,0.5100000000000728,16.45,18.330000000000002,0.32,0,Kodagu,Karnataka
2024-11-21,0.02,0.21000000000007282,12.03,18.1,0.13,0,Kodagu,Karnataka
2024-11-22,0.01,0.09000000000007283,5.28,17.93,0.06,0,Kodagu,Karnataka
2024-11-23,0.03,0.06000000000007283,2.88,17.01,0.03,0,Kodagu,Karnataka
2024-11-24,0.03,0.07000000000007282,0.6,17.02,0.03,0,Kodagu,Karnataka
2024-11-25,0.0,0.06000000000007283,0.28,17.0,0.03,0,Kodagu,Karnataka
2024-11-26,0.16,0.19000000000007283,0.31,17.150000000000002,0.16,0,Kodagu,Karnataka
2024-11-27,0.31,0.4700000000000728,0.56,17.42,0.31,0,Kodagu,Karnataka
2024-11-28,0.0,0.47000000000007286,0.54,17.01,0.31,0,Kodagu,Karnataka
2024-11-29,0.0,0.3100000000000729,0.53,12.57,0.31,0,Kodagu,Karnataka
2024-11-30,0.46,0.46000000000007285,0.96,6.2700000000000005,0.46,0,Kodagu,Karnataka
2024-12-01,8.98,9.440000000000074,9.91,12.82,8.98,0,Kodagu,Karnataka
2024-12-02,24.67,34.11000000000008,34.58,35.18,24.67,0,Kodagu,Karnataka
2024-12-03,62.66,96.31000000000007,97.08,97.52,62.66,0,Kodagu,Karnataka
2024-12-04,0.53,87.86000000000007,97.3,97.92,62.66,0,Kodagu,Karnataka
2024-12-05,1.23,64.42000000000007,98.53,99.09,62.66,0,Kodagu,Karnataka
2024-12-06,0.44,2.2000000000000712,98.97,99.51,1.23,0,Kodagu,Karnataka
2024-12-07,0.32,1.990000000000071,98.82999999999998,99.82,1.23,0,Kodagu,Karnataka
2024-12-08,0.31,1.0700000000000711,90.16,100.1,0.44,0,Kodagu,Karnataka
2024-12-09,0.19,0.8200000000000711,65.67999999999999,100.25999999999999,0.32,0,Kodagu,Karnataka
2024-12-10,0.2,0.700000000000071,3.22,100.46,0.31,0,Kodagu,Karnataka
2024-12-11,0.16,0.5500000000000711,2.85,100.46,0.2,0,Kodagu,Karnataka
2024-12-12,1.39,1.750000000000071,3.01,101.53999999999999,1.39,0,Kodagu,Karnataka
2024-12-13,2.63,4.180000000000071,5.199999999999999,104.17,2.63,0,Kodagu,Karnataka
2024-12-14,0.12,4.140000000000071,4.999999999999999,104.28999999999999,2.63,0,Kodagu,Karnataka
2024-12-15,0.01,2.760000000000071,4.7,103.84,2.63,0,Kodagu,Karnataka
2024-12-16,0.0,0.13000000000007106,4.51,94.86,0.12,0,Kodagu,Karnataka
2024-12-17,0.0,0.010000000000071054,4.31,70.19,0.01,0,Kodagu,Karnataka
2024-12-18,0.0,0.0,4.15,7.53,0.0,0,Kodagu,Karnataka
2024-12-19,0.05,0.05000000000007106,2.8099999999999996,7.05,0.05,0,Kodagu,Karnataka
2024-12-20,0.06,0.11000000000007105,0.23999999999999955,5.88,0.06,0,Kodagu,Karnataka
2024-12-21,0.28,0.39000000000007107,0.3999999999999996,5.72,0.28,0,Kodagu,Karnataka
2024-12-22,0.04,0.38000000000007106,0.42999999999999955,5.44,0.28,0,Kodagu,Karnataka
2024-12-23,0.14,0.46000000000007113,0.5699999999999996,5.27,0.28,0,Kodagu,Karnataka
2024-12-24,0.31,0.49000000000007105,0.8799999999999996,5.390000000000001,0.31,0,Kodagu,Karnataka
2024-12-25,0.02,0.4700000000000711,0.8999999999999996,5.21,0.31,0,Kodagu,Karnataka
2024-12-26,1.6,1.9300000000000712,2.4499999999999997,6.65,1.6,0,Kodagu,Karnataka
2024-12-27,1.3,2.920000000000071,3.6899999999999995,6.56,1.6,0,Kodagu,Karnataka
2024-12-28,0.06,2.960000000000071,3.4699999999999998,3.99,1.6,0,Kodagu,Karnataka
2024-12-29,0.0,1.3600000000000714,3.4299999999999997,3.87,1.3,0,Kodagu,Karnataka
2024-12-30,0.02,0.08000000000007128,3.3099999999999996,3.8800000000000003,0.06,0,Kodagu,Karnataka
2024-12-31,0.01,0.030000000000071275,3.01,3.89,0.02,0,Kodagu,Karnataka
