,rain_1d,rain_3d,rain_7d,rain_15d,rain_max3d,is_monsoon,district,state
2015-01-01,0.15,0.15,0.15,0.15,0.15,0,Kozhikode,Kerala
2015-01-02,0.01,0.16,0.16,0.16,0.15,0,Kozhikode,Kerala
2015-01-03,0.0,0.16,0.16,0.16,0.15,0,Kozhikode,Kerala
2015-01-04,0.0,0.01,0.16,0.16,0.01,0,Kozhikode,Kerala
2015-01-05,0.0,0.0,0.16,0.16,0.0,0,Kozhikode,Kerala
2015-01-06,0.01,0.01,0.16999999999999998,0.16999999999999998,0.01,0,Kozhikode,Kerala
2015-01-07,0.0,0.01,0.16999999999999998,0.16999999999999998,0.01,0,Kozhikode,Kerala
2015-01-08,0.0,0.01,0.02,0.16999999999999998,0.01,0,Kozhikode,Kerala
2015-01-09,0.0,0.0,0.01,0.16999999999999998,0.0,0,Kozhikode,Kerala
2015-01-10,0.0,0.0,0.01,0.16999999999999998,0.0,0,Kozhikode,Kerala
2015-01-11,0.0,0.0,0.01,0.16999999999999998,0.0,0,Kozhikode,Kerala
2015-01-12,0.0,0.0,0.01,0.16999999999999998,0.0,0,Kozhikode,Kerala
2015-01-13,0.0,0.0,0.0,0.16999999999999998,0.0,0,Kozhikode,Kerala
2015-01-14,0.0,0.0,0.0,0.16999999999999998,0.0,0,Kozhikode,Kerala
2015-01-15,0.0,0.0,0.0,0.16999999999999998,0.0,0,Kozhikode,Kerala
2015-01-16,0.0,0.0,0.0,0.02,0.0,0,Kozhikode,Kerala
2015-01-17,0.0,0.0,0.0,0.01,0.0,0,Kozhikode,Kerala
2015-01-18,0.0,0.0,0.0,0.01,0.0,0,Kozhikode,Kerala
2015-01-19,0.0,0.0,0.0,0.01,0.0,0,Kozhikode,Kerala
2015-01-20,0.0,0.0,0.0,0.01,0.0,0,Kozhikode,Kerala
2015-01-21,0.04,0.04,0.04,0.04,0.04,0,Kozhikode,Kerala
2015-01-22,0.06,0.1,0.1,0.1,0.06,0,Kozhikode,Kerala
2015-01-23,0.01,0.11,0.11,0.11,0.06,0,Kozhikode,Kerala
2015-01-24,0.01,0.08,0.12,0.12,0.06,0,Kozhikode,Kerala
2015-01-25,0.01,0.03,0.13,0.13,0.01,0,Kozhikode,Kerala
2015-01-26,0.02,0.04,0.15,0.15,0.02,0,Kozhikode,Kerala
2015-01-27,0.0,0.030000000000000002,0.15,0.15,0.02,0,Kozhikode,Kerala
2015-01-28,0.0,0.020000000000000004,0.10999999999999999,0.15,0.02,0,Kozhikode,Kerala
2015-01-29,0.03,0.03,0.08,0.18,0.03,0,Kozhikode,Kerala
2015-01-30,0.02,0.05,0.09000000000000001,0.2,0.03,0,Kozhikode,Kerala
2015-01-31,0.01,0.06,0.09,0.21,0.03,0,Kozhikode,Kerala
2015-02-01,0.0,0.03,0.08,0.21,0.02,0,Kozhikode,Kerala
2015-02-02,0.02,0.030000000000000002,0.08,0.23,0.02,0,Kozhikode,Kerala
2015-02-03,0.0,0.020000000000000004,0.08,0.23,0.02,0,Kozhikode,Kerala
2015-02-04,0.0,0.020000000000000004,0.08,0.23,0.02,0,Kozhikode,Kerala
2015-02-05,0.0,0.0,0.05,0.19,0.0,0,Kozhikode,Kerala
2015-02-06,0.0,0.0,0.030000000000000002,0.13,0.0,0,Kozhikode,Kerala
2015-02-07,0.02,0.02,0.04000000000000001,0.14,0.02,0,Kozhikode,Kerala
2015-02-08,0.1,0.12000000000000001,0.14,0.22999999999999998,0.1,0,Kozhikode,Kerala
2015-02-09,0.08,0.2,0.2,0.30000000000000004,0.1,0,Kozhikode,Kerala
2015-02-10,0.01,0.19000000000000003,0.21000000000000002,0.29,0.1,0,Kozhikode,Kerala
2015-02-11,0.01,0.1,0.22,0.3,0.08,0,Kozhikode,Kerala
2015-02-12,0.01,0.03,0.23,0.31,0.01,0,Kozhikode,Kerala
2015-02-13,0.06,0.07999999999999999,0.29000000000000004,0.34,0.06,0,Kozhikode,Kerala
2015-02-14,0.0,0.07,0.27,0.32,0.06,0,Kozhikode,Kerala
2015-02-15,0.0,0.06,0.17,0.31,0.06,0,Kozhikode,Kerala
2015-02-16,0.01,0.01,0.09999999999999999,0.32,0.01,0,Kozhikode,Kerala
2015-02-17,0.02,0.03,0.11,0.31999999999999995,0.02,0,Kozhikode,Kerala
2015-02-18,0.02,0.05,0.12,0.33999999999999997,0.02,0,Kozhikode,Kerala
2015-02-19,0.02,0.06,0.13,0.36,0.02,0,Kozhikode,Kerala
2015-02-20,0.0,0.04000000000000001,0.07,0.36,0.02,0,Kozhikode,Kerala
2015-02-21,0.0,0.020000000000000004,0.07,0.36,0.02,0,Kozhikode,Kerala
2015-02-22,0.0,0.0,0.07,0.34,0.0,0,Kozhikode,Kerala
2015-02-23,0.0,0.0,0.06,0.24,0.0,0,Kozhikode,Kerala
2015-02-24,0.0,0.0,0.04,0.16,0.0,0,Kozhikode,Kerala
2015-02-25,0.0,0.0,0.02,0.15,0.0,0,Kozhikode,Kerala
2015-02-26,0.0,0.0,0.0,0.14,0.0,0,Kozhikode,Kerala
2015-02-27,0.07,0.07,0.07,0.2,0.07,0,Kozhikode,Kerala
2015-02-28,0.33,0.4,0.4,0.47000000000000003,0.33,0,Kozhikode,Kerala
2015-03-01,0.35,0.75,0.75,0.8200000000000001,0.35,0,Kozhikode,Kerala
2015-03-02,0.31,0.99,1.06,1.13,0.35,0,Kozhikode,Kerala
2015-03-03,1.13,1.79,2.19,2.25,1.13,0,Kozhikode,Kerala
2015-03-04,0.38,1.8199999999999998,2.57,2.61,1.13,0,Kozhikode,Kerala
2015-03-05,0.07,1.58,2.64,2.6599999999999997,1.13,0,Kozhikode,Kerala
2015-03-06,4.16,4.61,6.73,6.8,4.16,0,Kozhikode,Kerala
2015-03-07,2.26,6.49,8.66,9.059999999999999,4.16,0,Kozhikode,Kerala
2015-03-08,1.51,7.93,9.82,10.57,4.16,0,Kozhikode,Kerala
2015-03-09,1.23,5.0,10.74,11.799999999999999,2.26,0,Kozhikode,Kerala
2015-03-10,0.64,3.38,10.25,12.44,1.51,0,Kozhikode,Kerala
2015-03-11,0.11,1.98,9.98,12.549999999999999,1.23,0,Kozhikode,Kerala
2015-03-12,0.1,0.85,10.01,12.65,0.64,0,Kozhikode,Kerala
2015-03-13,1.29,1.5,7.14,13.94,1.29,0,Kozhikode,Kerala
2015-03-14,3.04,4.43,7.92,16.91,3.04,0,Kozhikode,Kerala
2015-03-15,11.68,16.009999999999998,18.09,28.26,11.68,0,Kozhikode,Kerala
2015-03-16,6.81,21.529999999999998,23.669999999999998,34.72,11.68,0,Kozhikode,Kerala
2015-03-17,1.73,20.22,24.759999999999998,36.14,11.68,0,Kozhikode,Kerala
2015-03-18,0.15,8.69,24.8,35.160000000000004,6.81,0,Kozhikode,Kerala
2015-03-19,0.06,1.94,24.759999999999998,34.839999999999996,1.73,0,Kozhikode,Kerala
2015-03-20,0.01,0.22,23.479999999999997,34.78,0.15,0,Kozhikode,Kerala
2015-03-21,0.01,0.08,20.45,30.63,0.06,0,Kozhikode,Kerala
2015-03-22,0.0,0.02,8.77,28.37,0.01,0,Kozhikode,Kerala
2015-03-23,0.0,0.01,1.96,26.86,0.01,0,Kozhikode,Kerala
2015-03-24,0.0,0.0,0.22999999999999998,25.63,0.0,0,Kozhikode,Kerala
2015-03-25,0.01,0.01,0.09,25.0,0.01,0,Kozhikode,Kerala
2015-03-26,0.01,0.02,0.04,24.9,0.01,0,Kozhikode,Kerala
2015-03-27,0.29,0.31,0.31999999999999995,25.09,0.29,0,Kozhikode,Kerala
2015-03-28,0.72,1.02,1.0299999999999998,24.52,0.72,0,Kozhikode,Kerala
2015-03-29,1.02,2.0300000000000002,2.05,22.5,1.02,0,Kozhikode,Kerala
2015-03-30,1.59,3.33,3.6399999999999997,12.41,1.59,0,Kozhikode,Kerala
2015-03-31,1.93,4.54,5.57,7.53,1.93,0,Kozhikode,Kerala
2015-04-01,4.03,7.55,9.59,9.830000000000002,4.03,0,Kozhikode,Kerala
2015-04-02,2.05,8.01,11.629999999999999,11.73,4.03,0,Kozhikode,Kerala
2015-04-03,2.78,8.86,14.12,14.45,4.03,0,Kozhikode,Kerala
2015-04-04,0.71,5.539999999999999,14.11,15.15,2.78,0,Kozhikode,Kerala
2015-04-05,0.3,3.7899999999999996,13.39,15.44,2.78,0,Kozhikode,Kerala
2015-04-06,2.72,3.73,14.52,18.16,2.72,0,Kozhikode,Kerala
2015-04-07,4.39,7.41,16.979999999999997,22.55,4.39,0,Kozhikode,Kerala
2015-04-08,2.84,9.95,15.79,25.39,4.39,0,Kozhikode,Kerala
2015-04-09,6.53,13.759999999999998,20.27,31.909999999999997,6.53,0,Kozhikode,Kerala
2015-04-10,7.79,17.16,25.28,39.69,7.79,0,Kozhikode,Kerala
2015-04-11,5.29,19.61,29.86,44.69,7.79,0,Kozhikode,Kerala
2015-04-12,6.76,19.84,36.32,50.730000000000004,7.79,0,Kozhikode,Kerala
2015-04-13,6.37,18.42,39.97,56.08,6.76,0,Kozhikode,Kerala
2015-04-14,4.55,17.68,40.13,59.040000000000006,6.76,0,Kozhikode,Kerala
2015-04-15,4.04,14.959999999999999,41.330000000000005,61.150000000000006,6.37,0,Kozhikode,Kerala
2015-04-16,2.53,11.12,37.330000000000005,59.65,4.55,0,Kozhikode,Kerala
2015-04-17,1.33,7.9,30.87,58.93,4.04,0,Kozhikode,Kerala
2015-04-18,0.55,4.41,26.13,56.699999999999996,2.53,0,Kozhikode,Kerala
2015-04-19,3.33,5.210000000000001,22.7,59.32,3.33,0,Kozhikode,Kerala
2015-04-20,2.99,6.870000000000001,19.32,62.01,3.33,0,Kozhikode,Kerala
2015-04-21,11.33,17.650000000000002,26.1,70.62,11.33,0,Kozhikode,Kerala
2015-04-22,4.43,18.75,26.490000000000002,70.66,11.33,0,Kozhikode,Kerala
2015-04-23,5.15,20.91,29.11,72.97,11.33,0,Kozhikode,Kerala
2015-04-24,5.13,14.71,32.91,71.57,5.15,0,Kozhikode,Kerala
2015-04-25,13.83,24.11,46.19,77.61,13.83,0,Kozhikode,Kerala
2015-04-26,2.84,21.8,45.7,75.16,13.83,0,Kozhikode,Kerala
2015-04-27,1.6,18.27,44.31,70.0,13.83,0,Kozhikode,Kerala
2015-04-28,1.22,5.66,34.2,64.85,2.84,0,Kozhikode,Kerala
2015-04-29,1.76,4.58,31.53,62.06,1.76,0,Kozhikode,Kerala
2015-04-30,2.48,5.46,28.86,60.5,2.48,0,Kozhikode,Kerala
2015-05-01,3.7,7.94,27.43,61.67,3.7,0,Kozhikode,Kerala
2015-05-02,3.49,9.67,17.09,63.83,3.7,0,Kozhikode,Kerala
2015-05-03,1.53,8.72,15.780000000000001,64.81,3.7,0,Kozhikode,Kerala
2015-05-04,2.77,7.79,16.950000000000003,64.25,3.49,0,Kozhikode,Kerala
2015-05-05,2.88,7.18,18.61,64.14,2.88,0,Kozhikode,Kerala
2015-05-06,4.71,10.36,21.560000000000002,57.52,4.71,0,Kozhikode,Kerala
2015-05-07,5.75,13.34,24.830000000000002,58.84,5.75,0,Kozhikode,Kerala
2015-05-08,5.86,16.32,26.99,59.55,5.86,0,Kozhikode,Kerala
2015-05-09,9.28,20.89,32.78,63.7,9.28,0,Kozhikode,Kerala
2015-05-10,8.81,23.950000000000003,40.06,58.68000000000001,9.28,0,Kozhikode,Kerala
2015-05-11,11.05,29.14,48.34,66.89,11.05,0,Kozhikode,Kerala
2015-05-12,13.52,33.38,58.980000000000004,78.81,13.52,0,Kozhikode,Kerala
2015-05-13,12.81,37.379999999999995,67.08,90.4,13.52,0,Kozhikode,Kerala
2015-05-14,10.13,36.46,71.46000000000001,98.77000000000001,13.52,0,Kozhikode,Kerala
2015-05-15,19.63,42.57,85.23,115.92,19.63,0,Kozhikode,Kerala
2015-05-16,12.72,42.480000000000004,88.67,124.94,19.63,0,Kozhikode,Kerala
2015-05-17,16.15,48.5,96.00999999999999,137.6,19.63,0,Kozhikode,Kerala
2015-05-18,16.87,45.74000000000001,101.83,152.94,16.87,0,Kozhikode,Kerala
2015-05-19,2.24,35.260000000000005,90.55000000000001,152.41,16.87,0,Kozhikode,Kerala
2015-05-20,1.14,20.250000000000007,78.88000000000001,150.67,16.87,0,Kozhikode,Kerala
2015-05-21,0.85,4.2300000000000075,69.6,146.80999999999997,2.24,0,Kozhikode,Kerala
2015-05-22,1.96,3.950000000000007,51.93,143.02,1.96,0,Kozhikode,Kerala
2015-05-23,3.04,5.850000000000007,42.25,140.2,3.04,0,Kozhikode,Kerala
2015-05-24,2.12,7.120000000000007,28.220000000000002,133.04,3.04,0,Kozhikode,Kerala
2015-05-25,1.1,6.260000000000007,12.45,125.33,3.04,0,Kozhikode,Kerala
2015-05-26,1.97,5.1900000000000075,12.18,116.25,2.12,0,Kozhikode,Kerala
2015-05-27,5.16,8.230000000000008,16.2,107.89,5.16,0,Kozhikode,Kerala
2015-05-28,3.78,10.910000000000007,19.13,98.86,5.16,0,Kozhikode,Kerala
2015-05-29,3.79,12.730000000000008,20.959999999999997,92.52,5.16,0,Kozhikode,Kerala
2015-05-30,3.93,11.500000000000007,21.85,76.82,3.93,0,Kozhikode,Kerala
2015-05-31,8.66,16.38000000000001,28.39,72.76,8.66,0,Kozhikode,Kerala
2015-06-01,4.58,17.17000000000001,31.87,61.19,8.66,1,Kozhikode,Kerala
2015-06-02,3.73,16.970000000000006,33.629999999999995,48.05,8.66,1,Kozhikode,Kerala
2015-06-03,6.33,14.640000000000008,34.800000000000004,52.14,6.33,1,Kozhikode,Kerala
2015-06-04,18.55,28.610000000000007,49.57,69.55000000000001,18.55,1,Kozhikode,Kerala
2015-06-05,2.74,27.62000000000001,48.52,71.44000000000001,18.55,1,Kozhikode,Kerala
2015-06-06,4.8,26.09000000000001,49.39,74.28,18.55,1,Kozhikode,Kerala
2015-06-07,10.95,18.490000000000006,51.67999999999999,82.19000000000001,10.95,1,Kozhikode,Kerala
2015-06-08,10.76,26.510000000000005,57.86,90.83,10.95,1,Kozhikode,Kerala
2015-06-09,3.07,24.780000000000005,57.2,92.8,10.95,1,Kozhikode,Kerala
2015-06-10,4.73,18.560000000000006,55.599999999999994,95.56,10.76,1,Kozhikode,Kerala
2015-06-11,17.96,25.760000000000005,55.01,108.36,17.96,1,Kozhikode,Kerala
2015-06-12,8.8,31.490000000000006,61.06999999999999,113.38,17.96,1,Kozhikode,Kerala
2015-06-13,10.87,37.63,67.14,120.46000000000001,17.96,1,Kozhikode,Kerala
2015-06-14,2.01,21.680000000000003,58.199999999999996,118.53999999999999,10.87,1,Kozhikode,Kerala
2015-06-15,13.57,26.450000000000003,61.01,123.45,13.57,1,Kozhikode,Kerala
2015-06-16,7.86,23.440000000000005,65.8,126.73,13.57,1,Kozhikode,Kerala
2015-06-17,28.42,49.85000000000001,89.49000000000001,151.42000000000002,28.42,1,Kozhikode,Kerala
2015-06-18,10.24,46.52000000000001,81.77,155.32999999999998,28.42,1,Kozhikode,Kerala
2015-06-19,20.05,58.71000000000001,93.02,156.83,28.42,1,Kozhikode,Kerala
2015-06-20,31.67,61.96000000000001,113.82000000000001,185.76,31.67,1,Kozhikode,Kerala
2015-06-21,53.81,105.53,165.62,234.76999999999998,53.81,1,Kozhikode,Kerala
2015-06-22,9.47,94.95000000000002,161.52,233.29,53.81,1,Kozhikode,Kerala
2015-06-23,41.05,104.33000000000001,194.70999999999998,263.58,53.81,1,Kozhikode,Kerala
2015-06-24,25.84,76.36,192.13,286.35,41.05,1,Kozhikode,Kerala
2015-06-25,54.08,120.97,235.97,335.7,54.08,1,Kozhikode,Kerala
2015-06-26,42.91,122.83,258.83000000000004,360.65,54.08,1,Kozhikode,Kerala
2015-06-27,14.29,111.28,241.45,366.14,54.08,1,Kozhikode,Kerala
2015-06-28,15.51,72.71,203.15,370.78,42.91,1,Kozhikode,Kerala
2015-06-29,31.37,61.17,225.05,400.14,31.37,1,Kozhikode,Kerala
2015-06-30,6.18,53.06,190.17999999999998,392.75,31.37,1,Kozhikode,Kerala
2015-07-01,4.28,41.830000000000005,168.62,389.17,31.37,1,Kozhikode,Kerala
2015-07-02,2.29,12.75,116.83,363.03999999999996,6.18,1,Kozhikode,Kerala
2015-07-03,3.96,10.530000000000001,77.88,356.76,4.28,1,Kozhikode,Kerala
2015-07-04,8.35,14.599999999999998,71.94,345.06,8.35,1,Kozhikode,Kerala
2015-07-05,7.69,20.0,64.12,321.08,8.35,1,Kozhikode,Kerala
2015-07-06,4.25,20.29,37.0,271.52,8.35,1,Kozhikode,Kerala
2015-07-07,5.21,17.15,36.03,267.26,7.69,1,Kozhikode,Kerala
2015-07-08,11.98,21.439999999999998,43.73,238.19,11.98,1,Kozhikode,Kerala
2015-07-09,14.73,31.919999999999998,56.17,227.07999999999998,14.73,1,Kozhikode,Kerala
2015-07-10,16.84,43.55,69.05,189.84,16.84,1,Kozhikode,Kerala
2015-07-11,15.99,47.559999999999995,76.69,162.92,16.84,1,Kozhikode,Kerala
2015-07-12,5.74,38.57,74.74000000000001,154.37,16.84,1,Kozhikode,Kerala
2015-07-13,3.27,24.999999999999996,73.76,142.13,15.99,1,Kozhikode,Kerala
2015-07-14,6.84,15.849999999999996,75.39,117.6,6.84,1,Kozhikode,Kerala
2015-07-15,21.85,31.959999999999997,85.26,133.26999999999998,21.85,1,Kozhikode,Kerala
2015-07-16,39.19,67.88,109.72,168.18,39.19,1,Kozhikode,Kerala
2015-07-17,47.68,108.72,140.56,213.57,47.68,1,Kozhikode,Kerala
2015-07-18,30.25,117.12,154.82,239.85999999999999,47.68,1,Kozhikode,Kerala
2015-07-19,12.98,90.91,162.06,244.49,47.68,1,Kozhikode,Kerala
2015-07-20,20.49,63.72,179.28,257.29,30.25,1,Kozhikode,Kerala
2015-07-21,11.85,45.32,184.29,264.89,20.49,1,Kozhikode,Kerala
2015-07-22,21.08,53.42,183.52,280.76,21.08,1,Kozhikode,Kerala
2015-07-23,19.67,52.6,164.0,288.45,21.08,1,Kozhikode,Kerala
2015-07-24,6.16,46.91,122.48,279.88,21.08,1,Kozhikode,Kerala
2015-07-25,8.84,34.67,101.07,271.88,19.67,1,Kozhikode,Kerala
2015-07-26,5.26,20.259999999999998,93.35000000000001,261.15,8.84,1,Kozhikode,Kerala
2015-07-27,6.48,20.58,79.34,261.89,8.84,1,Kozhikode,Kerala
2015-07-28,2.12,13.86,69.61,260.74,6.48,1,Kozhikode,Kerala
2015-07-29,3.83,12.43,52.36,257.73,6.48,1,Kozhikode,Kerala
2015-07-30,1.69,7.640000000000001,34.38,237.57000000000002,3.83,1,Kozhikode,Kerala
2015-07-31,2.18,7.7,30.4,200.55999999999997,3.83,1,Kozhikode,Kerala
2015-08-01,3.42,7.29,24.98,156.3,3.42,1,Kozhikode,Kerala
2015-08-02,4.42,10.02,24.14,130.47,4.42,1,Kozhikode,Kerala
2015-08-03,10.04,17.88,27.700000000000003,127.53,10.04,1,Kozhikode,Kerala
2015-08-04,10.97,25.43,36.55,118.00999999999999,10.97,1,Kozhikode,Kerala
2015-08-05,19.05,40.06,51.77,125.21000000000001,19.05,1,Kozhikode,Kerala
2015-08-06,18.8,48.82,68.88,122.93,19.05,1,Kozhikode,Kerala
2015-08-07,16.98,54.83,83.68,120.24000000000001,19.05,1,Kozhikode,Kerala
2015-08-08,10.35,46.13,90.61,124.43,18.8,1,Kozhikode,Kerala
2015-08-09,12.37,39.7,98.56,127.96000000000001,16.98,1,Kozhikode,Kerala
2015-08-10,30.07,52.79,118.59,152.76999999999998,30.07,1,Kozhikode,Kerala
2015-08-11,8.51,50.949999999999996,116.13,154.8,30.07,1,Kozhikode,Kerala
2015-08-12,14.86,53.44,111.94,167.54,30.07,1,Kozhikode,Kerala
2015-08-13,16.12,39.49,109.26,179.82999999999998,16.12,1,Kozhikode,Kerala
2015-08-14,3.72,34.7,96.0,181.85999999999999,16.12,1,Kozhikode,Kerala
2015-08-15,3.71,23.550000000000004,89.36000000000001,183.39000000000001,16.12,1,Kozhikode,Kerala
2015-08-16,7.29,14.72,84.28,187.26,7.29,1,Kozhikode,Kerala
2015-08-17,5.02,16.02,59.230000000000004,187.86,7.29,1,Kozhikode,Kerala
2015-08-18,8.03,20.34,58.75,185.85,8.03,1,Kozhikode,Kerala
2015-08-19,20.42,33.47,64.31,195.29999999999998,20.42,1,Kozhikode,Kerala
2015-08-20,8.69,37.14,56.88,184.94,20.42,1,Kozhikode,Kerala
2015-08-21,17.83,46.94,70.99000000000001,183.97,20.42,1,Kozhikode,Kerala
2015-08-22,9.26,35.779999999999994,76.53999999999999,176.25,17.83,1,Kozhikode,Kerala
2015-08-23,5.88,32.97,75.13,171.78,17.83,1,Kozhikode,Kerala
2015-08-24,3.39,18.53,73.5,162.8,9.26,1,Kozhikode,Kerala
2015-08-25,1.52,10.79,66.99000000000001,134.25000000000003,5.88,1,Kozhikode,Kerala
2015-08-26,1.38,6.29,47.95,127.12,3.39,1,Kozhikode,Kerala
2015-08-27,4.77,7.67,44.03,117.03,4.77,1,Kozhikode,Kerala
2015-08-28,1.72,7.87,27.919999999999998,102.63,4.77,1,Kozhikode,Kerala
2015-08-29,1.37,7.86,20.029999999999998,100.28,4.77,1,Kozhikode,Kerala
2015-08-30,1.21,4.300000000000001,15.36,97.78,1.72,1,Kozhikode,Kerala
2015-08-31,5.14,7.720000000000001,17.11,95.63,5.14,1,Kozhikode,Kerala
2015-09-01,2.39,8.74,17.98,93.0,5.14,1,Kozhikode,Kerala
2015-09-02,0.77,8.3,17.37,85.74,5.14,1,Kozhikode,Kerala
2015-09-03,1.45,4.610000000000001,14.049999999999999,66.77,2.39,1,Kozhikode,Kerala
2015-09-04,9.44,11.66,21.769999999999996,67.52,9.44,1,Kozhikode,Kerala
2015-09-05,9.51,20.4,29.909999999999997,59.199999999999996,9.51,1,Kozhikode,Kerala
2015-09-06,5.77,24.72,34.47,55.71,9.51,1,Kozhikode,Kerala
2015-09-07,27.73,43.010000000000005,57.06,77.56,27.73,1,Kozhikode,Kerala
2015-09-08,3.76,37.260000000000005,58.43,77.92999999999999,27.73,1,Kozhikode,Kerala
2015-09-09,1.39,32.88,59.05,77.8,27.73,1,Kozhikode,Kerala
2015-09-10,8.82,13.970000000000004,66.42,85.24,8.82,1,Kozhikode,Kerala
2015-09-11,2.68,12.890000000000004,59.660000000000004,83.14999999999999,8.82,1,Kozhikode,Kerala
2015-09-12,2.13,13.630000000000004,52.28,83.55999999999999,8.82,1,Kozhikode,Kerala
2015-09-13,0.86,5.6700000000000035,47.370000000000005,83.05,2.68,1,Kozhikode,Kerala
2015-09-14,2.86,5.850000000000003,22.5,84.7,2.86,1,Kozhikode,Kerala
2015-09-15,3.79,7.510000000000003,22.53,83.35,3.79,1,Kozhikode,Kerala
2015-09-16,14.18,20.830000000000002,35.32,95.14,14.18,1,Kozhikode,Kerala
2015-09-17,6.74,24.71,33.24,101.11,14.18,1,Kozhikode,Kerala
2015-09-18,4.1,25.020000000000003,34.66,103.75999999999999,14.18,1,Kozhikode,Kerala
2015-09-19,3.2,14.040000000000003,35.730000000000004,97.52,6.74,1,Kozhikode,Kerala
2015-09-20,6.68,13.980000000000004,41.55,94.69,6.68,1,Kozhikode,Kerala
2015-09-21,1.37,11.250000000000004,40.059999999999995,90.28999999999999,6.68,1,Kozhikode,Kerala
2015-09-22,0.14,8.190000000000005,36.41,62.7,6.68,1,Kozhikode,Kerala
2015-09-23,2.24,3.750000000000004,24.47,61.18,2.24,1,Kozhikode,Kerala
2015-09-24,11.86,14.240000000000004,29.59,71.65,11.86,1,Kozhikode,Kerala
2015-09-25,5.41,19.510000000000005,30.900000000000002,68.24000000000001,11.86,1,Kozhikode,Kerala
2015-09-26,5.1,22.370000000000005,32.8,70.66,11.86,1,Kozhikode,Kerala
2015-09-27,13.56,24.070000000000004,39.68,82.09,13.56,1,Kozhikode,Kerala
2015-09-28,8.16,26.820000000000004,46.47,89.39,13.56,1,Kozhikode,Kerala
2015-09-29,36.03,57.75000000000001,82.36,122.56,36.03,1,Kozhikode,Kerala
2015-09-30,15.83,60.02,95.95,134.6,36.03,1,Kozhikode,Kerala
2015-10-01,7.4,59.260000000000005,91.49000000000001,127.82000000000001,36.03,0,Kozhikode,Kerala
2015-10-02,7.44,30.67,93.52,128.52,15.83,0,Kozhikode,Kerala
2015-10-03,3.33,18.17,91.75,127.75,7.44,0,Kozhikode,Kerala
2015-10-04,12.83,23.6,91.02,137.38,12.83,0,Kozhikode,Kerala
2015-10-05,24.08,40.239999999999995,106.94,154.78,24.08,0,Kozhikode,Kerala
2015-10-06,4.83,41.74,75.74,158.24,24.08,0,Kozhikode,Kerala
2015-10-07,5.67,34.58,65.58,163.77,24.08,0,Kozhikode,Kerala
2015-10-08,13.39,23.89,71.57,174.92,13.39,0,Kozhikode,Kerala
2015-10-09,7.16,26.220000000000002,71.28999999999999,170.22,13.39,0,Kozhikode,Kerala
2015-10-10,3.9,24.45,71.86,168.71,13.39,0,Kozhikode,Kerala
2015-10-11,4.59,15.65,63.620000000000005,168.20000000000002,7.16,0,Kozhikode,Kerala
2015-10-12,5.07,13.56,44.61000000000001,159.71,5.07,0,Kozhikode,Kerala
2015-10-13,10.48,20.14,50.26,162.03000000000003,10.48,0,Kozhikode,Kerala
2015-10-14,2.88,18.43,47.470000000000006,128.88,10.48,0,Kozhikode,Kerala
2015-10-15,1.86,15.22,35.94,114.91,10.48,0,Kozhikode,Kerala
2015-10-16,1.2,5.9399999999999995,29.98,108.71,2.88,0,Kozhikode,Kerala
2015-10-17,2.63,5.6899999999999995,28.71,103.9,2.63,0,Kozhikode,Kerala
2015-10-18,1.85,5.68,25.97,102.42,2.63,0,Kozhikode,Kerala
2015-10-19,1.22,5.7,22.119999999999997,90.81,2.63,0,Kozhikode,Kerala
2015-10-20,1.3,4.37,12.94,68.03,1.85,0,Kozhikode,Kerala
2015-10-21,2.25,4.77,12.309999999999999,65.45,2.25,0,Kozhikode,Kerala
2015-10-22,2.04,5.59,12.49,61.82,2.25,0,Kozhikode,Kerala
2015-10-23,2.23,6.52,13.52,50.660000000000004,2.25,0,Kozhikode,Kerala
2015-10-24,0.96,5.2299999999999995,11.85,44.46,2.23,0,Kozhikode,Kerala
2015-10-25,2.6,5.79,12.6,43.160000000000004,2.6,0,Kozhikode,Kerala
2015-10-26,0.08,3.64,11.459999999999999,38.65,2.6,0,Kozhikode,Kerala
2015-10-27,2.96,5.640000000000001,13.120000000000001,36.54,2.96,0,Kozhikode,Kerala
2015-10-28,8.96,12.000000000000002,19.830000000000002,35.02,8.96,0,Kozhikode,Kerala
2015-10-29,7.64,19.560000000000002,25.430000000000003,39.78,8.96,0,Kozhikode,Kerala
2015-10-30,3.0,19.6,26.200000000000003,40.92,8.96,0,Kozhikode,Kerala
2015-10-31,6.38,17.02,31.62,46.099999999999994,7.64,0,Kozhikode,Kerala
2015-11-01,18.38,27.759999999999998,47.4,61.85,18.38,0,Kozhikode,Kerala
2015-11-02,14.72,39.48,62.04,74.72,18.38,0,Kozhikode,Kerala
2015-11-03,7.08,40.17999999999999,66.16,80.58,18.38,0,Kozhikode,Kerala
2015-11-04,2.17,23.97,59.37,81.45,14.72,0,Kozhikode,Kerala
2015-11-05,14.85,24.1,66.58,94.05000000000001,14.85,0,Kozhikode,Kerala
2015-11-06,5.13,22.150000000000002,68.71,97.14,14.85,0,Kozhikode,Kerala
2015-11-07,5.47,25.45,67.8,100.38,14.85,0,Kozhikode,Kerala
2015-11-08,21.69,32.29,71.11,121.11,21.69,0,Kozhikode,Kerala
2015-11-09,7.71,34.870000000000005,64.1,126.22,21.69,0,Kozhikode,Kerala
2015-11-10,7.49,36.89000000000001,64.51,133.63,21.69,0,Kozhikode,Kerala
2015-11-11,7.75,22.95,70.09,138.42000000000002,7.75,0,Kozhikode,Kerala
2015-11-12,4.8,20.04,60.04,134.26,7.75,0,Kozhikode,Kerala
2015-11-13,3.71,16.26,58.62,130.33,7.75,0,Kozhikode,Kerala
2015-11-14,0.37,8.88,53.519999999999996,127.7,4.8,0,Kozhikode,Kerala
2015-11-15,0.99,5.07,32.82,122.30999999999999,3.71,0,Kozhikode,Kerala
2015-11-16,1.97,3.33,27.08,105.9,1.97,0,Kozhikode,Kerala
2015-11-17,0.24,3.2,19.830000000000002,91.42,1.97,0,Kozhikode,Kerala
2015-11-18,2.92,5.130000000000001,15.0,87.26,2.92,0,Kozhikode,Kerala
2015-11-19,10.17,13.33,20.37,95.26,10.17,0,Kozhikode,Kerala
2015-11-20,1.49,14.58,18.15,81.89999999999999,10.17,0,Kozhikode,Kerala
2015-11-21,1.46,13.12,19.240000000000002,78.23,10.17,0,Kozhikode,Kerala
2015-11-22,3.39,6.34,21.64,76.15,3.39,0,Kozhikode,Kerala
2015-11-23,3.73,8.58,23.400000000000002,58.19,3.73,0,Kozhikode,Kerala
2015-11-24,3.83,10.95,26.99,54.31,3.83,0,Kozhikode,Kerala
2015-11-25,2.89,10.45,26.96,49.71,3.83,0,Kozhikode,Kerala
2015-11-26,0.3,7.02,17.09,42.26,3.83,0,Kozhikode,Kerala
2015-11-27,0.01,3.2,15.61,37.47,2.89,0,Kozhikode,Kerala
2015-11-28,0.8,1.1099999999999999,14.950000000000001,34.56,0.8,0,Kozhikode,Kerala
2015-11-29,2.35,3.16,13.91,36.540000000000006,2.35,0,Kozhikode,Kerala
2015-11-30,1.6,4.75,11.78,37.15,2.35,0,Kozhikode,Kerala
2015-12-01,1.98,5.93,9.93,37.160000000000004,2.35,0,Kozhikode,Kerala
2015-12-02,2.58,6.16,9.620000000000001,39.5,2.58,0,Kozhikode,Kerala
2015-12-03,0.74,5.3,10.059999999999999,37.32,2.58,0,Kozhikode,Kerala
2015-12-04,0.2,3.5199999999999996,10.25,27.35,2.58,0,Kozhikode,Kerala
2015-12-05,1.83,2.7699999999999996,11.280000000000001,27.69,1.83,0,Kozhikode,Kerala
2015-12-06,2.67,4.699999999999999,11.6,28.900000000000002,2.67,0,Kozhikode,Kerala
2015-12-07,3.42,7.919999999999999,13.42,28.93,3.42,0,Kozhikode,Kerala
2015-12-08,1.71,7.8,13.15,26.91,3.42,0,Kozhikode,Kerala
2015-12-09,0.94,6.0699999999999985,11.510000000000002,24.020000000000003,3.42,0,Kozhikode,Kerala
2015-12-10,1.09,3.7399999999999993,11.860000000000001,22.220000000000002,1.71,0,Kozhikode,Kerala
2015-12-11,3.09,5.119999999999999,14.75,25.009999999999998,3.09,0,Kozhikode,Kerala
2015-12-12,2.9,7.08,15.819999999999999,27.9,3.09,0,Kozhikode,Kerala
2015-12-13,3.79,9.78,16.939999999999998,30.89,3.79,0,Kozhikode,Kerala
2015-12-14,2.78,9.469999999999999,16.299999999999997,31.32,3.79,0,Kozhikode,Kerala
2015-12-15,2.44,9.009999999999998,17.03,32.16,3.79,0,Kozhikode,Kerala
2015-12-16,1.42,6.639999999999999,17.509999999999998,31.6,2.78,0,Kozhikode,Kerala
2015-12-17,0.08,3.939999999999999,16.5,29.099999999999998,2.44,0,Kozhikode,Kerala
2015-12-18,0.01,1.5099999999999991,13.419999999999998,28.37,1.42,0,Kozhikode,Kerala
2015-12-19,0.22,0.3099999999999991,10.74,28.389999999999997,0.22,0,Kozhikode,Kerala
2015-12-20,0.02,0.24999999999999908,6.969999999999999,26.58,0.22,0,Kozhikode,Kerala
2015-12-21,0.12,0.3599999999999991,4.31,24.029999999999998,0.22,0,Kozhikode,Kerala
2015-12-22,0.04,0.1799999999999991,1.91,20.65,0.12,0,Kozhikode,Kerala
2015-12-23,0.0,0.15999999999999912,0.49,18.939999999999998,0.12,0,Kozhikode,Kerala
2015-12-24,0.0,0.03999999999999911,0.41,18.0,0.04,0,Kozhikode,Kerala
2015-12-25,0.0,0.0,0.39999999999999997,16.909999999999997,0.0,0,Kozhikode,Kerala
2015-12-26,0.0,0.0,0.18,13.82,0.0,0,Kozhikode,Kerala
2015-12-27,0.0,0.0,0.16,10.92,0.0,0,Kozhikode,Kerala
2015-12-28,0.0,0.0,0.04,7.13,0.0,0,Kozhikode,Kerala
2015-12-29,0.0,0.0,0.0,4.35,0.0,0,Kozhikode,Kerala
2015-12-30,0.0,0.0,0.0,1.91,0.0,0,Kozhikode,Kerala
2015-12-31,0.0,0.0,0.0,0.49,0.0,0,Kozhikode,Kerala
2016-01-01,0.0,0.0,0.0,0.41,0.0,0,Kozhikode,Kerala
2016-01-02,0.0,0.0,0.0,0.39999999999999997,0.0,0,Kozhikode,Kerala
2016-01-03,0.0,0.0,0.0,0.18,0.0,0,Kozhikode,Kerala
2016-01-04,0.0,0.0,0.0,0.16,0.0,0,Kozhikode,Kerala
2016-01-05,0.0,0.0,0.0,0.04,0.0,0,Kozhikode,Kerala
2016-01-06,0.0,0.0,0.0,0.0,0.0,0,Kozhikode,Kerala
2016-01-07,0.0,0.0,0.0,0.0,0.0,0,Kozhikode,Kerala
2016-01-08,0.02,0.019999999999999112,0.02,0.02,0.02,0,Kozhikode,Kerala
2016-01-09,0.0,0.019999999999999112,0.02,0.02,0.02,0,Kozhikode,Kerala
2016-01-10,0.0,0.019999999999999112,0.02,0.02,0.02,0,Kozhikode,Kerala
2016-01-11,0.0,0.0,0.02,0.02,0.0,0,Kozhikode,Kerala
2016-01-12,0.0,0.0,0.02,0.02,0.0,0,Kozhikode,Kerala
2016-01-13,0.0,0.0,0.02,0.02,0.0,0,Kozhikode,Kerala
2016-01-14,0.0,0.0,0.02,0.02,0.0,0,Kozhikode,Kerala
2016-01-15,0.03,0.02999999999999911,0.03,0.05,0.03,0,Kozhikode,Kerala
2016-01-16,0.03,0.05999999999999911,0.06,0.08,0.03,0,Kozhikode,Kerala
2016-01-17,0.03,0.09,0.09,0.11,0.03,0,Kozhikode,Kerala
2016-01-18,0.17,0.22999999999999912,0.26,0.28,0.17,0,Kozhikode,Kerala
2016-01-19,0.09,0.28999999999999915,0.35,0.37,0.17,0,Kozhikode,Kerala
2016-01-20,0.03,0.2899999999999991,0.38,0.4,0.17,0,Kozhikode,Kerala
2016-01-21,1.08,1.1999999999999993,1.46,1.48,1.08,0,Kozhikode,Kerala
2016-01-22,0.74,1.8499999999999992,2.17,2.2199999999999998,1.08,0,Kozhikode,Kerala
2016-01-23,0.19,2.0099999999999993,2.33,2.39,1.08,0,Kozhikode,Kerala
2016-01-24,0.09,1.0199999999999994,2.3899999999999997,2.48,0.74,0,Kozhikode,Kerala
2016-01-25,0.08,0.3599999999999993,2.3,2.56,0.19,0,Kozhikode,Kerala
2016-01-26,0.11,0.27999999999999936,2.3200000000000003,2.67,0.11,0,Kozhikode,Kerala
2016-01-27,0.02,0.20999999999999933,2.31,2.69,0.11,0,Kozhikode,Kerala
2016-01-28,0.02,0.14999999999999936,1.2499999999999998,2.71,0.11,0,Kozhikode,Kerala
2016-01-29,0.07,0.10999999999999935,0.5799999999999998,2.78,0.07,0,Kozhikode,Kerala
2016-01-30,0.03,0.11999999999999934,0.4199999999999998,2.7800000000000002,0.07,0,Kozhikode,Kerala
2016-01-31,0.0,0.09999999999999934,0.32999999999999985,2.75,0.07,0,Kozhikode,Kerala
2016-02-01,0.0,0.029999999999999333,0.2499999999999998,2.72,0.03,0,Kozhikode,Kerala
2016-02-02,0.0,0.0,0.1399999999999998,2.5500000000000003,0.0,0,Kozhikode,Kerala
2016-02-03,0.0,0.0,0.11999999999999979,2.46,0.0,0,Kozhikode,Kerala
2016-02-04,0.02,0.019999999999999334,0.11999999999999979,2.45,0.02,0,Kozhikode,Kerala
2016-02-05,0.02,0.039999999999999335,0.06999999999999978,1.39,0.02,0,Kozhikode,Kerala
2016-02-06,0.0,0.039999999999999335,0.03999999999999978,0.65,0.02,0,Kozhikode,Kerala
2016-02-07,0.01,0.029999999999999333,0.04999999999999978,0.47000000000000003,0.02,0,Kozhikode,Kerala
2016-02-08,0.12,0.12999999999999934,0.16999999999999976,0.5,0.12,0,Kozhikode,Kerala
2016-02-09,0.34,0.46999999999999936,0.5099999999999998,0.76,0.34,0,Kozhikode,Kerala
2016-02-10,0.77,1.2299999999999993,1.2799999999999998,1.42,0.77,0,Kozhikode,Kerala
2016-02-11,0.62,1.7299999999999995,1.88,2.02,0.77,0,Kozhikode,Kerala
2016-02-12,0.1,1.4899999999999993,1.9599999999999997,2.1,0.77,0,Kozhikode,Kerala
2016-02-13,0.3,1.0199999999999994,2.26,2.33,0.62,0,Kozhikode,Kerala
2016-02-14,0.09,0.4899999999999993,2.34,2.39,0.3,0,Kozhikode,Kerala
2016-02-15,0.17,0.5599999999999994,2.3899999999999997,2.56,0.3,0,Kozhikode,Kerala
2016-02-16,0.02,0.27999999999999936,2.07,2.58,0.17,0,Kozhikode,Kerala
2016-02-17,0.01,0.19999999999999934,1.3099999999999998,2.59,0.17,0,Kozhikode,Kerala
2016-02-18,0.04,0.06999999999999934,0.7299999999999998,2.63,0.04,0,Kozhikode,Kerala
2016-02-19,0.02,0.06999999999999933,0.6499999999999998,2.63,0.04,0,Kozhikode,Kerala
2016-02-20,0.01,0.06999999999999934,0.35999999999999976,2.62,0.04,0,Kozhikode,Kerala
2016-02-21,0.05,0.07999999999999934,0.31999999999999984,2.67,0.05,0,Kozhikode,Kerala
2016-02-22,0.03,0.08999999999999933,0.17999999999999977,2.69,0.05,0,Kozhikode,Kerala
2016-02-23,0.19,0.26999999999999935,0.34999999999999976,2.76,0.19,0,Kozhikode,Kerala
2016-02-24,0.31,0.5299999999999994,0.6499999999999998,2.73,0.31,0,Kozhikode,Kerala
2016-02-25,1.68,2.1799999999999993,2.2899999999999996,3.6399999999999997,1.68,0,Kozhikode,Kerala
2016-02-26,0.46,2.4499999999999993,2.73,3.48,1.68,0,Kozhikode,Kerala
2016-02-27,0.1,2.2399999999999993,2.82,3.4799999999999995,1.68,0,Kozhikode,Kerala
2016-02-28,0.21,0.7699999999999994,2.9799999999999995,3.3899999999999997,0.46,0,Kozhikode,Kerala
2016-02-29,0.18,0.4899999999999993,3.13,3.48,0.21,0,Kozhikode,Kerala
2016-03-01,0.13,0.5199999999999994,3.07,3.4399999999999995,0.21,0,Kozhikode,Kerala
2016-03-02,0.26,0.5699999999999994,3.02,3.68,0.26,0,Kozhikode,Kerala
2016-03-03,0.49,0.8799999999999993,1.8299999999999998,4.16,0.49,0,Kozhikode,Kerala
2016-03-04,0.4,1.1499999999999995,1.7699999999999998,4.52,0.49,0,Kozhikode,Kerala
2016-03-05,0.38,1.2699999999999994,2.05,4.88,0.49,0,Kozhikode,Kerala
2016-03-06,2.29,3.0699999999999994,4.13,7.16,2.29,0,Kozhikode,Kerala
2016-03-07,2.18,4.85,6.13,9.29,2.29,0,Kozhikode,Kerala
2016-03-08,0.03,4.5,6.03,9.290000000000001,2.29,0,Kozhikode,Kerala
2016-03-09,0.03,2.2399999999999998,5.8,9.129999999999999,2.18,0,Kozhikode,Kerala
2016-03-10,0.03,0.09,5.34,8.850000000000001,0.03,0,Kozhikode,Kerala
2016-03-11,0.05,0.10999999999999956,4.989999999999999,7.22,0.05,0,Kozhikode,Kerala
2016-03-12,0.6,0.6799999999999995,5.21,7.36,0.6,0,Kozhikode,Kerala
2016-03-13,1.08,1.7299999999999995,4.0,8.34,1.08,0,Kozhikode,Kerala
2016-03-14,0.18,1.8599999999999994,2.0,8.31,1.08,0,Kozhikode,Kerala
2016-03-15,0.59,1.8499999999999996,2.56,8.72,1.08,0,Kozhikode,Kerala
2016-03-16,0.01,0.7799999999999996,2.54,8.600000000000001,0.59,0,Kozhikode,Kerala
2016-03-17,0.02,0.6199999999999997,2.53,8.360000000000001,0.59,0,Kozhikode,Kerala
2016-03-18,0.0,0.029999999999999555,2.48,7.87,0.02,0,Kozhikode,Kerala
2016-03-19,0.0,0.019999999999999553,1.8800000000000001,7.470000000000001,0.02,0,Kozhikode,Kerala
2016-03-20,0.0,0.0,0.8,7.090000000000001,0.0,0,Kozhikode,Kerala
2016-03-21,0.0,0.0,0.6200000000000001,4.800000000000001,0.0,0,Kozhikode,Kerala
2016-03-22,0.18,0.17999999999999955,0.21,2.8000000000000003,0.18,0,Kozhikode,Kerala
2016-03-23,0.76,0.9399999999999995,0.96,3.5300000000000002,0.76,0,Kozhikode,Kerala
2016-03-24,0.16,1.0999999999999994,1.0999999999999999,3.66,0.76,0,Kozhikode,Kerala
2016-03-25,0.1,1.0199999999999996,1.2,3.7300000000000004,0.76,0,Kozhikode,Kerala
2016-03-26,0.01,0.2699999999999996,1.21,3.69,0.16,0,Kozhikode,Kerala
2016-03-27,0.01,0.11999999999999957,1.22,3.0999999999999996,0.1,0,Kozhikode,Kerala
2016-03-28,0.03,0.04999999999999956,1.25,2.05,0.03,0,Kozhikode,Kerala
2016-03-29,0.25,0.28999999999999954,1.32,2.12,0.25,0,Kozhikode,Kerala
2016-03-30,0.31,0.5899999999999996,0.87,1.8399999999999999,0.31,0,Kozhikode,Kerala
2016-03-31,0.32,0.8799999999999996,1.03,2.15,0.32,0,Kozhikode,Kerala
2016-04-01,0.27,0.8999999999999996,1.2,2.4,0.32,0,Kozhikode,Kerala
2016-04-02,0.69,1.2799999999999996,1.88,3.09,0.69,0,Kozhikode,Kerala
2016-04-03,0.42,1.3799999999999994,2.29,3.51,0.69,0,Kozhikode,Kerala
2016-04-04,0.61,1.7199999999999995,2.87,4.12,0.69,0,Kozhikode,Kerala
2016-04-05,1.8,2.8299999999999996,4.42,5.92,1.8,0,Kozhikode,Kerala
2016-04-06,1.12,3.53,5.2299999999999995,6.86,1.8,0,Kozhikode,Kerala
2016-04-07,1.42,4.34,6.33,7.52,1.8,0,Kozhikode,Kerala
2016-04-08,1.9,4.4399999999999995,7.96,9.26,1.9,0,Kozhikode,Kerala
2016-04-09,6.41,9.73,13.68,15.57,6.41,0,Kozhikode,Kerala
2016-04-10,1.52,9.83,14.780000000000001,17.080000000000002,6.41,0,Kozhikode,Kerala
2016-04-11,0.13,8.059999999999999,14.3,17.2,6.41,0,Kozhikode,Kerala
2016-04-12,0.16,1.8099999999999992,12.66,17.330000000000002,1.52,0,Kozhikode,Kerala
2016-04-13,0.28,0.5699999999999992,11.82,17.360000000000003,0.28,0,Kozhikode,Kerala
2016-04-14,0.14,0.5799999999999992,10.54,17.189999999999998,0.28,0,Kozhikode,Kerala
2016-04-15,0.25,0.6699999999999992,8.89,17.119999999999997,0.28,0,Kozhikode,Kerala
2016-04-16,0.41,0.7999999999999992,2.89,17.259999999999998,0.41,0,Kozhikode,Kerala
2016-04-17,0.26,0.919999999999999,1.6300000000000001,16.830000000000002,0.41,0,Kozhikode,Kerala
2016-04-18,0.12,0.7899999999999991,1.6199999999999999,16.53,0.41,0,Kozhikode,Kerala
2016-04-19,0.12,0.4999999999999991,1.58,16.04,0.26,0,Kozhikode,Kerala
2016-04-20,0.27,0.5099999999999991,1.57,14.51,0.27,0,Kozhikode,Kerala
2016-04-21,1.32,1.709999999999999,2.75,14.71,1.32,0,Kozhikode,Kerala
2016-04-22,0.63,2.2199999999999993,3.1300000000000003,13.919999999999998,1.32,0,Kozhikode,Kerala
2016-04-23,0.16,2.109999999999999,2.88,12.18,1.32,0,Kozhikode,Kerala
2016-04-24,0.3,1.0899999999999994,2.9200000000000004,6.07,0.63,0,Kozhikode,Kerala
2016-04-25,0.85,1.3099999999999992,3.6500000000000004,5.4,0.85,0,Kozhikode,Kerala
2016-04-26,1.24,2.3899999999999997,4.77,6.51,1.24,0,Kozhikode,Kerala
2016-04-27,0.1,2.1899999999999995,4.6000000000000005,6.45,1.24,0,Kozhikode,Kerala
2016-04-28,0.09,1.4299999999999995,3.37,6.260000000000001,1.24,0,Kozhikode,Kerala
2016-04-29,0.06,0.24999999999999933,2.8,6.18,0.1,0,Kozhikode,Kerala
2016-04-30,0.03,0.17999999999999933,2.67,5.96,0.09,0,Kozhikode,Kerala
2016-05-01,0.12,0.20999999999999933,2.4899999999999998,5.670000000000001,0.12,0,Kozhikode,Kerala
2016-05-02,0.5,0.6499999999999994,2.14,5.91,0.5,0,Kozhikode,Kerala
2016-05-03,2.72,3.3399999999999994,3.62,8.51,2.72,0,Kozhikode,Kerala
2016-05-04,2.93,6.1499999999999995,6.450000000000001,11.32,2.93,0,Kozhikode,Kerala
2016-05-05,2.45,8.1,8.81,13.500000000000002,2.93,0,Kozhikode,Kerala
2016-05-06,8.38,13.76,17.130000000000003,20.560000000000002,8.38,0,Kozhikode,Kerala
2016-05-07,4.97,15.8,22.07,24.900000000000002,8.38,0,Kozhikode,Kerala
2016-05-08,4.61,17.96,26.560000000000002,29.35,8.38,0,Kozhikode,Kerala
2016-05-09,2.44,12.019999999999998,28.500000000000004,31.490000000000002,4.97,0,Kozhikode,Kerala
2016-05-10,6.13,13.18,31.91,36.77,6.13,0,Kozhikode,Kerala
2016-05-11,31.48,40.05,60.46,67.00999999999999,31.48,0,Kozhikode,Kerala
2016-05-12,5.47,43.080000000000005,63.480000000000004,72.38000000000001,31.48,0,Kozhikode,Kerala
2016-05-13,4.06,41.01,59.160000000000004,76.35,31.48,0,Kozhikode,Kerala
2016-05-14,7.4,16.93,61.59,83.69,7.4,0,Kozhikode,Kerala
2016-05-15,10.79,22.25,67.77000000000001,94.44999999999999,10.79,0,Kozhikode,Kerala
2016-05-16,7.52,25.709999999999997,72.85000000000001,101.85000000000001,10.79,0,Kozhikode,Kerala
2016-05-17,14.24,32.55,80.96,115.59,14.24,0,Kozhikode,Kerala
2016-05-18,1.66,23.419999999999998,51.14,114.53,14.24,0,Kozhikode,Kerala
2016-05-19,7.0,22.9,52.67,118.6,14.24,0,Kozhikode,Kerala
2016-05-20,6.19,14.850000000000001,54.8,122.34,7.0,0,Kozhikode,Kerala
2016-05-21,0.64,13.83,48.04,114.60000000000001,7.0,0,Kozhikode,Kerala
2016-05-22,1.05,7.880000000000001,38.3,110.68,6.19,0,Kozhikode,Kerala
2016-05-23,0.7,2.3899999999999997,31.48,106.77000000000001,1.05,0,Kozhikode,Kerala
2016-05-24,1.26,3.01,18.500000000000004,105.58999999999999,1.26,0,Kozhikode,Kerala
2016-05-25,2.52,4.48,19.360000000000003,101.97999999999999,2.52,0,Kozhikode,Kerala
2016-05-26,2.25,6.029999999999999,14.61,72.75,2.52,0,Kozhikode,Kerala
2016-05-27,5.75,10.52,14.169999999999998,73.02999999999999,5.75,0,Kozhikode,Kerala
2016-05-28,8.77,16.77,22.299999999999997,77.74000000000001,8.77,0,Kozhikode,Kerala
2016-05-29,5.82,20.34,27.07,76.16,8.77,0,Kozhikode,Kerala
2016-05-30,9.39,23.98,35.76,74.76,9.39,0,Kozhikode,Kerala
2016-05-31,8.78,23.990000000000002,43.28,76.02,9.39,0,Kozhikode,Kerala
2016-06-01,23.7,41.87,64.46,85.48,23.7,1,Kozhikode,Kerala
2016-06-02,16.53,49.01,78.74,100.35000000000001,23.7,1,Kozhikode,Kerala
2016-06-03,14.53,54.76,87.52,107.88000000000001,23.7,1,Kozhikode,Kerala
2016-06-04,15.77,46.83,94.52,117.46,16.53,1,Kozhikode,Kerala
2016-06-05,17.75,48.05,106.44999999999999,134.57,17.75,1,Kozhikode,Kerala
2016-06-06,7.04,40.559999999999995,104.1,140.56,17.75,1,Kozhikode,Kerala
2016-06-07,21.44,46.230000000000004,116.75999999999999,161.29999999999998,21.44,1,Kozhikode,Kerala
2016-06-08,40.22,68.7,133.28,200.26,40.22,1,Kozhikode,Kerala
2016-06-09,7.82,69.48,124.57,205.56,40.22,1,Kozhikode,Kerala
2016-06-10,7.45,55.49000000000001,117.49,210.76,40.22,1,Kozhikode,Kerala
2016-06-11,12.19,27.460000000000008,113.91,217.2,12.19,1,Kozhikode,Kerala
2016-06-12,2.36,22.000000000000007,98.52,210.79000000000002,12.19,1,Kozhikode,Kerala
2016-06-13,35.61,50.16000000000001,127.09,240.57999999999998,35.61,1,Kozhikode,Kerala
2016-06-14,11.55,49.52000000000001,117.2,242.74,35.61,1,Kozhikode,Kerala
2016-06-15,3.65,50.81000000000001,80.63,237.61,35.61,1,Kozhikode,Kerala
2016-06-16,13.84,29.040000000000006,86.65,227.75000000000003,13.84,1,Kozhikode,Kerala
2016-06-17,20.12,37.610000000000014,99.32000000000001,231.34000000000003,20.12,1,Kozhikode,Kerala
2016-06-18,17.56,51.52000000000001,104.69,234.37,20.12,1,Kozhikode,Kerala
2016-06-19,2.87,40.550000000000004,105.19999999999999,221.47,20.12,1,Kozhikode,Kerala
2016-06-20,9.02,29.45000000000001,78.61000000000001,212.74,17.56,1,Kozhikode,Kerala
2016-06-21,11.79,23.68000000000001,78.85,217.49,11.79,1,Kozhikode,Kerala
2016-06-22,18.34,39.150000000000006,93.54,214.39000000000001,18.34,1,Kozhikode,Kerala
2016-06-23,37.86,67.99000000000001,117.56,212.03000000000003,37.86,1,Kozhikode,Kerala
2016-06-24,7.14,63.34000000000001,104.58,211.35,37.86,1,Kozhikode,Kerala
2016-06-25,3.85,48.850000000000016,90.86999999999999,207.75,37.86,1,Kozhikode,Kerala
2016-06-26,10.33,21.320000000000014,98.33000000000001,205.89000000000001,10.33,1,Kozhikode,Kerala
2016-06-27,31.33,45.51000000000001,120.63999999999999,234.85999999999999,31.33,1,Kozhikode,Kerala
2016-06-28,46.04,87.70000000000002,154.89,245.29000000000002,46.04,1,Kozhikode,Kerala
2016-06-29,31.0,108.37,167.55,264.74,46.04,1,Kozhikode,Kerala
2016-06-30,20.44,97.48000000000002,150.13,281.53000000000003,46.04,1,Kozhikode,Kerala
2016-07-01,11.31,62.750000000000014,154.3,279.0,31.0,1,Kozhikode,Kerala
2016-07-02,8.3,40.05000000000002,158.75,267.18,20.44,1,Kozhikode,Kerala
2016-07-03,14.58,34.19000000000001,163.0,264.2,14.58,1,Kozhikode,Kerala
2016-07-04,24.16,47.04000000000001,155.83,285.49,24.16,1,Kozhikode,Kerala
2016-07-05,16.23,54.97000000000001,126.02000000000001,292.70000000000005,24.16,1,Kozhikode,Kerala
2016-07-06,28.79,69.18000000000002,123.81,309.7,28.79,1,Kozhikode,Kerala
2016-07-07,8.93,53.95000000000002,112.30000000000001,300.29,28.79,1,Kozhikode,Kerala
2016-07-08,24.14,61.860000000000014,125.13,286.57,28.79,1,Kozhikode,Kerala
2016-07-09,34.25,67.32000000000002,151.08,313.68,34.25,1,Kozhikode,Kerala
2016-07-10,21.67,80.06000000000002,158.17,331.5,34.25,1,Kozhikode,Kerala
2016-07-11,15.1,71.02000000000001,149.10999999999999,336.27000000000004,34.25,1,Kozhikode,Kerala
2016-07-12,25.47,62.240000000000016,158.35000000000002,330.40999999999997,25.47,1,Kozhikode,Kerala
2016-07-13,13.23,53.80000000000001,142.79,297.6,25.47,1,Kozhikode,Kerala
2016-07-14,7.92,46.62000000000001,141.78,274.52000000000004,25.47,1,Kozhikode,Kerala
2016-07-15,15.24,36.390000000000015,132.88,269.32,15.24,1,Kozhikode,Kerala
2016-07-16,26.39,49.55000000000001,125.02,284.4,26.39,1,Kozhikode,Kerala
2016-07-17,11.15,52.780000000000015,114.5,287.25,26.39,1,Kozhikode,Kerala
2016-07-18,13.88,51.420000000000016,113.28,286.55,26.39,1,Kozhikode,Kerala
2016-07-19,2.53,27.560000000000016,90.34,264.92,13.88,1,Kozhikode,Kerala
2016-07-20,8.11,24.520000000000017,85.22,256.8,13.88,1,Kozhikode,Kerala
2016-07-21,5.56,16.200000000000014,82.86,233.57,8.11,1,Kozhikode,Kerala
2016-07-22,11.81,25.48000000000001,79.43,236.45000000000002,11.81,1,Kozhikode,Kerala
2016-07-23,12.94,30.310000000000013,65.98,225.25,12.94,1,Kozhikode,Kerala
2016-07-24,24.06,48.81000000000002,78.89,215.06,24.06,1,Kozhikode,Kerala
2016-07-25,16.86,53.860000000000014,81.86999999999999,210.25,24.06,1,Kozhikode,Kerala
2016-07-26,9.27,50.19000000000001,88.61,204.42000000000002,24.06,1,Kozhikode,Kerala
2016-07-27,8.36,34.49000000000001,88.86,187.30999999999997,16.86,1,Kozhikode,Kerala
2016-07-28,18.43,36.06000000000001,101.73,192.51,18.43,1,Kozhikode,Kerala
2016-07-29,5.37,32.16000000000001,95.28999999999999,189.96,18.43,1,Kozhikode,Kerala
2016-07-30,5.54,29.34000000000001,87.89,180.26,18.43,1,Kozhikode,Kerala
2016-07-31,5.08,15.99000000000001,68.91,158.95000000000002,5.54,1,Kozhikode,Kerala
2016-08-01,4.86,15.480000000000011,56.91,152.66,5.54,1,Kozhikode,Kerala
2016-08-02,3.85,13.790000000000012,51.49,142.63,5.08,1,Kozhikode,Kerala
2016-08-03,5.88,14.59000000000001,49.01,145.98000000000002,5.88,1,Kozhikode,Kerala
2016-08-04,7.25,16.98000000000001,37.83,145.12,7.25,1,Kozhikode,Kerala
2016-08-05,25.32,38.45000000000001,57.78,164.88,25.32,1,Kozhikode,Kerala
2016-08-06,8.91,41.480000000000004,61.14999999999999,161.98,25.32,1,Kozhikode,Kerala
2016-08-07,9.27,43.50000000000001,65.34,158.31,25.32,1,Kozhikode,Kerala
2016-08-08,4.76,22.940000000000012,65.24,139.01,9.27,1,Kozhikode,Kerala
2016-08-09,3.46,17.49000000000001,64.85,125.61000000000001,9.27,1,Kozhikode,Kerala
2016-08-10,4.74,12.960000000000012,63.71,121.08,4.76,1,Kozhikode,Kerala
2016-08-11,4.22,12.42000000000001,60.68,116.94,4.74,1,Kozhikode,Kerala
2016-08-12,7.53,16.490000000000013,42.89,106.04,7.53,1,Kozhikode,Kerala
2016-08-13,7.31,19.06000000000001,41.290000000000006,107.98,7.53,1,Kozhikode,Kerala
2016-08-14,11.35,26.190000000000012,43.37,113.78999999999999,11.35,1,Kozhikode,Kerala
2016-08-15,10.92,29.58000000000001,49.53,119.63,11.35,1,Kozhikode,Kerala
2016-08-16,8.89,31.16000000000001,54.96,123.66,11.35,1,Kozhikode,Kerala
2016-08-17,11.89,31.70000000000001,62.11,131.7,11.89,1,Kozhikode,Kerala
2016-08-18,10.58,31.360000000000014,68.47,136.4,11.89,1,Kozhikode,Kerala
2016-08-19,3.97,26.440000000000012,64.91,133.12,11.89,1,Kozhikode,Kerala
2016-08-20,1.84,16.39000000000001,59.44,109.64,10.58,1,Kozhikode,Kerala
2016-08-21,2.99,8.800000000000011,51.080000000000005,103.72,3.97,1,Kozhikode,Kerala
2016-08-22,3.81,8.640000000000011,43.97,98.25999999999999,3.81,1,Kozhikode,Kerala
2016-08-23,6.09,12.890000000000011,41.17,99.59,6.09,1,Kozhikode,Kerala
2016-08-24,8.57,18.470000000000013,37.85,104.69999999999999,8.57,1,Kozhikode,Kerala
2016-08-25,7.62,22.280000000000012,34.89,107.58,8.57,1,Kozhikode,Kerala
2016-08-26,7.0,23.190000000000012,37.92,110.36,8.57,1,Kozhikode,Kerala
2016-08-27,6.23,20.850000000000012,42.31,109.06,7.62,1,Kozhikode,Kerala
2016-08-28,6.13,19.36000000000001,45.45,107.88,7.0,1,Kozhikode,Kerala
2016-08-29,5.24,17.60000000000001,46.88,101.77000000000001,6.23,1,Kozhikode,Kerala
2016-08-30,11.6,22.97000000000001,52.39,102.45,11.6,1,Kozhikode,Kerala
2016-08-31,7.24,24.080000000000013,51.059999999999995,100.8,11.6,1,Kozhikode,Kerala
2016-09-01,2.93,21.77000000000001,46.37,91.84,11.6,1,Kozhikode,Kerala
2016-09-02,3.36,13.530000000000012,42.73,84.62,7.24,1,Kozhikode,Kerala
2016-09-03,1.5,7.790000000000011,38.0,82.15,3.36,1,Kozhikode,Kerala
2016-09-04,0.68,5.54000000000001,32.55,80.99,3.36,1,Kozhikode,Kerala
2016-09-05,1.03,3.2100000000000106,28.339999999999996,79.03,1.5,1,Kozhikode,Kerala
2016-09-06,3.17,4.8800000000000106,19.91,78.39,3.17,1,Kozhikode,Kerala
2016-09-07,1.25,5.450000000000011,13.92,73.55,3.17,1,Kozhikode,Kerala
2016-09-08,0.98,5.400000000000011,11.97,65.96,3.17,1,Kozhikode,Kerala
2016-09-09,0.32,2.5500000000000105,8.93,58.660000000000004,1.25,1,Kozhikode,Kerala
2016-09-10,0.21,1.5100000000000107,7.64,51.870000000000005,0.98,1,Kozhikode,Kerala
2016-09-11,0.52,1.0500000000000107,7.48,46.16,0.52,1,Kozhikode,Kerala
2016-09-12,1.43,2.160000000000011,7.88,41.46,1.43,1,Kozhikode,Kerala
2016-09-13,3.82,5.77000000000001,8.53,40.04,3.82,1,Kozhikode,Kerala
2016-09-14,4.74,9.99000000000001,12.02,33.18,4.74,1,Kozhikode,Kerala
2016-09-15,5.04,13.600000000000012,16.08,30.979999999999997,5.04,1,Kozhikode,Kerala
2016-09-16,5.25,15.030000000000012,21.009999999999998,33.3,5.25,1,Kozhikode,Kerala
2016-09-17,2.0,12.29000000000001,22.799999999999997,31.939999999999998,5.25,1,Kozhikode,Kerala
2016-09-18,4.34,11.59000000000001,26.619999999999997,34.78,5.25,1,Kozhikode,Kerala
2016-09-19,2.41,8.75000000000001,27.599999999999998,36.51,4.34,1,Kozhikode,Kerala
2016-09-20,1.71,8.460000000000012,25.49,37.19,4.34,1,Kozhikode,Kerala
2016-09-21,5.47,9.59000000000001,26.22,39.489999999999995,5.47,1,Kozhikode,Kerala
2016-09-22,2.34,9.52000000000001,23.52,40.58,5.47,1,Kozhikode,Kerala
2016-09-23,4.72,12.53000000000001,22.990000000000002,44.32,5.47,1,Kozhikode,Kerala
2016-09-24,7.72,14.78000000000001,28.71,51.72,7.72,1,Kozhikode,Kerala
2016-09-25,3.38,15.820000000000011,27.75,54.89,7.72,1,Kozhikode,Kerala
2016-09-26,1.52,12.620000000000012,26.86,55.89,7.72,1,Kozhikode,Kerala
2016-09-27,1.9,6.8000000000000105,27.049999999999997,56.36,3.38,1,Kozhikode,Kerala
2016-09-28,3.96,7.3800000000000106,25.54,56.5,3.96,1,Kozhikode,Kerala
2016-09-29,3.76,9.62000000000001,26.96,55.519999999999996,3.96,1,Kozhikode,Kerala
2016-09-30,0.66,8.38000000000001,22.900000000000002,51.14,3.96,1,Kozhikode,Kerala
2016-10-01,0.21,4.6300000000000106,15.389999999999999,46.1,3.76,0,Kozhikode,Kerala
2016-10-02,0.08,0.9500000000000107,12.09,44.18,0.66,0,Kozhikode,Kerala
2016-10-03,0.02,0.31000000000001066,10.59,39.86,0.21,0,Kozhikode,Kerala
2016-10-04,0.04,0.14000000000001067,8.73,37.49,0.08,0,Kozhikode,Kerala
2016-10-05,0.05,0.11000000000001066,4.819999999999999,35.83,0.05,0,Kozhikode,Kerala
2016-10-06,0.02,0.11000000000001066,1.08,30.38,0.05,0,Kozhikode,Kerala
2016-10-07,0.34,0.4100000000000107,0.76,28.38,0.34,0,Kozhikode,Kerala
2016-10-08,0.94,1.3000000000000107,1.49,24.599999999999998,0.94,0,Kozhikode,Kerala
2016-10-09,0.51,1.7900000000000107,1.92,17.389999999999997,0.94,0,Kozhikode,Kerala
2016-10-10,0.35,1.8000000000000105,2.25,14.36,0.94,0,Kozhikode,Kerala
2016-10-11,1.52,2.3800000000000106,3.73,14.36,1.52,0,Kozhikode,Kerala
2016-10-12,1.89,3.7600000000000104,5.57,14.35,1.89,0,Kozhikode,Kerala
2016-10-13,9.64,13.050000000000011,15.190000000000001,20.03,9.64,0,Kozhikode,Kerala
2016-10-14,6.8,18.330000000000013,21.650000000000002,23.07,9.64,0,Kozhikode,Kerala
2016-10-15,4.65,21.09000000000001,25.36,27.06,9.64,0,Kozhikode,Kerala
2016-10-16,1.1,12.550000000000011,25.950000000000003,27.950000000000003,6.8,0,Kozhikode,Kerala
2016-10-17,0.19,5.940000000000011,25.790000000000003,28.060000000000002,4.65,0,Kozhikode,Kerala
2016-10-18,0.05,1.3400000000000107,24.32,28.09,1.1,0,Kozhikode,Kerala
2016-10-19,0.09,0.3300000000000107,22.52,28.14,0.19,0,Kozhikode,Kerala
2016-10-20,0.36,0.5000000000000107,13.240000000000002,28.450000000000003,0.36,0,Kozhikode,Kerala
2016-10-21,0.64,1.0900000000000107,7.080000000000002,29.07,0.64,0,Kozhikode,Kerala
2016-10-22,0.56,1.5600000000000107,2.990000000000002,29.290000000000003,0.64,0,Kozhikode,Kerala
2016-10-23,1.42,2.6200000000000108,3.310000000000002,29.77,1.42,0,Kozhikode,Kerala
2016-10-24,0.58,2.5600000000000107,3.700000000000002,29.840000000000003,1.42,0,Kozhikode,Kerala
2016-10-25,1.03,3.0300000000000105,4.6800000000000015,30.52,1.42,0,Kozhikode,Kerala
2016-10-26,0.7,2.3100000000000103,5.290000000000002,29.700000000000003,1.03,0,Kozhikode,Kerala
2016-10-27,0.41,2.1400000000000103,5.340000000000002,28.220000000000002,1.03,0,Kozhikode,Kerala
2016-10-28,1.29,2.4000000000000106,5.990000000000002,19.87,1.29,0,Kozhikode,Kerala
2016-10-29,0.48,2.1800000000000104,5.910000000000001,13.549999999999999,1.29,0,Kozhikode,Kerala
2016-10-30,2.2,3.9700000000000104,6.690000000000002,11.1,2.2,0,Kozhikode,Kerala
2016-10-31,3.33,6.0100000000000104,9.440000000000001,13.33,3.33,0,Kozhikode,Kerala
2016-11-01,7.29,12.820000000000011,15.700000000000001,20.43,7.29,0,Kozhikode,Kerala
2016-11-02,3.55,14.17000000000001,18.55,23.93,7.29,0,Kozhikode,Kerala
2016-11-03,5.39,16.23000000000001,23.53,29.229999999999997,7.29,0,Kozhikode,Kerala
2016-11-04,5.4,14.34000000000001,27.64,34.269999999999996,5.4,0,Kozhikode,Kerala
2016-11-05,0.68,11.47000000000001,27.840000000000003,34.31,5.4,0,Kozhikode,Kerala
2016-11-06,0.01,6.0900000000000105,25.650000000000002,33.76,5.4,0,Kozhikode,Kerala
2016-11-07,0.0,0.6900000000000098,22.32,32.34,0.68,0,Kozhikode,Kerala
2016-11-08,0.23,0.2400000000000098,15.260000000000002,31.990000000000002,0.23,0,Kozhikode,Kerala
2016-11-09,0.42,0.6500000000000098,12.13,31.38,0.42,0,Kozhikode,Kerala
2016-11-10,0.16,0.8100000000000097,6.900000000000002,30.84,0.42,0,Kozhikode,Kerala
2016-11-11,0.1,0.6800000000000097,1.6000000000000019,30.53,0.42,0,Kozhikode,Kerala
2016-11-12,0.54,0.8000000000000097,1.4600000000000017,29.78,0.54,0,Kozhikode,Kerala
2016-11-13,4.56,5.200000000000009,6.010000000000002,33.86,4.56,0,Kozhikode,Kerala
2016-11-14,6.57,11.670000000000009,12.580000000000002,38.230000000000004,6.57,0,Kozhikode,Kerala
2016-11-15,7.73,18.86000000000001,20.080000000000002,42.63,7.73,0,Kozhikode,Kerala
2016-11-16,4.26,18.56000000000001,23.92,39.6,7.73,0,Kozhikode,Kerala
2016-11-17,2.42,14.41000000000001,26.180000000000003,38.47,7.73,0,Kozhikode,Kerala
2016-11-18,0.18,6.860000000000009,26.26,33.26,4.26,0,Kozhikode,Kerala
2016-11-19,0.02,2.62000000000001,25.740000000000002,27.88,2.42,0,Kozhikode,Kerala
2016-11-20,0.09,0.29000000000000975,21.27,27.29,0.18,0,Kozhikode,Kerala
2016-11-21,0.1,0.2100000000000098,14.800000000000002,27.38,0.1,0,Kozhikode,Kerala
2016-11-22,0.12,0.31000000000000977,7.190000000000001,27.5,0.12,0,Kozhikode,Kerala
2016-11-23,0.2,0.42000000000000975,3.1300000000000017,27.47,0.2,0,Kozhikode,Kerala
2016-11-24,0.15,0.47000000000000974,0.8600000000000018,27.2,0.2,0,Kozhikode,Kerala
2016-11-25,0.16,0.5100000000000098,0.8400000000000017,27.2,0.2,0,Kozhikode,Kerala
2016-11-26,0.15,0.46000000000000973,0.9700000000000019,27.25,0.16,0,Kozhikode,Kerala
2016-11-27,0.16,0.47000000000000974,1.0400000000000018,26.869999999999997,0.16,0,Kozhikode,Kerala
2016-11-28,0.0,0.31000000000000977,0.9400000000000017,22.31,0.16,0,Kozhikode,Kerala
2016-11-29,0.19,0.35000000000000975,1.0100000000000018,15.93,0.19,0,Kozhikode,Kerala
2016-11-30,0.01,0.20000000000000978,0.8200000000000018,8.209999999999999,0.19,0,Kozhikode,Kerala
2016-12-01,0.36,0.5600000000000098,1.0300000000000018,4.31,0.36,0,Kozhikode,Kerala
2016-12-02,4.98,5.35000000000001,5.850000000000002,6.87,4.98,0,Kozhikode,Kerala
2016-12-03,9.91,15.25000000000001,15.610000000000003,16.6,9.91,0,Kozhikode,Kerala
2016-12-04,1.9,16.79000000000001,17.35,18.48,9.91,0,Kozhikode,Kerala
2016-12-05,0.85,12.66000000000001,18.200000000000003,19.240000000000002,9.91,0,Kozhikode,Kerala
2016-12-06,1.26,4.0100000000000104,19.270000000000003,20.4,1.9,0,Kozhikode,Kerala
2016-12-07,0.17,2.2800000000000105,19.430000000000003,20.45,1.26,0,Kozhikode,Kerala
2016-12-08,0.02,1.4500000000000104,19.090000000000003,20.27,1.26,0,Kozhikode,Kerala
2016-12-09,0.01,0.20000000000001067,14.120000000000003,20.130000000000003,0.17,0,Kozhikode,Kerala
2016-12-10,0.0,0.030000000000010657,4.2100000000000035,19.970000000000002,0.02,0,Kozhikode,Kerala
2016-12-11,0.0,0.010000000000010658,2.3100000000000036,19.82,0.01,0,Kozhikode,Kerala
2016-12-12,0.96,0.9600000000000106,2.4200000000000035,20.62,0.96,0,Kozhikode,Kerala
2016-12-13,13.61,14.570000000000011,14.770000000000003,34.230000000000004,13.61,0,Kozhikode,Kerala
2016-12-14,7.44,22.010000000000012,22.040000000000003,41.48,13.61,0,Kozhikode,Kerala
2016-12-15,1.01,22.06000000000001,23.030000000000005,42.48,13.61,0,Kozhikode,Kerala
2016-12-16,0.08,8.530000000000012,23.1,42.2,7.44,0,Kozhikode,Kerala
2016-12-17,0.35,1.4400000000000106,23.450000000000003,37.57,1.01,0,Kozhikode,Kerala
2016-12-18,0.05,0.48000000000001064,23.500000000000004,27.71,0.35,0,Kozhikode,Kerala
2016-12-19,0.01,0.41000000000001063,22.550000000000004,25.82,0.35,0,Kozhikode,Kerala
2016-12-20,0.01,0.07000000000001066,8.950000000000005,24.98,0.05,0,Kozhikode,Kerala
2016-12-21,0.02,0.04000000000001066,1.5300000000000036,23.74,0.02,0,Kozhikode,Kerala
2016-12-22,0.02,0.05000000000001066,0.5400000000000036,23.59,0.02,0,Kozhikode,Kerala
2016-12-23,0.0,0.040000000000010666,0.4600000000000035,23.57,0.02,0,Kozhikode,Kerala
2016-12-24,0.0,0.02000000000001066,0.11000000000000355,23.56,0.02,0,Kozhikode,Kerala
2016-12-25,0.0,0.0,0.06000000000000355,23.56,0.0,0,Kozhikode,Kerala
2016-12-26,0.0,0.0,0.050000000000003555,23.56,0.0,0,Kozhikode,Kerala
2016-12-27,0.01,0.010000000000010658,0.050000000000003555,22.610000000000003,0.01,0,Kozhikode,Kerala
2016-12-28,0.01,0.02000000000001066,0.040000000000003554,9.01,0.01,0,Kozhikode,Kerala
2016-12-29,0.02,0.04000000000001066,0.040000000000003554,1.59,0.02,0,Kozhikode,Kerala
2016-12-30,0.01,0.04000000000001066,0.050000000000003555,0.59,0.02,0,Kozhikode,Kerala
2016-12-31,0.0,0.030000000000010657,0.050000000000003555,0.51,0.02,0,Kozhikode,Kerala
2017-01-01,0.0,0.010000000000010658,0.050000000000003555,0.16,0.01,0,Kozhikode,Kerala
2017-01-02,0.0,0.0,0.050000000000003555,0.11,0.0,0,Kozhikode,Kerala
2017-01-03,0.0,0.0,0.040000000000003554,0.1,0.0,0,Kozhikode,Kerala
2017-01-04,0.0,0.0,0.03000000000000355,0.09,0.0,0,Kozhikode,Kerala
2017-01-05,0.0,0.0,0.010000000000003553,0.07,0.0,0,Kozhikode,Kerala
2017-01-06,0.01,0.010000000000010658,0.010000000000003553,0.060000000000000005,0.01,0,Kozhikode,Kerala
2017-01-07,0.0,0.010000000000010658,0.010000000000003553,0.06,0.01,0,Kozhikode,Kerala
2017-01-08,0.0,0.010000000000010658,0.010000000000003553,0.06,0.01,0,Kozhikode,Kerala
2017-01-09,0.0,0.0,0.010000000000003553,0.06,0.0,0,Kozhikode,Kerala
2017-01-10,0.0,0.0,0.010000000000003553,0.06,0.0,0,Kozhikode,Kerala
2017-01-11,0.0,0.0,0.010000000000003553,0.05,0.0,0,Kozhikode,Kerala
2017-01-12,0.0,0.0,0.010000000000003553,0.04,0.0,0,Kozhikode,Kerala
2017-01-13,0.0,0.0,0.0,0.02,0.0,0,Kozhikode,Kerala
2017-01-14,0.01,0.010000000000010658,0.010000000000003553,0.02,0.01,0,Kozhikode,Kerala
2017-01-15,0.0,0.010000000000010658,0.010000000000003553,0.02,0.01,0,Kozhikode,Kerala
2017-01-16,0.03,0.04000000000001066,0.040000000000003554,0.05,0.03,0,Kozhikode,Kerala
2017-01-17,0.03,0.060000000000010656,0.07000000000000356,0.08,0.03,0,Kozhikode,Kerala
2017-01-18,0.0,0.060000000000010656,0.07000000000000356,0.08,0.03,0,Kozhikode,Kerala
2017-01-19,0.0,0.030000000000010657,0.07000000000000356,0.08,0.03,0,Kozhikode,Kerala
2017-01-20,0.01,0.010000000000010658,0.08000000000000355,0.09,0.01,0,Kozhikode,Kerala
2017-01-21,1.03,1.0400000000000107,1.1000000000000036,1.11,1.03,0,Kozhikode,Kerala
2017-01-22,0.3,1.3400000000000107,1.4000000000000037,1.4100000000000001,1.03,0,Kozhikode,Kerala
2017-01-23,0.0,1.3300000000000107,1.3700000000000037,1.4100000000000001,1.03,0,Kozhikode,Kerala
2017-01-24,0.0,0.30000000000001065,1.3400000000000036,1.4100000000000001,0.3,0,Kozhikode,Kerala
2017-01-25,0.0,0.0,1.3400000000000036,1.4100000000000001,0.0,0,Kozhikode,Kerala
2017-01-26,0.63,0.6300000000000107,1.9700000000000035,2.04,0.63,0,Kozhikode,Kerala
2017-01-27,3.1,3.7300000000000106,5.060000000000004,5.140000000000001,3.1,0,Kozhikode,Kerala
2017-01-28,8.73,12.460000000000012,12.760000000000005,13.870000000000001,8.73,0,Kozhikode,Kerala
2017-01-29,0.74,12.570000000000011,13.200000000000006,14.600000000000001,8.73,0,Kozhikode,Kerala
2017-01-30,0.39,9.860000000000012,13.590000000000007,14.990000000000002,8.73,0,Kozhikode,Kerala
2017-01-31,0.12,1.2500000000000107,13.710000000000006,15.080000000000002,0.74,0,Kozhikode,Kerala
2017-02-01,0.0,0.5100000000000107,13.710000000000006,15.05,0.39,0,Kozhikode,Kerala
2017-02-02,0.0,0.12000000000001065,13.080000000000005,15.05,0.12,0,Kozhikode,Kerala
2017-02-03,0.0,0.0,9.980000000000006,15.05,0.0,0,Kozhikode,Kerala
2017-02-04,0.0,0.0,1.2500000000000053,15.040000000000001,0.0,0,Kozhikode,Kerala
2017-02-05,0.0,0.0,0.5100000000000053,14.010000000000002,0.0,0,Kozhikode,Kerala
2017-02-06,0.07,0.07000000000001066,0.19000000000000533,13.780000000000001,0.07,0,Kozhikode,Kerala
2017-02-07,0.01,0.08000000000001066,0.08000000000000533,13.790000000000001,0.07,0,Kozhikode,Kerala
2017-02-08,0.0,0.08000000000001066,0.08000000000000533,13.790000000000001,0.07,0,Kozhikode,Kerala
2017-02-09,0.02,0.030000000000010657,0.10000000000000533,13.81,0.02,0,Kozhikode,Kerala
2017-02-10,0.01,0.030000000000010657,0.11000000000000533,13.19,0.02,0,Kozhikode,Kerala
2017-02-11,0.06,0.09000000000001065,0.17000000000000534,10.15,0.06,0,Kozhikode,Kerala
2017-02-12,0.03,0.10000000000001066,0.20000000000000534,1.45,0.06,0,Kozhikode,Kerala
2017-02-13,0.0,0.09000000000001065,0.13000000000000533,0.71,0.06,0,Kozhikode,Kerala
2017-02-14,0.0,0.030000000000010657,0.12000000000000532,0.32,0.03,0,Kozhikode,Kerala
2017-02-15,0.01,0.010000000000010658,0.13000000000000533,0.21,0.01,0,Kozhikode,Kerala
2017-02-16,0.03,0.04000000000001066,0.14000000000000534,0.24,0.03,0,Kozhikode,Kerala
2017-02-17,0.0,0.04000000000001066,0.13000000000000533,0.24,0.03,0,Kozhikode,Kerala
2017-02-18,0.0,0.030000000000010657,0.07000000000000532,0.24,0.03,0,Kozhikode,Kerala
2017-02-19,0.0,0.0,0.04000000000000533,0.24,0.0,0,Kozhikode,Kerala
2017-02-20,0.03,0.030000000000010657,0.07000000000000534,0.27,0.03,0,Kozhikode,Kerala
2017-02-21,0.09,0.12000000000001065,0.16000000000000533,0.29,0.09,0,Kozhikode,Kerala
2017-02-22,0.03,0.15000000000001065,0.18000000000000532,0.31,0.09,0,Kozhikode,Kerala
2017-02-23,0.03,0.15000000000001065,0.18000000000000532,0.33999999999999997,0.09,0,Kozhikode,Kerala
2017-02-24,0.04,0.10000000000001066,0.22000000000000533,0.36,0.04,0,Kozhikode,Kerala
2017-02-25,0.11,0.18000000000001065,0.3300000000000053,0.46,0.11,0,Kozhikode,Kerala
2017-02-26,0.12,0.2700000000000107,0.4500000000000053,0.52,0.12,0,Kozhikode,Kerala
2017-02-27,0.14,0.37000000000001065,0.5600000000000054,0.63,0.14,0,Kozhikode,Kerala
2017-02-28,0.04,0.30000000000001065,0.5100000000000053,0.67,0.14,0,Kozhikode,Kerala
2017-03-01,0.0,0.18000000000001068,0.4800000000000053,0.67,0.14,0,Kozhikode,Kerala
2017-03-02,0.0,0.04000000000001066,0.45000000000000534,0.66,0.04,0,Kozhikode,Kerala
2017-03-03,0.12,0.12000000000001065,0.5300000000000054,0.75,0.12,0,Kozhikode,Kerala
2017-03-04,1.37,1.4900000000000109,1.7900000000000054,2.12,1.37,0,Kozhikode,Kerala
2017-03-05,1.41,2.900000000000011,3.0800000000000054,3.5300000000000002,1.41,0,Kozhikode,Kerala
2017-03-06,4.05,6.830000000000011,6.9900000000000055,7.58,4.05,0,Kozhikode,Kerala
2017-03-07,3.4,8.86000000000001,10.350000000000005,10.95,4.05,0,Kozhikode,Kerala
2017-03-08,1.03,8.480000000000011,11.380000000000004,11.89,4.05,0,Kozhikode,Kerala
2017-03-09,0.25,4.68000000000001,11.630000000000004,12.110000000000001,3.4,0,Kozhikode,Kerala
2017-03-10,0.72,2.0000000000000107,12.230000000000006,12.799999999999999,1.03,0,Kozhikode,Kerala
2017-03-11,0.0,0.9700000000000106,10.860000000000005,12.76,0.72,0,Kozhikode,Kerala
2017-03-12,0.0,0.7200000000000106,9.450000000000005,12.65,0.72,0,Kozhikode,Kerala
2017-03-13,0.51,0.5100000000000107,5.9100000000000055,13.04,0.51,0,Kozhikode,Kerala
2017-03-14,9.36,9.87000000000001,11.870000000000005,22.259999999999998,9.36,0,Kozhikode,Kerala
2017-03-15,8.06,17.93000000000001,18.900000000000006,30.28,9.36,0,Kozhikode,Kerala
2017-03-16,15.42,32.84000000000001,34.07000000000001,45.7,15.42,0,Kozhikode,Kerala
2017-03-17,0.29,23.77000000000001,33.64000000000001,45.99,15.42,0,Kozhikode,Kerala
2017-03-18,0.04,15.75000000000001,33.68000000000001,45.910000000000004,15.42,0,Kozhikode,Kerala
2017-03-19,0.07,0.4000000000000107,33.75000000000001,44.61,0.29,0,Kozhikode,Kerala
2017-03-20,0.38,0.4900000000000107,33.620000000000005,43.58,0.38,0,Kozhikode,Kerala
2017-03-21,1.61,2.0600000000000107,25.870000000000005,41.13999999999999,1.61,0,Kozhikode,Kerala
2017-03-22,0.48,2.470000000000011,18.290000000000003,38.22,1.61,0,Kozhikode,Kerala
2017-03-23,0.0,2.090000000000011,2.8700000000000054,37.19,1.61,0,Kozhikode,Kerala
2017-03-24,0.0,0.48000000000001064,2.5800000000000054,36.94,0.48,0,Kozhikode,Kerala
2017-03-25,0.0,0.0,2.5400000000000054,36.22,0.0,0,Kozhikode,Kerala
2017-03-26,0.0,0.0,2.4700000000000055,36.22,0.0,0,Kozhikode,Kerala
2017-03-27,0.01,0.010000000000010658,2.100000000000005,36.23,0.01,0,Kozhikode,Kerala
2017-03-28,0.12,0.13000000000001066,0.6100000000000053,35.84,0.12,0,Kozhikode,Kerala
2017-03-29,0.03,0.16000000000001063,0.1600000000000053,26.51,0.12,0,Kozhikode,Kerala
2017-03-30,0.05,0.20000000000001064,0.21000000000000532,18.500000000000004,0.12,0,Kozhikode,Kerala
2017-03-31,0.04,0.12000000000001065,0.25000000000000533,3.12,0.05,0,Kozhikode,Kerala
2017-04-01,0.36,0.4500000000000106,0.6100000000000053,3.19,0.36,0,Kozhikode,Kerala
2017-04-02,1.0,1.4000000000000106,1.6100000000000052,4.15,1.0,0,Kozhikode,Kerala
2017-04-03,0.74,2.1000000000000103,2.340000000000005,4.819999999999999,1.0,0,Kozhikode,Kerala
2017-04-04,1.84,3.5800000000000107,4.060000000000006,6.279999999999999,1.84,0,Kozhikode,Kerala
2017-04-05,2.52,5.10000000000001,6.550000000000005,7.19,2.52,0,Kozhikode,Kerala
2017-04-06,6.13,10.49000000000001,12.630000000000006,12.84,6.13,0,Kozhikode,Kerala
2017-04-07,5.28,13.93000000000001,17.870000000000005,18.12,6.13,0,Kozhikode,Kerala
2017-04-08,4.19,15.600000000000012,21.700000000000006,22.310000000000002,6.13,0,Kozhikode,Kerala
2017-04-09,3.39,12.860000000000012,24.090000000000007,25.7,5.28,0,Kozhikode,Kerala
2017-04-10,4.07,11.650000000000013,27.420000000000005,29.770000000000003,4.19,0,Kozhikode,Kerala
2017-04-11,1.71,9.170000000000012,27.290000000000006,31.47,4.07,0,Kozhikode,Kerala
2017-04-12,1.37,7.150000000000011,26.140000000000008,32.72,4.07,0,Kozhikode,Kerala
2017-04-13,1.84,4.920000000000011,21.85000000000001,34.53,1.84,0,Kozhikode,Kerala
2017-04-14,1.92,5.1300000000000106,18.490000000000006,36.400000000000006,1.92,0,Kozhikode,Kerala
2017-04-15,0.51,4.27000000000001,14.810000000000004,36.870000000000005,1.92,0,Kozhikode,Kerala
2017-04-16,2.64,5.070000000000011,14.060000000000006,39.15,2.64,0,Kozhikode,Kerala
2017-04-17,2.45,5.600000000000011,12.440000000000005,40.6,2.64,0,Kozhikode,Kerala
2017-04-18,0.96,6.0500000000000105,11.690000000000005,40.82000000000001,2.64,0,Kozhikode,Kerala
2017-04-19,1.19,4.60000000000001,11.510000000000005,40.17,2.45,0,Kozhikode,Kerala
2017-04-20,9.1,11.25000000000001,18.770000000000003,46.75,9.1,0,Kozhikode,Kerala
2017-04-21,10.01,20.300000000000008,26.860000000000003,50.63,10.01,0,Kozhikode,Kerala
2017-04-22,1.31,20.42000000000001,27.660000000000004,46.66,10.01,0,Kozhikode,Kerala
2017-04-23,0.09,11.410000000000009,25.110000000000003,42.56,10.01,0,Kozhikode,Kerala
2017-04-24,0.12,1.520000000000009,22.780000000000005,39.29,1.31,0,Kozhikode,Kerala
2017-04-25,0.57,0.7800000000000088,22.390000000000004,35.79,0.57,0,Kozhikode,Kerala
2017-04-26,0.85,1.540000000000009,22.050000000000004,34.93,0.85,0,Kozhikode,Kerala
2017-04-27,1.58,3.000000000000009,14.530000000000005,35.14,1.58,0,Kozhikode,Kerala
2017-04-28,0.8,3.2300000000000093,5.320000000000006,34.1,1.58,0,Kozhikode,Kerala
2017-04-29,0.81,3.1900000000000093,4.820000000000005,32.989999999999995,1.58,0,Kozhikode,Kerala
2017-04-30,3.21,4.820000000000009,7.940000000000005,35.69,3.21,0,Kozhikode,Kerala
2017-05-01,14.51,18.53000000000001,22.330000000000005,47.56,14.51,0,Kozhikode,Kerala
2017-05-02,7.57,25.290000000000013,29.330000000000005,52.67999999999999,14.51,0,Kozhikode,Kerala
2017-05-03,1.81,23.89000000000001,30.290000000000006,53.53,14.51,0,Kozhikode,Kerala
2017-05-04,1.94,11.32000000000001,30.650000000000006,54.28,7.57,0,Kozhikode,Kerala
2017-05-05,3.07,6.820000000000009,32.92,48.25,3.07,0,Kozhikode,Kerala
2017-05-06,5.69,10.700000000000008,37.8,43.93,5.69,0,Kozhikode,Kerala
2017-05-07,14.91,23.67000000000001,49.50000000000001,57.53,14.91,0,Kozhikode,Kerala
2017-05-08,6.51,27.110000000000007,41.50000000000001,63.95,14.91,0,Kozhikode,Kerala
2017-05-09,1.12,22.54000000000001,35.05000000000001,64.95,14.91,0,Kozhikode,Kerala
2017-05-10,8.72,16.35000000000001,41.96000000000001,73.1,8.72,0,Kozhikode,Kerala
2017-05-11,9.91,19.75000000000001,49.93000000000001,82.16,9.91,0,Kozhikode,Kerala
2017-05-12,5.22,23.85000000000001,52.08000000000001,85.8,9.91,0,Kozhikode,Kerala
2017-05-13,5.7,20.830000000000013,52.09,90.7,9.91,0,Kozhikode,Kerala
2017-05-14,4.29,15.210000000000012,41.470000000000006,94.18,5.7,0,Kozhikode,Kerala
2017-05-15,4.17,14.16000000000001,39.13000000000001,95.14,5.7,0,Kozhikode,Kerala
2017-05-16,2.83,11.29000000000001,40.84,83.46000000000001,4.29,0,Kozhikode,Kerala
2017-05-17,2.18,9.18000000000001,34.300000000000004,78.07,4.17,0,Kozhikode,Kerala
2017-05-18,18.23,23.24000000000001,42.620000000000005,94.49,18.23,0,Kozhikode,Kerala
2017-05-19,7.05,27.460000000000015,44.45000000000001,99.6,18.23,0,Kozhikode,Kerala
2017-05-20,6.11,31.39000000000001,44.86000000000001,102.64,18.23,0,Kozhikode,Kerala
2017-05-21,10.06,23.220000000000013,50.63000000000001,107.01,10.06,0,Kozhikode,Kerala
2017-05-22,12.26,28.43000000000001,58.720000000000006,104.36,12.26,0,Kozhikode,Kerala
2017-05-23,4.28,26.600000000000012,60.17000000000001,102.13000000000001,12.26,0,Kozhikode,Kerala
2017-05-24,11.41,27.950000000000014,69.4,112.42,12.26,0,Kozhikode,Kerala
2017-05-25,4.76,20.45000000000001,55.93000000000001,108.46000000000001,11.41,0,Kozhikode,Kerala
2017-05-26,4.57,20.74000000000001,53.45000000000001,103.12,11.41,0,Kozhikode,Kerala
2017-05-27,4.76,14.09000000000001,52.10000000000001,102.66000000000001,4.76,0,Kozhikode,Kerala
2017-05-28,4.95,14.280000000000012,46.99000000000001,101.91000000000001,4.95,0,Kozhikode,Kerala
2017-05-29,5.82,15.530000000000012,40.55000000000001,103.44,5.82,0,Kozhikode,Kerala
2017-05-30,7.85,18.62000000000001,44.120000000000005,107.11999999999999,7.85,0,Kozhikode,Kerala
2017-05-31,10.7,24.37000000000001,43.41000000000001,114.99,10.7,0,Kozhikode,Kerala
2017-06-01,14.23,32.780000000000015,52.88000000000001,127.04,14.23,1,Kozhikode,Kerala
2017-06-02,11.11,36.040000000000006,59.42,119.92,14.23,1,Kozhikode,Kerala
2017-06-03,23.89,49.23000000000001,78.55000000000001,136.76,23.89,1,Kozhikode,Kerala
2017-06-04,3.74,38.740000000000016,77.34,134.39,23.89,1,Kozhikode,Kerala
2017-06-05,7.22,34.85000000000001,78.74000000000001,131.55,23.89,1,Kozhikode,Kerala
2017-06-06,7.29,18.25000000000001,78.18,126.58,7.29,1,Kozhikode,Kerala
2017-06-07,14.74,29.25000000000001,82.22000000000001,137.04,14.74,1,Kozhikode,Kerala
2017-06-08,5.54,27.57000000000001,73.53000000000002,131.17,14.74,1,Kozhikode,Kerala
2017-06-09,9.97,30.25000000000001,72.39000000000001,136.38,14.74,1,Kozhikode,Kerala
2017-06-10,25.59,41.10000000000001,74.09,157.4,25.59,1,Kozhikode,Kerala
2017-06-11,21.71,57.27000000000001,92.06,174.35000000000002,25.59,1,Kozhikode,Kerala
2017-06-12,23.61,70.91000000000001,108.45,193.01,25.59,1,Kozhikode,Kerala
2017-06-13,13.86,59.18000000000001,115.02000000000001,201.05,23.61,1,Kozhikode,Kerala
2017-06-14,10.28,47.75000000000001,110.56,203.48000000000002,23.61,1,Kozhikode,Kerala
2017-06-15,5.42,29.56000000000001,110.44000000000001,198.2,13.86,1,Kozhikode,Kerala
2017-06-16,10.63,26.330000000000013,111.10000000000001,194.6,10.63,1,Kozhikode,Kerala
2017-06-17,1.47,17.52000000000001,86.98,184.96,10.63,1,Kozhikode,Kerala
2017-06-18,3.01,15.11000000000001,68.28000000000002,164.08,10.63,1,Kozhikode,Kerala
2017-06-19,2.96,7.44000000000001,47.63000000000001,163.29999999999998,3.01,1,Kozhikode,Kerala
2017-06-20,5.85,11.820000000000011,39.620000000000005,161.92999999999998,5.85,1,Kozhikode,Kerala
2017-06-21,7.28,16.09000000000001,36.620000000000005,161.92,7.28,1,Kozhikode,Kerala
2017-06-22,5.26,18.390000000000008,36.46000000000001,152.44,7.28,1,Kozhikode,Kerala
2017-06-23,9.23,21.77000000000001,35.06,156.13,9.23,1,Kozhikode,Kerala
2017-06-24,35.92,50.41000000000001,69.51,182.07999999999998,35.92,1,Kozhikode,Kerala
2017-06-25,29.02,74.17000000000002,95.52,185.51,35.92,1,Kozhikode,Kerala
2017-06-26,42.92,107.86000000000001,135.48000000000002,206.71999999999997,42.92,1,Kozhikode,Kerala
2017-06-27,22.45,94.39000000000001,152.08,205.56,42.92,1,Kozhikode,Kerala
2017-06-28,19.75,85.12000000000002,164.55,211.45,42.92,1,Kozhikode,Kerala
2017-06-29,12.21,54.41000000000001,171.50000000000003,213.38,22.45,1,Kozhikode,Kerala
2017-06-30,10.88,42.84000000000002,173.15,218.84,19.75,1,Kozhikode,Kerala
2017-07-01,12.2,35.29000000000001,149.43,220.41,12.21,1,Kozhikode,Kerala
2017-07-02,18.96,42.04000000000001,139.37,237.9,18.96,1,Kozhikode,Kerala
2017-07-03,30.24,61.400000000000006,126.69,265.13,30.24,1,Kozhikode,Kerala
2017-07-04,5.1,54.30000000000001,109.34,267.27,30.24,1,Kozhikode,Kerala
2017-07-05,7.22,42.56000000000001,96.81,268.64,30.24,1,Kozhikode,Kerala
2017-07-06,5.24,17.560000000000013,89.84,266.6,7.22,1,Kozhikode,Kerala
2017-07-07,7.93,20.390000000000015,86.89,269.27000000000004,7.93,1,Kozhikode,Kerala
2017-07-08,12.86,26.030000000000015,87.55000000000001,272.9,12.86,1,Kozhikode,Kerala
2017-07-09,10.71,31.500000000000014,79.3,247.69,12.86,1,Kozhikode,Kerala
2017-07-10,16.92,40.490000000000016,65.98,235.59,16.92,1,Kozhikode,Kerala
2017-07-11,17.42,45.05000000000002,78.30000000000001,210.09000000000003,17.42,1,Kozhikode,Kerala
2017-07-12,2.94,37.280000000000015,74.02000000000001,190.58,17.42,1,Kozhikode,Kerala
2017-07-13,18.78,39.140000000000015,87.56,189.61,18.78,1,Kozhikode,Kerala
2017-07-14,5.42,27.140000000000015,85.05000000000001,182.82,18.78,1,Kozhikode,Kerala
2017-07-15,10.66,34.860000000000014,82.85000000000001,182.6,18.78,1,Kozhikode,Kerala
2017-07-16,8.77,24.850000000000016,80.91000000000001,179.17000000000002,10.66,1,Kozhikode,Kerala
2017-07-17,9.46,28.890000000000015,73.45,169.67000000000002,10.66,1,Kozhikode,Kerala
2017-07-18,23.3,41.530000000000015,79.33000000000001,162.73,23.3,1,Kozhikode,Kerala
2017-07-19,37.86,70.62,114.25,195.49,37.86,1,Kozhikode,Kerala
2017-07-20,24.74,85.9,120.21000000000001,213.01,37.86,1,Kozhikode,Kerala
2017-07-21,11.42,74.02000000000001,126.21000000000001,219.19,37.86,1,Kozhikode,Kerala
2017-07-22,5.08,41.24000000000001,120.63000000000001,216.34,24.74,1,Kozhikode,Kerala
2017-07-23,3.97,20.470000000000013,115.83,207.45,11.42,1,Kozhikode,Kerala
2017-07-24,4.63,13.680000000000014,111.0,201.37000000000003,5.08,1,Kozhikode,Kerala
2017-07-25,2.56,11.160000000000014,90.25999999999999,187.01,4.63,1,Kozhikode,Kerala
2017-07-26,1.5,8.690000000000014,53.9,171.08999999999997,4.63,1,Kozhikode,Kerala
2017-07-27,6.09,10.150000000000015,35.25,174.23999999999998,6.09,1,Kozhikode,Kerala
2017-07-28,9.54,17.130000000000013,33.37,165.0,9.54,1,Kozhikode,Kerala
2017-07-29,7.37,23.000000000000014,35.66,166.95,9.54,1,Kozhikode,Kerala
2017-07-30,4.72,21.630000000000013,36.41,161.01,9.54,1,Kozhikode,Kerala
2017-07-31,10.79,22.880000000000013,42.56999999999999,163.03,10.79,1,Kozhikode,Kerala
2017-08-01,5.84,21.350000000000012,45.85,159.41,10.79,1,Kozhikode,Kerala
2017-08-02,3.71,20.340000000000014,48.06,139.82,10.79,1,Kozhikode,Kerala
2017-08-03,15.71,25.260000000000016,57.68,117.66999999999999,15.71,1,Kozhikode,Kerala
2017-08-04,19.63,39.05000000000001,67.77,112.56,19.63,1,Kozhikode,Kerala
2017-08-05,15.61,50.95000000000002,76.01,116.75,19.63,1,Kozhikode,Kerala
2017-08-06,7.86,43.100000000000016,79.15,119.53,19.63,1,Kozhikode,Kerala
2017-08-07,9.44,32.91000000000001,77.8,125.0,15.61,1,Kozhikode,Kerala
2017-08-08,16.15,33.45000000000002,88.11000000000001,136.52,16.15,1,Kozhikode,Kerala
2017-08-09,19.01,44.600000000000016,103.41,152.97,19.01,1,Kozhikode,Kerala
2017-08-10,2.46,37.62000000000001,90.16,153.93,19.01,1,Kozhikode,Kerala
2017-08-11,6.31,27.780000000000015,76.84,154.15,19.01,1,Kozhikode,Kerala
2017-08-12,5.33,14.100000000000014,66.56,149.94,6.31,1,Kozhikode,Kerala
2017-08-13,2.01,13.650000000000015,60.709999999999994,144.57999999999998,6.31,1,Kozhikode,Kerala
2017-08-14,4.22,11.560000000000013,55.49,144.08,5.33,1,Kozhikode,Kerala
2017-08-15,9.72,15.950000000000015,49.06,143.01000000000002,9.72,1,Kozhikode,Kerala
2017-08-16,7.72,21.660000000000014,37.77,144.89000000000001,9.72,1,Kozhikode,Kerala
2017-08-17,10.52,27.960000000000015,45.83,151.7,10.52,1,Kozhikode,Kerala
2017-08-18,22.63,40.87000000000001,62.14999999999999,158.61999999999998,22.63,1,Kozhikode,Kerala
2017-08-19,18.31,51.46000000000001,75.13,157.29999999999998,22.63,1,Kozhikode,Kerala
2017-08-20,19.99,60.930000000000014,93.11,161.68,22.63,1,Kozhikode,Kerala
2017-08-21,21.27,59.57000000000001,110.16,175.08999999999997,21.27,1,Kozhikode,Kerala
2017-08-22,21.92,63.18000000000001,122.35999999999999,187.57,21.92,1,Kozhikode,Kerala
2017-08-23,7.93,51.12000000000002,122.57,179.35,21.92,1,Kozhikode,Kerala
2017-08-24,6.07,35.920000000000016,118.12,166.41,21.92,1,Kozhikode,Kerala
2017-08-25,3.92,17.920000000000016,99.41,167.86999999999998,7.93,1,Kozhikode,Kerala
2017-08-26,12.25,22.240000000000016,93.35,173.80999999999997,12.25,1,Kozhikode,Kerala
2017-08-27,26.94,43.110000000000014,100.30000000000001,195.42000000000002,26.94,1,Kozhikode,Kerala
2017-08-28,32.92,72.11000000000001,111.94999999999999,226.33,32.92,1,Kozhikode,Kerala
2017-08-29,40.31,100.17000000000002,130.34,262.41999999999996,40.31,1,Kozhikode,Kerala
2017-08-30,7.16,80.39000000000001,129.57,259.86,40.31,1,Kozhikode,Kerala
2017-08-31,3.16,50.63000000000002,126.66000000000001,255.29999999999998,40.31,1,Kozhikode,Kerala
2017-09-01,6.94,17.260000000000016,129.68,251.72,7.16,1,Kozhikode,Kerala
2017-09-02,18.19,28.290000000000017,135.62,247.28000000000003,18.19,1,Kozhikode,Kerala
2017-09-03,4.56,29.690000000000015,113.24000000000001,233.53,18.19,1,Kozhikode,Kerala
2017-09-04,9.02,31.770000000000014,89.34,222.56,18.19,1,Kozhikode,Kerala
2017-09-05,11.32,24.900000000000013,60.35,212.61,11.32,1,Kozhikode,Kerala
2017-09-06,13.92,34.26000000000001,67.11,204.61,13.92,1,Kozhikode,Kerala
2017-09-07,5.85,31.090000000000014,69.8,202.53,13.92,1,Kozhikode,Kerala
2017-09-08,6.37,26.140000000000015,69.23,202.83,13.92,1,Kozhikode,Kerala
2017-09-09,17.17,29.390000000000015,68.21000000000001,216.08,17.17,1,Kozhikode,Kerala
2017-09-10,27.94,51.48000000000002,91.59,231.77,27.94,1,Kozhikode,Kerala
2017-09-11,9.39,54.500000000000014,91.96000000000001,214.22,27.94,1,Kozhikode,Kerala
2017-09-12,5.36,42.69000000000002,86.00000000000001,186.66,27.94,1,Kozhikode,Kerala
2017-09-13,22.13,36.88000000000001,94.21000000000001,168.48000000000002,22.13,1,Kozhikode,Kerala
2017-09-14,18.74,46.23000000000001,107.1,180.06,22.13,1,Kozhikode,Kerala
2017-09-15,15.32,56.19000000000001,116.05000000000001,192.22,22.13,1,Kozhikode,Kerala
2017-09-16,25.85,59.91000000000002,124.72999999999999,211.13000000000002,25.85,1,Kozhikode,Kerala
2017-09-17,37.64,78.81000000000002,134.43,230.57999999999998,37.64,1,Kozhikode,Kerala
2017-09-18,10.51,74.00000000000001,135.54999999999998,236.53,37.64,1,Kozhikode,Kerala
2017-09-19,12.15,60.30000000000001,142.34,239.66,37.64,1,Kozhikode,Kerala
2017-09-20,5.76,28.420000000000016,125.97,234.1,12.15,1,Kozhikode,Kerala
2017-09-21,2.74,20.650000000000016,109.97,222.92,12.15,1,Kozhikode,Kerala
2017-09-22,0.54,9.040000000000013,95.19,217.60999999999999,5.76,1,Kozhikode,Kerala
2017-09-23,0.11,3.3900000000000143,69.45,211.35,2.74,1,Kozhikode,Kerala
2017-09-24,1.55,2.2000000000000144,33.36,195.73000000000002,1.55,1,Kozhikode,Kerala
2017-09-25,6.2,7.8600000000000145,29.050000000000004,173.99,6.2,1,Kozhikode,Kerala
2017-09-26,7.47,15.220000000000013,24.37,172.07,7.47,1,Kozhikode,Kerala
2017-09-27,17.45,31.12000000000001,36.06,184.16,17.45,1,Kozhikode,Kerala
2017-09-28,11.29,36.21000000000001,44.61,173.32,17.45,1,Kozhikode,Kerala
2017-09-29,4.5,33.24000000000001,48.56999999999999,159.08,17.45,1,Kozhikode,Kerala
2017-09-30,3.96,19.750000000000014,52.419999999999995,147.72,11.29,1,Kozhikode,Kerala
2017-10-01,8.15,16.610000000000014,59.019999999999996,130.02,8.15,0,Kozhikode,Kerala
2017-10-02,6.29,18.400000000000013,59.11,98.67,8.15,0,Kozhikode,Kerala
2017-10-03,2.07,16.510000000000012,53.71,90.22999999999999,8.15,0,Kozhikode,Kerala
2017-10-04,3.16,11.520000000000014,39.42,81.24000000000001,6.29,0,Kozhikode,Kerala
2017-10-05,4.08,9.310000000000013,32.21,79.56,4.08,0,Kozhikode,Kerala
2017-10-06,10.99,18.230000000000015,38.7,87.81,10.99,0,Kozhikode,Kerala
2017-10-07,2.65,17.720000000000013,37.39,89.92,10.99,0,Kozhikode,Kerala
2017-10-08,5.13,18.770000000000014,34.37,94.94,10.99,0,Kozhikode,Kerala
2017-10-09,7.3,15.080000000000013,35.38,100.69,7.3,0,Kozhikode,Kerala
2017-10-10,5.81,18.240000000000013,39.12,100.3,7.3,0,Kozhikode,Kerala
2017-10-11,4.75,17.860000000000014,40.709999999999994,97.58,7.3,0,Kozhikode,Kerala
2017-10-12,6.57,17.130000000000013,43.199999999999996,86.69999999999999,6.57,0,Kozhikode,Kerala
2017-10-13,13.27,24.590000000000014,45.48,88.68,13.27,0,Kozhikode,Kerala
2017-10-14,11.64,31.480000000000015,54.47,95.82000000000001,13.27,0,Kozhikode,Kerala
2017-10-15,8.34,33.250000000000014,57.68,100.19999999999999,13.27,0,Kozhikode,Kerala
2017-10-16,2.76,22.740000000000016,53.14,94.81,11.64,0,Kozhikode,Kerala
2017-10-17,3.84,14.940000000000014,51.17,92.36,8.34,0,Kozhikode,Kerala
2017-10-18,1.75,8.350000000000014,48.17,92.04,3.84,0,Kozhikode,Kerala
2017-10-19,0.75,6.340000000000014,42.35,89.63,3.84,0,Kozhikode,Kerala
2017-10-20,0.17,2.670000000000014,29.25,85.72,1.75,0,Kozhikode,Kerala
2017-10-21,0.41,1.3300000000000143,18.019999999999996,75.14,0.75,0,Kozhikode,Kerala
2017-10-22,0.12,0.7000000000000142,9.799999999999999,72.61,0.41,0,Kozhikode,Kerala
2017-10-23,0.0,0.5300000000000141,7.04,67.48,0.41,0,Kozhikode,Kerala
2017-10-24,0.01,0.13000000000001422,3.21,60.19,0.12,0,Kozhikode,Kerala
2017-10-25,2.42,2.430000000000014,3.88,56.8,2.42,0,Kozhikode,Kerala
2017-10-26,11.01,13.440000000000014,14.14,63.06,11.01,0,Kozhikode,Kerala
2017-10-27,21.72,35.15000000000001,35.69,78.21,21.72,0,Kozhikode,Kerala
2017-10-28,3.06,35.79000000000001,38.34,68.0,21.72,0,Kozhikode,Kerala
2017-10-29,0.19,24.970000000000013,38.41,56.550000000000004,21.72,0,Kozhikode,Kerala
2017-10-30,0.72,3.970000000000014,39.129999999999995,48.93,3.06,0,Kozhikode,Kerala
2017-10-31,2.83,3.740000000000014,41.949999999999996,49.0,2.83,0,Kozhikode,Kerala
2017-11-01,5.42,8.970000000000013,44.949999999999996,50.58,5.42,0,Kozhikode,Kerala
2017-11-02,2.75,11.000000000000014,36.69,51.58,5.42,0,Kozhikode,Kerala
2017-11-03,2.0,10.170000000000016,16.97,52.83,5.42,0,Kozhikode,Kerala
2017-11-04,3.34,8.090000000000014,17.25,56.0,3.34,0,Kozhikode,Kerala
2017-11-05,5.15,10.490000000000014,22.209999999999997,60.739999999999995,5.15,0,Kozhikode,Kerala
2017-11-06,15.38,23.870000000000015,36.870000000000005,76.0,15.38,0,Kozhikode,Kerala
2017-11-07,2.76,23.290000000000013,36.800000000000004,78.76,15.38,0,Kozhikode,Kerala
2017-11-08,4.98,23.12000000000002,36.36,83.72999999999999,15.38,0,Kozhikode,Kerala
2017-11-09,14.9,22.640000000000015,48.510000000000005,96.21,14.9,0,Kozhikode,Kerala
2017-11-10,0.09,19.970000000000017,46.6,85.29,14.9,0,Kozhikode,Kerala
2017-11-11,0.02,15.010000000000014,43.28000000000001,63.59,14.9,0,Kozhikode,Kerala
2017-11-12,0.01,0.1200000000000142,38.14,60.54,0.09,0,Kozhikode,Kerala
2017-11-13,0.0,0.03000000000001421,22.76,60.349999999999994,0.02,0,Kozhikode,Kerala
2017-11-14,0.05,0.06000000000001421,20.05,59.68,0.05,0,Kozhikode,Kerala
2017-11-15,0.02,0.0700000000000142,15.09,56.87,0.05,0,Kozhikode,Kerala
2017-11-16,0.46,0.5300000000000142,0.65,51.91,0.46,0,Kozhikode,Kerala
2017-11-17,0.41,0.8900000000000142,0.97,49.57,0.46,0,Kozhikode,Kerala
2017-11-18,0.44,1.3100000000000143,1.3900000000000001,48.01,0.46,0,Kozhikode,Kerala
2017-11-19,1.96,2.8100000000000143,3.34,46.63,1.96,0,Kozhikode,Kerala
2017-11-20,4.65,7.050000000000015,7.99,46.13,4.65,0,Kozhikode,Kerala
2017-11-21,1.06,7.670000000000016,9.0,31.810000000000002,4.65,0,Kozhikode,Kerala
2017-11-22,0.51,6.220000000000015,9.49,29.560000000000002,4.65,0,Kozhikode,Kerala
2017-11-23,0.28,1.8500000000000143,9.31,24.86,1.06,0,Kozhikode,Kerala
2017-11-24,0.33,1.1200000000000143,9.23,10.290000000000001,0.51,0,Kozhikode,Kerala
2017-11-25,0.22,0.8300000000000143,9.01,10.42,0.33,0,Kozhikode,Kerala
2017-11-26,0.23,0.7800000000000142,7.28,10.63,0.33,0,Kozhikode,Kerala
2017-11-27,1.8,2.250000000000014,4.43,12.420000000000002,1.8,0,Kozhikode,Kerala
2017-11-28,1.5,3.530000000000014,4.87,13.920000000000002,1.8,0,Kozhikode,Kerala
2017-11-29,1.71,5.010000000000014,6.07,15.58,1.8,0,Kozhikode,Kerala
2017-11-30,8.82,12.030000000000015,14.61,24.380000000000003,8.82,0,Kozhikode,Kerala
2017-12-01,31.11,41.640000000000015,45.39,55.03,31.11,0,Kozhikode,Kerala
2017-12-02,3.56,43.490000000000016,48.730000000000004,58.18000000000001,31.11,0,Kozhikode,Kerala
2017-12-03,0.16,34.83000000000001,48.66,57.9,31.11,0,Kozhikode,Kerala
2017-12-04,0.33,4.050000000000014,47.19,56.269999999999996,3.56,0,Kozhikode,Kerala
2017-12-05,0.69,1.1800000000000141,46.38,52.31,0.69,0,Kozhikode,Kerala
2017-12-06,0.11,1.1300000000000143,44.78,51.36,0.69,0,Kozhikode,Kerala
2017-12-07,0.14,0.9400000000000142,36.1,50.99,0.69,0,Kozhikode,Kerala
2017-12-08,0.02,0.27000000000001423,5.01,50.73,0.14,0,Kozhikode,Kerala
2017-12-09,0.01,0.17000000000001422,1.46,50.410000000000004,0.14,0,Kozhikode,Kerala
2017-12-10,0.06,0.09000000000001421,1.36,50.25,0.06,0,Kozhikode,Kerala
2017-12-11,0.26,0.3300000000000142,1.29,50.28,0.26,0,Kozhikode,Kerala
2017-12-12,0.43,0.7500000000000142,1.03,48.910000000000004,0.43,0,Kozhikode,Kerala
2017-12-13,1.26,1.9500000000000144,2.18,48.67,1.26,0,Kozhikode,Kerala
2017-12-14,1.14,2.8300000000000143,3.1799999999999997,48.1,1.26,0,Kozhikode,Kerala
2017-12-15,0.11,2.510000000000014,3.2699999999999996,39.39,1.26,0,Kozhikode,Kerala
2017-12-16,0.02,1.270000000000014,3.28,8.3,1.14,0,Kozhikode,Kerala
2017-12-17,0.01,0.14000000000001422,3.23,4.749999999999999,0.11,0,Kozhikode,Kerala
2017-12-18,0.0,0.03000000000001421,2.9699999999999998,4.59,0.02,0,Kozhikode,Kerala
2017-12-19,0.0,0.010000000000014211,2.54,4.26,0.01,0,Kozhikode,Kerala
2017-12-20,0.02,0.02000000000001421,1.2999999999999998,3.59,0.02,0,Kozhikode,Kerala
2017-12-21,0.04,0.06000000000001421,0.2,3.52,0.04,0,Kozhikode,Kerala
2017-12-22,0.06,0.1200000000000142,0.15,3.4399999999999995,0.06,0,Kozhikode,Kerala
2017-12-23,0.0,0.10000000000001422,0.13,3.42,0.06,0,Kozhikode,Kerala
2017-12-24,0.0,0.060000000000014216,0.12,3.4099999999999997,0.06,0,Kozhikode,Kerala
2017-12-25,0.0,0.0,0.12,3.3499999999999996,0.0,0,Kozhikode,Kerala
2017-12-26,0.0,0.0,0.12,3.09,0.0,0,Kozhikode,Kerala
2017-12-27,0.0,0.0,0.1,2.6599999999999997,0.0,0,Kozhikode,Kerala
2017-12-28,0.0,0.0,0.06,1.4,0.0,0,Kozhikode,Kerala
2017-12-29,0.0,0.0,0.0,0.26,0.0,0,Kozhikode,Kerala
2017-12-30,0.0,0.0,0.0,0.15000000000000002,0.0,0,Kozhikode,Kerala
2017-12-31,0.0,0.0,0.0,0.13,0.0,0,Kozhikode,Kerala
2018-01-01,0.0,0.0,0.0,0.12,0.0,0,Kozhikode,Kerala
2018-01-02,0.0,0.0,0.0,0.12,0.0,0,Kozhikode,Kerala
2018-01-03,0.0,0.0,0.0,0.12,0.0,0,Kozhikode,Kerala
2018-01-04,0.01,0.010000000000014218,0.01,0.11,0.01,0,Kozhikode,Kerala
2018-01-05,0.08,0.09000000000001422,0.09,0.15000000000000002,0.08,0,Kozhikode,Kerala
2018-01-06,0.1,0.1900000000000142,0.19,0.19,0.1,0,Kozhikode,Kerala
2018-01-07,0.07,0.2500000000000142,0.26,0.26,0.1,0,Kozhikode,Kerala
2018-01-08,0.02,0.19000000000001424,0.28,0.28,0.1,0,Kozhikode,Kerala
2018-01-09,0.02,0.11000000000001423,0.3,0.30000000000000004,0.07,0,Kozhikode,Kerala
2018-01-10,0.48,0.5200000000000142,0.78,0.78,0.48,0,Kozhikode,Kerala
2018-01-11,0.23,0.7300000000000142,1.0,1.01,0.48,0,Kozhikode,Kerala
2018-01-12,0.14,0.8500000000000142,1.06,1.1500000000000001,0.48,0,Kozhikode,Kerala
2018-01-13,0.01,0.38000000000001427,0.97,1.1600000000000001,0.23,0,Kozhikode,Kerala
2018-01-14,0.01,0.16000000000001427,0.91,1.1700000000000002,0.14,0,Kozhikode,Kerala
2018-01-15,0.0,0.020000000000014267,0.89,1.1700000000000002,0.01,0,Kozhikode,Kerala
2018-01-16,0.0,0.010000000000014267,0.87,1.1700000000000002,0.01,0,Kozhikode,Kerala
2018-01-17,0.07,0.07000000000001427,0.46,1.24,0.07,0,Kozhikode,Kerala
2018-01-18,0.0,0.07000000000001427,0.23000000000000004,1.24,0.07,0,Kozhikode,Kerala
2018-01-19,0.0,0.07000000000001427,0.09000000000000001,1.23,0.07,0,Kozhikode,Kerala
2018-01-20,0.0,0.0,0.08000000000000002,1.15,0.0,0,Kozhikode,Kerala
2018-01-21,0.0,0.0,0.07,1.05,0.0,0,Kozhikode,Kerala
2018-01-22,0.01,0.010000000000014267,0.08,0.9900000000000001,0.01,0,Kozhikode,Kerala
2018-01-23,0.0,0.010000000000014267,0.08,0.9700000000000001,0.01,0,Kozhikode,Kerala
2018-01-24,0.0,0.010000000000014267,0.01,0.9500000000000001,0.01,0,Kozhikode,Kerala
2018-01-25,0.0,0.0,0.01,0.47000000000000003,0.0,0,Kozhikode,Kerala
2018-01-26,0.06,0.060000000000014264,0.06999999999999999,0.30000000000000004,0.06,0,Kozhikode,Kerala
2018-01-27,0.06,0.12000000000001426,0.13,0.22,0.06,0,Kozhikode,Kerala
2018-01-28,0.11,0.23000000000001425,0.24,0.32,0.11,0,Kozhikode,Kerala
2018-01-29,0.05,0.22000000000001427,0.27999999999999997,0.36,0.11,0,Kozhikode,Kerala
2018-01-30,0.0,0.16000000000001427,0.27999999999999997,0.36,0.11,0,Kozhikode,Kerala
2018-01-31,0.0,0.05000000000001427,0.27999999999999997,0.36,0.05,0,Kozhikode,Kerala
2018-02-01,0.0,0.0,0.27999999999999997,0.29,0.0,0,Kozhikode,Kerala
2018-02-02,0.0,0.0,0.21999999999999997,0.29,0.0,0,Kozhikode,Kerala
2018-02-03,0.0,0.0,0.15999999999999998,0.29,0.0,0,Kozhikode,Kerala
2018-02-04,0.0,0.0,0.05,0.29,0.0,0,Kozhikode,Kerala
2018-02-05,0.0,0.0,0.0,0.29,0.0,0,Kozhikode,Kerala
2018-02-06,0.96,0.9600000000000142,0.96,1.24,0.96,0,Kozhikode,Kerala
2018-02-07,1.7,2.6600000000000144,2.66,2.94,1.7,0,Kozhikode,Kerala
2018-02-08,0.71,3.3700000000000143,3.37,3.65,1.7,0,Kozhikode,Kerala
2018-02-09,1.69,4.100000000000014,5.06,5.34,1.7,0,Kozhikode,Kerala
2018-02-10,0.45,2.850000000000014,5.51,5.73,1.69,0,Kozhikode,Kerala
2018-02-11,0.16,2.300000000000014,5.67,5.83,1.69,0,Kozhikode,Kerala
2018-02-12,0.49,1.1000000000000143,6.16,6.21,0.49,0,Kozhikode,Kerala
2018-02-13,0.07,0.7200000000000142,5.27,6.2299999999999995,0.49,0,Kozhikode,Kerala
2018-02-14,0.01,0.5700000000000142,3.5799999999999996,6.239999999999999,0.49,0,Kozhikode,Kerala
2018-02-15,0.0,0.08000000000001421,2.87,6.239999999999999,0.07,0,Kozhikode,Kerala
2018-02-16,0.0,0.010000000000014211,1.18,6.239999999999999,0.01,0,Kozhikode,Kerala
2018-02-17,0.0,0.0,0.73,6.239999999999999,0.0,0,Kozhikode,Kerala
2018-02-18,0.0,0.0,0.57,6.239999999999999,0.0,0,Kozhikode,Kerala
2018-02-19,0.01,0.010000000000014211,0.09000000000000001,6.25,0.01,0,Kozhikode,Kerala
2018-02-20,0.01,0.02000000000001421,0.03,6.26,0.01,0,Kozhikode,Kerala
2018-02-21,0.0,0.02000000000001421,0.019999999999999997,5.3,0.01,0,Kozhikode,Kerala
2018-02-22,0.0,0.010000000000014211,0.019999999999999997,3.6,0.01,0,Kozhikode,Kerala
2018-02-23,0.0,0.0,0.019999999999999997,2.89,0.0,0,Kozhikode,Kerala
2018-02-24,0.0,0.0,0.019999999999999997,1.2,0.0,0,Kozhikode,Kerala
2018-02-25,0.01,0.010000000000014211,0.03,0.76,0.01,0,Kozhikode,Kerala
2018-02-26,0.05,0.060000000000014216,0.07,0.65,0.05,0,Kozhikode,Kerala
2018-02-27,0.12,0.1800000000000142,0.18,0.28,0.12,0,Kozhikode,Kerala
2018-02-28,0.19,0.3600000000000142,0.37,0.4,0.19,0,Kozhikode,Kerala
2018-03-01,0.09,0.40000000000001423,0.45999999999999996,0.48,0.19,0,Kozhikode,Kerala
2018-03-02,0.06,0.3400000000000142,0.52,0.54,0.19,0,Kozhikode,Kerala
2018-03-03,0.0,0.1500000000000142,0.52,0.54,0.09,0,Kozhikode,Kerala
2018-03-04,0.0,0.06000000000001421,0.51,0.54,0.06,0,Kozhikode,Kerala
2018-03-05,0.01,0.010000000000014211,0.47,0.5499999999999999,0.01,0,Kozhikode,Kerala
2018-03-06,0.02,0.03000000000001421,0.37,0.5599999999999999,0.02,0,Kozhikode,Kerala
2018-03-07,0.06,0.09000000000001421,0.24,0.61,0.06,0,Kozhikode,Kerala
2018-03-08,0.03,0.11000000000001421,0.18,0.6399999999999999,0.06,0,Kozhikode,Kerala
2018-03-09,0.03,0.1200000000000142,0.15,0.6699999999999999,0.06,0,Kozhikode,Kerala
2018-03-10,0.01,0.0700000000000142,0.16,0.6799999999999999,0.03,0,Kozhikode,Kerala
2018-03-11,0.01,0.050000000000014214,0.16999999999999998,0.69,0.03,0,Kozhikode,Kerala
2018-03-12,0.25,0.27000000000001423,0.41,0.9299999999999999,0.25,0,Kozhikode,Kerala
2018-03-13,1.55,1.8100000000000143,1.94,2.43,1.55,0,Kozhikode,Kerala
2018-03-14,2.56,4.3600000000000145,4.44,4.869999999999999,2.56,0,Kozhikode,Kerala
2018-03-15,3.78,7.890000000000014,8.19,8.46,3.78,0,Kozhikode,Kerala
2018-03-16,5.07,11.410000000000014,13.23,13.440000000000001,5.07,0,Kozhikode,Kerala
2018-03-17,1.39,10.240000000000014,14.610000000000001,14.77,5.07,0,Kozhikode,Kerala
2018-03-18,3.61,10.070000000000014,18.21,18.38,5.07,0,Kozhikode,Kerala
2018-03-19,1.78,6.7800000000000145,19.740000000000002,20.16,3.61,0,Kozhikode,Kerala
2018-03-20,0.29,5.680000000000015,18.48,20.439999999999998,3.61,0,Kozhikode,Kerala
2018-03-21,0.64,2.710000000000014,16.56,21.06,1.78,0,Kozhikode,Kerala
2018-03-22,1.51,2.440000000000014,14.290000000000001,22.51,1.51,0,Kozhikode,Kerala
2018-03-23,1.0,3.150000000000014,10.22,23.48,1.51,0,Kozhikode,Kerala
2018-03-24,0.68,3.190000000000014,9.51,24.130000000000003,1.51,0,Kozhikode,Kerala
2018-03-25,0.96,2.6400000000000143,6.86,25.08,1.0,0,Kozhikode,Kerala
2018-03-26,0.58,2.220000000000014,5.66,25.65,0.96,0,Kozhikode,Kerala
2018-03-27,0.34,1.880000000000014,5.71,25.74,0.96,0,Kozhikode,Kerala
2018-03-28,0.48,1.4000000000000141,5.55,24.67,0.58,0,Kozhikode,Kerala
2018-03-29,0.54,1.360000000000014,4.58,22.65,0.54,0,Kozhikode,Kerala
2018-03-30,0.63,1.6500000000000141,4.21,19.5,0.63,0,Kozhikode,Kerala
2018-03-31,0.56,1.7300000000000142,4.09,14.989999999999998,0.63,0,Kozhikode,Kerala
2018-04-01,1.77,2.960000000000014,4.9,15.37,1.77,0,Kozhikode,Kerala
2018-04-02,3.52,5.850000000000014,7.84,15.28,3.52,0,Kozhikode,Kerala
2018-04-03,1.85,7.140000000000014,9.350000000000001,15.35,3.52,0,Kozhikode,Kerala
2018-04-04,1.08,6.450000000000014,9.95,16.14,3.52,0,Kozhikode,Kerala
2018-04-05,0.5,3.4300000000000144,9.91,15.999999999999998,1.85,0,Kozhikode,Kerala
2018-04-06,0.8,2.380000000000014,10.08,15.29,1.08,0,Kozhikode,Kerala
2018-04-07,0.92,2.2200000000000144,10.44,15.209999999999999,0.92,0,Kozhikode,Kerala
2018-04-08,1.85,3.5700000000000145,10.52,16.38,1.85,0,Kozhikode,Kerala
2018-04-09,2.47,5.240000000000014,9.47,17.89,2.47,0,Kozhikode,Kerala
2018-04-10,2.74,7.060000000000015,10.360000000000001,20.049999999999997,2.74,0,Kozhikode,Kerala
2018-04-11,4.16,9.370000000000015,13.440000000000001,23.869999999999997,4.16,0,Kozhikode,Kerala
2018-04-12,4.6,11.500000000000014,17.54,27.99,4.6,0,Kozhikode,Kerala
2018-04-13,26.84,35.600000000000016,43.58,54.29,26.84,0,Kozhikode,Kerala
2018-04-14,4.24,35.680000000000014,46.9,57.9,26.84,0,Kozhikode,Kerala
2018-04-15,11.81,42.890000000000015,56.86,69.15,26.84,0,Kozhikode,Kerala
2018-04-16,1.81,17.860000000000014,56.2,69.19000000000001,11.81,0,Kozhikode,Kerala
2018-04-17,1.56,15.180000000000014,55.02,67.22999999999999,11.81,0,Kozhikode,Kerala
2018-04-18,1.71,5.080000000000014,52.57,67.09,1.81,0,Kozhikode,Kerala
2018-04-19,1.98,5.250000000000014,49.95,67.99000000000001,1.98,0,Kozhikode,Kerala
2018-04-20,3.09,6.780000000000014,26.200000000000003,70.58,3.09,0,Kozhikode,Kerala
2018-04-21,8.82,13.890000000000015,30.78,78.60000000000001,8.82,0,Kozhikode,Kerala
2018-04-22,4.57,16.480000000000015,23.540000000000006,82.25,8.82,0,Kozhikode,Kerala
2018-04-23,1.99,15.380000000000015,23.720000000000006,82.39,8.82,0,Kozhikode,Kerala
2018-04-24,1.15,7.710000000000014,23.310000000000002,81.07,4.57,0,Kozhikode,Kerala
2018-04-25,1.69,4.830000000000014,23.290000000000003,80.02,1.99,0,Kozhikode,Kerala
2018-04-26,3.36,6.2000000000000135,24.670000000000005,79.22,3.36,0,Kozhikode,Kerala
2018-04-27,2.88,7.930000000000014,24.460000000000004,77.5,3.36,0,Kozhikode,Kerala
2018-04-28,2.19,8.430000000000014,17.830000000000002,52.85,3.36,0,Kozhikode,Kerala
2018-04-29,1.0,6.0700000000000145,14.260000000000003,49.61,2.88,0,Kozhikode,Kerala
2018-04-30,2.23,5.420000000000014,14.500000000000004,40.029999999999994,2.23,0,Kozhikode,Kerala
2018-05-01,12.49,15.720000000000015,25.840000000000003,50.71,12.49,0,Kozhikode,Kerala
2018-05-02,6.91,21.630000000000017,31.060000000000002,56.06,12.49,0,Kozhikode,Kerala
2018-05-03,12.26,31.660000000000014,39.96000000000001,66.61,12.49,0,Kozhikode,Kerala
2018-05-04,5.34,24.510000000000016,42.42,69.97,12.26,0,Kozhikode,Kerala
2018-05-05,6.98,24.580000000000016,47.21000000000001,73.86,12.26,0,Kozhikode,Kerala
2018-05-06,4.39,16.710000000000015,50.6,69.42999999999999,6.98,0,Kozhikode,Kerala
2018-05-07,2.99,14.360000000000014,51.36,67.85000000000001,6.98,0,Kozhikode,Kerala
2018-05-08,19.38,26.760000000000012,58.25,85.24,19.38,0,Kozhikode,Kerala
2018-05-09,8.03,30.400000000000013,59.37,92.12,19.38,0,Kozhikode,Kerala
2018-05-10,6.05,33.460000000000015,53.160000000000004,96.48,19.38,0,Kozhikode,Kerala
2018-05-11,9.94,24.020000000000014,57.76,103.06,9.94,0,Kozhikode,Kerala
2018-05-12,5.32,21.310000000000016,56.1,105.5,9.94,0,Kozhikode,Kerala
2018-05-13,5.79,21.050000000000015,57.5,109.1,9.94,0,Kozhikode,Kerala
2018-05-14,9.94,21.050000000000015,64.45,118.03999999999999,9.94,0,Kozhikode,Kerala
2018-05-15,4.81,20.540000000000013,49.88,120.61999999999999,9.94,0,Kozhikode,Kerala
2018-05-16,5.64,20.390000000000015,47.49,113.77,9.94,0,Kozhikode,Kerala
2018-05-17,5.29,15.740000000000013,46.73,112.15,5.64,0,Kozhikode,Kerala
2018-05-18,4.38,15.310000000000015,41.17,104.27,5.64,0,Kozhikode,Kerala
2018-05-19,6.87,16.540000000000013,42.72,105.8,6.87,0,Kozhikode,Kerala
2018-05-20,7.87,19.120000000000015,44.8,106.69,7.87,0,Kozhikode,Kerala
2018-05-21,4.61,19.350000000000016,39.470000000000006,106.91000000000001,7.87,0,Kozhikode,Kerala
2018-05-22,2.15,14.630000000000013,36.81,106.07,7.87,0,Kozhikode,Kerala
2018-05-23,6.9,13.660000000000014,38.07,93.59,6.9,0,Kozhikode,Kerala
2018-05-24,7.54,16.590000000000014,40.32,93.1,7.54,0,Kozhikode,Kerala
2018-05-25,28.93,43.37000000000001,64.87,115.98,28.93,0,Kozhikode,Kerala
2018-05-26,21.99,58.46000000000001,79.99,128.03,28.93,0,Kozhikode,Kerala
2018-05-27,29.36,80.28000000000002,101.47999999999999,152.07,29.36,0,Kozhikode,Kerala
2018-05-28,75.64,126.99000000000001,172.51,221.92000000000002,75.64,0,Kozhikode,Kerala
2018-05-29,26.73,131.73000000000002,197.08999999999997,238.71,75.64,0,Kozhikode,Kerala
2018-05-30,7.49,109.86000000000001,197.68,241.39000000000001,75.64,0,Kozhikode,Kerala
2018-05-31,7.75,41.97000000000001,197.89,243.5,26.73,0,Kozhikode,Kerala
2018-06-01,1.9,17.140000000000015,170.85999999999999,240.10999999999999,7.75,1,Kozhikode,Kerala
2018-06-02,6.77,16.420000000000016,155.64,242.5,7.75,1,Kozhikode,Kerala
2018-06-03,10.02,18.690000000000012,136.3,245.65,10.02,1,Kozhikode,Kerala
2018-06-04,8.62,25.410000000000014,69.28,246.39999999999998,10.02,1,Kozhikode,Kerala
2018-06-05,5.5,24.140000000000015,48.05,247.29,10.02,1,Kozhikode,Kerala
2018-06-06,10.8,24.920000000000016,51.36,255.94,10.8,1,Kozhikode,Kerala
2018-06-07,45.0,61.30000000000002,88.61,294.03999999999996,45.0,1,Kozhikode,Kerala
2018-06-08,19.49,75.29000000000002,106.19999999999999,305.98999999999995,45.0,1,Kozhikode,Kerala
2018-06-09,36.93,101.42000000000002,136.36,313.99,45.0,1,Kozhikode,Kerala
2018-06-10,27.73,84.15,154.07,319.73,36.93,1,Kozhikode,Kerala
2018-06-11,22.21,86.87000000000002,167.66,312.58,36.93,1,Kozhikode,Kerala
2018-06-12,17.72,67.66000000000001,179.88,254.66000000000003,27.73,1,Kozhikode,Kerala
2018-06-13,19.54,59.47,188.61999999999998,247.47,22.21,1,Kozhikode,Kerala
2018-06-14,32.67,69.93,176.29000000000002,272.65,32.67,1,Kozhikode,Kerala
2018-06-15,12.32,64.53,169.12,277.21999999999997,32.67,1,Kozhikode,Kerala
2018-06-16,14.55,59.540000000000006,146.74,289.87,32.67,1,Kozhikode,Kerala
2018-06-17,10.79,37.66,129.8,293.89000000000004,14.55,1,Kozhikode,Kerala
2018-06-18,7.69,33.03,115.28,291.56,14.55,1,Kozhikode,Kerala
2018-06-19,12.24,30.72,109.80000000000001,295.18,12.24,1,Kozhikode,Kerala
2018-06-20,20.0,39.93,110.26,309.68,20.0,1,Kozhikode,Kerala
2018-06-21,13.21,45.45,90.8,312.09,20.0,1,Kozhikode,Kerala
2018-06-22,2.94,36.15,81.41999999999999,270.03000000000003,20.0,1,Kozhikode,Kerala
2018-06-23,5.39,21.54,72.25999999999999,255.93,13.21,1,Kozhikode,Kerala
2018-06-24,5.47,13.8,66.94,224.47,5.47,1,Kozhikode,Kerala
2018-06-25,18.56,29.42,77.81,215.3,18.56,1,Kozhikode,Kerala
2018-06-26,9.45,33.48,75.02000000000001,202.54,18.56,1,Kozhikode,Kerala
2018-06-27,16.02,44.03,71.04,200.84,18.56,1,Kozhikode,Kerala
2018-06-28,35.75,61.22,93.58,217.05,35.75,1,Kozhikode,Kerala
2018-06-29,23.44,75.21,114.08,207.82,35.75,1,Kozhikode,Kerala
2018-06-30,9.38,68.57000000000001,118.07000000000001,204.88,35.75,1,Kozhikode,Kerala
2018-07-01,4.03,36.85,116.63000000000001,194.36,23.44,1,Kozhikode,Kerala
2018-07-02,5.11,18.520000000000003,103.18,188.67999999999998,9.38,1,Kozhikode,Kerala
2018-07-03,7.58,16.72,101.31000000000002,188.57,7.58,1,Kozhikode,Kerala
2018-07-04,2.73,15.42,88.02,179.06,7.58,1,Kozhikode,Kerala
2018-07-05,2.89,13.2,55.160000000000004,161.95000000000002,7.58,1,Kozhikode,Kerala
2018-07-06,8.89,14.51,40.61,157.63,8.89,1,Kozhikode,Kerala
2018-07-07,18.28,30.060000000000002,49.510000000000005,172.97,18.28,1,Kozhikode,Kerala
2018-07-08,25.49,52.66,70.97,193.07,25.49,1,Kozhikode,Kerala
2018-07-09,39.23,83.0,105.09,226.82999999999998,39.23,1,Kozhikode,Kerala
2018-07-10,55.3,120.02,152.81,263.57,55.3,1,Kozhikode,Kerala
2018-07-11,46.0,140.53,196.08,300.12,55.3,1,Kozhikode,Kerala
2018-07-12,14.27,115.57,207.45999999999998,298.37,55.3,1,Kozhikode,Kerala
2018-07-13,21.56,81.83,220.13,284.18,46.0,1,Kozhikode,Kerala
2018-07-14,15.0,50.83,216.85,275.74,21.56,1,Kozhikode,Kerala
2018-07-15,29.68,66.24000000000001,221.04,296.04,29.68,1,Kozhikode,Kerala
2018-07-16,24.28,68.96000000000001,206.09,316.28999999999996,29.68,1,Kozhikode,Kerala
2018-07-17,24.65,78.61,175.44,335.83,29.68,1,Kozhikode,Kerala
2018-07-18,26.39,75.32,155.82999999999998,354.64,26.39,1,Kozhikode,Kerala
2018-07-19,21.41,72.45,162.97,373.32,26.39,1,Kozhikode,Kerala
2018-07-20,29.69,77.49000000000001,171.10000000000002,400.12,29.69,1,Kozhikode,Kerala
2018-07-21,16.19,67.29,172.29000000000002,407.42,29.69,1,Kozhikode,Kerala
2018-07-22,7.77,53.650000000000006,150.38,396.90999999999997,29.69,1,Kozhikode,Kerala
2018-07-23,11.52,35.480000000000004,137.62,382.94,16.19,1,Kozhikode,Kerala
2018-07-24,11.19,30.479999999999997,124.16,354.9,11.52,1,Kozhikode,Kerala
2018-07-25,14.68,37.39,112.45,314.28,14.68,1,Kozhikode,Kerala
2018-07-26,10.55,36.42,101.59,278.83,14.68,1,Kozhikode,Kerala
2018-07-27,3.6,28.830000000000002,75.5,268.16,14.68,1,Kozhikode,Kerala
2018-07-28,6.23,20.380000000000003,65.54,252.83,10.55,1,Kozhikode,Kerala
2018-07-29,10.49,20.32,68.26,248.32,10.49,1,Kozhikode,Kerala
2018-07-30,15.04,31.759999999999998,71.78,233.68,15.04,1,Kozhikode,Kerala
2018-07-31,14.94,40.47,75.53,224.34,15.04,1,Kozhikode,Kerala
2018-08-01,5.33,35.31,66.17999999999999,205.01999999999998,15.04,1,Kozhikode,Kerala
2018-08-02,4.34,24.61,59.97,182.97,14.94,1,Kozhikode,Kerala
2018-08-03,22.98,32.65,79.35,184.54000000000002,22.98,1,Kozhikode,Kerala
2018-08-04,3.73,31.050000000000004,76.85,158.58,22.98,1,Kozhikode,Kerala
2018-08-05,3.29,30.0,69.65,145.68,22.98,1,Kozhikode,Kerala
2018-08-06,5.88,12.900000000000004,60.49,143.79,5.88,1,Kozhikode,Kerala
2018-08-07,17.98,27.150000000000006,63.53,150.25,17.98,1,Kozhikode,Kerala
2018-08-08,29.5,53.36,87.7,168.56,29.5,1,Kozhikode,Kerala
2018-08-09,35.19,82.66999999999999,118.55,189.07000000000002,35.19,1,Kozhikode,Kerala
2018-08-10,14.03,78.72,109.6,192.55,35.19,1,Kozhikode,Kerala
2018-08-11,29.91,79.13,135.78,218.86,35.19,1,Kozhikode,Kerala
2018-08-12,35.96,79.9,168.45000000000002,248.58999999999997,35.96,1,Kozhikode,Kerala
2018-08-13,22.11,87.97999999999999,184.67999999999998,260.21000000000004,35.96,1,Kozhikode,Kerala
2018-08-14,47.95,106.02000000000001,214.65,293.12,47.95,1,Kozhikode,Kerala
2018-08-15,103.13,173.19,288.28,381.31,103.13,1,Kozhikode,Kerala
2018-08-16,35.24,186.32000000000002,288.33,411.22,103.13,1,Kozhikode,Kerala
2018-08-17,40.22,178.59,314.52000000000004,447.09999999999997,103.13,1,Kozhikode,Kerala
2018-08-18,17.47,92.93,302.08,441.59000000000003,40.22,1,Kozhikode,Kerala
2018-08-19,5.76,63.449999999999996,271.88000000000005,443.62,40.22,1,Kozhikode,Kerala
2018-08-20,5.34,28.57,255.11,445.66999999999996,17.47,1,Kozhikode,Kerala
2018-08-21,4.46,15.559999999999999,211.62,444.25,5.76,1,Kozhikode,Kerala
2018-08-22,2.33,12.129999999999999,110.82,428.6,5.34,1,Kozhikode,Kerala
2018-08-23,1.9,8.69,77.47999999999999,401.0,4.46,1,Kozhikode,Kerala
2018-08-24,3.63,7.859999999999999,40.89,369.44,3.63,1,Kozhikode,Kerala
2018-08-25,1.86,7.39,25.28,357.27,3.63,1,Kozhikode,Kerala
2018-08-26,1.91,7.4,21.43,329.27000000000004,3.63,1,Kozhikode,Kerala
2018-08-27,6.06,9.83,22.15,299.37,6.06,1,Kozhikode,Kerala
2018-08-28,9.49,17.459999999999997,27.18,286.74999999999994,9.49,1,Kozhikode,Kerala
2018-08-29,2.67,18.22,27.519999999999996,241.46999999999997,9.49,1,Kozhikode,Kerala
2018-08-30,3.13,15.29,28.75,141.46999999999997,9.49,1,Kozhikode,Kerala
2018-08-31,5.1,10.899999999999999,30.22,111.33,5.1,1,Kozhikode,Kerala
2018-09-01,1.83,10.059999999999999,30.189999999999998,72.93999999999998,5.1,1,Kozhikode,Kerala
2018-09-02,0.47,7.399999999999998,28.75,55.94,5.1,1,Kozhikode,Kerala
2018-09-03,0.05,2.3499999999999983,22.74,50.23,1.83,1,Kozhikode,Kerala
2018-09-04,0.02,0.5399999999999981,13.27,44.91,0.47,1,Kozhikode,Kerala
2018-09-05,0.11,0.17999999999999822,10.709999999999999,40.559999999999995,0.11,1,Kozhikode,Kerala
2018-09-06,0.25,0.37999999999999823,7.83,38.48,0.25,1,Kozhikode,Kerala
2018-09-07,0.49,0.8499999999999982,3.22,37.07,0.49,1,Kozhikode,Kerala
2018-09-08,0.9,1.6399999999999983,2.29,34.339999999999996,0.9,1,Kozhikode,Kerala
2018-09-09,0.03,1.4199999999999982,1.85,32.51,0.9,1,Kozhikode,Kerala
2018-09-10,0.32,1.2499999999999982,2.12,30.92,0.9,1,Kozhikode,Kerala
2018-09-11,3.07,3.419999999999998,5.17,27.93,3.07,1,Kozhikode,Kerala
2018-09-12,1.33,4.719999999999999,6.39,19.77,3.07,1,Kozhikode,Kerala
2018-09-13,0.46,4.8599999999999985,6.6,17.560000000000002,3.07,1,Kozhikode,Kerala
2018-09-14,1.48,3.2699999999999982,7.59,15.909999999999998,1.48,1,Kozhikode,Kerala
2018-09-15,3.44,5.379999999999998,10.129999999999999,14.25,3.44,1,Kozhikode,Kerala
2018-09-16,2.5,7.419999999999998,12.600000000000001,14.920000000000002,3.44,1,Kozhikode,Kerala
2018-09-17,1.52,7.459999999999997,13.8,15.97,3.44,1,Kozhikode,Kerala
2018-09-18,0.67,4.689999999999999,11.4,16.59,2.5,1,Kozhikode,Kerala
2018-09-19,0.65,2.839999999999998,10.72,17.22,1.52,1,Kozhikode,Kerala
2018-09-20,0.57,1.8899999999999983,10.829999999999998,17.68,0.67,1,Kozhikode,Kerala
2018-09-21,0.39,1.6099999999999983,9.74,17.82,0.65,1,Kozhikode,Kerala
2018-09-22,0.13,1.089999999999998,6.43,17.459999999999997,0.57,1,Kozhikode,Kerala
2018-09-23,2.08,2.5999999999999983,6.01,18.64,2.08,1,Kozhikode,Kerala
2018-09-24,8.83,11.04,13.32,27.439999999999998,8.83,1,Kozhikode,Kerala
2018-09-25,1.45,12.359999999999998,14.1,28.57,8.83,1,Kozhikode,Kerala
2018-09-26,27.32,37.599999999999994,40.769999999999996,52.82,27.32,1,Kozhikode,Kerala
2018-09-27,12.21,40.98,52.41,63.7,27.32,1,Kozhikode,Kerala
2018-09-28,22.46,61.989999999999995,74.48,85.7,27.32,1,Kozhikode,Kerala
2018-09-29,15.28,49.95,89.63000000000001,99.5,22.46,1,Kozhikode,Kerala
2018-09-30,10.0,47.739999999999995,97.55000000000001,106.06,22.46,1,Kozhikode,Kerala
2018-10-01,12.55,37.83,101.27,116.11,15.28,0,Kozhikode,Kerala
2018-10-02,6.67,29.219999999999995,106.49000000000001,121.26,12.55,0,Kozhikode,Kerala
2018-10-03,12.1,31.32,91.27,132.69,12.55,0,Kozhikode,Kerala
2018-10-04,22.12,40.88999999999999,101.18,154.16,22.12,0,Kozhikode,Kerala
2018-10-05,25.24,59.459999999999994,103.96,178.83,25.24,0,Kozhikode,Kerala
2018-10-06,21.27,68.63,109.94999999999999,199.70999999999998,25.24,0,Kozhikode,Kerala
2018-10-07,8.03,54.53999999999999,107.97999999999999,207.60999999999999,25.24,0,Kozhikode,Kerala
2018-10-08,18.36,47.66,113.78999999999999,223.89000000000001,21.27,0,Kozhikode,Kerala
2018-10-09,14.73,41.11999999999999,121.85,229.79,18.36,0,Kozhikode,Kerala
2018-10-10,5.22,38.309999999999995,114.97,233.56,18.36,0,Kozhikode,Kerala
2018-10-11,1.8,21.749999999999993,94.65,208.04000000000002,14.73,0,Kozhikode,Kerala
2018-10-12,1.78,8.799999999999994,71.19,197.61,5.22,0,Kozhikode,Kerala
2018-10-13,3.6,7.179999999999993,53.52,178.75,3.6,0,Kozhikode,Kerala
2018-10-14,11.38,16.759999999999994,56.870000000000005,174.85,11.38,0,Kozhikode,Kerala
2018-10-15,18.86,33.83999999999999,57.370000000000005,183.71,18.86,0,Kozhikode,Kerala
2018-10-16,21.65,51.88999999999999,64.28999999999999,192.80999999999997,21.65,0,Kozhikode,Kerala
2018-10-17,8.53,49.03999999999999,67.6,194.67,21.65,0,Kozhikode,Kerala
2018-10-18,1.67,31.84999999999999,67.47,184.24,21.65,0,Kozhikode,Kerala
2018-10-19,7.39,17.589999999999993,73.08,169.51,8.53,0,Kozhikode,Kerala
2018-10-20,33.55,42.60999999999999,103.03,177.82,33.55,0,Kozhikode,Kerala
2018-10-21,3.62,44.55999999999999,95.27,160.17000000000002,33.55,0,Kozhikode,Kerala
2018-10-22,1.25,38.41999999999999,77.66,153.39000000000001,33.55,0,Kozhikode,Kerala
2018-10-23,0.29,5.159999999999993,56.3,135.32,3.62,0,Kozhikode,Kerala
2018-10-24,0.07,1.6099999999999928,47.839999999999996,120.66,1.25,0,Kozhikode,Kerala
2018-10-25,0.03,0.3899999999999929,46.199999999999996,115.47,0.29,0,Kozhikode,Kerala
2018-10-26,0.03,0.1299999999999929,38.839999999999996,113.69999999999999,0.07,0,Kozhikode,Kerala
2018-10-27,0.0,0.05999999999999289,5.29,111.92,0.03,0,Kozhikode,Kerala
2018-10-28,0.03,0.05999999999999289,1.7,108.35,0.03,0,Kozhikode,Kerala
2018-10-29,0.0,0.029999999999992893,0.44999999999999996,96.97,0.03,0,Kozhikode,Kerala
2018-10-30,0.0,0.029999999999992893,0.16,78.11,0.03,0,Kozhikode,Kerala
2018-10-31,0.04,0.039999999999992895,0.13,56.49999999999999,0.04,0,Kozhikode,Kerala
2018-11-01,1.5,1.539999999999993,1.6,49.47,1.5,0,Kozhikode,Kerala
2018-11-02,4.71,6.249999999999993,6.28,52.51,4.71,0,Kozhikode,Kerala
2018-11-03,19.53,25.739999999999995,25.810000000000002,64.65,19.53,0,Kozhikode,Kerala
2018-11-04,2.41,26.649999999999995,28.19,33.510000000000005,19.53,0,Kozhikode,Kerala
2018-11-05,3.37,25.309999999999995,31.560000000000002,33.26,19.53,0,Kozhikode,Kerala
2018-11-06,2.54,8.319999999999993,34.1,34.55,3.37,0,Kozhikode,Kerala
2018-11-07,0.56,6.4699999999999935,34.620000000000005,34.82,3.37,0,Kozhikode,Kerala
2018-11-08,0.04,3.139999999999993,33.160000000000004,34.79,2.54,0,Kozhikode,Kerala
2018-11-09,0.42,1.019999999999993,28.87,35.18,0.56,0,Kozhikode,Kerala
2018-11-10,0.11,0.5699999999999928,9.450000000000001,35.26,0.42,0,Kozhikode,Kerala
2018-11-11,0.51,1.039999999999993,7.55,35.769999999999996,0.51,0,Kozhikode,Kerala
2018-11-12,0.06,0.6799999999999928,4.24,35.800000000000004,0.51,0,Kozhikode,Kerala
2018-11-13,0.08,0.6499999999999929,1.78,35.88,0.51,0,Kozhikode,Kerala
2018-11-14,0.03,0.16999999999999288,1.25,35.910000000000004,0.08,0,Kozhikode,Kerala
2018-11-15,0.75,0.8599999999999929,1.96,36.62,0.75,0,Kozhikode,Kerala
2018-11-16,5.36,6.1399999999999935,6.9,40.48,5.36,0,Kozhikode,Kerala
2018-11-17,0.35,6.459999999999993,7.14,36.12,5.36,0,Kozhikode,Kerala
2018-11-18,4.23,9.939999999999994,10.86,20.82,5.36,0,Kozhikode,Kerala
2018-11-19,6.67,11.249999999999993,17.47,25.08,6.67,0,Kozhikode,Kerala
2018-11-20,2.26,13.159999999999993,19.650000000000002,23.97,6.67,0,Kozhikode,Kerala
2018-11-21,1.0,9.929999999999993,20.62,22.43,6.67,0,Kozhikode,Kerala
2018-11-22,0.87,4.129999999999993,20.74,22.740000000000002,2.26,0,Kozhikode,Kerala
2018-11-23,5.62,7.489999999999993,21.0,28.32,5.62,0,Kozhikode,Kerala
2018-11-24,7.2,13.689999999999994,27.85,35.1,7.2,0,Kozhikode,Kerala
2018-11-25,0.84,13.659999999999995,24.46,35.83,7.2,0,Kozhikode,Kerala
2018-11-26,0.39,8.429999999999993,18.18,35.71,7.2,0,Kozhikode,Kerala
2018-11-27,0.16,1.3899999999999928,16.08,35.81,0.84,0,Kozhikode,Kerala
2018-11-28,0.0,0.5499999999999929,15.08,35.730000000000004,0.39,0,Kozhikode,Kerala
2018-11-29,0.55,0.709999999999993,14.76,36.25,0.55,0,Kozhikode,Kerala
2018-11-30,0.31,0.859999999999993,9.450000000000001,35.81,0.55,0,Kozhikode,Kerala
2018-12-01,1.63,2.489999999999993,3.88,32.08,1.63,0,Kozhikode,Kerala
2018-12-02,0.16,2.099999999999993,3.2,31.89,1.63,0,Kozhikode,Kerala
2018-12-03,0.0,1.7899999999999927,2.81,27.66,1.63,0,Kozhikode,Kerala
2018-12-04,1.63,1.7899999999999927,4.279999999999999,22.62,1.63,0,Kozhikode,Kerala
2018-12-05,1.29,2.919999999999993,5.569999999999999,21.65,1.63,0,Kozhikode,Kerala
2018-12-06,2.11,5.029999999999992,7.13,22.759999999999998,2.11,0,Kozhikode,Kerala
2018-12-07,0.67,4.069999999999993,7.489999999999999,22.56,2.11,0,Kozhikode,Kerala
2018-12-08,0.01,2.789999999999993,5.869999999999999,16.95,2.11,0,Kozhikode,Kerala
2018-12-09,0.02,0.699999999999993,5.73,9.769999999999998,0.67,0,Kozhikode,Kerala
2018-12-10,0.03,0.05999999999999289,5.760000000000001,8.959999999999999,0.03,0,Kozhikode,Kerala
2018-12-11,0.0,0.04999999999999289,4.130000000000001,8.57,0.03,0,Kozhikode,Kerala
2018-12-12,0.0,0.029999999999992893,2.8400000000000003,8.41,0.03,0,Kozhikode,Kerala
2018-12-13,0.01,0.009999999999992895,0.74,8.42,0.01,0,Kozhikode,Kerala
2018-12-14,0.16,0.1699999999999929,0.23,8.03,0.16,0,Kozhikode,Kerala
2018-12-15,0.09,0.2599999999999929,0.31,7.81,0.16,0,Kozhikode,Kerala
2018-12-16,0.06,0.3099999999999929,0.35000000000000003,6.239999999999999,0.16,0,Kozhikode,Kerala
2018-12-17,0.0,0.1499999999999929,0.32,6.079999999999999,0.09,0,Kozhikode,Kerala
2018-12-18,0.0,0.05999999999999289,0.32,6.079999999999999,0.06,0,Kozhikode,Kerala
2018-12-19,0.02,0.019999999999992895,0.34,4.47,0.02,0,Kozhikode,Kerala
2018-12-20,0.41,0.4299999999999929,0.74,3.5899999999999994,0.41,0,Kozhikode,Kerala
2018-12-21,0.04,0.46999999999999287,0.62,1.52,0.41,0,Kozhikode,Kerala
2018-12-22,0.01,0.45999999999999286,0.54,0.86,0.41,0,Kozhikode,Kerala
2018-12-23,0.52,0.569999999999993,1.0,1.37,0.52,0,Kozhikode,Kerala
2018-12-24,0.61,1.139999999999993,1.6099999999999999,1.96,0.61,0,Kozhikode,Kerala
2018-12-25,0.62,1.749999999999993,2.23,2.55,0.62,0,Kozhikode,Kerala
2018-12-26,0.61,1.8399999999999928,2.82,3.16,0.62,0,Kozhikode,Kerala
2018-12-27,0.18,1.409999999999993,2.59,3.34,0.62,0,Kozhikode,Kerala
2018-12-28,1.63,2.419999999999993,4.18,4.96,1.63,0,Kozhikode,Kerala
2018-12-29,2.71,4.5199999999999925,6.88,7.51,2.71,0,Kozhikode,Kerala
2018-12-30,3.38,7.7199999999999935,9.739999999999998,10.8,3.38,0,Kozhikode,Kerala
2018-12-31,0.02,6.109999999999992,9.15,10.76,3.38,0,Kozhikode,Kerala
2019-01-01,0.01,3.4099999999999926,8.540000000000001,10.77,3.38,0,Kozhikode,Kerala
2019-01-02,0.0,0.029999999999992893,7.93,10.77,0.02,0,Kozhikode,Kerala
2019-01-03,0.0,0.009999999999992895,7.75,10.75,0.01,0,Kozhikode,Kerala
2019-01-04,0.0,0.0,6.12,10.34,0.0,0,Kozhikode,Kerala
2019-01-05,0.0,0.0,3.4099999999999997,10.3,0.0,0,Kozhikode,Kerala
2019-01-06,0.0,0.0,0.03,10.29,0.0,0,Kozhikode,Kerala
2019-01-07,0.0,0.0,0.01,9.77,0.0,0,Kozhikode,Kerala
2019-01-08,0.0,0.0,0.0,9.16,0.0,0,Kozhikode,Kerala
2019-01-09,0.0,0.0,0.0,8.54,0.0,0,Kozhikode,Kerala
2019-01-10,0.0,0.0,0.0,7.93,0.0,0,Kozhikode,Kerala
2019-01-11,0.01,0.009999999999992895,0.01,7.76,0.01,0,Kozhikode,Kerala
2019-01-12,0.0,0.009999999999992895,0.01,6.13,0.01,0,Kozhikode,Kerala
2019-01-13,0.0,0.009999999999992895,0.01,3.42,0.01,0,Kozhikode,Kerala
2019-01-14,0.01,0.009999999999992895,0.02,0.05,0.01,0,Kozhikode,Kerala
2019-01-15,0.0,0.009999999999992895,0.02,0.03,0.01,0,Kozhikode,Kerala
2019-01-16,0.0,0.009999999999992895,0.02,0.019999999999999997,0.01,0,Kozhikode,Kerala
2019-01-17,0.0,0.0,0.02,0.019999999999999997,0.0,0,Kozhikode,Kerala
2019-01-18,0.0,0.0,0.01,0.019999999999999997,0.0,0,Kozhikode,Kerala
2019-01-19,0.02,0.019999999999992895,0.03,0.04,0.02,0,Kozhikode,Kerala
2019-01-20,0.01,0.029999999999992893,0.04,0.05,0.02,0,Kozhikode,Kerala
2019-01-21,0.0,0.029999999999992893,0.03,0.05,0.02,0,Kozhikode,Kerala
2019-01-22,0.0,0.009999999999992895,0.03,0.05,0.01,0,Kozhikode,Kerala
2019-01-23,0.01,0.009999999999992895,0.04,0.06,0.01,0,Kozhikode,Kerala
2019-01-24,0.03,0.039999999999992895,0.07,0.09,0.03,0,Kozhikode,Kerala
2019-01-25,0.08,0.11999999999999289,0.15,0.16999999999999998,0.08,0,Kozhikode,Kerala
2019-01-26,0.02,0.1299999999999929,0.15,0.18,0.08,0,Kozhikode,Kerala
2019-01-27,0.0,0.09999999999999291,0.13999999999999999,0.18,0.08,0,Kozhikode,Kerala
2019-01-28,0.0,0.019999999999992895,0.13999999999999999,0.18,0.02,0,Kozhikode,Kerala
2019-01-29,0.02,0.019999999999992895,0.16,0.19,0.02,0,Kozhikode,Kerala
2019-01-30,0.02,0.039999999999992895,0.16999999999999998,0.21000000000000002,0.02,0,Kozhikode,Kerala
2019-01-31,0.01,0.0499999999999929,0.15,0.22,0.02,0,Kozhikode,Kerala
2019-02-01,0.01,0.039999999999992895,0.08,0.23,0.02,0,Kozhikode,Kerala
2019-02-02,0.0,0.019999999999992895,0.06,0.23,0.01,0,Kozhikode,Kerala
2019-02-03,0.0,0.009999999999992895,0.06,0.21,0.01,0,Kozhikode,Kerala
2019-02-04,0.0,0.0,0.06,0.2,0.0,0,Kozhikode,Kerala
2019-02-05,0.03,0.029999999999992893,0.07,0.23,0.03,0,Kozhikode,Kerala
2019-02-06,0.29,0.31999999999999285,0.33999999999999997,0.52,0.29,0,Kozhikode,Kerala
2019-02-07,0.99,1.309999999999993,1.3199999999999998,1.5,0.99,0,Kozhikode,Kerala
2019-02-08,0.37,1.6499999999999928,1.68,1.8399999999999999,0.99,0,Kozhikode,Kerala
2019-02-09,0.21,1.5699999999999927,1.89,1.97,0.99,0,Kozhikode,Kerala
2019-02-10,1.41,1.9899999999999927,3.3,3.3600000000000003,1.41,0,Kozhikode,Kerala
2019-02-11,1.02,2.6399999999999926,4.32,4.38,1.41,0,Kozhikode,Kerala
2019-02-12,0.03,2.459999999999993,4.319999999999999,4.41,1.41,0,Kozhikode,Kerala
2019-02-13,0.01,1.059999999999993,4.039999999999999,4.3999999999999995,1.02,0,Kozhikode,Kerala
2019-02-14,0.01,0.0499999999999929,3.0599999999999996,4.39,0.03,0,Kozhikode,Kerala
2019-02-15,0.12,0.1399999999999929,2.8099999999999996,4.5,0.12,0,Kozhikode,Kerala
2019-02-16,0.04,0.16999999999999288,2.6399999999999997,4.529999999999999,0.12,0,Kozhikode,Kerala
2019-02-17,0.0,0.1599999999999929,1.23,4.529999999999999,0.12,0,Kozhikode,Kerala
2019-02-18,0.0,0.039999999999992895,0.21,4.529999999999999,0.04,0,Kozhikode,Kerala
2019-02-19,0.79,0.7899999999999929,0.97,5.319999999999999,0.79,0,Kozhikode,Kerala
2019-02-20,0.29,1.079999999999993,1.25,5.58,0.79,0,Kozhikode,Kerala
2019-02-21,0.0,1.079999999999993,1.24,5.29,0.79,0,Kozhikode,Kerala
2019-02-22,0.0,0.2899999999999929,1.12,4.3,0.29,0,Kozhikode,Kerala
2019-02-23,0.0,0.0,1.08,3.9299999999999997,0.0,0,Kozhikode,Kerala
2019-02-24,0.0,0.0,1.08,3.7199999999999998,0.0,0,Kozhikode,Kerala
2019-02-25,0.06,0.05999999999999289,1.1400000000000001,2.3699999999999997,0.06,0,Kozhikode,Kerala
2019-02-26,1.17,1.2299999999999929,1.52,2.5199999999999996,1.17,0,Kozhikode,Kerala
2019-02-27,0.0,1.2299999999999929,1.23,2.49,1.17,0,Kozhikode,Kerala
2019-02-28,0.0,1.1699999999999928,1.23,2.4799999999999995,1.17,0,Kozhikode,Kerala
2019-03-01,0.1,0.0999999999999929,1.33,2.57,0.1,0,Kozhikode,Kerala
2019-03-02,4.6,4.699999999999992,5.93,7.049999999999999,4.6,0,Kozhikode,Kerala
2019-03-03,0.23,4.929999999999993,6.16,7.239999999999999,4.6,0,Kozhikode,Kerala
2019-03-04,0.01,4.839999999999993,6.11,7.249999999999999,4.6,0,Kozhikode,Kerala
2019-03-05,0.01,0.2499999999999929,4.949999999999999,7.259999999999999,0.23,0,Kozhikode,Kerala
2019-03-06,0.02,0.039999999999992895,4.969999999999999,6.489999999999998,0.02,0,Kozhikode,Kerala
2019-03-07,0.0,0.029999999999992893,4.969999999999999,6.199999999999998,0.02,0,Kozhikode,Kerala
2019-03-08,0.0,0.019999999999992895,4.869999999999999,6.199999999999998,0.02,0,Kozhikode,Kerala
2019-03-09,0.13,0.1299999999999929,0.4,6.329999999999999,0.13,0,Kozhikode,Kerala
2019-03-10,1.08,1.2099999999999929,1.25,7.409999999999998,1.08,0,Kozhikode,Kerala
2019-03-11,1.97,3.1799999999999926,3.21,9.379999999999999,1.97,0,Kozhikode,Kerala
2019-03-12,0.26,3.309999999999993,3.46,9.579999999999998,1.97,0,Kozhikode,Kerala
2019-03-13,0.0,2.229999999999993,3.4400000000000004,8.409999999999998,1.97,0,Kozhikode,Kerala
2019-03-14,0.0,0.2599999999999929,3.4400000000000004,8.409999999999998,0.26,0,Kozhikode,Kerala
2019-03-15,0.0,0.0,3.4400000000000004,8.409999999999998,0.0,0,Kozhikode,Kerala
2019-03-16,0.02,0.019999999999992895,3.3299999999999996,8.329999999999998,0.02,0,Kozhikode,Kerala
2019-03-17,0.02,0.039999999999992895,2.27,3.749999999999999,0.02,0,Kozhikode,Kerala
2019-03-18,0.05,0.08999999999999289,0.35000000000000003,3.569999999999999,0.05,0,Kozhikode,Kerala
2019-03-19,0.06,0.1299999999999929,0.15,3.6199999999999988,0.06,0,Kozhikode,Kerala
2019-03-20,0.1,0.20999999999999291,0.25,3.709999999999999,0.1,0,Kozhikode,Kerala
2019-03-21,0.01,0.1699999999999929,0.26,3.699999999999999,0.1,0,Kozhikode,Kerala
2019-03-22,0.0,0.1099999999999929,0.26,3.699999999999999,0.1,0,Kozhikode,Kerala
2019-03-23,0.04,0.0499999999999929,0.28,3.739999999999999,0.04,0,Kozhikode,Kerala
2019-03-24,0.02,0.05999999999999289,0.27999999999999997,3.629999999999999,0.04,0,Kozhikode,Kerala
2019-03-25,0.07,0.1299999999999929,0.30000000000000004,2.619999999999999,0.07,0,Kozhikode,Kerala
2019-03-26,0.37,0.45999999999999286,0.6100000000000001,1.0199999999999991,0.37,0,Kozhikode,Kerala
2019-03-27,0.92,1.3599999999999928,1.4300000000000002,1.6799999999999993,0.92,0,Kozhikode,Kerala
2019-03-28,0.58,1.8699999999999928,2.0,2.259999999999999,0.92,0,Kozhikode,Kerala
2019-03-29,0.87,2.369999999999993,2.87,3.129999999999999,0.92,0,Kozhikode,Kerala
2019-03-30,1.17,2.619999999999993,4.0,4.299999999999999,1.17,0,Kozhikode,Kerala
2019-03-31,0.36,2.399999999999993,4.34,4.64,1.17,0,Kozhikode,Kerala
2019-04-01,0.04,1.5699999999999927,4.31,4.659999999999999,1.17,0,Kozhikode,Kerala
2019-04-02,0.37,0.7699999999999929,4.31,4.979999999999999,0.37,0,Kozhikode,Kerala
2019-04-03,0.73,1.139999999999993,4.12,5.649999999999999,0.73,0,Kozhikode,Kerala
2019-04-04,0.45,1.549999999999993,3.99,5.999999999999999,0.73,0,Kozhikode,Kerala
2019-04-05,0.41,1.589999999999993,3.53,6.3999999999999995,0.73,0,Kozhikode,Kerala
2019-04-06,0.45,1.309999999999993,2.81,6.849999999999999,0.45,0,Kozhikode,Kerala
2019-04-07,0.26,1.119999999999993,2.71,7.069999999999999,0.45,0,Kozhikode,Kerala
2019-04-08,1.17,1.8799999999999928,3.84,8.219999999999999,1.17,0,Kozhikode,Kerala
2019-04-09,1.07,2.499999999999993,4.54,9.219999999999999,1.17,0,Kozhikode,Kerala
2019-04-10,0.6,2.8399999999999928,4.41,9.45,1.17,0,Kozhikode,Kerala
2019-04-11,0.9,2.569999999999993,4.859999999999999,9.43,1.07,0,Kozhikode,Kerala
2019-04-12,0.39,1.889999999999993,4.84,9.239999999999998,0.9,0,Kozhikode,Kerala
2019-04-13,0.17,1.4599999999999929,4.5600000000000005,8.539999999999997,0.9,0,Kozhikode,Kerala
2019-04-14,0.17,0.7299999999999929,4.47,7.539999999999999,0.39,0,Kozhikode,Kerala
2019-04-15,0.15,0.4899999999999929,3.4499999999999997,7.329999999999999,0.17,0,Kozhikode,Kerala
2019-04-16,0.96,1.2799999999999927,3.34,8.249999999999998,0.96,0,Kozhikode,Kerala
2019-04-17,7.45,8.559999999999993,10.19,15.33,7.45,0,Kozhikode,Kerala
2019-04-18,11.67,20.07999999999999,20.96,26.27,11.67,0,Kozhikode,Kerala
2019-04-19,11.48,30.59999999999999,32.05,37.3,11.67,0,Kozhikode,Kerala
2019-04-20,5.06,28.20999999999999,36.940000000000005,41.949999999999996,11.67,0,Kozhikode,Kerala
2019-04-21,14.58,31.119999999999994,51.35,56.08,14.58,0,Kozhikode,Kerala
2019-04-22,5.07,24.709999999999994,56.27,60.89,14.58,0,Kozhikode,Kerala
2019-04-23,6.26,25.90999999999999,61.57,65.98,14.58,0,Kozhikode,Kerala
2019-04-24,3.65,14.979999999999993,57.769999999999996,68.55999999999999,6.26,0,Kozhikode,Kerala
2019-04-25,2.55,12.459999999999992,48.65,70.51,6.26,0,Kozhikode,Kerala
2019-04-26,0.67,6.869999999999993,37.84,70.28,3.65,0,Kozhikode,Kerala
2019-04-27,0.37,3.5899999999999928,33.15,70.25999999999999,2.55,0,Kozhikode,Kerala
2019-04-28,0.31,1.349999999999993,18.88,70.4,0.67,0,Kozhikode,Kerala
2019-04-29,2.25,2.929999999999993,16.06,72.48,2.25,0,Kozhikode,Kerala
2019-04-30,3.64,6.199999999999993,13.44,75.97,3.64,0,Kozhikode,Kerala
2019-05-01,1.58,7.4699999999999935,11.37,76.59,3.64,0,Kozhikode,Kerala
2019-05-02,0.25,5.4699999999999935,9.07,69.39,3.64,0,Kozhikode,Kerala
2019-05-03,0.02,1.849999999999993,8.42,57.74,1.58,0,Kozhikode,Kerala
2019-05-04,0.01,0.2799999999999929,8.06,46.27,0.25,0,Kozhikode,Kerala
2019-05-05,0.06,0.08999999999999289,7.8100000000000005,41.27,0.06,0,Kozhikode,Kerala
2019-05-06,0.55,0.6199999999999929,6.11,27.24,0.55,0,Kozhikode,Kerala
2019-05-07,1.69,2.2999999999999927,4.16,23.86,1.69,0,Kozhikode,Kerala
2019-05-08,4.59,6.829999999999993,7.17,22.19,4.59,0,Kozhikode,Kerala
2019-05-09,1.38,7.659999999999993,8.3,19.919999999999998,4.59,0,Kozhikode,Kerala
2019-05-10,0.42,6.3899999999999935,8.700000000000001,17.79,4.59,0,Kozhikode,Kerala
2019-05-11,1.99,3.789999999999994,10.68,19.11,1.99,0,Kozhikode,Kerala
2019-05-12,3.01,5.419999999999994,13.629999999999999,21.75,3.01,0,Kozhikode,Kerala
2019-05-13,2.48,7.479999999999993,15.559999999999999,23.92,3.01,0,Kozhikode,Kerala
2019-05-14,1.48,6.9699999999999935,15.35,23.15,3.01,0,Kozhikode,Kerala
2019-05-15,7.49,11.449999999999994,18.25,27.0,7.49,0,Kozhikode,Kerala
2019-05-16,1.49,10.459999999999994,18.36,26.909999999999997,7.49,0,Kozhikode,Kerala
2019-05-17,1.34,10.319999999999993,19.28,28.0,7.49,0,Kozhikode,Kerala
2019-05-18,0.7,3.529999999999994,17.990000000000002,28.68,1.49,0,Kozhikode,Kerala
2019-05-19,0.62,2.6599999999999935,15.6,29.29,1.34,0,Kozhikode,Kerala
2019-05-20,0.66,1.9799999999999938,13.780000000000001,29.889999999999997,0.7,0,Kozhikode,Kerala
2019-05-21,2.71,3.989999999999994,15.01,32.050000000000004,2.71,0,Kozhikode,Kerala
2019-05-22,1.15,4.519999999999994,8.67,31.509999999999998,2.71,0,Kozhikode,Kerala
2019-05-23,6.09,9.949999999999994,13.27,33.01,6.09,0,Kozhikode,Kerala
2019-05-24,3.25,10.489999999999995,15.18,34.88,6.09,0,Kozhikode,Kerala
2019-05-25,3.53,12.869999999999994,18.01,37.99,6.09,0,Kozhikode,Kerala
2019-05-26,2.53,9.309999999999993,19.919999999999998,38.529999999999994,3.53,0,Kozhikode,Kerala
2019-05-27,0.9,6.959999999999994,20.16,36.42,3.53,0,Kozhikode,Kerala
2019-05-28,4.57,7.999999999999995,22.02,38.510000000000005,4.57,0,Kozhikode,Kerala
2019-05-29,6.41,11.879999999999995,27.28,43.44,6.41,0,Kozhikode,Kerala
2019-05-30,4.72,15.699999999999996,25.91,40.67,6.41,0,Kozhikode,Kerala
2019-05-31,18.36,29.489999999999995,41.019999999999996,57.54,18.36,0,Kozhikode,Kerala
2019-06-01,2.37,25.449999999999996,39.86,58.56999999999999,18.36,1,Kozhikode,Kerala
2019-06-02,3.15,23.879999999999995,40.48,61.02,18.36,1,Kozhikode,Kerala
2019-06-03,5.48,10.999999999999996,45.06,65.88,5.48,1,Kozhikode,Kerala
2019-06-04,5.32,13.949999999999996,45.81,70.53999999999999,5.48,1,Kozhikode,Kerala
2019-06-05,17.31,28.109999999999996,56.71,85.13999999999999,17.31,1,Kozhikode,Kerala
2019-06-06,4.7,27.329999999999995,56.69,88.69,17.31,1,Kozhikode,Kerala
2019-06-07,3.41,25.419999999999995,41.739999999999995,86.00999999999999,17.31,1,Kozhikode,Kerala
2019-06-08,4.11,12.219999999999997,43.48,86.86999999999999,4.7,1,Kozhikode,Kerala
2019-06-09,3.04,10.559999999999997,43.37,86.38,4.11,1,Kozhikode,Kerala
2019-06-10,14.79,21.939999999999998,52.68000000000001,98.63999999999999,14.79,1,Kozhikode,Kerala
2019-06-11,19.06,36.88999999999999,66.41999999999999,116.8,19.06,1,Kozhikode,Kerala
2019-06-12,16.0,49.849999999999994,65.11,128.23,19.06,1,Kozhikode,Kerala
2019-06-13,10.45,45.50999999999999,70.86,132.26999999999998,19.06,1,Kozhikode,Kerala
2019-06-14,23.61,50.05999999999999,91.06,151.16,23.61,1,Kozhikode,Kerala
2019-06-15,8.25,42.30999999999999,95.2,141.05,23.61,1,Kozhikode,Kerala
2019-06-16,1.78,33.63999999999999,93.94,140.46,23.61,1,Kozhikode,Kerala
2019-06-17,1.95,11.979999999999993,81.1,139.26,8.25,1,Kozhikode,Kerala
2019-06-18,5.61,9.339999999999993,67.65,139.39,5.61,1,Kozhikode,Kerala
2019-06-19,14.3,21.859999999999992,65.95,148.37,14.3,1,Kozhikode,Kerala
2019-06-20,25.33,45.239999999999995,80.83,156.39,25.33,1,Kozhikode,Kerala
2019-06-21,12.27,51.89999999999999,69.49,163.96,25.33,1,Kozhikode,Kerala
2019-06-22,7.66,45.25999999999999,68.89999999999999,168.21,25.33,1,Kozhikode,Kerala
2019-06-23,7.45,27.37999999999999,74.57,171.54999999999998,12.27,1,Kozhikode,Kerala
2019-06-24,4.55,19.65999999999999,77.17,173.06,7.66,1,Kozhikode,Kerala
2019-06-25,8.63,20.62999999999999,80.19000000000001,166.9,8.63,1,Kozhikode,Kerala
2019-06-26,4.27,17.44999999999999,70.16,152.11,8.63,1,Kozhikode,Kerala
2019-06-27,2.62,15.519999999999989,47.449999999999996,138.73,8.63,1,Kozhikode,Kerala
2019-06-28,0.95,7.839999999999989,36.13,129.23,4.27,1,Kozhikode,Kerala
2019-06-29,2.45,6.01999999999999,30.92,108.07,2.62,1,Kozhikode,Kerala
2019-06-30,3.87,7.26999999999999,27.340000000000003,103.69,3.87,1,Kozhikode,Kerala
2019-07-01,4.51,10.82999999999999,27.3,106.42,4.51,1,Kozhikode,Kerala
2019-07-02,9.88,18.25999999999999,28.550000000000004,114.35,9.88,1,Kozhikode,Kerala
2019-07-03,10.67,25.059999999999988,34.95,119.41,10.67,1,Kozhikode,Kerala
2019-07-04,17.48,38.029999999999994,49.81,122.59,17.48,1,Kozhikode,Kerala
2019-07-05,13.83,41.97999999999999,62.69,111.09,17.48,1,Kozhikode,Kerala
2019-07-06,14.03,45.33999999999999,74.27000000000001,112.85000000000001,17.48,1,Kozhikode,Kerala
2019-07-07,7.86,35.71999999999999,78.26,113.05,14.03,1,Kozhikode,Kerala
2019-07-08,9.22,31.109999999999996,82.97,114.82000000000001,14.03,1,Kozhikode,Kerala
2019-07-09,23.75,40.83,96.84,134.02,23.75,1,Kozhikode,Kerala
2019-07-10,22.02,54.989999999999995,108.19,147.41,23.75,1,Kozhikode,Kerala
2019-07-11,4.62,50.38999999999999,95.33000000000001,147.76,23.75,1,Kozhikode,Kerala
2019-07-12,4.58,31.21999999999999,86.08,149.72000000000003,22.02,1,Kozhikode,Kerala
2019-07-13,8.57,17.769999999999992,80.62,157.34,8.57,1,Kozhikode,Kerala
2019-07-14,17.39,30.539999999999992,90.14999999999999,172.28,17.39,1,Kozhikode,Kerala
2019-07-15,21.49,47.44999999999999,102.41999999999999,189.9,21.49,1,Kozhikode,Kerala
2019-07-16,8.98,47.85999999999999,87.64999999999999,194.37,21.49,1,Kozhikode,Kerala
2019-07-17,8.12,38.58999999999999,73.75,192.60999999999999,21.49,1,Kozhikode,Kerala
2019-07-18,19.17,36.269999999999996,88.3,201.11,19.17,1,Kozhikode,Kerala
2019-07-19,47.06,74.35,130.78,230.69,47.06,1,Kozhikode,Kerala
2019-07-20,30.21,96.44,152.42000000000002,247.07,47.06,1,Kozhikode,Kerala
2019-07-21,34.86,112.13,169.89,267.9,47.06,1,Kozhikode,Kerala
2019-07-22,37.35,102.42,185.75,297.39,37.35,1,Kozhikode,Kerala
2019-07-23,13.76,85.97,190.53,301.93,37.35,1,Kozhikode,Kerala
2019-07-24,19.3,70.41,201.71000000000004,297.48,37.35,1,Kozhikode,Kerala
2019-07-25,8.73,41.78999999999999,191.27,284.19,19.3,1,Kozhikode,Kerala
2019-07-26,7.67,35.699999999999996,151.88,287.24,19.3,1,Kozhikode,Kerala
2019-07-27,4.26,20.659999999999993,125.92999999999999,286.92,8.73,1,Kozhikode,Kerala
2019-07-28,3.95,15.879999999999992,95.02,282.3,7.67,1,Kozhikode,Kerala
2019-07-29,6.16,14.369999999999994,63.830000000000005,271.07,6.16,1,Kozhikode,Kerala
2019-07-30,5.22,15.329999999999993,55.290000000000006,254.8,6.16,1,Kozhikode,Kerala
2019-07-31,2.22,13.599999999999993,38.21,248.04000000000002,6.16,1,Kozhikode,Kerala
2019-08-01,2.2,9.639999999999993,31.68,242.12,5.22,1,Kozhikode,Kerala
2019-08-02,5.5,9.919999999999995,29.509999999999998,228.45,5.5,1,Kozhikode,Kerala
2019-08-03,7.41,15.109999999999992,32.66,188.79999999999998,7.41,1,Kozhikode,Kerala
2019-08-04,23.79,36.69999999999999,52.5,182.38,23.79,1,Kozhikode,Kerala
2019-08-05,27.18,58.379999999999995,73.52,174.7,27.18,1,Kozhikode,Kerala
2019-08-06,42.72,93.69,111.02,180.07,42.72,1,Kozhikode,Kerala
2019-08-07,65.2,135.1,174.0,231.51000000000002,65.2,1,Kozhikode,Kerala
2019-08-08,114.81,222.73000000000002,286.61,327.02,114.81,1,Kozhikode,Kerala
2019-08-09,74.36,254.37,355.47,392.65,114.81,1,Kozhikode,Kerala
2019-08-10,43.36,232.53000000000003,391.41999999999996,428.34000000000003,114.81,1,Kozhikode,Kerala
2019-08-11,13.29,131.01,380.92,437.37,74.36,1,Kozhikode,Kerala
2019-08-12,14.47,71.12,368.21000000000004,447.89,43.36,1,Kozhikode,Kerala
2019-08-13,45.29,73.05,370.78,487.02000000000004,45.29,1,Kozhikode,Kerala
2019-08-14,27.87,87.63,333.45,509.67,45.29,1,Kozhikode,Kerala
2019-08-15,8.22,81.38,226.85999999999999,515.6700000000001,45.29,1,Kozhikode,Kerala
2019-08-16,8.12,44.21,160.62,521.59,27.87,1,Kozhikode,Kerala
2019-08-17,17.38,33.72,134.64,533.47,17.38,1,Kozhikode,Kerala
2019-08-18,11.34,36.84,132.69,537.4,17.38,1,Kozhikode,Kerala
2019-08-19,5.57,34.29,123.78999999999999,519.1800000000001,17.38,1,Kozhikode,Kerala
2019-08-20,8.0,24.91,86.5,500.0,11.34,1,Kozhikode,Kerala
2019-08-21,15.66,29.23,74.28999999999999,472.94,15.66,1,Kozhikode,Kerala
2019-08-22,9.58,33.24,75.64999999999999,417.32000000000005,15.66,1,Kozhikode,Kerala
2019-08-23,18.15,43.39,85.68,320.65999999999997,18.15,1,Kozhikode,Kerala
2019-08-24,9.3,37.03,77.6,255.60000000000002,18.15,1,Kozhikode,Kerala
2019-08-25,15.16,42.61,81.41999999999999,227.4,18.15,1,Kozhikode,Kerala
2019-08-26,20.3,44.760000000000005,96.15,234.41,20.3,1,Kozhikode,Kerala
2019-08-27,12.91,48.370000000000005,101.06,232.85000000000002,20.3,1,Kozhikode,Kerala
2019-08-28,11.29,44.5,96.69,198.85,20.3,1,Kozhikode,Kerala
2019-08-29,26.33,50.53,113.44,197.31,26.33,1,Kozhikode,Kerala
2019-08-30,11.5,49.120000000000005,106.78999999999999,200.59,26.33,1,Kozhikode,Kerala
2019-08-31,9.98,47.81,107.47,202.45000000000002,26.33,1,Kozhikode,Kerala
2019-09-01,15.46,36.940000000000005,107.77000000000001,200.53,15.46,1,Kozhikode,Kerala
2019-09-02,16.98,42.42,104.44999999999999,206.17000000000002,16.98,1,Kozhikode,Kerala
2019-09-03,18.54,50.980000000000004,110.08,219.14000000000001,18.54,1,Kozhikode,Kerala
2019-09-04,36.29,71.81,135.07999999999998,247.42999999999998,36.29,1,Kozhikode,Kerala
2019-09-05,14.54,69.37,123.29,246.31,36.29,1,Kozhikode,Kerala
2019-09-06,15.31,66.14,127.1,252.04,36.29,1,Kozhikode,Kerala
2019-09-07,10.13,39.980000000000004,127.25,244.02,15.31,1,Kozhikode,Kerala
2019-09-08,13.81,39.25,125.6,248.53,15.31,1,Kozhikode,Kerala
2019-09-09,11.17,35.11,119.79,244.54,13.81,1,Kozhikode,Kerala
2019-09-10,9.03,34.01,110.28,233.27,13.81,1,Kozhikode,Kerala
2019-09-11,18.63,38.83,92.62,238.99,18.63,1,Kozhikode,Kerala
2019-09-12,15.64,43.3,93.72,243.33999999999997,18.63,1,Kozhikode,Kerala
2019-09-13,18.47,52.739999999999995,96.88,235.48000000000002,18.63,1,Kozhikode,Kerala
2019-09-14,8.18,42.290000000000006,94.93,232.16,18.47,1,Kozhikode,Kerala
2019-09-15,4.84,31.490000000000002,85.96,227.01999999999998,18.47,1,Kozhikode,Kerala
2019-09-16,7.58,20.6,82.36999999999999,219.14000000000001,8.18,1,Kozhikode,Kerala
2019-09-17,7.2,19.620000000000005,80.53999999999999,209.35999999999999,7.58,1,Kozhikode,Kerala
2019-09-18,8.93,23.710000000000004,70.84,199.75,8.93,1,Kozhikode,Kerala
2019-09-19,6.3,22.430000000000003,61.5,169.76,8.93,1,Kozhikode,Kerala
2019-09-20,1.17,16.400000000000002,44.2,156.39,8.93,1,Kozhikode,Kerala
2019-09-21,1.62,9.090000000000003,37.64,142.70000000000002,6.3,1,Kozhikode,Kerala
2019-09-22,7.05,9.840000000000003,39.849999999999994,139.61999999999998,7.05,1,Kozhikode,Kerala
2019-09-23,6.89,15.560000000000002,39.16,132.7,7.05,1,Kozhikode,Kerala
2019-09-24,16.13,30.07,48.09,137.66,16.13,1,Kozhikode,Kerala
2019-09-25,11.9,34.92,51.06,140.53,16.13,1,Kozhikode,Kerala
2019-09-26,19.71,47.74,64.47,141.61,19.71,1,Kozhikode,Kerala
2019-09-27,2.38,33.99,65.68,128.35,19.71,1,Kozhikode,Kerala
2019-09-28,2.82,24.910000000000004,66.88,112.7,19.71,1,Kozhikode,Kerala
2019-09-29,5.77,10.970000000000002,65.6,110.29,5.77,1,Kozhikode,Kerala
2019-09-30,7.19,15.780000000000005,65.9,112.64,7.19,1,Kozhikode,Kerala
2019-10-01,4.87,17.830000000000005,54.64000000000001,109.93,7.19,0,Kozhikode,Kerala
2019-10-02,4.96,17.020000000000003,47.70000000000001,107.69,7.19,0,Kozhikode,Kerala
2019-10-03,10.44,20.270000000000003,38.43000000000001,109.19999999999999,10.44,0,Kozhikode,Kerala
2019-10-04,2.11,17.510000000000005,38.160000000000004,105.01,10.44,0,Kozhikode,Kerala
2019-10-05,6.78,19.330000000000005,42.120000000000005,110.62,10.44,0,Kozhikode,Kerala
2019-10-06,3.3,12.190000000000005,39.650000000000006,112.3,6.78,0,Kozhikode,Kerala
2019-10-07,2.92,13.000000000000007,35.38000000000001,108.17,6.78,0,Kozhikode,Kerala
2019-10-08,5.12,11.340000000000005,35.63000000000001,106.39999999999999,5.12,0,Kozhikode,Kerala
2019-10-09,2.75,10.790000000000006,33.42000000000001,93.02,5.12,0,Kozhikode,Kerala
2019-10-10,1.14,9.010000000000005,24.120000000000008,82.25999999999999,5.12,0,Kozhikode,Kerala
2019-10-11,4.24,8.130000000000006,26.250000000000007,66.79,4.24,0,Kozhikode,Kerala
2019-10-12,22.21,27.590000000000007,41.68000000000001,86.62,22.21,0,Kozhikode,Kerala
2019-10-13,12.47,38.92000000000001,50.85000000000001,96.27,22.21,0,Kozhikode,Kerala
2019-10-14,6.19,40.870000000000005,54.12000000000001,96.69,22.21,0,Kozhikode,Kerala
2019-10-15,7.82,26.480000000000008,56.820000000000014,97.32000000000001,12.47,0,Kozhikode,Kerala
2019-10-16,10.57,24.580000000000005,64.64,103.02,10.57,0,Kozhikode,Kerala
2019-10-17,42.79,61.18000000000001,106.29000000000002,140.85000000000002,42.79,0,Kozhikode,Kerala
2019-10-18,43.4,96.75999999999999,145.45,173.81,43.4,0,Kozhikode,Kerala
2019-10-19,10.78,96.97,134.02,182.48,43.4,0,Kozhikode,Kerala
2019-10-20,31.23,85.41,152.78,206.93,43.4,0,Kozhikode,Kerala
2019-10-21,24.8,66.81,171.39000000000001,228.43,31.23,0,Kozhikode,Kerala
2019-10-22,10.25,66.28,173.82000000000002,235.76,31.23,0,Kozhikode,Kerala
2019-10-23,22.45,57.5,185.7,253.08999999999997,24.8,0,Kozhikode,Kerala
2019-10-24,17.73,50.43000000000001,160.64000000000001,268.07,22.45,0,Kozhikode,Kerala
2019-10-25,16.04,56.22,133.28,282.97,22.45,0,Kozhikode,Kerala
2019-10-26,13.03,46.8,135.53,291.76,17.73,0,Kozhikode,Kerala
2019-10-27,27.72,56.78999999999999,132.02,297.27,27.72,0,Kozhikode,Kerala
2019-10-28,8.29,49.03999999999999,115.51,293.09,27.72,0,Kozhikode,Kerala
2019-10-29,4.09,40.099999999999994,109.35000000000001,290.99,27.72,0,Kozhikode,Kerala
2019-10-30,28.68,41.059999999999995,115.58,311.84999999999997,28.68,0,Kozhikode,Kerala
2019-10-31,17.52,50.28999999999999,115.37,318.8,28.68,0,Kozhikode,Kerala
2019-11-01,1.03,47.22999999999999,100.36,277.03999999999996,28.68,0,Kozhikode,Kerala
2019-11-02,0.38,18.929999999999996,87.71000000000001,234.02,17.52,0,Kozhikode,Kerala
2019-11-03,4.98,6.389999999999997,64.97,228.22,4.98,0,Kozhikode,Kerala
2019-11-04,13.43,18.789999999999996,70.11000000000001,210.42000000000002,13.43,0,Kozhikode,Kerala
2019-11-05,1.63,20.039999999999996,67.65,187.25,13.43,0,Kozhikode,Kerala
2019-11-06,1.99,17.049999999999997,40.96000000000001,178.99,13.43,0,Kozhikode,Kerala
2019-11-07,1.51,5.129999999999996,24.950000000000006,158.05,1.99,0,Kozhikode,Kerala
2019-11-08,1.97,5.469999999999996,25.890000000000008,142.29,1.99,0,Kozhikode,Kerala
2019-11-09,4.26,7.739999999999996,29.770000000000007,130.51,4.26,0,Kozhikode,Kerala
2019-11-10,20.94,27.169999999999998,45.730000000000004,138.42,20.94,0,Kozhikode,Kerala
2019-11-11,18.17,43.370000000000005,50.47000000000001,128.87,20.94,0,Kozhikode,Kerala
2019-11-12,1.04,40.150000000000006,49.88000000000001,121.62,20.94,0,Kozhikode,Kerala
2019-11-13,0.47,19.68,48.360000000000014,118.0,18.17,0,Kozhikode,Kerala
2019-11-14,0.57,2.0799999999999965,47.42000000000001,89.89,1.04,0,Kozhikode,Kerala
2019-11-15,4.01,5.049999999999996,49.46000000000001,76.38,4.01,0,Kozhikode,Kerala
2019-11-16,9.76,14.339999999999996,54.96000000000001,85.11,9.76,0,Kozhikode,Kerala
2019-11-17,1.58,15.349999999999996,35.60000000000001,86.31,9.76,0,Kozhikode,Kerala
2019-11-18,1.5,12.839999999999996,18.930000000000007,82.83,9.76,0,Kozhikode,Kerala
2019-11-19,10.42,13.499999999999996,28.31000000000001,79.82000000000001,10.42,0,Kozhikode,Kerala
2019-11-20,5.34,17.259999999999998,33.18000000000001,83.53,10.42,0,Kozhikode,Kerala
2019-11-21,7.26,23.019999999999996,39.870000000000005,88.80000000000001,10.42,0,Kozhikode,Kerala
2019-11-22,1.45,14.049999999999995,37.31000000000001,88.74,7.26,0,Kozhikode,Kerala
2019-11-23,1.5,10.209999999999996,29.050000000000008,88.27,7.26,0,Kozhikode,Kerala
2019-11-24,0.66,3.6099999999999963,28.130000000000006,84.67,1.5,0,Kozhikode,Kerala
2019-11-25,0.39,2.5499999999999967,27.020000000000007,64.12,1.5,0,Kozhikode,Kerala
2019-11-26,0.12,1.1699999999999964,16.72000000000001,46.06999999999999,0.66,0,Kozhikode,Kerala
2019-11-27,0.29,0.7999999999999965,11.670000000000007,45.31999999999999,0.39,0,Kozhikode,Kerala
2019-11-28,0.73,1.1399999999999966,5.140000000000007,45.58,0.73,0,Kozhikode,Kerala
2019-11-29,1.92,2.9399999999999964,5.6100000000000065,46.93,1.92,0,Kozhikode,Kerala
2019-11-30,1.52,4.169999999999996,5.630000000000007,44.44,1.92,0,Kozhikode,Kerala
2019-12-01,15.18,18.619999999999997,20.150000000000006,49.86,15.18,0,Kozhikode,Kerala
2019-12-02,24.84,41.53999999999999,44.60000000000001,73.12,24.84,0,Kozhikode,Kerala
2019-12-03,5.96,45.98,50.440000000000005,77.58,24.84,0,Kozhikode,Kerala
2019-12-04,0.61,31.41,50.760000000000005,67.77,24.84,0,Kozhikode,Kerala
2019-12-05,0.0,6.569999999999997,50.03,62.43,5.96,0,Kozhikode,Kerala
2019-12-06,0.0,0.6099999999999964,48.11,55.17,0.61,0,Kozhikode,Kerala
2019-12-07,0.4,0.39999999999999647,46.99000000000001,54.12,0.4,0,Kozhikode,Kerala
2019-12-08,0.45,0.8499999999999965,32.260000000000005,53.07,0.45,0,Kozhikode,Kerala
2019-12-09,0.05,0.8999999999999965,7.470000000000007,52.46,0.45,0,Kozhikode,Kerala
2019-12-10,0.06,0.5599999999999965,1.5700000000000072,52.13,0.45,0,Kozhikode,Kerala
2019-12-11,0.01,0.11999999999999644,0.9700000000000072,52.02,0.06,0,Kozhikode,Kerala
2019-12-12,0.03,0.09999999999999645,1.000000000000007,51.760000000000005,0.06,0,Kozhikode,Kerala
2019-12-13,0.06,0.09999999999999645,1.0600000000000072,51.09,0.06,0,Kozhikode,Kerala
2019-12-14,11.01,11.099999999999996,11.670000000000007,60.18,11.01,0,Kozhikode,Kerala
2019-12-15,2.1,13.169999999999996,13.320000000000007,60.760000000000005,11.01,0,Kozhikode,Kerala
2019-12-16,0.1,13.209999999999996,13.370000000000006,45.68000000000001,11.01,0,Kozhikode,Kerala
2019-12-17,0.07,2.2699999999999965,13.380000000000006,20.91,2.1,0,Kozhikode,Kerala
2019-12-18,0.04,0.20999999999999647,13.410000000000007,14.99,0.1,0,Kozhikode,Kerala
2019-12-19,0.02,0.12999999999999645,13.400000000000007,14.4,0.07,0,Kozhikode,Kerala
2019-12-20,0.03,0.08999999999999644,13.370000000000006,14.43,0.04,0,Kozhikode,Kerala
2019-12-21,0.14,0.18999999999999645,2.500000000000007,14.57,0.14,0,Kozhikode,Kerala
2019-12-22,0.03,0.19999999999999646,0.43000000000000715,14.2,0.14,0,Kozhikode,Kerala
2019-12-23,0.07,0.23999999999999647,0.4000000000000071,13.82,0.14,0,Kozhikode,Kerala
2019-12-24,0.26,0.35999999999999643,0.5900000000000071,14.03,0.26,0,Kozhikode,Kerala
2019-12-25,0.98,1.3099999999999965,1.5300000000000071,14.950000000000001,0.98,0,Kozhikode,Kerala
2019-12-26,0.52,1.7599999999999962,2.0300000000000074,15.46,0.98,0,Kozhikode,Kerala
2019-12-27,1.0,2.4999999999999964,3.000000000000007,16.43,1.0,0,Kozhikode,Kerala
2019-12-28,0.46,1.9799999999999964,3.3200000000000074,16.830000000000002,1.0,0,Kozhikode,Kerala
2019-12-29,0.14,1.5999999999999965,3.430000000000007,5.96,1.0,0,Kozhikode,Kerala
2019-12-30,0.82,1.4199999999999964,4.180000000000007,4.68,0.82,0,Kozhikode,Kerala
2019-12-31,2.37,3.3299999999999965,6.290000000000007,6.95,2.37,0,Kozhikode,Kerala
2020-01-01,0.22,3.4099999999999966,5.5300000000000065,7.1,2.37,0,Kozhikode,Kerala
2020-01-02,0.01,2.5999999999999965,5.020000000000008,7.07,2.37,0,Kozhikode,Kerala
2020-01-03,0.02,0.24999999999999645,4.040000000000007,7.069999999999999,0.22,0,Kozhikode,Kerala
2020-01-04,0.0,0.029999999999996446,3.5800000000000067,7.04,0.02,0,Kozhikode,Kerala
2020-01-05,0.0,0.019999999999996444,3.440000000000007,6.8999999999999995,0.02,0,Kozhikode,Kerala
2020-01-06,0.01,0.009999999999996447,2.630000000000007,6.88,0.01,0,Kozhikode,Kerala
2020-01-07,0.01,0.019999999999996448,0.2700000000000071,6.819999999999999,0.01,0,Kozhikode,Kerala
2020-01-08,0.02,0.03999999999999645,0.07000000000000711,6.58,0.02,0,Kozhikode,Kerala
2020-01-09,0.01,0.03999999999999645,0.0700000000000071,5.609999999999999,0.02,0,Kozhikode,Kerala
2020-01-10,0.0,0.029999999999996446,0.05000000000000711,5.09,0.02,0,Kozhikode,Kerala
2020-01-11,0.0,0.009999999999996447,0.05000000000000711,4.09,0.01,0,Kozhikode,Kerala
2020-01-12,0.0,0.0,0.05000000000000711,3.6299999999999994,0.0,0,Kozhikode,Kerala
2020-01-13,0.0,0.0,0.040000000000007106,3.4899999999999998,0.0,0,Kozhikode,Kerala
2020-01-14,0.0,0.0,0.030000000000007104,2.67,0.0,0,Kozhikode,Kerala
2020-01-15,0.02,0.019999999999996448,0.030000000000007108,0.32,0.02,0,Kozhikode,Kerala
2020-01-16,0.2,0.21999999999999645,0.22000000000000713,0.30000000000000004,0.2,0,Kozhikode,Kerala
2020-01-17,0.31,0.5299999999999965,0.5300000000000071,0.6,0.31,0,Kozhikode,Kerala
2020-01-18,0.23,0.7399999999999964,0.7600000000000071,0.8099999999999999,0.31,0,Kozhikode,Kerala
2020-01-19,1.5,2.0399999999999965,2.260000000000007,2.31,1.5,0,Kozhikode,Kerala
2020-01-20,0.23,1.9599999999999964,2.4900000000000073,2.54,1.5,0,Kozhikode,Kerala
2020-01-21,0.11,1.8399999999999965,2.600000000000007,2.64,1.5,0,Kozhikode,Kerala
2020-01-22,0.0,0.33999999999999647,2.580000000000007,2.63,0.23,0,Kozhikode,Kerala
2020-01-23,0.0,0.10999999999999645,2.380000000000007,2.61,0.11,0,Kozhikode,Kerala
2020-01-24,0.0,0.0,2.0700000000000074,2.6,0.0,0,Kozhikode,Kerala
2020-01-25,0.0,0.0,1.8400000000000072,2.6,0.0,0,Kozhikode,Kerala
2020-01-26,0.0,0.0,0.34000000000000713,2.6,0.0,0,Kozhikode,Kerala
2020-01-27,0.02,0.019999999999996448,0.1300000000000071,2.62,0.02,0,Kozhikode,Kerala
2020-01-28,0.03,0.04999999999999645,0.05000000000000711,2.6500000000000004,0.03,0,Kozhikode,Kerala
2020-01-29,0.01,0.059999999999996445,0.0600000000000071,2.66,0.03,0,Kozhikode,Kerala
2020-01-30,0.01,0.04999999999999644,0.07000000000000711,2.6500000000000004,0.03,0,Kozhikode,Kerala
2020-01-31,0.03,0.04999999999999645,0.10000000000000711,2.48,0.03,0,Kozhikode,Kerala
2020-02-01,0.04,0.07999999999999644,0.14000000000000712,2.21,0.04,0,Kozhikode,Kerala
2020-02-02,0.06,0.12999999999999645,0.20000000000000712,2.04,0.06,0,Kozhikode,Kerala
2020-02-03,0.04,0.13999999999999646,0.2200000000000071,0.58,0.06,0,Kozhikode,Kerala
2020-02-04,0.05,0.14999999999999644,0.24000000000000712,0.4,0.06,0,Kozhikode,Kerala
2020-02-05,0.6,0.6899999999999964,0.8300000000000071,0.8899999999999999,0.6,0,Kozhikode,Kerala
2020-02-06,0.26,0.9099999999999964,1.0800000000000072,1.15,0.6,0,Kozhikode,Kerala
2020-02-07,0.75,1.6099999999999963,1.800000000000007,1.9,0.75,0,Kozhikode,Kerala
2020-02-08,0.0,1.0099999999999962,1.760000000000007,1.9,0.75,0,Kozhikode,Kerala
2020-02-09,0.17,0.9199999999999965,1.8700000000000072,2.07,0.75,0,Kozhikode,Kerala
2020-02-10,0.07,0.23999999999999647,1.9000000000000072,2.14,0.17,0,Kozhikode,Kerala
2020-02-11,0.03,0.26999999999999647,1.880000000000007,2.15,0.17,0,Kozhikode,Kerala
2020-02-12,0.0,0.09999999999999645,1.280000000000007,2.12,0.07,0,Kozhikode,Kerala
2020-02-13,0.01,0.03999999999999645,1.0300000000000071,2.12,0.03,0,Kozhikode,Kerala
2020-02-14,0.0,0.009999999999996447,0.28000000000000713,2.1100000000000003,0.01,0,Kozhikode,Kerala
2020-02-15,0.0,0.009999999999996447,0.28000000000000713,2.08,0.01,0,Kozhikode,Kerala
2020-02-16,0.0,0.0,0.1100000000000071,2.04,0.0,0,Kozhikode,Kerala
2020-02-17,0.0,0.0,0.040000000000007106,1.98,0.0,0,Kozhikode,Kerala
2020-02-18,0.0,0.0,0.010000000000007106,1.94,0.0,0,Kozhikode,Kerala
2020-02-19,0.0,0.0,0.010000000000007106,1.89,0.0,0,Kozhikode,Kerala
2020-02-20,0.0,0.0,0.0,1.29,0.0,0,Kozhikode,Kerala
2020-02-21,0.01,0.009999999999996447,0.010000000000007106,1.0399999999999998,0.01,0,Kozhikode,Kerala
2020-02-22,0.05,0.05999999999999645,0.06000000000000711,0.34,0.05,0,Kozhikode,Kerala
2020-02-23,0.02,0.07999999999999645,0.08000000000000711,0.36000000000000004,0.05,0,Kozhikode,Kerala
2020-02-24,0.01,0.07999999999999646,0.09000000000000712,0.2,0.05,0,Kozhikode,Kerala
2020-02-25,0.06,0.08999999999999644,0.1500000000000071,0.19,0.06,0,Kozhikode,Kerala
2020-02-26,0.02,0.08999999999999644,0.17000000000000712,0.18,0.06,0,Kozhikode,Kerala
2020-02-27,0.21,0.2899999999999964,0.3800000000000071,0.39,0.21,0,Kozhikode,Kerala
2020-02-28,0.42,0.6499999999999965,0.7900000000000071,0.7999999999999999,0.42,0,Kozhikode,Kerala
2020-02-29,1.09,1.7199999999999966,1.8300000000000072,1.8900000000000001,1.09,0,Kozhikode,Kerala
2020-03-01,0.81,2.3199999999999967,2.620000000000007,2.7,1.09,0,Kozhikode,Kerala
2020-03-02,3.73,5.629999999999996,6.340000000000007,6.43,3.73,0,Kozhikode,Kerala
2020-03-03,1.0,5.5399999999999965,7.2800000000000065,7.43,3.73,0,Kozhikode,Kerala
2020-03-04,0.04,4.769999999999996,7.300000000000007,7.47,3.73,0,Kozhikode,Kerala
2020-03-05,0.03,1.0699999999999965,7.120000000000007,7.5,1.0,0,Kozhikode,Kerala
2020-03-06,0.0,0.06999999999999645,6.700000000000007,7.5,0.04,0,Kozhikode,Kerala
2020-03-07,0.03,0.059999999999996445,5.640000000000007,7.52,0.03,0,Kozhikode,Kerala
2020-03-08,0.57,0.5999999999999964,5.4000000000000075,8.04,0.57,0,Kozhikode,Kerala
2020-03-09,0.71,1.3099999999999965,2.380000000000007,8.73,0.71,0,Kozhikode,Kerala
2020-03-10,0.63,1.9099999999999964,2.010000000000007,9.35,0.71,0,Kozhikode,Kerala
2020-03-11,0.29,1.6299999999999963,2.260000000000007,9.58,0.71,0,Kozhikode,Kerala
2020-03-12,0.17,1.0899999999999965,2.400000000000007,9.729999999999999,0.63,0,Kozhikode,Kerala
2020-03-13,0.0,0.4599999999999964,2.400000000000007,9.52,0.29,0,Kozhikode,Kerala
2020-03-14,0.0,0.16999999999999646,2.3700000000000068,9.1,0.17,0,Kozhikode,Kerala
2020-03-15,0.0,0.0,1.8000000000000071,8.01,0.0,0,Kozhikode,Kerala
2020-03-16,0.0,0.0,1.0900000000000072,7.199999999999999,0.0,0,Kozhikode,Kerala
2020-03-17,0.11,0.10999999999999645,0.5700000000000071,3.5799999999999996,0.11,0,Kozhikode,Kerala
2020-03-18,0.35,0.4599999999999964,0.6300000000000071,2.9299999999999993,0.35,0,Kozhikode,Kerala
2020-03-19,0.64,1.0999999999999965,1.1000000000000072,3.5299999999999994,0.64,0,Kozhikode,Kerala
2020-03-20,2.35,3.3399999999999967,3.4500000000000073,5.85,2.35,0,Kozhikode,Kerala
2020-03-21,0.76,3.7499999999999964,4.210000000000007,6.609999999999999,2.35,0,Kozhikode,Kerala
2020-03-22,0.15,3.259999999999997,4.360000000000007,6.7299999999999995,2.35,0,Kozhikode,Kerala
2020-03-23,0.37,1.2799999999999965,4.7300000000000075,6.53,0.76,0,Kozhikode,Kerala
2020-03-24,0.8,1.3199999999999965,5.420000000000007,6.62,0.8,0,Kozhikode,Kerala
2020-03-25,1.33,2.4999999999999964,6.4000000000000075,7.319999999999999,1.33,0,Kozhikode,Kerala
2020-03-26,0.18,2.3099999999999965,5.9400000000000075,7.209999999999999,1.33,0,Kozhikode,Kerala
2020-03-27,0.34,1.8499999999999965,3.9300000000000073,7.379999999999999,1.33,0,Kozhikode,Kerala
2020-03-28,0.2,0.7199999999999964,3.370000000000007,7.579999999999999,0.34,0,Kozhikode,Kerala
2020-03-29,0.29,0.8299999999999965,3.510000000000007,7.869999999999999,0.34,0,Kozhikode,Kerala
2020-03-30,0.25,0.7399999999999964,3.390000000000007,8.12,0.29,0,Kozhikode,Kerala
2020-03-31,0.25,0.7899999999999965,2.840000000000007,8.37,0.29,0,Kozhikode,Kerala
2020-04-01,0.2,0.6999999999999964,1.710000000000007,8.46,0.25,0,Kozhikode,Kerala
2020-04-02,0.46,0.9099999999999965,1.9900000000000073,8.57,0.46,0,Kozhikode,Kerala
2020-04-03,0.4,1.0599999999999965,2.050000000000007,8.33,0.46,0,Kozhikode,Kerala
2020-04-04,0.34,1.1999999999999966,2.190000000000007,6.32,0.46,0,Kozhikode,Kerala
2020-04-05,0.76,1.4999999999999964,2.6600000000000072,6.319999999999999,0.76,0,Kozhikode,Kerala
2020-04-06,1.97,3.0699999999999967,4.380000000000007,8.14,1.97,0,Kozhikode,Kerala
2020-04-07,4.75,7.479999999999997,8.880000000000006,12.52,4.75,0,Kozhikode,Kerala
2020-04-08,1.13,7.849999999999997,9.810000000000008,12.85,4.75,0,Kozhikode,Kerala
2020-04-09,1.28,7.1599999999999975,10.630000000000006,12.799999999999999,4.75,0,Kozhikode,Kerala
2020-04-10,0.5,2.9099999999999975,10.730000000000006,13.12,1.28,0,Kozhikode,Kerala
2020-04-11,1.17,2.9499999999999975,11.560000000000006,13.95,1.28,0,Kozhikode,Kerala
2020-04-12,1.1,2.7699999999999974,11.900000000000007,14.850000000000001,1.17,0,Kozhikode,Kerala
2020-04-13,0.64,2.9099999999999975,10.570000000000006,15.2,1.17,0,Kozhikode,Kerala
2020-04-14,0.53,2.2699999999999974,6.350000000000007,15.48,1.1,0,Kozhikode,Kerala
2020-04-15,0.76,1.9299999999999975,5.9800000000000075,15.99,0.76,0,Kozhikode,Kerala
2020-04-16,0.99,2.279999999999997,5.690000000000007,16.78,0.99,0,Kozhikode,Kerala
2020-04-17,0.59,2.339999999999997,5.7800000000000065,16.91,0.99,0,Kozhikode,Kerala
2020-04-18,0.86,2.4399999999999973,5.470000000000007,17.37,0.99,0,Kozhikode,Kerala
2020-04-19,0.32,1.7699999999999974,4.6900000000000075,17.35,0.86,0,Kozhikode,Kerala
2020-04-20,0.65,1.8299999999999974,4.700000000000006,17.24,0.86,0,Kozhikode,Kerala
2020-04-21,1.07,2.0399999999999974,5.240000000000007,16.34,1.07,0,Kozhikode,Kerala
2020-04-22,1.94,3.6599999999999975,6.420000000000007,13.530000000000001,1.94,0,Kozhikode,Kerala
2020-04-23,2.28,5.289999999999997,7.710000000000007,14.68,2.28,0,Kozhikode,Kerala
2020-04-24,7.04,11.259999999999998,14.160000000000007,20.44,7.04,0,Kozhikode,Kerala
2020-04-25,0.59,9.909999999999998,13.890000000000008,20.53,7.04,0,Kozhikode,Kerala
2020-04-26,8.94,16.569999999999997,22.510000000000005,28.299999999999997,8.94,0,Kozhikode,Kerala
2020-04-27,6.0,15.53,27.860000000000007,33.2,8.94,0,Kozhikode,Kerala
2020-04-28,1.16,16.099999999999998,27.950000000000006,33.72,8.94,0,Kozhikode,Kerala
2020-04-29,2.23,9.389999999999997,28.240000000000006,35.42,6.0,0,Kozhikode,Kerala
2020-04-30,1.16,4.549999999999998,27.120000000000008,35.82,2.23,0,Kozhikode,Kerala
2020-05-01,8.16,11.549999999999997,28.240000000000006,42.989999999999995,8.16,0,Kozhikode,Kerala
2020-05-02,7.11,16.429999999999996,34.760000000000005,49.510000000000005,8.16,0,Kozhikode,Kerala
2020-05-03,4.65,19.919999999999998,30.47000000000001,53.3,8.16,0,Kozhikode,Kerala
2020-05-04,3.86,15.62,28.330000000000005,56.84,7.11,0,Kozhikode,Kerala
2020-05-05,2.89,11.399999999999999,30.06000000000001,59.08,4.65,0,Kozhikode,Kerala
2020-05-06,2.87,9.619999999999997,30.70000000000001,60.879999999999995,3.86,0,Kozhikode,Kerala
2020-05-07,4.06,9.819999999999999,33.60000000000001,63.0,4.06,0,Kozhikode,Kerala
2020-05-08,4.78,11.709999999999997,30.220000000000006,65.5,4.78,0,Kozhikode,Kerala
2020-05-09,1.25,10.089999999999996,24.360000000000007,59.71,4.78,0,Kozhikode,Kerala
2020-05-10,1.48,7.509999999999998,21.190000000000005,60.6,4.78,0,Kozhikode,Kerala
2020-05-11,1.35,4.079999999999998,18.680000000000007,53.01,1.48,0,Kozhikode,Kerala
2020-05-12,2.65,5.479999999999999,18.440000000000005,49.66,2.65,0,Kozhikode,Kerala
2020-05-13,3.37,7.369999999999998,18.94000000000001,51.870000000000005,3.37,0,Kozhikode,Kerala
2020-05-14,2.16,8.179999999999998,17.04000000000001,51.8,3.37,0,Kozhikode,Kerala
2020-05-15,4.73,10.259999999999998,16.99000000000001,55.370000000000005,4.73,0,Kozhikode,Kerala
2020-05-16,7.73,14.62,23.470000000000006,54.940000000000005,7.73,0,Kozhikode,Kerala
2020-05-17,7.95,20.41,29.94000000000001,55.78,7.95,0,Kozhikode,Kerala
2020-05-18,12.51,28.189999999999998,41.10000000000001,63.64,12.51,0,Kozhikode,Kerala
2020-05-19,2.94,23.4,41.39000000000001,62.72,12.51,0,Kozhikode,Kerala
2020-05-20,2.49,17.939999999999998,40.510000000000005,62.32,12.51,0,Kozhikode,Kerala
2020-05-21,3.81,9.239999999999997,42.16000000000001,63.260000000000005,3.81,0,Kozhikode,Kerala
2020-05-22,2.15,8.449999999999998,39.580000000000005,61.35,3.81,0,Kozhikode,Kerala
2020-05-23,4.57,10.529999999999998,36.42000000000001,61.14,4.57,0,Kozhikode,Kerala
2020-05-24,7.5,14.219999999999997,35.970000000000006,67.39,7.5,0,Kozhikode,Kerala
2020-05-25,7.18,19.249999999999996,30.640000000000008,73.09,7.5,0,Kozhikode,Kerala
2020-05-26,4.99,19.669999999999995,32.690000000000005,76.73,7.5,0,Kozhikode,Kerala
2020-05-27,9.11,21.279999999999994,39.31000000000001,83.19,9.11,0,Kozhikode,Kerala
2020-05-28,9.98,24.08,45.480000000000004,89.80000000000001,9.98,0,Kozhikode,Kerala
2020-05-29,21.05,40.13999999999999,64.38000000000001,108.69,21.05,0,Kozhikode,Kerala
2020-05-30,11.8,42.83,71.61000000000001,115.76,21.05,0,Kozhikode,Kerala
2020-05-31,10.29,43.14,74.4,118.32000000000001,21.05,0,Kozhikode,Kerala
2020-06-01,24.49,46.57999999999999,91.71000000000001,134.86,24.49,1,Kozhikode,Kerala
2020-06-02,30.29,65.07,117.01,152.64000000000001,30.29,1,Kozhikode,Kerala
2020-06-03,13.32,68.1,121.22,163.02,30.29,1,Kozhikode,Kerala
2020-06-04,14.38,57.989999999999995,125.62,174.91,30.29,1,Kozhikode,Kerala
2020-06-05,4.99,32.69,109.56,176.09,14.38,1,Kozhikode,Kerala
2020-06-06,10.6,29.96999999999999,108.36000000000001,184.54,14.38,1,Kozhikode,Kerala
2020-06-07,16.18,31.76999999999999,114.25,196.15,16.18,1,Kozhikode,Kerala
2020-06-08,1.83,28.609999999999985,91.59,190.48,16.18,1,Kozhikode,Kerala
2020-06-09,3.54,21.54999999999999,64.84,186.84,16.18,1,Kozhikode,Kerala
2020-06-10,15.06,20.42999999999999,66.58000000000001,196.91000000000003,15.06,1,Kozhikode,Kerala
2020-06-11,3.1,21.69999999999999,55.300000000000004,190.9,15.06,1,Kozhikode,Kerala
2020-06-12,14.4,32.55999999999999,64.71000000000001,195.32,15.06,1,Kozhikode,Kerala
2020-06-13,11.71,29.20999999999999,65.82000000000001,185.98,14.4,1,Kozhikode,Kerala
2020-06-14,23.44,49.54999999999999,73.08000000000001,197.61999999999998,23.44,1,Kozhikode,Kerala
2020-06-15,14.59,49.739999999999995,85.84,201.92,23.44,1,Kozhikode,Kerala
2020-06-16,44.99,83.01999999999998,127.29,222.42000000000002,44.99,1,Kozhikode,Kerala
2020-06-17,13.85,73.42999999999999,126.08000000000001,205.98,44.99,1,Kozhikode,Kerala
2020-06-18,12.95,71.78999999999999,135.93,205.61,44.99,1,Kozhikode,Kerala
2020-06-19,6.16,32.95999999999999,127.69,197.39000000000001,13.85,1,Kozhikode,Kerala
2020-06-20,5.08,24.189999999999984,121.06,197.48,12.95,1,Kozhikode,Kerala
2020-06-21,22.88,34.11999999999998,120.50000000000001,209.76,22.88,1,Kozhikode,Kerala
2020-06-22,13.1,41.05999999999999,119.01,206.68,22.88,1,Kozhikode,Kerala
2020-06-23,1.21,37.18999999999999,75.23000000000002,206.06,22.88,1,Kozhikode,Kerala
2020-06-24,1.88,16.189999999999984,63.260000000000005,204.39999999999998,13.1,1,Kozhikode,Kerala
2020-06-25,7.24,10.329999999999986,57.55000000000001,196.57999999999998,7.24,1,Kozhikode,Kerala
2020-06-26,10.09,19.209999999999987,61.480000000000004,203.57,10.09,1,Kozhikode,Kerala
2020-06-27,19.16,36.48999999999998,75.56,208.33,19.16,1,Kozhikode,Kerala
2020-06-28,28.38,57.62999999999998,81.06,225.0,28.38,1,Kozhikode,Kerala
2020-06-29,20.0,67.53999999999998,87.96000000000001,221.56,28.38,1,Kozhikode,Kerala
2020-06-30,6.89,55.26999999999998,93.64,213.86,28.38,1,Kozhikode,Kerala
2020-07-01,7.75,34.639999999999986,99.51,176.62,20.0,1,Kozhikode,Kerala
2020-07-02,15.51,30.149999999999984,107.78,178.28,15.51,1,Kozhikode,Kerala
2020-07-03,34.63,57.889999999999986,132.32,199.95999999999998,34.63,1,Kozhikode,Kerala
2020-07-04,45.1,95.23999999999998,158.26,238.89999999999998,45.1,1,Kozhikode,Kerala
2020-07-05,20.19,99.92,150.07000000000002,254.01000000000002,45.1,1,Kozhikode,Kerala
2020-07-06,29.38,94.66999999999999,159.45000000000002,260.51,45.1,1,Kozhikode,Kerala
2020-07-07,17.61,67.17999999999998,170.17000000000002,265.02,29.38,1,Kozhikode,Kerala
2020-07-08,12.55,59.53999999999999,174.97000000000003,276.36,29.38,1,Kozhikode,Kerala
2020-07-09,21.51,51.66999999999999,180.97,295.99,21.51,1,Kozhikode,Kerala
2020-07-10,6.37,40.429999999999986,152.71,295.12,21.51,1,Kozhikode,Kerala
2020-07-11,12.3,40.17999999999999,119.91000000000003,297.33,21.51,1,Kozhikode,Kerala
2020-07-12,6.0,24.669999999999987,105.72,284.17,12.3,1,Kozhikode,Kerala
2020-07-13,4.33,22.62999999999999,80.67000000000002,260.12,12.3,1,Kozhikode,Kerala
2020-07-14,10.59,20.919999999999987,73.65,250.71,10.59,1,Kozhikode,Kerala
2020-07-15,15.22,30.139999999999986,76.32000000000002,259.04,15.22,1,Kozhikode,Kerala
2020-07-16,28.55,54.359999999999985,83.36000000000001,279.84,28.55,1,Kozhikode,Kerala
2020-07-17,25.57,69.33999999999999,102.56,289.90000000000003,28.55,1,Kozhikode,Kerala
2020-07-18,11.63,65.74999999999999,101.89000000000001,266.90000000000003,28.55,1,Kozhikode,Kerala
2020-07-19,17.66,54.85999999999999,113.55000000000001,239.45999999999998,25.57,1,Kozhikode,Kerala
2020-07-20,20.79,50.079999999999984,130.01000000000002,240.06,20.79,1,Kozhikode,Kerala
2020-07-21,4.03,42.47999999999998,123.45,214.71,20.79,1,Kozhikode,Kerala
2020-07-22,3.32,28.13999999999999,111.55000000000001,200.42000000000002,20.79,1,Kozhikode,Kerala
2020-07-23,10.66,18.00999999999999,93.66000000000001,198.53,10.66,1,Kozhikode,Kerala
2020-07-24,10.65,24.62999999999999,78.74000000000001,187.67000000000002,10.66,1,Kozhikode,Kerala
2020-07-25,12.98,34.28999999999999,80.09,194.28,12.98,1,Kozhikode,Kerala
2020-07-26,5.5,29.129999999999992,67.93,187.48,12.98,1,Kozhikode,Kerala
2020-07-27,5.05,23.52999999999999,52.190000000000005,186.53,12.98,1,Kozhikode,Kerala
2020-07-28,19.59,30.13999999999999,67.75,201.79000000000002,19.59,1,Kozhikode,Kerala
2020-07-29,32.8,57.43999999999998,97.23000000000002,224.0,32.8,1,Kozhikode,Kerala
2020-07-30,22.84,75.22999999999999,109.41,231.62,32.8,1,Kozhikode,Kerala
2020-07-31,23.76,79.39999999999998,122.52000000000001,226.82999999999998,32.8,1,Kozhikode,Kerala
2020-08-01,16.73,63.329999999999984,126.27000000000001,217.99,23.76,1,Kozhikode,Kerala
2020-08-02,42.89,83.37999999999998,163.66000000000003,249.25,42.89,1,Kozhikode,Kerala
2020-08-03,23.34,82.95999999999998,181.95,254.92999999999998,42.89,1,Kozhikode,Kerala
2020-08-04,38.42,104.64999999999998,200.78000000000003,272.56,42.89,1,Kozhikode,Kerala
2020-08-05,40.47,102.22999999999998,208.45000000000002,309.0,40.47,1,Kozhikode,Kerala
2020-08-06,50.82,129.70999999999998,236.43,356.50000000000006,50.82,1,Kozhikode,Kerala
2020-08-07,89.64,180.92999999999995,302.31000000000006,435.48,89.64,1,Kozhikode,Kerala
2020-08-08,52.25,192.70999999999998,337.83000000000004,477.08000000000004,89.64,1,Kozhikode,Kerala
2020-08-09,43.21,185.09999999999997,338.15000000000003,507.31,89.64,1,Kozhikode,Kerala
2020-08-10,16.41,111.86999999999996,331.22,518.22,52.25,1,Kozhikode,Kerala
2020-08-11,9.28,68.89999999999996,302.08000000000004,522.45,43.21,1,Kozhikode,Kerala
2020-08-12,9.13,34.81999999999996,270.74,511.99,16.41,1,Kozhikode,Kerala
2020-08-13,5.98,24.389999999999958,225.9,485.17,9.28,1,Kozhikode,Kerala
2020-08-14,4.64,19.749999999999957,140.90000000000003,466.96999999999997,9.13,1,Kozhikode,Kerala
2020-08-15,8.22,18.83999999999996,96.87000000000003,451.43,8.22,1,Kozhikode,Kerala
2020-08-16,5.42,18.27999999999996,59.08000000000003,440.12000000000006,8.22,1,Kozhikode,Kerala
2020-08-17,14.34,27.979999999999958,57.01000000000003,411.57,14.34,1,Kozhikode,Kerala
2020-08-18,11.47,31.22999999999996,59.20000000000003,399.70000000000005,14.34,1,Kozhikode,Kerala
2020-08-19,2.74,28.549999999999958,52.81000000000003,364.02,14.34,1,Kozhikode,Kerala
2020-08-20,4.71,18.91999999999996,51.54000000000003,328.26,11.47,1,Kozhikode,Kerala
2020-08-21,4.22,11.669999999999959,51.12000000000003,281.65999999999997,4.71,1,Kozhikode,Kerala
2020-08-22,3.72,12.64999999999996,46.62000000000003,195.74,4.71,1,Kozhikode,Kerala
2020-08-23,3.14,11.07999999999996,44.34000000000003,146.63,4.22,1,Kozhikode,Kerala
2020-08-24,4.04,10.89999999999996,34.04000000000003,107.46,4.04,1,Kozhikode,Kerala
2020-08-25,1.7,8.879999999999958,24.270000000000028,92.75,4.04,1,Kozhikode,Kerala
2020-08-26,0.26,5.999999999999959,21.79000000000003,83.72999999999999,4.04,1,Kozhikode,Kerala
2020-08-27,0.74,2.6999999999999593,17.82000000000003,75.34,1.7,1,Kozhikode,Kerala
2020-08-28,0.72,1.7199999999999591,14.320000000000029,70.08,0.74,1,Kozhikode,Kerala
2020-08-29,2.59,4.049999999999959,13.190000000000028,68.03,2.59,1,Kozhikode,Kerala
2020-08-30,4.48,7.789999999999959,14.53000000000003,64.28999999999999,4.48,1,Kozhikode,Kerala
2020-08-31,10.18,17.249999999999957,20.67000000000003,69.05,10.18,1,Kozhikode,Kerala
2020-09-01,13.38,28.03999999999996,32.35000000000003,68.09,13.38,1,Kozhikode,Kerala
2020-09-02,14.43,37.98999999999996,46.52000000000003,71.05,14.43,1,Kozhikode,Kerala
2020-09-03,6.75,34.55999999999996,52.53000000000003,75.06,14.43,1,Kozhikode,Kerala
2020-09-04,8.32,29.499999999999957,60.13000000000003,78.67,14.43,1,Kozhikode,Kerala
2020-09-05,9.55,24.619999999999962,67.09000000000003,84.0,9.55,1,Kozhikode,Kerala
2020-09-06,16.31,34.17999999999996,78.92000000000003,96.59,16.31,1,Kozhikode,Kerala
2020-09-07,18.02,43.87999999999995,86.76000000000002,111.47,18.02,1,Kozhikode,Kerala
2020-09-08,9.18,43.50999999999996,82.56000000000003,116.61000000000001,18.02,1,Kozhikode,Kerala
2020-09-09,23.48,50.67999999999996,91.61000000000001,138.39000000000001,23.48,1,Kozhikode,Kerala
2020-09-10,62.77,95.42999999999995,147.63000000000002,200.90000000000003,62.77,1,Kozhikode,Kerala
2020-09-11,44.67,130.91999999999996,183.98000000000002,244.83,62.77,1,Kozhikode,Kerala
2020-09-12,17.84,125.27999999999996,192.27,261.95,62.77,1,Kozhikode,Kerala
2020-09-13,14.1,76.60999999999996,190.06000000000006,273.46,44.67,1,Kozhikode,Kerala
2020-09-14,9.19,41.12999999999995,181.23000000000005,278.17,17.84,1,Kozhikode,Kerala
2020-09-15,25.39,48.67999999999996,197.44000000000003,293.38,25.39,1,Kozhikode,Kerala
2020-09-16,7.39,41.969999999999956,181.35000000000005,287.39000000000004,25.39,1,Kozhikode,Kerala
2020-09-17,8.03,40.80999999999996,126.61000000000003,280.99,25.39,1,Kozhikode,Kerala
2020-09-18,16.15,31.569999999999954,98.09000000000003,290.39,16.15,1,Kozhikode,Kerala
2020-09-19,42.65,66.82999999999996,122.90000000000002,324.72,42.65,1,Kozhikode,Kerala
2020-09-20,43.12,101.91999999999994,151.92000000000002,358.29,43.12,1,Kozhikode,Kerala
2020-09-21,16.69,102.45999999999995,159.42000000000002,358.67,43.12,1,Kozhikode,Kerala
2020-09-22,8.05,67.85999999999996,142.08,348.70000000000005,43.12,1,Kozhikode,Kerala
2020-09-23,3.68,28.419999999999952,138.37000000000003,343.2,16.69,1,Kozhikode,Kerala
2020-09-24,2.33,14.05999999999995,132.67000000000002,322.05,8.05,1,Kozhikode,Kerala
2020-09-25,3.69,9.69999999999995,120.21000000000002,262.97,3.69,1,Kozhikode,Kerala
2020-09-26,3.43,9.449999999999951,80.99000000000002,221.73,3.69,1,Kozhikode,Kerala
2020-09-27,1.5,8.619999999999951,39.37000000000003,205.39,3.69,1,Kozhikode,Kerala
2020-09-28,0.94,5.86999999999995,23.62000000000003,192.23,3.43,1,Kozhikode,Kerala
2020-09-29,4.77,7.209999999999949,20.34000000000003,187.81,4.77,1,Kozhikode,Kerala
2020-09-30,4.51,10.21999999999995,21.17000000000003,166.92999999999998,4.77,1,Kozhikode,Kerala
2020-10-01,1.59,10.86999999999995,20.430000000000028,161.13,4.77,0,Kozhikode,Kerala
2020-10-02,1.52,7.61999999999995,18.26000000000003,154.62,4.51,0,Kozhikode,Kerala
2020-10-03,1.83,4.939999999999951,16.66000000000003,140.29999999999998,1.83,0,Kozhikode,Kerala
2020-10-04,0.89,4.2399999999999505,16.05000000000003,98.54,1.83,0,Kozhikode,Kerala
2020-10-05,0.44,3.15999999999995,15.550000000000027,55.86,1.83,0,Kozhikode,Kerala
2020-10-06,1.38,2.7099999999999502,12.160000000000029,40.550000000000004,1.38,0,Kozhikode,Kerala
2020-10-07,5.0,6.8199999999999505,12.650000000000029,37.5,5.0,0,Kozhikode,Kerala
2020-10-08,12.09,18.46999999999995,23.150000000000027,45.91,12.09,0,Kozhikode,Kerala
2020-10-09,30.87,47.95999999999995,52.50000000000003,74.45,30.87,0,Kozhikode,Kerala
2020-10-10,15.45,58.409999999999954,66.12000000000003,86.21000000000001,30.87,0,Kozhikode,Kerala
2020-10-11,7.22,53.53999999999995,72.45000000000003,90.0,30.87,0,Kozhikode,Kerala
2020-10-12,17.17,39.839999999999954,89.18000000000004,105.67,17.17,0,Kozhikode,Kerala
2020-10-13,11.06,35.44999999999995,98.86000000000003,115.79,17.17,0,Kozhikode,Kerala
2020-10-14,3.18,31.409999999999958,97.04000000000002,114.2,17.17,0,Kozhikode,Kerala
2020-10-15,9.36,23.59999999999995,94.31000000000003,119.05,11.06,0,Kozhikode,Kerala
2020-10-16,6.42,18.95999999999995,69.86000000000003,123.88,9.36,0,Kozhikode,Kerala
2020-10-17,2.06,17.839999999999954,56.47000000000003,124.42,9.36,0,Kozhikode,Kerala
2020-10-18,2.03,10.509999999999954,51.28000000000003,124.62,6.42,0,Kozhikode,Kerala
2020-10-19,4.48,8.569999999999954,38.59000000000003,128.21,4.48,0,Kozhikode,Kerala
2020-10-20,6.05,12.559999999999953,33.580000000000034,133.82,6.05,0,Kozhikode,Kerala
2020-10-21,9.02,19.549999999999955,39.42000000000003,141.46,9.02,0,Kozhikode,Kerala
2020-10-22,8.18,23.24999999999995,38.24000000000003,144.64000000000001,9.02,0,Kozhikode,Kerala
2020-10-23,8.55,25.74999999999995,40.37000000000003,141.1,9.02,0,Kozhikode,Kerala
2020-10-24,1.78,18.509999999999952,40.09000000000003,112.01,8.55,0,Kozhikode,Kerala
2020-10-25,0.49,10.819999999999952,38.55000000000003,97.05,8.55,0,Kozhikode,Kerala
2020-10-26,3.58,5.849999999999952,37.650000000000034,93.41,3.58,0,Kozhikode,Kerala
2020-10-27,41.42,45.48999999999995,73.02000000000004,117.66,41.42,0,Kozhikode,Kerala
2020-10-28,1.61,46.60999999999995,65.61000000000004,108.21,41.42,0,Kozhikode,Kerala
2020-10-29,0.51,43.53999999999995,57.94000000000003,105.54,41.42,0,Kozhikode,Kerala
2020-10-30,0.17,2.2899999999999503,49.56000000000004,96.35000000000001,1.61,0,Kozhikode,Kerala
2020-10-31,1.24,1.9199999999999502,49.02000000000004,91.17,1.24,0,Kozhikode,Kerala
2020-11-01,1.44,2.84999999999995,49.970000000000034,90.55,1.44,0,Kozhikode,Kerala
2020-11-02,5.62,8.299999999999951,52.01000000000003,94.14,5.62,0,Kozhikode,Kerala
2020-11-03,11.9,18.95999999999995,22.490000000000038,101.55999999999999,11.9,0,Kozhikode,Kerala
2020-11-04,7.72,25.23999999999995,28.600000000000037,103.22999999999999,11.9,0,Kozhikode,Kerala
2020-11-05,10.72,30.33999999999995,38.81000000000003,104.93,11.9,0,Kozhikode,Kerala
2020-11-06,10.18,28.619999999999948,48.820000000000036,106.92999999999999,10.72,0,Kozhikode,Kerala
2020-11-07,0.79,21.689999999999948,48.37000000000004,99.17,10.72,0,Kozhikode,Kerala
2020-11-08,2.15,13.119999999999946,49.080000000000034,99.53999999999999,10.18,0,Kozhikode,Kerala
2020-11-09,1.06,3.9999999999999467,44.52000000000004,100.11,2.15,0,Kozhikode,Kerala
2020-11-10,0.01,3.2199999999999465,32.63000000000004,96.54,2.15,0,Kozhikode,Kerala
2020-11-11,0.23,1.2999999999999468,25.140000000000033,55.35,1.06,0,Kozhikode,Kerala
2020-11-12,3.06,3.2999999999999465,17.480000000000036,56.8,3.06,0,Kozhikode,Kerala
2020-11-13,6.98,10.269999999999946,14.280000000000037,63.27,6.98,0,Kozhikode,Kerala
2020-11-14,3.66,13.699999999999946,17.150000000000038,66.76,6.98,0,Kozhikode,Kerala
2020-11-15,2.6,13.239999999999947,17.600000000000037,68.12,6.98,0,Kozhikode,Kerala
2020-11-16,9.64,15.899999999999947,26.180000000000035,76.32,9.64,0,Kozhikode,Kerala
2020-11-17,7.18,19.419999999999945,33.35000000000004,77.88000000000001,9.64,0,Kozhikode,Kerala
2020-11-18,18.0,34.81999999999994,51.12000000000004,83.97999999999999,18.0,0,Kozhikode,Kerala
2020-11-19,9.57,34.74999999999994,57.63000000000004,85.83,18.0,0,Kozhikode,Kerala
2020-11-20,1.65,29.219999999999942,52.30000000000003,76.76,18.0,0,Kozhikode,Kerala
2020-11-21,0.42,11.639999999999944,49.06000000000004,67.0,9.57,0,Kozhikode,Kerala
2020-11-22,0.02,2.089999999999943,46.48000000000004,66.23,1.65,0,Kozhikode,Kerala
2020-11-23,0.0,0.43999999999994316,36.84000000000004,64.08,0.42,0,Kozhikode,Kerala
2020-11-24,0.05,0.06999999999994316,29.710000000000036,63.07,0.05,0,Kozhikode,Kerala
2020-11-25,0.55,0.5999999999999432,12.260000000000035,63.61,0.55,0,Kozhikode,Kerala
2020-11-26,1.2,1.7999999999999432,3.890000000000035,64.58,1.2,0,Kozhikode,Kerala
2020-11-27,1.91,3.6599999999999433,4.150000000000036,63.43,1.91,0,Kozhikode,Kerala
2020-11-28,3.23,6.339999999999943,6.9600000000000355,59.68,3.23,0,Kozhikode,Kerala
2020-11-29,0.6,5.7399999999999425,7.540000000000035,56.62,3.23,0,Kozhikode,Kerala
2020-11-30,0.29,4.119999999999942,7.830000000000035,54.31,3.23,0,Kozhikode,Kerala
2020-12-01,0.07,0.9599999999999431,7.850000000000035,44.74,0.6,0,Kozhikode,Kerala
2020-12-02,0.18,0.5399999999999432,7.480000000000035,37.74,0.29,0,Kozhikode,Kerala
2020-12-03,2.29,2.539999999999943,8.570000000000036,22.03,2.29,0,Kozhikode,Kerala
2020-12-04,4.87,7.339999999999943,11.530000000000035,17.33,4.87,0,Kozhikode,Kerala
2020-12-05,1.25,8.409999999999943,9.550000000000036,16.93,4.87,0,Kozhikode,Kerala
2020-12-06,8.52,14.639999999999942,17.470000000000034,25.03,8.52,0,Kozhikode,Kerala
2020-12-07,9.16,18.929999999999943,26.340000000000035,34.17,9.16,0,Kozhikode,Kerala
2020-12-08,6.29,23.969999999999942,32.56000000000004,40.46,9.16,0,Kozhikode,Kerala
2020-12-09,2.69,18.139999999999944,35.070000000000036,43.1,9.16,0,Kozhikode,Kerala
2020-12-10,3.08,12.059999999999944,35.860000000000035,45.629999999999995,6.29,0,Kozhikode,Kerala
2020-12-11,0.81,6.579999999999943,31.800000000000036,45.24,3.08,0,Kozhikode,Kerala
2020-12-12,0.74,4.629999999999943,31.290000000000035,44.07,3.08,0,Kozhikode,Kerala
2020-12-13,0.2,1.7499999999999432,22.970000000000034,41.04,0.81,0,Kozhikode,Kerala
2020-12-14,0.07,1.0099999999999432,13.880000000000036,40.51,0.74,0,Kozhikode,Kerala
2020-12-15,0.0,0.2699999999999432,7.590000000000035,40.22,0.2,0,Kozhikode,Kerala
2020-12-16,0.54,0.6099999999999433,5.440000000000036,40.69,0.54,0,Kozhikode,Kerala
2020-12-17,2.05,2.589999999999943,4.410000000000036,42.56,2.05,0,Kozhikode,Kerala
2020-12-18,0.99,3.5799999999999432,4.590000000000035,41.26,2.05,0,Kozhikode,Kerala
2020-12-19,0.01,3.049999999999943,3.860000000000035,36.400000000000006,2.05,0,Kozhikode,Kerala
2020-12-20,0.02,1.0199999999999432,3.6800000000000352,35.17,0.99,0,Kozhikode,Kerala
2020-12-21,0.0,0.029999999999943155,3.610000000000035,26.65,0.02,0,Kozhikode,Kerala
2020-12-22,0.38,0.3999999999999432,3.990000000000035,17.87,0.38,0,Kozhikode,Kerala
2020-12-23,0.91,1.2899999999999432,4.360000000000035,12.49,0.91,0,Kozhikode,Kerala
2020-12-24,0.08,1.3699999999999433,2.390000000000035,9.879999999999999,0.91,0,Kozhikode,Kerala
2020-12-25,0.21,1.1999999999999431,1.6100000000000352,7.009999999999999,0.91,0,Kozhikode,Kerala
2020-12-26,0.21,0.49999999999994316,1.8100000000000351,6.409999999999999,0.21,0,Kozhikode,Kerala
2020-12-27,0.03,0.4499999999999431,1.8200000000000351,5.699999999999999,0.21,0,Kozhikode,Kerala
2020-12-28,0.0,0.23999999999994315,1.8200000000000351,5.499999999999999,0.21,0,Kozhikode,Kerala
2020-12-29,0.03,0.059999999999943154,1.470000000000035,5.46,0.03,0,Kozhikode,Kerala
2020-12-30,1.52,1.5499999999999432,2.080000000000035,6.98,1.52,0,Kozhikode,Kerala
2020-12-31,4.03,5.579999999999943,6.030000000000035,10.469999999999999,4.03,0,Kozhikode,Kerala
2021-01-01,0.58,6.129999999999943,6.400000000000036,8.999999999999998,4.03,0,Kozhikode,Kerala
2021-01-02,0.03,4.639999999999944,6.220000000000036,8.040000000000001,4.03,0,Kozhikode,Kerala
2021-01-03,3.09,3.699999999999943,9.280000000000035,11.120000000000001,3.09,0,Kozhikode,Kerala
2021-01-04,6.15,9.269999999999943,15.430000000000035,17.25,6.15,0,Kozhikode,Kerala
2021-01-05,2.11,11.349999999999943,17.510000000000037,19.36,6.15,0,Kozhikode,Kerala
2021-01-06,13.52,21.779999999999944,29.510000000000034,32.5,13.52,0,Kozhikode,Kerala
2021-01-07,13.1,28.72999999999994,38.580000000000034,44.69,13.52,0,Kozhikode,Kerala
2021-01-08,25.64,52.25999999999994,63.640000000000036,70.25,25.64,0,Kozhikode,Kerala
2021-01-09,2.83,41.569999999999936,66.44000000000004,72.86999999999999,25.64,0,Kozhikode,Kerala
2021-01-10,3.71,32.17999999999994,67.06000000000003,76.37,25.64,0,Kozhikode,Kerala
2021-01-11,2.07,8.609999999999943,62.98000000000003,78.41,3.71,0,Kozhikode,Kerala
2021-01-12,3.47,9.249999999999943,64.34000000000003,81.88,3.71,0,Kozhikode,Kerala
2021-01-13,4.47,10.009999999999943,55.290000000000035,86.32,4.47,0,Kozhikode,Kerala
2021-01-14,1.74,9.679999999999943,43.930000000000035,86.54,4.47,0,Kozhikode,Kerala
2021-01-15,2.01,8.219999999999942,20.300000000000036,84.52,4.47,0,Kozhikode,Kerala
2021-01-16,0.18,3.9299999999999433,17.650000000000034,84.12,2.01,0,Kozhikode,Kerala
2021-01-17,0.09,2.2799999999999434,14.030000000000037,84.17999999999999,2.01,0,Kozhikode,Kerala
2021-01-18,0.06,0.32999999999994356,12.020000000000035,81.14999999999999,0.18,0,Kozhikode,Kerala
2021-01-19,0.06,0.2099999999999436,8.610000000000035,75.06,0.09,0,Kozhikode,Kerala
2021-01-20,0.01,0.1299999999999436,4.150000000000036,72.96,0.06,0,Kozhikode,Kerala
2021-01-21,0.01,0.0799999999999436,2.4200000000000355,59.449999999999996,0.06,0,Kozhikode,Kerala
2021-01-22,0.14,0.15999999999994363,0.5500000000000356,46.49,0.14,0,Kozhikode,Kerala
2021-01-23,0.43,0.5799999999999437,0.8000000000000356,21.28,0.43,0,Kozhikode,Kerala
2021-01-24,0.37,0.9399999999999435,1.0800000000000356,18.82,0.43,0,Kozhikode,Kerala
2021-01-25,0.13,0.9299999999999435,1.1500000000000354,15.24,0.43,0,Kozhikode,Kerala
2021-01-26,0.0,0.49999999999994366,1.0900000000000354,13.17,0.37,0,Kozhikode,Kerala
2021-01-27,0.0,0.12999999999994366,1.0800000000000354,9.7,0.13,0,Kozhikode,Kerala
2021-01-28,0.01,0.009999999999943656,1.0800000000000354,5.24,0.01,0,Kozhikode,Kerala
2021-01-29,0.0,0.009999999999943656,0.9400000000000355,3.4999999999999996,0.01,0,Kozhikode,Kerala
2021-01-30,0.01,0.019999999999943657,0.5200000000000355,1.5,0.01,0,Kozhikode,Kerala
2021-01-31,0.34,0.3499999999999437,0.4900000000000356,1.6600000000000001,0.34,0,Kozhikode,Kerala
2021-02-01,0.18,0.5299999999999436,0.5400000000000356,1.75,0.34,0,Kozhikode,Kerala
2021-02-02,0.04,0.5599999999999437,0.5800000000000356,1.73,0.34,0,Kozhikode,Kerala
2021-02-03,0.02,0.23999999999994365,0.6000000000000356,1.6900000000000002,0.18,0,Kozhikode,Kerala
2021-02-04,0.07,0.12999999999994366,0.6600000000000356,1.75,0.07,0,Kozhikode,Kerala
2021-02-05,0.0,0.08999999999994365,0.6600000000000356,1.7400000000000002,0.07,0,Kozhikode,Kerala
2021-02-06,0.0,0.06999999999994366,0.6500000000000355,1.6,0.07,0,Kozhikode,Kerala
2021-02-07,0.0,0.0,0.3100000000000355,1.17,0.0,0,Kozhikode,Kerala
2021-02-08,0.0,0.0,0.13000000000003553,0.8,0.0,0,Kozhikode,Kerala
2021-02-09,0.0,0.0,0.09000000000003552,0.67,0.0,0,Kozhikode,Kerala
2021-02-10,0.0,0.0,0.07000000000003553,0.67,0.0,0,Kozhikode,Kerala
2021-02-11,0.0,0.0,0.0,0.67,0.0,0,Kozhikode,Kerala
2021-02-12,0.0,0.0,0.0,0.66,0.0,0,Kozhikode,Kerala
2021-02-13,0.0,0.0,0.0,0.66,0.0,0,Kozhikode,Kerala
2021-02-14,0.0,0.0,0.0,0.65,0.0,0,Kozhikode,Kerala
2021-02-15,0.08,0.07999999999994366,0.08000000000003553,0.39,0.08,0,Kozhikode,Kerala
2021-02-16,0.27,0.3499999999999437,0.35000000000003556,0.48000000000000004,0.27,0,Kozhikode,Kerala
2021-02-17,1.17,1.5199999999999436,1.5200000000000355,1.6099999999999999,1.17,0,Kozhikode,Kerala
2021-02-18,3.79,5.229999999999944,5.310000000000036,5.38,3.79,0,Kozhikode,Kerala
2021-02-19,2.17,7.129999999999944,7.480000000000036,7.4799999999999995,3.79,0,Kozhikode,Kerala
2021-02-20,5.36,11.319999999999943,12.840000000000035,12.84,5.36,0,Kozhikode,Kerala
2021-02-21,3.78,11.309999999999944,16.620000000000037,16.62,5.36,0,Kozhikode,Kerala
2021-02-22,1.69,10.829999999999943,18.230000000000036,18.31,5.36,0,Kozhikode,Kerala
2021-02-23,1.01,6.479999999999944,18.970000000000034,19.32,3.78,0,Kozhikode,Kerala
2021-02-24,0.44,3.139999999999944,18.240000000000034,19.759999999999998,1.69,0,Kozhikode,Kerala
2021-02-25,0.25,1.699999999999944,14.700000000000035,20.009999999999998,1.01,0,Kozhikode,Kerala
2021-02-26,0.01,0.699999999999944,12.540000000000035,20.02,0.44,0,Kozhikode,Kerala
2021-02-27,0.0,0.25999999999994405,7.180000000000035,20.02,0.25,0,Kozhikode,Kerala
2021-02-28,0.0,0.009999999999944045,3.4000000000000354,20.02,0.01,0,Kozhikode,Kerala
2021-03-01,0.0,0.0,1.7100000000000355,20.02,0.0,0,Kozhikode,Kerala
2021-03-02,0.0,0.0,0.7000000000000355,19.94,0.0,0,Kozhikode,Kerala
2021-03-03,0.0,0.0,0.26000000000003554,19.669999999999998,0.0,0,Kozhikode,Kerala
2021-03-04,0.0,0.0,0.010000000000035527,18.5,0.0,0,Kozhikode,Kerala
2021-03-05,0.0,0.0,0.0,14.71,0.0,0,Kozhikode,Kerala
2021-03-06,0.0,0.0,0.0,12.54,0.0,0,Kozhikode,Kerala
2021-03-07,0.74,0.739999999999944,0.7400000000000355,7.92,0.74,0,Kozhikode,Kerala
2021-03-08,1.64,2.379999999999944,2.3800000000000354,5.78,1.64,0,Kozhikode,Kerala
2021-03-09,1.68,4.059999999999944,4.060000000000035,5.77,1.68,0,Kozhikode,Kerala
2021-03-10,5.83,9.149999999999944,9.890000000000036,10.59,5.83,0,Kozhikode,Kerala
2021-03-11,21.2,28.709999999999944,31.090000000000035,31.35,21.2,0,Kozhikode,Kerala
2021-03-12,2.05,29.079999999999945,33.140000000000036,33.15,21.2,0,Kozhikode,Kerala
2021-03-13,0.02,23.269999999999943,33.16000000000003,33.16,21.2,0,Kozhikode,Kerala
2021-03-14,0.02,2.0899999999999466,32.44000000000003,33.18,2.05,0,Kozhikode,Kerala
2021-03-15,0.04,0.07999999999994671,30.840000000000035,33.22,0.04,0,Kozhikode,Kerala
2021-03-16,0.03,0.0899999999999467,29.190000000000037,33.25,0.04,0,Kozhikode,Kerala
2021-03-17,0.2,0.2699999999999467,23.560000000000034,33.45,0.2,0,Kozhikode,Kerala
2021-03-18,0.65,0.8799999999999467,3.0100000000000353,34.1,0.65,0,Kozhikode,Kerala
2021-03-19,0.93,1.7799999999999467,1.8900000000000357,35.03,0.93,0,Kozhikode,Kerala
2021-03-20,1.25,2.829999999999947,3.1200000000000356,36.28,1.25,0,Kozhikode,Kerala
2021-03-21,2.08,4.2599999999999465,5.180000000000035,38.36,2.08,0,Kozhikode,Kerala
2021-03-22,0.79,4.119999999999947,5.930000000000035,38.41,2.08,0,Kozhikode,Kerala
2021-03-23,0.56,3.429999999999947,6.4600000000000355,37.33,2.08,0,Kozhikode,Kerala
2021-03-24,1.66,3.0099999999999465,7.920000000000036,37.309999999999995,1.66,0,Kozhikode,Kerala
2021-03-25,2.14,4.359999999999947,9.410000000000036,33.62,2.14,0,Kozhikode,Kerala
2021-03-26,0.79,4.589999999999947,9.270000000000035,13.209999999999997,2.14,0,Kozhikode,Kerala
2021-03-27,0.89,3.819999999999947,8.910000000000036,12.049999999999995,2.14,0,Kozhikode,Kerala
2021-03-28,1.25,2.9299999999999473,8.080000000000036,13.279999999999996,1.25,0,Kozhikode,Kerala
2021-03-29,2.13,4.269999999999947,9.420000000000035,15.389999999999997,2.13,0,Kozhikode,Kerala
2021-03-30,3.07,6.449999999999947,11.930000000000035,18.419999999999998,3.07,0,Kozhikode,Kerala
2021-03-31,2.09,7.289999999999947,12.360000000000035,20.479999999999997,3.07,0,Kozhikode,Kerala
2021-04-01,0.49,5.649999999999947,10.710000000000035,20.769999999999996,3.07,0,Kozhikode,Kerala
2021-04-02,0.08,2.659999999999947,10.000000000000034,20.2,2.09,0,Kozhikode,Kerala
2021-04-03,0.19,0.7599999999999472,9.300000000000036,19.459999999999994,0.49,0,Kozhikode,Kerala
2021-04-04,0.33,0.5999999999999472,8.380000000000036,18.539999999999996,0.33,0,Kozhikode,Kerala
2021-04-05,1.95,2.4699999999999473,8.200000000000035,18.409999999999997,1.95,0,Kozhikode,Kerala
2021-04-06,1.75,4.029999999999947,6.880000000000035,19.369999999999997,1.95,0,Kozhikode,Kerala
2021-04-07,0.61,4.309999999999947,5.400000000000036,19.419999999999995,1.95,0,Kozhikode,Kerala
2021-04-08,0.44,2.799999999999947,5.350000000000035,18.199999999999996,1.75,0,Kozhikode,Kerala
2021-04-09,0.16,1.2099999999999471,5.430000000000035,16.219999999999995,0.61,0,Kozhikode,Kerala
2021-04-10,0.25,0.8499999999999471,5.490000000000036,15.679999999999996,0.44,0,Kozhikode,Kerala
2021-04-11,2.99,3.3999999999999475,8.150000000000036,17.779999999999998,2.99,0,Kozhikode,Kerala
2021-04-12,6.67,9.909999999999947,12.870000000000037,23.199999999999996,6.67,0,Kozhikode,Kerala
2021-04-13,6.4,16.059999999999945,17.520000000000035,27.47,6.67,0,Kozhikode,Kerala
2021-04-14,7.99,21.059999999999945,24.900000000000038,32.39,7.99,0,Kozhikode,Kerala
2021-04-15,9.04,23.429999999999946,33.500000000000036,39.339999999999996,9.04,0,Kozhikode,Kerala
2021-04-16,4.21,21.239999999999945,37.55000000000004,43.059999999999995,9.04,0,Kozhikode,Kerala
2021-04-17,4.36,17.609999999999946,41.66000000000004,47.339999999999996,9.04,0,Kozhikode,Kerala
2021-04-18,5.37,13.939999999999948,44.040000000000035,52.519999999999996,5.37,0,Kozhikode,Kerala
2021-04-19,3.64,13.369999999999946,41.01000000000003,55.82999999999999,5.37,0,Kozhikode,Kerala
2021-04-20,2.96,11.969999999999947,37.570000000000036,56.839999999999996,5.37,0,Kozhikode,Kerala
2021-04-21,8.39,14.989999999999949,37.970000000000034,63.48,8.39,0,Kozhikode,Kerala
2021-04-22,1.65,12.999999999999948,30.580000000000037,64.52,8.39,0,Kozhikode,Kerala
2021-04-23,1.68,11.71999999999995,28.050000000000036,65.76,8.39,0,Kozhikode,Kerala
2021-04-24,3.11,6.439999999999948,26.800000000000036,68.71,3.11,0,Kozhikode,Kerala
2021-04-25,3.71,8.499999999999947,25.140000000000036,72.16999999999999,3.71,0,Kozhikode,Kerala
2021-04-26,1.52,8.339999999999948,23.020000000000035,70.69999999999999,3.71,0,Kozhikode,Kerala
2021-04-27,0.77,5.9999999999999485,20.830000000000037,64.8,3.71,0,Kozhikode,Kerala
2021-04-28,0.93,3.2199999999999487,13.370000000000035,59.33,1.52,0,Kozhikode,Kerala
2021-04-29,0.98,2.6799999999999486,12.700000000000035,52.31999999999999,0.98,0,Kozhikode,Kerala
2021-04-30,0.83,2.7399999999999487,11.850000000000035,44.11,0.98,0,Kozhikode,Kerala
2021-05-01,1.74,3.5499999999999483,10.480000000000036,41.64,1.74,0,Kozhikode,Kerala
2021-05-02,3.95,6.519999999999948,10.720000000000036,41.230000000000004,3.95,0,Kozhikode,Kerala
2021-05-03,5.98,11.669999999999948,15.180000000000037,41.839999999999996,5.98,0,Kozhikode,Kerala
2021-05-04,5.5,15.429999999999948,19.910000000000036,43.699999999999996,5.98,0,Kozhikode,Kerala
2021-05-05,10.02,21.49999999999995,29.000000000000036,50.75999999999999,10.02,0,Kozhikode,Kerala
2021-05-06,3.69,19.209999999999948,31.710000000000036,46.059999999999995,10.02,0,Kozhikode,Kerala
2021-05-07,7.18,20.889999999999947,38.06000000000004,51.589999999999996,10.02,0,Kozhikode,Kerala
2021-05-08,6.14,17.00999999999995,42.460000000000036,56.05,7.18,0,Kozhikode,Kerala
2021-05-09,3.26,16.57999999999995,41.77000000000004,56.199999999999996,7.18,0,Kozhikode,Kerala
2021-05-10,6.98,16.37999999999995,42.77000000000003,59.46999999999999,6.98,0,Kozhikode,Kerala
2021-05-11,11.23,21.46999999999995,48.500000000000036,69.18,11.23,0,Kozhikode,Kerala
2021-05-12,19.45,37.659999999999954,57.930000000000035,87.85999999999999,19.45,0,Kozhikode,Kerala
2021-05-13,14.25,44.92999999999995,68.49000000000004,101.17999999999999,19.45,0,Kozhikode,Kerala
2021-05-14,65.19,98.88999999999994,126.50000000000003,165.39,65.19,0,Kozhikode,Kerala
2021-05-15,40.56,119.99999999999994,160.92000000000002,205.12,65.19,0,Kozhikode,Kerala
2021-05-16,29.13,134.87999999999994,186.79000000000005,232.51,65.19,0,Kozhikode,Kerala
2021-05-17,15.88,85.56999999999995,195.69000000000003,244.43999999999997,40.56,0,Kozhikode,Kerala
2021-05-18,19.26,64.26999999999995,203.72000000000003,257.71999999999997,29.13,0,Kozhikode,Kerala
2021-05-19,16.51,51.64999999999995,200.78000000000006,268.73,19.26,0,Kozhikode,Kerala
2021-05-20,11.71,47.47999999999995,198.24000000000004,270.42,19.26,0,Kozhikode,Kerala
2021-05-21,4.71,32.92999999999994,137.76000000000002,271.44,16.51,0,Kozhikode,Kerala
2021-05-22,3.09,19.509999999999945,100.29000000000003,267.35,11.71,0,Kozhikode,Kerala
2021-05-23,4.81,12.609999999999943,75.97000000000004,266.02000000000004,4.81,0,Kozhikode,Kerala
2021-05-24,1.85,9.749999999999943,61.94000000000003,264.60999999999996,4.81,0,Kozhikode,Kerala
2021-05-25,11.48,18.139999999999944,54.16000000000003,269.11,11.48,0,Kozhikode,Kerala
2021-05-26,20.9,34.22999999999995,58.55000000000003,278.78,20.9,0,Kozhikode,Kerala
2021-05-27,4.75,37.12999999999994,51.59000000000003,264.08,20.9,0,Kozhikode,Kerala
2021-05-28,2.97,28.61999999999994,49.85000000000003,252.8,20.9,0,Kozhikode,Kerala
2021-05-29,8.3,16.019999999999946,55.06000000000003,195.91,8.3,0,Kozhikode,Kerala
2021-05-30,11.63,22.899999999999945,61.880000000000024,166.98000000000002,11.63,0,Kozhikode,Kerala
2021-05-31,3.03,22.959999999999948,63.06000000000003,140.88000000000002,11.63,0,Kozhikode,Kerala
2021-06-01,4.92,19.57999999999994,56.50000000000003,129.92000000000002,11.63,1,Kozhikode,Kerala
2021-06-02,6.4,14.349999999999943,42.00000000000003,117.06000000000002,6.4,1,Kozhikode,Kerala
2021-06-03,17.41,28.729999999999944,54.66000000000003,117.96000000000001,17.41,1,Kozhikode,Kerala
2021-06-04,12.72,36.529999999999944,64.41000000000004,118.97,17.41,1,Kozhikode,Kerala
2021-06-05,4.92,35.04999999999994,61.03000000000003,119.18,17.41,1,Kozhikode,Kerala
2021-06-06,7.59,25.229999999999944,56.99000000000004,123.68,12.72,1,Kozhikode,Kerala
2021-06-07,1.95,14.459999999999942,55.91000000000003,120.82000000000001,7.59,1,Kozhikode,Kerala
2021-06-08,4.83,14.369999999999944,55.82000000000003,123.80000000000001,7.59,1,Kozhikode,Kerala
2021-06-09,5.61,12.389999999999944,55.03000000000003,117.93,5.61,1,Kozhikode,Kerala
2021-06-10,4.01,14.449999999999944,41.63000000000003,101.03999999999999,5.61,1,Kozhikode,Kerala
2021-06-11,4.17,13.789999999999944,33.08000000000003,100.46,5.61,1,Kozhikode,Kerala
2021-06-12,28.67,36.849999999999945,56.83000000000003,126.16,28.67,1,Kozhikode,Kerala
2021-06-13,63.77,96.60999999999996,113.01000000000003,181.63,63.77,1,Kozhikode,Kerala
2021-06-14,14.37,106.80999999999995,125.43000000000004,184.37,63.77,1,Kozhikode,Kerala
2021-06-15,33.45,111.58999999999995,154.05000000000004,214.79000000000002,63.77,1,Kozhikode,Kerala
2021-06-16,26.52,74.33999999999995,174.96000000000004,236.39,33.45,1,Kozhikode,Kerala
2021-06-17,14.24,74.20999999999995,185.19000000000003,244.23000000000002,33.45,1,Kozhikode,Kerala
2021-06-18,6.24,46.99999999999994,187.26000000000005,233.06,26.52,1,Kozhikode,Kerala
2021-06-19,11.08,31.559999999999945,169.67000000000002,231.42,14.24,1,Kozhikode,Kerala
2021-06-20,9.38,26.699999999999942,115.28000000000003,235.88,11.08,1,Kozhikode,Kerala
2021-06-21,5.81,26.269999999999943,106.72000000000003,234.1,11.08,1,Kozhikode,Kerala
2021-06-22,5.17,20.359999999999943,78.44000000000004,237.32000000000002,9.38,1,Kozhikode,Kerala
2021-06-23,4.22,15.199999999999942,56.14000000000003,236.71,5.81,1,Kozhikode,Kerala
2021-06-24,2.07,11.459999999999944,43.97000000000003,233.17000000000002,5.17,1,Kozhikode,Kerala
2021-06-25,1.74,8.029999999999943,39.47000000000003,230.9,4.22,1,Kozhikode,Kerala
2021-06-26,9.78,13.589999999999943,38.17000000000003,236.51000000000002,9.78,1,Kozhikode,Kerala
2021-06-27,3.82,15.339999999999941,32.61000000000003,211.66,9.78,1,Kozhikode,Kerala
2021-06-28,1.07,14.669999999999941,27.87000000000003,148.95999999999998,9.78,1,Kozhikode,Kerala
2021-06-29,2.03,6.919999999999941,24.730000000000025,136.62,3.82,1,Kozhikode,Kerala
2021-06-30,0.8,3.8999999999999417,21.310000000000027,103.97,2.03,1,Kozhikode,Kerala
2021-07-01,6.08,8.909999999999942,25.32000000000003,83.53,6.08,1,Kozhikode,Kerala
2021-07-02,5.6,12.479999999999942,29.180000000000028,74.89,6.08,1,Kozhikode,Kerala
2021-07-03,8.94,20.61999999999994,28.34000000000003,77.59,8.94,1,Kozhikode,Kerala
2021-07-04,17.46,31.999999999999943,41.98000000000003,83.97,17.46,1,Kozhikode,Kerala
2021-07-05,3.5,29.89999999999994,44.410000000000025,78.09,17.46,1,Kozhikode,Kerala
2021-07-06,7.33,28.289999999999942,49.71000000000003,79.61,17.46,1,Kozhikode,Kerala
2021-07-07,13.6,24.429999999999943,62.51000000000003,88.03999999999999,13.6,1,Kozhikode,Kerala
2021-07-08,4.65,25.57999999999994,61.080000000000034,88.47,13.6,1,Kozhikode,Kerala
2021-07-09,23.01,41.25999999999995,78.49000000000004,109.41,23.01,1,Kozhikode,Kerala
2021-07-10,39.13,66.78999999999995,108.68000000000004,146.8,39.13,1,Kozhikode,Kerala
2021-07-11,13.26,75.39999999999995,104.48000000000003,150.28,39.13,1,Kozhikode,Kerala
2021-07-12,29.91,82.29999999999995,130.89000000000004,176.37,39.13,1,Kozhikode,Kerala
2021-07-13,15.52,58.68999999999994,139.08000000000004,190.82000000000002,29.91,1,Kozhikode,Kerala
2021-07-14,17.69,63.11999999999995,143.17000000000004,206.48000000000002,29.91,1,Kozhikode,Kerala
2021-07-15,22.92,56.129999999999946,161.44000000000003,228.6,22.92,1,Kozhikode,Kerala
2021-07-16,54.92,95.52999999999994,193.35000000000005,277.44,54.92,1,Kozhikode,Kerala
2021-07-17,13.5,91.33999999999995,167.72000000000003,285.34,54.92,1,Kozhikode,Kerala
2021-07-18,22.66,91.07999999999994,177.12000000000003,299.06,54.92,1,Kozhikode,Kerala
2021-07-19,12.32,48.47999999999995,159.53000000000003,293.92,22.66,1,Kozhikode,Kerala
2021-07-20,8.36,43.33999999999995,152.37000000000003,298.78000000000003,22.66,1,Kozhikode,Kerala
2021-07-21,17.55,38.22999999999995,152.23000000000002,309.00000000000006,17.55,1,Kozhikode,Kerala
2021-07-22,25.2,51.10999999999994,154.51000000000005,320.6,25.2,1,Kozhikode,Kerala
2021-07-23,22.47,65.21999999999994,122.06000000000002,338.42,25.2,1,Kozhikode,Kerala
2021-07-24,28.07,75.73999999999995,136.63000000000002,343.47999999999996,28.07,1,Kozhikode,Kerala
2021-07-25,19.3,69.83999999999995,133.27000000000004,323.65,28.07,1,Kozhikode,Kerala
2021-07-26,14.42,61.78999999999994,135.37000000000003,324.81,28.07,1,Kozhikode,Kerala
2021-07-27,12.71,46.42999999999994,139.72000000000003,307.60999999999996,19.3,1,Kozhikode,Kerala
2021-07-28,5.52,32.64999999999994,127.69000000000003,297.61,14.42,1,Kozhikode,Kerala
2021-07-29,4.12,22.34999999999994,106.61000000000003,284.04,12.71,1,Kozhikode,Kerala
2021-07-30,6.21,15.849999999999943,90.35000000000004,267.33,6.21,1,Kozhikode,Kerala
2021-07-31,3.43,13.759999999999943,65.71000000000002,215.84,6.21,1,Kozhikode,Kerala
2021-08-01,2.67,12.309999999999944,49.08000000000003,205.01,6.21,1,Kozhikode,Kerala
2021-08-02,3.26,9.359999999999943,37.92000000000003,185.60999999999999,3.43,1,Kozhikode,Kerala
2021-08-03,10.28,16.209999999999944,35.49000000000002,183.57,10.28,1,Kozhikode,Kerala
2021-08-04,9.75,23.289999999999942,39.72000000000003,184.95999999999998,10.28,1,Kozhikode,Kerala
2021-08-05,9.61,29.63999999999994,45.21000000000002,177.02,10.28,1,Kozhikode,Kerala
2021-08-06,12.65,32.00999999999994,51.650000000000034,164.47,12.65,1,Kozhikode,Kerala
2021-08-07,20.76,43.019999999999946,68.98000000000002,162.76,20.76,1,Kozhikode,Kerala
2021-08-08,12.37,45.779999999999944,78.68000000000002,147.06,20.76,1,Kozhikode,Kerala
2021-08-09,10.83,43.95999999999995,86.25000000000003,138.59,20.76,1,Kozhikode,Kerala
2021-08-10,17.03,40.22999999999995,93.00000000000003,141.2,17.03,1,Kozhikode,Kerala
2021-08-11,3.72,31.579999999999945,86.97000000000003,132.20999999999998,17.03,1,Kozhikode,Kerala
2021-08-12,7.83,28.579999999999945,85.19000000000003,134.51999999999998,17.03,1,Kozhikode,Kerala
2021-08-13,9.68,21.229999999999944,82.22000000000003,140.07999999999998,9.68,1,Kozhikode,Kerala
2021-08-14,8.76,26.269999999999946,70.22000000000003,142.63000000000002,9.68,1,Kozhikode,Kerala
2021-08-15,5.61,24.049999999999944,63.46000000000003,144.81,9.68,1,Kozhikode,Kerala
2021-08-16,8.85,23.219999999999942,61.480000000000025,150.98999999999998,8.85,1,Kozhikode,Kerala
2021-08-17,3.92,18.379999999999942,48.37000000000003,151.65,8.85,1,Kozhikode,Kerala
2021-08-18,6.03,18.799999999999944,50.68000000000003,147.4,8.85,1,Kozhikode,Kerala
2021-08-19,3.59,13.539999999999942,46.440000000000026,141.24,6.03,1,Kozhikode,Kerala
2021-08-20,0.61,10.229999999999942,37.370000000000026,132.24,6.03,1,Kozhikode,Kerala
2021-08-21,12.3,16.499999999999943,40.91000000000003,131.89000000000001,12.3,1,Kozhikode,Kerala
2021-08-22,1.72,14.629999999999944,37.02000000000003,112.85,12.3,1,Kozhikode,Kerala
2021-08-23,8.86,22.879999999999946,37.03000000000003,109.34,12.3,1,Kozhikode,Kerala
2021-08-24,7.19,17.769999999999943,40.300000000000026,105.7,8.86,1,Kozhikode,Kerala
2021-08-25,7.77,23.819999999999943,42.04000000000003,96.44,8.86,1,Kozhikode,Kerala
2021-08-26,21.48,36.43999999999994,59.930000000000035,114.2,21.48,1,Kozhikode,Kerala
2021-08-27,25.07,54.31999999999994,84.39000000000003,131.44,25.07,1,Kozhikode,Kerala
2021-08-28,29.22,75.76999999999995,101.31000000000003,150.98,29.22,1,Kozhikode,Kerala
2021-08-29,28.86,83.14999999999995,128.45000000000005,171.08,29.22,1,Kozhikode,Kerala
2021-08-30,19.86,77.93999999999994,139.45000000000002,185.32999999999998,29.22,1,Kozhikode,Kerala
2021-08-31,1.37,50.08999999999994,133.63000000000002,177.85,28.86,1,Kozhikode,Kerala
2021-09-01,1.92,23.14999999999994,127.78000000000003,175.85,19.86,1,Kozhikode,Kerala
2021-09-02,16.35,19.639999999999944,122.65000000000002,186.17000000000002,16.35,1,Kozhikode,Kerala
2021-09-03,11.48,29.749999999999943,109.06000000000003,194.06,16.35,1,Kozhikode,Kerala
2021-09-04,13.68,41.50999999999995,93.52000000000004,207.13,16.35,1,Kozhikode,Kerala
2021-09-05,18.56,43.71999999999994,83.22000000000003,213.39000000000001,18.56,1,Kozhikode,Kerala
2021-09-06,19.75,51.98999999999994,83.11000000000003,231.42000000000002,19.75,1,Kozhikode,Kerala
2021-09-07,13.53,51.83999999999995,95.27000000000002,236.09,19.75,1,Kozhikode,Kerala
2021-09-08,15.79,49.06999999999994,109.14000000000003,244.69,19.75,1,Kozhikode,Kerala
2021-09-09,5.59,34.90999999999994,98.38000000000002,242.51000000000002,15.79,1,Kozhikode,Kerala
2021-09-10,4.95,26.32999999999994,91.85000000000002,225.98,15.79,1,Kozhikode,Kerala
2021-09-11,8.98,19.519999999999946,87.15000000000002,209.89,8.98,1,Kozhikode,Kerala
2021-09-12,19.17,33.09999999999995,87.76000000000003,199.84,19.17,1,Kozhikode,Kerala
2021-09-13,16.29,44.43999999999995,84.30000000000004,187.26999999999998,19.17,1,Kozhikode,Kerala
2021-09-14,7.36,42.81999999999995,78.13000000000004,174.77,19.17,1,Kozhikode,Kerala
2021-09-15,6.96,30.609999999999946,69.30000000000004,180.36,16.29,1,Kozhikode,Kerala
2021-09-16,4.98,19.299999999999947,68.69000000000003,183.42000000000002,7.36,1,Kozhikode,Kerala
2021-09-17,1.41,13.349999999999948,65.15000000000003,168.48,6.96,1,Kozhikode,Kerala
2021-09-18,0.64,7.029999999999947,56.81000000000003,157.64,4.98,1,Kozhikode,Kerala
2021-09-19,0.58,2.6299999999999466,38.22000000000003,144.54,1.41,1,Kozhikode,Kerala
2021-09-20,0.75,1.9699999999999467,22.680000000000028,126.73,0.75,1,Kozhikode,Kerala
2021-09-21,1.9,3.2299999999999467,17.22000000000003,108.88000000000001,1.9,1,Kozhikode,Kerala
2021-09-22,2.17,4.819999999999947,12.430000000000028,97.52000000000001,2.17,1,Kozhikode,Kerala
2021-09-23,5.52,9.589999999999947,12.970000000000027,87.25,5.52,1,Kozhikode,Kerala
2021-09-24,7.99,15.679999999999946,19.550000000000026,89.65,7.99,1,Kozhikode,Kerala
2021-09-25,5.68,19.189999999999948,24.590000000000025,90.38000000000001,7.99,1,Kozhikode,Kerala
2021-09-26,8.87,22.539999999999946,32.880000000000024,90.27,8.87,1,Kozhikode,Kerala
2021-09-27,14.48,29.029999999999944,46.61000000000003,85.58,14.48,1,Kozhikode,Kerala
2021-09-28,25.75,49.099999999999945,70.46000000000004,95.03999999999999,25.75,1,Kozhikode,Kerala
2021-09-29,4.7,44.92999999999995,72.99000000000002,92.38,25.75,1,Kozhikode,Kerala
2021-09-30,9.38,39.82999999999994,76.85000000000004,94.8,25.75,1,Kozhikode,Kerala
2021-10-01,21.8,35.879999999999946,90.66000000000003,111.62,21.8,0,Kozhikode,Kerala
2021-10-02,45.13,76.30999999999995,130.11000000000004,155.34,45.13,0,Kozhikode,Kerala
2021-10-03,32.4,99.32999999999996,153.64000000000004,187.10000000000002,45.13,0,Kozhikode,Kerala
2021-10-04,4.39,81.91999999999994,143.55000000000004,190.91,45.13,0,Kozhikode,Kerala
2021-10-05,9.28,46.06999999999995,127.08000000000004,199.44,32.4,0,Kozhikode,Kerala
2021-10-06,6.08,19.74999999999995,128.46000000000004,203.62,9.28,0,Kozhikode,Kerala
2021-10-07,2.15,17.50999999999995,121.23000000000002,203.6,9.28,0,Kozhikode,Kerala
2021-10-08,15.95,24.17999999999995,115.38000000000002,214.03,15.95,0,Kozhikode,Kerala
2021-10-09,20.79,38.88999999999995,91.04000000000003,226.82999999999998,20.79,0,Kozhikode,Kerala
2021-10-10,16.79,53.52999999999995,75.43000000000002,237.94,20.79,0,Kozhikode,Kerala
2021-10-11,51.29,88.86999999999995,122.33000000000003,280.36,51.29,0,Kozhikode,Kerala
2021-10-12,48.77,116.84999999999997,161.82000000000002,314.65,51.29,0,Kozhikode,Kerala
2021-10-13,3.49,103.54999999999995,159.23000000000005,292.39,51.29,0,Kozhikode,Kerala
2021-10-14,7.03,59.28999999999996,164.11000000000004,294.71999999999997,48.77,0,Kozhikode,Kerala
2021-10-15,10.36,20.87999999999995,158.52,295.7,10.36,0,Kozhikode,Kerala
2021-10-16,37.02,54.409999999999954,174.75000000000003,310.91999999999996,37.02,0,Kozhikode,Kerala
2021-10-17,9.23,56.60999999999996,167.19000000000003,275.02,37.02,0,Kozhikode,Kerala
2021-10-18,4.92,51.16999999999995,120.82000000000004,247.54,37.02,0,Kozhikode,Kerala
2021-10-19,1.84,15.98999999999995,73.89000000000003,244.99,9.23,0,Kozhikode,Kerala
2021-10-20,31.45,38.20999999999995,101.85000000000002,267.16,31.45,0,Kozhikode,Kerala
2021-10-21,8.23,41.519999999999946,103.05000000000003,269.31,31.45,0,Kozhikode,Kerala
2021-10-22,7.49,47.16999999999995,100.18000000000002,274.65,31.45,0,Kozhikode,Kerala
2021-10-23,6.65,22.369999999999948,69.81000000000003,265.35,8.23,0,Kozhikode,Kerala
2021-10-24,6.81,20.949999999999946,67.39000000000003,251.37,7.49,0,Kozhikode,Kerala
2021-10-25,9.61,23.069999999999943,72.08000000000003,244.19,9.61,0,Kozhikode,Kerala
2021-10-26,6.14,22.559999999999945,76.38000000000002,199.04,9.61,0,Kozhikode,Kerala
2021-10-27,40.86,56.60999999999994,85.79000000000002,191.13,40.86,0,Kozhikode,Kerala
2021-10-28,13.52,60.51999999999994,91.08000000000003,201.16,40.86,0,Kozhikode,Kerala
2021-10-29,6.07,60.449999999999946,89.66000000000003,200.2,40.86,0,Kozhikode,Kerala
2021-10-30,13.61,33.199999999999946,96.62000000000002,203.45000000000002,13.61,0,Kozhikode,Kerala
2021-10-31,9.28,28.959999999999944,99.09000000000003,175.71,13.61,0,Kozhikode,Kerala
2021-11-01,19.55,42.43999999999994,109.03000000000003,186.03,19.55,0,Kozhikode,Kerala
2021-11-02,31.54,60.36999999999994,134.43000000000004,212.64999999999998,31.54,0,Kozhikode,Kerala
2021-11-03,15.12,66.20999999999994,108.69000000000003,225.92999999999998,31.54,0,Kozhikode,Kerala
2021-11-04,17.48,64.13999999999994,112.65000000000003,211.96,31.54,0,Kozhikode,Kerala
2021-11-05,7.49,40.08999999999995,114.07000000000002,211.22,17.48,0,Kozhikode,Kerala
2021-11-06,4.67,29.639999999999947,105.13000000000002,208.4,17.48,0,Kozhikode,Kerala
2021-11-07,2.38,14.539999999999942,98.23000000000003,204.13,7.49,0,Kozhikode,Kerala
2021-11-08,4.56,11.609999999999943,83.24000000000002,201.88,4.67,0,Kozhikode,Kerala
2021-11-09,3.1,10.039999999999942,54.80000000000003,195.37,4.56,0,Kozhikode,Kerala
2021-11-10,2.84,10.499999999999943,42.52000000000003,192.07,4.56,0,Kozhikode,Kerala
2021-11-11,3.49,9.429999999999943,28.53000000000003,154.70000000000002,3.49,0,Kozhikode,Kerala
2021-11-12,6.54,12.869999999999944,27.580000000000027,147.72,6.54,0,Kozhikode,Kerala
2021-11-13,8.42,18.449999999999946,31.330000000000027,150.07,8.42,0,Kozhikode,Kerala
2021-11-14,12.06,27.019999999999946,41.01000000000003,148.51999999999998,12.06,0,Kozhikode,Kerala
2021-11-15,64.81,85.28999999999995,101.26000000000003,204.05,64.81,0,Kozhikode,Kerala
2021-11-16,7.54,84.40999999999995,105.70000000000005,192.04000000000002,64.81,0,Kozhikode,Kerala
2021-11-17,12.29,84.63999999999994,115.15000000000003,172.79,64.81,0,Kozhikode,Kerala
2021-11-18,7.45,27.27999999999994,119.11000000000004,165.12,12.29,0,Kozhikode,Kerala
2021-11-19,11.46,31.199999999999942,124.03000000000003,159.1,12.29,0,Kozhikode,Kerala
2021-11-20,15.08,33.989999999999945,130.69000000000003,166.69000000000003,15.08,0,Kozhikode,Kerala
2021-11-21,4.93,31.469999999999942,123.56000000000003,166.95,15.08,0,Kozhikode,Kerala
2021-11-22,8.98,28.989999999999945,67.73000000000003,173.55,15.08,0,Kozhikode,Kerala
2021-11-23,15.07,28.979999999999944,75.26000000000003,184.06,15.07,0,Kozhikode,Kerala
2021-11-24,5.31,29.359999999999943,68.28000000000003,186.27,15.07,0,Kozhikode,Kerala
2021-11-25,5.25,25.629999999999942,66.08000000000003,188.68,15.07,0,Kozhikode,Kerala
2021-11-26,2.46,13.019999999999943,57.080000000000034,187.65,5.31,0,Kozhikode,Kerala
2021-11-27,2.29,9.999999999999943,44.29000000000003,183.4,5.25,0,Kozhikode,Kerala
2021-11-28,7.13,11.879999999999942,46.49000000000002,182.11,7.13,0,Kozhikode,Kerala
2021-11-29,12.47,21.889999999999944,49.98000000000003,182.52,12.47,0,Kozhikode,Kerala
2021-11-30,5.22,24.819999999999943,40.13000000000003,122.92999999999999,12.47,0,Kozhikode,Kerala
2021-12-01,2.07,19.759999999999945,36.89000000000003,117.46,12.47,0,Kozhikode,Kerala
2021-12-02,2.14,9.429999999999943,33.78000000000003,107.31,5.22,0,Kozhikode,Kerala
2021-12-03,2.03,6.239999999999943,33.35000000000003,101.89,2.14,0,Kozhikode,Kerala
2021-12-04,1.13,5.299999999999942,32.190000000000026,91.56,2.14,0,Kozhikode,Kerala
2021-12-05,0.59,3.7499999999999427,25.650000000000027,77.07000000000001,2.03,0,Kozhikode,Kerala
2021-12-06,0.55,2.269999999999943,13.730000000000027,72.69,1.13,0,Kozhikode,Kerala
2021-12-07,0.47,1.609999999999943,8.980000000000027,64.18,0.59,0,Kozhikode,Kerala
2021-12-08,0.71,1.7299999999999431,7.6200000000000285,49.82,0.71,0,Kozhikode,Kerala
2021-12-09,1.06,2.239999999999943,6.540000000000028,45.57,1.06,0,Kozhikode,Kerala
2021-12-10,3.11,4.879999999999943,7.6200000000000285,43.43,3.11,0,Kozhikode,Kerala
2021-12-11,0.66,4.829999999999943,7.150000000000029,41.629999999999995,3.11,0,Kozhikode,Kerala
2021-12-12,0.19,3.959999999999943,6.7500000000000275,39.53,3.11,0,Kozhikode,Kerala
2021-12-13,0.14,0.9899999999999431,6.340000000000028,32.540000000000006,0.66,0,Kozhikode,Kerala
2021-12-14,0.6,0.9299999999999432,6.470000000000028,20.669999999999998,0.6,0,Kozhikode,Kerala
2021-12-15,0.76,1.4999999999999432,6.520000000000028,16.209999999999997,0.76,0,Kozhikode,Kerala
2021-12-16,0.17,1.5299999999999432,5.630000000000028,14.31,0.76,0,Kozhikode,Kerala
2021-12-17,0.04,0.9699999999999431,2.5600000000000285,12.209999999999999,0.76,0,Kozhikode,Kerala
2021-12-18,0.0,0.20999999999994318,1.9000000000000283,10.18,0.17,0,Kozhikode,Kerala
2021-12-19,0.0,0.03999999999994316,1.7100000000000284,9.049999999999999,0.04,0,Kozhikode,Kerala
2021-12-20,0.0,0.0,1.5700000000000285,8.459999999999999,0.0,0,Kozhikode,Kerala
2021-12-21,0.0,0.0,0.9700000000000284,7.91,0.0,0,Kozhikode,Kerala
2021-12-22,0.0,0.0,0.21000000000002844,7.44,0.0,0,Kozhikode,Kerala
2021-12-23,0.0,0.0,0.04000000000002842,6.73,0.0,0,Kozhikode,Kerala
2021-12-24,0.0,0.0,0.0,5.67,0.0,0,Kozhikode,Kerala
2021-12-25,0.0,0.0,0.0,2.56,0.0,0,Kozhikode,Kerala
2021-12-26,0.0,0.0,0.0,1.9,0.0,0,Kozhikode,Kerala
2021-12-27,0.01,0.009999999999943157,0.010000000000028422,1.72,0.01,0,Kozhikode,Kerala
2021-12-28,0.03,0.03999999999994316,0.04000000000002842,1.61,0.03,0,Kozhikode,Kerala
2021-12-29,0.01,0.04999999999994316,0.050000000000028424,1.02,0.03,0,Kozhikode,Kerala
2021-12-30,0.16,0.19999999999994317,0.21000000000002844,0.42000000000000004,0.16,0,Kozhikode,Kerala
2021-12-31,2.02,2.189999999999943,2.2300000000000284,2.27,2.02,0,Kozhikode,Kerala
2022-01-01,2.99,5.169999999999943,5.220000000000029,5.220000000000001,2.99,0,Kozhikode,Kerala
2022-01-02,0.5,5.509999999999943,5.720000000000029,5.720000000000001,2.99,0,Kozhikode,Kerala
2022-01-03,0.07,3.559999999999943,5.780000000000029,5.79,2.99,0,Kozhikode,Kerala
2022-01-04,0.09,0.6599999999999432,5.840000000000028,5.88,0.5,0,Kozhikode,Kerala
2022-01-05,0.11,0.2699999999999432,5.940000000000029,5.99,0.11,0,Kozhikode,Kerala
2022-01-06,0.01,0.20999999999994315,5.7900000000000285,6.0,0.11,0,Kozhikode,Kerala
2022-01-07,0.04,0.15999999999994316,3.8100000000000285,6.04,0.11,0,Kozhikode,Kerala
2022-01-08,0.05,0.09999999999994316,0.8700000000000284,6.09,0.05,0,Kozhikode,Kerala
2022-01-09,0.04,0.12999999999994316,0.41000000000002845,6.13,0.05,0,Kozhikode,Kerala
2022-01-10,0.01,0.09999999999994316,0.3500000000000284,6.140000000000001,0.05,0,Kozhikode,Kerala
2022-01-11,0.0,0.04999999999994316,0.26000000000002843,6.130000000000001,0.04,0,Kozhikode,Kerala
2022-01-12,0.02,0.029999999999943155,0.1700000000000284,6.12,0.02,0,Kozhikode,Kerala
2022-01-13,0.0,0.019999999999943154,0.16000000000002843,6.11,0.02,0,Kozhikode,Kerala
2022-01-14,0.0,0.019999999999943154,0.12000000000002842,5.95,0.02,0,Kozhikode,Kerala
2022-01-15,0.0,0.0,0.07000000000002843,3.93,0.0,0,Kozhikode,Kerala
2022-01-16,1.17,1.169999999999943,1.2000000000000284,2.11,1.17,0,Kozhikode,Kerala
2022-01-17,4.46,5.629999999999943,5.650000000000029,6.07,4.46,0,Kozhikode,Kerala
2022-01-18,0.27,5.8999999999999435,5.920000000000028,6.27,4.46,0,Kozhikode,Kerala
2022-01-19,0.16,4.889999999999943,6.060000000000028,6.339999999999999,4.46,0,Kozhikode,Kerala
2022-01-20,0.06,0.48999999999994315,6.1200000000000285,6.29,0.27,0,Kozhikode,Kerala
2022-01-21,0.07,0.2899999999999432,6.190000000000028,6.349999999999999,0.16,0,Kozhikode,Kerala
2022-01-22,0.0,0.12999999999994316,6.190000000000028,6.309999999999999,0.07,0,Kozhikode,Kerala
2022-01-23,0.0,0.06999999999994316,5.020000000000028,6.259999999999999,0.07,0,Kozhikode,Kerala
2022-01-24,0.0,0.0,0.5600000000000276,6.219999999999999,0.0,0,Kozhikode,Kerala
2022-01-25,0.0,0.0,0.29000000000002757,6.209999999999999,0.0,0,Kozhikode,Kerala
2022-01-26,0.12,0.11999999999994315,0.25000000000002753,6.329999999999999,0.12,0,Kozhikode,Kerala
2022-01-27,2.0,2.1199999999999433,2.1900000000000275,8.309999999999999,2.0,0,Kozhikode,Kerala
2022-01-28,0.34,2.459999999999943,2.4600000000000275,8.649999999999999,2.0,0,Kozhikode,Kerala
2022-01-29,0.05,2.3899999999999433,2.5100000000000278,8.7,2.0,0,Kozhikode,Kerala
2022-01-30,0.06,0.44999999999994317,2.570000000000028,8.76,0.34,0,Kozhikode,Kerala
2022-01-31,0.09,0.19999999999994317,2.6600000000000277,7.679999999999999,0.09,0,Kozhikode,Kerala
2022-02-01,0.01,0.15999999999994316,2.6700000000000275,3.23,0.09,0,Kozhikode,Kerala
2022-02-02,0.04,0.13999999999994317,2.5900000000000274,3.0,0.09,0,Kozhikode,Kerala
2022-02-03,0.04,0.08999999999994315,0.6300000000000275,2.88,0.04,0,Kozhikode,Kerala
2022-02-04,0.0,0.07999999999994317,0.2900000000000275,2.82,0.04,0,Kozhikode,Kerala
2022-02-05,0.0,0.03999999999994316,0.24000000000002755,2.75,0.04,0,Kozhikode,Kerala
2022-02-06,0.03,0.029999999999943155,0.21000000000002753,2.7800000000000002,0.03,0,Kozhikode,Kerala
2022-02-07,0.01,0.03999999999994316,0.13000000000002754,2.79,0.03,0,Kozhikode,Kerala
2022-02-08,0.03,0.06999999999994316,0.15000000000002756,2.8200000000000003,0.03,0,Kozhikode,Kerala
2022-02-09,0.05,0.08999999999994315,0.16000000000002754,2.87,0.05,0,Kozhikode,Kerala
2022-02-10,0.33,0.4099999999999432,0.45000000000002754,3.08,0.33,0,Kozhikode,Kerala
2022-02-11,0.01,0.38999999999994317,0.46000000000002755,1.0900000000000003,0.33,0,Kozhikode,Kerala
2022-02-12,0.2,0.5399999999999432,0.6600000000000276,0.9500000000000002,0.33,0,Kozhikode,Kerala
2022-02-13,0.35,0.5599999999999432,0.9800000000000275,1.2500000000000002,0.35,0,Kozhikode,Kerala
2022-02-14,0.31,0.8599999999999431,1.2800000000000276,1.5000000000000002,0.35,0,Kozhikode,Kerala
2022-02-15,0.14,0.7999999999999431,1.3900000000000274,1.5500000000000003,0.35,0,Kozhikode,Kerala
2022-02-16,0.41,0.8599999999999431,1.7500000000000275,1.9500000000000004,0.41,0,Kozhikode,Kerala
2022-02-17,0.53,1.0799999999999432,1.9500000000000277,2.4400000000000004,0.53,0,Kozhikode,Kerala
2022-02-18,0.13,1.069999999999943,2.070000000000028,2.5300000000000002,0.53,0,Kozhikode,Kerala
2022-02-19,0.03,0.6899999999999432,1.9000000000000274,2.5600000000000005,0.53,0,Kozhikode,Kerala
2022-02-20,0.04,0.19999999999994317,1.5900000000000276,2.6000000000000005,0.13,0,Kozhikode,Kerala
2022-02-21,0.02,0.08999999999994315,1.3000000000000276,2.5900000000000007,0.04,0,Kozhikode,Kerala
2022-02-22,0.0,0.059999999999943154,1.1600000000000277,2.5800000000000005,0.04,0,Kozhikode,Kerala
2022-02-23,0.03,0.04999999999994316,0.7800000000000276,2.5800000000000005,0.03,0,Kozhikode,Kerala
2022-02-24,0.04,0.06999999999994315,0.29000000000002757,2.5700000000000003,0.04,0,Kozhikode,Kerala
2022-02-25,0.1,0.16999999999994314,0.26000000000002754,2.3400000000000003,0.1,0,Kozhikode,Kerala
2022-02-26,0.07,0.20999999999994318,0.3000000000000276,2.4000000000000004,0.1,0,Kozhikode,Kerala
2022-02-27,0.21,0.37999999999994316,0.47000000000002756,2.41,0.21,0,Kozhikode,Kerala
2022-02-28,0.34,0.6199999999999432,0.7900000000000276,2.4000000000000004,0.34,0,Kozhikode,Kerala
2022-03-01,0.15,0.6999999999999431,0.9400000000000276,2.2400000000000007,0.34,0,Kozhikode,Kerala
2022-03-02,0.03,0.5199999999999432,0.9400000000000275,2.1300000000000003,0.34,0,Kozhikode,Kerala
2022-03-03,0.02,0.19999999999994308,0.9200000000000275,1.7400000000000002,0.15,0,Kozhikode,Kerala
2022-03-04,0.01,0.0599999999999431,0.8300000000000275,1.2200000000000002,0.03,0,Kozhikode,Kerala
2022-03-05,0.0,0.0299999999999431,0.7600000000000275,1.0900000000000003,0.02,0,Kozhikode,Kerala
2022-03-06,0.07,0.0799999999999431,0.6200000000000276,1.1300000000000003,0.07,0,Kozhikode,Kerala
2022-03-07,0.09,0.1599999999999431,0.37000000000002753,1.1800000000000002,0.09,0,Kozhikode,Kerala
2022-03-08,0.54,0.6999999999999431,0.7600000000000275,1.7000000000000002,0.54,0,Kozhikode,Kerala
2022-03-09,0.51,1.139999999999943,1.2400000000000275,2.2100000000000004,0.54,0,Kozhikode,Kerala
2022-03-10,0.25,1.2999999999999432,1.4700000000000275,2.43,0.54,0,Kozhikode,Kerala
2022-03-11,0.14,0.8999999999999431,1.6000000000000276,2.5300000000000002,0.51,0,Kozhikode,Kerala
2022-03-12,0.08,0.4699999999999431,1.6800000000000275,2.5100000000000002,0.25,0,Kozhikode,Kerala
2022-03-13,0.11,0.32999999999994306,1.7200000000000275,2.5500000000000003,0.14,0,Kozhikode,Kerala
2022-03-14,0.1,0.2899999999999431,1.7300000000000275,2.44,0.11,0,Kozhikode,Kerala
2022-03-15,0.24,0.449999999999943,1.4300000000000275,2.3400000000000003,0.24,0,Kozhikode,Kerala
2022-03-16,0.39,0.729999999999943,1.3100000000000276,2.5800000000000005,0.39,0,Kozhikode,Kerala
2022-03-17,0.43,1.059999999999943,1.4900000000000275,2.98,0.43,0,Kozhikode,Kerala
2022-03-18,1.61,2.429999999999943,2.9600000000000275,4.57,1.61,0,Kozhikode,Kerala
2022-03-19,1.92,3.959999999999943,4.800000000000027,6.48,1.92,0,Kozhikode,Kerala
2022-03-20,1.73,5.259999999999943,6.4200000000000275,8.21,1.92,0,Kozhikode,Kerala
2022-03-21,1.17,4.8199999999999426,7.490000000000028,9.31,1.92,0,Kozhikode,Kerala
2022-03-22,2.25,5.149999999999943,9.500000000000028,11.47,2.25,0,Kozhikode,Kerala
2022-03-23,7.5,10.919999999999943,16.610000000000028,18.43,7.5,0,Kozhikode,Kerala
2022-03-24,8.6,18.349999999999945,24.780000000000026,26.52,8.6,0,Kozhikode,Kerala
2022-03-25,5.79,21.889999999999944,28.960000000000026,32.06,8.6,0,Kozhikode,Kerala
2022-03-26,3.85,18.23999999999994,30.890000000000025,35.769999999999996,8.6,0,Kozhikode,Kerala
2022-03-27,2.64,12.279999999999944,31.80000000000003,38.33,5.79,0,Kozhikode,Kerala
2022-03-28,1.07,7.559999999999944,31.700000000000028,39.29,3.85,0,Kozhikode,Kerala
2022-03-29,2.02,5.729999999999944,31.470000000000027,41.21,2.64,0,Kozhikode,Kerala
2022-03-30,2.44,5.5299999999999425,26.410000000000025,43.41,2.44,0,Kozhikode,Kerala
2022-03-31,1.78,6.2399999999999425,19.590000000000025,44.8,2.44,0,Kozhikode,Kerala
2022-04-01,2.18,6.3999999999999435,15.980000000000025,46.55,2.44,0,Kozhikode,Kerala
2022-04-02,1.7,5.659999999999943,13.830000000000027,46.64,2.18,0,Kozhikode,Kerala
2022-04-03,0.62,4.499999999999943,11.810000000000025,45.34,2.18,0,Kozhikode,Kerala
2022-04-04,0.67,2.9899999999999434,11.410000000000027,44.28,1.7,0,Kozhikode,Kerala
2022-04-05,1.95,3.2399999999999434,11.340000000000027,45.059999999999995,1.95,0,Kozhikode,Kerala
2022-04-06,2.93,5.549999999999944,11.830000000000027,45.739999999999995,2.93,0,Kozhikode,Kerala
2022-04-07,1.68,6.559999999999944,11.730000000000027,39.92,2.93,0,Kozhikode,Kerala
2022-04-08,10.54,15.149999999999942,20.090000000000025,41.86,10.54,0,Kozhikode,Kerala
2022-04-09,26.81,39.029999999999944,45.200000000000024,62.879999999999995,26.81,0,Kozhikode,Kerala
2022-04-10,12.33,49.67999999999994,56.910000000000025,71.36,26.81,0,Kozhikode,Kerala
2022-04-11,5.48,44.61999999999994,61.72000000000003,74.2,26.81,0,Kozhikode,Kerala
2022-04-12,5.62,23.429999999999943,65.39000000000003,78.75,12.33,0,Kozhikode,Kerala
2022-04-13,23.17,34.269999999999946,85.63000000000002,99.89999999999999,23.17,0,Kozhikode,Kerala
2022-04-14,13.45,42.239999999999945,97.40000000000003,110.91,23.17,0,Kozhikode,Kerala
2022-04-15,1.02,37.63999999999995,87.88000000000002,110.14999999999999,23.17,0,Kozhikode,Kerala
2022-04-16,2.15,16.61999999999994,63.22000000000003,110.12,13.45,0,Kozhikode,Kerala
2022-04-17,1.66,4.829999999999943,52.55000000000003,110.08,2.15,0,Kozhikode,Kerala
2022-04-18,1.85,5.659999999999943,48.92000000000003,111.31,2.15,0,Kozhikode,Kerala
2022-04-19,3.82,7.329999999999943,47.12000000000003,114.46,3.82,0,Kozhikode,Kerala
2022-04-20,0.19,5.859999999999943,24.14000000000003,112.7,3.82,0,Kozhikode,Kerala
2022-04-21,1.52,5.5299999999999425,12.21000000000003,111.28999999999999,3.82,0,Kozhikode,Kerala
2022-04-22,3.49,5.1999999999999424,14.680000000000028,113.1,3.49,0,Kozhikode,Kerala
2022-04-23,7.37,12.379999999999942,19.900000000000027,109.93,7.37,0,Kozhikode,Kerala
2022-04-24,2.59,13.449999999999942,20.830000000000027,85.71,7.37,0,Kozhikode,Kerala
2022-04-25,3.4,13.359999999999943,22.380000000000027,76.78,7.37,0,Kozhikode,Kerala
2022-04-26,1.89,7.879999999999943,20.45000000000003,73.19,3.4,0,Kozhikode,Kerala
2022-04-27,0.93,6.219999999999943,21.19000000000003,68.5,3.4,0,Kozhikode,Kerala
2022-04-28,1.6,4.419999999999943,21.270000000000028,46.93,1.89,0,Kozhikode,Kerala
2022-04-29,5.01,7.539999999999943,22.790000000000028,38.49,5.01,0,Kozhikode,Kerala
2022-04-30,3.12,9.729999999999944,18.540000000000028,40.589999999999996,5.01,0,Kozhikode,Kerala
2022-05-01,2.78,10.909999999999943,18.73000000000003,41.22,5.01,0,Kozhikode,Kerala
2022-05-02,5.58,11.479999999999944,20.91000000000003,45.14,5.58,0,Kozhikode,Kerala
2022-05-03,5.25,13.609999999999943,24.270000000000028,48.54,5.58,0,Kozhikode,Kerala
2022-05-04,1.71,12.539999999999942,25.05000000000003,46.43,5.58,0,Kozhikode,Kerala
2022-05-05,6.78,13.739999999999943,30.230000000000032,53.02,6.78,0,Kozhikode,Kerala
2022-05-06,4.25,12.739999999999943,29.470000000000027,55.75,6.78,0,Kozhikode,Kerala
2022-05-07,5.89,16.919999999999945,32.24000000000003,58.15,6.78,0,Kozhikode,Kerala
2022-05-08,5.01,15.149999999999942,34.47000000000003,55.79,5.89,0,Kozhikode,Kerala
2022-05-09,7.94,18.839999999999943,36.83000000000003,61.14,7.94,0,Kozhikode,Kerala
2022-05-10,5.56,18.50999999999994,37.14000000000003,63.3,7.94,0,Kozhikode,Kerala
2022-05-11,6.6,20.099999999999945,42.03000000000003,68.00999999999999,7.94,0,Kozhikode,Kerala
2022-05-12,9.59,21.749999999999943,44.840000000000025,76.67,9.59,0,Kozhikode,Kerala
2022-05-13,14.66,30.849999999999945,55.25000000000003,89.72999999999999,14.66,0,Kozhikode,Kerala
2022-05-14,25.48,49.72999999999995,74.84000000000003,110.2,25.48,0,Kozhikode,Kerala
2022-05-15,16.28,56.419999999999945,86.11000000000004,123.36,25.48,0,Kozhikode,Kerala
2022-05-16,36.66,78.41999999999994,114.83000000000001,157.24,36.66,0,Kozhikode,Kerala
2022-05-17,33.68,86.61999999999995,142.95000000000005,185.33999999999997,36.66,0,Kozhikode,Kerala
2022-05-18,25.34,95.67999999999994,161.69000000000003,205.42999999999998,36.66,0,Kozhikode,Kerala
2022-05-19,20.37,79.38999999999994,172.47000000000003,224.09,33.68,0,Kozhikode,Kerala
2022-05-20,9.6,55.309999999999945,167.41000000000003,226.91,25.34,0,Kozhikode,Kerala
2022-05-21,10.11,40.07999999999994,152.04000000000002,232.77,20.37,0,Kozhikode,Kerala
2022-05-22,3.43,23.139999999999944,139.19000000000003,230.30999999999997,10.11,0,Kozhikode,Kerala
2022-05-23,7.51,21.04999999999994,110.04000000000002,232.81,10.11,0,Kozhikode,Kerala
2022-05-24,4.33,15.269999999999943,80.69000000000003,229.2,7.51,0,Kozhikode,Kerala
2022-05-25,17.45,29.289999999999942,72.80000000000003,241.09,17.45,0,Kozhikode,Kerala
2022-05-26,7.02,28.799999999999944,59.45000000000003,241.51,17.45,0,Kozhikode,Kerala
2022-05-27,11.6,36.06999999999994,61.450000000000024,243.52,17.45,0,Kozhikode,Kerala
2022-05-28,4.01,22.629999999999942,55.35000000000002,232.87,11.6,0,Kozhikode,Kerala
2022-05-29,5.35,20.959999999999944,57.270000000000024,212.73999999999998,11.6,0,Kozhikode,Kerala
2022-05-30,4.69,14.049999999999944,54.45000000000003,201.14999999999998,5.35,0,Kozhikode,Kerala
2022-05-31,14.05,24.089999999999947,64.17000000000003,178.54000000000002,14.05,0,Kozhikode,Kerala
2022-06-01,10.54,29.279999999999944,57.260000000000026,155.4,14.05,1,Kozhikode,Kerala
2022-06-02,2.58,27.169999999999945,52.82000000000002,132.64000000000001,14.05,1,Kozhikode,Kerala
2022-06-03,5.06,18.179999999999943,46.28000000000003,117.33,10.54,1,Kozhikode,Kerala
2022-06-04,3.55,11.189999999999944,45.82000000000002,111.28,5.06,1,Kozhikode,Kerala
2022-06-05,3.35,11.959999999999944,43.82000000000003,104.52000000000001,5.06,1,Kozhikode,Kerala
2022-06-06,4.21,11.109999999999946,43.340000000000025,105.3,4.21,1,Kozhikode,Kerala
2022-06-07,4.44,11.999999999999947,33.730000000000025,102.22999999999999,4.44,1,Kozhikode,Kerala
2022-06-08,1.73,10.379999999999946,24.92000000000003,99.63,4.44,1,Kozhikode,Kerala
2022-06-09,2.58,8.749999999999945,24.92000000000003,84.76,4.44,1,Kozhikode,Kerala
2022-06-10,6.94,11.249999999999947,26.80000000000003,84.67999999999999,6.94,1,Kozhikode,Kerala
2022-06-11,6.67,16.189999999999944,29.92000000000003,79.75,6.94,1,Kozhikode,Kerala
2022-06-12,8.88,22.489999999999945,35.45000000000003,84.62,8.88,1,Kozhikode,Kerala
2022-06-13,18.18,33.72999999999995,49.42000000000003,97.45,18.18,1,Kozhikode,Kerala
2022-06-14,10.26,37.31999999999994,55.24000000000003,103.02000000000001,18.18,1,Kozhikode,Kerala
2022-06-15,17.99,46.42999999999995,71.50000000000003,106.96,18.18,1,Kozhikode,Kerala
2022-06-16,12.72,40.96999999999995,81.64000000000003,109.14,17.99,1,Kozhikode,Kerala
2022-06-17,6.04,36.74999999999995,80.74000000000004,112.60000000000001,17.99,1,Kozhikode,Kerala
2022-06-18,13.68,32.43999999999995,87.75000000000003,121.22,13.68,1,Kozhikode,Kerala
2022-06-19,6.49,26.20999999999995,85.36000000000004,124.16000000000001,13.68,1,Kozhikode,Kerala
2022-06-20,6.34,26.50999999999995,73.52000000000002,127.14999999999999,13.68,1,Kozhikode,Kerala
2022-06-21,10.32,23.14999999999995,73.58000000000003,133.26,10.32,1,Kozhikode,Kerala
2022-06-22,10.95,27.609999999999943,66.54000000000003,139.77,10.95,1,Kozhikode,Kerala
2022-06-23,15.6,36.86999999999995,69.42000000000003,153.64000000000001,15.6,1,Kozhikode,Kerala
2022-06-24,14.76,41.309999999999945,78.14000000000003,165.82,15.6,1,Kozhikode,Kerala
2022-06-25,11.74,42.099999999999945,76.20000000000002,170.62,15.6,1,Kozhikode,Kerala
2022-06-26,6.0,32.49999999999994,75.71000000000004,169.95,14.76,1,Kozhikode,Kerala
2022-06-27,6.32,24.05999999999995,75.69000000000003,167.39,11.74,1,Kozhikode,Kerala
2022-06-28,14.64,26.959999999999948,80.01000000000003,163.85,14.64,1,Kozhikode,Kerala
2022-06-29,15.92,36.879999999999946,84.98000000000003,169.51,15.92,1,Kozhikode,Kerala
2022-06-30,30.3,60.85999999999995,99.68000000000002,181.82,30.3,1,Kozhikode,Kerala
2022-07-01,11.88,58.09999999999995,96.80000000000003,180.98,30.3,1,Kozhikode,Kerala
2022-07-02,18.27,60.449999999999946,103.33000000000004,193.20999999999998,30.3,1,Kozhikode,Kerala
2022-07-03,48.4,78.54999999999995,145.73000000000002,227.92999999999998,48.4,1,Kozhikode,Kerala
2022-07-04,22.05,88.71999999999996,161.46000000000004,243.49,48.4,1,Kozhikode,Kerala
2022-07-05,31.84,102.28999999999996,178.66000000000003,268.99,48.4,1,Kozhikode,Kerala
2022-07-06,29.46,83.34999999999995,192.20000000000005,288.13,31.84,1,Kozhikode,Kerala
2022-07-07,30.0,91.29999999999995,191.90000000000003,307.18,31.84,1,Kozhikode,Kerala
2022-07-08,25.59,85.04999999999995,205.61000000000004,317.17,30.0,1,Kozhikode,Kerala
2022-07-09,28.89,84.47999999999995,216.23000000000002,331.3,30.0,1,Kozhikode,Kerala
2022-07-10,22.79,77.26999999999995,190.62000000000003,342.35,28.89,1,Kozhikode,Kerala
2022-07-11,24.03,75.70999999999995,192.60000000000002,360.38,28.89,1,Kozhikode,Kerala
2022-07-12,28.13,74.94999999999995,188.89000000000004,382.19,28.13,1,Kozhikode,Kerala
2022-07-13,28.23,80.38999999999996,187.66000000000003,395.78000000000003,28.23,1,Kozhikode,Kerala
2022-07-14,22.84,79.19999999999996,180.50000000000003,402.7,28.23,1,Kozhikode,Kerala
2022-07-15,24.25,75.31999999999995,179.16000000000003,396.65,28.23,1,Kozhikode,Kerala
2022-07-16,25.14,72.22999999999995,175.41000000000003,409.90999999999997,25.14,1,Kozhikode,Kerala
2022-07-17,15.08,64.46999999999996,167.70000000000005,406.72,25.14,1,Kozhikode,Kerala
2022-07-18,22.08,62.29999999999995,165.75000000000003,380.4,25.14,1,Kozhikode,Kerala
2022-07-19,8.54,45.699999999999946,146.16000000000003,366.89000000000004,22.08,1,Kozhikode,Kerala
2022-07-20,11.56,42.17999999999995,129.49,346.61,22.08,1,Kozhikode,Kerala
2022-07-21,3.39,23.48999999999995,110.04000000000002,320.54,11.56,1,Kozhikode,Kerala
2022-07-22,4.16,19.10999999999995,89.95000000000002,294.7,11.56,1,Kozhikode,Kerala
2022-07-23,8.48,16.02999999999995,73.29000000000003,277.59,8.48,1,Kozhikode,Kerala
2022-07-24,5.02,17.65999999999995,63.230000000000025,253.72,8.48,1,Kozhikode,Kerala
2022-07-25,3.86,17.35999999999995,45.010000000000026,234.79,8.48,1,Kozhikode,Kerala
2022-07-26,4.57,13.44999999999995,41.04000000000003,215.33,5.02,1,Kozhikode,Kerala
2022-07-27,13.98,22.40999999999995,43.46000000000003,201.18,13.98,1,Kozhikode,Kerala
2022-07-28,6.55,25.09999999999995,46.620000000000026,179.5,13.98,1,Kozhikode,Kerala
2022-07-29,39.67,60.19999999999995,82.13000000000002,196.33,39.67,1,Kozhikode,Kerala
2022-07-30,64.9,111.11999999999996,138.55,236.98,64.9,1,Kozhikode,Kerala
2022-07-31,9.48,114.04999999999997,143.01000000000002,221.32,64.9,1,Kozhikode,Kerala
2022-08-01,33.59,107.96999999999997,172.74000000000004,239.82999999999998,64.9,1,Kozhikode,Kerala
2022-08-02,38.14,81.20999999999997,206.31000000000006,255.89000000000001,38.14,1,Kozhikode,Kerala
2022-08-03,43.34,115.06999999999996,235.67000000000002,290.69000000000005,43.34,1,Kozhikode,Kerala
2022-08-04,90.17,171.64999999999998,319.2900000000001,369.3,90.17,1,Kozhikode,Kerala
2022-08-05,16.12,149.62999999999997,295.74,382.03000000000003,90.17,1,Kozhikode,Kerala
2022-08-06,21.08,127.36999999999996,251.92000000000002,398.95,90.17,1,Kozhikode,Kerala
2022-08-07,26.19,63.38999999999996,268.63000000000005,416.65999999999997,26.19,1,Kozhikode,Kerala
2022-08-08,14.75,62.01999999999995,249.79000000000002,426.39,26.19,1,Kozhikode,Kerala
2022-08-09,12.47,53.409999999999954,224.12000000000003,435.0,26.19,1,Kozhikode,Kerala
2022-08-10,6.51,33.72999999999996,187.29000000000002,436.94,14.75,1,Kozhikode,Kerala
2022-08-11,10.74,29.719999999999956,107.86000000000001,433.70000000000005,12.47,1,Kozhikode,Kerala
2022-08-12,4.11,21.35999999999996,95.85000000000001,431.26000000000005,10.74,1,Kozhikode,Kerala
2022-08-13,1.45,16.299999999999958,76.22000000000001,393.04,10.74,1,Kozhikode,Kerala
2022-08-14,0.85,6.4099999999999575,50.88000000000002,328.99,4.11,1,Kozhikode,Kerala
2022-08-15,0.24,2.5399999999999574,36.37000000000001,319.75,1.45,1,Kozhikode,Kerala
2022-08-16,0.23,1.3199999999999574,24.130000000000017,286.39,0.85,1,Kozhikode,Kerala
2022-08-17,0.83,1.2999999999999572,18.450000000000014,249.08,0.83,1,Kozhikode,Kerala
2022-08-18,11.15,12.209999999999958,18.860000000000014,216.89000000000001,11.15,1,Kozhikode,Kerala
2022-08-19,7.21,19.18999999999996,21.960000000000015,133.93,11.15,1,Kozhikode,Kerala
2022-08-20,2.18,20.53999999999996,22.690000000000015,119.99,11.15,1,Kozhikode,Kerala
2022-08-21,13.02,22.409999999999958,34.860000000000014,111.93,13.02,1,Kozhikode,Kerala
2022-08-22,36.17,51.36999999999996,70.79000000000002,121.91,36.17,1,Kozhikode,Kerala
2022-08-23,27.06,76.24999999999996,97.62,134.22,36.17,1,Kozhikode,Kerala
2022-08-24,18.74,81.96999999999997,115.53,140.49,36.17,1,Kozhikode,Kerala
2022-08-25,10.73,56.52999999999996,115.11000000000001,144.71,27.06,1,Kozhikode,Kerala
2022-08-26,15.65,45.11999999999996,123.55000000000001,149.62,18.74,1,Kozhikode,Kerala
2022-08-27,8.36,34.73999999999997,129.73000000000002,153.86999999999998,15.65,1,Kozhikode,Kerala
2022-08-28,11.27,35.279999999999966,127.98,163.69,15.65,1,Kozhikode,Kerala
2022-08-29,22.73,42.359999999999964,114.54,185.57,22.73,1,Kozhikode,Kerala
2022-08-30,25.22,59.21999999999996,112.70000000000002,210.55,25.22,1,Kozhikode,Kerala
2022-08-31,51.15,99.09999999999997,145.11,261.47,51.15,1,Kozhikode,Kerala
2022-09-01,16.71,93.07999999999997,151.09000000000003,277.35,51.15,1,Kozhikode,Kerala
2022-09-02,5.18,73.03999999999996,140.62,271.38,51.15,1,Kozhikode,Kerala
2022-09-03,4.69,26.579999999999966,136.95000000000002,268.86,16.71,1,Kozhikode,Kerala
2022-09-04,3.92,13.789999999999964,129.60000000000002,270.6,5.18,1,Kozhikode,Kerala
2022-09-05,36.38,44.98999999999997,143.25,293.96000000000004,36.38,1,Kozhikode,Kerala
2022-09-06,37.23,77.52999999999997,155.26000000000002,295.02,37.23,1,Kozhikode,Kerala
2022-09-07,18.58,92.18999999999997,122.69,286.54,37.23,1,Kozhikode,Kerala
2022-09-08,5.35,61.15999999999996,111.33000000000001,273.15,37.23,1,Kozhikode,Kerala
2022-09-09,13.34,37.26999999999996,119.49000000000001,275.76,18.58,1,Kozhikode,Kerala
2022-09-10,9.96,28.649999999999963,124.76,270.07,13.34,1,Kozhikode,Kerala
2022-09-11,17.15,40.44999999999996,137.99,278.85999999999996,17.15,1,Kozhikode,Kerala
2022-09-12,6.52,33.62999999999997,108.13000000000001,274.11,17.15,1,Kozhikode,Kerala
2022-09-13,5.23,28.899999999999963,76.13,256.60999999999996,17.15,1,Kozhikode,Kerala
2022-09-14,6.61,18.359999999999964,64.16000000000001,238.0,6.61,1,Kozhikode,Kerala
2022-09-15,1.75,13.589999999999964,60.56000000000001,188.6,6.61,1,Kozhikode,Kerala
2022-09-16,1.16,9.519999999999964,48.38000000000002,173.04999999999998,6.61,1,Kozhikode,Kerala
2022-09-17,1.86,4.769999999999964,40.280000000000015,169.73,1.86,1,Kozhikode,Kerala
2022-09-18,1.27,4.2899999999999645,24.400000000000013,166.31,1.86,1,Kozhikode,Kerala
2022-09-19,1.37,4.4999999999999645,19.250000000000014,163.76,1.86,1,Kozhikode,Kerala
2022-09-20,0.41,3.0499999999999647,14.430000000000014,127.78999999999999,1.37,1,Kozhikode,Kerala
2022-09-21,0.24,2.0199999999999645,8.060000000000015,90.8,1.37,1,Kozhikode,Kerala
2022-09-22,0.35,0.9999999999999645,6.660000000000014,72.57000000000001,0.41,1,Kozhikode,Kerala
2022-09-23,1.12,1.7099999999999647,6.620000000000014,68.34,1.12,1,Kozhikode,Kerala
2022-09-24,0.81,2.2799999999999647,5.5700000000000145,55.81,1.12,1,Kozhikode,Kerala
2022-09-25,1.6,3.5299999999999647,5.900000000000015,47.45,1.6,1,Kozhikode,Kerala
2022-09-26,0.87,3.2799999999999647,5.400000000000015,31.17,1.6,1,Kozhikode,Kerala
2022-09-27,0.2,2.6699999999999644,5.190000000000015,24.85,1.6,1,Kozhikode,Kerala
2022-09-28,0.57,1.6399999999999644,5.520000000000014,20.19,0.87,1,Kozhikode,Kerala
2022-09-29,1.56,2.3299999999999645,6.730000000000015,15.14,1.56,1,Kozhikode,Kerala
2022-09-30,5.4,7.529999999999965,11.010000000000016,18.790000000000003,5.4,1,Kozhikode,Kerala
2022-10-01,4.97,11.929999999999964,15.170000000000014,22.6,5.4,0,Kozhikode,Kerala
2022-10-02,8.07,18.439999999999962,21.640000000000015,28.810000000000002,8.07,0,Kozhikode,Kerala
2022-10-03,3.84,16.879999999999963,24.610000000000014,31.38,8.07,0,Kozhikode,Kerala
2022-10-04,1.47,13.379999999999965,25.880000000000013,31.48,8.07,0,Kozhikode,Kerala
2022-10-05,2.14,7.449999999999965,27.450000000000014,33.21,3.84,0,Kozhikode,Kerala
2022-10-06,0.49,4.099999999999965,26.380000000000017,33.46,2.14,0,Kozhikode,Kerala
2022-10-07,0.3,2.929999999999965,21.280000000000012,33.41,2.14,0,Kozhikode,Kerala
2022-10-08,0.42,1.2099999999999644,16.730000000000015,32.71,0.49,0,Kozhikode,Kerala
2022-10-09,4.65,5.369999999999965,13.310000000000015,36.550000000000004,4.65,0,Kozhikode,Kerala
2022-10-10,15.59,20.659999999999965,25.060000000000016,50.54,15.59,0,Kozhikode,Kerala
2022-10-11,4.98,25.219999999999963,28.570000000000014,54.650000000000006,15.59,0,Kozhikode,Kerala
2022-10-12,0.65,21.219999999999963,27.080000000000016,55.1,15.59,0,Kozhikode,Kerala
2022-10-13,7.3,12.929999999999964,33.890000000000015,61.83,7.3,0,Kozhikode,Kerala
2022-10-14,5.14,13.089999999999964,38.73000000000002,65.41,7.3,0,Kozhikode,Kerala
2022-10-15,7.13,19.569999999999965,45.44000000000001,67.14,7.3,0,Kozhikode,Kerala
2022-10-16,13.33,25.599999999999962,54.12000000000002,75.5,13.33,0,Kozhikode,Kerala
2022-10-17,11.07,31.529999999999966,49.60000000000001,78.5,13.33,0,Kozhikode,Kerala
2022-10-18,15.01,39.40999999999996,59.63000000000002,89.67,15.01,0,Kozhikode,Kerala
2022-10-19,4.22,30.299999999999965,63.20000000000002,92.42,15.01,0,Kozhikode,Kerala
2022-10-20,21.81,41.039999999999964,77.71000000000001,112.09,21.81,0,Kozhikode,Kerala
2022-10-21,6.77,32.79999999999997,79.34,118.36999999999999,21.81,0,Kozhikode,Kerala
2022-10-22,2.1,30.679999999999964,74.31000000000002,120.17,21.81,0,Kozhikode,Kerala
2022-10-23,5.38,14.249999999999964,66.36000000000001,125.13,6.77,0,Kozhikode,Kerala
2022-10-24,0.7,8.179999999999964,55.99000000000001,121.18,5.38,0,Kozhikode,Kerala
2022-10-25,0.02,6.099999999999965,41.000000000000014,105.61,5.38,0,Kozhikode,Kerala
2022-10-26,0.0,0.7199999999999644,36.780000000000015,100.63,0.7,0,Kozhikode,Kerala
2022-10-27,0.0,0.019999999999964473,14.970000000000015,99.98,0.02,0,Kozhikode,Kerala
2022-10-28,0.04,0.039999999999964474,8.240000000000014,92.72,0.04,0,Kozhikode,Kerala
2022-10-29,1.26,1.2999999999999645,7.400000000000015,88.83999999999999,1.26,0,Kozhikode,Kerala
2022-10-30,1.41,2.7099999999999644,3.430000000000014,83.12,1.41,0,Kozhikode,Kerala
2022-10-31,2.24,4.909999999999965,4.970000000000014,72.03,2.24,0,Kozhikode,Kerala
2022-11-01,4.49,8.139999999999965,9.440000000000015,65.45,4.49,0,Kozhikode,Kerala
2022-11-02,9.42,16.149999999999963,18.860000000000014,59.86,9.42,0,Kozhikode,Kerala
2022-11-03,4.09,17.999999999999964,22.950000000000014,59.730000000000004,9.42,0,Kozhikode,Kerala
2022-11-04,3.23,16.739999999999963,26.140000000000015,41.15,9.42,0,Kozhikode,Kerala
2022-11-05,1.83,9.149999999999965,26.71000000000001,36.209999999999994,4.09,0,Kozhikode,Kerala
2022-11-06,5.5,10.559999999999965,30.80000000000001,39.61,5.5,0,Kozhikode,Kerala
2022-11-07,1.14,8.469999999999965,29.700000000000014,35.37,5.5,0,Kozhikode,Kerala
2022-11-08,0.71,7.349999999999964,25.920000000000012,35.379999999999995,5.5,0,Kozhikode,Kerala
2022-11-09,2.18,4.029999999999965,18.680000000000014,37.54,2.18,0,Kozhikode,Kerala
2022-11-10,1.03,3.9199999999999653,15.620000000000015,38.57,2.18,0,Kozhikode,Kerala
2022-11-11,9.42,12.629999999999965,21.810000000000016,47.99,9.42,0,Kozhikode,Kerala
2022-11-12,18.6,29.049999999999965,38.58000000000002,66.55000000000001,18.6,0,Kozhikode,Kerala
2022-11-13,5.35,33.36999999999997,38.43000000000002,70.64,18.6,0,Kozhikode,Kerala
2022-11-14,4.85,28.799999999999965,42.140000000000015,74.08,18.6,0,Kozhikode,Kerala
2022-11-15,2.03,12.229999999999963,43.460000000000015,73.87,5.35,0,Kozhikode,Kerala
2022-11-16,1.38,8.259999999999964,42.66000000000002,70.75999999999999,4.85,0,Kozhikode,Kerala
2022-11-17,0.38,3.789999999999964,42.01000000000002,61.720000000000006,2.03,0,Kozhikode,Kerala
2022-11-18,0.19,1.9499999999999644,32.780000000000015,57.82,1.38,0,Kozhikode,Kerala
2022-11-19,0.09,0.6599999999999645,14.270000000000014,54.68,0.38,0,Kozhikode,Kerala
2022-11-20,0.02,0.29999999999996446,8.940000000000014,52.870000000000005,0.19,0,Kozhikode,Kerala
2022-11-21,0.01,0.11999999999996447,4.100000000000014,47.38,0.09,0,Kozhikode,Kerala
2022-11-22,0.17,0.19999999999996448,2.240000000000014,46.410000000000004,0.17,0,Kozhikode,Kerala
2022-11-23,1.03,1.2099999999999644,1.8900000000000143,46.730000000000004,1.03,0,Kozhikode,Kerala
2022-11-24,1.37,2.5699999999999648,2.8800000000000145,45.92,1.37,0,Kozhikode,Kerala
2022-11-25,0.37,2.7699999999999645,3.0600000000000147,45.260000000000005,1.37,0,Kozhikode,Kerala
2022-11-26,2.35,4.089999999999964,5.3200000000000145,38.19,2.35,0,Kozhikode,Kerala
2022-11-27,5.63,8.349999999999966,10.930000000000014,25.22,5.63,0,Kozhikode,Kerala
2022-11-28,7.2,15.179999999999964,18.120000000000015,27.069999999999997,7.2,0,Kozhikode,Kerala
2022-11-29,2.91,15.739999999999966,20.860000000000014,25.13,7.2,0,Kozhikode,Kerala
2022-11-30,4.12,14.229999999999965,23.950000000000017,27.22,7.2,0,Kozhikode,Kerala
2022-12-01,0.05,7.0799999999999645,22.630000000000017,25.89,4.12,0,Kozhikode,Kerala
2022-12-02,1.84,6.009999999999964,24.100000000000016,27.35,4.12,0,Kozhikode,Kerala
2022-12-03,2.12,4.009999999999964,23.87000000000001,29.28,2.12,0,Kozhikode,Kerala
2022-12-04,7.71,11.669999999999966,25.950000000000014,36.9,7.71,0,Kozhikode,Kerala
2022-12-05,1.19,11.019999999999966,19.940000000000015,38.07000000000001,7.71,0,Kozhikode,Kerala
2022-12-06,0.34,9.239999999999965,17.370000000000015,38.4,7.71,0,Kozhikode,Kerala
2022-12-07,0.46,1.9899999999999654,13.710000000000013,38.69,1.19,0,Kozhikode,Kerala
2022-12-08,0.51,1.3099999999999654,14.170000000000014,38.17,0.51,0,Kozhikode,Kerala
2022-12-09,3.24,4.209999999999965,15.570000000000014,40.04,3.24,0,Kozhikode,Kerala
2022-12-10,6.48,10.229999999999965,19.930000000000014,46.150000000000006,6.48,0,Kozhikode,Kerala
2022-12-11,24.7,34.419999999999966,36.920000000000016,68.5,24.7,0,Kozhikode,Kerala
2022-12-12,28.16,59.33999999999996,63.890000000000015,91.03,28.16,0,Kozhikode,Kerala
2022-12-13,13.89,66.74999999999997,77.44000000000001,97.72,28.16,0,Kozhikode,Kerala
2022-12-14,7.95,49.999999999999964,84.93000000000002,102.76,28.16,0,Kozhikode,Kerala
2022-12-15,1.59,23.42999999999996,86.01000000000002,100.23,13.89,0,Kozhikode,Kerala
2022-12-16,0.01,9.549999999999962,82.78000000000002,100.19,7.95,0,Kozhikode,Kerala
2022-12-17,0.0,1.599999999999961,76.30000000000001,98.35,1.59,0,Kozhikode,Kerala
2022-12-18,0.02,0.02999999999996092,51.62000000000001,96.25,0.02,0,Kozhikode,Kerala
2022-12-19,0.09,0.1099999999999609,23.55000000000001,88.63000000000001,0.09,0,Kozhikode,Kerala
2022-12-20,0.06,0.1699999999999609,9.720000000000011,87.5,0.09,0,Kozhikode,Kerala
2022-12-21,0.03,0.1799999999999609,1.8000000000000107,87.19,0.09,0,Kozhikode,Kerala
2022-12-22,0.01,0.09999999999996091,0.22000000000001066,86.74000000000001,0.06,0,Kozhikode,Kerala
2022-12-23,0.0,0.03999999999996092,0.21000000000001065,86.23,0.03,0,Kozhikode,Kerala
2022-12-24,0.01,0.01999999999996092,0.22000000000001063,83.00000000000001,0.01,0,Kozhikode,Kerala
2022-12-25,3.85,3.859999999999961,4.0500000000000105,80.37,3.85,0,Kozhikode,Kerala
2022-12-26,3.27,7.129999999999961,7.230000000000011,58.94,3.85,0,Kozhikode,Kerala
2022-12-27,0.68,7.799999999999961,7.85000000000001,31.46,3.85,0,Kozhikode,Kerala
2022-12-28,0.5,4.449999999999961,8.320000000000011,18.07,3.27,0,Kozhikode,Kerala
2022-12-29,0.04,1.219999999999961,8.350000000000012,10.160000000000002,0.68,0,Kozhikode,Kerala
2022-12-30,0.02,0.559999999999961,8.370000000000012,8.59,0.5,0,Kozhikode,Kerala
2022-12-31,0.01,0.06999999999996093,8.370000000000012,8.59,0.04,0,Kozhikode,Kerala
2023-01-01,0.0,0.02999999999996092,4.52000000000001,8.59,0.02,0,Kozhikode,Kerala
2023-01-02,0.0,0.00999999999996092,1.2500000000000107,8.57,0.01,0,Kozhikode,Kerala
2023-01-03,0.0,0.0,0.5700000000000106,8.48,0.0,0,Kozhikode,Kerala
2023-01-04,0.01,0.00999999999996092,0.08000000000001066,8.43,0.01,0,Kozhikode,Kerala
2023-01-05,0.0,0.00999999999996092,0.04000000000001066,8.4,0.01,0,Kozhikode,Kerala
2023-01-06,0.0,0.00999999999996092,0.02000000000001066,8.39,0.01,0,Kozhikode,Kerala
2023-01-07,0.0,0.0,0.010000000000010658,8.39,0.0,0,Kozhikode,Kerala
2023-01-08,0.0,0.0,0.010000000000010658,8.38,0.0,0,Kozhikode,Kerala
2023-01-09,0.0,0.0,0.010000000000010658,4.529999999999999,0.0,0,Kozhikode,Kerala
2023-01-10,0.0,0.0,0.010000000000010658,1.26,0.0,0,Kozhikode,Kerala
2023-01-11,0.0,0.0,0.0,0.58,0.0,0,Kozhikode,Kerala
2023-01-12,0.0,0.0,0.0,0.08,0.0,0,Kozhikode,Kerala
2023-01-13,0.0,0.0,0.0,0.04,0.0,0,Kozhikode,Kerala
2023-01-14,0.01,0.00999999999996092,0.010000000000010658,0.03,0.01,0,Kozhikode,Kerala
2023-01-15,0.0,0.00999999999996092,0.010000000000010658,0.019999999999999997,0.01,0,Kozhikode,Kerala
2023-01-16,0.0,0.00999999999996092,0.010000000000010658,0.019999999999999997,0.01,0,Kozhikode,Kerala
2023-01-17,0.0,0.0,0.010000000000010658,0.019999999999999997,0.0,0,Kozhikode,Kerala
2023-01-18,0.0,0.0,0.010000000000010658,0.019999999999999997,0.0,0,Kozhikode,Kerala
2023-01-19,0.0,0.0,0.010000000000010658,0.01,0.0,0,Kozhikode,Kerala
2023-01-20,0.0,0.0,0.010000000000010658,0.01,0.0,0,Kozhikode,Kerala
2023-01-21,0.0,0.0,0.0,0.01,0.0,0,Kozhikode,Kerala
2023-01-22,0.02,0.01999999999996092,0.02000000000001066,0.03,0.02,0,Kozhikode,Kerala
2023-01-23,0.15,0.1699999999999609,0.17000000000001064,0.18,0.15,0,Kozhikode,Kerala
2023-01-24,7.16,7.329999999999961,7.330000000000011,7.34,7.16,0,Kozhikode,Kerala
2023-01-25,4.75,12.059999999999961,12.08000000000001,12.09,7.16,0,Kozhikode,Kerala
2023-01-26,0.1,12.00999999999996,12.18000000000001,12.19,7.16,0,Kozhikode,Kerala
2023-01-27,0.01,4.859999999999961,12.19000000000001,12.2,4.75,0,Kozhikode,Kerala
2023-01-28,0.0,0.10999999999996092,12.19000000000001,12.2,0.1,0,Kozhikode,Kerala
2023-01-29,0.0,0.00999999999996092,12.17000000000001,12.19,0.01,0,Kozhikode,Kerala
2023-01-30,0.04,0.03999999999996092,12.060000000000011,12.23,0.04,0,Kozhikode,Kerala
2023-01-31,2.49,2.529999999999961,7.390000000000011,14.72,2.49,0,Kozhikode,Kerala
2023-02-01,0.08,2.6099999999999612,2.720000000000011,14.8,2.49,0,Kozhikode,Kerala
2023-02-02,0.02,2.5899999999999612,2.640000000000011,14.82,2.49,0,Kozhikode,Kerala
2023-02-03,0.4,0.4999999999999609,3.030000000000011,15.22,0.4,0,Kozhikode,Kerala
2023-02-04,0.78,1.1999999999999609,3.810000000000011,16.0,0.78,0,Kozhikode,Kerala
2023-02-05,0.09,1.269999999999961,3.900000000000011,16.09,0.78,0,Kozhikode,Kerala
2023-02-06,0.02,0.8899999999999609,3.880000000000011,16.09,0.78,0,Kozhikode,Kerala
2023-02-07,0.05,0.15999999999996092,1.4400000000000106,15.99,0.09,0,Kozhikode,Kerala
2023-02-08,0.0,0.06999999999996093,1.3600000000000105,8.83,0.05,0,Kozhikode,Kerala
2023-02-09,0.04,0.08999999999996092,1.3800000000000106,4.12,0.05,0,Kozhikode,Kerala
2023-02-10,0.03,0.06999999999996093,1.0100000000000107,4.050000000000001,0.04,0,Kozhikode,Kerala
2023-02-11,0.0,0.06999999999996093,0.23000000000001067,4.04,0.04,0,Kozhikode,Kerala
2023-02-12,0.0,0.02999999999996092,0.14000000000001067,4.04,0.03,0,Kozhikode,Kerala
2023-02-13,0.0,0.0,0.12000000000001065,4.04,0.0,0,Kozhikode,Kerala
2023-02-14,0.0,0.0,0.07000000000001066,4.0,0.0,0,Kozhikode,Kerala
2023-02-15,0.0,0.0,0.07000000000001066,1.51,0.0,0,Kozhikode,Kerala
2023-02-16,0.0,0.0,0.030000000000010657,1.43,0.0,0,Kozhikode,Kerala
2023-02-17,0.0,0.0,0.0,1.41,0.0,0,Kozhikode,Kerala
2023-02-18,0.0,0.0,0.0,1.01,0.0,0,Kozhikode,Kerala
2023-02-19,0.0,0.0,0.0,0.23,0.0,0,Kozhikode,Kerala
2023-02-20,0.0,0.0,0.0,0.14,0.0,0,Kozhikode,Kerala
2023-02-21,0.01,0.00999999999996092,0.010000000000010658,0.13,0.01,0,Kozhikode,Kerala
2023-02-22,0.01,0.01999999999996092,0.02000000000001066,0.09,0.01,0,Kozhikode,Kerala
2023-02-23,0.0,0.01999999999996092,0.02000000000001066,0.09,0.01,0,Kozhikode,Kerala
2023-02-24,0.0,0.00999999999996092,0.02000000000001066,0.05,0.01,0,Kozhikode,Kerala
2023-02-25,0.0,0.0,0.02000000000001066,0.02,0.0,0,Kozhikode,Kerala
2023-02-26,0.01,0.00999999999996092,0.030000000000010657,0.03,0.01,0,Kozhikode,Kerala
2023-02-27,0.0,0.00999999999996092,0.030000000000010657,0.03,0.01,0,Kozhikode,Kerala
2023-02-28,0.0,0.00999999999996092,0.020000000000010655,0.03,0.01,0,Kozhikode,Kerala
2023-03-01,0.01,0.00999999999996092,0.02000000000001066,0.04,0.01,0,Kozhikode,Kerala
2023-03-02,0.04,0.04999999999996092,0.060000000000010656,0.08,0.04,0,Kozhikode,Kerala
2023-03-03,0.06,0.10999999999996092,0.12000000000001065,0.14,0.06,0,Kozhikode,Kerala
2023-03-04,0.0,0.09999999999996093,0.12000000000001065,0.14,0.06,0,Kozhikode,Kerala
2023-03-05,0.01,0.06999999999996091,0.12000000000001067,0.15,0.06,0,Kozhikode,Kerala
2023-03-06,0.07,0.07999999999996092,0.19000000000001066,0.22,0.07,0,Kozhikode,Kerala
2023-03-07,0.06,0.13999999999996093,0.25000000000001066,0.28,0.07,0,Kozhikode,Kerala
2023-03-08,0.0,0.12999999999996092,0.24000000000001065,0.27,0.07,0,Kozhikode,Kerala
2023-03-09,0.0,0.05999999999996092,0.20000000000001067,0.26,0.06,0,Kozhikode,Kerala
2023-03-10,0.01,0.00999999999996092,0.15000000000001068,0.26999999999999996,0.01,0,Kozhikode,Kerala
2023-03-11,0.01,0.01999999999996092,0.1600000000000107,0.27999999999999997,0.01,0,Kozhikode,Kerala
2023-03-12,0.02,0.03999999999996092,0.17000000000001067,0.3,0.02,0,Kozhikode,Kerala
2023-03-13,0.0,0.02999999999996092,0.10000000000001066,0.29,0.02,0,Kozhikode,Kerala
2023-03-14,0.06,0.07999999999996092,0.10000000000001066,0.35,0.06,0,Kozhikode,Kerala
2023-03-15,0.17,0.22999999999996093,0.2700000000000107,0.52,0.17,0,Kozhikode,Kerala
2023-03-16,0.24,0.4699999999999609,0.5100000000000107,0.75,0.24,0,Kozhikode,Kerala
2023-03-17,1.14,1.5499999999999607,1.6400000000000106,1.85,1.14,0,Kozhikode,Kerala
2023-03-18,0.4,1.7799999999999607,2.0300000000000105,2.19,1.14,0,Kozhikode,Kerala
2023-03-19,0.62,2.159999999999961,2.6300000000000106,2.8099999999999996,1.14,0,Kozhikode,Kerala
2023-03-20,0.6,1.619999999999961,3.2300000000000106,3.4,0.62,0,Kozhikode,Kerala
2023-03-21,0.0,1.2199999999999611,3.1700000000000106,3.3299999999999996,0.62,0,Kozhikode,Kerala
2023-03-22,0.0,0.5999999999999609,3.0000000000000107,3.2699999999999996,0.6,0,Kozhikode,Kerala
2023-03-23,0.12,0.11999999999996092,2.8800000000000106,3.3899999999999997,0.12,0,Kozhikode,Kerala
2023-03-24,0.27,0.38999999999996093,2.0100000000000104,3.6599999999999997,0.27,0,Kozhikode,Kerala
2023-03-25,1.7,2.089999999999961,3.3100000000000107,5.35,1.7,0,Kozhikode,Kerala
2023-03-26,0.34,2.309999999999961,3.0300000000000105,5.68,1.7,0,Kozhikode,Kerala
2023-03-27,0.03,2.0699999999999608,2.4600000000000106,5.6899999999999995,1.7,0,Kozhikode,Kerala
2023-03-28,0.16,0.5299999999999612,2.6200000000000108,5.85,0.34,0,Kozhikode,Kerala
2023-03-29,12.15,12.33999999999996,14.77000000000001,17.94,12.15,0,Kozhikode,Kerala
2023-03-30,2.4,14.709999999999962,17.05000000000001,20.169999999999998,12.15,0,Kozhikode,Kerala
2023-03-31,0.07,14.619999999999962,16.850000000000012,20.0,12.15,0,Kozhikode,Kerala
2023-04-01,1.14,3.609999999999961,16.290000000000013,20.0,2.4,0,Kozhikode,Kerala
2023-04-02,0.48,1.6899999999999609,16.430000000000014,20.08,1.14,0,Kozhikode,Kerala
2023-04-03,1.62,3.239999999999961,18.02000000000001,21.08,1.62,0,Kozhikode,Kerala
2023-04-04,1.94,4.039999999999961,19.80000000000001,22.419999999999998,1.94,0,Kozhikode,Kerala
2023-04-05,1.06,4.619999999999961,8.710000000000012,23.479999999999997,1.94,0,Kozhikode,Kerala
2023-04-06,1.21,4.209999999999961,7.520000000000012,24.689999999999998,1.94,0,Kozhikode,Kerala
2023-04-07,0.46,2.7299999999999613,7.910000000000013,25.03,1.21,0,Kozhikode,Kerala
2023-04-08,0.23,1.8999999999999608,7.000000000000012,24.990000000000002,1.21,0,Kozhikode,Kerala
2023-04-09,0.28,0.969999999999961,6.800000000000012,23.569999999999997,0.46,0,Kozhikode,Kerala
2023-04-10,0.13,0.6399999999999609,5.310000000000013,23.36,0.28,0,Kozhikode,Kerala
2023-04-11,0.12,0.529999999999961,3.4900000000000126,23.45,0.28,0,Kozhikode,Kerala
2023-04-12,0.03,0.27999999999996095,2.4600000000000124,23.32,0.13,0,Kozhikode,Kerala
2023-04-13,0.01,0.15999999999996092,1.2600000000000124,11.179999999999998,0.12,0,Kozhikode,Kerala
2023-04-14,0.02,0.05999999999996092,0.8200000000000125,8.799999999999997,0.03,0,Kozhikode,Kerala
2023-04-15,0.04,0.06999999999996093,0.6300000000000124,8.769999999999998,0.04,0,Kozhikode,Kerala
2023-04-16,0.02,0.07999999999996092,0.37000000000001243,7.649999999999999,0.04,0,Kozhikode,Kerala
2023-04-17,0.02,0.07999999999996092,0.26000000000001244,7.189999999999999,0.04,0,Kozhikode,Kerala
2023-04-18,0.02,0.06,0.16000000000001244,5.589999999999998,0.02,0,Kozhikode,Kerala
2023-04-19,0.01,0.049999999999960916,0.14000000000001245,3.6599999999999984,0.02,0,Kozhikode,Kerala
2023-04-20,0.01,0.03999999999996092,0.14000000000001242,2.609999999999998,0.02,0,Kozhikode,Kerala
2023-04-21,0.8,0.819999999999961,0.9200000000000125,2.1999999999999984,0.8,0,Kozhikode,Kerala
2023-04-22,2.65,3.459999999999961,3.5300000000000122,4.389999999999999,2.65,0,Kozhikode,Kerala
2023-04-23,0.94,4.3899999999999615,4.450000000000012,5.099999999999998,2.65,0,Kozhikode,Kerala
2023-04-24,1.78,5.369999999999961,6.210000000000012,6.599999999999999,2.65,0,Kozhikode,Kerala
2023-04-25,3.06,5.77999999999996,9.250000000000012,9.529999999999998,3.06,0,Kozhikode,Kerala
2023-04-26,4.58,9.41999999999996,13.820000000000013,13.989999999999998,4.58,0,Kozhikode,Kerala
2023-04-27,2.09,9.729999999999961,15.900000000000013,16.049999999999997,4.58,0,Kozhikode,Kerala
2023-04-28,2.24,8.909999999999961,17.34000000000001,18.279999999999998,4.58,0,Kozhikode,Kerala
2023-04-29,6.32,10.64999999999996,21.010000000000012,24.58,6.32,0,Kozhikode,Kerala
2023-04-30,12.62,21.17999999999996,32.69000000000001,37.16,12.62,0,Kozhikode,Kerala
2023-05-01,11.81,30.749999999999964,42.72000000000001,48.949999999999996,12.62,0,Kozhikode,Kerala
2023-05-02,5.44,29.869999999999962,45.10000000000001,54.37,12.62,0,Kozhikode,Kerala
2023-05-03,1.56,18.809999999999963,42.08000000000001,55.91,11.81,0,Kozhikode,Kerala
2023-05-04,2.69,9.689999999999962,42.680000000000014,58.589999999999996,5.44,0,Kozhikode,Kerala
2023-05-05,4.56,8.80999999999996,45.000000000000014,63.14,4.56,0,Kozhikode,Kerala
2023-05-06,2.56,9.80999999999996,41.24000000000001,64.89999999999999,4.56,0,Kozhikode,Kerala
2023-05-07,1.31,8.42999999999996,29.930000000000014,63.559999999999995,4.56,0,Kozhikode,Kerala
2023-05-08,0.84,4.709999999999961,18.96000000000001,63.46,2.56,0,Kozhikode,Kerala
2023-05-09,1.79,3.939999999999961,15.310000000000011,63.47,1.79,0,Kozhikode,Kerala
2023-05-10,3.93,6.559999999999961,17.680000000000014,64.33999999999999,3.93,0,Kozhikode,Kerala
2023-05-11,12.3,18.01999999999996,27.290000000000013,72.06,12.3,0,Kozhikode,Kerala
2023-05-12,3.22,19.449999999999964,25.950000000000014,73.19,12.3,0,Kozhikode,Kerala
2023-05-13,1.97,17.489999999999963,25.360000000000014,72.92,12.3,0,Kozhikode,Kerala
2023-05-14,0.27,5.459999999999961,24.32000000000001,66.86999999999999,3.22,0,Kozhikode,Kerala
2023-05-15,0.15,2.389999999999961,23.630000000000013,54.4,1.97,0,Kozhikode,Kerala
2023-05-16,0.54,0.959999999999961,22.380000000000013,43.129999999999995,0.54,0,Kozhikode,Kerala
2023-05-17,1.52,2.209999999999961,19.970000000000013,39.209999999999994,1.52,0,Kozhikode,Kerala
2023-05-18,1.18,3.239999999999961,8.850000000000012,38.83,1.52,0,Kozhikode,Kerala
2023-05-19,1.28,3.979999999999961,6.910000000000013,37.419999999999995,1.52,0,Kozhikode,Kerala
2023-05-20,1.36,3.819999999999961,6.300000000000012,34.22,1.36,0,Kozhikode,Kerala
2023-05-21,3.94,6.579999999999961,9.970000000000013,35.599999999999994,3.94,0,Kozhikode,Kerala
2023-05-22,5.13,10.42999999999996,14.950000000000014,39.419999999999995,5.13,0,Kozhikode,Kerala
2023-05-23,1.39,10.459999999999962,15.800000000000013,39.97,5.13,0,Kozhikode,Kerala
2023-05-24,5.3,11.819999999999961,19.580000000000013,43.48,5.3,0,Kozhikode,Kerala
2023-05-25,4.27,10.95999999999996,22.670000000000012,43.82,5.3,0,Kozhikode,Kerala
2023-05-26,2.41,11.97999999999996,23.80000000000001,33.92999999999999,5.3,0,Kozhikode,Kerala
2023-05-27,0.49,7.169999999999961,22.93000000000001,31.199999999999996,4.27,0,Kozhikode,Kerala
2023-05-28,1.95,4.849999999999961,20.94000000000001,31.179999999999996,2.41,0,Kozhikode,Kerala
2023-05-29,4.3,6.739999999999961,20.11000000000001,35.209999999999994,4.3,0,Kozhikode,Kerala
2023-05-30,2.52,8.76999999999996,21.24000000000001,37.58,4.3,0,Kozhikode,Kerala
2023-05-31,13.9,20.719999999999963,29.84000000000001,50.94,13.9,0,Kozhikode,Kerala
2023-06-01,2.96,19.37999999999996,28.530000000000012,52.379999999999995,13.9,1,Kozhikode,Kerala
2023-06-02,4.18,21.03999999999996,30.30000000000001,55.379999999999995,13.9,1,Kozhikode,Kerala
2023-06-03,3.62,10.75999999999996,33.43000000000001,57.72,4.18,1,Kozhikode,Kerala
2023-06-04,6.61,14.409999999999961,38.09000000000001,62.97,6.61,1,Kozhikode,Kerala
2023-06-05,2.4,12.629999999999962,36.19000000000001,61.43,6.61,1,Kozhikode,Kerala
2023-06-06,5.18,14.189999999999962,38.85000000000001,61.48,6.61,1,Kozhikode,Kerala
2023-06-07,8.17,15.749999999999961,33.12000000000001,68.25999999999999,8.17,1,Kozhikode,Kerala
2023-06-08,10.27,23.619999999999962,40.43000000000001,73.22999999999999,10.27,1,Kozhikode,Kerala
2023-06-09,5.7,24.13999999999996,41.95000000000001,74.66,10.27,1,Kozhikode,Kerala
2023-06-10,8.65,24.619999999999962,46.98000000000002,80.89999999999999,10.27,1,Kozhikode,Kerala
2023-06-11,4.95,19.29999999999996,45.320000000000014,85.36,8.65,1,Kozhikode,Kerala
2023-06-12,4.36,17.95999999999996,47.28000000000001,87.77,8.65,1,Kozhikode,Kerala
2023-06-13,11.53,20.83999999999996,53.63000000000001,95.0,11.53,1,Kozhikode,Kerala
2023-06-14,10.47,26.35999999999996,55.930000000000014,102.95,11.53,1,Kozhikode,Kerala
2023-06-15,6.67,28.66999999999996,52.33000000000001,95.72,11.53,1,Kozhikode,Kerala
2023-06-16,2.61,19.74999999999996,49.240000000000016,95.37,10.47,1,Kozhikode,Kerala
2023-06-17,8.58,17.859999999999957,49.170000000000016,99.77,8.58,1,Kozhikode,Kerala
2023-06-18,9.37,20.55999999999996,53.59000000000002,105.52000000000001,9.37,1,Kozhikode,Kerala
2023-06-19,4.42,22.36999999999996,53.65000000000001,103.32999999999998,9.37,1,Kozhikode,Kerala
2023-06-20,14.98,28.76999999999996,57.100000000000016,115.91,14.98,1,Kozhikode,Kerala
2023-06-21,17.02,36.41999999999996,63.65000000000001,127.75,17.02,1,Kozhikode,Kerala
2023-06-22,8.01,40.009999999999955,64.99000000000001,127.59,17.02,1,Kozhikode,Kerala
2023-06-23,1.96,26.989999999999956,64.34000000000002,119.28,17.02,1,Kozhikode,Kerala
2023-06-24,17.41,27.379999999999956,73.17000000000002,130.98999999999998,17.41,1,Kozhikode,Kerala
2023-06-25,33.02,52.38999999999996,96.82000000000001,155.36,33.02,1,Kozhikode,Kerala
2023-06-26,4.2,54.62999999999996,96.60000000000001,154.60999999999999,33.02,1,Kozhikode,Kerala
2023-06-27,29.32,66.53999999999996,110.94000000000001,179.57,33.02,1,Kozhikode,Kerala
2023-06-28,4.28,37.799999999999955,98.20000000000002,172.32,29.32,1,Kozhikode,Kerala
2023-06-29,5.93,39.52999999999995,96.12000000000002,167.78,29.32,1,Kozhikode,Kerala
2023-06-30,3.09,13.299999999999958,97.25,164.20000000000002,5.93,1,Kozhikode,Kerala
2023-07-01,9.95,18.969999999999956,89.79,171.54,9.95,1,Kozhikode,Kerala
2023-07-02,22.44,35.47999999999996,79.21000000000001,185.39999999999998,22.44,1,Kozhikode,Kerala
2023-07-03,62.71,95.09999999999997,137.72000000000003,238.74,62.71,1,Kozhikode,Kerala
2023-07-04,28.3,113.44999999999996,136.70000000000002,262.62,62.71,1,Kozhikode,Kerala
2023-07-05,84.26,175.26999999999998,216.68,331.9,84.26,1,Kozhikode,Kerala
2023-07-06,47.92,160.47999999999996,258.67,362.8,84.26,1,Kozhikode,Kerala
2023-07-07,31.01,163.18999999999994,286.59000000000003,385.79999999999995,84.26,1,Kozhikode,Kerala
2023-07-08,6.97,85.89999999999996,283.61,390.81,47.92,1,Kozhikode,Kerala
2023-07-09,13.09,51.06999999999996,274.26000000000005,386.49,31.01,1,Kozhikode,Kerala
2023-07-10,4.19,24.249999999999957,215.74,357.65999999999997,13.09,1,Kozhikode,Kerala
2023-07-11,4.49,21.769999999999957,191.93,357.95,13.09,1,Kozhikode,Kerala
2023-07-12,7.65,16.32999999999996,115.32000000000002,336.28000000000003,7.65,1,Kozhikode,Kerala
2023-07-13,13.51,25.649999999999956,80.91000000000001,345.51,13.51,1,Kozhikode,Kerala
2023-07-14,10.04,31.199999999999957,59.94000000000001,349.62,13.51,1,Kozhikode,Kerala
2023-07-15,3.43,26.979999999999954,56.40000000000001,349.96,13.51,1,Kozhikode,Kerala
2023-07-16,7.01,20.479999999999954,50.320000000000014,347.02,10.04,1,Kozhikode,Kerala
2023-07-17,5.16,15.599999999999957,51.29000000000001,329.74,7.01,1,Kozhikode,Kerala
2023-07-18,7.91,20.079999999999956,54.710000000000015,274.94,7.91,1,Kozhikode,Kerala
2023-07-19,7.77,20.839999999999957,54.83000000000001,254.41,7.91,1,Kozhikode,Kerala
2023-07-20,11.86,27.539999999999957,53.18000000000001,182.01,11.86,1,Kozhikode,Kerala
2023-07-21,12.71,32.33999999999996,55.850000000000016,146.79999999999998,12.71,1,Kozhikode,Kerala
2023-07-22,24.54,49.10999999999996,76.96000000000001,140.32999999999998,24.54,1,Kozhikode,Kerala
2023-07-23,39.86,77.10999999999996,109.81000000000002,173.22,39.86,1,Kozhikode,Kerala
2023-07-24,32.58,96.97999999999995,137.23000000000002,192.70999999999998,39.86,1,Kozhikode,Kerala
2023-07-25,17.04,89.47999999999996,146.36,205.56,39.86,1,Kozhikode,Kerala
2023-07-26,25.39,75.00999999999996,163.98,226.45999999999998,32.58,1,Kozhikode,Kerala
2023-07-27,8.54,50.969999999999956,160.66000000000003,227.35,25.39,1,Kozhikode,Kerala
2023-07-28,4.32,38.24999999999996,152.27,218.15999999999997,25.39,1,Kozhikode,Kerala
2023-07-29,1.98,14.839999999999957,129.71,210.1,8.54,1,Kozhikode,Kerala
2023-07-30,1.52,7.819999999999958,91.37,208.19,4.32,1,Kozhikode,Kerala
2023-07-31,2.27,5.769999999999957,61.06000000000002,203.45,2.27,1,Kozhikode,Kerala
2023-08-01,1.55,5.339999999999957,45.570000000000014,199.84,2.27,1,Kozhikode,Kerala
2023-08-02,1.34,5.1599999999999575,21.520000000000014,193.27,2.27,1,Kozhikode,Kerala
2023-08-03,1.44,4.329999999999957,14.420000000000014,186.94,1.55,1,Kozhikode,Kerala
2023-08-04,3.2,5.979999999999958,13.300000000000015,178.28,3.2,1,Kozhikode,Kerala
2023-08-05,3.15,7.789999999999958,14.470000000000013,168.72,3.2,1,Kozhikode,Kerala
2023-08-06,3.09,9.439999999999957,16.040000000000013,147.27,3.2,1,Kozhikode,Kerala
2023-08-07,1.69,7.929999999999957,15.460000000000015,109.1,3.15,1,Kozhikode,Kerala
2023-08-08,2.31,7.089999999999957,16.220000000000013,78.83000000000001,3.09,1,Kozhikode,Kerala
2023-08-09,1.88,5.879999999999957,16.760000000000012,63.67,2.31,1,Kozhikode,Kerala
2023-08-10,7.75,11.939999999999957,23.070000000000014,46.03,7.75,1,Kozhikode,Kerala
2023-08-11,4.98,14.609999999999957,24.850000000000016,42.47,7.75,1,Kozhikode,Kerala
2023-08-12,2.04,14.769999999999957,23.740000000000013,40.19,7.75,1,Kozhikode,Kerala
2023-08-13,0.84,7.859999999999958,21.490000000000013,39.050000000000004,4.98,1,Kozhikode,Kerala
2023-08-14,0.33,3.2099999999999573,20.130000000000017,37.86,2.04,1,Kozhikode,Kerala
2023-08-15,0.22,1.3899999999999573,18.040000000000013,35.809999999999995,0.84,1,Kozhikode,Kerala
2023-08-16,0.61,1.1599999999999575,16.770000000000014,34.87,0.61,1,Kozhikode,Kerala
2023-08-17,3.38,4.209999999999957,12.400000000000015,36.910000000000004,3.38,1,Kozhikode,Kerala
2023-08-18,2.92,6.9099999999999575,10.340000000000014,38.39,3.38,1,Kozhikode,Kerala
2023-08-19,7.14,13.439999999999957,15.440000000000015,42.330000000000005,7.14,1,Kozhikode,Kerala
2023-08-20,3.02,13.079999999999956,17.62000000000001,42.199999999999996,7.14,1,Kozhikode,Kerala
2023-08-21,1.05,11.209999999999958,18.340000000000014,40.160000000000004,7.14,1,Kozhikode,Kerala
2023-08-22,3.36,7.429999999999957,21.48000000000001,41.830000000000005,3.36,1,Kozhikode,Kerala
2023-08-23,1.73,6.139999999999958,22.600000000000012,41.25,3.36,1,Kozhikode,Kerala
2023-08-24,0.28,5.369999999999957,19.500000000000014,39.65,3.36,1,Kozhikode,Kerala
2023-08-25,0.05,2.0599999999999574,16.630000000000013,31.95,1.73,1,Kozhikode,Kerala
2023-08-26,0.52,0.8499999999999575,10.010000000000016,27.49,0.52,1,Kozhikode,Kerala
2023-08-27,0.4,0.9699999999999575,7.390000000000014,25.849999999999998,0.52,1,Kozhikode,Kerala
2023-08-28,0.55,1.4699999999999576,6.890000000000014,25.56,0.55,1,Kozhikode,Kerala
2023-08-29,4.52,5.469999999999957,8.050000000000015,29.75,4.52,1,Kozhikode,Kerala
2023-08-30,6.45,11.519999999999957,12.770000000000014,35.98,6.45,1,Kozhikode,Kerala
2023-08-31,3.13,14.099999999999959,15.620000000000015,38.5,6.45,1,Kozhikode,Kerala
2023-09-01,3.6,13.179999999999959,19.170000000000012,38.720000000000006,6.45,1,Kozhikode,Kerala
2023-09-02,4.79,11.519999999999957,23.440000000000012,40.59,4.79,1,Kozhikode,Kerala
2023-09-03,5.28,13.669999999999959,28.320000000000014,38.730000000000004,5.28,1,Kozhikode,Kerala
2023-09-04,5.76,15.829999999999956,33.530000000000015,41.47,5.76,1,Kozhikode,Kerala
2023-09-05,23.95,34.98999999999995,52.960000000000015,64.37,23.95,1,Kozhikode,Kerala
2023-09-06,17.34,47.049999999999955,63.85000000000001,78.35,23.95,1,Kozhikode,Kerala
2023-09-07,9.91,51.19999999999996,70.63000000000002,86.53,23.95,1,Kozhikode,Kerala
2023-09-08,6.37,33.619999999999955,73.4,92.61999999999999,17.34,1,Kozhikode,Kerala
2023-09-09,10.2,26.479999999999958,78.81000000000002,102.77,10.2,1,Kozhikode,Kerala
2023-09-10,17.7,34.26999999999995,91.23000000000002,119.95,17.7,1,Kozhikode,Kerala
2023-09-11,13.12,41.01999999999995,98.59,132.67,17.7,1,Kozhikode,Kerala
2023-09-12,8.62,39.439999999999955,83.26000000000002,140.74,17.7,1,Kozhikode,Kerala
2023-09-13,8.1,29.839999999999954,74.02000000000001,144.32,13.12,1,Kozhikode,Kerala
2023-09-14,28.89,45.60999999999996,93.00000000000003,166.76,28.89,1,Kozhikode,Kerala
2023-09-15,18.41,55.39999999999995,105.04000000000002,182.04,28.89,1,Kozhikode,Kerala
2023-09-16,18.63,65.92999999999995,113.47000000000001,197.07,28.89,1,Kozhikode,Kerala
2023-09-17,11.02,48.05999999999996,106.79,203.3,18.63,1,Kozhikode,Kerala
2023-09-18,11.89,41.53999999999996,105.56000000000002,209.91,18.63,1,Kozhikode,Kerala
2023-09-19,10.4,33.30999999999996,107.34000000000002,214.55,11.89,1,Kozhikode,Kerala
2023-09-20,4.57,26.859999999999957,103.81000000000002,195.17,11.89,1,Kozhikode,Kerala
2023-09-21,7.7,22.66999999999996,82.62000000000002,185.53,10.4,1,Kozhikode,Kerala
2023-09-22,10.11,22.37999999999996,74.32000000000001,185.73,10.11,1,Kozhikode,Kerala
2023-09-23,11.23,29.039999999999957,66.92000000000002,190.58999999999997,11.23,1,Kozhikode,Kerala
2023-09-24,5.12,26.459999999999958,61.02000000000002,185.51,11.23,1,Kozhikode,Kerala
2023-09-25,2.84,19.18999999999996,51.97000000000001,170.65,11.23,1,Kozhikode,Kerala
2023-09-26,3.14,11.099999999999959,44.710000000000015,160.67000000000002,5.12,1,Kozhikode,Kerala
2023-09-27,3.44,9.419999999999959,43.58000000000001,155.49,3.44,1,Kozhikode,Kerala
2023-09-28,22.73,29.30999999999996,58.610000000000014,170.12,22.73,1,Kozhikode,Kerala
2023-09-29,17.57,43.73999999999996,66.07000000000002,158.79999999999998,22.73,1,Kozhikode,Kerala
2023-09-30,29.56,69.85999999999996,84.4,169.95,29.56,1,Kozhikode,Kerala
2023-10-01,23.93,71.05999999999996,103.21000000000001,175.25,29.56,0,Kozhikode,Kerala
2023-10-02,11.74,65.22999999999996,112.11000000000001,175.97,29.56,0,Kozhikode,Kerala
2023-10-03,1.08,36.74999999999996,110.05000000000001,165.16,23.93,0,Kozhikode,Kerala
2023-10-04,0.12,12.939999999999957,106.73,154.88,11.74,0,Kozhikode,Kerala
2023-10-05,0.04,1.2399999999999574,84.04000000000002,150.35,1.08,0,Kozhikode,Kerala
2023-10-06,0.03,0.18999999999995737,66.50000000000001,142.67999999999998,0.12,0,Kozhikode,Kerala
2023-10-07,0.33,0.3999999999999574,37.27000000000002,132.9,0.33,0,Kozhikode,Kerala
2023-10-08,1.1,1.4599999999999576,14.440000000000015,122.77,1.1,0,Kozhikode,Kerala
2023-10-09,4.73,6.1599999999999575,7.430000000000015,122.38,4.73,0,Kozhikode,Kerala
2023-10-10,4.65,10.479999999999958,11.000000000000014,124.19000000000001,4.73,0,Kozhikode,Kerala
2023-10-11,12.66,22.039999999999957,23.540000000000013,133.71,12.66,0,Kozhikode,Kerala
2023-10-12,14.19,31.499999999999957,37.69000000000001,144.46,14.19,0,Kozhikode,Kerala
2023-10-13,1.29,28.139999999999958,38.95000000000002,123.02,14.19,0,Kozhikode,Kerala
2023-10-14,10.18,25.659999999999954,48.80000000000001,115.63,14.19,0,Kozhikode,Kerala
2023-10-15,41.07,52.53999999999996,88.77000000000001,127.13999999999999,41.07,0,Kozhikode,Kerala
2023-10-16,3.7,54.94999999999996,87.74000000000001,106.91,41.07,0,Kozhikode,Kerala
2023-10-17,5.34,50.10999999999996,88.43000000000002,100.51,41.07,0,Kozhikode,Kerala
2023-10-18,1.77,10.809999999999958,77.54,101.2,5.34,0,Kozhikode,Kerala
2023-10-19,2.69,9.799999999999958,66.04000000000002,103.77000000000001,5.34,0,Kozhikode,Kerala
2023-10-20,2.82,7.279999999999957,67.57000000000002,106.55,2.82,0,Kozhikode,Kerala
2023-10-21,1.99,7.499999999999957,59.38000000000002,108.50999999999999,2.82,0,Kozhikode,Kerala
2023-10-22,1.75,6.559999999999957,20.060000000000013,109.92999999999999,2.82,0,Kozhikode,Kerala
2023-10-23,3.12,6.859999999999957,19.480000000000015,111.95,3.12,0,Kozhikode,Kerala
2023-10-24,2.62,7.489999999999958,16.760000000000016,109.84,3.12,0,Kozhikode,Kerala
2023-10-25,6.88,12.619999999999957,21.87000000000001,112.07,6.88,0,Kozhikode,Kerala
2023-10-26,1.55,11.049999999999958,20.730000000000015,100.96,6.88,0,Kozhikode,Kerala
2023-10-27,1.46,9.889999999999956,19.370000000000015,88.23,6.88,0,Kozhikode,Kerala
2023-10-28,3.84,6.849999999999956,21.220000000000013,90.78,3.84,0,Kozhikode,Kerala
2023-10-29,3.76,9.059999999999956,23.23000000000001,84.36,3.84,0,Kozhikode,Kerala
2023-10-30,5.74,13.339999999999957,25.850000000000016,49.03,5.74,0,Kozhikode,Kerala
2023-10-31,31.23,40.72999999999996,54.460000000000015,76.56,31.23,0,Kozhikode,Kerala
2023-11-01,11.05,48.01999999999996,58.63000000000001,82.27,31.23,0,Kozhikode,Kerala
2023-11-02,17.27,59.549999999999955,74.35000000000002,97.77,31.23,0,Kozhikode,Kerala
2023-11-03,7.13,35.44999999999996,80.02000000000001,102.21,17.27,0,Kozhikode,Kerala
2023-11-04,54.19,78.58999999999996,130.37,153.58,54.19,0,Kozhikode,Kerala
2023-11-05,14.86,76.17999999999996,141.47000000000003,166.45,54.19,0,Kozhikode,Kerala
2023-11-06,2.75,71.79999999999995,138.48000000000002,167.45,54.19,0,Kozhikode,Kerala
2023-11-07,11.58,29.189999999999962,118.83000000000001,175.91,14.86,0,Kozhikode,Kerala
2023-11-08,18.56,32.889999999999965,126.34000000000002,191.85,18.56,0,Kozhikode,Kerala
2023-11-09,10.8,40.93999999999997,119.87000000000002,195.76999999999998,18.56,0,Kozhikode,Kerala
2023-11-10,6.26,35.61999999999997,119.00000000000001,200.48000000000002,18.56,0,Kozhikode,Kerala
2023-11-11,2.42,19.479999999999965,67.23000000000002,201.44,10.8,0,Kozhikode,Kerala
2023-11-12,1.83,10.509999999999964,54.20000000000002,199.43,6.26,0,Kozhikode,Kerala
2023-11-13,0.08,4.3299999999999645,51.530000000000015,195.75,2.42,0,Kozhikode,Kerala
2023-11-14,0.12,2.0299999999999647,40.070000000000014,190.13,1.83,0,Kozhikode,Kerala
2023-11-15,0.14,0.3399999999999645,21.650000000000016,159.04000000000002,0.14,0,Kozhikode,Kerala
2023-11-16,0.25,0.5099999999999645,11.100000000000014,148.24,0.25,0,Kozhikode,Kerala
2023-11-17,0.95,1.3399999999999643,5.790000000000014,131.92000000000002,0.95,0,Kozhikode,Kerala
2023-11-18,3.6,4.799999999999964,6.970000000000015,128.39000000000001,3.6,0,Kozhikode,Kerala
2023-11-19,2.25,6.799999999999964,7.390000000000015,76.45,3.6,0,Kozhikode,Kerala
2023-11-20,0.51,6.359999999999964,7.8200000000000145,62.1,3.6,0,Kozhikode,Kerala
2023-11-21,6.87,9.629999999999963,14.570000000000014,66.22,6.87,0,Kozhikode,Kerala
2023-11-22,19.42,26.799999999999965,33.850000000000016,74.06,19.42,0,Kozhikode,Kerala
2023-11-23,13.7,39.98999999999997,47.30000000000001,69.2,19.42,0,Kozhikode,Kerala
2023-11-24,3.93,37.04999999999997,50.280000000000015,62.330000000000005,19.42,0,Kozhikode,Kerala
2023-11-25,1.97,19.599999999999962,48.65000000000002,58.04,13.7,0,Kozhikode,Kerala
2023-11-26,1.05,6.949999999999965,47.45000000000002,56.67000000000001,3.93,0,Kozhikode,Kerala
2023-11-27,0.49,3.5099999999999643,47.430000000000014,55.33,1.97,0,Kozhikode,Kerala
2023-11-28,0.63,2.1699999999999644,41.19000000000001,55.88,1.05,0,Kozhikode,Kerala
2023-11-29,1.88,2.9999999999999645,23.650000000000013,57.64000000000001,1.88,0,Kozhikode,Kerala
2023-11-30,4.65,7.159999999999965,14.600000000000016,62.150000000000006,4.65,0,Kozhikode,Kerala
2023-12-01,0.81,7.339999999999964,11.480000000000015,62.71000000000001,4.65,0,Kozhikode,Kerala
2023-12-02,2.26,7.719999999999965,11.770000000000014,64.02,4.65,0,Kozhikode,Kerala
2023-12-03,1.15,4.219999999999964,11.870000000000013,61.57,2.26,0,Kozhikode,Kerala
2023-12-04,0.24,3.649999999999964,11.620000000000015,59.56,2.26,0,Kozhikode,Kerala
2023-12-05,0.07,1.4599999999999644,11.060000000000015,59.120000000000005,1.15,0,Kozhikode,Kerala
2023-12-06,0.05,0.35999999999996446,9.230000000000013,52.300000000000004,0.24,0,Kozhikode,Kerala
2023-12-07,1.49,1.6099999999999643,6.0700000000000145,34.37,1.49,0,Kozhikode,Kerala
2023-12-08,7.83,9.369999999999964,13.090000000000014,28.5,7.83,0,Kozhikode,Kerala
2023-12-09,12.83,22.149999999999963,23.660000000000014,37.4,12.83,0,Kozhikode,Kerala
2023-12-10,4.5,25.159999999999968,27.010000000000016,39.93,12.83,0,Kozhikode,Kerala
2023-12-11,4.37,21.699999999999964,31.140000000000015,43.25,12.83,0,Kozhikode,Kerala
2023-12-12,1.34,10.209999999999967,32.41000000000001,44.1,4.5,0,Kozhikode,Kerala
2023-12-13,0.38,6.089999999999966,32.740000000000016,43.85,4.37,0,Kozhikode,Kerala
2023-12-14,0.2,1.9199999999999664,31.450000000000014,42.169999999999995,1.34,0,Kozhikode,Kerala
2023-12-15,0.19,0.7699999999999663,23.810000000000013,37.71,0.38,0,Kozhikode,Kerala
2023-12-16,1.07,1.4599999999999662,12.050000000000015,37.97,1.07,0,Kozhikode,Kerala
2023-12-17,7.17,8.429999999999966,14.720000000000015,42.879999999999995,7.17,0,Kozhikode,Kerala
2023-12-18,4.78,13.019999999999968,15.130000000000017,46.51,7.17,0,Kozhikode,Kerala
2023-12-19,2.45,14.399999999999967,16.240000000000016,48.72,7.17,0,Kozhikode,Kerala
2023-12-20,0.02,7.249999999999966,15.880000000000015,48.67,4.78,0,Kozhikode,Kerala
2023-12-21,0.23,2.6999999999999664,15.910000000000014,48.85,2.45,0,Kozhikode,Kerala
2023-12-22,0.15,0.39999999999996627,15.870000000000015,47.51,0.23,0,Kozhikode,Kerala
2023-12-23,0.01,0.3899999999999662,14.810000000000015,39.69,0.23,0,Kozhikode,Kerala
2023-12-24,0.0,0.15999999999996625,7.640000000000015,26.860000000000003,0.15,0,Kozhikode,Kerala
2023-12-25,0.02,0.029999999999966248,2.8800000000000145,22.38,0.02,0,Kozhikode,Kerala
2023-12-26,0.01,0.029999999999966248,0.4400000000000142,18.020000000000003,0.02,0,Kozhikode,Kerala
2023-12-27,0.0,0.029999999999966248,0.4200000000000142,16.680000000000003,0.02,0,Kozhikode,Kerala
2023-12-28,0.01,0.01999999999996625,0.2000000000000142,16.31,0.01,0,Kozhikode,Kerala
2023-12-29,0.09,0.09999999999996624,0.14000000000001422,16.2,0.09,0,Kozhikode,Kerala
2023-12-30,0.25,0.3499999999999662,0.3800000000000142,16.26,0.25,0,Kozhikode,Kerala
2023-12-31,0.01,0.3499999999999662,0.3900000000000142,15.200000000000001,0.25,0,Kozhikode,Kerala
2024-01-01,1.94,2.1999999999999664,2.3100000000000143,9.97,1.94,0,Kozhikode,Kerala
2024-01-02,2.87,4.8199999999999665,5.170000000000014,8.06,2.87,0,Kozhikode,Kerala
2024-01-03,6.28,11.089999999999968,11.450000000000015,11.89,6.28,0,Kozhikode,Kerala
2024-01-04,19.83,28.97999999999997,31.270000000000014,31.7,19.83,0,Kozhikode,Kerala
2024-01-05,10.86,36.96999999999997,42.04000000000001,42.33,19.83,0,Kozhikode,Kerala
2024-01-06,6.81,37.499999999999964,48.600000000000016,48.99,19.83,0,Kozhikode,Kerala
2024-01-07,1.51,19.179999999999968,50.100000000000016,50.49,10.86,0,Kozhikode,Kerala
2024-01-08,11.01,19.32999999999997,59.17000000000001,61.5,11.01,0,Kozhikode,Kerala
2024-01-09,12.29,24.809999999999967,68.59000000000002,73.77,12.29,0,Kozhikode,Kerala
2024-01-10,0.25,23.54999999999997,62.56000000000001,74.00999999999999,12.29,0,Kozhikode,Kerala
2024-01-11,0.0,12.539999999999967,42.73000000000001,74.00999999999999,12.29,0,Kozhikode,Kerala
2024-01-12,0.0,0.24999999999996803,31.87000000000001,74.0,0.25,0,Kozhikode,Kerala
2024-01-13,0.0,0.0,25.060000000000016,73.91,0.0,0,Kozhikode,Kerala
2024-01-14,0.0,0.0,23.55000000000001,73.66,0.0,0,Kozhikode,Kerala
2024-01-15,0.05,0.04999999999996803,12.590000000000014,73.69999999999999,0.05,0,Kozhikode,Kerala
2024-01-16,0.04,0.08999999999996802,0.34000000000001424,71.8,0.05,0,Kozhikode,Kerala
2024-01-17,0.22,0.309999999999968,0.3100000000000142,69.14999999999999,0.22,0,Kozhikode,Kerala
2024-01-18,0.14,0.39999999999996805,0.4500000000000142,63.01,0.22,0,Kozhikode,Kerala
2024-01-19,0.04,0.399999999999968,0.4900000000000142,43.22,0.22,0,Kozhikode,Kerala
2024-01-20,0.19,0.369999999999968,0.6800000000000143,32.55,0.19,0,Kozhikode,Kerala
2024-01-21,0.05,0.27999999999996805,0.7300000000000142,25.79,0.19,0,Kozhikode,Kerala
2024-01-22,0.01,0.24999999999996803,0.6900000000000142,24.29,0.19,0,Kozhikode,Kerala
2024-01-23,0.0,0.05999999999996803,0.6500000000000142,13.28,0.05,0,Kozhikode,Kerala
2024-01-24,0.03,0.039999999999968026,0.46000000000001423,1.02,0.03,0,Kozhikode,Kerala
2024-01-25,0.01,0.039999999999968026,0.3300000000000142,0.78,0.03,0,Kozhikode,Kerala
2024-01-26,0.01,0.04999999999996803,0.30000000000001426,0.79,0.03,0,Kozhikode,Kerala
2024-01-27,0.0,0.019999999999968026,0.11000000000001421,0.79,0.01,0,Kozhikode,Kerala
2024-01-28,0.0,0.009999999999968026,0.06000000000001421,0.79,0.01,0,Kozhikode,Kerala
2024-01-29,0.0,0.0,0.050000000000014214,0.79,0.0,0,Kozhikode,Kerala
2024-01-30,0.0,0.0,0.050000000000014214,0.74,0.0,0,Kozhikode,Kerala
2024-01-31,0.0,0.0,0.02000000000001421,0.7000000000000001,0.0,0,Kozhikode,Kerala
2024-02-01,0.0,0.0,0.010000000000014211,0.48000000000000004,0.0,0,Kozhikode,Kerala
2024-02-02,0.0,0.0,0.0,0.34,0.0,0,Kozhikode,Kerala
2024-02-03,0.05,0.04999999999996803,0.050000000000014214,0.35000000000000003,0.05,0,Kozhikode,Kerala
2024-02-04,0.03,0.07999999999996803,0.08000000000001421,0.19,0.05,0,Kozhikode,Kerala
2024-02-05,0.0,0.07999999999996803,0.08000000000001421,0.14,0.05,0,Kozhikode,Kerala
2024-02-06,0.0,0.029999999999968024,0.08000000000001421,0.13,0.03,0,Kozhikode,Kerala
2024-02-07,0.0,0.0,0.08000000000001421,0.13,0.0,0,Kozhikode,Kerala
2024-02-08,0.0,0.0,0.08000000000001421,0.1,0.0,0,Kozhikode,Kerala
2024-02-09,0.0,0.0,0.08000000000001421,0.09,0.0,0,Kozhikode,Kerala
2024-02-10,0.0,0.0,0.03000000000001421,0.08,0.0,0,Kozhikode,Kerala
2024-02-11,0.0,0.0,0.0,0.08,0.0,0,Kozhikode,Kerala
2024-02-12,0.0,0.0,0.0,0.08,0.0,0,Kozhikode,Kerala
2024-02-13,0.0,0.0,0.0,0.08,0.0,0,Kozhikode,Kerala
2024-02-14,0.0,0.0,0.0,0.08,0.0,0,Kozhikode,Kerala
2024-02-15,0.0,0.0,0.0,0.08,0.0,0,Kozhikode,Kerala
2024-02-16,0.0,0.0,0.0,0.08,0.0,0,Kozhikode,Kerala
2024-02-17,0.0,0.0,0.0,0.08,0.0,0,Kozhikode,Kerala
2024-02-18,0.01,0.009999999999968026,0.010000000000014211,0.04,0.01,0,Kozhikode,Kerala
2024-02-19,0.01,0.019999999999968026,0.02000000000001421,0.02,0.01,0,Kozhikode,Kerala
2024-02-20,0.03,0.04999999999996803,0.050000000000014214,0.05,0.03,0,Kozhikode,Kerala
2024-02-21,0.04,0.07999999999996801,0.09000000000001421,0.09,0.04,0,Kozhikode,Kerala
2024-02-22,0.0,0.06999999999996803,0.09000000000001421,0.09,0.04,0,Kozhikode,Kerala
2024-02-23,0.0,0.039999999999968026,0.09000000000001421,0.09,0.04,0,Kozhikode,Kerala
2024-02-24,0.0,0.0,0.09000000000001421,0.09,0.0,0,Kozhikode,Kerala
2024-02-25,0.0,0.0,0.08000000000001421,0.09,0.0,0,Kozhikode,Kerala
2024-02-26,0.0,0.0,0.0700000000000142,0.09,0.0,0,Kozhikode,Kerala
2024-02-27,0.0,0.0,0.040000000000014205,0.09,0.0,0,Kozhikode,Kerala
2024-02-28,0.03,0.029999999999968018,0.03000000000001421,0.12,0.03,0,Kozhikode,Kerala
2024-02-29,0.03,0.059999999999968016,0.06000000000001421,0.15,0.03,0,Kozhikode,Kerala
2024-03-01,0.01,0.06999999999996802,0.0700000000000142,0.16,0.03,0,Kozhikode,Kerala
2024-03-02,0.01,0.049999999999968014,0.08000000000001421,0.16999999999999998,0.03,0,Kozhikode,Kerala
2024-03-03,0.01,0.03,0.09000000000001421,0.18,0.01,0,Kozhikode,Kerala
2024-03-04,0.02,0.03999999999996802,0.11000000000001421,0.19,0.02,0,Kozhikode,Kerala
2024-03-05,0.0,0.02999999999996802,0.11000000000001421,0.18,0.02,0,Kozhikode,Kerala
2024-03-06,0.0,0.019999999999968023,0.08000000000001421,0.15000000000000002,0.02,0,Kozhikode,Kerala
2024-03-07,0.0,0.0,0.050000000000014214,0.11,0.0,0,Kozhikode,Kerala
2024-03-08,0.01,0.009999999999968019,0.050000000000014214,0.12,0.01,0,Kozhikode,Kerala
2024-03-09,0.0,0.009999999999968019,0.04000000000001422,0.12,0.01,0,Kozhikode,Kerala
2024-03-10,0.02,0.029999999999968018,0.050000000000014214,0.14,0.02,0,Kozhikode,Kerala
2024-03-11,0.01,0.029999999999968018,0.04000000000001421,0.15,0.02,0,Kozhikode,Kerala
2024-03-12,0.01,0.03999999999996802,0.050000000000014214,0.16,0.02,0,Kozhikode,Kerala
2024-03-13,0.13,0.14999999999996802,0.1800000000000142,0.29000000000000004,0.13,0,Kozhikode,Kerala
2024-03-14,0.14,0.27999999999996805,0.3200000000000142,0.4,0.14,0,Kozhikode,Kerala
2024-03-15,0.12,0.38999999999996804,0.4300000000000142,0.49,0.14,0,Kozhikode,Kerala
2024-03-16,0.01,0.269999999999968,0.4400000000000142,0.49,0.14,0,Kozhikode,Kerala
2024-03-17,0.0,0.12999999999996803,0.42000000000001425,0.48,0.12,0,Kozhikode,Kerala
2024-03-18,0.12,0.12999999999996803,0.5300000000000142,0.59,0.12,0,Kozhikode,Kerala
2024-03-19,0.01,0.12999999999996803,0.5300000000000142,0.58,0.12,0,Kozhikode,Kerala
2024-03-20,0.01,0.139999999999968,0.4100000000000142,0.59,0.12,0,Kozhikode,Kerala
2024-03-21,0.11,0.12999999999996803,0.3800000000000142,0.7,0.11,0,Kozhikode,Kerala
2024-03-22,0.56,0.6799999999999681,0.8200000000000143,1.26,0.56,0,Kozhikode,Kerala
2024-03-23,1.53,2.199999999999968,2.340000000000014,2.7800000000000002,1.53,0,Kozhikode,Kerala
2024-03-24,0.64,2.729999999999968,2.980000000000014,3.42,1.53,0,Kozhikode,Kerala
2024-03-25,0.05,2.219999999999968,2.9100000000000144,3.45,1.53,0,Kozhikode,Kerala
2024-03-26,0.21,0.8999999999999678,3.1100000000000145,3.6500000000000004,0.64,0,Kozhikode,Kerala
2024-03-27,0.16,0.41999999999996784,3.260000000000014,3.8,0.21,0,Kozhikode,Kerala
2024-03-28,0.1,0.46999999999996783,3.250000000000014,3.77,0.21,0,Kozhikode,Kerala
2024-03-29,0.31,0.5699999999999679,3.000000000000014,3.94,0.31,0,Kozhikode,Kerala
2024-03-30,0.18,0.5899999999999678,1.6500000000000141,4.0,0.31,0,Kozhikode,Kerala
2024-03-31,0.09,0.5799999999999678,1.100000000000014,4.08,0.31,0,Kozhikode,Kerala
2024-04-01,0.11,0.3799999999999678,1.1600000000000144,4.19,0.18,0,Kozhikode,Kerala
2024-04-02,0.29,0.4899999999999678,1.2400000000000142,4.36,0.29,0,Kozhikode,Kerala
2024-04-03,0.58,0.9799999999999678,1.6600000000000144,4.93,0.58,0,Kozhikode,Kerala
2024-04-04,0.12,0.9899999999999678,1.6800000000000141,5.04,0.58,0,Kozhikode,Kerala
2024-04-05,0.22,0.9199999999999677,1.590000000000014,5.15,0.58,0,Kozhikode,Kerala
2024-04-06,0.15,0.4899999999999678,1.5600000000000143,4.739999999999999,0.22,0,Kozhikode,Kerala
2024-04-07,0.38,0.7499999999999678,1.850000000000014,3.5900000000000003,0.38,0,Kozhikode,Kerala
2024-04-08,0.12,0.6499999999999678,1.860000000000014,3.0700000000000003,0.38,0,Kozhikode,Kerala
2024-04-09,0.22,0.7199999999999678,1.7900000000000142,3.2399999999999998,0.38,0,Kozhikode,Kerala
2024-04-10,0.41,0.7499999999999678,1.620000000000014,3.44,0.41,0,Kozhikode,Kerala
2024-04-11,3.78,4.409999999999967,5.280000000000014,7.0600000000000005,3.78,0,Kozhikode,Kerala
2024-04-12,3.44,7.629999999999968,8.500000000000014,10.399999999999999,3.78,0,Kozhikode,Kerala
2024-04-13,1.49,8.709999999999967,9.840000000000014,11.579999999999998,3.78,0,Kozhikode,Kerala
2024-04-14,0.79,5.719999999999969,10.250000000000014,12.19,3.44,0,Kozhikode,Kerala
2024-04-15,0.41,2.689999999999968,10.540000000000013,12.51,1.49,0,Kozhikode,Kerala
2024-04-16,0.53,1.729999999999968,10.850000000000014,12.93,0.79,0,Kozhikode,Kerala
2024-04-17,0.13,1.0699999999999679,10.570000000000014,12.77,0.53,0,Kozhikode,Kerala
2024-04-18,0.15,0.8099999999999681,6.940000000000014,12.34,0.53,0,Kozhikode,Kerala
2024-04-19,0.82,1.0999999999999681,4.3200000000000145,13.04,0.82,0,Kozhikode,Kerala
2024-04-20,0.82,1.789999999999968,3.6500000000000137,13.639999999999999,0.82,0,Kozhikode,Kerala
2024-04-21,0.56,2.199999999999968,3.420000000000014,14.05,0.82,0,Kozhikode,Kerala
2024-04-22,1.07,2.449999999999968,4.080000000000014,14.74,1.07,0,Kozhikode,Kerala
2024-04-23,0.47,2.099999999999968,4.020000000000014,15.09,1.07,0,Kozhikode,Kerala
2024-04-24,0.68,2.219999999999968,4.5700000000000145,15.55,1.07,0,Kozhikode,Kerala
2024-04-25,0.14,1.2899999999999678,4.560000000000015,15.28,0.68,0,Kozhikode,Kerala
2024-04-26,0.63,1.4499999999999678,4.370000000000014,12.13,0.68,0,Kozhikode,Kerala
2024-04-27,0.41,1.1799999999999677,3.960000000000014,9.100000000000001,0.63,0,Kozhikode,Kerala
2024-04-28,0.13,1.1699999999999677,3.5300000000000145,7.74,0.63,0,Kozhikode,Kerala
2024-04-29,0.19,0.7299999999999678,2.650000000000014,7.14,0.41,0,Kozhikode,Kerala
2024-04-30,0.38,0.6999999999999678,2.560000000000014,7.109999999999999,0.38,0,Kozhikode,Kerala
2024-05-01,0.4,0.9699999999999678,2.2800000000000145,6.98,0.4,0,Kozhikode,Kerala
2024-05-02,0.55,1.3299999999999679,2.690000000000014,7.4,0.55,0,Kozhikode,Kerala
2024-05-03,1.32,2.2699999999999676,3.3800000000000145,8.57,1.32,0,Kozhikode,Kerala
2024-05-04,14.19,16.059999999999967,17.160000000000014,21.939999999999998,14.19,0,Kozhikode,Kerala
2024-05-05,0.88,16.389999999999965,17.910000000000014,22.0,14.19,0,Kozhikode,Kerala
2024-05-06,0.09,15.159999999999966,17.810000000000013,21.53,14.19,0,Kozhikode,Kerala
2024-05-07,0.94,1.909999999999968,18.370000000000015,21.4,0.94,0,Kozhikode,Kerala
2024-05-08,3.0,4.029999999999967,20.970000000000013,23.93,3.0,0,Kozhikode,Kerala
2024-05-09,8.38,12.319999999999968,28.80000000000002,31.63,8.38,0,Kozhikode,Kerala
2024-05-10,16.14,27.519999999999968,43.62000000000002,47.63,16.14,0,Kozhikode,Kerala
2024-05-11,4.81,29.329999999999966,34.240000000000016,51.81,16.14,0,Kozhikode,Kerala
2024-05-12,6.71,27.659999999999968,40.070000000000014,58.11,16.14,0,Kozhikode,Kerala
2024-05-13,19.71,31.22999999999997,59.69000000000002,77.69,19.71,0,Kozhikode,Kerala
2024-05-14,3.17,29.589999999999968,61.92000000000002,80.67,19.71,0,Kozhikode,Kerala
2024-05-15,4.89,27.769999999999968,63.81000000000002,85.18,19.71,0,Kozhikode,Kerala
2024-05-16,7.94,15.999999999999968,63.37000000000002,92.72,7.94,0,Kozhikode,Kerala
2024-05-17,8.66,21.489999999999966,55.890000000000015,100.83000000000001,8.66,0,Kozhikode,Kerala
2024-05-18,11.03,27.629999999999967,62.110000000000014,110.53999999999999,11.03,0,Kozhikode,Kerala
2024-05-19,27.9,47.58999999999997,83.30000000000001,124.25,27.9,0,Kozhikode,Kerala
2024-05-20,19.85,58.779999999999966,83.44000000000001,143.22,27.9,0,Kozhikode,Kerala
2024-05-21,15.9,63.64999999999997,96.17000000000002,159.03,27.9,0,Kozhikode,Kerala
2024-05-22,25.16,60.909999999999975,116.44000000000001,183.25,25.16,0,Kozhikode,Kerala
2024-05-23,19.97,61.02999999999997,128.47000000000003,200.22,25.16,0,Kozhikode,Kerala
2024-05-24,19.07,64.19999999999996,138.88000000000002,210.91000000000003,25.16,0,Kozhikode,Kerala
2024-05-25,13.48,52.51999999999997,141.33,208.25,19.97,0,Kozhikode,Kerala
2024-05-26,2.76,35.309999999999974,116.19000000000001,206.2,19.07,0,Kozhikode,Kerala
2024-05-27,2.01,18.24999999999997,98.35000000000002,201.5,13.48,0,Kozhikode,Kerala
2024-05-28,11.34,16.10999999999997,93.79,193.13,11.34,0,Kozhikode,Kerala
2024-05-29,9.54,22.889999999999972,78.17000000000002,199.5,11.34,0,Kozhikode,Kerala
2024-05-30,7.05,27.92999999999997,65.25000000000001,201.66,11.34,0,Kozhikode,Kerala
2024-05-31,5.54,22.129999999999967,51.72000000000001,199.26,9.54,0,Kozhikode,Kerala
2024-06-01,9.29,21.87999999999997,47.53000000000001,199.89000000000001,9.29,1,Kozhikode,Kerala
2024-06-02,16.1,30.92999999999997,60.87000000000001,204.96,16.1,1,Kozhikode,Kerala
2024-06-03,6.56,31.94999999999997,65.42000000000002,183.62,16.1,1,Kozhikode,Kerala
2024-06-04,4.35,27.009999999999973,58.43000000000001,168.12,16.1,1,Kozhikode,Kerala
2024-06-05,15.73,26.639999999999972,64.62000000000002,167.95,15.73,1,Kozhikode,Kerala
2024-06-06,25.17,45.24999999999997,82.74000000000001,167.96,25.17,1,Kozhikode,Kerala
2024-06-07,17.73,58.629999999999974,94.93000000000002,165.72,25.17,1,Kozhikode,Kerala
2024-06-08,13.76,56.659999999999975,99.40000000000002,160.41,25.17,1,Kozhikode,Kerala
2024-06-09,15.33,46.81999999999997,98.63000000000001,162.26,17.73,1,Kozhikode,Kerala
2024-06-10,14.27,43.35999999999997,106.34000000000002,173.77,15.33,1,Kozhikode,Kerala
2024-06-11,7.92,37.519999999999975,109.91000000000001,179.67999999999998,15.33,1,Kozhikode,Kerala
2024-06-12,8.17,30.35999999999997,102.35000000000001,176.51000000000002,14.27,1,Kozhikode,Kerala
2024-06-13,3.21,19.299999999999972,80.39,170.17999999999998,8.17,1,Kozhikode,Kerala
2024-06-14,6.08,17.459999999999972,68.74000000000002,169.21,8.17,1,Kozhikode,Kerala
2024-06-15,4.68,13.96999999999997,59.66000000000001,168.35000000000002,6.08,1,Kozhikode,Kerala
2024-06-16,9.51,20.26999999999997,53.84000000000002,168.57,9.51,1,Kozhikode,Kerala
2024-06-17,8.91,23.099999999999973,48.48000000000002,161.38,9.51,1,Kozhikode,Kerala
2024-06-18,5.19,23.609999999999975,45.750000000000014,160.01,9.51,1,Kozhikode,Kerala
2024-06-19,7.59,21.689999999999973,45.170000000000016,163.25,8.91,1,Kozhikode,Kerala
2024-06-20,5.55,18.32999999999997,47.51000000000001,153.07,7.59,1,Kozhikode,Kerala
2024-06-21,5.19,18.32999999999997,46.62000000000002,133.09,7.59,1,Kozhikode,Kerala
2024-06-22,18.1,28.83999999999997,60.04000000000002,133.46,18.1,1,Kozhikode,Kerala
2024-06-23,31.19,54.479999999999976,81.72000000000001,150.89000000000001,31.19,1,Kozhikode,Kerala
2024-06-24,18.28,67.56999999999998,91.09000000000002,153.84,31.19,1,Kozhikode,Kerala
2024-06-25,103.23,152.7,189.13000000000002,242.8,103.23,1,Kozhikode,Kerala
2024-06-26,13.8,135.30999999999997,195.34000000000003,248.68,103.23,1,Kozhikode,Kerala
2024-06-27,7.4,124.42999999999998,197.19,247.91,103.23,1,Kozhikode,Kerala
2024-06-28,10.54,31.739999999999974,202.54000000000002,255.24,13.8,1,Kozhikode,Kerala
2024-06-29,19.48,37.41999999999997,203.92000000000002,268.64,19.48,1,Kozhikode,Kerala
2024-06-30,15.39,45.40999999999997,188.12,279.34999999999997,19.48,1,Kozhikode,Kerala
2024-07-01,18.24,53.10999999999997,188.08,288.08,19.48,1,Kozhikode,Kerala
2024-07-02,3.57,37.19999999999997,88.42000000000002,282.74,18.24,1,Kozhikode,Kerala
2024-07-03,12.35,34.15999999999997,86.97000000000001,289.90000000000003,18.24,1,Kozhikode,Kerala
2024-07-04,6.78,22.699999999999967,86.35000000000001,289.09,12.35,1,Kozhikode,Kerala
2024-07-05,8.61,27.739999999999966,84.42000000000002,292.15,12.35,1,Kozhikode,Kerala
2024-07-06,20.6,35.98999999999997,85.54000000000002,307.56,20.6,1,Kozhikode,Kerala
2024-07-07,17.28,46.48999999999997,87.43,306.74,20.6,1,Kozhikode,Kerala
2024-07-08,31.53,69.40999999999997,100.72000000000003,307.08000000000004,31.53,1,Kozhikode,Kerala
2024-07-09,12.53,61.33999999999997,109.68,301.33,31.53,1,Kozhikode,Kerala
2024-07-10,18.24,62.29999999999996,115.57000000000002,216.34,31.53,1,Kozhikode,Kerala
2024-07-11,6.01,36.77999999999996,114.80000000000001,208.54999999999998,18.24,1,Kozhikode,Kerala
2024-07-12,21.79,46.03999999999996,127.98000000000002,222.94,21.79,1,Kozhikode,Kerala
2024-07-13,25.2,52.99999999999996,132.58,237.6,25.2,1,Kozhikode,Kerala
2024-07-14,46.95,93.93999999999997,162.25,265.07,46.95,1,Kozhikode,Kerala
2024-07-15,63.35,135.49999999999997,194.07000000000002,313.03000000000003,63.35,1,Kozhikode,Kerala
2024-07-16,45.29,155.58999999999997,226.83,340.08,63.35,1,Kozhikode,Kerala
2024-07-17,43.94,152.57999999999996,252.53,380.45,63.35,1,Kozhikode,Kerala
2024-07-18,31.96,121.18999999999997,278.48,400.06,45.29,1,Kozhikode,Kerala
2024-07-19,24.71,100.60999999999996,281.4,417.99,43.94,1,Kozhikode,Kerala
2024-07-20,11.93,68.59999999999997,268.13,421.31,31.96,1,Kozhikode,Kerala
2024-07-21,6.02,42.65999999999997,227.20000000000002,406.72999999999996,24.71,1,Kozhikode,Kerala
2024-07-22,8.26,26.209999999999965,172.11,397.71,11.93,1,Kozhikode,Kerala
2024-07-23,9.32,23.599999999999966,136.14000000000001,375.49999999999994,9.32,1,Kozhikode,Kerala
2024-07-24,15.75,33.32999999999996,107.95000000000002,378.71999999999997,15.75,1,Kozhikode,Kerala
2024-07-25,29.62,54.68999999999997,105.61000000000001,390.09999999999997,29.62,1,Kozhikode,Kerala
2024-07-26,20.88,66.24999999999997,101.78000000000002,404.96999999999997,29.62,1,Kozhikode,Kerala
2024-07-27,11.66,62.15999999999997,101.51000000000002,394.84,29.62,1,Kozhikode,Kerala
2024-07-28,17.02,49.55999999999996,112.51,386.65999999999997,20.88,1,Kozhikode,Kerala
2024-07-29,70.54,99.21999999999997,174.79000000000002,410.25,70.54,1,Kozhikode,Kerala
2024-07-30,63.31,150.86999999999998,228.78000000000003,410.21,70.54,1,Kozhikode,Kerala
2024-07-31,35.92,169.76999999999998,248.95000000000005,400.84000000000003,70.54,1,Kozhikode,Kerala
2024-08-01,20.91,120.13999999999997,240.24000000000004,377.81,63.31,1,Kozhikode,Kerala
2024-08-02,14.43,71.25999999999998,233.79000000000002,360.28,35.92,1,Kozhikode,Kerala
2024-08-03,16.33,51.66999999999997,238.46,351.9,20.91,1,Kozhikode,Kerala
2024-08-04,14.21,44.96999999999997,235.65000000000003,354.18,16.33,1,Kozhikode,Kerala
2024-08-05,8.64,39.17999999999997,173.75,356.8,16.33,1,Kozhikode,Kerala
2024-08-06,13.17,36.019999999999975,123.61000000000001,361.71000000000004,14.21,1,Kozhikode,Kerala
2024-08-07,5.15,26.959999999999972,92.84000000000002,357.54,13.17,1,Kozhikode,Kerala
2024-08-08,2.96,21.279999999999973,74.89000000000001,344.75000000000006,13.17,1,Kozhikode,Kerala
2024-08-09,2.69,10.799999999999972,63.15000000000001,317.82000000000005,5.15,1,Kozhikode,Kerala
2024-08-10,7.77,13.419999999999972,54.59000000000002,304.71000000000004,7.77,1,Kozhikode,Kerala
2024-08-11,7.38,17.83999999999997,47.76000000000001,300.43,7.77,1,Kozhikode,Kerala
2024-08-12,7.05,22.19999999999997,46.170000000000016,290.46000000000004,7.77,1,Kozhikode,Kerala
2024-08-13,16.95,31.37999999999997,49.95000000000002,236.87,16.95,1,Kozhikode,Kerala
2024-08-14,7.0,30.99999999999997,51.80000000000001,180.56,16.95,1,Kozhikode,Kerala
2024-08-15,9.56,33.50999999999997,58.40000000000002,154.2,16.95,1,Kozhikode,Kerala
2024-08-16,15.76,32.31999999999997,71.47000000000001,149.04999999999998,15.76,1,Kozhikode,Kerala
2024-08-17,1.15,26.46999999999997,64.85000000000002,135.77,15.76,1,Kozhikode,Kerala
2024-08-18,3.55,20.45999999999997,61.02000000000002,122.99,15.76,1,Kozhikode,Kerala
2024-08-19,6.06,10.759999999999971,60.030000000000015,114.84,6.06,1,Kozhikode,Kerala
2024-08-20,14.67,24.279999999999973,57.750000000000014,120.87,14.67,1,Kozhikode,Kerala
2024-08-21,14.5,35.22999999999997,65.25000000000001,122.2,14.67,1,Kozhikode,Kerala
2024-08-22,3.92,33.089999999999975,59.610000000000014,120.97,14.67,1,Kozhikode,Kerala
2024-08-23,0.99,19.409999999999968,44.84000000000001,119.0,14.5,1,Kozhikode,Kerala
2024-08-24,7.11,12.019999999999971,50.80000000000002,123.42,7.11,1,Kozhikode,Kerala
2024-08-25,6.79,14.889999999999972,54.04000000000001,122.44,7.11,1,Kozhikode,Kerala
2024-08-26,7.92,21.819999999999972,55.90000000000002,122.98,7.92,1,Kozhikode,Kerala
2024-08-27,6.58,21.28999999999997,47.81000000000002,122.51,7.92,1,Kozhikode,Kerala
2024-08-28,9.7,24.19999999999997,43.01000000000001,115.26,9.7,1,Kozhikode,Kerala
2024-08-29,15.69,31.96999999999997,54.780000000000015,123.95,15.69,1,Kozhikode,Kerala
2024-08-30,16.45,41.839999999999975,70.24000000000001,130.84,16.45,1,Kozhikode,Kerala
2024-08-31,18.59,50.72999999999997,81.72000000000001,133.67000000000002,18.59,1,Kozhikode,Kerala
2024-09-01,12.59,47.62999999999997,87.52000000000001,145.11,18.59,1,Kozhikode,Kerala
2024-09-02,12.0,43.17999999999998,91.60000000000002,153.56,18.59,1,Kozhikode,Kerala
2024-09-03,8.19,32.77999999999997,93.21000000000002,155.69,12.59,1,Kozhikode,Kerala
2024-09-04,5.66,25.849999999999973,89.17000000000002,146.68,12.0,1,Kozhikode,Kerala
2024-09-05,5.49,19.339999999999975,78.97000000000001,137.67,8.19,1,Kozhikode,Kerala
2024-09-06,4.57,15.719999999999976,67.09000000000002,138.32000000000002,5.66,1,Kozhikode,Kerala
2024-09-07,3.54,13.599999999999977,52.04000000000001,140.87,5.49,1,Kozhikode,Kerala
2024-09-08,10.2,18.309999999999974,49.65000000000001,143.95999999999998,10.2,1,Kozhikode,Kerala
2024-09-09,10.26,23.999999999999975,47.91000000000001,147.43,10.26,1,Kozhikode,Kerala
2024-09-10,8.66,29.119999999999976,48.38000000000002,148.17000000000002,10.26,1,Kozhikode,Kerala
2024-09-11,7.77,26.689999999999976,50.49000000000001,149.35999999999999,10.26,1,Kozhikode,Kerala
2024-09-12,4.87,21.29999999999998,49.87000000000002,144.53,8.66,1,Kozhikode,Kerala
2024-09-13,0.7,13.339999999999977,46.00000000000001,129.54000000000002,7.77,1,Kozhikode,Kerala
2024-09-14,1.84,7.409999999999977,44.30000000000001,114.92999999999999,4.87,1,Kozhikode,Kerala
2024-09-15,1.07,3.6099999999999772,35.170000000000016,97.41,1.84,1,Kozhikode,Kerala
2024-09-16,0.64,3.5499999999999767,25.550000000000015,85.46,1.84,1,Kozhikode,Kerala
2024-09-17,0.83,2.539999999999977,17.720000000000017,74.28999999999999,1.07,1,Kozhikode,Kerala
2024-09-18,0.43,1.8999999999999768,10.380000000000015,66.53,0.83,1,Kozhikode,Kerala
2024-09-19,0.64,1.8999999999999768,6.150000000000015,61.51,0.83,1,Kozhikode,Kerala
2024-09-20,0.67,1.7399999999999771,6.120000000000014,56.69,0.67,1,Kozhikode,Kerala
2024-09-21,0.91,2.219999999999977,5.190000000000015,53.03,0.91,1,Kozhikode,Kerala
2024-09-22,2.65,4.229999999999977,6.770000000000014,52.13999999999999,2.65,1,Kozhikode,Kerala
2024-09-23,6.37,9.929999999999977,12.500000000000014,48.31,6.37,1,Kozhikode,Kerala
2024-09-24,7.96,16.979999999999976,19.630000000000013,46.010000000000005,7.96,1,Kozhikode,Kerala
2024-09-25,2.4,16.729999999999976,21.600000000000016,39.75,7.96,1,Kozhikode,Kerala
2024-09-26,2.75,13.109999999999976,23.710000000000015,34.730000000000004,7.96,1,Kozhikode,Kerala
2024-09-27,3.35,8.499999999999977,26.390000000000015,33.21,3.35,1,Kozhikode,Kerala
2024-09-28,2.7,8.799999999999976,28.180000000000014,35.21,3.35,1,Kozhikode,Kerala
2024-09-29,10.32,16.369999999999976,35.850000000000016,43.69,10.32,1,Kozhikode,Kerala
2024-09-30,6.29,19.309999999999977,35.77000000000002,48.910000000000004,10.32,1,Kozhikode,Kerala
2024-10-01,4.03,20.63999999999998,31.840000000000018,52.3,10.32,0,Kozhikode,Kerala
2024-10-02,3.49,13.809999999999977,32.930000000000014,54.96,6.29,0,Kozhikode,Kerala
2024-10-03,1.94,9.459999999999978,32.12000000000001,56.470000000000006,4.03,0,Kozhikode,Kerala
2024-10-04,3.94,9.369999999999976,32.710000000000015,59.77,3.94,0,Kozhikode,Kerala
2024-10-05,5.51,11.389999999999976,35.52000000000001,64.61,5.51,0,Kozhikode,Kerala
2024-10-06,14.31,23.759999999999977,39.51000000000001,78.00999999999999,14.31,0,Kozhikode,Kerala
2024-10-07,14.6,34.41999999999997,47.820000000000014,89.96000000000001,14.6,0,Kozhikode,Kerala
2024-10-08,8.23,37.13999999999998,52.02000000000001,91.82000000000001,14.6,0,Kozhikode,Kerala
2024-10-09,14.13,36.95999999999998,62.66000000000002,97.99000000000001,14.6,0,Kozhikode,Kerala
2024-10-10,5.37,27.729999999999976,66.09000000000002,100.96000000000001,14.13,0,Kozhikode,Kerala
2024-10-11,12.93,32.42999999999998,75.08000000000001,111.14,14.13,0,Kozhikode,Kerala
2024-10-12,6.32,24.619999999999976,75.89000000000001,114.11,12.93,0,Kozhikode,Kerala
2024-10-13,20.72,39.96999999999997,82.30000000000001,132.13,20.72,0,Kozhikode,Kerala
2024-10-14,6.83,33.869999999999976,74.53000000000002,128.64,20.72,0,Kozhikode,Kerala
2024-10-15,27.8,55.34999999999997,94.10000000000002,150.15,27.8,0,Kozhikode,Kerala
2024-10-16,13.9,48.52999999999997,93.87000000000002,160.02,27.8,0,Kozhikode,Kerala
2024-10-17,2.81,44.50999999999998,91.31000000000002,159.34,27.8,0,Kozhikode,Kerala
2024-10-18,3.87,20.579999999999973,82.25000000000001,161.27,13.9,0,Kozhikode,Kerala
2024-10-19,6.24,12.919999999999972,82.17000000000002,163.57,6.24,0,Kozhikode,Kerala
2024-10-20,3.05,13.159999999999972,64.50000000000001,161.11,6.24,0,Kozhikode,Kerala
2024-10-21,4.35,13.639999999999972,62.02000000000001,151.15,6.24,0,Kozhikode,Kerala
2024-10-22,3.43,10.829999999999972,37.65000000000001,139.98000000000002,4.35,0,Kozhikode,Kerala
2024-10-23,5.04,12.819999999999972,28.790000000000013,136.79,5.04,0,Kozhikode,Kerala
2024-10-24,9.78,18.24999999999997,35.76000000000001,132.44,9.78,0,Kozhikode,Kerala
2024-10-25,1.27,16.08999999999997,33.16000000000001,128.34,9.78,0,Kozhikode,Kerala
2024-10-26,0.72,11.76999999999997,27.64000000000001,116.13,9.78,0,Kozhikode,Kerala
2024-10-27,0.18,2.1699999999999697,24.770000000000014,109.99,1.27,0,Kozhikode,Kerala
2024-10-28,2.42,3.3199999999999696,22.840000000000014,91.69,2.42,0,Kozhikode,Kerala
2024-10-29,0.61,3.2099999999999693,20.020000000000014,85.47,2.42,0,Kozhikode,Kerala
2024-10-30,0.24,3.26999999999997,15.220000000000013,57.91,2.42,0,Kozhikode,Kerala
2024-10-31,2.62,3.46999999999997,8.060000000000015,46.63,2.62,0,Kozhikode,Kerala
2024-11-01,7.79,10.64999999999997,14.580000000000014,51.61,7.79,0,Kozhikode,Kerala
2024-11-02,8.41,18.819999999999972,22.270000000000014,56.15,8.41,0,Kozhikode,Kerala
2024-11-03,10.92,27.11999999999997,33.01000000000001,60.83,10.92,0,Kozhikode,Kerala
2024-11-04,19.16,38.48999999999997,49.750000000000014,76.94,19.16,0,Kozhikode,Kerala
2024-11-05,2.68,32.75999999999997,51.820000000000014,75.27,19.16,0,Kozhikode,Kerala
2024-11-06,0.67,22.50999999999997,52.250000000000014,72.51,19.16,0,Kozhikode,Kerala
2024-11-07,1.07,4.4199999999999715,50.70000000000002,68.53999999999999,2.68,0,Kozhikode,Kerala
2024-11-08,3.6,5.339999999999971,46.51000000000002,62.36,3.6,0,Kozhikode,Kerala
2024-11-09,0.5,5.1699999999999715,38.60000000000002,61.589999999999996,3.6,0,Kozhikode,Kerala
2024-11-10,0.14,4.239999999999972,27.820000000000018,61.01,3.6,0,Kozhikode,Kerala
2024-11-11,0.22,0.8599999999999716,8.880000000000015,61.05,0.5,0,Kozhikode,Kerala
2024-11-12,0.47,0.8299999999999715,6.670000000000015,59.099999999999994,0.47,0,Kozhikode,Kerala
2024-11-13,1.75,2.4399999999999715,7.750000000000014,60.239999999999995,1.75,0,Kozhikode,Kerala
2024-11-14,9.43,11.64999999999997,16.110000000000014,69.43,9.43,0,Kozhikode,Kerala
2024-11-15,13.56,24.739999999999974,26.070000000000014,80.37,13.56,0,Kozhikode,Kerala
2024-11-16,7.87,30.85999999999997,33.44000000000001,80.45,13.56,0,Kozhikode,Kerala
2024-11-17,3.72,25.149999999999974,37.02000000000002,75.75999999999999,13.56,0,Kozhikode,Kerala
2024-11-18,0.65,12.239999999999972,37.45000000000002,65.49000000000001,7.87,0,Kozhikode,Kerala
2024-11-19,0.53,4.899999999999972,37.51000000000002,46.86,3.72,0,Kozhikode,Kerala
2024-11-20,0.28,1.4599999999999715,36.04000000000001,44.46,0.65,0,Kozhikode,Kerala
2024-11-21,0.05,0.8599999999999717,26.660000000000018,43.84,0.53,0,Kozhikode,Kerala
2024-11-22,0.06,0.3899999999999716,13.160000000000014,42.830000000000005,0.28,0,Kozhikode,Kerala
2024-11-23,0.24,0.34999999999997156,5.5300000000000145,39.47,0.24,0,Kozhikode,Kerala
2024-11-24,0.21,0.5099999999999716,2.0200000000000142,39.18,0.24,0,Kozhikode,Kerala
2024-11-25,0.01,0.45999999999997154,1.3800000000000143,39.050000000000004,0.24,0,Kozhikode,Kerala
2024-11-26,0.69,0.9099999999999715,1.5400000000000142,39.52,0.69,0,Kozhikode,Kerala
2024-11-27,2.3,2.9999999999999716,3.560000000000014,41.35,2.3,0,Kozhikode,Kerala
2024-11-28,0.12,3.1099999999999715,3.630000000000014,39.720000000000006,2.3,0,Kozhikode,Kerala
2024-11-29,1.05,3.4699999999999713,4.620000000000013,31.34,2.3,0,Kozhikode,Kerala
2024-11-30,0.89,2.0599999999999716,5.270000000000014,18.67,1.05,0,Kozhikode,Kerala
2024-12-01,14.59,16.529999999999973,19.650000000000013,25.39,14.59,0,Kozhikode,Kerala
2024-12-02,42.9,58.37999999999997,62.540000000000006,64.57,42.9,0,Kozhikode,Kerala
2024-12-03,35.05,92.53999999999996,96.9,98.97,42.9,0,Kozhikode,Kerala
2024-12-04,0.59,78.53999999999996,95.19000000000001,99.03,42.9,0,Kozhikode,Kerala
2024-12-05,2.32,37.95999999999997,97.39000000000001,101.07,35.05,0,Kozhikode,Kerala
2024-12-06,0.77,3.6799999999999784,97.11000000000001,101.78999999999999,2.32,0,Kozhikode,Kerala
2024-12-07,0.76,3.8499999999999783,96.98000000000002,102.49,2.32,0,Kozhikode,Kerala
2024-12-08,0.9,2.429999999999979,83.29,103.15,0.9,0,Kozhikode,Kerala
2024-12-09,0.41,2.0699999999999785,40.80000000000002,103.35,0.9,0,Kozhikode,Kerala
2024-12-10,0.45,1.7599999999999787,6.200000000000021,103.79,0.9,0,Kozhikode,Kerala
2024-12-11,0.24,1.0999999999999788,5.850000000000021,103.34,0.45,0,Kozhikode,Kerala
2024-12-12,1.61,2.2999999999999785,5.140000000000022,102.64999999999999,1.61,0,Kozhikode,Kerala
2024-12-13,10.98,12.829999999999979,15.350000000000023,113.51,10.98,0,Kozhikode,Kerala
2024-12-14,1.34,13.929999999999978,15.930000000000023,113.8,10.98,0,Kozhikode,Kerala
2024-12-15,0.05,12.36999999999998,15.080000000000023,112.96,10.98,0,Kozhikode,Kerala
2024-12-16,0.0,1.3899999999999788,14.670000000000023,98.37,1.34,0,Kozhikode,Kerala
2024-12-17,0.0,0.049999999999978686,14.220000000000024,55.47,0.05,0,Kozhikode,Kerala
2024-12-18,0.0,0.0,13.980000000000024,20.42,0.0,0,Kozhikode,Kerala
2024-12-19,0.03,0.029999999999978683,12.400000000000022,19.860000000000003,0.03,0,Kozhikode,Kerala
2024-12-20,0.05,0.07999999999997869,1.4700000000000215,17.59,0.05,0,Kozhikode,Kerala
2024-12-21,0.2,0.2799999999999787,0.33000000000002133,17.020000000000003,0.2,0,Kozhikode,Kerala
2024-12-22,0.05,0.29999999999997873,0.33000000000002133,16.31,0.2,0,Kozhikode,Kerala
2024-12-23,0.31,0.5599999999999787,0.6400000000000213,15.72,0.31,0,Kozhikode,Kerala
2024-12-24,0.2,0.5599999999999787,0.8400000000000214,15.510000000000002,0.31,0,Kozhikode,Kerala
2024-12-25,0.04,0.5499999999999787,0.8800000000000213,15.100000000000001,0.31,0,Kozhikode,Kerala
2024-12-26,1.8,2.0399999999999787,2.6500000000000212,16.66,1.8,0,Kozhikode,Kerala
2024-12-27,3.81,5.649999999999979,6.4100000000000215,18.860000000000003,3.81,0,Kozhikode,Kerala
2024-12-28,0.19,5.799999999999979,6.400000000000022,8.070000000000002,3.81,0,Kozhikode,Kerala
2024-12-29,0.01,4.009999999999979,6.360000000000022,6.740000000000002,3.81,0,Kozhikode,Kerala
2024-12-30,0.18,0.3799999999999787,6.230000000000022,6.870000000000002,0.19,0,Kozhikode,Kerala
2024-12-31,0.05,0.23999999999997867,6.080000000000022,6.920000000000002,0.18,0,Kozhikode,Kerala
