,rain_1d,rain_3d,rain_7d,rain_15d,rain_max3d,is_monsoon,district,state
2015-01-01,1.19,1.19,1.19,1.19,1.19,0,Nilgiris,Tamil Nadu
2015-01-02,0.01,1.2,1.2,1.2,1.19,0,Nilgiris,Tamil Nadu
2015-01-03,0.0,1.2,1.2,1.2,1.19,0,Nilgiris,Tamil Nadu
2015-01-04,0.0,0.01,1.2,1.2,0.01,0,Nilgiris,Tamil Nadu
2015-01-05,0.0,0.0,1.2,1.2,0.0,0,Nilgiris,Tamil Nadu
2015-01-06,0.0,0.0,1.2,1.2,0.0,0,Nilgiris,Tamil Nadu
2015-01-07,0.0,0.0,1.2,1.2,0.0,0,Nilgiris,Tamil Nadu
2015-01-08,0.0,0.0,0.01,1.2,0.0,0,Nilgiris,Tamil Nadu
2015-01-09,0.0,0.0,0.0,1.2,0.0,0,Nilgiris,Tamil Nadu
2015-01-10,0.0,0.0,0.0,1.2,0.0,0,Nilgiris,Tamil Nadu
2015-01-11,0.0,0.0,0.0,1.2,0.0,0,Nilgiris,Tamil Nadu
2015-01-12,0.0,0.0,0.0,1.2,0.0,0,Nilgiris,Tamil Nadu
2015-01-13,0.0,0.0,0.0,1.2,0.0,0,Nilgiris,Tamil Nadu
2015-01-14,0.0,0.0,0.0,1.2,0.0,0,Nilgiris,Tamil Nadu
2015-01-15,0.0,0.0,0.0,1.2,0.0,0,Nilgiris,Tamil Nadu
2015-01-16,0.0,0.0,0.0,0.01,0.0,0,Nilgiris,Tamil Nadu
2015-01-17,0.0,0.0,0.0,0.0,0.0,0,Nilgiris,Tamil Nadu
2015-01-18,0.0,0.0,0.0,0.0,0.0,0,Nilgiris,Tamil Nadu
2015-01-19,0.0,0.0,0.0,0.0,0.0,0,Nilgiris,Tamil Nadu
2015-01-20,0.0,0.0,0.0,0.0,0.0,0,Nilgiris,Tamil Nadu
2015-01-21,0.0,0.0,0.0,0.0,0.0,0,Nilgiris,Tamil Nadu
2015-01-22,0.01,0.01,0.01,0.01,0.01,0,Nilgiris,Tamil Nadu
2015-01-23,0.02,0.03,0.03,0.03,0.02,0,Nilgiris,Tamil Nadu
2015-01-24,0.05,0.08,0.08,0.08,0.05,0,Nilgiris,Tamil Nadu
2015-01-25,0.0,0.07,0.08,0.08,0.05,0,Nilgiris,Tamil Nadu
2015-01-26,0.0,0.05,0.08,0.08,0.05,0,Nilgiris,Tamil Nadu
2015-01-27,0.0,0.0,0.08,0.08,0.0,0,Nilgiris,Tamil Nadu
2015-01-28,0.0,0.0,0.08,0.08,0.0,0,Nilgiris,Tamil Nadu
2015-01-29,0.0,0.0,0.07,0.08,0.0,0,Nilgiris,Tamil Nadu
2015-01-30,0.0,0.0,0.05,0.08,0.0,0,Nilgiris,Tamil Nadu
2015-01-31,0.0,0.0,0.0,0.08,0.0,0,Nilgiris,Tamil Nadu
2015-02-01,0.0,0.0,0.0,0.08,0.0,0,Nilgiris,Tamil Nadu
2015-02-02,0.0,0.0,0.0,0.08,0.0,0,Nilgiris,Tamil Nadu
2015-02-03,0.0,0.0,0.0,0.08,0.0,0,Nilgiris,Tamil Nadu
2015-02-04,0.0,0.0,0.0,0.08,0.0,0,Nilgiris,Tamil Nadu
2015-02-05,0.0,0.0,0.0,0.08,0.0,0,Nilgiris,Tamil Nadu
2015-02-06,0.0,0.0,0.0,0.07,0.0,0,Nilgiris,Tamil Nadu
2015-02-07,0.01,0.01,0.01,0.060000000000000005,0.01,0,Nilgiris,Tamil Nadu
2015-02-08,0.0,0.01,0.01,0.01,0.01,0,Nilgiris,Tamil Nadu
2015-02-09,0.0,0.01,0.01,0.01,0.01,0,Nilgiris,Tamil Nadu
2015-02-10,0.0,0.0,0.01,0.01,0.0,0,Nilgiris,Tamil Nadu
2015-02-11,0.0,0.0,0.01,0.01,0.0,0,Nilgiris,Tamil Nadu
2015-02-12,0.01,0.01,0.02,0.02,0.01,0,Nilgiris,Tamil Nadu
2015-02-13,0.04,0.05,0.06,0.06,0.04,0,Nilgiris,Tamil Nadu
2015-02-14,0.01,0.060000000000000005,0.060000000000000005,0.07,0.04,0,Nilgiris,Tamil Nadu
2015-02-15,0.0,0.05,0.060000000000000005,0.07,0.04,0,Nilgiris,Tamil Nadu
2015-02-16,0.0,0.01,0.060000000000000005,0.07,0.01,0,Nilgiris,Tamil Nadu
2015-02-17,0.0,0.0,0.060000000000000005,0.07,0.0,0,Nilgiris,Tamil Nadu
2015-02-18,0.0,0.0,0.060000000000000005,0.07,0.0,0,Nilgiris,Tamil Nadu
2015-02-19,0.0,0.0,0.05,0.07,0.0,0,Nilgiris,Tamil Nadu
2015-02-20,0.0,0.0,0.010000000000000007,0.07,0.0,0,Nilgiris,Tamil Nadu
2015-02-21,0.0,0.0,0.0,0.07,0.0,0,Nilgiris,Tamil Nadu
2015-02-22,0.0,0.0,0.0,0.060000000000000005,0.0,0,Nilgiris,Tamil Nadu
2015-02-23,0.0,0.0,0.0,0.060000000000000005,0.0,0,Nilgiris,Tamil Nadu
2015-02-24,0.0,0.0,0.0,0.060000000000000005,0.0,0,Nilgiris,Tamil Nadu
2015-02-25,0.0,0.0,0.0,0.060000000000000005,0.0,0,Nilgiris,Tamil Nadu
2015-02-26,0.0,0.0,0.0,0.060000000000000005,0.0,0,Nilgiris,Tamil Nadu
2015-02-27,0.0,0.0,0.0,0.05,0.0,0,Nilgiris,Tamil Nadu
2015-02-28,0.32,0.32,0.32,0.33,0.32,0,Nilgiris,Tamil Nadu
2015-03-01,0.25,0.5700000000000001,0.5700000000000001,0.5700000000000001,0.32,0,Nilgiris,Tamil Nadu
2015-03-02,0.79,1.36,1.36,1.36,0.79,0,Nilgiris,Tamil Nadu
2015-03-03,2.76,3.8,4.12,4.12,2.76,0,Nilgiris,Tamil Nadu
2015-03-04,1.44,4.99,5.5600000000000005,5.5600000000000005,2.76,0,Nilgiris,Tamil Nadu
2015-03-05,0.0,4.199999999999999,5.5600000000000005,5.5600000000000005,2.76,0,Nilgiris,Tamil Nadu
2015-03-06,7.39,8.83,12.95,12.95,7.39,0,Nilgiris,Tamil Nadu
2015-03-07,3.32,10.71,15.95,16.27,7.39,0,Nilgiris,Tamil Nadu
2015-03-08,0.55,11.26,16.25,16.82,7.39,0,Nilgiris,Tamil Nadu
2015-03-09,0.15,4.02,15.61,16.97,3.32,0,Nilgiris,Tamil Nadu
2015-03-10,0.11,0.81,12.959999999999997,17.08,0.55,0,Nilgiris,Tamil Nadu
2015-03-11,0.0,0.26,11.519999999999998,17.08,0.15,0,Nilgiris,Tamil Nadu
2015-03-12,0.0,0.11,11.519999999999998,17.08,0.11,0,Nilgiris,Tamil Nadu
2015-03-13,0.0,0.0,4.13,17.08,0.0,0,Nilgiris,Tamil Nadu
2015-03-14,0.13,0.13,0.9400000000000001,17.21,0.13,0,Nilgiris,Tamil Nadu
2015-03-15,4.59,4.72,4.9799999999999995,21.479999999999997,4.59,0,Nilgiris,Tamil Nadu
2015-03-16,8.0,12.719999999999999,12.829999999999998,29.229999999999997,8.0,0,Nilgiris,Tamil Nadu
2015-03-17,0.08,12.669999999999998,12.799999999999999,28.52,8.0,0,Nilgiris,Tamil Nadu
2015-03-18,0.0,8.079999999999998,12.799999999999999,25.759999999999998,8.0,0,Nilgiris,Tamil Nadu
2015-03-19,0.0,0.08,12.799999999999999,24.32,0.08,0,Nilgiris,Tamil Nadu
2015-03-20,0.0,0.0,12.799999999999999,24.32,0.0,0,Nilgiris,Tamil Nadu
2015-03-21,0.0,0.0,12.669999999999998,16.93,0.0,0,Nilgiris,Tamil Nadu
2015-03-22,0.0,0.0,8.079999999999998,13.61,0.0,0,Nilgiris,Tamil Nadu
2015-03-23,0.0,0.0,0.08,13.06,0.0,0,Nilgiris,Tamil Nadu
2015-03-24,0.0,0.0,0.0,12.91,0.0,0,Nilgiris,Tamil Nadu
2015-03-25,0.0,0.0,0.0,12.8,0.0,0,Nilgiris,Tamil Nadu
2015-03-26,0.0,0.0,0.0,12.8,0.0,0,Nilgiris,Tamil Nadu
2015-03-27,0.0,0.0,0.0,12.8,0.0,0,Nilgiris,Tamil Nadu
2015-03-28,0.0,0.0,0.0,12.8,0.0,0,Nilgiris,Tamil Nadu
2015-03-29,0.01,0.01,0.01,12.68,0.01,0,Nilgiris,Tamil Nadu
2015-03-30,0.02,0.03,0.03,8.11,0.02,0,Nilgiris,Tamil Nadu
2015-03-31,0.46,0.49,0.49,0.5700000000000001,0.46,0,Nilgiris,Tamil Nadu
2015-04-01,1.46,1.94,1.95,1.95,1.46,0,Nilgiris,Tamil Nadu
2015-04-02,0.3,2.2199999999999998,2.25,2.25,1.46,0,Nilgiris,Tamil Nadu
2015-04-03,2.66,4.42,4.91,4.91,2.66,0,Nilgiris,Tamil Nadu
2015-04-04,0.44,3.4,5.3500000000000005,5.3500000000000005,2.66,0,Nilgiris,Tamil Nadu
2015-04-05,0.0,3.1,5.340000000000001,5.3500000000000005,2.66,0,Nilgiris,Tamil Nadu
2015-04-06,0.1,0.54,5.42,5.45,0.44,0,Nilgiris,Tamil Nadu
2015-04-07,0.47,0.5700000000000001,5.43,5.92,0.47,0,Nilgiris,Tamil Nadu
2015-04-08,0.17,0.74,4.14,6.09,0.47,0,Nilgiris,Tamil Nadu
2015-04-09,1.02,1.6600000000000001,4.86,7.11,1.02,0,Nilgiris,Tamil Nadu
2015-04-10,3.66,4.8500000000000005,5.86,10.77,3.66,0,Nilgiris,Tamil Nadu
2015-04-11,0.95,5.630000000000001,6.37,11.72,3.66,0,Nilgiris,Tamil Nadu
2015-04-12,4.36,8.970000000000002,10.73,16.080000000000002,4.36,0,Nilgiris,Tamil Nadu
2015-04-13,6.46,11.770000000000001,17.09,22.53,6.46,0,Nilgiris,Tamil Nadu
2015-04-14,5.38,16.2,22.0,27.89,6.46,0,Nilgiris,Tamil Nadu
2015-04-15,12.45,24.29,34.28,39.88,12.45,0,Nilgiris,Tamil Nadu
2015-04-16,7.57,25.4,40.830000000000005,45.99,12.45,0,Nilgiris,Tamil Nadu
2015-04-17,3.86,23.88,41.03,49.550000000000004,12.45,0,Nilgiris,Tamil Nadu
2015-04-18,0.81,12.24,40.89,47.7,7.57,0,Nilgiris,Tamil Nadu
2015-04-19,0.53,5.2,37.059999999999995,47.790000000000006,3.86,0,Nilgiris,Tamil Nadu
2015-04-20,0.43,1.77,31.03,48.220000000000006,0.81,0,Nilgiris,Tamil Nadu
2015-04-21,4.49,5.45,30.139999999999997,52.61,4.49,0,Nilgiris,Tamil Nadu
2015-04-22,5.02,9.94,22.709999999999997,57.160000000000004,5.02,0,Nilgiris,Tamil Nadu
2015-04-23,6.56,16.07,21.7,63.55,6.56,0,Nilgiris,Tamil Nadu
2015-04-24,9.32,20.9,27.16,71.85,9.32,0,Nilgiris,Tamil Nadu
2015-04-25,15.25,31.130000000000003,41.6,83.44,15.25,0,Nilgiris,Tamil Nadu
2015-04-26,3.56,28.130000000000003,44.63,86.05,15.25,0,Nilgiris,Tamil Nadu
2015-04-27,0.16,18.970000000000002,44.36,81.85,15.25,0,Nilgiris,Tamil Nadu
2015-04-28,0.01,3.7300000000000018,39.879999999999995,75.4,3.56,0,Nilgiris,Tamil Nadu
2015-04-29,0.3,0.47000000000000175,35.160000000000004,70.32,0.3,0,Nilgiris,Tamil Nadu
2015-04-30,1.07,1.3800000000000017,29.67,58.94,1.07,0,Nilgiris,Tamil Nadu
2015-05-01,5.69,7.060000000000002,26.04,57.06,5.69,0,Nilgiris,Tamil Nadu
2015-05-02,3.04,9.800000000000002,13.830000000000002,56.24,5.69,0,Nilgiris,Tamil Nadu
2015-05-03,0.64,9.370000000000003,10.91,56.07,5.69,0,Nilgiris,Tamil Nadu
2015-05-04,2.46,6.140000000000002,13.21,58.0,3.04,0,Nilgiris,Tamil Nadu
2015-05-05,0.28,3.3800000000000017,13.48,57.85,2.46,0,Nilgiris,Tamil Nadu
2015-05-06,0.64,3.3800000000000017,13.820000000000002,54.0,2.46,0,Nilgiris,Tamil Nadu
2015-05-07,10.41,11.330000000000002,23.160000000000004,59.39,10.41,0,Nilgiris,Tamil Nadu
2015-05-08,4.87,15.920000000000002,22.34,57.699999999999996,10.41,0,Nilgiris,Tamil Nadu
2015-05-09,1.48,16.76,20.78,49.86,10.41,0,Nilgiris,Tamil Nadu
2015-05-10,2.19,8.540000000000003,22.330000000000002,36.8,4.87,0,Nilgiris,Tamil Nadu
2015-05-11,3.86,7.530000000000001,23.73,37.1,3.86,0,Nilgiris,Tamil Nadu
2015-05-12,8.79,14.84,32.239999999999995,45.73,8.79,0,Nilgiris,Tamil Nadu
2015-05-13,13.82,26.47,45.42,59.54,13.82,0,Nilgiris,Tamil Nadu
2015-05-14,3.17,25.78,38.18,62.410000000000004,13.82,0,Nilgiris,Tamil Nadu
2015-05-15,21.48,38.47,54.79,82.82000000000001,21.48,0,Nilgiris,Tamil Nadu
2015-05-16,14.8,39.45,68.11,91.93,21.48,0,Nilgiris,Tamil Nadu
2015-05-17,10.78,47.06,76.7,99.67,21.48,0,Nilgiris,Tamil Nadu
2015-05-18,1.0,26.580000000000005,73.84,100.03,14.8,0,Nilgiris,Tamil Nadu
2015-05-19,1.65,13.430000000000003,66.7,99.22,10.78,0,Nilgiris,Tamil Nadu
2015-05-20,0.15,2.8000000000000034,53.03,99.09,1.65,0,Nilgiris,Tamil Nadu
2015-05-21,0.0,1.8000000000000034,49.86,98.45,1.65,0,Nilgiris,Tamil Nadu
2015-05-22,0.06,0.21000000000000354,28.44,88.1,0.15,0,Nilgiris,Tamil Nadu
2015-05-23,0.74,0.8000000000000036,14.379999999999999,83.97,0.74,0,Nilgiris,Tamil Nadu
2015-05-24,2.42,3.2200000000000033,6.02,84.91,2.42,0,Nilgiris,Tamil Nadu
2015-05-25,0.23,3.3900000000000032,5.25,82.95,2.42,0,Nilgiris,Tamil Nadu
2015-05-26,0.0,2.650000000000003,3.5999999999999996,79.09,2.42,0,Nilgiris,Tamil Nadu
2015-05-27,8.02,8.250000000000004,11.469999999999999,78.32,8.02,0,Nilgiris,Tamil Nadu
2015-05-28,2.71,10.730000000000004,14.18,67.21000000000001,8.02,0,Nilgiris,Tamil Nadu
2015-05-29,3.54,14.270000000000003,17.659999999999997,67.58,8.02,0,Nilgiris,Tamil Nadu
2015-05-30,1.15,7.400000000000004,18.07,47.24999999999999,3.54,0,Nilgiris,Tamil Nadu
2015-05-31,7.68,12.370000000000005,23.33,40.129999999999995,7.68,0,Nilgiris,Tamil Nadu
2015-06-01,2.69,11.520000000000005,25.79,32.04,7.68,1,Nilgiris,Tamil Nadu
2015-06-02,0.83,11.200000000000005,26.619999999999997,31.869999999999997,7.68,1,Nilgiris,Tamil Nadu
2015-06-03,4.76,8.280000000000005,23.36,34.98,4.76,1,Nilgiris,Tamil Nadu
2015-06-04,12.34,17.930000000000007,32.99,47.17,12.34,1,Nilgiris,Tamil Nadu
2015-06-05,5.44,22.540000000000003,34.89,52.61,12.34,1,Nilgiris,Tamil Nadu
2015-06-06,0.19,17.970000000000006,33.93,52.739999999999995,12.34,1,Nilgiris,Tamil Nadu
2015-06-07,0.66,6.290000000000006,26.91,52.66,5.44,1,Nilgiris,Tamil Nadu
2015-06-08,0.43,1.2800000000000054,24.65,50.67,0.66,1,Nilgiris,Tamil Nadu
2015-06-09,0.63,1.7200000000000055,24.45,51.07,0.66,1,Nilgiris,Tamil Nadu
2015-06-10,0.41,1.4700000000000053,20.099999999999998,51.48,0.63,1,Nilgiris,Tamil Nadu
2015-06-11,5.26,6.300000000000005,13.02,48.72,5.26,1,Nilgiris,Tamil Nadu
2015-06-12,0.31,5.980000000000005,7.89,46.32,5.26,1,Nilgiris,Tamil Nadu
2015-06-13,2.09,7.6600000000000055,9.79,44.870000000000005,5.26,1,Nilgiris,Tamil Nadu
2015-06-14,0.16,2.5600000000000054,9.29,43.88,2.09,1,Nilgiris,Tamil Nadu
2015-06-15,2.19,4.440000000000005,11.05,38.39,2.19,1,Nilgiris,Tamil Nadu
2015-06-16,0.51,2.8600000000000056,10.930000000000001,36.21,2.19,1,Nilgiris,Tamil Nadu
2015-06-17,1.9,4.600000000000005,12.42,37.28,2.19,1,Nilgiris,Tamil Nadu
2015-06-18,2.06,4.470000000000006,9.219999999999999,34.58,2.06,1,Nilgiris,Tamil Nadu
2015-06-19,5.57,9.530000000000006,14.48,27.81,5.57,1,Nilgiris,Tamil Nadu
2015-06-20,4.2,11.830000000000005,16.59,26.57,5.57,1,Nilgiris,Tamil Nadu
2015-06-21,10.84,20.610000000000007,27.27,37.22,10.84,1,Nilgiris,Tamil Nadu
2015-06-22,1.75,16.790000000000006,26.83,38.31,10.84,1,Nilgiris,Tamil Nadu
2015-06-23,9.77,22.360000000000007,36.09,47.650000000000006,10.84,1,Nilgiris,Tamil Nadu
2015-06-24,1.99,13.510000000000005,36.18,49.01,9.77,1,Nilgiris,Tamil Nadu
2015-06-25,4.6,16.360000000000007,38.72,53.199999999999996,9.77,1,Nilgiris,Tamil Nadu
2015-06-26,6.01,12.600000000000005,39.16,53.949999999999996,6.01,1,Nilgiris,Tamil Nadu
2015-06-27,0.57,11.180000000000005,35.529999999999994,54.209999999999994,6.01,1,Nilgiris,Tamil Nadu
2015-06-28,0.43,7.010000000000005,25.119999999999997,52.55,6.01,1,Nilgiris,Tamil Nadu
2015-06-29,1.76,2.760000000000005,25.13,54.15,1.76,1,Nilgiris,Tamil Nadu
2015-06-30,0.45,2.6400000000000055,15.81,52.41,1.76,1,Nilgiris,Tamil Nadu
2015-07-01,0.12,2.3300000000000054,13.94,52.019999999999996,1.76,1,Nilgiris,Tamil Nadu
2015-07-02,0.06,0.6300000000000053,9.4,50.18,0.45,1,Nilgiris,Tamil Nadu
2015-07-03,0.21,0.39000000000000534,3.6,48.33,0.21,1,Nilgiris,Tamil Nadu
2015-07-04,0.75,1.0200000000000053,3.7800000000000002,43.51,0.75,1,Nilgiris,Tamil Nadu
2015-07-05,0.43,1.3900000000000052,3.78,39.739999999999995,0.75,1,Nilgiris,Tamil Nadu
2015-07-06,0.41,1.5900000000000052,2.4299999999999997,29.31,0.75,1,Nilgiris,Tamil Nadu
2015-07-07,0.31,1.1500000000000052,2.29,27.869999999999997,0.43,1,Nilgiris,Tamil Nadu
2015-07-08,1.5,2.220000000000005,3.67,19.6,1.5,1,Nilgiris,Tamil Nadu
2015-07-09,1.19,3.0000000000000053,4.8,18.8,1.5,1,Nilgiris,Tamil Nadu
2015-07-10,1.29,3.980000000000005,5.88,15.49,1.5,1,Nilgiris,Tamil Nadu
2015-07-11,0.86,3.340000000000005,5.99,10.34,1.29,1,Nilgiris,Tamil Nadu
2015-07-12,0.06,2.2100000000000057,5.62,9.83,1.29,1,Nilgiris,Tamil Nadu
2015-07-13,0.06,0.9800000000000053,5.27,9.46,0.86,1,Nilgiris,Tamil Nadu
2015-07-14,0.44,0.5600000000000054,5.4,8.14,0.44,1,Nilgiris,Tamil Nadu
2015-07-15,0.56,1.0600000000000054,4.46,8.25,0.56,1,Nilgiris,Tamil Nadu
2015-07-16,0.84,1.8400000000000052,4.11,8.97,0.84,1,Nilgiris,Tamil Nadu
2015-07-17,3.36,4.760000000000005,6.18,12.27,3.36,1,Nilgiris,Tamil Nadu
2015-07-18,4.5,8.700000000000005,9.82,16.56,4.5,1,Nilgiris,Tamil Nadu
2015-07-19,3.28,11.140000000000004,13.04,19.09,4.5,1,Nilgiris,Tamil Nadu
2015-07-20,2.49,10.270000000000005,15.47,21.15,4.5,1,Nilgiris,Tamil Nadu
2015-07-21,2.67,8.440000000000005,17.7,23.41,3.28,1,Nilgiris,Tamil Nadu
2015-07-22,1.2,6.360000000000006,18.34,24.3,2.67,1,Nilgiris,Tamil Nadu
2015-07-23,3.16,7.030000000000005,20.66,25.96,3.16,1,Nilgiris,Tamil Nadu
2015-07-24,1.01,5.370000000000005,18.310000000000002,25.779999999999998,3.16,1,Nilgiris,Tamil Nadu
2015-07-25,1.66,5.830000000000005,15.47,26.15,3.16,1,Nilgiris,Tamil Nadu
2015-07-26,0.4,3.0700000000000047,12.59,25.69,1.66,1,Nilgiris,Tamil Nadu
2015-07-27,1.16,3.220000000000005,11.26,26.79,1.66,1,Nilgiris,Tamil Nadu
2015-07-28,0.18,1.7400000000000049,8.77,26.91,1.16,1,Nilgiris,Tamil Nadu
2015-07-29,0.08,1.4200000000000048,7.65,26.549999999999997,1.16,1,Nilgiris,Tamil Nadu
2015-07-30,0.0,0.2600000000000051,4.49,25.99,0.18,1,Nilgiris,Tamil Nadu
2015-07-31,0.08,0.1600000000000051,3.56,25.23,0.08,1,Nilgiris,Tamil Nadu
2015-08-01,0.3,0.3800000000000051,2.2,22.169999999999998,0.3,1,Nilgiris,Tamil Nadu
2015-08-02,0.82,1.200000000000005,2.62,18.49,0.82,1,Nilgiris,Tamil Nadu
2015-08-03,2.29,3.410000000000005,3.75,17.5,2.29,1,Nilgiris,Tamil Nadu
2015-08-04,0.9,4.010000000000005,4.47,15.91,2.29,1,Nilgiris,Tamil Nadu
2015-08-05,1.46,4.650000000000005,5.85,14.7,2.29,1,Nilgiris,Tamil Nadu
2015-08-06,0.97,3.3300000000000045,6.819999999999999,14.469999999999999,1.46,1,Nilgiris,Tamil Nadu
2015-08-07,1.17,3.600000000000005,7.909999999999999,12.479999999999999,1.46,1,Nilgiris,Tamil Nadu
2015-08-08,1.35,3.4900000000000047,8.959999999999999,12.819999999999999,1.35,1,Nilgiris,Tamil Nadu
2015-08-09,0.64,3.160000000000005,8.78,11.8,1.35,1,Nilgiris,Tamil Nadu
2015-08-10,1.35,3.340000000000005,7.84,12.75,1.35,1,Nilgiris,Tamil Nadu
2015-08-11,1.22,3.210000000000005,8.16,12.81,1.35,1,Nilgiris,Tamil Nadu
2015-08-12,0.77,3.3400000000000047,7.47,13.4,1.35,1,Nilgiris,Tamil Nadu
2015-08-13,2.01,4.000000000000004,8.51,15.33,2.01,1,Nilgiris,Tamil Nadu
2015-08-14,0.13,2.9100000000000046,7.47,15.46,2.01,1,Nilgiris,Tamil Nadu
2015-08-15,3.22,5.360000000000005,9.34,18.6,3.22,1,Nilgiris,Tamil Nadu
2015-08-16,9.17,12.520000000000005,17.869999999999997,27.47,9.17,1,Nilgiris,Tamil Nadu
2015-08-17,6.81,19.200000000000003,23.330000000000002,33.46,9.17,1,Nilgiris,Tamil Nadu
2015-08-18,1.01,16.990000000000006,23.119999999999997,32.18,9.17,1,Nilgiris,Tamil Nadu
2015-08-19,0.61,8.430000000000005,22.959999999999997,31.889999999999997,6.81,1,Nilgiris,Tamil Nadu
2015-08-20,0.89,2.510000000000005,21.84,31.32,1.01,1,Nilgiris,Tamil Nadu
2015-08-21,6.81,8.310000000000004,28.519999999999996,37.16,6.81,1,Nilgiris,Tamil Nadu
2015-08-22,10.58,18.280000000000005,35.879999999999995,46.56999999999999,10.58,1,Nilgiris,Tamil Nadu
2015-08-23,3.79,21.180000000000003,30.499999999999996,49.01,10.58,1,Nilgiris,Tamil Nadu
2015-08-24,0.52,14.890000000000006,24.209999999999997,48.89,10.58,1,Nilgiris,Tamil Nadu
2015-08-25,0.07,4.380000000000005,23.27,47.61,3.79,1,Nilgiris,Tamil Nadu
2015-08-26,0.03,0.6200000000000053,22.69,46.42,0.52,1,Nilgiris,Tamil Nadu
2015-08-27,0.73,0.8300000000000053,22.53,46.379999999999995,0.73,1,Nilgiris,Tamil Nadu
2015-08-28,0.11,0.8700000000000053,15.83,44.48,0.73,1,Nilgiris,Tamil Nadu
2015-08-29,0.0,0.8400000000000053,5.25,44.349999999999994,0.73,1,Nilgiris,Tamil Nadu
2015-08-30,0.0,0.11000000000000533,1.46,41.129999999999995,0.11,1,Nilgiris,Tamil Nadu
2015-08-31,0.11,0.11000000000000533,1.05,32.07,0.11,1,Nilgiris,Tamil Nadu
2015-09-01,0.19,0.3000000000000053,1.17,25.45,0.19,1,Nilgiris,Tamil Nadu
2015-09-02,0.13,0.4300000000000053,1.2699999999999998,24.57,0.19,1,Nilgiris,Tamil Nadu
2015-09-03,0.07,0.39000000000000534,0.61,24.03,0.19,1,Nilgiris,Tamil Nadu
2015-09-04,1.92,2.1200000000000054,2.42,25.06,1.92,1,Nilgiris,Tamil Nadu
2015-09-05,2.07,4.060000000000005,4.49,20.32,2.07,1,Nilgiris,Tamil Nadu
2015-09-06,3.33,7.320000000000005,7.82,13.07,3.33,1,Nilgiris,Tamil Nadu
2015-09-07,5.83,11.230000000000004,13.54,15.110000000000001,5.83,1,Nilgiris,Tamil Nadu
2015-09-08,0.49,9.650000000000004,13.84,15.08,5.83,1,Nilgiris,Tamil Nadu
2015-09-09,0.53,6.850000000000005,14.24,15.54,5.83,1,Nilgiris,Tamil Nadu
2015-09-10,0.72,1.7400000000000053,14.889999999999999,16.23,0.72,1,Nilgiris,Tamil Nadu
2015-09-11,0.19,1.4400000000000053,13.16,15.69,0.72,1,Nilgiris,Tamil Nadu
2015-09-12,0.52,1.4300000000000053,11.610000000000001,16.1,0.72,1,Nilgiris,Tamil Nadu
2015-09-13,0.16,0.8700000000000053,8.440000000000001,16.26,0.52,1,Nilgiris,Tamil Nadu
2015-09-14,0.22,0.9000000000000052,2.830000000000001,16.48,0.52,1,Nilgiris,Tamil Nadu
2015-09-15,0.2,0.5800000000000052,2.5400000000000005,16.57,0.22,1,Nilgiris,Tamil Nadu
2015-09-16,1.37,1.7900000000000054,3.380000000000001,17.75,1.37,1,Nilgiris,Tamil Nadu
2015-09-17,0.46,2.0300000000000056,3.1200000000000014,18.080000000000002,1.37,1,Nilgiris,Tamil Nadu
2015-09-18,0.31,2.1400000000000055,3.240000000000001,18.32,1.37,1,Nilgiris,Tamil Nadu
2015-09-19,0.67,1.4400000000000053,3.3900000000000015,17.07,0.67,1,Nilgiris,Tamil Nadu
2015-09-20,1.01,1.9900000000000055,4.240000000000001,16.01,1.01,1,Nilgiris,Tamil Nadu
2015-09-21,0.05,1.7300000000000055,4.070000000000001,12.73,1.01,1,Nilgiris,Tamil Nadu
2015-09-22,0.59,1.6500000000000052,4.460000000000001,7.49,1.01,1,Nilgiris,Tamil Nadu
2015-09-23,2.87,3.5100000000000056,5.960000000000001,9.870000000000001,2.87,1,Nilgiris,Tamil Nadu
2015-09-24,14.43,17.890000000000004,19.93,23.770000000000003,14.43,1,Nilgiris,Tamil Nadu
2015-09-25,1.95,19.250000000000007,21.57,25.000000000000004,14.43,1,Nilgiris,Tamil Nadu
2015-09-26,1.98,18.360000000000007,22.88,26.790000000000003,14.43,1,Nilgiris,Tamil Nadu
2015-09-27,12.5,16.430000000000007,34.37,38.77,12.5,1,Nilgiris,Tamil Nadu
2015-09-28,9.84,24.320000000000007,44.16,48.449999999999996,12.5,1,Nilgiris,Tamil Nadu
2015-09-29,15.36,37.7,58.92999999999999,63.589999999999996,15.36,1,Nilgiris,Tamil Nadu
2015-09-30,5.76,30.960000000000004,61.82,69.15,15.36,1,Nilgiris,Tamil Nadu
2015-10-01,2.23,23.350000000000005,49.62,70.00999999999999,15.36,0,Nilgiris,Tamil Nadu
2015-10-02,2.48,10.470000000000006,50.15,72.03,5.76,0,Nilgiris,Tamil Nadu
2015-10-03,0.52,5.230000000000006,48.69,72.24,2.48,0,Nilgiris,Tamil Nadu
2015-10-04,4.37,7.3700000000000045,40.56,75.94,4.37,0,Nilgiris,Tamil Nadu
2015-10-05,13.1,17.990000000000002,43.82,88.03,13.1,0,Nilgiris,Tamil Nadu
2015-10-06,1.59,19.060000000000006,30.05,89.57,13.1,0,Nilgiris,Tamil Nadu
2015-10-07,1.93,16.620000000000005,26.22,90.91,13.1,0,Nilgiris,Tamil Nadu
2015-10-08,3.83,7.350000000000005,27.82,91.87,3.83,0,Nilgiris,Tamil Nadu
2015-10-09,1.83,7.590000000000005,27.17,79.27,3.83,0,Nilgiris,Tamil Nadu
2015-10-10,2.76,8.420000000000005,29.41,80.08,3.83,0,Nilgiris,Tamil Nadu
2015-10-11,16.16,20.750000000000007,41.2,94.26,16.16,0,Nilgiris,Tamil Nadu
2015-10-12,6.3,25.220000000000002,34.4,88.06,16.16,0,Nilgiris,Tamil Nadu
2015-10-13,0.21,22.670000000000005,33.02,78.43,16.16,0,Nilgiris,Tamil Nadu
2015-10-14,0.54,7.050000000000003,31.63,63.61,6.3,0,Nilgiris,Tamil Nadu
2015-10-15,0.75,1.5000000000000036,28.55,58.6,0.75,0,Nilgiris,Tamil Nadu
2015-10-16,0.0,1.2900000000000036,26.72,56.37,0.75,0,Nilgiris,Tamil Nadu
2015-10-17,0.07,0.8200000000000036,24.03,53.96,0.75,0,Nilgiris,Tamil Nadu
2015-10-18,0.46,0.5300000000000036,8.33,53.9,0.46,0,Nilgiris,Tamil Nadu
2015-10-19,0.1,0.6300000000000036,2.13,49.63,0.46,0,Nilgiris,Tamil Nadu
2015-10-20,0.37,0.9300000000000036,2.29,36.9,0.46,0,Nilgiris,Tamil Nadu
2015-10-21,0.29,0.7600000000000036,2.04,35.6,0.37,0,Nilgiris,Tamil Nadu
2015-10-22,0.03,0.6900000000000035,1.32,33.7,0.37,0,Nilgiris,Tamil Nadu
2015-10-23,0.02,0.3400000000000035,1.34,29.890000000000004,0.29,0,Nilgiris,Tamil Nadu
2015-10-24,0.4,0.45000000000000356,1.67,28.46,0.4,0,Nilgiris,Tamil Nadu
2015-10-25,0.57,0.9900000000000035,1.7799999999999998,26.270000000000003,0.57,0,Nilgiris,Tamil Nadu
2015-10-26,0.09,1.0600000000000036,1.7699999999999998,10.200000000000003,0.57,0,Nilgiris,Tamil Nadu
2015-10-27,0.55,1.2100000000000035,1.95,4.450000000000004,0.57,0,Nilgiris,Tamil Nadu
2015-10-28,12.72,13.360000000000005,14.38,16.960000000000004,12.72,0,Nilgiris,Tamil Nadu
2015-10-29,1.22,14.490000000000006,15.570000000000002,17.640000000000004,12.72,0,Nilgiris,Tamil Nadu
2015-10-30,1.43,15.370000000000005,16.98,18.320000000000004,12.72,0,Nilgiris,Tamil Nadu
2015-10-31,3.27,5.9200000000000035,19.85,21.590000000000003,3.27,0,Nilgiris,Tamil Nadu
2015-11-01,9.73,14.430000000000003,29.01,31.250000000000007,9.73,0,Nilgiris,Tamil Nadu
2015-11-02,8.84,21.840000000000003,37.760000000000005,39.63,9.73,0,Nilgiris,Tamil Nadu
2015-11-03,11.19,29.760000000000005,48.400000000000006,50.72,11.19,0,Nilgiris,Tamil Nadu
2015-11-04,3.95,23.980000000000004,39.629999999999995,54.300000000000004,11.19,0,Nilgiris,Tamil Nadu
2015-11-05,15.2,30.340000000000003,53.61,69.21000000000001,15.2,0,Nilgiris,Tamil Nadu
2015-11-06,2.18,21.330000000000005,54.36,71.36,15.2,0,Nilgiris,Tamil Nadu
2015-11-07,3.59,20.970000000000002,54.68000000000001,74.93,15.2,0,Nilgiris,Tamil Nadu
2015-11-08,2.46,8.230000000000004,47.41,76.99,3.59,0,Nilgiris,Tamil Nadu
2015-11-09,26.0,32.050000000000004,64.57,102.42000000000002,26.0,0,Nilgiris,Tamil Nadu
2015-11-10,20.43,48.89,73.81,122.76,26.0,0,Nilgiris,Tamil Nadu
2015-11-11,5.45,51.88,75.31,127.66000000000001,26.0,0,Nilgiris,Tamil Nadu
2015-11-12,5.28,31.160000000000004,65.39,120.22,20.43,0,Nilgiris,Tamil Nadu
2015-11-13,1.81,12.540000000000004,65.02,120.81,5.45,0,Nilgiris,Tamil Nadu
2015-11-14,0.47,7.560000000000004,61.9,119.85000000000001,5.28,0,Nilgiris,Tamil Nadu
2015-11-15,3.88,6.160000000000004,63.32000000000001,120.46000000000001,3.88,0,Nilgiris,Tamil Nadu
2015-11-16,1.44,5.790000000000003,38.760000000000005,112.17,3.88,0,Nilgiris,Tamil Nadu
2015-11-17,0.4,5.720000000000003,18.73,103.73,3.88,0,Nilgiris,Tamil Nadu
2015-11-18,2.5,4.340000000000003,15.780000000000001,95.04,2.5,0,Nilgiris,Tamil Nadu
2015-11-19,5.07,7.970000000000004,15.57,96.16,5.07,0,Nilgiris,Tamil Nadu
2015-11-20,3.89,11.460000000000004,17.65,84.85000000000001,5.07,0,Nilgiris,Tamil Nadu
2015-11-21,1.14,10.100000000000003,18.32,83.81,5.07,0,Nilgiris,Tamil Nadu
2015-11-22,8.94,13.970000000000002,23.38,89.16,8.94,0,Nilgiris,Tamil Nadu
2015-11-23,5.32,15.400000000000002,27.259999999999998,92.02000000000001,8.94,0,Nilgiris,Tamil Nadu
2015-11-24,2.13,16.390000000000004,28.99,68.15,8.94,0,Nilgiris,Tamil Nadu
2015-11-25,0.0,7.450000000000004,26.49,47.72,5.32,0,Nilgiris,Tamil Nadu
2015-11-26,0.0,2.1300000000000034,21.419999999999998,42.27,2.13,0,Nilgiris,Tamil Nadu
2015-11-27,0.01,0.010000000000003553,17.54,37.0,0.01,0,Nilgiris,Tamil Nadu
2015-11-28,0.01,0.020000000000003553,16.409999999999997,35.2,0.01,0,Nilgiris,Tamil Nadu
2015-11-29,11.79,11.810000000000002,19.259999999999998,46.52,11.79,0,Nilgiris,Tamil Nadu
2015-11-30,2.89,14.690000000000003,16.83,45.53,11.79,0,Nilgiris,Tamil Nadu
2015-12-01,1.51,16.19,16.21,45.6,11.79,0,Nilgiris,Tamil Nadu
2015-12-02,2.03,6.430000000000003,18.240000000000002,47.230000000000004,2.89,0,Nilgiris,Tamil Nadu
2015-12-03,0.28,3.820000000000003,18.52,45.010000000000005,2.03,0,Nilgiris,Tamil Nadu
2015-12-04,0.36,2.6700000000000035,18.869999999999997,40.300000000000004,2.03,0,Nilgiris,Tamil Nadu
2015-12-05,5.99,6.6300000000000034,24.85,42.4,5.99,0,Nilgiris,Tamil Nadu
2015-12-06,3.91,10.260000000000003,16.97,45.17,5.99,0,Nilgiris,Tamil Nadu
2015-12-07,3.22,13.120000000000005,17.3,39.45,5.99,0,Nilgiris,Tamil Nadu
2015-12-08,4.04,11.170000000000003,19.83,38.17,4.04,0,Nilgiris,Tamil Nadu
2015-12-09,1.71,8.970000000000002,19.509999999999998,37.75,4.04,0,Nilgiris,Tamil Nadu
2015-12-10,1.25,7.000000000000003,20.48,39.0,4.04,0,Nilgiris,Tamil Nadu
2015-12-11,0.25,3.2100000000000035,20.37,39.25,1.71,0,Nilgiris,Tamil Nadu
2015-12-12,0.67,2.1700000000000035,15.05,39.910000000000004,1.25,0,Nilgiris,Tamil Nadu
2015-12-13,0.41,1.3300000000000036,11.549999999999999,40.31,0.67,0,Nilgiris,Tamil Nadu
2015-12-14,2.33,3.4100000000000037,10.66,30.850000000000005,2.33,0,Nilgiris,Tamil Nadu
2015-12-15,0.46,3.2000000000000037,7.08,28.420000000000005,2.33,0,Nilgiris,Tamil Nadu
2015-12-16,0.02,2.8100000000000036,5.390000000000001,26.930000000000003,2.33,0,Nilgiris,Tamil Nadu
2015-12-17,0.0,0.4800000000000036,4.140000000000001,24.900000000000006,0.46,0,Nilgiris,Tamil Nadu
2015-12-18,0.0,0.020000000000003553,3.89,24.620000000000005,0.02,0,Nilgiris,Tamil Nadu
2015-12-19,0.14,0.14000000000000357,3.3600000000000003,24.400000000000006,0.14,0,Nilgiris,Tamil Nadu
2015-12-20,0.04,0.18000000000000357,2.99,18.450000000000003,0.14,0,Nilgiris,Tamil Nadu
2015-12-21,0.0,0.18000000000000357,0.66,14.540000000000003,0.14,0,Nilgiris,Tamil Nadu
2015-12-22,0.0,0.040000000000003554,0.2,11.320000000000004,0.04,0,Nilgiris,Tamil Nadu
2015-12-23,0.0,0.0,0.18000000000000002,7.280000000000004,0.0,0,Nilgiris,Tamil Nadu
2015-12-24,0.0,0.0,0.18000000000000002,5.570000000000004,0.0,0,Nilgiris,Tamil Nadu
2015-12-25,0.0,0.0,0.18000000000000002,4.320000000000004,0.0,0,Nilgiris,Tamil Nadu
2015-12-26,0.0,0.0,0.04,4.070000000000004,0.0,0,Nilgiris,Tamil Nadu
2015-12-27,0.0,0.0,0.0,3.400000000000004,0.0,0,Nilgiris,Tamil Nadu
2015-12-28,0.0,0.0,0.0,2.9900000000000038,0.0,0,Nilgiris,Tamil Nadu
2015-12-29,0.0,0.0,0.0,0.6600000000000036,0.0,0,Nilgiris,Tamil Nadu
2015-12-30,0.0,0.0,0.0,0.20000000000000356,0.0,0,Nilgiris,Tamil Nadu
2015-12-31,0.0,0.0,0.0,0.18000000000000357,0.0,0,Nilgiris,Tamil Nadu
2016-01-01,0.0,0.0,0.0,0.18000000000000357,0.0,0,Nilgiris,Tamil Nadu
2016-01-02,0.0,0.0,0.0,0.18000000000000357,0.0,0,Nilgiris,Tamil Nadu
2016-01-03,0.0,0.0,0.0,0.040000000000003554,0.0,0,Nilgiris,Tamil Nadu
2016-01-04,0.0,0.0,0.0,0.0,0.0,0,Nilgiris,Tamil Nadu
2016-01-05,0.0,0.0,0.0,0.0,0.0,0,Nilgiris,Tamil Nadu
2016-01-06,0.0,0.0,0.0,0.0,0.0,0,Nilgiris,Tamil Nadu
2016-01-07,0.0,0.0,0.0,0.0,0.0,0,Nilgiris,Tamil Nadu
2016-01-08,0.0,0.0,0.0,0.0,0.0,0,Nilgiris,Tamil Nadu
2016-01-09,0.0,0.0,0.0,0.0,0.0,0,Nilgiris,Tamil Nadu
2016-01-10,0.0,0.0,0.0,0.0,0.0,0,Nilgiris,Tamil Nadu
2016-01-11,0.0,0.0,0.0,0.0,0.0,0,Nilgiris,Tamil Nadu
2016-01-12,0.0,0.0,0.0,0.0,0.0,0,Nilgiris,Tamil Nadu
2016-01-13,0.0,0.0,0.0,0.0,0.0,0,Nilgiris,Tamil Nadu
2016-01-14,0.0,0.0,0.0,0.0,0.0,0,Nilgiris,Tamil Nadu
2016-01-15,0.0,0.0,0.0,0.0,0.0,0,Nilgiris,Tamil Nadu
2016-01-16,0.0,0.0,0.0,0.0,0.0,0,Nilgiris,Tamil Nadu
2016-01-17,0.0,0.0,0.0,0.0,0.0,0,Nilgiris,Tamil Nadu
2016-01-18,0.01,0.010000000000003553,0.01,0.010000000000003553,0.01,0,Nilgiris,Tamil Nadu
2016-01-19,0.01,0.020000000000003553,0.02,0.020000000000003553,0.01,0,Nilgiris,Tamil Nadu
2016-01-20,0.06,0.08000000000000355,0.08,0.08000000000000355,0.06,0,Nilgiris,Tamil Nadu
2016-01-21,2.48,2.5500000000000034,2.56,2.5600000000000036,2.48,0,Nilgiris,Tamil Nadu
2016-01-22,2.33,4.870000000000004,4.890000000000001,4.890000000000004,2.48,0,Nilgiris,Tamil Nadu
2016-01-23,0.22,5.030000000000003,5.11,5.110000000000004,2.48,0,Nilgiris,Tamil Nadu
2016-01-24,0.07,2.6200000000000037,5.18,5.180000000000003,2.33,0,Nilgiris,Tamil Nadu
2016-01-25,0.04,0.33000000000000357,5.21,5.220000000000003,0.22,0,Nilgiris,Tamil Nadu
2016-01-26,0.01,0.12000000000000356,5.210000000000001,5.230000000000004,0.07,0,Nilgiris,Tamil Nadu
2016-01-27,0.0,0.050000000000003555,5.15,5.230000000000004,0.04,0,Nilgiris,Tamil Nadu
2016-01-28,0.0,0.010000000000003553,2.67,5.230000000000004,0.01,0,Nilgiris,Tamil Nadu
2016-01-29,0.0,0.0,0.34,5.230000000000004,0.0,0,Nilgiris,Tamil Nadu
2016-01-30,0.0,0.0,0.12000000000000001,5.230000000000004,0.0,0,Nilgiris,Tamil Nadu
2016-01-31,0.0,0.0,0.05,5.230000000000004,0.0,0,Nilgiris,Tamil Nadu
2016-02-01,0.0,0.0,0.01,5.230000000000004,0.0,0,Nilgiris,Tamil Nadu
2016-02-02,0.0,0.0,0.0,5.220000000000004,0.0,0,Nilgiris,Tamil Nadu
2016-02-03,0.0,0.0,0.0,5.210000000000004,0.0,0,Nilgiris,Tamil Nadu
2016-02-04,0.0,0.0,0.0,5.150000000000004,0.0,0,Nilgiris,Tamil Nadu
2016-02-05,0.0,0.0,0.0,2.6700000000000035,0.0,0,Nilgiris,Tamil Nadu
2016-02-06,0.0,0.0,0.0,0.3400000000000036,0.0,0,Nilgiris,Tamil Nadu
2016-02-07,0.0,0.0,0.0,0.12000000000000356,0.0,0,Nilgiris,Tamil Nadu
2016-02-08,0.0,0.0,0.0,0.050000000000003555,0.0,0,Nilgiris,Tamil Nadu
2016-02-09,0.0,0.0,0.0,0.010000000000003553,0.0,0,Nilgiris,Tamil Nadu
2016-02-10,0.08,0.08000000000000355,0.08,0.08000000000000355,0.08,0,Nilgiris,Tamil Nadu
2016-02-11,0.07,0.15000000000000357,0.15000000000000002,0.15000000000000357,0.08,0,Nilgiris,Tamil Nadu
2016-02-12,0.0,0.15000000000000357,0.15000000000000002,0.15000000000000357,0.08,0,Nilgiris,Tamil Nadu
2016-02-13,0.0,0.07000000000000356,0.15000000000000002,0.15000000000000357,0.07,0,Nilgiris,Tamil Nadu
2016-02-14,0.0,0.0,0.15000000000000002,0.15000000000000357,0.0,0,Nilgiris,Tamil Nadu
2016-02-15,0.0,0.0,0.15000000000000002,0.15000000000000357,0.0,0,Nilgiris,Tamil Nadu
2016-02-16,0.0,0.0,0.15000000000000002,0.15000000000000357,0.0,0,Nilgiris,Tamil Nadu
2016-02-17,0.0,0.0,0.07,0.15000000000000357,0.0,0,Nilgiris,Tamil Nadu
2016-02-18,0.0,0.0,0.0,0.15000000000000357,0.0,0,Nilgiris,Tamil Nadu
2016-02-19,0.0,0.0,0.0,0.15000000000000357,0.0,0,Nilgiris,Tamil Nadu
2016-02-20,0.0,0.0,0.0,0.15000000000000357,0.0,0,Nilgiris,Tamil Nadu
2016-02-21,0.04,0.040000000000003554,0.04,0.19000000000000355,0.04,0,Nilgiris,Tamil Nadu
2016-02-22,0.02,0.06000000000000355,0.06,0.21000000000000357,0.04,0,Nilgiris,Tamil Nadu
2016-02-23,0.0,0.06000000000000355,0.06,0.21000000000000357,0.04,0,Nilgiris,Tamil Nadu
2016-02-24,0.0,0.020000000000003553,0.06,0.21000000000000357,0.02,0,Nilgiris,Tamil Nadu
2016-02-25,0.0,0.0,0.06,0.13000000000000356,0.0,0,Nilgiris,Tamil Nadu
2016-02-26,0.01,0.010000000000003553,0.07,0.07000000000000356,0.01,0,Nilgiris,Tamil Nadu
2016-02-27,0.01,0.020000000000003553,0.08,0.08000000000000355,0.01,0,Nilgiris,Tamil Nadu
2016-02-28,0.05,0.07000000000000356,0.09,0.13000000000000356,0.05,0,Nilgiris,Tamil Nadu
2016-02-29,0.15,0.21000000000000354,0.21999999999999997,0.2800000000000036,0.15,0,Nilgiris,Tamil Nadu
2016-03-01,0.0,0.20000000000000354,0.22,0.2800000000000036,0.15,0,Nilgiris,Tamil Nadu
2016-03-02,0.0,0.15000000000000355,0.22,0.2800000000000036,0.15,0,Nilgiris,Tamil Nadu
2016-03-03,0.0,0.0,0.22,0.2800000000000036,0.0,0,Nilgiris,Tamil Nadu
2016-03-04,0.0,0.0,0.21,0.2800000000000036,0.0,0,Nilgiris,Tamil Nadu
2016-03-05,0.0,0.0,0.2,0.2800000000000036,0.0,0,Nilgiris,Tamil Nadu
2016-03-06,0.23,0.23000000000000356,0.38,0.5100000000000036,0.23,0,Nilgiris,Tamil Nadu
2016-03-07,0.25,0.48000000000000353,0.48,0.7200000000000035,0.25,0,Nilgiris,Tamil Nadu
2016-03-08,0.0,0.48000000000000353,0.48,0.7000000000000035,0.25,0,Nilgiris,Tamil Nadu
2016-03-09,0.0,0.25000000000000355,0.48,0.7000000000000035,0.25,0,Nilgiris,Tamil Nadu
2016-03-10,0.0,0.0,0.48,0.7000000000000035,0.0,0,Nilgiris,Tamil Nadu
2016-03-11,0.0,0.0,0.48,0.7000000000000035,0.0,0,Nilgiris,Tamil Nadu
2016-03-12,0.02,0.02000000000000358,0.5,0.7100000000000035,0.02,0,Nilgiris,Tamil Nadu
2016-03-13,0.01,0.03000000000000358,0.28,0.7100000000000035,0.02,0,Nilgiris,Tamil Nadu
2016-03-14,0.54,0.5700000000000036,0.5700000000000001,1.2000000000000035,0.54,0,Nilgiris,Tamil Nadu
2016-03-15,2.37,2.9200000000000035,2.9400000000000004,3.4200000000000035,2.37,0,Nilgiris,Tamil Nadu
2016-03-16,0.98,3.8900000000000037,3.9200000000000004,4.400000000000004,2.37,0,Nilgiris,Tamil Nadu
2016-03-17,0.67,4.020000000000003,4.590000000000001,5.070000000000004,2.37,0,Nilgiris,Tamil Nadu
2016-03-18,0.0,1.650000000000003,4.590000000000001,5.070000000000004,0.98,0,Nilgiris,Tamil Nadu
2016-03-19,0.0,0.6700000000000031,4.570000000000001,5.070000000000004,0.67,0,Nilgiris,Tamil Nadu
2016-03-20,0.0,0.0,4.5600000000000005,5.070000000000004,0.0,0,Nilgiris,Tamil Nadu
2016-03-21,0.0,0.0,4.0200000000000005,4.840000000000003,0.0,0,Nilgiris,Tamil Nadu
2016-03-22,0.02,0.02000000000000311,1.67,4.610000000000003,0.02,0,Nilgiris,Tamil Nadu
2016-03-23,0.04,0.060000000000003106,0.73,4.650000000000003,0.04,0,Nilgiris,Tamil Nadu
2016-03-24,0.0,0.06000000000000311,0.06,4.650000000000003,0.04,0,Nilgiris,Tamil Nadu
2016-03-25,0.0,0.040000000000003116,0.06,4.650000000000003,0.04,0,Nilgiris,Tamil Nadu
2016-03-26,0.0,0.0,0.06,4.650000000000003,0.0,0,Nilgiris,Tamil Nadu
2016-03-27,0.0,0.0,0.06,4.6300000000000034,0.0,0,Nilgiris,Tamil Nadu
2016-03-28,0.0,0.0,0.06,4.620000000000004,0.0,0,Nilgiris,Tamil Nadu
2016-03-29,0.03,0.030000000000003108,0.06999999999999999,4.110000000000004,0.03,0,Nilgiris,Tamil Nadu
2016-03-30,0.07,0.10000000000000311,0.1,1.8100000000000036,0.07,0,Nilgiris,Tamil Nadu
2016-03-31,0.0,0.10000000000000311,0.1,0.8300000000000036,0.07,0,Nilgiris,Tamil Nadu
2016-04-01,0.0,0.07000000000000312,0.1,0.16000000000000356,0.07,0,Nilgiris,Tamil Nadu
2016-04-02,0.0,0.0,0.1,0.16000000000000356,0.0,0,Nilgiris,Tamil Nadu
2016-04-03,0.0,0.0,0.1,0.16000000000000356,0.0,0,Nilgiris,Tamil Nadu
2016-04-04,0.05,0.05000000000000311,0.15000000000000002,0.21000000000000357,0.05,0,Nilgiris,Tamil Nadu
2016-04-05,0.15,0.20000000000000312,0.27,0.36000000000000354,0.15,0,Nilgiris,Tamil Nadu
2016-04-06,0.82,1.0200000000000031,1.02,1.1600000000000035,0.82,0,Nilgiris,Tamil Nadu
2016-04-07,1.39,2.360000000000003,2.4099999999999997,2.5100000000000033,1.39,0,Nilgiris,Tamil Nadu
2016-04-08,2.51,4.720000000000002,4.92,5.020000000000003,2.51,0,Nilgiris,Tamil Nadu
2016-04-09,5.05,8.950000000000003,9.969999999999999,10.070000000000004,5.05,0,Nilgiris,Tamil Nadu
2016-04-10,0.17,7.730000000000003,10.139999999999999,10.240000000000004,5.05,0,Nilgiris,Tamil Nadu
2016-04-11,0.02,5.240000000000004,10.109999999999998,10.260000000000003,5.05,0,Nilgiris,Tamil Nadu
2016-04-12,0.0,0.19000000000000355,9.959999999999999,10.260000000000003,0.17,0,Nilgiris,Tamil Nadu
2016-04-13,0.1,0.12000000000000356,9.239999999999998,10.330000000000004,0.1,0,Nilgiris,Tamil Nadu
2016-04-14,0.11,0.21000000000000357,7.959999999999999,10.370000000000003,0.11,0,Nilgiris,Tamil Nadu
2016-04-15,0.03,0.24000000000000354,5.479999999999999,10.400000000000004,0.11,0,Nilgiris,Tamil Nadu
2016-04-16,0.0,0.14000000000000357,0.42999999999999916,10.400000000000004,0.11,0,Nilgiris,Tamil Nadu
2016-04-17,0.0,0.03000000000000355,0.2599999999999991,10.400000000000004,0.03,0,Nilgiris,Tamil Nadu
2016-04-18,0.0,0.0,0.23999999999999913,10.400000000000004,0.0,0,Nilgiris,Tamil Nadu
2016-04-19,0.01,0.010000000000003553,0.24999999999999914,10.360000000000003,0.01,0,Nilgiris,Tamil Nadu
2016-04-20,0.12,0.13000000000000356,0.26999999999999913,10.330000000000002,0.12,0,Nilgiris,Tamil Nadu
2016-04-21,2.35,2.4800000000000035,2.5099999999999993,11.860000000000003,2.35,0,Nilgiris,Tamil Nadu
2016-04-22,1.31,3.780000000000004,3.7899999999999996,11.780000000000003,2.35,0,Nilgiris,Tamil Nadu
2016-04-23,0.14,3.800000000000004,3.9299999999999997,9.410000000000004,2.35,0,Nilgiris,Tamil Nadu
2016-04-24,0.0,1.4500000000000037,3.9299999999999997,4.360000000000004,1.31,0,Nilgiris,Tamil Nadu
2016-04-25,0.83,0.9700000000000035,4.76,5.020000000000004,0.83,0,Nilgiris,Tamil Nadu
2016-04-26,0.74,1.5700000000000034,5.49,5.740000000000004,0.83,0,Nilgiris,Tamil Nadu
2016-04-27,0.0,1.5700000000000034,5.369999999999999,5.740000000000004,0.83,0,Nilgiris,Tamil Nadu
2016-04-28,0.0,0.7400000000000035,3.019999999999999,5.640000000000004,0.74,0,Nilgiris,Tamil Nadu
2016-04-29,0.0,0.0,1.709999999999999,5.530000000000003,0.0,0,Nilgiris,Tamil Nadu
2016-04-30,0.0,0.0,1.569999999999999,5.5000000000000036,0.0,0,Nilgiris,Tamil Nadu
2016-05-01,0.0,0.0,1.569999999999999,5.5000000000000036,0.0,0,Nilgiris,Tamil Nadu
2016-05-02,0.39,0.39000000000000357,1.129999999999999,5.890000000000004,0.39,0,Nilgiris,Tamil Nadu
2016-05-03,0.97,1.3600000000000034,1.359999999999999,6.860000000000004,0.97,0,Nilgiris,Tamil Nadu
2016-05-04,0.05,1.4100000000000035,1.409999999999999,6.900000000000003,0.97,0,Nilgiris,Tamil Nadu
2016-05-05,1.38,2.4000000000000035,2.789999999999999,8.160000000000004,1.38,0,Nilgiris,Tamil Nadu
2016-05-06,12.44,13.870000000000003,15.229999999999999,18.250000000000004,12.44,0,Nilgiris,Tamil Nadu
2016-05-07,9.21,23.03,24.439999999999998,26.150000000000006,12.44,0,Nilgiris,Tamil Nadu
2016-05-08,5.66,27.310000000000002,30.1,31.67,12.44,0,Nilgiris,Tamil Nadu
2016-05-09,0.96,15.830000000000005,30.669999999999998,32.63,9.21,0,Nilgiris,Tamil Nadu
2016-05-10,6.27,12.890000000000004,35.97,38.07,6.27,0,Nilgiris,Tamil Nadu
2016-05-11,5.15,12.380000000000003,41.07,42.48,6.27,0,Nilgiris,Tamil Nadu
2016-05-12,1.27,12.690000000000003,40.96,43.75,6.27,0,Nilgiris,Tamil Nadu
2016-05-13,1.35,7.770000000000004,29.870000000000005,45.1,5.15,0,Nilgiris,Tamil Nadu
2016-05-14,4.89,7.510000000000003,25.55,49.99,4.89,0,Nilgiris,Tamil Nadu
2016-05-15,1.87,8.110000000000003,21.76,51.86,4.89,0,Nilgiris,Tamil Nadu
2016-05-16,2.29,9.050000000000004,23.09,54.15,4.89,0,Nilgiris,Tamil Nadu
2016-05-17,8.35,12.510000000000002,25.17,62.11000000000001,8.35,0,Nilgiris,Tamil Nadu
2016-05-18,2.72,13.360000000000001,22.74,63.86,8.35,0,Nilgiris,Tamil Nadu
2016-05-19,8.08,19.150000000000002,29.55,71.89,8.35,0,Nilgiris,Tamil Nadu
2016-05-20,0.56,11.360000000000003,28.76,71.07000000000001,8.08,0,Nilgiris,Tamil Nadu
2016-05-21,0.0,8.640000000000002,23.87,58.63,8.08,0,Nilgiris,Tamil Nadu
2016-05-22,0.0,0.5600000000000018,22.0,49.42,0.56,0,Nilgiris,Tamil Nadu
2016-05-23,0.0,0.0,19.71,43.760000000000005,0.0,0,Nilgiris,Tamil Nadu
2016-05-24,0.01,0.010000000000001777,11.370000000000001,42.81,0.01,0,Nilgiris,Tamil Nadu
2016-05-25,1.51,1.5200000000000018,10.16,38.050000000000004,1.51,0,Nilgiris,Tamil Nadu
2016-05-26,0.42,1.9400000000000017,2.5,33.32000000000001,1.51,0,Nilgiris,Tamil Nadu
2016-05-27,3.26,5.190000000000001,5.199999999999999,35.31,3.26,0,Nilgiris,Tamil Nadu
2016-05-28,6.11,9.790000000000003,11.31,40.07000000000001,6.11,0,Nilgiris,Tamil Nadu
2016-05-29,4.41,13.780000000000001,15.72,39.59,6.11,0,Nilgiris,Tamil Nadu
2016-05-30,2.18,12.700000000000003,17.900000000000002,39.9,6.11,0,Nilgiris,Tamil Nadu
2016-05-31,3.17,9.760000000000002,21.06,40.78,4.41,0,Nilgiris,Tamil Nadu
2016-06-01,9.42,14.770000000000001,28.97,41.85000000000001,9.42,1,Nilgiris,Tamil Nadu
2016-06-02,6.43,19.020000000000003,34.98,45.56,9.42,1,Nilgiris,Tamil Nadu
2016-06-03,3.08,18.93,34.8,40.56,9.42,1,Nilgiris,Tamil Nadu
2016-06-04,5.69,15.200000000000003,34.38,45.690000000000005,6.43,1,Nilgiris,Tamil Nadu
2016-06-05,6.57,15.340000000000003,36.54,52.260000000000005,6.57,1,Nilgiris,Tamil Nadu
2016-06-06,1.84,14.100000000000003,36.199999999999996,54.1,6.57,1,Nilgiris,Tamil Nadu
2016-06-07,3.06,11.470000000000002,36.089999999999996,57.160000000000004,6.57,1,Nilgiris,Tamil Nadu
2016-06-08,6.03,10.930000000000003,32.7,63.18000000000001,6.03,1,Nilgiris,Tamil Nadu
2016-06-09,2.36,11.450000000000003,28.630000000000003,64.03,6.03,1,Nilgiris,Tamil Nadu
2016-06-10,2.36,10.750000000000002,27.91,65.97,6.03,1,Nilgiris,Tamil Nadu
2016-06-11,5.76,10.48,27.98,68.47000000000001,5.76,1,Nilgiris,Tamil Nadu
2016-06-12,0.21,8.330000000000002,21.62,62.57000000000001,5.76,1,Nilgiris,Tamil Nadu
2016-06-13,0.76,6.730000000000001,20.54,58.92,5.76,1,Nilgiris,Tamil Nadu
2016-06-14,0.65,1.6200000000000019,18.13,57.39,0.76,1,Nilgiris,Tamil Nadu
2016-06-15,0.41,1.8200000000000018,12.51,54.63,0.76,1,Nilgiris,Tamil Nadu
2016-06-16,1.91,2.9700000000000015,12.06,47.120000000000005,1.91,1,Nilgiris,Tamil Nadu
2016-06-17,7.29,9.610000000000001,16.99,47.980000000000004,7.29,1,Nilgiris,Tamil Nadu
2016-06-18,2.4,11.600000000000001,13.63,47.300000000000004,7.29,1,Nilgiris,Tamil Nadu
2016-06-19,1.5,11.190000000000001,14.92,43.11000000000001,7.29,1,Nilgiris,Tamil Nadu
2016-06-20,1.47,5.370000000000002,15.629999999999999,38.010000000000005,2.4,1,Nilgiris,Tamil Nadu
2016-06-21,1.25,4.2200000000000015,16.23,37.42,1.5,1,Nilgiris,Tamil Nadu
2016-06-22,6.94,9.660000000000002,22.759999999999998,41.300000000000004,6.94,1,Nilgiris,Tamil Nadu
2016-06-23,3.7,11.89,24.55,38.970000000000006,6.94,1,Nilgiris,Tamil Nadu
2016-06-24,0.46,11.100000000000001,17.720000000000002,37.07000000000001,6.94,1,Nilgiris,Tamil Nadu
2016-06-25,0.91,5.070000000000002,16.23,35.620000000000005,3.7,1,Nilgiris,Tamil Nadu
2016-06-26,1.93,3.3000000000000016,16.66,31.790000000000006,1.93,1,Nilgiris,Tamil Nadu
2016-06-27,5.77,8.610000000000001,20.96,37.35,5.77,1,Nilgiris,Tamil Nadu
2016-06-28,7.79,15.490000000000002,27.5,44.38,7.79,1,Nilgiris,Tamil Nadu
2016-06-29,4.76,18.32,25.32,48.49000000000001,7.79,1,Nilgiris,Tamil Nadu
2016-06-30,1.98,14.530000000000001,23.6,50.06,7.79,1,Nilgiris,Tamil Nadu
2016-07-01,0.63,7.370000000000002,23.77,48.78000000000001,4.76,1,Nilgiris,Tamil Nadu
2016-07-02,0.25,2.8600000000000017,23.11,41.74000000000001,1.98,1,Nilgiris,Tamil Nadu
2016-07-03,0.94,1.8200000000000016,22.12,40.28,0.94,1,Nilgiris,Tamil Nadu
2016-07-04,3.52,4.710000000000002,19.87,42.300000000000004,3.52,1,Nilgiris,Tamil Nadu
2016-07-05,1.57,6.030000000000002,13.65,42.400000000000006,3.52,1,Nilgiris,Tamil Nadu
2016-07-06,5.85,10.940000000000001,14.74,47.0,5.85,1,Nilgiris,Tamil Nadu
2016-07-07,1.79,9.21,14.55,41.85,5.85,1,Nilgiris,Tamil Nadu
2016-07-08,1.54,9.180000000000001,15.459999999999999,39.69,5.85,1,Nilgiris,Tamil Nadu
2016-07-09,3.97,7.3000000000000025,19.18,43.2,3.97,1,Nilgiris,Tamil Nadu
2016-07-10,3.11,8.620000000000001,21.349999999999998,45.400000000000006,3.97,1,Nilgiris,Tamil Nadu
2016-07-11,2.17,9.250000000000002,20.0,45.64,3.97,1,Nilgiris,Tamil Nadu
2016-07-12,1.09,6.370000000000001,19.52,40.96,3.11,1,Nilgiris,Tamil Nadu
2016-07-13,0.6,3.8600000000000017,14.27,33.77,2.17,1,Nilgiris,Tamil Nadu
2016-07-14,1.69,3.3800000000000017,14.170000000000002,30.700000000000003,1.69,1,Nilgiris,Tamil Nadu
2016-07-15,4.77,7.060000000000001,17.4,33.49,4.77,1,Nilgiris,Tamil Nadu
2016-07-16,10.7,17.16,24.129999999999995,43.56,10.7,1,Nilgiris,Tamil Nadu
2016-07-17,5.92,21.39,26.939999999999998,49.23,10.7,1,Nilgiris,Tamil Nadu
2016-07-18,8.8,25.42,33.56999999999999,57.09,10.7,1,Nilgiris,Tamil Nadu
2016-07-19,1.01,15.730000000000002,33.49,54.58,8.8,1,Nilgiris,Tamil Nadu
2016-07-20,0.51,10.320000000000002,33.4,53.519999999999996,8.8,1,Nilgiris,Tamil Nadu
2016-07-21,1.89,3.410000000000002,33.599999999999994,49.56,1.89,1,Nilgiris,Tamil Nadu
2016-07-22,1.91,4.310000000000002,30.74,49.68000000000001,1.91,1,Nilgiris,Tamil Nadu
2016-07-23,1.4,5.200000000000001,21.439999999999998,49.54,1.91,1,Nilgiris,Tamil Nadu
2016-07-24,2.85,6.160000000000002,18.369999999999997,48.42,2.85,1,Nilgiris,Tamil Nadu
2016-07-25,9.51,13.760000000000002,19.08,54.82,9.51,1,Nilgiris,Tamil Nadu
2016-07-26,8.86,21.22,26.929999999999996,61.510000000000005,9.51,1,Nilgiris,Tamil Nadu
2016-07-27,7.93,26.299999999999997,34.349999999999994,68.35,9.51,1,Nilgiris,Tamil Nadu
2016-07-28,16.31,33.1,48.769999999999996,84.06,16.31,1,Nilgiris,Tamil Nadu
2016-07-29,0.88,25.12,47.74,83.25,16.31,1,Nilgiris,Tamil Nadu
2016-07-30,2.83,20.020000000000003,49.169999999999995,81.31,16.31,1,Nilgiris,Tamil Nadu
2016-07-31,1.61,5.320000000000004,47.93,72.22000000000001,2.83,1,Nilgiris,Tamil Nadu
2016-08-01,1.31,5.7500000000000036,39.73,67.61000000000001,2.83,1,Nilgiris,Tamil Nadu
2016-08-02,0.35,3.2700000000000036,31.219999999999995,59.160000000000004,1.61,1,Nilgiris,Tamil Nadu
2016-08-03,0.24,1.9000000000000035,23.529999999999998,58.39,1.31,1,Nilgiris,Tamil Nadu
2016-08-04,0.18,0.7700000000000036,7.399999999999997,58.06,0.35,1,Nilgiris,Tamil Nadu
2016-08-05,1.55,1.9700000000000037,8.069999999999997,57.72,1.55,1,Nilgiris,Tamil Nadu
2016-08-06,0.72,2.4500000000000037,5.959999999999996,56.53,1.55,1,Nilgiris,Tamil Nadu
2016-08-07,0.38,2.6500000000000035,4.729999999999996,55.510000000000005,1.55,1,Nilgiris,Tamil Nadu
2016-08-08,0.26,1.3600000000000034,3.6799999999999966,52.92,0.72,1,Nilgiris,Tamil Nadu
2016-08-09,0.63,1.2700000000000036,3.9599999999999964,44.04,0.63,1,Nilgiris,Tamil Nadu
2016-08-10,0.6,1.4900000000000035,4.319999999999997,35.78000000000001,0.63,1,Nilgiris,Tamil Nadu
2016-08-11,0.1,1.3300000000000036,4.239999999999997,27.950000000000003,0.63,1,Nilgiris,Tamil Nadu
2016-08-12,1.52,2.2200000000000037,4.209999999999996,13.160000000000004,1.52,1,Nilgiris,Tamil Nadu
2016-08-13,0.41,2.030000000000004,3.899999999999997,12.690000000000003,1.52,1,Nilgiris,Tamil Nadu
2016-08-14,1.75,3.6800000000000037,5.269999999999996,11.610000000000003,1.75,1,Nilgiris,Tamil Nadu
2016-08-15,2.6,4.760000000000003,7.609999999999997,12.600000000000003,2.6,1,Nilgiris,Tamil Nadu
2016-08-16,1.5,5.850000000000003,8.479999999999997,12.790000000000003,2.6,1,Nilgiris,Tamil Nadu
2016-08-17,1.82,5.9200000000000035,9.699999999999996,14.260000000000003,2.6,1,Nilgiris,Tamil Nadu
2016-08-18,0.72,4.0400000000000045,10.319999999999997,14.740000000000002,1.82,1,Nilgiris,Tamil Nadu
2016-08-19,0.63,3.170000000000004,9.429999999999998,15.190000000000003,1.82,1,Nilgiris,Tamil Nadu
2016-08-20,0.28,1.630000000000004,9.299999999999997,13.920000000000003,0.72,1,Nilgiris,Tamil Nadu
2016-08-21,0.18,1.090000000000004,7.729999999999997,13.380000000000004,0.63,1,Nilgiris,Tamil Nadu
2016-08-22,0.32,0.780000000000004,5.449999999999997,13.320000000000002,0.32,1,Nilgiris,Tamil Nadu
2016-08-23,1.94,2.440000000000004,5.889999999999997,15.000000000000004,1.94,1,Nilgiris,Tamil Nadu
2016-08-24,1.9,4.160000000000004,5.969999999999996,16.270000000000003,1.94,1,Nilgiris,Tamil Nadu
2016-08-25,1.85,5.690000000000004,7.099999999999996,17.520000000000003,1.94,1,Nilgiris,Tamil Nadu
2016-08-26,8.72,12.470000000000004,15.189999999999998,26.140000000000008,8.72,1,Nilgiris,Tamil Nadu
2016-08-27,5.34,15.910000000000004,20.249999999999996,29.96,8.72,1,Nilgiris,Tamil Nadu
2016-08-28,0.93,14.990000000000004,20.999999999999996,30.480000000000008,8.72,1,Nilgiris,Tamil Nadu
2016-08-29,0.55,6.820000000000004,21.229999999999997,29.280000000000005,5.34,1,Nilgiris,Tamil Nadu
2016-08-30,5.57,7.050000000000004,24.859999999999996,32.25000000000001,5.57,1,Nilgiris,Tamil Nadu
2016-08-31,4.02,10.140000000000004,26.979999999999997,34.77,5.57,1,Nilgiris,Tamil Nadu
2016-09-01,1.22,10.810000000000004,26.349999999999994,34.17,5.57,1,Nilgiris,Tamil Nadu
2016-09-02,0.95,6.190000000000003,18.58,34.400000000000006,4.02,1,Nilgiris,Tamil Nadu
2016-09-03,0.4,2.5700000000000034,13.639999999999995,34.17,1.22,1,Nilgiris,Tamil Nadu
2016-09-04,0.27,1.6200000000000037,12.979999999999995,34.160000000000004,0.95,1,Nilgiris,Tamil Nadu
2016-09-05,0.05,0.7200000000000036,12.479999999999995,34.03,0.4,1,Nilgiris,Tamil Nadu
2016-09-06,0.43,0.7500000000000036,7.3399999999999945,34.14,0.43,1,Nilgiris,Tamil Nadu
2016-09-07,0.06,0.5400000000000036,3.3799999999999946,32.260000000000005,0.43,1,Nilgiris,Tamil Nadu
2016-09-08,0.01,0.5000000000000036,2.169999999999995,30.370000000000005,0.43,1,Nilgiris,Tamil Nadu
2016-09-09,0.21,0.2800000000000036,1.4299999999999946,28.730000000000004,0.21,1,Nilgiris,Tamil Nadu
2016-09-10,0.48,0.7000000000000035,1.5099999999999945,20.490000000000006,0.48,1,Nilgiris,Tamil Nadu
2016-09-11,0.06,0.7500000000000036,1.2999999999999945,15.210000000000004,0.48,1,Nilgiris,Tamil Nadu
2016-09-12,0.02,0.5600000000000036,1.2699999999999947,14.300000000000004,0.48,1,Nilgiris,Tamil Nadu
2016-09-13,0.38,0.46000000000000363,1.2199999999999946,14.130000000000003,0.38,1,Nilgiris,Tamil Nadu
2016-09-14,1.8,2.2000000000000037,2.9599999999999946,10.360000000000003,1.8,1,Nilgiris,Tamil Nadu
2016-09-15,1.3,3.480000000000004,4.249999999999995,7.640000000000004,1.8,1,Nilgiris,Tamil Nadu
2016-09-16,1.34,4.440000000000004,5.3799999999999955,7.760000000000004,1.8,1,Nilgiris,Tamil Nadu
2016-09-17,0.16,2.800000000000004,5.059999999999994,6.970000000000004,1.34,1,Nilgiris,Tamil Nadu
2016-09-18,0.14,1.6400000000000037,5.139999999999995,6.7100000000000035,1.34,1,Nilgiris,Tamil Nadu
2016-09-19,0.42,0.7200000000000035,5.539999999999995,6.860000000000004,0.42,1,Nilgiris,Tamil Nadu
2016-09-20,0.13,0.6900000000000035,5.289999999999995,6.940000000000004,0.42,1,Nilgiris,Tamil Nadu
2016-09-21,1.11,1.6600000000000037,4.599999999999994,7.620000000000004,1.11,1,Nilgiris,Tamil Nadu
2016-09-22,0.13,1.3700000000000037,3.429999999999995,7.690000000000004,1.11,1,Nilgiris,Tamil Nadu
2016-09-23,0.51,1.7500000000000036,2.5999999999999948,8.190000000000005,1.11,1,Nilgiris,Tamil Nadu
2016-09-24,1.04,1.6800000000000033,3.4799999999999947,9.020000000000005,1.04,1,Nilgiris,Tamil Nadu
2016-09-25,0.46,2.0100000000000033,3.799999999999995,9.000000000000004,1.04,1,Nilgiris,Tamil Nadu
2016-09-26,0.41,1.9100000000000033,3.7899999999999947,9.350000000000003,1.04,1,Nilgiris,Tamil Nadu
2016-09-27,0.67,1.5400000000000031,4.329999999999995,10.000000000000004,0.67,1,Nilgiris,Tamil Nadu
2016-09-28,1.41,2.490000000000003,4.629999999999995,11.030000000000005,1.41,1,Nilgiris,Tamil Nadu
2016-09-29,2.47,4.550000000000003,6.969999999999995,11.700000000000005,2.47,1,Nilgiris,Tamil Nadu
2016-09-30,0.19,4.070000000000004,6.649999999999996,10.590000000000003,2.47,1,Nilgiris,Tamil Nadu
2016-10-01,0.0,2.6600000000000033,5.609999999999996,9.250000000000004,2.47,0,Nilgiris,Tamil Nadu
2016-10-02,0.0,0.19000000000000355,5.149999999999995,9.090000000000003,0.19,0,Nilgiris,Tamil Nadu
2016-10-03,0.02,0.020000000000003553,4.759999999999995,8.970000000000006,0.02,0,Nilgiris,Tamil Nadu
2016-10-04,0.03,0.050000000000003555,4.119999999999995,8.580000000000004,0.03,0,Nilgiris,Tamil Nadu
2016-10-05,0.02,0.07000000000000356,2.729999999999995,8.470000000000004,0.03,0,Nilgiris,Tamil Nadu
2016-10-06,0.04,0.09000000000000355,0.29999999999999466,7.400000000000004,0.04,0,Nilgiris,Tamil Nadu
2016-10-07,0.01,0.07000000000000355,0.11999999999999467,7.280000000000004,0.04,0,Nilgiris,Tamil Nadu
2016-10-08,0.1,0.15000000000000355,0.21999999999999467,6.8700000000000045,0.1,0,Nilgiris,Tamil Nadu
2016-10-09,0.01,0.12000000000000353,0.22999999999999468,5.840000000000003,0.1,0,Nilgiris,Tamil Nadu
2016-10-10,0.0,0.11000000000000354,0.2099999999999947,5.3800000000000034,0.1,0,Nilgiris,Tamil Nadu
2016-10-11,3.57,3.580000000000003,3.7499999999999947,8.540000000000004,3.57,0,Nilgiris,Tamil Nadu
2016-10-12,5.19,8.760000000000003,8.919999999999995,13.060000000000004,5.19,0,Nilgiris,Tamil Nadu
2016-10-13,14.24,23.000000000000007,23.119999999999997,25.890000000000004,14.24,0,Nilgiris,Tamil Nadu
2016-10-14,1.39,20.820000000000004,24.499999999999996,24.810000000000002,14.24,0,Nilgiris,Tamil Nadu
2016-10-15,0.19,15.820000000000006,24.589999999999996,24.810000000000002,14.24,0,Nilgiris,Tamil Nadu
2016-10-16,0.01,1.5900000000000052,24.589999999999996,24.820000000000004,1.39,0,Nilgiris,Tamil Nadu
2016-10-17,0.0,0.20000000000000534,24.589999999999996,24.820000000000004,0.19,0,Nilgiris,Tamil Nadu
2016-10-18,0.0,0.01000000000000533,21.019999999999996,24.800000000000004,0.01,0,Nilgiris,Tamil Nadu
2016-10-19,0.05,0.05000000000000533,15.879999999999997,24.820000000000004,0.05,0,Nilgiris,Tamil Nadu
2016-10-20,0.29,0.3400000000000053,1.9299999999999964,25.090000000000003,0.29,0,Nilgiris,Tamil Nadu
2016-10-21,0.24,0.5800000000000053,0.7799999999999965,25.290000000000003,0.29,0,Nilgiris,Tamil Nadu
2016-10-22,0.12,0.6500000000000052,0.7099999999999964,25.400000000000002,0.29,0,Nilgiris,Tamil Nadu
2016-10-23,0.23,0.5900000000000053,0.9299999999999965,25.530000000000005,0.24,0,Nilgiris,Tamil Nadu
2016-10-24,0.1,0.45000000000000534,1.0299999999999965,25.620000000000005,0.23,0,Nilgiris,Tamil Nadu
2016-10-25,0.04,0.3700000000000053,1.0699999999999965,25.660000000000004,0.23,0,Nilgiris,Tamil Nadu
2016-10-26,0.14,0.28000000000000536,1.1599999999999964,22.230000000000004,0.14,0,Nilgiris,Tamil Nadu
2016-10-27,0.11,0.29000000000000536,0.9799999999999964,17.150000000000006,0.14,0,Nilgiris,Tamil Nadu
2016-10-28,0.0,0.2500000000000054,0.7399999999999964,2.9100000000000033,0.14,0,Nilgiris,Tamil Nadu
2016-10-29,0.02,0.13000000000000533,0.6399999999999966,1.5400000000000036,0.11,0,Nilgiris,Tamil Nadu
2016-10-30,4.66,4.680000000000005,5.069999999999997,6.010000000000003,4.66,0,Nilgiris,Tamil Nadu
2016-10-31,8.19,12.870000000000005,13.159999999999997,14.190000000000003,8.19,0,Nilgiris,Tamil Nadu
2016-11-01,0.45,13.300000000000004,13.569999999999995,14.640000000000002,8.19,0,Nilgiris,Tamil Nadu
2016-11-02,2.09,10.730000000000004,15.519999999999996,16.730000000000004,8.19,0,Nilgiris,Tamil Nadu
2016-11-03,4.04,6.580000000000005,19.449999999999996,20.720000000000002,4.04,0,Nilgiris,Tamil Nadu
2016-11-04,2.36,8.490000000000006,21.809999999999995,22.790000000000003,4.04,0,Nilgiris,Tamil Nadu
2016-11-05,0.24,6.640000000000005,22.029999999999998,22.790000000000003,4.04,0,Nilgiris,Tamil Nadu
2016-11-06,0.0,2.600000000000005,17.369999999999997,22.670000000000005,2.36,0,Nilgiris,Tamil Nadu
2016-11-07,0.0,0.24000000000000532,9.179999999999996,22.440000000000005,0.24,0,Nilgiris,Tamil Nadu
2016-11-08,0.59,0.5900000000000053,9.319999999999997,22.930000000000003,0.59,0,Nilgiris,Tamil Nadu
2016-11-09,0.35,0.9400000000000053,7.5799999999999965,23.240000000000002,0.59,0,Nilgiris,Tamil Nadu
2016-11-10,0.0,0.9400000000000053,3.5399999999999965,23.1,0.59,0,Nilgiris,Tamil Nadu
2016-11-11,0.0,0.3500000000000053,1.1799999999999964,22.990000000000002,0.35,0,Nilgiris,Tamil Nadu
2016-11-12,0.0,0.0,0.9399999999999964,22.990000000000002,0.0,0,Nilgiris,Tamil Nadu
2016-11-13,4.39,4.390000000000005,5.3299999999999965,27.360000000000003,4.39,0,Nilgiris,Tamil Nadu
2016-11-14,10.12,14.510000000000005,15.449999999999994,32.82,10.12,0,Nilgiris,Tamil Nadu
2016-11-15,8.68,23.190000000000005,23.539999999999992,33.31,10.12,0,Nilgiris,Tamil Nadu
2016-11-16,0.24,19.040000000000003,23.429999999999993,33.1,10.12,0,Nilgiris,Tamil Nadu
2016-11-17,0.09,9.010000000000005,23.519999999999992,31.1,8.68,0,Nilgiris,Tamil Nadu
2016-11-18,0.0,0.3300000000000053,23.519999999999992,27.060000000000002,0.24,0,Nilgiris,Tamil Nadu
2016-11-19,0.0,0.09000000000000533,23.519999999999992,24.700000000000003,0.09,0,Nilgiris,Tamil Nadu
2016-11-20,0.0,0.0,19.129999999999995,24.46,0.0,0,Nilgiris,Tamil Nadu
2016-11-21,0.0,0.0,9.009999999999994,24.46,0.0,0,Nilgiris,Tamil Nadu
2016-11-22,0.0,0.0,0.32999999999999463,24.46,0.0,0,Nilgiris,Tamil Nadu
2016-11-23,0.02,0.02000000000000533,0.10999999999999467,23.89,0.02,0,Nilgiris,Tamil Nadu
2016-11-24,0.01,0.030000000000005328,0.02999999999999467,23.550000000000004,0.02,0,Nilgiris,Tamil Nadu
2016-11-25,0.0,0.030000000000005328,0.02999999999999467,23.550000000000004,0.02,0,Nilgiris,Tamil Nadu
2016-11-26,0.0,0.01000000000000533,0.02999999999999467,23.550000000000004,0.01,0,Nilgiris,Tamil Nadu
2016-11-27,0.0,0.0,0.02999999999999467,23.550000000000004,0.0,0,Nilgiris,Tamil Nadu
2016-11-28,0.0,0.0,0.02999999999999467,19.160000000000004,0.0,0,Nilgiris,Tamil Nadu
2016-11-29,0.0,0.0,0.02999999999999467,9.040000000000003,0.0,0,Nilgiris,Tamil Nadu
2016-11-30,0.0,0.0,0.009999999999994671,0.36000000000000354,0.0,0,Nilgiris,Tamil Nadu
2016-12-01,0.7,0.7000000000000053,0.6999999999999946,0.8200000000000035,0.7,0,Nilgiris,Tamil Nadu
2016-12-02,12.12,12.820000000000004,12.819999999999993,12.850000000000003,12.12,0,Nilgiris,Tamil Nadu
2016-12-03,12.7,25.520000000000003,25.519999999999992,25.550000000000004,12.7,0,Nilgiris,Tamil Nadu
2016-12-04,1.35,26.170000000000005,26.869999999999994,26.900000000000002,12.7,0,Nilgiris,Tamil Nadu
2016-12-05,0.13,14.180000000000005,26.999999999999993,27.03,12.7,0,Nilgiris,Tamil Nadu
2016-12-06,0.13,1.6100000000000054,27.129999999999992,27.160000000000004,1.35,0,Nilgiris,Tamil Nadu
2016-12-07,0.0,0.26000000000000534,27.129999999999992,27.160000000000004,0.13,0,Nilgiris,Tamil Nadu
2016-12-08,0.0,0.13000000000000533,26.429999999999993,27.140000000000004,0.13,0,Nilgiris,Tamil Nadu
2016-12-09,0.0,0.0,14.309999999999993,27.130000000000003,0.0,0,Nilgiris,Tamil Nadu
2016-12-10,0.0,0.0,1.6099999999999948,27.130000000000003,0.0,0,Nilgiris,Tamil Nadu
2016-12-11,0.0,0.0,0.2599999999999947,27.130000000000003,0.0,0,Nilgiris,Tamil Nadu
2016-12-12,5.67,5.670000000000005,5.7999999999999945,32.800000000000004,5.67,0,Nilgiris,Tamil Nadu
2016-12-13,16.29,21.960000000000004,21.959999999999994,49.09,16.29,0,Nilgiris,Tamil Nadu
2016-12-14,11.07,33.03,33.029999999999994,60.16,16.29,0,Nilgiris,Tamil Nadu
2016-12-15,1.67,29.03,34.699999999999996,61.83,16.29,0,Nilgiris,Tamil Nadu
2016-12-16,0.01,12.750000000000004,34.709999999999994,61.14000000000001,11.07,0,Nilgiris,Tamil Nadu
2016-12-17,0.0,1.6800000000000035,34.709999999999994,49.02,1.67,0,Nilgiris,Tamil Nadu
2016-12-18,0.0,0.010000000000003553,34.709999999999994,36.32000000000001,0.01,0,Nilgiris,Tamil Nadu
2016-12-19,0.0,0.0,29.039999999999992,34.970000000000006,0.0,0,Nilgiris,Tamil Nadu
2016-12-20,0.07,0.07000000000000356,12.819999999999993,34.91,0.07,0,Nilgiris,Tamil Nadu
2016-12-21,0.02,0.09000000000000356,1.769999999999993,34.800000000000004,0.07,0,Nilgiris,Tamil Nadu
2016-12-22,0.0,0.09000000000000356,0.0999999999999929,34.800000000000004,0.07,0,Nilgiris,Tamil Nadu
2016-12-23,0.0,0.020000000000003553,0.0899999999999929,34.800000000000004,0.02,0,Nilgiris,Tamil Nadu
2016-12-24,0.0,0.0,0.0899999999999929,34.800000000000004,0.0,0,Nilgiris,Tamil Nadu
2016-12-25,0.0,0.0,0.0899999999999929,34.800000000000004,0.0,0,Nilgiris,Tamil Nadu
2016-12-26,0.0,0.0,0.0899999999999929,34.800000000000004,0.0,0,Nilgiris,Tamil Nadu
2016-12-27,0.0,0.0,0.019999999999992895,29.130000000000003,0.0,0,Nilgiris,Tamil Nadu
2016-12-28,0.09,0.09000000000000355,0.08999999999999289,12.930000000000003,0.09,0,Nilgiris,Tamil Nadu
2016-12-29,0.08,0.17000000000000354,0.16999999999999288,1.9400000000000035,0.09,0,Nilgiris,Tamil Nadu
2016-12-30,0.0,0.17000000000000354,0.16999999999999288,0.27000000000000357,0.09,0,Nilgiris,Tamil Nadu
2016-12-31,0.0,0.08000000000000355,0.16999999999999288,0.26000000000000356,0.08,0,Nilgiris,Tamil Nadu
2017-01-01,0.0,0.0,0.16999999999999288,0.26000000000000356,0.0,0,Nilgiris,Tamil Nadu
2017-01-02,0.0,0.0,0.16999999999999288,0.26000000000000356,0.0,0,Nilgiris,Tamil Nadu
2017-01-03,0.0,0.0,0.16999999999999288,0.26000000000000356,0.0,0,Nilgiris,Tamil Nadu
2017-01-04,0.0,0.0,0.0799999999999929,0.19000000000000355,0.0,0,Nilgiris,Tamil Nadu
2017-01-05,0.0,0.0,0.0,0.17000000000000354,0.0,0,Nilgiris,Tamil Nadu
2017-01-06,0.0,0.0,0.0,0.17000000000000354,0.0,0,Nilgiris,Tamil Nadu
2017-01-07,0.0,0.0,0.0,0.17000000000000354,0.0,0,Nilgiris,Tamil Nadu
2017-01-08,0.0,0.0,0.0,0.17000000000000354,0.0,0,Nilgiris,Tamil Nadu
2017-01-09,0.0,0.0,0.0,0.17000000000000354,0.0,0,Nilgiris,Tamil Nadu
2017-01-10,0.0,0.0,0.0,0.17000000000000354,0.0,0,Nilgiris,Tamil Nadu
2017-01-11,0.0,0.0,0.0,0.17000000000000354,0.0,0,Nilgiris,Tamil Nadu
2017-01-12,0.0,0.0,0.0,0.08000000000000355,0.0,0,Nilgiris,Tamil Nadu
2017-01-13,0.0,0.0,0.0,0.0,0.0,0,Nilgiris,Tamil Nadu
2017-01-14,0.0,0.0,0.0,0.0,0.0,0,Nilgiris,Tamil Nadu
2017-01-15,0.0,0.0,0.0,0.0,0.0,0,Nilgiris,Tamil Nadu
2017-01-16,0.0,0.0,0.0,0.0,0.0,0,Nilgiris,Tamil Nadu
2017-01-17,0.0,0.0,0.0,0.0,0.0,0,Nilgiris,Tamil Nadu
2017-01-18,0.0,0.0,0.0,0.0,0.0,0,Nilgiris,Tamil Nadu
2017-01-19,0.0,0.0,0.0,0.0,0.0,0,Nilgiris,Tamil Nadu
2017-01-20,0.03,0.03000000000000355,0.029999999999992893,0.03000000000000355,0.03,0,Nilgiris,Tamil Nadu
2017-01-21,4.34,4.370000000000004,4.369999999999993,4.370000000000004,4.34,0,Nilgiris,Tamil Nadu
2017-01-22,0.16,4.530000000000004,4.529999999999993,4.530000000000004,4.34,0,Nilgiris,Tamil Nadu
2017-01-23,0.0,4.5000000000000036,4.529999999999993,4.530000000000004,4.34,0,Nilgiris,Tamil Nadu
2017-01-24,0.0,0.16000000000000356,4.529999999999993,4.530000000000004,0.16,0,Nilgiris,Tamil Nadu
2017-01-25,0.01,0.010000000000003553,4.539999999999993,4.540000000000004,0.01,0,Nilgiris,Tamil Nadu
2017-01-26,2.3,2.310000000000003,6.839999999999993,6.840000000000003,2.3,0,Nilgiris,Tamil Nadu
2017-01-27,7.65,9.960000000000004,14.459999999999994,14.490000000000004,7.65,0,Nilgiris,Tamil Nadu
2017-01-28,4.87,14.820000000000004,14.989999999999993,19.360000000000003,7.65,0,Nilgiris,Tamil Nadu
2017-01-29,1.44,13.960000000000003,16.269999999999992,20.800000000000004,7.65,0,Nilgiris,Tamil Nadu
2017-01-30,0.2,6.510000000000003,16.46999999999999,21.000000000000004,4.87,0,Nilgiris,Tamil Nadu
2017-01-31,0.0,1.6400000000000035,16.46999999999999,21.000000000000004,1.44,0,Nilgiris,Tamil Nadu
2017-02-01,0.0,0.20000000000000356,16.45999999999999,21.000000000000004,0.2,0,Nilgiris,Tamil Nadu
2017-02-02,0.0,0.0,14.159999999999995,21.000000000000004,0.0,0,Nilgiris,Tamil Nadu
2017-02-03,0.0,0.0,6.509999999999993,21.000000000000004,0.0,0,Nilgiris,Tamil Nadu
2017-02-04,0.0,0.0,1.6399999999999928,20.970000000000002,0.0,0,Nilgiris,Tamil Nadu
2017-02-05,0.0,0.0,0.1999999999999929,16.630000000000003,0.0,0,Nilgiris,Tamil Nadu
2017-02-06,0.0,0.0,0.0,16.470000000000002,0.0,0,Nilgiris,Tamil Nadu
2017-02-07,0.0,0.0,0.0,16.470000000000002,0.0,0,Nilgiris,Tamil Nadu
2017-02-08,0.0,0.0,0.0,16.470000000000002,0.0,0,Nilgiris,Tamil Nadu
2017-02-09,0.0,0.0,0.0,16.460000000000004,0.0,0,Nilgiris,Tamil Nadu
2017-02-10,0.0,0.0,0.0,14.160000000000004,0.0,0,Nilgiris,Tamil Nadu
2017-02-11,0.0,0.0,0.0,6.510000000000003,0.0,0,Nilgiris,Tamil Nadu
2017-02-12,0.0,0.0,0.0,1.6400000000000035,0.0,0,Nilgiris,Tamil Nadu
2017-02-13,0.0,0.0,0.0,0.20000000000000356,0.0,0,Nilgiris,Tamil Nadu
2017-02-14,0.03,0.03000000000000355,0.029999999999992893,0.03000000000000355,0.03,0,Nilgiris,Tamil Nadu
2017-02-15,0.0,0.03000000000000355,0.029999999999992893,0.03000000000000355,0.03,0,Nilgiris,Tamil Nadu
2017-02-16,0.0,0.03000000000000355,0.029999999999992893,0.03000000000000355,0.03,0,Nilgiris,Tamil Nadu
2017-02-17,0.0,0.0,0.029999999999992893,0.03000000000000355,0.0,0,Nilgiris,Tamil Nadu
2017-02-18,0.0,0.0,0.029999999999992893,0.03000000000000355,0.0,0,Nilgiris,Tamil Nadu
2017-02-19,0.0,0.0,0.029999999999992893,0.03000000000000355,0.0,0,Nilgiris,Tamil Nadu
2017-02-20,0.0,0.0,0.029999999999992893,0.03000000000000355,0.0,0,Nilgiris,Tamil Nadu
2017-02-21,0.0,0.0,0.0,0.03000000000000355,0.0,0,Nilgiris,Tamil Nadu
2017-02-22,0.0,0.0,0.0,0.03000000000000355,0.0,0,Nilgiris,Tamil Nadu
2017-02-23,0.0,0.0,0.0,0.03000000000000355,0.0,0,Nilgiris,Tamil Nadu
2017-02-24,0.0,0.0,0.0,0.03000000000000355,0.0,0,Nilgiris,Tamil Nadu
2017-02-25,0.0,0.0,0.0,0.03000000000000355,0.0,0,Nilgiris,Tamil Nadu
2017-02-26,0.0,0.0,0.0,0.03000000000000355,0.0,0,Nilgiris,Tamil Nadu
2017-02-27,0.0,0.0,0.0,0.03000000000000355,0.0,0,Nilgiris,Tamil Nadu
2017-02-28,0.0,0.0,0.0,0.03000000000000355,0.0,0,Nilgiris,Tamil Nadu
2017-03-01,0.0,0.0,0.0,0.0,0.0,0,Nilgiris,Tamil Nadu
2017-03-02,0.0,0.0,0.0,0.0,0.0,0,Nilgiris,Tamil Nadu
2017-03-03,0.3,0.30000000000000354,0.2999999999999929,0.30000000000000354,0.3,0,Nilgiris,Tamil Nadu
2017-03-04,1.68,1.9800000000000035,1.9799999999999929,1.9800000000000035,1.68,0,Nilgiris,Tamil Nadu
2017-03-05,1.19,3.1700000000000035,3.169999999999993,3.1700000000000035,1.68,0,Nilgiris,Tamil Nadu
2017-03-06,1.62,4.490000000000004,4.789999999999993,4.790000000000004,1.68,0,Nilgiris,Tamil Nadu
2017-03-07,2.17,4.980000000000004,6.959999999999993,6.9600000000000035,2.17,0,Nilgiris,Tamil Nadu
2017-03-08,1.56,5.350000000000003,8.519999999999992,8.520000000000003,2.17,0,Nilgiris,Tamil Nadu
2017-03-09,2.52,6.2500000000000036,11.039999999999992,11.040000000000003,2.52,0,Nilgiris,Tamil Nadu
2017-03-10,6.01,10.090000000000003,16.749999999999993,17.050000000000004,6.01,0,Nilgiris,Tamil Nadu
2017-03-11,0.25,8.780000000000003,15.319999999999993,17.300000000000004,6.01,0,Nilgiris,Tamil Nadu
2017-03-12,0.07,6.330000000000004,14.199999999999992,17.370000000000005,6.01,0,Nilgiris,Tamil Nadu
2017-03-13,3.21,3.5300000000000034,15.789999999999992,20.580000000000002,3.21,0,Nilgiris,Tamil Nadu
2017-03-14,18.91,22.190000000000005,32.529999999999994,39.49,18.91,0,Nilgiris,Tamil Nadu
2017-03-15,13.67,35.790000000000006,44.63999999999999,53.160000000000004,18.91,0,Nilgiris,Tamil Nadu
2017-03-16,3.66,36.24,45.779999999999994,56.82,18.91,0,Nilgiris,Tamil Nadu
2017-03-17,0.25,17.580000000000005,40.01999999999999,57.07,13.67,0,Nilgiris,Tamil Nadu
2017-03-18,0.14,4.050000000000003,39.90999999999999,56.910000000000004,3.66,0,Nilgiris,Tamil Nadu
2017-03-19,0.09,0.48000000000000353,39.92999999999999,55.32000000000001,0.25,0,Nilgiris,Tamil Nadu
2017-03-20,2.12,2.3500000000000036,38.839999999999996,56.25,2.12,0,Nilgiris,Tamil Nadu
2017-03-21,3.63,5.840000000000003,23.55999999999999,58.260000000000005,3.63,0,Nilgiris,Tamil Nadu
2017-03-22,0.0,5.7500000000000036,9.889999999999993,56.09,3.63,0,Nilgiris,Tamil Nadu
2017-03-23,0.0,3.6300000000000034,6.229999999999993,54.53,3.63,0,Nilgiris,Tamil Nadu
2017-03-24,0.0,0.0,5.979999999999993,52.010000000000005,0.0,0,Nilgiris,Tamil Nadu
2017-03-25,0.0,0.0,5.839999999999993,46.00000000000001,0.0,0,Nilgiris,Tamil Nadu
2017-03-26,0.0,0.0,5.749999999999993,45.75000000000001,0.0,0,Nilgiris,Tamil Nadu
2017-03-27,0.0,0.0,3.629999999999993,45.68000000000001,0.0,0,Nilgiris,Tamil Nadu
2017-03-28,0.0,0.0,0.0,42.470000000000006,0.0,0,Nilgiris,Tamil Nadu
2017-03-29,0.0,0.0,0.0,23.560000000000002,0.0,0,Nilgiris,Tamil Nadu
2017-03-30,0.0,0.0,0.0,9.890000000000004,0.0,0,Nilgiris,Tamil Nadu
2017-03-31,0.0,0.0,0.0,6.230000000000004,0.0,0,Nilgiris,Tamil Nadu
2017-04-01,0.0,0.0,0.0,5.980000000000004,0.0,0,Nilgiris,Tamil Nadu
2017-04-02,0.0,0.0,0.0,5.840000000000003,0.0,0,Nilgiris,Tamil Nadu
2017-04-03,0.0,0.0,0.0,5.7500000000000036,0.0,0,Nilgiris,Tamil Nadu
2017-04-04,0.33,0.33000000000000357,0.3299999999999929,3.9600000000000035,0.33,0,Nilgiris,Tamil Nadu
2017-04-05,1.84,2.1700000000000035,2.169999999999993,2.1700000000000035,1.84,0,Nilgiris,Tamil Nadu
2017-04-06,3.41,5.580000000000004,5.579999999999993,5.580000000000004,3.41,0,Nilgiris,Tamil Nadu
2017-04-07,2.74,7.990000000000004,8.319999999999993,8.320000000000004,3.41,0,Nilgiris,Tamil Nadu
2017-04-08,0.01,6.160000000000004,8.329999999999993,8.330000000000004,3.41,0,Nilgiris,Tamil Nadu
2017-04-09,0.03,2.780000000000004,8.359999999999992,8.360000000000003,2.74,0,Nilgiris,Tamil Nadu
2017-04-10,0.2,0.24000000000000357,8.559999999999993,8.560000000000004,0.2,0,Nilgiris,Tamil Nadu
2017-04-11,0.48,0.7100000000000035,8.709999999999994,9.040000000000004,0.48,0,Nilgiris,Tamil Nadu
2017-04-12,0.71,1.3900000000000035,7.579999999999993,9.750000000000004,0.71,0,Nilgiris,Tamil Nadu
2017-04-13,0.78,1.9700000000000035,4.949999999999993,10.530000000000005,0.78,0,Nilgiris,Tamil Nadu
2017-04-14,0.27,1.7600000000000036,2.479999999999993,10.800000000000004,0.78,0,Nilgiris,Tamil Nadu
2017-04-15,0.0,1.0500000000000036,2.469999999999993,10.800000000000004,0.78,0,Nilgiris,Tamil Nadu
2017-04-16,0.65,0.9200000000000036,3.0899999999999928,11.450000000000005,0.65,0,Nilgiris,Tamil Nadu
2017-04-17,2.21,2.8600000000000034,5.0999999999999925,13.660000000000004,2.21,0,Nilgiris,Tamil Nadu
2017-04-18,0.79,3.6500000000000035,5.409999999999993,14.450000000000003,2.21,0,Nilgiris,Tamil Nadu
2017-04-19,0.95,3.9500000000000037,5.649999999999993,15.070000000000004,2.21,0,Nilgiris,Tamil Nadu
2017-04-20,4.05,5.790000000000004,8.919999999999993,17.280000000000005,4.05,0,Nilgiris,Tamil Nadu
2017-04-21,9.58,14.580000000000004,18.229999999999993,23.450000000000003,9.58,0,Nilgiris,Tamil Nadu
2017-04-22,3.46,17.090000000000003,21.689999999999994,24.17,9.58,0,Nilgiris,Tamil Nadu
2017-04-23,0.14,13.180000000000003,21.179999999999993,24.300000000000004,9.58,0,Nilgiris,Tamil Nadu
2017-04-24,0.22,3.8200000000000034,19.189999999999994,24.490000000000002,3.46,0,Nilgiris,Tamil Nadu
2017-04-25,0.72,1.0800000000000036,19.11999999999999,25.01,0.72,0,Nilgiris,Tamil Nadu
2017-04-26,1.11,2.0500000000000034,19.27999999999999,25.64,1.11,0,Nilgiris,Tamil Nadu
2017-04-27,0.04,1.8700000000000034,15.269999999999992,24.970000000000002,1.11,0,Nilgiris,Tamil Nadu
2017-04-28,0.01,1.1600000000000035,5.699999999999993,24.200000000000003,1.11,0,Nilgiris,Tamil Nadu
2017-04-29,1.38,1.4300000000000033,3.619999999999993,25.310000000000002,1.38,0,Nilgiris,Tamil Nadu
2017-04-30,1.15,2.540000000000003,4.629999999999993,26.460000000000004,1.38,0,Nilgiris,Tamil Nadu
2017-05-01,17.6,20.130000000000006,22.009999999999994,43.410000000000004,17.6,0,Nilgiris,Tamil Nadu
2017-05-02,8.99,27.74000000000001,30.279999999999994,50.190000000000005,17.6,0,Nilgiris,Tamil Nadu
2017-05-03,0.29,26.880000000000006,29.459999999999997,49.690000000000005,17.6,0,Nilgiris,Tamil Nadu
2017-05-04,0.1,9.380000000000004,29.519999999999992,48.84000000000001,8.99,0,Nilgiris,Tamil Nadu
2017-05-05,0.27,0.6600000000000036,29.779999999999994,45.06,0.29,0,Nilgiris,Tamil Nadu
2017-05-06,1.56,1.9300000000000037,29.959999999999994,37.040000000000006,1.56,0,Nilgiris,Tamil Nadu
2017-05-07,11.0,12.830000000000004,39.809999999999995,44.580000000000005,11.0,0,Nilgiris,Tamil Nadu
2017-05-08,4.51,17.070000000000004,26.71999999999999,48.95,11.0,0,Nilgiris,Tamil Nadu
2017-05-09,0.78,16.290000000000003,18.50999999999999,49.510000000000005,11.0,0,Nilgiris,Tamil Nadu
2017-05-10,2.95,8.240000000000004,21.169999999999995,51.74000000000001,4.51,0,Nilgiris,Tamil Nadu
2017-05-11,1.04,4.770000000000004,22.109999999999996,51.67000000000001,2.95,0,Nilgiris,Tamil Nadu
2017-05-12,5.54,9.530000000000005,27.379999999999995,57.17000000000001,5.54,0,Nilgiris,Tamil Nadu
2017-05-13,4.47,11.050000000000004,30.289999999999992,61.63,5.54,0,Nilgiris,Tamil Nadu
2017-05-14,3.73,13.740000000000004,23.019999999999992,63.98000000000001,5.54,0,Nilgiris,Tamil Nadu
2017-05-15,0.72,8.920000000000003,19.22999999999999,63.55000000000001,4.47,0,Nilgiris,Tamil Nadu
2017-05-16,0.93,5.3800000000000034,19.379999999999995,46.88,3.73,0,Nilgiris,Tamil Nadu
2017-05-17,1.62,3.2700000000000036,18.04999999999999,39.510000000000005,1.62,0,Nilgiris,Tamil Nadu
2017-05-18,15.02,17.570000000000004,32.02999999999999,54.24000000000001,15.02,0,Nilgiris,Tamil Nadu
2017-05-19,1.54,18.180000000000003,28.02999999999999,55.68000000000001,15.02,0,Nilgiris,Tamil Nadu
2017-05-20,8.43,24.990000000000002,31.98999999999999,63.84,15.02,0,Nilgiris,Tamil Nadu
2017-05-21,10.79,20.76,39.04999999999999,73.07000000000001,10.79,0,Nilgiris,Tamil Nadu
2017-05-22,15.59,34.81,53.91999999999999,77.66,15.59,0,Nilgiris,Tamil Nadu
2017-05-23,1.0,27.380000000000003,53.989999999999995,74.15,15.59,0,Nilgiris,Tamil Nadu
2017-05-24,4.3,20.890000000000004,56.66999999999999,77.67,15.59,0,Nilgiris,Tamil Nadu
2017-05-25,3.72,9.020000000000003,45.36999999999999,78.44,4.3,0,Nilgiris,Tamil Nadu
2017-05-26,2.97,10.990000000000004,46.79999999999999,80.37,4.3,0,Nilgiris,Tamil Nadu
2017-05-27,9.19,15.880000000000003,47.55999999999999,84.02,9.19,0,Nilgiris,Tamil Nadu
2017-05-28,1.29,13.450000000000003,38.059999999999995,80.84,9.19,0,Nilgiris,Tamil Nadu
2017-05-29,1.24,11.720000000000004,23.709999999999994,78.35,9.19,0,Nilgiris,Tamil Nadu
2017-05-30,1.75,4.280000000000004,24.459999999999994,79.38,1.75,0,Nilgiris,Tamil Nadu
2017-05-31,0.93,3.9200000000000035,21.089999999999993,79.38,1.75,0,Nilgiris,Tamil Nadu
2017-06-01,1.5,4.180000000000003,18.869999999999994,79.25999999999999,1.75,1,Nilgiris,Tamil Nadu
2017-06-02,6.98,9.410000000000004,22.879999999999992,71.22,6.98,1,Nilgiris,Tamil Nadu
2017-06-03,2.11,10.590000000000003,15.799999999999994,71.78999999999999,6.98,1,Nilgiris,Tamil Nadu
2017-06-04,0.33,9.420000000000003,14.839999999999995,63.690000000000005,6.98,1,Nilgiris,Tamil Nadu
2017-06-05,3.87,6.310000000000004,17.469999999999995,56.77,3.87,1,Nilgiris,Tamil Nadu
2017-06-06,1.71,5.910000000000004,17.429999999999993,42.89000000000001,3.87,1,Nilgiris,Tamil Nadu
2017-06-07,3.17,8.750000000000004,19.669999999999995,45.06,3.87,1,Nilgiris,Tamil Nadu
2017-06-08,0.33,5.210000000000003,18.499999999999993,41.09,3.17,1,Nilgiris,Tamil Nadu
2017-06-09,0.83,4.330000000000004,12.349999999999994,38.2,3.17,1,Nilgiris,Tamil Nadu
2017-06-10,4.08,5.240000000000004,14.319999999999993,39.31,4.08,1,Nilgiris,Tamil Nadu
2017-06-11,1.98,6.890000000000004,15.969999999999992,32.1,4.08,1,Nilgiris,Tamil Nadu
2017-06-12,3.91,9.970000000000004,16.009999999999994,34.720000000000006,4.08,1,Nilgiris,Tamil Nadu
2017-06-13,1.63,7.520000000000003,15.929999999999993,35.11,3.91,1,Nilgiris,Tamil Nadu
2017-06-14,1.81,7.350000000000003,14.569999999999993,35.17,3.91,1,Nilgiris,Tamil Nadu
2017-06-15,0.55,3.9900000000000038,14.789999999999992,34.790000000000006,1.81,1,Nilgiris,Tamil Nadu
2017-06-16,1.07,3.4300000000000037,15.029999999999992,34.36,1.81,1,Nilgiris,Tamil Nadu
2017-06-17,0.28,1.9000000000000037,11.229999999999992,27.660000000000004,1.07,1,Nilgiris,Tamil Nadu
2017-06-18,0.31,1.6600000000000037,9.559999999999993,25.860000000000003,1.07,1,Nilgiris,Tamil Nadu
2017-06-19,0.29,0.8800000000000036,5.939999999999993,25.820000000000004,0.31,1,Nilgiris,Tamil Nadu
2017-06-20,1.42,2.0200000000000036,5.729999999999993,23.370000000000005,1.42,1,Nilgiris,Tamil Nadu
2017-06-21,1.17,2.8800000000000034,5.089999999999993,22.830000000000002,1.42,1,Nilgiris,Tamil Nadu
2017-06-22,0.85,3.4400000000000035,5.389999999999993,20.510000000000005,1.42,1,Nilgiris,Tamil Nadu
2017-06-23,3.17,5.190000000000003,7.489999999999993,23.35,3.17,1,Nilgiris,Tamil Nadu
2017-06-24,4.43,8.450000000000003,11.639999999999993,26.950000000000003,4.43,1,Nilgiris,Tamil Nadu
2017-06-25,4.92,12.520000000000003,16.249999999999993,27.790000000000003,4.92,1,Nilgiris,Tamil Nadu
2017-06-26,8.32,17.67,24.279999999999994,34.13,8.32,1,Nilgiris,Tamil Nadu
2017-06-27,6.63,19.870000000000005,29.48999999999999,36.85,8.32,1,Nilgiris,Tamil Nadu
2017-06-28,1.66,16.610000000000003,29.979999999999993,36.88000000000001,8.32,1,Nilgiris,Tamil Nadu
2017-06-29,0.87,9.160000000000004,29.999999999999993,35.940000000000005,6.63,1,Nilgiris,Tamil Nadu
2017-06-30,1.36,3.8900000000000037,28.189999999999994,36.75,1.66,1,Nilgiris,Tamil Nadu
2017-07-01,1.69,3.920000000000004,25.449999999999996,37.370000000000005,1.69,1,Nilgiris,Tamil Nadu
2017-07-02,2.99,6.0400000000000045,23.519999999999992,40.080000000000005,2.99,1,Nilgiris,Tamil Nadu
2017-07-03,2.08,6.760000000000003,17.279999999999994,41.85,2.99,1,Nilgiris,Tamil Nadu
2017-07-04,0.57,5.640000000000004,11.219999999999995,42.13,2.99,1,Nilgiris,Tamil Nadu
2017-07-05,0.77,3.4200000000000035,10.329999999999997,41.480000000000004,2.08,1,Nilgiris,Tamil Nadu
2017-07-06,0.75,2.0900000000000034,10.209999999999996,41.06,0.77,1,Nilgiris,Tamil Nadu
2017-07-07,0.56,2.0800000000000036,9.409999999999995,40.77000000000001,0.77,1,Nilgiris,Tamil Nadu
2017-07-08,0.55,1.8600000000000039,8.269999999999994,38.150000000000006,0.75,1,Nilgiris,Tamil Nadu
2017-07-09,1.1,2.210000000000004,6.3799999999999955,34.82000000000001,1.1,1,Nilgiris,Tamil Nadu
2017-07-10,1.32,2.970000000000004,5.619999999999995,31.220000000000006,1.32,1,Nilgiris,Tamil Nadu
2017-07-11,0.52,2.940000000000004,5.569999999999995,23.420000000000005,1.32,1,Nilgiris,Tamil Nadu
2017-07-12,0.58,2.4200000000000035,5.3799999999999955,17.370000000000005,1.32,1,Nilgiris,Tamil Nadu
2017-07-13,4.51,5.610000000000003,9.139999999999995,20.220000000000006,4.51,1,Nilgiris,Tamil Nadu
2017-07-14,0.45,5.540000000000004,9.029999999999994,19.800000000000004,4.51,1,Nilgiris,Tamil Nadu
2017-07-15,0.76,5.720000000000003,9.239999999999995,19.200000000000003,4.51,1,Nilgiris,Tamil Nadu
2017-07-16,0.34,1.5500000000000036,8.479999999999995,17.850000000000005,0.76,1,Nilgiris,Tamil Nadu
2017-07-17,1.67,2.7700000000000036,8.829999999999995,16.530000000000005,1.67,1,Nilgiris,Tamil Nadu
2017-07-18,5.23,7.240000000000004,13.539999999999996,19.680000000000003,5.23,1,Nilgiris,Tamil Nadu
2017-07-19,6.2,13.100000000000005,19.159999999999997,25.310000000000002,6.2,1,Nilgiris,Tamil Nadu
2017-07-20,4.29,15.720000000000004,18.939999999999994,28.830000000000005,6.2,1,Nilgiris,Tamil Nadu
2017-07-21,1.39,11.880000000000004,19.879999999999995,29.470000000000002,6.2,1,Nilgiris,Tamil Nadu
2017-07-22,0.56,6.240000000000004,19.679999999999996,29.470000000000006,4.29,1,Nilgiris,Tamil Nadu
2017-07-23,0.3,2.2500000000000036,19.639999999999993,29.220000000000002,1.39,1,Nilgiris,Tamil Nadu
2017-07-24,0.29,1.1500000000000035,18.259999999999994,28.410000000000004,0.56,1,Nilgiris,Tamil Nadu
2017-07-25,0.1,0.6900000000000035,13.129999999999995,27.19,0.3,1,Nilgiris,Tamil Nadu
2017-07-26,0.12,0.5100000000000036,7.0499999999999945,26.790000000000003,0.29,1,Nilgiris,Tamil Nadu
2017-07-27,1.26,1.4800000000000035,4.019999999999994,27.470000000000006,1.26,1,Nilgiris,Tamil Nadu
2017-07-28,1.15,2.5300000000000034,3.779999999999995,24.110000000000003,1.26,1,Nilgiris,Tamil Nadu
2017-07-29,3.58,5.990000000000004,6.7999999999999945,27.240000000000002,3.58,1,Nilgiris,Tamil Nadu
2017-07-30,4.67,9.400000000000004,11.169999999999995,31.150000000000006,4.67,1,Nilgiris,Tamil Nadu
2017-07-31,8.61,16.860000000000003,19.489999999999995,39.42,8.61,1,Nilgiris,Tamil Nadu
2017-08-01,8.79,22.07,28.179999999999993,46.54,8.79,1,Nilgiris,Tamil Nadu
2017-08-02,2.36,19.76,30.41999999999999,43.67,8.79,1,Nilgiris,Tamil Nadu
2017-08-03,1.41,12.560000000000002,30.569999999999993,38.88,8.79,1,Nilgiris,Tamil Nadu
2017-08-04,2.75,6.520000000000003,32.169999999999995,37.34,2.75,1,Nilgiris,Tamil Nadu
2017-08-05,3.26,7.4200000000000035,31.849999999999994,39.21,3.26,1,Nilgiris,Tamil Nadu
2017-08-06,2.51,8.520000000000003,29.68999999999999,41.160000000000004,3.26,1,Nilgiris,Tamil Nadu
2017-08-07,1.9,7.6700000000000035,22.97999999999999,42.76,3.26,1,Nilgiris,Tamil Nadu
2017-08-08,13.5,17.910000000000004,27.689999999999994,55.97,13.5,1,Nilgiris,Tamil Nadu
2017-08-09,9.45,24.85,34.779999999999994,65.32,13.5,1,Nilgiris,Tamil Nadu
2017-08-10,3.49,26.440000000000005,36.85999999999999,68.69,13.5,1,Nilgiris,Tamil Nadu
2017-08-11,1.76,14.700000000000003,35.87,69.19,9.45,1,Nilgiris,Tamil Nadu
2017-08-12,2.52,7.770000000000004,35.129999999999995,70.56,3.49,1,Nilgiris,Tamil Nadu
2017-08-13,0.71,4.990000000000004,33.33,67.69,2.52,1,Nilgiris,Tamil Nadu
2017-08-14,8.06,11.290000000000004,39.489999999999995,71.08,8.06,1,Nilgiris,Tamil Nadu
2017-08-15,7.47,16.240000000000002,33.459999999999994,69.94,8.06,1,Nilgiris,Tamil Nadu
2017-08-16,3.38,18.910000000000004,27.389999999999993,64.53,8.06,1,Nilgiris,Tamil Nadu
2017-08-17,3.45,14.300000000000004,27.349999999999994,65.62,7.47,1,Nilgiris,Tamil Nadu
2017-08-18,4.95,11.780000000000005,30.539999999999992,69.16,4.95,1,Nilgiris,Tamil Nadu
2017-08-19,2.23,10.630000000000004,30.249999999999993,68.64,4.95,1,Nilgiris,Tamil Nadu
2017-08-20,7.5,14.680000000000003,37.03999999999999,72.88,7.5,1,Nilgiris,Tamil Nadu
2017-08-21,4.95,14.680000000000003,33.92999999999999,75.32000000000001,7.5,1,Nilgiris,Tamil Nadu
2017-08-22,0.99,13.440000000000003,27.449999999999996,74.41,7.5,1,Nilgiris,Tamil Nadu
2017-08-23,4.53,10.470000000000004,28.599999999999994,65.44,4.95,1,Nilgiris,Tamil Nadu
2017-08-24,1.46,6.980000000000004,26.609999999999996,57.45000000000001,4.53,1,Nilgiris,Tamil Nadu
2017-08-25,0.21,6.200000000000004,21.869999999999997,54.17000000000001,4.53,1,Nilgiris,Tamil Nadu
2017-08-26,3.63,5.300000000000003,23.269999999999996,56.040000000000006,3.63,1,Nilgiris,Tamil Nadu
2017-08-27,3.31,7.150000000000004,19.079999999999995,56.830000000000005,3.63,1,Nilgiris,Tamil Nadu
2017-08-28,7.67,14.610000000000003,21.799999999999997,63.790000000000006,7.67,1,Nilgiris,Tamil Nadu
2017-08-29,2.92,13.900000000000006,23.729999999999993,58.65,7.67,1,Nilgiris,Tamil Nadu
2017-08-30,2.74,13.330000000000005,21.939999999999998,53.92,7.67,1,Nilgiris,Tamil Nadu
2017-08-31,1.0,6.660000000000005,21.479999999999997,51.540000000000006,2.92,1,Nilgiris,Tamil Nadu
2017-09-01,17.86,21.600000000000005,39.129999999999995,65.95,17.86,1,Nilgiris,Tamil Nadu
2017-09-02,40.02,58.88000000000001,75.52,101.02000000000001,40.02,1,Nilgiris,Tamil Nadu
2017-09-03,2.97,60.85000000000001,75.17999999999999,101.76000000000002,40.02,1,Nilgiris,Tamil Nadu
2017-09-04,17.62,60.610000000000014,85.13,111.88000000000001,40.02,1,Nilgiris,Tamil Nadu
2017-09-05,9.52,30.110000000000007,91.73,116.45000000000002,17.62,1,Nilgiris,Tamil Nadu
2017-09-06,15.48,42.620000000000005,104.47,130.94,17.62,1,Nilgiris,Tamil Nadu
2017-09-07,9.4,34.400000000000006,112.86999999999999,135.81,15.48,1,Nilgiris,Tamil Nadu
2017-09-08,8.87,33.75000000000001,103.88,143.22,15.48,1,Nilgiris,Tamil Nadu
2017-09-09,11.06,29.330000000000005,74.92,154.07000000000002,11.06,1,Nilgiris,Tamil Nadu
2017-09-10,17.28,37.21000000000001,89.23,167.72000000000003,17.28,1,Nilgiris,Tamil Nadu
2017-09-11,5.14,33.480000000000004,76.75,169.55,17.28,1,Nilgiris,Tamil Nadu
2017-09-12,5.34,27.760000000000005,72.57000000000001,167.22,17.28,1,Nilgiris,Tamil Nadu
2017-09-13,2.95,13.430000000000003,60.04,167.25,5.34,1,Nilgiris,Tamil Nadu
2017-09-14,7.28,15.570000000000004,57.92,171.79,7.28,1,Nilgiris,Tamil Nadu
2017-09-15,0.76,10.990000000000004,49.81,171.55,7.28,1,Nilgiris,Tamil Nadu
2017-09-16,12.8,20.840000000000003,51.550000000000004,166.49,12.8,1,Nilgiris,Tamil Nadu
2017-09-17,15.78,29.340000000000003,50.05,142.25,15.78,1,Nilgiris,Tamil Nadu
2017-09-18,3.23,31.810000000000006,48.14,142.51000000000002,15.78,1,Nilgiris,Tamil Nadu
2017-09-19,2.13,21.140000000000004,44.93000000000001,127.02000000000001,15.78,1,Nilgiris,Tamil Nadu
2017-09-20,0.59,5.950000000000004,42.57,118.09000000000002,3.23,1,Nilgiris,Tamil Nadu
2017-09-21,0.23,2.9500000000000033,35.52,102.84,2.13,1,Nilgiris,Tamil Nadu
2017-09-22,0.03,0.8500000000000035,34.79,93.47000000000001,0.59,1,Nilgiris,Tamil Nadu
2017-09-23,0.01,0.27000000000000357,21.999999999999996,84.61000000000001,0.23,1,Nilgiris,Tamil Nadu
2017-09-24,6.64,6.680000000000003,12.86,80.19000000000001,6.64,1,Nilgiris,Tamil Nadu
2017-09-25,13.94,20.590000000000003,23.57,76.85000000000001,13.94,1,Nilgiris,Tamil Nadu
2017-09-26,9.08,29.660000000000004,30.52,80.79,13.94,1,Nilgiris,Tamil Nadu
2017-09-27,12.65,35.67,42.58,88.10000000000001,13.94,1,Nilgiris,Tamil Nadu
2017-09-28,6.72,28.450000000000003,49.06999999999999,91.87,12.65,1,Nilgiris,Tamil Nadu
2017-09-29,1.4,20.770000000000003,50.440000000000005,85.99000000000001,12.65,1,Nilgiris,Tamil Nadu
2017-09-30,0.65,8.770000000000001,51.08,85.88000000000001,6.72,1,Nilgiris,Tamil Nadu
2017-10-01,1.95,4.000000000000002,46.38999999999999,75.03000000000002,1.95,0,Nilgiris,Tamil Nadu
2017-10-02,0.48,3.080000000000002,32.93,59.73000000000001,1.95,0,Nilgiris,Tamil Nadu
2017-10-03,0.72,3.150000000000002,24.57,57.220000000000006,1.95,0,Nilgiris,Tamil Nadu
2017-10-04,6.9,8.100000000000001,18.82,61.99,6.9,0,Nilgiris,Tamil Nadu
2017-10-05,8.73,16.35,20.830000000000002,70.13000000000001,8.73,0,Nilgiris,Tamil Nadu
2017-10-06,9.39,25.020000000000003,28.82,79.29,9.39,0,Nilgiris,Tamil Nadu
2017-10-07,1.91,20.03,30.080000000000002,81.17,9.39,0,Nilgiris,Tamil Nadu
2017-10-08,4.24,15.540000000000001,32.370000000000005,85.4,9.39,0,Nilgiris,Tamil Nadu
2017-10-09,2.18,8.33,34.07,80.94000000000001,4.24,0,Nilgiris,Tamil Nadu
2017-10-10,9.46,15.88,42.81,76.46000000000001,9.46,0,Nilgiris,Tamil Nadu
2017-10-11,7.14,18.78,43.05,74.52,9.46,0,Nilgiris,Tamil Nadu
2017-10-12,3.83,20.43,38.15,65.70000000000002,9.46,0,Nilgiris,Tamil Nadu
2017-10-13,11.33,22.3,40.09,70.31000000000002,11.33,0,Nilgiris,Tamil Nadu
2017-10-14,9.58,24.740000000000002,47.760000000000005,78.49000000000001,11.33,0,Nilgiris,Tamil Nadu
2017-10-15,2.24,23.150000000000002,45.760000000000005,80.08000000000001,11.33,0,Nilgiris,Tamil Nadu
2017-10-16,0.73,12.55,44.31,78.86000000000001,9.58,0,Nilgiris,Tamil Nadu
2017-10-17,0.66,3.6300000000000003,35.51,79.04,2.24,0,Nilgiris,Tamil Nadu
2017-10-18,0.15,1.54,28.52,78.47000000000001,0.73,0,Nilgiris,Tamil Nadu
2017-10-19,0.04,0.85,24.729999999999997,71.61,0.66,0,Nilgiris,Tamil Nadu
2017-10-20,0.03,0.22,13.43,62.91000000000001,0.15,0,Nilgiris,Tamil Nadu
2017-10-21,1.73,1.8,5.58,55.25000000000001,1.73,0,Nilgiris,Tamil Nadu
2017-10-22,0.22,1.98,3.56,53.56000000000001,1.73,0,Nilgiris,Tamil Nadu
2017-10-23,0.0,1.95,2.83,49.32000000000001,1.73,0,Nilgiris,Tamil Nadu
2017-10-24,0.0,0.22,2.17,47.14000000000001,0.22,0,Nilgiris,Tamil Nadu
2017-10-25,5.2,5.2,7.220000000000001,42.88000000000001,5.2,0,Nilgiris,Tamil Nadu
2017-10-26,6.65,11.850000000000001,13.83,42.39000000000001,6.65,0,Nilgiris,Tamil Nadu
2017-10-27,9.23,21.080000000000002,23.03,47.790000000000006,9.23,0,Nilgiris,Tamil Nadu
2017-10-28,6.02,21.900000000000002,27.32,42.48000000000001,9.23,0,Nilgiris,Tamil Nadu
2017-10-29,0.02,15.27,27.12,32.92000000000001,9.23,0,Nilgiris,Tamil Nadu
2017-10-30,1.27,7.31,28.39,31.950000000000006,6.02,0,Nilgiris,Tamil Nadu
2017-10-31,1.02,2.31,29.41,32.24000000000001,1.27,0,Nilgiris,Tamil Nadu
2017-11-01,3.6,5.890000000000001,27.81,35.18000000000001,3.6,0,Nilgiris,Tamil Nadu
2017-11-02,2.19,6.8100000000000005,23.35,37.220000000000006,3.6,0,Nilgiris,Tamil Nadu
2017-11-03,0.53,6.32,14.65,37.71000000000001,3.6,0,Nilgiris,Tamil Nadu
2017-11-04,2.87,5.59,11.5,40.55000000000001,2.87,0,Nilgiris,Tamil Nadu
2017-11-05,2.76,6.16,14.24,41.580000000000005,2.87,0,Nilgiris,Tamil Nadu
2017-11-06,11.83,17.46,24.799999999999997,53.190000000000005,11.83,0,Nilgiris,Tamil Nadu
2017-11-07,3.69,18.279999999999998,27.47,56.88,11.83,0,Nilgiris,Tamil Nadu
2017-11-08,9.15,24.67,33.019999999999996,66.03,11.83,0,Nilgiris,Tamil Nadu
2017-11-09,0.73,13.569999999999999,31.56,61.56000000000001,9.15,0,Nilgiris,Tamil Nadu
2017-11-10,0.0,9.879999999999999,31.029999999999998,54.910000000000004,9.15,0,Nilgiris,Tamil Nadu
2017-11-11,0.0,0.7299999999999982,28.159999999999997,45.68000000000001,0.73,0,Nilgiris,Tamil Nadu
2017-11-12,0.0,0.0,25.4,39.66000000000001,0.0,0,Nilgiris,Tamil Nadu
2017-11-13,0.26,0.25999999999999823,13.83,39.900000000000006,0.26,0,Nilgiris,Tamil Nadu
2017-11-14,0.95,1.2099999999999982,11.09,39.580000000000005,0.95,0,Nilgiris,Tamil Nadu
2017-11-15,0.4,1.609999999999998,2.34,38.96000000000001,0.95,0,Nilgiris,Tamil Nadu
2017-11-16,0.88,2.229999999999998,2.49,36.24000000000001,0.95,0,Nilgiris,Tamil Nadu
2017-11-17,0.36,1.6399999999999983,2.85,34.41000000000001,0.88,0,Nilgiris,Tamil Nadu
2017-11-18,0.15,1.3899999999999983,3.0,34.03000000000001,0.88,0,Nilgiris,Tamil Nadu
2017-11-19,0.32,0.8299999999999982,3.32,31.480000000000008,0.36,0,Nilgiris,Tamil Nadu
2017-11-20,2.05,2.519999999999998,5.109999999999999,30.770000000000003,2.05,0,Nilgiris,Tamil Nadu
2017-11-21,3.13,5.499999999999998,7.29,22.070000000000007,3.13,0,Nilgiris,Tamil Nadu
2017-11-22,0.26,5.439999999999998,7.1499999999999995,18.640000000000004,3.13,0,Nilgiris,Tamil Nadu
2017-11-23,0.07,3.4599999999999977,6.34,9.560000000000006,3.13,0,Nilgiris,Tamil Nadu
2017-11-24,0.0,0.3299999999999978,5.9799999999999995,8.830000000000005,0.26,0,Nilgiris,Tamil Nadu
2017-11-25,0.0,0.06999999999999779,5.83,8.830000000000005,0.07,0,Nilgiris,Tamil Nadu
2017-11-26,1.34,1.3399999999999979,6.85,10.170000000000007,1.34,0,Nilgiris,Tamil Nadu
2017-11-27,0.87,2.2099999999999977,5.67,11.040000000000006,1.34,0,Nilgiris,Tamil Nadu
2017-11-28,0.07,2.279999999999998,2.6100000000000003,10.850000000000007,1.34,0,Nilgiris,Tamil Nadu
2017-11-29,1.99,2.929999999999998,4.34,11.890000000000008,1.99,0,Nilgiris,Tamil Nadu
2017-11-30,22.24,24.299999999999997,26.509999999999998,33.730000000000004,22.24,0,Nilgiris,Tamil Nadu
2017-12-01,37.75,61.98,64.25999999999999,70.6,37.75,0,Nilgiris,Tamil Nadu
2017-12-02,7.79,67.78,72.05,78.03,37.75,0,Nilgiris,Tamil Nadu
2017-12-03,0.67,46.21,71.38,78.55000000000001,37.75,0,Nilgiris,Tamil Nadu
2017-12-04,0.33,8.790000000000001,70.84,78.56,7.79,0,Nilgiris,Tamil Nadu
2017-12-05,0.37,1.37,71.14,76.88000000000001,0.67,0,Nilgiris,Tamil Nadu
2017-12-06,0.02,0.72,69.17,73.77000000000001,0.37,0,Nilgiris,Tamil Nadu
2017-12-07,0.02,0.41,46.95,73.53,0.37,0,Nilgiris,Tamil Nadu
2017-12-08,0.0,0.04,9.2,73.46,0.02,0,Nilgiris,Tamil Nadu
2017-12-09,0.0,0.02,1.4100000000000001,73.46,0.02,0,Nilgiris,Tamil Nadu
2017-12-10,0.0,0.0,0.74,73.46,0.0,0,Nilgiris,Tamil Nadu
2017-12-11,0.0,0.0,0.41,72.12,0.0,0,Nilgiris,Tamil Nadu
2017-12-12,0.0,0.0,0.04,71.25,0.0,0,Nilgiris,Tamil Nadu
2017-12-13,3.02,3.02,3.04,74.20000000000002,3.02,0,Nilgiris,Tamil Nadu
2017-12-14,0.84,3.86,3.86,73.05,3.02,0,Nilgiris,Tamil Nadu
2017-12-15,0.01,3.87,3.87,50.82000000000001,3.02,0,Nilgiris,Tamil Nadu
2017-12-16,0.0,0.85,3.87,13.070000000000007,0.84,0,Nilgiris,Tamil Nadu
2017-12-17,0.0,0.01,3.87,5.280000000000007,0.01,0,Nilgiris,Tamil Nadu
2017-12-18,0.0,0.0,3.87,4.610000000000007,0.0,0,Nilgiris,Tamil Nadu
2017-12-19,0.01,0.01,3.88,4.290000000000007,0.01,0,Nilgiris,Tamil Nadu
2017-12-20,0.01,0.02,0.87,3.9300000000000073,0.01,0,Nilgiris,Tamil Nadu
2017-12-21,0.38,0.4,0.41000000000000003,4.290000000000007,0.38,0,Nilgiris,Tamil Nadu
2017-12-22,0.08,0.47000000000000003,0.48000000000000004,4.350000000000008,0.38,0,Nilgiris,Tamil Nadu
2017-12-23,0.0,0.46,0.48000000000000004,4.350000000000008,0.38,0,Nilgiris,Tamil Nadu
2017-12-24,0.0,0.08,0.48000000000000004,4.350000000000008,0.08,0,Nilgiris,Tamil Nadu
2017-12-25,0.0,0.0,0.48000000000000004,4.350000000000008,0.0,0,Nilgiris,Tamil Nadu
2017-12-26,0.0,0.0,0.47000000000000003,4.350000000000008,0.0,0,Nilgiris,Tamil Nadu
2017-12-27,0.0,0.0,0.46,4.350000000000008,0.0,0,Nilgiris,Tamil Nadu
2017-12-28,0.0,0.0,0.08,1.3300000000000072,0.0,0,Nilgiris,Tamil Nadu
2017-12-29,0.0,0.0,0.0,0.49000000000000715,0.0,0,Nilgiris,Tamil Nadu
2017-12-30,0.0,0.0,0.0,0.48000000000000714,0.0,0,Nilgiris,Tamil Nadu
2017-12-31,0.0,0.0,0.0,0.48000000000000714,0.0,0,Nilgiris,Tamil Nadu
2018-01-01,0.0,0.0,0.0,0.48000000000000714,0.0,0,Nilgiris,Tamil Nadu
2018-01-02,0.0,0.0,0.0,0.48000000000000714,0.0,0,Nilgiris,Tamil Nadu
2018-01-03,0.0,0.0,0.0,0.47000000000000713,0.0,0,Nilgiris,Tamil Nadu
2018-01-04,0.0,0.0,0.0,0.4600000000000071,0.0,0,Nilgiris,Tamil Nadu
2018-01-05,0.0,0.0,0.0,0.08000000000000711,0.0,0,Nilgiris,Tamil Nadu
2018-01-06,0.0,0.0,0.0,0.0,0.0,0,Nilgiris,Tamil Nadu
2018-01-07,0.0,0.0,0.0,0.0,0.0,0,Nilgiris,Tamil Nadu
2018-01-08,0.0,0.0,0.0,0.0,0.0,0,Nilgiris,Tamil Nadu
2018-01-09,0.26,0.26,0.26,0.2600000000000071,0.26,0,Nilgiris,Tamil Nadu
2018-01-10,1.27,1.53,1.53,1.5300000000000071,1.27,0,Nilgiris,Tamil Nadu
2018-01-11,0.21,1.74,1.74,1.740000000000007,1.27,0,Nilgiris,Tamil Nadu
2018-01-12,0.01,1.49,1.75,1.750000000000007,1.27,0,Nilgiris,Tamil Nadu
2018-01-13,0.0,0.22,1.75,1.750000000000007,0.21,0,Nilgiris,Tamil Nadu
2018-01-14,0.0,0.01,1.75,1.750000000000007,0.01,0,Nilgiris,Tamil Nadu
2018-01-15,0.0,0.0,1.75,1.750000000000007,0.0,0,Nilgiris,Tamil Nadu
2018-01-16,0.0,0.0,1.49,1.750000000000007,0.0,0,Nilgiris,Tamil Nadu
2018-01-17,0.0,0.0,0.22,1.750000000000007,0.0,0,Nilgiris,Tamil Nadu
2018-01-18,0.0,0.0,0.01,1.750000000000007,0.0,0,Nilgiris,Tamil Nadu
2018-01-19,0.0,0.0,0.0,1.750000000000007,0.0,0,Nilgiris,Tamil Nadu
2018-01-20,0.0,0.0,0.0,1.750000000000007,0.0,0,Nilgiris,Tamil Nadu
2018-01-21,0.0,0.0,0.0,1.750000000000007,0.0,0,Nilgiris,Tamil Nadu
2018-01-22,0.0,0.0,0.0,1.750000000000007,0.0,0,Nilgiris,Tamil Nadu
2018-01-23,0.0,0.0,0.0,1.750000000000007,0.0,0,Nilgiris,Tamil Nadu
2018-01-24,0.0,0.0,0.0,1.490000000000007,0.0,0,Nilgiris,Tamil Nadu
2018-01-25,0.0,0.0,0.0,0.2200000000000071,0.0,0,Nilgiris,Tamil Nadu
2018-01-26,0.0,0.0,0.0,0.010000000000007106,0.0,0,Nilgiris,Tamil Nadu
2018-01-27,0.0,0.0,0.0,0.0,0.0,0,Nilgiris,Tamil Nadu
2018-01-28,0.01,0.01,0.01,0.010000000000007106,0.01,0,Nilgiris,Tamil Nadu
2018-01-29,0.0,0.01,0.01,0.010000000000007106,0.01,0,Nilgiris,Tamil Nadu
2018-01-30,0.0,0.01,0.01,0.010000000000007106,0.01,0,Nilgiris,Tamil Nadu
2018-01-31,0.0,0.0,0.01,0.010000000000007106,0.0,0,Nilgiris,Tamil Nadu
2018-02-01,0.0,0.0,0.01,0.010000000000007106,0.0,0,Nilgiris,Tamil Nadu
2018-02-02,0.0,0.0,0.01,0.010000000000007106,0.0,0,Nilgiris,Tamil Nadu
2018-02-03,0.0,0.0,0.01,0.010000000000007106,0.0,0,Nilgiris,Tamil Nadu
2018-02-04,0.0,0.0,0.0,0.010000000000007106,0.0,0,Nilgiris,Tamil Nadu
2018-02-05,0.0,0.0,0.0,0.010000000000007106,0.0,0,Nilgiris,Tamil Nadu
2018-02-06,1.58,1.58,1.58,1.5900000000000072,1.58,0,Nilgiris,Tamil Nadu
2018-02-07,8.17,9.75,9.75,9.760000000000007,8.17,0,Nilgiris,Tamil Nadu
2018-02-08,1.26,11.01,11.01,11.020000000000007,8.17,0,Nilgiris,Tamil Nadu
2018-02-09,1.59,11.02,12.6,12.610000000000007,8.17,0,Nilgiris,Tamil Nadu
2018-02-10,0.04,2.89,12.64,12.650000000000007,1.59,0,Nilgiris,Tamil Nadu
2018-02-11,0.0,1.6300000000000001,12.64,12.650000000000007,1.59,0,Nilgiris,Tamil Nadu
2018-02-12,0.02,0.06,12.66,12.660000000000007,0.04,0,Nilgiris,Tamil Nadu
2018-02-13,0.0,0.02,11.08,12.660000000000007,0.02,0,Nilgiris,Tamil Nadu
2018-02-14,0.0,0.02,2.91,12.660000000000007,0.02,0,Nilgiris,Tamil Nadu
2018-02-15,0.0,0.0,1.6500000000000001,12.660000000000007,0.0,0,Nilgiris,Tamil Nadu
2018-02-16,0.0,0.0,0.06,12.660000000000007,0.0,0,Nilgiris,Tamil Nadu
2018-02-17,0.0,0.0,0.02,12.660000000000007,0.0,0,Nilgiris,Tamil Nadu
2018-02-18,0.0,0.0,0.02,12.660000000000007,0.0,0,Nilgiris,Tamil Nadu
2018-02-19,0.0,0.0,0.0,12.660000000000007,0.0,0,Nilgiris,Tamil Nadu
2018-02-20,0.0,0.0,0.0,12.660000000000007,0.0,0,Nilgiris,Tamil Nadu
2018-02-21,0.0,0.0,0.0,11.080000000000007,0.0,0,Nilgiris,Tamil Nadu
2018-02-22,0.0,0.0,0.0,2.9100000000000072,0.0,0,Nilgiris,Tamil Nadu
2018-02-23,0.0,0.0,0.0,1.6500000000000072,0.0,0,Nilgiris,Tamil Nadu
2018-02-24,0.0,0.0,0.0,0.0600000000000071,0.0,0,Nilgiris,Tamil Nadu
2018-02-25,0.0,0.0,0.0,0.020000000000007106,0.0,0,Nilgiris,Tamil Nadu
2018-02-26,0.0,0.0,0.0,0.020000000000007106,0.0,0,Nilgiris,Tamil Nadu
2018-02-27,0.0,0.0,0.0,0.0,0.0,0,Nilgiris,Tamil Nadu
2018-02-28,0.0,0.0,0.0,0.0,0.0,0,Nilgiris,Tamil Nadu
2018-03-01,0.18,0.18,0.18,0.1800000000000071,0.18,0,Nilgiris,Tamil Nadu
2018-03-02,0.0,0.18,0.18,0.1800000000000071,0.18,0,Nilgiris,Tamil Nadu
2018-03-03,0.0,0.18,0.18,0.1800000000000071,0.18,0,Nilgiris,Tamil Nadu
2018-03-04,0.0,0.0,0.18,0.1800000000000071,0.0,0,Nilgiris,Tamil Nadu
2018-03-05,0.0,0.0,0.18,0.1800000000000071,0.0,0,Nilgiris,Tamil Nadu
2018-03-06,0.0,0.0,0.18,0.1800000000000071,0.0,0,Nilgiris,Tamil Nadu
2018-03-07,0.0,0.0,0.18,0.1800000000000071,0.0,0,Nilgiris,Tamil Nadu
2018-03-08,0.0,0.0,0.0,0.1800000000000071,0.0,0,Nilgiris,Tamil Nadu
2018-03-09,0.0,0.0,0.0,0.1800000000000071,0.0,0,Nilgiris,Tamil Nadu
2018-03-10,0.0,0.0,0.0,0.1800000000000071,0.0,0,Nilgiris,Tamil Nadu
2018-03-11,0.0,0.0,0.0,0.1800000000000071,0.0,0,Nilgiris,Tamil Nadu
2018-03-12,0.0,0.0,0.0,0.1800000000000071,0.0,0,Nilgiris,Tamil Nadu
2018-03-13,2.69,2.69,2.69,2.870000000000007,2.69,0,Nilgiris,Tamil Nadu
2018-03-14,2.43,5.12,5.12,5.300000000000008,2.69,0,Nilgiris,Tamil Nadu
2018-03-15,4.8,9.92,9.92,10.100000000000007,4.8,0,Nilgiris,Tamil Nadu
2018-03-16,3.54,10.77,13.46,13.460000000000008,4.8,0,Nilgiris,Tamil Nadu
2018-03-17,4.66,13.0,18.12,18.120000000000008,4.8,0,Nilgiris,Tamil Nadu
2018-03-18,5.85,14.05,23.97,23.970000000000006,5.85,0,Nilgiris,Tamil Nadu
2018-03-19,0.62,11.13,24.59,24.590000000000007,5.85,0,Nilgiris,Tamil Nadu
2018-03-20,0.0,6.47,21.9,24.590000000000007,5.85,0,Nilgiris,Tamil Nadu
2018-03-21,0.0,0.62,19.47,24.590000000000007,0.62,0,Nilgiris,Tamil Nadu
2018-03-22,0.78,0.78,15.45,25.370000000000008,0.78,0,Nilgiris,Tamil Nadu
2018-03-23,2.51,3.29,14.42,27.880000000000006,2.51,0,Nilgiris,Tamil Nadu
2018-03-24,1.0,4.29,10.759999999999998,28.880000000000006,2.51,0,Nilgiris,Tamil Nadu
2018-03-25,0.0,3.51,4.91,28.880000000000006,2.51,0,Nilgiris,Tamil Nadu
2018-03-26,0.0,1.0,4.289999999999999,28.880000000000006,1.0,0,Nilgiris,Tamil Nadu
2018-03-27,0.0,0.0,4.289999999999999,28.880000000000006,0.0,0,Nilgiris,Tamil Nadu
2018-03-28,0.01,0.01,4.3,26.200000000000006,0.01,0,Nilgiris,Tamil Nadu
2018-03-29,0.01,0.02,3.53,23.780000000000005,0.01,0,Nilgiris,Tamil Nadu
2018-03-30,0.34,0.36000000000000004,1.36,19.320000000000004,0.34,0,Nilgiris,Tamil Nadu
2018-03-31,1.9,2.25,2.26,17.680000000000007,1.9,0,Nilgiris,Tamil Nadu
2018-04-01,1.51,3.75,3.77,14.530000000000005,1.9,0,Nilgiris,Tamil Nadu
2018-04-02,1.25,4.66,5.02,9.930000000000007,1.9,0,Nilgiris,Tamil Nadu
2018-04-03,0.54,3.3,5.5600000000000005,9.850000000000007,1.51,0,Nilgiris,Tamil Nadu
2018-04-04,0.06,1.85,5.61,9.910000000000007,1.25,0,Nilgiris,Tamil Nadu
2018-04-05,0.0,0.6000000000000001,5.6000000000000005,9.910000000000007,0.54,0,Nilgiris,Tamil Nadu
2018-04-06,0.0,0.06,5.26,9.130000000000008,0.06,0,Nilgiris,Tamil Nadu
2018-04-07,0.0,0.0,3.3600000000000003,6.620000000000007,0.0,0,Nilgiris,Tamil Nadu
2018-04-08,0.06,0.06,1.9100000000000001,5.680000000000007,0.06,0,Nilgiris,Tamil Nadu
2018-04-09,0.3,0.36,0.96,5.980000000000007,0.3,0,Nilgiris,Tamil Nadu
2018-04-10,2.03,2.3899999999999997,2.4499999999999997,8.010000000000007,2.03,0,Nilgiris,Tamil Nadu
2018-04-11,2.27,4.6,4.66,10.280000000000008,2.27,0,Nilgiris,Tamil Nadu
2018-04-12,0.71,5.01,5.369999999999999,10.980000000000008,2.27,0,Nilgiris,Tamil Nadu
2018-04-13,1.52,4.5,6.89,12.490000000000007,2.27,0,Nilgiris,Tamil Nadu
2018-04-14,6.32,8.55,13.21,18.470000000000006,6.32,0,Nilgiris,Tamil Nadu
2018-04-15,2.24,10.080000000000002,15.39,18.81000000000001,6.32,0,Nilgiris,Tamil Nadu
2018-04-16,0.43,8.990000000000002,15.520000000000001,17.730000000000008,6.32,0,Nilgiris,Tamil Nadu
2018-04-17,0.06,2.7300000000000013,13.55,16.540000000000006,2.24,0,Nilgiris,Tamil Nadu
2018-04-18,0.06,0.5500000000000009,11.34,16.060000000000006,0.43,0,Nilgiris,Tamil Nadu
2018-04-19,0.09,0.21000000000000088,10.72,16.090000000000007,0.09,0,Nilgiris,Tamil Nadu
2018-04-20,1.02,1.1700000000000008,10.219999999999999,17.110000000000007,1.02,0,Nilgiris,Tamil Nadu
2018-04-21,1.46,2.5700000000000007,5.36,18.570000000000007,1.46,0,Nilgiris,Tamil Nadu
2018-04-22,1.09,3.570000000000001,4.21,19.660000000000007,1.46,0,Nilgiris,Tamil Nadu
2018-04-23,0.36,2.910000000000001,4.14,19.960000000000004,1.46,0,Nilgiris,Tamil Nadu
2018-04-24,0.36,1.810000000000001,4.44,20.020000000000007,1.09,0,Nilgiris,Tamil Nadu
2018-04-25,0.89,1.6100000000000008,5.27,18.880000000000006,0.89,0,Nilgiris,Tamil Nadu
2018-04-26,4.47,5.720000000000001,9.649999999999999,21.08000000000001,4.47,0,Nilgiris,Tamil Nadu
2018-04-27,2.53,7.890000000000001,11.16,22.900000000000006,4.47,0,Nilgiris,Tamil Nadu
2018-04-28,0.0,7.0,9.7,21.380000000000006,4.47,0,Nilgiris,Tamil Nadu
2018-04-29,0.0,2.5300000000000007,8.61,15.060000000000008,2.53,0,Nilgiris,Tamil Nadu
2018-04-30,7.13,7.130000000000001,15.379999999999999,19.950000000000006,7.13,0,Nilgiris,Tamil Nadu
2018-05-01,12.82,19.950000000000003,27.84,32.34,12.82,0,Nilgiris,Tamil Nadu
2018-05-02,9.24,29.19,36.19,41.52,12.82,0,Nilgiris,Tamil Nadu
2018-05-03,11.85,33.910000000000004,43.57,53.31000000000001,12.82,0,Nilgiris,Tamil Nadu
2018-05-04,9.43,30.520000000000003,50.47,62.650000000000006,11.85,0,Nilgiris,Tamil Nadu
2018-05-05,3.93,25.21,54.4,65.56000000000002,11.85,0,Nilgiris,Tamil Nadu
2018-05-06,1.97,15.330000000000002,56.37,66.07000000000001,9.43,0,Nilgiris,Tamil Nadu
2018-05-07,0.41,6.310000000000002,49.65,65.39000000000001,3.93,0,Nilgiris,Tamil Nadu
2018-05-08,3.5,5.880000000000002,40.33,68.53000000000002,3.5,0,Nilgiris,Tamil Nadu
2018-05-09,12.46,16.370000000000005,43.550000000000004,80.63,12.46,0,Nilgiris,Tamil Nadu
2018-05-10,4.79,20.750000000000004,36.49,84.53000000000002,12.46,0,Nilgiris,Tamil Nadu
2018-05-11,7.08,24.330000000000002,34.14,87.14,12.46,0,Nilgiris,Tamil Nadu
2018-05-12,3.69,15.560000000000002,33.9,88.30000000000001,7.08,0,Nilgiris,Tamil Nadu
2018-05-13,2.1,12.870000000000003,34.03,90.40000000000002,7.08,0,Nilgiris,Tamil Nadu
2018-05-14,1.8,7.590000000000002,35.42,92.20000000000002,3.69,0,Nilgiris,Tamil Nadu
2018-05-15,1.41,5.310000000000002,33.330000000000005,86.48,2.1,0,Nilgiris,Tamil Nadu
2018-05-16,3.62,6.830000000000002,24.490000000000002,77.28000000000002,3.62,0,Nilgiris,Tamil Nadu
2018-05-17,1.59,6.620000000000002,21.29,69.63000000000001,3.62,0,Nilgiris,Tamil Nadu
2018-05-18,0.51,5.720000000000002,14.72,58.290000000000006,3.62,0,Nilgiris,Tamil Nadu
2018-05-19,5.18,7.280000000000002,16.21,54.040000000000006,5.18,0,Nilgiris,Tamil Nadu
2018-05-20,2.49,8.180000000000003,16.6,52.60000000000001,5.18,0,Nilgiris,Tamil Nadu
2018-05-21,5.45,13.120000000000003,20.25,56.08000000000001,5.45,0,Nilgiris,Tamil Nadu
2018-05-22,1.0,8.940000000000003,19.84,56.67000000000001,5.45,0,Nilgiris,Tamil Nadu
2018-05-23,4.33,10.780000000000003,20.549999999999997,57.50000000000001,5.45,0,Nilgiris,Tamil Nadu
2018-05-24,6.65,11.980000000000004,25.61,51.690000000000005,6.65,0,Nilgiris,Tamil Nadu
2018-05-25,28.91,39.89,54.010000000000005,75.81,28.91,0,Nilgiris,Tamil Nadu
2018-05-26,3.91,39.470000000000006,52.74,72.64000000000001,28.91,0,Nilgiris,Tamil Nadu
2018-05-27,4.81,37.63000000000001,55.06,73.76,28.91,0,Nilgiris,Tamil Nadu
2018-05-28,3.65,12.370000000000003,53.260000000000005,75.31,4.81,0,Nilgiris,Tamil Nadu
2018-05-29,2.74,11.200000000000003,55.00000000000001,76.25,4.81,0,Nilgiris,Tamil Nadu
2018-05-30,1.42,7.810000000000004,52.089999999999996,76.26,3.65,0,Nilgiris,Tamil Nadu
2018-05-31,0.17,4.330000000000004,45.61,72.81,2.74,0,Nilgiris,Tamil Nadu
2018-06-01,4.17,5.760000000000003,20.87,75.39,4.17,1,Nilgiris,Tamil Nadu
2018-06-02,1.87,6.2100000000000035,18.83,76.75000000000001,4.17,1,Nilgiris,Tamil Nadu
2018-06-03,5.66,11.700000000000003,19.68,77.23,5.66,1,Nilgiris,Tamil Nadu
2018-06-04,4.2,11.730000000000004,20.23,78.94000000000001,5.66,1,Nilgiris,Tamil Nadu
2018-06-05,2.3,12.160000000000004,19.79,75.79,5.66,1,Nilgiris,Tamil Nadu
2018-06-06,0.88,7.3800000000000034,19.25,75.67,4.2,1,Nilgiris,Tamil Nadu
2018-06-07,3.11,6.290000000000003,22.19,74.45,3.11,1,Nilgiris,Tamil Nadu
2018-06-08,2.75,6.740000000000004,20.77,70.55,3.11,1,Nilgiris,Tamil Nadu
2018-06-09,8.23,14.090000000000003,27.13,49.870000000000005,8.23,1,Nilgiris,Tamil Nadu
2018-06-10,5.32,16.300000000000004,26.79,51.28000000000001,8.23,1,Nilgiris,Tamil Nadu
2018-06-11,11.97,25.520000000000003,34.56,58.440000000000005,11.97,1,Nilgiris,Tamil Nadu
2018-06-12,8.98,26.270000000000003,41.24,63.77000000000001,11.97,1,Nilgiris,Tamil Nadu
2018-06-13,6.36,27.310000000000006,46.72,67.39,11.97,1,Nilgiris,Tamil Nadu
2018-06-14,4.03,19.370000000000005,47.64,70.0,8.98,1,Nilgiris,Tamil Nadu
2018-06-15,2.83,13.220000000000004,47.72,72.66,6.36,1,Nilgiris,Tamil Nadu
2018-06-16,0.93,7.790000000000004,40.42,69.42000000000002,4.03,1,Nilgiris,Tamil Nadu
2018-06-17,0.88,4.640000000000004,35.980000000000004,68.43,2.83,1,Nilgiris,Tamil Nadu
2018-06-18,1.9,3.7100000000000035,25.91,64.67,1.9,1,Nilgiris,Tamil Nadu
2018-06-19,2.54,5.320000000000004,19.47,63.01000000000001,2.54,1,Nilgiris,Tamil Nadu
2018-06-20,1.63,6.070000000000004,14.739999999999998,62.34000000000001,2.54,1,Nilgiris,Tamil Nadu
2018-06-21,2.25,6.4200000000000035,12.96,63.710000000000015,2.54,1,Nilgiris,Tamil Nadu
2018-06-22,1.35,5.230000000000004,11.48,61.95000000000001,2.25,1,Nilgiris,Tamil Nadu
2018-06-23,0.95,4.550000000000003,11.5,60.15000000000001,2.25,1,Nilgiris,Tamil Nadu
2018-06-24,0.1,2.4000000000000035,10.719999999999999,52.02000000000001,1.35,1,Nilgiris,Tamil Nadu
2018-06-25,0.79,1.8400000000000034,9.610000000000001,47.49000000000001,0.95,1,Nilgiris,Tamil Nadu
2018-06-26,2.22,3.110000000000004,9.29,37.74000000000001,2.22,1,Nilgiris,Tamil Nadu
2018-06-27,6.58,9.590000000000003,14.24,35.34,6.58,1,Nilgiris,Tamil Nadu
2018-06-28,3.64,12.440000000000005,15.63,32.620000000000005,6.58,1,Nilgiris,Tamil Nadu
2018-06-29,3.16,13.380000000000004,17.44,31.750000000000007,6.58,1,Nilgiris,Tamil Nadu
2018-06-30,2.54,9.340000000000003,19.03,31.460000000000008,3.64,1,Nilgiris,Tamil Nadu
2018-07-01,11.51,17.21,30.439999999999998,42.040000000000006,11.51,1,Nilgiris,Tamil Nadu
2018-07-02,8.82,22.870000000000005,38.47,49.980000000000004,11.51,1,Nilgiris,Tamil Nadu
2018-07-03,3.12,23.450000000000003,39.370000000000005,51.20000000000001,11.51,1,Nilgiris,Tamil Nadu
2018-07-04,0.04,11.980000000000004,32.830000000000005,48.70000000000001,8.82,1,Nilgiris,Tamil Nadu
2018-07-05,0.15,3.3100000000000036,29.34,47.220000000000006,3.12,1,Nilgiris,Tamil Nadu
2018-07-06,3.55,3.7400000000000033,29.73,48.52,3.55,1,Nilgiris,Tamil Nadu
2018-07-07,3.16,6.860000000000003,30.35,50.33000000000001,3.55,1,Nilgiris,Tamil Nadu
2018-07-08,4.53,11.240000000000004,23.370000000000005,53.91000000000001,4.53,1,Nilgiris,Tamil Nadu
2018-07-09,9.73,17.420000000000005,24.28,63.540000000000006,9.73,1,Nilgiris,Tamil Nadu
2018-07-10,13.93,28.190000000000005,35.09,76.68,13.93,1,Nilgiris,Tamil Nadu
2018-07-11,11.94,35.6,46.99,86.4,13.93,1,Nilgiris,Tamil Nadu
2018-07-12,3.16,29.03,50.0,82.98000000000002,13.93,1,Nilgiris,Tamil Nadu
2018-07-13,6.23,21.330000000000005,52.68,85.57000000000001,11.94,1,Nilgiris,Tamil Nadu
2018-07-14,2.53,11.920000000000003,52.050000000000004,84.94000000000001,6.23,1,Nilgiris,Tamil Nadu
2018-07-15,4.92,13.680000000000003,52.44,87.32000000000001,6.23,1,Nilgiris,Tamil Nadu
2018-07-16,9.7,17.150000000000002,52.41,85.51,9.7,1,Nilgiris,Tamil Nadu
2018-07-17,4.92,19.540000000000003,43.400000000000006,81.61000000000001,9.7,1,Nilgiris,Tamil Nadu
2018-07-18,3.99,18.610000000000003,35.449999999999996,82.48,9.7,1,Nilgiris,Tamil Nadu
2018-07-19,1.9,10.810000000000004,34.19,84.34000000000002,4.92,1,Nilgiris,Tamil Nadu
2018-07-20,3.2,9.090000000000003,31.159999999999997,87.39,3.99,1,Nilgiris,Tamil Nadu
2018-07-21,1.52,6.620000000000004,30.15,85.36000000000001,3.2,1,Nilgiris,Tamil Nadu
2018-07-22,0.58,5.300000000000004,25.81,82.78000000000002,3.2,1,Nilgiris,Tamil Nadu
2018-07-23,1.84,3.9400000000000035,17.95,80.09000000000002,1.84,1,Nilgiris,Tamil Nadu
2018-07-24,2.76,5.180000000000003,15.79,73.12,2.76,1,Nilgiris,Tamil Nadu
2018-07-25,4.87,9.470000000000002,16.67,64.06,4.87,1,Nilgiris,Tamil Nadu
2018-07-26,2.82,10.450000000000003,17.59,54.94000000000001,4.87,1,Nilgiris,Tamil Nadu
2018-07-27,0.71,8.400000000000004,15.1,52.49000000000001,4.87,1,Nilgiris,Tamil Nadu
2018-07-28,2.44,5.970000000000003,16.02,48.7,2.82,1,Nilgiris,Tamil Nadu
2018-07-29,2.16,5.310000000000004,17.6,48.330000000000005,2.44,1,Nilgiris,Tamil Nadu
2018-07-30,1.03,5.6300000000000034,16.79,44.440000000000005,2.44,1,Nilgiris,Tamil Nadu
2018-07-31,4.55,7.740000000000004,18.58,39.29000000000001,4.55,1,Nilgiris,Tamil Nadu
2018-08-01,1.87,7.450000000000003,15.58,36.24000000000001,4.55,1,Nilgiris,Tamil Nadu
2018-08-02,0.49,6.910000000000003,13.25,32.74000000000001,4.55,1,Nilgiris,Tamil Nadu
2018-08-03,0.74,3.1000000000000028,13.280000000000001,31.58000000000001,1.87,1,Nilgiris,Tamil Nadu
2018-08-04,0.18,1.4100000000000026,11.02,28.560000000000006,0.74,1,Nilgiris,Tamil Nadu
2018-08-05,0.85,1.7700000000000027,9.709999999999999,27.890000000000008,0.85,1,Nilgiris,Tamil Nadu
2018-08-06,2.77,3.8000000000000025,11.45,30.08000000000001,2.77,1,Nilgiris,Tamil Nadu
2018-08-07,3.33,6.950000000000003,10.23,31.570000000000007,3.33,1,Nilgiris,Tamil Nadu
2018-08-08,12.86,18.96,21.22,41.67,12.86,1,Nilgiris,Tamil Nadu
2018-08-09,8.66,24.85,29.39,45.46000000000001,12.86,1,Nilgiris,Tamil Nadu
2018-08-10,3.13,24.650000000000002,31.779999999999998,45.77000000000001,12.86,1,Nilgiris,Tamil Nadu
2018-08-11,2.25,14.040000000000003,33.85,47.31000000000001,8.66,1,Nilgiris,Tamil Nadu
2018-08-12,6.84,12.220000000000002,39.839999999999996,51.71000000000001,6.84,1,Nilgiris,Tamil Nadu
2018-08-13,8.9,17.990000000000002,45.97,58.45,8.9,1,Nilgiris,Tamil Nadu
2018-08-14,12.3,28.040000000000003,54.940000000000005,69.72,12.3,1,Nilgiris,Tamil Nadu
2018-08-15,23.6,44.800000000000004,65.68,88.77000000000001,23.6,1,Nilgiris,Tamil Nadu
2018-08-16,11.26,47.160000000000004,68.28,98.16000000000001,23.6,1,Nilgiris,Tamil Nadu
2018-08-17,6.33,41.19,71.48,104.00000000000001,23.6,1,Nilgiris,Tamil Nadu
2018-08-18,1.33,18.92,70.56,104.59000000000002,11.26,1,Nilgiris,Tamil Nadu
2018-08-19,0.66,8.32,64.38000000000001,105.07000000000001,6.33,1,Nilgiris,Tamil Nadu
2018-08-20,0.53,2.52,56.01,104.75000000000001,1.33,1,Nilgiris,Tamil Nadu
2018-08-21,0.47,1.6600000000000001,44.18,102.45,0.66,1,Nilgiris,Tamil Nadu
2018-08-22,0.32,1.3199999999999998,20.9,99.44000000000001,0.53,1,Nilgiris,Tamil Nadu
2018-08-23,0.23,1.02,9.870000000000001,86.81,0.47,1,Nilgiris,Tamil Nadu
2018-08-24,2.16,2.71,5.7,80.31000000000002,2.16,1,Nilgiris,Tamil Nadu
2018-08-25,0.6,2.99,4.97,77.78000000000002,2.16,1,Nilgiris,Tamil Nadu
2018-08-26,0.17,2.93,4.4799999999999995,75.70000000000002,2.16,1,Nilgiris,Tamil Nadu
2018-08-27,2.43,3.2,6.380000000000001,71.29,2.43,1,Nilgiris,Tamil Nadu
2018-08-28,3.99,6.59,9.9,66.38000000000001,3.99,1,Nilgiris,Tamil Nadu
2018-08-29,0.8,7.220000000000001,10.38,54.88000000000001,3.99,1,Nilgiris,Tamil Nadu
2018-08-30,3.64,8.43,13.79,34.92000000000001,3.99,1,Nilgiris,Tamil Nadu
2018-08-31,3.84,8.280000000000001,15.469999999999999,27.50000000000001,3.84,1,Nilgiris,Tamil Nadu
2018-09-01,0.27,7.75,15.14,21.44000000000001,3.84,1,Nilgiris,Tamil Nadu
2018-09-02,0.0,4.109999999999999,14.97,20.110000000000007,3.84,1,Nilgiris,Tamil Nadu
2018-09-03,0.0,0.27,12.540000000000001,19.45000000000001,0.27,1,Nilgiris,Tamil Nadu
2018-09-04,0.0,0.0,8.55,18.92000000000001,0.0,1,Nilgiris,Tamil Nadu
2018-09-05,0.0,0.0,7.75,18.45000000000001,0.0,1,Nilgiris,Tamil Nadu
2018-09-06,0.0,0.0,4.109999999999999,18.13000000000001,0.0,1,Nilgiris,Tamil Nadu
2018-09-07,0.02,0.02,0.29000000000000004,17.92000000000001,0.02,1,Nilgiris,Tamil Nadu
2018-09-08,0.01,0.03,0.03,15.770000000000008,0.02,1,Nilgiris,Tamil Nadu
2018-09-09,0.38,0.41000000000000003,0.41000000000000003,15.550000000000008,0.38,1,Nilgiris,Tamil Nadu
2018-09-10,2.91,3.3000000000000003,3.3200000000000003,18.290000000000006,2.91,1,Nilgiris,Tamil Nadu
2018-09-11,2.09,5.380000000000001,5.41,17.950000000000006,2.91,1,Nilgiris,Tamil Nadu
2018-09-12,2.54,7.540000000000001,7.95,16.500000000000007,2.91,1,Nilgiris,Tamil Nadu
2018-09-13,1.44,6.07,9.39,17.140000000000008,2.54,1,Nilgiris,Tamil Nadu
2018-09-14,2.23,6.21,11.600000000000001,15.730000000000006,2.54,1,Nilgiris,Tamil Nadu
2018-09-15,12.23,15.9,23.82,24.120000000000008,12.23,1,Nilgiris,Tamil Nadu
2018-09-16,8.01,22.47,31.450000000000003,31.860000000000007,12.23,1,Nilgiris,Tamil Nadu
2018-09-17,1.7,21.94,30.24,33.56000000000001,12.23,1,Nilgiris,Tamil Nadu
2018-09-18,0.27,9.98,28.419999999999998,33.830000000000005,8.01,1,Nilgiris,Tamil Nadu
2018-09-19,0.1,2.07,25.98,33.93000000000001,1.7,1,Nilgiris,Tamil Nadu
2018-09-20,0.33,0.7000000000000001,24.87,34.260000000000005,0.33,1,Nilgiris,Tamil Nadu
2018-09-21,0.47,0.9,23.110000000000003,34.73000000000001,0.47,1,Nilgiris,Tamil Nadu
2018-09-22,1.22,2.02,12.100000000000001,35.93000000000001,1.22,1,Nilgiris,Tamil Nadu
2018-09-23,9.19,10.879999999999999,13.280000000000001,45.11000000000001,9.19,1,Nilgiris,Tamil Nadu
2018-09-24,18.49,28.9,30.07,63.22,18.49,1,Nilgiris,Tamil Nadu
2018-09-25,4.4,32.08,34.2,64.71000000000001,18.49,1,Nilgiris,Tamil Nadu
2018-09-26,7.73,30.619999999999997,41.83,70.35000000000001,18.49,1,Nilgiris,Tamil Nadu
2018-09-27,21.27,33.4,62.77,89.08000000000001,21.27,1,Nilgiris,Tamil Nadu
2018-09-28,8.22,37.22,70.52000000000001,95.86,21.27,1,Nilgiris,Tamil Nadu
2018-09-29,5.84,35.33,75.14,99.47000000000001,21.27,1,Nilgiris,Tamil Nadu
2018-09-30,8.67,22.73,74.62,95.91000000000001,8.67,1,Nilgiris,Tamil Nadu
2018-10-01,8.55,23.060000000000002,64.68,96.45,8.67,0,Nilgiris,Tamil Nadu
2018-10-02,1.37,18.59,61.650000000000006,96.12000000000002,8.67,0,Nilgiris,Tamil Nadu
2018-10-03,7.21,17.130000000000003,61.13,103.06,8.55,0,Nilgiris,Tamil Nadu
2018-10-04,10.9,19.48,50.760000000000005,113.86000000000001,10.9,0,Nilgiris,Tamil Nadu
2018-10-05,15.02,33.129999999999995,57.56000000000001,128.55,15.02,0,Nilgiris,Tamil Nadu
2018-10-06,14.7,40.62,66.42,142.78,15.02,0,Nilgiris,Tamil Nadu
2018-10-07,3.45,33.17,61.2,145.01000000000002,15.02,0,Nilgiris,Tamil Nadu
2018-10-08,17.91,36.06,70.56,153.73000000000002,17.91,0,Nilgiris,Tamil Nadu
2018-10-09,6.58,27.939999999999998,75.77,141.82,17.91,0,Nilgiris,Tamil Nadu
2018-10-10,0.34,24.830000000000002,68.9,137.76,17.91,0,Nilgiris,Tamil Nadu
2018-10-11,0.03,6.95,58.03,130.06,6.58,0,Nilgiris,Tamil Nadu
2018-10-12,0.02,0.39,43.03000000000001,108.81,0.34,0,Nilgiris,Tamil Nadu
2018-10-13,2.83,2.88,31.160000000000007,103.42,2.83,0,Nilgiris,Tamil Nadu
2018-10-14,13.35,16.2,41.06000000000001,110.93,13.35,0,Nilgiris,Tamil Nadu
2018-10-15,5.89,22.07,29.040000000000006,108.15,13.35,0,Nilgiris,Tamil Nadu
2018-10-16,12.54,31.779999999999998,35.00000000000001,112.14,13.35,0,Nilgiris,Tamil Nadu
2018-10-17,4.48,22.91,39.14,115.25,12.54,0,Nilgiris,Tamil Nadu
2018-10-18,3.02,20.04,42.13,111.06,12.54,0,Nilgiris,Tamil Nadu
2018-10-19,3.84,11.34,45.95000000000001,104.00000000000001,4.48,0,Nilgiris,Tamil Nadu
2018-10-20,5.51,12.37,48.63000000000001,94.49000000000001,5.51,0,Nilgiris,Tamil Nadu
2018-10-21,0.98,10.33,36.260000000000005,80.77000000000001,5.51,0,Nilgiris,Tamil Nadu
2018-10-22,0.31,6.8,30.680000000000007,77.63000000000001,5.51,0,Nilgiris,Tamil Nadu
2018-10-23,0.2,1.49,18.340000000000007,59.92000000000001,0.98,0,Nilgiris,Tamil Nadu
2018-10-24,0.0,0.51,13.860000000000007,53.34,0.31,0,Nilgiris,Tamil Nadu
2018-10-25,0.0,0.2,10.840000000000007,53.00000000000001,0.2,0,Nilgiris,Tamil Nadu
2018-10-26,0.0,0.0,7.000000000000007,52.970000000000006,0.0,0,Nilgiris,Tamil Nadu
2018-10-27,0.0,0.0,1.490000000000007,52.95,0.0,0,Nilgiris,Tamil Nadu
2018-10-28,0.0,0.0,0.5100000000000071,50.120000000000005,0.0,0,Nilgiris,Tamil Nadu
2018-10-29,0.0,0.0,0.20000000000000712,36.77,0.0,0,Nilgiris,Tamil Nadu
2018-10-30,0.0,0.0,0.0,30.880000000000006,0.0,0,Nilgiris,Tamil Nadu
2018-10-31,1.24,1.24,1.240000000000007,19.580000000000005,1.24,0,Nilgiris,Tamil Nadu
2018-11-01,4.54,5.78,5.780000000000007,19.640000000000008,4.54,0,Nilgiris,Tamil Nadu
2018-11-02,2.93,8.71,8.710000000000008,19.550000000000008,4.54,0,Nilgiris,Tamil Nadu
2018-11-03,7.76,15.23,16.470000000000006,23.470000000000006,7.76,0,Nilgiris,Tamil Nadu
2018-11-04,3.12,13.810000000000002,19.590000000000007,21.08000000000001,7.76,0,Nilgiris,Tamil Nadu
2018-11-05,2.29,13.17,21.88000000000001,22.390000000000008,7.76,0,Nilgiris,Tamil Nadu
2018-11-06,0.01,5.42,21.890000000000008,22.090000000000007,3.12,0,Nilgiris,Tamil Nadu
2018-11-07,0.0,2.3,20.65000000000001,21.890000000000008,2.29,0,Nilgiris,Tamil Nadu
2018-11-08,0.01,0.02,16.120000000000008,21.900000000000006,0.01,0,Nilgiris,Tamil Nadu
2018-11-09,0.28,0.29000000000000004,13.470000000000008,22.180000000000007,0.28,0,Nilgiris,Tamil Nadu
2018-11-10,0.01,0.30000000000000004,5.720000000000007,22.190000000000005,0.28,0,Nilgiris,Tamil Nadu
2018-11-11,0.0,0.29000000000000004,2.600000000000007,22.190000000000005,0.28,0,Nilgiris,Tamil Nadu
2018-11-12,0.0,0.01,0.31000000000000716,22.190000000000005,0.01,0,Nilgiris,Tamil Nadu
2018-11-13,0.0,0.0,0.30000000000000715,22.190000000000005,0.0,0,Nilgiris,Tamil Nadu
2018-11-14,0.0,0.0,0.30000000000000715,22.190000000000005,0.0,0,Nilgiris,Tamil Nadu
2018-11-15,3.64,3.64,3.9300000000000073,24.590000000000007,3.64,0,Nilgiris,Tamil Nadu
2018-11-16,15.57,19.21,19.220000000000006,35.620000000000005,15.57,0,Nilgiris,Tamil Nadu
2018-11-17,0.05,19.26,19.260000000000005,32.74,15.57,0,Nilgiris,Tamil Nadu
2018-11-18,4.67,20.29,23.930000000000007,29.650000000000006,15.57,0,Nilgiris,Tamil Nadu
2018-11-19,2.62,7.34,26.550000000000004,29.150000000000006,4.67,0,Nilgiris,Tamil Nadu
2018-11-20,0.33,7.62,26.880000000000006,27.190000000000005,4.67,0,Nilgiris,Tamil Nadu
2018-11-21,1.13,4.08,28.010000000000005,28.310000000000006,2.62,0,Nilgiris,Tamil Nadu
2018-11-22,5.14,6.6,29.510000000000005,33.45,5.14,0,Nilgiris,Tamil Nadu
2018-11-23,5.91,12.18,19.85000000000001,39.35000000000001,5.91,0,Nilgiris,Tamil Nadu
2018-11-24,2.4,13.450000000000001,22.200000000000006,41.470000000000006,5.91,0,Nilgiris,Tamil Nadu
2018-11-25,0.06,8.37,17.590000000000007,41.52000000000001,5.91,0,Nilgiris,Tamil Nadu
2018-11-26,0.0,2.46,14.970000000000006,41.52000000000001,2.4,0,Nilgiris,Tamil Nadu
2018-11-27,0.0,0.06,14.640000000000006,41.52000000000001,0.06,0,Nilgiris,Tamil Nadu
2018-11-28,0.0,0.0,13.510000000000005,41.52000000000001,0.0,0,Nilgiris,Tamil Nadu
2018-11-29,2.43,2.43,10.800000000000008,43.95000000000001,2.43,0,Nilgiris,Tamil Nadu
2018-11-30,0.24,2.67,5.130000000000007,40.550000000000004,2.43,0,Nilgiris,Tamil Nadu
2018-12-01,0.36,3.0300000000000002,3.0900000000000074,25.340000000000007,2.43,0,Nilgiris,Tamil Nadu
2018-12-02,0.0,0.6,3.0300000000000074,25.290000000000006,0.36,0,Nilgiris,Tamil Nadu
2018-12-03,0.0,0.36,3.0300000000000074,20.620000000000008,0.36,0,Nilgiris,Tamil Nadu
2018-12-04,3.62,3.62,6.6500000000000075,21.620000000000008,3.62,0,Nilgiris,Tamil Nadu
2018-12-05,0.47,4.09,7.120000000000007,21.76000000000001,3.62,0,Nilgiris,Tamil Nadu
2018-12-06,0.32,4.41,5.010000000000007,20.950000000000006,3.62,0,Nilgiris,Tamil Nadu
2018-12-07,0.04,0.83,4.810000000000008,15.850000000000007,0.47,0,Nilgiris,Tamil Nadu
2018-12-08,0.0,0.36,4.450000000000007,9.940000000000007,0.32,0,Nilgiris,Tamil Nadu
2018-12-09,0.0,0.04,4.450000000000007,7.540000000000007,0.04,0,Nilgiris,Tamil Nadu
2018-12-10,0.0,0.0,4.450000000000007,7.4800000000000075,0.0,0,Nilgiris,Tamil Nadu
2018-12-11,0.0,0.0,0.8300000000000071,7.4800000000000075,0.0,0,Nilgiris,Tamil Nadu
2018-12-12,0.0,0.0,0.3600000000000071,7.4800000000000075,0.0,0,Nilgiris,Tamil Nadu
2018-12-13,0.0,0.0,0.040000000000007106,7.4800000000000075,0.0,0,Nilgiris,Tamil Nadu
2018-12-14,0.0,0.0,0.0,5.050000000000008,0.0,0,Nilgiris,Tamil Nadu
2018-12-15,0.0,0.0,0.0,4.810000000000008,0.0,0,Nilgiris,Tamil Nadu
2018-12-16,0.0,0.0,0.0,4.450000000000007,0.0,0,Nilgiris,Tamil Nadu
2018-12-17,0.0,0.0,0.0,4.450000000000007,0.0,0,Nilgiris,Tamil Nadu
2018-12-18,0.0,0.0,0.0,4.450000000000007,0.0,0,Nilgiris,Tamil Nadu
2018-12-19,0.02,0.02,0.020000000000007106,0.8500000000000071,0.02,0,Nilgiris,Tamil Nadu
2018-12-20,0.0,0.02,0.020000000000007106,0.3800000000000071,0.02,0,Nilgiris,Tamil Nadu
2018-12-21,0.0,0.02,0.020000000000007106,0.0600000000000071,0.02,0,Nilgiris,Tamil Nadu
2018-12-22,0.05,0.05,0.07000000000000711,0.07000000000000711,0.05,0,Nilgiris,Tamil Nadu
2018-12-23,1.11,1.1600000000000001,1.1800000000000073,1.1800000000000073,1.11,0,Nilgiris,Tamil Nadu
2018-12-24,0.62,1.7800000000000002,1.8000000000000074,1.8000000000000074,1.11,0,Nilgiris,Tamil Nadu
2018-12-25,0.01,1.74,1.8100000000000072,1.8100000000000072,1.11,0,Nilgiris,Tamil Nadu
2018-12-26,0.0,0.63,1.7900000000000071,1.8100000000000072,0.62,0,Nilgiris,Tamil Nadu
2018-12-27,0.0,0.01,1.7900000000000071,1.8100000000000072,0.01,0,Nilgiris,Tamil Nadu
2018-12-28,0.52,0.52,2.310000000000007,2.330000000000007,0.52,0,Nilgiris,Tamil Nadu
2018-12-29,0.51,1.03,2.7700000000000076,2.8400000000000074,0.52,0,Nilgiris,Tamil Nadu
2018-12-30,0.04,1.07,1.700000000000007,2.8800000000000074,0.52,0,Nilgiris,Tamil Nadu
2018-12-31,0.01,0.56,1.0900000000000072,2.8900000000000072,0.51,0,Nilgiris,Tamil Nadu
2019-01-01,0.0,0.05,1.0800000000000072,2.8900000000000072,0.04,0,Nilgiris,Tamil Nadu
2019-01-02,0.0,0.01,1.0800000000000072,2.8900000000000072,0.01,0,Nilgiris,Tamil Nadu
2019-01-03,0.0,0.0,1.0800000000000072,2.870000000000007,0.0,0,Nilgiris,Tamil Nadu
2019-01-04,0.0,0.0,0.5600000000000072,2.870000000000007,0.0,0,Nilgiris,Tamil Nadu
2019-01-05,0.0,0.0,0.05000000000000711,2.870000000000007,0.0,0,Nilgiris,Tamil Nadu
2019-01-06,0.0,0.0,0.010000000000007106,2.8200000000000074,0.0,0,Nilgiris,Tamil Nadu
2019-01-07,0.0,0.0,0.0,1.710000000000007,0.0,0,Nilgiris,Tamil Nadu
2019-01-08,0.0,0.0,0.0,1.090000000000007,0.0,0,Nilgiris,Tamil Nadu
2019-01-09,0.0,0.0,0.0,1.0800000000000072,0.0,0,Nilgiris,Tamil Nadu
2019-01-10,0.0,0.0,0.0,1.0800000000000072,0.0,0,Nilgiris,Tamil Nadu
2019-01-11,0.0,0.0,0.0,1.0800000000000072,0.0,0,Nilgiris,Tamil Nadu
2019-01-12,0.0,0.0,0.0,0.5600000000000072,0.0,0,Nilgiris,Tamil Nadu
2019-01-13,0.0,0.0,0.0,0.05000000000000711,0.0,0,Nilgiris,Tamil Nadu
2019-01-14,0.0,0.0,0.0,0.010000000000007106,0.0,0,Nilgiris,Tamil Nadu
2019-01-15,0.0,0.0,0.0,0.0,0.0,0,Nilgiris,Tamil Nadu
2019-01-16,0.0,0.0,0.0,0.0,0.0,0,Nilgiris,Tamil Nadu
2019-01-17,0.0,0.0,0.0,0.0,0.0,0,Nilgiris,Tamil Nadu
2019-01-18,0.0,0.0,0.0,0.0,0.0,0,Nilgiris,Tamil Nadu
2019-01-19,0.0,0.0,0.0,0.0,0.0,0,Nilgiris,Tamil Nadu
2019-01-20,0.0,0.0,0.0,0.0,0.0,0,Nilgiris,Tamil Nadu
2019-01-21,0.0,0.0,0.0,0.0,0.0,0,Nilgiris,Tamil Nadu
2019-01-22,0.0,0.0,0.0,0.0,0.0,0,Nilgiris,Tamil Nadu
2019-01-23,0.0,0.0,0.0,0.0,0.0,0,Nilgiris,Tamil Nadu
2019-01-24,0.0,0.0,0.0,0.0,0.0,0,Nilgiris,Tamil Nadu
2019-01-25,0.0,0.0,0.0,0.0,0.0,0,Nilgiris,Tamil Nadu
2019-01-26,0.0,0.0,0.0,0.0,0.0,0,Nilgiris,Tamil Nadu
2019-01-27,0.0,0.0,0.0,0.0,0.0,0,Nilgiris,Tamil Nadu
2019-01-28,0.01,0.01,0.010000000000007106,0.010000000000007106,0.01,0,Nilgiris,Tamil Nadu
2019-01-29,0.04,0.05,0.05000000000000711,0.05000000000000711,0.04,0,Nilgiris,Tamil Nadu
2019-01-30,0.07,0.12000000000000001,0.12000000000000711,0.12000000000000711,0.07,0,Nilgiris,Tamil Nadu
2019-01-31,0.0,0.11000000000000001,0.12000000000000711,0.12000000000000711,0.07,0,Nilgiris,Tamil Nadu
2019-02-01,0.0,0.07,0.12000000000000711,0.12000000000000711,0.07,0,Nilgiris,Tamil Nadu
2019-02-02,0.0,0.0,0.12000000000000711,0.12000000000000711,0.0,0,Nilgiris,Tamil Nadu
2019-02-03,0.0,0.0,0.12000000000000711,0.12000000000000711,0.0,0,Nilgiris,Tamil Nadu
2019-02-04,0.0,0.0,0.11000000000000712,0.12000000000000711,0.0,0,Nilgiris,Tamil Nadu
2019-02-05,0.0,0.0,0.07000000000000711,0.12000000000000711,0.0,0,Nilgiris,Tamil Nadu
2019-02-06,0.0,0.0,0.0,0.12000000000000711,0.0,0,Nilgiris,Tamil Nadu
2019-02-07,0.01,0.01,0.010000000000007106,0.1300000000000071,0.01,0,Nilgiris,Tamil Nadu
2019-02-08,0.0,0.01,0.010000000000007106,0.1300000000000071,0.01,0,Nilgiris,Tamil Nadu
2019-02-09,1.18,1.19,1.190000000000007,1.3100000000000072,1.18,0,Nilgiris,Tamil Nadu
2019-02-10,4.41,5.59,5.600000000000007,5.720000000000008,4.41,0,Nilgiris,Tamil Nadu
2019-02-11,0.35,5.9399999999999995,5.950000000000006,6.070000000000007,4.41,0,Nilgiris,Tamil Nadu
2019-02-12,0.0,4.76,5.950000000000006,6.060000000000008,4.41,0,Nilgiris,Tamil Nadu
2019-02-13,0.0,0.35,5.950000000000006,6.020000000000008,0.35,0,Nilgiris,Tamil Nadu
2019-02-14,0.0,0.0,5.940000000000007,5.950000000000007,0.0,0,Nilgiris,Tamil Nadu
2019-02-15,0.01,0.01,5.950000000000007,5.960000000000008,0.01,0,Nilgiris,Tamil Nadu
2019-02-16,0.0,0.01,4.770000000000007,5.960000000000008,0.01,0,Nilgiris,Tamil Nadu
2019-02-17,0.0,0.01,0.3600000000000062,5.960000000000008,0.01,0,Nilgiris,Tamil Nadu
2019-02-18,0.0,0.0,0.010000000000006217,5.960000000000008,0.0,0,Nilgiris,Tamil Nadu
2019-02-19,2.7,2.7,2.710000000000006,8.660000000000007,2.7,0,Nilgiris,Tamil Nadu
2019-02-20,1.18,3.88,3.890000000000006,9.840000000000007,2.7,0,Nilgiris,Tamil Nadu
2019-02-21,0.0,3.88,3.890000000000006,9.840000000000007,2.7,0,Nilgiris,Tamil Nadu
2019-02-22,0.0,1.18,3.880000000000006,9.830000000000007,1.18,0,Nilgiris,Tamil Nadu
2019-02-23,0.0,0.0,3.880000000000006,9.830000000000007,0.0,0,Nilgiris,Tamil Nadu
2019-02-24,0.0,0.0,3.880000000000006,8.650000000000007,0.0,0,Nilgiris,Tamil Nadu
2019-02-25,0.0,0.0,3.880000000000006,4.240000000000008,0.0,0,Nilgiris,Tamil Nadu
2019-02-26,0.0,0.0,1.1800000000000062,3.8900000000000077,0.0,0,Nilgiris,Tamil Nadu
2019-02-27,0.0,0.0,0.0,3.8900000000000077,0.0,0,Nilgiris,Tamil Nadu
2019-02-28,0.07,0.07,0.07000000000000622,3.960000000000008,0.07,0,Nilgiris,Tamil Nadu
2019-03-01,2.42,2.4899999999999998,2.490000000000006,6.380000000000008,2.42,0,Nilgiris,Tamil Nadu
2019-03-02,8.86,11.35,11.350000000000005,15.230000000000008,8.86,0,Nilgiris,Tamil Nadu
2019-03-03,0.01,11.29,11.360000000000005,15.240000000000007,8.86,0,Nilgiris,Tamil Nadu
2019-03-04,0.0,8.87,11.360000000000005,15.240000000000007,8.86,0,Nilgiris,Tamil Nadu
2019-03-05,0.0,0.01,11.360000000000005,15.240000000000007,0.01,0,Nilgiris,Tamil Nadu
2019-03-06,0.12,0.12,11.480000000000006,12.660000000000007,0.12,0,Nilgiris,Tamil Nadu
2019-03-07,0.08,0.2,11.490000000000006,11.560000000000008,0.12,0,Nilgiris,Tamil Nadu
2019-03-08,0.0,0.2,9.070000000000006,11.560000000000008,0.12,0,Nilgiris,Tamil Nadu
2019-03-09,0.63,0.71,0.8400000000000053,12.190000000000007,0.63,0,Nilgiris,Tamil Nadu
2019-03-10,1.1,1.73,1.9300000000000055,13.290000000000006,1.1,0,Nilgiris,Tamil Nadu
2019-03-11,0.02,1.75,1.9500000000000055,13.310000000000006,1.1,0,Nilgiris,Tamil Nadu
2019-03-12,0.0,1.12,1.9500000000000055,13.310000000000006,1.1,0,Nilgiris,Tamil Nadu
2019-03-13,0.0,0.02,1.8300000000000056,13.310000000000006,0.02,0,Nilgiris,Tamil Nadu
2019-03-14,0.0,0.0,1.7500000000000056,13.310000000000006,0.0,0,Nilgiris,Tamil Nadu
2019-03-15,0.0,0.0,1.7500000000000056,13.240000000000007,0.0,0,Nilgiris,Tamil Nadu
2019-03-16,0.0,0.0,1.1200000000000054,10.820000000000007,0.0,0,Nilgiris,Tamil Nadu
2019-03-17,0.0,0.0,0.02000000000000533,1.9600000000000088,0.0,0,Nilgiris,Tamil Nadu
2019-03-18,0.0,0.0,0.0,1.9500000000000088,0.0,0,Nilgiris,Tamil Nadu
2019-03-19,0.02,0.02,0.02000000000000533,1.9700000000000089,0.02,0,Nilgiris,Tamil Nadu
2019-03-20,0.0,0.02,0.02000000000000533,1.9700000000000089,0.02,0,Nilgiris,Tamil Nadu
2019-03-21,0.0,0.02,0.02000000000000533,1.850000000000009,0.02,0,Nilgiris,Tamil Nadu
2019-03-22,0.0,0.0,0.02000000000000533,1.770000000000009,0.0,0,Nilgiris,Tamil Nadu
2019-03-23,0.0,0.0,0.02000000000000533,1.770000000000009,0.0,0,Nilgiris,Tamil Nadu
2019-03-24,0.0,0.0,0.02000000000000533,1.140000000000009,0.0,0,Nilgiris,Tamil Nadu
2019-03-25,0.0,0.0,0.02000000000000533,0.04000000000000888,0.0,0,Nilgiris,Tamil Nadu
2019-03-26,0.01,0.01,0.01000000000000533,0.03000000000000888,0.01,0,Nilgiris,Tamil Nadu
2019-03-27,0.05,0.060000000000000005,0.060000000000005334,0.08000000000000888,0.05,0,Nilgiris,Tamil Nadu
2019-03-28,0.0,0.060000000000000005,0.060000000000005334,0.08000000000000888,0.05,0,Nilgiris,Tamil Nadu
2019-03-29,0.0,0.05,0.060000000000005334,0.08000000000000888,0.05,0,Nilgiris,Tamil Nadu
2019-03-30,0.02,0.02,0.08000000000000533,0.10000000000000889,0.02,0,Nilgiris,Tamil Nadu
2019-03-31,0.02,0.04,0.10000000000000533,0.12000000000000888,0.02,0,Nilgiris,Tamil Nadu
2019-04-01,0.0,0.04,0.10000000000000533,0.12000000000000888,0.02,0,Nilgiris,Tamil Nadu
2019-04-02,0.01,0.03,0.10000000000000533,0.1300000000000089,0.02,0,Nilgiris,Tamil Nadu
2019-04-03,0.01,0.02,0.06000000000000533,0.12000000000000888,0.01,0,Nilgiris,Tamil Nadu
2019-04-04,0.0,0.02,0.06000000000000533,0.12000000000000888,0.01,0,Nilgiris,Tamil Nadu
2019-04-05,0.01,0.02,0.07000000000000534,0.1300000000000089,0.01,0,Nilgiris,Tamil Nadu
2019-04-06,0.01,0.02,0.06000000000000533,0.1400000000000089,0.01,0,Nilgiris,Tamil Nadu
2019-04-07,0.0,0.02,0.04000000000000533,0.1400000000000089,0.01,0,Nilgiris,Tamil Nadu
2019-04-08,0.56,0.5700000000000001,0.6000000000000054,0.700000000000009,0.56,0,Nilgiris,Tamil Nadu
2019-04-09,1.18,1.74,1.7700000000000053,1.8800000000000088,1.18,0,Nilgiris,Tamil Nadu
2019-04-10,0.01,1.75,1.7700000000000053,1.880000000000009,1.18,0,Nilgiris,Tamil Nadu
2019-04-11,0.04,1.23,1.8100000000000054,1.870000000000009,1.18,0,Nilgiris,Tamil Nadu
2019-04-12,0.01,0.060000000000000005,1.8100000000000054,1.880000000000009,0.04,0,Nilgiris,Tamil Nadu
2019-04-13,0.0,0.05,1.8000000000000054,1.880000000000009,0.04,0,Nilgiris,Tamil Nadu
2019-04-14,0.0,0.01,1.8000000000000054,1.860000000000009,0.01,0,Nilgiris,Tamil Nadu
2019-04-15,0.0,0.0,1.2400000000000053,1.840000000000009,0.0,0,Nilgiris,Tamil Nadu
2019-04-16,0.25,0.25,0.3100000000000053,2.0900000000000087,0.25,0,Nilgiris,Tamil Nadu
2019-04-17,5.55,5.8,5.850000000000005,7.630000000000009,5.55,0,Nilgiris,Tamil Nadu
2019-04-18,7.6,13.399999999999999,13.410000000000004,15.22000000000001,7.6,0,Nilgiris,Tamil Nadu
2019-04-19,6.87,20.02,20.270000000000003,22.09000000000001,7.6,0,Nilgiris,Tamil Nadu
2019-04-20,12.83,27.299999999999997,33.10000000000001,34.91000000000001,12.83,0,Nilgiris,Tamil Nadu
2019-04-21,11.89,31.590000000000003,44.99000000000001,46.790000000000006,12.83,0,Nilgiris,Tamil Nadu
2019-04-22,6.86,31.580000000000002,51.85000000000001,53.65000000000001,12.83,0,Nilgiris,Tamil Nadu
2019-04-23,11.62,30.369999999999997,63.220000000000006,64.71000000000001,11.89,0,Nilgiris,Tamil Nadu
2019-04-24,0.2,18.679999999999996,57.87000000000001,63.73000000000001,11.62,0,Nilgiris,Tamil Nadu
2019-04-25,0.11,11.929999999999998,50.38000000000001,63.83000000000001,11.62,0,Nilgiris,Tamil Nadu
2019-04-26,0.1,0.41000000000000003,43.61,63.89000000000001,0.2,0,Nilgiris,Tamil Nadu
2019-04-27,0.03,0.24,30.810000000000006,63.91000000000001,0.11,0,Nilgiris,Tamil Nadu
2019-04-28,0.01,0.14,18.930000000000007,63.920000000000016,0.1,0,Nilgiris,Tamil Nadu
2019-04-29,0.16,0.2,12.230000000000004,64.08000000000001,0.16,0,Nilgiris,Tamil Nadu
2019-04-30,4.42,4.59,5.030000000000007,68.50000000000001,4.42,0,Nilgiris,Tamil Nadu
2019-05-01,6.03,10.61,10.860000000000007,74.28000000000002,6.03,0,Nilgiris,Tamil Nadu
2019-05-02,0.09,10.540000000000001,10.840000000000009,68.82000000000002,6.03,0,Nilgiris,Tamil Nadu
2019-05-03,0.0,6.12,10.740000000000009,61.220000000000006,6.03,0,Nilgiris,Tamil Nadu
2019-05-04,0.0,0.09,10.710000000000008,54.35000000000001,0.09,0,Nilgiris,Tamil Nadu
2019-05-05,0.0,0.0,10.700000000000008,41.52000000000001,0.0,0,Nilgiris,Tamil Nadu
2019-05-06,0.08,0.08,10.620000000000008,29.71000000000001,0.08,0,Nilgiris,Tamil Nadu
2019-05-07,3.16,3.24,9.360000000000007,26.01000000000001,3.16,0,Nilgiris,Tamil Nadu
2019-05-08,5.25,8.49,8.580000000000007,19.64000000000001,5.25,0,Nilgiris,Tamil Nadu
2019-05-09,3.68,12.09,12.170000000000007,23.12000000000001,5.25,0,Nilgiris,Tamil Nadu
2019-05-10,1.3,10.23,13.470000000000008,24.310000000000013,5.25,0,Nilgiris,Tamil Nadu
2019-05-11,1.76,6.74,15.230000000000008,25.970000000000013,3.68,0,Nilgiris,Tamil Nadu
2019-05-12,1.57,4.63,16.800000000000008,27.51000000000001,1.76,0,Nilgiris,Tamil Nadu
2019-05-13,0.43,3.7600000000000002,17.150000000000006,27.930000000000014,1.76,0,Nilgiris,Tamil Nadu
2019-05-14,2.33,4.33,16.320000000000007,30.100000000000012,2.33,0,Nilgiris,Tamil Nadu
2019-05-15,8.69,11.45,19.760000000000005,34.37000000000001,8.69,0,Nilgiris,Tamil Nadu
2019-05-16,1.91,12.93,17.990000000000006,30.250000000000007,8.69,0,Nilgiris,Tamil Nadu
2019-05-17,2.56,13.16,19.250000000000007,32.720000000000006,8.69,0,Nilgiris,Tamil Nadu
2019-05-18,0.22,4.6899999999999995,17.710000000000008,32.94000000000001,2.56,0,Nilgiris,Tamil Nadu
2019-05-19,0.04,2.8199999999999994,16.180000000000007,32.98000000000001,2.56,0,Nilgiris,Tamil Nadu
2019-05-20,0.0,0.26,15.750000000000007,32.98000000000001,0.22,0,Nilgiris,Tamil Nadu
2019-05-21,1.92,1.96,15.340000000000007,34.82000000000001,1.92,0,Nilgiris,Tamil Nadu
2019-05-22,0.9,2.82,7.550000000000007,32.56000000000001,1.92,0,Nilgiris,Tamil Nadu
2019-05-23,0.18,3.0,5.8200000000000065,27.49000000000001,1.92,0,Nilgiris,Tamil Nadu
2019-05-24,0.38,1.46,3.6400000000000072,24.190000000000012,0.9,0,Nilgiris,Tamil Nadu
2019-05-25,3.4,3.96,6.820000000000007,26.29000000000001,3.4,0,Nilgiris,Tamil Nadu
2019-05-26,2.43,6.21,9.210000000000008,26.960000000000008,3.4,0,Nilgiris,Tamil Nadu
2019-05-27,0.88,6.71,10.090000000000007,26.27000000000001,3.4,0,Nilgiris,Tamil Nadu
2019-05-28,12.83,16.14,21.000000000000007,38.67000000000001,12.83,0,Nilgiris,Tamil Nadu
2019-05-29,8.53,22.240000000000002,28.63000000000001,44.87000000000001,12.83,0,Nilgiris,Tamil Nadu
2019-05-30,3.07,24.43,31.520000000000007,39.250000000000014,12.83,0,Nilgiris,Tamil Nadu
2019-05-31,3.16,14.76,34.300000000000004,40.50000000000001,8.53,0,Nilgiris,Tamil Nadu
2019-06-01,1.36,7.59,32.260000000000005,39.30000000000001,3.16,1,Nilgiris,Tamil Nadu
2019-06-02,8.64,13.16,38.470000000000006,47.720000000000006,8.64,1,Nilgiris,Tamil Nadu
2019-06-03,0.76,10.76,38.35000000000001,48.44000000000001,8.64,1,Nilgiris,Tamil Nadu
2019-06-04,8.89,18.29,34.41000000000001,57.33000000000001,8.89,1,Nilgiris,Tamil Nadu
2019-06-05,11.47,21.12,37.35000000000001,66.88000000000001,11.47,1,Nilgiris,Tamil Nadu
2019-06-06,0.57,20.93,34.85000000000001,66.55000000000001,11.47,1,Nilgiris,Tamil Nadu
2019-06-07,1.13,13.17,32.82000000000001,67.50000000000001,11.47,1,Nilgiris,Tamil Nadu
2019-06-08,0.35,2.05,31.810000000000006,67.47000000000001,1.13,1,Nilgiris,Tamil Nadu
2019-06-09,1.48,2.96,24.65000000000001,65.55000000000001,1.48,1,Nilgiris,Tamil Nadu
2019-06-10,2.43,4.26,26.320000000000007,65.55000000000001,2.43,1,Nilgiris,Tamil Nadu
2019-06-11,3.09,7.0,20.520000000000007,67.76000000000002,3.09,1,Nilgiris,Tamil Nadu
2019-06-12,1.27,6.789999999999999,10.320000000000007,56.20000000000002,3.09,1,Nilgiris,Tamil Nadu
2019-06-13,0.97,5.33,10.720000000000006,48.640000000000015,3.09,1,Nilgiris,Tamil Nadu
2019-06-14,3.32,5.56,12.910000000000007,48.890000000000015,3.32,1,Nilgiris,Tamil Nadu
2019-06-15,2.27,6.559999999999999,14.830000000000007,48.00000000000001,3.32,1,Nilgiris,Tamil Nadu
2019-06-16,0.32,5.909999999999999,13.670000000000007,46.96000000000001,3.32,1,Nilgiris,Tamil Nadu
2019-06-17,0.16,2.75,11.400000000000006,38.48000000000001,2.27,1,Nilgiris,Tamil Nadu
2019-06-18,0.98,1.46,9.290000000000006,38.70000000000001,0.98,1,Nilgiris,Tamil Nadu
2019-06-19,3.16,4.3,11.180000000000007,32.97000000000001,3.16,1,Nilgiris,Tamil Nadu
2019-06-20,1.47,5.609999999999999,11.680000000000007,22.970000000000013,3.16,1,Nilgiris,Tamil Nadu
2019-06-21,5.33,9.96,13.690000000000008,27.73000000000001,5.33,1,Nilgiris,Tamil Nadu
2019-06-22,2.66,9.46,14.080000000000009,29.26000000000001,5.33,1,Nilgiris,Tamil Nadu
2019-06-23,2.4,10.39,16.160000000000007,31.310000000000013,5.33,1,Nilgiris,Tamil Nadu
2019-06-24,2.02,7.08,18.020000000000007,31.850000000000012,2.66,1,Nilgiris,Tamil Nadu
2019-06-25,2.49,6.91,19.53000000000001,31.91000000000001,2.49,1,Nilgiris,Tamil Nadu
2019-06-26,1.22,5.7299999999999995,17.590000000000007,30.040000000000013,2.49,1,Nilgiris,Tamil Nadu
2019-06-27,0.3,4.01,16.42000000000001,29.07000000000001,2.49,1,Nilgiris,Tamil Nadu
2019-06-28,0.07,1.5899999999999999,11.160000000000007,28.17000000000001,1.22,1,Nilgiris,Tamil Nadu
2019-06-29,0.06,0.43,8.560000000000006,24.91000000000001,0.3,1,Nilgiris,Tamil Nadu
2019-06-30,0.07,0.2,6.2300000000000075,22.71000000000001,0.07,1,Nilgiris,Tamil Nadu
2019-07-01,0.13,0.26,4.340000000000007,22.52000000000001,0.13,1,Nilgiris,Tamil Nadu
2019-07-02,1.99,2.19,3.840000000000007,24.35000000000001,1.99,1,Nilgiris,Tamil Nadu
2019-07-03,1.05,3.17,3.670000000000007,24.420000000000012,1.99,1,Nilgiris,Tamil Nadu
2019-07-04,3.86,6.9,7.2300000000000075,25.12000000000001,3.86,1,Nilgiris,Tamil Nadu
2019-07-05,2.62,7.529999999999999,9.780000000000006,26.27000000000001,3.86,1,Nilgiris,Tamil Nadu
2019-07-06,3.98,10.46,13.700000000000006,24.920000000000012,3.98,1,Nilgiris,Tamil Nadu
2019-07-07,1.88,8.48,15.510000000000009,24.14000000000001,3.98,1,Nilgiris,Tamil Nadu
2019-07-08,1.68,7.54,17.060000000000006,23.42000000000001,3.98,1,Nilgiris,Tamil Nadu
2019-07-09,3.31,6.870000000000001,18.380000000000006,24.710000000000008,3.31,1,Nilgiris,Tamil Nadu
2019-07-10,3.84,8.83,21.170000000000005,26.06000000000001,3.84,1,Nilgiris,Tamil Nadu
2019-07-11,2.31,9.46,19.620000000000008,27.15000000000001,3.84,1,Nilgiris,Tamil Nadu
2019-07-12,1.04,7.19,18.040000000000006,27.89000000000001,3.84,1,Nilgiris,Tamil Nadu
2019-07-13,6.64,9.99,20.700000000000006,34.46000000000001,6.64,1,Nilgiris,Tamil Nadu
2019-07-14,10.86,18.54,29.680000000000007,45.260000000000005,10.86,1,Nilgiris,Tamil Nadu
2019-07-15,2.78,20.28,30.78000000000001,47.970000000000006,10.86,1,Nilgiris,Tamil Nadu
2019-07-16,1.91,15.549999999999999,29.380000000000006,49.750000000000014,10.86,1,Nilgiris,Tamil Nadu
2019-07-17,0.95,5.64,26.490000000000006,48.71000000000001,2.78,1,Nilgiris,Tamil Nadu
2019-07-18,5.61,8.47,29.790000000000006,53.27000000000001,5.61,1,Nilgiris,Tamil Nadu
2019-07-19,5.65,12.21,34.400000000000006,55.06000000000001,5.65,1,Nilgiris,Tamil Nadu
2019-07-20,3.99,15.25,31.750000000000007,56.43000000000001,5.65,1,Nilgiris,Tamil Nadu
2019-07-21,3.04,12.68,23.930000000000007,55.490000000000016,5.65,1,Nilgiris,Tamil Nadu
2019-07-22,6.22,13.25,27.370000000000005,59.83000000000001,6.22,1,Nilgiris,Tamil Nadu
2019-07-23,5.04,14.299999999999999,30.500000000000007,63.19000000000001,6.22,1,Nilgiris,Tamil Nadu
2019-07-24,5.68,16.939999999999998,35.230000000000004,65.56,6.22,1,Nilgiris,Tamil Nadu
2019-07-25,4.52,15.239999999999998,34.14000000000001,66.24000000000001,5.68,1,Nilgiris,Tamil Nadu
2019-07-26,1.26,11.459999999999999,29.750000000000007,65.19000000000001,5.68,1,Nilgiris,Tamil Nadu
2019-07-27,0.02,5.799999999999999,25.780000000000005,64.17,4.52,1,Nilgiris,Tamil Nadu
2019-07-28,0.37,1.649999999999999,23.110000000000007,57.90000000000001,1.26,1,Nilgiris,Tamil Nadu
2019-07-29,0.62,1.0099999999999991,17.51000000000001,47.66000000000001,0.62,1,Nilgiris,Tamil Nadu
2019-07-30,0.12,1.109999999999999,12.590000000000005,45.00000000000001,0.62,1,Nilgiris,Tamil Nadu
2019-07-31,0.02,0.7599999999999991,6.930000000000007,43.110000000000014,0.62,1,Nilgiris,Tamil Nadu
2019-08-01,0.42,0.5599999999999992,2.830000000000007,42.58000000000001,0.42,1,Nilgiris,Tamil Nadu
2019-08-02,1.62,2.059999999999999,3.1900000000000075,38.59000000000001,1.62,1,Nilgiris,Tamil Nadu
2019-08-03,1.17,3.209999999999999,4.340000000000007,34.110000000000014,1.62,1,Nilgiris,Tamil Nadu
2019-08-04,6.49,9.28,10.460000000000008,36.610000000000014,6.49,1,Nilgiris,Tamil Nadu
2019-08-05,5.78,13.44,15.620000000000008,39.35000000000001,6.49,1,Nilgiris,Tamil Nadu
2019-08-06,11.92,24.189999999999998,27.42000000000001,45.05000000000001,11.92,1,Nilgiris,Tamil Nadu
2019-08-07,10.8,28.5,38.20000000000001,50.81000000000002,11.92,1,Nilgiris,Tamil Nadu
2019-08-08,48.82,71.54,86.60000000000001,93.95000000000002,48.82,1,Nilgiris,Tamil Nadu
2019-08-09,30.42,90.03999999999999,115.4,119.85000000000002,48.82,1,Nilgiris,Tamil Nadu
2019-08-10,7.07,86.31,121.30000000000001,125.66000000000001,48.82,1,Nilgiris,Tamil Nadu
2019-08-11,1.5,38.989999999999995,116.31,127.14000000000001,30.42,1,Nilgiris,Tamil Nadu
2019-08-12,1.2,9.769999999999992,111.73,127.97000000000001,7.07,1,Nilgiris,Tamil Nadu
2019-08-13,3.74,6.439999999999993,103.55000000000001,131.09,3.74,1,Nilgiris,Tamil Nadu
2019-08-14,4.73,9.669999999999995,97.48,135.7,4.73,1,Nilgiris,Tamil Nadu
2019-08-15,1.42,9.889999999999993,50.08000000000001,137.10000000000002,4.73,1,Nilgiris,Tamil Nadu
2019-08-16,11.3,17.449999999999992,30.960000000000008,147.98000000000002,11.3,1,Nilgiris,Tamil Nadu
2019-08-17,4.52,17.23999999999999,28.410000000000007,150.88,11.3,1,Nilgiris,Tamil Nadu
2019-08-18,9.62,25.43999999999999,36.53000000000001,159.33,11.3,1,Nilgiris,Tamil Nadu
2019-08-19,7.14,21.27999999999999,42.470000000000006,159.98,9.62,1,Nilgiris,Tamil Nadu
2019-08-20,7.51,24.26999999999999,46.24000000000001,161.71,9.62,1,Nilgiris,Tamil Nadu
2019-08-21,8.8,23.44999999999999,50.31,158.59,8.8,1,Nilgiris,Tamil Nadu
2019-08-22,3.64,19.94999999999999,52.53,151.43,8.8,1,Nilgiris,Tamil Nadu
2019-08-23,2.64,15.079999999999991,43.870000000000005,105.25000000000001,8.8,1,Nilgiris,Tamil Nadu
2019-08-24,1.07,7.349999999999992,40.42000000000001,75.9,3.64,1,Nilgiris,Tamil Nadu
2019-08-25,1.79,5.499999999999991,32.59,70.62000000000002,2.64,1,Nilgiris,Tamil Nadu
2019-08-26,4.01,6.86999999999999,29.460000000000008,73.13,4.01,1,Nilgiris,Tamil Nadu
2019-08-27,1.83,7.62999999999999,23.78000000000001,73.76000000000002,4.01,1,Nilgiris,Tamil Nadu
2019-08-28,2.09,7.92999999999999,17.070000000000007,72.11,4.01,1,Nilgiris,Tamil Nadu
2019-08-29,12.7,16.61999999999999,26.130000000000006,80.08000000000001,12.7,1,Nilgiris,Tamil Nadu
2019-08-30,0.62,15.40999999999999,24.110000000000007,79.28000000000002,12.7,1,Nilgiris,Tamil Nadu
2019-08-31,1.49,14.80999999999999,24.530000000000005,69.47000000000001,12.7,1,Nilgiris,Tamil Nadu
2019-09-01,3.22,5.329999999999991,25.960000000000008,68.17,3.22,1,Nilgiris,Tamil Nadu
2019-09-02,4.8,9.509999999999991,26.750000000000007,63.35000000000001,4.8,1,Nilgiris,Tamil Nadu
2019-09-03,4.68,12.69999999999999,29.600000000000005,60.89000000000001,4.8,1,Nilgiris,Tamil Nadu
2019-09-04,4.25,13.72999999999999,31.760000000000005,57.63000000000001,4.8,1,Nilgiris,Tamil Nadu
2019-09-05,2.06,10.989999999999991,21.120000000000008,50.89000000000001,4.68,1,Nilgiris,Tamil Nadu
2019-09-06,2.35,8.659999999999991,22.850000000000005,49.60000000000001,4.25,1,Nilgiris,Tamil Nadu
2019-09-07,1.59,5.999999999999991,22.950000000000006,48.55000000000001,2.35,1,Nilgiris,Tamil Nadu
2019-09-08,4.05,7.989999999999991,23.780000000000005,51.53000000000001,4.05,1,Nilgiris,Tamil Nadu
2019-09-09,1.2,6.839999999999991,20.180000000000007,50.94000000000001,4.05,1,Nilgiris,Tamil Nadu
2019-09-10,1.51,6.75999999999999,17.01000000000001,48.440000000000005,4.05,1,Nilgiris,Tamil Nadu
2019-09-11,9.77,12.47999999999999,22.53000000000001,56.38000000000001,9.77,1,Nilgiris,Tamil Nadu
2019-09-12,3.53,14.80999999999999,24.000000000000007,57.82,9.77,1,Nilgiris,Tamil Nadu
2019-09-13,8.4,21.69999999999999,30.050000000000008,53.52000000000001,9.77,1,Nilgiris,Tamil Nadu
2019-09-14,1.58,13.509999999999991,30.040000000000006,54.48000000000001,8.4,1,Nilgiris,Tamil Nadu
2019-09-15,5.79,15.769999999999992,31.78000000000001,58.78000000000001,8.4,1,Nilgiris,Tamil Nadu
2019-09-16,10.88,18.249999999999993,41.46000000000001,66.44000000000001,10.88,1,Nilgiris,Tamil Nadu
2019-09-17,6.34,23.00999999999999,46.290000000000006,67.98,10.88,1,Nilgiris,Tamil Nadu
2019-09-18,5.31,22.52999999999999,41.830000000000005,68.61,10.88,1,Nilgiris,Tamil Nadu
2019-09-19,2.0,13.649999999999991,40.300000000000004,66.36,6.34,1,Nilgiris,Tamil Nadu
2019-09-20,0.15,7.459999999999991,32.050000000000004,64.45,5.31,1,Nilgiris,Tamil Nadu
2019-09-21,0.9,3.049999999999991,31.370000000000008,63.00000000000001,2.0,1,Nilgiris,Tamil Nadu
2019-09-22,15.47,16.519999999999992,41.050000000000004,76.88000000000001,15.47,1,Nilgiris,Tamil Nadu
2019-09-23,18.46,34.83,48.63000000000001,91.29,18.46,1,Nilgiris,Tamil Nadu
2019-09-24,15.95,49.879999999999995,58.24,106.04,18.46,1,Nilgiris,Tamil Nadu
2019-09-25,10.33,44.73999999999999,63.260000000000005,114.86000000000001,18.46,1,Nilgiris,Tamil Nadu
2019-09-26,2.4,28.67999999999999,63.660000000000004,107.49,15.95,1,Nilgiris,Tamil Nadu
2019-09-27,3.14,15.86999999999999,66.65,107.1,10.33,1,Nilgiris,Tamil Nadu
2019-09-28,3.02,8.55999999999999,68.77,101.72000000000001,3.14,1,Nilgiris,Tamil Nadu
2019-09-29,5.18,11.33999999999999,58.480000000000004,105.32000000000001,5.18,1,Nilgiris,Tamil Nadu
2019-09-30,7.65,15.849999999999989,47.67,107.18,7.65,1,Nilgiris,Tamil Nadu
2019-10-01,4.69,17.51999999999999,36.410000000000004,100.99000000000001,7.65,0,Nilgiris,Tamil Nadu
2019-10-02,3.45,15.78999999999999,29.53000000000001,98.10000000000001,7.65,0,Nilgiris,Tamil Nadu
2019-10-03,1.85,9.98999999999999,28.980000000000004,94.64,4.69,0,Nilgiris,Tamil Nadu
2019-10-04,1.93,7.22999999999999,27.770000000000003,94.57000000000001,3.45,0,Nilgiris,Tamil Nadu
2019-10-05,2.61,6.389999999999989,27.360000000000003,97.03000000000002,2.61,0,Nilgiris,Tamil Nadu
2019-10-06,2.26,6.799999999999988,24.440000000000005,98.39,2.61,0,Nilgiris,Tamil Nadu
2019-10-07,13.41,18.279999999999987,30.200000000000006,96.33000000000001,13.41,0,Nilgiris,Tamil Nadu
2019-10-08,5.31,20.97999999999999,30.820000000000004,83.18,13.41,0,Nilgiris,Tamil Nadu
2019-10-09,1.46,20.179999999999993,28.830000000000005,68.69000000000001,13.41,0,Nilgiris,Tamil Nadu
2019-10-10,0.64,7.409999999999989,27.620000000000005,59.00000000000001,5.31,0,Nilgiris,Tamil Nadu
2019-10-11,5.28,7.379999999999989,30.970000000000006,61.88000000000001,5.28,0,Nilgiris,Tamil Nadu
2019-10-12,10.69,16.60999999999999,39.050000000000004,69.43,10.69,0,Nilgiris,Tamil Nadu
2019-10-13,13.72,29.68999999999999,50.510000000000005,80.13000000000001,13.72,0,Nilgiris,Tamil Nadu
2019-10-14,3.89,28.299999999999986,40.99,78.84,13.72,0,Nilgiris,Tamil Nadu
2019-10-15,4.79,22.39999999999999,40.47,75.98000000000002,13.72,0,Nilgiris,Tamil Nadu
2019-10-16,18.93,27.609999999999992,57.940000000000005,90.22,18.93,0,Nilgiris,Tamil Nadu
2019-10-17,15.2,38.91999999999999,72.5,101.97000000000001,18.93,0,Nilgiris,Tamil Nadu
2019-10-18,25.07,59.19999999999999,92.29,125.19,25.07,0,Nilgiris,Tamil Nadu
2019-10-19,8.48,48.74999999999999,90.08000000000001,131.74,25.07,0,Nilgiris,Tamil Nadu
2019-10-20,15.71,49.26,92.07000000000001,144.84,25.07,0,Nilgiris,Tamil Nadu
2019-10-21,16.89,41.08,105.07000000000001,159.47,16.89,0,Nilgiris,Tamil Nadu
2019-10-22,9.19,41.78999999999999,109.47,155.25,16.89,0,Nilgiris,Tamil Nadu
2019-10-23,3.62,29.699999999999992,94.16,153.56,16.89,0,Nilgiris,Tamil Nadu
2019-10-24,2.3,15.109999999999992,81.26,154.4,9.19,0,Nilgiris,Tamil Nadu
2019-10-25,3.5,9.419999999999993,59.69,157.26000000000002,3.62,0,Nilgiris,Tamil Nadu
2019-10-26,1.31,7.109999999999992,52.52,153.29000000000002,3.5,0,Nilgiris,Tamil Nadu
2019-10-27,0.81,5.619999999999993,37.62,143.41000000000003,3.5,0,Nilgiris,Tamil Nadu
2019-10-28,0.69,2.809999999999993,21.419999999999998,130.38000000000002,1.31,0,Nilgiris,Tamil Nadu
2019-10-29,3.76,5.259999999999993,15.99,130.25,3.76,0,Nilgiris,Tamil Nadu
2019-10-30,30.34,34.78999999999999,42.71,155.8,30.34,0,Nilgiris,Tamil Nadu
2019-10-31,7.11,41.209999999999994,47.519999999999996,143.98,30.34,0,Nilgiris,Tamil Nadu
2019-11-01,0.13,37.57999999999999,44.15,128.91000000000003,30.34,0,Nilgiris,Tamil Nadu
2019-11-02,0.77,8.009999999999993,43.61,104.61,7.11,0,Nilgiris,Tamil Nadu
2019-11-03,6.37,7.269999999999993,49.17,102.5,6.37,0,Nilgiris,Tamil Nadu
2019-11-04,1.37,8.509999999999994,49.85,88.16000000000001,6.37,0,Nilgiris,Tamil Nadu
2019-11-05,0.02,7.759999999999993,46.11000000000001,71.29,6.37,0,Nilgiris,Tamil Nadu
2019-11-06,0.45,1.839999999999993,16.220000000000002,62.55000000000001,1.37,0,Nilgiris,Tamil Nadu
2019-11-07,4.92,5.389999999999993,14.030000000000001,63.85000000000001,4.92,0,Nilgiris,Tamil Nadu
2019-11-08,7.77,13.139999999999993,21.67,69.32000000000001,7.77,0,Nilgiris,Tamil Nadu
2019-11-09,13.41,26.099999999999994,34.31,79.23,13.41,0,Nilgiris,Tamil Nadu
2019-11-10,9.19,30.369999999999994,37.129999999999995,87.11,13.41,0,Nilgiris,Tamil Nadu
2019-11-11,5.29,27.889999999999993,41.050000000000004,91.59,13.41,0,Nilgiris,Tamil Nadu
2019-11-12,0.76,15.239999999999995,41.79,91.66000000000001,9.19,0,Nilgiris,Tamil Nadu
2019-11-13,0.09,6.139999999999994,41.42999999999999,87.99000000000001,5.29,0,Nilgiris,Tamil Nadu
2019-11-14,3.0,3.8499999999999948,39.51,60.65000000000001,3.0,0,Nilgiris,Tamil Nadu
2019-11-15,5.47,8.559999999999995,37.209999999999994,59.010000000000005,5.47,0,Nilgiris,Tamil Nadu
2019-11-16,3.64,12.109999999999994,27.44,62.52000000000001,5.47,0,Nilgiris,Tamil Nadu
2019-11-17,0.37,9.479999999999995,18.62,62.120000000000005,5.47,0,Nilgiris,Tamil Nadu
2019-11-18,2.03,6.039999999999995,15.36,57.78000000000001,3.64,0,Nilgiris,Tamil Nadu
2019-11-19,1.27,3.6699999999999946,15.87,57.68,2.03,0,Nilgiris,Tamil Nadu
2019-11-20,4.65,7.949999999999995,20.43,62.31000000000001,4.65,0,Nilgiris,Tamil Nadu
2019-11-21,3.81,9.729999999999995,21.24,65.67,4.65,0,Nilgiris,Tamil Nadu
2019-11-22,1.01,9.469999999999995,16.78,61.760000000000005,4.65,0,Nilgiris,Tamil Nadu
2019-11-23,0.24,5.059999999999995,13.38,54.230000000000004,3.81,0,Nilgiris,Tamil Nadu
2019-11-24,0.38,1.6299999999999946,13.39,41.20000000000001,1.01,0,Nilgiris,Tamil Nadu
2019-11-25,0.14,0.7599999999999947,11.5,32.150000000000006,0.38,0,Nilgiris,Tamil Nadu
2019-11-26,1.05,1.5699999999999947,11.280000000000001,27.910000000000007,1.05,0,Nilgiris,Tamil Nadu
2019-11-27,2.31,3.4999999999999947,8.940000000000001,29.460000000000008,2.31,0,Nilgiris,Tamil Nadu
2019-11-28,1.32,4.679999999999995,6.45,30.69000000000001,2.31,0,Nilgiris,Tamil Nadu
2019-11-29,4.37,7.999999999999995,9.81,32.06000000000001,4.37,0,Nilgiris,Tamil Nadu
2019-11-30,1.73,7.419999999999995,11.3,28.32000000000001,4.37,0,Nilgiris,Tamil Nadu
2019-12-01,20.23,26.329999999999995,31.150000000000002,44.91000000000001,20.23,0,Nilgiris,Tamil Nadu
2019-12-02,14.86,36.81999999999999,45.870000000000005,59.400000000000006,20.23,0,Nilgiris,Tamil Nadu
2019-12-03,2.97,38.059999999999995,47.790000000000006,60.34000000000001,20.23,0,Nilgiris,Tamil Nadu
2019-12-04,0.31,18.139999999999993,45.79,59.38000000000001,14.86,0,Nilgiris,Tamil Nadu
2019-12-05,0.02,3.299999999999993,44.49,54.75000000000001,2.97,0,Nilgiris,Tamil Nadu
2019-12-06,0.01,0.3399999999999929,40.13,50.95000000000001,0.31,0,Nilgiris,Tamil Nadu
2019-12-07,0.85,0.8799999999999929,39.25,50.790000000000006,0.85,0,Nilgiris,Tamil Nadu
2019-12-08,0.43,1.289999999999993,19.45,50.98000000000001,0.85,0,Nilgiris,Tamil Nadu
2019-12-09,0.26,1.539999999999993,4.8500000000000005,50.86000000000001,0.85,0,Nilgiris,Tamil Nadu
2019-12-10,0.08,0.7699999999999929,1.96,50.80000000000001,0.43,0,Nilgiris,Tamil Nadu
2019-12-11,0.0,0.3399999999999929,1.65,49.75000000000001,0.26,0,Nilgiris,Tamil Nadu
2019-12-12,0.0,0.0799999999999929,1.63,47.440000000000005,0.08,0,Nilgiris,Tamil Nadu
2019-12-13,0.21,0.2099999999999929,1.8299999999999998,46.330000000000005,0.21,0,Nilgiris,Tamil Nadu
2019-12-14,8.8,9.009999999999994,9.780000000000001,50.760000000000005,8.8,0,Nilgiris,Tamil Nadu
2019-12-15,1.05,10.059999999999995,10.400000000000002,50.08000000000001,8.8,0,Nilgiris,Tamil Nadu
2019-12-16,0.01,9.859999999999994,10.150000000000002,29.860000000000007,8.8,0,Nilgiris,Tamil Nadu
2019-12-17,0.16,1.2199999999999929,10.230000000000002,15.160000000000009,1.05,0,Nilgiris,Tamil Nadu
2019-12-18,0.08,0.2499999999999929,10.310000000000002,12.270000000000008,0.16,0,Nilgiris,Tamil Nadu
2019-12-19,0.01,0.2499999999999929,10.320000000000002,11.97000000000001,0.16,0,Nilgiris,Tamil Nadu
2019-12-20,0.0,0.08999999999999289,10.110000000000001,11.950000000000008,0.08,0,Nilgiris,Tamil Nadu
2019-12-21,0.0,0.009999999999992895,1.31,11.940000000000008,0.01,0,Nilgiris,Tamil Nadu
2019-12-22,0.0,0.0,0.26,11.090000000000009,0.0,0,Nilgiris,Tamil Nadu
2019-12-23,0.0,0.0,0.25,10.660000000000009,0.0,0,Nilgiris,Tamil Nadu
2019-12-24,0.56,0.559999999999993,0.65,10.960000000000008,0.56,0,Nilgiris,Tamil Nadu
2019-12-25,2.09,2.649999999999993,2.66,12.97000000000001,2.09,0,Nilgiris,Tamil Nadu
2019-12-26,0.26,2.909999999999993,2.91,13.23000000000001,2.09,0,Nilgiris,Tamil Nadu
2019-12-27,0.01,2.3599999999999928,2.92,13.240000000000009,2.09,0,Nilgiris,Tamil Nadu
2019-12-28,0.01,0.2799999999999929,2.9299999999999997,13.040000000000008,0.26,0,Nilgiris,Tamil Nadu
2019-12-29,0.0,0.019999999999992895,2.9299999999999997,4.240000000000007,0.01,0,Nilgiris,Tamil Nadu
2019-12-30,0.08,0.08999999999999289,3.01,3.270000000000007,0.08,0,Nilgiris,Tamil Nadu
2019-12-31,1.19,1.269999999999993,3.6400000000000006,4.450000000000007,1.19,0,Nilgiris,Tamil Nadu
2020-01-01,0.47,1.7399999999999929,2.0200000000000005,4.760000000000007,1.19,0,Nilgiris,Tamil Nadu
2020-01-02,0.0,1.6599999999999928,1.7600000000000005,4.680000000000007,1.19,0,Nilgiris,Tamil Nadu
2020-01-03,0.0,0.46999999999999287,1.7500000000000004,4.670000000000007,0.47,0,Nilgiris,Tamil Nadu
2020-01-04,0.0,0.0,1.7400000000000004,4.670000000000007,0.0,0,Nilgiris,Tamil Nadu
2020-01-05,0.0,0.0,1.7400000000000004,4.670000000000007,0.0,0,Nilgiris,Tamil Nadu
2020-01-06,0.01,0.009999999999992895,1.6700000000000004,4.680000000000007,0.01,0,Nilgiris,Tamil Nadu
2020-01-07,0.0,0.009999999999992895,0.4800000000000004,4.680000000000007,0.01,0,Nilgiris,Tamil Nadu
2020-01-08,0.0,0.009999999999992895,0.010000000000000444,4.120000000000006,0.01,0,Nilgiris,Tamil Nadu
2020-01-09,0.0,0.0,0.010000000000000444,2.030000000000007,0.0,0,Nilgiris,Tamil Nadu
2020-01-10,0.0,0.0,0.010000000000000444,1.7700000000000071,0.0,0,Nilgiris,Tamil Nadu
2020-01-11,0.0,0.0,0.010000000000000444,1.7600000000000071,0.0,0,Nilgiris,Tamil Nadu
2020-01-12,0.0,0.0,0.010000000000000444,1.750000000000007,0.0,0,Nilgiris,Tamil Nadu
2020-01-13,0.0,0.0,0.0,1.750000000000007,0.0,0,Nilgiris,Tamil Nadu
2020-01-14,0.0,0.0,0.0,1.670000000000007,0.0,0,Nilgiris,Tamil Nadu
2020-01-15,0.0,0.0,0.0,0.4800000000000071,0.0,0,Nilgiris,Tamil Nadu
2020-01-16,0.0,0.0,0.0,0.010000000000007106,0.0,0,Nilgiris,Tamil Nadu
2020-01-17,0.0,0.0,0.0,0.010000000000007106,0.0,0,Nilgiris,Tamil Nadu
2020-01-18,1.43,1.4299999999999928,1.4300000000000004,1.440000000000007,1.43,0,Nilgiris,Tamil Nadu
2020-01-19,3.08,4.509999999999993,4.510000000000001,4.520000000000007,3.08,0,Nilgiris,Tamil Nadu
2020-01-20,0.01,4.5199999999999925,4.5200000000000005,4.530000000000007,3.08,0,Nilgiris,Tamil Nadu
2020-01-21,0.0,3.0899999999999928,4.5200000000000005,4.520000000000008,3.08,0,Nilgiris,Tamil Nadu
2020-01-22,0.0,0.009999999999992895,4.5200000000000005,4.520000000000008,0.01,0,Nilgiris,Tamil Nadu
2020-01-23,0.0,0.0,4.5200000000000005,4.520000000000008,0.0,0,Nilgiris,Tamil Nadu
2020-01-24,0.0,0.0,4.5200000000000005,4.520000000000008,0.0,0,Nilgiris,Tamil Nadu
2020-01-25,0.0,0.0,3.0900000000000007,4.520000000000008,0.0,0,Nilgiris,Tamil Nadu
2020-01-26,0.0,0.0,0.010000000000000888,4.520000000000008,0.0,0,Nilgiris,Tamil Nadu
2020-01-27,0.0,0.0,0.0,4.520000000000008,0.0,0,Nilgiris,Tamil Nadu
2020-01-28,0.0,0.0,0.0,4.520000000000008,0.0,0,Nilgiris,Tamil Nadu
2020-01-29,0.0,0.0,0.0,4.520000000000008,0.0,0,Nilgiris,Tamil Nadu
2020-01-30,0.0,0.0,0.0,4.520000000000008,0.0,0,Nilgiris,Tamil Nadu
2020-01-31,0.0,0.0,0.0,4.520000000000008,0.0,0,Nilgiris,Tamil Nadu
2020-02-01,0.0,0.0,0.0,4.520000000000008,0.0,0,Nilgiris,Tamil Nadu
2020-02-02,0.0,0.0,0.0,3.090000000000007,0.0,0,Nilgiris,Tamil Nadu
2020-02-03,0.0,0.0,0.0,0.010000000000007106,0.0,0,Nilgiris,Tamil Nadu
2020-02-04,0.01,0.009999999999992895,0.010000000000000888,0.010000000000007106,0.01,0,Nilgiris,Tamil Nadu
2020-02-05,1.06,1.069999999999993,1.070000000000001,1.0700000000000072,1.06,0,Nilgiris,Tamil Nadu
2020-02-06,0.04,1.109999999999993,1.110000000000001,1.1100000000000072,1.06,0,Nilgiris,Tamil Nadu
2020-02-07,0.08,1.179999999999993,1.1900000000000008,1.190000000000007,1.06,0,Nilgiris,Tamil Nadu
2020-02-08,0.0,0.11999999999999289,1.1900000000000008,1.190000000000007,0.08,0,Nilgiris,Tamil Nadu
2020-02-09,0.4,0.4799999999999929,1.590000000000001,1.5900000000000072,0.4,0,Nilgiris,Tamil Nadu
2020-02-10,0.3,0.6999999999999929,1.890000000000001,1.8900000000000072,0.4,0,Nilgiris,Tamil Nadu
2020-02-11,0.0,0.6999999999999929,1.880000000000001,1.8900000000000072,0.4,0,Nilgiris,Tamil Nadu
2020-02-12,0.0,0.2999999999999929,0.820000000000001,1.8900000000000072,0.3,0,Nilgiris,Tamil Nadu
2020-02-13,0.0,0.0,0.7800000000000009,1.8900000000000072,0.0,0,Nilgiris,Tamil Nadu
2020-02-14,0.0,0.0,0.7000000000000008,1.8900000000000072,0.0,0,Nilgiris,Tamil Nadu
2020-02-15,0.0,0.0,0.7000000000000008,1.8900000000000072,0.0,0,Nilgiris,Tamil Nadu
2020-02-16,0.0,0.0,0.3000000000000009,1.8900000000000072,0.0,0,Nilgiris,Tamil Nadu
2020-02-17,0.0,0.0,0.0,1.8900000000000072,0.0,0,Nilgiris,Tamil Nadu
2020-02-18,0.0,0.0,0.0,1.8900000000000072,0.0,0,Nilgiris,Tamil Nadu
2020-02-19,0.0,0.0,0.0,1.8800000000000072,0.0,0,Nilgiris,Tamil Nadu
2020-02-20,0.0,0.0,0.0,0.8200000000000072,0.0,0,Nilgiris,Tamil Nadu
2020-02-21,0.0,0.0,0.0,0.7800000000000071,0.0,0,Nilgiris,Tamil Nadu
2020-02-22,0.0,0.0,0.0,0.7000000000000071,0.0,0,Nilgiris,Tamil Nadu
2020-02-23,0.0,0.0,0.0,0.7000000000000071,0.0,0,Nilgiris,Tamil Nadu
2020-02-24,0.0,0.0,0.0,0.3000000000000071,0.0,0,Nilgiris,Tamil Nadu
2020-02-25,0.0,0.0,0.0,0.0,0.0,0,Nilgiris,Tamil Nadu
2020-02-26,0.01,0.009999999999992895,0.010000000000000888,0.010000000000007106,0.01,0,Nilgiris,Tamil Nadu
2020-02-27,0.01,0.019999999999992895,0.02000000000000089,0.020000000000007106,0.01,0,Nilgiris,Tamil Nadu
2020-02-28,0.01,0.03,0.030000000000000887,0.030000000000007104,0.01,0,Nilgiris,Tamil Nadu
2020-02-29,0.01,0.03,0.04000000000000089,0.040000000000007106,0.01,0,Nilgiris,Tamil Nadu
2020-03-01,0.82,0.8399999999999929,0.8600000000000009,0.8600000000000071,0.82,0,Nilgiris,Tamil Nadu
2020-03-02,3.14,3.969999999999993,4.000000000000001,4.000000000000007,3.14,0,Nilgiris,Tamil Nadu
2020-03-03,0.27,4.229999999999993,4.270000000000001,4.270000000000007,3.14,0,Nilgiris,Tamil Nadu
2020-03-04,0.07,3.479999999999993,4.330000000000001,4.340000000000007,3.14,0,Nilgiris,Tamil Nadu
2020-03-05,0.03,0.3699999999999929,4.350000000000001,4.370000000000007,0.27,0,Nilgiris,Tamil Nadu
2020-03-06,0.02,0.1199999999999929,4.36,4.390000000000007,0.07,0,Nilgiris,Tamil Nadu
2020-03-07,0.04,0.08999999999999289,4.390000000000001,4.430000000000007,0.04,0,Nilgiris,Tamil Nadu
2020-03-08,0.86,0.9199999999999928,4.4300000000000015,5.290000000000007,0.86,0,Nilgiris,Tamil Nadu
2020-03-09,0.24,1.139999999999993,1.530000000000001,5.530000000000007,0.86,0,Nilgiris,Tamil Nadu
2020-03-10,0.0,1.099999999999993,1.260000000000001,5.530000000000007,0.86,0,Nilgiris,Tamil Nadu
2020-03-11,0.06,0.299999999999993,1.2500000000000009,5.590000000000007,0.24,0,Nilgiris,Tamil Nadu
2020-03-12,0.1,0.159999999999993,1.3200000000000007,5.680000000000008,0.1,0,Nilgiris,Tamil Nadu
2020-03-13,0.0,0.159999999999993,1.3000000000000007,5.670000000000008,0.1,0,Nilgiris,Tamil Nadu
2020-03-14,0.0,0.09999999999999301,1.260000000000001,5.660000000000007,0.1,0,Nilgiris,Tamil Nadu
2020-03-15,0.0,0.0,0.4000000000000009,5.6500000000000075,0.0,0,Nilgiris,Tamil Nadu
2020-03-16,0.0,0.0,0.1600000000000009,4.830000000000007,0.0,0,Nilgiris,Tamil Nadu
2020-03-17,0.0,0.0,0.1600000000000009,1.690000000000007,0.0,0,Nilgiris,Tamil Nadu
2020-03-18,0.0,0.0,0.1000000000000009,1.420000000000007,0.0,0,Nilgiris,Tamil Nadu
2020-03-19,0.0,0.0,0.0,1.350000000000007,0.0,0,Nilgiris,Tamil Nadu
2020-03-20,2.45,2.449999999999993,2.450000000000001,3.770000000000007,2.45,0,Nilgiris,Tamil Nadu
2020-03-21,2.69,5.1399999999999935,5.140000000000001,6.440000000000007,2.69,0,Nilgiris,Tamil Nadu
2020-03-22,0.1,5.239999999999993,5.240000000000001,6.500000000000007,2.69,0,Nilgiris,Tamil Nadu
2020-03-23,0.53,3.3199999999999927,5.770000000000001,6.170000000000008,2.69,0,Nilgiris,Tamil Nadu
2020-03-24,0.05,0.6799999999999929,5.820000000000001,5.9800000000000075,0.53,0,Nilgiris,Tamil Nadu
2020-03-25,0.02,0.5999999999999929,5.840000000000001,6.000000000000007,0.53,0,Nilgiris,Tamil Nadu
2020-03-26,0.0,0.0699999999999929,5.840000000000001,5.940000000000007,0.05,0,Nilgiris,Tamil Nadu
2020-03-27,0.0,0.019999999999992895,3.390000000000001,5.840000000000007,0.02,0,Nilgiris,Tamil Nadu
2020-03-28,0.0,0.0,0.7000000000000008,5.840000000000007,0.0,0,Nilgiris,Tamil Nadu
2020-03-29,0.0,0.0,0.6000000000000009,5.840000000000007,0.0,0,Nilgiris,Tamil Nadu
2020-03-30,0.03,0.029999999999992893,0.1000000000000009,5.870000000000007,0.03,0,Nilgiris,Tamil Nadu
2020-03-31,0.01,0.039999999999992895,0.060000000000000886,5.880000000000007,0.03,0,Nilgiris,Tamil Nadu
2020-04-01,0.0,0.039999999999992895,0.04000000000000088,5.880000000000007,0.03,0,Nilgiris,Tamil Nadu
2020-04-02,0.0,0.009999999999992895,0.04000000000000088,5.880000000000007,0.01,0,Nilgiris,Tamil Nadu
2020-04-03,0.0,0.0,0.04000000000000088,5.880000000000007,0.0,0,Nilgiris,Tamil Nadu
2020-04-04,0.0,0.0,0.04000000000000088,3.4300000000000073,0.0,0,Nilgiris,Tamil Nadu
2020-04-05,0.18,0.1799999999999929,0.22000000000000086,0.9200000000000071,0.18,0,Nilgiris,Tamil Nadu
2020-04-06,1.71,1.8899999999999928,1.9000000000000008,2.5300000000000074,1.71,0,Nilgiris,Tamil Nadu
2020-04-07,4.19,6.079999999999993,6.080000000000001,6.1900000000000075,4.19,0,Nilgiris,Tamil Nadu
2020-04-08,0.37,6.269999999999993,6.450000000000001,6.510000000000008,4.19,0,Nilgiris,Tamil Nadu
2020-04-09,6.86,11.419999999999995,13.310000000000002,13.350000000000009,6.86,0,Nilgiris,Tamil Nadu
2020-04-10,0.36,7.589999999999994,13.670000000000002,13.710000000000008,6.86,0,Nilgiris,Tamil Nadu
2020-04-11,0.14,7.359999999999993,13.810000000000002,13.850000000000009,6.86,0,Nilgiris,Tamil Nadu
2020-04-12,0.12,0.6199999999999929,13.750000000000002,13.970000000000008,0.36,0,Nilgiris,Tamil Nadu
2020-04-13,0.0,0.2599999999999929,12.040000000000001,13.970000000000008,0.14,0,Nilgiris,Tamil Nadu
2020-04-14,0.0,0.11999999999999289,7.850000000000001,13.940000000000007,0.12,0,Nilgiris,Tamil Nadu
2020-04-15,0.0,0.0,7.480000000000001,13.930000000000007,0.0,0,Nilgiris,Tamil Nadu
2020-04-16,0.0,0.0,0.6200000000000009,13.930000000000007,0.0,0,Nilgiris,Tamil Nadu
2020-04-17,0.02,0.019999999999992895,0.2800000000000009,13.950000000000008,0.02,0,Nilgiris,Tamil Nadu
2020-04-18,0.02,0.039999999999992895,0.1600000000000009,13.970000000000008,0.02,0,Nilgiris,Tamil Nadu
2020-04-19,0.0,0.039999999999992895,0.04000000000000089,13.970000000000008,0.02,0,Nilgiris,Tamil Nadu
2020-04-20,0.02,0.039999999999992895,0.060000000000000886,13.810000000000008,0.02,0,Nilgiris,Tamil Nadu
2020-04-21,0.05,0.0699999999999929,0.11000000000000089,12.15000000000001,0.05,0,Nilgiris,Tamil Nadu
2020-04-22,0.16,0.2299999999999929,0.2700000000000009,8.120000000000008,0.16,0,Nilgiris,Tamil Nadu
2020-04-23,0.32,0.5299999999999929,0.5900000000000009,8.070000000000007,0.32,0,Nilgiris,Tamil Nadu
2020-04-24,1.88,2.3599999999999928,2.4500000000000006,3.090000000000007,1.88,0,Nilgiris,Tamil Nadu
2020-04-25,0.09,2.2899999999999925,2.5200000000000005,2.820000000000007,1.88,0,Nilgiris,Tamil Nadu
2020-04-26,3.09,5.0599999999999925,5.61,5.770000000000007,3.09,0,Nilgiris,Tamil Nadu
2020-04-27,1.2,4.379999999999993,6.790000000000001,6.850000000000007,3.09,0,Nilgiris,Tamil Nadu
2020-04-28,2.22,6.509999999999993,8.96,9.070000000000007,3.09,0,Nilgiris,Tamil Nadu
2020-04-29,9.99,13.409999999999993,18.79,19.060000000000006,9.99,0,Nilgiris,Tamil Nadu
2020-04-30,0.2,12.409999999999993,18.669999999999998,19.260000000000005,9.99,0,Nilgiris,Tamil Nadu
2020-05-01,6.0,16.189999999999994,22.79,25.260000000000005,9.99,0,Nilgiris,Tamil Nadu
2020-05-02,1.97,8.169999999999993,24.67,27.210000000000008,6.0,0,Nilgiris,Tamil Nadu
2020-05-03,0.48,8.449999999999992,22.06,27.670000000000005,6.0,0,Nilgiris,Tamil Nadu
2020-05-04,0.09,2.539999999999993,20.95,27.760000000000005,1.97,0,Nilgiris,Tamil Nadu
2020-05-05,0.02,0.5899999999999929,18.75,27.76000000000001,0.48,0,Nilgiris,Tamil Nadu
2020-05-06,1.33,1.4399999999999928,10.09,29.040000000000006,1.33,0,Nilgiris,Tamil Nadu
2020-05-07,1.85,3.199999999999993,11.740000000000002,30.730000000000008,1.85,0,Nilgiris,Tamil Nadu
2020-05-08,1.01,4.189999999999992,6.75,31.420000000000005,1.85,0,Nilgiris,Tamil Nadu
2020-05-09,0.01,2.8699999999999926,4.79,29.550000000000008,1.85,0,Nilgiris,Tamil Nadu
2020-05-10,0.01,1.0299999999999927,4.32,29.470000000000006,1.01,0,Nilgiris,Tamil Nadu
2020-05-11,0.01,0.03,4.24,26.390000000000008,0.01,0,Nilgiris,Tamil Nadu
2020-05-12,0.02,0.03999999999999267,4.24,25.210000000000008,0.02,0,Nilgiris,Tamil Nadu
2020-05-13,0.06,0.08999999999999267,2.97,23.050000000000004,0.06,0,Nilgiris,Tamil Nadu
2020-05-14,0.05,0.12999999999999268,1.17,13.110000000000008,0.06,0,Nilgiris,Tamil Nadu
2020-05-15,0.33,0.4399999999999927,0.49,13.240000000000009,0.33,0,Nilgiris,Tamil Nadu
2020-05-16,0.41,0.7899999999999927,0.8899999999999999,7.6500000000000075,0.41,0,Nilgiris,Tamil Nadu
2020-05-17,4.85,5.589999999999993,5.7299999999999995,10.530000000000008,4.85,0,Nilgiris,Tamil Nadu
2020-05-18,4.09,9.349999999999993,9.809999999999999,14.140000000000008,4.85,0,Nilgiris,Tamil Nadu
2020-05-19,0.21,9.149999999999993,10.0,14.260000000000007,4.85,0,Nilgiris,Tamil Nadu
2020-05-20,0.07,4.369999999999993,10.01,14.310000000000008,4.09,0,Nilgiris,Tamil Nadu
2020-05-21,0.42,0.6999999999999929,10.379999999999999,13.400000000000007,0.42,0,Nilgiris,Tamil Nadu
2020-05-22,0.05,0.5399999999999929,10.099999999999998,11.600000000000007,0.42,0,Nilgiris,Tamil Nadu
2020-05-23,0.0,0.4699999999999928,9.689999999999998,10.590000000000005,0.42,0,Nilgiris,Tamil Nadu
2020-05-24,2.69,2.7399999999999927,7.529999999999999,13.270000000000007,2.69,0,Nilgiris,Tamil Nadu
2020-05-25,4.18,6.869999999999992,7.619999999999999,17.440000000000005,4.18,0,Nilgiris,Tamil Nadu
2020-05-26,1.95,8.819999999999991,9.36,19.38000000000001,4.18,0,Nilgiris,Tamil Nadu
2020-05-27,2.68,8.809999999999992,11.969999999999999,22.040000000000006,4.18,0,Nilgiris,Tamil Nadu
2020-05-28,14.89,19.519999999999992,26.439999999999998,36.870000000000005,14.89,0,Nilgiris,Tamil Nadu
2020-05-29,7.28,24.849999999999994,33.67,44.10000000000001,14.89,0,Nilgiris,Tamil Nadu
2020-05-30,2.49,24.659999999999993,36.16,46.260000000000005,14.89,0,Nilgiris,Tamil Nadu
2020-05-31,1.09,10.859999999999994,34.56,46.94000000000001,7.28,0,Nilgiris,Tamil Nadu
2020-06-01,1.84,5.419999999999993,32.22,43.93000000000001,2.49,1,Nilgiris,Tamil Nadu
2020-06-02,5.71,8.639999999999993,35.98,45.55000000000001,5.71,1,Nilgiris,Tamil Nadu
2020-06-03,1.13,8.679999999999993,34.43,46.47000000000001,5.71,1,Nilgiris,Tamil Nadu
2020-06-04,2.83,9.669999999999995,22.369999999999997,49.23000000000001,5.71,1,Nilgiris,Tamil Nadu
2020-06-05,3.31,7.2699999999999925,18.4,52.12000000000001,3.31,1,Nilgiris,Tamil Nadu
2020-06-06,3.71,9.849999999999993,19.619999999999997,55.78000000000001,3.71,1,Nilgiris,Tamil Nadu
2020-06-07,2.38,9.399999999999993,20.91,58.16000000000001,3.71,1,Nilgiris,Tamil Nadu
2020-06-08,0.4,6.489999999999992,19.47,55.870000000000005,3.71,1,Nilgiris,Tamil Nadu
2020-06-09,0.98,3.7599999999999927,14.739999999999998,52.67000000000001,2.38,1,Nilgiris,Tamil Nadu
2020-06-10,1.86,3.239999999999993,15.469999999999999,52.58000000000001,1.86,1,Nilgiris,Tamil Nadu
2020-06-11,0.68,3.5199999999999934,13.319999999999997,50.58000000000001,1.86,1,Nilgiris,Tamil Nadu
2020-06-12,1.46,3.9999999999999933,11.469999999999999,37.15000000000001,1.86,1,Nilgiris,Tamil Nadu
2020-06-13,1.35,3.489999999999993,9.109999999999998,31.220000000000006,1.46,1,Nilgiris,Tamil Nadu
2020-06-14,2.24,5.049999999999994,8.969999999999999,30.97000000000001,2.24,1,Nilgiris,Tamil Nadu
2020-06-15,1.37,4.959999999999994,9.94,31.250000000000007,2.24,1,Nilgiris,Tamil Nadu
2020-06-16,1.5,5.109999999999993,10.459999999999999,30.910000000000007,2.24,1,Nilgiris,Tamil Nadu
2020-06-17,1.91,4.779999999999993,10.51,27.110000000000007,1.91,1,Nilgiris,Tamil Nadu
2020-06-18,1.54,4.949999999999993,11.37,27.52000000000001,1.91,1,Nilgiris,Tamil Nadu
2020-06-19,0.81,4.259999999999993,10.719999999999999,25.500000000000007,1.91,1,Nilgiris,Tamil Nadu
2020-06-20,0.32,2.669999999999993,9.69,22.51000000000001,1.54,1,Nilgiris,Tamil Nadu
2020-06-21,2.5,3.629999999999993,9.95,21.300000000000008,2.5,1,Nilgiris,Tamil Nadu
2020-06-22,1.32,4.139999999999993,9.899999999999999,20.24000000000001,2.5,1,Nilgiris,Tamil Nadu
2020-06-23,0.37,4.189999999999993,8.769999999999998,20.210000000000008,2.5,1,Nilgiris,Tamil Nadu
2020-06-24,0.76,2.449999999999993,7.619999999999998,19.99000000000001,1.32,1,Nilgiris,Tamil Nadu
2020-06-25,8.11,9.239999999999993,14.189999999999998,26.240000000000006,8.11,1,Nilgiris,Tamil Nadu
2020-06-26,2.98,11.849999999999994,16.359999999999996,28.540000000000006,8.11,1,Nilgiris,Tamil Nadu
2020-06-27,2.58,13.669999999999993,18.619999999999997,29.660000000000004,8.11,1,Nilgiris,Tamil Nadu
2020-06-28,12.23,17.789999999999992,28.349999999999998,40.540000000000006,12.23,1,Nilgiris,Tamil Nadu
2020-06-29,4.83,19.639999999999993,31.86,43.13000000000001,12.23,1,Nilgiris,Tamil Nadu
2020-06-30,0.74,17.799999999999994,32.23,42.50000000000001,12.23,1,Nilgiris,Tamil Nadu
2020-07-01,0.34,5.909999999999993,31.81,41.34000000000001,4.83,1,Nilgiris,Tamil Nadu
2020-07-02,5.65,6.729999999999993,29.35,45.080000000000005,5.65,1,Nilgiris,Tamil Nadu
2020-07-03,8.25,14.239999999999993,34.62,51.790000000000006,8.25,1,Nilgiris,Tamil Nadu
2020-07-04,4.94,18.839999999999993,36.980000000000004,55.92000000000001,8.25,1,Nilgiris,Tamil Nadu
2020-07-05,3.25,16.439999999999994,27.999999999999996,58.85000000000001,8.25,1,Nilgiris,Tamil Nadu
2020-07-06,6.69,14.879999999999994,29.86,63.04000000000001,6.69,1,Nilgiris,Tamil Nadu
2020-07-07,2.1,12.039999999999994,31.220000000000002,63.820000000000014,6.69,1,Nilgiris,Tamil Nadu
2020-07-08,6.43,15.219999999999992,37.31,69.88000000000001,6.69,1,Nilgiris,Tamil Nadu
2020-07-09,14.29,22.819999999999993,45.949999999999996,83.41,14.29,1,Nilgiris,Tamil Nadu
2020-07-10,2.28,22.99999999999999,39.98,77.58000000000001,14.29,1,Nilgiris,Tamil Nadu
2020-07-11,5.72,22.289999999999992,40.76,80.32000000000001,14.29,1,Nilgiris,Tamil Nadu
2020-07-12,1.87,9.869999999999994,39.38,79.61000000000001,5.72,1,Nilgiris,Tamil Nadu
2020-07-13,1.14,8.729999999999993,33.83,68.52000000000001,5.72,1,Nilgiris,Tamil Nadu
2020-07-14,1.39,4.399999999999993,33.12,65.08000000000001,1.87,1,Nilgiris,Tamil Nadu
2020-07-15,5.62,8.149999999999991,32.309999999999995,69.96000000000001,5.62,1,Nilgiris,Tamil Nadu
2020-07-16,7.36,14.369999999999994,25.38,76.98000000000002,7.36,1,Nilgiris,Tamil Nadu
2020-07-17,5.59,18.569999999999993,28.689999999999998,76.92,7.36,1,Nilgiris,Tamil Nadu
2020-07-18,4.0,16.949999999999992,26.97,72.67,7.36,1,Nilgiris,Tamil Nadu
2020-07-19,6.19,15.779999999999994,31.29,73.92000000000002,6.19,1,Nilgiris,Tamil Nadu
2020-07-20,22.21,32.39999999999999,52.36,92.88000000000001,22.21,1,Nilgiris,Tamil Nadu
2020-07-21,1.07,29.469999999999995,52.04,87.26,22.21,1,Nilgiris,Tamil Nadu
2020-07-22,0.49,23.769999999999992,46.910000000000004,85.65,22.21,1,Nilgiris,Tamil Nadu
2020-07-23,5.91,7.4699999999999935,45.46,85.13000000000001,5.91,1,Nilgiris,Tamil Nadu
2020-07-24,8.11,14.509999999999993,47.98,78.95,8.11,1,Nilgiris,Tamil Nadu
2020-07-25,4.16,18.179999999999993,48.14,80.83,8.11,1,Nilgiris,Tamil Nadu
2020-07-26,0.76,13.029999999999992,42.71,75.87,8.11,1,Nilgiris,Tamil Nadu
2020-07-27,1.85,6.769999999999993,22.35,75.85000000000001,4.16,1,Nilgiris,Tamil Nadu
2020-07-28,4.92,7.529999999999993,26.2,79.63000000000001,4.92,1,Nilgiris,Tamil Nadu
2020-07-29,11.94,18.709999999999994,37.650000000000006,90.18,11.94,1,Nilgiris,Tamil Nadu
2020-07-30,3.65,20.50999999999999,35.39,88.21000000000001,11.94,1,Nilgiris,Tamil Nadu
2020-07-31,6.1,21.68999999999999,33.379999999999995,86.95000000000002,11.94,1,Nilgiris,Tamil Nadu
2020-08-01,4.22,13.969999999999992,33.440000000000005,85.58000000000001,6.1,1,Nilgiris,Tamil Nadu
2020-08-02,7.01,17.32999999999999,39.69,88.59,7.01,1,Nilgiris,Tamil Nadu
2020-08-03,7.36,18.58999999999999,45.2,89.76,7.36,1,Nilgiris,Tamil Nadu
2020-08-04,11.79,26.15999999999999,52.07,79.34000000000002,11.79,1,Nilgiris,Tamil Nadu
2020-08-05,8.51,27.65999999999999,48.63999999999999,86.78,11.79,1,Nilgiris,Tamil Nadu
2020-08-06,15.94,36.23999999999999,60.92999999999999,102.23000000000002,15.94,1,Nilgiris,Tamil Nadu
2020-08-07,14.39,38.83999999999999,69.22,110.71000000000001,15.94,1,Nilgiris,Tamil Nadu
2020-08-08,10.64,40.96999999999999,75.64,113.24000000000001,15.94,1,Nilgiris,Tamil Nadu
2020-08-09,10.89,35.919999999999995,79.52,119.97,14.39,1,Nilgiris,Tamil Nadu
2020-08-10,1.04,22.569999999999993,73.2,120.25,10.89,1,Nilgiris,Tamil Nadu
2020-08-11,6.61,18.539999999999992,68.02,125.01,10.89,1,Nilgiris,Tamil Nadu
2020-08-12,1.85,9.499999999999991,61.36000000000001,121.94000000000001,6.61,1,Nilgiris,Tamil Nadu
2020-08-13,2.43,10.88999999999999,47.85,112.43,6.61,1,Nilgiris,Tamil Nadu
2020-08-14,0.78,5.059999999999992,34.24,109.56,2.43,1,Nilgiris,Tamil Nadu
2020-08-15,0.68,3.8899999999999912,24.28,104.14000000000001,2.43,1,Nilgiris,Tamil Nadu
2020-08-16,0.79,2.249999999999991,14.180000000000001,100.71000000000001,0.79,1,Nilgiris,Tamil Nadu
2020-08-17,1.76,3.2299999999999915,14.9,95.46000000000001,1.76,1,Nilgiris,Tamil Nadu
2020-08-18,1.75,4.299999999999991,10.040000000000001,89.85000000000001,1.76,1,Nilgiris,Tamil Nadu
2020-08-19,0.93,4.4399999999999915,9.120000000000001,78.99000000000001,1.76,1,Nilgiris,Tamil Nadu
2020-08-20,0.38,3.0599999999999916,7.07,70.86000000000001,1.75,1,Nilgiris,Tamil Nadu
2020-08-21,0.07,1.3799999999999915,6.36,54.99000000000001,0.93,1,Nilgiris,Tamil Nadu
2020-08-22,6.31,6.759999999999991,11.99,46.91000000000001,6.31,1,Nilgiris,Tamil Nadu
2020-08-23,3.39,9.76999999999999,14.59,39.66000000000001,6.31,1,Nilgiris,Tamil Nadu
2020-08-24,8.61,18.309999999999988,21.439999999999998,37.38000000000001,8.61,1,Nilgiris,Tamil Nadu
2020-08-25,1.71,13.70999999999999,21.4,38.05000000000001,8.61,1,Nilgiris,Tamil Nadu
2020-08-26,0.44,10.759999999999991,20.91,31.88000000000001,8.61,1,Nilgiris,Tamil Nadu
2020-08-27,0.01,2.1599999999999913,20.54,30.040000000000006,1.71,1,Nilgiris,Tamil Nadu
2020-08-28,0.0,0.44999999999999113,20.47,27.610000000000007,0.44,1,Nilgiris,Tamil Nadu
2020-08-29,0.03,0.03999999999999112,14.19,26.860000000000007,0.03,1,Nilgiris,Tamil Nadu
2020-08-30,2.45,2.479999999999991,13.25,28.630000000000006,2.45,1,Nilgiris,Tamil Nadu
2020-08-31,4.02,6.499999999999991,8.66,31.860000000000007,4.02,1,Nilgiris,Tamil Nadu
2020-09-01,11.1,17.56999999999999,18.05,41.2,11.1,1,Nilgiris,Tamil Nadu
2020-09-02,21.12,36.239999999999995,38.73,60.57000000000001,21.12,1,Nilgiris,Tamil Nadu
2020-09-03,2.54,34.76,41.26,62.18000000000001,21.12,1,Nilgiris,Tamil Nadu
2020-09-04,5.81,29.47,47.07,67.61,21.12,1,Nilgiris,Tamil Nadu
2020-09-05,3.76,12.109999999999992,50.8,71.30000000000001,5.81,1,Nilgiris,Tamil Nadu
2020-09-06,12.94,22.50999999999999,61.28999999999999,77.93,12.94,1,Nilgiris,Tamil Nadu
2020-09-07,3.64,20.33999999999999,60.91,78.18,12.94,1,Nilgiris,Tamil Nadu
2020-09-08,3.72,20.299999999999994,53.529999999999994,73.29,12.94,1,Nilgiris,Tamil Nadu
2020-09-09,12.11,19.46999999999999,44.519999999999996,83.69,12.11,1,Nilgiris,Tamil Nadu
2020-09-10,7.34,23.169999999999995,49.32,90.59,12.11,1,Nilgiris,Tamil Nadu
2020-09-11,6.36,25.809999999999995,49.87,96.94000000000001,12.11,1,Nilgiris,Tamil Nadu
2020-09-12,3.92,17.619999999999994,50.03,100.86000000000001,7.34,1,Nilgiris,Tamil Nadu
2020-09-13,2.57,12.849999999999994,39.660000000000004,103.4,6.36,1,Nilgiris,Tamil Nadu
2020-09-14,2.78,9.269999999999994,38.800000000000004,103.73,3.92,1,Nilgiris,Tamil Nadu
2020-09-15,2.71,8.059999999999995,37.790000000000006,102.42000000000002,2.78,1,Nilgiris,Tamil Nadu
2020-09-16,0.81,6.299999999999994,26.49,92.13000000000001,2.78,1,Nilgiris,Tamil Nadu
2020-09-17,2.21,5.729999999999995,21.36,73.22000000000001,2.71,1,Nilgiris,Tamil Nadu
2020-09-18,3.26,6.279999999999994,18.26,73.94000000000001,3.26,1,Nilgiris,Tamil Nadu
2020-09-19,8.85,14.319999999999993,23.189999999999998,76.98,8.85,1,Nilgiris,Tamil Nadu
2020-09-20,6.13,18.239999999999995,26.749999999999996,79.35,8.85,1,Nilgiris,Tamil Nadu
2020-09-21,4.48,19.459999999999994,28.45,70.89,8.85,1,Nilgiris,Tamil Nadu
2020-09-22,1.61,12.219999999999995,27.349999999999998,68.86,6.13,1,Nilgiris,Tamil Nadu
2020-09-23,0.58,6.6699999999999955,27.12,65.72,4.48,1,Nilgiris,Tamil Nadu
2020-09-24,0.57,2.7599999999999945,25.48,54.18,1.61,1,Nilgiris,Tamil Nadu
2020-09-25,4.03,5.179999999999994,26.25,50.870000000000005,4.03,1,Nilgiris,Tamil Nadu
2020-09-26,0.34,4.939999999999994,17.740000000000002,44.85000000000001,4.03,1,Nilgiris,Tamil Nadu
2020-09-27,2.85,7.2199999999999935,14.46,43.78000000000001,4.03,1,Nilgiris,Tamil Nadu
2020-09-28,0.61,3.7999999999999945,10.590000000000002,41.82000000000001,2.85,1,Nilgiris,Tamil Nadu
2020-09-29,17.55,21.009999999999994,26.53,56.59,17.55,1,Nilgiris,Tamil Nadu
2020-09-30,2.44,20.599999999999994,28.390000000000004,56.32000000000001,17.55,1,Nilgiris,Tamil Nadu
2020-10-01,0.02,20.009999999999994,27.840000000000003,55.53000000000001,17.55,0,Nilgiris,Tamil Nadu
2020-10-02,2.4,4.859999999999992,26.21,55.720000000000006,2.44,0,Nilgiris,Tamil Nadu
2020-10-03,4.04,6.459999999999994,29.910000000000004,56.50000000000001,4.04,0,Nilgiris,Tamil Nadu
2020-10-04,0.11,6.5499999999999945,27.17,47.760000000000005,4.04,0,Nilgiris,Tamil Nadu
2020-10-05,0.03,4.1799999999999935,26.59,41.660000000000004,4.04,0,Nilgiris,Tamil Nadu
2020-10-06,1.1,1.2399999999999938,10.14,38.28000000000001,1.1,0,Nilgiris,Tamil Nadu
2020-10-07,8.66,9.789999999999994,16.36,45.33000000000001,8.66,0,Nilgiris,Tamil Nadu
2020-10-08,6.9,16.659999999999997,23.240000000000002,51.65000000000001,8.66,0,Nilgiris,Tamil Nadu
2020-10-09,23.16,38.71999999999999,44.0,74.24000000000001,23.16,0,Nilgiris,Tamil Nadu
2020-10-10,7.36,37.419999999999995,47.32,77.57000000000001,23.16,0,Nilgiris,Tamil Nadu
2020-10-11,1.68,32.199999999999996,48.89,78.91000000000001,23.16,0,Nilgiris,Tamil Nadu
2020-10-12,4.22,13.25999999999999,53.08,80.28000000000002,7.36,0,Nilgiris,Tamil Nadu
2020-10-13,2.97,8.869999999999989,54.949999999999996,82.64000000000001,4.22,0,Nilgiris,Tamil Nadu
2020-10-14,0.67,7.85999999999999,46.96,65.76,4.22,0,Nilgiris,Tamil Nadu
2020-10-15,0.74,4.379999999999989,40.800000000000004,64.06,2.97,0,Nilgiris,Tamil Nadu
2020-10-16,1.45,2.859999999999989,19.09,65.49000000000001,1.45,0,Nilgiris,Tamil Nadu
2020-10-17,2.68,4.8699999999999894,14.41,65.77000000000001,2.68,0,Nilgiris,Tamil Nadu
2020-10-18,4.72,8.849999999999989,17.45,66.45,4.72,0,Nilgiris,Tamil Nadu
2020-10-19,9.6,16.99999999999999,22.83,75.94000000000001,9.6,0,Nilgiris,Tamil Nadu
2020-10-20,5.91,20.22999999999999,25.770000000000003,81.82000000000001,9.6,0,Nilgiris,Tamil Nadu
2020-10-21,2.71,18.219999999999988,27.81,83.43,9.6,0,Nilgiris,Tamil Nadu
2020-10-22,3.78,12.39999999999999,30.85,78.55,5.91,0,Nilgiris,Tamil Nadu
2020-10-23,0.33,6.819999999999989,29.729999999999997,71.98,3.78,0,Nilgiris,Tamil Nadu
2020-10-24,0.24,4.349999999999989,27.29,49.06000000000001,3.78,0,Nilgiris,Tamil Nadu
2020-10-25,13.71,14.27999999999999,36.28,55.41000000000001,13.71,0,Nilgiris,Tamil Nadu
2020-10-26,0.27,14.21999999999999,26.95,54.00000000000001,13.71,0,Nilgiris,Tamil Nadu
2020-10-27,0.02,13.99999999999999,21.06,49.80000000000001,13.71,0,Nilgiris,Tamil Nadu
2020-10-28,0.02,0.30999999999998934,18.37,46.85000000000001,0.27,0,Nilgiris,Tamil Nadu
2020-10-29,0.53,0.5699999999999894,15.120000000000001,46.71000000000001,0.53,0,Nilgiris,Tamil Nadu
2020-10-30,0.74,1.2899999999999894,15.530000000000001,46.71000000000001,0.74,0,Nilgiris,Tamil Nadu
2020-10-31,0.02,1.2899999999999894,15.31,45.28000000000001,0.74,0,Nilgiris,Tamil Nadu
2020-11-01,2.79,3.549999999999989,4.390000000000001,45.39000000000001,2.79,0,Nilgiris,Tamil Nadu
2020-11-02,10.97,13.77999999999999,15.090000000000002,51.64000000000001,10.97,0,Nilgiris,Tamil Nadu
2020-11-03,3.81,17.56999999999999,18.880000000000003,45.85000000000001,10.97,0,Nilgiris,Tamil Nadu
2020-11-04,4.89,19.669999999999987,23.75,44.83000000000001,10.97,0,Nilgiris,Tamil Nadu
2020-11-05,12.72,21.419999999999987,35.94,54.84000000000001,12.72,0,Nilgiris,Tamil Nadu
2020-11-06,7.67,25.279999999999987,42.87,58.730000000000004,12.72,0,Nilgiris,Tamil Nadu
2020-11-07,0.84,21.22999999999999,43.690000000000005,59.24000000000001,12.72,0,Nilgiris,Tamil Nadu
2020-11-08,2.52,11.029999999999987,43.42,61.52000000000001,7.67,0,Nilgiris,Tamil Nadu
2020-11-09,0.05,3.4099999999999873,32.5,47.86000000000001,2.52,0,Nilgiris,Tamil Nadu
2020-11-10,0.0,2.5699999999999874,28.689999999999998,47.59000000000001,2.52,0,Nilgiris,Tamil Nadu
2020-11-11,1.93,1.9799999999999875,25.729999999999997,49.50000000000001,1.93,0,Nilgiris,Tamil Nadu
2020-11-12,8.07,9.999999999999988,21.08,57.55000000000001,8.07,0,Nilgiris,Tamil Nadu
2020-11-13,7.26,17.259999999999987,20.67,64.28000000000002,8.07,0,Nilgiris,Tamil Nadu
2020-11-14,1.98,17.309999999999988,21.81,65.52000000000001,8.07,0,Nilgiris,Tamil Nadu
2020-11-15,5.31,14.549999999999986,24.6,70.81000000000002,7.26,0,Nilgiris,Tamil Nadu
2020-11-16,22.03,29.319999999999986,46.58,90.05000000000001,22.03,0,Nilgiris,Tamil Nadu
2020-11-17,18.47,45.80999999999999,65.05,97.55000000000001,22.03,0,Nilgiris,Tamil Nadu
2020-11-18,12.67,53.16999999999998,75.79,106.41,22.03,0,Nilgiris,Tamil Nadu
2020-11-19,2.55,33.68999999999998,70.27,104.07000000000001,18.47,0,Nilgiris,Tamil Nadu
2020-11-20,0.14,15.359999999999985,63.150000000000006,91.49000000000001,12.67,0,Nilgiris,Tamil Nadu
2020-11-21,0.01,2.6999999999999855,61.18,83.83,2.55,0,Nilgiris,Tamil Nadu
2020-11-22,0.0,0.1499999999999858,55.870000000000005,82.99,0.14,0,Nilgiris,Tamil Nadu
2020-11-23,0.0,0.00999999999998579,33.84,80.47,0.01,0,Nilgiris,Tamil Nadu
2020-11-24,0.0,0.0,15.370000000000003,80.42,0.0,0,Nilgiris,Tamil Nadu
2020-11-25,4.91,4.909999999999986,7.610000000000004,85.33,4.91,0,Nilgiris,Tamil Nadu
2020-11-26,3.61,8.519999999999985,8.670000000000003,87.01,4.91,0,Nilgiris,Tamil Nadu
2020-11-27,1.69,10.209999999999987,10.220000000000002,80.63000000000001,4.91,0,Nilgiris,Tamil Nadu
2020-11-28,3.04,8.339999999999986,13.250000000000004,76.41,3.61,0,Nilgiris,Tamil Nadu
2020-11-29,1.99,6.719999999999986,15.240000000000004,76.42000000000002,3.04,0,Nilgiris,Tamil Nadu
2020-11-30,0.3,5.329999999999986,15.540000000000003,71.41000000000001,3.04,0,Nilgiris,Tamil Nadu
2020-12-01,0.0,2.289999999999986,15.540000000000003,49.38,1.99,0,Nilgiris,Tamil Nadu
2020-12-02,1.15,1.4499999999999857,11.780000000000003,32.06000000000001,1.15,0,Nilgiris,Tamil Nadu
2020-12-03,6.22,7.369999999999985,14.390000000000004,25.610000000000007,6.22,0,Nilgiris,Tamil Nadu
2020-12-04,4.9,12.269999999999985,17.6,27.960000000000008,6.22,0,Nilgiris,Tamil Nadu
2020-12-05,1.81,12.929999999999986,16.370000000000005,29.630000000000006,6.22,0,Nilgiris,Tamil Nadu
2020-12-06,13.47,20.179999999999986,27.850000000000005,43.09,13.47,0,Nilgiris,Tamil Nadu
2020-12-07,8.41,23.689999999999987,35.96000000000001,51.50000000000001,13.47,0,Nilgiris,Tamil Nadu
2020-12-08,7.74,29.61999999999999,43.7,59.24000000000001,13.47,0,Nilgiris,Tamil Nadu
2020-12-09,1.33,17.479999999999986,43.88000000000001,60.57000000000001,8.41,0,Nilgiris,Tamil Nadu
2020-12-10,0.34,9.409999999999986,38.00000000000001,56.000000000000014,7.74,0,Nilgiris,Tamil Nadu
2020-12-11,0.07,1.739999999999986,33.17000000000001,52.46000000000001,1.33,0,Nilgiris,Tamil Nadu
2020-12-12,0.11,0.5199999999999858,31.470000000000006,50.88000000000001,0.34,0,Nilgiris,Tamil Nadu
2020-12-13,0.0,0.17999999999998578,18.000000000000004,47.84000000000001,0.11,0,Nilgiris,Tamil Nadu
2020-12-14,0.0,0.10999999999998579,9.590000000000003,45.85000000000001,0.11,0,Nilgiris,Tamil Nadu
2020-12-15,0.03,0.029999999999985788,1.8800000000000037,45.580000000000005,0.03,0,Nilgiris,Tamil Nadu
2020-12-16,2.83,2.8599999999999857,3.3800000000000034,48.41000000000001,2.83,0,Nilgiris,Tamil Nadu
2020-12-17,1.45,4.309999999999985,4.490000000000004,48.71000000000001,2.83,0,Nilgiris,Tamil Nadu
2020-12-18,0.21,4.489999999999985,4.6300000000000034,42.70000000000001,2.83,0,Nilgiris,Tamil Nadu
2020-12-19,0.02,1.6799999999999857,4.540000000000003,37.820000000000014,1.45,0,Nilgiris,Tamil Nadu
2020-12-20,0.0,0.22999999999998577,4.540000000000003,36.01000000000001,0.21,0,Nilgiris,Tamil Nadu
2020-12-21,0.0,0.01999999999998579,4.540000000000003,22.540000000000006,0.02,0,Nilgiris,Tamil Nadu
2020-12-22,0.0,0.0,4.510000000000003,14.130000000000008,0.0,0,Nilgiris,Tamil Nadu
2020-12-23,0.03,0.029999999999985788,1.7100000000000035,6.420000000000007,0.03,0,Nilgiris,Tamil Nadu
2020-12-24,0.0,0.029999999999985788,0.26000000000000356,5.090000000000007,0.03,0,Nilgiris,Tamil Nadu
2020-12-25,0.0,0.029999999999985788,0.050000000000003555,4.750000000000007,0.03,0,Nilgiris,Tamil Nadu
2020-12-26,0.0,0.0,0.03000000000000355,4.680000000000007,0.0,0,Nilgiris,Tamil Nadu
2020-12-27,0.0,0.0,0.03000000000000355,4.5700000000000065,0.0,0,Nilgiris,Tamil Nadu
2020-12-28,0.0,0.0,0.03000000000000355,4.5700000000000065,0.0,0,Nilgiris,Tamil Nadu
2020-12-29,0.28,0.2799999999999858,0.3100000000000036,4.850000000000007,0.28,0,Nilgiris,Tamil Nadu
2020-12-30,2.39,2.6699999999999857,2.6700000000000035,7.210000000000007,2.39,0,Nilgiris,Tamil Nadu
2020-12-31,6.19,8.859999999999987,8.860000000000005,10.570000000000007,6.19,0,Nilgiris,Tamil Nadu
2021-01-01,0.58,9.159999999999988,9.440000000000005,9.700000000000008,6.19,0,Nilgiris,Tamil Nadu
2021-01-02,0.45,7.219999999999987,9.890000000000004,9.940000000000007,6.19,0,Nilgiris,Tamil Nadu
2021-01-03,3.73,4.7599999999999865,13.620000000000005,13.650000000000007,3.73,0,Nilgiris,Tamil Nadu
2021-01-04,3.66,7.8399999999999865,17.280000000000005,17.31000000000001,3.73,0,Nilgiris,Tamil Nadu
2021-01-05,2.43,9.819999999999986,19.430000000000003,19.74000000000001,3.73,0,Nilgiris,Tamil Nadu
2021-01-06,14.69,20.779999999999987,31.730000000000004,34.43000000000001,14.69,0,Nilgiris,Tamil Nadu
2021-01-07,25.38,42.499999999999986,50.92,59.78,25.38,0,Nilgiris,Tamil Nadu
2021-01-08,8.36,48.42999999999998,58.7,68.14,25.38,0,Nilgiris,Tamil Nadu
2021-01-09,6.54,40.27999999999999,64.79,74.68,25.38,0,Nilgiris,Tamil Nadu
2021-01-10,0.7,15.599999999999982,61.760000000000005,75.38000000000001,8.36,0,Nilgiris,Tamil Nadu
2021-01-11,1.69,8.929999999999982,59.790000000000006,77.07000000000001,6.54,0,Nilgiris,Tamil Nadu
2021-01-12,4.15,6.539999999999982,61.510000000000005,81.22,4.15,0,Nilgiris,Tamil Nadu
2021-01-13,10.85,16.689999999999984,57.67,91.79,10.85,0,Nilgiris,Tamil Nadu
2021-01-14,7.19,22.189999999999984,39.480000000000004,96.59,10.85,0,Nilgiris,Tamil Nadu
2021-01-15,2.11,20.149999999999984,33.230000000000004,92.51,10.85,0,Nilgiris,Tamil Nadu
2021-01-16,0.11,9.409999999999982,26.800000000000004,92.04,7.19,0,Nilgiris,Tamil Nadu
2021-01-17,0.01,2.229999999999982,26.110000000000007,91.60000000000001,2.11,0,Nilgiris,Tamil Nadu
2021-01-18,0.0,0.11999999999998223,24.420000000000005,87.87,0.11,0,Nilgiris,Tamil Nadu
2021-01-19,0.0,0.009999999999982237,20.270000000000003,84.21000000000001,0.01,0,Nilgiris,Tamil Nadu
2021-01-20,0.0,0.0,9.420000000000003,81.78000000000002,0.0,0,Nilgiris,Tamil Nadu
2021-01-21,0.15,0.14999999999998223,2.3800000000000034,67.24,0.15,0,Nilgiris,Tamil Nadu
2021-01-22,1.41,1.559999999999982,1.6800000000000035,43.27,1.41,0,Nilgiris,Tamil Nadu
2021-01-23,0.73,2.2899999999999823,2.3000000000000034,35.64000000000001,1.41,0,Nilgiris,Tamil Nadu
2021-01-24,0.0,2.139999999999982,2.2900000000000036,29.10000000000001,1.41,0,Nilgiris,Tamil Nadu
2021-01-25,0.0,0.7299999999999822,2.2900000000000036,28.40000000000001,0.73,0,Nilgiris,Tamil Nadu
2021-01-26,0.0,0.0,2.2900000000000036,26.710000000000008,0.0,0,Nilgiris,Tamil Nadu
2021-01-27,0.0,0.0,2.2900000000000036,22.56000000000001,0.0,0,Nilgiris,Tamil Nadu
2021-01-28,0.0,0.0,2.1400000000000037,11.710000000000008,0.0,0,Nilgiris,Tamil Nadu
2021-01-29,0.0,0.0,0.7300000000000035,4.520000000000007,0.0,0,Nilgiris,Tamil Nadu
2021-01-30,0.01,0.009999999999982237,0.010000000000003553,2.420000000000007,0.01,0,Nilgiris,Tamil Nadu
2021-01-31,0.39,0.39999999999998226,0.4000000000000036,2.7000000000000073,0.39,0,Nilgiris,Tamil Nadu
2021-02-01,0.12,0.5199999999999823,0.5200000000000036,2.8100000000000067,0.39,0,Nilgiris,Tamil Nadu
2021-02-02,0.0,0.5099999999999822,0.5200000000000036,2.8100000000000067,0.39,0,Nilgiris,Tamil Nadu
2021-02-03,0.05,0.16999999999998222,0.5700000000000036,2.860000000000007,0.12,0,Nilgiris,Tamil Nadu
2021-02-04,0.03,0.07999999999998224,0.6000000000000035,2.890000000000007,0.05,0,Nilgiris,Tamil Nadu
2021-02-05,0.0,0.07999999999998224,0.6000000000000035,2.740000000000007,0.05,0,Nilgiris,Tamil Nadu
2021-02-06,0.0,0.029999999999982235,0.5900000000000035,1.3300000000000072,0.03,0,Nilgiris,Tamil Nadu
2021-02-07,0.0,0.0,0.20000000000000356,0.6000000000000071,0.0,0,Nilgiris,Tamil Nadu
2021-02-08,0.0,0.0,0.08000000000000355,0.6000000000000071,0.0,0,Nilgiris,Tamil Nadu
2021-02-09,0.0,0.0,0.08000000000000355,0.6000000000000071,0.0,0,Nilgiris,Tamil Nadu
2021-02-10,0.0,0.0,0.03000000000000355,0.6000000000000071,0.0,0,Nilgiris,Tamil Nadu
2021-02-11,0.0,0.0,0.0,0.6000000000000071,0.0,0,Nilgiris,Tamil Nadu
2021-02-12,0.0,0.0,0.0,0.6000000000000071,0.0,0,Nilgiris,Tamil Nadu
2021-02-13,0.0,0.0,0.0,0.6000000000000071,0.0,0,Nilgiris,Tamil Nadu
2021-02-14,0.0,0.0,0.0,0.5900000000000071,0.0,0,Nilgiris,Tamil Nadu
2021-02-15,0.0,0.0,0.0,0.20000000000000712,0.0,0,Nilgiris,Tamil Nadu
2021-02-16,0.0,0.0,0.0,0.08000000000000711,0.0,0,Nilgiris,Tamil Nadu
2021-02-17,0.0,0.0,0.0,0.08000000000000711,0.0,0,Nilgiris,Tamil Nadu
2021-02-18,0.14,0.13999999999998225,0.14000000000000357,0.17000000000000712,0.14,0,Nilgiris,Tamil Nadu
2021-02-19,1.15,1.2899999999999823,1.2900000000000036,1.2900000000000071,1.15,0,Nilgiris,Tamil Nadu
2021-02-20,9.5,10.789999999999981,10.790000000000003,10.790000000000006,9.5,0,Nilgiris,Tamil Nadu
2021-02-21,9.41,20.05999999999998,20.200000000000003,20.200000000000006,9.5,0,Nilgiris,Tamil Nadu
2021-02-22,5.2,24.10999999999998,25.400000000000002,25.400000000000006,9.5,0,Nilgiris,Tamil Nadu
2021-02-23,1.39,15.999999999999982,26.790000000000003,26.790000000000006,9.41,0,Nilgiris,Tamil Nadu
2021-02-24,0.0,6.589999999999982,26.790000000000003,26.790000000000006,5.2,0,Nilgiris,Tamil Nadu
2021-02-25,0.0,1.3899999999999821,26.650000000000002,26.790000000000006,1.39,0,Nilgiris,Tamil Nadu
2021-02-26,0.0,0.0,25.500000000000004,26.790000000000006,0.0,0,Nilgiris,Tamil Nadu
2021-02-27,0.0,0.0,16.000000000000004,26.790000000000006,0.0,0,Nilgiris,Tamil Nadu
2021-02-28,0.0,0.0,6.590000000000003,26.790000000000006,0.0,0,Nilgiris,Tamil Nadu
2021-03-01,0.0,0.0,1.3900000000000035,26.790000000000006,0.0,0,Nilgiris,Tamil Nadu
2021-03-02,0.0,0.0,0.0,26.790000000000006,0.0,0,Nilgiris,Tamil Nadu
2021-03-03,0.0,0.0,0.0,26.790000000000006,0.0,0,Nilgiris,Tamil Nadu
2021-03-04,0.0,0.0,0.0,26.790000000000006,0.0,0,Nilgiris,Tamil Nadu
2021-03-05,0.0,0.0,0.0,26.650000000000006,0.0,0,Nilgiris,Tamil Nadu
2021-03-06,0.0,0.0,0.0,25.500000000000007,0.0,0,Nilgiris,Tamil Nadu
2021-03-07,0.0,0.0,0.0,16.000000000000007,0.0,0,Nilgiris,Tamil Nadu
2021-03-08,0.0,0.0,0.0,6.590000000000007,0.0,0,Nilgiris,Tamil Nadu
2021-03-09,0.0,0.0,0.0,1.390000000000007,0.0,0,Nilgiris,Tamil Nadu
2021-03-10,4.13,4.129999999999982,4.1300000000000034,4.130000000000007,4.13,0,Nilgiris,Tamil Nadu
2021-03-11,13.31,17.439999999999984,17.440000000000005,17.44000000000001,13.31,0,Nilgiris,Tamil Nadu
2021-03-12,3.34,20.77999999999998,20.78,20.78000000000001,13.31,0,Nilgiris,Tamil Nadu
2021-03-13,0.0,16.649999999999984,20.78,20.78000000000001,13.31,0,Nilgiris,Tamil Nadu
2021-03-14,0.0,3.3399999999999803,20.78,20.78000000000001,3.34,0,Nilgiris,Tamil Nadu
2021-03-15,0.0,0.0,20.78,20.78000000000001,0.0,0,Nilgiris,Tamil Nadu
2021-03-16,0.0,0.0,20.78,20.78000000000001,0.0,0,Nilgiris,Tamil Nadu
2021-03-17,0.0,0.0,16.650000000000006,20.78000000000001,0.0,0,Nilgiris,Tamil Nadu
2021-03-18,0.0,0.0,3.3400000000000016,20.78000000000001,0.0,0,Nilgiris,Tamil Nadu
2021-03-19,0.0,0.0,0.0,20.78000000000001,0.0,0,Nilgiris,Tamil Nadu
2021-03-20,0.02,0.01999999999998046,0.020000000000001777,20.800000000000008,0.02,0,Nilgiris,Tamil Nadu
2021-03-21,0.84,0.8599999999999804,0.8600000000000018,21.640000000000008,0.84,0,Nilgiris,Tamil Nadu
2021-03-22,0.61,1.4699999999999804,1.4700000000000017,22.250000000000007,0.84,0,Nilgiris,Tamil Nadu
2021-03-23,0.01,1.4599999999999804,1.4800000000000018,22.260000000000005,0.84,0,Nilgiris,Tamil Nadu
2021-03-24,0.0,0.6199999999999805,1.4800000000000018,22.260000000000005,0.61,0,Nilgiris,Tamil Nadu
2021-03-25,2.22,2.229999999999981,3.700000000000002,20.35000000000001,2.22,0,Nilgiris,Tamil Nadu
2021-03-26,0.02,2.2399999999999807,3.720000000000002,7.060000000000005,2.22,0,Nilgiris,Tamil Nadu
2021-03-27,0.0,2.2399999999999807,3.700000000000002,3.7200000000000055,2.22,0,Nilgiris,Tamil Nadu
2021-03-28,0.09,0.10999999999998046,2.950000000000002,3.8100000000000054,0.09,0,Nilgiris,Tamil Nadu
2021-03-29,0.15,0.23999999999998045,2.490000000000002,3.9600000000000053,0.15,0,Nilgiris,Tamil Nadu
2021-03-30,0.26,0.49999999999998046,2.740000000000002,4.220000000000006,0.26,0,Nilgiris,Tamil Nadu
2021-03-31,0.03,0.4399999999999805,2.770000000000002,4.250000000000005,0.26,0,Nilgiris,Tamil Nadu
2021-04-01,0.05,0.3399999999999805,0.6000000000000018,4.300000000000005,0.26,0,Nilgiris,Tamil Nadu
2021-04-02,0.01,0.08999999999998046,0.5900000000000017,4.310000000000006,0.05,0,Nilgiris,Tamil Nadu
2021-04-03,0.21,0.2699999999999805,0.8000000000000018,4.520000000000006,0.21,0,Nilgiris,Tamil Nadu
2021-04-04,1.53,1.7499999999999805,2.240000000000002,6.0300000000000065,1.53,0,Nilgiris,Tamil Nadu
2021-04-05,1.08,2.8199999999999807,3.1700000000000017,6.270000000000005,1.53,0,Nilgiris,Tamil Nadu
2021-04-06,0.38,2.9899999999999807,3.290000000000002,6.040000000000006,1.53,0,Nilgiris,Tamil Nadu
2021-04-07,0.0,1.4599999999999804,3.260000000000002,6.0300000000000065,1.08,0,Nilgiris,Tamil Nadu
2021-04-08,0.0,0.37999999999998046,3.2100000000000017,6.0300000000000065,0.38,0,Nilgiris,Tamil Nadu
2021-04-09,0.0,0.0,3.200000000000002,3.8100000000000054,0.0,0,Nilgiris,Tamil Nadu
2021-04-10,0.0,0.0,2.990000000000002,3.7900000000000054,0.0,0,Nilgiris,Tamil Nadu
2021-04-11,0.17,0.16999999999998047,1.630000000000002,3.9600000000000053,0.17,0,Nilgiris,Tamil Nadu
2021-04-12,4.39,4.55999999999998,4.940000000000001,8.260000000000005,4.39,0,Nilgiris,Tamil Nadu
2021-04-13,2.68,7.239999999999981,7.240000000000002,10.790000000000004,4.39,0,Nilgiris,Tamil Nadu
2021-04-14,7.12,14.18999999999998,14.360000000000001,17.650000000000006,7.12,0,Nilgiris,Tamil Nadu
2021-04-15,9.17,18.969999999999978,23.53,26.790000000000006,9.17,0,Nilgiris,Tamil Nadu
2021-04-16,2.02,18.30999999999998,25.55,28.76000000000001,9.17,0,Nilgiris,Tamil Nadu
2021-04-17,1.5,12.68999999999998,27.05,30.250000000000007,9.17,0,Nilgiris,Tamil Nadu
2021-04-18,0.63,4.149999999999981,27.509999999999998,30.670000000000005,2.02,0,Nilgiris,Tamil Nadu
2021-04-19,2.49,4.619999999999981,25.610000000000003,31.630000000000006,2.49,0,Nilgiris,Tamil Nadu
2021-04-20,2.77,5.889999999999981,25.700000000000003,33.32000000000001,2.77,0,Nilgiris,Tamil Nadu
2021-04-21,2.24,7.4999999999999805,20.82,35.18000000000001,2.77,0,Nilgiris,Tamil Nadu
2021-04-22,0.29,5.29999999999998,11.940000000000001,35.470000000000006,2.77,0,Nilgiris,Tamil Nadu
2021-04-23,9.61,12.13999999999998,19.53,45.08,9.61,0,Nilgiris,Tamil Nadu
2021-04-24,3.28,13.179999999999978,21.310000000000002,48.36,9.61,0,Nilgiris,Tamil Nadu
2021-04-25,3.51,16.39999999999998,24.19,51.870000000000005,9.61,0,Nilgiris,Tamil Nadu
2021-04-26,0.82,7.60999999999998,22.52,52.52000000000001,3.51,0,Nilgiris,Tamil Nadu
2021-04-27,0.01,4.33999999999998,19.76,48.14000000000001,3.51,0,Nilgiris,Tamil Nadu
2021-04-28,0.03,0.8599999999999804,17.55,45.49000000000001,0.82,0,Nilgiris,Tamil Nadu
2021-04-29,0.06,0.09999999999998047,17.32,38.43,0.06,0,Nilgiris,Tamil Nadu
2021-04-30,0.24,0.3299999999999805,7.950000000000001,29.500000000000004,0.24,0,Nilgiris,Tamil Nadu
2021-05-01,0.25,0.5499999999999805,4.920000000000002,27.730000000000004,0.25,0,Nilgiris,Tamil Nadu
2021-05-02,3.42,3.9099999999999806,4.830000000000002,29.650000000000006,3.42,0,Nilgiris,Tamil Nadu
2021-05-03,10.03,13.69999999999998,14.040000000000001,39.050000000000004,10.03,0,Nilgiris,Tamil Nadu
2021-05-04,2.44,15.88999999999998,16.470000000000002,39.0,10.03,0,Nilgiris,Tamil Nadu
2021-05-05,1.11,13.57999999999998,17.55,37.34,10.03,0,Nilgiris,Tamil Nadu
2021-05-06,2.38,5.92999999999998,19.87,37.480000000000004,2.44,0,Nilgiris,Tamil Nadu
2021-05-07,9.6,13.08999999999998,29.230000000000004,46.790000000000006,9.6,0,Nilgiris,Tamil Nadu
2021-05-08,0.42,12.39999999999998,29.400000000000002,37.60000000000001,9.6,0,Nilgiris,Tamil Nadu
2021-05-09,0.63,10.64999999999998,26.61,34.95,9.6,0,Nilgiris,Tamil Nadu
2021-05-10,0.68,1.7299999999999804,17.259999999999998,32.120000000000005,0.68,0,Nilgiris,Tamil Nadu
2021-05-11,1.75,3.0599999999999805,16.57,33.050000000000004,1.75,0,Nilgiris,Tamil Nadu
2021-05-12,3.99,6.41999999999998,19.45,37.03,3.99,0,Nilgiris,Tamil Nadu
2021-05-13,7.15,12.889999999999981,24.220000000000002,44.150000000000006,7.15,0,Nilgiris,Tamil Nadu
2021-05-14,14.58,25.71999999999998,29.200000000000003,58.67,14.58,0,Nilgiris,Tamil Nadu
2021-05-15,11.26,32.98999999999998,40.04,69.69000000000001,14.58,0,Nilgiris,Tamil Nadu
2021-05-16,6.6,32.43999999999998,46.010000000000005,76.04,14.58,0,Nilgiris,Tamil Nadu
2021-05-17,4.51,22.369999999999983,49.84,77.13000000000001,11.26,0,Nilgiris,Tamil Nadu
2021-05-18,4.65,15.75999999999998,52.74000000000001,71.75,6.6,0,Nilgiris,Tamil Nadu
2021-05-19,73.27,82.42999999999998,122.02000000000001,142.57999999999998,73.27,0,Nilgiris,Tamil Nadu
2021-05-20,28.37,106.28999999999998,143.23999999999998,169.83999999999997,73.27,0,Nilgiris,Tamil Nadu
2021-05-21,0.93,102.56999999999998,129.59,168.39,73.27,0,Nilgiris,Tamil Nadu
2021-05-22,4.54,33.83999999999999,122.86999999999999,163.32999999999998,28.37,0,Nilgiris,Tamil Nadu
2021-05-23,2.73,8.199999999999985,119.0,165.64000000000001,4.54,0,Nilgiris,Tamil Nadu
2021-05-24,0.25,7.519999999999985,114.74000000000001,165.26000000000002,4.54,0,Nilgiris,Tamil Nadu
2021-05-25,10.52,13.499999999999986,120.61,175.1,10.52,0,Nilgiris,Tamil Nadu
2021-05-26,4.34,15.109999999999985,51.68,177.69,10.52,0,Nilgiris,Tamil Nadu
2021-05-27,0.45,15.309999999999985,23.759999999999998,174.15,10.52,0,Nilgiris,Tamil Nadu
2021-05-28,0.09,4.879999999999986,22.919999999999998,167.09,4.34,0,Nilgiris,Tamil Nadu
2021-05-29,1.09,1.629999999999986,19.47,153.6,1.09,0,Nilgiris,Tamil Nadu
2021-05-30,1.1,2.279999999999986,17.84,143.44,1.1,0,Nilgiris,Tamil Nadu
2021-05-31,1.71,3.899999999999986,19.3,138.54999999999998,1.71,0,Nilgiris,Tamil Nadu
2021-06-01,2.33,5.139999999999986,11.11,136.37,2.33,1,Nilgiris,Tamil Nadu
2021-06-02,4.26,8.299999999999986,11.030000000000001,135.98,4.26,1,Nilgiris,Tamil Nadu
2021-06-03,11.88,18.469999999999985,22.46,74.59,11.88,1,Nilgiris,Tamil Nadu
2021-06-04,5.9,22.03999999999999,28.270000000000003,52.12,11.88,1,Nilgiris,Tamil Nadu
2021-06-05,5.72,23.499999999999986,32.9,56.91,11.88,1,Nilgiris,Tamil Nadu
2021-06-06,1.04,12.659999999999986,32.84,53.41,5.9,1,Nilgiris,Tamil Nadu
2021-06-07,0.18,6.939999999999985,31.31,50.86,5.72,1,Nilgiris,Tamil Nadu
2021-06-08,3.56,4.779999999999986,32.54,54.17,3.56,1,Nilgiris,Tamil Nadu
2021-06-09,2.38,6.119999999999986,30.66,46.03,3.56,1,Nilgiris,Tamil Nadu
2021-06-10,0.5,6.439999999999986,19.28,42.19,3.56,1,Nilgiris,Tamil Nadu
2021-06-11,0.53,3.409999999999986,13.91,42.269999999999996,2.38,1,Nilgiris,Tamil Nadu
2021-06-12,2.76,3.789999999999986,10.950000000000001,44.94,2.76,1,Nilgiris,Tamil Nadu
2021-06-13,5.12,8.409999999999986,15.030000000000001,48.97,5.12,1,Nilgiris,Tamil Nadu
2021-06-14,1.73,9.609999999999985,16.580000000000002,49.6,5.12,1,Nilgiris,Tamil Nadu
2021-06-15,7.18,14.029999999999985,20.2,55.07,7.18,1,Nilgiris,Tamil Nadu
2021-06-16,7.46,16.369999999999987,25.28,60.199999999999996,7.46,1,Nilgiris,Tamil Nadu
2021-06-17,3.52,18.159999999999986,28.3,59.46,7.46,1,Nilgiris,Tamil Nadu
2021-06-18,1.23,12.209999999999987,29.0,48.809999999999995,7.46,1,Nilgiris,Tamil Nadu
2021-06-19,0.72,5.4699999999999855,26.96,43.629999999999995,3.52,1,Nilgiris,Tamil Nadu
2021-06-20,0.55,2.499999999999986,22.39,38.46,1.23,1,Nilgiris,Tamil Nadu
2021-06-21,0.77,2.039999999999986,21.43,38.19,0.77,1,Nilgiris,Tamil Nadu
2021-06-22,1.22,2.539999999999986,15.47,39.23,1.22,1,Nilgiris,Tamil Nadu
2021-06-23,3.02,5.009999999999986,11.030000000000001,38.69,3.02,1,Nilgiris,Tamil Nadu
2021-06-24,0.3,4.539999999999987,7.81,36.61,3.02,1,Nilgiris,Tamil Nadu
2021-06-25,0.03,3.349999999999986,6.61,36.14,3.02,1,Nilgiris,Tamil Nadu
2021-06-26,2.38,2.709999999999986,8.27,37.99,2.38,1,Nilgiris,Tamil Nadu
2021-06-27,2.88,5.289999999999987,10.6,38.11,2.88,1,Nilgiris,Tamil Nadu
2021-06-28,1.04,6.2999999999999865,10.870000000000001,34.03,2.88,1,Nilgiris,Tamil Nadu
2021-06-29,5.09,9.009999999999987,14.739999999999998,37.39,5.09,1,Nilgiris,Tamil Nadu
2021-06-30,1.4,7.529999999999987,13.12,31.610000000000003,5.09,1,Nilgiris,Tamil Nadu
2021-07-01,9.4,15.889999999999986,22.22,33.55,9.4,1,Nilgiris,Tamil Nadu
2021-07-02,1.84,12.639999999999988,24.03,31.87,9.4,1,Nilgiris,Tamil Nadu
2021-07-03,1.35,12.589999999999987,23.0,31.990000000000002,9.4,1,Nilgiris,Tamil Nadu
2021-07-04,23.9,27.089999999999986,44.019999999999996,55.17,23.9,1,Nilgiris,Tamil Nadu
2021-07-05,3.42,28.669999999999987,46.4,58.04,23.9,1,Nilgiris,Tamil Nadu
2021-07-06,2.8,30.119999999999983,44.11,60.07,23.9,1,Nilgiris,Tamil Nadu
2021-07-07,6.6,12.819999999999986,49.309999999999995,65.45,6.6,1,Nilgiris,Tamil Nadu
2021-07-08,2.47,11.869999999999985,42.38,64.9,6.6,1,Nilgiris,Tamil Nadu
2021-07-09,2.23,11.299999999999986,42.769999999999996,66.83000000000001,6.6,1,Nilgiris,Tamil Nadu
2021-07-10,5.51,10.209999999999987,46.93,72.31,5.51,1,Nilgiris,Tamil Nadu
2021-07-11,1.58,9.319999999999986,24.61,71.50999999999999,5.51,1,Nilgiris,Tamil Nadu
2021-07-12,2.77,9.859999999999985,23.959999999999997,71.4,5.51,1,Nilgiris,Tamil Nadu
2021-07-13,3.31,7.659999999999986,24.47,73.66999999999999,3.31,1,Nilgiris,Tamil Nadu
2021-07-14,9.97,16.049999999999986,27.84,78.55000000000001,9.97,1,Nilgiris,Tamil Nadu
2021-07-15,4.45,17.729999999999986,29.82,81.6,9.97,1,Nilgiris,Tamil Nadu
2021-07-16,8.15,22.569999999999986,35.74,80.35,9.97,1,Nilgiris,Tamil Nadu
2021-07-17,7.14,19.739999999999988,37.370000000000005,85.65,8.15,1,Nilgiris,Tamil Nadu
2021-07-18,5.91,21.19999999999999,41.7,90.21,8.15,1,Nilgiris,Tamil Nadu
2021-07-19,2.09,15.139999999999986,41.02,68.4,7.14,1,Nilgiris,Tamil Nadu
2021-07-20,2.16,10.159999999999986,39.87,67.14,5.91,1,Nilgiris,Tamil Nadu
2021-07-21,5.04,9.289999999999985,34.94,69.38000000000001,5.04,1,Nilgiris,Tamil Nadu
2021-07-22,12.54,19.739999999999984,43.03,75.32000000000001,12.54,1,Nilgiris,Tamil Nadu
2021-07-23,7.94,25.519999999999985,42.81999999999999,80.79,12.54,1,Nilgiris,Tamil Nadu
2021-07-24,3.72,24.199999999999985,39.400000000000006,82.28,12.54,1,Nilgiris,Tamil Nadu
2021-07-25,5.2,16.859999999999985,38.69,81.97,7.94,1,Nilgiris,Tamil Nadu
2021-07-26,6.78,15.699999999999985,43.38,87.17,6.78,1,Nilgiris,Tamil Nadu
2021-07-27,1.94,13.919999999999987,43.16,86.34,6.78,1,Nilgiris,Tamil Nadu
2021-07-28,1.1,9.819999999999986,39.22,84.13,6.78,1,Nilgiris,Tamil Nadu
2021-07-29,0.9,3.9399999999999857,27.580000000000002,75.06,1.94,1,Nilgiris,Tamil Nadu
2021-07-30,0.56,2.559999999999986,20.2,71.17,1.1,1,Nilgiris,Tamil Nadu
2021-07-31,0.42,1.879999999999986,16.900000000000002,63.44,0.9,1,Nilgiris,Tamil Nadu
2021-08-01,0.2,1.179999999999986,11.9,56.5,0.56,1,Nilgiris,Tamil Nadu
2021-08-02,0.64,1.2599999999999858,5.76,51.230000000000004,0.64,1,Nilgiris,Tamil Nadu
2021-08-03,0.68,1.5199999999999858,4.5,49.82,0.68,1,Nilgiris,Tamil Nadu
2021-08-04,0.74,2.059999999999986,4.140000000000001,48.400000000000006,0.74,1,Nilgiris,Tamil Nadu
2021-08-05,2.17,3.5899999999999856,5.41,45.529999999999994,2.17,1,Nilgiris,Tamil Nadu
2021-08-06,3.03,5.939999999999985,7.879999999999999,36.019999999999996,3.03,1,Nilgiris,Tamil Nadu
2021-08-07,6.89,12.089999999999986,14.35,34.97,6.89,1,Nilgiris,Tamil Nadu
2021-08-08,4.09,14.009999999999984,18.240000000000002,35.34,6.89,1,Nilgiris,Tamil Nadu
2021-08-09,2.52,13.499999999999986,20.12,32.66,6.89,1,Nilgiris,Tamil Nadu
2021-08-10,2.08,8.689999999999985,21.52,27.96,4.09,1,Nilgiris,Tamil Nadu
2021-08-11,1.21,5.809999999999986,21.990000000000002,27.23,2.52,1,Nilgiris,Tamil Nadu
2021-08-12,0.74,4.029999999999986,20.56,26.87,2.08,1,Nilgiris,Tamil Nadu
2021-08-13,11.0,12.949999999999985,28.53,36.97,11.0,1,Nilgiris,Tamil Nadu
2021-08-14,1.61,13.349999999999984,23.25,38.019999999999996,11.0,1,Nilgiris,Tamil Nadu
2021-08-15,0.19,12.799999999999986,19.35,37.79,11.0,1,Nilgiris,Tamil Nadu
2021-08-16,0.23,2.029999999999986,17.06,37.82,1.61,1,Nilgiris,Tamil Nadu
2021-08-17,1.63,2.0499999999999856,16.61,38.809999999999995,1.63,1,Nilgiris,Tamil Nadu
2021-08-18,5.73,7.589999999999986,21.130000000000003,43.86,5.73,1,Nilgiris,Tamil Nadu
2021-08-19,1.35,8.709999999999985,21.740000000000002,44.47,5.73,1,Nilgiris,Tamil Nadu
2021-08-20,2.66,9.739999999999986,13.4,44.96,5.73,1,Nilgiris,Tamil Nadu
2021-08-21,5.62,9.629999999999987,17.410000000000004,47.550000000000004,5.62,1,Nilgiris,Tamil Nadu
2021-08-22,6.07,14.349999999999987,23.29,46.730000000000004,6.07,1,Nilgiris,Tamil Nadu
2021-08-23,6.76,18.44999999999999,29.82,49.4,6.76,1,Nilgiris,Tamil Nadu
2021-08-24,2.12,14.949999999999985,30.310000000000002,49.0,6.76,1,Nilgiris,Tamil Nadu
2021-08-25,2.54,11.419999999999986,27.12,49.46000000000001,6.76,1,Nilgiris,Tamil Nadu
2021-08-26,6.89,11.549999999999986,32.66,55.14,6.89,1,Nilgiris,Tamil Nadu
2021-08-27,5.7,15.129999999999985,35.7,60.1,6.89,1,Nilgiris,Tamil Nadu
2021-08-28,5.74,18.329999999999984,35.82,54.84,6.89,1,Nilgiris,Tamil Nadu
2021-08-29,5.02,16.459999999999987,34.77,58.25,5.74,1,Nilgiris,Tamil Nadu
2021-08-30,1.48,12.239999999999986,29.49,59.540000000000006,5.74,1,Nilgiris,Tamil Nadu
2021-08-31,0.28,6.779999999999985,27.65,59.59,5.02,1,Nilgiris,Tamil Nadu
2021-09-01,0.96,2.7199999999999855,26.07,58.92,1.48,1,Nilgiris,Tamil Nadu
2021-09-02,15.07,16.309999999999985,34.25,68.26,15.07,1,Nilgiris,Tamil Nadu
2021-09-03,8.83,24.859999999999985,37.38,75.74000000000001,15.07,1,Nilgiris,Tamil Nadu
2021-09-04,2.87,26.76999999999999,34.51,75.95,15.07,1,Nilgiris,Tamil Nadu
2021-09-05,6.88,18.579999999999984,36.370000000000005,77.21000000000001,8.83,1,Nilgiris,Tamil Nadu
2021-09-06,6.66,16.409999999999986,41.55,77.8,6.88,1,Nilgiris,Tamil Nadu
2021-09-07,3.87,17.409999999999986,45.14,74.91,6.88,1,Nilgiris,Tamil Nadu
2021-09-08,4.75,15.279999999999987,48.93000000000001,77.54,6.66,1,Nilgiris,Tamil Nadu
2021-09-09,0.84,9.459999999999987,34.699999999999996,75.84,4.75,1,Nilgiris,Tamil Nadu
2021-09-10,0.12,5.709999999999986,25.99,69.07,4.75,1,Nilgiris,Tamil Nadu
2021-09-11,3.69,4.649999999999986,26.810000000000002,67.06,3.69,1,Nilgiris,Tamil Nadu
2021-09-12,4.17,7.979999999999986,24.099999999999998,65.49,4.17,1,Nilgiris,Tamil Nadu
2021-09-13,2.12,9.979999999999986,19.56,62.59,4.17,1,Nilgiris,Tamil Nadu
2021-09-14,0.6,6.889999999999986,16.29,61.71,4.17,1,Nilgiris,Tamil Nadu
2021-09-15,2.45,5.1699999999999875,13.99,63.879999999999995,2.45,1,Nilgiris,Tamil Nadu
2021-09-16,2.71,5.759999999999987,15.86,65.63000000000001,2.71,1,Nilgiris,Tamil Nadu
2021-09-17,1.69,6.849999999999987,17.43,52.25,2.71,1,Nilgiris,Tamil Nadu
2021-09-18,0.23,4.629999999999987,13.97,43.65,2.71,1,Nilgiris,Tamil Nadu
2021-09-19,4.38,6.2999999999999865,14.18,45.160000000000004,4.38,1,Nilgiris,Tamil Nadu
2021-09-20,2.82,7.429999999999987,14.879999999999999,41.1,4.38,1,Nilgiris,Tamil Nadu
2021-09-21,0.45,7.649999999999987,14.73,34.89,4.38,1,Nilgiris,Tamil Nadu
2021-09-22,1.3,4.569999999999988,13.58,32.32,2.82,1,Nilgiris,Tamil Nadu
2021-09-23,4.79,6.539999999999987,15.66,32.36,4.79,1,Nilgiris,Tamil Nadu
2021-09-24,8.48,14.569999999999986,22.450000000000003,40.0,8.48,1,Nilgiris,Tamil Nadu
2021-09-25,8.89,22.159999999999986,31.11,48.769999999999996,8.89,1,Nilgiris,Tamil Nadu
2021-09-26,1.29,18.659999999999986,28.020000000000003,46.37,8.89,1,Nilgiris,Tamil Nadu
2021-09-27,4.97,15.149999999999986,30.17,47.17,8.89,1,Nilgiris,Tamil Nadu
2021-09-28,3.41,9.669999999999986,33.13,48.46,4.97,1,Nilgiris,Tamil Nadu
2021-09-29,0.32,8.699999999999985,32.15,48.18,4.97,1,Nilgiris,Tamil Nadu
2021-09-30,13.62,17.349999999999987,40.980000000000004,59.35,13.62,1,Nilgiris,Tamil Nadu
2021-10-01,4.41,18.349999999999987,36.91,61.050000000000004,13.62,0,Nilgiris,Tamil Nadu
2021-10-02,16.48,34.509999999999984,44.5,75.84,16.48,0,Nilgiris,Tamil Nadu
2021-10-03,8.03,28.919999999999987,51.24,83.64,16.48,0,Nilgiris,Tamil Nadu
2021-10-04,2.76,27.269999999999982,49.03,82.02,16.48,0,Nilgiris,Tamil Nadu
2021-10-05,6.87,17.659999999999986,52.49,86.07000000000001,8.03,0,Nilgiris,Tamil Nadu
2021-10-06,3.61,13.239999999999986,55.78,89.23,6.87,0,Nilgiris,Tamil Nadu
2021-10-07,0.44,10.919999999999986,42.6,88.37,6.87,0,Nilgiris,Tamil Nadu
2021-10-08,6.58,10.629999999999985,44.77,90.16,6.58,0,Nilgiris,Tamil Nadu
2021-10-09,3.17,10.189999999999987,31.46,84.85,6.58,0,Nilgiris,Tamil Nadu
2021-10-10,7.52,17.269999999999985,30.949999999999996,83.47999999999999,7.52,0,Nilgiris,Tamil Nadu
2021-10-11,20.24,30.929999999999986,48.43,102.43,20.24,0,Nilgiris,Tamil Nadu
2021-10-12,18.18,45.93999999999998,59.74,115.64,20.24,0,Nilgiris,Tamil Nadu
2021-10-13,2.17,40.58999999999999,58.300000000000004,114.39999999999999,20.24,0,Nilgiris,Tamil Nadu
2021-10-14,3.87,24.219999999999985,61.73,117.95,18.18,0,Nilgiris,Tamil Nadu
2021-10-15,4.67,10.709999999999987,59.82,108.99999999999999,4.67,0,Nilgiris,Tamil Nadu
2021-10-16,27.09,35.62999999999999,83.74,131.68,27.09,0,Nilgiris,Tamil Nadu
2021-10-17,3.47,35.22999999999998,79.69,118.67,27.09,0,Nilgiris,Tamil Nadu
2021-10-18,1.72,32.27999999999999,61.17,112.36,27.09,0,Nilgiris,Tamil Nadu
2021-10-19,2.44,7.629999999999986,45.43,112.04,3.47,0,Nilgiris,Tamil Nadu
2021-10-20,24.27,28.429999999999986,67.53,129.44,24.27,0,Nilgiris,Tamil Nadu
2021-10-21,19.65,46.359999999999985,83.31,145.48,24.27,0,Nilgiris,Tamil Nadu
2021-10-22,6.77,50.68999999999998,85.41,151.81,24.27,0,Nilgiris,Tamil Nadu
2021-10-23,9.07,35.48999999999998,67.38999999999999,154.3,19.65,0,Nilgiris,Tamil Nadu
2021-10-24,6.92,22.759999999999984,70.83999999999999,158.04999999999998,9.07,0,Nilgiris,Tamil Nadu
2021-10-25,7.39,23.379999999999985,76.50999999999999,157.92,9.07,0,Nilgiris,Tamil Nadu
2021-10-26,5.59,19.899999999999984,79.66,143.27,7.39,0,Nilgiris,Tamil Nadu
2021-10-27,5.19,18.169999999999987,60.58,130.28,7.39,0,Nilgiris,Tamil Nadu
2021-10-28,1.76,12.539999999999985,42.69,129.87,5.59,0,Nilgiris,Tamil Nadu
2021-10-29,1.22,8.169999999999986,37.14,127.21999999999998,5.19,0,Nilgiris,Tamil Nadu
2021-10-30,5.71,8.689999999999987,33.78,128.26,5.71,0,Nilgiris,Tamil Nadu
2021-10-31,2.53,9.459999999999987,29.389999999999997,103.7,5.71,0,Nilgiris,Tamil Nadu
2021-11-01,11.59,19.829999999999984,33.59,111.82,11.59,0,Nilgiris,Tamil Nadu
2021-11-02,18.41,32.52999999999999,46.41,128.51,18.41,0,Nilgiris,Tamil Nadu
2021-11-03,3.66,33.65999999999998,44.88,129.73,18.41,0,Nilgiris,Tamil Nadu
2021-11-04,22.72,44.78999999999999,65.84,128.18,22.72,0,Nilgiris,Tamil Nadu
2021-11-05,6.36,32.73999999999999,70.98,114.89,22.72,0,Nilgiris,Tamil Nadu
2021-11-06,3.91,32.98999999999999,69.18,112.03,22.72,0,Nilgiris,Tamil Nadu
2021-11-07,11.78,22.049999999999986,78.43,114.74,11.78,0,Nilgiris,Tamil Nadu
2021-11-08,3.36,19.049999999999986,70.2,111.17999999999999,11.78,0,Nilgiris,Tamil Nadu
2021-11-09,2.24,17.37999999999999,54.03,106.03,11.78,0,Nilgiris,Tamil Nadu
2021-11-10,2.29,7.889999999999986,52.66,102.72999999999999,3.36,0,Nilgiris,Tamil Nadu
2021-11-11,3.48,8.009999999999987,33.42,101.02,3.48,0,Nilgiris,Tamil Nadu
2021-11-12,17.03,22.79999999999999,44.09,116.29,17.03,0,Nilgiris,Tamil Nadu
2021-11-13,6.19,26.699999999999992,46.37,121.26,17.03,0,Nilgiris,Tamil Nadu
2021-11-14,6.31,29.52999999999999,40.900000000000006,121.86,17.03,0,Nilgiris,Tamil Nadu
2021-11-15,14.53,27.029999999999987,52.07,133.85999999999999,14.53,0,Nilgiris,Tamil Nadu
2021-11-16,2.52,23.35999999999999,52.35,124.78999999999999,14.53,0,Nilgiris,Tamil Nadu
2021-11-17,21.39,38.43999999999999,71.45,127.77,21.39,0,Nilgiris,Tamil Nadu
2021-11-18,15.66,39.56999999999999,83.63,139.77,21.39,0,Nilgiris,Tamil Nadu
2021-11-19,9.02,46.06999999999999,75.62,126.07000000000001,21.39,0,Nilgiris,Tamil Nadu
2021-11-20,1.62,26.29999999999999,71.05,121.33,15.66,0,Nilgiris,Tamil Nadu
2021-11-21,0.49,11.129999999999988,65.23,117.91000000000001,9.02,0,Nilgiris,Tamil Nadu
2021-11-22,8.21,10.31999999999999,58.91,114.34,8.21,0,Nilgiris,Tamil Nadu
2021-11-23,6.61,15.309999999999988,63.00000000000001,117.59,8.21,0,Nilgiris,Tamil Nadu
2021-11-24,0.78,15.59999999999999,42.38999999999999,116.13,8.21,0,Nilgiris,Tamil Nadu
2021-11-25,11.04,18.42999999999999,37.769999999999996,124.88000000000001,11.04,0,Nilgiris,Tamil Nadu
2021-11-26,4.46,16.27999999999999,33.21,125.86,11.04,0,Nilgiris,Tamil Nadu
2021-11-27,1.78,17.279999999999987,33.37,110.61,11.04,0,Nilgiris,Tamil Nadu
2021-11-28,3.1,9.33999999999999,35.98,107.52000000000001,4.46,0,Nilgiris,Tamil Nadu
2021-11-29,12.59,17.469999999999988,40.36,113.8,12.59,0,Nilgiris,Tamil Nadu
2021-11-30,7.75,23.43999999999999,41.5,107.02,12.59,0,Nilgiris,Tamil Nadu
2021-12-01,2.85,23.189999999999987,43.57,107.35000000000001,12.59,0,Nilgiris,Tamil Nadu
2021-12-02,1.75,12.349999999999987,34.28,87.71000000000001,7.75,0,Nilgiris,Tamil Nadu
2021-12-03,2.33,6.929999999999987,32.15,74.38000000000001,2.85,0,Nilgiris,Tamil Nadu
2021-12-04,5.4,9.479999999999988,35.77,70.75999999999999,5.4,0,Nilgiris,Tamil Nadu
2021-12-05,5.9,13.629999999999988,38.57,75.04,5.9,0,Nilgiris,Tamil Nadu
2021-12-06,0.26,11.559999999999988,26.240000000000002,74.81,5.9,0,Nilgiris,Tamil Nadu
2021-12-07,0.55,6.709999999999988,19.04,67.15,5.9,0,Nilgiris,Tamil Nadu
2021-12-08,0.17,0.9799999999999877,16.36,60.709999999999994,0.55,0,Nilgiris,Tamil Nadu
2021-12-09,2.52,3.239999999999988,17.130000000000003,62.45,2.52,0,Nilgiris,Tamil Nadu
2021-12-10,0.85,3.539999999999988,15.65,52.26,2.52,0,Nilgiris,Tamil Nadu
2021-12-11,1.78,5.149999999999988,12.030000000000001,49.580000000000005,2.52,0,Nilgiris,Tamil Nadu
2021-12-12,0.45,3.0799999999999876,6.58,48.25,1.78,0,Nilgiris,Tamil Nadu
2021-12-13,0.26,2.4899999999999873,6.58,45.410000000000004,1.78,0,Nilgiris,Tamil Nadu
2021-12-14,1.53,2.239999999999988,7.56,34.35,1.53,0,Nilgiris,Tamil Nadu
2021-12-15,0.69,2.4799999999999875,8.08,27.29,1.53,0,Nilgiris,Tamil Nadu
2021-12-16,0.02,2.2399999999999873,5.58,24.459999999999997,1.53,0,Nilgiris,Tamil Nadu
2021-12-17,0.0,0.7099999999999875,4.73,22.709999999999997,0.69,0,Nilgiris,Tamil Nadu
2021-12-18,0.0,0.019999999999987566,2.9499999999999997,20.38,0.02,0,Nilgiris,Tamil Nadu
2021-12-19,0.0,0.0,2.4999999999999996,14.98,0.0,0,Nilgiris,Tamil Nadu
2021-12-20,0.0,0.0,2.2399999999999998,9.08,0.0,0,Nilgiris,Tamil Nadu
2021-12-21,0.0,0.0,0.71,8.82,0.0,0,Nilgiris,Tamil Nadu
2021-12-22,0.0,0.0,0.02,8.27,0.0,0,Nilgiris,Tamil Nadu
2021-12-23,0.0,0.0,0.0,8.1,0.0,0,Nilgiris,Tamil Nadu
2021-12-24,0.0,0.0,0.0,5.58,0.0,0,Nilgiris,Tamil Nadu
2021-12-25,0.0,0.0,0.0,4.73,0.0,0,Nilgiris,Tamil Nadu
2021-12-26,0.0,0.0,0.0,2.9499999999999997,0.0,0,Nilgiris,Tamil Nadu
2021-12-27,0.0,0.0,0.0,2.4999999999999996,0.0,0,Nilgiris,Tamil Nadu
2021-12-28,0.0,0.0,0.0,2.2399999999999998,0.0,0,Nilgiris,Tamil Nadu
2021-12-29,0.0,0.0,0.0,0.71,0.0,0,Nilgiris,Tamil Nadu
2021-12-30,0.68,0.6799999999999876,0.68,0.7000000000000001,0.68,0,Nilgiris,Tamil Nadu
2021-12-31,4.68,5.359999999999987,5.359999999999999,5.359999999999999,4.68,0,Nilgiris,Tamil Nadu
2022-01-01,7.75,13.109999999999987,13.11,13.11,7.75,0,Nilgiris,Tamil Nadu
2022-01-02,1.33,13.759999999999987,14.44,14.44,7.75,0,Nilgiris,Tamil Nadu
2022-01-03,0.04,9.119999999999987,14.479999999999999,14.479999999999999,7.75,0,Nilgiris,Tamil Nadu
2022-01-04,0.0,1.3699999999999877,14.479999999999999,14.479999999999999,1.33,0,Nilgiris,Tamil Nadu
2022-01-05,0.0,0.039999999999987566,14.479999999999999,14.479999999999999,0.04,0,Nilgiris,Tamil Nadu
2022-01-06,0.0,0.0,13.799999999999999,14.479999999999999,0.0,0,Nilgiris,Tamil Nadu
2022-01-07,0.01,0.009999999999987566,9.13,14.49,0.01,0,Nilgiris,Tamil Nadu
2022-01-08,0.01,0.019999999999987566,1.3900000000000001,14.5,0.01,0,Nilgiris,Tamil Nadu
2022-01-09,0.0,0.019999999999987566,0.06,14.5,0.01,0,Nilgiris,Tamil Nadu
2022-01-10,0.0,0.009999999999987566,0.02,14.5,0.01,0,Nilgiris,Tamil Nadu
2022-01-11,0.0,0.0,0.02,14.5,0.0,0,Nilgiris,Tamil Nadu
2022-01-12,0.0,0.0,0.02,14.5,0.0,0,Nilgiris,Tamil Nadu
2022-01-13,0.0,0.0,0.02,14.5,0.0,0,Nilgiris,Tamil Nadu
2022-01-14,0.0,0.0,0.01,13.82,0.0,0,Nilgiris,Tamil Nadu
2022-01-15,0.08,0.07999999999998757,0.08,9.22,0.08,0,Nilgiris,Tamil Nadu
2022-01-16,5.23,5.309999999999988,5.3100000000000005,6.7,5.23,0,Nilgiris,Tamil Nadu
2022-01-17,2.03,7.339999999999987,7.34,7.4,5.23,0,Nilgiris,Tamil Nadu
2022-01-18,0.01,7.269999999999988,7.3500000000000005,7.37,5.23,0,Nilgiris,Tamil Nadu
2022-01-19,0.0,2.039999999999987,7.3500000000000005,7.37,2.03,0,Nilgiris,Tamil Nadu
2022-01-20,0.0,0.009999999999987566,7.3500000000000005,7.37,0.01,0,Nilgiris,Tamil Nadu
2022-01-21,0.0,0.0,7.3500000000000005,7.37,0.0,0,Nilgiris,Tamil Nadu
2022-01-22,0.0,0.0,7.2700000000000005,7.36,0.0,0,Nilgiris,Tamil Nadu
2022-01-23,0.0,0.0,2.0399999999999996,7.3500000000000005,0.0,0,Nilgiris,Tamil Nadu
2022-01-24,0.0,0.0,0.01,7.3500000000000005,0.0,0,Nilgiris,Tamil Nadu
2022-01-25,0.0,0.0,0.0,7.3500000000000005,0.0,0,Nilgiris,Tamil Nadu
2022-01-26,0.28,0.2799999999999876,0.28,7.630000000000001,0.28,0,Nilgiris,Tamil Nadu
2022-01-27,4.59,4.869999999999988,4.87,12.22,4.59,0,Nilgiris,Tamil Nadu
2022-01-28,1.48,6.349999999999987,6.35,13.700000000000001,4.59,0,Nilgiris,Tamil Nadu
2022-01-29,0.05,6.119999999999988,6.4,13.75,4.59,0,Nilgiris,Tamil Nadu
2022-01-30,0.0,1.5299999999999876,6.4,13.67,1.48,0,Nilgiris,Tamil Nadu
2022-01-31,0.0,0.04999999999998757,6.4,8.44,0.05,0,Nilgiris,Tamil Nadu
2022-02-01,0.0,0.0,6.4,6.410000000000001,0.0,0,Nilgiris,Tamil Nadu
2022-02-02,0.01,0.009999999999987566,6.13,6.41,0.01,0,Nilgiris,Tamil Nadu
2022-02-03,0.0,0.009999999999987566,1.54,6.41,0.01,0,Nilgiris,Tamil Nadu
2022-02-04,0.0,0.009999999999987566,0.060000000000000005,6.41,0.01,0,Nilgiris,Tamil Nadu
2022-02-05,0.0,0.0,0.01,6.41,0.0,0,Nilgiris,Tamil Nadu
2022-02-06,0.0,0.0,0.01,6.41,0.0,0,Nilgiris,Tamil Nadu
2022-02-07,0.0,0.0,0.01,6.41,0.0,0,Nilgiris,Tamil Nadu
2022-02-08,0.0,0.0,0.01,6.41,0.0,0,Nilgiris,Tamil Nadu
2022-02-09,0.0,0.0,0.0,6.41,0.0,0,Nilgiris,Tamil Nadu
2022-02-10,0.0,0.0,0.0,6.130000000000001,0.0,0,Nilgiris,Tamil Nadu
2022-02-11,0.02,0.019999999999987566,0.02,1.560000000000001,0.02,0,Nilgiris,Tamil Nadu
2022-02-12,0.27,0.2899999999999876,0.29000000000000004,0.3500000000000009,0.27,0,Nilgiris,Tamil Nadu
2022-02-13,0.05,0.3399999999999876,0.34,0.3500000000000009,0.27,0,Nilgiris,Tamil Nadu
2022-02-14,0.0,0.31999999999998757,0.34,0.3500000000000009,0.27,0,Nilgiris,Tamil Nadu
2022-02-15,0.01,0.05999999999998757,0.35000000000000003,0.36000000000000093,0.05,0,Nilgiris,Tamil Nadu
2022-02-16,0.07,0.07999999999998758,0.42000000000000004,0.43000000000000094,0.07,0,Nilgiris,Tamil Nadu
2022-02-17,0.01,0.08999999999998758,0.43000000000000005,0.43000000000000094,0.07,0,Nilgiris,Tamil Nadu
2022-02-18,0.0,0.07999999999998758,0.41000000000000003,0.43000000000000094,0.07,0,Nilgiris,Tamil Nadu
2022-02-19,0.0,0.00999999999998758,0.14,0.43000000000000094,0.01,0,Nilgiris,Tamil Nadu
2022-02-20,0.0,0.0,0.09,0.43000000000000094,0.0,0,Nilgiris,Tamil Nadu
2022-02-21,0.0,0.0,0.09,0.43000000000000094,0.0,0,Nilgiris,Tamil Nadu
2022-02-22,0.0,0.0,0.08,0.43000000000000094,0.0,0,Nilgiris,Tamil Nadu
2022-02-23,0.01,0.00999999999998758,0.02,0.44000000000000095,0.01,0,Nilgiris,Tamil Nadu
2022-02-24,0.01,0.01999999999998758,0.02,0.45000000000000095,0.01,0,Nilgiris,Tamil Nadu
2022-02-25,0.0,0.01999999999998758,0.02,0.45000000000000095,0.01,0,Nilgiris,Tamil Nadu
2022-02-26,0.0,0.00999999999998758,0.02,0.43000000000000094,0.01,0,Nilgiris,Tamil Nadu
2022-02-27,0.0,0.0,0.02,0.1600000000000009,0.0,0,Nilgiris,Tamil Nadu
2022-02-28,0.0,0.0,0.02,0.11000000000000089,0.0,0,Nilgiris,Tamil Nadu
2022-03-01,0.0,0.0,0.02,0.11000000000000089,0.0,0,Nilgiris,Tamil Nadu
2022-03-02,0.0,0.0,0.01,0.1000000000000009,0.0,0,Nilgiris,Tamil Nadu
2022-03-03,0.0,0.0,0.0,0.030000000000000887,0.0,0,Nilgiris,Tamil Nadu
2022-03-04,0.0,0.0,0.0,0.020000000000000885,0.0,0,Nilgiris,Tamil Nadu
2022-03-05,0.0,0.0,0.0,0.020000000000000885,0.0,0,Nilgiris,Tamil Nadu
2022-03-06,0.04,0.03999999999998758,0.04,0.060000000000000886,0.04,0,Nilgiris,Tamil Nadu
2022-03-07,1.09,1.1299999999999877,1.1300000000000001,1.150000000000001,1.09,0,Nilgiris,Tamil Nadu
2022-03-08,0.5,1.6299999999999877,1.6300000000000001,1.650000000000001,1.09,0,Nilgiris,Tamil Nadu
2022-03-09,0.01,1.5999999999999877,1.6400000000000001,1.660000000000001,1.09,0,Nilgiris,Tamil Nadu
2022-03-10,0.0,0.5099999999999876,1.6400000000000001,1.650000000000001,0.5,0,Nilgiris,Tamil Nadu
2022-03-11,0.0,0.009999999999987566,1.6400000000000001,1.640000000000001,0.01,0,Nilgiris,Tamil Nadu
2022-03-12,0.0,0.0,1.6400000000000001,1.640000000000001,0.0,0,Nilgiris,Tamil Nadu
2022-03-13,0.0,0.0,1.6,1.640000000000001,0.0,0,Nilgiris,Tamil Nadu
2022-03-14,0.0,0.0,0.51,1.640000000000001,0.0,0,Nilgiris,Tamil Nadu
2022-03-15,0.0,0.0,0.01,1.640000000000001,0.0,0,Nilgiris,Tamil Nadu
2022-03-16,0.02,0.019999999999987566,0.02,1.660000000000001,0.02,0,Nilgiris,Tamil Nadu
2022-03-17,0.0,0.019999999999987566,0.02,1.660000000000001,0.02,0,Nilgiris,Tamil Nadu
2022-03-18,0.01,0.029999999999987564,0.03,1.670000000000001,0.02,0,Nilgiris,Tamil Nadu
2022-03-19,0.21,0.21999999999998757,0.24,1.880000000000001,0.21,0,Nilgiris,Tamil Nadu
2022-03-20,1.16,1.3799999999999875,1.4,3.040000000000001,1.16,0,Nilgiris,Tamil Nadu
2022-03-21,6.1,7.469999999999987,7.5,9.100000000000001,6.1,0,Nilgiris,Tamil Nadu
2022-03-22,4.32,11.579999999999988,11.82,12.330000000000002,6.1,0,Nilgiris,Tamil Nadu
2022-03-23,9.79,20.209999999999987,21.59,21.62,9.79,0,Nilgiris,Tamil Nadu
2022-03-24,3.57,17.679999999999986,25.16,25.18,9.79,0,Nilgiris,Tamil Nadu
2022-03-25,2.52,15.879999999999987,27.669999999999998,27.7,9.79,0,Nilgiris,Tamil Nadu
2022-03-26,2.16,8.249999999999988,29.62,29.86,3.57,0,Nilgiris,Tamil Nadu
2022-03-27,0.43,5.109999999999987,28.89,30.29,2.52,0,Nilgiris,Tamil Nadu
2022-03-28,0.03,2.6199999999999877,22.82,30.32,2.16,0,Nilgiris,Tamil Nadu
2022-03-29,0.75,1.2099999999999875,19.25,31.07,0.75,0,Nilgiris,Tamil Nadu
2022-03-30,1.58,2.359999999999988,11.04,32.65,1.58,0,Nilgiris,Tamil Nadu
2022-03-31,0.18,2.5099999999999874,7.6499999999999995,32.81,1.58,0,Nilgiris,Tamil Nadu
2022-04-01,0.73,2.489999999999988,5.86,33.540000000000006,1.58,0,Nilgiris,Tamil Nadu
2022-04-02,0.66,1.5699999999999874,4.36,34.19,0.73,0,Nilgiris,Tamil Nadu
2022-04-03,0.07,1.4599999999999875,4.0,34.05,0.73,0,Nilgiris,Tamil Nadu
2022-04-04,0.01,0.7399999999999876,3.98,32.9,0.66,0,Nilgiris,Tamil Nadu
2022-04-05,0.08,0.15999999999998757,3.31,26.88,0.08,0,Nilgiris,Tamil Nadu
2022-04-06,0.64,0.7299999999999875,2.37,23.200000000000003,0.64,0,Nilgiris,Tamil Nadu
2022-04-07,0.09,0.8099999999999875,2.28,13.500000000000002,0.64,0,Nilgiris,Tamil Nadu
2022-04-08,3.34,4.069999999999988,4.89,13.270000000000001,3.34,0,Nilgiris,Tamil Nadu
2022-04-09,3.6,7.029999999999987,7.83,14.350000000000001,3.6,0,Nilgiris,Tamil Nadu
2022-04-10,0.5,7.439999999999987,8.26,12.690000000000001,3.6,0,Nilgiris,Tamil Nadu
2022-04-11,0.99,5.089999999999987,9.24,13.250000000000002,3.6,0,Nilgiris,Tamil Nadu
2022-04-12,3.96,5.449999999999987,13.12,17.18,3.96,0,Nilgiris,Tamil Nadu
2022-04-13,7.8,12.749999999999988,20.279999999999998,24.23,7.8,0,Nilgiris,Tamil Nadu
2022-04-14,17.81,29.569999999999986,38.0,40.46,17.81,0,Nilgiris,Tamil Nadu
2022-04-15,1.33,26.939999999999984,35.99,41.61,17.81,0,Nilgiris,Tamil Nadu
2022-04-16,4.12,23.259999999999987,36.51,45.0,17.81,0,Nilgiris,Tamil Nadu
2022-04-17,9.73,15.179999999999986,45.739999999999995,54.07,9.73,0,Nilgiris,Tamil Nadu
2022-04-18,2.33,16.179999999999986,47.08,56.33,9.73,0,Nilgiris,Tamil Nadu
2022-04-19,1.79,13.849999999999984,44.91,58.11,9.73,0,Nilgiris,Tamil Nadu
2022-04-20,0.02,4.139999999999984,37.129999999999995,58.05,2.33,0,Nilgiris,Tamil Nadu
2022-04-21,0.0,1.809999999999984,19.319999999999997,57.410000000000004,1.79,0,Nilgiris,Tamil Nadu
2022-04-22,1.05,1.069999999999984,19.039999999999996,58.37,1.05,0,Nilgiris,Tamil Nadu
2022-04-23,16.04,17.089999999999982,30.959999999999997,71.07000000000001,16.04,0,Nilgiris,Tamil Nadu
2022-04-24,0.53,17.619999999999983,21.759999999999998,68.0,16.04,0,Nilgiris,Tamil Nadu
2022-04-25,0.17,16.73999999999998,19.599999999999998,67.67,16.04,0,Nilgiris,Tamil Nadu
2022-04-26,0.0,0.6999999999999823,17.809999999999995,66.68,0.53,0,Nilgiris,Tamil Nadu
2022-04-27,0.0,0.16999999999998225,17.789999999999996,62.72,0.17,0,Nilgiris,Tamil Nadu
2022-04-28,0.01,0.009999999999982237,17.799999999999997,54.93,0.01,0,Nilgiris,Tamil Nadu
2022-04-29,1.61,1.6199999999999823,18.359999999999996,38.73,1.61,0,Nilgiris,Tamil Nadu
2022-04-30,0.93,2.5499999999999825,3.2499999999999964,38.330000000000005,1.61,0,Nilgiris,Tamil Nadu
2022-05-01,3.52,6.059999999999983,6.239999999999997,37.73,3.52,0,Nilgiris,Tamil Nadu
2022-05-02,2.6,7.049999999999983,8.669999999999996,30.6,3.52,0,Nilgiris,Tamil Nadu
2022-05-03,8.18,14.299999999999983,16.849999999999994,36.45,8.18,0,Nilgiris,Tamil Nadu
2022-05-04,3.89,14.669999999999984,20.739999999999995,38.550000000000004,8.18,0,Nilgiris,Tamil Nadu
2022-05-05,2.09,14.159999999999982,22.819999999999993,40.62,8.18,0,Nilgiris,Tamil Nadu
2022-05-06,0.72,6.699999999999982,21.929999999999996,41.34,3.89,0,Nilgiris,Tamil Nadu
2022-05-07,5.84,8.649999999999983,26.839999999999996,46.13,5.84,0,Nilgiris,Tamil Nadu
2022-05-08,4.86,11.419999999999984,28.179999999999996,34.95,5.84,0,Nilgiris,Tamil Nadu
2022-05-09,4.56,15.259999999999982,30.139999999999997,38.98,5.84,0,Nilgiris,Tamil Nadu
2022-05-10,2.4,11.819999999999984,24.359999999999996,41.21,4.86,0,Nilgiris,Tamil Nadu
2022-05-11,1.29,8.249999999999982,21.759999999999998,42.5,4.56,0,Nilgiris,Tamil Nadu
2022-05-12,4.59,8.279999999999983,24.259999999999998,47.089999999999996,4.59,0,Nilgiris,Tamil Nadu
2022-05-13,3.79,9.669999999999982,27.329999999999995,50.87,4.59,0,Nilgiris,Tamil Nadu
2022-05-14,9.96,18.339999999999982,31.449999999999996,59.22,9.96,0,Nilgiris,Tamil Nadu
2022-05-15,17.74,31.489999999999984,44.33,76.03,17.74,0,Nilgiris,Tamil Nadu
2022-05-16,13.91,41.609999999999985,53.67999999999999,86.42,17.74,0,Nilgiris,Tamil Nadu
2022-05-17,17.47,49.11999999999998,68.75,101.28999999999999,17.74,0,Nilgiris,Tamil Nadu
2022-05-18,11.65,43.02999999999999,79.11,104.76,17.47,0,Nilgiris,Tamil Nadu
2022-05-19,4.24,33.359999999999985,78.75999999999999,105.11,17.47,0,Nilgiris,Tamil Nadu
2022-05-20,2.19,18.079999999999988,77.16,105.21,11.65,0,Nilgiris,Tamil Nadu
2022-05-21,3.35,9.779999999999987,70.55,107.84,4.24,0,Nilgiris,Tamil Nadu
2022-05-22,0.41,5.949999999999986,53.22,102.41,3.35,0,Nilgiris,Tamil Nadu
2022-05-23,0.89,4.649999999999986,40.2,98.44,3.35,0,Nilgiris,Tamil Nadu
2022-05-24,0.77,2.069999999999986,23.499999999999996,94.64999999999999,0.89,0,Nilgiris,Tamil Nadu
2022-05-25,4.4,6.059999999999986,16.249999999999996,96.65,4.4,0,Nilgiris,Tamil Nadu
2022-05-26,2.74,7.909999999999986,14.749999999999996,98.1,4.4,0,Nilgiris,Tamil Nadu
2022-05-27,2.0,9.139999999999986,14.559999999999999,95.50999999999999,4.4,0,Nilgiris,Tamil Nadu
2022-05-28,1.15,5.889999999999986,12.359999999999996,92.87,2.74,0,Nilgiris,Tamil Nadu
2022-05-29,3.39,6.539999999999986,15.339999999999998,86.3,3.39,0,Nilgiris,Tamil Nadu
2022-05-30,3.2,7.739999999999986,17.65,71.76,3.39,0,Nilgiris,Tamil Nadu
2022-05-31,4.81,11.399999999999984,21.689999999999998,62.660000000000004,4.81,0,Nilgiris,Tamil Nadu
2022-06-01,2.67,10.679999999999986,19.959999999999994,47.86,4.81,1,Nilgiris,Tamil Nadu
2022-06-02,0.45,7.9299999999999855,17.669999999999998,36.66,4.81,1,Nilgiris,Tamil Nadu
2022-06-03,1.01,4.129999999999986,16.679999999999996,33.43000000000001,2.67,1,Nilgiris,Tamil Nadu
2022-06-04,1.33,2.789999999999986,16.859999999999996,32.57,1.33,1,Nilgiris,Tamil Nadu
2022-06-05,4.61,6.949999999999986,18.08,33.83,4.61,1,Nilgiris,Tamil Nadu
2022-06-06,4.46,10.399999999999986,19.339999999999996,37.879999999999995,4.61,1,Nilgiris,Tamil Nadu
2022-06-07,0.86,9.929999999999986,15.389999999999997,37.849999999999994,4.61,1,Nilgiris,Tamil Nadu
2022-06-08,0.32,5.6399999999999855,13.039999999999997,37.4,4.46,1,Nilgiris,Tamil Nadu
2022-06-09,1.37,2.5499999999999856,13.959999999999997,34.370000000000005,1.37,1,Nilgiris,Tamil Nadu
2022-06-10,3.33,5.019999999999985,16.279999999999994,34.96,3.33,1,Nilgiris,Tamil Nadu
2022-06-11,2.33,7.029999999999985,17.279999999999998,35.29,3.33,1,Nilgiris,Tamil Nadu
2022-06-12,3.19,8.849999999999985,15.859999999999996,37.330000000000005,3.33,1,Nilgiris,Tamil Nadu
2022-06-13,4.32,9.839999999999986,15.719999999999995,38.260000000000005,4.32,1,Nilgiris,Tamil Nadu
2022-06-14,6.29,13.799999999999986,21.149999999999995,41.35,6.29,1,Nilgiris,Tamil Nadu
2022-06-15,4.8,15.409999999999986,25.629999999999995,41.34,6.29,1,Nilgiris,Tamil Nadu
2022-06-16,6.57,17.659999999999986,30.829999999999995,45.24,6.57,1,Nilgiris,Tamil Nadu
2022-06-17,10.97,22.33999999999999,38.47,55.76,10.97,1,Nilgiris,Tamil Nadu
2022-06-18,5.84,23.37999999999999,41.98,60.59,10.97,1,Nilgiris,Tamil Nadu
2022-06-19,7.18,23.989999999999988,45.96999999999999,66.44,10.97,1,Nilgiris,Tamil Nadu
2022-06-20,2.06,15.079999999999986,43.709999999999994,63.89,7.18,1,Nilgiris,Tamil Nadu
2022-06-21,2.11,11.349999999999985,39.529999999999994,61.540000000000006,7.18,1,Nilgiris,Tamil Nadu
2022-06-22,0.64,4.809999999999985,35.37,61.32,2.11,1,Nilgiris,Tamil Nadu
2022-06-23,0.6,3.3499999999999854,29.399999999999995,61.6,2.11,1,Nilgiris,Tamil Nadu
2022-06-24,1.81,3.0499999999999856,20.239999999999995,62.04,1.81,1,Nilgiris,Tamil Nadu
2022-06-25,2.22,4.629999999999987,16.619999999999997,60.93,2.22,1,Nilgiris,Tamil Nadu
2022-06-26,0.64,4.669999999999987,10.079999999999997,59.24,2.22,1,Nilgiris,Tamil Nadu
2022-06-27,1.01,3.869999999999986,9.029999999999996,57.059999999999995,2.22,1,Nilgiris,Tamil Nadu
2022-06-28,2.29,3.939999999999986,9.209999999999997,55.029999999999994,2.29,1,Nilgiris,Tamil Nadu
2022-06-29,0.96,4.259999999999986,9.529999999999996,49.699999999999996,2.29,1,Nilgiris,Tamil Nadu
2022-06-30,14.9,18.149999999999984,23.83,59.8,14.9,1,Nilgiris,Tamil Nadu
2022-07-01,2.54,18.399999999999988,24.56,55.77,14.9,1,Nilgiris,Tamil Nadu
2022-07-02,1.9,19.339999999999986,24.239999999999995,46.7,14.9,1,Nilgiris,Tamil Nadu
2022-07-03,2.69,7.129999999999986,26.289999999999996,43.55,2.69,1,Nilgiris,Tamil Nadu
2022-07-04,3.28,7.869999999999985,28.559999999999995,39.65,3.28,1,Nilgiris,Tamil Nadu
2022-07-05,6.03,11.999999999999986,32.3,43.620000000000005,6.03,1,Nilgiris,Tamil Nadu
2022-07-06,4.64,13.949999999999985,35.98,46.150000000000006,6.03,1,Nilgiris,Tamil Nadu
2022-07-07,9.1,19.76999999999999,30.179999999999996,54.61,9.1,1,Nilgiris,Tamil Nadu
2022-07-08,4.95,18.689999999999987,32.589999999999996,58.96,9.1,1,Nilgiris,Tamil Nadu
2022-07-09,6.24,20.289999999999985,36.92999999999999,63.39,9.1,1,Nilgiris,Tamil Nadu
2022-07-10,6.4,17.58999999999999,40.64,67.57000000000001,6.4,1,Nilgiris,Tamil Nadu
2022-07-11,3.59,16.22999999999999,40.949999999999996,70.52,6.4,1,Nilgiris,Tamil Nadu
2022-07-12,6.34,16.329999999999988,41.26,75.85,6.4,1,Nilgiris,Tamil Nadu
2022-07-13,6.75,16.67999999999999,43.37,80.31,6.75,1,Nilgiris,Tamil Nadu
2022-07-14,6.67,19.759999999999987,40.93999999999999,86.02,6.75,1,Nilgiris,Tamil Nadu
2022-07-15,5.6,19.01999999999999,41.589999999999996,76.72,6.75,1,Nilgiris,Tamil Nadu
2022-07-16,7.34,19.60999999999999,42.69,81.52,7.34,1,Nilgiris,Tamil Nadu
2022-07-17,2.89,15.829999999999986,39.18,82.51,7.34,1,Nilgiris,Tamil Nadu
2022-07-18,4.72,14.949999999999987,40.309999999999995,84.53999999999999,7.34,1,Nilgiris,Tamil Nadu
2022-07-19,2.23,9.839999999999987,36.199999999999996,83.49000000000001,4.72,1,Nilgiris,Tamil Nadu
2022-07-20,9.08,16.029999999999987,38.53,86.54,9.08,1,Nilgiris,Tamil Nadu
2022-07-21,11.76,23.069999999999986,43.62,93.66000000000001,11.76,1,Nilgiris,Tamil Nadu
2022-07-22,5.84,26.679999999999986,43.85999999999999,90.39999999999999,11.76,1,Nilgiris,Tamil Nadu
2022-07-23,0.51,18.10999999999999,37.03,85.96,11.76,1,Nilgiris,Tamil Nadu
2022-07-24,1.61,7.9599999999999875,35.75,81.33,5.84,1,Nilgiris,Tamil Nadu
2022-07-25,0.65,2.7699999999999876,31.68,75.58,1.61,1,Nilgiris,Tamil Nadu
2022-07-26,4.59,6.849999999999987,34.04,76.58,4.59,1,Nilgiris,Tamil Nadu
2022-07-27,8.76,13.999999999999988,33.72,79.0,8.76,1,Nilgiris,Tamil Nadu
2022-07-28,4.02,17.369999999999987,25.979999999999997,76.27,8.76,1,Nilgiris,Tamil Nadu
2022-07-29,16.34,29.119999999999987,36.47999999999999,85.94,16.34,1,Nilgiris,Tamil Nadu
2022-07-30,18.44,38.79999999999998,54.41,98.78,18.44,1,Nilgiris,Tamil Nadu
2022-07-31,5.73,40.50999999999999,58.53,97.17,18.44,1,Nilgiris,Tamil Nadu
2022-08-01,23.93,48.09999999999999,81.81,118.21000000000001,23.93,1,Nilgiris,Tamil Nadu
2022-08-02,17.5,47.15999999999998,94.72,130.99,23.93,1,Nilgiris,Tamil Nadu
2022-08-03,8.86,50.28999999999998,94.82000000000001,137.62,23.93,1,Nilgiris,Tamil Nadu
2022-08-04,26.18,52.539999999999985,116.97999999999999,154.72,26.18,1,Nilgiris,Tamil Nadu
2022-08-05,3.85,38.889999999999986,104.49,146.81,26.18,1,Nilgiris,Tamil Nadu
2022-08-06,5.5,35.52999999999999,91.55,146.47,26.18,1,Nilgiris,Tamil Nadu
2022-08-07,7.42,16.769999999999985,93.23999999999998,153.38,7.42,1,Nilgiris,Tamil Nadu
2022-08-08,6.1,19.019999999999985,75.41,157.87,7.42,1,Nilgiris,Tamil Nadu
2022-08-09,4.52,18.039999999999985,62.42999999999999,161.73999999999998,7.42,1,Nilgiris,Tamil Nadu
2022-08-10,2.33,12.949999999999985,55.89999999999999,159.48,6.1,1,Nilgiris,Tamil Nadu
2022-08-11,3.68,10.529999999999985,33.4,154.4,4.52,1,Nilgiris,Tamil Nadu
2022-08-12,1.02,7.029999999999986,30.569999999999993,151.39999999999998,3.68,1,Nilgiris,Tamil Nadu
2022-08-13,0.05,4.749999999999986,25.119999999999994,135.11,3.68,1,Nilgiris,Tamil Nadu
2022-08-14,0.03,1.0999999999999859,17.729999999999997,116.7,1.02,1,Nilgiris,Tamil Nadu
2022-08-15,0.0,0.07999999999998579,11.629999999999995,110.97,0.05,1,Nilgiris,Tamil Nadu
2022-08-16,0.0,0.029999999999985788,7.109999999999997,87.03999999999999,0.03,1,Nilgiris,Tamil Nadu
2022-08-17,0.01,0.00999999999998579,4.7899999999999965,69.55,0.01,1,Nilgiris,Tamil Nadu
2022-08-18,38.53,38.539999999999985,39.64,99.22,38.53,1,Nilgiris,Tamil Nadu
2022-08-19,6.92,45.45999999999999,45.54,79.96,38.53,1,Nilgiris,Tamil Nadu
2022-08-20,0.07,45.51999999999999,45.56,76.17999999999999,38.53,1,Nilgiris,Tamil Nadu
2022-08-21,4.15,11.139999999999986,49.68,74.83,6.92,1,Nilgiris,Tamil Nadu
2022-08-22,6.81,11.029999999999987,56.49,74.22,6.81,1,Nilgiris,Tamil Nadu
2022-08-23,2.61,13.569999999999986,59.1,70.73,6.81,1,Nilgiris,Tamil Nadu
2022-08-24,4.34,13.759999999999986,63.43,70.55000000000001,6.81,1,Nilgiris,Tamil Nadu
2022-08-25,11.52,18.469999999999985,36.42,79.74,11.52,1,Nilgiris,Tamil Nadu
2022-08-26,28.52,44.37999999999998,58.019999999999996,104.58,28.52,1,Nilgiris,Tamil Nadu
2022-08-27,7.95,47.98999999999998,65.89999999999999,111.51,28.52,1,Nilgiris,Tamil Nadu
2022-08-28,10.5,46.969999999999985,72.25,121.96,28.52,1,Nilgiris,Tamil Nadu
2022-08-29,11.59,30.039999999999985,77.03,133.52,11.59,1,Nilgiris,Tamil Nadu
2022-08-30,17.49,39.579999999999984,91.91,151.01,17.49,1,Nilgiris,Tamil Nadu
2022-08-31,17.31,46.389999999999986,104.88,168.32,17.49,1,Nilgiris,Tamil Nadu
2022-09-01,6.08,40.87999999999998,99.44,174.39,17.49,1,Nilgiris,Tamil Nadu
2022-09-02,1.85,25.239999999999984,72.77,137.71,17.31,1,Nilgiris,Tamil Nadu
2022-09-03,0.9,8.829999999999986,65.72,131.69,6.08,1,Nilgiris,Tamil Nadu
2022-09-04,13.12,15.869999999999985,68.33999999999999,144.74,13.12,1,Nilgiris,Tamil Nadu
2022-09-05,22.39,36.40999999999998,79.14,162.98,22.39,1,Nilgiris,Tamil Nadu
2022-09-06,10.37,45.87999999999999,72.02,166.54,22.39,1,Nilgiris,Tamil Nadu
2022-09-07,9.98,42.73999999999999,64.69,173.91,22.39,1,Nilgiris,Tamil Nadu
2022-09-08,2.16,22.509999999999984,60.77,171.73,10.37,1,Nilgiris,Tamil Nadu
2022-09-09,4.09,16.229999999999986,63.01,164.29999999999998,9.98,1,Nilgiris,Tamil Nadu
2022-09-10,5.03,11.279999999999987,67.14,140.80999999999997,5.03,1,Nilgiris,Tamil Nadu
2022-09-11,4.08,13.199999999999985,58.099999999999994,136.94,5.03,1,Nilgiris,Tamil Nadu
2022-09-12,1.05,10.159999999999986,36.76,127.49,5.03,1,Nilgiris,Tamil Nadu
2022-09-13,1.51,6.639999999999986,27.9,117.41000000000001,4.08,1,Nilgiris,Tamil Nadu
2022-09-14,5.51,8.069999999999986,23.43,105.42999999999999,5.51,1,Nilgiris,Tamil Nadu
2022-09-15,0.16,7.179999999999986,21.429999999999996,88.28,5.51,1,Nilgiris,Tamil Nadu
2022-09-16,0.03,5.699999999999986,17.369999999999997,82.22999999999999,5.51,1,Nilgiris,Tamil Nadu
2022-09-17,0.46,0.6499999999999858,12.8,80.84,0.46,1,Nilgiris,Tamil Nadu
2022-09-18,1.63,2.119999999999986,10.349999999999998,81.57,1.63,1,Nilgiris,Tamil Nadu
2022-09-19,0.23,2.319999999999986,9.53,68.68,1.63,1,Nilgiris,Tamil Nadu
2022-09-20,0.02,1.8799999999999857,8.04,46.31,1.63,1,Nilgiris,Tamil Nadu
2022-09-21,0.02,0.2699999999999858,2.55,35.96,0.23,1,Nilgiris,Tamil Nadu
2022-09-22,0.0,0.03999999999998579,2.3899999999999997,25.98,0.02,1,Nilgiris,Tamil Nadu
2022-09-23,0.02,0.03999999999998579,2.38,23.84,0.02,1,Nilgiris,Tamil Nadu
2022-09-24,0.36,0.3799999999999858,2.28,20.110000000000003,0.36,1,Nilgiris,Tamil Nadu
2022-09-25,4.3,4.6799999999999855,4.949999999999999,19.38,4.3,1,Nilgiris,Tamil Nadu
2022-09-26,2.59,7.249999999999986,7.31,17.889999999999997,4.3,1,Nilgiris,Tamil Nadu
2022-09-27,0.02,6.909999999999985,7.31,16.859999999999996,4.3,1,Nilgiris,Tamil Nadu
2022-09-28,0.21,2.8199999999999856,7.5,15.559999999999999,2.59,1,Nilgiris,Tamil Nadu
2022-09-29,0.07,0.2999999999999858,7.57,10.12,0.21,1,Nilgiris,Tamil Nadu
2022-09-30,2.11,2.3899999999999855,9.66,12.069999999999999,2.11,1,Nilgiris,Tamil Nadu
2022-10-01,1.53,3.7099999999999858,10.83,13.57,2.11,0,Nilgiris,Tamil Nadu
2022-10-02,8.52,12.159999999999986,15.049999999999999,21.63,8.52,0,Nilgiris,Tamil Nadu
2022-10-03,1.82,11.869999999999987,14.28,21.82,8.52,0,Nilgiris,Tamil Nadu
2022-10-04,1.08,11.419999999999986,15.34,22.669999999999998,8.52,0,Nilgiris,Tamil Nadu
2022-10-05,3.66,6.559999999999986,18.79,26.310000000000002,3.66,0,Nilgiris,Tamil Nadu
2022-10-06,0.14,4.879999999999986,18.86,26.43,3.66,0,Nilgiris,Tamil Nadu
2022-10-07,0.05,3.849999999999986,16.8,26.48,3.66,0,Nilgiris,Tamil Nadu
2022-10-08,0.07,0.2599999999999858,15.34,26.53,0.14,0,Nilgiris,Tamil Nadu
2022-10-09,12.02,12.139999999999985,18.84,38.19,12.02,0,Nilgiris,Tamil Nadu
2022-10-10,19.72,31.80999999999998,36.739999999999995,53.61,19.72,0,Nilgiris,Tamil Nadu
2022-10-11,3.49,35.22999999999998,39.15,54.51,19.72,0,Nilgiris,Tamil Nadu
2022-10-12,1.44,24.649999999999984,36.93,55.93,19.72,0,Nilgiris,Tamil Nadu
2022-10-13,7.55,12.479999999999986,44.339999999999996,63.269999999999996,7.55,0,Nilgiris,Tamil Nadu
2022-10-14,7.73,16.719999999999985,52.019999999999996,70.93,7.73,0,Nilgiris,Tamil Nadu
2022-10-15,10.17,25.44999999999999,62.12,78.99,10.17,0,Nilgiris,Tamil Nadu
2022-10-16,13.74,31.639999999999986,63.839999999999996,91.2,13.74,0,Nilgiris,Tamil Nadu
2022-10-17,4.96,28.869999999999987,49.080000000000005,87.64,13.74,0,Nilgiris,Tamil Nadu
2022-10-18,6.02,24.719999999999988,51.61,91.83999999999999,13.74,0,Nilgiris,Tamil Nadu
2022-10-19,10.3,21.279999999999987,60.47,101.06,10.3,0,Nilgiris,Tamil Nadu
2022-10-20,12.81,29.12999999999999,65.73,110.21000000000001,12.81,0,Nilgiris,Tamil Nadu
2022-10-21,7.16,30.26999999999999,65.16,117.23,12.81,0,Nilgiris,Tamil Nadu
2022-10-22,1.39,21.359999999999985,56.38,118.57000000000001,12.81,0,Nilgiris,Tamil Nadu
2022-10-23,0.53,9.079999999999986,43.17,119.03,7.16,0,Nilgiris,Tamil Nadu
2022-10-24,0.34,2.2599999999999856,38.550000000000004,107.35000000000001,1.39,0,Nilgiris,Tamil Nadu
2022-10-25,0.01,0.8799999999999858,32.540000000000006,87.64,0.53,0,Nilgiris,Tamil Nadu
2022-10-26,0.0,0.3499999999999858,22.240000000000002,84.15,0.34,0,Nilgiris,Tamil Nadu
2022-10-27,0.0,0.00999999999998579,9.43,82.71,0.01,0,Nilgiris,Tamil Nadu
2022-10-28,0.59,0.5899999999999858,2.86,75.75,0.59,0,Nilgiris,Tamil Nadu
2022-10-29,2.35,2.9399999999999857,3.8200000000000003,70.37,2.35,0,Nilgiris,Tamil Nadu
2022-10-30,1.9,4.839999999999986,5.1899999999999995,62.1,2.35,0,Nilgiris,Tamil Nadu
2022-10-31,0.32,4.569999999999986,5.17,48.68,2.35,0,Nilgiris,Tamil Nadu
2022-11-01,2.93,5.149999999999986,8.09,46.650000000000006,2.93,0,Nilgiris,Tamil Nadu
2022-11-02,6.32,9.569999999999986,14.41,46.95,6.32,0,Nilgiris,Tamil Nadu
2022-11-03,9.83,19.079999999999984,24.240000000000002,46.480000000000004,9.83,0,Nilgiris,Tamil Nadu
2022-11-04,6.65,22.799999999999986,30.3,40.32,9.83,0,Nilgiris,Tamil Nadu
2022-11-05,2.07,18.549999999999986,30.02,35.23,9.83,0,Nilgiris,Tamil Nadu
2022-11-06,4.43,13.149999999999986,32.55,38.269999999999996,6.65,0,Nilgiris,Tamil Nadu
2022-11-07,0.26,6.759999999999986,32.49,38.0,4.43,0,Nilgiris,Tamil Nadu
2022-11-08,0.02,4.709999999999986,29.580000000000002,37.68,4.43,0,Nilgiris,Tamil Nadu
2022-11-09,0.12,0.3999999999999858,23.38,37.79,0.26,0,Nilgiris,Tamil Nadu
2022-11-10,2.66,2.799999999999986,16.21,40.45,2.66,0,Nilgiris,Tamil Nadu
2022-11-11,24.72,27.499999999999986,34.28,65.17,24.72,0,Nilgiris,Tamil Nadu
2022-11-12,23.46,50.83999999999999,55.67,88.03999999999999,24.72,0,Nilgiris,Tamil Nadu
2022-11-13,3.38,51.55999999999999,54.620000000000005,89.07000000000001,24.72,0,Nilgiris,Tamil Nadu
2022-11-14,2.87,29.709999999999987,57.230000000000004,90.03999999999999,23.46,0,Nilgiris,Tamil Nadu
2022-11-15,0.41,6.659999999999986,57.62,90.13000000000001,3.38,0,Nilgiris,Tamil Nadu
2022-11-16,0.09,3.369999999999986,57.59,87.28999999999999,2.87,0,Nilgiris,Tamil Nadu
2022-11-17,0.01,0.5099999999999858,54.94,80.98,0.41,0,Nilgiris,Tamil Nadu
2022-11-18,0.0,0.09999999999998578,30.220000000000006,71.15,0.09,0,Nilgiris,Tamil Nadu
2022-11-19,0.0,0.00999999999998579,6.760000000000003,64.5,0.01,0,Nilgiris,Tamil Nadu
2022-11-20,0.0,0.0,3.3800000000000034,62.43,0.0,0,Nilgiris,Tamil Nadu
2022-11-21,0.0,0.0,0.5100000000000036,58.0,0.0,0,Nilgiris,Tamil Nadu
2022-11-22,0.27,0.2699999999999858,0.37000000000000355,58.01,0.27,0,Nilgiris,Tamil Nadu
2022-11-23,2.61,2.8799999999999857,2.8900000000000032,60.6,2.61,0,Nilgiris,Tamil Nadu
2022-11-24,1.35,4.229999999999986,4.230000000000004,61.830000000000005,2.61,0,Nilgiris,Tamil Nadu
2022-11-25,0.26,4.2199999999999855,4.490000000000004,59.43,2.61,0,Nilgiris,Tamil Nadu
2022-11-26,0.65,2.259999999999986,5.140000000000003,35.36,1.35,0,Nilgiris,Tamil Nadu
2022-11-27,5.67,6.579999999999986,10.810000000000002,17.57,5.67,0,Nilgiris,Tamil Nadu
2022-11-28,2.03,8.349999999999985,12.840000000000003,16.22,5.67,0,Nilgiris,Tamil Nadu
2022-11-29,3.67,11.369999999999985,16.240000000000002,17.02,5.67,0,Nilgiris,Tamil Nadu
2022-11-30,0.19,5.8899999999999855,13.820000000000004,16.8,3.67,0,Nilgiris,Tamil Nadu
2022-12-01,0.49,4.349999999999985,12.960000000000003,17.2,3.67,0,Nilgiris,Tamil Nadu
2022-12-02,0.29,0.9699999999999858,12.990000000000002,17.479999999999997,0.49,0,Nilgiris,Tamil Nadu
2022-12-03,0.69,1.4699999999999858,13.030000000000003,18.169999999999998,0.69,0,Nilgiris,Tamil Nadu
2022-12-04,4.01,4.989999999999986,11.370000000000003,22.179999999999996,4.01,0,Nilgiris,Tamil Nadu
2022-12-05,1.08,5.779999999999986,10.420000000000003,23.259999999999998,4.01,0,Nilgiris,Tamil Nadu
2022-12-06,0.0,5.089999999999986,6.7500000000000036,23.259999999999998,4.01,0,Nilgiris,Tamil Nadu
2022-12-07,0.0,1.0799999999999859,6.560000000000003,22.99,1.08,0,Nilgiris,Tamil Nadu
2022-12-08,0.52,0.5199999999999858,6.590000000000003,20.9,0.52,0,Nilgiris,Tamil Nadu
2022-12-09,7.21,7.729999999999986,13.510000000000002,26.759999999999998,7.21,0,Nilgiris,Tamil Nadu
2022-12-10,12.37,20.099999999999984,25.190000000000005,38.87,12.37,0,Nilgiris,Tamil Nadu
2022-12-11,7.06,26.639999999999983,28.240000000000006,45.28,12.37,0,Nilgiris,Tamil Nadu
2022-12-12,11.33,30.759999999999984,38.49,50.94,12.37,0,Nilgiris,Tamil Nadu
2022-12-13,25.61,43.999999999999986,64.1,74.52,25.61,0,Nilgiris,Tamil Nadu
2022-12-14,4.16,41.09999999999998,68.26,75.00999999999999,25.61,0,Nilgiris,Tamil Nadu
2022-12-15,0.12,29.889999999999986,67.86,74.94,25.61,0,Nilgiris,Tamil Nadu
2022-12-16,0.0,4.279999999999986,60.65,74.45,4.16,0,Nilgiris,Tamil Nadu
2022-12-17,0.0,0.11999999999998578,48.28,74.16,0.12,0,Nilgiris,Tamil Nadu
2022-12-18,0.0,0.0,41.220000000000006,73.47,0.0,0,Nilgiris,Tamil Nadu
2022-12-19,0.0,0.0,29.890000000000004,69.46,0.0,0,Nilgiris,Tamil Nadu
2022-12-20,0.0,0.0,4.280000000000004,68.38,0.0,0,Nilgiris,Tamil Nadu
2022-12-21,0.0,0.0,0.12000000000000355,68.38,0.0,0,Nilgiris,Tamil Nadu
2022-12-22,0.0,0.0,0.0,68.38,0.0,0,Nilgiris,Tamil Nadu
2022-12-23,0.0,0.0,0.0,67.86,0.0,0,Nilgiris,Tamil Nadu
2022-12-24,0.0,0.0,0.0,60.65,0.0,0,Nilgiris,Tamil Nadu
2022-12-25,9.28,9.279999999999985,9.280000000000003,57.56,9.28,0,Nilgiris,Tamil Nadu
2022-12-26,5.06,14.339999999999986,14.340000000000003,55.559999999999995,9.28,0,Nilgiris,Tamil Nadu
2022-12-27,1.39,15.729999999999984,15.730000000000002,45.62,9.28,0,Nilgiris,Tamil Nadu
2022-12-28,0.25,6.699999999999985,15.980000000000002,20.259999999999998,5.06,0,Nilgiris,Tamil Nadu
2022-12-29,0.0,1.6399999999999857,15.980000000000002,16.099999999999998,1.39,0,Nilgiris,Tamil Nadu
2022-12-30,0.0,0.2499999999999858,15.980000000000002,15.979999999999999,0.25,0,Nilgiris,Tamil Nadu
2022-12-31,0.0,0.0,15.980000000000002,15.979999999999999,0.0,0,Nilgiris,Tamil Nadu
2023-01-01,0.0,0.0,6.700000000000003,15.979999999999999,0.0,0,Nilgiris,Tamil Nadu
2023-01-02,0.0,0.0,1.6400000000000035,15.979999999999999,0.0,0,Nilgiris,Tamil Nadu
2023-01-03,0.0,0.0,0.25000000000000355,15.979999999999999,0.0,0,Nilgiris,Tamil Nadu
2023-01-04,0.0,0.0,0.0,15.979999999999999,0.0,0,Nilgiris,Tamil Nadu
2023-01-05,0.0,0.0,0.0,15.979999999999999,0.0,0,Nilgiris,Tamil Nadu
2023-01-06,0.0,0.0,0.0,15.979999999999999,0.0,0,Nilgiris,Tamil Nadu
2023-01-07,0.0,0.0,0.0,15.979999999999999,0.0,0,Nilgiris,Tamil Nadu
2023-01-08,0.01,0.00999999999998579,0.010000000000003553,15.989999999999998,0.01,0,Nilgiris,Tamil Nadu
2023-01-09,0.0,0.00999999999998579,0.010000000000003553,6.709999999999999,0.01,0,Nilgiris,Tamil Nadu
2023-01-10,0.0,0.00999999999998579,0.010000000000003553,1.65,0.01,0,Nilgiris,Tamil Nadu
2023-01-11,0.0,0.0,0.010000000000003553,0.26,0.0,0,Nilgiris,Tamil Nadu
2023-01-12,0.0,0.0,0.010000000000003553,0.01,0.0,0,Nilgiris,Tamil Nadu
2023-01-13,0.0,0.0,0.010000000000003553,0.01,0.0,0,Nilgiris,Tamil Nadu
2023-01-14,0.0,0.0,0.010000000000003553,0.01,0.0,0,Nilgiris,Tamil Nadu
2023-01-15,0.0,0.0,0.0,0.01,0.0,0,Nilgiris,Tamil Nadu
2023-01-16,0.0,0.0,0.0,0.01,0.0,0,Nilgiris,Tamil Nadu
2023-01-17,0.0,0.0,0.0,0.01,0.0,0,Nilgiris,Tamil Nadu
2023-01-18,0.0,0.0,0.0,0.01,0.0,0,Nilgiris,Tamil Nadu
2023-01-19,0.0,0.0,0.0,0.01,0.0,0,Nilgiris,Tamil Nadu
2023-01-20,0.0,0.0,0.0,0.01,0.0,0,Nilgiris,Tamil Nadu
2023-01-21,0.0,0.0,0.0,0.01,0.0,0,Nilgiris,Tamil Nadu
2023-01-22,0.0,0.0,0.0,0.01,0.0,0,Nilgiris,Tamil Nadu
2023-01-23,0.89,0.8899999999999858,0.8900000000000036,0.89,0.89,0,Nilgiris,Tamil Nadu
2023-01-24,3.6,4.489999999999986,4.490000000000004,4.49,3.6,0,Nilgiris,Tamil Nadu
2023-01-25,0.16,4.649999999999986,4.650000000000004,4.65,3.6,0,Nilgiris,Tamil Nadu
2023-01-26,0.0,3.759999999999986,4.650000000000004,4.65,3.6,0,Nilgiris,Tamil Nadu
2023-01-27,0.0,0.1599999999999858,4.650000000000004,4.65,0.16,0,Nilgiris,Tamil Nadu
2023-01-28,0.0,0.0,4.650000000000004,4.65,0.0,0,Nilgiris,Tamil Nadu
2023-01-29,0.0,0.0,4.650000000000004,4.65,0.0,0,Nilgiris,Tamil Nadu
2023-01-30,0.04,0.03999999999998579,3.800000000000004,4.69,0.04,0,Nilgiris,Tamil Nadu
2023-01-31,0.03,0.0699999999999858,0.23000000000000356,4.720000000000001,0.04,0,Nilgiris,Tamil Nadu
2023-02-01,0.0,0.0699999999999858,0.07000000000000356,4.720000000000001,0.04,0,Nilgiris,Tamil Nadu
2023-02-02,0.09,0.11999999999998578,0.16000000000000356,4.8100000000000005,0.09,0,Nilgiris,Tamil Nadu
2023-02-03,0.78,0.8699999999999858,0.9400000000000036,5.59,0.78,0,Nilgiris,Tamil Nadu
2023-02-04,3.26,4.129999999999986,4.200000000000004,8.85,3.26,0,Nilgiris,Tamil Nadu
2023-02-05,0.0,4.039999999999986,4.200000000000003,8.85,3.26,0,Nilgiris,Tamil Nadu
2023-02-06,0.0,3.2599999999999856,4.160000000000004,8.85,3.26,0,Nilgiris,Tamil Nadu
2023-02-07,0.0,0.0,4.130000000000003,7.960000000000001,0.0,0,Nilgiris,Tamil Nadu
2023-02-08,0.0,0.0,4.130000000000003,4.359999999999999,0.0,0,Nilgiris,Tamil Nadu
2023-02-09,0.0,0.0,4.040000000000003,4.199999999999999,0.0,0,Nilgiris,Tamil Nadu
2023-02-10,0.0,0.0,3.2600000000000033,4.199999999999999,0.0,0,Nilgiris,Tamil Nadu
2023-02-11,0.0,0.0,0.0,4.199999999999999,0.0,0,Nilgiris,Tamil Nadu
2023-02-12,0.0,0.0,0.0,4.199999999999999,0.0,0,Nilgiris,Tamil Nadu
2023-02-13,0.0,0.0,0.0,4.199999999999999,0.0,0,Nilgiris,Tamil Nadu
2023-02-14,0.0,0.0,0.0,4.16,0.0,0,Nilgiris,Tamil Nadu
2023-02-15,0.0,0.0,0.0,4.129999999999999,0.0,0,Nilgiris,Tamil Nadu
2023-02-16,0.0,0.0,0.0,4.129999999999999,0.0,0,Nilgiris,Tamil Nadu
2023-02-17,0.0,0.0,0.0,4.039999999999999,0.0,0,Nilgiris,Tamil Nadu
2023-02-18,0.0,0.0,0.0,3.26,0.0,0,Nilgiris,Tamil Nadu
2023-02-19,0.0,0.0,0.0,0.0,0.0,0,Nilgiris,Tamil Nadu
2023-02-20,0.0,0.0,0.0,0.0,0.0,0,Nilgiris,Tamil Nadu
2023-02-21,0.0,0.0,0.0,0.0,0.0,0,Nilgiris,Tamil Nadu
2023-02-22,0.0,0.0,0.0,0.0,0.0,0,Nilgiris,Tamil Nadu
2023-02-23,0.0,0.0,0.0,0.0,0.0,0,Nilgiris,Tamil Nadu
2023-02-24,0.0,0.0,0.0,0.0,0.0,0,Nilgiris,Tamil Nadu
2023-02-25,0.0,0.0,0.0,0.0,0.0,0,Nilgiris,Tamil Nadu
2023-02-26,0.0,0.0,0.0,0.0,0.0,0,Nilgiris,Tamil Nadu
2023-02-27,0.0,0.0,0.0,0.0,0.0,0,Nilgiris,Tamil Nadu
2023-02-28,0.0,0.0,0.0,0.0,0.0,0,Nilgiris,Tamil Nadu
2023-03-01,0.02,0.01999999999998579,0.020000000000003553,0.02,0.02,0,Nilgiris,Tamil Nadu
2023-03-02,0.01,0.029999999999985788,0.03000000000000355,0.03,0.02,0,Nilgiris,Tamil Nadu
2023-03-03,0.0,0.029999999999985788,0.03000000000000355,0.03,0.02,0,Nilgiris,Tamil Nadu
2023-03-04,0.0,0.00999999999998579,0.03000000000000355,0.03,0.01,0,Nilgiris,Tamil Nadu
2023-03-05,0.23,0.2299999999999858,0.26000000000000356,0.26,0.23,0,Nilgiris,Tamil Nadu
2023-03-06,0.02,0.2499999999999858,0.2800000000000036,0.28,0.23,0,Nilgiris,Tamil Nadu
2023-03-07,0.0,0.2499999999999858,0.2800000000000036,0.28,0.23,0,Nilgiris,Tamil Nadu
2023-03-08,0.0,0.01999999999998579,0.26000000000000356,0.28,0.02,0,Nilgiris,Tamil Nadu
2023-03-09,0.0,0.0,0.25000000000000355,0.28,0.0,0,Nilgiris,Tamil Nadu
2023-03-10,0.0,0.0,0.25000000000000355,0.28,0.0,0,Nilgiris,Tamil Nadu
2023-03-11,0.0,0.0,0.25000000000000355,0.28,0.0,0,Nilgiris,Tamil Nadu
2023-03-12,0.0,0.0,0.020000000000003553,0.28,0.0,0,Nilgiris,Tamil Nadu
2023-03-13,0.0,0.0,0.0,0.28,0.0,0,Nilgiris,Tamil Nadu
2023-03-14,0.0,0.0,0.0,0.28,0.0,0,Nilgiris,Tamil Nadu
2023-03-15,0.01,0.00999999999998579,0.010000000000003553,0.29000000000000004,0.01,0,Nilgiris,Tamil Nadu
2023-03-16,0.2,0.2099999999999858,0.21000000000000357,0.47,0.2,0,Nilgiris,Tamil Nadu
2023-03-17,3.99,4.199999999999986,4.200000000000004,4.45,3.99,0,Nilgiris,Tamil Nadu
2023-03-18,1.98,6.169999999999986,6.180000000000003,6.43,3.99,0,Nilgiris,Tamil Nadu
2023-03-19,0.78,6.749999999999986,6.9600000000000035,7.21,3.99,0,Nilgiris,Tamil Nadu
2023-03-20,0.58,3.3399999999999856,7.540000000000004,7.5600000000000005,1.98,0,Nilgiris,Tamil Nadu
2023-03-21,0.0,1.3599999999999857,7.540000000000004,7.54,0.78,0,Nilgiris,Tamil Nadu
2023-03-22,0.0,0.5799999999999857,7.530000000000004,7.54,0.58,0,Nilgiris,Tamil Nadu
2023-03-23,0.49,0.4899999999999858,7.820000000000004,8.03,0.49,0,Nilgiris,Tamil Nadu
2023-03-24,2.29,2.779999999999986,6.120000000000004,10.32,2.29,0,Nilgiris,Tamil Nadu
2023-03-25,5.75,8.529999999999987,9.890000000000004,16.07,5.75,0,Nilgiris,Tamil Nadu
2023-03-26,1.32,9.359999999999985,10.430000000000003,17.39,5.75,0,Nilgiris,Tamil Nadu
2023-03-27,0.29,7.359999999999986,10.140000000000002,17.68,5.75,0,Nilgiris,Tamil Nadu
2023-03-28,0.87,2.4799999999999858,11.010000000000003,18.55,1.32,0,Nilgiris,Tamil Nadu
2023-03-29,7.87,9.029999999999985,18.880000000000003,26.42,7.87,0,Nilgiris,Tamil Nadu
2023-03-30,2.57,11.309999999999986,20.960000000000004,28.979999999999997,7.87,0,Nilgiris,Tamil Nadu
2023-03-31,0.36,10.799999999999986,19.03,29.14,7.87,0,Nilgiris,Tamil Nadu
2023-04-01,1.78,4.709999999999986,15.060000000000002,26.93,2.57,0,Nilgiris,Tamil Nadu
2023-04-02,1.28,3.4199999999999857,15.020000000000003,26.23,1.78,0,Nilgiris,Tamil Nadu
2023-04-03,3.44,6.499999999999986,18.17,28.89,3.44,0,Nilgiris,Tamil Nadu
2023-04-04,3.33,8.049999999999986,20.630000000000003,31.64,3.44,0,Nilgiris,Tamil Nadu
2023-04-05,0.16,6.9299999999999855,12.920000000000003,31.8,3.44,0,Nilgiris,Tamil Nadu
2023-04-06,0.02,3.5099999999999865,10.370000000000003,31.82,3.33,0,Nilgiris,Tamil Nadu
2023-04-07,0.0,0.17999999999998623,10.010000000000003,31.33,0.16,0,Nilgiris,Tamil Nadu
2023-04-08,0.0,0.019999999999986234,8.230000000000004,29.04,0.02,0,Nilgiris,Tamil Nadu
2023-04-09,0.0,0.0,6.950000000000003,23.29,0.0,0,Nilgiris,Tamil Nadu
2023-04-10,0.05,0.049999999999986236,3.5600000000000036,22.02,0.05,0,Nilgiris,Tamil Nadu
2023-04-11,0.07,0.11999999999998624,0.3000000000000036,21.8,0.07,0,Nilgiris,Tamil Nadu
2023-04-12,0.0,0.11999999999998624,0.14000000000000357,20.93,0.07,0,Nilgiris,Tamil Nadu
2023-04-13,0.0,0.06999999999998624,0.12000000000000356,13.06,0.07,0,Nilgiris,Tamil Nadu
2023-04-14,0.0,0.0,0.12000000000000356,10.49,0.0,0,Nilgiris,Tamil Nadu
2023-04-15,0.0,0.0,0.12000000000000356,10.13,0.0,0,Nilgiris,Tamil Nadu
2023-04-16,0.0,0.0,0.12000000000000356,8.350000000000001,0.0,0,Nilgiris,Tamil Nadu
2023-04-17,0.0,0.0,0.07000000000000356,7.069999999999999,0.0,0,Nilgiris,Tamil Nadu
2023-04-18,0.0,0.0,0.0,3.63,0.0,0,Nilgiris,Tamil Nadu
2023-04-19,0.0,0.0,0.0,0.30000000000000004,0.0,0,Nilgiris,Tamil Nadu
2023-04-20,0.0,0.0,0.0,0.14,0.0,0,Nilgiris,Tamil Nadu
2023-04-21,0.45,0.44999999999998624,0.45000000000000356,0.5700000000000001,0.45,0,Nilgiris,Tamil Nadu
2023-04-22,3.11,3.5599999999999863,3.5600000000000036,3.6799999999999997,3.11,0,Nilgiris,Tamil Nadu
2023-04-23,2.13,5.689999999999986,5.690000000000003,5.8100000000000005,3.11,0,Nilgiris,Tamil Nadu
2023-04-24,4.62,9.859999999999985,10.310000000000004,10.43,4.62,0,Nilgiris,Tamil Nadu
2023-04-25,4.47,11.219999999999986,14.780000000000005,14.849999999999998,4.62,0,Nilgiris,Tamil Nadu
2023-04-26,2.62,11.709999999999987,17.400000000000006,17.4,4.62,0,Nilgiris,Tamil Nadu
2023-04-27,1.3,8.389999999999986,18.700000000000003,18.7,4.47,0,Nilgiris,Tamil Nadu
2023-04-28,2.04,5.959999999999987,20.290000000000006,20.740000000000002,2.62,0,Nilgiris,Tamil Nadu
2023-04-29,12.29,15.629999999999985,29.470000000000006,33.03,12.29,0,Nilgiris,Tamil Nadu
2023-04-30,4.11,18.439999999999984,31.450000000000003,37.14,12.29,0,Nilgiris,Tamil Nadu
2023-05-01,25.12,41.51999999999998,51.95,62.260000000000005,25.12,0,Nilgiris,Tamil Nadu
2023-05-02,10.9,40.12999999999999,58.38000000000001,73.16,25.12,0,Nilgiris,Tamil Nadu
2023-05-03,3.3,39.319999999999986,59.06,76.46000000000001,25.12,0,Nilgiris,Tamil Nadu
2023-05-04,2.95,17.149999999999984,60.71000000000001,79.41,10.9,0,Nilgiris,Tamil Nadu
2023-05-05,5.41,11.659999999999986,64.08000000000001,84.82000000000001,5.41,0,Nilgiris,Tamil Nadu
2023-05-06,7.27,15.629999999999985,59.06000000000001,91.64,7.27,0,Nilgiris,Tamil Nadu
2023-05-07,3.58,16.259999999999984,58.53000000000001,92.11,7.27,0,Nilgiris,Tamil Nadu
2023-05-08,4.43,15.279999999999985,37.84,94.41,7.27,0,Nilgiris,Tamil Nadu
2023-05-09,2.25,10.259999999999986,29.190000000000005,92.03999999999999,4.43,0,Nilgiris,Tamil Nadu
2023-05-10,1.22,7.899999999999985,27.110000000000003,88.79,4.43,0,Nilgiris,Tamil Nadu
2023-05-11,3.16,6.629999999999986,27.320000000000004,89.33,3.16,0,Nilgiris,Tamil Nadu
2023-05-12,1.14,5.519999999999985,23.050000000000004,89.17,3.16,0,Nilgiris,Tamil Nadu
2023-05-13,0.0,4.299999999999986,15.780000000000003,87.13000000000001,3.16,0,Nilgiris,Tamil Nadu
2023-05-14,0.0,1.1399999999999857,12.200000000000003,74.84,1.14,0,Nilgiris,Tamil Nadu
2023-05-15,0.0,0.0,7.770000000000003,70.73,0.0,0,Nilgiris,Tamil Nadu
2023-05-16,0.39,0.3899999999999858,5.910000000000004,45.99999999999999,0.39,0,Nilgiris,Tamil Nadu
2023-05-17,2.16,2.549999999999986,6.850000000000003,37.26,2.16,0,Nilgiris,Tamil Nadu
2023-05-18,0.47,3.0199999999999863,4.160000000000004,34.43,2.16,0,Nilgiris,Tamil Nadu
2023-05-19,2.15,4.779999999999985,5.1700000000000035,33.629999999999995,2.16,0,Nilgiris,Tamil Nadu
2023-05-20,1.77,4.3899999999999855,6.940000000000003,29.990000000000002,2.15,0,Nilgiris,Tamil Nadu
2023-05-21,7.47,11.389999999999986,14.410000000000004,30.189999999999998,7.47,0,Nilgiris,Tamil Nadu
2023-05-22,2.96,12.199999999999985,17.370000000000005,29.57,7.47,0,Nilgiris,Tamil Nadu
2023-05-23,0.74,11.169999999999986,17.720000000000002,25.88,7.47,0,Nilgiris,Tamil Nadu
2023-05-24,6.02,9.719999999999985,21.580000000000002,29.65,6.02,0,Nilgiris,Tamil Nadu
2023-05-25,2.19,8.949999999999985,23.300000000000004,30.62,6.02,0,Nilgiris,Tamil Nadu
2023-05-26,4.15,12.359999999999985,25.300000000000004,31.61,6.02,0,Nilgiris,Tamil Nadu
2023-05-27,2.84,9.179999999999986,26.370000000000005,33.31,4.15,0,Nilgiris,Tamil Nadu
2023-05-28,1.09,8.079999999999986,19.990000000000006,34.4,4.15,0,Nilgiris,Tamil Nadu
2023-05-29,2.34,6.269999999999985,19.370000000000005,36.74,2.84,0,Nilgiris,Tamil Nadu
2023-05-30,1.16,4.589999999999986,19.790000000000003,37.9,2.34,0,Nilgiris,Tamil Nadu
2023-05-31,1.63,5.129999999999986,15.400000000000004,39.14,2.34,0,Nilgiris,Tamil Nadu
2023-06-01,1.02,3.8099999999999854,14.230000000000004,38.0,1.63,1,Nilgiris,Tamil Nadu
2023-06-02,3.26,5.909999999999985,13.340000000000003,40.79,3.26,1,Nilgiris,Tamil Nadu
2023-06-03,1.11,5.3899999999999855,11.610000000000003,39.75,3.26,1,Nilgiris,Tamil Nadu
2023-06-04,1.57,5.939999999999985,12.090000000000003,39.550000000000004,3.26,1,Nilgiris,Tamil Nadu
2023-06-05,0.66,3.339999999999986,10.410000000000004,32.739999999999995,1.57,1,Nilgiris,Tamil Nadu
2023-06-06,1.28,3.509999999999986,10.530000000000003,31.06,1.57,1,Nilgiris,Tamil Nadu
2023-06-07,1.15,3.0899999999999856,10.050000000000004,31.47,1.28,1,Nilgiris,Tamil Nadu
2023-06-08,3.31,5.739999999999986,12.340000000000003,28.76,3.31,1,Nilgiris,Tamil Nadu
2023-06-09,1.24,5.699999999999986,10.320000000000004,27.81,3.31,1,Nilgiris,Tamil Nadu
2023-06-10,0.8,5.349999999999985,10.010000000000003,24.459999999999997,3.31,1,Nilgiris,Tamil Nadu
2023-06-11,0.69,2.7299999999999858,9.130000000000003,22.31,1.24,1,Nilgiris,Tamil Nadu
2023-06-12,4.99,6.479999999999986,13.460000000000003,26.209999999999997,4.99,1,Nilgiris,Tamil Nadu
2023-06-13,2.46,8.139999999999986,14.640000000000004,26.33,4.99,1,Nilgiris,Tamil Nadu
2023-06-14,1.24,8.689999999999985,14.730000000000002,26.41,4.99,1,Nilgiris,Tamil Nadu
2023-06-15,0.22,3.9199999999999857,11.640000000000002,25.0,2.46,1,Nilgiris,Tamil Nadu
2023-06-16,0.15,1.6099999999999857,10.550000000000004,24.13,1.24,1,Nilgiris,Tamil Nadu
2023-06-17,3.03,3.3999999999999853,12.780000000000003,23.9,3.03,1,Nilgiris,Tamil Nadu
2023-06-18,1.11,4.289999999999986,13.200000000000003,23.900000000000002,3.03,1,Nilgiris,Tamil Nadu
2023-06-19,0.12,4.2599999999999865,8.330000000000004,22.45,3.03,1,Nilgiris,Tamil Nadu
2023-06-20,4.46,5.689999999999986,10.330000000000004,26.25,4.46,1,Nilgiris,Tamil Nadu
2023-06-21,13.7,18.279999999999987,22.790000000000003,38.67,13.7,1,Nilgiris,Tamil Nadu
2023-06-22,9.89,28.049999999999983,32.46000000000001,47.41,13.7,1,Nilgiris,Tamil Nadu
2023-06-23,5.77,29.359999999999985,38.080000000000005,49.87,13.7,1,Nilgiris,Tamil Nadu
2023-06-24,0.41,16.069999999999986,35.46,49.03999999999999,9.89,1,Nilgiris,Tamil Nadu
2023-06-25,2.42,8.599999999999985,36.77,50.66,5.77,1,Nilgiris,Tamil Nadu
2023-06-26,0.09,2.9199999999999857,36.74,50.06,2.42,1,Nilgiris,Tamil Nadu
2023-06-27,1.84,4.349999999999985,34.12,46.91,2.42,1,Nilgiris,Tamil Nadu
2023-06-28,0.39,2.319999999999986,20.810000000000002,44.839999999999996,1.84,1,Nilgiris,Tamil Nadu
2023-06-29,0.96,3.189999999999986,11.880000000000003,44.559999999999995,1.84,1,Nilgiris,Tamil Nadu
2023-06-30,0.58,1.9299999999999857,6.690000000000004,44.919999999999995,0.96,1,Nilgiris,Tamil Nadu
2023-07-01,1.54,3.079999999999986,7.820000000000004,46.309999999999995,1.54,1,Nilgiris,Tamil Nadu
2023-07-02,0.97,3.0899999999999856,6.370000000000004,44.25,1.54,1,Nilgiris,Tamil Nadu
2023-07-03,4.3,6.809999999999985,10.580000000000004,47.44,4.3,1,Nilgiris,Tamil Nadu
2023-07-04,7.05,12.319999999999986,15.790000000000003,54.37,7.05,1,Nilgiris,Tamil Nadu
2023-07-05,9.01,20.359999999999985,24.410000000000004,58.92,9.01,1,Nilgiris,Tamil Nadu
2023-07-06,7.35,23.409999999999986,30.800000000000004,52.56999999999999,9.01,1,Nilgiris,Tamil Nadu
2023-07-07,6.16,22.519999999999985,36.38,48.839999999999996,9.01,1,Nilgiris,Tamil Nadu
2023-07-08,3.34,16.849999999999984,38.18000000000001,46.41,7.35,1,Nilgiris,Tamil Nadu
2023-07-09,2.67,12.169999999999984,39.88000000000001,48.67,6.16,1,Nilgiris,Tamil Nadu
2023-07-10,2.19,8.199999999999983,37.77,48.44,3.34,1,Nilgiris,Tamil Nadu
2023-07-11,2.44,7.299999999999984,33.160000000000004,50.79,2.67,1,Nilgiris,Tamil Nadu
2023-07-12,1.56,6.1899999999999835,25.710000000000004,50.51,2.44,1,Nilgiris,Tamil Nadu
2023-07-13,2.74,6.739999999999984,21.100000000000005,52.86,2.74,1,Nilgiris,Tamil Nadu
2023-07-14,0.21,4.509999999999985,15.150000000000004,52.11,2.74,1,Nilgiris,Tamil Nadu
2023-07-15,0.13,3.079999999999984,11.940000000000003,51.660000000000004,2.74,1,Nilgiris,Tamil Nadu
2023-07-16,0.23,0.5699999999999841,9.500000000000004,50.35,0.23,1,Nilgiris,Tamil Nadu
2023-07-17,0.46,0.8199999999999841,7.770000000000004,49.839999999999996,0.46,1,Nilgiris,Tamil Nadu
2023-07-18,1.97,2.659999999999984,7.300000000000004,47.51,1.97,1,Nilgiris,Tamil Nadu
2023-07-19,2.41,4.839999999999984,8.150000000000004,42.870000000000005,2.41,1,Nilgiris,Tamil Nadu
2023-07-20,0.87,5.249999999999984,6.280000000000003,34.73,2.41,1,Nilgiris,Tamil Nadu
2023-07-21,1.8,5.079999999999984,7.870000000000003,29.180000000000003,2.41,1,Nilgiris,Tamil Nadu
2023-07-22,3.88,6.549999999999984,11.620000000000003,26.900000000000002,3.88,1,Nilgiris,Tamil Nadu
2023-07-23,10.7,16.37999999999998,22.090000000000003,34.260000000000005,10.7,1,Nilgiris,Tamil Nadu
2023-07-24,9.59,24.16999999999998,31.22,41.18,10.7,1,Nilgiris,Tamil Nadu
2023-07-25,6.57,26.859999999999985,35.82,45.56,10.7,1,Nilgiris,Tamil Nadu
2023-07-26,4.21,20.369999999999983,37.620000000000005,47.33,9.59,1,Nilgiris,Tamil Nadu
2023-07-27,0.91,11.689999999999984,37.660000000000004,46.68,6.57,1,Nilgiris,Tamil Nadu
2023-07-28,0.5,5.619999999999984,36.36000000000001,44.44,4.21,1,Nilgiris,Tamil Nadu
2023-07-29,0.07,1.479999999999984,32.550000000000004,44.3,0.91,1,Nilgiris,Tamil Nadu
2023-07-30,0.03,0.599999999999984,21.880000000000006,44.199999999999996,0.5,1,Nilgiris,Tamil Nadu
2023-07-31,0.14,0.23999999999998403,12.430000000000003,44.11,0.14,1,Nilgiris,Tamil Nadu
2023-08-01,0.08,0.249999999999984,5.940000000000004,43.73,0.14,1,Nilgiris,Tamil Nadu
2023-08-02,0.27,0.489999999999984,2.0000000000000036,42.03,0.27,1,Nilgiris,Tamil Nadu
2023-08-03,0.35,0.699999999999984,1.4400000000000035,39.97,0.35,1,Nilgiris,Tamil Nadu
2023-08-04,0.24,0.859999999999984,1.1800000000000035,39.339999999999996,0.35,1,Nilgiris,Tamil Nadu
2023-08-05,0.18,0.7699999999999838,1.2900000000000036,37.72,0.35,1,Nilgiris,Tamil Nadu
2023-08-06,0.57,0.989999999999984,1.8300000000000034,34.41,0.57,1,Nilgiris,Tamil Nadu
2023-08-07,0.14,0.889999999999984,1.8300000000000036,23.85,0.57,1,Nilgiris,Tamil Nadu
2023-08-08,0.8,1.509999999999984,2.5500000000000034,15.06,0.8,1,Nilgiris,Tamil Nadu
2023-08-09,3.75,4.689999999999984,6.030000000000003,12.24,3.75,1,Nilgiris,Tamil Nadu
2023-08-10,9.35,13.899999999999984,15.030000000000003,17.380000000000003,9.35,1,Nilgiris,Tamil Nadu
2023-08-11,4.63,17.729999999999983,19.42,21.1,9.35,1,Nilgiris,Tamil Nadu
2023-08-12,1.86,15.839999999999984,21.1,22.46,9.35,1,Nilgiris,Tamil Nadu
2023-08-13,0.23,6.719999999999984,20.76,22.62,4.63,1,Nilgiris,Tamil Nadu
2023-08-14,0.01,2.099999999999984,20.630000000000003,22.599999999999998,1.86,1,Nilgiris,Tamil Nadu
2023-08-15,0.0,0.23999999999998403,19.830000000000002,22.459999999999997,0.23,1,Nilgiris,Tamil Nadu
2023-08-16,0.01,0.019999999999984013,16.09,22.39,0.01,1,Nilgiris,Tamil Nadu
2023-08-17,0.04,0.049999999999984016,6.780000000000004,22.16,0.04,1,Nilgiris,Tamil Nadu
2023-08-18,0.08,0.12999999999998402,2.2300000000000035,21.89,0.08,1,Nilgiris,Tamil Nadu
2023-08-19,0.45,0.5699999999999841,0.8200000000000036,22.1,0.45,1,Nilgiris,Tamil Nadu
2023-08-20,0.4,0.929999999999984,0.9900000000000035,22.32,0.45,1,Nilgiris,Tamil Nadu
2023-08-21,0.12,0.969999999999984,1.1000000000000036,21.87,0.45,1,Nilgiris,Tamil Nadu
2023-08-22,3.13,3.649999999999984,4.230000000000004,24.86,3.13,1,Nilgiris,Tamil Nadu
2023-08-23,1.84,5.089999999999984,6.060000000000004,25.9,3.13,1,Nilgiris,Tamil Nadu
2023-08-24,0.44,5.409999999999984,6.4600000000000035,22.59,3.13,1,Nilgiris,Tamil Nadu
2023-08-25,0.0,2.2799999999999843,6.3800000000000034,13.24,1.84,1,Nilgiris,Tamil Nadu
2023-08-26,0.65,1.089999999999984,6.580000000000004,9.26,0.65,1,Nilgiris,Tamil Nadu
2023-08-27,2.12,2.7699999999999845,8.300000000000004,9.52,2.12,1,Nilgiris,Tamil Nadu
2023-08-28,0.2,2.9699999999999847,8.380000000000004,9.49,2.12,1,Nilgiris,Tamil Nadu
2023-08-29,4.45,6.7699999999999845,9.700000000000003,13.93,4.45,1,Nilgiris,Tamil Nadu
2023-08-30,6.38,11.029999999999983,14.240000000000004,20.31,6.38,1,Nilgiris,Tamil Nadu
2023-08-31,6.75,17.579999999999984,20.550000000000004,27.05,6.75,1,Nilgiris,Tamil Nadu
2023-09-01,22.53,35.65999999999998,43.080000000000005,49.54,22.53,1,Nilgiris,Tamil Nadu
2023-09-02,6.2,35.47999999999998,48.63000000000001,55.660000000000004,22.53,1,Nilgiris,Tamil Nadu
2023-09-03,2.03,30.759999999999984,48.54,57.239999999999995,22.53,1,Nilgiris,Tamil Nadu
2023-09-04,0.34,8.569999999999983,48.68000000000001,57.18,6.2,1,Nilgiris,Tamil Nadu
2023-09-05,5.9,8.269999999999982,50.13,62.96,5.9,1,Nilgiris,Tamil Nadu
2023-09-06,5.66,11.899999999999984,49.410000000000004,65.49,5.9,1,Nilgiris,Tamil Nadu
2023-09-07,5.7,17.259999999999984,48.36000000000001,69.35000000000001,5.9,1,Nilgiris,Tamil Nadu
2023-09-08,1.26,12.619999999999981,27.090000000000003,70.17,5.7,1,Nilgiris,Tamil Nadu
2023-09-09,2.67,9.629999999999981,23.560000000000006,72.84,5.7,1,Nilgiris,Tamil Nadu
2023-09-10,3.0,6.929999999999982,24.530000000000005,75.19,3.0,1,Nilgiris,Tamil Nadu
2023-09-11,2.92,8.589999999999982,27.110000000000003,75.99,3.0,1,Nilgiris,Tamil Nadu
2023-09-12,1.38,7.299999999999982,22.590000000000003,77.17,3.0,1,Nilgiris,Tamil Nadu
2023-09-13,0.55,4.849999999999982,17.480000000000004,73.27000000000001,2.92,1,Nilgiris,Tamil Nadu
2023-09-14,2.06,3.9899999999999824,13.840000000000003,68.94999999999999,2.06,1,Nilgiris,Tamil Nadu
2023-09-15,2.55,5.159999999999982,15.130000000000003,64.75,2.55,1,Nilgiris,Tamil Nadu
2023-09-16,2.33,6.939999999999983,14.790000000000004,44.55,2.55,1,Nilgiris,Tamil Nadu
2023-09-17,12.18,17.05999999999998,23.970000000000002,50.53,12.18,1,Nilgiris,Tamil Nadu
2023-09-18,8.42,22.92999999999998,29.470000000000006,56.92,12.18,1,Nilgiris,Tamil Nadu
2023-09-19,8.4,28.999999999999982,36.49,64.98,12.18,1,Nilgiris,Tamil Nadu
2023-09-20,1.49,18.30999999999998,37.43000000000001,60.57,8.42,1,Nilgiris,Tamil Nadu
2023-09-21,4.1,13.989999999999982,39.47,59.01,8.4,1,Nilgiris,Tamil Nadu
2023-09-22,4.83,10.419999999999982,41.75000000000001,58.14,4.83,1,Nilgiris,Tamil Nadu
2023-09-23,4.04,12.969999999999981,43.46,60.919999999999995,4.83,1,Nilgiris,Tamil Nadu
2023-09-24,0.85,9.719999999999983,32.13,59.1,4.83,1,Nilgiris,Tamil Nadu
2023-09-25,0.74,5.629999999999982,24.450000000000003,56.84,4.04,1,Nilgiris,Tamil Nadu
2023-09-26,2.03,3.619999999999982,18.080000000000002,55.95,2.03,1,Nilgiris,Tamil Nadu
2023-09-27,0.87,3.639999999999982,17.460000000000004,55.44,2.03,1,Nilgiris,Tamil Nadu
2023-09-28,3.22,6.119999999999982,16.580000000000005,58.11,3.22,1,Nilgiris,Tamil Nadu
2023-09-29,2.14,6.229999999999983,13.890000000000004,58.19,3.22,1,Nilgiris,Tamil Nadu
2023-09-30,3.73,9.089999999999982,13.580000000000005,59.370000000000005,3.73,1,Nilgiris,Tamil Nadu
2023-10-01,4.24,10.109999999999982,16.970000000000002,61.28,4.24,0,Nilgiris,Tamil Nadu
2023-10-02,1.83,9.799999999999983,18.060000000000006,50.93,4.24,0,Nilgiris,Tamil Nadu
2023-10-03,0.07,6.139999999999983,16.100000000000005,42.580000000000005,4.24,0,Nilgiris,Tamil Nadu
2023-10-04,0.0,1.8999999999999824,15.230000000000004,34.18000000000001,1.83,0,Nilgiris,Tamil Nadu
2023-10-05,0.01,0.07999999999998224,12.020000000000003,32.7,0.07,0,Nilgiris,Tamil Nadu
2023-10-06,0.09,0.09999999999998223,9.970000000000004,28.69,0.09,0,Nilgiris,Tamil Nadu
2023-10-07,2.2,2.2999999999999825,8.440000000000005,26.06,2.2,0,Nilgiris,Tamil Nadu
2023-10-08,6.15,8.439999999999984,10.350000000000005,28.17,6.15,0,Nilgiris,Tamil Nadu
2023-10-09,11.18,19.529999999999983,19.700000000000003,38.5,11.18,0,Nilgiris,Tamil Nadu
2023-10-10,12.42,29.749999999999986,32.050000000000004,50.18,12.42,0,Nilgiris,Tamil Nadu
2023-10-11,10.08,33.67999999999998,42.13,58.23,12.42,0,Nilgiris,Tamil Nadu
2023-10-12,2.34,24.839999999999982,44.46000000000001,59.7,12.42,0,Nilgiris,Tamil Nadu
2023-10-13,0.24,12.659999999999982,44.61,56.72,10.08,0,Nilgiris,Tamil Nadu
2023-10-14,8.96,11.539999999999983,51.370000000000005,63.540000000000006,8.96,0,Nilgiris,Tamil Nadu
2023-10-15,13.91,23.109999999999985,59.13,73.72,13.91,0,Nilgiris,Tamil Nadu
2023-10-16,11.26,34.12999999999998,59.21,80.74000000000001,13.91,0,Nilgiris,Tamil Nadu
2023-10-17,8.51,33.679999999999986,55.30000000000001,87.42,13.91,0,Nilgiris,Tamil Nadu
2023-10-18,1.81,21.57999999999998,47.03000000000001,89.16,11.26,0,Nilgiris,Tamil Nadu
2023-10-19,1.07,11.389999999999983,45.760000000000005,90.23,8.51,0,Nilgiris,Tamil Nadu
2023-10-20,0.74,3.6199999999999823,46.260000000000005,90.96000000000001,1.81,0,Nilgiris,Tamil Nadu
2023-10-21,0.14,1.9499999999999824,37.440000000000005,91.01,1.07,0,Nilgiris,Tamil Nadu
2023-10-22,0.09,0.9699999999999822,23.620000000000008,88.9,0.74,0,Nilgiris,Tamil Nadu
2023-10-23,0.0,0.22999999999998225,12.360000000000005,82.75,0.14,0,Nilgiris,Tamil Nadu
2023-10-24,0.11,0.19999999999998225,3.9600000000000053,71.68,0.11,0,Nilgiris,Tamil Nadu
2023-10-25,10.35,10.459999999999981,12.500000000000005,69.61,10.35,0,Nilgiris,Tamil Nadu
2023-10-26,1.47,11.929999999999982,12.900000000000006,61.0,10.35,0,Nilgiris,Tamil Nadu
2023-10-27,0.05,11.869999999999981,12.210000000000004,58.71,10.35,0,Nilgiris,Tamil Nadu
2023-10-28,0.16,1.6799999999999822,12.230000000000006,58.63,1.47,0,Nilgiris,Tamil Nadu
2023-10-29,4.31,4.519999999999982,16.450000000000003,53.980000000000004,4.31,0,Nilgiris,Tamil Nadu
2023-10-30,5.97,10.439999999999982,22.42,46.04,5.97,0,Nilgiris,Tamil Nadu
2023-10-31,4.92,15.199999999999982,27.230000000000004,39.7,5.97,0,Nilgiris,Tamil Nadu
2023-11-01,11.67,22.55999999999998,28.550000000000004,42.86,11.67,0,Nilgiris,Tamil Nadu
2023-11-02,5.54,22.129999999999985,32.620000000000005,46.589999999999996,11.67,0,Nilgiris,Tamil Nadu
2023-11-03,5.96,23.16999999999998,38.53000000000001,51.48,11.67,0,Nilgiris,Tamil Nadu
2023-11-04,21.26,32.759999999999984,59.63,72.0,21.26,0,Nilgiris,Tamil Nadu
2023-11-05,7.26,34.47999999999998,62.580000000000005,79.12,21.26,0,Nilgiris,Tamil Nadu
2023-11-06,9.79,38.30999999999998,66.4,88.82,21.26,0,Nilgiris,Tamil Nadu
2023-11-07,17.05,34.09999999999998,78.53,105.87,17.05,0,Nilgiris,Tamil Nadu
2023-11-08,17.32,44.15999999999998,84.18,123.08,17.32,0,Nilgiris,Tamil Nadu
2023-11-09,13.62,47.98999999999999,92.26,126.35000000000001,17.32,0,Nilgiris,Tamil Nadu
2023-11-10,1.0,31.939999999999984,87.30000000000001,125.88000000000001,17.32,0,Nilgiris,Tamil Nadu
2023-11-11,0.05,14.669999999999982,66.09,125.88,13.62,0,Nilgiris,Tamil Nadu
2023-11-12,0.01,1.0599999999999823,58.84,125.72999999999999,1.0,0,Nilgiris,Tamil Nadu
2023-11-13,0.24,0.2999999999999822,49.290000000000006,121.66,0.24,0,Nilgiris,Tamil Nadu
2023-11-14,1.53,1.7799999999999823,33.77000000000001,117.22,1.53,0,Nilgiris,Tamil Nadu
2023-11-15,0.08,1.8499999999999823,16.530000000000005,112.38,1.53,0,Nilgiris,Tamil Nadu
2023-11-16,0.04,1.6499999999999824,2.9500000000000073,100.75,1.53,0,Nilgiris,Tamil Nadu
2023-11-17,0.12,0.23999999999998223,2.0700000000000074,95.33,0.12,0,Nilgiris,Tamil Nadu
2023-11-18,0.28,0.43999999999998224,2.3000000000000074,89.65,0.28,0,Nilgiris,Tamil Nadu
2023-11-19,0.17,0.5699999999999823,2.460000000000007,68.56,0.28,0,Nilgiris,Tamil Nadu
2023-11-20,0.0,0.4499999999999823,2.2200000000000073,61.3,0.28,0,Nilgiris,Tamil Nadu
2023-11-21,4.13,4.299999999999982,4.820000000000007,55.64,4.13,0,Nilgiris,Tamil Nadu
2023-11-22,28.7,32.829999999999984,33.440000000000005,67.28999999999999,28.7,0,Nilgiris,Tamil Nadu
2023-11-23,7.13,39.95999999999998,40.53000000000001,57.1,28.7,0,Nilgiris,Tamil Nadu
2023-11-24,2.43,38.25999999999998,42.84000000000001,45.910000000000004,28.7,0,Nilgiris,Tamil Nadu
2023-11-25,3.41,12.969999999999983,45.97000000000001,48.32,7.13,0,Nilgiris,Tamil Nadu
2023-11-26,3.08,8.919999999999982,48.88000000000001,51.349999999999994,3.41,0,Nilgiris,Tamil Nadu
2023-11-27,1.68,8.169999999999982,50.56000000000001,53.019999999999996,3.41,0,Nilgiris,Tamil Nadu
2023-11-28,1.62,6.379999999999983,48.050000000000004,54.4,3.08,0,Nilgiris,Tamil Nadu
2023-11-29,2.18,5.479999999999983,21.530000000000012,55.050000000000004,2.18,0,Nilgiris,Tamil Nadu
2023-11-30,0.91,4.709999999999982,15.310000000000011,55.879999999999995,2.18,0,Nilgiris,Tamil Nadu
2023-12-01,0.2,3.2899999999999823,13.08000000000001,56.04,2.18,0,Nilgiris,Tamil Nadu
2023-12-02,0.42,1.5299999999999818,10.09000000000001,56.34,0.91,0,Nilgiris,Tamil Nadu
2023-12-03,1.95,2.5699999999999816,8.96000000000001,58.01,1.95,0,Nilgiris,Tamil Nadu
2023-12-04,0.25,2.6199999999999815,7.53000000000001,58.089999999999996,1.95,0,Nilgiris,Tamil Nadu
2023-12-05,0.0,2.1999999999999815,5.910000000000011,58.089999999999996,1.95,0,Nilgiris,Tamil Nadu
2023-12-06,0.0,0.24999999999998201,3.7300000000000106,53.959999999999994,0.25,0,Nilgiris,Tamil Nadu
2023-12-07,2.31,2.309999999999982,5.1300000000000106,27.57,2.31,0,Nilgiris,Tamil Nadu
2023-12-08,18.73,21.03999999999998,23.66000000000001,39.17,18.73,0,Nilgiris,Tamil Nadu
2023-12-09,15.46,36.499999999999986,38.70000000000002,52.2,18.73,0,Nilgiris,Tamil Nadu
2023-12-10,2.31,36.49999999999998,39.06000000000001,51.1,18.73,0,Nilgiris,Tamil Nadu
2023-12-11,1.54,19.309999999999985,40.35000000000001,49.56,15.46,0,Nilgiris,Tamil Nadu
2023-12-12,0.32,4.169999999999982,40.67000000000001,48.2,2.31,0,Nilgiris,Tamil Nadu
2023-12-13,0.01,1.8699999999999823,40.680000000000014,46.59,1.54,0,Nilgiris,Tamil Nadu
2023-12-14,0.01,0.33999999999998226,38.38000000000002,44.42,0.32,0,Nilgiris,Tamil Nadu
2023-12-15,0.08,0.09999999999998224,19.73000000000001,43.59,0.08,0,Nilgiris,Tamil Nadu
2023-12-16,2.37,2.459999999999982,6.640000000000011,45.760000000000005,2.37,0,Nilgiris,Tamil Nadu
2023-12-17,6.89,9.339999999999982,11.22000000000001,52.230000000000004,6.89,0,Nilgiris,Tamil Nadu
2023-12-18,2.34,11.599999999999982,12.02000000000001,52.62,6.89,0,Nilgiris,Tamil Nadu
2023-12-19,0.52,9.749999999999982,12.22000000000001,52.89,6.89,0,Nilgiris,Tamil Nadu
2023-12-20,0.33,3.189999999999982,12.54000000000001,53.22,2.34,0,Nilgiris,Tamil Nadu
2023-12-21,0.53,1.3799999999999824,13.060000000000011,53.75,0.53,0,Nilgiris,Tamil Nadu
2023-12-22,0.02,0.8799999999999824,13.00000000000001,51.459999999999994,0.53,0,Nilgiris,Tamil Nadu
2023-12-23,0.0,0.5499999999999823,10.63000000000001,32.73,0.53,0,Nilgiris,Tamil Nadu
2023-12-24,0.01,0.029999999999982235,3.7500000000000107,17.279999999999998,0.02,0,Nilgiris,Tamil Nadu
2023-12-25,0.34,0.34999999999998227,1.7500000000000109,15.309999999999999,0.34,0,Nilgiris,Tamil Nadu
2023-12-26,0.02,0.3699999999999823,1.2500000000000109,13.79,0.34,0,Nilgiris,Tamil Nadu
2023-12-27,0.0,0.3599999999999823,0.9200000000000107,13.469999999999999,0.34,0,Nilgiris,Tamil Nadu
2023-12-28,0.06,0.07999999999998224,0.4500000000000107,13.52,0.06,0,Nilgiris,Tamil Nadu
2023-12-29,0.45,0.5099999999999822,0.8800000000000108,13.959999999999999,0.45,0,Nilgiris,Tamil Nadu
2023-12-30,0.72,1.2299999999999822,1.6000000000000107,14.6,0.72,0,Nilgiris,Tamil Nadu
2023-12-31,0.0,1.1699999999999822,1.5900000000000107,12.229999999999999,0.72,0,Nilgiris,Tamil Nadu
2024-01-01,0.0,0.7199999999999822,1.2500000000000107,5.34,0.72,0,Nilgiris,Tamil Nadu
2024-01-02,0.41,0.4099999999999822,1.6400000000000106,3.41,0.41,0,Nilgiris,Tamil Nadu
2024-01-03,1.0,1.4099999999999822,2.6400000000000103,3.89,1.0,0,Nilgiris,Tamil Nadu
2024-01-04,8.51,9.919999999999982,11.09000000000001,12.07,8.51,0,Nilgiris,Tamil Nadu
2024-01-05,7.33,16.839999999999982,17.970000000000013,18.87,8.51,0,Nilgiris,Tamil Nadu
2024-01-06,1.5,17.339999999999982,18.750000000000014,20.35,8.51,0,Nilgiris,Tamil Nadu
2024-01-07,0.4,9.229999999999983,19.150000000000013,20.75,7.33,0,Nilgiris,Tamil Nadu
2024-01-08,6.55,8.449999999999982,25.700000000000014,27.29,6.55,0,Nilgiris,Tamil Nadu
2024-01-09,11.01,17.959999999999983,36.30000000000001,37.96,11.01,0,Nilgiris,Tamil Nadu
2024-01-10,0.39,17.949999999999985,35.69000000000001,38.33,11.01,0,Nilgiris,Tamil Nadu
2024-01-11,0.0,11.399999999999984,27.18000000000001,38.33,11.01,0,Nilgiris,Tamil Nadu
2024-01-12,0.0,0.38999999999998225,19.85000000000001,38.27,0.39,0,Nilgiris,Tamil Nadu
2024-01-13,0.0,0.0,18.35000000000001,37.82,0.0,0,Nilgiris,Tamil Nadu
2024-01-14,0.0,0.0,17.95000000000001,37.1,0.0,0,Nilgiris,Tamil Nadu
2024-01-15,0.0,0.0,11.40000000000001,37.1,0.0,0,Nilgiris,Tamil Nadu
2024-01-16,0.0,0.0,0.39000000000001067,37.1,0.0,0,Nilgiris,Tamil Nadu
2024-01-17,0.0,0.0,0.0,36.690000000000005,0.0,0,Nilgiris,Tamil Nadu
2024-01-18,0.0,0.0,0.0,35.690000000000005,0.0,0,Nilgiris,Tamil Nadu
2024-01-19,0.02,0.019999999999982237,0.02000000000001066,27.2,0.02,0,Nilgiris,Tamil Nadu
2024-01-20,0.11,0.12999999999998224,0.13000000000001066,19.98,0.11,0,Nilgiris,Tamil Nadu
2024-01-21,0.01,0.13999999999998225,0.14000000000001067,18.490000000000002,0.11,0,Nilgiris,Tamil Nadu
2024-01-22,0.0,0.11999999999998223,0.14000000000001067,18.090000000000003,0.11,0,Nilgiris,Tamil Nadu
2024-01-23,0.0,0.009999999999982237,0.14000000000001067,11.540000000000001,0.01,0,Nilgiris,Tamil Nadu
2024-01-24,0.03,0.029999999999982235,0.17000000000001067,0.56,0.03,0,Nilgiris,Tamil Nadu
2024-01-25,0.0,0.029999999999982235,0.17000000000001067,0.17,0.03,0,Nilgiris,Tamil Nadu
2024-01-26,0.0,0.029999999999982235,0.15000000000001068,0.17,0.03,0,Nilgiris,Tamil Nadu
2024-01-27,0.0,0.0,0.04000000000001066,0.17,0.0,0,Nilgiris,Tamil Nadu
2024-01-28,0.0,0.0,0.030000000000010657,0.17,0.0,0,Nilgiris,Tamil Nadu
2024-01-29,0.0,0.0,0.030000000000010657,0.17,0.0,0,Nilgiris,Tamil Nadu
2024-01-30,0.0,0.0,0.030000000000010657,0.17,0.0,0,Nilgiris,Tamil Nadu
2024-01-31,0.0,0.0,0.0,0.17,0.0,0,Nilgiris,Tamil Nadu
2024-02-01,0.0,0.0,0.0,0.17,0.0,0,Nilgiris,Tamil Nadu
2024-02-02,0.01,0.009999999999982237,0.010000000000010658,0.18,0.01,0,Nilgiris,Tamil Nadu
2024-02-03,0.1,0.10999999999998224,0.11000000000001066,0.26,0.1,0,Nilgiris,Tamil Nadu
2024-02-04,0.0,0.10999999999998224,0.11000000000001066,0.15000000000000002,0.1,0,Nilgiris,Tamil Nadu
2024-02-05,0.0,0.09999999999998224,0.11000000000001066,0.14,0.1,0,Nilgiris,Tamil Nadu
2024-02-06,0.0,0.0,0.11000000000001066,0.14,0.0,0,Nilgiris,Tamil Nadu
2024-02-07,0.0,0.0,0.11000000000001066,0.14,0.0,0,Nilgiris,Tamil Nadu
2024-02-08,0.0,0.0,0.11000000000001066,0.11,0.0,0,Nilgiris,Tamil Nadu
2024-02-09,0.0,0.0,0.10000000000001066,0.11000000000000001,0.0,0,Nilgiris,Tamil Nadu
2024-02-10,0.0,0.0,0.0,0.11000000000000001,0.0,0,Nilgiris,Tamil Nadu
2024-02-11,0.0,0.0,0.0,0.11000000000000001,0.0,0,Nilgiris,Tamil Nadu
2024-02-12,0.0,0.0,0.0,0.11000000000000001,0.0,0,Nilgiris,Tamil Nadu
2024-02-13,0.0,0.0,0.0,0.11000000000000001,0.0,0,Nilgiris,Tamil Nadu
2024-02-14,0.0,0.0,0.0,0.11000000000000001,0.0,0,Nilgiris,Tamil Nadu
2024-02-15,0.0,0.0,0.0,0.11000000000000001,0.0,0,Nilgiris,Tamil Nadu
2024-02-16,0.0,0.0,0.0,0.11000000000000001,0.0,0,Nilgiris,Tamil Nadu
2024-02-17,0.0,0.0,0.0,0.1,0.0,0,Nilgiris,Tamil Nadu
2024-02-18,0.0,0.0,0.0,0.0,0.0,0,Nilgiris,Tamil Nadu
2024-02-19,0.0,0.0,0.0,0.0,0.0,0,Nilgiris,Tamil Nadu
2024-02-20,0.0,0.0,0.0,0.0,0.0,0,Nilgiris,Tamil Nadu
2024-02-21,0.02,0.019999999999982237,0.02000000000001066,0.02,0.02,0,Nilgiris,Tamil Nadu
2024-02-22,0.0,0.019999999999982237,0.02000000000001066,0.02,0.02,0,Nilgiris,Tamil Nadu
2024-02-23,0.0,0.019999999999982237,0.02000000000001066,0.02,0.02,0,Nilgiris,Tamil Nadu
2024-02-24,0.0,0.0,0.02000000000001066,0.02,0.0,0,Nilgiris,Tamil Nadu
2024-02-25,0.0,0.0,0.02000000000001066,0.02,0.0,0,Nilgiris,Tamil Nadu
2024-02-26,0.0,0.0,0.02000000000001066,0.02,0.0,0,Nilgiris,Tamil Nadu
2024-02-27,0.0,0.0,0.02000000000001066,0.02,0.0,0,Nilgiris,Tamil Nadu
2024-02-28,0.0,0.0,0.0,0.02,0.0,0,Nilgiris,Tamil Nadu
2024-02-29,0.0,0.0,0.0,0.02,0.0,0,Nilgiris,Tamil Nadu
2024-03-01,0.0,0.0,0.0,0.02,0.0,0,Nilgiris,Tamil Nadu
2024-03-02,0.0,0.0,0.0,0.02,0.0,0,Nilgiris,Tamil Nadu
2024-03-03,0.0,0.0,0.0,0.02,0.0,0,Nilgiris,Tamil Nadu
2024-03-04,0.0,0.0,0.0,0.02,0.0,0,Nilgiris,Tamil Nadu
2024-03-05,0.0,0.0,0.0,0.02,0.0,0,Nilgiris,Tamil Nadu
2024-03-06,0.0,0.0,0.0,0.02,0.0,0,Nilgiris,Tamil Nadu
2024-03-07,0.0,0.0,0.0,0.0,0.0,0,Nilgiris,Tamil Nadu
2024-03-08,0.0,0.0,0.0,0.0,0.0,0,Nilgiris,Tamil Nadu
2024-03-09,0.0,0.0,0.0,0.0,0.0,0,Nilgiris,Tamil Nadu
2024-03-10,0.0,0.0,0.0,0.0,0.0,0,Nilgiris,Tamil Nadu
2024-03-11,0.0,0.0,0.0,0.0,0.0,0,Nilgiris,Tamil Nadu
2024-03-12,0.0,0.0,0.0,0.0,0.0,0,Nilgiris,Tamil Nadu
2024-03-13,0.02,0.019999999999982237,0.02000000000001066,0.02,0.02,0,Nilgiris,Tamil Nadu
2024-03-14,0.03,0.04999999999998224,0.05000000000001066,0.05,0.03,0,Nilgiris,Tamil Nadu
2024-03-15,0.01,0.059999999999982234,0.060000000000010656,0.06,0.03,0,Nilgiris,Tamil Nadu
2024-03-16,0.0,0.03999999999998223,0.060000000000010656,0.06,0.03,0,Nilgiris,Tamil Nadu
2024-03-17,0.0,0.009999999999982237,0.060000000000010656,0.06,0.01,0,Nilgiris,Tamil Nadu
2024-03-18,0.0,0.0,0.060000000000010656,0.06,0.0,0,Nilgiris,Tamil Nadu
2024-03-19,0.0,0.0,0.060000000000010656,0.06,0.0,0,Nilgiris,Tamil Nadu
2024-03-20,0.0,0.0,0.04000000000001065,0.06,0.0,0,Nilgiris,Tamil Nadu
2024-03-21,0.01,0.009999999999982237,0.02000000000001066,0.07,0.01,0,Nilgiris,Tamil Nadu
2024-03-22,0.05,0.05999999999998224,0.06000000000001066,0.12,0.05,0,Nilgiris,Tamil Nadu
2024-03-23,0.29,0.3499999999999822,0.35000000000001064,0.41,0.29,0,Nilgiris,Tamil Nadu
2024-03-24,0.0,0.3399999999999822,0.35000000000001064,0.41,0.29,0,Nilgiris,Tamil Nadu
2024-03-25,0.0,0.2899999999999822,0.35000000000001064,0.41,0.29,0,Nilgiris,Tamil Nadu
2024-03-26,0.01,0.009999999999982237,0.36000000000001064,0.42,0.01,0,Nilgiris,Tamil Nadu
2024-03-27,0.0,0.009999999999982237,0.36000000000001064,0.42,0.01,0,Nilgiris,Tamil Nadu
2024-03-28,0.0,0.009999999999982237,0.35000000000001064,0.39999999999999997,0.01,0,Nilgiris,Tamil Nadu
2024-03-29,0.0,0.0,0.30000000000001065,0.37,0.0,0,Nilgiris,Tamil Nadu
2024-03-30,0.0,0.0,0.010000000000010658,0.36,0.0,0,Nilgiris,Tamil Nadu
2024-03-31,0.0,0.0,0.010000000000010658,0.36,0.0,0,Nilgiris,Tamil Nadu
2024-04-01,0.0,0.0,0.010000000000010658,0.36,0.0,0,Nilgiris,Tamil Nadu
2024-04-02,0.02,0.019999999999982237,0.02000000000001066,0.38,0.02,0,Nilgiris,Tamil Nadu
2024-04-03,0.36,0.37999999999998224,0.38000000000001066,0.74,0.36,0,Nilgiris,Tamil Nadu
2024-04-04,0.02,0.39999999999998226,0.4000000000000107,0.76,0.36,0,Nilgiris,Tamil Nadu
2024-04-05,0.04,0.4199999999999822,0.44000000000001066,0.79,0.36,0,Nilgiris,Tamil Nadu
2024-04-06,0.0,0.059999999999982234,0.44000000000001066,0.74,0.04,0,Nilgiris,Tamil Nadu
2024-04-07,0.0,0.03999999999998223,0.44000000000001066,0.45,0.04,0,Nilgiris,Tamil Nadu
2024-04-08,0.0,0.0,0.44000000000001066,0.45,0.0,0,Nilgiris,Tamil Nadu
2024-04-09,0.0,0.0,0.42000000000001064,0.45,0.0,0,Nilgiris,Tamil Nadu
2024-04-10,0.01,0.009999999999982237,0.07000000000001065,0.45,0.01,0,Nilgiris,Tamil Nadu
2024-04-11,8.21,8.219999999999983,8.260000000000012,8.66,8.21,0,Nilgiris,Tamil Nadu
2024-04-12,6.13,14.349999999999984,14.350000000000012,14.79,8.21,0,Nilgiris,Tamil Nadu
2024-04-13,0.74,15.079999999999982,15.090000000000012,15.53,8.21,0,Nilgiris,Tamil Nadu
2024-04-14,0.1,6.969999999999982,15.190000000000014,15.63,6.13,0,Nilgiris,Tamil Nadu
2024-04-15,0.0,0.8399999999999822,15.190000000000014,15.63,0.74,0,Nilgiris,Tamil Nadu
2024-04-16,0.0,0.09999999999998224,15.190000000000014,15.63,0.1,0,Nilgiris,Tamil Nadu
2024-04-17,0.0,0.0,15.180000000000012,15.610000000000001,0.0,0,Nilgiris,Tamil Nadu
2024-04-18,0.0,0.0,6.97000000000001,15.25,0.0,0,Nilgiris,Tamil Nadu
2024-04-19,0.0,0.0,0.8400000000000106,15.23,0.0,0,Nilgiris,Tamil Nadu
2024-04-20,0.01,0.009999999999982237,0.11000000000001066,15.200000000000001,0.01,0,Nilgiris,Tamil Nadu
2024-04-21,0.12,0.12999999999998224,0.13000000000001066,15.32,0.12,0,Nilgiris,Tamil Nadu
2024-04-22,0.22,0.3499999999999822,0.35000000000001064,15.540000000000001,0.22,0,Nilgiris,Tamil Nadu
2024-04-23,0.0,0.3399999999999822,0.35000000000001064,15.540000000000001,0.22,0,Nilgiris,Tamil Nadu
2024-04-24,0.01,0.22999999999998222,0.36000000000001064,15.55,0.22,0,Nilgiris,Tamil Nadu
2024-04-25,0.01,0.019999999999982237,0.37000000000001065,15.55,0.01,0,Nilgiris,Tamil Nadu
2024-04-26,0.0,0.019999999999982237,0.37000000000001065,7.34,0.01,0,Nilgiris,Tamil Nadu
2024-04-27,0.0,0.009999999999982237,0.36000000000001064,1.21,0.01,0,Nilgiris,Tamil Nadu
2024-04-28,0.0,0.0,0.24000000000001062,0.47000000000000003,0.0,0,Nilgiris,Tamil Nadu
2024-04-29,0.0,0.0,0.02000000000001066,0.37,0.0,0,Nilgiris,Tamil Nadu
2024-04-30,0.0,0.0,0.02000000000001066,0.37,0.0,0,Nilgiris,Tamil Nadu
2024-05-01,0.0,0.0,0.010000000000010658,0.37,0.0,0,Nilgiris,Tamil Nadu
2024-05-02,0.04,0.03999999999998224,0.04000000000001066,0.41,0.04,0,Nilgiris,Tamil Nadu
2024-05-03,1.39,1.4299999999999822,1.4300000000000106,1.7999999999999998,1.39,0,Nilgiris,Tamil Nadu
2024-05-04,9.28,10.709999999999981,10.71000000000001,11.079999999999998,9.28,0,Nilgiris,Tamil Nadu
2024-05-05,3.31,13.979999999999983,14.02000000000001,14.38,9.28,0,Nilgiris,Tamil Nadu
2024-05-06,0.29,12.879999999999981,14.31000000000001,14.549999999999999,9.28,0,Nilgiris,Tamil Nadu
2024-05-07,7.63,11.229999999999983,21.94000000000001,21.96,7.63,0,Nilgiris,Tamil Nadu
2024-05-08,3.15,11.06999999999998,25.09000000000001,25.11,7.63,0,Nilgiris,Tamil Nadu
2024-05-09,3.24,14.019999999999982,28.29000000000001,28.34,7.63,0,Nilgiris,Tamil Nadu
2024-05-10,2.75,9.139999999999983,29.65000000000001,31.080000000000002,3.24,0,Nilgiris,Tamil Nadu
2024-05-11,9.24,15.229999999999983,29.610000000000014,40.32,9.24,0,Nilgiris,Tamil Nadu
2024-05-12,7.61,19.599999999999984,33.91000000000001,47.93,9.24,0,Nilgiris,Tamil Nadu
2024-05-13,8.66,25.509999999999984,42.280000000000015,56.59,9.24,0,Nilgiris,Tamil Nadu
2024-05-14,2.71,18.979999999999983,37.36000000000001,59.3,8.66,0,Nilgiris,Tamil Nadu
2024-05-15,4.26,15.629999999999981,38.47000000000001,63.56,8.66,0,Nilgiris,Tamil Nadu
2024-05-16,6.03,12.999999999999982,41.260000000000005,69.59,6.03,0,Nilgiris,Tamil Nadu
2024-05-17,8.65,18.939999999999984,47.16000000000001,78.19999999999999,8.65,0,Nilgiris,Tamil Nadu
2024-05-18,20.07,34.749999999999986,57.990000000000016,96.88,20.07,0,Nilgiris,Tamil Nadu
2024-05-19,15.73,44.44999999999999,66.11000000000001,103.33,20.07,0,Nilgiris,Tamil Nadu
2024-05-20,12.27,48.069999999999986,69.72000000000001,112.29,20.07,0,Nilgiris,Tamil Nadu
2024-05-21,30.72,58.719999999999985,97.73000000000002,142.72,30.72,0,Nilgiris,Tamil Nadu
2024-05-22,13.13,56.11999999999998,106.60000000000001,148.22,30.72,0,Nilgiris,Tamil Nadu
2024-05-23,15.62,59.469999999999985,116.19000000000001,160.69,30.72,0,Nilgiris,Tamil Nadu
2024-05-24,5.23,33.97999999999999,112.77000000000001,162.67999999999998,15.62,0,Nilgiris,Tamil Nadu
2024-05-25,2.03,22.879999999999985,94.73000000000002,161.95999999999998,15.62,0,Nilgiris,Tamil Nadu
2024-05-26,0.12,7.379999999999986,79.12,152.84,5.23,0,Nilgiris,Tamil Nadu
2024-05-27,0.08,2.2299999999999858,66.93,145.31,2.03,0,Nilgiris,Tamil Nadu
2024-05-28,0.84,1.0399999999999858,37.05000000000001,137.49,0.84,0,Nilgiris,Tamil Nadu
2024-05-29,1.1,2.019999999999986,25.02000000000001,135.88,1.1,0,Nilgiris,Tamil Nadu
2024-05-30,0.99,2.9299999999999855,10.390000000000015,132.60999999999999,1.1,0,Nilgiris,Tamil Nadu
2024-05-31,0.79,2.8799999999999857,5.950000000000014,127.37,1.1,0,Nilgiris,Tamil Nadu
2024-06-01,4.53,6.309999999999986,8.450000000000015,123.25,4.53,1,Nilgiris,Tamil Nadu
2024-06-02,12.95,18.269999999999985,21.280000000000015,116.13,12.95,1,Nilgiris,Tamil Nadu
2024-06-03,3.2,20.679999999999986,24.400000000000013,103.6,12.95,1,Nilgiris,Tamil Nadu
2024-06-04,1.8,17.949999999999985,25.360000000000014,93.13,12.95,1,Nilgiris,Tamil Nadu
2024-06-05,5.44,10.439999999999987,29.700000000000017,67.85,5.44,1,Nilgiris,Tamil Nadu
2024-06-06,17.08,24.319999999999986,45.79000000000001,71.8,17.08,1,Nilgiris,Tamil Nadu
2024-06-07,5.11,27.629999999999985,50.110000000000014,61.29,17.08,1,Nilgiris,Tamil Nadu
2024-06-08,3.83,26.019999999999985,49.41000000000001,59.89,17.08,1,Nilgiris,Tamil Nadu
2024-06-09,1.76,10.699999999999987,38.22000000000001,59.620000000000005,5.11,1,Nilgiris,Tamil Nadu
2024-06-10,2.33,7.919999999999986,37.350000000000016,61.83,3.83,1,Nilgiris,Tamil Nadu
2024-06-11,2.15,6.239999999999986,37.70000000000001,63.9,2.33,1,Nilgiris,Tamil Nadu
2024-06-12,1.95,6.4299999999999855,34.210000000000015,65.01,2.33,1,Nilgiris,Tamil Nadu
2024-06-13,0.68,4.779999999999986,17.810000000000013,64.59,2.15,1,Nilgiris,Tamil Nadu
2024-06-14,1.25,3.8799999999999857,13.950000000000015,64.85,1.95,1,Nilgiris,Tamil Nadu
2024-06-15,0.03,1.9599999999999858,10.150000000000015,64.08999999999999,1.25,1,Nilgiris,Tamil Nadu
2024-06-16,1.82,3.0999999999999854,10.210000000000013,61.379999999999995,1.82,1,Nilgiris,Tamil Nadu
2024-06-17,2.96,4.809999999999985,10.840000000000014,51.38999999999999,2.96,1,Nilgiris,Tamil Nadu
2024-06-18,4.73,9.509999999999986,13.420000000000014,52.92,4.73,1,Nilgiris,Tamil Nadu
2024-06-19,4.59,12.279999999999985,16.060000000000016,55.709999999999994,4.73,1,Nilgiris,Tamil Nadu
2024-06-20,0.97,10.289999999999987,16.350000000000016,51.24,4.73,1,Nilgiris,Tamil Nadu
2024-06-21,1.22,6.779999999999985,16.320000000000014,35.38,4.59,1,Nilgiris,Tamil Nadu
2024-06-22,2.97,5.159999999999986,19.260000000000012,33.24,2.97,1,Nilgiris,Tamil Nadu
2024-06-23,8.85,13.039999999999985,26.290000000000013,38.26,8.85,1,Nilgiris,Tamil Nadu
2024-06-24,2.75,14.569999999999986,26.080000000000013,39.25,8.85,1,Nilgiris,Tamil Nadu
2024-06-25,46.72,58.319999999999986,68.07000000000002,83.64,46.72,1,Nilgiris,Tamil Nadu
2024-06-26,4.89,54.359999999999985,68.37,86.38,46.72,1,Nilgiris,Tamil Nadu
2024-06-27,1.29,52.899999999999984,68.69000000000001,85.72,46.72,1,Nilgiris,Tamil Nadu
2024-06-28,1.24,7.419999999999986,68.71000000000001,86.28,4.89,1,Nilgiris,Tamil Nadu
2024-06-29,3.2,5.729999999999986,68.94000000000001,88.23,3.2,1,Nilgiris,Tamil Nadu
2024-06-30,1.25,5.689999999999986,61.34000000000001,89.45,3.2,1,Nilgiris,Tamil Nadu
2024-07-01,6.62,11.069999999999986,65.21000000000001,94.24999999999999,6.62,1,Nilgiris,Tamil Nadu
2024-07-02,1.28,9.149999999999986,19.770000000000014,92.57,6.62,1,Nilgiris,Tamil Nadu
2024-07-03,2.32,10.219999999999985,17.200000000000014,90.16,6.62,1,Nilgiris,Tamil Nadu
2024-07-04,1.94,5.539999999999985,17.850000000000016,87.51,2.32,1,Nilgiris,Tamil Nadu
2024-07-05,2.96,7.219999999999985,19.570000000000014,89.49999999999999,2.96,1,Nilgiris,Tamil Nadu
2024-07-06,1.98,6.879999999999986,18.350000000000012,90.25999999999999,2.96,1,Nilgiris,Tamil Nadu
2024-07-07,1.34,6.279999999999985,18.440000000000012,88.63,2.96,1,Nilgiris,Tamil Nadu
2024-07-08,3.34,6.659999999999986,15.160000000000014,83.12,3.34,1,Nilgiris,Tamil Nadu
2024-07-09,1.24,5.919999999999985,15.120000000000013,81.61,3.34,1,Nilgiris,Tamil Nadu
2024-07-10,0.72,5.299999999999985,13.520000000000014,35.61,3.34,1,Nilgiris,Tamil Nadu
2024-07-11,0.28,2.239999999999985,11.860000000000014,31.0,1.24,1,Nilgiris,Tamil Nadu
2024-07-12,8.69,9.689999999999985,17.59000000000001,38.4,8.69,1,Nilgiris,Tamil Nadu
2024-07-13,4.54,13.509999999999984,20.150000000000013,41.699999999999996,8.69,1,Nilgiris,Tamil Nadu
2024-07-14,6.58,19.809999999999985,25.39000000000001,45.08,8.69,1,Nilgiris,Tamil Nadu
2024-07-15,16.22,27.339999999999982,38.27000000000001,60.05,16.22,1,Nilgiris,Tamil Nadu
2024-07-16,9.48,32.27999999999999,46.510000000000005,62.91,16.22,1,Nilgiris,Tamil Nadu
2024-07-17,9.87,35.56999999999998,55.66000000000001,71.5,16.22,1,Nilgiris,Tamil Nadu
2024-07-18,5.24,24.589999999999982,60.620000000000005,74.42,9.87,1,Nilgiris,Tamil Nadu
2024-07-19,5.98,21.089999999999982,57.91000000000001,78.46000000000001,9.87,1,Nilgiris,Tamil Nadu
2024-07-20,2.63,13.849999999999984,56.000000000000014,78.13,5.98,1,Nilgiris,Tamil Nadu
2024-07-21,0.8,9.409999999999982,50.22000000000001,76.94999999999999,5.98,1,Nilgiris,Tamil Nadu
2024-07-22,2.13,5.559999999999982,36.13000000000002,77.74000000000001,2.63,1,Nilgiris,Tamil Nadu
2024-07-23,1.3,4.229999999999982,27.950000000000014,75.7,2.13,1,Nilgiris,Tamil Nadu
2024-07-24,1.09,4.519999999999982,19.170000000000012,75.55000000000001,2.13,1,Nilgiris,Tamil Nadu
2024-07-25,10.15,12.539999999999981,24.080000000000013,84.98,10.15,1,Nilgiris,Tamil Nadu
2024-07-26,4.92,16.159999999999982,23.020000000000014,89.62,10.15,1,Nilgiris,Tamil Nadu
2024-07-27,1.58,16.649999999999984,21.970000000000013,82.51,10.15,1,Nilgiris,Tamil Nadu
2024-07-28,1.59,8.089999999999982,22.760000000000016,79.56,4.92,1,Nilgiris,Tamil Nadu
2024-07-29,18.5,21.66999999999998,39.13000000000002,91.48,18.5,1,Nilgiris,Tamil Nadu
2024-07-30,6.73,26.819999999999983,44.56000000000002,81.99000000000001,18.5,1,Nilgiris,Tamil Nadu
2024-07-31,6.31,31.539999999999978,49.780000000000015,78.82000000000001,18.5,1,Nilgiris,Tamil Nadu
2024-08-01,5.99,19.02999999999998,45.62000000000002,74.94,6.73,1,Nilgiris,Tamil Nadu
2024-08-02,1.64,13.939999999999978,42.34000000000002,71.34,6.31,1,Nilgiris,Tamil Nadu
2024-08-03,1.29,8.919999999999979,42.05000000000002,66.64999999999999,5.99,1,Nilgiris,Tamil Nadu
2024-08-04,3.43,6.359999999999979,43.890000000000015,67.45,3.43,1,Nilgiris,Tamil Nadu
2024-08-05,2.71,7.429999999999979,28.100000000000016,69.36,3.43,1,Nilgiris,Tamil Nadu
2024-08-06,5.46,11.59999999999998,26.830000000000013,72.69,5.46,1,Nilgiris,Tamil Nadu
2024-08-07,4.2,12.36999999999998,24.720000000000017,75.59,5.46,1,Nilgiris,Tamil Nadu
2024-08-08,1.29,10.949999999999978,20.020000000000014,75.78999999999999,5.46,1,Nilgiris,Tamil Nadu
2024-08-09,6.44,11.929999999999978,24.820000000000014,72.08,6.44,1,Nilgiris,Tamil Nadu
2024-08-10,13.6,21.32999999999998,37.13000000000001,80.76,13.6,1,Nilgiris,Tamil Nadu
2024-08-11,12.02,32.05999999999998,45.72000000000001,91.2,13.6,1,Nilgiris,Tamil Nadu
2024-08-12,4.18,29.79999999999998,47.19000000000001,93.78999999999999,13.6,1,Nilgiris,Tamil Nadu
2024-08-13,18.78,34.97999999999998,60.51000000000001,94.07,18.78,1,Nilgiris,Tamil Nadu
2024-08-14,6.5,29.45999999999998,62.81000000000002,93.84,18.78,1,Nilgiris,Tamil Nadu
2024-08-15,9.6,34.87999999999998,71.12,97.13,18.78,1,Nilgiris,Tamil Nadu
2024-08-16,5.03,21.129999999999978,69.71000000000001,96.17,9.6,1,Nilgiris,Tamil Nadu
2024-08-17,0.76,15.38999999999998,56.87000000000002,95.28999999999999,9.6,1,Nilgiris,Tamil Nadu
2024-08-18,1.83,7.619999999999979,46.680000000000014,95.83000000000001,5.03,1,Nilgiris,Tamil Nadu
2024-08-19,3.27,5.859999999999979,45.77000000000002,95.67,3.27,1,Nilgiris,Tamil Nadu
2024-08-20,6.07,11.16999999999998,33.06000000000002,99.03,6.07,1,Nilgiris,Tamil Nadu
2024-08-21,1.8,11.13999999999998,28.360000000000014,95.37,6.07,1,Nilgiris,Tamil Nadu
2024-08-22,0.15,8.019999999999978,18.910000000000014,91.32,6.07,1,Nilgiris,Tamil Nadu
2024-08-23,0.0,1.9499999999999786,13.880000000000015,90.03,1.8,1,Nilgiris,Tamil Nadu
2024-08-24,0.37,0.5199999999999787,13.490000000000014,83.96000000000001,0.37,1,Nilgiris,Tamil Nadu
2024-08-25,0.65,1.0199999999999787,12.310000000000015,71.00999999999999,0.65,1,Nilgiris,Tamil Nadu
2024-08-26,0.5,1.5199999999999787,9.540000000000015,59.49,0.65,1,Nilgiris,Tamil Nadu
2024-08-27,1.59,2.739999999999979,5.060000000000015,56.9,1.59,1,Nilgiris,Tamil Nadu
2024-08-28,1.81,3.899999999999979,5.0700000000000145,39.93,1.81,1,Nilgiris,Tamil Nadu
2024-08-29,5.25,8.649999999999979,10.170000000000014,38.68,5.25,1,Nilgiris,Tamil Nadu
2024-08-30,5.44,12.499999999999979,15.610000000000014,34.519999999999996,5.44,1,Nilgiris,Tamil Nadu
2024-08-31,3.06,13.749999999999979,18.300000000000015,32.550000000000004,5.44,1,Nilgiris,Tamil Nadu
2024-09-01,2.68,11.179999999999978,20.330000000000013,34.47,5.44,1,Nilgiris,Tamil Nadu
2024-09-02,2.88,8.61999999999998,22.710000000000015,35.52,3.06,1,Nilgiris,Tamil Nadu
2024-09-03,3.24,8.79999999999998,24.360000000000014,35.49,3.24,1,Nilgiris,Tamil Nadu
2024-09-04,1.83,7.949999999999979,24.380000000000017,31.25,3.24,1,Nilgiris,Tamil Nadu
2024-09-05,0.63,5.699999999999979,19.760000000000016,30.080000000000002,3.24,1,Nilgiris,Tamil Nadu
2024-09-06,0.46,2.9199999999999786,14.780000000000014,30.39,1.83,1,Nilgiris,Tamil Nadu
2024-09-07,0.64,1.7299999999999787,12.360000000000015,31.03,0.64,1,Nilgiris,Tamil Nadu
2024-09-08,2.16,3.259999999999979,11.840000000000014,32.82,2.16,1,Nilgiris,Tamil Nadu
2024-09-09,1.69,4.489999999999979,10.650000000000015,33.86000000000001,2.16,1,Nilgiris,Tamil Nadu
2024-09-10,1.66,5.5099999999999785,9.070000000000014,35.02,2.16,1,Nilgiris,Tamil Nadu
2024-09-11,1.11,4.459999999999979,8.350000000000014,34.54,1.69,1,Nilgiris,Tamil Nadu
2024-09-12,0.37,3.139999999999979,8.090000000000014,33.1,1.66,1,Nilgiris,Tamil Nadu
2024-09-13,0.02,1.4999999999999787,7.650000000000015,27.87,1.11,1,Nilgiris,Tamil Nadu
2024-09-14,0.09,0.47999999999997867,7.100000000000014,22.52,0.37,1,Nilgiris,Tamil Nadu
2024-09-15,0.03,0.1399999999999787,4.970000000000014,19.490000000000002,0.09,1,Nilgiris,Tamil Nadu
2024-09-16,0.01,0.1299999999999787,3.2900000000000142,16.82,0.09,1,Nilgiris,Tamil Nadu
2024-09-17,0.01,0.049999999999978686,1.6400000000000143,13.95,0.03,1,Nilgiris,Tamil Nadu
2024-09-18,0.0,0.019999999999978684,0.5300000000000142,10.71,0.01,1,Nilgiris,Tamil Nadu
2024-09-19,0.0,0.009999999999978684,0.16000000000001421,8.879999999999999,0.01,1,Nilgiris,Tamil Nadu
2024-09-20,0.06,0.05999999999997868,0.20000000000001422,8.31,0.06,1,Nilgiris,Tamil Nadu
2024-09-21,0.18,0.23999999999997867,0.2900000000000142,8.03,0.18,1,Nilgiris,Tamil Nadu
2024-09-22,1.73,1.9699999999999787,1.9900000000000142,9.12,1.73,1,Nilgiris,Tamil Nadu
2024-09-23,1.27,3.1799999999999784,3.250000000000014,8.23,1.73,1,Nilgiris,Tamil Nadu
2024-09-24,2.73,5.729999999999979,5.970000000000014,9.27,2.73,1,Nilgiris,Tamil Nadu
2024-09-25,0.28,4.279999999999979,6.250000000000014,7.89,2.73,1,Nilgiris,Tamil Nadu
2024-09-26,0.6,3.609999999999979,6.850000000000014,7.38,2.73,1,Nilgiris,Tamil Nadu
2024-09-27,0.97,1.8499999999999788,7.760000000000014,7.98,0.97,1,Nilgiris,Tamil Nadu
2024-09-28,4.24,5.809999999999979,11.820000000000014,12.2,4.24,1,Nilgiris,Tamil Nadu
2024-09-29,7.44,12.64999999999998,17.530000000000015,19.55,7.44,1,Nilgiris,Tamil Nadu
2024-09-30,1.17,12.84999999999998,17.430000000000014,20.689999999999998,7.44,1,Nilgiris,Tamil Nadu
2024-10-01,1.08,9.68999999999998,15.780000000000015,21.76,7.44,0,Nilgiris,Tamil Nadu
2024-10-02,3.26,5.5099999999999785,18.760000000000016,25.009999999999998,3.26,0,Nilgiris,Tamil Nadu
2024-10-03,0.72,5.059999999999978,18.880000000000013,25.73,3.26,0,Nilgiris,Tamil Nadu
2024-10-04,7.81,11.789999999999978,25.720000000000013,33.54,7.81,0,Nilgiris,Tamil Nadu
2024-10-05,11.49,20.01999999999998,32.97000000000001,44.97,11.49,0,Nilgiris,Tamil Nadu
2024-10-06,12.92,32.21999999999998,38.45000000000002,57.709999999999994,12.92,0,Nilgiris,Tamil Nadu
2024-10-07,8.05,32.45999999999998,45.33000000000001,64.03,12.92,0,Nilgiris,Tamil Nadu
2024-10-08,11.48,32.44999999999998,55.73000000000002,74.24,12.92,0,Nilgiris,Tamil Nadu
2024-10-09,9.83,29.359999999999978,62.30000000000002,81.33999999999999,11.48,0,Nilgiris,Tamil Nadu
2024-10-10,1.56,22.86999999999998,63.140000000000015,82.62,11.48,0,Nilgiris,Tamil Nadu
2024-10-11,8.23,19.61999999999998,63.56000000000002,90.25,9.83,0,Nilgiris,Tamil Nadu
2024-10-12,6.71,16.49999999999998,58.780000000000015,95.99,8.23,0,Nilgiris,Tamil Nadu
2024-10-13,20.09,35.02999999999998,65.95000000000002,111.84,20.09,0,Nilgiris,Tamil Nadu
2024-10-14,9.06,35.85999999999998,66.96000000000002,113.46000000000001,20.09,0,Nilgiris,Tamil Nadu
2024-10-15,18.81,47.95999999999997,74.29000000000002,131.10000000000002,20.09,0,Nilgiris,Tamil Nadu
2024-10-16,7.7,35.56999999999997,72.16000000000001,137.72,18.81,0,Nilgiris,Tamil Nadu
2024-10-17,0.69,27.19999999999997,71.29,135.15,18.81,0,Nilgiris,Tamil Nadu
2024-10-18,8.96,17.349999999999977,72.02000000000001,143.39000000000001,8.96,0,Nilgiris,Tamil Nadu
2024-10-19,4.49,14.139999999999977,69.80000000000001,140.07,8.96,0,Nilgiris,Tamil Nadu
2024-10-20,7.71,21.159999999999975,57.42000000000002,136.29,8.96,0,Nilgiris,Tamil Nadu
2024-10-21,6.64,18.839999999999975,55.000000000000014,130.01000000000002,7.71,0,Nilgiris,Tamil Nadu
2024-10-22,15.95,30.299999999999976,52.140000000000015,137.91,15.95,0,Nilgiris,Tamil Nadu
2024-10-23,16.69,39.27999999999997,61.13000000000001,143.12,16.69,0,Nilgiris,Tamil Nadu
2024-10-24,13.95,46.589999999999975,74.39000000000001,147.24,16.69,0,Nilgiris,Tamil Nadu
2024-10-25,4.94,35.57999999999998,70.37,150.62,16.69,0,Nilgiris,Tamil Nadu
2024-10-26,3.84,22.729999999999972,69.72000000000001,146.23,13.95,0,Nilgiris,Tamil Nadu
2024-10-27,0.17,8.949999999999973,62.180000000000014,139.69,4.94,0,Nilgiris,Tamil Nadu
2024-10-28,0.13,4.139999999999971,55.670000000000016,119.73,3.84,0,Nilgiris,Tamil Nadu
2024-10-29,0.08,0.3799999999999716,39.80000000000002,110.75,0.17,0,Nilgiris,Tamil Nadu
2024-10-30,0.12,0.3299999999999716,23.230000000000015,92.06,0.13,0,Nilgiris,Tamil Nadu
2024-10-31,6.44,6.639999999999972,15.720000000000015,90.8,6.44,0,Nilgiris,Tamil Nadu
2024-11-01,11.01,17.569999999999972,21.790000000000013,101.12,11.01,0,Nilgiris,Tamil Nadu
2024-11-02,7.01,24.459999999999972,24.960000000000015,99.16999999999999,11.01,0,Nilgiris,Tamil Nadu
2024-11-03,12.81,30.829999999999973,37.600000000000016,107.49,12.81,0,Nilgiris,Tamil Nadu
2024-11-04,13.15,32.96999999999997,50.62000000000001,112.93,13.15,0,Nilgiris,Tamil Nadu
2024-11-05,1.93,27.889999999999976,52.47000000000001,108.22,13.15,0,Nilgiris,Tamil Nadu
2024-11-06,0.0,15.079999999999972,52.350000000000016,92.27,13.15,0,Nilgiris,Tamil Nadu
2024-11-07,1.98,3.9099999999999717,47.89000000000001,77.56,1.98,0,Nilgiris,Tamil Nadu
2024-11-08,0.32,2.2999999999999714,37.20000000000001,63.93,1.98,0,Nilgiris,Tamil Nadu
2024-11-09,0.01,2.3099999999999716,30.200000000000014,59.0,1.98,0,Nilgiris,Tamil Nadu
2024-11-10,0.0,0.3299999999999716,17.390000000000015,55.16,0.32,0,Nilgiris,Tamil Nadu
2024-11-11,0.01,0.01999999999997158,4.250000000000014,55.0,0.01,0,Nilgiris,Tamil Nadu
2024-11-12,0.78,0.7899999999999716,3.1000000000000143,55.650000000000006,0.78,0,Nilgiris,Tamil Nadu
2024-11-13,2.0,2.7899999999999716,5.100000000000014,57.57,2.0,0,Nilgiris,Tamil Nadu
2024-11-14,6.66,9.439999999999973,9.780000000000015,64.11,6.66,0,Nilgiris,Tamil Nadu
2024-11-15,8.78,17.43999999999997,18.240000000000013,66.45,8.78,0,Nilgiris,Tamil Nadu
2024-11-16,7.19,22.62999999999997,25.420000000000012,62.629999999999995,8.78,0,Nilgiris,Tamil Nadu
2024-11-17,3.65,19.61999999999997,29.07000000000001,59.269999999999996,8.78,0,Nilgiris,Tamil Nadu
2024-11-18,0.73,11.569999999999972,29.790000000000013,47.19,7.19,0,Nilgiris,Tamil Nadu
2024-11-19,0.88,5.259999999999971,29.89000000000001,34.919999999999995,3.65,0,Nilgiris,Tamil Nadu
2024-11-20,0.04,1.6499999999999715,27.930000000000014,33.03,0.88,0,Nilgiris,Tamil Nadu
2024-11-21,0.06,0.9799999999999716,21.330000000000013,33.089999999999996,0.88,0,Nilgiris,Tamil Nadu
2024-11-22,0.0,0.09999999999997158,12.550000000000015,31.11,0.06,0,Nilgiris,Tamil Nadu
2024-11-23,0.0,0.059999999999971576,5.3600000000000145,30.79,0.06,0,Nilgiris,Tamil Nadu
2024-11-24,0.0,0.0,1.7100000000000142,30.779999999999998,0.0,0,Nilgiris,Tamil Nadu
2024-11-25,0.0,0.0,0.9800000000000142,30.779999999999998,0.0,0,Nilgiris,Tamil Nadu
2024-11-26,2.96,2.9599999999999715,3.0600000000000143,33.730000000000004,2.96,0,Nilgiris,Tamil Nadu
2024-11-27,0.56,3.5199999999999716,3.5800000000000143,33.51,2.96,0,Nilgiris,Tamil Nadu
2024-11-28,0.04,3.5599999999999716,3.5600000000000143,31.55,2.96,0,Nilgiris,Tamil Nadu
2024-11-29,0.64,1.2399999999999718,4.200000000000014,25.53,0.64,0,Nilgiris,Tamil Nadu
2024-11-30,5.68,6.359999999999971,9.880000000000013,22.43,5.68,0,Nilgiris,Tamil Nadu
2024-12-01,35.02,41.339999999999975,44.90000000000002,50.260000000000005,35.02,0,Nilgiris,Tamil Nadu
2024-12-02,23.54,64.23999999999998,68.44000000000001,70.15,35.02,0,Nilgiris,Tamil Nadu
2024-12-03,21.31,79.86999999999998,86.79000000000002,90.73,35.02,0,Nilgiris,Tamil Nadu
2024-12-04,1.11,45.95999999999997,87.34000000000002,90.96000000000001,23.54,0,Nilgiris,Tamil Nadu
2024-12-05,0.48,22.89999999999997,87.78000000000002,91.4,21.31,0,Nilgiris,Tamil Nadu
2024-12-06,0.04,1.6299999999999717,87.18,91.38,1.11,0,Nilgiris,Tamil Nadu
2024-12-07,0.79,1.3099999999999716,82.29000000000002,92.17,0.79,0,Nilgiris,Tamil Nadu
2024-12-08,0.17,0.9999999999999717,47.440000000000005,92.34,0.79,0,Nilgiris,Tamil Nadu
2024-12-09,0.0,0.9599999999999717,23.900000000000006,92.34,0.79,0,Nilgiris,Tamil Nadu
2024-12-10,0.12,0.2899999999999716,2.710000000000007,92.46,0.17,0,Nilgiris,Tamil Nadu
2024-12-11,0.42,0.5399999999999715,2.020000000000007,89.92,0.42,0,Nilgiris,Tamil Nadu
2024-12-12,14.28,14.81999999999997,15.820000000000007,103.64,14.28,0,Nilgiris,Tamil Nadu
2024-12-13,10.09,24.78999999999997,25.870000000000005,113.69000000000001,14.28,0,Nilgiris,Tamil Nadu
2024-12-14,1.03,25.39999999999997,26.110000000000007,114.08000000000001,14.28,0,Nilgiris,Tamil Nadu
2024-12-15,0.26,11.37999999999997,26.200000000000006,108.66,10.09,0,Nilgiris,Tamil Nadu
2024-12-16,0.0,1.2899999999999716,26.200000000000006,73.63999999999999,1.03,0,Nilgiris,Tamil Nadu
2024-12-17,0.0,0.2599999999999716,26.080000000000005,50.1,0.26,0,Nilgiris,Tamil Nadu
2024-12-18,0.0,0.0,25.660000000000007,28.79,0.0,0,Nilgiris,Tamil Nadu
2024-12-19,0.0,0.0,11.380000000000006,27.68,0.0,0,Nilgiris,Tamil Nadu
2024-12-20,0.01,0.009999999999971578,1.3000000000000054,27.21,0.01,0,Nilgiris,Tamil Nadu
2024-12-21,0.81,0.8199999999999716,1.0800000000000054,27.98,0.81,0,Nilgiris,Tamil Nadu
2024-12-22,0.6,1.4199999999999715,1.4200000000000053,27.79,0.81,0,Nilgiris,Tamil Nadu
2024-12-23,0.0,1.4099999999999717,1.4200000000000053,27.62,0.81,0,Nilgiris,Tamil Nadu
2024-12-24,0.0,0.5999999999999716,1.4200000000000053,27.62,0.6,0,Nilgiris,Tamil Nadu
2024-12-25,0.0,0.0,1.4200000000000053,27.5,0.0,0,Nilgiris,Tamil Nadu
2024-12-26,5.15,5.149999999999972,6.570000000000006,32.230000000000004,5.15,0,Nilgiris,Tamil Nadu
2024-12-27,3.41,8.559999999999972,9.970000000000006,21.36,5.15,0,Nilgiris,Tamil Nadu
2024-12-28,0.08,8.639999999999972,9.240000000000006,11.35,5.15,0,Nilgiris,Tamil Nadu
2024-12-29,0.0,3.489999999999972,8.640000000000006,10.32,3.41,0,Nilgiris,Tamil Nadu
2024-12-30,0.36,0.4399999999999716,9.000000000000005,10.42,0.36,0,Nilgiris,Tamil Nadu
2024-12-31,0.04,0.39999999999997154,9.040000000000006,10.46,0.36,0,Nilgiris,Tamil Nadu
