,rain_1d,rain_3d,rain_7d,rain_15d,rain_max3d,is_monsoon,district,state
2015-01-01,0.1,0.1,0.1,0.1,0.1,0,Raigad,Maharashtra
2015-01-02,0.0,0.1,0.1,0.1,0.1,0,Raigad,Maharashtra
2015-01-03,0.01,0.11,0.11,0.11,0.1,0,Raigad,Maharashtra
2015-01-04,0.0,0.01,0.11,0.11,0.01,0,Raigad,Maharashtra
2015-01-05,0.0,0.01,0.11,0.11,0.01,0,Raigad,Maharashtra
2015-01-06,0.0,0.0,0.11,0.11,0.0,0,Raigad,Maharashtra
2015-01-07,0.0,0.0,0.11,0.11,0.0,0,Raigad,Maharashtra
2015-01-08,0.0,0.0,0.01,0.11,0.0,0,Raigad,Maharashtra
2015-01-09,0.0,0.0,0.01,0.11,0.0,0,Raigad,Maharashtra
2015-01-10,0.0,0.0,0.0,0.11,0.0,0,Raigad,Maharashtra
2015-01-11,0.0,0.0,0.0,0.11,0.0,0,Raigad,Maharashtra
2015-01-12,0.0,0.0,0.0,0.11,0.0,0,Raigad,Maharashtra
2015-01-13,0.0,0.0,0.0,0.11,0.0,0,Raigad,Maharashtra
2015-01-14,0.0,0.0,0.0,0.11,0.0,0,Raigad,Maharashtra
2015-01-15,0.0,0.0,0.0,0.11,0.0,0,Raigad,Maharashtra
2015-01-16,0.0,0.0,0.0,0.01,0.0,0,Raigad,Maharashtra
2015-01-17,0.0,0.0,0.0,0.01,0.0,0,Raigad,Maharashtra
2015-01-18,0.0,0.0,0.0,0.0,0.0,0,Raigad,Maharashtra
2015-01-19,0.0,0.0,0.0,0.0,0.0,0,Raigad,Maharashtra
2015-01-20,0.0,0.0,0.0,0.0,0.0,0,Raigad,Maharashtra
2015-01-21,0.0,0.0,0.0,0.0,0.0,0,Raigad,Maharashtra
2015-01-22,0.18,0.18,0.18,0.18,0.18,0,Raigad,Maharashtra
2015-01-23,0.0,0.18,0.18,0.18,0.18,0,Raigad,Maharashtra
2015-01-24,0.01,0.19,0.19,0.19,0.18,0,Raigad,Maharashtra
2015-01-25,0.12,0.13,0.31,0.31,0.12,0,Raigad,Maharashtra
2015-01-26,0.0,0.13,0.31,0.31,0.12,0,Raigad,Maharashtra
2015-01-27,0.0,0.12,0.31,0.31,0.12,0,Raigad,Maharashtra
2015-01-28,0.0,0.0,0.31,0.31,0.0,0,Raigad,Maharashtra
2015-01-29,0.0,0.0,0.13,0.31,0.0,0,Raigad,Maharashtra
2015-01-30,0.0,0.0,0.13,0.31,0.0,0,Raigad,Maharashtra
2015-01-31,0.0,0.0,0.12,0.31,0.0,0,Raigad,Maharashtra
2015-02-01,0.0,0.0,0.0,0.31,0.0,0,Raigad,Maharashtra
2015-02-02,0.0,0.0,0.0,0.31,0.0,0,Raigad,Maharashtra
2015-02-03,0.0,0.0,0.0,0.31,0.0,0,Raigad,Maharashtra
2015-02-04,0.0,0.0,0.0,0.31,0.0,0,Raigad,Maharashtra
2015-02-05,0.0,0.0,0.0,0.31,0.0,0,Raigad,Maharashtra
2015-02-06,0.03,0.03,0.03,0.15999999999999998,0.03,0,Raigad,Maharashtra
2015-02-07,0.0,0.03,0.03,0.15999999999999998,0.03,0,Raigad,Maharashtra
2015-02-08,0.0,0.03,0.03,0.14999999999999997,0.03,0,Raigad,Maharashtra
2015-02-09,0.0,0.0,0.03,0.03,0.0,0,Raigad,Maharashtra
2015-02-10,0.01,0.01,0.04,0.04,0.01,0,Raigad,Maharashtra
2015-02-11,0.06,0.06999999999999999,0.1,0.1,0.06,0,Raigad,Maharashtra
2015-02-12,0.0,0.07,0.1,0.1,0.06,0,Raigad,Maharashtra
2015-02-13,0.0,0.06,0.07,0.1,0.06,0,Raigad,Maharashtra
2015-02-14,0.0,0.0,0.07,0.1,0.0,0,Raigad,Maharashtra
2015-02-15,0.0,0.0,0.07,0.1,0.0,0,Raigad,Maharashtra
2015-02-16,0.0,0.0,0.07,0.1,0.0,0,Raigad,Maharashtra
2015-02-17,0.0,0.0,0.06,0.1,0.0,0,Raigad,Maharashtra
2015-02-18,0.0,0.0,0.0,0.1,0.0,0,Raigad,Maharashtra
2015-02-19,0.0,0.0,0.0,0.1,0.0,0,Raigad,Maharashtra
2015-02-20,0.0,0.0,0.0,0.1,0.0,0,Raigad,Maharashtra
2015-02-21,0.0,0.0,0.0,0.07,0.0,0,Raigad,Maharashtra
2015-02-22,0.0,0.0,0.0,0.07,0.0,0,Raigad,Maharashtra
2015-02-23,0.0,0.0,0.0,0.07,0.0,0,Raigad,Maharashtra
2015-02-24,0.0,0.0,0.0,0.07,0.0,0,Raigad,Maharashtra
2015-02-25,0.0,0.0,0.0,0.06,0.0,0,Raigad,Maharashtra
2015-02-26,0.0,0.0,0.0,0.0,0.0,0,Raigad,Maharashtra
2015-02-27,0.0,0.0,0.0,0.0,0.0,0,Raigad,Maharashtra
2015-02-28,4.0,4.0,4.0,4.0,4.0,0,Raigad,Maharashtra
2015-03-01,35.26,39.26,39.26,39.26,35.26,0,Raigad,Maharashtra
2015-03-02,0.4,39.66,39.66,39.66,35.26,0,Raigad,Maharashtra
2015-03-03,0.0,35.66,39.66,39.66,35.26,0,Raigad,Maharashtra
2015-03-04,0.0,0.4,39.66,39.66,0.4,0,Raigad,Maharashtra
2015-03-05,0.0,0.0,39.66,39.66,0.0,0,Raigad,Maharashtra
2015-03-06,0.0,0.0,39.66,39.66,0.0,0,Raigad,Maharashtra
2015-03-07,0.0,0.0,35.66,39.66,0.0,0,Raigad,Maharashtra
2015-03-08,0.0,0.0,0.4,39.66,0.0,0,Raigad,Maharashtra
2015-03-09,0.0,0.0,0.0,39.66,0.0,0,Raigad,Maharashtra
2015-03-10,0.58,0.58,0.58,40.239999999999995,0.58,0,Raigad,Maharashtra
2015-03-11,0.13,0.71,0.71,40.37,0.58,0,Raigad,Maharashtra
2015-03-12,0.01,0.72,0.72,40.379999999999995,0.58,0,Raigad,Maharashtra
2015-03-13,0.4,0.54,1.12,40.78,0.4,0,Raigad,Maharashtra
2015-03-14,2.77,3.18,3.89,43.55,2.77,0,Raigad,Maharashtra
2015-03-15,1.31,4.48,5.2,40.86,2.77,0,Raigad,Maharashtra
2015-03-16,0.16,4.24,5.36,5.76,2.77,0,Raigad,Maharashtra
2015-03-17,0.0,1.47,4.78,5.359999999999999,1.31,0,Raigad,Maharashtra
2015-03-18,0.0,0.16,4.65,5.359999999999999,0.16,0,Raigad,Maharashtra
2015-03-19,0.02,0.02,4.66,5.38,0.02,0,Raigad,Maharashtra
2015-03-20,0.1,0.12000000000000001,4.36,5.4799999999999995,0.1,0,Raigad,Maharashtra
2015-03-21,0.46,0.5800000000000001,2.0500000000000003,5.9399999999999995,0.46,0,Raigad,Maharashtra
2015-03-22,0.38,0.94,1.12,6.319999999999999,0.46,0,Raigad,Maharashtra
2015-03-23,0.14,0.98,1.1,6.46,0.46,0,Raigad,Maharashtra
2015-03-24,0.05,0.5700000000000001,1.1500000000000001,6.51,0.38,0,Raigad,Maharashtra
2015-03-25,0.06,0.25,1.21,5.989999999999999,0.14,0,Raigad,Maharashtra
2015-03-26,0.16,0.27,1.35,6.02,0.16,0,Raigad,Maharashtra
2015-03-27,0.88,1.1,2.13,6.890000000000001,0.88,0,Raigad,Maharashtra
2015-03-28,0.29,1.3299999999999998,1.96,6.779999999999999,0.88,0,Raigad,Maharashtra
2015-03-29,2.35,3.52,3.93,6.36,2.35,0,Raigad,Maharashtra
2015-03-30,0.4,3.0399999999999996,4.19,5.450000000000001,2.35,0,Raigad,Maharashtra
2015-03-31,0.01,2.7600000000000002,4.15,5.300000000000001,2.35,0,Raigad,Maharashtra
2015-04-01,0.0,0.41000000000000003,4.09,5.300000000000001,0.4,0,Raigad,Maharashtra
2015-04-02,0.0,0.01,3.93,5.300000000000001,0.01,0,Raigad,Maharashtra
2015-04-03,0.0,0.0,3.0500000000000003,5.28,0.0,0,Raigad,Maharashtra
2015-04-04,0.0,0.0,2.7600000000000002,5.180000000000001,0.0,0,Raigad,Maharashtra
2015-04-05,0.01,0.01,0.42000000000000004,4.73,0.01,0,Raigad,Maharashtra
2015-04-06,0.0,0.01,0.02,4.3500000000000005,0.01,0,Raigad,Maharashtra
2015-04-07,0.0,0.01,0.01,4.21,0.01,0,Raigad,Maharashtra
2015-04-08,0.0,0.0,0.01,4.16,0.0,0,Raigad,Maharashtra
2015-04-09,0.02,0.02,0.03,4.120000000000001,0.02,0,Raigad,Maharashtra
2015-04-10,0.17,0.19,0.2,4.13,0.17,0,Raigad,Maharashtra
2015-04-11,0.35,0.54,0.55,3.6,0.35,0,Raigad,Maharashtra
2015-04-12,0.19,0.71,0.73,3.5,0.35,0,Raigad,Maharashtra
2015-04-13,0.35,0.89,1.08,1.5,0.35,0,Raigad,Maharashtra
2015-04-14,0.1,0.64,1.18,1.2000000000000002,0.35,0,Raigad,Maharashtra
2015-04-15,0.03,0.48,1.21,1.2200000000000002,0.35,0,Raigad,Maharashtra
2015-04-16,0.06,0.19,1.25,1.28,0.1,0,Raigad,Maharashtra
2015-04-17,0.09,0.18,1.17,1.37,0.09,0,Raigad,Maharashtra
2015-04-18,0.03,0.18,0.8499999999999999,1.4000000000000001,0.09,0,Raigad,Maharashtra
2015-04-19,0.02,0.13999999999999999,0.6799999999999999,1.4200000000000002,0.09,0,Raigad,Maharashtra
2015-04-20,0.04,0.09,0.37,1.4500000000000002,0.04,0,Raigad,Maharashtra
2015-04-21,0.1,0.16,0.37,1.55,0.1,0,Raigad,Maharashtra
2015-04-22,0.07,0.21000000000000002,0.41000000000000003,1.62,0.1,0,Raigad,Maharashtra
2015-04-23,0.04,0.21000000000000002,0.39,1.6600000000000001,0.1,0,Raigad,Maharashtra
2015-04-24,0.01,0.12000000000000001,0.31000000000000005,1.6500000000000001,0.07,0,Raigad,Maharashtra
2015-04-25,0.0,0.05,0.28,1.48,0.04,0,Raigad,Maharashtra
2015-04-26,0.0,0.01,0.26,1.1300000000000001,0.01,0,Raigad,Maharashtra
2015-04-27,0.02,0.02,0.24000000000000002,0.96,0.02,0,Raigad,Maharashtra
2015-04-28,0.04,0.06,0.18,0.65,0.04,0,Raigad,Maharashtra
2015-04-29,0.06,0.12,0.16999999999999998,0.61,0.06,0,Raigad,Maharashtra
2015-04-30,0.03,0.13,0.15999999999999998,0.61,0.06,0,Raigad,Maharashtra
2015-05-01,0.4,0.49000000000000005,0.55,0.9500000000000001,0.4,0,Raigad,Maharashtra
2015-05-02,0.51,0.9400000000000001,1.06,1.37,0.51,0,Raigad,Maharashtra
2015-05-03,0.79,1.7000000000000002,1.85,2.13,0.79,0,Raigad,Maharashtra
2015-05-04,0.29,1.59,2.12,2.4,0.79,0,Raigad,Maharashtra
2015-05-05,1.32,2.4000000000000004,3.4000000000000004,3.6799999999999997,1.32,0,Raigad,Maharashtra
2015-05-06,1.01,2.62,4.35,4.59,1.32,0,Raigad,Maharashtra
2015-05-07,0.09,2.42,4.41,4.61,1.32,0,Raigad,Maharashtra
2015-05-08,0.44,1.54,4.45,5.010000000000001,1.01,0,Raigad,Maharashtra
2015-05-09,0.91,1.44,4.8500000000000005,5.91,0.91,0,Raigad,Maharashtra
2015-05-10,0.56,1.9100000000000001,4.62,6.47,0.91,0,Raigad,Maharashtra
2015-05-11,1.62,3.0900000000000003,5.95,8.09,1.62,0,Raigad,Maharashtra
2015-05-12,3.12,5.300000000000001,7.75,11.190000000000001,3.12,0,Raigad,Maharashtra
2015-05-13,17.88,22.62,24.619999999999997,29.03,17.88,0,Raigad,Maharashtra
2015-05-14,10.36,31.36,34.89,39.33,17.88,0,Raigad,Maharashtra
2015-05-15,5.52,33.76,39.97,44.81999999999999,17.88,0,Raigad,Maharashtra
2015-05-16,2.9,18.779999999999998,41.96,47.32,10.36,0,Raigad,Maharashtra
2015-05-17,0.11,8.53,41.51,46.92,5.52,0,Raigad,Maharashtra
2015-05-18,0.03,3.04,39.92,46.16,2.9,0,Raigad,Maharashtra
2015-05-19,0.02,0.16,36.82,45.88999999999999,0.11,0,Raigad,Maharashtra
2015-05-20,0.06,0.11,19.0,44.629999999999995,0.06,0,Raigad,Maharashtra
2015-05-21,0.01,0.09,8.65,43.629999999999995,0.06,0,Raigad,Maharashtra
2015-05-22,0.01,0.08,3.14,43.55,0.06,0,Raigad,Maharashtra
2015-05-23,0.01,0.03,0.25,43.12,0.01,0,Raigad,Maharashtra
2015-05-24,0.01,0.03,0.15000000000000002,42.22,0.01,0,Raigad,Maharashtra
2015-05-25,0.0,0.02,0.12,41.66,0.01,0,Raigad,Maharashtra
2015-05-26,0.09,0.09999999999999999,0.19,40.129999999999995,0.09,0,Raigad,Maharashtra
2015-05-27,0.19,0.28,0.32,37.199999999999996,0.19,0,Raigad,Maharashtra
2015-05-28,0.23,0.51,0.54,19.549999999999997,0.23,0,Raigad,Maharashtra
2015-05-29,0.43,0.8500000000000001,0.96,9.62,0.43,0,Raigad,Maharashtra
2015-05-30,1.1,1.7600000000000002,2.05,5.2,1.1,0,Raigad,Maharashtra
2015-05-31,0.74,2.2700000000000005,2.7800000000000002,3.04,1.1,0,Raigad,Maharashtra
2015-06-01,0.99,2.83,3.7700000000000005,3.92,1.1,1,Raigad,Maharashtra
2015-06-02,0.42,2.1500000000000004,4.1,4.31,0.99,1,Raigad,Maharashtra
2015-06-03,0.52,1.9300000000000002,4.43,4.8100000000000005,0.99,1,Raigad,Maharashtra
2015-06-04,4.38,5.32,8.58,9.129999999999999,4.38,1,Raigad,Maharashtra
2015-06-05,8.31,13.21,16.46,17.43,8.31,1,Raigad,Maharashtra
2015-06-06,3.98,16.67,19.34,21.4,8.31,1,Raigad,Maharashtra
2015-06-07,16.27,28.560000000000002,34.870000000000005,37.66,16.27,1,Raigad,Maharashtra
2015-06-08,8.87,29.119999999999997,42.75,46.52,16.27,1,Raigad,Maharashtra
2015-06-09,9.75,34.89,52.08,56.27,16.27,1,Raigad,Maharashtra
2015-06-10,8.18,26.799999999999997,59.74,64.36,9.75,1,Raigad,Maharashtra
2015-06-11,35.12,53.05,90.47999999999999,99.28999999999999,35.12,1,Raigad,Maharashtra
2015-06-12,29.31,72.61,111.47999999999999,128.37,35.12,1,Raigad,Maharashtra
2015-06-13,20.27,84.69999999999999,127.77000000000001,148.21,35.12,1,Raigad,Maharashtra
2015-06-14,18.18,67.75999999999999,129.68,165.29000000000002,29.31,1,Raigad,Maharashtra
2015-06-15,8.65,47.099999999999994,129.46,173.2,20.27,1,Raigad,Maharashtra
2015-06-16,14.45,41.28,134.16,186.66,18.18,1,Raigad,Maharashtra
2015-06-17,18.47,41.57,144.45,204.71,18.47,1,Raigad,Maharashtra
2015-06-18,78.02,110.94,187.35,282.21,78.02,1,Raigad,Maharashtra
2015-06-19,78.97,175.45999999999998,237.01,356.79999999999995,78.97,1,Raigad,Maharashtra
2015-06-20,72.34,229.32999999999998,289.08000000000004,420.83,78.97,1,Raigad,Maharashtra
2015-06-21,118.51,269.82000000000005,389.41,535.36,118.51,1,Raigad,Maharashtra
2015-06-22,64.04,254.89,444.80000000000007,583.13,118.51,1,Raigad,Maharashtra
2015-06-23,67.09,249.64000000000004,497.44,641.35,118.51,1,Raigad,Maharashtra
2015-06-24,33.91,165.04000000000002,512.88,665.51,67.09,1,Raigad,Maharashtra
2015-06-25,13.25,114.25,448.11,670.58,67.09,1,Raigad,Maharashtra
2015-06-26,1.95,49.11,371.09000000000003,637.4100000000001,33.91,1,Raigad,Maharashtra
2015-06-27,0.85,16.05,299.59999999999997,608.9499999999999,13.25,1,Raigad,Maharashtra
2015-06-28,1.06,3.86,182.15,589.74,1.95,1,Raigad,Maharashtra
2015-06-29,3.02,4.93,121.13,574.58,3.02,1,Raigad,Maharashtra
2015-06-30,3.76,7.84,57.8,569.6899999999999,3.76,1,Raigad,Maharashtra
2015-07-01,1.98,8.76,25.87,557.22,3.76,1,Raigad,Maharashtra
2015-07-02,0.48,6.220000000000001,13.1,539.23,3.76,1,Raigad,Maharashtra
2015-07-03,0.69,3.15,11.84,461.90000000000003,1.98,1,Raigad,Maharashtra
2015-07-04,0.85,2.02,11.839999999999998,383.78000000000003,0.85,1,Raigad,Maharashtra
2015-07-05,0.35,1.89,11.13,311.79,0.85,1,Raigad,Maharashtra
2015-07-06,0.23,1.43,8.339999999999998,193.51000000000002,0.85,1,Raigad,Maharashtra
2015-07-07,1.01,1.5899999999999999,5.59,130.48,1.01,1,Raigad,Maharashtra
2015-07-08,2.06,3.3000000000000003,5.67,65.45,2.06,1,Raigad,Maharashtra
2015-07-09,2.23,5.300000000000001,7.42,33.769999999999996,2.23,1,Raigad,Maharashtra
2015-07-10,2.27,6.5600000000000005,9.0,22.79,2.27,1,Raigad,Maharashtra
2015-07-11,3.97,8.47,12.120000000000001,24.810000000000002,3.97,1,Raigad,Maharashtra
2015-07-12,1.41,7.6499999999999995,13.180000000000001,25.369999999999997,3.97,1,Raigad,Maharashtra
2015-07-13,0.53,5.91,13.48,24.84,3.97,1,Raigad,Maharashtra
2015-07-14,0.22,2.16,12.690000000000001,22.04,1.41,1,Raigad,Maharashtra
2015-07-15,0.55,1.3,11.18,18.83,0.55,1,Raigad,Maharashtra
2015-07-16,2.03,2.8,10.98,18.88,2.03,1,Raigad,Maharashtra
2015-07-17,2.36,4.9399999999999995,11.07,20.759999999999998,2.36,1,Raigad,Maharashtra
2015-07-18,3.94,8.33,11.04,24.01,3.94,1,Raigad,Maharashtra
2015-07-19,6.23,12.530000000000001,15.86,29.39,6.23,1,Raigad,Maharashtra
2015-07-20,37.81,47.980000000000004,53.14,66.85000000000001,37.81,1,Raigad,Maharashtra
2015-07-21,34.15,78.19,87.07,100.77000000000001,37.81,1,Raigad,Maharashtra
2015-07-22,20.15,92.11,106.67,119.91000000000001,37.81,1,Raigad,Maharashtra
2015-07-23,15.6,69.89999999999999,120.24,133.45000000000002,34.15,1,Raigad,Maharashtra
2015-07-24,18.86,54.61,136.74,150.08,20.15,1,Raigad,Maharashtra
2015-07-25,13.6,48.06,146.4,161.41,18.86,1,Raigad,Maharashtra
2015-07-26,6.56,39.019999999999996,146.73,164.0,18.86,1,Raigad,Maharashtra
2015-07-27,14.38,34.54,123.3,176.97000000000003,14.38,1,Raigad,Maharashtra
2015-07-28,22.65,43.589999999999996,111.80000000000001,199.09,22.65,1,Raigad,Maharashtra
2015-07-29,11.64,48.67,103.28999999999999,210.51000000000002,22.65,1,Raigad,Maharashtra
2015-07-30,8.87,43.16,96.56,218.83,22.65,1,Raigad,Maharashtra
2015-07-31,6.76,27.27,84.46,223.56,11.64,1,Raigad,Maharashtra
2015-08-01,4.03,19.66,74.89,225.23000000000002,8.87,1,Raigad,Maharashtra
2015-08-02,1.34,12.13,69.66999999999999,222.63000000000002,6.76,1,Raigad,Maharashtra
2015-08-03,1.96,7.33,57.25,218.35999999999999,4.03,1,Raigad,Maharashtra
2015-08-04,3.35,6.65,37.95,183.9,3.35,1,Raigad,Maharashtra
2015-08-05,10.16,15.47,36.47,159.91,10.16,1,Raigad,Maharashtra
2015-08-06,5.43,18.939999999999998,33.03,145.19,10.16,1,Raigad,Maharashtra
2015-08-07,3.66,19.25,29.93,133.25000000000003,10.16,1,Raigad,Maharashtra
2015-08-08,4.6,13.69,30.5,118.99000000000001,5.43,1,Raigad,Maharashtra
2015-08-09,4.95,13.21,34.11,110.34,4.95,1,Raigad,Maharashtra
2015-08-10,2.89,12.44,35.04,106.67,4.95,1,Raigad,Maharashtra
2015-08-11,3.72,11.56,35.41,96.00999999999999,4.95,1,Raigad,Maharashtra
2015-08-12,3.67,10.280000000000001,28.92,77.03,3.72,1,Raigad,Maharashtra
2015-08-13,3.34,10.73,26.83,68.73,3.72,1,Raigad,Maharashtra
2015-08-14,6.17,13.18,29.34,66.03,6.17,1,Raigad,Maharashtra
2015-08-15,4.26,13.77,29.0,63.53,6.17,1,Raigad,Maharashtra
2015-08-16,3.71,14.14,27.759999999999998,63.21000000000001,6.17,1,Raigad,Maharashtra
2015-08-17,5.76,13.73,30.63,67.63000000000001,5.76,1,Raigad,Maharashtra
2015-08-18,0.68,10.15,27.59,66.35000000000001,5.76,1,Raigad,Maharashtra
2015-08-19,0.06,6.5,23.98,63.06,5.76,1,Raigad,Maharashtra
2015-08-20,0.11,0.8500000000000001,20.75,53.010000000000005,0.68,1,Raigad,Maharashtra
2015-08-21,1.01,1.1800000000000002,15.59,48.59,1.01,1,Raigad,Maharashtra
2015-08-22,1.25,2.37,12.58,46.18000000000001,1.25,1,Raigad,Maharashtra
2015-08-23,1.0,3.26,9.870000000000001,42.580000000000005,1.25,1,Raigad,Maharashtra
2015-08-24,2.2,4.45,6.3100000000000005,39.830000000000005,2.2,1,Raigad,Maharashtra
2015-08-25,6.03,9.23,11.66,42.970000000000006,6.03,1,Raigad,Maharashtra
2015-08-26,4.47,12.7,16.07,43.720000000000006,6.03,1,Raigad,Maharashtra
2015-08-27,4.0,14.5,19.96,44.050000000000004,6.03,1,Raigad,Maharashtra
2015-08-28,8.99,17.46,27.939999999999998,49.70000000000001,8.99,1,Raigad,Maharashtra
2015-08-29,6.48,19.470000000000002,33.17,50.010000000000005,8.99,1,Raigad,Maharashtra
2015-08-30,5.53,21.000000000000004,37.7,51.28000000000001,8.99,1,Raigad,Maharashtra
2015-08-31,3.16,15.170000000000002,38.66,50.73000000000001,6.48,1,Raigad,Maharashtra
2015-09-01,1.49,10.18,34.120000000000005,46.460000000000015,5.53,1,Raigad,Maharashtra
2015-09-02,0.44,5.09,30.09,46.22000000000001,3.16,1,Raigad,Maharashtra
2015-09-03,0.29,2.2199999999999998,26.380000000000003,46.45000000000001,1.49,1,Raigad,Maharashtra
2015-09-04,0.14,0.87,17.529999999999998,46.48000000000001,0.44,1,Raigad,Maharashtra
2015-09-05,0.01,0.44,11.06,45.48000000000001,0.29,1,Raigad,Maharashtra
2015-09-06,0.0,0.15000000000000002,5.53,44.23000000000001,0.14,1,Raigad,Maharashtra
2015-09-07,0.41,0.42,2.78,43.640000000000015,0.41,1,Raigad,Maharashtra
2015-09-08,11.28,11.69,12.569999999999999,52.72000000000001,11.28,1,Raigad,Maharashtra
2015-09-09,17.27,28.96,29.4,63.96000000000001,17.27,1,Raigad,Maharashtra
2015-09-10,27.64,56.19,56.75,87.13000000000001,27.64,1,Raigad,Maharashtra
2015-09-11,11.78,56.69,68.39,94.91000000000001,27.64,1,Raigad,Maharashtra
2015-09-12,34.52,73.94,102.9,120.44000000000003,34.52,1,Raigad,Maharashtra
2015-09-13,27.24,73.54,130.14,141.20000000000002,34.52,1,Raigad,Maharashtra
2015-09-14,12.08,73.84,141.81,147.75,34.52,1,Raigad,Maharashtra
2015-09-15,23.75,63.07,154.28,168.34000000000003,27.24,1,Raigad,Maharashtra
2015-09-16,12.71,48.54,149.72,179.56,23.75,1,Raigad,Maharashtra
2015-09-17,8.31,44.77,130.39000000000001,187.43,23.75,1,Raigad,Maharashtra
2015-09-18,21.69,42.71,140.3,208.83,21.69,1,Raigad,Maharashtra
2015-09-19,23.06,53.06,128.84,231.75,23.06,1,Raigad,Maharashtra
2015-09-20,19.67,64.42,121.27,251.41000000000003,23.06,1,Raigad,Maharashtra
2015-09-21,15.67,58.4,124.86,267.08000000000004,23.06,1,Raigad,Maharashtra
2015-09-22,3.68,39.02,104.79,270.34999999999997,19.67,1,Raigad,Maharashtra
2015-09-23,1.34,20.69,93.42,260.41,15.67,1,Raigad,Maharashtra
2015-09-24,0.13,5.15,85.24000000000001,243.27,3.68,1,Raigad,Maharashtra
2015-09-25,0.03,1.5,63.58,215.66000000000003,1.34,1,Raigad,Maharashtra
2015-09-26,0.06,0.22,40.58,203.94000000000003,0.13,1,Raigad,Maharashtra
2015-09-27,0.0,0.09,20.91,169.42000000000002,0.06,1,Raigad,Maharashtra
2015-09-28,0.01,0.06999999999999999,5.25,142.19,0.06,1,Raigad,Maharashtra
2015-09-29,0.06,0.07,1.6300000000000001,130.17000000000002,0.06,1,Raigad,Maharashtra
2015-09-30,0.34,0.41000000000000003,0.63,106.76000000000002,0.34,1,Raigad,Maharashtra
2015-10-01,6.02,6.42,6.52,100.07000000000001,6.02,0,Raigad,Maharashtra
2015-10-02,10.55,16.91,17.04,102.31,10.55,0,Raigad,Maharashtra
2015-10-03,23.17,39.74,40.150000000000006,103.79,23.17,0,Raigad,Maharashtra
2015-10-04,10.24,43.96,50.39,90.97000000000001,23.17,0,Raigad,Maharashtra
2015-10-05,5.1,38.510000000000005,55.480000000000004,76.4,23.17,0,Raigad,Maharashtra
2015-10-06,0.34,15.68,55.760000000000005,61.070000000000014,10.24,0,Raigad,Maharashtra
2015-10-07,0.0,5.4399999999999995,55.42,57.390000000000015,5.1,0,Raigad,Maharashtra
2015-10-08,0.06,0.4,49.46,56.11000000000001,0.34,0,Raigad,Maharashtra
2015-10-09,1.5,1.56,40.41,57.48000000000001,1.5,0,Raigad,Maharashtra
2015-10-10,6.05,7.609999999999999,23.29,63.500000000000014,6.05,0,Raigad,Maharashtra
2015-10-11,13.54,21.09,26.589999999999996,76.98,13.54,0,Raigad,Maharashtra
2015-10-12,9.71,29.3,31.199999999999996,86.69000000000001,13.54,0,Raigad,Maharashtra
2015-10-13,0.76,24.01,31.619999999999997,87.44,13.54,0,Raigad,Maharashtra
2015-10-14,0.02,10.49,31.639999999999997,87.40000000000002,9.71,0,Raigad,Maharashtra
2015-10-15,0.01,0.79,31.59,87.07000000000001,0.76,0,Raigad,Maharashtra
2015-10-16,0.0,0.03,30.09,81.05000000000001,0.02,0,Raigad,Maharashtra
2015-10-17,0.0,0.01,24.04,70.5,0.01,0,Raigad,Maharashtra
2015-10-18,0.01,0.01,10.510000000000002,47.34,0.01,0,Raigad,Maharashtra
2015-10-19,0.02,0.03,0.8200000000000001,37.120000000000005,0.02,0,Raigad,Maharashtra
2015-10-20,0.0,0.030000000000000002,0.06,32.02,0.02,0,Raigad,Maharashtra
2015-10-21,0.0,0.020000000000000004,0.039999999999999994,31.680000000000007,0.02,0,Raigad,Maharashtra
2015-10-22,0.03,0.03,0.06,31.710000000000008,0.03,0,Raigad,Maharashtra
2015-10-23,0.05,0.08,0.11,31.700000000000006,0.05,0,Raigad,Maharashtra
2015-10-24,0.04,0.12,0.15,30.24000000000001,0.05,0,Raigad,Maharashtra
2015-10-25,1.75,1.84,1.89,25.94000000000001,1.75,0,Raigad,Maharashtra
2015-10-26,0.92,2.71,2.79,13.320000000000007,1.75,0,Raigad,Maharashtra
2015-10-27,0.39,3.06,3.1799999999999997,4.000000000000007,1.75,0,Raigad,Maharashtra
2015-10-28,0.43,1.74,3.61,3.6700000000000075,0.92,0,Raigad,Maharashtra
2015-10-29,0.0,0.8200000000000001,3.58,3.6500000000000075,0.43,0,Raigad,Maharashtra
2015-10-30,0.0,0.43,3.53,3.6400000000000072,0.43,0,Raigad,Maharashtra
2015-10-31,0.0,0.0,3.4899999999999998,3.6400000000000072,0.0,0,Raigad,Maharashtra
2015-11-01,0.0,0.0,1.74,3.6400000000000072,0.0,0,Raigad,Maharashtra
2015-11-02,0.02,0.02,0.84,3.6500000000000075,0.02,0,Raigad,Maharashtra
2015-11-03,0.0,0.02,0.45,3.6300000000000074,0.02,0,Raigad,Maharashtra
2015-11-04,0.24,0.26,0.26,3.870000000000007,0.24,0,Raigad,Maharashtra
2015-11-05,0.02,0.26,0.27999999999999997,3.8900000000000072,0.24,0,Raigad,Maharashtra
2015-11-06,0.0,0.26,0.27999999999999997,3.860000000000007,0.24,0,Raigad,Maharashtra
2015-11-07,0.05,0.07,0.32999999999999996,3.860000000000007,0.05,0,Raigad,Maharashtra
2015-11-08,0.0,0.05,0.32999999999999996,3.820000000000007,0.05,0,Raigad,Maharashtra
2015-11-09,0.0,0.05,0.30999999999999994,2.070000000000007,0.05,0,Raigad,Maharashtra
2015-11-10,0.0,0.0,0.30999999999999994,1.1500000000000072,0.0,0,Raigad,Maharashtra
2015-11-11,0.0,0.0,0.07,0.7600000000000071,0.0,0,Raigad,Maharashtra
2015-11-12,0.0,0.0,0.05,0.33000000000000707,0.0,0,Raigad,Maharashtra
2015-11-13,0.0,0.0,0.05,0.33000000000000707,0.0,0,Raigad,Maharashtra
2015-11-14,0.01,0.01,0.01,0.3400000000000071,0.01,0,Raigad,Maharashtra
2015-11-15,0.0,0.01,0.01,0.3400000000000071,0.01,0,Raigad,Maharashtra
2015-11-16,0.0,0.01,0.01,0.3400000000000071,0.01,0,Raigad,Maharashtra
2015-11-17,0.0,0.0,0.01,0.32000000000000706,0.0,0,Raigad,Maharashtra
2015-11-18,0.0,0.0,0.01,0.32000000000000706,0.0,0,Raigad,Maharashtra
2015-11-19,0.0,0.0,0.01,0.08000000000000711,0.0,0,Raigad,Maharashtra
2015-11-20,0.1,0.1,0.11,0.1600000000000071,0.1,0,Raigad,Maharashtra
2015-11-21,2.26,2.36,2.36,2.420000000000007,2.26,0,Raigad,Maharashtra
2015-11-22,11.97,14.33,14.33,14.340000000000007,11.97,0,Raigad,Maharashtra
2015-11-23,17.0,31.23,31.33,31.340000000000007,17.0,0,Raigad,Maharashtra
2015-11-24,2.09,31.06,33.42,33.43000000000001,17.0,0,Raigad,Maharashtra
2015-11-25,0.78,19.87,34.199999999999996,34.21000000000001,17.0,0,Raigad,Maharashtra
2015-11-26,0.24,3.11,34.44,34.45000000000001,2.09,0,Raigad,Maharashtra
2015-11-27,0.0,1.02,34.339999999999996,34.45000000000001,0.78,0,Raigad,Maharashtra
2015-11-28,0.0,0.24,32.08,34.45000000000001,0.24,0,Raigad,Maharashtra
2015-11-29,0.0,0.0,20.11,34.44000000000001,0.0,0,Raigad,Maharashtra
2015-11-30,0.0,0.0,3.11,34.44000000000001,0.0,0,Raigad,Maharashtra
2015-12-01,0.01,0.01,1.03,34.45000000000001,0.01,0,Raigad,Maharashtra
2015-12-02,0.01,0.02,0.26,34.46000000000001,0.01,0,Raigad,Maharashtra
2015-12-03,0.0,0.02,0.02,34.46000000000001,0.01,0,Raigad,Maharashtra
2015-12-04,0.0,0.01,0.02,34.46000000000001,0.01,0,Raigad,Maharashtra
2015-12-05,0.0,0.0,0.02,34.36000000000001,0.0,0,Raigad,Maharashtra
2015-12-06,0.0,0.0,0.02,32.10000000000001,0.0,0,Raigad,Maharashtra
2015-12-07,0.0,0.0,0.02,20.130000000000006,0.0,0,Raigad,Maharashtra
2015-12-08,0.0,0.0,0.01,3.130000000000007,0.0,0,Raigad,Maharashtra
2015-12-09,0.0,0.0,0.0,1.0400000000000071,0.0,0,Raigad,Maharashtra
2015-12-10,0.0,0.0,0.0,0.2600000000000071,0.0,0,Raigad,Maharashtra
2015-12-11,0.0,0.0,0.0,0.020000000000007106,0.0,0,Raigad,Maharashtra
2015-12-12,0.0,0.0,0.0,0.020000000000007106,0.0,0,Raigad,Maharashtra
2015-12-13,0.0,0.0,0.0,0.020000000000007106,0.0,0,Raigad,Maharashtra
2015-12-14,0.0,0.0,0.0,0.020000000000007106,0.0,0,Raigad,Maharashtra
2015-12-15,0.0,0.0,0.0,0.020000000000007106,0.0,0,Raigad,Maharashtra
2015-12-16,0.0,0.0,0.0,0.010000000000007106,0.0,0,Raigad,Maharashtra
2015-12-17,0.0,0.0,0.0,0.0,0.0,0,Raigad,Maharashtra
2015-12-18,0.0,0.0,0.0,0.0,0.0,0,Raigad,Maharashtra
2015-12-19,0.0,0.0,0.0,0.0,0.0,0,Raigad,Maharashtra
2015-12-20,0.0,0.0,0.0,0.0,0.0,0,Raigad,Maharashtra
2015-12-21,0.0,0.0,0.0,0.0,0.0,0,Raigad,Maharashtra
2015-12-22,0.0,0.0,0.0,0.0,0.0,0,Raigad,Maharashtra
2015-12-23,0.0,0.0,0.0,0.0,0.0,0,Raigad,Maharashtra
2015-12-24,0.0,0.0,0.0,0.0,0.0,0,Raigad,Maharashtra
2015-12-25,0.0,0.0,0.0,0.0,0.0,0,Raigad,Maharashtra
2015-12-26,0.0,0.0,0.0,0.0,0.0,0,Raigad,Maharashtra
2015-12-27,0.0,0.0,0.0,0.0,0.0,0,Raigad,Maharashtra
2015-12-28,0.0,0.0,0.0,0.0,0.0,0,Raigad,Maharashtra
2015-12-29,0.0,0.0,0.0,0.0,0.0,0,Raigad,Maharashtra
2015-12-30,0.0,0.0,0.0,0.0,0.0,0,Raigad,Maharashtra
2015-12-31,0.0,0.0,0.0,0.0,0.0,0,Raigad,Maharashtra
2016-01-01,0.0,0.0,0.0,0.0,0.0,0,Raigad,Maharashtra
2016-01-02,0.0,0.0,0.0,0.0,0.0,0,Raigad,Maharashtra
2016-01-03,0.0,0.0,0.0,0.0,0.0,0,Raigad,Maharashtra
2016-01-04,0.0,0.0,0.0,0.0,0.0,0,Raigad,Maharashtra
2016-01-05,0.0,0.0,0.0,0.0,0.0,0,Raigad,Maharashtra
2016-01-06,0.0,0.0,0.0,0.0,0.0,0,Raigad,Maharashtra
2016-01-07,0.0,0.0,0.0,0.0,0.0,0,Raigad,Maharashtra
2016-01-08,0.0,0.0,0.0,0.0,0.0,0,Raigad,Maharashtra
2016-01-09,0.0,0.0,0.0,0.0,0.0,0,Raigad,Maharashtra
2016-01-10,0.0,0.0,0.0,0.0,0.0,0,Raigad,Maharashtra
2016-01-11,0.0,0.0,0.0,0.0,0.0,0,Raigad,Maharashtra
2016-01-12,0.0,0.0,0.0,0.0,0.0,0,Raigad,Maharashtra
2016-01-13,0.0,0.0,0.0,0.0,0.0,0,Raigad,Maharashtra
2016-01-14,0.0,0.0,0.0,0.0,0.0,0,Raigad,Maharashtra
2016-01-15,0.0,0.0,0.0,0.0,0.0,0,Raigad,Maharashtra
2016-01-16,0.22,0.22,0.22,0.2200000000000071,0.22,0,Raigad,Maharashtra
2016-01-17,0.06,0.28,0.28,0.28000000000000713,0.22,0,Raigad,Maharashtra
2016-01-18,0.0,0.28,0.28,0.28000000000000713,0.22,0,Raigad,Maharashtra
2016-01-19,0.0,0.06,0.28,0.28000000000000713,0.06,0,Raigad,Maharashtra
2016-01-20,0.0,0.0,0.28,0.28000000000000713,0.0,0,Raigad,Maharashtra
2016-01-21,0.0,0.0,0.28,0.28000000000000713,0.0,0,Raigad,Maharashtra
2016-01-22,0.0,0.0,0.28,0.28000000000000713,0.0,0,Raigad,Maharashtra
2016-01-23,0.0,0.0,0.06,0.28000000000000713,0.0,0,Raigad,Maharashtra
2016-01-24,0.0,0.0,0.0,0.28000000000000713,0.0,0,Raigad,Maharashtra
2016-01-25,0.0,0.0,0.0,0.28000000000000713,0.0,0,Raigad,Maharashtra
2016-01-26,0.0,0.0,0.0,0.28000000000000713,0.0,0,Raigad,Maharashtra
2016-01-27,0.0,0.0,0.0,0.28000000000000713,0.0,0,Raigad,Maharashtra
2016-01-28,0.0,0.0,0.0,0.28000000000000713,0.0,0,Raigad,Maharashtra
2016-01-29,0.0,0.0,0.0,0.28000000000000713,0.0,0,Raigad,Maharashtra
2016-01-30,0.03,0.03,0.03,0.3100000000000071,0.03,0,Raigad,Maharashtra
2016-01-31,0.07,0.1,0.1,0.1600000000000071,0.07,0,Raigad,Maharashtra
2016-02-01,0.0,0.1,0.1,0.10000000000000711,0.07,0,Raigad,Maharashtra
2016-02-02,0.0,0.07,0.1,0.10000000000000711,0.07,0,Raigad,Maharashtra
2016-02-03,0.0,0.0,0.1,0.10000000000000711,0.0,0,Raigad,Maharashtra
2016-02-04,0.0,0.0,0.1,0.10000000000000711,0.0,0,Raigad,Maharashtra
2016-02-05,0.0,0.0,0.1,0.10000000000000711,0.0,0,Raigad,Maharashtra
2016-02-06,0.0,0.0,0.07,0.10000000000000711,0.0,0,Raigad,Maharashtra
2016-02-07,0.0,0.0,0.0,0.10000000000000711,0.0,0,Raigad,Maharashtra
2016-02-08,0.0,0.0,0.0,0.10000000000000711,0.0,0,Raigad,Maharashtra
2016-02-09,0.0,0.0,0.0,0.10000000000000711,0.0,0,Raigad,Maharashtra
2016-02-10,0.0,0.0,0.0,0.10000000000000711,0.0,0,Raigad,Maharashtra
2016-02-11,0.0,0.0,0.0,0.10000000000000711,0.0,0,Raigad,Maharashtra
2016-02-12,0.0,0.0,0.0,0.10000000000000711,0.0,0,Raigad,Maharashtra
2016-02-13,0.0,0.0,0.0,0.10000000000000711,0.0,0,Raigad,Maharashtra
2016-02-14,0.0,0.0,0.0,0.07000000000000711,0.0,0,Raigad,Maharashtra
2016-02-15,0.0,0.0,0.0,0.0,0.0,0,Raigad,Maharashtra
2016-02-16,0.0,0.0,0.0,0.0,0.0,0,Raigad,Maharashtra
2016-02-17,0.0,0.0,0.0,0.0,0.0,0,Raigad,Maharashtra
2016-02-18,0.0,0.0,0.0,0.0,0.0,0,Raigad,Maharashtra
2016-02-19,0.0,0.0,0.0,0.0,0.0,0,Raigad,Maharashtra
2016-02-20,0.0,0.0,0.0,0.0,0.0,0,Raigad,Maharashtra
2016-02-21,0.0,0.0,0.0,0.0,0.0,0,Raigad,Maharashtra
2016-02-22,0.0,0.0,0.0,0.0,0.0,0,Raigad,Maharashtra
2016-02-23,0.0,0.0,0.0,0.0,0.0,0,Raigad,Maharashtra
2016-02-24,0.08,0.08,0.08,0.08000000000000711,0.08,0,Raigad,Maharashtra
2016-02-25,0.0,0.08,0.08,0.08000000000000711,0.08,0,Raigad,Maharashtra
2016-02-26,0.0,0.08,0.08,0.08000000000000711,0.08,0,Raigad,Maharashtra
2016-02-27,0.19,0.19,0.27,0.2700000000000071,0.19,0,Raigad,Maharashtra
2016-02-28,0.57,0.76,0.84,0.8400000000000071,0.57,0,Raigad,Maharashtra
2016-02-29,1.51,2.2699999999999996,2.35,2.350000000000007,1.51,0,Raigad,Maharashtra
2016-03-01,1.03,3.11,3.38,3.380000000000007,1.51,0,Raigad,Maharashtra
2016-03-02,0.63,3.17,3.9299999999999997,4.010000000000007,1.51,0,Raigad,Maharashtra
2016-03-03,0.14,1.7999999999999998,4.07,4.1500000000000075,1.03,0,Raigad,Maharashtra
2016-03-04,0.63,1.4,4.7,4.780000000000007,0.63,0,Raigad,Maharashtra
2016-03-05,0.0,0.7699999999999998,4.51,4.780000000000007,0.63,0,Raigad,Maharashtra
2016-03-06,0.0,0.6299999999999998,3.94,4.780000000000007,0.63,0,Raigad,Maharashtra
2016-03-07,0.0,0.0,2.4299999999999997,4.780000000000007,0.0,0,Raigad,Maharashtra
2016-03-08,0.0,0.0,1.4,4.780000000000007,0.0,0,Raigad,Maharashtra
2016-03-09,0.0,0.0,0.7699999999999998,4.780000000000007,0.0,0,Raigad,Maharashtra
2016-03-10,0.01,0.009999999999999778,0.6399999999999998,4.710000000000007,0.01,0,Raigad,Maharashtra
2016-03-11,0.16,0.1699999999999998,0.1699999999999998,4.870000000000007,0.16,0,Raigad,Maharashtra
2016-03-12,0.05,0.2199999999999998,0.2199999999999998,4.920000000000007,0.16,0,Raigad,Maharashtra
2016-03-13,0.0,0.2099999999999998,0.2199999999999998,4.7300000000000075,0.16,0,Raigad,Maharashtra
2016-03-14,0.0,0.04999999999999978,0.2199999999999998,4.160000000000007,0.05,0,Raigad,Maharashtra
2016-03-15,0.0,0.0,0.2199999999999998,2.650000000000007,0.0,0,Raigad,Maharashtra
2016-03-16,0.0,0.0,0.2199999999999998,1.620000000000007,0.0,0,Raigad,Maharashtra
2016-03-17,0.0,0.0,0.2099999999999998,0.9900000000000069,0.0,0,Raigad,Maharashtra
2016-03-18,0.0,0.0,0.04999999999999978,0.8500000000000069,0.0,0,Raigad,Maharashtra
2016-03-19,0.0,0.0,0.0,0.2200000000000069,0.0,0,Raigad,Maharashtra
2016-03-20,0.0,0.0,0.0,0.2200000000000069,0.0,0,Raigad,Maharashtra
2016-03-21,0.0,0.0,0.0,0.2200000000000069,0.0,0,Raigad,Maharashtra
2016-03-22,0.0,0.0,0.0,0.2200000000000069,0.0,0,Raigad,Maharashtra
2016-03-23,0.02,0.01999999999999978,0.01999999999999978,0.2400000000000069,0.02,0,Raigad,Maharashtra
2016-03-24,0.03,0.04999999999999978,0.04999999999999978,0.2700000000000069,0.03,0,Raigad,Maharashtra
2016-03-25,0.02,0.06999999999999978,0.06999999999999978,0.2800000000000069,0.03,0,Raigad,Maharashtra
2016-03-26,0.01,0.059999999999999776,0.07999999999999978,0.1300000000000069,0.03,0,Raigad,Maharashtra
2016-03-27,0.12,0.14999999999999977,0.1999999999999998,0.2000000000000069,0.12,0,Raigad,Maharashtra
2016-03-28,0.11,0.23999999999999977,0.3099999999999998,0.3100000000000069,0.12,0,Raigad,Maharashtra
2016-03-29,0.11,0.33999999999999975,0.41999999999999976,0.42000000000000687,0.12,0,Raigad,Maharashtra
2016-03-30,0.0,0.21999999999999978,0.39999999999999974,0.42000000000000687,0.11,0,Raigad,Maharashtra
2016-03-31,0.0,0.10999999999999978,0.3699999999999998,0.42000000000000687,0.11,0,Raigad,Maharashtra
2016-04-01,0.0,0.0,0.34999999999999976,0.42000000000000687,0.0,0,Raigad,Maharashtra
2016-04-02,0.0,0.0,0.33999999999999975,0.42000000000000687,0.0,0,Raigad,Maharashtra
2016-04-03,0.04,0.03999999999999978,0.2599999999999998,0.4600000000000069,0.04,0,Raigad,Maharashtra
2016-04-04,0.08,0.11999999999999977,0.2299999999999998,0.5400000000000069,0.08,0,Raigad,Maharashtra
2016-04-05,0.55,0.6699999999999998,0.6699999999999998,1.090000000000007,0.55,0,Raigad,Maharashtra
2016-04-06,0.07,0.6999999999999997,0.7399999999999998,1.160000000000007,0.55,0,Raigad,Maharashtra
2016-04-07,0.24,0.8599999999999999,0.9799999999999998,1.380000000000007,0.55,0,Raigad,Maharashtra
2016-04-08,0.0,0.3099999999999998,0.9799999999999998,1.350000000000007,0.24,0,Raigad,Maharashtra
2016-04-09,0.0,0.23999999999999977,0.9799999999999998,1.330000000000007,0.24,0,Raigad,Maharashtra
2016-04-10,0.09,0.08999999999999977,1.0299999999999998,1.4100000000000068,0.09,0,Raigad,Maharashtra
2016-04-11,0.0,0.08999999999999977,0.9499999999999998,1.290000000000007,0.09,0,Raigad,Maharashtra
2016-04-12,0.0,0.08999999999999977,0.3999999999999998,1.1800000000000068,0.09,0,Raigad,Maharashtra
2016-04-13,0.0,0.0,0.32999999999999974,1.070000000000007,0.0,0,Raigad,Maharashtra
2016-04-14,0.0,0.0,0.08999999999999977,1.070000000000007,0.0,0,Raigad,Maharashtra
2016-04-15,0.0,0.0,0.08999999999999977,1.070000000000007,0.0,0,Raigad,Maharashtra
2016-04-16,0.0,0.0,0.08999999999999977,1.070000000000007,0.0,0,Raigad,Maharashtra
2016-04-17,0.0,0.0,0.0,1.070000000000007,0.0,0,Raigad,Maharashtra
2016-04-18,0.09,0.08999999999999977,0.08999999999999977,1.120000000000007,0.09,0,Raigad,Maharashtra
2016-04-19,0.09,0.17999999999999977,0.17999999999999977,1.130000000000007,0.09,0,Raigad,Maharashtra
2016-04-20,0.35,0.5299999999999998,0.5299999999999998,0.9300000000000068,0.35,0,Raigad,Maharashtra
2016-04-21,0.0,0.4399999999999998,0.5299999999999998,0.8600000000000068,0.35,0,Raigad,Maharashtra
2016-04-22,0.0,0.34999999999999976,0.5299999999999998,0.6200000000000068,0.35,0,Raigad,Maharashtra
2016-04-23,0.02,0.01999999999999978,0.5499999999999997,0.6400000000000068,0.02,0,Raigad,Maharashtra
2016-04-24,0.14,0.15999999999999978,0.6899999999999997,0.7800000000000068,0.14,0,Raigad,Maharashtra
2016-04-25,0.0,0.15999999999999978,0.5999999999999998,0.6900000000000068,0.14,0,Raigad,Maharashtra
2016-04-26,0.0,0.1399999999999998,0.5099999999999998,0.6900000000000068,0.14,0,Raigad,Maharashtra
2016-04-27,0.08,0.07999999999999978,0.23999999999999977,0.7700000000000068,0.08,0,Raigad,Maharashtra
2016-04-28,0.26,0.3399999999999998,0.4999999999999998,1.030000000000007,0.26,0,Raigad,Maharashtra
2016-04-29,0.05,0.3899999999999998,0.5499999999999998,1.0800000000000067,0.26,0,Raigad,Maharashtra
2016-04-30,0.04,0.3499999999999998,0.5699999999999997,1.1200000000000068,0.26,0,Raigad,Maharashtra
2016-05-01,0.07,0.15999999999999978,0.4999999999999998,1.1900000000000068,0.07,0,Raigad,Maharashtra
2016-05-02,0.01,0.11999999999999977,0.5099999999999998,1.2000000000000068,0.07,0,Raigad,Maharashtra
2016-05-03,0.01,0.08999999999999977,0.5199999999999998,1.120000000000007,0.07,0,Raigad,Maharashtra
2016-05-04,0.03,0.04999999999999977,0.4699999999999998,1.060000000000007,0.03,0,Raigad,Maharashtra
2016-05-05,0.03,0.06999999999999976,0.23999999999999977,0.7400000000000069,0.03,0,Raigad,Maharashtra
2016-05-06,0.31,0.3699999999999998,0.4999999999999998,1.050000000000007,0.31,0,Raigad,Maharashtra
2016-05-07,0.2,0.5399999999999998,0.6599999999999997,1.2500000000000069,0.31,0,Raigad,Maharashtra
2016-05-08,0.38,0.8899999999999997,0.9699999999999998,1.610000000000007,0.38,0,Raigad,Maharashtra
2016-05-09,1.67,2.2499999999999996,2.63,3.140000000000007,1.67,0,Raigad,Maharashtra
2016-05-10,2.43,4.4799999999999995,5.049999999999999,5.570000000000007,2.43,0,Raigad,Maharashtra
2016-05-11,0.92,5.02,5.94,6.490000000000007,2.43,0,Raigad,Maharashtra
2016-05-12,0.9,4.25,6.81,7.310000000000008,2.43,0,Raigad,Maharashtra
2016-05-13,1.57,3.3899999999999997,8.07,8.620000000000008,1.57,0,Raigad,Maharashtra
2016-05-14,0.89,3.36,8.76,9.460000000000006,1.57,0,Raigad,Maharashtra
2016-05-15,0.45,2.9099999999999997,8.83,9.870000000000008,1.57,0,Raigad,Maharashtra
2016-05-16,0.07,1.4099999999999997,7.2299999999999995,9.870000000000008,0.89,0,Raigad,Maharashtra
2016-05-17,0.02,0.5399999999999996,4.819999999999999,9.880000000000008,0.45,0,Raigad,Maharashtra
2016-05-18,0.04,0.12999999999999956,3.94,9.910000000000007,0.07,0,Raigad,Maharashtra
2016-05-19,0.12,0.17999999999999955,3.1599999999999997,10.000000000000007,0.12,0,Raigad,Maharashtra
2016-05-20,0.12,0.2799999999999996,1.7099999999999995,10.090000000000007,0.12,0,Raigad,Maharashtra
2016-05-21,0.05,0.28999999999999954,0.8699999999999996,9.830000000000007,0.12,0,Raigad,Maharashtra
2016-05-22,0.02,0.18999999999999956,0.43999999999999956,9.650000000000007,0.12,0,Raigad,Maharashtra
2016-05-23,0.15,0.21999999999999956,0.5199999999999996,9.420000000000007,0.15,0,Raigad,Maharashtra
2016-05-24,0.04,0.20999999999999955,0.5399999999999995,7.790000000000007,0.15,0,Raigad,Maharashtra
2016-05-25,0.08,0.2699999999999996,0.5799999999999995,5.4400000000000075,0.15,0,Raigad,Maharashtra
2016-05-26,0.14,0.25999999999999956,0.5999999999999995,4.660000000000007,0.14,0,Raigad,Maharashtra
2016-05-27,0.07,0.2899999999999996,0.5499999999999996,3.830000000000007,0.14,0,Raigad,Maharashtra
2016-05-28,0.02,0.22999999999999957,0.5199999999999996,2.2800000000000074,0.14,0,Raigad,Maharashtra
2016-05-29,0.06,0.14999999999999958,0.5599999999999996,1.450000000000007,0.07,0,Raigad,Maharashtra
2016-05-30,0.09,0.16999999999999954,0.49999999999999956,1.090000000000007,0.09,0,Raigad,Maharashtra
2016-05-31,0.14,0.2899999999999996,0.5999999999999996,1.1600000000000072,0.14,0,Raigad,Maharashtra
2016-06-01,1.34,1.5699999999999996,1.8599999999999999,2.4800000000000075,1.34,1,Raigad,Maharashtra
2016-06-02,1.19,2.6699999999999995,2.9099999999999993,3.630000000000007,1.34,1,Raigad,Maharashtra
2016-06-03,0.65,3.1799999999999993,3.4899999999999998,4.160000000000007,1.34,1,Raigad,Maharashtra
2016-06-04,16.04,17.88,19.509999999999998,20.080000000000005,16.04,1,Raigad,Maharashtra
2016-06-05,13.79,30.479999999999997,33.239999999999995,33.82000000000001,16.04,1,Raigad,Maharashtra
2016-06-06,7.75,37.58,40.89999999999999,41.55000000000001,16.04,1,Raigad,Maharashtra
2016-06-07,1.38,22.919999999999998,42.13999999999999,42.78,13.79,1,Raigad,Maharashtra
2016-06-08,2.49,11.620000000000001,43.29,45.230000000000004,7.75,1,Raigad,Maharashtra
2016-06-09,1.89,5.76,43.99,47.040000000000006,2.49,1,Raigad,Maharashtra
2016-06-10,5.3,9.68,48.63999999999999,52.2,5.3,1,Raigad,Maharashtra
2016-06-11,14.13,21.32,46.73,66.26,14.13,1,Raigad,Maharashtra
2016-06-12,7.06,26.49,40.0,73.30000000000001,14.13,1,Raigad,Maharashtra
2016-06-13,5.28,26.47,37.53,78.52000000000001,14.13,1,Raigad,Maharashtra
2016-06-14,3.06,15.4,39.21,81.49000000000001,7.06,1,Raigad,Maharashtra
2016-06-15,2.22,10.559999999999999,38.94,83.57000000000001,5.28,1,Raigad,Maharashtra
2016-06-16,1.7,6.98,38.75,83.92999999999999,3.06,1,Raigad,Maharashtra
2016-06-17,2.18,6.1,35.63,84.92,2.22,1,Raigad,Maharashtra
2016-06-18,3.73,7.609999999999999,25.23,88.00000000000001,3.73,1,Raigad,Maharashtra
2016-06-19,9.07,14.98,27.240000000000002,81.03,9.07,1,Raigad,Maharashtra
2016-06-20,27.33,40.129999999999995,49.29,94.57000000000001,27.33,1,Raigad,Maharashtra
2016-06-21,29.21,65.61,75.44,116.03000000000002,29.21,1,Raigad,Maharashtra
2016-06-22,8.5,65.03999999999999,81.72,123.15,29.21,1,Raigad,Maharashtra
2016-06-23,16.83,54.53999999999999,96.85,137.49,29.21,1,Raigad,Maharashtra
2016-06-24,32.88,58.21000000000001,127.55000000000001,168.48000000000002,32.88,1,Raigad,Maharashtra
2016-06-25,113.95,163.66000000000003,237.76999999999998,277.13,113.95,1,Raigad,Maharashtra
2016-06-26,44.54,191.37000000000003,273.24,307.54,113.95,1,Raigad,Maharashtra
2016-06-27,40.13,198.62,286.03999999999996,340.61,113.95,1,Raigad,Maharashtra
2016-06-28,59.3,143.97000000000003,316.13,394.63,59.3,1,Raigad,Maharashtra
2016-06-29,31.42,130.85000000000002,339.05,422.99,59.3,1,Raigad,Maharashtra
2016-06-30,33.65,124.37,355.87,454.42,59.3,1,Raigad,Maharashtra
2016-07-01,38.16,103.23000000000002,361.15,490.88,38.16,1,Raigad,Maharashtra
2016-07-02,103.97,175.78000000000003,351.16999999999996,592.6700000000001,103.97,1,Raigad,Maharashtra
2016-07-03,63.1,205.23000000000002,369.72999999999996,652.04,103.97,1,Raigad,Maharashtra
2016-07-04,40.17,207.24,369.77,683.1400000000001,103.97,1,Raigad,Maharashtra
2016-07-05,28.3,131.57000000000002,338.77000000000004,684.11,63.1,1,Raigad,Maharashtra
2016-07-06,18.19,86.66000000000003,325.54,673.09,40.17,1,Raigad,Maharashtra
2016-07-07,12.75,59.240000000000016,304.64,677.34,28.3,1,Raigad,Maharashtra
2016-07-08,24.92,55.860000000000014,291.4,685.4300000000001,24.92,1,Raigad,Maharashtra
2016-07-09,33.79,71.46000000000002,221.22,686.3399999999999,33.79,1,Raigad,Maharashtra
2016-07-10,96.15,154.86,254.27,668.54,96.15,1,Raigad,Maharashtra
2016-07-11,52.67,182.61,266.77,676.6700000000001,96.15,1,Raigad,Maharashtra
2016-07-12,18.82,167.64000000000001,257.29,655.3599999999999,96.15,1,Raigad,Maharashtra
2016-07-13,20.4,91.89000000000001,259.5,616.46,52.67,1,Raigad,Maharashtra
2016-07-14,16.19,55.41000000000001,262.94,601.23,20.4,1,Raigad,Maharashtra
2016-07-15,13.78,50.37000000000001,251.8,581.36,20.4,1,Raigad,Maharashtra
2016-07-16,14.61,44.58000000000001,232.62,557.81,16.19,1,Raigad,Maharashtra
2016-07-17,13.82,42.210000000000015,150.29,467.66,14.61,1,Raigad,Maharashtra
2016-07-18,31.59,60.02000000000001,129.21,436.15,31.59,1,Raigad,Maharashtra
2016-07-19,64.16,109.57000000000001,174.55,460.14,64.16,1,Raigad,Maharashtra
2016-07-20,34.14,129.89000000000001,188.29000000000002,465.98,64.16,1,Raigad,Maharashtra
2016-07-21,18.45,116.75000000000001,190.55,466.24,64.16,1,Raigad,Maharashtra
2016-07-22,26.67,79.26000000000002,203.44,480.16,34.14,1,Raigad,Maharashtra
2016-07-23,24.54,69.66000000000001,213.37,479.78,26.67,1,Raigad,Maharashtra
2016-07-24,9.09,60.30000000000001,208.64,455.08,26.67,1,Raigad,Maharashtra
2016-07-25,9.86,43.49000000000001,186.91,368.78999999999996,24.54,1,Raigad,Maharashtra
2016-07-26,16.87,35.820000000000014,139.62,332.98999999999995,16.87,1,Raigad,Maharashtra
2016-07-27,14.31,41.04000000000001,119.79,328.47999999999996,16.87,1,Raigad,Maharashtra
2016-07-28,24.27,55.45000000000002,125.61,332.35,24.27,1,Raigad,Maharashtra
2016-07-29,51.24,89.82000000000002,150.18,367.40000000000003,51.24,1,Raigad,Maharashtra
2016-07-30,31.62,107.13000000000001,157.26000000000002,385.24,51.24,1,Raigad,Maharashtra
2016-07-31,123.27,206.13,271.44,493.9,123.27,1,Raigad,Maharashtra
2016-08-01,120.75,275.64,382.33,600.8299999999999,123.27,1,Raigad,Maharashtra
2016-08-02,89.52,333.53999999999996,454.97999999999996,658.76,123.27,1,Raigad,Maharashtra
2016-08-03,83.96,294.23,524.63,678.56,120.75,1,Raigad,Maharashtra
2016-08-04,35.92,209.4,536.28,680.3399999999999,89.52,1,Raigad,Maharashtra
2016-08-05,49.73,169.61,534.77,711.62,83.96,1,Raigad,Maharashtra
2016-08-06,28.74,114.39000000000001,531.89,713.6899999999999,49.73,1,Raigad,Maharashtra
2016-08-07,18.99,97.46000000000001,427.61,708.14,49.73,1,Raigad,Maharashtra
2016-08-08,21.69,69.42000000000002,328.55,720.74,28.74,1,Raigad,Maharashtra
2016-08-09,23.33,64.01000000000002,262.36,734.2099999999999,23.33,1,Raigad,Maharashtra
2016-08-10,24.92,69.94000000000001,203.32,742.26,24.92,1,Raigad,Maharashtra
2016-08-11,21.99,70.24000000000001,189.39,749.94,24.92,1,Raigad,Maharashtra
2016-08-12,15.21,62.12000000000002,154.87,740.88,24.92,1,Raigad,Maharashtra
2016-08-13,6.67,43.87000000000002,132.79999999999998,696.3100000000001,21.99,1,Raigad,Maharashtra
2016-08-14,2.98,24.860000000000014,116.79,667.67,15.21,1,Raigad,Maharashtra
2016-08-15,3.87,13.520000000000014,98.97,548.27,6.67,1,Raigad,Maharashtra
2016-08-16,2.96,9.810000000000015,78.60000000000001,430.47999999999996,3.87,1,Raigad,Maharashtra
2016-08-17,3.47,10.300000000000015,57.150000000000006,344.43,3.87,1,Raigad,Maharashtra
2016-08-18,6.51,12.940000000000015,41.67,266.98,6.51,1,Raigad,Maharashtra
2016-08-19,3.39,13.370000000000013,29.85,234.45,6.51,1,Raigad,Maharashtra
2016-08-20,4.67,14.570000000000013,27.849999999999998,189.39000000000001,6.51,1,Raigad,Maharashtra
2016-08-21,7.75,15.810000000000013,32.620000000000005,168.4,7.75,1,Raigad,Maharashtra
2016-08-22,12.86,25.280000000000015,41.61,162.27,12.86,1,Raigad,Maharashtra
2016-08-23,27.55,48.16000000000001,66.2,168.13,27.55,1,Raigad,Maharashtra
2016-08-24,16.75,57.16000000000001,79.48,161.55,27.55,1,Raigad,Maharashtra
2016-08-25,8.7,53.000000000000014,81.66999999999999,145.32999999999998,27.55,1,Raigad,Maharashtra
2016-08-26,22.37,47.820000000000014,100.64999999999999,145.71,22.37,1,Raigad,Maharashtra
2016-08-27,47.71,78.78000000000002,143.69,178.21,47.71,1,Raigad,Maharashtra
2016-08-28,34.33,104.41000000000001,170.26999999999998,205.87,47.71,1,Raigad,Maharashtra
2016-08-29,12.66,94.70000000000002,170.07000000000002,215.54999999999998,47.71,1,Raigad,Maharashtra
2016-08-30,10.16,57.15000000000001,152.68,221.83999999999997,34.33,1,Raigad,Maharashtra
2016-08-31,5.69,28.510000000000016,141.62,224.57000000000002,12.66,1,Raigad,Maharashtra
2016-09-01,9.21,25.060000000000016,142.13000000000002,230.31,10.16,1,Raigad,Maharashtra
2016-09-02,8.23,23.130000000000017,127.99000000000001,232.03,9.21,1,Raigad,Maharashtra
2016-09-03,8.41,25.850000000000016,88.69,237.05,9.21,1,Raigad,Maharashtra
2016-09-04,2.99,19.630000000000017,57.35,235.37,8.41,1,Raigad,Maharashtra
2016-09-05,2.26,13.660000000000014,46.95,229.88,8.41,1,Raigad,Maharashtra
2016-09-06,3.05,8.300000000000015,39.84,220.07,3.05,1,Raigad,Maharashtra
2016-09-07,3.32,8.630000000000013,37.470000000000006,195.84,3.32,1,Raigad,Maharashtra
2016-09-08,2.31,8.680000000000014,30.57,181.4,3.32,1,Raigad,Maharashtra
2016-09-09,2.19,7.8200000000000145,24.53,174.89000000000001,3.32,1,Raigad,Maharashtra
2016-09-10,3.11,7.610000000000014,19.23,155.63,3.11,1,Raigad,Maharashtra
2016-09-11,5.53,10.830000000000014,21.770000000000003,113.44999999999999,5.53,1,Raigad,Maharashtra
2016-09-12,1.23,9.870000000000015,20.74,80.35000000000001,5.53,1,Raigad,Maharashtra
2016-09-13,1.8,8.560000000000015,19.49,69.49,5.53,1,Raigad,Maharashtra
2016-09-14,9.87,12.900000000000013,26.04,69.2,9.87,1,Raigad,Maharashtra
2016-09-15,20.12,31.790000000000017,43.849999999999994,83.63,20.12,1,Raigad,Maharashtra
2016-09-16,44.41,74.4,86.07,118.82999999999998,44.41,1,Raigad,Maharashtra
2016-09-17,136.26,200.79,219.21999999999997,246.85999999999999,136.26,1,Raigad,Maharashtra
2016-09-18,44.59,225.26,258.28,283.03999999999996,136.26,1,Raigad,Maharashtra
2016-09-19,15.92,196.77,272.96999999999997,295.96999999999997,136.26,1,Raigad,Maharashtra
2016-09-20,24.37,84.88000000000002,295.53999999999996,318.08,44.59,1,Raigad,Maharashtra
2016-09-21,77.1,117.39000000000001,362.77,392.13,77.1,1,Raigad,Maharashtra
2016-09-22,55.96,157.43,398.60999999999996,444.77,77.1,1,Raigad,Maharashtra
2016-09-23,63.17,196.23000000000002,417.36999999999995,505.63,77.1,1,Raigad,Maharashtra
2016-09-24,43.86,162.99,324.96999999999997,547.3,63.17,1,Raigad,Maharashtra
2016-09-25,13.69,120.72000000000001,294.07,557.88,63.17,1,Raigad,Maharashtra
2016-09-26,8.44,65.99000000000001,286.59,560.79,43.86,1,Raigad,Maharashtra
2016-09-27,4.0,26.130000000000013,266.21999999999997,563.56,13.69,1,Raigad,Maharashtra
2016-09-28,0.94,13.380000000000013,190.05999999999997,562.7,8.44,1,Raigad,Maharashtra
2016-09-29,0.86,5.800000000000014,134.95999999999995,553.69,4.0,1,Raigad,Maharashtra
2016-09-30,0.36,2.1600000000000144,72.14999999999998,533.93,0.94,1,Raigad,Maharashtra
2016-10-01,20.48,21.700000000000014,48.76999999999997,510.0,20.48,0,Raigad,Maharashtra
2016-10-02,19.48,40.320000000000014,54.559999999999974,393.21999999999997,20.48,0,Raigad,Maharashtra
2016-10-03,16.96,56.920000000000016,63.07999999999998,365.59000000000003,20.48,0,Raigad,Maharashtra
2016-10-04,23.06,59.500000000000014,82.13999999999997,372.73,23.06,0,Raigad,Maharashtra
2016-10-05,7.09,47.110000000000014,88.28999999999996,355.45,23.06,0,Raigad,Maharashtra
2016-10-06,3.08,33.23000000000001,90.50999999999998,281.43,23.06,0,Raigad,Maharashtra
2016-10-07,3.4,13.570000000000014,93.54999999999997,228.87,7.09,0,Raigad,Maharashtra
2016-10-08,1.5,7.980000000000015,74.56999999999996,167.20000000000002,3.4,0,Raigad,Maharashtra
2016-10-09,4.06,8.960000000000013,59.14999999999997,127.39999999999999,4.06,0,Raigad,Maharashtra
2016-10-10,3.04,8.600000000000012,45.22999999999997,116.75,4.06,0,Raigad,Maharashtra
2016-10-11,1.41,8.510000000000012,23.57999999999997,109.72,4.06,0,Raigad,Maharashtra
2016-10-12,0.64,5.090000000000014,17.12999999999997,106.36,3.04,0,Raigad,Maharashtra
2016-10-13,0.16,2.210000000000014,14.20999999999997,105.58,1.41,0,Raigad,Maharashtra
2016-10-14,0.42,1.2200000000000142,11.22999999999997,105.14,0.64,0,Raigad,Maharashtra
2016-10-15,0.06,0.6400000000000141,9.78999999999997,104.84,0.42,0,Raigad,Maharashtra
2016-10-16,0.01,0.49000000000001415,5.739999999999972,84.36999999999999,0.42,0,Raigad,Maharashtra
2016-10-17,0.0,0.0700000000000142,2.6999999999999713,64.88999999999999,0.06,0,Raigad,Maharashtra
2016-10-18,0.01,0.02000000000001421,1.2999999999999716,47.94,0.01,0,Raigad,Maharashtra
2016-10-19,0.0,0.010000000000014211,0.6599999999999715,24.88,0.01,0,Raigad,Maharashtra
2016-10-20,0.0,0.010000000000014211,0.4999999999999715,17.79,0.01,0,Raigad,Maharashtra
2016-10-21,0.0,0.0,0.07999999999997158,14.709999999999999,0.0,0,Raigad,Maharashtra
2016-10-22,0.0,0.0,0.01999999999997158,11.309999999999999,0.0,0,Raigad,Maharashtra
2016-10-23,0.0,0.0,0.009999999999971578,9.809999999999999,0.0,0,Raigad,Maharashtra
2016-10-24,0.0,0.0,0.009999999999971578,5.75,0.0,0,Raigad,Maharashtra
2016-10-25,0.0,0.0,0.0,2.71,0.0,0,Raigad,Maharashtra
2016-10-26,0.0,0.0,0.0,1.3,0.0,0,Raigad,Maharashtra
2016-10-27,0.0,0.0,0.0,0.6599999999999999,0.0,0,Raigad,Maharashtra
2016-10-28,0.0,0.0,0.0,0.49999999999999994,0.0,0,Raigad,Maharashtra
2016-10-29,0.0,0.0,0.0,0.08,0.0,0,Raigad,Maharashtra
2016-10-30,0.0,0.0,0.0,0.02,0.0,0,Raigad,Maharashtra
2016-10-31,0.0,0.0,0.0,0.01,0.0,0,Raigad,Maharashtra
2016-11-01,0.0,0.0,0.0,0.01,0.0,0,Raigad,Maharashtra
2016-11-02,0.0,0.0,0.0,0.0,0.0,0,Raigad,Maharashtra
2016-11-03,0.0,0.0,0.0,0.0,0.0,0,Raigad,Maharashtra
2016-11-04,0.0,0.0,0.0,0.0,0.0,0,Raigad,Maharashtra
2016-11-05,0.0,0.0,0.0,0.0,0.0,0,Raigad,Maharashtra
2016-11-06,0.0,0.0,0.0,0.0,0.0,0,Raigad,Maharashtra
2016-11-07,0.0,0.0,0.0,0.0,0.0,0,Raigad,Maharashtra
2016-11-08,0.0,0.0,0.0,0.0,0.0,0,Raigad,Maharashtra
2016-11-09,0.0,0.0,0.0,0.0,0.0,0,Raigad,Maharashtra
2016-11-10,0.0,0.0,0.0,0.0,0.0,0,Raigad,Maharashtra
2016-11-11,0.0,0.0,0.0,0.0,0.0,0,Raigad,Maharashtra
2016-11-12,0.0,0.0,0.0,0.0,0.0,0,Raigad,Maharashtra
2016-11-13,0.0,0.0,0.0,0.0,0.0,0,Raigad,Maharashtra
2016-11-14,0.0,0.0,0.0,0.0,0.0,0,Raigad,Maharashtra
2016-11-15,0.0,0.0,0.0,0.0,0.0,0,Raigad,Maharashtra
2016-11-16,0.01,0.010000000000014211,0.009999999999971578,0.01,0.01,0,Raigad,Maharashtra
2016-11-17,0.0,0.010000000000014211,0.009999999999971578,0.01,0.01,0,Raigad,Maharashtra
2016-11-18,0.0,0.010000000000014211,0.009999999999971578,0.01,0.01,0,Raigad,Maharashtra
2016-11-19,0.0,0.0,0.009999999999971578,0.01,0.0,0,Raigad,Maharashtra
2016-11-20,0.0,0.0,0.009999999999971578,0.01,0.0,0,Raigad,Maharashtra
2016-11-21,0.0,0.0,0.009999999999971578,0.01,0.0,0,Raigad,Maharashtra
2016-11-22,0.0,0.0,0.009999999999971578,0.01,0.0,0,Raigad,Maharashtra
2016-11-23,0.0,0.0,0.0,0.01,0.0,0,Raigad,Maharashtra
2016-11-24,0.0,0.0,0.0,0.01,0.0,0,Raigad,Maharashtra
2016-11-25,0.0,0.0,0.0,0.01,0.0,0,Raigad,Maharashtra
2016-11-26,0.0,0.0,0.0,0.01,0.0,0,Raigad,Maharashtra
2016-11-27,0.0,0.0,0.0,0.01,0.0,0,Raigad,Maharashtra
2016-11-28,0.0,0.0,0.0,0.01,0.0,0,Raigad,Maharashtra
2016-11-29,0.02,0.02000000000001421,0.01999999999997158,0.03,0.02,0,Raigad,Maharashtra
2016-11-30,0.0,0.02000000000001421,0.01999999999997158,0.030000000000000002,0.02,0,Raigad,Maharashtra
2016-12-01,0.0,0.02000000000001421,0.01999999999997158,0.020000000000000004,0.02,0,Raigad,Maharashtra
2016-12-02,0.0,0.0,0.01999999999997158,0.020000000000000004,0.0,0,Raigad,Maharashtra
2016-12-03,0.0,0.0,0.01999999999997158,0.020000000000000004,0.0,0,Raigad,Maharashtra
2016-12-04,0.02,0.02000000000001421,0.03999999999997158,0.04000000000000001,0.02,0,Raigad,Maharashtra
2016-12-05,0.01,0.03000000000001421,0.04999999999997158,0.05,0.02,0,Raigad,Maharashtra
2016-12-06,0.0,0.03000000000001421,0.029999999999971577,0.05,0.02,0,Raigad,Maharashtra
2016-12-07,0.0,0.010000000000014211,0.029999999999971577,0.05,0.01,0,Raigad,Maharashtra
2016-12-08,0.0,0.0,0.029999999999971577,0.05,0.0,0,Raigad,Maharashtra
2016-12-09,0.0,0.0,0.029999999999971577,0.05,0.0,0,Raigad,Maharashtra
2016-12-10,0.0,0.0,0.029999999999971577,0.05,0.0,0,Raigad,Maharashtra
2016-12-11,0.0,0.0,0.009999999999971578,0.05,0.0,0,Raigad,Maharashtra
2016-12-12,0.0,0.0,0.0,0.05,0.0,0,Raigad,Maharashtra
2016-12-13,0.0,0.0,0.0,0.05,0.0,0,Raigad,Maharashtra
2016-12-14,0.0,0.0,0.0,0.03,0.0,0,Raigad,Maharashtra
2016-12-15,0.01,0.010000000000014211,0.009999999999971578,0.04,0.01,0,Raigad,Maharashtra
2016-12-16,0.01,0.02000000000001421,0.01999999999997158,0.05,0.01,0,Raigad,Maharashtra
2016-12-17,0.0,0.02000000000001421,0.01999999999997158,0.05,0.01,0,Raigad,Maharashtra
2016-12-18,0.0,0.010000000000014211,0.01999999999997158,0.05,0.01,0,Raigad,Maharashtra
2016-12-19,0.0,0.0,0.01999999999997158,0.03,0.0,0,Raigad,Maharashtra
2016-12-20,0.0,0.0,0.01999999999997158,0.019999999999999997,0.0,0,Raigad,Maharashtra
2016-12-21,0.01,0.010000000000014211,0.029999999999971577,0.03,0.01,0,Raigad,Maharashtra
2016-12-22,0.0,0.010000000000014211,0.019999999999971575,0.03,0.01,0,Raigad,Maharashtra
2016-12-23,0.0,0.010000000000014211,0.009999999999971578,0.03,0.01,0,Raigad,Maharashtra
2016-12-24,0.0,0.0,0.009999999999971578,0.03,0.0,0,Raigad,Maharashtra
2016-12-25,0.0,0.0,0.009999999999971578,0.03,0.0,0,Raigad,Maharashtra
2016-12-26,0.0,0.0,0.009999999999971578,0.03,0.0,0,Raigad,Maharashtra
2016-12-27,0.0,0.0,0.009999999999971578,0.03,0.0,0,Raigad,Maharashtra
2016-12-28,0.0,0.0,0.0,0.03,0.0,0,Raigad,Maharashtra
2016-12-29,0.0,0.0,0.0,0.03,0.0,0,Raigad,Maharashtra
2016-12-30,0.0,0.0,0.0,0.02,0.0,0,Raigad,Maharashtra
2016-12-31,0.0,0.0,0.0,0.01,0.0,0,Raigad,Maharashtra
2017-01-01,0.0,0.0,0.0,0.01,0.0,0,Raigad,Maharashtra
2017-01-02,0.0,0.0,0.0,0.01,0.0,0,Raigad,Maharashtra
2017-01-03,0.0,0.0,0.0,0.01,0.0,0,Raigad,Maharashtra
2017-01-04,0.0,0.0,0.0,0.01,0.0,0,Raigad,Maharashtra
2017-01-05,0.0,0.0,0.0,0.0,0.0,0,Raigad,Maharashtra
2017-01-06,0.0,0.0,0.0,0.0,0.0,0,Raigad,Maharashtra
2017-01-07,0.0,0.0,0.0,0.0,0.0,0,Raigad,Maharashtra
2017-01-08,0.0,0.0,0.0,0.0,0.0,0,Raigad,Maharashtra
2017-01-09,0.0,0.0,0.0,0.0,0.0,0,Raigad,Maharashtra
2017-01-10,0.0,0.0,0.0,0.0,0.0,0,Raigad,Maharashtra
2017-01-11,0.0,0.0,0.0,0.0,0.0,0,Raigad,Maharashtra
2017-01-12,0.0,0.0,0.0,0.0,0.0,0,Raigad,Maharashtra
2017-01-13,0.0,0.0,0.0,0.0,0.0,0,Raigad,Maharashtra
2017-01-14,0.0,0.0,0.0,0.0,0.0,0,Raigad,Maharashtra
2017-01-15,0.0,0.0,0.0,0.0,0.0,0,Raigad,Maharashtra
2017-01-16,0.0,0.0,0.0,0.0,0.0,0,Raigad,Maharashtra
2017-01-17,0.0,0.0,0.0,0.0,0.0,0,Raigad,Maharashtra
2017-01-18,0.0,0.0,0.0,0.0,0.0,0,Raigad,Maharashtra
2017-01-19,0.0,0.0,0.0,0.0,0.0,0,Raigad,Maharashtra
2017-01-20,0.0,0.0,0.0,0.0,0.0,0,Raigad,Maharashtra
2017-01-21,0.0,0.0,0.0,0.0,0.0,0,Raigad,Maharashtra
2017-01-22,0.0,0.0,0.0,0.0,0.0,0,Raigad,Maharashtra
2017-01-23,0.0,0.0,0.0,0.0,0.0,0,Raigad,Maharashtra
2017-01-24,0.0,0.0,0.0,0.0,0.0,0,Raigad,Maharashtra
2017-01-25,0.0,0.0,0.0,0.0,0.0,0,Raigad,Maharashtra
2017-01-26,0.0,0.0,0.0,0.0,0.0,0,Raigad,Maharashtra
2017-01-27,0.0,0.0,0.0,0.0,0.0,0,Raigad,Maharashtra
2017-01-28,0.0,0.0,0.0,0.0,0.0,0,Raigad,Maharashtra
2017-01-29,0.0,0.0,0.0,0.0,0.0,0,Raigad,Maharashtra
2017-01-30,0.0,0.0,0.0,0.0,0.0,0,Raigad,Maharashtra
2017-01-31,0.0,0.0,0.0,0.0,0.0,0,Raigad,Maharashtra
2017-02-01,0.0,0.0,0.0,0.0,0.0,0,Raigad,Maharashtra
2017-02-02,0.0,0.0,0.0,0.0,0.0,0,Raigad,Maharashtra
2017-02-03,0.0,0.0,0.0,0.0,0.0,0,Raigad,Maharashtra
2017-02-04,0.0,0.0,0.0,0.0,0.0,0,Raigad,Maharashtra
2017-02-05,0.04,0.04000000000001421,0.03999999999997158,0.04,0.04,0,Raigad,Maharashtra
2017-02-06,0.0,0.04000000000001421,0.03999999999997158,0.04,0.04,0,Raigad,Maharashtra
2017-02-07,0.0,0.04000000000001421,0.03999999999997158,0.04,0.04,0,Raigad,Maharashtra
2017-02-08,0.0,0.0,0.03999999999997158,0.04,0.0,0,Raigad,Maharashtra
2017-02-09,0.0,0.0,0.03999999999997158,0.04,0.0,0,Raigad,Maharashtra
2017-02-10,0.0,0.0,0.03999999999997158,0.04,0.0,0,Raigad,Maharashtra
2017-02-11,0.0,0.0,0.03999999999997158,0.04,0.0,0,Raigad,Maharashtra
2017-02-12,0.0,0.0,0.0,0.04,0.0,0,Raigad,Maharashtra
2017-02-13,0.0,0.0,0.0,0.04,0.0,0,Raigad,Maharashtra
2017-02-14,0.0,0.0,0.0,0.04,0.0,0,Raigad,Maharashtra
2017-02-15,0.0,0.0,0.0,0.04,0.0,0,Raigad,Maharashtra
2017-02-16,0.0,0.0,0.0,0.04,0.0,0,Raigad,Maharashtra
2017-02-17,0.0,0.0,0.0,0.04,0.0,0,Raigad,Maharashtra
2017-02-18,0.0,0.0,0.0,0.04,0.0,0,Raigad,Maharashtra
2017-02-19,0.0,0.0,0.0,0.04,0.0,0,Raigad,Maharashtra
2017-02-20,0.0,0.0,0.0,0.0,0.0,0,Raigad,Maharashtra
2017-02-21,0.0,0.0,0.0,0.0,0.0,0,Raigad,Maharashtra
2017-02-22,0.0,0.0,0.0,0.0,0.0,0,Raigad,Maharashtra
2017-02-23,0.0,0.0,0.0,0.0,0.0,0,Raigad,Maharashtra
2017-02-24,0.0,0.0,0.0,0.0,0.0,0,Raigad,Maharashtra
2017-02-25,0.0,0.0,0.0,0.0,0.0,0,Raigad,Maharashtra
2017-02-26,0.01,0.010000000000014211,0.009999999999971578,0.01,0.01,0,Raigad,Maharashtra
2017-02-27,0.09,0.1000000000000142,0.09999999999997157,0.09999999999999999,0.09,0,Raigad,Maharashtra
2017-02-28,0.04,0.1400000000000142,0.13999999999997156,0.13999999999999999,0.09,0,Raigad,Maharashtra
2017-03-01,0.05,0.1800000000000142,0.18999999999997158,0.19,0.09,0,Raigad,Maharashtra
2017-03-02,0.03,0.1200000000000142,0.21999999999997158,0.22,0.05,0,Raigad,Maharashtra
2017-03-03,0.0,0.0800000000000142,0.21999999999997158,0.22,0.05,0,Raigad,Maharashtra
2017-03-04,0.0,0.03000000000001421,0.21999999999997158,0.22,0.03,0,Raigad,Maharashtra
2017-03-05,0.01,0.010000000000014211,0.21999999999997155,0.22999999999999998,0.01,0,Raigad,Maharashtra
2017-03-06,0.43,0.4400000000000142,0.5599999999999716,0.6599999999999999,0.43,0,Raigad,Maharashtra
2017-03-07,0.0,0.4400000000000142,0.5199999999999716,0.6599999999999999,0.43,0,Raigad,Maharashtra
2017-03-08,0.01,0.4400000000000142,0.47999999999997156,0.6699999999999999,0.43,0,Raigad,Maharashtra
2017-03-09,0.0,0.010000000000014211,0.4499999999999716,0.6699999999999999,0.01,0,Raigad,Maharashtra
2017-03-10,0.19,0.20000000000001422,0.6399999999999716,0.86,0.19,0,Raigad,Maharashtra
2017-03-11,0.0,0.1900000000000142,0.6399999999999716,0.86,0.19,0,Raigad,Maharashtra
2017-03-12,0.0,0.1900000000000142,0.6299999999999716,0.86,0.19,0,Raigad,Maharashtra
2017-03-13,0.0,0.0,0.1999999999999716,0.85,0.0,0,Raigad,Maharashtra
2017-03-14,0.0,0.0,0.1999999999999716,0.76,0.0,0,Raigad,Maharashtra
2017-03-15,0.09,0.09000000000001421,0.2799999999999716,0.8099999999999999,0.09,0,Raigad,Maharashtra
2017-03-16,0.01,0.1000000000000142,0.28999999999997156,0.77,0.09,0,Raigad,Maharashtra
2017-03-17,0.0,0.1000000000000142,0.09999999999997157,0.74,0.09,0,Raigad,Maharashtra
2017-03-18,0.0,0.010000000000014211,0.09999999999997157,0.74,0.01,0,Raigad,Maharashtra
2017-03-19,0.0,0.0,0.09999999999997157,0.74,0.0,0,Raigad,Maharashtra
2017-03-20,0.0,0.0,0.09999999999997157,0.73,0.0,0,Raigad,Maharashtra
2017-03-21,0.02,0.02000000000001421,0.11999999999997157,0.32,0.02,0,Raigad,Maharashtra
2017-03-22,0.0,0.02000000000001421,0.029999999999971577,0.32,0.02,0,Raigad,Maharashtra
2017-03-23,0.0,0.02000000000001421,0.019999999999971575,0.31,0.02,0,Raigad,Maharashtra
2017-03-24,0.0,0.0,0.019999999999971575,0.31,0.0,0,Raigad,Maharashtra
2017-03-25,0.01,0.010000000000014211,0.029999999999971577,0.13,0.01,0,Raigad,Maharashtra
2017-03-26,0.01,0.02000000000001421,0.03999999999997157,0.13999999999999999,0.01,0,Raigad,Maharashtra
2017-03-27,0.11,0.13000000000001422,0.14999999999997157,0.25,0.11,0,Raigad,Maharashtra
2017-03-28,0.15,0.27000000000001423,0.2799999999999716,0.4,0.15,0,Raigad,Maharashtra
2017-03-29,0.07,0.33000000000001417,0.34999999999997156,0.47,0.15,0,Raigad,Maharashtra
2017-03-30,0.09,0.3100000000000142,0.4399999999999716,0.47000000000000003,0.15,0,Raigad,Maharashtra
2017-03-31,0.03,0.19000000000001419,0.46999999999997155,0.49,0.09,0,Raigad,Maharashtra
2017-04-01,0.03,0.15000000000001418,0.48999999999997157,0.52,0.09,0,Raigad,Maharashtra
2017-04-02,0.0,0.06000000000001418,0.47999999999997156,0.52,0.03,0,Raigad,Maharashtra
2017-04-03,0.0,0.030000000000014182,0.3699999999999716,0.52,0.03,0,Raigad,Maharashtra
2017-04-04,0.01,0.010000000000014183,0.2299999999999716,0.53,0.01,0,Raigad,Maharashtra
2017-04-05,0.02,0.030000000000014182,0.17999999999997157,0.53,0.02,0,Raigad,Maharashtra
2017-04-06,0.02,0.050000000000014186,0.10999999999997158,0.55,0.02,0,Raigad,Maharashtra
2017-04-07,0.0,0.040000000000014184,0.07999999999997158,0.55,0.02,0,Raigad,Maharashtra
2017-04-08,0.0,0.020000000000014187,0.04999999999997158,0.55,0.02,0,Raigad,Maharashtra
2017-04-09,0.0,0.0,0.04999999999997158,0.54,0.0,0,Raigad,Maharashtra
2017-04-10,0.01,0.010000000000014187,0.059999999999971576,0.54,0.01,0,Raigad,Maharashtra
2017-04-11,0.0,0.010000000000014187,0.049999999999971574,0.43,0.01,0,Raigad,Maharashtra
2017-04-12,0.0,0.010000000000014187,0.029999999999971577,0.28,0.01,0,Raigad,Maharashtra
2017-04-13,0.0,0.0,0.009999999999971578,0.21,0.0,0,Raigad,Maharashtra
2017-04-14,0.0,0.0,0.009999999999971578,0.12,0.0,0,Raigad,Maharashtra
2017-04-15,0.0,0.0,0.009999999999971578,0.09,0.0,0,Raigad,Maharashtra
2017-04-16,0.0,0.0,0.009999999999971578,0.06,0.0,0,Raigad,Maharashtra
2017-04-17,0.0,0.0,0.0,0.06,0.0,0,Raigad,Maharashtra
2017-04-18,0.0,0.0,0.0,0.06,0.0,0,Raigad,Maharashtra
2017-04-19,0.0,0.0,0.0,0.049999999999999996,0.0,0,Raigad,Maharashtra
2017-04-20,0.0,0.0,0.0,0.03,0.0,0,Raigad,Maharashtra
2017-04-21,0.0,0.0,0.0,0.01,0.0,0,Raigad,Maharashtra
2017-04-22,0.0,0.0,0.0,0.01,0.0,0,Raigad,Maharashtra
2017-04-23,0.01,0.010000000000014187,0.009999999999971578,0.02,0.01,0,Raigad,Maharashtra
2017-04-24,0.01,0.020000000000014187,0.01999999999997158,0.03,0.01,0,Raigad,Maharashtra
2017-04-25,0.0,0.020000000000014187,0.01999999999997158,0.019999999999999997,0.01,0,Raigad,Maharashtra
2017-04-26,0.01,0.020000000000014187,0.029999999999971577,0.03,0.01,0,Raigad,Maharashtra
2017-04-27,0.0,0.010000000000014187,0.029999999999971577,0.03,0.01,0,Raigad,Maharashtra
2017-04-28,0.0,0.010000000000014187,0.029999999999971577,0.03,0.01,0,Raigad,Maharashtra
2017-04-29,0.02,0.020000000000014187,0.04999999999997158,0.05,0.02,0,Raigad,Maharashtra
2017-04-30,0.02,0.04000000000001419,0.059999999999971576,0.07,0.02,0,Raigad,Maharashtra
2017-05-01,0.05,0.0900000000000142,0.09999999999997158,0.12,0.05,0,Raigad,Maharashtra
2017-05-02,0.04,0.1100000000000142,0.1399999999999716,0.16,0.05,0,Raigad,Maharashtra
2017-05-03,0.11,0.2000000000000142,0.23999999999997157,0.27,0.11,0,Raigad,Maharashtra
2017-05-04,0.43,0.5800000000000142,0.6699999999999715,0.7,0.43,0,Raigad,Maharashtra
2017-05-05,0.51,1.050000000000014,1.1799999999999715,1.21,0.51,0,Raigad,Maharashtra
2017-05-06,0.28,1.2200000000000142,1.4399999999999715,1.49,0.51,0,Raigad,Maharashtra
2017-05-07,0.18,0.9700000000000142,1.5999999999999714,1.67,0.51,0,Raigad,Maharashtra
2017-05-08,0.17,0.6300000000000142,1.7199999999999716,1.83,0.28,0,Raigad,Maharashtra
2017-05-09,0.17,0.5200000000000142,1.8499999999999717,1.99,0.18,0,Raigad,Maharashtra
2017-05-10,0.04,0.3800000000000142,1.7799999999999716,2.03,0.17,0,Raigad,Maharashtra
2017-05-11,0.39,0.6000000000000142,1.7399999999999716,2.41,0.39,0,Raigad,Maharashtra
2017-05-12,3.3,3.7300000000000137,4.529999999999971,5.71,3.3,0,Raigad,Maharashtra
2017-05-13,3.07,6.760000000000014,7.319999999999971,8.78,3.3,0,Raigad,Maharashtra
2017-05-14,3.0,9.370000000000013,10.139999999999972,11.76,3.3,0,Raigad,Maharashtra
2017-05-15,1.12,7.190000000000014,11.089999999999971,12.86,3.07,0,Raigad,Maharashtra
2017-05-16,0.07,4.190000000000014,10.989999999999972,12.88,3.0,0,Raigad,Maharashtra
2017-05-17,0.02,1.210000000000014,10.96999999999997,12.86,1.12,0,Raigad,Maharashtra
2017-05-18,0.02,0.11000000000001378,10.599999999999971,12.77,0.07,0,Raigad,Maharashtra
2017-05-19,0.01,0.05000000000001377,7.309999999999971,12.35,0.02,0,Raigad,Maharashtra
2017-05-20,0.01,0.04000000000001377,4.249999999999972,11.85,0.02,0,Raigad,Maharashtra
2017-05-21,0.04,0.060000000000013765,1.2899999999999716,11.61,0.04,0,Raigad,Maharashtra
2017-05-22,0.12,0.17000000000001375,0.2899999999999716,11.549999999999999,0.12,0,Raigad,Maharashtra
2017-05-23,0.25,0.41000000000001374,0.46999999999997155,11.629999999999999,0.25,0,Raigad,Maharashtra
2017-05-24,0.33,0.7000000000000137,0.7799999999999716,11.79,0.33,0,Raigad,Maharashtra
2017-05-25,0.04,0.6200000000000138,0.7999999999999716,11.790000000000001,0.33,0,Raigad,Maharashtra
2017-05-26,0.09,0.4600000000000138,0.8799999999999716,11.49,0.33,0,Raigad,Maharashtra
2017-05-27,0.28,0.4100000000000138,1.1499999999999715,8.47,0.28,0,Raigad,Maharashtra
2017-05-28,0.4,0.7700000000000138,1.5099999999999716,5.800000000000001,0.4,0,Raigad,Maharashtra
2017-05-29,1.6,2.2800000000000136,2.989999999999972,4.4,1.6,0,Raigad,Maharashtra
2017-05-30,4.98,6.980000000000015,7.719999999999972,8.260000000000002,4.98,0,Raigad,Maharashtra
2017-05-31,3.43,10.010000000000014,10.819999999999972,11.620000000000001,4.98,0,Raigad,Maharashtra
2017-06-01,5.24,13.650000000000015,16.019999999999975,16.840000000000003,5.24,1,Raigad,Maharashtra
2017-06-02,3.68,12.350000000000014,19.60999999999997,20.500000000000004,5.24,1,Raigad,Maharashtra
2017-06-03,3.02,11.940000000000015,22.349999999999973,23.51,5.24,1,Raigad,Maharashtra
2017-06-04,2.13,8.830000000000014,24.07999999999997,25.630000000000003,3.68,1,Raigad,Maharashtra
2017-06-05,1.71,6.8600000000000145,24.18999999999997,27.3,3.02,1,Raigad,Maharashtra
2017-06-06,3.47,7.310000000000015,22.679999999999975,30.650000000000002,3.47,1,Raigad,Maharashtra
2017-06-07,17.91,23.090000000000014,37.15999999999997,48.31,17.91,1,Raigad,Maharashtra
2017-06-08,18.72,40.10000000000001,50.63999999999997,66.7,18.72,1,Raigad,Maharashtra
2017-06-09,27.35,63.98000000000002,74.30999999999997,94.00999999999999,27.35,1,Raigad,Maharashtra
2017-06-10,21.19,67.26000000000002,92.47999999999998,115.11,27.35,1,Raigad,Maharashtra
2017-06-11,28.09,76.63000000000002,118.43999999999997,142.92000000000002,28.09,1,Raigad,Maharashtra
2017-06-12,44.4,93.68,161.12999999999997,186.92000000000002,44.4,1,Raigad,Maharashtra
2017-06-13,13.13,85.62,170.78999999999996,198.45000000000002,44.4,1,Raigad,Maharashtra
2017-06-14,6.12,63.650000000000006,158.99999999999997,199.59,44.4,1,Raigad,Maharashtra
2017-06-15,4.84,24.090000000000014,145.11999999999998,201.0,13.13,1,Raigad,Maharashtra
2017-06-16,8.47,19.430000000000014,126.23999999999998,204.23000000000002,8.47,1,Raigad,Maharashtra
2017-06-17,11.96,25.270000000000017,117.00999999999998,212.51,11.96,1,Raigad,Maharashtra
2017-06-18,6.61,27.040000000000017,95.52999999999997,216.10000000000002,11.96,1,Raigad,Maharashtra
2017-06-19,5.67,24.240000000000016,56.799999999999976,219.64,11.96,1,Raigad,Maharashtra
2017-06-20,4.74,17.020000000000017,48.409999999999975,222.67000000000002,6.61,1,Raigad,Maharashtra
2017-06-21,6.48,16.89000000000002,48.769999999999975,225.68,6.48,1,Raigad,Maharashtra
2017-06-22,12.95,24.170000000000016,56.87999999999997,220.72,12.95,1,Raigad,Maharashtra
2017-06-23,12.11,31.540000000000017,60.51999999999997,214.10999999999999,12.95,1,Raigad,Maharashtra
2017-06-24,21.74,46.80000000000001,70.29999999999997,208.5,21.74,1,Raigad,Maharashtra
2017-06-25,58.85,92.70000000000002,122.53999999999996,246.16,58.85,1,Raigad,Maharashtra
2017-06-26,60.46,141.05,177.32999999999998,278.53,60.46,1,Raigad,Maharashtra
2017-06-27,50.21,169.52000000000004,222.79999999999995,284.34000000000003,60.46,1,Raigad,Maharashtra
2017-06-28,43.42,154.09000000000003,259.73999999999995,314.63,60.46,1,Raigad,Maharashtra
2017-06-29,56.6,150.23000000000002,303.39,365.11,56.6,1,Raigad,Maharashtra
2017-06-30,29.52,129.54000000000002,320.79999999999995,389.78999999999996,56.6,1,Raigad,Maharashtra
2017-07-01,31.86,117.98000000000003,330.91999999999996,413.18,56.6,1,Raigad,Maharashtra
2017-07-02,27.74,89.12000000000002,299.81,428.96,31.86,1,Raigad,Maharashtra
2017-07-03,15.32,74.92000000000002,254.66999999999996,437.67,31.86,1,Raigad,Maharashtra
2017-07-04,15.68,58.74000000000002,220.14,447.68,27.74,1,Raigad,Maharashtra
2017-07-05,11.03,42.03000000000002,187.74999999999997,453.96999999999997,15.68,1,Raigad,Maharashtra
2017-07-06,12.49,39.20000000000002,143.63999999999996,459.97999999999996,15.68,1,Raigad,Maharashtra
2017-07-07,13.17,36.69000000000002,127.28999999999998,460.2,13.17,1,Raigad,Maharashtra
2017-07-08,14.22,39.880000000000024,109.64999999999998,462.31,14.22,1,Raigad,Maharashtra
2017-07-09,17.24,44.630000000000024,99.14999999999996,457.81,17.24,1,Raigad,Maharashtra
2017-07-10,15.09,46.55000000000002,98.91999999999997,414.05,17.24,1,Raigad,Maharashtra
2017-07-11,14.54,46.87000000000002,97.77999999999997,368.13,17.24,1,Raigad,Maharashtra
2017-07-12,14.05,43.68000000000002,100.79999999999998,331.96999999999997,15.09,1,Raigad,Maharashtra
2017-07-13,50.22,78.81000000000002,138.52999999999997,338.77,50.22,1,Raigad,Maharashtra
2017-07-14,67.33,131.60000000000002,192.68999999999994,349.5,67.33,1,Raigad,Maharashtra
2017-07-15,39.69,157.24,218.15999999999997,359.67,67.33,1,Raigad,Maharashtra
2017-07-16,31.94,138.96,232.85999999999996,359.75,67.33,1,Raigad,Maharashtra
2017-07-17,71.81,143.44,289.58,403.82,71.81,1,Raigad,Maharashtra
2017-07-18,91.11,194.86,366.15,479.61,91.11,1,Raigad,Maharashtra
2017-07-19,110.18,273.1,462.28,574.11,110.18,1,Raigad,Maharashtra
2017-07-20,60.87,262.16,472.92999999999995,623.95,110.18,1,Raigad,Maharashtra
2017-07-21,47.82,218.87,453.41999999999996,659.28,110.18,1,Raigad,Maharashtra
2017-07-22,45.9,154.59,459.63,692.01,60.87,1,Raigad,Maharashtra
2017-07-23,46.63,140.35000000000002,474.31999999999994,724.4200000000001,47.82,1,Raigad,Maharashtra
2017-07-24,28.96,121.49000000000001,431.46999999999997,736.14,46.63,1,Raigad,Maharashtra
2017-07-25,11.98,87.57000000000001,352.34,733.03,46.63,1,Raigad,Maharashtra
2017-07-26,12.17,53.110000000000014,254.32999999999998,730.6600000000001,28.96,1,Raigad,Maharashtra
2017-07-27,18.49,42.640000000000015,211.94999999999996,735.0999999999999,18.49,1,Raigad,Maharashtra
2017-07-28,25.75,56.41000000000001,189.87999999999994,710.63,25.75,1,Raigad,Maharashtra
2017-07-29,22.12,66.36000000000001,166.09999999999997,665.42,25.75,1,Raigad,Maharashtra
2017-07-30,13.59,61.46000000000002,133.05999999999995,639.32,25.75,1,Raigad,Maharashtra
2017-07-31,19.74,55.45000000000002,123.83999999999995,627.12,22.12,1,Raigad,Maharashtra
2017-08-01,14.09,47.420000000000016,125.94999999999996,569.4,19.74,1,Raigad,Maharashtra
2017-08-02,6.26,40.09000000000002,120.03999999999996,484.55,19.74,1,Raigad,Maharashtra
2017-08-03,11.18,31.530000000000015,112.72999999999995,385.55,14.09,1,Raigad,Maharashtra
2017-08-04,5.17,22.610000000000017,92.14999999999996,329.84999999999997,11.18,1,Raigad,Maharashtra
2017-08-05,1.83,18.180000000000014,71.85999999999996,283.86,11.18,1,Raigad,Maharashtra
2017-08-06,2.03,9.030000000000017,60.299999999999955,239.99,5.17,1,Raigad,Maharashtra
2017-08-07,2.83,6.690000000000017,43.38999999999996,196.19000000000003,2.83,1,Raigad,Maharashtra
2017-08-08,2.46,7.320000000000018,31.759999999999955,169.69,2.83,1,Raigad,Maharashtra
2017-08-09,4.11,9.400000000000018,29.609999999999957,161.82,4.11,1,Raigad,Maharashtra
2017-08-10,7.82,14.390000000000018,26.249999999999957,157.47,7.82,1,Raigad,Maharashtra
2017-08-11,9.55,21.480000000000018,30.62999999999996,148.53,9.55,1,Raigad,Maharashtra
2017-08-12,5.37,22.74000000000002,34.16999999999996,128.15,9.55,1,Raigad,Maharashtra
2017-08-13,4.07,18.99000000000002,36.20999999999996,110.10000000000001,9.55,1,Raigad,Maharashtra
2017-08-14,12.94,22.380000000000017,46.319999999999965,109.45,12.94,1,Raigad,Maharashtra
2017-08-15,11.94,28.950000000000017,55.79999999999996,101.65,12.94,1,Raigad,Maharashtra
2017-08-16,5.4,30.280000000000015,57.08999999999996,92.96000000000001,12.94,1,Raigad,Maharashtra
2017-08-17,3.75,21.090000000000018,53.01999999999996,90.44999999999999,11.94,1,Raigad,Maharashtra
2017-08-18,4.71,13.860000000000017,48.17999999999996,83.98,5.4,1,Raigad,Maharashtra
2017-08-19,14.81,23.270000000000017,57.61999999999996,93.62,14.81,1,Raigad,Maharashtra
2017-08-20,79.06,98.58000000000001,132.60999999999996,170.85000000000002,79.06,1,Raigad,Maharashtra
2017-08-21,12.08,105.95000000000002,131.74999999999997,180.9,79.06,1,Raigad,Maharashtra
2017-08-22,9.18,100.32000000000002,128.98999999999995,187.25,79.06,1,Raigad,Maharashtra
2017-08-23,7.35,28.610000000000014,130.93999999999994,192.14000000000001,12.08,1,Raigad,Maharashtra
2017-08-24,15.31,31.840000000000018,142.49999999999994,203.34,15.31,1,Raigad,Maharashtra
2017-08-25,30.87,53.530000000000015,168.65999999999994,226.39000000000001,30.87,1,Raigad,Maharashtra
2017-08-26,33.44,79.62,187.28999999999994,250.28,33.44,1,Raigad,Maharashtra
2017-08-27,41.46,105.77000000000001,149.68999999999994,286.37,41.46,1,Raigad,Maharashtra
2017-08-28,94.89,169.79000000000002,232.49999999999994,377.19,94.89,1,Raigad,Maharashtra
2017-08-29,94.0,230.35000000000002,317.31999999999994,458.25,94.89,1,Raigad,Maharashtra
2017-08-30,20.79,209.68000000000004,330.75999999999993,467.1,94.89,1,Raigad,Maharashtra
2017-08-31,7.24,122.03000000000002,322.68999999999994,468.94,94.0,1,Raigad,Maharashtra
2017-09-01,6.07,34.100000000000016,297.88999999999993,471.26000000000005,20.79,1,Raigad,Maharashtra
2017-09-02,15.69,29.000000000000014,280.13999999999993,482.24,15.69,1,Raigad,Maharashtra
2017-09-03,6.76,28.52000000000001,245.43999999999997,474.19,15.69,1,Raigad,Maharashtra
2017-09-04,0.84,23.290000000000013,151.38999999999993,395.96999999999997,15.69,1,Raigad,Maharashtra
2017-09-05,0.84,8.440000000000014,58.229999999999954,384.73,6.76,1,Raigad,Maharashtra
2017-09-06,0.49,2.170000000000014,37.92999999999996,376.03999999999996,0.84,1,Raigad,Maharashtra
2017-09-07,1.83,3.1600000000000144,32.51999999999995,370.52,1.83,1,Raigad,Maharashtra
2017-09-08,12.55,14.870000000000015,38.99999999999996,367.76000000000005,12.55,1,Raigad,Maharashtra
2017-09-09,10.41,24.790000000000013,33.719999999999956,347.3,12.55,1,Raigad,Maharashtra
2017-09-10,11.71,34.670000000000016,38.66999999999996,325.57000000000005,12.55,1,Raigad,Maharashtra
2017-09-11,4.36,26.480000000000015,42.189999999999955,288.46999999999997,11.71,1,Raigad,Maharashtra
2017-09-12,19.07,35.140000000000015,60.41999999999996,212.65,19.07,1,Raigad,Maharashtra
2017-09-13,8.83,32.26000000000001,68.75999999999996,127.48,19.07,1,Raigad,Maharashtra
2017-09-14,21.96,49.860000000000014,88.88999999999996,128.65,21.96,1,Raigad,Maharashtra
2017-09-15,17.82,48.610000000000014,94.15999999999997,139.23000000000002,21.96,1,Raigad,Maharashtra
2017-09-16,7.31,47.09000000000002,91.05999999999996,140.47,21.96,1,Raigad,Maharashtra
2017-09-17,7.44,32.570000000000014,86.78999999999996,132.22000000000003,17.82,1,Raigad,Maharashtra
2017-09-18,83.9,98.65000000000002,166.32999999999998,209.36,83.9,1,Raigad,Maharashtra
2017-09-19,151.07,242.41000000000003,298.33,359.59000000000003,151.07,1,Raigad,Maharashtra
2017-09-20,69.22,304.19000000000005,358.72,427.97,151.07,1,Raigad,Maharashtra
2017-09-21,26.94,247.23000000000002,363.7,454.42,151.07,1,Raigad,Maharashtra
2017-09-22,30.61,126.77000000000002,376.48999999999995,483.2,69.22,1,Raigad,Maharashtra
2017-09-23,1.22,58.77000000000003,370.4,471.87,30.61,1,Raigad,Maharashtra
2017-09-24,2.68,34.510000000000026,365.64,464.14,30.61,1,Raigad,Maharashtra
2017-09-25,0.44,4.340000000000029,282.18,452.87,2.68,1,Raigad,Maharashtra
2017-09-26,1.51,4.630000000000029,132.61999999999998,450.02,2.68,1,Raigad,Maharashtra
2017-09-27,2.05,4.000000000000028,65.44999999999997,433.0,2.05,1,Raigad,Maharashtra
2017-09-28,7.16,10.720000000000029,45.66999999999997,431.33000000000004,7.16,1,Raigad,Maharashtra
2017-09-29,16.93,26.14000000000003,31.98999999999997,426.3,16.93,1,Raigad,Maharashtra
2017-09-30,12.79,36.880000000000024,43.559999999999974,421.27,16.93,1,Raigad,Maharashtra
2017-10-01,4.9,34.620000000000026,45.77999999999997,418.86,16.93,0,Raigad,Maharashtra
2017-10-02,3.21,20.900000000000027,48.54999999999997,414.63,12.79,0,Raigad,Maharashtra
2017-10-03,0.82,8.930000000000028,47.85999999999997,331.55,4.9,0,Raigad,Maharashtra
2017-10-04,0.14,4.170000000000028,45.949999999999974,180.62,3.21,0,Raigad,Maharashtra
2017-10-05,0.05,1.0100000000000284,38.83999999999997,111.45,0.82,0,Raigad,Maharashtra
2017-10-06,16.95,17.14000000000003,38.85999999999997,101.46000000000001,16.95,0,Raigad,Maharashtra
2017-10-07,7.29,24.290000000000028,33.35999999999997,78.14,16.95,0,Raigad,Maharashtra
2017-10-08,17.8,42.04000000000003,46.25999999999997,94.72,17.8,0,Raigad,Maharashtra
2017-10-09,3.65,28.740000000000027,46.69999999999997,95.69,17.8,0,Raigad,Maharashtra
2017-10-10,6.64,28.09000000000003,52.51999999999997,101.89,17.8,0,Raigad,Maharashtra
2017-10-11,11.07,21.360000000000028,63.44999999999997,111.44999999999999,11.07,0,Raigad,Maharashtra
2017-10-12,3.48,21.19000000000003,66.87999999999997,112.88,11.07,0,Raigad,Maharashtra
2017-10-13,28.55,43.10000000000003,78.47999999999996,134.27,28.55,0,Raigad,Maharashtra
2017-10-14,89.18,121.21000000000004,160.36999999999995,206.51999999999998,89.18,0,Raigad,Maharashtra
2017-10-15,7.91,125.64000000000003,150.48,201.64000000000001,89.18,0,Raigad,Maharashtra
2017-10-16,3.8,100.89000000000003,150.62999999999997,200.54,89.18,0,Raigad,Maharashtra
2017-10-17,0.86,12.570000000000029,144.84999999999997,198.19,7.91,0,Raigad,Maharashtra
2017-10-18,0.01,4.670000000000028,133.78999999999996,197.38,3.8,0,Raigad,Maharashtra
2017-10-19,0.0,0.8700000000000284,130.30999999999997,197.24,0.86,0,Raigad,Maharashtra
2017-10-20,0.0,0.010000000000028422,101.75999999999996,197.19,0.01,0,Raigad,Maharashtra
2017-10-21,0.14,0.14000000000002844,12.719999999999958,180.38000000000002,0.14,0,Raigad,Maharashtra
2017-10-22,1.16,1.3000000000000282,5.969999999999957,174.25,1.16,0,Raigad,Maharashtra
2017-10-23,0.93,2.2300000000000284,3.0999999999999575,157.38,1.16,0,Raigad,Maharashtra
2017-10-24,0.0,2.0900000000000283,2.2399999999999576,153.73,1.16,0,Raigad,Maharashtra
2017-10-25,0.0,0.9300000000000287,2.2299999999999573,147.09,0.93,0,Raigad,Maharashtra
2017-10-26,0.0,0.0,2.2299999999999573,136.01999999999998,0.0,0,Raigad,Maharashtra
2017-10-27,0.89,0.8900000000000287,3.1199999999999575,133.43,0.89,0,Raigad,Maharashtra
2017-10-28,0.05,0.9400000000000287,3.0299999999999576,104.93,0.89,0,Raigad,Maharashtra
2017-10-29,0.01,0.9500000000000287,1.8799999999999575,15.76,0.89,0,Raigad,Maharashtra
2017-10-30,0.0,0.06000000000002865,0.9499999999999574,7.85,0.05,0,Raigad,Maharashtra
2017-10-31,0.0,0.010000000000028644,0.9499999999999574,4.05,0.01,0,Raigad,Maharashtra
2017-11-01,0.0,0.0,0.9499999999999574,3.19,0.0,0,Raigad,Maharashtra
2017-11-02,0.0,0.0,0.9499999999999574,3.1799999999999997,0.0,0,Raigad,Maharashtra
2017-11-03,0.0,0.0,0.05999999999995737,3.1799999999999997,0.0,0,Raigad,Maharashtra
2017-11-04,0.0,0.0,0.009999999999957368,3.1799999999999997,0.0,0,Raigad,Maharashtra
2017-11-05,0.26,0.26000000000002865,0.2599999999999574,3.3000000000000003,0.26,0,Raigad,Maharashtra
2017-11-06,0.01,0.27000000000002866,0.2699999999999574,2.15,0.26,0,Raigad,Maharashtra
2017-11-07,0.0,0.27000000000002866,0.2699999999999574,1.22,0.26,0,Raigad,Maharashtra
2017-11-08,0.0,0.010000000000028644,0.2699999999999574,1.2200000000000002,0.01,0,Raigad,Maharashtra
2017-11-09,0.0,0.0,0.2699999999999574,1.2200000000000002,0.0,0,Raigad,Maharashtra
2017-11-10,0.0,0.0,0.2699999999999574,1.2200000000000002,0.0,0,Raigad,Maharashtra
2017-11-11,0.0,0.0,0.2699999999999574,0.33,0.0,0,Raigad,Maharashtra
2017-11-12,0.0,0.0,0.009999999999957368,0.28,0.0,0,Raigad,Maharashtra
2017-11-13,0.0,0.0,0.0,0.27,0.0,0,Raigad,Maharashtra
2017-11-14,0.0,0.0,0.0,0.27,0.0,0,Raigad,Maharashtra
2017-11-15,0.0,0.0,0.0,0.27,0.0,0,Raigad,Maharashtra
2017-11-16,0.0,0.0,0.0,0.27,0.0,0,Raigad,Maharashtra
2017-11-17,0.0,0.0,0.0,0.27,0.0,0,Raigad,Maharashtra
2017-11-18,0.0,0.0,0.0,0.27,0.0,0,Raigad,Maharashtra
2017-11-19,0.0,0.0,0.0,0.27,0.0,0,Raigad,Maharashtra
2017-11-20,0.47,0.4700000000000286,0.46999999999995734,0.48,0.47,0,Raigad,Maharashtra
2017-11-21,0.09,0.5600000000000286,0.5599999999999573,0.5599999999999999,0.47,0,Raigad,Maharashtra
2017-11-22,0.09,0.6500000000000286,0.6499999999999573,0.6499999999999999,0.47,0,Raigad,Maharashtra
2017-11-23,0.0,0.18000000000002864,0.6499999999999573,0.6499999999999999,0.09,0,Raigad,Maharashtra
2017-11-24,0.0,0.09000000000002864,0.6499999999999573,0.6499999999999999,0.09,0,Raigad,Maharashtra
2017-11-25,0.0,0.0,0.6499999999999573,0.6499999999999999,0.0,0,Raigad,Maharashtra
2017-11-26,0.0,0.0,0.6499999999999573,0.6499999999999999,0.0,0,Raigad,Maharashtra
2017-11-27,0.0,0.0,0.17999999999995736,0.6499999999999999,0.0,0,Raigad,Maharashtra
2017-11-28,0.0,0.0,0.08999999999995736,0.6499999999999999,0.0,0,Raigad,Maharashtra
2017-11-29,0.0,0.0,0.0,0.6499999999999999,0.0,0,Raigad,Maharashtra
2017-11-30,0.0,0.0,0.0,0.6499999999999999,0.0,0,Raigad,Maharashtra
2017-12-01,0.0,0.0,0.0,0.6499999999999999,0.0,0,Raigad,Maharashtra
2017-12-02,0.0,0.0,0.0,0.6499999999999999,0.0,0,Raigad,Maharashtra
2017-12-03,0.02,0.020000000000028644,0.019999999999957368,0.6699999999999999,0.02,0,Raigad,Maharashtra
2017-12-04,2.0,2.0200000000000284,2.0199999999999574,2.67,2.0,0,Raigad,Maharashtra
2017-12-05,31.6,33.62000000000003,33.61999999999996,33.800000000000004,31.6,0,Raigad,Maharashtra
2017-12-06,1.02,34.620000000000026,34.63999999999996,34.73,31.6,0,Raigad,Maharashtra
2017-12-07,0.05,32.67000000000002,34.689999999999955,34.69,31.6,0,Raigad,Maharashtra
2017-12-08,0.0,1.0700000000000285,34.689999999999955,34.69,1.02,0,Raigad,Maharashtra
2017-12-09,0.0,0.050000000000028424,34.689999999999955,34.69,0.05,0,Raigad,Maharashtra
2017-12-10,0.01,0.010000000000028422,34.67999999999996,34.7,0.01,0,Raigad,Maharashtra
2017-12-11,0.0,0.010000000000028422,32.67999999999996,34.7,0.01,0,Raigad,Maharashtra
2017-12-12,0.47,0.4800000000000284,1.5499999999999574,35.17,0.47,0,Raigad,Maharashtra
2017-12-13,0.0,0.4700000000000284,0.5299999999999574,35.17,0.47,0,Raigad,Maharashtra
2017-12-14,0.0,0.4700000000000284,0.47999999999995735,35.17,0.47,0,Raigad,Maharashtra
2017-12-15,0.0,0.0,0.47999999999995735,35.17,0.0,0,Raigad,Maharashtra
2017-12-16,0.0,0.0,0.47999999999995735,35.17,0.0,0,Raigad,Maharashtra
2017-12-17,0.0,0.0,0.46999999999995734,35.17,0.0,0,Raigad,Maharashtra
2017-12-18,0.0,0.0,0.46999999999995734,35.15,0.0,0,Raigad,Maharashtra
2017-12-19,0.44,0.4400000000000284,0.43999999999995737,33.589999999999996,0.44,0,Raigad,Maharashtra
2017-12-20,0.0,0.4400000000000284,0.43999999999995737,1.99,0.44,0,Raigad,Maharashtra
2017-12-21,0.0,0.4400000000000284,0.43999999999995737,0.97,0.44,0,Raigad,Maharashtra
2017-12-22,0.0,0.0,0.43999999999995737,0.9199999999999999,0.0,0,Raigad,Maharashtra
2017-12-23,0.0,0.0,0.43999999999995737,0.9199999999999999,0.0,0,Raigad,Maharashtra
2017-12-24,0.0,0.0,0.43999999999995737,0.9199999999999999,0.0,0,Raigad,Maharashtra
2017-12-25,0.0,0.0,0.43999999999995737,0.9099999999999999,0.0,0,Raigad,Maharashtra
2017-12-26,0.0,0.0,0.0,0.9099999999999999,0.0,0,Raigad,Maharashtra
2017-12-27,0.0,0.0,0.0,0.44,0.0,0,Raigad,Maharashtra
2017-12-28,0.0,0.0,0.0,0.44,0.0,0,Raigad,Maharashtra
2017-12-29,0.0,0.0,0.0,0.44,0.0,0,Raigad,Maharashtra
2017-12-30,0.0,0.0,0.0,0.44,0.0,0,Raigad,Maharashtra
2017-12-31,0.0,0.0,0.0,0.44,0.0,0,Raigad,Maharashtra
2018-01-01,0.0,0.0,0.0,0.44,0.0,0,Raigad,Maharashtra
2018-01-02,0.0,0.0,0.0,0.44,0.0,0,Raigad,Maharashtra
2018-01-03,0.0,0.0,0.0,0.0,0.0,0,Raigad,Maharashtra
2018-01-04,0.0,0.0,0.0,0.0,0.0,0,Raigad,Maharashtra
2018-01-05,0.0,0.0,0.0,0.0,0.0,0,Raigad,Maharashtra
2018-01-06,0.0,0.0,0.0,0.0,0.0,0,Raigad,Maharashtra
2018-01-07,0.0,0.0,0.0,0.0,0.0,0,Raigad,Maharashtra
2018-01-08,0.0,0.0,0.0,0.0,0.0,0,Raigad,Maharashtra
2018-01-09,0.0,0.0,0.0,0.0,0.0,0,Raigad,Maharashtra
2018-01-10,0.0,0.0,0.0,0.0,0.0,0,Raigad,Maharashtra
2018-01-11,0.0,0.0,0.0,0.0,0.0,0,Raigad,Maharashtra
2018-01-12,0.0,0.0,0.0,0.0,0.0,0,Raigad,Maharashtra
2018-01-13,0.0,0.0,0.0,0.0,0.0,0,Raigad,Maharashtra
2018-01-14,0.0,0.0,0.0,0.0,0.0,0,Raigad,Maharashtra
2018-01-15,0.0,0.0,0.0,0.0,0.0,0,Raigad,Maharashtra
2018-01-16,0.0,0.0,0.0,0.0,0.0,0,Raigad,Maharashtra
2018-01-17,0.0,0.0,0.0,0.0,0.0,0,Raigad,Maharashtra
2018-01-18,0.0,0.0,0.0,0.0,0.0,0,Raigad,Maharashtra
2018-01-19,0.0,0.0,0.0,0.0,0.0,0,Raigad,Maharashtra
2018-01-20,0.0,0.0,0.0,0.0,0.0,0,Raigad,Maharashtra
2018-01-21,0.04,0.04000000000002842,0.03999999999995737,0.04,0.04,0,Raigad,Maharashtra
2018-01-22,0.53,0.5700000000000285,0.5699999999999574,0.5700000000000001,0.53,0,Raigad,Maharashtra
2018-01-23,1.53,2.1000000000000285,2.0999999999999575,2.1,1.53,0,Raigad,Maharashtra
2018-01-24,0.0,2.0600000000000285,2.0999999999999575,2.1,1.53,0,Raigad,Maharashtra
2018-01-25,0.0,1.5300000000000284,2.0999999999999575,2.1,1.53,0,Raigad,Maharashtra
2018-01-26,0.0,0.0,2.0999999999999575,2.1,0.0,0,Raigad,Maharashtra
2018-01-27,0.0,0.0,2.0999999999999575,2.1,0.0,0,Raigad,Maharashtra
2018-01-28,0.0,0.0,2.0599999999999574,2.1,0.0,0,Raigad,Maharashtra
2018-01-29,0.0,0.0,1.5299999999999574,2.1,0.0,0,Raigad,Maharashtra
2018-01-30,0.0,0.0,0.0,2.1,0.0,0,Raigad,Maharashtra
2018-01-31,0.0,0.0,0.0,2.1,0.0,0,Raigad,Maharashtra
2018-02-01,0.0,0.0,0.0,2.1,0.0,0,Raigad,Maharashtra
2018-02-02,0.08,0.08000000000002842,0.07999999999995737,2.18,0.08,0,Raigad,Maharashtra
2018-02-03,0.0,0.08000000000002842,0.07999999999995737,2.18,0.08,0,Raigad,Maharashtra
2018-02-04,0.0,0.08000000000002842,0.07999999999995737,2.18,0.08,0,Raigad,Maharashtra
2018-02-05,0.81,0.8100000000000285,0.8899999999999574,2.95,0.81,0,Raigad,Maharashtra
2018-02-06,3.85,4.660000000000029,4.739999999999958,6.27,3.85,0,Raigad,Maharashtra
2018-02-07,2.86,7.520000000000028,7.599999999999957,7.6000000000000005,3.85,0,Raigad,Maharashtra
2018-02-08,0.24,6.950000000000028,7.839999999999957,7.84,3.85,0,Raigad,Maharashtra
2018-02-09,0.01,3.1100000000000283,7.769999999999957,7.85,2.86,0,Raigad,Maharashtra
2018-02-10,0.02,0.27000000000002844,7.789999999999957,7.869999999999999,0.24,0,Raigad,Maharashtra
2018-02-11,0.13,0.16000000000002843,7.919999999999957,8.0,0.13,0,Raigad,Maharashtra
2018-02-12,0.0,0.15000000000002842,7.109999999999958,8.0,0.13,0,Raigad,Maharashtra
2018-02-13,0.0,0.13000000000002843,3.259999999999957,8.0,0.13,0,Raigad,Maharashtra
2018-02-14,0.0,0.0,0.3999999999999574,8.0,0.0,0,Raigad,Maharashtra
2018-02-15,0.0,0.0,0.15999999999995737,8.0,0.0,0,Raigad,Maharashtra
2018-02-16,0.0,0.0,0.14999999999995736,8.0,0.0,0,Raigad,Maharashtra
2018-02-17,0.0,0.0,0.12999999999995737,7.920000000000001,0.0,0,Raigad,Maharashtra
2018-02-18,0.01,0.010000000000028422,0.009999999999957368,7.930000000000001,0.01,0,Raigad,Maharashtra
2018-02-19,0.0,0.010000000000028422,0.009999999999957368,7.930000000000001,0.01,0,Raigad,Maharashtra
2018-02-20,0.03,0.04000000000002842,0.03999999999995737,7.15,0.03,0,Raigad,Maharashtra
2018-02-21,0.0,0.03000000000002842,0.03999999999995737,3.3,0.03,0,Raigad,Maharashtra
2018-02-22,0.0,0.03000000000002842,0.03999999999995737,0.44,0.03,0,Raigad,Maharashtra
2018-02-23,0.01,0.010000000000028422,0.04999999999995737,0.21,0.01,0,Raigad,Maharashtra
2018-02-24,0.0,0.010000000000028422,0.04999999999995737,0.19999999999999998,0.01,0,Raigad,Maharashtra
2018-02-25,0.0,0.010000000000028422,0.03999999999995737,0.18,0.01,0,Raigad,Maharashtra
2018-02-26,0.0,0.0,0.03999999999995737,0.05,0.0,0,Raigad,Maharashtra
2018-02-27,0.0,0.0,0.009999999999957368,0.05,0.0,0,Raigad,Maharashtra
2018-02-28,0.0,0.0,0.009999999999957368,0.05,0.0,0,Raigad,Maharashtra
2018-03-01,0.0,0.0,0.009999999999957368,0.05,0.0,0,Raigad,Maharashtra
2018-03-02,0.0,0.0,0.0,0.05,0.0,0,Raigad,Maharashtra
2018-03-03,0.0,0.0,0.0,0.05,0.0,0,Raigad,Maharashtra
2018-03-04,0.0,0.0,0.0,0.05,0.0,0,Raigad,Maharashtra
2018-03-05,0.0,0.0,0.0,0.04,0.0,0,Raigad,Maharashtra
2018-03-06,0.0,0.0,0.0,0.04,0.0,0,Raigad,Maharashtra
2018-03-07,0.02,0.020000000000028422,0.019999999999957368,0.03,0.02,0,Raigad,Maharashtra
2018-03-08,0.0,0.020000000000028422,0.019999999999957368,0.03,0.02,0,Raigad,Maharashtra
2018-03-09,0.01,0.03000000000002842,0.029999999999957366,0.04,0.02,0,Raigad,Maharashtra
2018-03-10,0.12,0.13000000000002843,0.14999999999995736,0.15,0.12,0,Raigad,Maharashtra
2018-03-11,0.08,0.21000000000002841,0.22999999999995735,0.22999999999999998,0.12,0,Raigad,Maharashtra
2018-03-12,0.0,0.2000000000000284,0.22999999999995735,0.22999999999999998,0.12,0,Raigad,Maharashtra
2018-03-13,0.26,0.34000000000002845,0.48999999999995736,0.49,0.26,0,Raigad,Maharashtra
2018-03-14,0.0,0.26000000000002843,0.46999999999995734,0.49,0.26,0,Raigad,Maharashtra
2018-03-15,0.11,0.3700000000000284,0.5799999999999573,0.6,0.26,0,Raigad,Maharashtra
2018-03-16,0.17,0.28000000000002845,0.7399999999999574,0.77,0.17,0,Raigad,Maharashtra
2018-03-17,0.0,0.28000000000002845,0.6199999999999574,0.77,0.17,0,Raigad,Maharashtra
2018-03-18,1.07,1.2400000000000286,1.6099999999999575,1.84,1.07,0,Raigad,Maharashtra
2018-03-19,0.05,1.1200000000000285,1.6599999999999575,1.8900000000000001,1.07,0,Raigad,Maharashtra
2018-03-20,0.0,1.1200000000000285,1.3999999999999575,1.8900000000000001,1.07,0,Raigad,Maharashtra
2018-03-21,0.0,0.0500000000000282,1.3999999999999575,1.8900000000000001,0.05,0,Raigad,Maharashtra
2018-03-22,0.0,0.0,1.2899999999999574,1.87,0.0,0,Raigad,Maharashtra
2018-03-23,0.0,0.0,1.1199999999999575,1.87,0.0,0,Raigad,Maharashtra
2018-03-24,0.0,0.0,1.1199999999999575,1.86,0.0,0,Raigad,Maharashtra
2018-03-25,0.05,0.0500000000000282,0.09999999999995737,1.7900000000000003,0.05,0,Raigad,Maharashtra
2018-03-26,0.0,0.0500000000000282,0.04999999999995737,1.7100000000000002,0.05,0,Raigad,Maharashtra
2018-03-27,0.07,0.12000000000002821,0.11999999999995738,1.78,0.07,0,Raigad,Maharashtra
2018-03-28,0.1,0.1700000000000282,0.2199999999999574,1.62,0.1,0,Raigad,Maharashtra
2018-03-29,0.07,0.24000000000002822,0.2899999999999574,1.6900000000000002,0.1,0,Raigad,Maharashtra
2018-03-30,0.01,0.18000000000002822,0.2999999999999574,1.59,0.1,0,Raigad,Maharashtra
2018-03-31,0.02,0.1000000000000282,0.3199999999999574,1.4400000000000002,0.07,0,Raigad,Maharashtra
2018-04-01,0.01,0.0400000000000282,0.2799999999999574,1.4500000000000002,0.02,0,Raigad,Maharashtra
2018-04-02,0.0,0.0300000000000282,0.2799999999999574,0.38,0.02,0,Raigad,Maharashtra
2018-04-03,0.01,0.0200000000000282,0.2199999999999574,0.34,0.01,0,Raigad,Maharashtra
2018-04-04,0.05,0.060000000000028204,0.16999999999995738,0.39,0.05,0,Raigad,Maharashtra
2018-04-05,0.15,0.2100000000000282,0.24999999999995737,0.54,0.15,0,Raigad,Maharashtra
2018-04-06,0.08,0.28000000000002817,0.3199999999999574,0.62,0.15,0,Raigad,Maharashtra
2018-04-07,0.12,0.3500000000000282,0.4199999999999574,0.74,0.15,0,Raigad,Maharashtra
2018-04-08,0.06,0.2600000000000282,0.4699999999999574,0.8,0.12,0,Raigad,Maharashtra
2018-04-09,0.01,0.19000000000002817,0.4799999999999574,0.76,0.12,0,Raigad,Maharashtra
2018-04-10,0.0,0.07000000000002819,0.4699999999999574,0.76,0.06,0,Raigad,Maharashtra
2018-04-11,0.03,0.0400000000000282,0.4499999999999574,0.7200000000000001,0.03,0,Raigad,Maharashtra
2018-04-12,0.02,0.0500000000000282,0.3199999999999574,0.64,0.03,0,Raigad,Maharashtra
2018-04-13,0.01,0.0600000000000282,0.24999999999995734,0.58,0.03,0,Raigad,Maharashtra
2018-04-14,0.03,0.0600000000000282,0.15999999999995737,0.6,0.03,0,Raigad,Maharashtra
2018-04-15,0.05,0.0900000000000282,0.14999999999995736,0.63,0.05,0,Raigad,Maharashtra
2018-04-16,0.05,0.1300000000000282,0.18999999999995737,0.6699999999999999,0.05,0,Raigad,Maharashtra
2018-04-17,0.17,0.2700000000000282,0.35999999999995735,0.84,0.17,0,Raigad,Maharashtra
2018-04-18,0.15,0.3700000000000282,0.4799999999999574,0.98,0.17,0,Raigad,Maharashtra
2018-04-19,0.06,0.3800000000000282,0.5199999999999574,0.99,0.17,0,Raigad,Maharashtra
2018-04-20,0.07,0.2800000000000282,0.5799999999999574,0.91,0.15,0,Raigad,Maharashtra
2018-04-21,0.03,0.1600000000000282,0.5799999999999573,0.8600000000000001,0.07,0,Raigad,Maharashtra
2018-04-22,0.0,0.1000000000000282,0.5299999999999574,0.74,0.07,0,Raigad,Maharashtra
2018-04-23,0.0,0.0300000000000282,0.47999999999995735,0.6799999999999999,0.03,0,Raigad,Maharashtra
2018-04-24,0.0,0.0,0.3099999999999573,0.6699999999999999,0.0,0,Raigad,Maharashtra
2018-04-25,0.0,0.0,0.15999999999995737,0.6699999999999999,0.0,0,Raigad,Maharashtra
2018-04-26,0.0,0.0,0.09999999999995737,0.6399999999999999,0.0,0,Raigad,Maharashtra
2018-04-27,0.0,0.0,0.029999999999957366,0.6200000000000001,0.0,0,Raigad,Maharashtra
2018-04-28,0.0,0.0,0.0,0.6100000000000001,0.0,0,Raigad,Maharashtra
2018-04-29,0.02,0.0200000000000282,0.019999999999957368,0.6,0.02,0,Raigad,Maharashtra
2018-04-30,0.01,0.0300000000000282,0.029999999999957366,0.5599999999999999,0.02,0,Raigad,Maharashtra
2018-05-01,0.0,0.0300000000000282,0.029999999999957366,0.51,0.02,0,Raigad,Maharashtra
2018-05-02,0.0,0.0100000000000282,0.029999999999957366,0.34,0.01,0,Raigad,Maharashtra
2018-05-03,0.01,0.0100000000000282,0.03999999999995737,0.2,0.01,0,Raigad,Maharashtra
2018-05-04,0.02,0.0300000000000282,0.059999999999957365,0.16,0.02,0,Raigad,Maharashtra
2018-05-05,0.01,0.0400000000000282,0.06999999999995737,0.1,0.02,0,Raigad,Maharashtra
2018-05-06,0.07,0.1000000000000282,0.11999999999995738,0.14,0.07,0,Raigad,Maharashtra
2018-05-07,0.11,0.1900000000000282,0.2199999999999574,0.25,0.11,0,Raigad,Maharashtra
2018-05-08,0.01,0.1900000000000282,0.22999999999995738,0.26,0.11,0,Raigad,Maharashtra
2018-05-09,0.04,0.1600000000000282,0.2699999999999574,0.30000000000000004,0.11,0,Raigad,Maharashtra
2018-05-10,0.19,0.2400000000000282,0.4499999999999574,0.49,0.19,0,Raigad,Maharashtra
2018-05-11,0.12,0.3500000000000282,0.5499999999999574,0.61,0.19,0,Raigad,Maharashtra
2018-05-12,0.09,0.4000000000000282,0.6299999999999574,0.7,0.19,0,Raigad,Maharashtra
2018-05-13,0.08,0.2900000000000282,0.6399999999999574,0.78,0.12,0,Raigad,Maharashtra
2018-05-14,0.36,0.5300000000000282,0.8899999999999574,1.12,0.36,0,Raigad,Maharashtra
2018-05-15,0.15,0.5900000000000282,1.0299999999999574,1.26,0.36,0,Raigad,Maharashtra
2018-05-16,0.24,0.7500000000000281,1.2299999999999573,1.5,0.36,0,Raigad,Maharashtra
2018-05-17,1.12,1.5100000000000282,2.1599999999999575,2.62,1.12,0,Raigad,Maharashtra
2018-05-18,0.98,2.3400000000000283,3.0199999999999574,3.5900000000000003,1.12,0,Raigad,Maharashtra
2018-05-19,0.21,2.310000000000028,3.1399999999999575,3.7800000000000002,1.12,0,Raigad,Maharashtra
2018-05-20,0.18,1.370000000000028,3.2399999999999576,3.95,0.98,0,Raigad,Maharashtra
2018-05-21,0.11,0.5000000000000282,2.9899999999999576,3.99,0.21,0,Raigad,Maharashtra
2018-05-22,0.03,0.3200000000000282,2.8699999999999575,3.9099999999999997,0.18,0,Raigad,Maharashtra
2018-05-23,0.02,0.1600000000000282,2.6499999999999573,3.92,0.11,0,Raigad,Maharashtra
2018-05-24,0.11,0.1600000000000282,1.6399999999999573,3.99,0.11,0,Raigad,Maharashtra
2018-05-25,0.07,0.2000000000000282,0.7299999999999573,3.87,0.11,0,Raigad,Maharashtra
2018-05-26,0.4,0.5800000000000283,0.9199999999999574,4.15,0.4,0,Raigad,Maharashtra
2018-05-27,0.99,1.4600000000000284,1.7299999999999573,5.05,0.99,0,Raigad,Maharashtra
2018-05-28,0.65,2.0400000000000285,2.2699999999999574,5.62,0.99,0,Raigad,Maharashtra
2018-05-29,0.54,2.180000000000028,2.779999999999957,5.8,0.99,0,Raigad,Maharashtra
2018-05-30,0.89,2.080000000000028,3.6499999999999573,6.54,0.89,0,Raigad,Maharashtra
2018-05-31,0.32,1.7500000000000282,3.8599999999999572,6.62,0.89,0,Raigad,Maharashtra
2018-06-01,4.73,5.940000000000029,8.519999999999957,10.23,4.73,1,Raigad,Maharashtra
2018-06-02,16.69,21.74000000000003,24.80999999999996,25.94,16.69,1,Raigad,Maharashtra
2018-06-03,7.14,28.56000000000003,30.959999999999958,32.87,16.69,1,Raigad,Maharashtra
2018-06-04,6.83,30.66000000000003,37.13999999999996,39.52,16.69,1,Raigad,Maharashtra
2018-06-05,4.73,18.700000000000028,41.329999999999956,44.14,7.14,1,Raigad,Maharashtra
2018-06-06,5.13,16.690000000000026,45.56999999999996,49.24,6.83,1,Raigad,Maharashtra
2018-06-07,10.35,20.21000000000003,55.59999999999995,59.57000000000001,10.35,1,Raigad,Maharashtra
2018-06-08,23.64,39.12000000000003,74.50999999999996,83.10000000000001,23.64,1,Raigad,Maharashtra
2018-06-09,40.29,74.28000000000003,98.10999999999996,123.32,40.29,1,Raigad,Maharashtra
2018-06-10,23.48,87.41000000000003,114.44999999999995,146.4,40.29,1,Raigad,Maharashtra
2018-06-11,6.11,69.88000000000002,113.72999999999995,151.51999999999998,40.29,1,Raigad,Maharashtra
2018-06-12,1.56,31.150000000000023,110.55999999999995,152.42999999999998,23.48,1,Raigad,Maharashtra
2018-06-13,1.43,9.100000000000021,106.85999999999996,153.32,6.11,1,Raigad,Maharashtra
2018-06-14,1.43,4.420000000000021,97.93999999999996,153.86,1.56,1,Raigad,Maharashtra
2018-06-15,20.58,23.44000000000002,94.87999999999995,174.11999999999998,20.58,1,Raigad,Maharashtra
2018-06-16,13.6,35.61000000000002,68.18999999999996,182.99,20.58,1,Raigad,Maharashtra
2018-06-17,32.71,66.89000000000001,77.41999999999994,199.01,32.71,1,Raigad,Maharashtra
2018-06-18,19.34,65.65000000000002,90.64999999999995,211.20999999999998,32.71,1,Raigad,Maharashtra
2018-06-19,3.53,55.58000000000002,92.61999999999995,207.91,32.71,1,Raigad,Maharashtra
2018-06-20,6.05,28.920000000000023,97.23999999999995,209.23,19.34,1,Raigad,Maharashtra
2018-06-21,47.09,56.67000000000003,142.89999999999995,251.19,47.09,1,Raigad,Maharashtra
2018-06-22,19.52,72.66000000000003,141.83999999999995,260.36,47.09,1,Raigad,Maharashtra
2018-06-23,53.2,119.81000000000003,181.43999999999994,289.92,53.2,1,Raigad,Maharashtra
2018-06-24,54.93,127.65000000000003,203.65999999999994,304.56,54.93,1,Raigad,Maharashtra
2018-06-25,37.78,145.91000000000003,222.09999999999994,318.86,54.93,1,Raigad,Maharashtra
2018-06-26,23.83,116.54000000000002,242.39999999999995,336.58000000000004,54.93,1,Raigad,Maharashtra
2018-06-27,8.31,69.92000000000003,244.65999999999997,343.33000000000004,37.78,1,Raigad,Maharashtra
2018-06-28,21.17,53.31000000000003,218.73999999999995,363.07,23.83,1,Raigad,Maharashtra
2018-06-29,13.55,43.03000000000003,212.76999999999995,375.19,21.17,1,Raigad,Maharashtra
2018-06-30,21.7,56.42000000000003,181.26999999999992,376.31,21.7,1,Raigad,Maharashtra
2018-07-01,9.28,44.53000000000003,135.61999999999995,371.99,21.7,1,Raigad,Maharashtra
2018-07-02,23.77,54.75000000000003,121.60999999999996,363.05,23.77,1,Raigad,Maharashtra
2018-07-03,53.48,86.53000000000002,151.25999999999993,397.19,53.48,1,Raigad,Maharashtra
2018-07-04,52.89,130.14000000000001,195.83999999999992,446.55,53.48,1,Raigad,Maharashtra
2018-07-05,53.3,159.67000000000002,227.96999999999994,493.8,53.48,1,Raigad,Maharashtra
2018-07-06,26.84,133.03000000000003,241.25999999999993,473.55,53.3,1,Raigad,Maharashtra
2018-07-07,60.34,140.48000000000002,279.9,514.37,60.34,1,Raigad,Maharashtra
2018-07-08,45.9,133.08000000000004,316.5199999999999,507.07,60.34,1,Raigad,Maharashtra
2018-07-09,67.48,173.72000000000003,360.2299999999999,519.62,67.48,1,Raigad,Maharashtra
2018-07-10,53.17,166.55,359.9199999999999,535.01,67.48,1,Raigad,Maharashtra
2018-07-11,20.66,141.31000000000003,327.68999999999994,531.84,67.48,1,Raigad,Maharashtra
2018-07-12,29.98,103.81000000000003,304.37,553.51,53.17,1,Raigad,Maharashtra
2018-07-13,43.13,93.77000000000004,320.65999999999997,575.47,43.13,1,Raigad,Maharashtra
2018-07-14,28.3,101.41000000000004,288.6199999999999,590.22,43.13,1,Raigad,Maharashtra
2018-07-15,55.46,126.89000000000003,298.17999999999995,623.98,55.46,1,Raigad,Maharashtra
2018-07-16,86.61,170.37,317.30999999999995,701.31,86.61,1,Raigad,Maharashtra
2018-07-17,46.39,188.46000000000004,310.5299999999999,723.9300000000001,86.61,1,Raigad,Maharashtra
2018-07-18,25.36,158.36,315.22999999999996,695.81,86.61,1,Raigad,Maharashtra
2018-07-19,20.77,92.52000000000002,306.0199999999999,663.69,46.39,1,Raigad,Maharashtra
2018-07-20,23.11,69.24000000000002,285.99999999999994,633.5000000000001,25.36,1,Raigad,Maharashtra
2018-07-21,13.66,57.54000000000003,271.35999999999996,620.32,23.11,1,Raigad,Maharashtra
2018-07-22,15.68,52.450000000000024,231.57999999999996,575.66,23.11,1,Raigad,Maharashtra
2018-07-23,12.55,41.89000000000003,157.51999999999995,542.3100000000001,15.68,1,Raigad,Maharashtra
2018-07-24,5.03,33.260000000000026,116.15999999999994,479.86,15.68,1,Raigad,Maharashtra
2018-07-25,5.66,23.24000000000003,96.45999999999994,432.34999999999997,12.55,1,Raigad,Maharashtra
2018-07-26,6.38,17.07000000000003,82.06999999999995,418.07,6.38,1,Raigad,Maharashtra
2018-07-27,4.56,16.600000000000026,63.519999999999946,392.65,6.38,1,Raigad,Maharashtra
2018-07-28,1.83,12.770000000000028,51.68999999999994,351.35,6.38,1,Raigad,Maharashtra
2018-07-29,0.84,7.230000000000028,36.849999999999945,323.89,4.56,1,Raigad,Maharashtra
2018-07-30,1.86,4.530000000000029,26.159999999999943,270.29,1.86,1,Raigad,Maharashtra
2018-07-31,3.02,5.720000000000029,24.14999999999994,186.7,3.02,1,Raigad,Maharashtra
2018-08-01,6.91,11.79000000000003,25.39999999999994,147.22000000000003,6.91,1,Raigad,Maharashtra
2018-08-02,5.07,15.000000000000028,24.089999999999943,126.93,6.91,1,Raigad,Maharashtra
2018-08-03,12.65,24.63000000000003,32.17999999999994,118.81,12.65,1,Raigad,Maharashtra
2018-08-04,15.31,33.03000000000003,45.65999999999994,111.01,15.31,1,Raigad,Maharashtra
2018-08-05,3.32,31.28000000000003,48.139999999999944,100.66999999999999,15.31,1,Raigad,Maharashtra
2018-08-06,3.67,22.30000000000003,49.949999999999946,88.66,15.31,1,Raigad,Maharashtra
2018-08-07,5.47,12.460000000000027,52.39999999999994,81.58,5.47,1,Raigad,Maharashtra
2018-08-08,5.01,14.150000000000027,50.49999999999994,81.56,5.47,1,Raigad,Maharashtra
2018-08-09,6.99,17.470000000000027,52.419999999999945,82.89,6.99,1,Raigad,Maharashtra
2018-08-10,9.45,21.450000000000028,49.21999999999994,85.96,9.45,1,Raigad,Maharashtra
2018-08-11,15.92,32.36000000000003,49.82999999999994,97.32,15.92,1,Raigad,Maharashtra
2018-08-12,19.81,45.18000000000002,66.31999999999994,115.3,19.81,1,Raigad,Maharashtra
2018-08-13,35.3,71.03000000000002,97.94999999999993,149.76,35.3,1,Raigad,Maharashtra
2018-08-14,9.89,65.00000000000003,102.36999999999995,157.79,35.3,1,Raigad,Maharashtra
2018-08-15,12.3,57.49000000000002,109.65999999999994,167.07000000000002,35.3,1,Raigad,Maharashtra
2018-08-16,33.56,55.75000000000003,136.22999999999996,193.72000000000003,33.56,1,Raigad,Maharashtra
2018-08-17,17.39,63.25000000000003,144.16999999999996,206.04,33.56,1,Raigad,Maharashtra
2018-08-18,13.89,64.84000000000003,142.13999999999996,207.27999999999997,33.56,1,Raigad,Maharashtra
2018-08-19,23.61,54.89000000000003,145.93999999999994,215.57999999999998,23.61,1,Raigad,Maharashtra
2018-08-20,37.02,74.52000000000004,147.65999999999994,249.28,37.02,1,Raigad,Maharashtra
2018-08-21,29.1,89.73000000000003,166.86999999999995,274.71000000000004,37.02,1,Raigad,Maharashtra
2018-08-22,23.83,89.95000000000003,178.39999999999995,293.07,37.02,1,Raigad,Maharashtra
2018-08-23,14.11,67.04000000000002,158.94999999999993,302.16999999999996,29.1,1,Raigad,Maharashtra
2018-08-24,14.01,51.950000000000024,155.56999999999996,309.19,23.83,1,Raigad,Maharashtra
2018-08-25,12.28,40.40000000000003,153.95999999999995,312.02,14.11,1,Raigad,Maharashtra
2018-08-26,16.91,43.20000000000003,147.25999999999996,313.01000000000005,16.91,1,Raigad,Maharashtra
2018-08-27,14.65,43.84000000000003,124.88999999999994,307.85,16.91,1,Raigad,Maharashtra
2018-08-28,13.75,45.31000000000003,109.53999999999994,286.3,16.91,1,Raigad,Maharashtra
2018-08-29,6.76,35.160000000000025,92.46999999999994,283.16999999999996,14.65,1,Raigad,Maharashtra
2018-08-30,5.14,25.65000000000003,83.49999999999994,276.01,13.75,1,Raigad,Maharashtra
2018-08-31,4.96,16.860000000000028,74.44999999999993,247.41000000000003,6.76,1,Raigad,Maharashtra
2018-09-01,8.1,18.200000000000028,70.26999999999994,238.12,8.1,1,Raigad,Maharashtra
2018-09-02,11.54,24.600000000000026,64.89999999999995,235.77,11.54,1,Raigad,Maharashtra
2018-09-03,8.51,28.150000000000027,58.75999999999994,220.67,11.54,1,Raigad,Maharashtra
2018-09-04,2.82,22.870000000000026,47.82999999999994,186.47,11.54,1,Raigad,Maharashtra
2018-09-05,2.37,13.700000000000028,43.43999999999994,159.74,8.51,1,Raigad,Maharashtra
2018-09-06,1.28,6.470000000000028,39.57999999999994,137.19,2.82,1,Raigad,Maharashtra
2018-09-07,2.99,6.640000000000029,37.60999999999994,126.07,2.99,1,Raigad,Maharashtra
2018-09-08,1.49,5.760000000000028,30.999999999999943,113.55,2.99,1,Raigad,Maharashtra
2018-09-09,0.63,5.110000000000028,20.089999999999943,101.9,2.99,1,Raigad,Maharashtra
2018-09-10,0.13,2.250000000000028,11.709999999999944,85.11999999999999,1.49,1,Raigad,Maharashtra
2018-09-11,0.04,0.800000000000028,8.929999999999943,70.51,0.63,1,Raigad,Maharashtra
2018-09-12,0.69,0.860000000000028,7.249999999999943,57.449999999999996,0.69,1,Raigad,Maharashtra
2018-09-13,1.27,2.000000000000028,7.239999999999943,51.96,1.27,1,Raigad,Maharashtra
2018-09-14,1.93,3.890000000000028,6.179999999999943,48.75,1.93,1,Raigad,Maharashtra
2018-09-15,7.23,10.430000000000028,11.919999999999943,51.019999999999996,7.23,1,Raigad,Maharashtra
2018-09-16,3.65,12.810000000000029,14.939999999999944,46.57,7.23,1,Raigad,Maharashtra
2018-09-17,0.27,11.150000000000029,15.079999999999943,35.300000000000004,7.23,1,Raigad,Maharashtra
2018-09-18,0.68,4.600000000000027,15.719999999999944,27.47,3.65,1,Raigad,Maharashtra
2018-09-19,5.6,6.550000000000027,20.629999999999942,30.25,5.6,1,Raigad,Maharashtra
2018-09-20,4.41,10.690000000000028,23.769999999999943,32.29,5.6,1,Raigad,Maharashtra
2018-09-21,3.87,13.880000000000027,25.709999999999944,34.879999999999995,5.6,1,Raigad,Maharashtra
2018-09-22,1.07,9.350000000000026,19.549999999999944,32.96,4.41,1,Raigad,Maharashtra
2018-09-23,0.86,5.800000000000027,16.75999999999994,32.33,3.87,1,Raigad,Maharashtra
2018-09-24,0.29,2.2200000000000277,16.779999999999944,31.99,1.07,1,Raigad,Maharashtra
2018-09-25,0.11,1.2600000000000275,16.209999999999944,31.97,0.86,1,Raigad,Maharashtra
2018-09-26,2.43,2.8300000000000276,13.039999999999944,34.36,2.43,1,Raigad,Maharashtra
2018-09-27,4.78,7.320000000000028,13.409999999999943,38.449999999999996,4.78,1,Raigad,Maharashtra
2018-09-28,8.77,15.980000000000027,18.309999999999942,45.95,8.77,1,Raigad,Maharashtra
2018-09-29,6.22,19.770000000000028,23.45999999999994,50.24,8.77,1,Raigad,Maharashtra
2018-09-30,0.52,15.510000000000026,23.11999999999994,43.529999999999994,8.77,1,Raigad,Maharashtra
2018-10-01,2.82,9.560000000000027,25.64999999999994,42.699999999999996,6.22,0,Raigad,Maharashtra
2018-10-02,5.76,9.100000000000026,31.299999999999944,48.190000000000005,5.76,0,Raigad,Maharashtra
2018-10-03,6.89,15.470000000000027,35.75999999999994,54.400000000000006,6.89,0,Raigad,Maharashtra
2018-10-04,2.38,15.030000000000026,33.35999999999994,51.18,6.89,0,Raigad,Maharashtra
2018-10-05,1.34,10.610000000000026,25.929999999999943,48.11,6.89,0,Raigad,Maharashtra
2018-10-06,0.19,3.910000000000027,19.89999999999994,44.43,2.38,0,Raigad,Maharashtra
2018-10-07,0.02,1.5500000000000267,19.399999999999945,43.38,1.34,0,Raigad,Maharashtra
2018-10-08,0.19,0.40000000000002667,16.769999999999943,42.71,0.19,0,Raigad,Maharashtra
2018-10-09,0.08,0.2900000000000266,11.089999999999941,42.5,0.19,0,Raigad,Maharashtra
2018-10-10,0.09,0.36000000000002663,4.289999999999943,42.480000000000004,0.19,0,Raigad,Maharashtra
2018-10-11,0.1,0.27000000000002666,2.0099999999999434,40.15,0.1,0,Raigad,Maharashtra
2018-10-12,0.1,0.2900000000000266,0.7699999999999432,35.47,0.1,0,Raigad,Maharashtra
2018-10-13,0.06,0.26000000000002665,0.6399999999999432,26.759999999999998,0.1,0,Raigad,Maharashtra
2018-10-14,0.01,0.17000000000002663,0.6299999999999432,20.549999999999997,0.1,0,Raigad,Maharashtra
2018-10-15,0.01,0.08000000000002665,0.4499999999999431,20.04,0.06,0,Raigad,Maharashtra
2018-10-16,0.44,0.46000000000002667,0.8099999999999432,17.66,0.44,0,Raigad,Maharashtra
2018-10-17,1.85,2.300000000000027,2.5699999999999434,13.75,1.85,0,Raigad,Maharashtra
2018-10-18,8.39,10.680000000000028,10.859999999999944,15.25,8.39,0,Raigad,Maharashtra
2018-10-19,3.63,13.87000000000003,14.389999999999944,16.5,8.39,0,Raigad,Maharashtra
2018-10-20,0.58,12.600000000000026,14.909999999999943,15.739999999999998,8.39,0,Raigad,Maharashtra
2018-10-21,0.45,4.660000000000027,15.349999999999945,16.0,3.63,0,Raigad,Maharashtra
2018-10-22,0.32,1.3500000000000267,15.659999999999945,16.3,0.58,0,Raigad,Maharashtra
2018-10-23,0.1,0.8700000000000266,15.319999999999945,16.209999999999997,0.45,0,Raigad,Maharashtra
2018-10-24,0.0,0.4200000000000267,13.469999999999944,16.13,0.32,0,Raigad,Maharashtra
2018-10-25,0.38,0.4800000000000267,5.459999999999943,16.42,0.38,0,Raigad,Maharashtra
2018-10-26,0.16,0.5400000000000267,1.9899999999999431,16.48,0.38,0,Raigad,Maharashtra
2018-10-27,0.0,0.5400000000000267,1.4099999999999433,16.380000000000003,0.38,0,Raigad,Maharashtra
2018-10-28,0.0,0.16000000000002665,0.9599999999999431,16.32,0.16,0,Raigad,Maharashtra
2018-10-29,0.0,0.0,0.6399999999999432,16.310000000000002,0.0,0,Raigad,Maharashtra
2018-10-30,0.0,0.0,0.5399999999999432,16.3,0.0,0,Raigad,Maharashtra
2018-10-31,0.0,0.0,0.5399999999999432,15.86,0.0,0,Raigad,Maharashtra
2018-11-01,0.0,0.0,0.15999999999994316,14.01,0.0,0,Raigad,Maharashtra
2018-11-02,0.0,0.0,0.0,5.62,0.0,0,Raigad,Maharashtra
2018-11-03,0.28,0.28000000000002667,0.2799999999999432,2.27,0.28,0,Raigad,Maharashtra
2018-11-04,4.19,4.470000000000027,4.469999999999944,5.880000000000001,4.19,0,Raigad,Maharashtra
2018-11-05,9.12,13.590000000000027,13.589999999999943,14.549999999999997,9.12,0,Raigad,Maharashtra
2018-11-06,0.52,13.830000000000027,14.109999999999943,14.749999999999996,9.12,0,Raigad,Maharashtra
2018-11-07,0.0,9.640000000000025,14.109999999999943,14.649999999999997,9.12,0,Raigad,Maharashtra
2018-11-08,0.0,0.5200000000000267,14.109999999999943,14.649999999999997,0.52,0,Raigad,Maharashtra
2018-11-09,0.0,0.0,14.109999999999943,14.269999999999998,0.0,0,Raigad,Maharashtra
2018-11-10,0.0,0.0,13.829999999999943,14.109999999999998,0.0,0,Raigad,Maharashtra
2018-11-11,0.0,0.0,9.639999999999942,14.109999999999998,0.0,0,Raigad,Maharashtra
2018-11-12,0.0,0.0,0.5199999999999432,14.109999999999998,0.0,0,Raigad,Maharashtra
2018-11-13,0.0,0.0,0.0,14.109999999999998,0.0,0,Raigad,Maharashtra
2018-11-14,0.0,0.0,0.0,14.109999999999998,0.0,0,Raigad,Maharashtra
2018-11-15,0.0,0.0,0.0,14.109999999999998,0.0,0,Raigad,Maharashtra
2018-11-16,0.0,0.0,0.0,14.109999999999998,0.0,0,Raigad,Maharashtra
2018-11-17,0.0,0.0,0.0,14.109999999999998,0.0,0,Raigad,Maharashtra
2018-11-18,0.0,0.0,0.0,13.829999999999997,0.0,0,Raigad,Maharashtra
2018-11-19,0.09,0.09000000000002664,0.08999999999994315,9.729999999999997,0.09,0,Raigad,Maharashtra
2018-11-20,0.13,0.22000000000002665,0.21999999999994316,0.7399999999999982,0.13,0,Raigad,Maharashtra
2018-11-21,0.05,0.27000000000002666,0.2699999999999432,0.26999999999999824,0.13,0,Raigad,Maharashtra
2018-11-22,0.01,0.19000000000002665,0.2799999999999432,0.27999999999999825,0.13,0,Raigad,Maharashtra
2018-11-23,0.0,0.06000000000002665,0.2799999999999432,0.27999999999999825,0.05,0,Raigad,Maharashtra
2018-11-24,0.0,0.010000000000026646,0.2799999999999432,0.27999999999999825,0.01,0,Raigad,Maharashtra
2018-11-25,0.0,0.0,0.2799999999999432,0.27999999999999825,0.0,0,Raigad,Maharashtra
2018-11-26,0.0,0.0,0.18999999999994316,0.27999999999999825,0.0,0,Raigad,Maharashtra
2018-11-27,0.0,0.0,0.05999999999994316,0.27999999999999825,0.0,0,Raigad,Maharashtra
2018-11-28,0.0,0.0,0.009999999999943157,0.27999999999999825,0.0,0,Raigad,Maharashtra
2018-11-29,0.0,0.0,0.0,0.27999999999999825,0.0,0,Raigad,Maharashtra
2018-11-30,0.0,0.0,0.0,0.27999999999999825,0.0,0,Raigad,Maharashtra
2018-12-01,0.0,0.0,0.0,0.27999999999999825,0.0,0,Raigad,Maharashtra
2018-12-02,0.0,0.0,0.0,0.27999999999999825,0.0,0,Raigad,Maharashtra
2018-12-03,0.0,0.0,0.0,0.27999999999999825,0.0,0,Raigad,Maharashtra
2018-12-04,0.0,0.0,0.0,0.18999999999999823,0.0,0,Raigad,Maharashtra
2018-12-05,0.02,0.020000000000026646,0.019999999999943157,0.07999999999999823,0.02,0,Raigad,Maharashtra
2018-12-06,0.11,0.13000000000002665,0.12999999999994316,0.13999999999999824,0.11,0,Raigad,Maharashtra
2018-12-07,0.0,0.13000000000002665,0.12999999999994316,0.12999999999999823,0.11,0,Raigad,Maharashtra
2018-12-08,0.0,0.11000000000002665,0.12999999999994316,0.12999999999999823,0.11,0,Raigad,Maharashtra
2018-12-09,0.0,0.0,0.12999999999994316,0.12999999999999823,0.0,0,Raigad,Maharashtra
2018-12-10,0.0,0.0,0.12999999999994316,0.12999999999999823,0.0,0,Raigad,Maharashtra
2018-12-11,0.0,0.0,0.12999999999994316,0.12999999999999823,0.0,0,Raigad,Maharashtra
2018-12-12,0.04,0.040000000000026646,0.14999999999994315,0.1699999999999982,0.04,0,Raigad,Maharashtra
2018-12-13,0.0,0.040000000000026646,0.03999999999994316,0.1699999999999982,0.04,0,Raigad,Maharashtra
2018-12-14,0.0,0.040000000000026646,0.03999999999994316,0.1699999999999982,0.04,0,Raigad,Maharashtra
2018-12-15,0.01,0.010000000000026646,0.04999999999994316,0.17999999999999822,0.01,0,Raigad,Maharashtra
2018-12-16,0.0,0.010000000000026646,0.04999999999994316,0.17999999999999822,0.01,0,Raigad,Maharashtra
2018-12-17,0.0,0.010000000000026646,0.04999999999994316,0.17999999999999822,0.01,0,Raigad,Maharashtra
2018-12-18,0.0,0.0,0.04999999999994316,0.17999999999999822,0.0,0,Raigad,Maharashtra
2018-12-19,0.0,0.0,0.009999999999943157,0.17999999999999822,0.0,0,Raigad,Maharashtra
2018-12-20,0.0,0.0,0.009999999999943157,0.15999999999999823,0.0,0,Raigad,Maharashtra
2018-12-21,0.0,0.0,0.009999999999943157,0.049999999999998226,0.0,0,Raigad,Maharashtra
2018-12-22,0.0,0.0,0.0,0.049999999999998226,0.0,0,Raigad,Maharashtra
2018-12-23,0.0,0.0,0.0,0.049999999999998226,0.0,0,Raigad,Maharashtra
2018-12-24,0.0,0.0,0.0,0.049999999999998226,0.0,0,Raigad,Maharashtra
2018-12-25,0.0,0.0,0.0,0.049999999999998226,0.0,0,Raigad,Maharashtra
2018-12-26,0.0,0.0,0.0,0.049999999999998226,0.0,0,Raigad,Maharashtra
2018-12-27,0.0,0.0,0.0,0.009999999999998224,0.0,0,Raigad,Maharashtra
2018-12-28,0.0,0.0,0.0,0.009999999999998224,0.0,0,Raigad,Maharashtra
2018-12-29,0.0,0.0,0.0,0.009999999999998224,0.0,0,Raigad,Maharashtra
2018-12-30,0.0,0.0,0.0,0.0,0.0,0,Raigad,Maharashtra
2018-12-31,0.0,0.0,0.0,0.0,0.0,0,Raigad,Maharashtra
2019-01-01,0.0,0.0,0.0,0.0,0.0,0,Raigad,Maharashtra
2019-01-02,0.0,0.0,0.0,0.0,0.0,0,Raigad,Maharashtra
2019-01-03,0.0,0.0,0.0,0.0,0.0,0,Raigad,Maharashtra
2019-01-04,0.0,0.0,0.0,0.0,0.0,0,Raigad,Maharashtra
2019-01-05,0.0,0.0,0.0,0.0,0.0,0,Raigad,Maharashtra
2019-01-06,0.0,0.0,0.0,0.0,0.0,0,Raigad,Maharashtra
2019-01-07,0.0,0.0,0.0,0.0,0.0,0,Raigad,Maharashtra
2019-01-08,0.0,0.0,0.0,0.0,0.0,0,Raigad,Maharashtra
2019-01-09,0.0,0.0,0.0,0.0,0.0,0,Raigad,Maharashtra
2019-01-10,0.0,0.0,0.0,0.0,0.0,0,Raigad,Maharashtra
2019-01-11,0.0,0.0,0.0,0.0,0.0,0,Raigad,Maharashtra
2019-01-12,0.0,0.0,0.0,0.0,0.0,0,Raigad,Maharashtra
2019-01-13,0.0,0.0,0.0,0.0,0.0,0,Raigad,Maharashtra
2019-01-14,0.0,0.0,0.0,0.0,0.0,0,Raigad,Maharashtra
2019-01-15,0.0,0.0,0.0,0.0,0.0,0,Raigad,Maharashtra
2019-01-16,0.0,0.0,0.0,0.0,0.0,0,Raigad,Maharashtra
2019-01-17,0.0,0.0,0.0,0.0,0.0,0,Raigad,Maharashtra
2019-01-18,0.0,0.0,0.0,0.0,0.0,0,Raigad,Maharashtra
2019-01-19,0.0,0.0,0.0,0.0,0.0,0,Raigad,Maharashtra
2019-01-20,0.0,0.0,0.0,0.0,0.0,0,Raigad,Maharashtra
2019-01-21,0.0,0.0,0.0,0.0,0.0,0,Raigad,Maharashtra
2019-01-22,0.11,0.11000000000002665,0.10999999999994316,0.10999999999999822,0.11,0,Raigad,Maharashtra
2019-01-23,0.06,0.17000000000002663,0.16999999999994314,0.1699999999999982,0.11,0,Raigad,Maharashtra
2019-01-24,0.0,0.17000000000002663,0.16999999999994314,0.1699999999999982,0.11,0,Raigad,Maharashtra
2019-01-25,0.0,0.06000000000002664,0.16999999999994314,0.1699999999999982,0.06,0,Raigad,Maharashtra
2019-01-26,0.0,0.0,0.16999999999994314,0.1699999999999982,0.0,0,Raigad,Maharashtra
2019-01-27,0.0,0.0,0.16999999999994314,0.1699999999999982,0.0,0,Raigad,Maharashtra
2019-01-28,0.0,0.0,0.16999999999994314,0.1699999999999982,0.0,0,Raigad,Maharashtra
2019-01-29,0.0,0.0,0.059999999999943154,0.1699999999999982,0.0,0,Raigad,Maharashtra
2019-01-30,0.0,0.0,0.0,0.1699999999999982,0.0,0,Raigad,Maharashtra
2019-01-31,0.0,0.0,0.0,0.1699999999999982,0.0,0,Raigad,Maharashtra
2019-02-01,0.0,0.0,0.0,0.1699999999999982,0.0,0,Raigad,Maharashtra
2019-02-02,0.0,0.0,0.0,0.1699999999999982,0.0,0,Raigad,Maharashtra
2019-02-03,0.0,0.0,0.0,0.1699999999999982,0.0,0,Raigad,Maharashtra
2019-02-04,0.0,0.0,0.0,0.1699999999999982,0.0,0,Raigad,Maharashtra
2019-02-05,0.0,0.0,0.0,0.1699999999999982,0.0,0,Raigad,Maharashtra
2019-02-06,0.0,0.0,0.0,0.05999999999999822,0.0,0,Raigad,Maharashtra
2019-02-07,0.06,0.06000000000002664,0.059999999999943154,0.05999999999999822,0.06,0,Raigad,Maharashtra
2019-02-08,0.0,0.06000000000002664,0.059999999999943154,0.05999999999999822,0.06,0,Raigad,Maharashtra
2019-02-09,0.0,0.06000000000002664,0.059999999999943154,0.05999999999999822,0.06,0,Raigad,Maharashtra
2019-02-10,0.0,0.0,0.059999999999943154,0.05999999999999822,0.0,0,Raigad,Maharashtra
2019-02-11,0.0,0.0,0.059999999999943154,0.05999999999999822,0.0,0,Raigad,Maharashtra
2019-02-12,0.0,0.0,0.059999999999943154,0.05999999999999822,0.0,0,Raigad,Maharashtra
2019-02-13,0.0,0.0,0.059999999999943154,0.05999999999999822,0.0,0,Raigad,Maharashtra
2019-02-14,0.0,0.0,0.0,0.05999999999999822,0.0,0,Raigad,Maharashtra
2019-02-15,0.0,0.0,0.0,0.05999999999999822,0.0,0,Raigad,Maharashtra
2019-02-16,0.0,0.0,0.0,0.05999999999999822,0.0,0,Raigad,Maharashtra
2019-02-17,0.0,0.0,0.0,0.05999999999999822,0.0,0,Raigad,Maharashtra
2019-02-18,0.0,0.0,0.0,0.05999999999999822,0.0,0,Raigad,Maharashtra
2019-02-19,0.0,0.0,0.0,0.05999999999999822,0.0,0,Raigad,Maharashtra
2019-02-20,0.09,0.09000000000002664,0.08999999999994315,0.14999999999999822,0.09,0,Raigad,Maharashtra
2019-02-21,0.0,0.09000000000002664,0.08999999999994315,0.14999999999999822,0.09,0,Raigad,Maharashtra
2019-02-22,0.0,0.09000000000002664,0.08999999999994315,0.08999999999999822,0.09,0,Raigad,Maharashtra
2019-02-23,0.0,0.0,0.08999999999994315,0.08999999999999822,0.0,0,Raigad,Maharashtra
2019-02-24,0.0,0.0,0.08999999999994315,0.08999999999999822,0.0,0,Raigad,Maharashtra
2019-02-25,0.0,0.0,0.08999999999994315,0.08999999999999822,0.0,0,Raigad,Maharashtra
2019-02-26,0.0,0.0,0.08999999999994315,0.08999999999999822,0.0,0,Raigad,Maharashtra
2019-02-27,0.0,0.0,0.0,0.08999999999999822,0.0,0,Raigad,Maharashtra
2019-02-28,0.0,0.0,0.0,0.08999999999999822,0.0,0,Raigad,Maharashtra
2019-03-01,0.0,0.0,0.0,0.08999999999999822,0.0,0,Raigad,Maharashtra
2019-03-02,0.0,0.0,0.0,0.08999999999999822,0.0,0,Raigad,Maharashtra
2019-03-03,0.03,0.030000000000026644,0.029999999999943155,0.11999999999999822,0.03,0,Raigad,Maharashtra
2019-03-04,0.11,0.14000000000002666,0.13999999999994317,0.2299999999999982,0.11,0,Raigad,Maharashtra
2019-03-05,0.0,0.14000000000002666,0.13999999999994317,0.2299999999999982,0.11,0,Raigad,Maharashtra
2019-03-06,0.0,0.11000000000002665,0.13999999999994317,0.2299999999999982,0.11,0,Raigad,Maharashtra
2019-03-07,0.0,0.0,0.13999999999994317,0.13999999999999824,0.0,0,Raigad,Maharashtra
2019-03-08,0.0,0.0,0.13999999999994317,0.13999999999999824,0.0,0,Raigad,Maharashtra
2019-03-09,0.0,0.0,0.13999999999994317,0.13999999999999824,0.0,0,Raigad,Maharashtra
2019-03-10,0.0,0.0,0.10999999999994316,0.13999999999999824,0.0,0,Raigad,Maharashtra
2019-03-11,0.0,0.0,0.0,0.13999999999999824,0.0,0,Raigad,Maharashtra
2019-03-12,0.0,0.0,0.0,0.13999999999999824,0.0,0,Raigad,Maharashtra
2019-03-13,0.0,0.0,0.0,0.13999999999999824,0.0,0,Raigad,Maharashtra
2019-03-14,0.0,0.0,0.0,0.13999999999999824,0.0,0,Raigad,Maharashtra
2019-03-15,0.0,0.0,0.0,0.13999999999999824,0.0,0,Raigad,Maharashtra
2019-03-16,0.0,0.0,0.0,0.13999999999999824,0.0,0,Raigad,Maharashtra
2019-03-17,0.29,0.2900000000000266,0.28999999999994314,0.4299999999999982,0.29,0,Raigad,Maharashtra
2019-03-18,0.0,0.2900000000000266,0.28999999999994314,0.39999999999999825,0.29,0,Raigad,Maharashtra
2019-03-19,0.0,0.2900000000000266,0.28999999999994314,0.2899999999999982,0.29,0,Raigad,Maharashtra
2019-03-20,0.0,0.0,0.28999999999994314,0.2899999999999982,0.0,0,Raigad,Maharashtra
2019-03-21,0.0,0.0,0.28999999999994314,0.2899999999999982,0.0,0,Raigad,Maharashtra
2019-03-22,0.0,0.0,0.28999999999994314,0.2899999999999982,0.0,0,Raigad,Maharashtra
2019-03-23,0.01,0.010000000000026646,0.29999999999994315,0.2999999999999982,0.01,0,Raigad,Maharashtra
2019-03-24,0.0,0.010000000000026646,0.009999999999943157,0.2999999999999982,0.01,0,Raigad,Maharashtra
2019-03-25,0.0,0.010000000000026646,0.009999999999943157,0.2999999999999982,0.01,0,Raigad,Maharashtra
2019-03-26,0.01,0.010000000000026646,0.019999999999943157,0.3099999999999982,0.01,0,Raigad,Maharashtra
2019-03-27,0.04,0.05000000000002665,0.059999999999943154,0.3499999999999982,0.04,0,Raigad,Maharashtra
2019-03-28,0.03,0.08000000000002665,0.08999999999994315,0.37999999999999823,0.04,0,Raigad,Maharashtra
2019-03-29,0.02,0.09000000000002666,0.10999999999994316,0.3999999999999982,0.04,0,Raigad,Maharashtra
2019-03-30,0.02,0.07000000000002665,0.11999999999994317,0.4199999999999982,0.03,0,Raigad,Maharashtra
2019-03-31,0.01,0.05000000000002665,0.12999999999994316,0.4299999999999982,0.02,0,Raigad,Maharashtra
2019-04-01,0.0,0.030000000000026644,0.12999999999994316,0.1399999999999982,0.02,0,Raigad,Maharashtra
2019-04-02,0.0,0.010000000000026646,0.11999999999994315,0.1399999999999982,0.01,0,Raigad,Maharashtra
2019-04-03,0.02,0.020000000000026646,0.09999999999994316,0.15999999999999823,0.02,0,Raigad,Maharashtra
2019-04-04,0.02,0.040000000000026646,0.08999999999994317,0.17999999999999822,0.02,0,Raigad,Maharashtra
2019-04-05,0.02,0.06,0.08999999999994315,0.19999999999999823,0.02,0,Raigad,Maharashtra
2019-04-06,0.0,0.04000000000002664,0.06999999999994316,0.19999999999999823,0.02,0,Raigad,Maharashtra
2019-04-07,0.0,0.020000000000026646,0.05999999999994316,0.18999999999999823,0.02,0,Raigad,Maharashtra
2019-04-08,0.0,0.0,0.05999999999994316,0.18999999999999823,0.0,0,Raigad,Maharashtra
2019-04-09,0.0,0.0,0.05999999999994316,0.18999999999999823,0.0,0,Raigad,Maharashtra
2019-04-10,0.0,0.0,0.039999999999943164,0.17999999999999822,0.0,0,Raigad,Maharashtra
2019-04-11,0.31,0.31000000000002664,0.32999999999994317,0.4499999999999982,0.31,0,Raigad,Maharashtra
2019-04-12,0.46,0.7700000000000267,0.7699999999999432,0.8799999999999982,0.46,0,Raigad,Maharashtra
2019-04-13,0.17,0.9400000000000267,0.9399999999999432,1.0299999999999983,0.46,0,Raigad,Maharashtra
2019-04-14,0.55,1.1800000000000268,1.4899999999999434,1.5599999999999983,0.55,0,Raigad,Maharashtra
2019-04-15,1.61,2.3300000000000267,3.0999999999999432,3.1599999999999984,1.61,0,Raigad,Maharashtra
2019-04-16,0.85,3.010000000000027,3.9499999999999433,4.009999999999998,1.61,0,Raigad,Maharashtra
2019-04-17,0.0,2.4600000000000266,3.9499999999999433,4.009999999999998,1.61,0,Raigad,Maharashtra
2019-04-18,0.0,0.8500000000000268,3.6399999999999433,3.9899999999999984,0.85,0,Raigad,Maharashtra
2019-04-19,0.0,0.0,3.1799999999999433,3.9699999999999984,0.0,0,Raigad,Maharashtra
2019-04-20,0.0,0.0,3.0099999999999434,3.9499999999999984,0.0,0,Raigad,Maharashtra
2019-04-21,0.0,0.0,2.459999999999943,3.9499999999999984,0.0,0,Raigad,Maharashtra
2019-04-22,0.0,0.0,0.8499999999999431,3.9499999999999984,0.0,0,Raigad,Maharashtra
2019-04-23,0.0,0.0,0.0,3.9499999999999984,0.0,0,Raigad,Maharashtra
2019-04-24,0.02,0.020000000000026868,0.019999999999943157,3.9699999999999984,0.02,0,Raigad,Maharashtra
2019-04-25,0.04,0.060000000000026865,0.059999999999943154,4.009999999999998,0.04,0,Raigad,Maharashtra
2019-04-26,0.13,0.19000000000002687,0.18999999999994316,3.8299999999999983,0.13,0,Raigad,Maharashtra
2019-04-27,0.17,0.3400000000000269,0.35999999999994314,3.5399999999999983,0.17,0,Raigad,Maharashtra
2019-04-28,0.27,0.5700000000000269,0.6299999999999432,3.6399999999999983,0.27,0,Raigad,Maharashtra
2019-04-29,0.06,0.5000000000000269,0.6899999999999431,3.149999999999998,0.27,0,Raigad,Maharashtra
2019-04-30,0.02,0.3500000000000269,0.7099999999999431,1.5599999999999983,0.27,0,Raigad,Maharashtra
2019-05-01,0.01,0.09000000000002686,0.6999999999999431,0.7199999999999982,0.06,0,Raigad,Maharashtra
2019-05-02,0.0,0.030000000000026866,0.6599999999999431,0.7199999999999982,0.02,0,Raigad,Maharashtra
2019-05-03,0.01,0.020000000000026868,0.5399999999999432,0.7299999999999982,0.01,0,Raigad,Maharashtra
2019-05-04,0.05,0.06000000000002687,0.4199999999999432,0.7799999999999983,0.05,0,Raigad,Maharashtra
2019-05-05,0.0,0.06000000000002687,0.14999999999994315,0.7799999999999983,0.05,0,Raigad,Maharashtra
2019-05-06,0.01,0.06000000000002687,0.09999999999994316,0.7899999999999983,0.05,0,Raigad,Maharashtra
2019-05-07,0.01,0.020000000000026868,0.08999999999994315,0.7999999999999983,0.01,0,Raigad,Maharashtra
2019-05-08,0.0,0.020000000000026868,0.07999999999994316,0.7999999999999983,0.01,0,Raigad,Maharashtra
2019-05-09,0.0,0.010000000000026868,0.07999999999994316,0.7799999999999983,0.01,0,Raigad,Maharashtra
2019-05-10,0.0,0.0,0.06999999999994316,0.7399999999999982,0.0,0,Raigad,Maharashtra
2019-05-11,0.0,0.0,0.019999999999943157,0.6099999999999983,0.0,0,Raigad,Maharashtra
2019-05-12,0.01,0.010000000000026868,0.029999999999943155,0.44999999999999823,0.01,0,Raigad,Maharashtra
2019-05-13,0.02,0.030000000000026866,0.03999999999994316,0.19999999999999823,0.02,0,Raigad,Maharashtra
2019-05-14,0.01,0.04000000000002687,0.03999999999994316,0.14999999999999822,0.02,0,Raigad,Maharashtra
2019-05-15,0.0,0.030000000000026866,0.03999999999994316,0.12999999999999823,0.02,0,Raigad,Maharashtra
2019-05-16,0.04,0.05000000000002687,0.07999999999994316,0.15999999999999823,0.04,0,Raigad,Maharashtra
2019-05-17,0.0,0.04000000000002687,0.07999999999994316,0.15999999999999823,0.04,0,Raigad,Maharashtra
2019-05-18,0.0,0.04000000000002687,0.07999999999994316,0.14999999999999822,0.04,0,Raigad,Maharashtra
2019-05-19,0.0,0.0,0.06999999999994316,0.09999999999999823,0.0,0,Raigad,Maharashtra
2019-05-20,0.0,0.0,0.04999999999994316,0.09999999999999823,0.0,0,Raigad,Maharashtra
2019-05-21,0.01,0.010000000000026868,0.04999999999994316,0.09999999999999823,0.01,0,Raigad,Maharashtra
2019-05-22,0.01,0.020000000000026868,0.059999999999943154,0.09999999999999823,0.01,0,Raigad,Maharashtra
2019-05-23,0.01,0.03,0.029999999999943155,0.10999999999999824,0.01,0,Raigad,Maharashtra
2019-05-24,0.01,0.03,0.03999999999994316,0.11999999999999823,0.01,0,Raigad,Maharashtra
2019-05-25,0.01,0.03,0.04999999999994316,0.12999999999999823,0.01,0,Raigad,Maharashtra
2019-05-26,0.02,0.04000000000002687,0.06999999999994316,0.14999999999999825,0.02,0,Raigad,Maharashtra
2019-05-27,0.03,0.060000000000026865,0.09999999999994316,0.1699999999999982,0.03,0,Raigad,Maharashtra
2019-05-28,0.01,0.060000000000026865,0.09999999999994316,0.15999999999999823,0.03,0,Raigad,Maharashtra
2019-05-29,0.01,0.05000000000002687,0.09999999999994315,0.15999999999999823,0.03,0,Raigad,Maharashtra
2019-05-30,0.01,0.03,0.09999999999994316,0.16999999999999824,0.01,0,Raigad,Maharashtra
2019-05-31,0.03,0.05000000000002687,0.11999999999994315,0.1599999999999982,0.03,0,Raigad,Maharashtra
2019-06-01,0.05,0.09000000000002688,0.15999999999994316,0.20999999999999822,0.05,1,Raigad,Maharashtra
2019-06-02,0.04,0.12000000000002686,0.17999999999994315,0.24999999999999822,0.05,1,Raigad,Maharashtra
2019-06-03,0.09,0.18000000000002686,0.23999999999994315,0.3399999999999982,0.09,1,Raigad,Maharashtra
2019-06-04,0.05,0.18000000000002686,0.2799999999999432,0.38999999999999824,0.09,1,Raigad,Maharashtra
2019-06-05,0.29,0.4300000000000268,0.5599999999999431,0.6699999999999982,0.29,1,Raigad,Maharashtra
2019-06-06,0.46,0.8000000000000269,1.0099999999999432,1.1199999999999983,0.46,1,Raigad,Maharashtra
2019-06-07,0.84,1.590000000000027,1.819999999999943,1.9499999999999982,0.84,1,Raigad,Maharashtra
2019-06-08,1.67,2.970000000000027,3.4399999999999427,3.609999999999998,1.67,1,Raigad,Maharashtra
2019-06-09,2.97,5.480000000000027,6.369999999999943,6.5699999999999985,2.97,1,Raigad,Maharashtra
2019-06-10,12.16,16.800000000000026,18.439999999999944,18.709999999999997,12.16,1,Raigad,Maharashtra
2019-06-11,27.72,42.85000000000002,46.10999999999994,46.39999999999999,27.72,1,Raigad,Maharashtra
2019-06-12,12.25,52.130000000000024,58.06999999999994,58.64,27.72,1,Raigad,Maharashtra
2019-06-13,7.54,47.51000000000002,65.14999999999995,66.17,27.72,1,Raigad,Maharashtra
2019-06-14,13.57,33.36000000000002,77.87999999999994,79.72999999999999,13.57,1,Raigad,Maharashtra
2019-06-15,18.53,39.64000000000002,94.73999999999994,98.22999999999999,18.53,1,Raigad,Maharashtra
2019-06-16,5.12,37.22000000000002,96.88999999999994,103.3,18.53,1,Raigad,Maharashtra
2019-06-17,4.87,28.520000000000024,89.59999999999994,108.13000000000001,18.53,1,Raigad,Maharashtra
2019-06-18,5.19,15.180000000000021,67.06999999999995,113.23,5.19,1,Raigad,Maharashtra
2019-06-19,6.82,16.88000000000002,61.639999999999944,120.0,6.82,1,Raigad,Maharashtra
2019-06-20,2.64,14.650000000000022,56.739999999999945,122.35,6.82,1,Raigad,Maharashtra
2019-06-21,0.2,9.660000000000023,43.36999999999995,122.09,6.82,1,Raigad,Maharashtra
2019-06-22,0.49,3.3300000000000214,25.329999999999945,121.74,2.64,1,Raigad,Maharashtra
2019-06-23,2.1,2.7900000000000214,22.309999999999942,122.17,2.1,1,Raigad,Maharashtra
2019-06-24,5.01,7.600000000000021,22.449999999999942,124.21000000000001,5.01,1,Raigad,Maharashtra
2019-06-25,4.63,11.74000000000002,21.889999999999944,116.68,5.01,1,Raigad,Maharashtra
2019-06-26,9.82,19.460000000000022,24.889999999999944,98.78,9.82,1,Raigad,Maharashtra
2019-06-27,53.86,68.31000000000002,76.10999999999994,140.39,53.86,1,Raigad,Maharashtra
2019-06-28,102.99,166.67000000000002,178.89999999999992,235.83999999999997,102.99,1,Raigad,Maharashtra
2019-06-29,61.59,218.44000000000003,239.99999999999994,283.86,102.99,1,Raigad,Maharashtra
2019-06-30,38.23,202.81000000000003,276.12999999999994,303.56,102.99,1,Raigad,Maharashtra
2019-07-01,75.3,175.12000000000003,346.41999999999996,373.74,75.3,1,Raigad,Maharashtra
2019-07-02,35.81,149.34000000000003,377.5999999999999,404.68,75.3,1,Raigad,Maharashtra
2019-07-03,31.29,142.40000000000003,399.06999999999994,430.78000000000003,75.3,1,Raigad,Maharashtra
2019-07-04,12.34,79.44000000000003,357.54999999999995,436.3,35.81,1,Raigad,Maharashtra
2019-07-05,43.64,87.27000000000002,298.19999999999993,477.29999999999995,43.64,1,Raigad,Maharashtra
2019-07-06,61.52,117.50000000000003,298.12999999999994,538.62,61.52,1,Raigad,Maharashtra
2019-07-07,41.91,147.07000000000002,301.80999999999995,580.04,61.52,1,Raigad,Maharashtra
2019-07-08,42.52,145.95000000000002,269.03,620.4599999999999,61.52,1,Raigad,Maharashtra
2019-07-09,36.17,120.60000000000002,269.38999999999993,651.62,42.52,1,Raigad,Maharashtra
2019-07-10,36.15,114.84000000000002,274.24999999999994,683.14,42.52,1,Raigad,Maharashtra
2019-07-11,42.26,114.58000000000001,304.1699999999999,715.58,42.26,1,Raigad,Maharashtra
2019-07-12,10.44,88.85000000000002,270.9699999999999,672.16,42.26,1,Raigad,Maharashtra
2019-07-13,10.79,63.490000000000016,220.23999999999995,579.96,42.26,1,Raigad,Maharashtra
2019-07-14,13.42,34.65000000000002,191.74999999999994,531.79,13.42,1,Raigad,Maharashtra
2019-07-15,10.88,35.090000000000025,160.10999999999993,504.44,13.42,1,Raigad,Maharashtra
2019-07-16,14.43,38.730000000000025,138.36999999999995,443.57,14.43,1,Raigad,Maharashtra
2019-07-17,4.56,29.870000000000022,106.77999999999993,412.32,14.43,1,Raigad,Maharashtra
2019-07-18,4.92,23.91000000000002,69.43999999999994,385.95,14.43,1,Raigad,Maharashtra
2019-07-19,10.06,19.54000000000002,69.05999999999995,383.67,10.06,1,Raigad,Maharashtra
2019-07-20,9.57,24.550000000000026,67.83999999999995,349.6,10.06,1,Raigad,Maharashtra
2019-07-21,26.51,46.14000000000002,80.92999999999995,314.59,26.51,1,Raigad,Maharashtra
2019-07-22,28.15,64.23000000000002,98.19999999999995,300.83,28.15,1,Raigad,Maharashtra
2019-07-23,21.44,76.10000000000002,105.20999999999995,279.75,28.15,1,Raigad,Maharashtra
2019-07-24,79.61,129.20000000000002,180.25999999999993,323.19,79.61,1,Raigad,Maharashtra
2019-07-25,32.13,133.18000000000004,207.46999999999994,319.16999999999996,79.61,1,Raigad,Maharashtra
2019-07-26,78.86,190.60000000000002,276.27,355.77,79.61,1,Raigad,Maharashtra
2019-07-27,70.42,181.41000000000003,337.11999999999995,415.75,78.86,1,Raigad,Maharashtra
2019-07-28,26.07,175.35000000000002,336.67999999999995,431.03000000000003,78.86,1,Raigad,Maharashtra
2019-07-29,58.42,154.91000000000003,366.94999999999993,476.03000000000003,70.42,1,Raigad,Maharashtra
2019-07-30,56.53,141.02,402.03999999999996,521.6800000000001,58.42,1,Raigad,Maharashtra
2019-07-31,30.66,145.61,353.0899999999999,537.91,58.42,1,Raigad,Maharashtra
2019-08-01,27.59,114.78,348.54999999999995,560.9399999999999,56.53,1,Raigad,Maharashtra
2019-08-02,59.16,117.41000000000001,328.8499999999999,615.18,59.16,1,Raigad,Maharashtra
2019-08-03,99.59,186.34000000000003,358.02,704.71,99.59,1,Raigad,Maharashtra
2019-08-04,134.98,293.73,466.92999999999995,830.12,134.98,1,Raigad,Maharashtra
2019-08-05,48.32,282.89,456.8299999999999,851.93,134.98,1,Raigad,Maharashtra
2019-08-06,30.69,213.98999999999998,430.9899999999999,854.47,134.98,1,Raigad,Maharashtra
2019-08-07,29.8,108.81,430.12999999999994,862.8299999999999,48.32,1,Raigad,Maharashtra
2019-08-08,20.81,81.3,423.3499999999999,804.03,30.69,1,Raigad,Maharashtra
2019-08-09,25.69,76.30000000000001,389.87999999999994,797.5899999999999,29.8,1,Raigad,Maharashtra
2019-08-10,23.84,70.34,314.12999999999994,742.57,25.69,1,Raigad,Maharashtra
2019-08-11,17.86,67.39,197.00999999999993,690.01,25.69,1,Raigad,Maharashtra
2019-08-12,9.23,50.93,157.91999999999996,673.1700000000001,23.84,1,Raigad,Maharashtra
2019-08-13,11.2,38.29,138.42999999999995,625.9499999999999,17.86,1,Raigad,Maharashtra
2019-08-14,10.09,30.52,118.71999999999994,579.51,11.2,1,Raigad,Maharashtra
2019-08-15,8.25,29.54,106.15999999999994,557.1,11.2,1,Raigad,Maharashtra
2019-08-16,8.04,26.38,88.50999999999993,537.55,10.09,1,Raigad,Maharashtra
2019-08-17,3.01,19.299999999999997,67.67999999999994,481.4,8.25,1,Raigad,Maharashtra
2019-08-18,3.21,14.259999999999998,53.02999999999994,385.02,8.04,1,Raigad,Maharashtra
2019-08-19,3.09,9.309999999999999,46.889999999999944,253.13,3.21,1,Raigad,Maharashtra
2019-08-20,3.73,10.03,39.41999999999994,208.54000000000002,3.73,1,Raigad,Maharashtra
2019-08-21,9.47,16.29,38.79999999999994,187.32000000000002,9.47,1,Raigad,Maharashtra
2019-08-22,7.61,20.810000000000002,38.15999999999994,165.13,9.47,1,Raigad,Maharashtra
2019-08-23,7.76,24.84,37.879999999999946,152.07999999999998,9.47,1,Raigad,Maharashtra
2019-08-24,7.37,22.740000000000002,42.239999999999945,133.76,7.76,1,Raigad,Maharashtra
2019-08-25,3.88,19.01,42.90999999999995,113.8,7.76,1,Raigad,Maharashtra
2019-08-26,2.58,13.829999999999998,42.39999999999994,98.52,7.37,1,Raigad,Maharashtra
2019-08-27,4.26,10.719999999999999,42.92999999999994,93.55,4.26,1,Raigad,Maharashtra
2019-08-28,3.14,9.98,36.599999999999945,85.49000000000001,4.26,1,Raigad,Maharashtra
2019-08-29,9.15,16.55,38.139999999999944,84.55,9.15,1,Raigad,Maharashtra
2019-08-30,20.8,33.09,51.17999999999994,97.1,20.8,1,Raigad,Maharashtra
2019-08-31,33.66,63.61,77.46999999999994,122.72,33.66,1,Raigad,Maharashtra
2019-09-01,28.02,82.48,101.60999999999993,147.73,33.66,1,Raigad,Maharashtra
2019-09-02,36.32,98.0,135.34999999999994,180.83999999999997,36.32,1,Raigad,Maharashtra
2019-09-03,69.49,133.82999999999998,200.57999999999993,247.23999999999998,69.49,1,Raigad,Maharashtra
2019-09-04,106.62,212.43,304.05999999999995,350.13,106.62,1,Raigad,Maharashtra
2019-09-05,62.89,239.0,357.79999999999995,403.54999999999995,106.62,1,Raigad,Maharashtra
2019-09-06,58.35,227.85999999999999,395.34999999999997,454.29,106.62,1,Raigad,Maharashtra
2019-09-07,68.11,189.35,429.79999999999995,514.64,68.11,1,Raigad,Maharashtra
2019-09-08,33.93,160.39,435.7099999999999,541.2,68.11,1,Raigad,Maharashtra
2019-09-09,27.69,129.73,427.0799999999999,565.01,68.11,1,Raigad,Maharashtra
2019-09-10,20.75,82.36999999999999,378.3399999999999,583.18,33.93,1,Raigad,Maharashtra
2019-09-11,10.59,59.02999999999999,282.30999999999995,589.51,27.69,1,Raigad,Maharashtra
2019-09-12,18.45,49.789999999999985,237.86999999999995,604.82,20.75,1,Raigad,Maharashtra
2019-09-13,32.12,61.15999999999998,211.63999999999996,627.79,32.12,1,Raigad,Maharashtra
2019-09-14,31.33,81.89999999999998,174.85999999999996,638.3199999999999,32.12,1,Raigad,Maharashtra
2019-09-15,16.28,79.72999999999999,157.20999999999992,620.9399999999999,32.12,1,Raigad,Maharashtra
2019-09-16,11.89,59.499999999999986,141.40999999999994,604.81,31.33,1,Raigad,Maharashtra
2019-09-17,13.18,41.34999999999999,133.83999999999995,581.67,16.28,1,Raigad,Maharashtra
2019-09-18,13.54,38.609999999999985,136.78999999999994,525.72,13.54,1,Raigad,Maharashtra
2019-09-19,30.81,57.52999999999999,149.14999999999995,449.90999999999997,30.81,1,Raigad,Maharashtra
2019-09-20,13.8,58.149999999999984,130.82999999999993,400.82,30.81,1,Raigad,Maharashtra
2019-09-21,7.45,52.05999999999999,106.94999999999995,349.91999999999996,30.81,1,Raigad,Maharashtra
2019-09-22,2.7,23.94999999999999,93.36999999999995,284.51,13.8,1,Raigad,Maharashtra
2019-09-23,4.6,14.749999999999986,86.07999999999994,255.18,7.45,1,Raigad,Maharashtra
2019-09-24,23.04,30.339999999999986,95.93999999999994,250.53,23.04,1,Raigad,Maharashtra
2019-09-25,49.27,76.91,131.66999999999996,279.05,49.27,1,Raigad,Maharashtra
2019-09-26,47.96,120.27,148.81999999999994,316.42,49.27,1,Raigad,Maharashtra
2019-09-27,4.43,101.66,139.44999999999993,302.4,49.27,1,Raigad,Maharashtra
2019-09-28,1.67,54.05999999999999,133.66999999999993,271.95,47.96,1,Raigad,Maharashtra
2019-09-29,1.78,7.879999999999986,132.74999999999994,242.39999999999998,4.43,1,Raigad,Maharashtra
2019-09-30,3.17,6.619999999999986,131.31999999999994,229.29000000000002,3.17,1,Raigad,Maharashtra
2019-10-01,1.23,6.1799999999999855,109.50999999999993,218.63,3.17,0,Raigad,Maharashtra
2019-10-02,0.64,5.039999999999986,60.879999999999946,206.09,3.17,0,Raigad,Maharashtra
2019-10-03,1.7,3.5699999999999856,14.619999999999942,194.25,1.7,0,Raigad,Maharashtra
2019-10-04,12.59,14.929999999999986,22.779999999999944,176.03,12.59,0,Raigad,Maharashtra
2019-10-05,10.23,24.519999999999985,31.33999999999994,172.46,12.59,0,Raigad,Maharashtra
2019-10-06,6.63,29.449999999999985,36.18999999999994,171.64,12.59,0,Raigad,Maharashtra
2019-10-07,7.86,24.719999999999985,40.87999999999994,176.8,10.23,0,Raigad,Maharashtra
2019-10-08,12.89,27.37999999999999,52.53999999999995,185.08999999999997,12.89,0,Raigad,Maharashtra
2019-10-09,11.98,32.72999999999999,63.879999999999946,174.03,12.89,0,Raigad,Maharashtra
2019-10-10,10.61,35.47999999999999,72.78999999999994,135.37,12.89,0,Raigad,Maharashtra
2019-10-11,4.48,27.069999999999986,64.67999999999995,91.88999999999999,11.98,0,Raigad,Maharashtra
2019-10-12,9.12,24.209999999999987,63.56999999999994,96.58,10.61,0,Raigad,Maharashtra
2019-10-13,6.39,19.989999999999984,63.32999999999995,101.3,9.12,0,Raigad,Maharashtra
2019-10-14,0.71,16.219999999999985,56.179999999999936,100.22999999999999,9.12,0,Raigad,Maharashtra
2019-10-15,0.02,7.119999999999985,43.30999999999994,97.08,6.39,0,Raigad,Maharashtra
2019-10-16,0.0,0.7299999999999858,31.32999999999994,95.85000000000001,0.71,0,Raigad,Maharashtra
2019-10-17,0.1,0.1199999999999858,20.819999999999943,95.31,0.1,0,Raigad,Maharashtra
2019-10-18,3.38,3.4799999999999858,19.719999999999942,96.99000000000001,3.38,0,Raigad,Maharashtra
2019-10-19,24.79,28.269999999999985,35.389999999999944,109.19,24.79,0,Raigad,Maharashtra
2019-10-20,14.02,42.18999999999998,43.01999999999994,112.97999999999999,24.79,0,Raigad,Maharashtra
2019-10-21,9.3,48.109999999999985,51.60999999999994,115.65,24.79,0,Raigad,Maharashtra
2019-10-22,28.84,52.15999999999998,80.42999999999995,136.63,28.84,0,Raigad,Maharashtra
2019-10-23,19.41,57.54999999999999,99.83999999999995,143.15,28.84,0,Raigad,Maharashtra
2019-10-24,19.41,67.65999999999998,119.14999999999993,150.58,28.84,0,Raigad,Maharashtra
2019-10-25,7.43,46.249999999999986,123.19999999999995,147.4,19.41,0,Raigad,Maharashtra
2019-10-26,3.27,30.109999999999985,101.67999999999994,146.19,19.41,0,Raigad,Maharashtra
2019-10-27,1.33,12.029999999999985,88.98999999999994,138.4,7.43,0,Raigad,Maharashtra
2019-10-28,0.89,5.489999999999986,80.57999999999994,132.89999999999998,3.27,0,Raigad,Maharashtra
2019-10-29,1.6,3.819999999999986,53.33999999999994,133.79000000000002,1.6,0,Raigad,Maharashtra
2019-10-30,5.33,7.819999999999986,39.25999999999994,139.1,5.33,0,Raigad,Maharashtra
2019-10-31,0.5,7.429999999999986,20.349999999999945,139.6,5.33,0,Raigad,Maharashtra
2019-11-01,21.73,27.559999999999988,34.64999999999994,161.23000000000002,21.73,0,Raigad,Maharashtra
2019-11-02,8.84,31.069999999999986,40.21999999999994,166.69,21.73,0,Raigad,Maharashtra
2019-11-03,2.13,32.69999999999999,41.019999999999946,144.03,21.73,0,Raigad,Maharashtra
2019-11-04,4.62,15.589999999999982,44.74999999999994,134.63,8.84,0,Raigad,Maharashtra
2019-11-05,1.69,8.439999999999982,44.83999999999994,127.02,4.62,0,Raigad,Maharashtra
2019-11-06,0.95,7.259999999999982,40.459999999999944,99.13000000000001,4.62,0,Raigad,Maharashtra
2019-11-07,1.23,3.8699999999999823,41.18999999999994,80.94999999999999,1.69,0,Raigad,Maharashtra
2019-11-08,3.47,5.649999999999983,22.92999999999994,65.00999999999999,3.47,0,Raigad,Maharashtra
2019-11-09,0.77,5.469999999999982,14.859999999999939,58.35000000000001,3.47,0,Raigad,Maharashtra
2019-11-10,0.01,4.249999999999982,12.73999999999994,55.09,3.47,0,Raigad,Maharashtra
2019-11-11,0.15,0.9299999999999818,8.26999999999994,53.910000000000004,0.77,0,Raigad,Maharashtra
2019-11-12,0.14,0.29999999999998184,6.71999999999994,53.160000000000004,0.15,0,Raigad,Maharashtra
2019-11-13,0.03,0.3199999999999818,5.799999999999939,51.59,0.15,0,Raigad,Maharashtra
2019-11-14,0.0,0.1699999999999818,4.569999999999939,46.260000000000005,0.14,0,Raigad,Maharashtra
2019-11-15,0.0,0.02999999999998179,1.0999999999999397,45.760000000000005,0.03,0,Raigad,Maharashtra
2019-11-16,0.0,0.0,0.3299999999999396,24.03,0.0,0,Raigad,Maharashtra
2019-11-17,0.01,0.009999999999981793,0.3299999999999396,15.2,0.01,0,Raigad,Maharashtra
2019-11-18,0.0,0.009999999999981793,0.17999999999993962,13.07,0.01,0,Raigad,Maharashtra
2019-11-19,0.0,0.009999999999981793,0.039999999999939605,8.45,0.01,0,Raigad,Maharashtra
2019-11-20,0.0,0.0,0.009999999999939604,6.760000000000001,0.0,0,Raigad,Maharashtra
2019-11-21,0.0,0.0,0.009999999999939604,5.8100000000000005,0.0,0,Raigad,Maharashtra
2019-11-22,0.0,0.0,0.009999999999939604,4.58,0.0,0,Raigad,Maharashtra
2019-11-23,0.0,0.0,0.009999999999939604,1.11,0.0,0,Raigad,Maharashtra
2019-11-24,0.0,0.0,0.0,0.34,0.0,0,Raigad,Maharashtra
2019-11-25,0.0,0.0,0.0,0.33,0.0,0,Raigad,Maharashtra
2019-11-26,0.0,0.0,0.0,0.18000000000000002,0.0,0,Raigad,Maharashtra
2019-11-27,0.0,0.0,0.0,0.04,0.0,0,Raigad,Maharashtra
2019-11-28,0.0,0.0,0.0,0.01,0.0,0,Raigad,Maharashtra
2019-11-29,0.0,0.0,0.0,0.01,0.0,0,Raigad,Maharashtra
2019-11-30,0.14,0.1399999999999818,0.13999999999993962,0.15000000000000002,0.14,0,Raigad,Maharashtra
2019-12-01,0.24,0.3799999999999818,0.3799999999999396,0.39,0.24,0,Raigad,Maharashtra
2019-12-02,0.05,0.4299999999999818,0.4299999999999396,0.43,0.24,0,Raigad,Maharashtra
2019-12-03,0.02,0.3099999999999818,0.4499999999999396,0.45,0.24,0,Raigad,Maharashtra
2019-12-04,0.13,0.1999999999999818,0.5799999999999397,0.5800000000000001,0.13,0,Raigad,Maharashtra
2019-12-05,0.21,0.3599999999999818,0.7899999999999396,0.79,0.21,0,Raigad,Maharashtra
2019-12-06,0.01,0.34999999999998177,0.7999999999999396,0.8,0.21,0,Raigad,Maharashtra
2019-12-07,0.0,0.2199999999999818,0.6599999999999396,0.8,0.21,0,Raigad,Maharashtra
2019-12-08,0.0,0.009999999999981793,0.4199999999999396,0.8,0.01,0,Raigad,Maharashtra
2019-12-09,0.0,0.0,0.3699999999999396,0.8,0.0,0,Raigad,Maharashtra
2019-12-10,0.04,0.03999999999998179,0.3899999999999396,0.84,0.04,0,Raigad,Maharashtra
2019-12-11,0.05,0.08999999999998179,0.3099999999999396,0.89,0.05,0,Raigad,Maharashtra
2019-12-12,0.1,0.1899999999999818,0.19999999999993961,0.99,0.1,0,Raigad,Maharashtra
2019-12-13,0.04,0.1899999999999818,0.2299999999999396,1.03,0.1,0,Raigad,Maharashtra
2019-12-14,0.0,0.1399999999999818,0.2299999999999396,1.03,0.1,0,Raigad,Maharashtra
2019-12-15,0.0,0.03999999999998179,0.2299999999999396,0.89,0.04,0,Raigad,Maharashtra
2019-12-16,0.0,0.0,0.2299999999999396,0.65,0.0,0,Raigad,Maharashtra
2019-12-17,0.0,0.0,0.1899999999999396,0.6,0.0,0,Raigad,Maharashtra
2019-12-18,0.0,0.0,0.13999999999993962,0.5800000000000001,0.0,0,Raigad,Maharashtra
2019-12-19,0.0,0.0,0.039999999999939605,0.45,0.0,0,Raigad,Maharashtra
2019-12-20,0.0,0.0,0.0,0.24000000000000002,0.0,0,Raigad,Maharashtra
2019-12-21,0.0,0.0,0.0,0.23,0.0,0,Raigad,Maharashtra
2019-12-22,0.09,0.08999999999998179,0.0899999999999396,0.32,0.09,0,Raigad,Maharashtra
2019-12-23,0.21,0.2999999999999818,0.2999999999999396,0.53,0.21,0,Raigad,Maharashtra
2019-12-24,0.43,0.7299999999999818,0.7299999999999396,0.96,0.43,0,Raigad,Maharashtra
2019-12-25,0.73,1.369999999999982,1.4599999999999396,1.65,0.73,0,Raigad,Maharashtra
2019-12-26,0.11,1.2699999999999818,1.5699999999999397,1.71,0.73,0,Raigad,Maharashtra
2019-12-27,0.0,0.8399999999999818,1.5699999999999397,1.61,0.73,0,Raigad,Maharashtra
2019-12-28,0.0,0.10999999999998179,1.5699999999999397,1.57,0.11,0,Raigad,Maharashtra
2019-12-29,0.01,0.009999999999981793,1.4899999999999396,1.58,0.01,0,Raigad,Maharashtra
2019-12-30,0.17,0.1799999999999818,1.4499999999999396,1.75,0.17,0,Raigad,Maharashtra
2019-12-31,0.0,0.1799999999999818,1.0199999999999396,1.75,0.17,0,Raigad,Maharashtra
2020-01-01,0.0,0.1699999999999818,0.28999999999993964,1.75,0.17,0,Raigad,Maharashtra
2020-01-02,0.01,0.009999999999981793,0.18999999999993963,1.76,0.01,0,Raigad,Maharashtra
2020-01-03,0.09,0.09999999999998178,0.2799999999999396,1.8499999999999999,0.09,0,Raigad,Maharashtra
2020-01-04,0.0,0.09999999999998178,0.2799999999999396,1.8499999999999999,0.09,0,Raigad,Maharashtra
2020-01-05,0.0,0.08999999999998179,0.26999999999993957,1.8499999999999999,0.09,0,Raigad,Maharashtra
2020-01-06,0.03,0.02999999999998179,0.1299999999999396,1.7899999999999998,0.03,0,Raigad,Maharashtra
2020-01-07,0.0,0.02999999999998179,0.1299999999999396,1.5799999999999998,0.03,0,Raigad,Maharashtra
2020-01-08,0.0,0.02999999999998179,0.1299999999999396,1.15,0.03,0,Raigad,Maharashtra
2020-01-09,0.0,0.0,0.1199999999999396,0.42,0.0,0,Raigad,Maharashtra
2020-01-10,0.0,0.0,0.029999999999939603,0.31,0.0,0,Raigad,Maharashtra
2020-01-11,0.0,0.0,0.029999999999939603,0.31,0.0,0,Raigad,Maharashtra
2020-01-12,0.0,0.0,0.029999999999939603,0.31,0.0,0,Raigad,Maharashtra
2020-01-13,0.03,0.02999999999998179,0.029999999999939603,0.33,0.03,0,Raigad,Maharashtra
2020-01-14,0.01,0.03999999999998179,0.039999999999939605,0.16999999999999998,0.03,0,Raigad,Maharashtra
2020-01-15,0.0,0.03999999999998179,0.039999999999939605,0.16999999999999998,0.03,0,Raigad,Maharashtra
2020-01-16,0.0,0.009999999999981793,0.039999999999939605,0.16999999999999998,0.01,0,Raigad,Maharashtra
2020-01-17,0.0,0.0,0.039999999999939605,0.15999999999999998,0.0,0,Raigad,Maharashtra
2020-01-18,0.0,0.0,0.039999999999939605,0.06999999999999999,0.0,0,Raigad,Maharashtra
2020-01-19,0.0,0.0,0.039999999999939605,0.06999999999999999,0.0,0,Raigad,Maharashtra
2020-01-20,0.0,0.0,0.009999999999939604,0.06999999999999999,0.0,0,Raigad,Maharashtra
2020-01-21,0.0,0.0,0.0,0.04,0.0,0,Raigad,Maharashtra
2020-01-22,0.0,0.0,0.0,0.04,0.0,0,Raigad,Maharashtra
2020-01-23,0.0,0.0,0.0,0.04,0.0,0,Raigad,Maharashtra
2020-01-24,0.0,0.0,0.0,0.04,0.0,0,Raigad,Maharashtra
2020-01-25,0.0,0.0,0.0,0.04,0.0,0,Raigad,Maharashtra
2020-01-26,0.0,0.0,0.0,0.04,0.0,0,Raigad,Maharashtra
2020-01-27,0.0,0.0,0.0,0.04,0.0,0,Raigad,Maharashtra
2020-01-28,0.04,0.03999999999998179,0.039999999999939605,0.05,0.04,0,Raigad,Maharashtra
2020-01-29,0.0,0.03999999999998179,0.039999999999939605,0.04,0.04,0,Raigad,Maharashtra
2020-01-30,0.0,0.03999999999998179,0.039999999999939605,0.04,0.04,0,Raigad,Maharashtra
2020-01-31,0.0,0.0,0.039999999999939605,0.04,0.0,0,Raigad,Maharashtra
2020-02-01,0.0,0.0,0.039999999999939605,0.04,0.0,0,Raigad,Maharashtra
2020-02-02,0.0,0.0,0.039999999999939605,0.04,0.0,0,Raigad,Maharashtra
2020-02-03,0.0,0.0,0.039999999999939605,0.04,0.0,0,Raigad,Maharashtra
2020-02-04,0.0,0.0,0.0,0.04,0.0,0,Raigad,Maharashtra
2020-02-05,0.0,0.0,0.0,0.04,0.0,0,Raigad,Maharashtra
2020-02-06,0.0,0.0,0.0,0.04,0.0,0,Raigad,Maharashtra
2020-02-07,0.0,0.0,0.0,0.04,0.0,0,Raigad,Maharashtra
2020-02-08,0.0,0.0,0.0,0.04,0.0,0,Raigad,Maharashtra
2020-02-09,0.0,0.0,0.0,0.04,0.0,0,Raigad,Maharashtra
2020-02-10,0.0,0.0,0.0,0.04,0.0,0,Raigad,Maharashtra
2020-02-11,0.05,0.049999999999981795,0.04999999999993961,0.09,0.05,0,Raigad,Maharashtra
2020-02-12,0.01,0.0599999999999818,0.05999999999993961,0.060000000000000005,0.05,0,Raigad,Maharashtra
2020-02-13,0.0,0.0599999999999818,0.05999999999993961,0.060000000000000005,0.05,0,Raigad,Maharashtra
2020-02-14,0.0,0.009999999999981793,0.05999999999993961,0.060000000000000005,0.01,0,Raigad,Maharashtra
2020-02-15,0.0,0.0,0.05999999999993961,0.060000000000000005,0.0,0,Raigad,Maharashtra
2020-02-16,0.0,0.0,0.05999999999993961,0.060000000000000005,0.0,0,Raigad,Maharashtra
2020-02-17,0.0,0.0,0.05999999999993961,0.060000000000000005,0.0,0,Raigad,Maharashtra
2020-02-18,0.0,0.0,0.009999999999939604,0.060000000000000005,0.0,0,Raigad,Maharashtra
2020-02-19,0.0,0.0,0.0,0.060000000000000005,0.0,0,Raigad,Maharashtra
2020-02-20,0.0,0.0,0.0,0.060000000000000005,0.0,0,Raigad,Maharashtra
2020-02-21,0.0,0.0,0.0,0.060000000000000005,0.0,0,Raigad,Maharashtra
2020-02-22,0.0,0.0,0.0,0.060000000000000005,0.0,0,Raigad,Maharashtra
2020-02-23,0.0,0.0,0.0,0.060000000000000005,0.0,0,Raigad,Maharashtra
2020-02-24,0.0,0.0,0.0,0.060000000000000005,0.0,0,Raigad,Maharashtra
2020-02-25,0.0,0.0,0.0,0.060000000000000005,0.0,0,Raigad,Maharashtra
2020-02-26,0.0,0.0,0.0,0.01,0.0,0,Raigad,Maharashtra
2020-02-27,0.0,0.0,0.0,0.0,0.0,0,Raigad,Maharashtra
2020-02-28,0.0,0.0,0.0,0.0,0.0,0,Raigad,Maharashtra
2020-02-29,0.1,0.0999999999999818,0.09999999999993961,0.1,0.1,0,Raigad,Maharashtra
2020-03-01,0.02,0.1199999999999818,0.11999999999993961,0.12000000000000001,0.1,0,Raigad,Maharashtra
2020-03-02,0.0,0.1199999999999818,0.11999999999993961,0.12000000000000001,0.1,0,Raigad,Maharashtra
2020-03-03,0.0,0.019999999999981793,0.11999999999993961,0.12000000000000001,0.02,0,Raigad,Maharashtra
2020-03-04,0.01,0.009999999999981793,0.1299999999999396,0.13,0.01,0,Raigad,Maharashtra
2020-03-05,0.0,0.009999999999981793,0.1299999999999396,0.13,0.01,0,Raigad,Maharashtra
2020-03-06,0.03,0.03999999999998179,0.1599999999999396,0.16,0.03,0,Raigad,Maharashtra
2020-03-07,0.02,0.049999999999981795,0.0799999999999396,0.18,0.03,0,Raigad,Maharashtra
2020-03-08,0.0,0.049999999999981795,0.0599999999999396,0.18,0.03,0,Raigad,Maharashtra
2020-03-09,0.0,0.019999999999981793,0.0599999999999396,0.18,0.02,0,Raigad,Maharashtra
2020-03-10,0.0,0.0,0.0599999999999396,0.18,0.0,0,Raigad,Maharashtra
2020-03-11,0.01,0.009999999999981793,0.0599999999999396,0.19,0.01,0,Raigad,Maharashtra
2020-03-12,0.39,0.3999999999999818,0.4499999999999396,0.5800000000000001,0.39,0,Raigad,Maharashtra
2020-03-13,0.01,0.4099999999999818,0.42999999999993965,0.59,0.39,0,Raigad,Maharashtra
2020-03-14,0.0,0.3999999999999818,0.40999999999993963,0.59,0.39,0,Raigad,Maharashtra
2020-03-15,0.0,0.009999999999981793,0.40999999999993963,0.49000000000000005,0.01,0,Raigad,Maharashtra
2020-03-16,0.13,0.1299999999999818,0.5399999999999396,0.6000000000000001,0.13,0,Raigad,Maharashtra
2020-03-17,0.1,0.2299999999999818,0.6399999999999396,0.7000000000000001,0.13,0,Raigad,Maharashtra
2020-03-18,0.0,0.2299999999999818,0.6299999999999396,0.7000000000000001,0.13,0,Raigad,Maharashtra
2020-03-19,0.01,0.10999999999998179,0.24999999999993963,0.7000000000000001,0.1,0,Raigad,Maharashtra
2020-03-20,0.01,0.019999999999981793,0.2499999999999396,0.7100000000000001,0.01,0,Raigad,Maharashtra
2020-03-21,0.0,0.019999999999981793,0.2499999999999396,0.68,0.01,0,Raigad,Maharashtra
2020-03-22,0.0,0.009999999999981793,0.2499999999999396,0.66,0.01,0,Raigad,Maharashtra
2020-03-23,0.05,0.049999999999981795,0.16999999999993962,0.71,0.05,0,Raigad,Maharashtra
2020-03-24,0.11,0.1599999999999818,0.1799999999999396,0.82,0.11,0,Raigad,Maharashtra
2020-03-25,1.57,1.7299999999999818,1.7499999999999396,2.39,1.57,0,Raigad,Maharashtra
2020-03-26,1.05,2.7299999999999818,2.7899999999999396,3.43,1.57,0,Raigad,Maharashtra
2020-03-27,1.19,3.809999999999982,3.96999999999994,4.23,1.57,0,Raigad,Maharashtra
2020-03-28,0.36,2.5999999999999814,4.32999999999994,4.58,1.19,0,Raigad,Maharashtra
2020-03-29,0.35,1.8999999999999817,4.679999999999939,4.93,1.19,0,Raigad,Maharashtra
2020-03-30,0.19,0.8999999999999817,4.81999999999994,5.12,0.36,0,Raigad,Maharashtra
2020-03-31,0.01,0.5499999999999817,4.719999999999939,5.0,0.35,0,Raigad,Maharashtra
2020-04-01,0.0,0.1999999999999818,3.1499999999999395,4.8999999999999995,0.19,0,Raigad,Maharashtra
2020-04-02,0.0,0.009999999999981793,2.0999999999999397,4.8999999999999995,0.01,0,Raigad,Maharashtra
2020-04-03,0.0,0.0,0.9099999999999395,4.89,0.0,0,Raigad,Maharashtra
2020-04-04,0.01,0.009999999999981793,0.5599999999999395,4.890000000000001,0.01,0,Raigad,Maharashtra
2020-04-05,0.02,0.02999999999998179,0.2299999999999396,4.91,0.02,0,Raigad,Maharashtra
2020-04-06,0.14,0.1699999999999818,0.17999999999993962,5.05,0.14,0,Raigad,Maharashtra
2020-04-07,0.0,0.1599999999999818,0.16999999999993962,4.999999999999999,0.14,0,Raigad,Maharashtra
2020-04-08,0.0,0.1399999999999818,0.16999999999993962,4.89,0.14,0,Raigad,Maharashtra
2020-04-09,0.01,0.009999999999981793,0.17999999999993962,3.3299999999999996,0.01,0,Raigad,Maharashtra
2020-04-10,0.03,0.03999999999998179,0.20999999999993962,2.3099999999999996,0.03,0,Raigad,Maharashtra
2020-04-11,0.13,0.1699999999999818,0.3299999999999397,1.2499999999999998,0.13,0,Raigad,Maharashtra
2020-04-12,0.9,1.0599999999999818,1.2099999999999396,1.7899999999999998,0.9,0,Raigad,Maharashtra
2020-04-13,0.28,1.3099999999999818,1.3499999999999397,1.72,0.9,0,Raigad,Maharashtra
2020-04-14,0.29,1.469999999999982,1.6399999999999395,1.8199999999999998,0.9,0,Raigad,Maharashtra
2020-04-15,0.12,0.6899999999999817,1.7599999999999398,1.9299999999999997,0.29,0,Raigad,Maharashtra
2020-04-16,0.73,1.1399999999999817,2.47999999999994,2.6599999999999997,0.73,0,Raigad,Maharashtra
2020-04-17,0.21,1.0599999999999816,2.6599999999999397,2.8699999999999997,0.73,0,Raigad,Maharashtra
2020-04-18,0.52,1.4599999999999818,3.0499999999999394,3.3899999999999997,0.73,0,Raigad,Maharashtra
2020-04-19,1.73,2.4599999999999818,3.8799999999999395,5.109999999999999,1.73,0,Raigad,Maharashtra
2020-04-20,0.11,2.3599999999999817,3.7099999999999396,5.199999999999999,1.73,0,Raigad,Maharashtra
2020-04-21,0.06,1.8999999999999817,3.4799999999999396,5.12,1.73,0,Raigad,Maharashtra
2020-04-22,0.01,0.17999999999998179,3.3699999999999397,5.13,0.11,0,Raigad,Maharashtra
2020-04-23,0.05,0.11999999999998179,2.6899999999999396,5.18,0.06,0,Raigad,Maharashtra
2020-04-24,0.05,0.1099999999999818,2.5299999999999394,5.22,0.05,0,Raigad,Maharashtra
2020-04-25,0.01,0.1099999999999818,2.019999999999939,5.199999999999999,0.05,0,Raigad,Maharashtra
2020-04-26,0.0,0.0599999999999818,0.2899999999999396,5.069999999999999,0.05,0,Raigad,Maharashtra
2020-04-27,0.03,0.03999999999998179,0.20999999999993962,4.199999999999999,0.03,0,Raigad,Maharashtra
2020-04-28,0.18,0.20999999999998178,0.3299999999999396,4.1,0.18,0,Raigad,Maharashtra
2020-04-29,0.62,0.8299999999999818,0.9399999999999396,4.43,0.62,0,Raigad,Maharashtra
2020-04-30,0.88,1.6799999999999817,1.7699999999999396,5.1899999999999995,0.88,0,Raigad,Maharashtra
2020-05-01,1.16,2.6599999999999815,2.8799999999999395,5.62,1.16,0,Raigad,Maharashtra
2020-05-02,2.09,4.129999999999981,4.95999999999994,7.5,2.09,0,Raigad,Maharashtra
2020-05-03,0.82,4.069999999999982,5.77999999999994,7.8,2.09,0,Raigad,Maharashtra
2020-05-04,0.1,3.009999999999981,5.849999999999939,6.17,2.09,0,Raigad,Maharashtra
2020-05-05,0.46,1.3799999999999812,6.1299999999999395,6.52,0.82,0,Raigad,Maharashtra
2020-05-06,0.46,1.0199999999999814,5.969999999999939,6.92,0.46,0,Raigad,Maharashtra
2020-05-07,0.01,0.9299999999999814,5.099999999999939,6.919999999999999,0.46,0,Raigad,Maharashtra
2020-05-08,0.0,0.4699999999999814,3.9399999999999396,6.869999999999999,0.46,0,Raigad,Maharashtra
2020-05-09,0.01,0.01999999999998135,1.8599999999999397,6.83,0.01,0,Raigad,Maharashtra
2020-05-10,0.1,0.10999999999998135,1.1399999999999395,6.92,0.1,0,Raigad,Maharashtra
2020-05-11,1.74,1.8499999999999814,2.77999999999994,8.66,1.74,0,Raigad,Maharashtra
2020-05-12,0.02,1.8599999999999814,2.3399999999999395,8.65,1.74,0,Raigad,Maharashtra
2020-05-13,0.1,1.8599999999999814,1.9799999999999396,8.569999999999999,1.74,0,Raigad,Maharashtra
2020-05-14,0.61,0.7299999999999813,2.5799999999999397,8.56,0.61,0,Raigad,Maharashtra
2020-05-15,1.82,2.5299999999999816,4.39999999999994,9.5,1.82,0,Raigad,Maharashtra
2020-05-16,0.45,2.8799999999999812,4.8399999999999395,8.79,1.82,0,Raigad,Maharashtra
2020-05-17,0.43,2.6999999999999815,5.1699999999999395,7.13,1.82,0,Raigad,Maharashtra
2020-05-18,0.14,1.0199999999999814,3.56999999999994,6.449999999999999,0.45,0,Raigad,Maharashtra
2020-05-19,0.09,0.6599999999999814,3.6399999999999397,6.44,0.43,0,Raigad,Maharashtra
2020-05-20,0.01,0.23999999999998137,3.54999999999994,5.99,0.14,0,Raigad,Maharashtra
2020-05-21,0.0,0.09999999999998134,2.93999999999994,5.53,0.09,0,Raigad,Maharashtra
2020-05-22,0.0,0.009999999999981348,1.1199999999999397,5.5200000000000005,0.01,0,Raigad,Maharashtra
2020-05-23,0.02,0.01999999999998135,0.6899999999999397,5.54,0.02,0,Raigad,Maharashtra
2020-05-24,0.04,0.059999999999981346,0.2999999999999396,5.569999999999999,0.04,0,Raigad,Maharashtra
2020-05-25,0.01,0.06999999999998135,0.1699999999999396,5.48,0.04,0,Raigad,Maharashtra
2020-05-26,0.0,0.04999999999998135,0.0799999999999396,3.7399999999999998,0.04,0,Raigad,Maharashtra
2020-05-27,0.0,0.009999999999981355,0.06999999999993961,3.72,0.01,0,Raigad,Maharashtra
2020-05-28,0.0,0.0,0.06999999999993961,3.62,0.0,0,Raigad,Maharashtra
2020-05-29,0.01,0.009999999999981355,0.0799999999999396,3.02,0.01,0,Raigad,Maharashtra
2020-05-30,0.02,0.029999999999981354,0.0799999999999396,1.22,0.02,0,Raigad,Maharashtra
2020-05-31,1.64,1.6699999999999813,1.6799999999999395,2.41,1.64,0,Raigad,Maharashtra
2020-06-01,4.79,6.4499999999999815,6.45999999999994,6.77,4.79,1,Raigad,Maharashtra
2020-06-02,42.59,49.01999999999998,49.04999999999994,49.220000000000006,42.59,1,Raigad,Maharashtra
2020-06-03,100.32,147.7,149.36999999999995,149.45,100.32,1,Raigad,Maharashtra
2020-06-04,32.06,174.96999999999997,181.42999999999995,181.5,100.32,1,Raigad,Maharashtra
2020-06-05,2.82,135.2,184.23999999999995,184.32,100.32,1,Raigad,Maharashtra
2020-06-06,11.8,46.67999999999999,196.01999999999992,196.12,32.06,1,Raigad,Maharashtra
2020-06-07,11.6,26.219999999999985,205.97999999999996,207.7,11.8,1,Raigad,Maharashtra
2020-06-08,18.72,42.11999999999998,219.9099999999999,226.38,18.72,1,Raigad,Maharashtra
2020-06-09,5.5,35.81999999999998,182.81999999999994,231.87,18.72,1,Raigad,Maharashtra
2020-06-10,8.24,32.45999999999998,90.73999999999992,240.11,18.72,1,Raigad,Maharashtra
2020-06-11,5.03,18.769999999999982,63.70999999999993,245.14000000000001,8.24,1,Raigad,Maharashtra
2020-06-12,4.44,17.709999999999983,65.32999999999993,249.58,8.24,1,Raigad,Maharashtra
2020-06-13,19.98,29.44999999999998,73.50999999999993,269.55,19.98,1,Raigad,Maharashtra
2020-06-14,13.34,37.759999999999984,75.24999999999993,282.87,19.98,1,Raigad,Maharashtra
2020-06-15,24.33,57.649999999999984,80.85999999999993,305.56,24.33,1,Raigad,Maharashtra
2020-06-16,17.31,54.979999999999976,92.66999999999993,318.08,24.33,1,Raigad,Maharashtra
2020-06-17,20.64,62.27999999999997,105.06999999999994,296.12999999999994,24.33,1,Raigad,Maharashtra
2020-06-18,34.09,72.03999999999998,134.12999999999994,229.9,34.09,1,Raigad,Maharashtra
2020-06-19,13.89,68.61999999999998,143.57999999999993,211.73000000000002,34.09,1,Raigad,Maharashtra
2020-06-20,4.53,52.509999999999984,128.12999999999994,213.44,34.09,1,Raigad,Maharashtra
2020-06-21,7.43,25.84999999999998,122.21999999999993,209.07,13.89,1,Raigad,Maharashtra
2020-06-22,4.2,16.15999999999998,102.08999999999993,201.67000000000002,7.43,1,Raigad,Maharashtra
2020-06-23,6.45,18.079999999999977,91.22999999999993,189.4,7.43,1,Raigad,Maharashtra
2020-06-24,1.3,11.949999999999978,71.88999999999993,185.20000000000002,6.45,1,Raigad,Maharashtra
2020-06-25,2.96,10.70999999999998,40.75999999999993,179.92,6.45,1,Raigad,Maharashtra
2020-06-26,11.26,15.519999999999978,38.129999999999924,186.15,11.26,1,Raigad,Maharashtra
2020-06-27,9.08,23.299999999999976,42.67999999999993,190.79,11.26,1,Raigad,Maharashtra
2020-06-28,7.93,28.269999999999975,43.17999999999993,178.74,11.26,1,Raigad,Maharashtra
2020-06-29,26.93,43.939999999999976,65.90999999999994,192.33,26.93,1,Raigad,Maharashtra
2020-06-30,41.45,76.30999999999997,100.90999999999994,209.45,41.45,1,Raigad,Maharashtra
2020-07-01,10.63,79.00999999999998,110.23999999999994,202.77,41.45,1,Raigad,Maharashtra
2020-07-02,14.34,66.41999999999999,121.61999999999993,196.47,41.45,1,Raigad,Maharashtra
2020-07-03,45.28,70.24999999999997,155.63999999999993,207.66,45.28,1,Raigad,Maharashtra
2020-07-04,63.92,123.53999999999998,210.47999999999993,257.69,63.92,1,Raigad,Maharashtra
2020-07-05,47.7,156.89999999999998,250.24999999999994,300.86,63.92,1,Raigad,Maharashtra
2020-07-06,36.64,148.26,259.9599999999999,330.07,63.92,1,Raigad,Maharashtra
2020-07-07,52.71,137.04999999999998,271.2199999999999,378.58000000000004,52.71,1,Raigad,Maharashtra
2020-07-08,24.33,113.67999999999998,284.91999999999996,396.46,52.71,1,Raigad,Maharashtra
2020-07-09,23.63,100.66999999999999,294.21,418.79,52.71,1,Raigad,Maharashtra
2020-07-10,13.5,61.45999999999998,262.42999999999995,429.33,24.33,1,Raigad,Maharashtra
2020-07-11,15.59,52.71999999999998,214.09999999999994,433.65999999999997,23.63,1,Raigad,Maharashtra
2020-07-12,24.96,54.04999999999998,191.35999999999993,449.54,24.96,1,Raigad,Maharashtra
2020-07-13,18.28,58.829999999999984,172.99999999999994,459.89,24.96,1,Raigad,Maharashtra
2020-07-14,24.96,68.19999999999997,145.24999999999994,457.92,24.96,1,Raigad,Maharashtra
2020-07-15,51.29,94.52999999999999,172.20999999999992,467.76,51.29,1,Raigad,Maharashtra
2020-07-16,31.13,107.37999999999998,179.70999999999992,488.26,51.29,1,Raigad,Maharashtra
2020-07-17,20.45,102.86999999999998,186.65999999999994,494.37,51.29,1,Raigad,Maharashtra
2020-07-18,9.65,61.22999999999998,180.71999999999994,458.74,31.13,1,Raigad,Maharashtra
2020-07-19,7.86,37.95999999999999,163.61999999999992,402.68,20.45,1,Raigad,Maharashtra
2020-07-20,9.8,27.309999999999988,155.13999999999993,364.78000000000003,9.8,1,Raigad,Maharashtra
2020-07-21,5.44,23.09999999999999,135.61999999999995,333.58000000000004,9.8,1,Raigad,Maharashtra
2020-07-22,3.59,18.829999999999988,87.91999999999992,284.46,9.8,1,Raigad,Maharashtra
2020-07-23,8.01,17.039999999999985,64.79999999999993,268.14,8.01,1,Raigad,Maharashtra
2020-07-24,22.92,34.51999999999998,67.26999999999992,267.43,22.92,1,Raigad,Maharashtra
2020-07-25,10.72,41.649999999999984,68.33999999999993,264.65000000000003,22.92,1,Raigad,Maharashtra
2020-07-26,10.14,43.77999999999999,70.61999999999993,259.2,22.92,1,Raigad,Maharashtra
2020-07-27,19.09,39.94999999999999,79.90999999999994,253.32999999999998,19.09,1,Raigad,Maharashtra
2020-07-28,21.6,50.82999999999999,96.06999999999994,256.65,21.6,1,Raigad,Maharashtra
2020-07-29,13.73,54.41999999999999,106.20999999999994,245.42000000000002,21.6,1,Raigad,Maharashtra
2020-07-30,13.92,49.249999999999986,112.11999999999993,208.05,21.6,1,Raigad,Maharashtra
2020-07-31,9.91,37.55999999999999,99.10999999999993,186.83,13.92,1,Raigad,Maharashtra
2020-08-01,9.82,33.649999999999984,98.20999999999992,176.20000000000002,13.92,1,Raigad,Maharashtra
2020-08-02,27.24,46.969999999999985,115.30999999999992,193.79000000000002,27.24,1,Raigad,Maharashtra
2020-08-03,33.28,70.33999999999999,129.49999999999991,219.20999999999998,33.28,1,Raigad,Maharashtra
2020-08-04,103.42,163.94,211.31999999999994,312.83000000000004,103.42,1,Raigad,Maharashtra
2020-08-05,99.26,235.95999999999998,296.84999999999997,406.65000000000003,103.42,1,Raigad,Maharashtra
2020-08-06,59.24,261.91999999999996,342.16999999999996,462.3,103.42,1,Raigad,Maharashtra
2020-08-07,28.06,186.56,360.32,482.35,99.26,1,Raigad,Maharashtra
2020-08-08,13.54,100.83999999999999,364.0399999999999,472.97,59.24,1,Raigad,Maharashtra
2020-08-09,11.83,53.429999999999986,348.62999999999994,474.08,28.06,1,Raigad,Maharashtra
2020-08-10,41.76,67.12999999999998,357.10999999999996,505.70000000000005,41.76,1,Raigad,Maharashtra
2020-08-11,19.94,73.52999999999999,273.62999999999994,506.55,41.76,1,Raigad,Maharashtra
2020-08-12,31.86,93.55999999999999,206.22999999999996,516.8100000000001,41.76,1,Raigad,Maharashtra
2020-08-13,51.14,102.94,198.12999999999994,554.22,51.14,1,Raigad,Maharashtra
2020-08-14,53.57,136.57,223.63999999999996,593.87,53.57,1,Raigad,Maharashtra
2020-08-15,43.05,147.76,253.14999999999995,627.01,53.57,1,Raigad,Maharashtra
2020-08-16,37.59,134.20999999999998,278.90999999999997,654.7800000000001,53.57,1,Raigad,Maharashtra
2020-08-17,46.03,126.67,283.17999999999995,673.57,46.03,1,Raigad,Maharashtra
2020-08-18,25.38,109.0,288.61999999999995,665.6700000000001,46.03,1,Raigad,Maharashtra
2020-08-19,17.12,88.53,273.87999999999994,579.37,46.03,1,Raigad,Maharashtra
2020-08-20,46.7,89.19999999999999,269.43999999999994,526.81,46.7,1,Raigad,Maharashtra
2020-08-21,42.19,106.00999999999999,258.05999999999995,509.76,46.7,1,Raigad,Maharashtra
2020-08-22,18.03,106.91999999999999,233.03999999999996,499.72999999999996,46.7,1,Raigad,Maharashtra
2020-08-23,11.81,72.02999999999999,207.25999999999996,498.0,42.19,1,Raigad,Maharashtra
2020-08-24,8.21,38.05,169.43999999999994,494.38000000000005,18.03,1,Raigad,Maharashtra
2020-08-25,5.23,25.249999999999993,149.28999999999996,457.84999999999997,11.81,1,Raigad,Maharashtra
2020-08-26,2.52,15.959999999999994,134.68999999999994,440.43,8.21,1,Raigad,Maharashtra
2020-08-27,7.03,14.779999999999994,95.01999999999994,415.6,7.03,1,Raigad,Maharashtra
2020-08-28,42.09,51.64,94.91999999999996,406.55,42.09,1,Raigad,Maharashtra
2020-08-29,38.82,87.94,115.70999999999995,391.8,42.09,1,Raigad,Maharashtra
2020-08-30,23.69,104.6,127.58999999999995,372.44,42.09,1,Raigad,Maharashtra
2020-08-31,16.32,78.83,135.69999999999996,351.17,38.82,1,Raigad,Maharashtra
2020-09-01,6.62,46.629999999999995,137.08999999999995,311.76,23.69,1,Raigad,Maharashtra
2020-09-02,1.73,24.669999999999995,136.29999999999995,288.11,16.32,1,Raigad,Maharashtra
2020-09-03,3.02,11.369999999999994,132.28999999999996,274.01,6.62,1,Raigad,Maharashtra
2020-09-04,7.4,12.149999999999993,97.59999999999995,234.71,7.4,1,Raigad,Maharashtra
2020-09-05,24.75,35.169999999999995,83.52999999999994,217.27,24.75,1,Raigad,Maharashtra
2020-09-06,13.68,45.82999999999999,73.51999999999995,212.92000000000002,24.75,1,Raigad,Maharashtra
2020-09-07,11.76,50.18999999999999,68.95999999999994,212.87,24.75,1,Raigad,Maharashtra
2020-09-08,3.31,28.749999999999993,65.64999999999993,207.97000000000003,13.68,1,Raigad,Maharashtra
2020-09-09,7.49,22.559999999999995,71.40999999999994,210.23,11.76,1,Raigad,Maharashtra
2020-09-10,25.35,36.15,93.73999999999995,233.06000000000003,25.35,1,Raigad,Maharashtra
2020-09-11,6.38,39.22,92.71999999999994,232.41000000000003,25.35,1,Raigad,Maharashtra
2020-09-12,19.03,50.76,86.99999999999994,209.35,25.35,1,Raigad,Maharashtra
2020-09-13,4.79,30.199999999999996,78.10999999999994,175.32,19.03,1,Raigad,Maharashtra
2020-09-14,5.4,29.22,71.74999999999994,157.03,19.03,1,Raigad,Maharashtra
2020-09-15,5.73,15.919999999999998,74.16999999999994,146.44,5.73,1,Raigad,Maharashtra
2020-09-16,8.05,19.18,74.72999999999996,147.87,8.05,1,Raigad,Maharashtra
2020-09-17,9.65,23.43,59.029999999999944,155.79000000000002,9.65,1,Raigad,Maharashtra
2020-09-18,4.7,22.4,57.349999999999945,157.47,9.65,1,Raigad,Maharashtra
2020-09-19,24.46,38.81,62.77999999999995,174.53,24.46,1,Raigad,Maharashtra
2020-09-20,26.74,55.9,84.72999999999995,176.52,26.74,1,Raigad,Maharashtra
2020-09-21,12.4,63.599999999999994,91.72999999999995,175.24,26.74,1,Raigad,Maharashtra
2020-09-22,39.14,78.28,125.13999999999996,202.62,39.14,1,Raigad,Maharashtra
2020-09-23,37.84,89.38,154.92999999999995,237.15,39.14,1,Raigad,Maharashtra
2020-09-24,7.57,84.55,152.84999999999994,237.23000000000002,39.14,1,Raigad,Maharashtra
2020-09-25,11.79,57.199999999999996,159.93999999999994,223.67000000000002,37.84,1,Raigad,Maharashtra
2020-09-26,2.23,21.589999999999993,137.70999999999995,219.52,11.79,1,Raigad,Maharashtra
2020-09-27,2.71,16.729999999999993,113.67999999999995,203.20000000000002,11.79,1,Raigad,Maharashtra
2020-09-28,0.51,5.449999999999993,101.78999999999995,198.92000000000002,2.71,1,Raigad,Maharashtra
2020-09-29,0.35,3.5699999999999927,62.99999999999994,193.87,2.71,1,Raigad,Maharashtra
2020-09-30,0.71,1.5699999999999927,25.869999999999944,188.85000000000002,0.71,1,Raigad,Maharashtra
2020-10-01,0.84,1.8999999999999928,19.139999999999944,181.64000000000001,0.84,0,Raigad,Maharashtra
2020-10-02,2.3,3.8499999999999925,9.649999999999942,174.29,2.3,0,Raigad,Maharashtra
2020-10-03,7.54,10.679999999999993,14.959999999999942,177.13000000000002,7.54,0,Raigad,Maharashtra
2020-10-04,4.7,14.539999999999992,16.949999999999942,157.37,7.54,0,Raigad,Maharashtra
2020-10-05,1.05,13.289999999999992,17.48999999999994,131.68,7.54,0,Raigad,Maharashtra
2020-10-06,0.14,5.8899999999999935,17.279999999999944,119.42,4.7,0,Raigad,Maharashtra
2020-10-07,1.29,2.479999999999993,17.859999999999943,81.57000000000001,1.29,0,Raigad,Maharashtra
2020-10-08,2.76,4.189999999999992,19.779999999999944,46.49,2.76,0,Raigad,Maharashtra
2020-10-09,0.71,4.759999999999993,18.18999999999994,39.629999999999995,2.76,0,Raigad,Maharashtra
2020-10-10,9.77,13.239999999999991,20.419999999999945,37.61,9.77,0,Raigad,Maharashtra
2020-10-11,11.49,21.96999999999999,27.209999999999944,46.870000000000005,11.49,0,Raigad,Maharashtra
2020-10-12,3.9,25.15999999999999,30.059999999999942,48.06,11.49,0,Raigad,Maharashtra
2020-10-13,13.7,29.08999999999999,43.61999999999994,61.25,13.7,0,Raigad,Maharashtra
2020-10-14,24.09,41.68999999999999,66.41999999999994,84.99000000000001,24.09,0,Raigad,Maharashtra
2020-10-15,56.28,94.07,119.93999999999994,140.56,56.28,0,Raigad,Maharashtra
2020-10-16,14.71,95.07999999999998,133.93999999999994,154.43,56.28,0,Raigad,Maharashtra
2020-10-17,6.23,77.21999999999998,130.39999999999995,158.36,56.28,0,Raigad,Maharashtra
2020-10-18,0.72,21.659999999999993,119.62999999999995,151.54,14.71,0,Raigad,Maharashtra
2020-10-19,11.69,18.639999999999993,127.41999999999994,158.53,11.69,0,Raigad,Maharashtra
2020-10-20,20.03,32.44,133.74999999999994,177.51,20.03,0,Raigad,Maharashtra
2020-10-21,4.63,36.349999999999994,114.28999999999994,182.0,20.03,0,Raigad,Maharashtra
2020-10-22,17.27,41.92999999999999,75.27999999999994,197.98000000000002,20.03,0,Raigad,Maharashtra
2020-10-23,4.61,26.50999999999999,65.17999999999995,199.82999999999998,17.27,0,Raigad,Maharashtra
2020-10-24,3.03,24.909999999999993,61.97999999999994,202.15,17.27,0,Raigad,Maharashtra
2020-10-25,3.23,10.869999999999994,64.48999999999994,195.61,4.61,0,Raigad,Maharashtra
2020-10-26,0.29,6.549999999999993,53.08999999999994,184.41,3.23,0,Raigad,Maharashtra
2020-10-27,0.05,3.5699999999999927,33.10999999999994,180.56,3.23,0,Raigad,Maharashtra
2020-10-28,0.03,0.3699999999999929,28.50999999999994,166.89,0.29,0,Raigad,Maharashtra
2020-10-29,0.01,0.08999999999999289,11.249999999999943,142.81,0.05,0,Raigad,Maharashtra
2020-10-30,0.01,0.0499999999999929,6.649999999999943,86.53999999999999,0.03,0,Raigad,Maharashtra
2020-10-31,0.0,0.019999999999992895,3.6199999999999433,71.83,0.01,0,Raigad,Maharashtra
2020-11-01,0.0,0.009999999999992895,0.3899999999999431,65.6,0.01,0,Raigad,Maharashtra
2020-11-02,0.01,0.009999999999992895,0.10999999999994316,64.89,0.01,0,Raigad,Maharashtra
2020-11-03,0.0,0.009999999999992895,0.059999999999943154,53.2,0.01,0,Raigad,Maharashtra
2020-11-04,0.0,0.009999999999992895,0.029999999999943155,33.17,0.01,0,Raigad,Maharashtra
2020-11-05,0.0,0.0,0.019999999999943154,28.54,0.0,0,Raigad,Maharashtra
2020-11-06,0.0,0.0,0.009999999999943157,11.27,0.0,0,Raigad,Maharashtra
2020-11-07,0.0,0.0,0.009999999999943157,6.66,0.0,0,Raigad,Maharashtra
2020-11-08,0.0,0.0,0.009999999999943157,3.63,0.0,0,Raigad,Maharashtra
2020-11-09,0.0,0.0,0.0,0.39999999999999997,0.0,0,Raigad,Maharashtra
2020-11-10,0.0,0.0,0.0,0.11,0.0,0,Raigad,Maharashtra
2020-11-11,0.0,0.0,0.0,0.06,0.0,0,Raigad,Maharashtra
2020-11-12,0.0,0.0,0.0,0.03,0.0,0,Raigad,Maharashtra
2020-11-13,0.0,0.0,0.0,0.019999999999999997,0.0,0,Raigad,Maharashtra
2020-11-14,0.02,0.019999999999992895,0.019999999999943157,0.030000000000000002,0.02,0,Raigad,Maharashtra
2020-11-15,0.02,0.039999999999992895,0.03999999999994316,0.05,0.02,0,Raigad,Maharashtra
2020-11-16,0.0,0.039999999999992895,0.03999999999994316,0.05,0.02,0,Raigad,Maharashtra
2020-11-17,0.09,0.1099999999999929,0.12999999999994316,0.13,0.09,0,Raigad,Maharashtra
2020-11-18,0.15,0.23999999999999289,0.2799999999999432,0.28,0.15,0,Raigad,Maharashtra
2020-11-19,0.03,0.2699999999999929,0.30999999999994315,0.31,0.15,0,Raigad,Maharashtra
2020-11-20,0.25,0.4299999999999929,0.5599999999999432,0.56,0.25,0,Raigad,Maharashtra
2020-11-21,0.06,0.3399999999999929,0.5999999999999431,0.62,0.25,0,Raigad,Maharashtra
2020-11-22,0.06,0.3699999999999929,0.6399999999999431,0.6799999999999999,0.25,0,Raigad,Maharashtra
2020-11-23,0.0,0.11999999999999289,0.6399999999999431,0.6799999999999999,0.06,0,Raigad,Maharashtra
2020-11-24,0.0,0.05999999999999289,0.5499999999999432,0.6799999999999999,0.06,0,Raigad,Maharashtra
2020-11-25,0.0,0.0,0.3999999999999431,0.6799999999999999,0.0,0,Raigad,Maharashtra
2020-11-26,0.0,0.0,0.36999999999994315,0.6799999999999999,0.0,0,Raigad,Maharashtra
2020-11-27,0.0,0.0,0.11999999999994315,0.6799999999999999,0.0,0,Raigad,Maharashtra
2020-11-28,0.03,0.029999999999992893,0.08999999999994315,0.71,0.03,0,Raigad,Maharashtra
2020-11-29,0.0,0.029999999999992893,0.029999999999943155,0.69,0.03,0,Raigad,Maharashtra
2020-11-30,0.0,0.029999999999992893,0.029999999999943155,0.6699999999999999,0.03,0,Raigad,Maharashtra
2020-12-01,0.03,0.029999999999992893,0.059999999999943154,0.7,0.03,0,Raigad,Maharashtra
2020-12-02,0.01,0.039999999999992895,0.06999999999994315,0.62,0.03,0,Raigad,Maharashtra
2020-12-03,0.0,0.039999999999992895,0.06999999999994315,0.47000000000000003,0.03,0,Raigad,Maharashtra
2020-12-04,0.0,0.009999999999992895,0.06999999999994315,0.44000000000000006,0.01,0,Raigad,Maharashtra
2020-12-05,0.0,0.0,0.03999999999994316,0.19000000000000006,0.0,0,Raigad,Maharashtra
2020-12-06,0.0,0.0,0.03999999999994316,0.13000000000000006,0.0,0,Raigad,Maharashtra
2020-12-07,0.0,0.0,0.03999999999994316,0.07000000000000005,0.0,0,Raigad,Maharashtra
2020-12-08,0.02,0.019999999999992895,0.029999999999943155,0.09000000000000005,0.02,0,Raigad,Maharashtra
2020-12-09,0.04,0.05999999999999289,0.059999999999943154,0.13000000000000006,0.04,0,Raigad,Maharashtra
2020-12-10,0.35,0.40999999999999287,0.40999999999994313,0.48000000000000004,0.35,0,Raigad,Maharashtra
2020-12-11,1.35,1.7399999999999929,1.7599999999999432,1.83,1.35,0,Raigad,Maharashtra
2020-12-12,1.25,2.949999999999993,3.009999999999943,3.08,1.35,0,Raigad,Maharashtra
2020-12-13,2.39,4.989999999999993,5.3999999999999435,5.44,2.39,0,Raigad,Maharashtra
2020-12-14,5.4,9.039999999999994,10.799999999999944,10.84,5.4,0,Raigad,Maharashtra
2020-12-15,0.1,7.8899999999999935,10.879999999999944,10.940000000000001,5.4,0,Raigad,Maharashtra
2020-12-16,0.0,5.499999999999993,10.839999999999943,10.910000000000002,5.4,0,Raigad,Maharashtra
2020-12-17,0.0,0.0999999999999929,10.489999999999943,10.9,0.1,0,Raigad,Maharashtra
2020-12-18,0.0,0.0,9.139999999999944,10.9,0.0,0,Raigad,Maharashtra
2020-12-19,0.0,0.0,7.889999999999944,10.9,0.0,0,Raigad,Maharashtra
2020-12-20,0.0,0.0,5.499999999999943,10.9,0.0,0,Raigad,Maharashtra
2020-12-21,0.0,0.0,0.09999999999994316,10.9,0.0,0,Raigad,Maharashtra
2020-12-22,0.0,0.0,0.0,10.9,0.0,0,Raigad,Maharashtra
2020-12-23,0.0,0.0,0.0,10.88,0.0,0,Raigad,Maharashtra
2020-12-24,0.0,0.0,0.0,10.840000000000002,0.0,0,Raigad,Maharashtra
2020-12-25,0.0,0.0,0.0,10.490000000000002,0.0,0,Raigad,Maharashtra
2020-12-26,0.0,0.0,0.0,9.14,0.0,0,Raigad,Maharashtra
2020-12-27,0.0,0.0,0.0,7.89,0.0,0,Raigad,Maharashtra
2020-12-28,0.0,0.0,0.0,5.5,0.0,0,Raigad,Maharashtra
2020-12-29,0.0,0.0,0.0,0.1,0.0,0,Raigad,Maharashtra
2020-12-30,0.0,0.0,0.0,0.0,0.0,0,Raigad,Maharashtra
2020-12-31,0.0,0.0,0.0,0.0,0.0,0,Raigad,Maharashtra
2021-01-01,0.15,0.1499999999999929,0.14999999999994315,0.15,0.15,0,Raigad,Maharashtra
2021-01-02,0.14,0.28999999999999293,0.2899999999999432,0.29000000000000004,0.15,0,Raigad,Maharashtra
2021-01-03,0.0,0.28999999999999293,0.2899999999999432,0.29000000000000004,0.15,0,Raigad,Maharashtra
2021-01-04,0.24,0.3799999999999929,0.5299999999999432,0.53,0.24,0,Raigad,Maharashtra
2021-01-05,0.33,0.569999999999993,0.8599999999999431,0.86,0.33,0,Raigad,Maharashtra
2021-01-06,0.26,0.829999999999993,1.1199999999999433,1.12,0.33,0,Raigad,Maharashtra
2021-01-07,0.62,1.2099999999999929,1.7399999999999431,1.74,0.62,0,Raigad,Maharashtra
2021-01-08,3.8,4.679999999999993,5.389999999999943,5.54,3.8,0,Raigad,Maharashtra
2021-01-09,4.56,8.979999999999993,9.809999999999942,10.1,4.56,0,Raigad,Maharashtra
2021-01-10,0.48,8.839999999999991,10.289999999999942,10.58,4.56,0,Raigad,Maharashtra
2021-01-11,0.02,5.0599999999999925,10.069999999999942,10.6,4.56,0,Raigad,Maharashtra
2021-01-12,0.0,0.4999999999999929,9.739999999999942,10.6,0.48,0,Raigad,Maharashtra
2021-01-13,0.0,0.019999999999992895,9.479999999999942,10.6,0.02,0,Raigad,Maharashtra
2021-01-14,0.0,0.0,8.85999999999994,10.6,0.0,0,Raigad,Maharashtra
2021-01-15,0.0,0.0,5.059999999999943,10.6,0.0,0,Raigad,Maharashtra
2021-01-16,0.0,0.0,0.49999999999994316,10.45,0.0,0,Raigad,Maharashtra
2021-01-17,0.0,0.0,0.019999999999943157,10.31,0.0,0,Raigad,Maharashtra
2021-01-18,0.0,0.0,0.0,10.31,0.0,0,Raigad,Maharashtra
2021-01-19,0.0,0.0,0.0,10.07,0.0,0,Raigad,Maharashtra
2021-01-20,0.0,0.0,0.0,9.74,0.0,0,Raigad,Maharashtra
2021-01-21,0.0,0.0,0.0,9.48,0.0,0,Raigad,Maharashtra
2021-01-22,0.0,0.0,0.0,8.86,0.0,0,Raigad,Maharashtra
2021-01-23,0.0,0.0,0.0,5.06,0.0,0,Raigad,Maharashtra
2021-01-24,0.0,0.0,0.0,0.5,0.0,0,Raigad,Maharashtra
2021-01-25,0.0,0.0,0.0,0.02,0.0,0,Raigad,Maharashtra
2021-01-26,0.0,0.0,0.0,0.0,0.0,0,Raigad,Maharashtra
2021-01-27,0.0,0.0,0.0,0.0,0.0,0,Raigad,Maharashtra
2021-01-28,0.0,0.0,0.0,0.0,0.0,0,Raigad,Maharashtra
2021-01-29,0.0,0.0,0.0,0.0,0.0,0,Raigad,Maharashtra
2021-01-30,0.0,0.0,0.0,0.0,0.0,0,Raigad,Maharashtra
2021-01-31,0.0,0.0,0.0,0.0,0.0,0,Raigad,Maharashtra
2021-02-01,0.0,0.0,0.0,0.0,0.0,0,Raigad,Maharashtra
2021-02-02,0.0,0.0,0.0,0.0,0.0,0,Raigad,Maharashtra
2021-02-03,0.0,0.0,0.0,0.0,0.0,0,Raigad,Maharashtra
2021-02-04,0.0,0.0,0.0,0.0,0.0,0,Raigad,Maharashtra
2021-02-05,0.0,0.0,0.0,0.0,0.0,0,Raigad,Maharashtra
2021-02-06,0.0,0.0,0.0,0.0,0.0,0,Raigad,Maharashtra
2021-02-07,0.0,0.0,0.0,0.0,0.0,0,Raigad,Maharashtra
2021-02-08,0.0,0.0,0.0,0.0,0.0,0,Raigad,Maharashtra
2021-02-09,0.0,0.0,0.0,0.0,0.0,0,Raigad,Maharashtra
2021-02-10,0.0,0.0,0.0,0.0,0.0,0,Raigad,Maharashtra
2021-02-11,0.0,0.0,0.0,0.0,0.0,0,Raigad,Maharashtra
2021-02-12,0.0,0.0,0.0,0.0,0.0,0,Raigad,Maharashtra
2021-02-13,0.0,0.0,0.0,0.0,0.0,0,Raigad,Maharashtra
2021-02-14,0.0,0.0,0.0,0.0,0.0,0,Raigad,Maharashtra
2021-02-15,0.03,0.029999999999992893,0.029999999999943155,0.03,0.03,0,Raigad,Maharashtra
2021-02-16,0.0,0.029999999999992893,0.029999999999943155,0.03,0.03,0,Raigad,Maharashtra
2021-02-17,0.04,0.0699999999999929,0.06999999999994316,0.07,0.04,0,Raigad,Maharashtra
2021-02-18,1.9,1.9399999999999928,1.9699999999999431,1.97,1.9,0,Raigad,Maharashtra
2021-02-19,4.98,6.919999999999993,6.949999999999943,6.95,4.98,0,Raigad,Maharashtra
2021-02-20,0.0,6.879999999999993,6.949999999999943,6.95,4.98,0,Raigad,Maharashtra
2021-02-21,0.0,4.979999999999993,6.949999999999943,6.95,4.98,0,Raigad,Maharashtra
2021-02-22,0.0,0.0,6.919999999999943,6.95,0.0,0,Raigad,Maharashtra
2021-02-23,0.0,0.0,6.919999999999943,6.95,0.0,0,Raigad,Maharashtra
2021-02-24,0.0,0.0,6.879999999999943,6.95,0.0,0,Raigad,Maharashtra
2021-02-25,0.0,0.0,4.979999999999944,6.95,0.0,0,Raigad,Maharashtra
2021-02-26,0.0,0.0,0.0,6.95,0.0,0,Raigad,Maharashtra
2021-02-27,0.0,0.0,0.0,6.95,0.0,0,Raigad,Maharashtra
2021-02-28,0.0,0.0,0.0,6.95,0.0,0,Raigad,Maharashtra
2021-03-01,0.0,0.0,0.0,6.95,0.0,0,Raigad,Maharashtra
2021-03-02,0.0,0.0,0.0,6.92,0.0,0,Raigad,Maharashtra
2021-03-03,0.0,0.0,0.0,6.92,0.0,0,Raigad,Maharashtra
2021-03-04,0.0,0.0,0.0,6.88,0.0,0,Raigad,Maharashtra
2021-03-05,0.0,0.0,0.0,4.98,0.0,0,Raigad,Maharashtra
2021-03-06,0.0,0.0,0.0,0.0,0.0,0,Raigad,Maharashtra
2021-03-07,0.0,0.0,0.0,0.0,0.0,0,Raigad,Maharashtra
2021-03-08,0.0,0.0,0.0,0.0,0.0,0,Raigad,Maharashtra
2021-03-09,0.0,0.0,0.0,0.0,0.0,0,Raigad,Maharashtra
2021-03-10,0.01,0.009999999999992895,0.009999999999943157,0.01,0.01,0,Raigad,Maharashtra
2021-03-11,0.0,0.009999999999992895,0.009999999999943157,0.01,0.01,0,Raigad,Maharashtra
2021-03-12,0.01,0.019999999999992895,0.019999999999943157,0.02,0.01,0,Raigad,Maharashtra
2021-03-13,0.0,0.009999999999992895,0.019999999999943157,0.02,0.01,0,Raigad,Maharashtra
2021-03-14,0.0,0.009999999999992895,0.019999999999943157,0.02,0.01,0,Raigad,Maharashtra
2021-03-15,0.0,0.0,0.019999999999943157,0.02,0.0,0,Raigad,Maharashtra
2021-03-16,0.01,0.009999999999992895,0.029999999999943155,0.03,0.01,0,Raigad,Maharashtra
2021-03-17,0.03,0.039999999999992895,0.04999999999994315,0.06,0.03,0,Raigad,Maharashtra
2021-03-18,0.15,0.1899999999999929,0.19999999999994314,0.21,0.15,0,Raigad,Maharashtra
2021-03-19,0.07,0.2499999999999929,0.25999999999994317,0.28,0.15,0,Raigad,Maharashtra
2021-03-20,0.02,0.23999999999999289,0.2799999999999431,0.3,0.15,0,Raigad,Maharashtra
2021-03-21,0.03,0.1199999999999929,0.30999999999994315,0.33,0.07,0,Raigad,Maharashtra
2021-03-22,1.52,1.569999999999993,1.8299999999999432,1.85,1.52,0,Raigad,Maharashtra
2021-03-23,0.46,2.009999999999993,2.2799999999999434,2.31,1.52,0,Raigad,Maharashtra
2021-03-24,0.09,2.0699999999999927,2.3399999999999435,2.4,1.52,0,Raigad,Maharashtra
2021-03-25,0.46,1.009999999999993,2.649999999999943,2.8500000000000005,0.46,0,Raigad,Maharashtra
2021-03-26,0.0,0.5499999999999929,2.5799999999999432,2.8500000000000005,0.46,0,Raigad,Maharashtra
2021-03-27,0.0,0.45999999999999286,2.559999999999943,2.84,0.46,0,Raigad,Maharashtra
2021-03-28,0.01,0.009999999999992895,2.539999999999943,2.85,0.01,0,Raigad,Maharashtra
2021-03-29,0.01,0.019999999999992895,1.0299999999999432,2.86,0.01,0,Raigad,Maharashtra
2021-03-30,0.0,0.019999999999992895,0.5699999999999432,2.86,0.01,0,Raigad,Maharashtra
2021-03-31,0.0,0.009999999999992895,0.47999999999994314,2.85,0.01,0,Raigad,Maharashtra
2021-04-01,0.03,0.029999999999992893,0.04999999999994316,2.85,0.03,0,Raigad,Maharashtra
2021-04-02,0.0,0.029999999999992893,0.04999999999994316,2.7,0.03,0,Raigad,Maharashtra
2021-04-03,0.0,0.029999999999992893,0.04999999999994316,2.6300000000000003,0.03,0,Raigad,Maharashtra
2021-04-04,0.0,0.0,0.03999999999994315,2.6100000000000003,0.0,0,Raigad,Maharashtra
2021-04-05,0.0,0.0,0.029999999999943155,2.58,0.0,0,Raigad,Maharashtra
2021-04-06,0.0,0.0,0.029999999999943155,1.06,0.0,0,Raigad,Maharashtra
2021-04-07,0.0,0.0,0.029999999999943155,0.6000000000000001,0.0,0,Raigad,Maharashtra
2021-04-08,0.1,0.0999999999999929,0.09999999999994316,0.61,0.1,0,Raigad,Maharashtra
2021-04-09,0.06,0.1599999999999929,0.15999999999994316,0.21000000000000002,0.1,0,Raigad,Maharashtra
2021-04-10,0.09,0.2499999999999929,0.24999999999994316,0.3,0.1,0,Raigad,Maharashtra
2021-04-11,0.92,1.069999999999993,1.169999999999943,1.22,0.92,0,Raigad,Maharashtra
2021-04-12,0.52,1.529999999999993,1.689999999999943,1.73,0.92,0,Raigad,Maharashtra
2021-04-13,2.08,3.5199999999999934,3.769999999999943,3.8,2.08,0,Raigad,Maharashtra
2021-04-14,0.84,3.4399999999999933,4.6099999999999435,4.64,2.08,0,Raigad,Maharashtra
2021-04-15,0.28,3.199999999999993,4.789999999999943,4.92,2.08,0,Raigad,Maharashtra
2021-04-16,0.43,1.549999999999993,5.159999999999943,5.319999999999999,0.84,0,Raigad,Maharashtra
2021-04-17,0.0,0.7099999999999929,5.069999999999943,5.319999999999999,0.43,0,Raigad,Maharashtra
2021-04-18,0.01,0.4399999999999929,4.159999999999943,5.329999999999999,0.43,0,Raigad,Maharashtra
2021-04-19,0.01,0.019999999999992895,3.649999999999943,5.34,0.01,0,Raigad,Maharashtra
2021-04-20,0.01,0.03,1.5799999999999432,5.35,0.01,0,Raigad,Maharashtra
2021-04-21,0.42,0.4399999999999929,1.1599999999999433,5.77,0.42,0,Raigad,Maharashtra
2021-04-22,0.08,0.5099999999999929,0.9599999999999431,5.85,0.42,0,Raigad,Maharashtra
2021-04-23,0.01,0.5099999999999929,0.5399999999999432,5.76,0.42,0,Raigad,Maharashtra
2021-04-24,0.02,0.1099999999999929,0.5599999999999432,5.72,0.08,0,Raigad,Maharashtra
2021-04-25,0.22,0.2499999999999929,0.7699999999999432,5.85,0.22,0,Raigad,Maharashtra
2021-04-26,1.04,1.279999999999993,1.7999999999999432,5.97,1.04,0,Raigad,Maharashtra
2021-04-27,0.96,2.2199999999999926,2.749999999999943,6.41,1.04,0,Raigad,Maharashtra
2021-04-28,0.71,2.709999999999993,3.039999999999943,5.04,1.04,0,Raigad,Maharashtra
2021-04-29,0.45,2.119999999999993,3.4099999999999433,4.6499999999999995,0.96,0,Raigad,Maharashtra
2021-04-30,0.68,1.839999999999993,4.079999999999943,5.05,0.71,0,Raigad,Maharashtra
2021-05-01,0.8,1.929999999999993,4.8599999999999435,5.42,0.8,0,Raigad,Maharashtra
2021-05-02,3.08,4.559999999999993,7.719999999999943,8.5,3.08,0,Raigad,Maharashtra
2021-05-03,2.41,6.289999999999994,9.089999999999943,10.9,3.08,0,Raigad,Maharashtra
2021-05-04,1.5,6.989999999999993,9.629999999999944,12.39,3.08,0,Raigad,Maharashtra
2021-05-05,1.91,5.819999999999993,10.829999999999943,14.290000000000001,2.41,0,Raigad,Maharashtra
2021-05-06,1.22,4.629999999999994,11.599999999999945,15.09,1.91,0,Raigad,Maharashtra
2021-05-07,1.53,4.659999999999993,12.449999999999944,16.54,1.91,0,Raigad,Maharashtra
2021-05-08,0.15,2.8999999999999932,11.799999999999944,16.68,1.53,0,Raigad,Maharashtra
2021-05-09,0.68,2.359999999999993,9.399999999999944,17.34,1.53,0,Raigad,Maharashtra
2021-05-10,0.04,0.8699999999999934,7.029999999999943,17.16,0.68,0,Raigad,Maharashtra
2021-05-11,0.01,0.7299999999999934,5.539999999999943,16.130000000000003,0.68,0,Raigad,Maharashtra
2021-05-12,0.0,0.04999999999999334,3.629999999999943,15.17,0.04,0,Raigad,Maharashtra
2021-05-13,0.4,0.40999999999999337,2.809999999999943,14.86,0.4,0,Raigad,Maharashtra
2021-05-14,0.36,0.7599999999999933,1.6399999999999433,14.77,0.4,0,Raigad,Maharashtra
2021-05-15,6.3,7.059999999999993,7.789999999999943,20.39,6.3,0,Raigad,Maharashtra
2021-05-16,28.44,35.099999999999994,35.54999999999994,48.03,28.44,0,Raigad,Maharashtra
2021-05-17,143.91,178.64999999999998,179.41999999999993,188.86,143.91,0,Raigad,Maharashtra
2021-05-18,38.47,210.82,217.87999999999994,224.92,143.91,0,Raigad,Maharashtra
2021-05-19,19.73,202.10999999999999,237.60999999999993,243.14999999999998,143.91,0,Raigad,Maharashtra
2021-05-20,0.24,58.44,237.44999999999993,241.48,38.47,0,Raigad,Maharashtra
2021-05-21,0.34,20.31,237.42999999999992,240.6,19.73,0,Raigad,Maharashtra
2021-05-22,0.61,1.19,231.73999999999992,239.67999999999998,0.61,0,Raigad,Maharashtra
2021-05-23,0.53,1.48,203.82999999999993,240.05999999999997,0.61,0,Raigad,Maharashtra
2021-05-24,0.47,1.6099999999999999,60.389999999999944,239.84999999999997,0.61,0,Raigad,Maharashtra
2021-05-25,0.23,1.23,22.149999999999945,240.04,0.53,0,Raigad,Maharashtra
2021-05-26,0.3,1.0,2.719999999999943,240.32999999999998,0.47,0,Raigad,Maharashtra
2021-05-27,0.26,0.79,2.739999999999943,240.59,0.3,0,Raigad,Maharashtra
2021-05-28,0.53,1.09,2.929999999999943,240.72,0.53,0,Raigad,Maharashtra
2021-05-29,6.0,6.79,8.319999999999943,246.35999999999999,6.0,0,Raigad,Maharashtra
2021-05-30,6.65,13.18,14.439999999999944,246.70999999999998,6.65,0,Raigad,Maharashtra
2021-05-31,7.81,20.46,21.779999999999944,226.07999999999998,7.81,0,Raigad,Maharashtra
2021-06-01,11.2,25.659999999999997,32.74999999999994,93.36999999999998,11.2,1,Raigad,Maharashtra
2021-06-02,21.36,40.37,53.809999999999945,76.25999999999996,21.36,1,Raigad,Maharashtra
2021-06-03,7.56,40.12,61.10999999999994,64.08999999999996,21.36,1,Raigad,Maharashtra
2021-06-04,5.85,34.769999999999996,66.42999999999994,69.69999999999997,21.36,1,Raigad,Maharashtra
2021-06-05,14.14,27.55,74.56999999999994,83.49999999999997,14.14,1,Raigad,Maharashtra
2021-06-06,8.23,28.220000000000002,76.14999999999995,91.11999999999998,14.14,1,Raigad,Maharashtra
2021-06-07,6.05,28.42,74.38999999999994,96.63999999999997,14.14,1,Raigad,Maharashtra
2021-06-08,30.37,44.650000000000006,93.55999999999995,126.53999999999996,30.37,1,Raigad,Maharashtra
2021-06-09,42.69,79.11,114.88999999999994,168.99999999999997,42.69,1,Raigad,Maharashtra
2021-06-10,37.02,110.08000000000001,144.34999999999994,205.71999999999997,42.69,1,Raigad,Maharashtra
2021-06-11,33.36,113.07,171.85999999999996,238.81999999999996,42.69,1,Raigad,Maharashtra
2021-06-12,28.63,99.01,186.34999999999994,266.91999999999996,37.02,1,Raigad,Maharashtra
2021-06-13,20.14,82.13,198.25999999999993,281.05999999999995,33.36,1,Raigad,Maharashtra
2021-06-14,7.81,56.58,200.01999999999992,282.21999999999997,28.63,1,Raigad,Maharashtra
2021-06-15,44.79,72.74,214.43999999999994,319.2,44.79,1,Raigad,Maharashtra
2021-06-16,66.49,119.09,238.23999999999992,374.49,66.49,1,Raigad,Maharashtra
2021-06-17,50.27,161.55,251.48999999999995,403.4,66.49,1,Raigad,Maharashtra
2021-06-18,49.93,166.69,268.05999999999995,445.77,66.49,1,Raigad,Maharashtra
2021-06-19,42.79,142.99,282.2199999999999,482.7099999999999,50.27,1,Raigad,Maharashtra
2021-06-20,17.22,109.94,279.29999999999995,485.78999999999996,49.93,1,Raigad,Maharashtra
2021-06-21,6.48,66.49,277.96999999999997,484.03999999999996,42.79,1,Raigad,Maharashtra
2021-06-22,5.6,29.299999999999997,238.77999999999992,483.59,17.22,1,Raigad,Maharashtra
2021-06-23,6.17,18.25,178.45999999999995,459.39,6.48,1,Raigad,Maharashtra
2021-06-24,13.39,25.16,141.57999999999993,430.09,13.39,1,Raigad,Maharashtra
2021-06-25,18.14,37.7,109.78999999999994,411.2099999999999,18.14,1,Raigad,Maharashtra
2021-06-26,7.31,38.84,74.30999999999995,385.1599999999999,18.14,1,Raigad,Maharashtra
2021-06-27,3.73,29.18,60.81999999999994,360.25999999999993,18.14,1,Raigad,Maharashtra
2021-06-28,24.62,35.66,78.95999999999995,364.73999999999995,24.62,1,Raigad,Maharashtra
2021-06-29,4.79,33.14,78.14999999999993,361.71999999999997,24.62,1,Raigad,Maharashtra
2021-06-30,3.63,33.04,75.60999999999994,320.56,24.62,1,Raigad,Maharashtra
2021-07-01,2.46,10.879999999999999,64.67999999999995,256.53,4.79,1,Raigad,Maharashtra
2021-07-02,0.71,6.8,47.24999999999994,206.96999999999997,3.63,1,Raigad,Maharashtra
2021-07-03,1.76,4.93,41.69999999999994,158.79999999999995,2.46,1,Raigad,Maharashtra
2021-07-04,1.64,4.109999999999999,39.60999999999994,117.64999999999996,1.76,1,Raigad,Maharashtra
2021-07-05,5.76,9.16,20.749999999999943,106.18999999999998,5.76,1,Raigad,Maharashtra
2021-07-06,2.78,10.18,18.739999999999945,102.48999999999998,5.76,1,Raigad,Maharashtra
2021-07-07,5.49,14.03,20.599999999999945,102.37999999999997,5.76,1,Raigad,Maharashtra
2021-07-08,21.77,30.04,39.90999999999994,117.97999999999998,21.77,1,Raigad,Maharashtra
2021-07-09,20.53,47.79,59.72999999999994,125.11999999999998,21.77,1,Raigad,Maharashtra
2021-07-10,15.71,58.01,73.67999999999995,122.68999999999997,21.77,1,Raigad,Maharashtra
2021-07-11,26.55,62.790000000000006,98.58999999999995,141.92999999999998,26.55,1,Raigad,Maharashtra
2021-07-12,79.48,121.74000000000001,172.30999999999995,217.67999999999995,79.48,1,Raigad,Maharashtra
2021-07-13,29.4,135.43,198.92999999999995,222.45999999999998,79.48,1,Raigad,Maharashtra
2021-07-14,33.38,142.26,226.81999999999996,251.04999999999995,79.48,1,Raigad,Maharashtra
2021-07-15,116.52,179.3,321.56999999999994,363.93999999999994,116.52,1,Raigad,Maharashtra
2021-07-16,25.31,175.20999999999998,326.34999999999997,386.78999999999996,116.52,1,Raigad,Maharashtra
2021-07-17,44.52,186.35,355.15999999999997,430.59999999999997,116.52,1,Raigad,Maharashtra
2021-07-18,58.98,128.81,387.5899999999999,487.81999999999994,58.98,1,Raigad,Maharashtra
2021-07-19,105.85,209.35,413.9599999999999,592.03,105.85,1,Raigad,Maharashtra
2021-07-20,68.75,233.57999999999998,453.30999999999995,655.02,105.85,1,Raigad,Maharashtra
2021-07-21,123.02,297.62,542.9499999999999,775.26,123.02,1,Raigad,Maharashtra
2021-07-22,50.26,242.03,476.68999999999994,820.03,123.02,1,Raigad,Maharashtra
2021-07-23,62.67,235.95,514.05,860.9300000000001,123.02,1,Raigad,Maharashtra
2021-07-24,35.41,148.34,504.93999999999994,875.81,62.67,1,Raigad,Maharashtra
2021-07-25,29.55,127.63000000000001,475.50999999999993,889.65,62.67,1,Raigad,Maharashtra
2021-07-26,18.35,83.31,388.01,881.4499999999999,35.41,1,Raigad,Maharashtra
2021-07-27,14.82,62.72,334.08,816.79,29.55,1,Raigad,Maharashtra
2021-07-28,14.39,47.56,225.44999999999993,801.78,18.35,1,Raigad,Maharashtra
2021-07-29,18.15,47.36,193.33999999999995,786.55,18.15,1,Raigad,Maharashtra
2021-07-30,23.64,56.18,154.30999999999995,693.67,23.64,1,Raigad,Maharashtra
2021-07-31,8.04,49.83,126.93999999999996,676.4,23.64,1,Raigad,Maharashtra
2021-08-01,6.57,38.25,103.95999999999994,638.4499999999999,23.64,1,Raigad,Maharashtra
2021-08-02,11.21,25.82,96.81999999999995,590.6800000000001,11.21,1,Raigad,Maharashtra
2021-08-03,14.78,32.56,96.77999999999994,499.61,14.78,1,Raigad,Maharashtra
2021-08-04,13.75,39.74,96.13999999999994,444.61,14.78,1,Raigad,Maharashtra
2021-08-05,8.01,36.54,85.99999999999994,329.59999999999997,14.78,1,Raigad,Maharashtra
2021-08-06,5.4,27.159999999999997,67.75999999999995,284.73999999999995,13.75,1,Raigad,Maharashtra
2021-08-07,3.22,16.63,62.93999999999994,225.28999999999996,8.01,1,Raigad,Maharashtra
2021-08-08,6.25,14.870000000000001,62.61999999999995,196.13,6.25,1,Raigad,Maharashtra
2021-08-09,2.27,11.74,53.67999999999994,168.84999999999997,6.25,1,Raigad,Maharashtra
2021-08-10,4.34,12.86,43.239999999999945,154.83999999999997,6.25,1,Raigad,Maharashtra
2021-08-11,5.97,12.579999999999998,35.459999999999944,145.98999999999998,5.97,1,Raigad,Maharashtra
2021-08-12,10.05,20.36,37.49999999999994,141.64999999999998,10.05,1,Raigad,Maharashtra
2021-08-13,6.65,22.67,38.74999999999994,130.14999999999998,10.05,1,Raigad,Maharashtra
2021-08-14,18.64,35.34,54.169999999999945,125.14999999999998,18.64,1,Raigad,Maharashtra
2021-08-15,15.56,40.85,63.47999999999995,132.66999999999996,18.64,1,Raigad,Maharashtra
2021-08-16,10.61,44.81,71.81999999999994,136.70999999999998,18.64,1,Raigad,Maharashtra
2021-08-17,14.19,40.36,81.66999999999993,139.68999999999997,15.56,1,Raigad,Maharashtra
2021-08-18,23.24,48.04,98.93999999999994,148.14999999999998,23.24,1,Raigad,Maharashtra
2021-08-19,36.86,74.28999999999999,125.74999999999994,171.25999999999996,36.86,1,Raigad,Maharashtra
2021-08-20,15.76,75.86,134.85999999999993,179.00999999999996,36.86,1,Raigad,Maharashtra
2021-08-21,30.08,82.7,146.29999999999995,203.68999999999997,36.86,1,Raigad,Maharashtra
2021-08-22,2.03,47.870000000000005,132.76999999999995,202.49999999999997,30.08,1,Raigad,Maharashtra
2021-08-23,0.49,32.60000000000001,122.64999999999995,196.73999999999995,30.08,1,Raigad,Maharashtra
2021-08-24,0.66,3.180000000000007,109.11999999999995,195.12999999999997,2.03,1,Raigad,Maharashtra
2021-08-25,1.62,2.770000000000007,87.49999999999994,192.40999999999994,1.62,1,Raigad,Maharashtra
2021-08-26,3.35,5.630000000000008,53.98999999999994,189.78999999999996,3.35,1,Raigad,Maharashtra
2021-08-27,4.28,9.250000000000007,42.50999999999994,184.01999999999998,4.28,1,Raigad,Maharashtra
2021-08-28,1.58,9.210000000000008,14.009999999999943,178.94999999999996,4.28,1,Raigad,Maharashtra
2021-08-29,2.4,8.260000000000007,14.379999999999944,162.70999999999995,4.28,1,Raigad,Maharashtra
2021-08-30,10.91,14.890000000000006,24.799999999999944,158.05999999999997,10.91,1,Raigad,Maharashtra
2021-08-31,56.25,69.56,80.38999999999994,203.69999999999996,56.25,1,Raigad,Maharashtra
2021-09-01,8.64,75.8,87.40999999999994,198.14999999999998,56.25,1,Raigad,Maharashtra
2021-09-02,7.51,72.4,91.56999999999995,182.41999999999996,56.25,1,Raigad,Maharashtra
2021-09-03,13.04,29.189999999999998,100.32999999999994,158.59999999999997,13.04,1,Raigad,Maharashtra
2021-09-04,13.06,33.61,111.80999999999995,155.89999999999998,13.06,1,Raigad,Maharashtra
2021-09-05,14.04,40.14,123.44999999999993,139.85999999999996,14.04,1,Raigad,Maharashtra
2021-09-06,14.08,41.18,126.61999999999995,151.90999999999997,14.08,1,Raigad,Maharashtra
2021-09-07,61.63,89.75,131.99999999999994,213.04999999999998,61.63,1,Raigad,Maharashtra
2021-09-08,43.41,119.12,166.76999999999992,255.79999999999995,61.63,1,Raigad,Maharashtra
2021-09-09,14.96,120.0,174.21999999999994,269.14,61.63,1,Raigad,Maharashtra
2021-09-10,15.95,74.32,177.12999999999994,281.73999999999995,43.41,1,Raigad,Maharashtra
2021-09-11,24.12,55.03,188.18999999999994,301.58,24.12,1,Raigad,Maharashtra
2021-09-12,43.96,84.03,218.10999999999993,343.9599999999999,43.96,1,Raigad,Maharashtra
2021-09-13,31.79,99.87,235.81999999999994,373.34999999999997,43.96,1,Raigad,Maharashtra
2021-09-14,12.04,87.78999999999999,186.22999999999996,374.47999999999996,43.96,1,Raigad,Maharashtra
2021-09-15,4.61,48.44,147.42999999999992,322.84,31.79,1,Raigad,Maharashtra
2021-09-16,2.32,18.97,134.78999999999996,316.52,12.04,1,Raigad,Maharashtra
2021-09-17,1.31,8.24,120.14999999999995,310.31999999999994,4.61,1,Raigad,Maharashtra
2021-09-18,2.36,5.99,98.38999999999994,299.63999999999993,2.36,1,Raigad,Maharashtra
2021-09-19,13.82,17.490000000000002,68.24999999999994,300.3999999999999,13.82,1,Raigad,Maharashtra
2021-09-20,15.4,31.580000000000002,51.85999999999994,301.76,15.4,1,Raigad,Maharashtra
2021-09-21,28.92,58.14,68.73999999999995,316.6,28.92,1,Raigad,Maharashtra
2021-09-22,29.78,74.1,93.90999999999994,284.75,29.78,1,Raigad,Maharashtra
2021-09-23,8.19,66.89,99.77999999999994,249.52999999999997,29.78,1,Raigad,Maharashtra
2021-09-24,0.89,38.86,99.35999999999996,235.45999999999998,29.78,1,Raigad,Maharashtra
2021-09-25,1.76,10.84,98.75999999999995,221.26999999999998,8.19,1,Raigad,Maharashtra
2021-09-26,1.5,4.15,86.43999999999994,198.64999999999998,1.76,1,Raigad,Maharashtra
2021-09-27,10.03,13.29,81.06999999999994,164.71999999999997,10.03,1,Raigad,Maharashtra
2021-09-28,46.4,57.93,98.54999999999994,179.32999999999998,46.4,1,Raigad,Maharashtra
2021-09-29,8.72,65.15,77.48999999999994,176.01,46.4,1,Raigad,Maharashtra
2021-09-30,5.96,61.08,75.25999999999995,177.35999999999996,46.4,1,Raigad,Maharashtra
2021-10-01,2.31,16.990000000000002,76.67999999999994,177.34999999999997,8.72,0,Raigad,Maharashtra
2021-10-02,3.48,11.75,78.39999999999993,179.51999999999998,5.96,0,Raigad,Maharashtra
2021-10-03,2.51,8.3,79.40999999999994,179.67,3.48,0,Raigad,Maharashtra
2021-10-04,4.67,10.66,74.04999999999994,170.51999999999995,4.67,0,Raigad,Maharashtra
2021-10-05,5.63,12.809999999999999,33.279999999999944,160.74999999999994,5.63,0,Raigad,Maharashtra
2021-10-06,22.64,32.94,47.199999999999946,154.46999999999997,22.64,0,Raigad,Maharashtra
2021-10-07,1.12,29.389999999999997,42.35999999999994,125.80999999999997,22.64,0,Raigad,Maharashtra
2021-10-08,15.56,39.31999999999999,55.60999999999994,133.17999999999998,22.64,0,Raigad,Maharashtra
2021-10-09,10.18,26.859999999999996,62.309999999999945,142.46999999999997,15.56,0,Raigad,Maharashtra
2021-10-10,1.69,27.429999999999996,61.48999999999994,142.39999999999998,15.56,0,Raigad,Maharashtra
2021-10-11,4.57,16.439999999999998,61.389999999999944,145.46999999999997,10.18,0,Raigad,Maharashtra
2021-10-12,4.67,10.929999999999996,60.42999999999994,140.10999999999996,4.67,0,Raigad,Maharashtra
2021-10-13,0.36,9.599999999999996,38.14999999999994,94.06999999999998,4.67,0,Raigad,Maharashtra
2021-10-14,0.94,5.969999999999996,37.96999999999994,86.28999999999998,4.67,0,Raigad,Maharashtra
2021-10-15,0.03,1.3299999999999963,22.43999999999994,80.35999999999997,0.94,0,Raigad,Maharashtra
2021-10-16,0.0,0.9699999999999964,12.259999999999943,78.04999999999998,0.94,0,Raigad,Maharashtra
2021-10-17,0.01,0.03999999999999645,10.579999999999943,74.57999999999997,0.03,0,Raigad,Maharashtra
2021-10-18,0.07,0.07999999999999646,6.079999999999943,72.13999999999997,0.07,0,Raigad,Maharashtra
2021-10-19,0.44,0.5199999999999965,1.849999999999943,67.90999999999997,0.44,0,Raigad,Maharashtra
2021-10-20,0.1,0.6099999999999964,1.589999999999943,62.379999999999974,0.44,0,Raigad,Maharashtra
2021-10-21,0.0,0.5399999999999965,0.6499999999999432,39.739999999999974,0.44,0,Raigad,Maharashtra
2021-10-22,0.0,0.09999999999999645,0.6199999999999432,38.619999999999976,0.1,0,Raigad,Maharashtra
2021-10-23,0.0,0.0,0.6199999999999432,23.05999999999997,0.0,0,Raigad,Maharashtra
2021-10-24,0.08,0.07999999999999645,0.6899999999999431,12.95999999999997,0.08,0,Raigad,Maharashtra
2021-10-25,0.01,0.08999999999999644,0.6299999999999432,11.279999999999971,0.08,0,Raigad,Maharashtra
2021-10-26,0.03,0.11999999999999644,0.21999999999994316,6.739999999999972,0.08,0,Raigad,Maharashtra
2021-10-27,0.01,0.04999999999999645,0.12999999999994316,2.0799999999999716,0.03,0,Raigad,Maharashtra
2021-10-28,0.0,0.03999999999999645,0.12999999999994316,1.7199999999999716,0.03,0,Raigad,Maharashtra
2021-10-29,0.0,0.009999999999996447,0.12999999999994316,0.7799999999999716,0.01,0,Raigad,Maharashtra
2021-10-30,0.05,0.04999999999999645,0.17999999999994315,0.7999999999999715,0.05,0,Raigad,Maharashtra
2021-10-31,0.0,0.04999999999999645,0.09999999999994316,0.7999999999999715,0.05,0,Raigad,Maharashtra
2021-11-01,0.0,0.04999999999999645,0.08999999999994317,0.7899999999999715,0.05,0,Raigad,Maharashtra
2021-11-02,0.01,0.009999999999996447,0.06999999999994316,0.7299999999999716,0.01,0,Raigad,Maharashtra
2021-11-03,0.03,0.03999999999999645,0.08999999999994315,0.3199999999999716,0.03,0,Raigad,Maharashtra
2021-11-04,1.01,1.0499999999999965,1.0999999999999432,1.2299999999999716,1.01,0,Raigad,Maharashtra
2021-11-05,5.43,6.469999999999996,6.5299999999999425,6.659999999999972,5.43,0,Raigad,Maharashtra
2021-11-06,3.51,9.949999999999996,9.989999999999942,10.169999999999972,5.43,0,Raigad,Maharashtra
2021-11-07,2.2,11.139999999999997,12.189999999999943,12.369999999999973,5.43,0,Raigad,Maharashtra
2021-11-08,0.01,5.719999999999996,12.199999999999942,12.299999999999972,3.51,0,Raigad,Maharashtra
2021-11-09,0.0,2.2099999999999964,12.189999999999943,12.289999999999973,2.2,0,Raigad,Maharashtra
2021-11-10,0.0,0.009999999999996447,12.159999999999942,12.259999999999973,0.01,0,Raigad,Maharashtra
2021-11-11,0.0,0.0,11.149999999999942,12.249999999999972,0.0,0,Raigad,Maharashtra
2021-11-12,0.0,0.0,5.719999999999942,12.249999999999972,0.0,0,Raigad,Maharashtra
2021-11-13,0.0,0.0,2.2099999999999422,12.249999999999972,0.0,0,Raigad,Maharashtra
2021-11-14,0.36,0.35999999999999643,0.36999999999994226,12.559999999999972,0.36,0,Raigad,Maharashtra
2021-11-15,0.72,1.0799999999999965,1.0799999999999423,13.279999999999973,0.72,0,Raigad,Maharashtra
2021-11-16,3.35,4.429999999999996,4.429999999999943,16.62999999999997,3.35,0,Raigad,Maharashtra
2021-11-17,4.55,8.619999999999997,8.979999999999942,21.16999999999997,4.55,0,Raigad,Maharashtra
2021-11-18,11.53,19.429999999999996,20.50999999999994,32.66999999999997,11.53,0,Raigad,Maharashtra
2021-11-19,2.32,18.399999999999995,22.82999999999994,33.97999999999997,11.53,0,Raigad,Maharashtra
2021-11-20,1.46,15.309999999999995,24.289999999999942,30.00999999999997,11.53,0,Raigad,Maharashtra
2021-11-21,11.02,14.799999999999995,34.94999999999994,37.51999999999997,11.02,0,Raigad,Maharashtra
2021-11-22,2.84,15.319999999999995,37.06999999999994,38.15999999999997,11.02,0,Raigad,Maharashtra
2021-11-23,0.06,13.919999999999996,33.77999999999994,38.20999999999997,11.02,0,Raigad,Maharashtra
2021-11-24,0.05,2.949999999999996,29.27999999999994,38.25999999999997,2.84,0,Raigad,Maharashtra
2021-11-25,0.0,0.10999999999999645,17.749999999999943,38.25999999999997,0.06,0,Raigad,Maharashtra
2021-11-26,0.0,0.04999999999999645,15.42999999999994,38.25999999999997,0.05,0,Raigad,Maharashtra
2021-11-27,0.0,0.0,13.96999999999994,38.25999999999997,0.0,0,Raigad,Maharashtra
2021-11-28,0.0,0.0,2.949999999999941,38.25999999999997,0.0,0,Raigad,Maharashtra
2021-11-29,0.01,0.009999999999996447,0.11999999999994138,37.90999999999997,0.01,0,Raigad,Maharashtra
2021-11-30,3.52,3.5299999999999963,3.5799999999999415,40.70999999999997,3.52,0,Raigad,Maharashtra
2021-12-01,58.7,62.23,62.22999999999995,96.05999999999997,58.7,0,Raigad,Maharashtra
2021-12-02,10.06,72.28,72.28999999999995,101.56999999999998,58.7,0,Raigad,Maharashtra
2021-12-03,0.14,68.9,72.42999999999995,90.17999999999998,58.7,0,Raigad,Maharashtra
2021-12-04,0.07,10.269999999999994,72.49999999999994,87.92999999999996,10.06,0,Raigad,Maharashtra
2021-12-05,0.03,0.2399999999999929,72.52999999999994,86.49999999999997,0.14,0,Raigad,Maharashtra
2021-12-06,0.02,0.1199999999999929,72.53999999999995,75.49999999999999,0.07,0,Raigad,Maharashtra
2021-12-07,0.0,0.0499999999999929,69.01999999999995,72.65999999999998,0.03,0,Raigad,Maharashtra
2021-12-08,0.0,0.019999999999992895,10.319999999999943,72.59999999999998,0.02,0,Raigad,Maharashtra
2021-12-09,0.0,0.0,0.25999999999994317,72.54999999999998,0.0,0,Raigad,Maharashtra
2021-12-10,0.0,0.0,0.11999999999994317,72.54999999999998,0.0,0,Raigad,Maharashtra
2021-12-11,0.0,0.0,0.04999999999994316,72.54999999999998,0.0,0,Raigad,Maharashtra
2021-12-12,0.0,0.0,0.019999999999943157,72.54999999999998,0.0,0,Raigad,Maharashtra
2021-12-13,0.0,0.0,0.0,72.54999999999998,0.0,0,Raigad,Maharashtra
2021-12-14,0.0,0.0,0.0,72.53999999999998,0.0,0,Raigad,Maharashtra
2021-12-15,0.28,0.2799999999999929,0.2799999999999432,69.29999999999997,0.28,0,Raigad,Maharashtra
2021-12-16,0.0,0.2799999999999929,0.2799999999999432,10.599999999999973,0.28,0,Raigad,Maharashtra
2021-12-17,0.0,0.2799999999999929,0.2799999999999432,0.5399999999999716,0.28,0,Raigad,Maharashtra
2021-12-18,0.0,0.0,0.2799999999999432,0.3999999999999716,0.0,0,Raigad,Maharashtra
2021-12-19,0.0,0.0,0.2799999999999432,0.3299999999999716,0.0,0,Raigad,Maharashtra
2021-12-20,0.0,0.0,0.2799999999999432,0.2999999999999716,0.0,0,Raigad,Maharashtra
2021-12-21,0.0,0.0,0.2799999999999432,0.2799999999999716,0.0,0,Raigad,Maharashtra
2021-12-22,0.0,0.0,0.0,0.2799999999999716,0.0,0,Raigad,Maharashtra
2021-12-23,0.0,0.0,0.0,0.2799999999999716,0.0,0,Raigad,Maharashtra
2021-12-24,0.0,0.0,0.0,0.2799999999999716,0.0,0,Raigad,Maharashtra
2021-12-25,0.0,0.0,0.0,0.2799999999999716,0.0,0,Raigad,Maharashtra
2021-12-26,0.0,0.0,0.0,0.2799999999999716,0.0,0,Raigad,Maharashtra
2021-12-27,0.0,0.0,0.0,0.2799999999999716,0.0,0,Raigad,Maharashtra
2021-12-28,0.0,0.0,0.0,0.2799999999999716,0.0,0,Raigad,Maharashtra
2021-12-29,0.0,0.0,0.0,0.2799999999999716,0.0,0,Raigad,Maharashtra
2021-12-30,0.0,0.0,0.0,0.0,0.0,0,Raigad,Maharashtra
2021-12-31,0.0,0.0,0.0,0.0,0.0,0,Raigad,Maharashtra
2022-01-01,0.01,0.009999999999992895,0.009999999999943157,0.009999999999971578,0.01,0,Raigad,Maharashtra
2022-01-02,0.0,0.009999999999992895,0.009999999999943157,0.009999999999971578,0.01,0,Raigad,Maharashtra
2022-01-03,0.0,0.009999999999992895,0.009999999999943157,0.009999999999971578,0.01,0,Raigad,Maharashtra
2022-01-04,0.0,0.0,0.009999999999943157,0.009999999999971578,0.0,0,Raigad,Maharashtra
2022-01-05,0.0,0.0,0.009999999999943157,0.009999999999971578,0.0,0,Raigad,Maharashtra
2022-01-06,0.1,0.0999999999999929,0.10999999999994316,0.10999999999997158,0.1,0,Raigad,Maharashtra
2022-01-07,0.03,0.1299999999999929,0.13999999999994317,0.1399999999999716,0.1,0,Raigad,Maharashtra
2022-01-08,1.12,1.249999999999993,1.2499999999999432,1.2599999999999718,1.12,0,Raigad,Maharashtra
2022-01-09,0.16,1.3099999999999927,1.409999999999943,1.4199999999999717,1.12,0,Raigad,Maharashtra
2022-01-10,0.0,1.2799999999999927,1.409999999999943,1.4199999999999717,1.12,0,Raigad,Maharashtra
2022-01-11,0.0,0.15999999999999268,1.409999999999943,1.4199999999999717,0.16,0,Raigad,Maharashtra
2022-01-12,0.0,0.0,1.409999999999943,1.4199999999999717,0.0,0,Raigad,Maharashtra
2022-01-13,0.01,0.009999999999992673,1.319999999999943,1.4299999999999717,0.01,0,Raigad,Maharashtra
2022-01-14,0.07,0.07999999999999267,1.3599999999999433,1.4999999999999718,0.07,0,Raigad,Maharashtra
2022-01-15,0.01,0.08999999999999267,0.24999999999994316,1.5099999999999718,0.07,0,Raigad,Maharashtra
2022-01-16,0.0,0.07999999999999267,0.08999999999994315,1.4999999999999718,0.07,0,Raigad,Maharashtra
2022-01-17,0.0,0.009999999999992673,0.08999999999994315,1.4999999999999718,0.01,0,Raigad,Maharashtra
2022-01-18,0.0,0.0,0.08999999999994315,1.4999999999999718,0.0,0,Raigad,Maharashtra
2022-01-19,0.0,0.0,0.08999999999994315,1.4999999999999718,0.0,0,Raigad,Maharashtra
2022-01-20,0.0,0.0,0.07999999999994316,1.4999999999999718,0.0,0,Raigad,Maharashtra
2022-01-21,0.04,0.03999999999999267,0.04999999999994316,1.4399999999999717,0.04,0,Raigad,Maharashtra
2022-01-22,0.27,0.30999999999999267,0.30999999999994315,1.679999999999972,0.27,0,Raigad,Maharashtra
2022-01-23,0.07,0.3799999999999927,0.37999999999994316,0.6299999999999719,0.27,0,Raigad,Maharashtra
2022-01-24,0.0,0.3399999999999927,0.37999999999994316,0.46999999999997183,0.27,0,Raigad,Maharashtra
2022-01-25,0.0,0.06999999999999268,0.37999999999994316,0.4699999999999719,0.07,0,Raigad,Maharashtra
2022-01-26,0.0,0.0,0.37999999999994316,0.4699999999999719,0.0,0,Raigad,Maharashtra
2022-01-27,0.0,0.0,0.37999999999994316,0.4699999999999719,0.0,0,Raigad,Maharashtra
2022-01-28,0.0,0.0,0.3399999999999432,0.4599999999999719,0.0,0,Raigad,Maharashtra
2022-01-29,0.0,0.0,0.06999999999994316,0.38999999999997187,0.0,0,Raigad,Maharashtra
2022-01-30,0.0,0.0,0.0,0.37999999999997186,0.0,0,Raigad,Maharashtra
2022-01-31,0.0,0.0,0.0,0.37999999999997186,0.0,0,Raigad,Maharashtra
2022-02-01,0.0,0.0,0.0,0.37999999999997186,0.0,0,Raigad,Maharashtra
2022-02-02,0.0,0.0,0.0,0.37999999999997186,0.0,0,Raigad,Maharashtra
2022-02-03,0.0,0.0,0.0,0.37999999999997186,0.0,0,Raigad,Maharashtra
2022-02-04,0.0,0.0,0.0,0.37999999999997186,0.0,0,Raigad,Maharashtra
2022-02-05,0.0,0.0,0.0,0.3399999999999719,0.0,0,Raigad,Maharashtra
2022-02-06,0.0,0.0,0.0,0.06999999999997186,0.0,0,Raigad,Maharashtra
2022-02-07,0.0,0.0,0.0,0.0,0.0,0,Raigad,Maharashtra
2022-02-08,0.0,0.0,0.0,0.0,0.0,0,Raigad,Maharashtra
2022-02-09,0.01,0.009999999999992673,0.009999999999943157,0.009999999999971856,0.01,0,Raigad,Maharashtra
2022-02-10,0.0,0.009999999999992673,0.009999999999943157,0.009999999999971856,0.01,0,Raigad,Maharashtra
2022-02-11,0.0,0.009999999999992673,0.009999999999943157,0.009999999999971856,0.01,0,Raigad,Maharashtra
2022-02-12,0.0,0.0,0.009999999999943157,0.009999999999971856,0.0,0,Raigad,Maharashtra
2022-02-13,0.0,0.0,0.009999999999943157,0.009999999999971856,0.0,0,Raigad,Maharashtra
2022-02-14,0.0,0.0,0.009999999999943157,0.009999999999971856,0.0,0,Raigad,Maharashtra
2022-02-15,0.0,0.0,0.009999999999943157,0.009999999999971856,0.0,0,Raigad,Maharashtra
2022-02-16,0.0,0.0,0.0,0.009999999999971856,0.0,0,Raigad,Maharashtra
2022-02-17,0.0,0.0,0.0,0.009999999999971856,0.0,0,Raigad,Maharashtra
2022-02-18,0.0,0.0,0.0,0.009999999999971856,0.0,0,Raigad,Maharashtra
2022-02-19,0.0,0.0,0.0,0.009999999999971856,0.0,0,Raigad,Maharashtra
2022-02-20,0.0,0.0,0.0,0.009999999999971856,0.0,0,Raigad,Maharashtra
2022-02-21,0.0,0.0,0.0,0.009999999999971856,0.0,0,Raigad,Maharashtra
2022-02-22,0.0,0.0,0.0,0.009999999999971856,0.0,0,Raigad,Maharashtra
2022-02-23,0.0,0.0,0.0,0.009999999999971856,0.0,0,Raigad,Maharashtra
2022-02-24,0.0,0.0,0.0,0.0,0.0,0,Raigad,Maharashtra
2022-02-25,0.0,0.0,0.0,0.0,0.0,0,Raigad,Maharashtra
2022-02-26,0.01,0.009999999999992673,0.009999999999943157,0.009999999999971856,0.01,0,Raigad,Maharashtra
2022-02-27,0.0,0.009999999999992673,0.009999999999943157,0.009999999999971856,0.01,0,Raigad,Maharashtra
2022-02-28,0.0,0.009999999999992673,0.009999999999943157,0.009999999999971856,0.01,0,Raigad,Maharashtra
2022-03-01,0.0,0.0,0.009999999999943157,0.009999999999971856,0.0,0,Raigad,Maharashtra
2022-03-02,0.0,0.0,0.009999999999943157,0.009999999999971856,0.0,0,Raigad,Maharashtra
2022-03-03,0.0,0.0,0.009999999999943157,0.009999999999971856,0.0,0,Raigad,Maharashtra
2022-03-04,0.0,0.0,0.009999999999943157,0.009999999999971856,0.0,0,Raigad,Maharashtra
2022-03-05,0.0,0.0,0.0,0.009999999999971856,0.0,0,Raigad,Maharashtra
2022-03-06,0.0,0.0,0.0,0.009999999999971856,0.0,0,Raigad,Maharashtra
2022-03-07,0.16,0.15999999999999268,0.15999999999994316,0.16999999999997187,0.16,0,Raigad,Maharashtra
2022-03-08,0.02,0.17999999999999267,0.17999999999994315,0.18999999999997186,0.16,0,Raigad,Maharashtra
2022-03-09,0.13,0.30999999999999267,0.30999999999994315,0.31999999999997186,0.16,0,Raigad,Maharashtra
2022-03-10,0.14,0.2899999999999927,0.44999999999994317,0.4599999999999719,0.14,0,Raigad,Maharashtra
2022-03-11,0.34,0.6099999999999927,0.7899999999999432,0.7999999999999718,0.34,0,Raigad,Maharashtra
2022-03-12,0.02,0.4999999999999927,0.8099999999999432,0.8199999999999719,0.34,0,Raigad,Maharashtra
2022-03-13,0.0,0.35999999999999266,0.8099999999999432,0.8099999999999719,0.34,0,Raigad,Maharashtra
2022-03-14,0.0,0.019999999999992673,0.6499999999999432,0.8099999999999719,0.02,0,Raigad,Maharashtra
2022-03-15,0.0,0.0,0.6299999999999432,0.8099999999999719,0.0,0,Raigad,Maharashtra
2022-03-16,0.0,0.0,0.4999999999999432,0.8099999999999719,0.0,0,Raigad,Maharashtra
2022-03-17,0.19,0.18999999999999267,0.5499999999999432,0.9999999999999719,0.19,0,Raigad,Maharashtra
2022-03-18,0.27,0.4599999999999927,0.4799999999999432,1.269999999999972,0.27,0,Raigad,Maharashtra
2022-03-19,0.09,0.5499999999999927,0.5499999999999432,1.359999999999972,0.27,0,Raigad,Maharashtra
2022-03-20,0.06,0.4199999999999927,0.6099999999999431,1.419999999999972,0.27,0,Raigad,Maharashtra
2022-03-21,0.02,0.16999999999999266,0.6299999999999432,1.439999999999972,0.09,0,Raigad,Maharashtra
2022-03-22,0.06,0.13999999999999269,0.6899999999999432,1.339999999999972,0.06,0,Raigad,Maharashtra
2022-03-23,1.42,1.4999999999999927,2.109999999999943,2.739999999999972,1.42,0,Raigad,Maharashtra
2022-03-24,0.96,2.4399999999999924,2.879999999999943,3.569999999999972,1.42,0,Raigad,Maharashtra
2022-03-25,0.0,2.379999999999993,2.609999999999943,3.429999999999972,1.42,0,Raigad,Maharashtra
2022-03-26,0.0,0.9599999999999926,2.519999999999943,3.0899999999999723,0.96,0,Raigad,Maharashtra
2022-03-27,0.0,0.0,2.459999999999943,3.069999999999972,0.0,0,Raigad,Maharashtra
2022-03-28,0.0,0.0,2.439999999999943,3.069999999999972,0.0,0,Raigad,Maharashtra
2022-03-29,0.05,0.049999999999992675,2.429999999999943,3.119999999999972,0.05,0,Raigad,Maharashtra
2022-03-30,0.09,0.13999999999999269,1.099999999999943,3.209999999999972,0.09,0,Raigad,Maharashtra
2022-03-31,0.0,0.13999999999999269,0.13999999999994317,3.209999999999972,0.09,0,Raigad,Maharashtra
2022-04-01,0.0,0.08999999999999267,0.13999999999994317,3.0199999999999716,0.09,0,Raigad,Maharashtra
2022-04-02,0.0,0.0,0.13999999999994317,2.7499999999999716,0.0,0,Raigad,Maharashtra
2022-04-03,0.0,0.0,0.13999999999994317,2.6599999999999717,0.0,0,Raigad,Maharashtra
2022-04-04,0.01,0.009999999999992673,0.14999999999994315,2.609999999999972,0.01,0,Raigad,Maharashtra
2022-04-05,0.11,0.11999999999999267,0.20999999999994315,2.6999999999999718,0.11,0,Raigad,Maharashtra
2022-04-06,0.21,0.32999999999999263,0.3299999999999431,2.8499999999999717,0.21,0,Raigad,Maharashtra
2022-04-07,0.18,0.4999999999999927,0.5099999999999432,1.609999999999972,0.21,0,Raigad,Maharashtra
2022-04-08,0.34,0.7299999999999927,0.8499999999999431,0.989999999999972,0.34,0,Raigad,Maharashtra
2022-04-09,0.19,0.7099999999999926,1.0399999999999432,1.179999999999972,0.34,0,Raigad,Maharashtra
2022-04-10,0.09,0.6199999999999927,1.129999999999943,1.269999999999972,0.34,0,Raigad,Maharashtra
2022-04-11,0.02,0.29999999999999266,1.139999999999943,1.289999999999972,0.19,0,Raigad,Maharashtra
2022-04-12,0.01,0.11999999999999267,1.039999999999943,1.299999999999972,0.09,0,Raigad,Maharashtra
2022-04-13,0.03,0.05999999999999267,0.8599999999999431,1.279999999999972,0.03,0,Raigad,Maharashtra
2022-04-14,0.06,0.09999999999999266,0.7399999999999431,1.249999999999972,0.06,0,Raigad,Maharashtra
2022-04-15,0.05,0.13999999999999269,0.44999999999994317,1.299999999999972,0.06,0,Raigad,Maharashtra
2022-04-16,0.01,0.11999999999999267,0.2699999999999432,1.309999999999972,0.06,0,Raigad,Maharashtra
2022-04-17,0.04,0.09999999999999268,0.21999999999994316,1.3499999999999721,0.05,0,Raigad,Maharashtra
2022-04-18,0.02,0.06999999999999268,0.21999999999994316,1.3699999999999721,0.04,0,Raigad,Maharashtra
2022-04-19,0.07,0.12999999999999268,0.2799999999999432,1.4299999999999722,0.07,0,Raigad,Maharashtra
2022-04-20,0.15,0.23999999999999266,0.3999999999999432,1.469999999999972,0.15,0,Raigad,Maharashtra
2022-04-21,0.12,0.33999999999999264,0.4599999999999431,1.379999999999972,0.15,0,Raigad,Maharashtra
2022-04-22,1.87,2.1399999999999926,2.2799999999999434,3.069999999999972,1.87,0,Raigad,Maharashtra
2022-04-23,1.28,3.269999999999993,3.549999999999943,4.009999999999972,1.87,0,Raigad,Maharashtra
2022-04-24,0.43,3.579999999999993,3.9399999999999435,4.249999999999972,1.87,0,Raigad,Maharashtra
2022-04-25,0.13,1.8399999999999928,4.049999999999943,4.289999999999972,1.28,0,Raigad,Maharashtra
2022-04-26,0.29,0.8499999999999927,4.269999999999943,4.559999999999972,0.43,0,Raigad,Maharashtra
2022-04-27,0.02,0.4399999999999927,4.139999999999943,4.569999999999972,0.29,0,Raigad,Maharashtra
2022-04-28,0.03,0.33999999999999264,4.049999999999944,4.569999999999973,0.29,0,Raigad,Maharashtra
2022-04-29,0.04,0.08999999999999267,2.219999999999943,4.549999999999972,0.04,0,Raigad,Maharashtra
2022-04-30,0.03,0.09999999999999266,0.9699999999999429,4.529999999999972,0.04,0,Raigad,Maharashtra
2022-05-01,0.02,0.08999999999999267,0.559999999999943,4.5399999999999725,0.04,0,Raigad,Maharashtra
2022-05-02,0.02,0.06999999999999268,0.4499999999999429,4.519999999999972,0.03,0,Raigad,Maharashtra
2022-05-03,0.02,0.06,0.17999999999994293,4.519999999999972,0.02,0,Raigad,Maharashtra
2022-05-04,0.01,0.04999999999999267,0.16999999999994295,4.459999999999972,0.02,0,Raigad,Maharashtra
2022-05-05,0.0,0.02999999999999267,0.13999999999994295,4.309999999999972,0.02,0,Raigad,Maharashtra
2022-05-06,0.04,0.049999999999992675,0.13999999999994295,4.229999999999972,0.04,0,Raigad,Maharashtra
2022-05-07,0.01,0.04999999999999267,0.11999999999994293,2.3699999999999717,0.04,0,Raigad,Maharashtra
2022-05-08,0.18,0.22999999999999265,0.2799999999999429,1.2699999999999718,0.18,0,Raigad,Maharashtra
2022-05-09,0.2,0.3899999999999927,0.4599999999999429,1.0399999999999718,0.2,0,Raigad,Maharashtra
2022-05-10,0.17,0.5499999999999927,0.6099999999999429,1.0799999999999716,0.2,0,Raigad,Maharashtra
2022-05-11,0.14,0.5099999999999927,0.7399999999999429,0.9299999999999718,0.2,0,Raigad,Maharashtra
2022-05-12,0.15,0.45999999999999264,0.889999999999943,1.0599999999999719,0.17,0,Raigad,Maharashtra
2022-05-13,0.08,0.36999999999999267,0.9299999999999429,1.1099999999999717,0.15,0,Raigad,Maharashtra
2022-05-14,0.09,0.3199999999999927,1.009999999999943,1.1599999999999717,0.15,0,Raigad,Maharashtra
2022-05-15,0.07,0.23999999999999266,0.899999999999943,1.199999999999972,0.09,0,Raigad,Maharashtra
2022-05-16,0.17,0.3299999999999927,0.8699999999999429,1.349999999999972,0.17,0,Raigad,Maharashtra
2022-05-17,0.45,0.6899999999999927,1.1499999999999428,1.7799999999999718,0.45,0,Raigad,Maharashtra
2022-05-18,0.14,0.7599999999999927,1.149999999999943,1.899999999999972,0.45,0,Raigad,Maharashtra
2022-05-19,1.24,1.8299999999999927,2.239999999999943,3.129999999999972,1.24,0,Raigad,Maharashtra
2022-05-20,0.51,1.8899999999999928,2.669999999999943,3.639999999999972,1.24,0,Raigad,Maharashtra
2022-05-21,0.32,2.0699999999999927,2.899999999999943,3.919999999999972,1.24,0,Raigad,Maharashtra
2022-05-22,0.46,1.2899999999999927,3.289999999999943,4.369999999999972,0.51,0,Raigad,Maharashtra
2022-05-23,0.9,1.6799999999999926,4.019999999999943,5.089999999999972,0.9,0,Raigad,Maharashtra
2022-05-24,0.71,2.0699999999999927,4.279999999999943,5.599999999999972,0.9,0,Raigad,Maharashtra
2022-05-25,0.26,1.8699999999999926,4.399999999999943,5.689999999999972,0.9,0,Raigad,Maharashtra
2022-05-26,0.04,1.0099999999999927,3.1999999999999433,5.589999999999972,0.71,0,Raigad,Maharashtra
2022-05-27,0.01,0.30999999999999267,2.6999999999999433,5.449999999999972,0.26,0,Raigad,Maharashtra
2022-05-28,0.01,0.05999999999999267,2.3899999999999433,5.3799999999999715,0.04,0,Raigad,Maharashtra
2022-05-29,0.01,0.03,1.939999999999943,5.299999999999972,0.01,0,Raigad,Maharashtra
2022-05-30,0.01,0.03,1.0499999999999432,5.239999999999972,0.01,0,Raigad,Maharashtra
2022-05-31,0.33,0.3499999999999927,0.6699999999999432,5.399999999999972,0.33,0,Raigad,Maharashtra
2022-06-01,1.48,1.8199999999999927,1.8899999999999433,6.429999999999971,1.48,1,Raigad,Maharashtra
2022-06-02,0.26,2.0699999999999927,2.1099999999999435,6.549999999999972,1.48,1,Raigad,Maharashtra
2022-06-03,0.26,1.9999999999999927,2.3599999999999435,5.569999999999972,1.48,1,Raigad,Maharashtra
2022-06-04,0.24,0.7599999999999927,2.589999999999943,5.299999999999972,0.26,1,Raigad,Maharashtra
2022-06-05,0.23,0.7299999999999927,2.8099999999999437,5.2099999999999715,0.26,1,Raigad,Maharashtra
2022-06-06,0.3,0.7699999999999927,3.0999999999999432,5.049999999999971,0.3,1,Raigad,Maharashtra
2022-06-07,2.36,2.8899999999999926,5.129999999999943,6.509999999999972,2.36,1,Raigad,Maharashtra
2022-06-08,1.61,4.2699999999999925,5.259999999999943,7.409999999999973,2.36,1,Raigad,Maharashtra
2022-06-09,3.1,7.069999999999993,8.099999999999945,10.249999999999972,3.1,1,Raigad,Maharashtra
2022-06-10,18.61,23.319999999999993,26.449999999999946,28.819999999999972,18.61,1,Raigad,Maharashtra
2022-06-11,16.54,38.24999999999999,42.74999999999994,45.349999999999966,18.61,1,Raigad,Maharashtra
2022-06-12,4.38,39.529999999999994,46.89999999999995,49.71999999999997,18.61,1,Raigad,Maharashtra
2022-06-13,2.75,23.66999999999999,49.349999999999945,52.45999999999997,16.54,1,Raigad,Maharashtra
2022-06-14,2.12,9.249999999999993,49.10999999999994,54.569999999999965,4.38,1,Raigad,Maharashtra
2022-06-15,4.37,9.239999999999993,51.86999999999994,58.60999999999997,4.37,1,Raigad,Maharashtra
2022-06-16,10.08,16.569999999999993,58.84999999999994,67.20999999999998,10.08,1,Raigad,Maharashtra
2022-06-17,6.7,21.14999999999999,46.93999999999994,73.64999999999996,10.08,1,Raigad,Maharashtra
2022-06-18,6.15,22.929999999999996,36.54999999999995,79.53999999999998,10.08,1,Raigad,Maharashtra
2022-06-19,29.32,42.169999999999995,61.489999999999945,108.61999999999998,29.32,1,Raigad,Maharashtra
2022-06-20,14.83,50.29999999999999,73.56999999999995,123.21999999999997,29.32,1,Raigad,Maharashtra
2022-06-21,11.67,55.81999999999999,83.11999999999995,134.58999999999997,29.32,1,Raigad,Maharashtra
2022-06-22,13.2,39.69999999999999,91.94999999999995,145.42999999999998,14.83,1,Raigad,Maharashtra
2022-06-23,13.64,38.50999999999999,95.50999999999995,157.45999999999998,13.64,1,Raigad,Maharashtra
2022-06-24,21.95,48.78999999999999,110.75999999999995,176.30999999999997,21.95,1,Raigad,Maharashtra
2022-06-25,14.88,50.46999999999999,119.48999999999994,172.57999999999996,21.95,1,Raigad,Maharashtra
2022-06-26,28.21,65.03999999999999,118.37999999999995,184.24999999999997,28.21,1,Raigad,Maharashtra
2022-06-27,29.6,72.69,133.14999999999995,209.46999999999997,29.6,1,Raigad,Maharashtra
2022-06-28,13.3,71.11,134.77999999999994,220.01999999999998,29.6,1,Raigad,Maharashtra
2022-06-29,36.45,79.35,158.02999999999997,254.34999999999997,36.45,1,Raigad,Maharashtra
2022-06-30,43.93,93.68,188.31999999999996,293.90999999999997,43.93,1,Raigad,Maharashtra
2022-07-01,56.31,136.69,222.67999999999995,340.14,56.31,1,Raigad,Maharashtra
2022-07-02,22.27,122.51,230.06999999999996,355.71,56.31,1,Raigad,Maharashtra
2022-07-03,17.69,96.27000000000001,219.54999999999995,367.25,56.31,1,Raigad,Maharashtra
2022-07-04,59.01,98.97,248.95999999999995,396.94,59.01,1,Raigad,Maharashtra
2022-07-05,76.66,153.36,312.31999999999994,458.77,76.66,1,Raigad,Maharashtra
2022-07-06,67.37,203.04000000000002,343.23999999999995,514.47,76.66,1,Raigad,Maharashtra
2022-07-07,46.77,190.8,346.0799999999999,548.04,76.66,1,Raigad,Maharashtra
2022-07-08,74.47,188.61,364.23999999999995,608.87,74.47,1,Raigad,Maharashtra
2022-07-09,45.6,166.84,387.57,632.52,74.47,1,Raigad,Maharashtra
2022-07-10,53.58,173.64999999999998,423.46,671.2199999999999,74.47,1,Raigad,Maharashtra
2022-07-11,69.73,168.91,434.17999999999995,712.74,69.73,1,Raigad,Maharashtra
2022-07-12,68.24,191.55,425.75999999999993,751.38,69.73,1,Raigad,Maharashtra
2022-07-13,78.95,216.92,437.3399999999999,817.03,78.95,1,Raigad,Maharashtra
2022-07-14,87.54,234.73000000000002,478.10999999999996,868.12,87.54,1,Raigad,Maharashtra
2022-07-15,30.95,197.44,434.5899999999999,855.14,87.54,1,Raigad,Maharashtra
2022-07-16,28.36,146.85,417.3499999999999,827.19,87.54,1,Raigad,Maharashtra
2022-07-17,16.5,75.81,380.2699999999999,821.4200000000001,30.95,1,Raigad,Maharashtra
2022-07-18,16.57,61.42999999999999,327.10999999999996,820.3,28.36,1,Raigad,Maharashtra
2022-07-19,17.75,50.81999999999999,276.61999999999995,779.04,17.75,1,Raigad,Maharashtra
2022-07-20,11.78,46.099999999999994,209.44999999999996,714.16,17.75,1,Raigad,Maharashtra
2022-07-21,9.37,38.9,131.27999999999994,656.16,17.75,1,Raigad,Maharashtra
2022-07-22,6.71,27.86,107.03999999999994,616.1,11.78,1,Raigad,Maharashtra
2022-07-23,19.68,35.76,98.35999999999994,561.31,19.68,1,Raigad,Maharashtra
2022-07-24,19.7,46.09,101.55999999999995,535.41,19.7,1,Raigad,Maharashtra
2022-07-25,13.5,52.879999999999995,98.48999999999995,495.33,19.7,1,Raigad,Maharashtra
2022-07-26,5.54,38.74,86.27999999999994,431.14,19.7,1,Raigad,Maharashtra
2022-07-27,15.32,34.36,89.81999999999994,378.21999999999997,15.32,1,Raigad,Maharashtra
2022-07-28,18.4,39.26,98.84999999999994,317.66999999999996,18.4,1,Raigad,Maharashtra
2022-07-29,2.16,35.879999999999995,94.29999999999994,232.28999999999996,18.4,1,Raigad,Maharashtra
2022-07-30,1.61,22.169999999999998,76.22999999999993,202.94999999999996,18.4,1,Raigad,Maharashtra
2022-07-31,3.39,7.16,59.919999999999945,177.98,3.39,1,Raigad,Maharashtra
2022-08-01,2.38,7.38,48.79999999999994,163.85999999999999,3.39,1,Raigad,Maharashtra
2022-08-02,8.57,14.34,51.82999999999994,155.85999999999996,8.57,1,Raigad,Maharashtra
2022-08-03,8.8,19.75,45.309999999999945,146.90999999999997,8.8,1,Raigad,Maharashtra
2022-08-04,11.99,29.36,38.89999999999994,147.11999999999995,11.99,1,Raigad,Maharashtra
2022-08-05,10.71,31.5,47.44999999999994,148.45999999999998,11.99,1,Raigad,Maharashtra
2022-08-06,23.83,46.53,69.66999999999993,165.57999999999998,23.83,1,Raigad,Maharashtra
2022-08-07,50.55,85.09,116.82999999999993,196.44999999999996,50.55,1,Raigad,Maharashtra
2022-08-08,92.25,166.63,206.69999999999993,269.0,92.25,1,Raigad,Maharashtra
2022-08-09,78.42,221.22,276.54999999999995,333.91999999999996,92.25,1,Raigad,Maharashtra
2022-08-10,34.13,204.8,301.87999999999994,362.50999999999993,92.25,1,Raigad,Maharashtra
2022-08-11,38.38,150.93,328.2699999999999,385.56999999999994,78.42,1,Raigad,Maharashtra
2022-08-12,21.17,93.68000000000002,338.72999999999996,388.34,38.38,1,Raigad,Maharashtra
2022-08-13,19.51,79.06000000000002,334.40999999999997,405.68999999999994,38.38,1,Raigad,Maharashtra
2022-08-14,17.37,58.05000000000002,301.22999999999996,421.44999999999993,21.17,1,Raigad,Maharashtra
2022-08-15,28.45,65.33000000000001,237.42999999999995,446.51,28.45,1,Raigad,Maharashtra
2022-08-16,25.72,71.54,184.72999999999993,469.84999999999997,28.45,1,Raigad,Maharashtra
2022-08-17,17.63,71.80000000000001,168.22999999999993,478.90999999999997,28.45,1,Raigad,Maharashtra
2022-08-18,14.45,57.80000000000001,144.29999999999995,484.55999999999995,25.72,1,Raigad,Maharashtra
2022-08-19,11.66,43.74000000000001,134.78999999999994,484.22999999999996,17.63,1,Raigad,Maharashtra
2022-08-20,12.71,38.820000000000014,127.98999999999994,486.22999999999996,14.45,1,Raigad,Maharashtra
2022-08-21,9.9,34.27000000000002,120.51999999999995,472.3,12.71,1,Raigad,Maharashtra
2022-08-22,16.46,39.07000000000002,108.52999999999994,438.21,16.46,1,Raigad,Maharashtra
2022-08-23,19.93,46.29000000000002,102.73999999999995,365.89,19.93,1,Raigad,Maharashtra
2022-08-24,10.8,47.19000000000002,95.90999999999995,298.27,19.93,1,Raigad,Maharashtra
2022-08-25,5.29,36.02000000000002,86.74999999999994,269.42999999999995,19.93,1,Raigad,Maharashtra
2022-08-26,2.3,18.39000000000002,77.38999999999996,233.34999999999997,10.8,1,Raigad,Maharashtra
2022-08-27,0.36,7.950000000000018,65.03999999999995,212.53999999999996,5.29,1,Raigad,Maharashtra
2022-08-28,0.71,3.3700000000000174,55.849999999999945,193.73999999999995,2.3,1,Raigad,Maharashtra
2022-08-29,1.7,2.770000000000018,41.08999999999995,178.06999999999996,1.7,1,Raigad,Maharashtra
2022-08-30,1.8,4.210000000000018,22.959999999999944,151.41999999999996,1.8,1,Raigad,Maharashtra
2022-08-31,6.21,9.710000000000019,18.369999999999944,131.90999999999997,6.21,1,Raigad,Maharashtra
2022-09-01,9.9,17.910000000000018,22.979999999999944,124.17999999999998,9.9,1,Raigad,Maharashtra
2022-09-02,7.88,23.990000000000016,28.559999999999942,117.60999999999997,9.9,1,Raigad,Maharashtra
2022-09-03,7.74,25.520000000000017,35.93999999999994,113.68999999999997,9.9,1,Raigad,Maharashtra
2022-09-04,8.48,24.10000000000002,43.709999999999944,109.45999999999998,8.48,1,Raigad,Maharashtra
2022-09-05,10.58,26.80000000000002,52.58999999999994,110.13999999999997,10.58,1,Raigad,Maharashtra
2022-09-06,11.65,30.71000000000002,62.43999999999994,105.32999999999997,11.65,1,Raigad,Maharashtra
2022-09-07,8.06,30.29000000000002,64.28999999999995,93.45999999999998,11.65,1,Raigad,Maharashtra
2022-09-08,61.54,81.25000000000003,115.92999999999995,144.19999999999996,61.54,1,Raigad,Maharashtra
2022-09-09,9.03,78.63000000000001,117.07999999999994,147.93999999999997,61.54,1,Raigad,Maharashtra
2022-09-10,11.13,81.70000000000002,120.46999999999994,156.76999999999995,61.54,1,Raigad,Maharashtra
2022-09-11,22.95,43.11000000000002,134.93999999999994,179.35999999999999,22.95,1,Raigad,Maharashtra
2022-09-12,34.83,68.91000000000003,159.18999999999994,213.47999999999996,34.83,1,Raigad,Maharashtra
2022-09-13,25.3,83.08000000000003,172.83999999999992,237.07999999999998,34.83,1,Raigad,Maharashtra
2022-09-14,25.55,85.68000000000002,190.32999999999993,260.83,34.83,1,Raigad,Maharashtra
2022-09-15,37.74,88.59000000000003,166.52999999999994,292.35999999999996,37.74,1,Raigad,Maharashtra
2022-09-16,41.12,104.41000000000003,198.61999999999995,323.58,41.12,1,Raigad,Maharashtra
2022-09-17,24.66,103.52000000000001,212.14999999999995,340.36,41.12,1,Raigad,Maharashtra
2022-09-18,22.42,88.20000000000002,211.61999999999995,355.03999999999996,41.12,1,Raigad,Maharashtra
2022-09-19,8.76,55.840000000000025,185.54999999999993,355.31999999999994,24.66,1,Raigad,Maharashtra
2022-09-20,4.04,35.22000000000002,164.28999999999996,348.78,22.42,1,Raigad,Maharashtra
2022-09-21,2.35,15.150000000000022,141.08999999999995,339.47999999999996,8.76,1,Raigad,Maharashtra
2022-09-22,2.94,9.330000000000021,106.28999999999994,334.35999999999996,4.04,1,Raigad,Maharashtra
2022-09-23,6.73,12.020000000000021,71.89999999999995,279.54999999999995,6.73,1,Raigad,Maharashtra
2022-09-24,4.57,14.240000000000023,51.809999999999945,275.09,6.73,1,Raigad,Maharashtra
2022-09-25,5.25,16.550000000000022,34.639999999999944,269.21,6.73,1,Raigad,Maharashtra
2022-09-26,2.44,12.260000000000021,28.319999999999947,248.69999999999996,5.25,1,Raigad,Maharashtra
2022-09-27,1.09,8.78000000000002,25.369999999999944,214.95999999999998,5.25,1,Raigad,Maharashtra
2022-09-28,1.52,5.050000000000021,24.539999999999946,191.17999999999998,2.44,1,Raigad,Maharashtra
2022-09-29,5.3,7.9100000000000215,26.89999999999994,170.92999999999998,5.3,1,Raigad,Maharashtra
2022-09-30,20.09,26.91000000000002,40.25999999999995,153.27999999999997,20.09,1,Raigad,Maharashtra
2022-10-01,6.03,31.420000000000023,41.71999999999994,118.18999999999997,20.09,0,Raigad,Maharashtra
2022-10-02,3.57,29.690000000000023,40.03999999999994,97.09999999999998,20.09,0,Raigad,Maharashtra
2022-10-03,0.22,9.820000000000022,37.81999999999994,74.89999999999998,6.03,0,Raigad,Maharashtra
2022-10-04,2.16,5.9500000000000215,38.889999999999944,68.29999999999997,3.57,0,Raigad,Maharashtra
2022-10-05,2.1,4.480000000000022,39.46999999999995,66.35999999999999,2.16,0,Raigad,Maharashtra
2022-10-06,13.08,17.34000000000002,47.24999999999994,77.08999999999997,13.08,0,Raigad,Maharashtra
2022-10-07,36.94,52.12000000000002,64.09999999999994,111.08999999999997,36.94,0,Raigad,Maharashtra
2022-10-08,9.64,59.66000000000002,67.70999999999995,113.99999999999997,36.94,0,Raigad,Maharashtra
2022-10-09,0.3,46.88000000000002,64.43999999999996,109.72999999999998,36.94,0,Raigad,Maharashtra
2022-10-10,0.71,10.650000000000022,64.92999999999995,105.18999999999998,9.64,0,Raigad,Maharashtra
2022-10-11,12.7,13.71000000000002,75.46999999999994,115.44999999999997,12.7,0,Raigad,Maharashtra
2022-10-12,6.69,20.10000000000002,80.05999999999995,121.04999999999998,12.7,0,Raigad,Maharashtra
2022-10-13,14.14,33.530000000000015,81.11999999999995,133.67,14.14,0,Raigad,Maharashtra
2022-10-14,36.61,57.44000000000002,80.78999999999995,164.97999999999996,36.61,0,Raigad,Maharashtra
2022-10-15,7.57,58.320000000000014,78.71999999999994,152.45999999999998,36.61,0,Raigad,Maharashtra
2022-10-16,0.52,44.700000000000024,78.93999999999996,146.94999999999996,36.61,0,Raigad,Maharashtra
2022-10-17,5.24,13.330000000000021,83.46999999999994,148.61999999999998,7.57,0,Raigad,Maharashtra
2022-10-18,27.46,33.22000000000002,98.22999999999996,175.85999999999996,27.46,0,Raigad,Maharashtra
2022-10-19,1.9,34.600000000000016,93.43999999999994,175.59999999999997,27.46,0,Raigad,Maharashtra
2022-10-20,1.16,30.52000000000002,80.45999999999995,174.65999999999997,27.46,0,Raigad,Maharashtra
2022-10-21,9.45,12.510000000000021,53.29999999999995,171.02999999999997,9.45,0,Raigad,Maharashtra
2022-10-22,0.25,10.86000000000002,45.97999999999995,134.33999999999997,9.45,0,Raigad,Maharashtra
2022-10-23,0.0,9.70000000000002,45.459999999999944,124.69999999999997,9.45,0,Raigad,Maharashtra
2022-10-24,0.0,0.2500000000000213,40.21999999999995,124.39999999999998,0.25,0,Raigad,Maharashtra
2022-10-25,0.0,0.0,12.75999999999995,123.68999999999997,0.0,0,Raigad,Maharashtra
2022-10-26,0.0,0.0,10.85999999999995,110.98999999999998,0.0,0,Raigad,Maharashtra
2022-10-27,0.0,0.0,9.69999999999995,104.29999999999997,0.0,0,Raigad,Maharashtra
2022-10-28,0.0,0.0,0.24999999999995026,90.15999999999997,0.0,0,Raigad,Maharashtra
2022-10-29,0.0,0.0,0.0,53.54999999999997,0.0,0,Raigad,Maharashtra
2022-10-30,0.0,0.0,0.0,45.97999999999997,0.0,0,Raigad,Maharashtra
2022-10-31,0.0,0.0,0.0,45.459999999999965,0.0,0,Raigad,Maharashtra
2022-11-01,0.0,0.0,0.0,40.21999999999997,0.0,0,Raigad,Maharashtra
2022-11-02,0.0,0.0,0.0,12.759999999999971,0.0,0,Raigad,Maharashtra
2022-11-03,0.0,0.0,0.0,10.859999999999971,0.0,0,Raigad,Maharashtra
2022-11-04,0.0,0.0,0.0,9.69999999999997,0.0,0,Raigad,Maharashtra
2022-11-05,0.0,0.0,0.0,0.24999999999997158,0.0,0,Raigad,Maharashtra
2022-11-06,0.0,0.0,0.0,0.0,0.0,0,Raigad,Maharashtra
2022-11-07,0.0,0.0,0.0,0.0,0.0,0,Raigad,Maharashtra
2022-11-08,0.0,0.0,0.0,0.0,0.0,0,Raigad,Maharashtra
2022-11-09,0.0,0.0,0.0,0.0,0.0,0,Raigad,Maharashtra
2022-11-10,0.0,0.0,0.0,0.0,0.0,0,Raigad,Maharashtra
2022-11-11,0.0,0.0,0.0,0.0,0.0,0,Raigad,Maharashtra
2022-11-12,0.11,0.11000000000002132,0.10999999999995026,0.10999999999997158,0.11,0,Raigad,Maharashtra
2022-11-13,0.33,0.4400000000000213,0.43999999999995026,0.4399999999999716,0.33,0,Raigad,Maharashtra
2022-11-14,0.0,0.4400000000000213,0.43999999999995026,0.4399999999999716,0.33,0,Raigad,Maharashtra
2022-11-15,0.0,0.33000000000002133,0.43999999999995026,0.4399999999999716,0.33,0,Raigad,Maharashtra
2022-11-16,0.0,0.0,0.43999999999995026,0.4399999999999716,0.0,0,Raigad,Maharashtra
2022-11-17,0.0,0.0,0.43999999999995026,0.4399999999999716,0.0,0,Raigad,Maharashtra
2022-11-18,0.0,0.0,0.43999999999995026,0.4399999999999716,0.0,0,Raigad,Maharashtra
2022-11-19,0.0,0.0,0.3299999999999503,0.4399999999999716,0.0,0,Raigad,Maharashtra
2022-11-20,0.0,0.0,0.0,0.4399999999999716,0.0,0,Raigad,Maharashtra
2022-11-21,0.0,0.0,0.0,0.4399999999999716,0.0,0,Raigad,Maharashtra
2022-11-22,0.01,0.010000000000021316,0.009999999999950262,0.4499999999999716,0.01,0,Raigad,Maharashtra
2022-11-23,0.0,0.010000000000021316,0.009999999999950262,0.4499999999999716,0.01,0,Raigad,Maharashtra
2022-11-24,0.0,0.010000000000021316,0.009999999999950262,0.4499999999999716,0.01,0,Raigad,Maharashtra
2022-11-25,0.03,0.030000000000021315,0.03999999999995026,0.47999999999997156,0.03,0,Raigad,Maharashtra
2022-11-26,0.04,0.07000000000002132,0.07999999999995026,0.5199999999999716,0.04,0,Raigad,Maharashtra
2022-11-27,0.01,0.08000000000002132,0.08999999999995026,0.4199999999999716,0.04,0,Raigad,Maharashtra
2022-11-28,0.0,0.05000000000002132,0.08999999999995026,0.08999999999997157,0.04,0,Raigad,Maharashtra
2022-11-29,0.0,0.010000000000021316,0.07999999999995026,0.08999999999997157,0.01,0,Raigad,Maharashtra
2022-11-30,0.0,0.0,0.07999999999995026,0.08999999999997157,0.0,0,Raigad,Maharashtra
2022-12-01,0.0,0.0,0.07999999999995026,0.08999999999997157,0.0,0,Raigad,Maharashtra
2022-12-02,0.0,0.0,0.049999999999950265,0.08999999999997157,0.0,0,Raigad,Maharashtra
2022-12-03,0.0,0.0,0.009999999999950262,0.08999999999997157,0.0,0,Raigad,Maharashtra
2022-12-04,0.03,0.030000000000021315,0.02999999999995026,0.11999999999997157,0.03,0,Raigad,Maharashtra
2022-12-05,0.04,0.07000000000002132,0.06999999999995027,0.15999999999997158,0.04,0,Raigad,Maharashtra
2022-12-06,0.0,0.07000000000002132,0.06999999999995027,0.15999999999997158,0.04,0,Raigad,Maharashtra
2022-12-07,0.0,0.04000000000002132,0.06999999999995027,0.14999999999997157,0.04,0,Raigad,Maharashtra
2022-12-08,1.59,1.5900000000000214,1.6599999999999504,1.7399999999999716,1.59,0,Raigad,Maharashtra
2022-12-09,0.73,2.3200000000000216,2.3899999999999504,2.4699999999999713,1.59,0,Raigad,Maharashtra
2022-12-10,0.0,2.3200000000000216,2.3899999999999504,2.439999999999972,1.59,0,Raigad,Maharashtra
2022-12-11,0.01,0.7400000000000213,2.3699999999999504,2.4099999999999717,0.73,0,Raigad,Maharashtra
2022-12-12,0.16,0.17000000000002133,2.4899999999999505,2.5599999999999716,0.16,0,Raigad,Maharashtra
2022-12-13,0.24,0.41000000000002135,2.7299999999999507,2.7999999999999714,0.24,0,Raigad,Maharashtra
2022-12-14,2.36,2.760000000000021,5.08999999999995,5.159999999999972,2.36,0,Raigad,Maharashtra
2022-12-15,0.64,3.240000000000021,4.13999999999995,5.799999999999971,2.36,0,Raigad,Maharashtra
2022-12-16,0.11,3.110000000000021,3.5199999999999503,5.909999999999972,2.36,0,Raigad,Maharashtra
2022-12-17,0.02,0.7700000000000213,3.5399999999999503,5.929999999999971,0.64,0,Raigad,Maharashtra
2022-12-18,0.0,0.13000000000002132,3.5299999999999505,5.929999999999971,0.11,0,Raigad,Maharashtra
2022-12-19,0.0,0.020000000000021317,3.3699999999999504,5.899999999999971,0.02,0,Raigad,Maharashtra
2022-12-20,0.0,0.0,3.12999999999995,5.859999999999971,0.0,0,Raigad,Maharashtra
2022-12-21,0.0,0.0,0.7699999999999503,5.859999999999971,0.0,0,Raigad,Maharashtra
2022-12-22,0.0,0.0,0.12999999999995027,5.859999999999971,0.0,0,Raigad,Maharashtra
2022-12-23,0.0,0.0,0.019999999999950262,4.269999999999971,0.0,0,Raigad,Maharashtra
2022-12-24,0.0,0.0,0.0,3.5399999999999716,0.0,0,Raigad,Maharashtra
2022-12-25,0.0,0.0,0.0,3.5399999999999716,0.0,0,Raigad,Maharashtra
2022-12-26,0.0,0.0,0.0,3.5299999999999714,0.0,0,Raigad,Maharashtra
2022-12-27,0.0,0.0,0.0,3.3699999999999712,0.0,0,Raigad,Maharashtra
2022-12-28,0.0,0.0,0.0,3.1299999999999715,0.0,0,Raigad,Maharashtra
2022-12-29,0.0,0.0,0.0,0.7699999999999716,0.0,0,Raigad,Maharashtra
2022-12-30,0.0,0.0,0.0,0.12999999999997158,0.0,0,Raigad,Maharashtra
2022-12-31,0.0,0.0,0.0,0.01999999999997158,0.0,0,Raigad,Maharashtra
2023-01-01,0.0,0.0,0.0,0.0,0.0,0,Raigad,Maharashtra
2023-01-02,0.0,0.0,0.0,0.0,0.0,0,Raigad,Maharashtra
2023-01-03,0.0,0.0,0.0,0.0,0.0,0,Raigad,Maharashtra
2023-01-04,0.0,0.0,0.0,0.0,0.0,0,Raigad,Maharashtra
2023-01-05,0.0,0.0,0.0,0.0,0.0,0,Raigad,Maharashtra
2023-01-06,0.0,0.0,0.0,0.0,0.0,0,Raigad,Maharashtra
2023-01-07,0.0,0.0,0.0,0.0,0.0,0,Raigad,Maharashtra
2023-01-08,0.0,0.0,0.0,0.0,0.0,0,Raigad,Maharashtra
2023-01-09,0.0,0.0,0.0,0.0,0.0,0,Raigad,Maharashtra
2023-01-10,0.0,0.0,0.0,0.0,0.0,0,Raigad,Maharashtra
2023-01-11,0.0,0.0,0.0,0.0,0.0,0,Raigad,Maharashtra
2023-01-12,0.0,0.0,0.0,0.0,0.0,0,Raigad,Maharashtra
2023-01-13,0.0,0.0,0.0,0.0,0.0,0,Raigad,Maharashtra
2023-01-14,0.0,0.0,0.0,0.0,0.0,0,Raigad,Maharashtra
2023-01-15,0.0,0.0,0.0,0.0,0.0,0,Raigad,Maharashtra
2023-01-16,0.0,0.0,0.0,0.0,0.0,0,Raigad,Maharashtra
2023-01-17,0.0,0.0,0.0,0.0,0.0,0,Raigad,Maharashtra
2023-01-18,0.0,0.0,0.0,0.0,0.0,0,Raigad,Maharashtra
2023-01-19,0.0,0.0,0.0,0.0,0.0,0,Raigad,Maharashtra
2023-01-20,0.0,0.0,0.0,0.0,0.0,0,Raigad,Maharashtra
2023-01-21,0.0,0.0,0.0,0.0,0.0,0,Raigad,Maharashtra
2023-01-22,0.0,0.0,0.0,0.0,0.0,0,Raigad,Maharashtra
2023-01-23,0.0,0.0,0.0,0.0,0.0,0,Raigad,Maharashtra
2023-01-24,0.0,0.0,0.0,0.0,0.0,0,Raigad,Maharashtra
2023-01-25,0.0,0.0,0.0,0.0,0.0,0,Raigad,Maharashtra
2023-01-26,0.0,0.0,0.0,0.0,0.0,0,Raigad,Maharashtra
2023-01-27,0.0,0.0,0.0,0.0,0.0,0,Raigad,Maharashtra
2023-01-28,0.03,0.030000000000021315,0.02999999999995026,0.029999999999971577,0.03,0,Raigad,Maharashtra
2023-01-29,0.16,0.19000000000002132,0.18999999999995026,0.18999999999997158,0.16,0,Raigad,Maharashtra
2023-01-30,0.01,0.20000000000002133,0.19999999999995027,0.1999999999999716,0.16,0,Raigad,Maharashtra
2023-01-31,0.0,0.17000000000002133,0.19999999999995027,0.1999999999999716,0.16,0,Raigad,Maharashtra
2023-02-01,0.22,0.23000000000002133,0.4199999999999503,0.4199999999999716,0.22,0,Raigad,Maharashtra
2023-02-02,0.02,0.2400000000000213,0.43999999999995026,0.4399999999999716,0.22,0,Raigad,Maharashtra
2023-02-03,0.0,0.2400000000000213,0.43999999999995026,0.4399999999999716,0.22,0,Raigad,Maharashtra
2023-02-04,0.0,0.020000000000021317,0.4099999999999503,0.4399999999999716,0.02,0,Raigad,Maharashtra
2023-02-05,0.0,0.0,0.24999999999995026,0.4399999999999716,0.0,0,Raigad,Maharashtra
2023-02-06,0.0,0.0,0.23999999999995025,0.4399999999999716,0.0,0,Raigad,Maharashtra
2023-02-07,0.0,0.0,0.23999999999995025,0.4399999999999716,0.0,0,Raigad,Maharashtra
2023-02-08,0.0,0.0,0.019999999999950262,0.4399999999999716,0.0,0,Raigad,Maharashtra
2023-02-09,0.0,0.0,0.0,0.4399999999999716,0.0,0,Raigad,Maharashtra
2023-02-10,0.0,0.0,0.0,0.4399999999999716,0.0,0,Raigad,Maharashtra
2023-02-11,0.0,0.0,0.0,0.4399999999999716,0.0,0,Raigad,Maharashtra
2023-02-12,0.0,0.0,0.0,0.4099999999999716,0.0,0,Raigad,Maharashtra
2023-02-13,0.0,0.0,0.0,0.24999999999997158,0.0,0,Raigad,Maharashtra
2023-02-14,0.0,0.0,0.0,0.23999999999997157,0.0,0,Raigad,Maharashtra
2023-02-15,0.0,0.0,0.0,0.23999999999997157,0.0,0,Raigad,Maharashtra
2023-02-16,0.0,0.0,0.0,0.01999999999997158,0.0,0,Raigad,Maharashtra
2023-02-17,0.0,0.0,0.0,0.0,0.0,0,Raigad,Maharashtra
2023-02-18,0.0,0.0,0.0,0.0,0.0,0,Raigad,Maharashtra
2023-02-19,0.0,0.0,0.0,0.0,0.0,0,Raigad,Maharashtra
2023-02-20,0.0,0.0,0.0,0.0,0.0,0,Raigad,Maharashtra
2023-02-21,0.0,0.0,0.0,0.0,0.0,0,Raigad,Maharashtra
2023-02-22,0.0,0.0,0.0,0.0,0.0,0,Raigad,Maharashtra
2023-02-23,0.0,0.0,0.0,0.0,0.0,0,Raigad,Maharashtra
2023-02-24,0.0,0.0,0.0,0.0,0.0,0,Raigad,Maharashtra
2023-02-25,0.0,0.0,0.0,0.0,0.0,0,Raigad,Maharashtra
2023-02-26,0.0,0.0,0.0,0.0,0.0,0,Raigad,Maharashtra
2023-02-27,0.0,0.0,0.0,0.0,0.0,0,Raigad,Maharashtra
2023-02-28,0.0,0.0,0.0,0.0,0.0,0,Raigad,Maharashtra
2023-03-01,0.0,0.0,0.0,0.0,0.0,0,Raigad,Maharashtra
2023-03-02,0.0,0.0,0.0,0.0,0.0,0,Raigad,Maharashtra
2023-03-03,0.0,0.0,0.0,0.0,0.0,0,Raigad,Maharashtra
2023-03-04,0.0,0.0,0.0,0.0,0.0,0,Raigad,Maharashtra
2023-03-05,0.35,0.3500000000000213,0.34999999999995024,0.34999999999997156,0.35,0,Raigad,Maharashtra
2023-03-06,4.25,4.600000000000021,4.59999999999995,4.599999999999971,4.25,0,Raigad,Maharashtra
2023-03-07,0.97,5.570000000000021,5.56999999999995,5.569999999999971,4.25,0,Raigad,Maharashtra
2023-03-08,0.01,5.230000000000021,5.5799999999999494,5.579999999999971,4.25,0,Raigad,Maharashtra
2023-03-09,0.0,0.9800000000000213,5.5799999999999494,5.579999999999971,0.97,0,Raigad,Maharashtra
2023-03-10,0.0,0.010000000000021316,5.5799999999999494,5.579999999999971,0.01,0,Raigad,Maharashtra
2023-03-11,0.0,0.0,5.5799999999999494,5.579999999999971,0.0,0,Raigad,Maharashtra
2023-03-12,0.0,0.0,5.22999999999995,5.579999999999971,0.0,0,Raigad,Maharashtra
2023-03-13,0.0,0.0,0.9799999999999502,5.579999999999971,0.0,0,Raigad,Maharashtra
2023-03-14,0.02,0.020000000000021317,0.02999999999995026,5.599999999999971,0.02,0,Raigad,Maharashtra
2023-03-15,0.88,0.9000000000000213,0.8999999999999503,6.479999999999971,0.88,0,Raigad,Maharashtra
2023-03-16,1.81,2.7100000000000213,2.7099999999999502,8.28999999999997,1.81,0,Raigad,Maharashtra
2023-03-17,1.69,4.380000000000021,4.399999999999951,9.979999999999972,1.81,0,Raigad,Maharashtra
2023-03-18,1.45,4.9500000000000215,5.84999999999995,11.429999999999971,1.81,0,Raigad,Maharashtra
2023-03-19,0.48,3.6200000000000214,6.32999999999995,11.909999999999972,1.69,0,Raigad,Maharashtra
2023-03-20,0.37,2.300000000000021,6.69999999999995,11.929999999999971,1.45,0,Raigad,Maharashtra
2023-03-21,4.26,5.110000000000021,10.939999999999952,11.939999999999971,4.26,0,Raigad,Maharashtra
2023-03-22,0.01,4.64000000000002,10.06999999999995,10.97999999999997,4.26,0,Raigad,Maharashtra
2023-03-23,0.0,4.270000000000021,8.259999999999952,10.96999999999997,4.26,0,Raigad,Maharashtra
2023-03-24,0.0,0.010000000000021316,6.56999999999995,10.96999999999997,0.01,0,Raigad,Maharashtra
2023-03-25,0.0,0.0,5.11999999999995,10.96999999999997,0.0,0,Raigad,Maharashtra
2023-03-26,0.0,0.0,4.63999999999995,10.96999999999997,0.0,0,Raigad,Maharashtra
2023-03-27,0.0,0.0,4.26999999999995,10.96999999999997,0.0,0,Raigad,Maharashtra
2023-03-28,0.01,0.010000000000021316,0.019999999999950262,10.97999999999997,0.01,0,Raigad,Maharashtra
2023-03-29,0.0,0.010000000000021316,0.009999999999950262,10.95999999999997,0.01,0,Raigad,Maharashtra
2023-03-30,0.0,0.010000000000021316,0.009999999999950262,10.07999999999997,0.01,0,Raigad,Maharashtra
2023-03-31,0.03,0.030000000000021315,0.03999999999995026,8.299999999999972,0.03,0,Raigad,Maharashtra
2023-04-01,0.0,0.030000000000021315,0.03999999999995026,6.609999999999971,0.03,0,Raigad,Maharashtra
2023-04-02,0.0,0.030000000000021315,0.03999999999995026,5.159999999999971,0.03,0,Raigad,Maharashtra
2023-04-03,0.0,0.0,0.03999999999995026,4.679999999999971,0.0,0,Raigad,Maharashtra
2023-04-04,0.0,0.0,0.02999999999995026,4.309999999999971,0.0,0,Raigad,Maharashtra
2023-04-05,0.02,0.020000000000021317,0.049999999999950265,0.06999999999997158,0.02,0,Raigad,Maharashtra
2023-04-06,0.23,0.2500000000000213,0.2799999999999503,0.2899999999999716,0.23,0,Raigad,Maharashtra
2023-04-07,0.59,0.8400000000000213,0.8399999999999502,0.8799999999999716,0.59,0,Raigad,Maharashtra
2023-04-08,0.23,1.0500000000000214,1.0699999999999503,1.1099999999999717,0.59,0,Raigad,Maharashtra
2023-04-09,0.68,1.5000000000000213,1.7499999999999503,1.7899999999999716,0.68,0,Raigad,Maharashtra
2023-04-10,0.05,0.9600000000000214,1.7999999999999503,1.8399999999999717,0.68,0,Raigad,Maharashtra
2023-04-11,0.12,0.8500000000000214,1.9199999999999502,1.9599999999999715,0.68,0,Raigad,Maharashtra
2023-04-12,0.32,0.4900000000000213,2.21999999999995,2.2699999999999716,0.32,0,Raigad,Maharashtra
2023-04-13,0.04,0.4800000000000213,2.02999999999995,2.3099999999999716,0.32,0,Raigad,Maharashtra
2023-04-14,2.9,3.260000000000021,4.33999999999995,5.2099999999999715,2.9,0,Raigad,Maharashtra
2023-04-15,0.9,3.840000000000021,5.00999999999995,6.079999999999972,2.9,0,Raigad,Maharashtra
2023-04-16,0.5,4.300000000000021,4.82999999999995,6.579999999999972,2.9,0,Raigad,Maharashtra
2023-04-17,0.17,1.5700000000000214,4.94999999999995,6.749999999999972,0.9,0,Raigad,Maharashtra
2023-04-18,0.38,1.0500000000000214,5.20999999999995,7.1299999999999715,0.5,0,Raigad,Maharashtra
2023-04-19,0.51,1.0600000000000214,5.39999999999995,7.639999999999971,0.51,0,Raigad,Maharashtra
2023-04-20,1.19,2.0800000000000214,6.549999999999949,8.809999999999972,1.19,0,Raigad,Maharashtra
2023-04-21,0.08,1.7800000000000216,3.7299999999999502,8.659999999999972,1.19,0,Raigad,Maharashtra
2023-04-22,0.0,1.2700000000000213,2.8299999999999503,8.069999999999972,1.19,0,Raigad,Maharashtra
2023-04-23,0.0,0.08000000000002132,2.3299999999999503,7.839999999999971,0.08,0,Raigad,Maharashtra
2023-04-24,0.0,0.0,2.1599999999999504,7.159999999999971,0.0,0,Raigad,Maharashtra
2023-04-25,0.0,0.0,1.77999999999995,7.109999999999971,0.0,0,Raigad,Maharashtra
2023-04-26,0.48,0.4800000000000213,1.7499999999999503,7.469999999999971,0.48,0,Raigad,Maharashtra
2023-04-27,0.23,0.7100000000000213,0.7899999999999503,7.3799999999999715,0.48,0,Raigad,Maharashtra
2023-04-28,0.42,1.1300000000000212,1.1299999999999502,7.759999999999971,0.48,0,Raigad,Maharashtra
2023-04-29,0.3,0.9500000000000213,1.4299999999999502,5.159999999999972,0.42,0,Raigad,Maharashtra
2023-04-30,0.29,1.0100000000000213,1.7199999999999502,4.549999999999971,0.42,0,Raigad,Maharashtra
2023-05-01,0.0,0.5900000000000213,1.7199999999999502,4.049999999999971,0.3,0,Raigad,Maharashtra
2023-05-02,0.95,1.2400000000000213,2.66999999999995,4.829999999999972,0.95,0,Raigad,Maharashtra
2023-05-03,0.41,1.3600000000000212,2.5999999999999504,4.859999999999972,0.95,0,Raigad,Maharashtra
2023-05-04,0.12,1.4800000000000213,2.48999999999995,4.469999999999971,0.95,0,Raigad,Maharashtra
2023-05-05,0.01,0.5400000000000212,2.0799999999999503,3.2899999999999716,0.41,0,Raigad,Maharashtra
2023-05-06,0.02,0.1500000000000213,1.7999999999999503,3.2299999999999716,0.12,0,Raigad,Maharashtra
2023-05-07,0.66,0.6900000000000214,2.16999999999995,3.8899999999999713,0.66,0,Raigad,Maharashtra
2023-05-08,2.37,3.0500000000000216,4.53999999999995,6.259999999999971,2.37,0,Raigad,Maharashtra
2023-05-09,1.2,4.230000000000022,4.78999999999995,7.4599999999999715,2.37,0,Raigad,Maharashtra
2023-05-10,0.38,3.9500000000000215,4.75999999999995,7.839999999999971,2.37,0,Raigad,Maharashtra
2023-05-11,0.03,1.6100000000000212,4.669999999999951,7.389999999999972,1.2,0,Raigad,Maharashtra
2023-05-12,0.01,0.4200000000000213,4.66999999999995,7.1699999999999715,0.38,0,Raigad,Maharashtra
2023-05-13,0.01,0.05000000000002132,4.65999999999995,6.759999999999971,0.03,0,Raigad,Maharashtra
2023-05-14,0.0,0.020000000000021317,3.9999999999999503,6.4599999999999715,0.01,0,Raigad,Maharashtra
2023-05-15,0.01,0.020000000000021317,1.6399999999999502,6.179999999999971,0.01,0,Raigad,Maharashtra
2023-05-16,0.02,0.030000000000021315,0.4599999999999503,6.199999999999972,0.02,0,Raigad,Maharashtra
2023-05-17,0.01,0.04000000000002132,0.08999999999995026,5.259999999999971,0.02,0,Raigad,Maharashtra
2023-05-18,0.01,0.04000000000002132,0.06999999999995027,4.859999999999971,0.02,0,Raigad,Maharashtra
2023-05-19,0.01,0.03,0.06999999999995027,4.749999999999972,0.01,0,Raigad,Maharashtra
2023-05-20,0.04,0.06000000000002132,0.09999999999995027,4.779999999999971,0.04,0,Raigad,Maharashtra
2023-05-21,0.27,0.3200000000000213,0.36999999999995026,5.029999999999972,0.27,0,Raigad,Maharashtra
2023-05-22,0.66,0.9700000000000213,1.0199999999999503,5.029999999999972,0.66,0,Raigad,Maharashtra
2023-05-23,0.05,0.9800000000000214,1.0499999999999503,2.7099999999999715,0.66,0,Raigad,Maharashtra
2023-05-24,0.12,0.8300000000000215,1.1599999999999502,1.6299999999999717,0.66,0,Raigad,Maharashtra
2023-05-25,0.24,0.4100000000000213,1.3899999999999502,1.4899999999999716,0.24,0,Raigad,Maharashtra
2023-05-26,1.55,1.9100000000000215,2.92999999999995,3.009999999999972,1.55,0,Raigad,Maharashtra
2023-05-27,0.37,2.160000000000021,3.25999999999995,3.3699999999999717,1.55,0,Raigad,Maharashtra
2023-05-28,0.57,2.4900000000000215,3.55999999999995,3.9299999999999717,1.55,0,Raigad,Maharashtra
2023-05-29,1.25,2.190000000000021,4.14999999999995,5.179999999999971,1.25,0,Raigad,Maharashtra
2023-05-30,2.74,4.560000000000021,6.83999999999995,7.909999999999972,2.74,0,Raigad,Maharashtra
2023-05-31,1.06,5.050000000000021,7.77999999999995,8.94999999999997,2.74,0,Raigad,Maharashtra
2023-06-01,1.46,5.260000000000021,8.99999999999995,10.399999999999972,2.74,1,Raigad,Maharashtra
2023-06-02,0.99,3.510000000000021,8.43999999999995,11.379999999999972,1.46,1,Raigad,Maharashtra
2023-06-03,2.24,4.690000000000021,10.30999999999995,13.609999999999973,2.24,1,Raigad,Maharashtra
2023-06-04,4.41,7.640000000000021,14.14999999999995,17.979999999999972,4.41,1,Raigad,Maharashtra
2023-06-05,2.55,9.20000000000002,15.44999999999995,20.259999999999973,4.41,1,Raigad,Maharashtra
2023-06-06,0.32,7.280000000000021,13.02999999999995,19.919999999999973,4.41,1,Raigad,Maharashtra
2023-06-07,0.36,3.2300000000000204,12.32999999999995,20.229999999999972,2.55,1,Raigad,Maharashtra
2023-06-08,0.33,1.0100000000000204,11.199999999999951,20.439999999999973,0.36,1,Raigad,Maharashtra
2023-06-09,3.58,4.270000000000021,13.78999999999995,23.779999999999973,3.58,1,Raigad,Maharashtra
2023-06-10,3.9,7.81000000000002,15.44999999999995,26.12999999999997,3.9,1,Raigad,Maharashtra
2023-06-11,1.17,8.65000000000002,12.20999999999995,26.929999999999975,3.9,1,Raigad,Maharashtra
2023-06-12,7.08,12.15000000000002,16.739999999999952,33.43999999999997,7.08,1,Raigad,Maharashtra
2023-06-13,3.06,11.31000000000002,19.47999999999995,35.24999999999997,7.08,1,Raigad,Maharashtra
2023-06-14,10.16,20.30000000000002,29.27999999999995,42.66999999999997,10.16,1,Raigad,Maharashtra
2023-06-15,3.27,16.49000000000002,32.21999999999995,44.87999999999997,10.16,1,Raigad,Maharashtra
2023-06-16,1.99,15.42000000000002,30.629999999999953,45.409999999999975,10.16,1,Raigad,Maharashtra
2023-06-17,1.54,6.800000000000019,28.26999999999995,45.95999999999997,3.27,1,Raigad,Maharashtra
2023-06-18,0.78,4.31000000000002,27.879999999999953,44.49999999999997,1.99,1,Raigad,Maharashtra
2023-06-19,0.37,2.6900000000000195,21.169999999999952,40.45999999999997,1.54,1,Raigad,Maharashtra
2023-06-20,0.72,1.8700000000000196,18.829999999999952,38.629999999999974,0.78,1,Raigad,Maharashtra
2023-06-21,1.57,2.6600000000000197,10.23999999999995,39.87999999999997,1.57,1,Raigad,Maharashtra
2023-06-22,3.39,5.680000000000019,10.359999999999951,42.90999999999997,3.39,1,Raigad,Maharashtra
2023-06-23,2.97,7.930000000000019,11.33999999999995,45.549999999999976,3.39,1,Raigad,Maharashtra
2023-06-24,51.01,57.37000000000002,60.809999999999945,92.97999999999998,51.01,1,Raigad,Maharashtra
2023-06-25,55.97,109.95000000000002,115.99999999999994,145.04999999999995,55.97,1,Raigad,Maharashtra
2023-06-26,88.03,195.01000000000002,203.65999999999994,231.90999999999997,88.03,1,Raigad,Maharashtra
2023-06-27,83.03,227.03000000000003,285.9699999999999,307.85999999999996,88.03,1,Raigad,Maharashtra
2023-06-28,25.42,196.48000000000002,309.81999999999994,330.21999999999997,88.03,1,Raigad,Maharashtra
2023-06-29,17.67,126.12000000000003,324.09999999999997,337.73,83.03,1,Raigad,Maharashtra
2023-06-30,83.63,126.72000000000003,404.75999999999993,418.09,83.63,1,Raigad,Maharashtra
2023-07-01,31.48,132.78000000000003,385.22999999999996,447.5799999999999,83.63,1,Raigad,Maharashtra
2023-07-02,26.17,141.28000000000003,355.42999999999995,472.21,83.63,1,Raigad,Maharashtra
2023-07-03,45.09,102.74000000000004,312.48999999999995,516.52,45.09,1,Raigad,Maharashtra
2023-07-04,37.35,108.61000000000004,266.80999999999995,553.5,45.09,1,Raigad,Maharashtra
2023-07-05,17.8,100.24000000000004,259.18999999999994,570.5799999999999,45.09,1,Raigad,Maharashtra
2023-07-06,44.95,100.10000000000004,286.46999999999997,613.96,44.95,1,Raigad,Maharashtra
2023-07-07,59.42,122.17000000000004,262.26,669.99,59.42,1,Raigad,Maharashtra
2023-07-08,25.83,130.20000000000005,256.60999999999996,692.85,59.42,1,Raigad,Maharashtra
2023-07-09,9.65,94.90000000000003,240.08999999999995,651.49,59.42,1,Raigad,Maharashtra
2023-07-10,4.81,40.290000000000035,199.80999999999995,600.3299999999999,25.83,1,Raigad,Maharashtra
2023-07-11,4.9,19.360000000000035,167.35999999999996,517.2,9.65,1,Raigad,Maharashtra
2023-07-12,8.81,18.52000000000004,158.36999999999995,442.97999999999996,8.81,1,Raigad,Maharashtra
2023-07-13,19.34,33.05000000000004,132.75999999999993,436.9,19.34,1,Raigad,Maharashtra
2023-07-14,27.57,55.720000000000034,100.90999999999994,446.8,27.57,1,Raigad,Maharashtra
2023-07-15,14.83,61.74000000000004,89.90999999999994,378.0,27.57,1,Raigad,Maharashtra
2023-07-16,23.81,66.21000000000004,104.06999999999994,370.33,27.57,1,Raigad,Maharashtra
2023-07-17,49.12,87.76000000000003,148.37999999999994,393.28,49.12,1,Raigad,Maharashtra
2023-07-18,127.66,200.59000000000003,271.13999999999993,475.85,127.66,1,Raigad,Maharashtra
2023-07-19,123.16,299.94000000000005,385.4899999999999,561.66,127.66,1,Raigad,Maharashtra
2023-07-20,58.72,309.54,424.86999999999995,602.58,127.66,1,Raigad,Maharashtra
2023-07-21,63.6,245.48000000000002,460.8999999999999,621.23,123.16,1,Raigad,Maharashtra
2023-07-22,44.81,167.13000000000002,490.87999999999994,606.62,63.6,1,Raigad,Maharashtra
2023-07-23,41.58,149.99000000000004,508.6499999999999,622.37,63.6,1,Raigad,Maharashtra
2023-07-24,54.83,141.22000000000003,514.3599999999999,667.55,54.83,1,Raigad,Maharashtra
2023-07-25,46.73,143.14000000000004,433.42999999999995,709.4699999999999,54.83,1,Raigad,Maharashtra
2023-07-26,93.21,194.77,403.47999999999996,797.78,93.21,1,Raigad,Maharashtra
2023-07-27,71.6,211.54000000000002,416.3599999999999,860.5699999999999,93.21,1,Raigad,Maharashtra
2023-07-28,48.32,213.13,401.0799999999999,889.55,93.21,1,Raigad,Maharashtra
2023-07-29,21.44,141.36,377.7099999999999,883.42,71.6,1,Raigad,Maharashtra
2023-07-30,18.41,88.17000000000003,354.5399999999999,887.0,48.32,1,Raigad,Maharashtra
2023-07-31,18.58,58.43000000000003,318.28999999999996,881.77,21.44,1,Raigad,Maharashtra
2023-08-01,18.6,55.590000000000025,290.1599999999999,851.2499999999999,18.6,1,Raigad,Maharashtra
2023-08-02,9.57,46.75000000000003,206.51999999999992,733.16,18.6,1,Raigad,Maharashtra
2023-08-03,7.19,35.36000000000003,142.10999999999996,617.1899999999999,18.6,1,Raigad,Maharashtra
2023-08-04,10.87,27.630000000000027,104.65999999999995,569.3399999999999,10.87,1,Raigad,Maharashtra
2023-08-05,7.14,25.200000000000028,90.35999999999994,512.8799999999999,10.87,1,Raigad,Maharashtra
2023-08-06,6.5,24.510000000000026,78.44999999999995,474.56999999999994,10.87,1,Raigad,Maharashtra
2023-08-07,3.69,17.330000000000027,63.559999999999945,436.67999999999995,7.14,1,Raigad,Maharashtra
2023-08-08,3.8,13.990000000000027,48.75999999999994,385.65,6.5,1,Raigad,Maharashtra
2023-08-09,6.14,13.630000000000027,45.32999999999994,345.05999999999995,6.14,1,Raigad,Maharashtra
2023-08-10,7.56,17.50000000000003,45.699999999999946,259.40999999999997,7.56,1,Raigad,Maharashtra
2023-08-11,2.41,16.110000000000028,37.23999999999994,190.21999999999997,7.56,1,Raigad,Maharashtra
2023-08-12,4.54,14.51000000000003,34.639999999999944,146.43999999999997,7.56,1,Raigad,Maharashtra
2023-08-13,6.49,13.44000000000003,34.62999999999994,131.48999999999995,6.49,1,Raigad,Maharashtra
2023-08-14,2.46,13.49000000000003,33.39999999999994,115.53999999999996,6.49,1,Raigad,Maharashtra
2023-08-15,2.76,11.71000000000003,32.35999999999994,99.71999999999997,6.49,1,Raigad,Maharashtra
2023-08-16,3.73,8.95000000000003,29.949999999999942,84.84999999999998,3.73,1,Raigad,Maharashtra
2023-08-17,3.51,10.000000000000028,25.899999999999945,78.78999999999996,3.73,1,Raigad,Maharashtra
2023-08-18,3.84,11.080000000000028,27.329999999999945,75.43999999999997,3.84,1,Raigad,Maharashtra
2023-08-19,7.79,15.140000000000029,30.57999999999994,72.35999999999997,7.79,1,Raigad,Maharashtra
2023-08-20,10.17,21.80000000000003,34.25999999999994,75.38999999999997,10.17,1,Raigad,Maharashtra
2023-08-21,4.07,22.03000000000003,35.86999999999994,72.95999999999997,10.17,1,Raigad,Maharashtra
2023-08-22,5.98,20.22000000000003,39.08999999999995,75.24999999999997,10.17,1,Raigad,Maharashtra
2023-08-23,5.1,15.15000000000003,40.45999999999994,76.54999999999997,5.98,1,Raigad,Maharashtra
2023-08-24,12.8,23.88000000000003,49.74999999999994,83.20999999999998,12.8,1,Raigad,Maharashtra
2023-08-25,17.2,35.10000000000003,63.10999999999994,92.84999999999997,17.2,1,Raigad,Maharashtra
2023-08-26,15.87,45.870000000000026,71.18999999999994,106.30999999999997,17.2,1,Raigad,Maharashtra
2023-08-27,15.73,48.80000000000003,76.74999999999994,117.49999999999997,17.2,1,Raigad,Maharashtra
2023-08-28,12.46,44.06000000000003,85.13999999999994,123.46999999999997,15.87,1,Raigad,Maharashtra
2023-08-29,1.83,30.02000000000003,80.98999999999995,122.83999999999997,15.73,1,Raigad,Maharashtra
2023-08-30,0.53,14.820000000000029,76.41999999999994,120.60999999999997,12.46,1,Raigad,Maharashtra
2023-08-31,0.89,3.2500000000000284,64.50999999999995,117.76999999999997,1.83,1,Raigad,Maharashtra
2023-09-01,7.18,8.600000000000028,54.48999999999994,121.43999999999998,7.18,1,Raigad,Maharashtra
2023-09-02,22.11,30.180000000000028,60.72999999999994,139.70999999999998,22.11,1,Raigad,Maharashtra
2023-09-03,3.56,32.85000000000003,48.559999999999945,135.48,22.11,1,Raigad,Maharashtra
2023-09-04,1.5,27.170000000000027,37.599999999999945,126.80999999999996,22.11,1,Raigad,Maharashtra
2023-09-05,0.71,5.770000000000028,36.47999999999994,123.44999999999997,3.56,1,Raigad,Maharashtra
2023-09-06,4.14,6.350000000000028,40.08999999999995,121.60999999999997,4.14,1,Raigad,Maharashtra
2023-09-07,59.16,64.01000000000002,98.35999999999994,175.66999999999996,59.16,1,Raigad,Maharashtra
2023-09-08,52.61,115.91000000000003,143.78999999999994,215.47999999999996,59.16,1,Raigad,Maharashtra
2023-09-09,15.39,127.16000000000003,137.06999999999994,213.66999999999996,59.16,1,Raigad,Maharashtra
2023-09-10,9.84,77.84000000000003,143.34999999999994,207.63999999999996,52.61,1,Raigad,Maharashtra
2023-09-11,4.02,29.25000000000003,145.86999999999995,195.92999999999998,15.39,1,Raigad,Maharashtra
2023-09-12,2.45,16.310000000000027,147.60999999999993,185.91999999999996,9.84,1,Raigad,Maharashtra
2023-09-13,5.33,11.80000000000003,148.79999999999995,189.41999999999996,5.33,1,Raigad,Maharashtra
2023-09-14,4.27,12.05000000000003,93.90999999999994,193.15999999999997,5.33,1,Raigad,Maharashtra
2023-09-15,1.74,11.340000000000028,43.03999999999994,194.00999999999996,5.33,1,Raigad,Maharashtra
2023-09-16,6.85,12.860000000000028,34.49999999999994,193.67999999999995,6.85,1,Raigad,Maharashtra
2023-09-17,8.42,17.010000000000026,33.07999999999994,179.98999999999998,8.42,1,Raigad,Maharashtra
2023-09-18,13.2,28.470000000000027,42.25999999999994,189.62999999999997,13.2,1,Raigad,Maharashtra
2023-09-19,12.24,33.86000000000003,52.04999999999994,200.36999999999998,13.2,1,Raigad,Maharashtra
2023-09-20,16.84,42.28000000000003,63.55999999999994,216.49999999999997,16.84,1,Raigad,Maharashtra
2023-09-21,30.0,59.08000000000003,89.28999999999994,242.35999999999999,30.0,1,Raigad,Maharashtra
2023-09-22,15.43,62.270000000000024,102.97999999999993,198.63,30.0,1,Raigad,Maharashtra
2023-09-23,29.06,74.49000000000002,125.18999999999994,175.07999999999996,30.0,1,Raigad,Maharashtra
2023-09-24,12.37,56.86000000000003,129.13999999999993,172.05999999999995,29.06,1,Raigad,Maharashtra
2023-09-25,15.23,56.660000000000025,131.16999999999996,177.45,29.06,1,Raigad,Maharashtra
2023-09-26,16.23,43.83000000000003,135.15999999999994,189.65999999999997,16.23,1,Raigad,Maharashtra
2023-09-27,23.93,55.39000000000003,142.24999999999994,211.14,23.93,1,Raigad,Maharashtra
2023-09-28,19.73,59.89000000000003,131.97999999999993,225.53999999999996,23.93,1,Raigad,Maharashtra
2023-09-29,21.46,65.12000000000003,138.00999999999993,242.72999999999996,23.93,1,Raigad,Maharashtra
2023-09-30,13.94,55.13000000000003,122.88999999999994,254.92999999999998,21.46,1,Raigad,Maharashtra
2023-10-01,32.37,67.77000000000004,142.88999999999996,280.45,32.37,0,Raigad,Maharashtra
2023-10-02,11.77,58.08000000000003,139.42999999999995,283.79999999999995,32.37,0,Raigad,Maharashtra
2023-10-03,0.15,44.29000000000003,123.34999999999994,270.75,32.37,0,Raigad,Maharashtra
2023-10-04,0.0,11.920000000000028,99.41999999999993,258.51,11.77,0,Raigad,Maharashtra
2023-10-05,0.01,0.16000000000002843,79.69999999999995,241.67999999999995,0.15,0,Raigad,Maharashtra
2023-10-06,0.03,0.04000000000002842,58.26999999999994,211.70999999999995,0.03,0,Raigad,Maharashtra
2023-10-07,0.0,0.04000000000002842,44.32999999999994,196.27999999999997,0.03,0,Raigad,Maharashtra
2023-10-08,0.01,0.04000000000002842,11.969999999999942,167.23,0.03,0,Raigad,Maharashtra
2023-10-09,0.01,0.020000000000028422,0.20999999999994315,154.86999999999998,0.01,0,Raigad,Maharashtra
2023-10-10,0.0,0.020000000000028422,0.059999999999943154,139.63999999999996,0.01,0,Raigad,Maharashtra
2023-10-11,0.0,0.010000000000028422,0.059999999999943154,123.40999999999997,0.01,0,Raigad,Maharashtra
2023-10-12,0.0,0.0,0.04999999999994316,99.47999999999996,0.0,0,Raigad,Maharashtra
2023-10-13,0.1,0.10000000000002843,0.11999999999994317,79.84999999999998,0.1,0,Raigad,Maharashtra
2023-10-14,0.1,0.20000000000002843,0.21999999999994319,58.48999999999997,0.1,0,Raigad,Maharashtra
2023-10-15,0.3,0.5000000000000284,0.5099999999999432,44.849999999999966,0.3,0,Raigad,Maharashtra
2023-10-16,1.0,1.4000000000000283,1.4999999999999432,13.479999999999972,1.0,0,Raigad,Maharashtra
2023-10-17,0.73,2.0300000000000282,2.229999999999943,2.4399999999999715,1.0,0,Raigad,Maharashtra
2023-10-18,0.08,1.8100000000000285,2.309999999999943,2.3699999999999717,1.0,0,Raigad,Maharashtra
2023-10-19,0.02,0.8300000000000285,2.3299999999999432,2.3899999999999717,0.73,0,Raigad,Maharashtra
2023-10-20,0.04,0.14000000000002855,2.269999999999943,2.4199999999999715,0.08,0,Raigad,Maharashtra
2023-10-21,0.12,0.18000000000002853,2.2899999999999427,2.5099999999999714,0.12,0,Raigad,Maharashtra
2023-10-22,0.11,0.27000000000002855,2.0999999999999432,2.6199999999999717,0.12,0,Raigad,Maharashtra
2023-10-23,0.01,0.24000000000002852,1.109999999999943,2.6199999999999712,0.12,0,Raigad,Maharashtra
2023-10-24,0.0,0.12000000000002853,0.37999999999994316,2.6099999999999715,0.11,0,Raigad,Maharashtra
2023-10-25,0.0,0.010000000000028533,0.29999999999994315,2.6099999999999715,0.01,0,Raigad,Maharashtra
2023-10-26,0.0,0.0,0.2799999999999432,2.6099999999999715,0.0,0,Raigad,Maharashtra
2023-10-27,0.0,0.0,0.23999999999994315,2.6099999999999715,0.0,0,Raigad,Maharashtra
2023-10-28,0.0,0.0,0.11999999999994315,2.5099999999999714,0.0,0,Raigad,Maharashtra
2023-10-29,0.0,0.0,0.009999999999943157,2.4099999999999713,0.0,0,Raigad,Maharashtra
2023-10-30,0.0,0.0,0.0,2.1099999999999715,0.0,0,Raigad,Maharashtra
2023-10-31,0.0,0.0,0.0,1.1099999999999715,0.0,0,Raigad,Maharashtra
2023-11-01,0.0,0.0,0.0,0.3799999999999716,0.0,0,Raigad,Maharashtra
2023-11-02,0.0,0.0,0.0,0.29999999999997157,0.0,0,Raigad,Maharashtra
2023-11-03,0.0,0.0,0.0,0.2799999999999716,0.0,0,Raigad,Maharashtra
2023-11-04,0.02,0.020000000000028533,0.019999999999943157,0.2599999999999716,0.02,0,Raigad,Maharashtra
2023-11-05,0.04,0.06000000000002853,0.059999999999943154,0.17999999999997157,0.04,0,Raigad,Maharashtra
2023-11-06,0.01,0.07000000000002854,0.06999999999994316,0.07999999999997158,0.04,0,Raigad,Maharashtra
2023-11-07,0.02,0.07000000000002854,0.08999999999994315,0.08999999999997157,0.04,0,Raigad,Maharashtra
2023-11-08,3.43,3.460000000000029,3.519999999999943,3.5199999999999716,3.43,0,Raigad,Maharashtra
2023-11-09,1.35,4.800000000000029,4.869999999999943,4.869999999999972,3.43,0,Raigad,Maharashtra
2023-11-10,7.95,12.730000000000029,12.819999999999943,12.819999999999972,7.95,0,Raigad,Maharashtra
2023-11-11,1.79,11.090000000000028,14.589999999999943,14.609999999999971,7.95,0,Raigad,Maharashtra
2023-11-12,0.01,9.75000000000003,14.559999999999944,14.619999999999973,7.95,0,Raigad,Maharashtra
2023-11-13,0.0,1.8000000000000285,14.549999999999944,14.619999999999973,1.79,0,Raigad,Maharashtra
2023-11-14,0.0,0.010000000000028422,14.529999999999944,14.619999999999973,0.01,0,Raigad,Maharashtra
2023-11-15,0.0,0.0,11.099999999999945,14.619999999999973,0.0,0,Raigad,Maharashtra
2023-11-16,0.0,0.0,9.749999999999943,14.619999999999973,0.0,0,Raigad,Maharashtra
2023-11-17,0.0,0.0,1.7999999999999432,14.619999999999973,0.0,0,Raigad,Maharashtra
2023-11-18,0.0,0.0,0.009999999999943157,14.619999999999973,0.0,0,Raigad,Maharashtra
2023-11-19,0.0,0.0,0.0,14.599999999999973,0.0,0,Raigad,Maharashtra
2023-11-20,0.01,0.010000000000028422,0.009999999999943157,14.569999999999972,0.01,0,Raigad,Maharashtra
2023-11-21,0.01,0.020000000000028422,0.019999999999943157,14.569999999999972,0.01,0,Raigad,Maharashtra
2023-11-22,0.0,0.020000000000028422,0.019999999999943157,14.549999999999972,0.01,0,Raigad,Maharashtra
2023-11-23,0.02,0.03000000000002842,0.03999999999994316,11.139999999999972,0.02,0,Raigad,Maharashtra
2023-11-24,0.03,0.050000000000028424,0.06999999999994316,9.81999999999997,0.03,0,Raigad,Maharashtra
2023-11-25,2.28,2.330000000000028,2.349999999999943,4.149999999999972,2.28,0,Raigad,Maharashtra
2023-11-26,5.9,8.21000000000003,8.249999999999943,8.259999999999973,5.9,0,Raigad,Maharashtra
2023-11-27,5.51,13.69000000000003,13.749999999999943,13.759999999999973,5.9,0,Raigad,Maharashtra
2023-11-28,0.63,12.040000000000028,14.369999999999944,14.389999999999972,5.9,0,Raigad,Maharashtra
2023-11-29,0.02,6.160000000000029,14.389999999999944,14.409999999999972,5.51,0,Raigad,Maharashtra
2023-11-30,0.07,0.7200000000000284,14.439999999999944,14.479999999999972,0.63,0,Raigad,Maharashtra
2023-12-01,0.1,0.19000000000002842,14.509999999999943,14.579999999999972,0.1,0,Raigad,Maharashtra
2023-12-02,0.04,0.21000000000002844,12.269999999999943,14.619999999999973,0.1,0,Raigad,Maharashtra
2023-12-03,0.01,0.15000000000002844,6.379999999999943,14.629999999999972,0.1,0,Raigad,Maharashtra
2023-12-04,0.05,0.10000000000002843,0.9199999999999432,14.679999999999973,0.05,0,Raigad,Maharashtra
2023-12-05,0.0,0.060000000000028426,0.2899999999999432,14.669999999999973,0.05,0,Raigad,Maharashtra
2023-12-06,0.0,0.050000000000028424,0.2699999999999432,14.659999999999973,0.05,0,Raigad,Maharashtra
2023-12-07,0.02,0.020000000000028422,0.21999999999994316,14.679999999999973,0.02,0,Raigad,Maharashtra
2023-12-08,0.03,0.050000000000028424,0.14999999999994315,14.689999999999971,0.03,0,Raigad,Maharashtra
2023-12-09,0.0,0.050000000000028424,0.10999999999994316,14.659999999999972,0.03,0,Raigad,Maharashtra
2023-12-10,0.0,0.03000000000002842,0.09999999999994316,12.379999999999972,0.03,0,Raigad,Maharashtra
2023-12-11,0.0,0.0,0.04999999999994316,6.479999999999972,0.0,0,Raigad,Maharashtra
2023-12-12,0.0,0.0,0.04999999999994316,0.9699999999999724,0.0,0,Raigad,Maharashtra
2023-12-13,0.0,0.0,0.04999999999994316,0.3399999999999725,0.0,0,Raigad,Maharashtra
2023-12-14,0.0,0.0,0.029999999999943155,0.3199999999999725,0.0,0,Raigad,Maharashtra
2023-12-15,0.0,0.0,0.0,0.24999999999997247,0.0,0,Raigad,Maharashtra
2023-12-16,0.0,0.0,0.0,0.1499999999999725,0.0,0,Raigad,Maharashtra
2023-12-17,0.2,0.20000000000002843,0.19999999999994317,0.3099999999999725,0.2,0,Raigad,Maharashtra
2023-12-18,0.56,0.7600000000000284,0.7599999999999432,0.8599999999999726,0.56,0,Raigad,Maharashtra
2023-12-19,0.0,0.7600000000000284,0.7599999999999432,0.8099999999999725,0.56,0,Raigad,Maharashtra
2023-12-20,0.0,0.5600000000000285,0.7599999999999432,0.8099999999999725,0.56,0,Raigad,Maharashtra
2023-12-21,0.01,0.010000000000028422,0.7699999999999432,0.8199999999999725,0.01,0,Raigad,Maharashtra
2023-12-22,0.0,0.010000000000028422,0.7699999999999432,0.7999999999999726,0.01,0,Raigad,Maharashtra
2023-12-23,0.0,0.010000000000028422,0.7699999999999432,0.7699999999999726,0.01,0,Raigad,Maharashtra
2023-12-24,0.0,0.0,0.5699999999999432,0.7699999999999726,0.0,0,Raigad,Maharashtra
2023-12-25,0.0,0.0,0.009999999999943157,0.7699999999999726,0.0,0,Raigad,Maharashtra
2023-12-26,0.0,0.0,0.009999999999943157,0.7699999999999726,0.0,0,Raigad,Maharashtra
2023-12-27,0.0,0.0,0.009999999999943157,0.7699999999999726,0.0,0,Raigad,Maharashtra
2023-12-28,0.0,0.0,0.0,0.7699999999999726,0.0,0,Raigad,Maharashtra
2023-12-29,0.0,0.0,0.0,0.7699999999999726,0.0,0,Raigad,Maharashtra
2023-12-30,0.0,0.0,0.0,0.7699999999999726,0.0,0,Raigad,Maharashtra
2023-12-31,0.0,0.0,0.0,0.7699999999999726,0.0,0,Raigad,Maharashtra
2024-01-01,0.0,0.0,0.0,0.5699999999999725,0.0,0,Raigad,Maharashtra
2024-01-02,0.0,0.0,0.0,0.009999999999972467,0.0,0,Raigad,Maharashtra
2024-01-03,0.0,0.0,0.0,0.009999999999972467,0.0,0,Raigad,Maharashtra
2024-01-04,0.0,0.0,0.0,0.009999999999972467,0.0,0,Raigad,Maharashtra
2024-01-05,0.0,0.0,0.0,0.0,0.0,0,Raigad,Maharashtra
2024-01-06,0.01,0.010000000000028422,0.009999999999943157,0.009999999999972467,0.01,0,Raigad,Maharashtra
2024-01-07,0.04,0.050000000000028424,0.04999999999994316,0.04999999999997247,0.04,0,Raigad,Maharashtra
2024-01-08,0.07,0.12000000000002843,0.11999999999994317,0.11999999999997248,0.07,0,Raigad,Maharashtra
2024-01-09,1.63,1.7400000000000284,1.7499999999999432,1.7499999999999725,1.63,0,Raigad,Maharashtra
2024-01-10,0.04,1.7400000000000284,1.7899999999999432,1.7899999999999725,1.63,0,Raigad,Maharashtra
2024-01-11,0.0,1.6700000000000284,1.7899999999999432,1.7899999999999725,1.63,0,Raigad,Maharashtra
2024-01-12,0.0,0.04000000000002842,1.7899999999999432,1.7899999999999725,0.04,0,Raigad,Maharashtra
2024-01-13,0.0,0.0,1.7799999999999432,1.7899999999999725,0.0,0,Raigad,Maharashtra
2024-01-14,0.0,0.0,1.7399999999999431,1.7899999999999725,0.0,0,Raigad,Maharashtra
2024-01-15,0.0,0.0,1.669999999999943,1.7899999999999725,0.0,0,Raigad,Maharashtra
2024-01-16,0.0,0.0,0.03999999999994316,1.7899999999999725,0.0,0,Raigad,Maharashtra
2024-01-17,0.0,0.0,0.0,1.7899999999999725,0.0,0,Raigad,Maharashtra
2024-01-18,0.0,0.0,0.0,1.7899999999999725,0.0,0,Raigad,Maharashtra
2024-01-19,0.0,0.0,0.0,1.7899999999999725,0.0,0,Raigad,Maharashtra
2024-01-20,0.0,0.0,0.0,1.7899999999999725,0.0,0,Raigad,Maharashtra
2024-01-21,0.0,0.0,0.0,1.7799999999999725,0.0,0,Raigad,Maharashtra
2024-01-22,0.0,0.0,0.0,1.7399999999999725,0.0,0,Raigad,Maharashtra
2024-01-23,0.0,0.0,0.0,1.6699999999999724,0.0,0,Raigad,Maharashtra
2024-01-24,0.0,0.0,0.0,0.03999999999997247,0.0,0,Raigad,Maharashtra
2024-01-25,0.0,0.0,0.0,0.0,0.0,0,Raigad,Maharashtra
2024-01-26,0.0,0.0,0.0,0.0,0.0,0,Raigad,Maharashtra
2024-01-27,0.0,0.0,0.0,0.0,0.0,0,Raigad,Maharashtra
2024-01-28,0.0,0.0,0.0,0.0,0.0,0,Raigad,Maharashtra
2024-01-29,0.0,0.0,0.0,0.0,0.0,0,Raigad,Maharashtra
2024-01-30,0.0,0.0,0.0,0.0,0.0,0,Raigad,Maharashtra
2024-01-31,0.0,0.0,0.0,0.0,0.0,0,Raigad,Maharashtra
2024-02-01,0.04,0.04000000000002842,0.03999999999994316,0.03999999999997247,0.04,0,Raigad,Maharashtra
2024-02-02,0.0,0.04000000000002842,0.03999999999994316,0.03999999999997247,0.04,0,Raigad,Maharashtra
2024-02-03,0.0,0.04000000000002842,0.03999999999994316,0.03999999999997247,0.04,0,Raigad,Maharashtra
2024-02-04,0.0,0.0,0.03999999999994316,0.03999999999997247,0.0,0,Raigad,Maharashtra
2024-02-05,0.0,0.0,0.03999999999994316,0.03999999999997247,0.0,0,Raigad,Maharashtra
2024-02-06,0.0,0.0,0.03999999999994316,0.03999999999997247,0.0,0,Raigad,Maharashtra
2024-02-07,0.0,0.0,0.03999999999994316,0.03999999999997247,0.0,0,Raigad,Maharashtra
2024-02-08,0.0,0.0,0.0,0.03999999999997247,0.0,0,Raigad,Maharashtra
2024-02-09,0.0,0.0,0.0,0.03999999999997247,0.0,0,Raigad,Maharashtra
2024-02-10,0.0,0.0,0.0,0.03999999999997247,0.0,0,Raigad,Maharashtra
2024-02-11,0.0,0.0,0.0,0.03999999999997247,0.0,0,Raigad,Maharashtra
2024-02-12,0.0,0.0,0.0,0.03999999999997247,0.0,0,Raigad,Maharashtra
2024-02-13,0.0,0.0,0.0,0.03999999999997247,0.0,0,Raigad,Maharashtra
2024-02-14,0.0,0.0,0.0,0.03999999999997247,0.0,0,Raigad,Maharashtra
2024-02-15,0.0,0.0,0.0,0.03999999999997247,0.0,0,Raigad,Maharashtra
2024-02-16,0.0,0.0,0.0,0.0,0.0,0,Raigad,Maharashtra
2024-02-17,0.0,0.0,0.0,0.0,0.0,0,Raigad,Maharashtra
2024-02-18,0.0,0.0,0.0,0.0,0.0,0,Raigad,Maharashtra
2024-02-19,0.0,0.0,0.0,0.0,0.0,0,Raigad,Maharashtra
2024-02-20,0.0,0.0,0.0,0.0,0.0,0,Raigad,Maharashtra
2024-02-21,0.0,0.0,0.0,0.0,0.0,0,Raigad,Maharashtra
2024-02-22,0.0,0.0,0.0,0.0,0.0,0,Raigad,Maharashtra
2024-02-23,0.0,0.0,0.0,0.0,0.0,0,Raigad,Maharashtra
2024-02-24,0.0,0.0,0.0,0.0,0.0,0,Raigad,Maharashtra
2024-02-25,0.0,0.0,0.0,0.0,0.0,0,Raigad,Maharashtra
2024-02-26,0.0,0.0,0.0,0.0,0.0,0,Raigad,Maharashtra
2024-02-27,0.01,0.010000000000028422,0.009999999999943157,0.009999999999972467,0.01,0,Raigad,Maharashtra
2024-02-28,0.01,0.020000000000028422,0.019999999999943157,0.019999999999972467,0.01,0,Raigad,Maharashtra
2024-02-29,0.34,0.36000000000002846,0.3599999999999432,0.3599999999999725,0.34,0,Raigad,Maharashtra
2024-03-01,0.96,1.3100000000000285,1.3199999999999432,1.3199999999999725,0.96,0,Raigad,Maharashtra
2024-03-02,0.41,1.7100000000000284,1.7299999999999431,1.7299999999999724,0.96,0,Raigad,Maharashtra
2024-03-03,0.07,1.4400000000000284,1.7999999999999432,1.7999999999999725,0.96,0,Raigad,Maharashtra
2024-03-04,0.0,0.4800000000000284,1.7999999999999432,1.7999999999999725,0.41,0,Raigad,Maharashtra
2024-03-05,0.0,0.07000000000002843,1.7899999999999432,1.7999999999999725,0.07,0,Raigad,Maharashtra
2024-03-06,0.0,0.0,1.7799999999999432,1.7999999999999725,0.0,0,Raigad,Maharashtra
2024-03-07,0.0,0.0,1.439999999999943,1.7999999999999725,0.0,0,Raigad,Maharashtra
2024-03-08,0.0,0.0,0.47999999999994314,1.7999999999999725,0.0,0,Raigad,Maharashtra
2024-03-09,0.0,0.0,0.06999999999994316,1.7999999999999725,0.0,0,Raigad,Maharashtra
2024-03-10,0.0,0.0,0.0,1.7999999999999725,0.0,0,Raigad,Maharashtra
2024-03-11,0.02,0.020000000000028422,0.019999999999943157,1.8199999999999725,0.02,0,Raigad,Maharashtra
2024-03-12,0.03,0.050000000000028424,0.04999999999994316,1.8499999999999726,0.03,0,Raigad,Maharashtra
2024-03-13,0.0,0.050000000000028424,0.04999999999994316,1.8399999999999725,0.03,0,Raigad,Maharashtra
2024-03-14,0.0,0.03000000000002842,0.04999999999994316,1.8299999999999725,0.03,0,Raigad,Maharashtra
2024-03-15,0.0,0.0,0.04999999999994316,1.4899999999999725,0.0,0,Raigad,Maharashtra
2024-03-16,0.0,0.0,0.04999999999994316,0.5299999999999725,0.0,0,Raigad,Maharashtra
2024-03-17,0.0,0.0,0.04999999999994316,0.11999999999997248,0.0,0,Raigad,Maharashtra
2024-03-18,0.0,0.0,0.029999999999943155,0.04999999999997247,0.0,0,Raigad,Maharashtra
2024-03-19,0.04,0.04000000000002842,0.03999999999994316,0.08999999999997246,0.04,0,Raigad,Maharashtra
2024-03-20,0.02,0.06000000000002842,0.059999999999943154,0.10999999999997247,0.04,0,Raigad,Maharashtra
2024-03-21,0.05,0.11000000000002842,0.10999999999994316,0.15999999999997247,0.05,0,Raigad,Maharashtra
2024-03-22,0.1,0.17000000000002843,0.20999999999994318,0.2599999999999725,0.1,0,Raigad,Maharashtra
2024-03-23,0.01,0.16000000000002843,0.21999999999994316,0.2699999999999725,0.1,0,Raigad,Maharashtra
2024-03-24,0.0,0.11000000000002842,0.21999999999994316,0.2699999999999725,0.1,0,Raigad,Maharashtra
2024-03-25,0.0,0.010000000000028422,0.21999999999994316,0.2699999999999725,0.01,0,Raigad,Maharashtra
2024-03-26,0.01,0.010000000000028422,0.18999999999994316,0.2599999999999725,0.01,0,Raigad,Maharashtra
2024-03-27,0.03,0.04000000000002842,0.19999999999994317,0.2599999999999725,0.03,0,Raigad,Maharashtra
2024-03-28,0.02,0.06000000000002842,0.16999999999994317,0.2799999999999725,0.03,0,Raigad,Maharashtra
2024-03-29,0.22,0.27000000000002844,0.28999999999994314,0.49999999999997247,0.22,0,Raigad,Maharashtra
2024-03-30,0.03,0.27000000000002844,0.30999999999994315,0.5299999999999725,0.22,0,Raigad,Maharashtra
2024-03-31,0.01,0.2600000000000284,0.31999999999994316,0.5399999999999725,0.22,0,Raigad,Maharashtra
2024-04-01,0.0,0.04000000000002842,0.31999999999994316,0.5399999999999725,0.03,0,Raigad,Maharashtra
2024-04-02,0.0,0.010000000000028422,0.30999999999994315,0.5399999999999725,0.01,0,Raigad,Maharashtra
2024-04-03,0.0,0.0,0.2799999999999432,0.49999999999997247,0.0,0,Raigad,Maharashtra
2024-04-04,0.0,0.0,0.25999999999994317,0.4799999999999725,0.0,0,Raigad,Maharashtra
2024-04-05,0.27,0.27000000000002844,0.3099999999999432,0.6999999999999725,0.27,0,Raigad,Maharashtra
2024-04-06,0.47,0.7400000000000284,0.7499999999999432,1.0699999999999725,0.47,0,Raigad,Maharashtra
2024-04-07,0.0,0.7400000000000284,0.7399999999999431,1.0599999999999725,0.47,0,Raigad,Maharashtra
2024-04-08,0.0,0.4700000000000284,0.7399999999999431,1.0599999999999725,0.47,0,Raigad,Maharashtra
2024-04-09,0.0,0.0,0.7399999999999431,1.0599999999999725,0.0,0,Raigad,Maharashtra
2024-04-10,0.0,0.0,0.7399999999999431,1.0499999999999725,0.0,0,Raigad,Maharashtra
2024-04-11,0.0,0.0,0.7399999999999431,1.0199999999999725,0.0,0,Raigad,Maharashtra
2024-04-12,0.01,0.010000000000028422,0.4799999999999432,1.0099999999999725,0.01,0,Raigad,Maharashtra
2024-04-13,0.0,0.010000000000028422,0.009999999999943212,0.7899999999999725,0.01,0,Raigad,Maharashtra
2024-04-14,0.01,0.020000000000028422,0.019999999999943213,0.7699999999999725,0.01,0,Raigad,Maharashtra
2024-04-15,0.04,0.050000000000028424,0.05999999999994321,0.7999999999999725,0.04,0,Raigad,Maharashtra
2024-04-16,0.02,0.07000000000002843,0.07999999999994321,0.8199999999999724,0.04,0,Raigad,Maharashtra
2024-04-17,0.02,0.08000000000002842,0.09999999999994322,0.8399999999999724,0.04,0,Raigad,Maharashtra
2024-04-18,0.09,0.13000000000002843,0.18999999999994321,0.9299999999999724,0.09,0,Raigad,Maharashtra
2024-04-19,0.06,0.1700000000000284,0.2399999999999432,0.9899999999999725,0.09,0,Raigad,Maharashtra
2024-04-20,0.68,0.8300000000000285,0.9199999999999433,1.3999999999999724,0.68,0,Raigad,Maharashtra
2024-04-21,1.09,1.8300000000000285,1.9999999999999432,2.019999999999973,1.09,0,Raigad,Maharashtra
2024-04-22,0.35,2.1200000000000285,2.309999999999943,2.3699999999999726,1.09,0,Raigad,Maharashtra
2024-04-23,0.01,1.4500000000000284,2.299999999999943,2.379999999999973,1.09,0,Raigad,Maharashtra
2024-04-24,0.45,0.8100000000000287,2.729999999999943,2.8299999999999725,0.45,0,Raigad,Maharashtra
2024-04-25,0.33,0.7900000000000287,2.9699999999999434,3.1599999999999726,0.45,0,Raigad,Maharashtra
2024-04-26,0.48,1.2600000000000287,3.3899999999999433,3.6399999999999726,0.48,0,Raigad,Maharashtra
2024-04-27,0.21,1.0200000000000287,2.919999999999943,3.8399999999999728,0.48,0,Raigad,Maharashtra
2024-04-28,0.08,0.7700000000000287,1.909999999999943,3.919999999999973,0.48,0,Raigad,Maharashtra
2024-04-29,0.02,0.31000000000002864,1.5799999999999432,3.9299999999999726,0.21,0,Raigad,Maharashtra
2024-04-30,0.06,0.16000000000002865,1.6299999999999433,3.9499999999999726,0.08,0,Raigad,Maharashtra
2024-05-01,0.0,0.08000000000002865,1.179999999999943,3.9299999999999726,0.06,0,Raigad,Maharashtra
2024-05-02,0.0,0.06000000000002864,0.8499999999999431,3.9099999999999726,0.06,0,Raigad,Maharashtra
2024-05-03,0.0,0.0,0.36999999999994315,3.8199999999999728,0.0,0,Raigad,Maharashtra
2024-05-04,0.02,0.020000000000028644,0.17999999999994315,3.7799999999999727,0.02,0,Raigad,Maharashtra
2024-05-05,0.1,0.12000000000002865,0.19999999999994317,3.1999999999999726,0.1,0,Raigad,Maharashtra
2024-05-06,0.13,0.25000000000002864,0.3099999999999432,2.2399999999999727,0.13,0,Raigad,Maharashtra
2024-05-07,0.09,0.32000000000002865,0.3399999999999432,1.9799999999999727,0.13,0,Raigad,Maharashtra
2024-05-08,0.26,0.4800000000000286,0.5999999999999432,2.229999999999973,0.26,0,Raigad,Maharashtra
2024-05-09,0.25,0.6000000000000286,0.8499999999999432,2.0299999999999727,0.26,0,Raigad,Maharashtra
2024-05-10,1.7,2.2100000000000284,2.549999999999943,3.3999999999999724,1.7,0,Raigad,Maharashtra
2024-05-11,7.84,9.790000000000028,10.369999999999942,10.759999999999973,7.84,0,Raigad,Maharashtra
2024-05-12,9.11,18.650000000000027,19.379999999999942,19.659999999999975,9.11,0,Raigad,Maharashtra
2024-05-13,3.19,20.14000000000003,22.439999999999944,22.76999999999997,9.11,0,Raigad,Maharashtra
2024-05-14,5.64,17.940000000000026,27.989999999999945,28.389999999999972,9.11,0,Raigad,Maharashtra
2024-05-15,8.07,16.900000000000027,35.79999999999994,36.39999999999998,8.07,0,Raigad,Maharashtra
2024-05-16,3.09,16.80000000000003,38.639999999999944,39.489999999999974,8.07,0,Raigad,Maharashtra
2024-05-17,1.67,12.830000000000028,38.60999999999994,41.159999999999975,8.07,0,Raigad,Maharashtra
2024-05-18,1.11,5.8700000000000285,31.879999999999942,42.269999999999975,3.09,0,Raigad,Maharashtra
2024-05-19,1.89,4.670000000000028,24.659999999999943,44.13999999999997,1.89,0,Raigad,Maharashtra
2024-05-20,2.96,5.960000000000028,24.429999999999943,46.99999999999998,2.96,0,Raigad,Maharashtra
2024-05-21,1.89,6.740000000000028,20.679999999999943,48.75999999999998,2.96,0,Raigad,Maharashtra
2024-05-22,2.24,7.090000000000028,14.849999999999943,50.90999999999997,2.96,0,Raigad,Maharashtra
2024-05-23,0.79,4.920000000000028,12.549999999999944,51.43999999999997,2.24,0,Raigad,Maharashtra
2024-05-24,0.19,3.2200000000000286,11.069999999999943,51.379999999999974,2.24,0,Raigad,Maharashtra
2024-05-25,0.28,1.2600000000000284,10.239999999999943,49.95999999999998,0.79,0,Raigad,Maharashtra
2024-05-26,0.27,0.7400000000000284,8.619999999999942,42.38999999999997,0.28,0,Raigad,Maharashtra
2024-05-27,0.06,0.6100000000000285,5.719999999999943,33.339999999999975,0.28,0,Raigad,Maharashtra
2024-05-28,0.07,0.40000000000002844,3.8999999999999435,30.21999999999997,0.27,0,Raigad,Maharashtra
2024-05-29,0.13,0.26000000000002843,1.7899999999999432,24.709999999999972,0.13,0,Raigad,Maharashtra
2024-05-30,0.14,0.34000000000002845,1.1399999999999433,16.779999999999973,0.14,0,Raigad,Maharashtra
2024-05-31,0.29,0.5600000000000285,1.2399999999999434,13.979999999999974,0.29,0,Raigad,Maharashtra
2024-06-01,0.53,0.9600000000000285,1.4899999999999434,12.839999999999973,0.53,1,Raigad,Maharashtra
2024-06-02,0.99,1.8100000000000285,2.209999999999943,12.719999999999974,0.99,1,Raigad,Maharashtra
2024-06-03,5.77,7.290000000000028,7.919999999999943,16.599999999999973,5.77,1,Raigad,Maharashtra
2024-06-04,8.12,14.880000000000027,15.969999999999942,21.75999999999997,8.12,1,Raigad,Maharashtra
2024-06-05,4.9,18.790000000000028,20.739999999999945,24.76999999999997,8.12,1,Raigad,Maharashtra
2024-06-06,6.17,19.190000000000026,26.769999999999943,28.699999999999974,8.12,1,Raigad,Maharashtra
2024-06-07,4.88,15.950000000000028,31.359999999999943,32.78999999999997,6.17,1,Raigad,Maharashtra
2024-06-08,22.04,33.090000000000025,52.86999999999994,54.63999999999997,22.04,1,Raigad,Maharashtra
2024-06-09,34.02,60.940000000000026,85.89999999999995,88.37999999999998,34.02,1,Raigad,Maharashtra
2024-06-10,20.34,76.40000000000003,100.46999999999994,108.44999999999999,34.02,1,Raigad,Maharashtra
2024-06-11,7.74,62.10000000000002,100.08999999999995,116.12999999999998,34.02,1,Raigad,Maharashtra
2024-06-12,7.6,35.68000000000003,102.78999999999995,123.65999999999997,20.34,1,Raigad,Maharashtra
2024-06-13,17.33,32.67000000000003,113.94999999999995,140.85999999999999,17.33,1,Raigad,Maharashtra
2024-06-14,15.1,40.03000000000002,124.16999999999993,155.81999999999996,17.33,1,Raigad,Maharashtra
2024-06-15,4.92,37.35000000000002,107.04999999999994,160.44999999999996,17.33,1,Raigad,Maharashtra
2024-06-16,3.65,23.670000000000027,76.67999999999995,163.56999999999996,15.1,1,Raigad,Maharashtra
2024-06-17,4.16,12.730000000000029,60.49999999999994,166.73999999999998,4.92,1,Raigad,Maharashtra
2024-06-18,16.59,24.400000000000027,69.34999999999994,177.55999999999997,16.59,1,Raigad,Maharashtra
2024-06-19,17.16,37.91000000000003,78.90999999999994,186.59999999999997,17.16,1,Raigad,Maharashtra
2024-06-20,24.16,57.910000000000025,85.73999999999995,205.85999999999996,24.16,1,Raigad,Maharashtra
2024-06-21,13.24,54.56000000000003,83.87999999999995,212.92999999999998,24.16,1,Raigad,Maharashtra
2024-06-22,17.8,55.20000000000004,96.75999999999995,225.85,24.16,1,Raigad,Maharashtra
2024-06-23,11.25,42.290000000000035,104.35999999999994,215.06,17.8,1,Raigad,Maharashtra
2024-06-24,11.55,40.60000000000004,111.74999999999994,192.58999999999997,17.8,1,Raigad,Maharashtra
2024-06-25,9.09,31.890000000000036,104.24999999999994,181.33999999999997,11.55,1,Raigad,Maharashtra
2024-06-26,30.23,50.87000000000003,117.31999999999995,203.82999999999998,30.23,1,Raigad,Maharashtra
2024-06-27,34.02,73.34000000000005,127.17999999999994,230.25,34.02,1,Raigad,Maharashtra
2024-06-28,39.88,104.13000000000005,153.81999999999994,252.8,39.88,1,Raigad,Maharashtra
2024-06-29,19.38,93.28000000000004,155.39999999999992,257.08,39.88,1,Raigad,Maharashtra
2024-06-30,13.74,73.00000000000004,157.88999999999993,265.9,39.88,1,Raigad,Maharashtra
2024-07-01,19.98,53.100000000000044,166.31999999999994,282.23,19.98,1,Raigad,Maharashtra
2024-07-02,26.57,60.29000000000004,183.79999999999995,304.64,26.57,1,Raigad,Maharashtra
2024-07-03,7.02,53.57000000000005,160.58999999999995,295.06999999999994,26.57,1,Raigad,Maharashtra
2024-07-04,12.96,46.55000000000004,139.52999999999994,290.87,26.57,1,Raigad,Maharashtra
2024-07-05,16.2,36.18000000000004,115.84999999999995,282.90999999999997,16.2,1,Raigad,Maharashtra
2024-07-06,30.93,60.090000000000046,127.39999999999995,300.6,30.93,1,Raigad,Maharashtra
2024-07-07,43.6,90.73000000000005,157.25999999999993,326.4,43.6,1,Raigad,Maharashtra
2024-07-08,48.57,123.10000000000004,185.84999999999994,363.72,48.57,1,Raigad,Maharashtra
2024-07-09,39.09,131.26000000000005,198.36999999999995,391.26,48.57,1,Raigad,Maharashtra
2024-07-10,13.46,101.12000000000003,204.80999999999995,395.63,48.57,1,Raigad,Maharashtra
2024-07-11,7.9,60.45000000000004,199.74999999999994,373.3,39.09,1,Raigad,Maharashtra
2024-07-12,87.8,109.16000000000003,271.34999999999997,427.08,87.8,1,Raigad,Maharashtra
2024-07-13,84.46,180.16000000000003,324.87999999999994,471.65999999999997,87.8,1,Raigad,Maharashtra
2024-07-14,54.48,226.74,335.75999999999993,506.76,87.8,1,Raigad,Maharashtra
2024-07-15,30.16,169.10000000000002,317.3499999999999,523.18,84.46,1,Raigad,Maharashtra
2024-07-16,17.04,101.68000000000004,295.29999999999995,520.24,54.48,1,Raigad,Maharashtra
2024-07-17,37.9,85.10000000000005,319.7399999999999,531.57,37.9,1,Raigad,Maharashtra
2024-07-18,48.81,103.75000000000006,360.65,573.36,48.81,1,Raigad,Maharashtra
2024-07-19,43.8,130.51000000000005,316.6499999999999,604.2,48.81,1,Raigad,Maharashtra
2024-07-20,75.79,168.40000000000003,307.97999999999996,663.79,75.79,1,Raigad,Maharashtra
2024-07-21,70.18,189.77000000000004,323.67999999999995,703.04,75.79,1,Raigad,Maharashtra
2024-07-22,61.16,207.13000000000005,354.67999999999995,720.6,75.79,1,Raigad,Maharashtra
2024-07-23,54.6,185.94000000000005,392.23999999999995,726.63,70.18,1,Raigad,Maharashtra
2024-07-24,62.5,178.26000000000005,416.8399999999999,750.04,62.5,1,Raigad,Maharashtra
2024-07-25,131.91,249.01000000000005,499.93999999999994,868.49,131.91,1,Raigad,Maharashtra
2024-07-26,28.68,223.09000000000006,484.81999999999994,889.27,131.91,1,Raigad,Maharashtra
2024-07-27,18.87,179.46000000000006,427.8999999999999,820.34,131.91,1,Raigad,Maharashtra
2024-07-28,28.24,75.79000000000005,385.9599999999999,764.12,28.68,1,Raigad,Maharashtra
2024-07-29,35.36,82.47000000000006,360.15999999999997,745.0,35.36,1,Raigad,Maharashtra
2024-07-30,31.35,94.95000000000005,336.90999999999997,746.19,35.36,1,Raigad,Maharashtra
2024-07-31,23.43,90.14000000000006,297.8399999999999,752.5799999999999,35.36,1,Raigad,Maharashtra
2024-08-01,30.19,84.97000000000006,196.11999999999995,744.87,31.35,1,Raigad,Maharashtra
2024-08-02,31.47,85.09000000000006,198.90999999999994,727.53,31.47,1,Raigad,Maharashtra
2024-08-03,76.59,138.25000000000006,256.62999999999994,760.3199999999999,76.59,1,Raigad,Maharashtra
2024-08-04,34.39,142.45000000000005,262.78,718.92,76.59,1,Raigad,Maharashtra
2024-08-05,17.2,128.18000000000006,244.61999999999995,665.94,76.59,1,Raigad,Maharashtra
2024-08-06,14.86,66.45000000000006,228.12999999999994,619.64,34.39,1,Raigad,Maharashtra
2024-08-07,12.21,44.27000000000005,216.90999999999994,577.25,17.2,1,Raigad,Maharashtra
2024-08-08,9.79,36.860000000000056,196.50999999999993,524.54,14.86,1,Raigad,Maharashtra
2024-08-09,10.42,32.42000000000006,175.45999999999995,403.04999999999995,12.21,1,Raigad,Maharashtra
2024-08-10,8.95,29.160000000000053,107.81999999999994,383.32000000000005,10.42,1,Raigad,Maharashtra
2024-08-11,7.02,26.390000000000057,80.44999999999995,371.47,10.42,1,Raigad,Maharashtra
2024-08-12,3.13,19.100000000000055,66.37999999999994,346.36,8.95,1,Raigad,Maharashtra
2024-08-13,1.97,12.120000000000056,53.48999999999994,312.97,7.02,1,Raigad,Maharashtra
2024-08-14,0.78,5.880000000000057,42.059999999999945,282.4,3.13,1,Raigad,Maharashtra
2024-08-15,1.1,3.850000000000057,33.36999999999994,260.07000000000005,1.97,1,Raigad,Maharashtra
2024-08-16,3.18,5.060000000000057,26.129999999999946,233.06,3.18,1,Raigad,Maharashtra
2024-08-17,20.31,24.590000000000057,37.48999999999994,221.9,20.31,1,Raigad,Maharashtra
2024-08-18,53.05,76.54000000000005,83.51999999999994,198.35999999999999,53.05,1,Raigad,Maharashtra
2024-08-19,13.96,87.32000000000005,94.34999999999994,177.92999999999998,53.05,1,Raigad,Maharashtra
2024-08-20,3.6,70.61000000000006,95.97999999999993,164.32999999999998,53.05,1,Raigad,Maharashtra
2024-08-21,3.94,21.500000000000057,99.13999999999994,153.41,13.96,1,Raigad,Maharashtra
2024-08-22,7.15,14.690000000000058,105.18999999999994,148.35,7.15,1,Raigad,Maharashtra
2024-08-23,13.53,24.620000000000054,115.53999999999994,152.09,13.53,1,Raigad,Maharashtra
2024-08-24,92.32,113.00000000000004,187.54999999999993,233.98999999999998,92.32,1,Raigad,Maharashtra
2024-08-25,37.16,143.01000000000005,171.65999999999994,262.2,92.32,1,Raigad,Maharashtra
2024-08-26,31.81,161.29000000000002,189.50999999999993,286.98999999999995,92.32,1,Raigad,Maharashtra
2024-08-27,21.39,90.36000000000004,207.29999999999993,305.25,37.16,1,Raigad,Maharashtra
2024-08-28,16.53,69.73000000000005,219.8899999999999,319.80999999999995,31.81,1,Raigad,Maharashtra
2024-08-29,8.51,46.43000000000004,221.24999999999994,327.53999999999996,21.39,1,Raigad,Maharashtra
2024-08-30,6.52,31.560000000000045,214.23999999999992,332.96,16.53,1,Raigad,Maharashtra
2024-08-31,3.53,18.56000000000004,125.44999999999995,333.31,8.51,1,Raigad,Maharashtra
2024-09-01,3.79,13.840000000000042,92.07999999999994,316.79,6.52,1,Raigad,Maharashtra
2024-09-02,19.42,26.740000000000045,79.68999999999994,283.15999999999997,19.42,1,Raigad,Maharashtra
2024-09-03,25.21,48.420000000000044,83.50999999999993,294.40999999999997,25.21,1,Raigad,Maharashtra
2024-09-04,14.5,59.130000000000045,81.47999999999993,305.31,25.21,1,Raigad,Maharashtra
2024-09-05,19.11,58.82000000000004,92.07999999999996,320.48,25.21,1,Raigad,Maharashtra
2024-09-06,12.37,45.98000000000004,97.92999999999994,325.7,19.11,1,Raigad,Maharashtra
2024-09-07,13.31,44.79000000000004,107.70999999999994,325.48,19.11,1,Raigad,Maharashtra
2024-09-08,6.37,32.05000000000004,110.28999999999995,239.53,13.31,1,Raigad,Maharashtra
2024-09-09,9.16,28.840000000000046,100.02999999999994,211.53,13.31,1,Raigad,Maharashtra
2024-09-10,8.63,24.160000000000046,83.44999999999993,188.35,9.16,1,Raigad,Maharashtra
2024-09-11,8.42,26.210000000000043,77.36999999999993,175.38000000000002,9.16,1,Raigad,Maharashtra
2024-09-12,5.41,22.460000000000043,63.669999999999945,164.26000000000002,8.63,1,Raigad,Maharashtra
2024-09-13,2.99,16.820000000000043,54.28999999999995,158.73999999999998,8.42,1,Raigad,Maharashtra
2024-09-14,7.88,16.280000000000044,48.85999999999994,160.10000000000002,7.88,1,Raigad,Maharashtra
2024-09-15,9.98,20.850000000000044,52.46999999999995,166.55,9.98,1,Raigad,Maharashtra
2024-09-16,3.26,21.12000000000004,46.56999999999994,166.01999999999998,9.98,1,Raigad,Maharashtra
2024-09-17,1.86,15.100000000000042,39.79999999999994,148.46,9.98,1,Raigad,Maharashtra
2024-09-18,0.81,5.930000000000042,32.18999999999995,124.06,3.26,1,Raigad,Maharashtra
2024-09-19,0.06,2.7300000000000426,26.839999999999943,109.61999999999999,1.86,1,Raigad,Maharashtra
2024-09-20,0.25,1.1200000000000427,24.099999999999945,90.75999999999999,0.81,1,Raigad,Maharashtra
2024-09-21,0.89,1.2000000000000426,17.109999999999943,79.28,0.89,1,Raigad,Maharashtra
2024-09-22,6.79,7.930000000000042,13.919999999999943,72.76,6.79,1,Raigad,Maharashtra
2024-09-23,19.4,27.08000000000004,30.059999999999942,85.78999999999999,19.4,1,Raigad,Maharashtra
2024-09-24,24.92,51.11000000000004,53.11999999999995,101.55000000000001,24.92,1,Raigad,Maharashtra
2024-09-25,60.79,105.11000000000004,113.09999999999994,153.71,60.79,1,Raigad,Maharashtra
2024-09-26,78.14,163.85000000000002,191.17999999999995,223.43,78.14,1,Raigad,Maharashtra
2024-09-27,34.89,173.82000000000005,225.81999999999994,252.91,78.14,1,Raigad,Maharashtra
2024-09-28,6.74,119.77000000000004,231.66999999999996,256.66,78.14,1,Raigad,Maharashtra
2024-09-29,1.79,43.420000000000044,226.66999999999993,250.57,34.89,1,Raigad,Maharashtra
2024-09-30,0.69,9.220000000000043,207.95999999999995,241.28,6.74,1,Raigad,Maharashtra
2024-10-01,1.11,3.5900000000000425,184.14999999999995,239.13000000000002,1.79,0,Raigad,Maharashtra
2024-10-02,3.98,5.780000000000043,127.33999999999995,241.25,3.98,0,Raigad,Maharashtra
2024-10-03,1.48,6.570000000000043,50.67999999999994,241.92,3.98,0,Raigad,Maharashtra
2024-10-04,0.37,5.830000000000043,16.159999999999943,242.23,3.98,0,Raigad,Maharashtra
2024-10-05,0.06,1.9100000000000426,9.479999999999944,242.04,1.48,0,Raigad,Maharashtra
2024-10-06,5.55,5.980000000000042,13.239999999999943,246.70000000000002,5.55,0,Raigad,Maharashtra
2024-10-07,0.78,6.390000000000042,13.329999999999943,240.69000000000003,5.55,0,Raigad,Maharashtra
2024-10-08,4.66,10.990000000000043,16.879999999999942,225.95000000000002,5.55,0,Raigad,Maharashtra
2024-10-09,6.49,11.930000000000042,19.389999999999944,207.51999999999998,6.49,0,Raigad,Maharashtra
2024-10-10,27.36,38.51000000000004,45.26999999999994,174.09,27.36,0,Raigad,Maharashtra
2024-10-11,15.02,48.87000000000003,59.919999999999945,110.97,27.36,0,Raigad,Maharashtra
2024-10-12,1.93,44.310000000000045,61.78999999999994,78.01,27.36,0,Raigad,Maharashtra
2024-10-13,20.58,37.53000000000004,76.81999999999994,91.85000000000001,20.58,0,Raigad,Maharashtra
2024-10-14,4.93,27.440000000000037,80.96999999999994,94.99,20.58,0,Raigad,Maharashtra
2024-10-15,11.14,36.650000000000034,87.44999999999995,105.44,20.58,0,Raigad,Maharashtra
2024-10-16,10.12,26.19000000000004,91.07999999999994,114.45,11.14,0,Raigad,Maharashtra
2024-10-17,4.32,25.58000000000004,68.03999999999994,114.78999999999999,11.14,0,Raigad,Maharashtra
2024-10-18,6.03,20.470000000000038,59.04999999999994,119.33999999999999,10.12,0,Raigad,Maharashtra
2024-10-19,4.72,15.07000000000004,61.83999999999994,123.69,6.03,0,Raigad,Maharashtra
2024-10-20,10.09,20.84000000000004,51.349999999999945,133.72,10.09,0,Raigad,Maharashtra
2024-10-21,1.66,16.470000000000038,48.07999999999994,129.82999999999998,10.09,0,Raigad,Maharashtra
2024-10-22,4.62,16.37000000000004,41.559999999999945,133.67,10.09,0,Raigad,Maharashtra
2024-10-23,2.39,8.670000000000039,33.82999999999995,131.4,4.62,0,Raigad,Maharashtra
2024-10-24,0.04,7.050000000000039,29.549999999999944,124.95,4.62,0,Raigad,Maharashtra
2024-10-25,0.01,2.440000000000039,23.529999999999944,97.6,2.39,0,Raigad,Maharashtra
2024-10-26,0.0,0.05000000000003908,18.809999999999945,82.58,0.04,0,Raigad,Maharashtra
2024-10-27,0.0,0.01000000000003908,8.719999999999944,80.64999999999999,0.01,0,Raigad,Maharashtra
2024-10-28,0.0,0.0,7.059999999999944,60.06999999999999,0.0,0,Raigad,Maharashtra
2024-10-29,0.59,0.590000000000039,3.0299999999999434,55.730000000000004,0.59,0,Raigad,Maharashtra
2024-10-30,0.61,1.200000000000039,1.2499999999999432,45.2,0.61,0,Raigad,Maharashtra
2024-10-31,0.22,1.420000000000039,1.429999999999943,35.3,0.61,0,Raigad,Maharashtra
2024-11-01,0.38,1.210000000000039,1.799999999999943,31.36,0.61,0,Raigad,Maharashtra
2024-11-02,0.0,0.6000000000000391,1.799999999999943,25.330000000000002,0.38,0,Raigad,Maharashtra
2024-11-03,0.0,0.3800000000000391,1.799999999999943,20.61,0.38,0,Raigad,Maharashtra
2024-11-04,0.0,0.0,1.799999999999943,10.52,0.0,0,Raigad,Maharashtra
2024-11-05,0.0,0.0,1.2099999999999431,8.86,0.0,0,Raigad,Maharashtra
2024-11-06,0.0,0.0,0.5999999999999431,4.24,0.0,0,Raigad,Maharashtra
2024-11-07,0.0,0.0,0.37999999999994316,1.85,0.0,0,Raigad,Maharashtra
2024-11-08,0.0,0.0,0.0,1.81,0.0,0,Raigad,Maharashtra
2024-11-09,0.0,0.0,0.0,1.7999999999999998,0.0,0,Raigad,Maharashtra
2024-11-10,0.0,0.0,0.0,1.7999999999999998,0.0,0,Raigad,Maharashtra
2024-11-11,0.0,0.0,0.0,1.7999999999999998,0.0,0,Raigad,Maharashtra
2024-11-12,0.0,0.0,0.0,1.7999999999999998,0.0,0,Raigad,Maharashtra
2024-11-13,0.0,0.0,0.0,1.21,0.0,0,Raigad,Maharashtra
2024-11-14,0.04,0.04000000000003908,0.03999999999994316,0.64,0.04,0,Raigad,Maharashtra
2024-11-15,1.56,1.6000000000000392,1.5999999999999432,1.98,1.56,0,Raigad,Maharashtra
2024-11-16,0.17,1.770000000000039,1.7699999999999432,1.77,1.56,0,Raigad,Maharashtra
2024-11-17,0.01,1.740000000000039,1.7799999999999432,1.78,1.56,0,Raigad,Maharashtra
2024-11-18,0.0,0.1800000000000391,1.7799999999999432,1.7799999999999998,0.17,0,Raigad,Maharashtra
2024-11-19,0.0,0.01000000000003908,1.7799999999999432,1.7799999999999998,0.01,0,Raigad,Maharashtra
2024-11-20,0.0,0.0,1.7799999999999432,1.7799999999999998,0.0,0,Raigad,Maharashtra
2024-11-21,0.0,0.0,1.7399999999999431,1.7799999999999998,0.0,0,Raigad,Maharashtra
2024-11-22,0.0,0.0,0.17999999999994318,1.7799999999999998,0.0,0,Raigad,Maharashtra
2024-11-23,0.0,0.0,0.009999999999943157,1.7799999999999998,0.0,0,Raigad,Maharashtra
2024-11-24,0.0,0.0,0.0,1.7799999999999998,0.0,0,Raigad,Maharashtra
2024-11-25,0.0,0.0,0.0,1.7799999999999998,0.0,0,Raigad,Maharashtra
2024-11-26,0.0,0.0,0.0,1.7799999999999998,0.0,0,Raigad,Maharashtra
2024-11-27,0.0,0.0,0.0,1.7799999999999998,0.0,0,Raigad,Maharashtra
2024-11-28,0.0,0.0,0.0,1.7799999999999998,0.0,0,Raigad,Maharashtra
2024-11-29,0.0,0.0,0.0,1.74,0.0,0,Raigad,Maharashtra
2024-11-30,0.0,0.0,0.0,0.18000000000000002,0.0,0,Raigad,Maharashtra
2024-12-01,0.02,0.02000000000003908,0.019999999999943157,0.03,0.02,0,Raigad,Maharashtra
2024-12-02,0.44,0.4600000000000391,0.4599999999999432,0.46,0.44,0,Raigad,Maharashtra
2024-12-03,1.64,2.100000000000039,2.0999999999999432,2.1,1.64,0,Raigad,Maharashtra
2024-12-04,1.42,3.500000000000039,3.5199999999999427,3.5199999999999996,1.64,0,Raigad,Maharashtra
2024-12-05,0.23,3.290000000000039,3.749999999999943,3.75,1.64,0,Raigad,Maharashtra
2024-12-06,0.05,1.700000000000039,3.799999999999943,3.8,1.42,0,Raigad,Maharashtra
2024-12-07,0.0,0.2800000000000391,3.799999999999943,3.8,0.23,0,Raigad,Maharashtra
2024-12-08,0.0,0.05000000000003908,3.779999999999943,3.8,0.05,0,Raigad,Maharashtra
2024-12-09,0.0,0.0,3.339999999999943,3.8,0.0,0,Raigad,Maharashtra
2024-12-10,0.0,0.0,1.6999999999999431,3.8,0.0,0,Raigad,Maharashtra
2024-12-11,0.0,0.0,0.2799999999999432,3.8,0.0,0,Raigad,Maharashtra
2024-12-12,0.0,0.0,0.04999999999994316,3.8,0.0,0,Raigad,Maharashtra
2024-12-13,0.0,0.0,0.0,3.8,0.0,0,Raigad,Maharashtra
2024-12-14,0.08,0.08000000000003908,0.07999999999994316,3.88,0.08,0,Raigad,Maharashtra
2024-12-15,0.27,0.3500000000000391,0.3499999999999432,4.1499999999999995,0.27,0,Raigad,Maharashtra
2024-12-16,0.0,0.3500000000000391,0.3499999999999432,4.13,0.27,0,Raigad,Maharashtra
2024-12-17,0.0,0.2700000000000391,0.3499999999999432,3.69,0.27,0,Raigad,Maharashtra
2024-12-18,0.0,0.0,0.3499999999999432,2.05,0.0,0,Raigad,Maharashtra
2024-12-19,0.0,0.0,0.3499999999999432,0.63,0.0,0,Raigad,Maharashtra
2024-12-20,0.0,0.0,0.3499999999999432,0.4,0.0,0,Raigad,Maharashtra
2024-12-21,0.0,0.0,0.2699999999999432,0.35,0.0,0,Raigad,Maharashtra
2024-12-22,0.01,0.01000000000003908,0.009999999999943157,0.36,0.01,0,Raigad,Maharashtra
2024-12-23,0.02,0.03000000000003908,0.029999999999943155,0.38,0.02,0,Raigad,Maharashtra
2024-12-24,0.0,0.030000000000039082,0.02999999999994316,0.38,0.02,0,Raigad,Maharashtra
2024-12-25,0.0,0.020000000000039084,0.02999999999994316,0.38,0.02,0,Raigad,Maharashtra
2024-12-26,0.0,0.0,0.02999999999994316,0.38,0.0,0,Raigad,Maharashtra
2024-12-27,0.03,0.03000000000003908,0.059999999999943154,0.41,0.03,0,Raigad,Maharashtra
2024-12-28,0.55,0.5800000000000392,0.6099999999999433,0.96,0.55,0,Raigad,Maharashtra
2024-12-29,0.04,0.6200000000000392,0.6399999999999433,0.92,0.55,0,Raigad,Maharashtra
2024-12-30,0.0,0.5900000000000392,0.6199999999999433,0.65,0.55,0,Raigad,Maharashtra
2024-12-31,0.0,0.04000000000003908,0.6199999999999433,0.65,0.04,0,Raigad,Maharashtra
