,rain_1d,rain_3d,rain_7d,rain_15d,rain_max3d,is_monsoon,district,state
2015-01-01,0.24,0.24,0.24,0.24,0.24,0,Ratnagiri,Maharashtra
2015-01-02,0.02,0.26,0.26,0.26,0.24,0,Ratnagiri,Maharashtra
2015-01-03,0.01,0.27,0.27,0.27,0.24,0,Ratnagiri,Maharashtra
2015-01-04,0.01,0.04,0.27999999999999997,0.27999999999999997,0.02,0,Ratnagiri,Maharashtra
2015-01-05,0.0,0.02,0.27999999999999997,0.27999999999999997,0.01,0,Ratnagiri,Maharashtra
2015-01-06,0.0,0.01,0.27999999999999997,0.27999999999999997,0.01,0,Ratnagiri,Maharashtra
2015-01-07,0.0,0.0,0.27999999999999997,0.27999999999999997,0.0,0,Ratnagiri,Maharashtra
2015-01-08,0.0,0.0,0.04,0.27999999999999997,0.0,0,Ratnagiri,Maharashtra
2015-01-09,0.0,0.0,0.02,0.27999999999999997,0.0,0,Ratnagiri,Maharashtra
2015-01-10,0.0,0.0,0.01,0.27999999999999997,0.0,0,Ratnagiri,Maharashtra
2015-01-11,0.0,0.0,0.0,0.27999999999999997,0.0,0,Ratnagiri,Maharashtra
2015-01-12,0.0,0.0,0.0,0.27999999999999997,0.0,0,Ratnagiri,Maharashtra
2015-01-13,0.0,0.0,0.0,0.27999999999999997,0.0,0,Ratnagiri,Maharashtra
2015-01-14,0.0,0.0,0.0,0.27999999999999997,0.0,0,Ratnagiri,Maharashtra
2015-01-15,0.0,0.0,0.0,0.27999999999999997,0.0,0,Ratnagiri,Maharashtra
2015-01-16,0.0,0.0,0.0,0.04,0.0,0,Ratnagiri,Maharashtra
2015-01-17,0.0,0.0,0.0,0.02,0.0,0,Ratnagiri,Maharashtra
2015-01-18,0.0,0.0,0.0,0.01,0.0,0,Ratnagiri,Maharashtra
2015-01-19,0.0,0.0,0.0,0.0,0.0,0,Ratnagiri,Maharashtra
2015-01-20,0.0,0.0,0.0,0.0,0.0,0,Ratnagiri,Maharashtra
2015-01-21,0.0,0.0,0.0,0.0,0.0,0,Ratnagiri,Maharashtra
2015-01-22,0.03,0.03,0.03,0.03,0.03,0,Ratnagiri,Maharashtra
2015-01-23,0.0,0.03,0.03,0.03,0.03,0,Ratnagiri,Maharashtra
2015-01-24,0.0,0.03,0.03,0.03,0.03,0,Ratnagiri,Maharashtra
2015-01-25,0.0,0.0,0.03,0.03,0.0,0,Ratnagiri,Maharashtra
2015-01-26,0.01,0.01,0.04,0.04,0.01,0,Ratnagiri,Maharashtra
2015-01-27,0.0,0.01,0.04,0.04,0.01,0,Ratnagiri,Maharashtra
2015-01-28,0.0,0.01,0.04,0.04,0.01,0,Ratnagiri,Maharashtra
2015-01-29,0.0,0.0,0.01,0.04,0.0,0,Ratnagiri,Maharashtra
2015-01-30,0.0,0.0,0.01,0.04,0.0,0,Ratnagiri,Maharashtra
2015-01-31,0.0,0.0,0.01,0.04,0.0,0,Ratnagiri,Maharashtra
2015-02-01,0.0,0.0,0.01,0.04,0.0,0,Ratnagiri,Maharashtra
2015-02-02,0.0,0.0,0.0,0.04,0.0,0,Ratnagiri,Maharashtra
2015-02-03,0.0,0.0,0.0,0.04,0.0,0,Ratnagiri,Maharashtra
2015-02-04,0.0,0.0,0.0,0.04,0.0,0,Ratnagiri,Maharashtra
2015-02-05,0.0,0.0,0.0,0.04,0.0,0,Ratnagiri,Maharashtra
2015-02-06,0.0,0.0,0.0,0.01,0.0,0,Ratnagiri,Maharashtra
2015-02-07,0.0,0.0,0.0,0.01,0.0,0,Ratnagiri,Maharashtra
2015-02-08,0.0,0.0,0.0,0.01,0.0,0,Ratnagiri,Maharashtra
2015-02-09,0.0,0.0,0.0,0.01,0.0,0,Ratnagiri,Maharashtra
2015-02-10,0.0,0.0,0.0,0.0,0.0,0,Ratnagiri,Maharashtra
2015-02-11,0.0,0.0,0.0,0.0,0.0,0,Ratnagiri,Maharashtra
2015-02-12,0.0,0.0,0.0,0.0,0.0,0,Ratnagiri,Maharashtra
2015-02-13,0.0,0.0,0.0,0.0,0.0,0,Ratnagiri,Maharashtra
2015-02-14,0.0,0.0,0.0,0.0,0.0,0,Ratnagiri,Maharashtra
2015-02-15,0.0,0.0,0.0,0.0,0.0,0,Ratnagiri,Maharashtra
2015-02-16,0.0,0.0,0.0,0.0,0.0,0,Ratnagiri,Maharashtra
2015-02-17,0.0,0.0,0.0,0.0,0.0,0,Ratnagiri,Maharashtra
2015-02-18,0.0,0.0,0.0,0.0,0.0,0,Ratnagiri,Maharashtra
2015-02-19,0.0,0.0,0.0,0.0,0.0,0,Ratnagiri,Maharashtra
2015-02-20,0.0,0.0,0.0,0.0,0.0,0,Ratnagiri,Maharashtra
2015-02-21,0.0,0.0,0.0,0.0,0.0,0,Ratnagiri,Maharashtra
2015-02-22,0.0,0.0,0.0,0.0,0.0,0,Ratnagiri,Maharashtra
2015-02-23,0.0,0.0,0.0,0.0,0.0,0,Ratnagiri,Maharashtra
2015-02-24,0.0,0.0,0.0,0.0,0.0,0,Ratnagiri,Maharashtra
2015-02-25,0.0,0.0,0.0,0.0,0.0,0,Ratnagiri,Maharashtra
2015-02-26,0.0,0.0,0.0,0.0,0.0,0,Ratnagiri,Maharashtra
2015-02-27,0.0,0.0,0.0,0.0,0.0,0,Ratnagiri,Maharashtra
2015-02-28,1.8,1.8,1.8,1.8,1.8,0,Ratnagiri,Maharashtra
2015-03-01,14.3,16.1,16.1,16.1,14.3,0,Ratnagiri,Maharashtra
2015-03-02,0.61,16.71,16.71,16.71,14.3,0,Ratnagiri,Maharashtra
2015-03-03,0.0,14.91,16.71,16.71,14.3,0,Ratnagiri,Maharashtra
2015-03-04,0.0,0.61,16.71,16.71,0.61,0,Ratnagiri,Maharashtra
2015-03-05,0.0,0.0,16.71,16.71,0.0,0,Ratnagiri,Maharashtra
2015-03-06,0.0,0.0,16.71,16.71,0.0,0,Ratnagiri,Maharashtra
2015-03-07,0.0,0.0,14.91,16.71,0.0,0,Ratnagiri,Maharashtra
2015-03-08,0.0,0.0,0.61,16.71,0.0,0,Ratnagiri,Maharashtra
2015-03-09,0.0,0.0,0.0,16.71,0.0,0,Ratnagiri,Maharashtra
2015-03-10,0.22,0.22,0.22,16.93,0.22,0,Ratnagiri,Maharashtra
2015-03-11,0.7,0.9199999999999999,0.9199999999999999,17.630000000000003,0.7,0,Ratnagiri,Maharashtra
2015-03-12,0.13,1.0499999999999998,1.0499999999999998,17.76,0.7,0,Ratnagiri,Maharashtra
2015-03-13,0.11,0.94,1.16,17.87,0.7,0,Ratnagiri,Maharashtra
2015-03-14,0.28,0.52,1.44,18.150000000000002,0.28,0,Ratnagiri,Maharashtra
2015-03-15,0.23,0.62,1.67,16.580000000000002,0.28,0,Ratnagiri,Maharashtra
2015-03-16,0.02,0.53,1.69,2.3,0.28,0,Ratnagiri,Maharashtra
2015-03-17,0.0,0.25,1.47,1.6900000000000002,0.23,0,Ratnagiri,Maharashtra
2015-03-18,0.0,0.02,0.77,1.69,0.02,0,Ratnagiri,Maharashtra
2015-03-19,0.0,0.0,0.64,1.69,0.0,0,Ratnagiri,Maharashtra
2015-03-20,0.03,0.03,0.56,1.7199999999999998,0.03,0,Ratnagiri,Maharashtra
2015-03-21,0.11,0.14,0.39,1.8299999999999998,0.11,0,Ratnagiri,Maharashtra
2015-03-22,0.07,0.21000000000000002,0.23,1.9000000000000001,0.11,0,Ratnagiri,Maharashtra
2015-03-23,0.16,0.33999999999999997,0.37,2.06,0.16,0,Ratnagiri,Maharashtra
2015-03-24,0.16,0.39,0.53,2.2199999999999998,0.16,0,Ratnagiri,Maharashtra
2015-03-25,0.5,0.8200000000000001,1.03,2.5,0.5,0,Ratnagiri,Maharashtra
2015-03-26,0.69,1.35,1.72,2.49,0.69,0,Ratnagiri,Maharashtra
2015-03-27,1.17,2.3600000000000003,2.86,3.5300000000000002,1.17,0,Ratnagiri,Maharashtra
2015-03-28,0.29,2.15,3.04,3.71,1.17,0,Ratnagiri,Maharashtra
2015-03-29,0.21,1.6700000000000002,3.1799999999999997,3.64,1.17,0,Ratnagiri,Maharashtra
2015-03-30,0.17,0.6700000000000002,3.19,3.58,0.29,0,Ratnagiri,Maharashtra
2015-03-31,0.02,0.40000000000000024,3.05,3.58,0.21,0,Ratnagiri,Maharashtra
2015-04-01,0.0,0.19000000000000022,2.55,3.58,0.17,0,Ratnagiri,Maharashtra
2015-04-02,0.0,0.020000000000000222,1.8599999999999999,3.58,0.02,0,Ratnagiri,Maharashtra
2015-04-03,0.0,0.0,0.69,3.58,0.0,0,Ratnagiri,Maharashtra
2015-04-04,0.0,0.0,0.4,3.55,0.0,0,Ratnagiri,Maharashtra
2015-04-05,0.0,0.0,0.19,3.44,0.0,0,Ratnagiri,Maharashtra
2015-04-06,0.02,0.020000000000000222,0.04,3.39,0.02,0,Ratnagiri,Maharashtra
2015-04-07,0.29,0.3100000000000002,0.31,3.52,0.29,0,Ratnagiri,Maharashtra
2015-04-08,0.2,0.5100000000000002,0.51,3.5599999999999996,0.29,0,Ratnagiri,Maharashtra
2015-04-09,0.14,0.6300000000000002,0.65,3.1999999999999997,0.29,0,Ratnagiri,Maharashtra
2015-04-10,0.92,1.2600000000000002,1.57,3.4299999999999997,0.92,0,Ratnagiri,Maharashtra
2015-04-11,2.86,3.92,4.43,5.12,2.86,0,Ratnagiri,Maharashtra
2015-04-12,2.05,5.83,6.48,6.88,2.86,0,Ratnagiri,Maharashtra
2015-04-13,0.48,5.390000000000001,6.94,7.15,2.86,0,Ratnagiri,Maharashtra
2015-04-14,0.15,2.68,6.800000000000001,7.13,2.05,0,Ratnagiri,Maharashtra
2015-04-15,0.21,0.8400000000000004,6.8100000000000005,7.319999999999999,0.48,0,Ratnagiri,Maharashtra
2015-04-16,0.3,0.6600000000000004,6.97,7.619999999999999,0.3,0,Ratnagiri,Maharashtra
2015-04-17,0.09,0.6000000000000004,6.14,7.709999999999999,0.3,0,Ratnagiri,Maharashtra
2015-04-18,0.03,0.42000000000000043,3.31,7.739999999999999,0.3,0,Ratnagiri,Maharashtra
2015-04-19,0.02,0.14000000000000043,1.2800000000000005,7.76,0.09,0,Ratnagiri,Maharashtra
2015-04-20,0.03,0.08000000000000045,0.8300000000000004,7.789999999999999,0.03,0,Ratnagiri,Maharashtra
2015-04-21,0.19,0.24000000000000044,0.8700000000000003,7.96,0.19,0,Ratnagiri,Maharashtra
2015-04-22,0.16,0.38000000000000045,0.8200000000000004,7.83,0.19,0,Ratnagiri,Maharashtra
2015-04-23,0.12,0.4700000000000004,0.6400000000000005,7.75,0.19,0,Ratnagiri,Maharashtra
2015-04-24,0.09,0.37000000000000044,0.6400000000000003,7.7,0.16,0,Ratnagiri,Maharashtra
2015-04-25,0.0,0.21000000000000044,0.6100000000000003,6.78,0.12,0,Ratnagiri,Maharashtra
2015-04-26,0.0,0.09000000000000044,0.5900000000000005,3.92,0.09,0,Ratnagiri,Maharashtra
2015-04-27,0.12,0.12000000000000044,0.6800000000000004,1.99,0.12,0,Ratnagiri,Maharashtra
2015-04-28,0.14,0.26000000000000045,0.6300000000000004,1.65,0.14,0,Ratnagiri,Maharashtra
2015-04-29,0.19,0.45000000000000046,0.6600000000000004,1.69,0.19,0,Ratnagiri,Maharashtra
2015-04-30,0.15,0.4800000000000004,0.6900000000000004,1.6300000000000001,0.19,0,Ratnagiri,Maharashtra
2015-05-01,0.44,0.7800000000000005,1.0400000000000005,1.77,0.44,0,Ratnagiri,Maharashtra
2015-05-02,1.34,1.9300000000000006,2.380000000000001,3.02,1.34,0,Ratnagiri,Maharashtra
2015-05-03,0.82,2.6000000000000005,3.2000000000000006,3.81,1.34,0,Ratnagiri,Maharashtra
2015-05-04,0.44,2.6000000000000005,3.5200000000000005,4.23,1.34,0,Ratnagiri,Maharashtra
2015-05-05,2.45,3.710000000000001,5.830000000000001,6.65,2.45,0,Ratnagiri,Maharashtra
2015-05-06,2.66,5.550000000000001,8.3,9.120000000000001,2.66,0,Ratnagiri,Maharashtra
2015-05-07,0.16,5.2700000000000005,8.31,9.120000000000001,2.66,0,Ratnagiri,Maharashtra
2015-05-08,0.3,3.120000000000001,8.170000000000002,9.299999999999999,2.66,0,Ratnagiri,Maharashtra
2015-05-09,1.19,1.6500000000000008,8.020000000000001,10.399999999999999,1.19,0,Ratnagiri,Maharashtra
2015-05-10,0.88,2.370000000000001,8.08,11.28,1.19,0,Ratnagiri,Maharashtra
2015-05-11,2.21,4.280000000000001,9.850000000000001,13.489999999999998,2.21,0,Ratnagiri,Maharashtra
2015-05-12,3.02,6.110000000000001,10.42,16.39,3.02,0,Ratnagiri,Maharashtra
2015-05-13,2.8,8.030000000000001,10.559999999999999,19.05,3.02,0,Ratnagiri,Maharashtra
2015-05-14,1.65,7.470000000000001,12.049999999999999,20.509999999999998,3.02,0,Ratnagiri,Maharashtra
2015-05-15,7.24,11.690000000000001,18.990000000000002,27.6,7.24,0,Ratnagiri,Maharashtra
2015-05-16,4.03,12.920000000000002,21.83,31.189999999999998,7.24,0,Ratnagiri,Maharashtra
2015-05-17,0.29,11.560000000000002,21.24,30.139999999999997,7.24,0,Ratnagiri,Maharashtra
2015-05-18,0.18,4.500000000000001,19.21,29.5,4.03,0,Ratnagiri,Maharashtra
2015-05-19,0.08,0.5500000000000008,16.27,29.14,0.29,0,Ratnagiri,Maharashtra
2015-05-20,0.17,0.4300000000000009,13.64,26.860000000000003,0.18,0,Ratnagiri,Maharashtra
2015-05-21,0.05,0.3000000000000009,12.040000000000001,24.25,0.17,0,Ratnagiri,Maharashtra
2015-05-22,0.01,0.23000000000000087,4.8100000000000005,24.1,0.17,0,Ratnagiri,Maharashtra
2015-05-23,0.03,0.09000000000000088,0.8099999999999999,23.830000000000002,0.05,0,Ratnagiri,Maharashtra
2015-05-24,0.02,0.060000000000000886,0.54,22.66,0.03,0,Ratnagiri,Maharashtra
2015-05-25,0.01,0.060000000000000886,0.37,21.79,0.03,0,Ratnagiri,Maharashtra
2015-05-26,0.34,0.3700000000000009,0.63,19.919999999999998,0.34,0,Ratnagiri,Maharashtra
2015-05-27,0.36,0.7100000000000009,0.8200000000000001,17.259999999999998,0.36,0,Ratnagiri,Maharashtra
2015-05-28,0.28,0.9800000000000009,1.05,14.74,0.36,0,Ratnagiri,Maharashtra
2015-05-29,0.7,1.3400000000000007,1.74,13.790000000000001,0.7,0,Ratnagiri,Maharashtra
2015-05-30,1.54,2.520000000000001,3.25,8.09,1.54,0,Ratnagiri,Maharashtra
2015-05-31,1.81,4.050000000000001,5.04,5.87,1.81,0,Ratnagiri,Maharashtra
2015-06-01,1.08,4.4300000000000015,6.11,6.66,1.81,1,Ratnagiri,Maharashtra
2015-06-02,0.99,3.880000000000001,6.760000000000001,7.470000000000001,1.81,1,Ratnagiri,Maharashtra
2015-06-03,2.32,4.390000000000001,8.719999999999999,9.71,2.32,1,Ratnagiri,Maharashtra
2015-06-04,4.2,7.510000000000002,12.64,13.74,4.2,1,Ratnagiri,Maharashtra
2015-06-05,6.95,13.470000000000002,18.89,20.64,6.95,1,Ratnagiri,Maharashtra
2015-06-06,2.77,13.920000000000002,20.12,23.400000000000002,6.95,1,Ratnagiri,Maharashtra
2015-06-07,10.02,19.740000000000002,28.330000000000002,33.39,10.02,1,Ratnagiri,Maharashtra
2015-06-08,4.55,17.340000000000003,31.8,37.919999999999995,10.02,1,Ratnagiri,Maharashtra
2015-06-09,15.72,30.29,46.53,53.629999999999995,15.72,1,Ratnagiri,Maharashtra
2015-06-10,10.68,30.950000000000003,54.89,63.97,15.72,1,Ratnagiri,Maharashtra
2015-06-11,18.29,44.69,68.97999999999999,81.9,18.29,1,Ratnagiri,Maharashtra
2015-06-12,15.1,44.07,77.13,96.72,18.29,1,Ratnagiri,Maharashtra
2015-06-13,26.77,60.160000000000004,101.13,122.78999999999999,26.77,1,Ratnagiri,Maharashtra
2015-06-14,18.45,60.32000000000001,109.55999999999999,139.7,26.77,1,Ratnagiri,Maharashtra
2015-06-15,1.31,46.53,106.32,139.2,26.77,1,Ratnagiri,Maharashtra
2015-06-16,5.17,24.930000000000007,95.77,143.29000000000002,18.45,1,Ratnagiri,Maharashtra
2015-06-17,24.05,30.53000000000001,109.14,166.35,24.05,1,Ratnagiri,Maharashtra
2015-06-18,36.27,65.49000000000001,127.12,200.3,36.27,1,Ratnagiri,Maharashtra
2015-06-19,25.25,85.57000000000002,137.27,221.35,36.27,1,Ratnagiri,Maharashtra
2015-06-20,48.45,109.97000000000003,158.95,262.85,48.45,1,Ratnagiri,Maharashtra
2015-06-21,27.47,101.17000000000002,167.97000000000003,287.55,48.45,1,Ratnagiri,Maharashtra
2015-06-22,42.46,118.38000000000001,209.12,319.99,48.45,1,Ratnagiri,Maharashtra
2015-06-23,20.08,90.01,224.03,335.52000000000004,42.46,1,Ratnagiri,Maharashtra
2015-06-24,17.22,79.76,217.20000000000002,337.02,42.46,1,Ratnagiri,Maharashtra
2015-06-25,10.26,47.56,191.19,336.6,20.08,1,Ratnagiri,Maharashtra
2015-06-26,4.77,32.25000000000001,170.71,323.08000000000004,17.22,1,Ratnagiri,Maharashtra
2015-06-27,2.24,17.270000000000007,124.5,310.22,10.26,1,Ratnagiri,Maharashtra
2015-06-28,1.35,8.360000000000007,98.38,284.8,4.77,1,Ratnagiri,Maharashtra
2015-06-29,3.11,6.700000000000007,59.029999999999994,269.46,3.11,1,Ratnagiri,Maharashtra
2015-06-30,6.21,10.670000000000007,45.16,274.35999999999996,6.21,1,Ratnagiri,Maharashtra
2015-07-01,9.2,18.520000000000007,37.14,278.39000000000004,9.2,1,Ratnagiri,Maharashtra
2015-07-02,7.81,23.220000000000006,34.69,262.15000000000003,9.2,1,Ratnagiri,Maharashtra
2015-07-03,6.89,23.900000000000006,36.809999999999995,232.77,9.2,1,Ratnagiri,Maharashtra
2015-07-04,7.66,22.360000000000007,42.23,215.18,7.81,1,Ratnagiri,Maharashtra
2015-07-05,3.93,18.480000000000008,44.81,170.66,7.66,1,Ratnagiri,Maharashtra
2015-07-06,2.2,13.790000000000008,43.9,145.39000000000001,7.66,1,Ratnagiri,Maharashtra
2015-07-07,5.36,11.490000000000007,43.05,108.29,5.36,1,Ratnagiri,Maharashtra
2015-07-08,5.67,13.230000000000008,39.519999999999996,93.88000000000001,5.67,1,Ratnagiri,Maharashtra
2015-07-09,5.86,16.890000000000008,37.57,82.52,5.86,1,Ratnagiri,Maharashtra
2015-07-10,6.04,17.570000000000007,36.72,78.3,6.04,1,Ratnagiri,Maharashtra
2015-07-11,6.11,18.01000000000001,35.17,79.64,6.11,1,Ratnagiri,Maharashtra
2015-07-12,3.75,15.90000000000001,34.99,81.14999999999999,6.11,1,Ratnagiri,Maharashtra
2015-07-13,2.28,12.140000000000008,35.07,82.08,6.11,1,Ratnagiri,Maharashtra
2015-07-14,1.24,7.270000000000007,30.95,80.21000000000001,3.75,1,Ratnagiri,Maharashtra
2015-07-15,1.51,5.0300000000000065,26.790000000000003,75.50999999999999,2.28,1,Ratnagiri,Maharashtra
2015-07-16,1.57,4.320000000000007,22.5,67.88000000000001,1.57,1,Ratnagiri,Maharashtra
2015-07-17,2.67,5.750000000000007,19.13,62.74,2.67,1,Ratnagiri,Maharashtra
2015-07-18,2.95,7.1900000000000075,15.97,58.800000000000004,2.95,1,Ratnagiri,Maharashtra
2015-07-19,10.57,16.19000000000001,22.79,61.71,10.57,1,Ratnagiri,Maharashtra
2015-07-20,12.38,25.90000000000001,32.89,70.16,12.38,1,Ratnagiri,Maharashtra
2015-07-21,7.25,30.20000000000001,38.9,75.21,12.38,1,Ratnagiri,Maharashtra
2015-07-22,4.8,24.43000000000001,42.190000000000005,74.64999999999999,12.38,1,Ratnagiri,Maharashtra
2015-07-23,8.16,20.210000000000008,48.78,77.14,8.16,1,Ratnagiri,Maharashtra
2015-07-24,21.2,34.16000000000001,67.31,92.47999999999999,21.2,1,Ratnagiri,Maharashtra
2015-07-25,17.73,47.09000000000001,82.09,104.17,21.2,1,Ratnagiri,Maharashtra
2015-07-26,6.09,45.02000000000001,77.61,104.15,21.2,1,Ratnagiri,Maharashtra
2015-07-27,4.8,28.62000000000001,70.02999999999999,105.2,17.73,1,Ratnagiri,Maharashtra
2015-07-28,5.67,16.56000000000001,68.45,108.59,6.09,1,Ratnagiri,Maharashtra
2015-07-29,5.76,16.23000000000001,69.41,113.11,5.76,1,Ratnagiri,Maharashtra
2015-07-30,11.95,23.38000000000001,73.2,123.55000000000001,11.95,1,Ratnagiri,Maharashtra
2015-07-31,11.9,29.610000000000014,63.9,133.88,11.95,1,Ratnagiri,Maharashtra
2015-08-01,11.61,35.46000000000001,57.78,142.82000000000002,11.95,1,Ratnagiri,Maharashtra
2015-08-02,7.55,31.06000000000001,59.239999999999995,147.42,11.9,1,Ratnagiri,Maharashtra
2015-08-03,6.42,25.580000000000013,60.86,143.27,11.61,1,Ratnagiri,Maharashtra
2015-08-04,6.1,20.07000000000001,61.29,136.99,7.55,1,Ratnagiri,Maharashtra
2015-08-05,7.16,19.68000000000001,62.69,136.9,7.16,1,Ratnagiri,Maharashtra
2015-08-06,7.83,21.09000000000001,58.56999999999999,139.92999999999998,7.83,1,Ratnagiri,Maharashtra
2015-08-07,7.03,22.02000000000001,53.699999999999996,138.79999999999998,7.83,1,Ratnagiri,Maharashtra
2015-08-08,6.55,21.41000000000001,48.64,124.15,7.83,1,Ratnagiri,Maharashtra
2015-08-09,6.81,20.39000000000001,47.9,113.23,7.03,1,Ratnagiri,Maharashtra
2015-08-10,4.61,17.97000000000001,46.089999999999996,111.75,6.81,1,Ratnagiri,Maharashtra
2015-08-11,7.76,19.18000000000001,47.75,114.71000000000001,7.76,1,Ratnagiri,Maharashtra
2015-08-12,9.55,21.920000000000012,50.14,118.59,9.55,1,Ratnagiri,Maharashtra
2015-08-13,5.59,22.900000000000013,47.900000000000006,118.41999999999999,9.55,1,Ratnagiri,Maharashtra
2015-08-14,6.49,21.63000000000001,47.36,112.96000000000001,9.55,1,Ratnagiri,Maharashtra
2015-08-15,6.04,18.12000000000001,46.849999999999994,107.1,6.49,1,Ratnagiri,Maharashtra
2015-08-16,4.03,16.56000000000001,44.07,99.52,6.49,1,Ratnagiri,Maharashtra
2015-08-17,3.48,13.550000000000011,42.940000000000005,95.45,6.04,1,Ratnagiri,Maharashtra
2015-08-18,0.82,8.33000000000001,36.0,89.85000000000001,4.03,1,Ratnagiri,Maharashtra
2015-08-19,0.41,4.710000000000011,26.86,84.16,3.48,1,Ratnagiri,Maharashtra
2015-08-20,1.46,2.6900000000000106,22.73,78.46,1.46,1,Ratnagiri,Maharashtra
2015-08-21,5.26,7.1300000000000106,21.5,75.89,5.26,1,Ratnagiri,Maharashtra
2015-08-22,6.63,13.35000000000001,22.09,75.49,6.63,1,Ratnagiri,Maharashtra
2015-08-23,3.52,15.41000000000001,21.580000000000002,72.46,6.63,1,Ratnagiri,Maharashtra
2015-08-24,2.98,13.13000000000001,21.080000000000002,68.63,6.63,1,Ratnagiri,Maharashtra
2015-08-25,3.82,10.320000000000011,24.080000000000002,67.84,3.82,1,Ratnagiri,Maharashtra
2015-08-26,4.91,11.710000000000012,28.58,64.99,4.91,1,Ratnagiri,Maharashtra
2015-08-27,5.39,14.120000000000012,32.51,60.830000000000005,5.39,1,Ratnagiri,Maharashtra
2015-08-28,8.55,18.850000000000012,35.8,63.79,8.55,1,Ratnagiri,Maharashtra
2015-08-29,6.68,20.62000000000001,35.849999999999994,63.98,8.55,1,Ratnagiri,Maharashtra
2015-08-30,7.92,23.150000000000013,40.25,65.86,8.55,1,Ratnagiri,Maharashtra
2015-08-31,3.1,17.70000000000001,40.37,64.92999999999999,7.92,1,Ratnagiri,Maharashtra
2015-09-01,2.69,13.710000000000012,39.239999999999995,64.14,7.92,1,Ratnagiri,Maharashtra
2015-09-02,1.67,7.460000000000011,36.0,64.99,3.1,1,Ratnagiri,Maharashtra
2015-09-03,0.45,4.81000000000001,31.06,65.03,2.69,1,Ratnagiri,Maharashtra
2015-09-04,0.09,2.2100000000000106,22.599999999999998,63.66,1.67,1,Ratnagiri,Maharashtra
2015-09-05,0.0,0.5400000000000107,15.92,58.4,0.45,1,Ratnagiri,Maharashtra
2015-09-06,0.01,0.10000000000001065,8.01,51.78,0.09,1,Ratnagiri,Maharashtra
2015-09-07,0.92,0.9300000000000107,5.83,49.18,0.92,1,Ratnagiri,Maharashtra
2015-09-08,3.71,4.64000000000001,6.85,49.910000000000004,3.71,1,Ratnagiri,Maharashtra
2015-09-09,4.3,8.93000000000001,9.48,50.39,4.3,1,Ratnagiri,Maharashtra
2015-09-10,16.53,24.540000000000013,25.560000000000002,62.01,16.53,1,Ratnagiri,Maharashtra
2015-09-11,15.13,35.960000000000015,40.6,71.75,16.53,1,Ratnagiri,Maharashtra
2015-09-12,6.64,38.30000000000002,47.24,69.84,16.53,1,Ratnagiri,Maharashtra
2015-09-13,6.15,27.920000000000016,53.38,69.31,15.13,1,Ratnagiri,Maharashtra
2015-09-14,7.25,20.040000000000013,59.71,68.64,7.25,1,Ratnagiri,Maharashtra
2015-09-15,19.18,32.58000000000001,75.18,84.72,19.18,1,Ratnagiri,Maharashtra
2015-09-16,17.33,43.76000000000001,88.21000000000001,99.36000000000001,19.18,1,Ratnagiri,Maharashtra
2015-09-17,5.51,42.02000000000001,77.19,103.2,19.18,1,Ratnagiri,Maharashtra
2015-09-18,3.29,26.130000000000013,65.35,106.04,17.33,1,Ratnagiri,Maharashtra
2015-09-19,1.55,10.350000000000014,60.26,107.5,5.51,1,Ratnagiri,Maharashtra
2015-09-20,2.96,7.800000000000014,57.07,110.46,3.29,1,Ratnagiri,Maharashtra
2015-09-21,1.96,6.470000000000014,51.78,112.41,2.96,1,Ratnagiri,Maharashtra
2015-09-22,0.73,5.650000000000015,33.32999999999999,112.22,2.96,1,Ratnagiri,Maharashtra
2015-09-23,0.16,2.8500000000000143,16.16,108.67,1.96,1,Ratnagiri,Maharashtra
2015-09-24,0.03,0.9200000000000141,10.68,104.4,0.73,1,Ratnagiri,Maharashtra
2015-09-25,0.0,0.1900000000000142,7.39,87.87,0.16,1,Ratnagiri,Maharashtra
2015-09-26,0.01,0.04000000000001421,5.85,72.75,0.03,1,Ratnagiri,Maharashtra
2015-09-27,0.0,0.010000000000014211,2.89,66.11,0.01,1,Ratnagiri,Maharashtra
2015-09-28,0.06,0.0700000000000142,0.99,60.019999999999996,0.06,1,Ratnagiri,Maharashtra
2015-09-29,0.74,0.8000000000000141,1.0,53.51,0.74,1,Ratnagiri,Maharashtra
2015-09-30,5.43,6.230000000000014,6.27,39.76,5.43,1,Ratnagiri,Maharashtra
2015-10-01,8.84,15.010000000000014,15.079999999999998,31.27,8.84,0,Ratnagiri,Maharashtra
2015-10-02,11.48,25.750000000000014,26.56,37.239999999999995,11.48,0,Ratnagiri,Maharashtra
2015-10-03,8.86,29.180000000000014,35.41,42.81,11.48,0,Ratnagiri,Maharashtra
2015-10-04,7.17,27.510000000000012,42.58,48.43,11.48,0,Ratnagiri,Maharashtra
2015-10-05,5.24,21.270000000000014,47.76,50.71,8.86,0,Ratnagiri,Maharashtra
2015-10-06,0.38,12.790000000000015,47.4,49.13,7.17,0,Ratnagiri,Maharashtra
2015-10-07,0.14,5.760000000000014,42.11,48.540000000000006,5.24,0,Ratnagiri,Maharashtra
2015-10-08,0.41,0.9300000000000141,33.68,48.79,0.41,0,Ratnagiri,Maharashtra
2015-10-09,0.88,1.4300000000000144,23.08,49.64,0.88,0,Ratnagiri,Maharashtra
2015-10-10,1.38,2.670000000000014,15.6,51.019999999999996,1.38,0,Ratnagiri,Maharashtra
2015-10-11,1.41,3.670000000000014,9.84,52.42,1.41,0,Ratnagiri,Maharashtra
2015-10-12,0.95,3.7400000000000144,5.55,53.37,1.41,0,Ratnagiri,Maharashtra
2015-10-13,0.79,3.1500000000000146,5.96,54.099999999999994,1.41,0,Ratnagiri,Maharashtra
2015-10-14,0.18,1.9200000000000144,6.0,53.540000000000006,0.95,0,Ratnagiri,Maharashtra
2015-10-15,0.05,1.0200000000000145,5.640000000000001,48.16,0.79,0,Ratnagiri,Maharashtra
2015-10-16,0.01,0.24000000000001442,4.77,39.33,0.18,0,Ratnagiri,Maharashtra
2015-10-17,0.04,0.10000000000001444,3.4299999999999997,27.89,0.05,0,Ratnagiri,Maharashtra
2015-10-18,0.07,0.12000000000001444,2.09,19.1,0.07,0,Ratnagiri,Maharashtra
2015-10-19,0.05,0.16000000000001446,1.19,11.98,0.07,0,Ratnagiri,Maharashtra
2015-10-20,0.02,0.14000000000001445,0.42,6.76,0.07,0,Ratnagiri,Maharashtra
2015-10-21,0.0,0.07000000000001444,0.24000000000000002,6.38,0.05,0,Ratnagiri,Maharashtra
2015-10-22,0.01,0.030000000000014432,0.2,6.25,0.02,0,Ratnagiri,Maharashtra
2015-10-23,0.04,0.050000000000014436,0.23,5.88,0.04,0,Ratnagiri,Maharashtra
2015-10-24,0.02,0.07000000000001443,0.21000000000000002,5.0200000000000005,0.04,0,Ratnagiri,Maharashtra
2015-10-25,0.11,0.17000000000001442,0.25,3.75,0.11,0,Ratnagiri,Maharashtra
2015-10-26,0.18,0.3100000000000144,0.38,2.5199999999999996,0.18,0,Ratnagiri,Maharashtra
2015-10-27,0.21,0.5000000000000144,0.57,1.78,0.21,0,Ratnagiri,Maharashtra
2015-10-28,0.08,0.4700000000000144,0.65,1.07,0.21,0,Ratnagiri,Maharashtra
2015-10-29,0.0,0.2900000000000144,0.64,0.89,0.21,0,Ratnagiri,Maharashtra
2015-10-30,0.0,0.0800000000000144,0.6,0.84,0.08,0,Ratnagiri,Maharashtra
2015-10-31,0.05,0.05000000000001441,0.63,0.88,0.05,0,Ratnagiri,Maharashtra
2015-11-01,0.45,0.5000000000000144,0.9700000000000001,1.29,0.45,0,Ratnagiri,Maharashtra
2015-11-02,1.06,1.5600000000000145,1.85,2.2800000000000002,1.06,0,Ratnagiri,Maharashtra
2015-11-03,0.35,1.8600000000000145,1.9900000000000002,2.58,1.06,0,Ratnagiri,Maharashtra
2015-11-04,0.65,2.0600000000000147,2.56,3.21,1.06,0,Ratnagiri,Maharashtra
2015-11-05,2.4,3.400000000000014,4.96,5.61,2.4,0,Ratnagiri,Maharashtra
2015-11-06,0.19,3.240000000000014,5.15,5.790000000000001,2.4,0,Ratnagiri,Maharashtra
2015-11-07,0.01,2.6000000000000143,5.11,5.760000000000001,2.4,0,Ratnagiri,Maharashtra
2015-11-08,0.0,0.20000000000001422,4.66,5.74,0.19,0,Ratnagiri,Maharashtra
2015-11-09,0.0,0.010000000000014211,3.6,5.630000000000001,0.01,0,Ratnagiri,Maharashtra
2015-11-10,0.0,0.0,3.25,5.45,0.0,0,Ratnagiri,Maharashtra
2015-11-11,0.0,0.0,2.6,5.24,0.0,0,Ratnagiri,Maharashtra
2015-11-12,0.0,0.0,0.2,5.16,0.0,0,Ratnagiri,Maharashtra
2015-11-13,0.01,0.010000000000014211,0.02,5.17,0.01,0,Ratnagiri,Maharashtra
2015-11-14,0.0,0.010000000000014211,0.01,5.17,0.01,0,Ratnagiri,Maharashtra
2015-11-15,0.0,0.010000000000014211,0.01,5.12,0.01,0,Ratnagiri,Maharashtra
2015-11-16,0.0,0.0,0.01,4.67,0.0,0,Ratnagiri,Maharashtra
2015-11-17,0.0,0.0,0.01,3.6100000000000003,0.0,0,Ratnagiri,Maharashtra
2015-11-18,0.0,0.0,0.01,3.2600000000000002,0.0,0,Ratnagiri,Maharashtra
2015-11-19,0.0,0.0,0.01,2.6100000000000003,0.0,0,Ratnagiri,Maharashtra
2015-11-20,1.3,1.3000000000000143,1.3,1.51,1.3,0,Ratnagiri,Maharashtra
2015-11-21,5.29,6.590000000000014,6.59,6.61,5.29,0,Ratnagiri,Maharashtra
2015-11-22,1.9,8.490000000000014,8.49,8.5,5.29,0,Ratnagiri,Maharashtra
2015-11-23,4.11,11.300000000000015,12.6,12.610000000000001,5.29,0,Ratnagiri,Maharashtra
2015-11-24,3.8,9.810000000000013,16.4,16.41,4.11,0,Ratnagiri,Maharashtra
2015-11-25,0.56,8.470000000000013,16.96,16.970000000000002,4.11,0,Ratnagiri,Maharashtra
2015-11-26,0.18,4.540000000000014,17.14,17.150000000000002,3.8,0,Ratnagiri,Maharashtra
2015-11-27,0.01,0.7500000000000142,15.85,17.16,0.56,0,Ratnagiri,Maharashtra
2015-11-28,0.0,0.1900000000000142,10.56,17.15,0.18,0,Ratnagiri,Maharashtra
2015-11-29,0.0,0.010000000000014211,8.66,17.15,0.01,0,Ratnagiri,Maharashtra
2015-11-30,0.0,0.0,4.55,17.15,0.0,0,Ratnagiri,Maharashtra
2015-12-01,0.01,0.010000000000014211,0.76,17.16,0.01,0,Ratnagiri,Maharashtra
2015-12-02,0.04,0.050000000000014214,0.24,17.2,0.04,0,Ratnagiri,Maharashtra
2015-12-03,0.0,0.050000000000014214,0.06,17.2,0.04,0,Ratnagiri,Maharashtra
2015-12-04,0.0,0.04000000000001421,0.049999999999999996,17.2,0.04,0,Ratnagiri,Maharashtra
2015-12-05,0.0,0.0,0.049999999999999996,15.9,0.0,0,Ratnagiri,Maharashtra
2015-12-06,0.0,0.0,0.049999999999999996,10.61,0.0,0,Ratnagiri,Maharashtra
2015-12-07,0.0,0.0,0.049999999999999996,8.71,0.0,0,Ratnagiri,Maharashtra
2015-12-08,0.0,0.0,0.039999999999999994,4.6,0.0,0,Ratnagiri,Maharashtra
2015-12-09,0.0,0.0,0.0,0.8,0.0,0,Ratnagiri,Maharashtra
2015-12-10,0.0,0.0,0.0,0.24,0.0,0,Ratnagiri,Maharashtra
2015-12-11,0.0,0.0,0.0,0.06,0.0,0,Ratnagiri,Maharashtra
2015-12-12,0.0,0.0,0.0,0.049999999999999996,0.0,0,Ratnagiri,Maharashtra
2015-12-13,0.0,0.0,0.0,0.049999999999999996,0.0,0,Ratnagiri,Maharashtra
2015-12-14,0.0,0.0,0.0,0.049999999999999996,0.0,0,Ratnagiri,Maharashtra
2015-12-15,0.0,0.0,0.0,0.049999999999999996,0.0,0,Ratnagiri,Maharashtra
2015-12-16,0.0,0.0,0.0,0.039999999999999994,0.0,0,Ratnagiri,Maharashtra
2015-12-17,0.0,0.0,0.0,0.0,0.0,0,Ratnagiri,Maharashtra
2015-12-18,0.0,0.0,0.0,0.0,0.0,0,Ratnagiri,Maharashtra
2015-12-19,0.0,0.0,0.0,0.0,0.0,0,Ratnagiri,Maharashtra
2015-12-20,0.0,0.0,0.0,0.0,0.0,0,Ratnagiri,Maharashtra
2015-12-21,0.0,0.0,0.0,0.0,0.0,0,Ratnagiri,Maharashtra
2015-12-22,0.0,0.0,0.0,0.0,0.0,0,Ratnagiri,Maharashtra
2015-12-23,0.0,0.0,0.0,0.0,0.0,0,Ratnagiri,Maharashtra
2015-12-24,0.0,0.0,0.0,0.0,0.0,0,Ratnagiri,Maharashtra
2015-12-25,0.0,0.0,0.0,0.0,0.0,0,Ratnagiri,Maharashtra
2015-12-26,0.0,0.0,0.0,0.0,0.0,0,Ratnagiri,Maharashtra
2015-12-27,0.0,0.0,0.0,0.0,0.0,0,Ratnagiri,Maharashtra
2015-12-28,0.0,0.0,0.0,0.0,0.0,0,Ratnagiri,Maharashtra
2015-12-29,0.0,0.0,0.0,0.0,0.0,0,Ratnagiri,Maharashtra
2015-12-30,0.0,0.0,0.0,0.0,0.0,0,Ratnagiri,Maharashtra
2015-12-31,0.0,0.0,0.0,0.0,0.0,0,Ratnagiri,Maharashtra
2016-01-01,0.0,0.0,0.0,0.0,0.0,0,Ratnagiri,Maharashtra
2016-01-02,0.0,0.0,0.0,0.0,0.0,0,Ratnagiri,Maharashtra
2016-01-03,0.0,0.0,0.0,0.0,0.0,0,Ratnagiri,Maharashtra
2016-01-04,0.0,0.0,0.0,0.0,0.0,0,Ratnagiri,Maharashtra
2016-01-05,0.0,0.0,0.0,0.0,0.0,0,Ratnagiri,Maharashtra
2016-01-06,0.0,0.0,0.0,0.0,0.0,0,Ratnagiri,Maharashtra
2016-01-07,0.0,0.0,0.0,0.0,0.0,0,Ratnagiri,Maharashtra
2016-01-08,0.0,0.0,0.0,0.0,0.0,0,Ratnagiri,Maharashtra
2016-01-09,0.0,0.0,0.0,0.0,0.0,0,Ratnagiri,Maharashtra
2016-01-10,0.0,0.0,0.0,0.0,0.0,0,Ratnagiri,Maharashtra
2016-01-11,0.0,0.0,0.0,0.0,0.0,0,Ratnagiri,Maharashtra
2016-01-12,0.0,0.0,0.0,0.0,0.0,0,Ratnagiri,Maharashtra
2016-01-13,0.0,0.0,0.0,0.0,0.0,0,Ratnagiri,Maharashtra
2016-01-14,0.0,0.0,0.0,0.0,0.0,0,Ratnagiri,Maharashtra
2016-01-15,0.05,0.050000000000014214,0.05,0.05,0.05,0,Ratnagiri,Maharashtra
2016-01-16,0.22,0.27000000000001423,0.27,0.27,0.22,0,Ratnagiri,Maharashtra
2016-01-17,0.01,0.2800000000000142,0.27999999999999997,0.27999999999999997,0.22,0,Ratnagiri,Maharashtra
2016-01-18,0.0,0.23000000000001422,0.27999999999999997,0.27999999999999997,0.22,0,Ratnagiri,Maharashtra
2016-01-19,0.0,0.010000000000014183,0.27999999999999997,0.27999999999999997,0.01,0,Ratnagiri,Maharashtra
2016-01-20,0.0,0.0,0.27999999999999997,0.27999999999999997,0.0,0,Ratnagiri,Maharashtra
2016-01-21,0.0,0.0,0.27999999999999997,0.27999999999999997,0.0,0,Ratnagiri,Maharashtra
2016-01-22,0.0,0.0,0.23,0.27999999999999997,0.0,0,Ratnagiri,Maharashtra
2016-01-23,0.0,0.0,0.009999999999999972,0.27999999999999997,0.0,0,Ratnagiri,Maharashtra
2016-01-24,0.0,0.0,0.0,0.27999999999999997,0.0,0,Ratnagiri,Maharashtra
2016-01-25,0.0,0.0,0.0,0.27999999999999997,0.0,0,Ratnagiri,Maharashtra
2016-01-26,0.0,0.0,0.0,0.27999999999999997,0.0,0,Ratnagiri,Maharashtra
2016-01-27,0.0,0.0,0.0,0.27999999999999997,0.0,0,Ratnagiri,Maharashtra
2016-01-28,0.0,0.0,0.0,0.27999999999999997,0.0,0,Ratnagiri,Maharashtra
2016-01-29,0.0,0.0,0.0,0.27999999999999997,0.0,0,Ratnagiri,Maharashtra
2016-01-30,0.0,0.0,0.0,0.23,0.0,0,Ratnagiri,Maharashtra
2016-01-31,0.0,0.0,0.0,0.009999999999999972,0.0,0,Ratnagiri,Maharashtra
2016-02-01,0.0,0.0,0.0,0.0,0.0,0,Ratnagiri,Maharashtra
2016-02-02,0.0,0.0,0.0,0.0,0.0,0,Ratnagiri,Maharashtra
2016-02-03,0.0,0.0,0.0,0.0,0.0,0,Ratnagiri,Maharashtra
2016-02-04,0.0,0.0,0.0,0.0,0.0,0,Ratnagiri,Maharashtra
2016-02-05,0.0,0.0,0.0,0.0,0.0,0,Ratnagiri,Maharashtra
2016-02-06,0.0,0.0,0.0,0.0,0.0,0,Ratnagiri,Maharashtra
2016-02-07,0.0,0.0,0.0,0.0,0.0,0,Ratnagiri,Maharashtra
2016-02-08,0.0,0.0,0.0,0.0,0.0,0,Ratnagiri,Maharashtra
2016-02-09,0.0,0.0,0.0,0.0,0.0,0,Ratnagiri,Maharashtra
2016-02-10,0.0,0.0,0.0,0.0,0.0,0,Ratnagiri,Maharashtra
2016-02-11,0.0,0.0,0.0,0.0,0.0,0,Ratnagiri,Maharashtra
2016-02-12,0.0,0.0,0.0,0.0,0.0,0,Ratnagiri,Maharashtra
2016-02-13,0.0,0.0,0.0,0.0,0.0,0,Ratnagiri,Maharashtra
2016-02-14,0.0,0.0,0.0,0.0,0.0,0,Ratnagiri,Maharashtra
2016-02-15,0.0,0.0,0.0,0.0,0.0,0,Ratnagiri,Maharashtra
2016-02-16,0.0,0.0,0.0,0.0,0.0,0,Ratnagiri,Maharashtra
2016-02-17,0.0,0.0,0.0,0.0,0.0,0,Ratnagiri,Maharashtra
2016-02-18,0.0,0.0,0.0,0.0,0.0,0,Ratnagiri,Maharashtra
2016-02-19,0.0,0.0,0.0,0.0,0.0,0,Ratnagiri,Maharashtra
2016-02-20,0.0,0.0,0.0,0.0,0.0,0,Ratnagiri,Maharashtra
2016-02-21,0.0,0.0,0.0,0.0,0.0,0,Ratnagiri,Maharashtra
2016-02-22,0.0,0.0,0.0,0.0,0.0,0,Ratnagiri,Maharashtra
2016-02-23,0.0,0.0,0.0,0.0,0.0,0,Ratnagiri,Maharashtra
2016-02-24,0.0,0.0,0.0,0.0,0.0,0,Ratnagiri,Maharashtra
2016-02-25,0.0,0.0,0.0,0.0,0.0,0,Ratnagiri,Maharashtra
2016-02-26,0.0,0.0,0.0,0.0,0.0,0,Ratnagiri,Maharashtra
2016-02-27,0.11,0.11000000000001418,0.10999999999999997,0.10999999999999997,0.11,0,Ratnagiri,Maharashtra
2016-02-28,1.34,1.4500000000000142,1.45,1.45,1.34,0,Ratnagiri,Maharashtra
2016-02-29,0.89,2.340000000000014,2.34,2.34,1.34,0,Ratnagiri,Maharashtra
2016-03-01,0.19,2.420000000000014,2.53,2.53,1.34,0,Ratnagiri,Maharashtra
2016-03-02,0.41,1.490000000000014,2.94,2.94,0.89,0,Ratnagiri,Maharashtra
2016-03-03,0.43,1.030000000000014,3.37,3.37,0.43,0,Ratnagiri,Maharashtra
2016-03-04,0.15,0.990000000000014,3.52,3.52,0.43,0,Ratnagiri,Maharashtra
2016-03-05,0.01,0.590000000000014,3.42,3.53,0.43,0,Ratnagiri,Maharashtra
2016-03-06,0.0,0.160000000000014,2.0799999999999996,3.53,0.15,0,Ratnagiri,Maharashtra
2016-03-07,0.0,0.010000000000013989,1.1899999999999997,3.53,0.01,0,Ratnagiri,Maharashtra
2016-03-08,0.0,0.0,0.9999999999999997,3.53,0.0,0,Ratnagiri,Maharashtra
2016-03-09,0.0,0.0,0.5899999999999997,3.53,0.0,0,Ratnagiri,Maharashtra
2016-03-10,0.02,0.02000000000001399,0.17999999999999977,3.55,0.02,0,Ratnagiri,Maharashtra
2016-03-11,0.03,0.05000000000001399,0.059999999999999776,3.58,0.03,0,Ratnagiri,Maharashtra
2016-03-12,0.02,0.070000000000014,0.06999999999999977,3.6,0.03,0,Ratnagiri,Maharashtra
2016-03-13,0.01,0.06000000000001399,0.07999999999999978,3.5,0.03,0,Ratnagiri,Maharashtra
2016-03-14,0.0,0.030000000000013988,0.07999999999999978,2.1599999999999997,0.02,0,Ratnagiri,Maharashtra
2016-03-15,0.0,0.010000000000013989,0.07999999999999978,1.2699999999999996,0.01,0,Ratnagiri,Maharashtra
2016-03-16,0.0,0.0,0.07999999999999978,1.0799999999999996,0.0,0,Ratnagiri,Maharashtra
2016-03-17,0.0,0.0,0.059999999999999776,0.6699999999999998,0.0,0,Ratnagiri,Maharashtra
2016-03-18,0.0,0.0,0.029999999999999777,0.23999999999999977,0.0,0,Ratnagiri,Maharashtra
2016-03-19,0.0,0.0,0.009999999999999778,0.08999999999999977,0.0,0,Ratnagiri,Maharashtra
2016-03-20,0.0,0.0,0.0,0.07999999999999978,0.0,0,Ratnagiri,Maharashtra
2016-03-21,0.0,0.0,0.0,0.07999999999999978,0.0,0,Ratnagiri,Maharashtra
2016-03-22,0.0,0.0,0.0,0.07999999999999978,0.0,0,Ratnagiri,Maharashtra
2016-03-23,0.1,0.100000000000014,0.09999999999999978,0.17999999999999977,0.1,0,Ratnagiri,Maharashtra
2016-03-24,0.0,0.100000000000014,0.09999999999999978,0.17999999999999977,0.1,0,Ratnagiri,Maharashtra
2016-03-25,0.0,0.100000000000014,0.09999999999999978,0.15999999999999975,0.1,0,Ratnagiri,Maharashtra
2016-03-26,0.02,0.02000000000001399,0.11999999999999979,0.1499999999999998,0.02,0,Ratnagiri,Maharashtra
2016-03-27,1.85,1.870000000000014,1.97,1.98,1.85,0,Ratnagiri,Maharashtra
2016-03-28,1.28,3.150000000000014,3.25,3.25,1.85,0,Ratnagiri,Maharashtra
2016-03-29,0.12,3.250000000000014,3.37,3.37,1.85,0,Ratnagiri,Maharashtra
2016-03-30,0.1,1.500000000000014,3.37,3.47,1.28,0,Ratnagiri,Maharashtra
2016-03-31,0.15,0.370000000000014,3.52,3.62,0.15,0,Ratnagiri,Maharashtra
2016-04-01,0.01,0.260000000000014,3.53,3.63,0.15,0,Ratnagiri,Maharashtra
2016-04-02,0.0,0.160000000000014,3.51,3.63,0.15,0,Ratnagiri,Maharashtra
2016-04-03,0.02,0.030000000000013988,1.6799999999999997,3.65,0.02,0,Ratnagiri,Maharashtra
2016-04-04,0.49,0.510000000000014,0.8899999999999998,4.14,0.49,0,Ratnagiri,Maharashtra
2016-04-05,0.58,1.090000000000014,1.3499999999999996,4.72,0.58,0,Ratnagiri,Maharashtra
2016-04-06,0.24,1.3100000000000138,1.4899999999999998,4.96,0.58,0,Ratnagiri,Maharashtra
2016-04-07,0.13,0.9500000000000139,1.4699999999999998,4.99,0.58,0,Ratnagiri,Maharashtra
2016-04-08,0.0,0.370000000000014,1.4599999999999997,4.99,0.24,0,Ratnagiri,Maharashtra
2016-04-09,0.0,0.130000000000014,1.4599999999999997,4.99,0.13,0,Ratnagiri,Maharashtra
2016-04-10,0.06,0.06000000000001399,1.4999999999999998,5.03,0.06,0,Ratnagiri,Maharashtra
2016-04-11,0.13,0.190000000000014,1.1399999999999997,3.31,0.13,0,Ratnagiri,Maharashtra
2016-04-12,0.0,0.190000000000014,0.5599999999999998,2.03,0.13,0,Ratnagiri,Maharashtra
2016-04-13,0.0,0.130000000000014,0.3199999999999998,1.91,0.13,0,Ratnagiri,Maharashtra
2016-04-14,0.0,0.0,0.18999999999999978,1.81,0.0,0,Ratnagiri,Maharashtra
2016-04-15,0.0,0.0,0.18999999999999978,1.6600000000000001,0.0,0,Ratnagiri,Maharashtra
2016-04-16,0.0,0.0,0.18999999999999978,1.6500000000000001,0.0,0,Ratnagiri,Maharashtra
2016-04-17,0.0,0.0,0.12999999999999978,1.6500000000000001,0.0,0,Ratnagiri,Maharashtra
2016-04-18,0.02,0.02000000000001399,0.01999999999999978,1.6500000000000001,0.02,0,Ratnagiri,Maharashtra
2016-04-19,0.14,0.160000000000014,0.15999999999999978,1.3,0.14,0,Ratnagiri,Maharashtra
2016-04-20,0.17,0.330000000000014,0.3299999999999998,0.89,0.17,0,Ratnagiri,Maharashtra
2016-04-21,0.02,0.330000000000014,0.3499999999999998,0.67,0.17,0,Ratnagiri,Maharashtra
2016-04-22,0.0,0.190000000000014,0.3499999999999998,0.54,0.17,0,Ratnagiri,Maharashtra
2016-04-23,0.0,0.02000000000001399,0.3499999999999998,0.54,0.02,0,Ratnagiri,Maharashtra
2016-04-24,0.01,0.010000000000013989,0.3599999999999998,0.55,0.01,0,Ratnagiri,Maharashtra
2016-04-25,0.0,0.010000000000013989,0.3399999999999998,0.49000000000000005,0.01,0,Ratnagiri,Maharashtra
2016-04-26,0.0,0.010000000000013989,0.1999999999999998,0.36000000000000004,0.01,0,Ratnagiri,Maharashtra
2016-04-27,0.28,0.280000000000014,0.30999999999999983,0.6400000000000001,0.28,0,Ratnagiri,Maharashtra
2016-04-28,0.91,1.1900000000000142,1.1999999999999997,1.55,0.91,0,Ratnagiri,Maharashtra
2016-04-29,0.32,1.510000000000014,1.5199999999999998,1.87,0.91,0,Ratnagiri,Maharashtra
2016-04-30,0.12,1.350000000000014,1.64,1.99,0.91,0,Ratnagiri,Maharashtra
2016-05-01,0.2,0.640000000000014,1.8299999999999998,2.19,0.32,0,Ratnagiri,Maharashtra
2016-05-02,0.01,0.330000000000014,1.8399999999999999,2.2,0.2,0,Ratnagiri,Maharashtra
2016-05-03,0.01,0.220000000000014,1.8499999999999999,2.19,0.2,0,Ratnagiri,Maharashtra
2016-05-04,0.02,0.04000000000001399,1.5899999999999999,2.07,0.02,0,Ratnagiri,Maharashtra
2016-05-05,0.03,0.06000000000001399,0.7099999999999997,1.93,0.03,0,Ratnagiri,Maharashtra
2016-05-06,0.09,0.140000000000014,0.47999999999999976,2.0,0.09,0,Ratnagiri,Maharashtra
2016-05-07,0.05,0.17000000000001397,0.4099999999999998,2.05,0.09,0,Ratnagiri,Maharashtra
2016-05-08,0.02,0.160000000000014,0.2299999999999998,2.07,0.09,0,Ratnagiri,Maharashtra
2016-05-09,0.08,0.150000000000014,0.29999999999999977,2.14,0.08,0,Ratnagiri,Maharashtra
2016-05-10,0.27,0.37000000000001404,0.5599999999999998,2.41,0.27,0,Ratnagiri,Maharashtra
2016-05-11,0.26,0.6100000000000141,0.7999999999999998,2.6700000000000004,0.27,0,Ratnagiri,Maharashtra
2016-05-12,0.8,1.3300000000000143,1.5699999999999998,3.19,0.8,0,Ratnagiri,Maharashtra
2016-05-13,3.06,4.120000000000014,4.54,5.34,3.06,0,Ratnagiri,Maharashtra
2016-05-14,1.79,5.650000000000015,6.279999999999999,6.8100000000000005,3.06,0,Ratnagiri,Maharashtra
2016-05-15,2.01,6.860000000000014,8.27,8.7,3.06,0,Ratnagiri,Maharashtra
2016-05-16,0.37,4.170000000000014,8.559999999999999,8.870000000000001,2.01,0,Ratnagiri,Maharashtra
2016-05-17,0.14,2.520000000000014,8.43,9.0,2.01,0,Ratnagiri,Maharashtra
2016-05-18,0.3,0.8100000000000143,8.469999999999999,9.29,0.37,0,Ratnagiri,Maharashtra
2016-05-19,1.19,1.630000000000014,8.86,10.459999999999999,1.19,0,Ratnagiri,Maharashtra
2016-05-20,1.16,2.6500000000000137,6.959999999999999,11.59,1.19,0,Ratnagiri,Maharashtra
2016-05-21,0.38,2.730000000000014,5.549999999999999,11.88,1.19,0,Ratnagiri,Maharashtra
2016-05-22,0.05,1.590000000000014,3.5899999999999994,11.879999999999999,1.16,0,Ratnagiri,Maharashtra
2016-05-23,0.17,0.6000000000000143,3.3899999999999992,12.03,0.38,0,Ratnagiri,Maharashtra
2016-05-24,0.09,0.31000000000001426,3.3399999999999994,12.04,0.17,0,Ratnagiri,Maharashtra
2016-05-25,0.26,0.5200000000000142,3.2999999999999994,12.030000000000001,0.26,0,Ratnagiri,Maharashtra
2016-05-26,0.19,0.5400000000000142,2.2999999999999994,11.96,0.26,0,Ratnagiri,Maharashtra
2016-05-27,0.15,0.6000000000000143,1.2899999999999996,11.31,0.26,0,Ratnagiri,Maharashtra
2016-05-28,0.18,0.5200000000000142,1.0899999999999996,8.43,0.19,0,Ratnagiri,Maharashtra
2016-05-29,0.12,0.4500000000000143,1.1599999999999995,6.76,0.18,0,Ratnagiri,Maharashtra
2016-05-30,0.35,0.6500000000000142,1.3399999999999996,5.1000000000000005,0.35,0,Ratnagiri,Maharashtra
2016-05-31,0.46,0.9300000000000144,1.7099999999999995,5.19,0.46,0,Ratnagiri,Maharashtra
2016-06-01,1.63,2.440000000000014,3.079999999999999,6.68,1.63,1,Ratnagiri,Maharashtra
2016-06-02,2.54,4.630000000000014,5.43,8.92,2.54,1,Ratnagiri,Maharashtra
2016-06-03,1.11,5.2800000000000145,6.389999999999999,8.84,2.54,1,Ratnagiri,Maharashtra
2016-06-04,9.53,13.180000000000014,15.739999999999998,17.21,9.53,1,Ratnagiri,Maharashtra
2016-06-05,6.79,17.430000000000014,22.41,23.62,9.53,1,Ratnagiri,Maharashtra
2016-06-06,6.45,22.770000000000017,28.509999999999998,30.02,9.53,1,Ratnagiri,Maharashtra
2016-06-07,9.16,22.400000000000013,37.209999999999994,39.01,9.16,1,Ratnagiri,Maharashtra
2016-06-08,16.32,31.930000000000014,51.900000000000006,55.24,16.32,1,Ratnagiri,Maharashtra
2016-06-09,11.97,37.45000000000001,61.33,66.95,16.32,1,Ratnagiri,Maharashtra
2016-06-10,17.67,45.960000000000015,77.89,84.43,17.67,1,Ratnagiri,Maharashtra
2016-06-11,7.96,37.600000000000016,76.32,92.24,17.67,1,Ratnagiri,Maharashtra
2016-06-12,17.99,43.62000000000002,87.52000000000001,110.05,17.99,1,Ratnagiri,Maharashtra
2016-06-13,16.45,42.40000000000001,97.52000000000001,126.38,17.99,1,Ratnagiri,Maharashtra
2016-06-14,10.81,45.250000000000014,99.17,136.84,17.99,1,Ratnagiri,Maharashtra
2016-06-15,3.54,30.800000000000015,86.39,139.92,16.45,1,Ratnagiri,Maharashtra
2016-06-16,5.17,19.520000000000014,79.59,143.46,10.81,1,Ratnagiri,Maharashtra
2016-06-17,2.9,11.610000000000014,64.82,143.82,5.17,1,Ratnagiri,Maharashtra
2016-06-18,5.87,13.940000000000015,62.73,148.57999999999998,5.87,1,Ratnagiri,Maharashtra
2016-06-19,17.6,26.370000000000015,62.339999999999996,156.64999999999998,17.6,1,Ratnagiri,Maharashtra
2016-06-20,74.93,98.40000000000002,120.82000000000001,224.79000000000002,74.93,1,Ratnagiri,Maharashtra
2016-06-21,7.33,99.86000000000001,117.34,225.67000000000002,74.93,1,Ratnagiri,Maharashtra
2016-06-22,15.95,98.21000000000002,129.75,232.45999999999998,74.93,1,Ratnagiri,Maharashtra
2016-06-23,14.58,37.860000000000014,139.16000000000003,230.72,15.95,1,Ratnagiri,Maharashtra
2016-06-24,16.47,47.000000000000014,152.73000000000002,235.22,16.47,1,Ratnagiri,Maharashtra
2016-06-25,27.68,58.73000000000001,174.54,245.23000000000002,27.68,1,Ratnagiri,Maharashtra
2016-06-26,22.12,66.27000000000001,179.06,259.39,27.68,1,Ratnagiri,Maharashtra
2016-06-27,45.99,95.79000000000002,150.12,287.39,45.99,1,Ratnagiri,Maharashtra
2016-06-28,58.78,126.89000000000001,201.57,329.72,58.78,1,Ratnagiri,Maharashtra
2016-06-29,137.58,242.35000000000002,323.20000000000005,456.49,137.58,1,Ratnagiri,Maharashtra
2016-06-30,34.28,230.64000000000004,342.90000000000003,487.23,137.58,1,Ratnagiri,Maharashtra
2016-07-01,42.73,214.59000000000003,369.16,524.7900000000001,137.58,1,Ratnagiri,Maharashtra
2016-07-02,39.07,116.08000000000003,380.55,560.96,42.73,1,Ratnagiri,Maharashtra
2016-07-03,23.38,105.18000000000002,381.81,578.47,42.73,1,Ratnagiri,Maharashtra
2016-07-04,29.18,91.63000000000002,365.00000000000006,590.0500000000001,39.07,1,Ratnagiri,Maharashtra
2016-07-05,15.7,68.26000000000002,321.92,530.8199999999999,29.18,1,Ratnagiri,Maharashtra
2016-07-06,16.56,61.440000000000026,200.9,540.0500000000001,29.18,1,Ratnagiri,Maharashtra
2016-07-07,16.97,49.23000000000002,183.59,541.0699999999999,16.97,1,Ratnagiri,Maharashtra
2016-07-08,9.37,42.90000000000003,150.23,535.86,16.97,1,Ratnagiri,Maharashtra
2016-07-09,19.36,45.70000000000003,130.51999999999998,538.75,19.36,1,Ratnagiri,Maharashtra
2016-07-10,114.19,142.92000000000002,221.32999999999998,625.26,114.19,1,Ratnagiri,Maharashtra
2016-07-11,53.07,186.62000000000003,245.22,656.21,114.19,1,Ratnagiri,Maharashtra
2016-07-12,19.93,187.19000000000005,249.45,630.15,114.19,1,Ratnagiri,Maharashtra
2016-07-13,13.9,86.90000000000005,246.79,585.27,53.07,1,Ratnagiri,Maharashtra
2016-07-14,11.19,45.02000000000004,241.01,458.88,19.93,1,Ratnagiri,Maharashtra
2016-07-15,10.52,35.61000000000004,242.16,435.12,13.9,1,Ratnagiri,Maharashtra
2016-07-16,10.33,32.04000000000004,233.13000000000002,402.72,11.19,1,Ratnagiri,Maharashtra
2016-07-17,13.8,34.65000000000004,132.74,377.45,13.8,1,Ratnagiri,Maharashtra
2016-07-18,32.23,56.36000000000004,111.9,386.3,32.23,1,Ratnagiri,Maharashtra
2016-07-19,31.11,77.14000000000004,123.08,388.23,32.23,1,Ratnagiri,Maharashtra
2016-07-20,33.64,96.98000000000003,142.82,406.17,33.64,1,Ratnagiri,Maharashtra
2016-07-21,18.89,83.64000000000003,150.51999999999998,408.5,33.64,1,Ratnagiri,Maharashtra
2016-07-22,20.86,73.39000000000004,160.86,412.39,33.64,1,Ratnagiri,Maharashtra
2016-07-23,34.42,74.17000000000004,184.95,437.44,34.42,1,Ratnagiri,Maharashtra
2016-07-24,20.39,75.67000000000004,191.54,438.47,34.42,1,Ratnagiri,Maharashtra
2016-07-25,5.99,60.80000000000004,165.3,330.27,34.42,1,Ratnagiri,Maharashtra
2016-07-26,6.45,32.830000000000034,140.64,283.65,20.39,1,Ratnagiri,Maharashtra
2016-07-27,12.57,25.010000000000037,119.57000000000001,276.29,12.57,1,Ratnagiri,Maharashtra
2016-07-28,17.37,36.39000000000004,118.05000000000001,279.76,17.37,1,Ratnagiri,Maharashtra
2016-07-29,14.12,44.06000000000004,111.31,282.69,17.37,1,Ratnagiri,Maharashtra
2016-07-30,44.3,75.79000000000003,121.19,316.47,44.3,1,Ratnagiri,Maharashtra
2016-07-31,60.46,118.88000000000002,161.26,366.59999999999997,60.46,1,Ratnagiri,Maharashtra
2016-08-01,46.59,151.35000000000005,201.85999999999999,399.39000000000004,60.46,1,Ratnagiri,Maharashtra
2016-08-02,28.91,135.96000000000004,224.32,396.07,60.46,1,Ratnagiri,Maharashtra
2016-08-03,29.99,105.49000000000004,241.74,394.95,46.59,1,Ratnagiri,Maharashtra
2016-08-04,33.83,92.73000000000003,258.2,395.14,33.83,1,Ratnagiri,Maharashtra
2016-08-05,33.38,97.20000000000005,277.46,409.63,33.83,1,Ratnagiri,Maharashtra
2016-08-06,15.76,82.97000000000003,248.92,404.53000000000003,33.83,1,Ratnagiri,Maharashtra
2016-08-07,13.37,62.51000000000003,201.83,383.47999999999996,33.38,1,Ratnagiri,Maharashtra
2016-08-08,13.79,42.92000000000003,169.03,376.88,15.76,1,Ratnagiri,Maharashtra
2016-08-09,10.07,37.23000000000003,150.19,380.96,13.79,1,Ratnagiri,Maharashtra
2016-08-10,6.34,30.200000000000035,126.53999999999999,380.85,13.79,1,Ratnagiri,Maharashtra
2016-08-11,6.08,22.490000000000038,98.79,374.36,10.07,1,Ratnagiri,Maharashtra
2016-08-12,8.51,20.930000000000035,73.91999999999999,365.5,8.51,1,Ratnagiri,Maharashtra
2016-08-13,3.62,18.210000000000036,61.78,355.0,8.51,1,Ratnagiri,Maharashtra
2016-08-14,2.63,14.760000000000035,51.03999999999999,313.33,8.51,1,Ratnagiri,Maharashtra
2016-08-15,3.4,9.650000000000036,40.650000000000006,256.27,3.62,1,Ratnagiri,Maharashtra
2016-08-16,3.64,9.670000000000035,34.22,213.32,3.64,1,Ratnagiri,Maharashtra
2016-08-17,3.53,10.570000000000036,31.41,187.94,3.64,1,Ratnagiri,Maharashtra
2016-08-18,4.7,11.870000000000035,30.029999999999998,162.65,4.7,1,Ratnagiri,Maharashtra
2016-08-19,4.91,13.140000000000036,26.43,133.73,4.91,1,Ratnagiri,Maharashtra
2016-08-20,6.72,16.330000000000034,29.529999999999998,107.07,6.72,1,Ratnagiri,Maharashtra
2016-08-21,7.35,18.980000000000036,34.25,98.66,7.35,1,Ratnagiri,Maharashtra
2016-08-22,10.16,24.230000000000036,41.010000000000005,95.44999999999999,10.16,1,Ratnagiri,Maharashtra
2016-08-23,14.13,31.640000000000036,51.5,95.79,14.13,1,Ratnagiri,Maharashtra
2016-08-24,10.1,34.390000000000036,58.07,95.82,14.13,1,Ratnagiri,Maharashtra
2016-08-25,3.89,28.120000000000037,57.260000000000005,93.36999999999999,14.13,1,Ratnagiri,Maharashtra
2016-08-26,3.16,17.150000000000034,55.51,90.44999999999999,10.1,1,Ratnagiri,Maharashtra
2016-08-27,8.89,15.940000000000037,57.68000000000001,90.83000000000001,8.89,1,Ratnagiri,Maharashtra
2016-08-28,13.32,25.370000000000037,63.650000000000006,100.53,13.32,1,Ratnagiri,Maharashtra
2016-08-29,6.22,28.430000000000035,59.71000000000001,104.12,13.32,1,Ratnagiri,Maharashtra
2016-08-30,4.44,23.980000000000036,50.02,105.16,13.32,1,Ratnagiri,Maharashtra
2016-08-31,2.58,13.240000000000036,42.5,104.1,6.22,1,Ratnagiri,Maharashtra
2016-09-01,3.49,10.510000000000037,42.1,104.06,4.44,1,Ratnagiri,Maharashtra
2016-09-02,5.06,11.130000000000035,44.00000000000001,104.42000000000002,5.06,1,Ratnagiri,Maharashtra
2016-09-03,3.0,11.550000000000036,38.11,102.51,5.06,1,Ratnagiri,Maharashtra
2016-09-04,1.54,9.600000000000035,26.33,97.33,5.06,1,Ratnagiri,Maharashtra
2016-09-05,1.58,6.120000000000036,21.69,91.56,3.0,1,Ratnagiri,Maharashtra
2016-09-06,2.41,5.530000000000036,19.66,83.81,2.41,1,Ratnagiri,Maharashtra
2016-09-07,2.04,6.030000000000036,19.119999999999997,71.72,2.41,1,Ratnagiri,Maharashtra
2016-09-08,1.23,5.680000000000035,16.86,62.85000000000001,2.41,1,Ratnagiri,Maharashtra
2016-09-09,0.87,4.140000000000035,12.670000000000002,59.830000000000005,2.04,1,Ratnagiri,Maharashtra
2016-09-10,0.65,2.7500000000000355,10.32,57.32,1.23,1,Ratnagiri,Maharashtra
2016-09-11,1.54,3.0600000000000356,10.32,49.97,1.54,1,Ratnagiri,Maharashtra
2016-09-12,1.52,3.7100000000000355,10.26,38.17,1.54,1,Ratnagiri,Maharashtra
2016-09-13,4.0,7.060000000000036,11.85,35.95,4.0,1,Ratnagiri,Maharashtra
2016-09-14,7.21,12.730000000000036,17.02,38.72,7.21,1,Ratnagiri,Maharashtra
2016-09-15,9.28,20.490000000000038,25.07,45.42,9.28,1,Ratnagiri,Maharashtra
2016-09-16,16.17,32.66000000000004,40.370000000000005,58.1,16.17,1,Ratnagiri,Maharashtra
2016-09-17,15.64,41.09000000000004,55.36,68.68,16.17,1,Ratnagiri,Maharashtra
2016-09-18,10.86,42.670000000000044,64.68,76.53999999999999,16.17,1,Ratnagiri,Maharashtra
2016-09-19,5.18,31.68000000000004,68.34,80.18,15.64,1,Ratnagiri,Maharashtra
2016-09-20,4.74,20.780000000000037,69.08,83.33999999999999,10.86,1,Ratnagiri,Maharashtra
2016-09-21,8.17,18.09000000000004,70.03999999999999,89.1,8.17,1,Ratnagiri,Maharashtra
2016-09-22,18.07,30.98000000000004,78.83,105.13000000000001,18.07,1,Ratnagiri,Maharashtra
2016-09-23,32.64,58.88000000000004,95.3,136.54000000000002,32.64,1,Ratnagiri,Maharashtra
2016-09-24,26.33,77.04000000000003,105.99,162.0,32.64,1,Ratnagiri,Maharashtra
2016-09-25,15.86,74.83000000000004,110.99,177.20999999999998,32.64,1,Ratnagiri,Maharashtra
2016-09-26,5.86,48.05000000000004,111.67,181.53,26.33,1,Ratnagiri,Maharashtra
2016-09-27,2.07,23.790000000000042,109.0,182.07999999999998,15.86,1,Ratnagiri,Maharashtra
2016-09-28,2.13,10.060000000000043,102.96000000000001,180.20999999999998,5.86,1,Ratnagiri,Maharashtra
2016-09-29,0.95,5.150000000000042,85.84,173.95000000000002,2.13,1,Ratnagiri,Maharashtra
2016-09-30,1.22,4.3000000000000425,54.419999999999995,165.89000000000001,2.13,1,Ratnagiri,Maharashtra
2016-10-01,1.91,4.080000000000043,30.0,151.63,1.91,0,Ratnagiri,Maharashtra
2016-10-02,8.26,11.390000000000043,22.4,144.25,8.26,0,Ratnagiri,Maharashtra
2016-10-03,3.98,14.150000000000043,20.52,137.37,8.26,0,Ratnagiri,Maharashtra
2016-10-04,1.95,14.190000000000042,20.400000000000002,134.14,8.26,0,Ratnagiri,Maharashtra
2016-10-05,1.59,7.520000000000042,19.860000000000003,130.99,3.98,0,Ratnagiri,Maharashtra
2016-10-06,0.65,4.190000000000043,19.56,123.47000000000001,1.95,0,Ratnagiri,Maharashtra
2016-10-07,4.07,6.310000000000043,22.41,109.47,4.07,0,Ratnagiri,Maharashtra
2016-10-08,5.5,10.220000000000043,26.0,82.33,5.5,0,Ratnagiri,Maharashtra
2016-10-09,10.8,20.370000000000044,28.540000000000003,66.8,10.8,0,Ratnagiri,Maharashtra
2016-10-10,8.35,24.65000000000004,32.910000000000004,59.29,10.8,0,Ratnagiri,Maharashtra
2016-10-11,9.67,28.820000000000043,40.629999999999995,63.1,10.8,0,Ratnagiri,Maharashtra
2016-10-12,3.18,21.200000000000042,42.220000000000006,64.21000000000001,9.67,0,Ratnagiri,Maharashtra
2016-10-13,0.57,13.420000000000043,42.14,62.65,9.67,0,Ratnagiri,Maharashtra
2016-10-14,0.14,3.8900000000000428,38.21,61.84,3.18,0,Ratnagiri,Maharashtra
2016-10-15,0.01,0.7200000000000426,32.72,60.63,0.57,0,Ratnagiri,Maharashtra
2016-10-16,0.01,0.16000000000004264,21.93,58.73,0.14,0,Ratnagiri,Maharashtra
2016-10-17,0.02,0.04000000000004263,13.6,50.49,0.02,0,Ratnagiri,Maharashtra
2016-10-18,0.0,0.03000000000004263,3.93,46.51,0.02,0,Ratnagiri,Maharashtra
2016-10-19,0.0,0.020000000000042633,0.75,44.56,0.02,0,Ratnagiri,Maharashtra
2016-10-20,0.0,0.0,0.18000000000000002,42.97,0.0,0,Ratnagiri,Maharashtra
2016-10-21,0.0,0.0,0.04,42.32,0.0,0,Ratnagiri,Maharashtra
2016-10-22,0.0,0.0,0.03,38.25,0.0,0,Ratnagiri,Maharashtra
2016-10-23,0.0,0.0,0.02,32.75,0.0,0,Ratnagiri,Maharashtra
2016-10-24,0.0,0.0,0.0,21.95,0.0,0,Ratnagiri,Maharashtra
2016-10-25,0.0,0.0,0.0,13.6,0.0,0,Ratnagiri,Maharashtra
2016-10-26,0.0,0.0,0.0,3.93,0.0,0,Ratnagiri,Maharashtra
2016-10-27,0.0,0.0,0.0,0.75,0.0,0,Ratnagiri,Maharashtra
2016-10-28,0.0,0.0,0.0,0.18000000000000002,0.0,0,Ratnagiri,Maharashtra
2016-10-29,0.0,0.0,0.0,0.04,0.0,0,Ratnagiri,Maharashtra
2016-10-30,0.01,0.010000000000042633,0.01,0.04,0.01,0,Ratnagiri,Maharashtra
2016-10-31,0.02,0.03000000000004263,0.03,0.05,0.02,0,Ratnagiri,Maharashtra
2016-11-01,0.01,0.04000000000004263,0.04,0.04,0.02,0,Ratnagiri,Maharashtra
2016-11-02,0.0,0.03000000000004263,0.04,0.04,0.02,0,Ratnagiri,Maharashtra
2016-11-03,0.02,0.03000000000004264,0.060000000000000005,0.06,0.02,0,Ratnagiri,Maharashtra
2016-11-04,0.0,0.020000000000042636,0.060000000000000005,0.06,0.02,0,Ratnagiri,Maharashtra
2016-11-05,0.0,0.020000000000042636,0.060000000000000005,0.06,0.02,0,Ratnagiri,Maharashtra
2016-11-06,0.0,0.0,0.05,0.06,0.0,0,Ratnagiri,Maharashtra
2016-11-07,0.0,0.0,0.030000000000000006,0.06,0.0,0,Ratnagiri,Maharashtra
2016-11-08,0.0,0.0,0.020000000000000004,0.06,0.0,0,Ratnagiri,Maharashtra
2016-11-09,0.0,0.0,0.020000000000000004,0.06,0.0,0,Ratnagiri,Maharashtra
2016-11-10,0.0,0.0,0.0,0.06,0.0,0,Ratnagiri,Maharashtra
2016-11-11,0.0,0.0,0.0,0.06,0.0,0,Ratnagiri,Maharashtra
2016-11-12,0.0,0.0,0.0,0.06,0.0,0,Ratnagiri,Maharashtra
2016-11-13,0.0,0.0,0.0,0.06,0.0,0,Ratnagiri,Maharashtra
2016-11-14,0.01,0.01000000000004264,0.010000000000000007,0.06,0.01,0,Ratnagiri,Maharashtra
2016-11-15,0.33,0.34000000000004266,0.34,0.37,0.33,0,Ratnagiri,Maharashtra
2016-11-16,1.63,1.9700000000000426,1.97,1.9899999999999998,1.63,0,Ratnagiri,Maharashtra
2016-11-17,0.03,1.9900000000000426,2.0,2.0199999999999996,1.63,0,Ratnagiri,Maharashtra
2016-11-18,0.0,1.6600000000000426,2.0,1.9999999999999998,1.63,0,Ratnagiri,Maharashtra
2016-11-19,0.02,0.050000000000042635,2.02,2.0199999999999996,0.03,0,Ratnagiri,Maharashtra
2016-11-20,0.0,0.020000000000042633,2.02,2.0199999999999996,0.02,0,Ratnagiri,Maharashtra
2016-11-21,0.0,0.020000000000042633,2.0100000000000002,2.0199999999999996,0.02,0,Ratnagiri,Maharashtra
2016-11-22,0.0,0.0,1.68,2.0199999999999996,0.0,0,Ratnagiri,Maharashtra
2016-11-23,0.0,0.0,0.05,2.0199999999999996,0.0,0,Ratnagiri,Maharashtra
2016-11-24,0.0,0.0,0.02,2.0199999999999996,0.0,0,Ratnagiri,Maharashtra
2016-11-25,0.0,0.0,0.02,2.0199999999999996,0.0,0,Ratnagiri,Maharashtra
2016-11-26,0.0,0.0,0.0,2.0199999999999996,0.0,0,Ratnagiri,Maharashtra
2016-11-27,0.0,0.0,0.0,2.0199999999999996,0.0,0,Ratnagiri,Maharashtra
2016-11-28,0.0,0.0,0.0,2.0199999999999996,0.0,0,Ratnagiri,Maharashtra
2016-11-29,0.0,0.0,0.0,2.01,0.0,0,Ratnagiri,Maharashtra
2016-11-30,0.0,0.0,0.0,1.68,0.0,0,Ratnagiri,Maharashtra
2016-12-01,0.0,0.0,0.0,0.05,0.0,0,Ratnagiri,Maharashtra
2016-12-02,0.0,0.0,0.0,0.02,0.0,0,Ratnagiri,Maharashtra
2016-12-03,0.0,0.0,0.0,0.02,0.0,0,Ratnagiri,Maharashtra
2016-12-04,0.1,0.10000000000004264,0.1,0.1,0.1,0,Ratnagiri,Maharashtra
2016-12-05,0.15,0.25000000000004263,0.25,0.25,0.15,0,Ratnagiri,Maharashtra
2016-12-06,0.0,0.25000000000004263,0.25,0.25,0.15,0,Ratnagiri,Maharashtra
2016-12-07,0.0,0.15000000000004263,0.25,0.25,0.15,0,Ratnagiri,Maharashtra
2016-12-08,0.0,0.0,0.25,0.25,0.0,0,Ratnagiri,Maharashtra
2016-12-09,0.0,0.0,0.25,0.25,0.0,0,Ratnagiri,Maharashtra
2016-12-10,0.0,0.0,0.25,0.25,0.0,0,Ratnagiri,Maharashtra
2016-12-11,0.0,0.0,0.15,0.25,0.0,0,Ratnagiri,Maharashtra
2016-12-12,0.0,0.0,0.0,0.25,0.0,0,Ratnagiri,Maharashtra
2016-12-13,0.0,0.0,0.0,0.25,0.0,0,Ratnagiri,Maharashtra
2016-12-14,0.03,0.03000000000004263,0.03,0.28,0.03,0,Ratnagiri,Maharashtra
2016-12-15,0.06,0.09000000000004263,0.09,0.33999999999999997,0.06,0,Ratnagiri,Maharashtra
2016-12-16,0.08,0.17000000000004262,0.16999999999999998,0.42,0.08,0,Ratnagiri,Maharashtra
2016-12-17,0.0,0.14000000000004265,0.16999999999999998,0.42,0.08,0,Ratnagiri,Maharashtra
2016-12-18,0.0,0.08000000000004263,0.16999999999999998,0.42,0.08,0,Ratnagiri,Maharashtra
2016-12-19,0.0,0.0,0.16999999999999998,0.31999999999999995,0.0,0,Ratnagiri,Maharashtra
2016-12-20,0.0,0.0,0.16999999999999998,0.16999999999999998,0.0,0,Ratnagiri,Maharashtra
2016-12-21,0.0,0.0,0.14,0.16999999999999998,0.0,0,Ratnagiri,Maharashtra
2016-12-22,0.0,0.0,0.08,0.16999999999999998,0.0,0,Ratnagiri,Maharashtra
2016-12-23,0.0,0.0,0.0,0.16999999999999998,0.0,0,Ratnagiri,Maharashtra
2016-12-24,0.0,0.0,0.0,0.16999999999999998,0.0,0,Ratnagiri,Maharashtra
2016-12-25,0.0,0.0,0.0,0.16999999999999998,0.0,0,Ratnagiri,Maharashtra
2016-12-26,0.0,0.0,0.0,0.16999999999999998,0.0,0,Ratnagiri,Maharashtra
2016-12-27,0.0,0.0,0.0,0.16999999999999998,0.0,0,Ratnagiri,Maharashtra
2016-12-28,0.0,0.0,0.0,0.16999999999999998,0.0,0,Ratnagiri,Maharashtra
2016-12-29,0.0,0.0,0.0,0.14,0.0,0,Ratnagiri,Maharashtra
2016-12-30,0.0,0.0,0.0,0.08,0.0,0,Ratnagiri,Maharashtra
2016-12-31,0.0,0.0,0.0,0.0,0.0,0,Ratnagiri,Maharashtra
2017-01-01,0.0,0.0,0.0,0.0,0.0,0,Ratnagiri,Maharashtra
2017-01-02,0.0,0.0,0.0,0.0,0.0,0,Ratnagiri,Maharashtra
2017-01-03,0.0,0.0,0.0,0.0,0.0,0,Ratnagiri,Maharashtra
2017-01-04,0.0,0.0,0.0,0.0,0.0,0,Ratnagiri,Maharashtra
2017-01-05,0.0,0.0,0.0,0.0,0.0,0,Ratnagiri,Maharashtra
2017-01-06,0.0,0.0,0.0,0.0,0.0,0,Ratnagiri,Maharashtra
2017-01-07,0.0,0.0,0.0,0.0,0.0,0,Ratnagiri,Maharashtra
2017-01-08,0.0,0.0,0.0,0.0,0.0,0,Ratnagiri,Maharashtra
2017-01-09,0.0,0.0,0.0,0.0,0.0,0,Ratnagiri,Maharashtra
2017-01-10,0.0,0.0,0.0,0.0,0.0,0,Ratnagiri,Maharashtra
2017-01-11,0.0,0.0,0.0,0.0,0.0,0,Ratnagiri,Maharashtra
2017-01-12,0.0,0.0,0.0,0.0,0.0,0,Ratnagiri,Maharashtra
2017-01-13,0.0,0.0,0.0,0.0,0.0,0,Ratnagiri,Maharashtra
2017-01-14,0.0,0.0,0.0,0.0,0.0,0,Ratnagiri,Maharashtra
2017-01-15,0.0,0.0,0.0,0.0,0.0,0,Ratnagiri,Maharashtra
2017-01-16,0.0,0.0,0.0,0.0,0.0,0,Ratnagiri,Maharashtra
2017-01-17,0.0,0.0,0.0,0.0,0.0,0,Ratnagiri,Maharashtra
2017-01-18,0.0,0.0,0.0,0.0,0.0,0,Ratnagiri,Maharashtra
2017-01-19,0.0,0.0,0.0,0.0,0.0,0,Ratnagiri,Maharashtra
2017-01-20,0.0,0.0,0.0,0.0,0.0,0,Ratnagiri,Maharashtra
2017-01-21,0.0,0.0,0.0,0.0,0.0,0,Ratnagiri,Maharashtra
2017-01-22,0.0,0.0,0.0,0.0,0.0,0,Ratnagiri,Maharashtra
2017-01-23,0.0,0.0,0.0,0.0,0.0,0,Ratnagiri,Maharashtra
2017-01-24,0.0,0.0,0.0,0.0,0.0,0,Ratnagiri,Maharashtra
2017-01-25,0.0,0.0,0.0,0.0,0.0,0,Ratnagiri,Maharashtra
2017-01-26,0.0,0.0,0.0,0.0,0.0,0,Ratnagiri,Maharashtra
2017-01-27,0.0,0.0,0.0,0.0,0.0,0,Ratnagiri,Maharashtra
2017-01-28,0.0,0.0,0.0,0.0,0.0,0,Ratnagiri,Maharashtra
2017-01-29,0.0,0.0,0.0,0.0,0.0,0,Ratnagiri,Maharashtra
2017-01-30,0.0,0.0,0.0,0.0,0.0,0,Ratnagiri,Maharashtra
2017-01-31,0.0,0.0,0.0,0.0,0.0,0,Ratnagiri,Maharashtra
2017-02-01,0.0,0.0,0.0,0.0,0.0,0,Ratnagiri,Maharashtra
2017-02-02,0.0,0.0,0.0,0.0,0.0,0,Ratnagiri,Maharashtra
2017-02-03,0.0,0.0,0.0,0.0,0.0,0,Ratnagiri,Maharashtra
2017-02-04,0.0,0.0,0.0,0.0,0.0,0,Ratnagiri,Maharashtra
2017-02-05,0.0,0.0,0.0,0.0,0.0,0,Ratnagiri,Maharashtra
2017-02-06,0.0,0.0,0.0,0.0,0.0,0,Ratnagiri,Maharashtra
2017-02-07,0.0,0.0,0.0,0.0,0.0,0,Ratnagiri,Maharashtra
2017-02-08,0.0,0.0,0.0,0.0,0.0,0,Ratnagiri,Maharashtra
2017-02-09,0.0,0.0,0.0,0.0,0.0,0,Ratnagiri,Maharashtra
2017-02-10,0.0,0.0,0.0,0.0,0.0,0,Ratnagiri,Maharashtra
2017-02-11,0.0,0.0,0.0,0.0,0.0,0,Ratnagiri,Maharashtra
2017-02-12,0.0,0.0,0.0,0.0,0.0,0,Ratnagiri,Maharashtra
2017-02-13,0.0,0.0,0.0,0.0,0.0,0,Ratnagiri,Maharashtra
2017-02-14,0.0,0.0,0.0,0.0,0.0,0,Ratnagiri,Maharashtra
2017-02-15,0.0,0.0,0.0,0.0,0.0,0,Ratnagiri,Maharashtra
2017-02-16,0.0,0.0,0.0,0.0,0.0,0,Ratnagiri,Maharashtra
2017-02-17,0.0,0.0,0.0,0.0,0.0,0,Ratnagiri,Maharashtra
2017-02-18,0.0,0.0,0.0,0.0,0.0,0,Ratnagiri,Maharashtra
2017-02-19,0.01,0.010000000000042633,0.01,0.01,0.01,0,Ratnagiri,Maharashtra
2017-02-20,0.01,0.020000000000042633,0.02,0.02,0.01,0,Ratnagiri,Maharashtra
2017-02-21,0.0,0.020000000000042633,0.02,0.02,0.01,0,Ratnagiri,Maharashtra
2017-02-22,0.0,0.010000000000042633,0.02,0.02,0.01,0,Ratnagiri,Maharashtra
2017-02-23,0.0,0.0,0.02,0.02,0.0,0,Ratnagiri,Maharashtra
2017-02-24,0.0,0.0,0.02,0.02,0.0,0,Ratnagiri,Maharashtra
2017-02-25,0.0,0.0,0.02,0.02,0.0,0,Ratnagiri,Maharashtra
2017-02-26,0.06,0.06000000000004263,0.06999999999999999,0.08,0.06,0,Ratnagiri,Maharashtra
2017-02-27,0.13,0.19000000000004263,0.19,0.21000000000000002,0.13,0,Ratnagiri,Maharashtra
2017-02-28,0.01,0.20000000000004264,0.2,0.22000000000000003,0.13,0,Ratnagiri,Maharashtra
2017-03-01,0.01,0.15000000000004263,0.21,0.23,0.13,0,Ratnagiri,Maharashtra
2017-03-02,0.03,0.050000000000042635,0.24,0.26,0.03,0,Ratnagiri,Maharashtra
2017-03-03,0.0,0.040000000000042626,0.24,0.26,0.03,0,Ratnagiri,Maharashtra
2017-03-04,0.0,0.03000000000004263,0.24,0.26,0.03,0,Ratnagiri,Maharashtra
2017-03-05,0.0,0.0,0.18,0.26,0.0,0,Ratnagiri,Maharashtra
2017-03-06,0.0,0.0,0.05,0.25,0.0,0,Ratnagiri,Maharashtra
2017-03-07,0.0,0.0,0.039999999999999994,0.24000000000000002,0.0,0,Ratnagiri,Maharashtra
2017-03-08,0.0,0.0,0.03,0.24000000000000002,0.0,0,Ratnagiri,Maharashtra
2017-03-09,0.0,0.0,0.0,0.24000000000000002,0.0,0,Ratnagiri,Maharashtra
2017-03-10,0.0,0.0,0.0,0.24000000000000002,0.0,0,Ratnagiri,Maharashtra
2017-03-11,0.0,0.0,0.0,0.24000000000000002,0.0,0,Ratnagiri,Maharashtra
2017-03-12,0.0,0.0,0.0,0.24000000000000002,0.0,0,Ratnagiri,Maharashtra
2017-03-13,0.0,0.0,0.0,0.18,0.0,0,Ratnagiri,Maharashtra
2017-03-14,0.0,0.0,0.0,0.05,0.0,0,Ratnagiri,Maharashtra
2017-03-15,0.0,0.0,0.0,0.039999999999999994,0.0,0,Ratnagiri,Maharashtra
2017-03-16,0.0,0.0,0.0,0.03,0.0,0,Ratnagiri,Maharashtra
2017-03-17,0.0,0.0,0.0,0.0,0.0,0,Ratnagiri,Maharashtra
2017-03-18,0.0,0.0,0.0,0.0,0.0,0,Ratnagiri,Maharashtra
2017-03-19,0.0,0.0,0.0,0.0,0.0,0,Ratnagiri,Maharashtra
2017-03-20,0.0,0.0,0.0,0.0,0.0,0,Ratnagiri,Maharashtra
2017-03-21,0.0,0.0,0.0,0.0,0.0,0,Ratnagiri,Maharashtra
2017-03-22,0.0,0.0,0.0,0.0,0.0,0,Ratnagiri,Maharashtra
2017-03-23,0.0,0.0,0.0,0.0,0.0,0,Ratnagiri,Maharashtra
2017-03-24,0.0,0.0,0.0,0.0,0.0,0,Ratnagiri,Maharashtra
2017-03-25,0.0,0.0,0.0,0.0,0.0,0,Ratnagiri,Maharashtra
2017-03-26,0.0,0.0,0.0,0.0,0.0,0,Ratnagiri,Maharashtra
2017-03-27,0.02,0.020000000000042633,0.02,0.02,0.02,0,Ratnagiri,Maharashtra
2017-03-28,0.06,0.08000000000004263,0.08,0.08,0.06,0,Ratnagiri,Maharashtra
2017-03-29,0.11,0.19000000000004263,0.19,0.19,0.11,0,Ratnagiri,Maharashtra
2017-03-30,0.16,0.33000000000004265,0.35,0.35,0.16,0,Ratnagiri,Maharashtra
2017-03-31,0.08,0.35000000000004267,0.43,0.43,0.16,0,Ratnagiri,Maharashtra
2017-04-01,0.04,0.28000000000004266,0.47000000000000003,0.47000000000000003,0.16,0,Ratnagiri,Maharashtra
2017-04-02,0.0,0.12000000000004263,0.47000000000000003,0.47000000000000003,0.08,0,Ratnagiri,Maharashtra
2017-04-03,0.01,0.050000000000042635,0.45999999999999996,0.48,0.04,0,Ratnagiri,Maharashtra
2017-04-04,0.01,0.020000000000042633,0.41,0.49,0.01,0,Ratnagiri,Maharashtra
2017-04-05,0.03,0.050000000000042635,0.33,0.52,0.03,0,Ratnagiri,Maharashtra
2017-04-06,0.02,0.06000000000004263,0.19,0.54,0.03,0,Ratnagiri,Maharashtra
2017-04-07,0.02,0.07000000000004264,0.13,0.56,0.03,0,Ratnagiri,Maharashtra
2017-04-08,0.0,0.04000000000004264,0.09,0.56,0.02,0,Ratnagiri,Maharashtra
2017-04-09,0.0,0.020000000000042633,0.09,0.56,0.02,0,Ratnagiri,Maharashtra
2017-04-10,0.01,0.010000000000042633,0.09,0.5700000000000001,0.01,0,Ratnagiri,Maharashtra
2017-04-11,0.03,0.04000000000004263,0.11,0.58,0.03,0,Ratnagiri,Maharashtra
2017-04-12,0.0,0.04000000000004263,0.08,0.52,0.03,0,Ratnagiri,Maharashtra
2017-04-13,0.0,0.03000000000004263,0.06,0.41000000000000003,0.03,0,Ratnagiri,Maharashtra
2017-04-14,0.0,0.0,0.039999999999999994,0.24999999999999997,0.0,0,Ratnagiri,Maharashtra
2017-04-15,0.0,0.0,0.039999999999999994,0.16999999999999998,0.0,0,Ratnagiri,Maharashtra
2017-04-16,0.0,0.0,0.039999999999999994,0.13,0.0,0,Ratnagiri,Maharashtra
2017-04-17,0.0,0.0,0.03,0.13,0.0,0,Ratnagiri,Maharashtra
2017-04-18,0.0,0.0,0.0,0.12,0.0,0,Ratnagiri,Maharashtra
2017-04-19,0.0,0.0,0.0,0.11,0.0,0,Ratnagiri,Maharashtra
2017-04-20,0.0,0.0,0.0,0.08,0.0,0,Ratnagiri,Maharashtra
2017-04-21,0.0,0.0,0.0,0.06,0.0,0,Ratnagiri,Maharashtra
2017-04-22,0.0,0.0,0.0,0.039999999999999994,0.0,0,Ratnagiri,Maharashtra
2017-04-23,0.0,0.0,0.0,0.039999999999999994,0.0,0,Ratnagiri,Maharashtra
2017-04-24,0.01,0.010000000000042633,0.01,0.049999999999999996,0.01,0,Ratnagiri,Maharashtra
2017-04-25,0.0,0.010000000000042633,0.01,0.04,0.01,0,Ratnagiri,Maharashtra
2017-04-26,0.01,0.020000000000042633,0.02,0.02,0.01,0,Ratnagiri,Maharashtra
2017-04-27,0.1,0.11000000000004263,0.12000000000000001,0.12000000000000001,0.1,0,Ratnagiri,Maharashtra
2017-04-28,0.03,0.14000000000004265,0.15000000000000002,0.15000000000000002,0.1,0,Ratnagiri,Maharashtra
2017-04-29,0.03,0.1600000000000426,0.18,0.18,0.1,0,Ratnagiri,Maharashtra
2017-04-30,0.05,0.11000000000004263,0.23,0.23,0.05,0,Ratnagiri,Maharashtra
2017-05-01,0.05,0.13000000000004264,0.27,0.28,0.05,0,Ratnagiri,Maharashtra
2017-05-02,0.14,0.24000000000004265,0.41000000000000003,0.42000000000000004,0.14,0,Ratnagiri,Maharashtra
2017-05-03,0.41,0.6000000000000426,0.81,0.8300000000000001,0.41,0,Ratnagiri,Maharashtra
2017-05-04,2.43,2.980000000000043,3.14,3.2600000000000002,2.43,0,Ratnagiri,Maharashtra
2017-05-05,1.66,4.500000000000043,4.7700000000000005,4.92,2.43,0,Ratnagiri,Maharashtra
2017-05-06,1.42,5.510000000000042,6.16,6.34,2.43,0,Ratnagiri,Maharashtra
2017-05-07,1.4,4.480000000000042,7.51,7.74,1.66,0,Ratnagiri,Maharashtra
2017-05-08,0.28,3.1000000000000423,7.74,8.02,1.42,0,Ratnagiri,Maharashtra
2017-05-09,0.29,1.9700000000000426,7.89,8.3,1.4,0,Ratnagiri,Maharashtra
2017-05-10,0.09,0.6600000000000427,7.569999999999999,8.39,0.29,0,Ratnagiri,Maharashtra
2017-05-11,0.28,0.6600000000000427,5.42,8.66,0.29,0,Ratnagiri,Maharashtra
2017-05-12,2.02,2.3900000000000428,5.779999999999999,10.580000000000002,2.02,0,Ratnagiri,Maharashtra
2017-05-13,1.72,4.020000000000043,6.08,12.27,2.02,0,Ratnagiri,Maharashtra
2017-05-14,2.17,5.910000000000043,6.8500000000000005,14.41,2.17,0,Ratnagiri,Maharashtra
2017-05-15,1.25,5.140000000000043,7.82,15.61,2.17,0,Ratnagiri,Maharashtra
2017-05-16,0.02,3.440000000000043,7.55,15.58,2.17,0,Ratnagiri,Maharashtra
2017-05-17,0.02,1.2900000000000431,7.48,15.459999999999999,1.25,0,Ratnagiri,Maharashtra
2017-05-18,0.01,0.05000000000004308,7.21,15.06,0.02,0,Ratnagiri,Maharashtra
2017-05-19,0.01,0.04000000000004308,5.199999999999999,12.64,0.02,0,Ratnagiri,Maharashtra
2017-05-20,0.01,0.03,3.4899999999999998,10.99,0.01,0,Ratnagiri,Maharashtra
2017-05-21,0.03,0.05000000000004307,1.35,9.6,0.03,0,Ratnagiri,Maharashtra
2017-05-22,0.09,0.13000000000004308,0.19,8.29,0.09,0,Ratnagiri,Maharashtra
2017-05-23,0.16,0.28000000000004305,0.33,8.17,0.16,0,Ratnagiri,Maharashtra
2017-05-24,0.17,0.4200000000000431,0.48,8.05,0.17,0,Ratnagiri,Maharashtra
2017-05-25,0.02,0.35000000000004305,0.49,7.9799999999999995,0.17,0,Ratnagiri,Maharashtra
2017-05-26,0.36,0.550000000000043,0.84,8.06,0.36,0,Ratnagiri,Maharashtra
2017-05-27,0.9,1.2800000000000429,1.73,6.9399999999999995,0.9,0,Ratnagiri,Maharashtra
2017-05-28,1.11,2.370000000000043,2.81,6.33,1.11,0,Ratnagiri,Maharashtra
2017-05-29,3.37,5.380000000000043,6.09,7.53,3.37,0,Ratnagiri,Maharashtra
2017-05-30,11.36,15.840000000000042,17.29,17.64,11.36,0,Ratnagiri,Maharashtra
2017-05-31,11.74,26.47000000000004,28.86,29.36,11.74,0,Ratnagiri,Maharashtra
2017-06-01,8.45,31.55000000000004,37.29,37.79,11.74,1,Ratnagiri,Maharashtra
2017-06-02,2.17,22.360000000000042,39.099999999999994,39.95,11.74,1,Ratnagiri,Maharashtra
2017-06-03,2.21,12.830000000000041,40.41,42.15,8.45,1,Ratnagiri,Maharashtra
2017-06-04,6.65,11.030000000000044,45.95,48.79,6.65,1,Ratnagiri,Maharashtra
2017-06-05,3.7,12.560000000000043,46.279999999999994,52.46,6.65,1,Ratnagiri,Maharashtra
2017-06-06,4.57,14.920000000000044,39.49,56.940000000000005,6.65,1,Ratnagiri,Maharashtra
2017-06-07,10.42,18.69000000000004,38.17,67.2,10.42,1,Ratnagiri,Maharashtra
2017-06-08,15.4,30.390000000000043,45.12,82.42999999999999,15.4,1,Ratnagiri,Maharashtra
2017-06-09,32.24,58.060000000000045,75.19,114.65,32.24,1,Ratnagiri,Maharashtra
2017-06-10,23.88,71.52000000000004,96.86,138.17000000000002,32.24,1,Ratnagiri,Maharashtra
2017-06-11,39.26,95.38000000000005,129.47,176.53,39.26,1,Ratnagiri,Maharashtra
2017-06-12,24.38,87.52000000000004,150.15,199.8,39.26,1,Ratnagiri,Maharashtra
2017-06-13,4.67,68.31000000000004,150.25,201.10000000000002,39.26,1,Ratnagiri,Maharashtra
2017-06-14,0.77,29.820000000000043,140.6,190.51,24.38,1,Ratnagiri,Maharashtra
2017-06-15,3.39,8.830000000000043,128.59,182.16000000000003,4.67,1,Ratnagiri,Maharashtra
2017-06-16,13.33,17.490000000000045,109.67999999999998,187.04,13.33,1,Ratnagiri,Maharashtra
2017-06-17,11.47,28.190000000000044,97.27,196.34,13.33,1,Ratnagiri,Maharashtra
2017-06-18,10.74,35.54000000000004,68.75,204.87,13.33,1,Ratnagiri,Maharashtra
2017-06-19,5.82,28.030000000000044,50.190000000000005,204.04,11.47,1,Ratnagiri,Maharashtra
2017-06-20,4.52,21.08000000000004,50.040000000000006,204.86,10.74,1,Ratnagiri,Maharashtra
2017-06-21,3.29,13.630000000000042,52.56,203.58,5.82,1,Ratnagiri,Maharashtra
2017-06-22,4.02,11.830000000000041,53.19,197.18,4.52,1,Ratnagiri,Maharashtra
2017-06-23,6.68,13.990000000000041,46.54,188.46,6.68,1,Ratnagiri,Maharashtra
2017-06-24,8.21,18.910000000000043,43.28,164.43,8.21,1,Ratnagiri,Maharashtra
2017-06-25,10.52,25.410000000000043,43.06,151.07,10.52,1,Ratnagiri,Maharashtra
2017-06-26,14.22,32.950000000000045,51.46,126.03,14.22,1,Ratnagiri,Maharashtra
2017-06-27,8.45,33.19000000000004,55.38999999999999,110.10000000000001,14.22,1,Ratnagiri,Maharashtra
2017-06-28,13.38,36.05000000000004,65.47999999999999,118.81,14.22,1,Ratnagiri,Maharashtra
2017-06-29,21.72,43.55000000000004,83.18,139.76,21.72,1,Ratnagiri,Maharashtra
2017-06-30,10.07,45.170000000000044,86.57,146.44,21.72,1,Ratnagiri,Maharashtra
2017-07-01,13.56,45.350000000000044,91.92,146.67000000000002,21.72,1,Ratnagiri,Maharashtra
2017-07-02,12.28,35.91000000000004,93.68,147.48000000000002,13.56,1,Ratnagiri,Maharashtra
2017-07-03,11.72,37.560000000000045,91.18,148.46,13.56,1,Ratnagiri,Maharashtra
2017-07-04,10.1,34.10000000000004,92.83,152.74,12.28,1,Ratnagiri,Maharashtra
2017-07-05,8.23,30.050000000000043,87.67999999999999,156.45,11.72,1,Ratnagiri,Maharashtra
2017-07-06,7.56,25.89000000000004,73.52000000000001,160.72,10.1,1,Ratnagiri,Maharashtra
2017-07-07,4.97,20.76000000000004,68.42,161.67,8.23,1,Ratnagiri,Maharashtra
2017-07-08,6.45,18.980000000000043,61.309999999999995,161.44,7.56,1,Ratnagiri,Maharashtra
2017-07-09,7.79,19.210000000000043,56.82000000000001,161.02,7.79,1,Ratnagiri,Maharashtra
2017-07-10,12.9,27.140000000000043,58.0,163.4,12.9,1,Ratnagiri,Maharashtra
2017-07-11,8.08,28.770000000000046,55.980000000000004,157.26,12.9,1,Ratnagiri,Maharashtra
2017-07-12,3.54,24.520000000000046,51.29,152.35000000000002,12.9,1,Ratnagiri,Maharashtra
2017-07-13,11.69,23.31000000000004,55.42,150.66000000000003,11.69,1,Ratnagiri,Maharashtra
2017-07-14,9.04,24.27000000000004,59.489999999999995,137.98,11.69,1,Ratnagiri,Maharashtra
2017-07-15,10.36,31.09000000000004,63.400000000000006,138.26999999999998,11.69,1,Ratnagiri,Maharashtra
2017-07-16,7.83,27.23000000000004,63.44,132.54,10.36,1,Ratnagiri,Maharashtra
2017-07-17,19.04,37.23000000000004,69.58,139.3,19.04,1,Ratnagiri,Maharashtra
2017-07-18,83.52,110.39000000000004,145.01999999999998,211.1,83.52,1,Ratnagiri,Maharashtra
2017-07-19,65.62,168.18000000000004,207.10000000000002,266.62,83.52,1,Ratnagiri,Maharashtra
2017-07-20,38.01,187.15000000000003,233.42000000000002,296.4,83.52,1,Ratnagiri,Maharashtra
2017-07-21,10.58,114.21000000000004,234.95999999999998,299.41999999999996,65.62,1,Ratnagiri,Maharashtra
2017-07-22,6.12,54.71000000000003,230.72,300.57,38.01,1,Ratnagiri,Maharashtra
2017-07-23,9.96,26.66000000000003,232.85,304.08,10.58,1,Ratnagiri,Maharashtra
2017-07-24,10.88,26.96000000000003,224.69,307.17,10.88,1,Ratnagiri,Maharashtra
2017-07-25,3.6,24.44000000000003,144.77,297.86999999999995,10.88,1,Ratnagiri,Maharashtra
2017-07-26,2.0,16.48000000000003,81.15,291.78999999999996,10.88,1,Ratnagiri,Maharashtra
2017-07-27,4.6,10.200000000000028,47.74,292.84999999999997,4.6,1,Ratnagiri,Maharashtra
2017-07-28,6.67,13.270000000000028,43.83,287.83,6.67,1,Ratnagiri,Maharashtra
2017-07-29,5.98,17.25000000000003,43.69,284.77,6.67,1,Ratnagiri,Maharashtra
2017-07-30,4.89,17.540000000000028,38.620000000000005,279.3,6.67,1,Ratnagiri,Maharashtra
2017-07-31,3.93,14.80000000000003,31.67,275.4,5.98,1,Ratnagiri,Maharashtra
2017-08-01,2.27,11.090000000000028,30.34,258.63,4.89,1,Ratnagiri,Maharashtra
2017-08-02,3.38,9.580000000000028,31.72,178.49,3.93,1,Ratnagiri,Maharashtra
2017-08-03,7.42,13.070000000000029,34.54,120.28999999999999,7.42,1,Ratnagiri,Maharashtra
2017-08-04,4.77,15.570000000000029,32.64,87.05000000000001,7.42,1,Ratnagiri,Maharashtra
2017-08-05,3.2,15.390000000000029,29.86,79.66999999999999,7.42,1,Ratnagiri,Maharashtra
2017-08-06,2.45,10.420000000000028,27.419999999999998,76.0,4.77,1,Ratnagiri,Maharashtra
2017-08-07,3.23,8.88000000000003,26.72,69.27,3.23,1,Ratnagiri,Maharashtra
2017-08-08,3.92,9.600000000000028,28.37,62.31,3.92,1,Ratnagiri,Maharashtra
2017-08-09,4.36,11.51000000000003,29.35,63.07,4.36,1,Ratnagiri,Maharashtra
2017-08-10,6.89,15.170000000000028,28.82,67.96,6.89,1,Ratnagiri,Maharashtra
2017-08-11,11.77,23.020000000000028,35.82,75.13,11.77,1,Ratnagiri,Maharashtra
2017-08-12,2.9,21.560000000000027,35.52,71.36,11.77,1,Ratnagiri,Maharashtra
2017-08-13,1.55,16.220000000000027,34.620000000000005,66.92999999999999,11.77,1,Ratnagiri,Maharashtra
2017-08-14,4.53,8.980000000000029,35.92,66.57,4.53,1,Ratnagiri,Maharashtra
2017-08-15,1.87,7.950000000000029,33.87,64.51,4.53,1,Ratnagiri,Maharashtra
2017-08-16,5.87,12.270000000000028,35.38,68.11,5.87,1,Ratnagiri,Maharashtra
2017-08-17,1.99,9.730000000000029,30.48,66.72,5.87,1,Ratnagiri,Maharashtra
2017-08-18,4.65,12.51000000000003,23.36,63.95,5.87,1,Ratnagiri,Maharashtra
2017-08-19,7.35,13.990000000000029,27.810000000000002,66.53,7.35,1,Ratnagiri,Maharashtra
2017-08-20,20.09,32.09000000000003,46.35,83.42,20.09,1,Ratnagiri,Maharashtra
2017-08-21,3.2,30.64000000000003,45.02,84.17,20.09,1,Ratnagiri,Maharashtra
2017-08-22,5.03,28.32000000000003,48.18000000000001,85.97,20.09,1,Ratnagiri,Maharashtra
2017-08-23,4.42,12.650000000000029,46.73,86.47000000000001,5.03,1,Ratnagiri,Maharashtra
2017-08-24,10.47,19.92000000000003,55.21000000000001,92.58000000000001,10.47,1,Ratnagiri,Maharashtra
2017-08-25,11.02,25.91000000000003,61.58,96.71000000000001,11.02,1,Ratnagiri,Maharashtra
2017-08-26,19.68,41.17000000000003,73.91,104.62,19.68,1,Ratnagiri,Maharashtra
2017-08-27,19.86,50.56000000000003,73.68,121.58000000000001,19.86,1,Ratnagiri,Maharashtra
2017-08-28,40.41,79.95000000000003,110.88999999999999,160.44,40.41,1,Ratnagiri,Maharashtra
2017-08-29,25.09,85.36000000000003,130.95,181.0,40.41,1,Ratnagiri,Maharashtra
2017-08-30,10.58,76.08000000000003,137.10999999999999,189.70999999999998,40.41,1,Ratnagiri,Maharashtra
2017-08-31,4.0,39.67000000000003,130.64,187.84,25.09,1,Ratnagiri,Maharashtra
2017-09-01,2.55,17.130000000000027,122.17,188.4,10.58,1,Ratnagiri,Maharashtra
2017-09-02,2.99,9.540000000000028,105.48,186.73999999999998,4.0,1,Ratnagiri,Maharashtra
2017-09-03,1.47,7.010000000000028,87.09,180.86,2.99,1,Ratnagiri,Maharashtra
2017-09-04,0.31,4.770000000000029,46.99,161.07999999999998,2.99,1,Ratnagiri,Maharashtra
2017-09-05,0.44,2.220000000000028,22.34,158.32000000000002,1.47,1,Ratnagiri,Maharashtra
2017-09-06,0.57,1.3200000000000283,12.33,153.86,0.57,1,Ratnagiri,Maharashtra
2017-09-07,1.62,2.6300000000000283,9.95,151.06,1.62,1,Ratnagiri,Maharashtra
2017-09-08,37.32,39.510000000000026,44.72,177.91,37.32,1,Ratnagiri,Maharashtra
2017-09-09,6.11,45.050000000000026,47.839999999999996,172.99999999999997,37.32,1,Ratnagiri,Maharashtra
2017-09-10,3.64,47.07000000000003,50.01,156.96,37.32,1,Ratnagiri,Maharashtra
2017-09-11,5.95,15.70000000000003,55.65,143.04999999999998,6.11,1,Ratnagiri,Maharashtra
2017-09-12,7.32,16.91000000000003,62.53,109.96,7.32,1,Ratnagiri,Maharashtra
2017-09-13,6.96,20.23000000000003,68.92,91.83,7.32,1,Ratnagiri,Maharashtra
2017-09-14,12.55,26.830000000000027,79.85,93.80000000000001,12.55,1,Ratnagiri,Maharashtra
2017-09-15,9.81,29.32000000000003,52.34,99.61,12.55,1,Ratnagiri,Maharashtra
2017-09-16,4.98,27.34000000000003,51.21,102.03999999999999,12.55,1,Ratnagiri,Maharashtra
2017-09-17,24.68,39.47000000000003,72.25,123.72999999999999,24.68,1,Ratnagiri,Maharashtra
2017-09-18,80.4,110.06000000000003,146.7,202.66,80.4,1,Ratnagiri,Maharashtra
2017-09-19,64.16,169.24,203.54000000000002,266.51,80.4,1,Ratnagiri,Maharashtra
2017-09-20,10.61,155.17000000000002,207.19,276.68,80.4,1,Ratnagiri,Maharashtra
2017-09-21,12.01,86.78000000000003,206.64999999999998,288.12,64.16,1,Ratnagiri,Maharashtra
2017-09-22,6.36,28.98000000000003,203.20000000000002,292.86,12.01,1,Ratnagiri,Maharashtra
2017-09-23,0.51,18.880000000000027,198.73,256.05,12.01,1,Ratnagiri,Maharashtra
2017-09-24,6.25,13.12000000000003,180.3,256.19,6.36,1,Ratnagiri,Maharashtra
2017-09-25,24.39,31.15000000000003,124.28999999999999,276.94,24.39,1,Ratnagiri,Maharashtra
2017-09-26,2.63,33.27000000000003,62.76,273.62,24.39,1,Ratnagiri,Maharashtra
2017-09-27,8.92,35.940000000000026,61.07,275.22,24.39,1,Ratnagiri,Maharashtra
2017-09-28,19.31,30.860000000000028,68.37,287.57,19.31,1,Ratnagiri,Maharashtra
2017-09-29,15.76,43.99000000000003,77.77,290.78,19.31,1,Ratnagiri,Maharashtra
2017-09-30,16.97,52.04000000000003,94.22999999999999,297.93999999999994,19.31,1,Ratnagiri,Maharashtra
2017-10-01,11.84,44.570000000000036,99.82,304.8,16.97,0,Ratnagiri,Maharashtra
2017-10-02,6.62,35.43000000000003,82.05,286.74,16.97,0,Ratnagiri,Maharashtra
2017-10-03,4.42,22.880000000000027,83.84,210.76,11.84,0,Ratnagiri,Maharashtra
2017-10-04,1.74,12.780000000000028,76.66,148.34,6.62,0,Ratnagiri,Maharashtra
2017-10-05,0.57,6.730000000000028,57.919999999999995,138.3,4.42,0,Ratnagiri,Maharashtra
2017-10-06,3.96,6.270000000000028,46.12,130.25,3.96,0,Ratnagiri,Maharashtra
2017-10-07,14.5,19.03000000000003,43.65,138.39,14.5,0,Ratnagiri,Maharashtra
2017-10-08,3.42,21.880000000000027,35.230000000000004,141.3,14.5,0,Ratnagiri,Maharashtra
2017-10-09,3.46,21.380000000000027,32.07,138.51,14.5,0,Ratnagiri,Maharashtra
2017-10-10,2.03,8.910000000000029,29.68,116.15,3.46,0,Ratnagiri,Maharashtra
2017-10-11,1.51,7.000000000000028,29.45,115.02999999999999,3.46,0,Ratnagiri,Maharashtra
2017-10-12,1.92,5.460000000000028,30.799999999999997,108.02999999999999,2.03,0,Ratnagiri,Maharashtra
2017-10-13,11.98,15.410000000000029,38.82,100.7,11.98,0,Ratnagiri,Maharashtra
2017-10-14,63.19,77.09000000000003,87.50999999999999,148.13,63.19,0,Ratnagiri,Maharashtra
2017-10-15,21.13,96.30000000000003,105.22,152.29,63.19,0,Ratnagiri,Maharashtra
2017-10-16,1.39,85.71000000000002,103.15,141.84,63.19,0,Ratnagiri,Maharashtra
2017-10-17,0.23,22.75000000000003,101.35,135.45,21.13,0,Ratnagiri,Maharashtra
2017-10-18,0.15,1.7700000000000284,99.99,131.18,1.39,0,Ratnagiri,Maharashtra
2017-10-19,0.0,0.3800000000000284,98.07,129.44,0.23,0,Ratnagiri,Maharashtra
2017-10-20,0.0,0.15000000000002842,86.08999999999999,128.87,0.15,0,Ratnagiri,Maharashtra
2017-10-21,0.01,0.010000000000028422,22.91,124.91999999999999,0.01,0,Ratnagiri,Maharashtra
2017-10-22,0.22,0.23000000000002843,2.0,110.63999999999999,0.22,0,Ratnagiri,Maharashtra
2017-10-23,1.29,1.5200000000000284,1.9000000000000001,108.51,1.29,0,Ratnagiri,Maharashtra
2017-10-24,0.05,1.5600000000000285,1.7200000000000002,105.1,1.29,0,Ratnagiri,Maharashtra
2017-10-25,0.0,1.3400000000000285,1.5700000000000003,103.07,1.29,0,Ratnagiri,Maharashtra
2017-10-26,0.48,0.5300000000000284,2.0500000000000003,102.04,0.48,0,Ratnagiri,Maharashtra
2017-10-27,6.35,6.8300000000000285,8.4,106.47,6.35,0,Ratnagiri,Maharashtra
2017-10-28,0.94,7.770000000000028,9.33,95.42999999999999,6.35,0,Ratnagiri,Maharashtra
2017-10-29,0.03,7.320000000000028,9.14,32.269999999999996,6.35,0,Ratnagiri,Maharashtra
2017-10-30,0.02,0.9900000000000284,7.87,11.16,0.94,0,Ratnagiri,Maharashtra
2017-10-31,0.0,0.050000000000028424,7.82,9.77,0.03,0,Ratnagiri,Maharashtra
2017-11-01,0.0,0.020000000000028422,7.82,9.540000000000001,0.02,0,Ratnagiri,Maharashtra
2017-11-02,0.0,0.0,7.340000000000001,9.39,0.0,0,Ratnagiri,Maharashtra
2017-11-03,0.0,0.0,0.9900000000000009,9.39,0.0,0,Ratnagiri,Maharashtra
2017-11-04,0.0,0.0,0.05000000000000089,9.39,0.0,0,Ratnagiri,Maharashtra
2017-11-05,0.0,0.0,0.02000000000000089,9.38,0.0,0,Ratnagiri,Maharashtra
2017-11-06,0.02,0.020000000000028422,0.02000000000000089,9.18,0.02,0,Ratnagiri,Maharashtra
2017-11-07,0.01,0.03000000000002842,0.030000000000000887,7.8999999999999995,0.02,0,Ratnagiri,Maharashtra
2017-11-08,0.0,0.03000000000002842,0.030000000000000887,7.85,0.02,0,Ratnagiri,Maharashtra
2017-11-09,0.0,0.010000000000028422,0.030000000000000887,7.85,0.01,0,Ratnagiri,Maharashtra
2017-11-10,0.0,0.0,0.030000000000000887,7.369999999999999,0.0,0,Ratnagiri,Maharashtra
2017-11-11,0.0,0.0,0.030000000000000887,1.02,0.0,0,Ratnagiri,Maharashtra
2017-11-12,0.0,0.0,0.030000000000000887,0.08,0.0,0,Ratnagiri,Maharashtra
2017-11-13,0.0,0.0,0.010000000000000888,0.05,0.0,0,Ratnagiri,Maharashtra
2017-11-14,0.0,0.0,0.0,0.03,0.0,0,Ratnagiri,Maharashtra
2017-11-15,0.0,0.0,0.0,0.03,0.0,0,Ratnagiri,Maharashtra
2017-11-16,0.0,0.0,0.0,0.03,0.0,0,Ratnagiri,Maharashtra
2017-11-17,0.0,0.0,0.0,0.03,0.0,0,Ratnagiri,Maharashtra
2017-11-18,0.0,0.0,0.0,0.03,0.0,0,Ratnagiri,Maharashtra
2017-11-19,0.0,0.0,0.0,0.03,0.0,0,Ratnagiri,Maharashtra
2017-11-20,0.1,0.10000000000002843,0.1000000000000009,0.13,0.1,0,Ratnagiri,Maharashtra
2017-11-21,0.09,0.19000000000002842,0.1900000000000009,0.2,0.1,0,Ratnagiri,Maharashtra
2017-11-22,0.01,0.20000000000002843,0.2000000000000009,0.19999999999999998,0.1,0,Ratnagiri,Maharashtra
2017-11-23,0.01,0.11000000000002842,0.21000000000000088,0.21,0.09,0,Ratnagiri,Maharashtra
2017-11-24,0.0,0.020000000000028422,0.21000000000000088,0.21,0.01,0,Ratnagiri,Maharashtra
2017-11-25,0.0,0.010000000000028422,0.21000000000000088,0.21,0.01,0,Ratnagiri,Maharashtra
2017-11-26,0.0,0.0,0.21000000000000088,0.21,0.0,0,Ratnagiri,Maharashtra
2017-11-27,0.0,0.0,0.11000000000000089,0.21,0.0,0,Ratnagiri,Maharashtra
2017-11-28,0.0,0.0,0.02000000000000089,0.21,0.0,0,Ratnagiri,Maharashtra
2017-11-29,0.0,0.0,0.010000000000000888,0.21,0.0,0,Ratnagiri,Maharashtra
2017-11-30,0.0,0.0,0.0,0.21,0.0,0,Ratnagiri,Maharashtra
2017-12-01,0.0,0.0,0.0,0.21,0.0,0,Ratnagiri,Maharashtra
2017-12-02,0.07,0.07000000000002843,0.0700000000000009,0.28,0.07,0,Ratnagiri,Maharashtra
2017-12-03,0.54,0.6100000000000285,0.610000000000001,0.8200000000000001,0.54,0,Ratnagiri,Maharashtra
2017-12-04,0.94,1.5500000000000285,1.550000000000001,1.76,0.94,0,Ratnagiri,Maharashtra
2017-12-05,3.27,4.750000000000028,4.820000000000001,4.93,3.27,0,Ratnagiri,Maharashtra
2017-12-06,2.54,6.750000000000028,7.360000000000001,7.380000000000001,3.27,0,Ratnagiri,Maharashtra
2017-12-07,0.02,5.8300000000000285,7.380000000000001,7.390000000000001,3.27,0,Ratnagiri,Maharashtra
2017-12-08,0.03,2.5900000000000283,7.410000000000001,7.41,2.54,0,Ratnagiri,Maharashtra
2017-12-09,0.0,0.050000000000028424,7.340000000000001,7.41,0.03,0,Ratnagiri,Maharashtra
2017-12-10,0.01,0.04000000000002842,6.8100000000000005,7.42,0.03,0,Ratnagiri,Maharashtra
2017-12-11,0.02,0.03000000000002842,5.890000000000001,7.4399999999999995,0.02,0,Ratnagiri,Maharashtra
2017-12-12,0.1,0.13000000000002843,2.7200000000000006,7.54,0.1,0,Ratnagiri,Maharashtra
2017-12-13,0.0,0.12000000000002843,0.18000000000000044,7.54,0.1,0,Ratnagiri,Maharashtra
2017-12-14,0.0,0.10000000000002843,0.16000000000000048,7.54,0.1,0,Ratnagiri,Maharashtra
2017-12-15,0.0,0.0,0.13000000000000045,7.54,0.0,0,Ratnagiri,Maharashtra
2017-12-16,0.0,0.0,0.13000000000000045,7.54,0.0,0,Ratnagiri,Maharashtra
2017-12-17,0.0,0.0,0.12000000000000045,7.470000000000001,0.0,0,Ratnagiri,Maharashtra
2017-12-18,0.0,0.0,0.10000000000000045,6.930000000000001,0.0,0,Ratnagiri,Maharashtra
2017-12-19,0.0,0.0,0.0,5.99,0.0,0,Ratnagiri,Maharashtra
2017-12-20,0.0,0.0,0.0,2.7200000000000006,0.0,0,Ratnagiri,Maharashtra
2017-12-21,0.0,0.0,0.0,0.18000000000000044,0.0,0,Ratnagiri,Maharashtra
2017-12-22,0.0,0.0,0.0,0.16000000000000048,0.0,0,Ratnagiri,Maharashtra
2017-12-23,0.0,0.0,0.0,0.13000000000000045,0.0,0,Ratnagiri,Maharashtra
2017-12-24,0.0,0.0,0.0,0.13000000000000045,0.0,0,Ratnagiri,Maharashtra
2017-12-25,0.0,0.0,0.0,0.12000000000000045,0.0,0,Ratnagiri,Maharashtra
2017-12-26,0.0,0.0,0.0,0.10000000000000045,0.0,0,Ratnagiri,Maharashtra
2017-12-27,0.0,0.0,0.0,0.0,0.0,0,Ratnagiri,Maharashtra
2017-12-28,0.0,0.0,0.0,0.0,0.0,0,Ratnagiri,Maharashtra
2017-12-29,0.0,0.0,0.0,0.0,0.0,0,Ratnagiri,Maharashtra
2017-12-30,0.0,0.0,0.0,0.0,0.0,0,Ratnagiri,Maharashtra
2017-12-31,0.0,0.0,0.0,0.0,0.0,0,Ratnagiri,Maharashtra
2018-01-01,0.0,0.0,0.0,0.0,0.0,0,Ratnagiri,Maharashtra
2018-01-02,0.0,0.0,0.0,0.0,0.0,0,Ratnagiri,Maharashtra
2018-01-03,0.0,0.0,0.0,0.0,0.0,0,Ratnagiri,Maharashtra
2018-01-04,0.0,0.0,0.0,0.0,0.0,0,Ratnagiri,Maharashtra
2018-01-05,0.0,0.0,0.0,0.0,0.0,0,Ratnagiri,Maharashtra
2018-01-06,0.0,0.0,0.0,0.0,0.0,0,Ratnagiri,Maharashtra
2018-01-07,0.0,0.0,0.0,0.0,0.0,0,Ratnagiri,Maharashtra
2018-01-08,0.0,0.0,0.0,0.0,0.0,0,Ratnagiri,Maharashtra
2018-01-09,0.0,0.0,0.0,0.0,0.0,0,Ratnagiri,Maharashtra
2018-01-10,0.0,0.0,0.0,0.0,0.0,0,Ratnagiri,Maharashtra
2018-01-11,0.01,0.010000000000028422,0.010000000000000444,0.010000000000000444,0.01,0,Ratnagiri,Maharashtra
2018-01-12,0.0,0.010000000000028422,0.010000000000000444,0.010000000000000444,0.01,0,Ratnagiri,Maharashtra
2018-01-13,0.02,0.03000000000002842,0.030000000000000443,0.030000000000000443,0.02,0,Ratnagiri,Maharashtra
2018-01-14,0.0,0.020000000000028422,0.030000000000000446,0.030000000000000446,0.02,0,Ratnagiri,Maharashtra
2018-01-15,0.0,0.020000000000028426,0.030000000000000446,0.030000000000000446,0.02,0,Ratnagiri,Maharashtra
2018-01-16,0.0,0.0,0.030000000000000446,0.030000000000000446,0.0,0,Ratnagiri,Maharashtra
2018-01-17,0.0,0.0,0.030000000000000446,0.030000000000000446,0.0,0,Ratnagiri,Maharashtra
2018-01-18,0.0,0.0,0.020000000000000448,0.030000000000000446,0.0,0,Ratnagiri,Maharashtra
2018-01-19,0.0,0.0,0.020000000000000448,0.030000000000000446,0.0,0,Ratnagiri,Maharashtra
2018-01-20,0.0,0.0,0.0,0.030000000000000446,0.0,0,Ratnagiri,Maharashtra
2018-01-21,0.0,0.0,0.0,0.030000000000000446,0.0,0,Ratnagiri,Maharashtra
2018-01-22,0.0,0.0,0.0,0.030000000000000446,0.0,0,Ratnagiri,Maharashtra
2018-01-23,0.0,0.0,0.0,0.030000000000000446,0.0,0,Ratnagiri,Maharashtra
2018-01-24,0.0,0.0,0.0,0.030000000000000446,0.0,0,Ratnagiri,Maharashtra
2018-01-25,0.0,0.0,0.0,0.030000000000000446,0.0,0,Ratnagiri,Maharashtra
2018-01-26,0.0,0.0,0.0,0.020000000000000448,0.0,0,Ratnagiri,Maharashtra
2018-01-27,0.0,0.0,0.0,0.020000000000000448,0.0,0,Ratnagiri,Maharashtra
2018-01-28,0.0,0.0,0.0,0.0,0.0,0,Ratnagiri,Maharashtra
2018-01-29,0.0,0.0,0.0,0.0,0.0,0,Ratnagiri,Maharashtra
2018-01-30,0.0,0.0,0.0,0.0,0.0,0,Ratnagiri,Maharashtra
2018-01-31,0.0,0.0,0.0,0.0,0.0,0,Ratnagiri,Maharashtra
2018-02-01,0.0,0.0,0.0,0.0,0.0,0,Ratnagiri,Maharashtra
2018-02-02,0.0,0.0,0.0,0.0,0.0,0,Ratnagiri,Maharashtra
2018-02-03,0.0,0.0,0.0,0.0,0.0,0,Ratnagiri,Maharashtra
2018-02-04,0.0,0.0,0.0,0.0,0.0,0,Ratnagiri,Maharashtra
2018-02-05,0.0,0.0,0.0,0.0,0.0,0,Ratnagiri,Maharashtra
2018-02-06,0.0,0.0,0.0,0.0,0.0,0,Ratnagiri,Maharashtra
2018-02-07,6.12,6.1200000000000285,6.120000000000001,6.120000000000001,6.12,0,Ratnagiri,Maharashtra
2018-02-08,0.0,6.1200000000000285,6.12,6.12,6.12,0,Ratnagiri,Maharashtra
2018-02-09,0.07,6.190000000000029,6.19,6.19,6.12,0,Ratnagiri,Maharashtra
2018-02-10,0.0,0.07000000000002843,6.19,6.19,0.07,0,Ratnagiri,Maharashtra
2018-02-11,0.01,0.08000000000002842,6.2,6.2,0.07,0,Ratnagiri,Maharashtra
2018-02-12,0.0,0.010000000000028422,6.2,6.2,0.01,0,Ratnagiri,Maharashtra
2018-02-13,0.0,0.010000000000028422,6.2,6.2,0.01,0,Ratnagiri,Maharashtra
2018-02-14,0.0,0.0,0.08,6.2,0.0,0,Ratnagiri,Maharashtra
2018-02-15,0.01,0.010000000000028422,0.09000000000000001,6.21,0.01,0,Ratnagiri,Maharashtra
2018-02-16,0.0,0.010000000000028422,0.02,6.21,0.01,0,Ratnagiri,Maharashtra
2018-02-17,0.0,0.010000000000028422,0.02,6.21,0.01,0,Ratnagiri,Maharashtra
2018-02-18,0.0,0.0,0.01,6.21,0.0,0,Ratnagiri,Maharashtra
2018-02-19,0.0,0.0,0.01,6.21,0.0,0,Ratnagiri,Maharashtra
2018-02-20,0.0,0.0,0.01,6.21,0.0,0,Ratnagiri,Maharashtra
2018-02-21,0.0,0.0,0.01,6.21,0.0,0,Ratnagiri,Maharashtra
2018-02-22,0.0,0.0,0.0,0.09000000000000001,0.0,0,Ratnagiri,Maharashtra
2018-02-23,0.0,0.0,0.0,0.09000000000000001,0.0,0,Ratnagiri,Maharashtra
2018-02-24,0.0,0.0,0.0,0.02,0.0,0,Ratnagiri,Maharashtra
2018-02-25,0.0,0.0,0.0,0.02,0.0,0,Ratnagiri,Maharashtra
2018-02-26,0.0,0.0,0.0,0.01,0.0,0,Ratnagiri,Maharashtra
2018-02-27,0.0,0.0,0.0,0.01,0.0,0,Ratnagiri,Maharashtra
2018-02-28,0.0,0.0,0.0,0.01,0.0,0,Ratnagiri,Maharashtra
2018-03-01,0.0,0.0,0.0,0.01,0.0,0,Ratnagiri,Maharashtra
2018-03-02,0.0,0.0,0.0,0.0,0.0,0,Ratnagiri,Maharashtra
2018-03-03,0.0,0.0,0.0,0.0,0.0,0,Ratnagiri,Maharashtra
2018-03-04,0.0,0.0,0.0,0.0,0.0,0,Ratnagiri,Maharashtra
2018-03-05,0.0,0.0,0.0,0.0,0.0,0,Ratnagiri,Maharashtra
2018-03-06,0.0,0.0,0.0,0.0,0.0,0,Ratnagiri,Maharashtra
2018-03-07,0.08,0.08000000000002842,0.08,0.08,0.08,0,Ratnagiri,Maharashtra
2018-03-08,0.0,0.08000000000002842,0.08,0.08,0.08,0,Ratnagiri,Maharashtra
2018-03-09,0.0,0.08000000000002842,0.08,0.08,0.08,0,Ratnagiri,Maharashtra
2018-03-10,0.02,0.020000000000028422,0.1,0.1,0.02,0,Ratnagiri,Maharashtra
2018-03-11,0.01,0.03000000000002842,0.11,0.11,0.02,0,Ratnagiri,Maharashtra
2018-03-12,1.16,1.1900000000000284,1.27,1.27,1.16,0,Ratnagiri,Maharashtra
2018-03-13,0.01,1.1800000000000284,1.28,1.28,1.16,0,Ratnagiri,Maharashtra
2018-03-14,0.01,1.1800000000000284,1.21,1.29,1.16,0,Ratnagiri,Maharashtra
2018-03-15,0.14,0.16000000000002843,1.3499999999999999,1.43,0.14,0,Ratnagiri,Maharashtra
2018-03-16,3.3,3.450000000000028,4.6499999999999995,4.7299999999999995,3.3,0,Ratnagiri,Maharashtra
2018-03-17,0.01,3.450000000000028,4.64,4.739999999999999,3.3,0,Ratnagiri,Maharashtra
2018-03-18,0.14,3.450000000000028,4.77,4.88,3.3,0,Ratnagiri,Maharashtra
2018-03-19,0.0,0.15000000000002844,3.6099999999999994,4.88,0.14,0,Ratnagiri,Maharashtra
2018-03-20,0.0,0.14000000000002844,3.5999999999999996,4.88,0.14,0,Ratnagiri,Maharashtra
2018-03-21,0.0,0.0,3.5899999999999994,4.88,0.0,0,Ratnagiri,Maharashtra
2018-03-22,0.0,0.0,3.4499999999999993,4.8,0.0,0,Ratnagiri,Maharashtra
2018-03-23,0.0,0.0,0.14999999999999958,4.8,0.0,0,Ratnagiri,Maharashtra
2018-03-24,0.0,0.0,0.13999999999999957,4.8,0.0,0,Ratnagiri,Maharashtra
2018-03-25,0.01,0.010000000000028422,0.009999999999999556,4.79,0.01,0,Ratnagiri,Maharashtra
2018-03-26,0.02,0.03000000000002842,0.029999999999999555,4.799999999999999,0.02,0,Ratnagiri,Maharashtra
2018-03-27,0.04,0.07000000000002843,0.06999999999999956,3.6799999999999997,0.04,0,Ratnagiri,Maharashtra
2018-03-28,0.02,0.08000000000002842,0.08999999999999957,3.69,0.04,0,Ratnagiri,Maharashtra
2018-03-29,0.0,0.06000000000002843,0.08999999999999957,3.6799999999999997,0.04,0,Ratnagiri,Maharashtra
2018-03-30,0.0,0.02000000000002843,0.08999999999999957,3.5399999999999996,0.02,0,Ratnagiri,Maharashtra
2018-03-31,0.0,0.0,0.08999999999999957,0.23999999999999957,0.0,0,Ratnagiri,Maharashtra
2018-04-01,0.0,0.0,0.07999999999999957,0.22999999999999957,0.0,0,Ratnagiri,Maharashtra
2018-04-02,0.0,0.0,0.05999999999999957,0.08999999999999955,0.0,0,Ratnagiri,Maharashtra
2018-04-03,0.01,0.010000000000028429,0.029999999999999562,0.09999999999999956,0.01,0,Ratnagiri,Maharashtra
2018-04-04,0.08,0.09000000000002843,0.08999999999999957,0.17999999999999955,0.08,0,Ratnagiri,Maharashtra
2018-04-05,0.43,0.5200000000000284,0.5199999999999996,0.6099999999999995,0.43,0,Ratnagiri,Maharashtra
2018-04-06,0.29,0.8000000000000285,0.8099999999999996,0.8999999999999995,0.43,0,Ratnagiri,Maharashtra
2018-04-07,0.45,1.1700000000000284,1.2599999999999996,1.3499999999999996,0.45,0,Ratnagiri,Maharashtra
2018-04-08,0.25,0.9900000000000284,1.5099999999999996,1.5999999999999996,0.45,0,Ratnagiri,Maharashtra
2018-04-09,0.0,0.7000000000000284,1.5099999999999996,1.5899999999999994,0.45,0,Ratnagiri,Maharashtra
2018-04-10,0.01,0.26000000000002843,1.5099999999999996,1.5799999999999994,0.25,0,Ratnagiri,Maharashtra
2018-04-11,0.18,0.19000000000002842,1.6099999999999994,1.7199999999999995,0.18,0,Ratnagiri,Maharashtra
2018-04-12,0.11,0.3000000000000284,1.2899999999999996,1.8099999999999994,0.18,0,Ratnagiri,Maharashtra
2018-04-13,0.04,0.33000000000002844,1.0399999999999996,1.8499999999999994,0.18,0,Ratnagiri,Maharashtra
2018-04-14,0.86,1.0100000000000284,1.4499999999999995,2.7099999999999995,0.86,0,Ratnagiri,Maharashtra
2018-04-15,0.31,1.2100000000000284,1.5099999999999996,3.0199999999999996,0.86,0,Ratnagiri,Maharashtra
2018-04-16,0.13,1.3000000000000285,1.6399999999999995,3.1499999999999995,0.86,0,Ratnagiri,Maharashtra
2018-04-17,0.73,1.1700000000000284,2.3599999999999994,3.8799999999999994,0.73,0,Ratnagiri,Maharashtra
2018-04-18,0.49,1.3500000000000285,2.669999999999999,4.359999999999999,0.73,0,Ratnagiri,Maharashtra
2018-04-19,0.2,1.4200000000000286,2.7599999999999993,4.4799999999999995,0.73,0,Ratnagiri,Maharashtra
2018-04-20,0.11,0.8000000000000286,2.829999999999999,4.16,0.49,0,Ratnagiri,Maharashtra
2018-04-21,0.01,0.32000000000002854,1.9799999999999995,3.8799999999999994,0.2,0,Ratnagiri,Maharashtra
2018-04-22,0.0,0.12000000000002853,1.6699999999999995,3.4299999999999997,0.11,0,Ratnagiri,Maharashtra
2018-04-23,0.0,0.010000000000028533,1.5399999999999996,3.1799999999999997,0.01,0,Ratnagiri,Maharashtra
2018-04-24,0.0,0.0,0.8099999999999996,3.1799999999999997,0.0,0,Ratnagiri,Maharashtra
2018-04-25,0.0,0.0,0.31999999999999956,3.1699999999999995,0.0,0,Ratnagiri,Maharashtra
2018-04-26,0.0,0.0,0.11999999999999955,2.9899999999999998,0.0,0,Ratnagiri,Maharashtra
2018-04-27,0.0,0.0,0.009999999999999556,2.8799999999999994,0.0,0,Ratnagiri,Maharashtra
2018-04-28,0.0,0.0,0.0,2.8399999999999994,0.0,0,Ratnagiri,Maharashtra
2018-04-29,0.06,0.06000000000002853,0.059999999999999554,2.0399999999999996,0.06,0,Ratnagiri,Maharashtra
2018-04-30,0.09,0.15000000000002853,0.14999999999999955,1.8199999999999996,0.09,0,Ratnagiri,Maharashtra
2018-05-01,0.02,0.17000000000002852,0.16999999999999954,1.7099999999999995,0.09,0,Ratnagiri,Maharashtra
2018-05-02,0.01,0.12000000000002853,0.17999999999999955,0.9899999999999995,0.09,0,Ratnagiri,Maharashtra
2018-05-03,0.02,0.050000000000028536,0.19999999999999957,0.5199999999999996,0.02,0,Ratnagiri,Maharashtra
2018-05-04,0.02,0.050000000000028536,0.21999999999999956,0.3399999999999995,0.02,0,Ratnagiri,Maharashtra
2018-05-05,0.1,0.14000000000002855,0.31999999999999956,0.32999999999999957,0.1,0,Ratnagiri,Maharashtra
2018-05-06,0.36,0.4800000000000285,0.6199999999999996,0.6799999999999995,0.36,0,Ratnagiri,Maharashtra
2018-05-07,7.17,7.630000000000028,7.699999999999999,7.85,7.17,0,Ratnagiri,Maharashtra
2018-05-08,0.19,7.720000000000029,7.869999999999999,8.04,7.17,0,Ratnagiri,Maharashtra
2018-05-09,0.3,7.660000000000029,8.159999999999998,8.34,7.17,0,Ratnagiri,Maharashtra
2018-05-10,1.29,1.7800000000000284,9.43,9.629999999999999,1.29,0,Ratnagiri,Maharashtra
2018-05-11,2.89,4.480000000000029,12.3,12.52,2.89,0,Ratnagiri,Maharashtra
2018-05-12,4.44,8.62000000000003,16.64,16.96,4.44,0,Ratnagiri,Maharashtra
2018-05-13,0.78,8.110000000000028,17.06,17.74,4.44,0,Ratnagiri,Maharashtra
2018-05-14,2.34,7.560000000000028,12.23,20.020000000000003,4.44,0,Ratnagiri,Maharashtra
2018-05-15,0.98,4.100000000000028,13.02,20.91,2.34,0,Ratnagiri,Maharashtra
2018-05-16,1.57,4.890000000000027,14.29,22.459999999999997,2.34,0,Ratnagiri,Maharashtra
2018-05-17,3.74,6.290000000000028,16.740000000000002,26.19,3.74,0,Ratnagiri,Maharashtra
2018-05-18,1.47,6.780000000000027,15.32,27.64,3.74,0,Ratnagiri,Maharashtra
2018-05-19,0.91,6.120000000000028,11.79,28.53,3.74,0,Ratnagiri,Maharashtra
2018-05-20,1.03,3.4100000000000277,12.04,29.46,1.47,0,Ratnagiri,Maharashtra
2018-05-21,0.28,2.2200000000000277,9.979999999999999,29.38,1.03,0,Ratnagiri,Maharashtra
2018-05-22,0.26,1.5700000000000276,9.259999999999998,22.470000000000002,1.03,0,Ratnagiri,Maharashtra
2018-05-23,0.09,0.6300000000000278,7.779999999999999,22.37,0.28,0,Ratnagiri,Maharashtra
2018-05-24,0.67,1.0200000000000278,4.709999999999999,22.740000000000002,0.67,0,Ratnagiri,Maharashtra
2018-05-25,0.31,1.0700000000000278,3.5499999999999994,21.76,0.67,0,Ratnagiri,Maharashtra
2018-05-26,1.14,2.1200000000000276,3.7799999999999994,20.01,1.14,0,Ratnagiri,Maharashtra
2018-05-27,6.13,7.580000000000028,8.879999999999999,21.7,6.13,0,Ratnagiri,Maharashtra
2018-05-28,2.79,10.060000000000027,11.39,23.71,6.13,0,Ratnagiri,Maharashtra
2018-05-29,3.31,12.230000000000029,14.439999999999998,24.68,6.13,0,Ratnagiri,Maharashtra
2018-05-30,2.08,8.180000000000028,16.43,25.78,3.31,0,Ratnagiri,Maharashtra
2018-05-31,1.64,7.030000000000028,17.4,25.85,3.31,0,Ratnagiri,Maharashtra
2018-06-01,5.4,9.120000000000028,22.490000000000002,27.509999999999998,5.4,1,Ratnagiri,Maharashtra
2018-06-02,8.81,15.850000000000028,30.16,34.85,8.81,1,Ratnagiri,Maharashtra
2018-06-03,30.53,44.74000000000003,54.56,64.47,30.53,1,Ratnagiri,Maharashtra
2018-06-04,5.1,44.44000000000003,56.870000000000005,68.54,30.53,1,Ratnagiri,Maharashtra
2018-06-05,4.09,39.72000000000003,57.65,72.35000000000001,30.53,1,Ratnagiri,Maharashtra
2018-06-06,7.62,16.810000000000027,63.190000000000005,79.71,7.62,1,Ratnagiri,Maharashtra
2018-06-07,22.05,33.760000000000026,83.6,101.66999999999999,22.05,1,Ratnagiri,Maharashtra
2018-06-08,46.32,75.99000000000004,124.52,147.32,46.32,1,Ratnagiri,Maharashtra
2018-06-09,25.43,93.80000000000004,141.14000000000001,172.44,46.32,1,Ratnagiri,Maharashtra
2018-06-10,17.14,88.89000000000004,127.75,188.44,46.32,1,Ratnagiri,Maharashtra
2018-06-11,10.36,52.930000000000035,133.01,192.67,25.43,1,Ratnagiri,Maharashtra
2018-06-12,8.27,35.77000000000004,137.19,198.15,17.14,1,Ratnagiri,Maharashtra
2018-06-13,6.17,24.800000000000033,135.73999999999998,201.01,10.36,1,Ratnagiri,Maharashtra
2018-06-14,8.9,23.340000000000035,122.59,207.82999999999998,8.9,1,Ratnagiri,Maharashtra
2018-06-15,17.25,32.320000000000036,93.52,223.44,17.25,1,Ratnagiri,Maharashtra
2018-06-16,10.33,36.48000000000003,78.42,228.37,17.25,1,Ratnagiri,Maharashtra
2018-06-17,18.81,46.390000000000036,80.09,238.37,18.81,1,Ratnagiri,Maharashtra
2018-06-18,33.9,63.040000000000035,103.63,241.73999999999998,33.9,1,Ratnagiri,Maharashtra
2018-06-19,14.81,67.52000000000004,110.17,251.45,33.9,1,Ratnagiri,Maharashtra
2018-06-20,14.61,63.320000000000036,118.61,261.96999999999997,33.9,1,Ratnagiri,Maharashtra
2018-06-21,55.05,84.47000000000003,164.76,309.4,55.05,1,Ratnagiri,Maharashtra
2018-06-22,48.04,117.70000000000003,195.54999999999998,335.39,55.05,1,Ratnagiri,Maharashtra
2018-06-23,27.79,130.88000000000002,213.01,316.85999999999996,55.05,1,Ratnagiri,Maharashtra
2018-06-24,45.47,121.30000000000004,239.67000000000002,336.9,48.04,1,Ratnagiri,Maharashtra
2018-06-25,21.95,95.21000000000004,227.72,341.71,45.47,1,Ratnagiri,Maharashtra
2018-06-26,8.58,76.00000000000003,221.48999999999998,339.92999999999995,45.47,1,Ratnagiri,Maharashtra
2018-06-27,6.16,36.69000000000003,213.04000000000002,337.82,21.95,1,Ratnagiri,Maharashtra
2018-06-28,28.75,43.49000000000004,186.74,360.4,28.75,1,Ratnagiri,Maharashtra
2018-06-29,6.97,41.88000000000004,145.67000000000002,358.46999999999997,28.75,1,Ratnagiri,Maharashtra
2018-06-30,19.8,55.52000000000003,137.68,361.02,28.75,1,Ratnagiri,Maharashtra
2018-07-01,8.45,35.22000000000003,100.66,359.14,19.8,1,Ratnagiri,Maharashtra
2018-07-02,18.34,46.59000000000003,97.05,358.67,19.8,1,Ratnagiri,Maharashtra
2018-07-03,14.88,41.67000000000003,103.35,339.65,18.34,1,Ratnagiri,Maharashtra
2018-07-04,12.28,45.50000000000003,109.47,337.11999999999995,18.34,1,Ratnagiri,Maharashtra
2018-07-05,14.15,41.31000000000003,94.87,336.66,14.88,1,Ratnagiri,Maharashtra
2018-07-06,16.47,42.90000000000003,104.37,298.08,16.47,1,Ratnagiri,Maharashtra
2018-07-07,22.17,52.790000000000035,106.74000000000001,272.21,22.17,1,Ratnagiri,Maharashtra
2018-07-08,23.89,62.53000000000003,122.18,268.31,23.89,1,Ratnagiri,Maharashtra
2018-07-09,18.25,64.31000000000003,122.09,241.08999999999997,23.89,1,Ratnagiri,Maharashtra
2018-07-10,40.54,82.68000000000004,147.75,259.68,40.54,1,Ratnagiri,Maharashtra
2018-07-11,32.46,91.25000000000003,167.93,283.56,40.54,1,Ratnagiri,Maharashtra
2018-07-12,28.59,101.59000000000003,182.37,305.99,40.54,1,Ratnagiri,Maharashtra
2018-07-13,42.66,103.71000000000004,208.56,319.90000000000003,42.66,1,Ratnagiri,Maharashtra
2018-07-14,13.39,84.64000000000001,199.78,326.32,42.66,1,Ratnagiri,Maharashtra
2018-07-15,15.92,71.97000000000003,191.80999999999997,322.44,42.66,1,Ratnagiri,Maharashtra
2018-07-16,60.1,89.41000000000004,233.66,374.09,60.1,1,Ratnagiri,Maharashtra
2018-07-17,25.82,101.84000000000003,218.94,381.57000000000005,60.1,1,Ratnagiri,Maharashtra
2018-07-18,14.78,100.70000000000003,201.26,381.47,60.1,1,Ratnagiri,Maharashtra
2018-07-19,13.75,54.35000000000004,186.42,382.94,25.82,1,Ratnagiri,Maharashtra
2018-07-20,11.59,40.12000000000003,155.35,380.38,14.78,1,Ratnagiri,Maharashtra
2018-07-21,9.58,34.92000000000003,151.54,373.49,13.75,1,Ratnagiri,Maharashtra
2018-07-22,4.8,25.970000000000034,140.42000000000002,356.12,11.59,1,Ratnagiri,Maharashtra
2018-07-23,6.9,21.280000000000037,87.22,339.13,9.58,1,Ratnagiri,Maharashtra
2018-07-24,2.31,14.010000000000035,63.71,323.19,6.9,1,Ratnagiri,Maharashtra
2018-07-25,2.36,11.570000000000036,51.29,285.01000000000005,6.9,1,Ratnagiri,Maharashtra
2018-07-26,4.15,8.820000000000036,41.69,256.7,4.15,1,Ratnagiri,Maharashtra
2018-07-27,4.75,11.260000000000035,34.85,232.86,4.75,1,Ratnagiri,Maharashtra
2018-07-28,2.59,11.490000000000036,27.86,192.79,4.75,1,Ratnagiri,Maharashtra
2018-07-29,0.93,8.270000000000035,23.99,180.33,4.75,1,Ratnagiri,Maharashtra
2018-07-30,1.51,5.030000000000035,18.6,165.92000000000002,2.59,1,Ratnagiri,Maharashtra
2018-07-31,2.62,5.060000000000036,18.91,108.44,2.62,1,Ratnagiri,Maharashtra
2018-08-01,3.8,7.930000000000035,20.349999999999998,86.42,3.8,1,Ratnagiri,Maharashtra
2018-08-02,2.24,8.660000000000036,18.44,73.88,3.8,1,Ratnagiri,Maharashtra
2018-08-03,7.52,13.560000000000034,21.21,67.65,7.52,1,Ratnagiri,Maharashtra
2018-08-04,7.35,17.110000000000035,25.97,63.410000000000004,7.52,1,Ratnagiri,Maharashtra
2018-08-05,3.65,18.520000000000035,28.69,57.48,7.52,1,Ratnagiri,Maharashtra
2018-08-06,4.44,15.440000000000035,31.619999999999997,57.12,7.35,1,Ratnagiri,Maharashtra
2018-08-07,2.83,10.920000000000035,31.83,53.05,4.44,1,Ratnagiri,Maharashtra
2018-08-08,6.19,13.460000000000036,34.22,56.93,6.19,1,Ratnagiri,Maharashtra
2018-08-09,5.08,14.100000000000037,37.06,59.65,6.19,1,Ratnagiri,Maharashtra
2018-08-10,3.89,15.160000000000036,33.43,59.39,6.19,1,Ratnagiri,Maharashtra
2018-08-11,10.62,19.590000000000032,36.699999999999996,65.26,10.62,1,Ratnagiri,Maharashtra
2018-08-12,9.85,24.360000000000035,42.9,72.52,10.62,1,Ratnagiri,Maharashtra
2018-08-13,34.43,54.900000000000034,72.89,106.02000000000001,34.43,1,Ratnagiri,Maharashtra
2018-08-14,6.81,51.09000000000004,76.87,111.32,34.43,1,Ratnagiri,Maharashtra
2018-08-15,7.65,48.890000000000036,78.33,116.35,34.43,1,Ratnagiri,Maharashtra
2018-08-16,32.65,47.110000000000035,105.89999999999999,145.2,32.65,1,Ratnagiri,Maharashtra
2018-08-17,5.2,45.500000000000036,107.21,148.16,32.65,1,Ratnagiri,Maharashtra
2018-08-18,8.79,46.64000000000003,105.38,149.43,32.65,1,Ratnagiri,Maharashtra
2018-08-19,6.62,20.610000000000035,102.15,148.70000000000002,8.79,1,Ratnagiri,Maharashtra
2018-08-20,33.96,49.37000000000003,101.68,179.01,33.96,1,Ratnagiri,Maharashtra
2018-08-21,13.63,54.21000000000004,108.5,188.20000000000002,33.96,1,Ratnagiri,Maharashtra
2018-08-22,7.0,54.590000000000046,107.85000000000001,192.37,33.96,1,Ratnagiri,Maharashtra
2018-08-23,3.46,24.090000000000042,78.66,189.64,13.63,1,Ratnagiri,Maharashtra
2018-08-24,5.91,16.370000000000044,79.37,190.47,7.0,1,Ratnagiri,Maharashtra
2018-08-25,4.43,13.800000000000043,75.01,191.01,5.91,1,Ratnagiri,Maharashtra
2018-08-26,7.02,17.360000000000042,75.41,187.41,7.02,1,Ratnagiri,Maharashtra
2018-08-27,9.89,21.340000000000042,51.34,187.45,9.89,1,Ratnagiri,Maharashtra
2018-08-28,11.82,28.730000000000043,49.53,164.84,11.82,1,Ratnagiri,Maharashtra
2018-08-29,6.54,28.250000000000043,49.07,164.57,11.82,1,Ratnagiri,Maharashtra
2018-08-30,3.78,22.140000000000043,49.38999999999999,160.70000000000002,11.82,1,Ratnagiri,Maharashtra
2018-08-31,3.61,13.930000000000042,47.09,131.66,6.54,1,Ratnagiri,Maharashtra
2018-09-01,4.25,11.640000000000043,46.91,130.71,4.25,1,Ratnagiri,Maharashtra
2018-09-02,1.73,9.590000000000042,41.62,123.64999999999999,4.25,1,Ratnagiri,Maharashtra
2018-09-03,2.37,8.350000000000042,34.1,119.4,4.25,1,Ratnagiri,Maharashtra
2018-09-04,1.4,5.500000000000043,23.68,86.84,2.37,1,Ratnagiri,Maharashtra
2018-09-05,1.75,5.520000000000042,18.89,74.96000000000001,2.37,1,Ratnagiri,Maharashtra
2018-09-06,1.98,5.1300000000000425,17.09,69.94,1.98,1,Ratnagiri,Maharashtra
2018-09-07,2.48,6.210000000000043,15.96,68.96,2.48,1,Ratnagiri,Maharashtra
2018-09-08,0.8,5.260000000000042,12.51,63.85,2.48,1,Ratnagiri,Maharashtra
2018-09-09,0.24,3.5200000000000427,11.02,59.66,2.48,1,Ratnagiri,Maharashtra
2018-09-10,0.08,1.1200000000000427,8.73,52.72,0.8,1,Ratnagiri,Maharashtra
2018-09-11,0.11,0.4300000000000426,7.44,42.94,0.24,1,Ratnagiri,Maharashtra
2018-09-12,0.07,0.26000000000004264,5.76,31.19,0.11,1,Ratnagiri,Maharashtra
2018-09-13,0.13,0.31000000000004263,3.91,24.78,0.13,1,Ratnagiri,Maharashtra
2018-09-14,0.42,0.6200000000000426,1.85,21.419999999999998,0.42,1,Ratnagiri,Maharashtra
2018-09-15,1.26,1.8100000000000427,2.31,19.07,1.26,1,Ratnagiri,Maharashtra
2018-09-16,0.88,2.5600000000000427,2.95,15.7,1.26,1,Ratnagiri,Maharashtra
2018-09-17,0.27,2.4100000000000428,3.14,14.24,1.26,1,Ratnagiri,Maharashtra
2018-09-18,0.2,1.3500000000000427,3.23,12.07,0.88,1,Ratnagiri,Maharashtra
2018-09-19,0.31,0.7800000000000427,3.47,10.98,0.31,1,Ratnagiri,Maharashtra
2018-09-20,8.15,8.660000000000043,11.49,17.380000000000003,8.15,1,Ratnagiri,Maharashtra
2018-09-21,8.33,16.790000000000042,19.4,23.73,8.33,1,Ratnagiri,Maharashtra
2018-09-22,4.92,21.40000000000004,23.06,26.17,8.33,1,Ratnagiri,Maharashtra
2018-09-23,16.87,30.120000000000044,39.05,42.239999999999995,16.87,1,Ratnagiri,Maharashtra
2018-09-24,11.31,33.100000000000044,50.089999999999996,53.31,16.87,1,Ratnagiri,Maharashtra
2018-09-25,3.97,32.15000000000004,53.86,57.199999999999996,16.87,1,Ratnagiri,Maharashtra
2018-09-26,10.3,25.580000000000044,63.85,67.39,11.31,1,Ratnagiri,Maharashtra
2018-09-27,15.29,29.560000000000045,70.99000000000001,82.61000000000001,15.29,1,Ratnagiri,Maharashtra
2018-09-28,7.27,32.86000000000004,69.93,89.75,15.29,1,Ratnagiri,Maharashtra
2018-09-29,5.43,27.990000000000038,70.44,94.75999999999999,15.29,1,Ratnagiri,Maharashtra
2018-09-30,1.62,14.320000000000043,55.19,95.12,7.27,1,Ratnagiri,Maharashtra
2018-10-01,4.54,11.590000000000042,48.42,98.78,5.43,0,Ratnagiri,Maharashtra
2018-10-02,5.32,11.480000000000043,49.77,103.83,5.32,0,Ratnagiri,Maharashtra
2018-10-03,6.98,16.840000000000042,46.45,110.61,6.98,0,Ratnagiri,Maharashtra
2018-10-04,16.4,28.700000000000042,47.56,126.7,16.4,0,Ratnagiri,Maharashtra
2018-10-05,0.6,23.980000000000043,40.89,119.15,16.4,0,Ratnagiri,Maharashtra
2018-10-06,0.1,17.10000000000004,35.559999999999995,110.92,16.4,0,Ratnagiri,Maharashtra
2018-10-07,0.02,0.7200000000000426,33.96,106.02,0.6,0,Ratnagiri,Maharashtra
2018-10-08,0.82,0.9400000000000426,30.24,89.97,0.82,0,Ratnagiri,Maharashtra
2018-10-09,2.0,2.8400000000000425,26.919999999999998,80.66,2.0,0,Ratnagiri,Maharashtra
2018-10-10,1.51,4.330000000000043,21.45,78.19999999999999,2.0,0,Ratnagiri,Maharashtra
2018-10-11,1.79,5.3000000000000425,6.84,69.69,2.0,0,Ratnagiri,Maharashtra
2018-10-12,1.88,5.180000000000042,8.120000000000001,56.279999999999994,1.88,0,Ratnagiri,Maharashtra
2018-10-13,0.35,4.020000000000043,8.370000000000001,49.35999999999999,1.88,0,Ratnagiri,Maharashtra
2018-10-14,0.45,2.680000000000043,8.799999999999999,44.379999999999995,1.88,0,Ratnagiri,Maharashtra
2018-10-15,0.09,0.8900000000000426,8.07,42.85,0.45,0,Ratnagiri,Maharashtra
2018-10-16,4.01,4.5500000000000425,10.08,42.32,4.01,0,Ratnagiri,Maharashtra
2018-10-17,2.41,6.510000000000042,10.98,39.41,4.01,0,Ratnagiri,Maharashtra
2018-10-18,11.84,18.26000000000004,21.03,44.269999999999996,11.84,0,Ratnagiri,Maharashtra
2018-10-19,6.09,20.340000000000042,25.240000000000002,33.959999999999994,11.84,0,Ratnagiri,Maharashtra
2018-10-20,0.93,18.860000000000042,25.82,34.29,11.84,0,Ratnagiri,Maharashtra
2018-10-21,0.24,7.260000000000042,25.61,34.42999999999999,6.09,0,Ratnagiri,Maharashtra
2018-10-22,0.42,1.5900000000000427,25.94,34.83,0.93,0,Ratnagiri,Maharashtra
2018-10-23,0.51,1.1700000000000426,22.439999999999998,34.519999999999996,0.51,0,Ratnagiri,Maharashtra
2018-10-24,0.23,1.1600000000000428,20.26,32.75,0.51,0,Ratnagiri,Maharashtra
2018-10-25,0.51,1.2500000000000426,8.93,31.749999999999996,0.51,0,Ratnagiri,Maharashtra
2018-10-26,0.1,0.8400000000000427,2.94,30.06,0.51,0,Ratnagiri,Maharashtra
2018-10-27,0.0,0.6100000000000427,2.01,28.18,0.51,0,Ratnagiri,Maharashtra
2018-10-28,0.0,0.10000000000004275,1.7700000000000002,27.83,0.1,0,Ratnagiri,Maharashtra
2018-10-29,0.0,0.0,1.35,27.38,0.0,0,Ratnagiri,Maharashtra
2018-10-30,0.0,0.0,0.84,27.29,0.0,0,Ratnagiri,Maharashtra
2018-10-31,0.0,0.0,0.61,23.279999999999998,0.0,0,Ratnagiri,Maharashtra
2018-11-01,0.0,0.0,0.1,20.869999999999997,0.0,0,Ratnagiri,Maharashtra
2018-11-02,0.01,0.010000000000042744,0.01,9.039999999999996,0.01,0,Ratnagiri,Maharashtra
2018-11-03,0.95,0.9600000000000427,0.96,3.8999999999999964,0.95,0,Ratnagiri,Maharashtra
2018-11-04,1.8,2.760000000000043,2.76,4.769999999999996,1.8,0,Ratnagiri,Maharashtra
2018-11-05,3.12,5.870000000000044,5.88,7.649999999999997,3.12,0,Ratnagiri,Maharashtra
2018-11-06,1.64,6.560000000000043,7.52,8.869999999999996,3.12,0,Ratnagiri,Maharashtra
2018-11-07,0.14,4.900000000000043,7.66,8.499999999999996,3.12,0,Ratnagiri,Maharashtra
2018-11-08,0.0,1.7800000000000429,7.66,8.269999999999996,1.64,0,Ratnagiri,Maharashtra
2018-11-09,0.0,0.1400000000000431,7.65,7.759999999999996,0.14,0,Ratnagiri,Maharashtra
2018-11-10,0.0,0.0,6.7,7.659999999999997,0.0,0,Ratnagiri,Maharashtra
2018-11-11,0.0,0.0,4.9,7.659999999999997,0.0,0,Ratnagiri,Maharashtra
2018-11-12,0.0,0.0,1.7799999999999998,7.659999999999997,0.0,0,Ratnagiri,Maharashtra
2018-11-13,0.0,0.0,0.14,7.659999999999997,0.0,0,Ratnagiri,Maharashtra
2018-11-14,0.0,0.0,0.0,7.659999999999997,0.0,0,Ratnagiri,Maharashtra
2018-11-15,0.0,0.0,0.0,7.659999999999997,0.0,0,Ratnagiri,Maharashtra
2018-11-16,0.0,0.0,0.0,7.659999999999997,0.0,0,Ratnagiri,Maharashtra
2018-11-17,0.01,0.010000000000043077,0.01,7.659999999999997,0.01,0,Ratnagiri,Maharashtra
2018-11-18,0.08,0.09000000000004307,0.09,6.7899999999999965,0.08,0,Ratnagiri,Maharashtra
2018-11-19,24.57,24.660000000000043,24.66,29.559999999999995,24.57,0,Ratnagiri,Maharashtra
2018-11-20,2.05,26.700000000000042,26.71,28.489999999999995,24.57,0,Ratnagiri,Maharashtra
2018-11-21,0.45,27.070000000000043,27.16,27.299999999999994,24.57,0,Ratnagiri,Maharashtra
2018-11-22,0.05,2.5500000000000425,27.21,27.209999999999994,2.05,0,Ratnagiri,Maharashtra
2018-11-23,0.0,0.5000000000000426,27.21,27.209999999999994,0.45,0,Ratnagiri,Maharashtra
2018-11-24,0.0,0.050000000000042635,27.2,27.209999999999994,0.05,0,Ratnagiri,Maharashtra
2018-11-25,0.0,0.0,27.12,27.209999999999994,0.0,0,Ratnagiri,Maharashtra
2018-11-26,0.0,0.0,2.55,27.209999999999994,0.0,0,Ratnagiri,Maharashtra
2018-11-27,0.0,0.0,0.5,27.209999999999994,0.0,0,Ratnagiri,Maharashtra
2018-11-28,0.0,0.0,0.05,27.209999999999994,0.0,0,Ratnagiri,Maharashtra
2018-11-29,0.0,0.0,0.0,27.209999999999994,0.0,0,Ratnagiri,Maharashtra
2018-11-30,0.0,0.0,0.0,27.209999999999994,0.0,0,Ratnagiri,Maharashtra
2018-12-01,0.0,0.0,0.0,27.209999999999994,0.0,0,Ratnagiri,Maharashtra
2018-12-02,0.0,0.0,0.0,27.199999999999996,0.0,0,Ratnagiri,Maharashtra
2018-12-03,0.0,0.0,0.0,27.119999999999994,0.0,0,Ratnagiri,Maharashtra
2018-12-04,0.0,0.0,0.0,2.5499999999999927,0.0,0,Ratnagiri,Maharashtra
2018-12-05,0.01,0.010000000000042633,0.01,0.5099999999999929,0.01,0,Ratnagiri,Maharashtra
2018-12-06,0.22,0.23000000000004264,0.23,0.2799999999999929,0.22,0,Ratnagiri,Maharashtra
2018-12-07,0.0,0.23000000000004264,0.23,0.2299999999999929,0.22,0,Ratnagiri,Maharashtra
2018-12-08,0.0,0.22000000000004263,0.23,0.22999999999999288,0.22,0,Ratnagiri,Maharashtra
2018-12-09,0.0,0.0,0.23,0.22999999999999288,0.0,0,Ratnagiri,Maharashtra
2018-12-10,0.0,0.0,0.23,0.22999999999999288,0.0,0,Ratnagiri,Maharashtra
2018-12-11,0.0,0.0,0.23,0.22999999999999288,0.0,0,Ratnagiri,Maharashtra
2018-12-12,0.0,0.0,0.22,0.22999999999999288,0.0,0,Ratnagiri,Maharashtra
2018-12-13,0.0,0.0,0.0,0.22999999999999288,0.0,0,Ratnagiri,Maharashtra
2018-12-14,0.01,0.010000000000042633,0.01,0.23999999999999289,0.01,0,Ratnagiri,Maharashtra
2018-12-15,0.03,0.04000000000004263,0.04,0.26999999999999286,0.03,0,Ratnagiri,Maharashtra
2018-12-16,0.0,0.04000000000004263,0.04,0.26999999999999286,0.03,0,Ratnagiri,Maharashtra
2018-12-17,0.0,0.03000000000004263,0.04,0.26999999999999286,0.03,0,Ratnagiri,Maharashtra
2018-12-18,0.0,0.0,0.04,0.26999999999999286,0.0,0,Ratnagiri,Maharashtra
2018-12-19,0.0,0.0,0.04,0.26999999999999286,0.0,0,Ratnagiri,Maharashtra
2018-12-20,0.0,0.0,0.04,0.25999999999999285,0.0,0,Ratnagiri,Maharashtra
2018-12-21,0.0,0.0,0.03,0.039999999999992895,0.0,0,Ratnagiri,Maharashtra
2018-12-22,0.0,0.0,0.0,0.039999999999992895,0.0,0,Ratnagiri,Maharashtra
2018-12-23,0.0,0.0,0.0,0.039999999999992895,0.0,0,Ratnagiri,Maharashtra
2018-12-24,0.0,0.0,0.0,0.039999999999992895,0.0,0,Ratnagiri,Maharashtra
2018-12-25,0.0,0.0,0.0,0.039999999999992895,0.0,0,Ratnagiri,Maharashtra
2018-12-26,0.0,0.0,0.0,0.039999999999992895,0.0,0,Ratnagiri,Maharashtra
2018-12-27,0.0,0.0,0.0,0.039999999999992895,0.0,0,Ratnagiri,Maharashtra
2018-12-28,0.0,0.0,0.0,0.039999999999992895,0.0,0,Ratnagiri,Maharashtra
2018-12-29,0.0,0.0,0.0,0.029999999999992893,0.0,0,Ratnagiri,Maharashtra
2018-12-30,0.0,0.0,0.0,0.0,0.0,0,Ratnagiri,Maharashtra
2018-12-31,0.0,0.0,0.0,0.0,0.0,0,Ratnagiri,Maharashtra
2019-01-01,0.0,0.0,0.0,0.0,0.0,0,Ratnagiri,Maharashtra
2019-01-02,0.0,0.0,0.0,0.0,0.0,0,Ratnagiri,Maharashtra
2019-01-03,0.0,0.0,0.0,0.0,0.0,0,Ratnagiri,Maharashtra
2019-01-04,0.0,0.0,0.0,0.0,0.0,0,Ratnagiri,Maharashtra
2019-01-05,0.0,0.0,0.0,0.0,0.0,0,Ratnagiri,Maharashtra
2019-01-06,0.0,0.0,0.0,0.0,0.0,0,Ratnagiri,Maharashtra
2019-01-07,0.0,0.0,0.0,0.0,0.0,0,Ratnagiri,Maharashtra
2019-01-08,0.0,0.0,0.0,0.0,0.0,0,Ratnagiri,Maharashtra
2019-01-09,0.0,0.0,0.0,0.0,0.0,0,Ratnagiri,Maharashtra
2019-01-10,0.0,0.0,0.0,0.0,0.0,0,Ratnagiri,Maharashtra
2019-01-11,0.0,0.0,0.0,0.0,0.0,0,Ratnagiri,Maharashtra
2019-01-12,0.0,0.0,0.0,0.0,0.0,0,Ratnagiri,Maharashtra
2019-01-13,0.0,0.0,0.0,0.0,0.0,0,Ratnagiri,Maharashtra
2019-01-14,0.0,0.0,0.0,0.0,0.0,0,Ratnagiri,Maharashtra
2019-01-15,0.0,0.0,0.0,0.0,0.0,0,Ratnagiri,Maharashtra
2019-01-16,0.0,0.0,0.0,0.0,0.0,0,Ratnagiri,Maharashtra
2019-01-17,0.0,0.0,0.0,0.0,0.0,0,Ratnagiri,Maharashtra
2019-01-18,0.0,0.0,0.0,0.0,0.0,0,Ratnagiri,Maharashtra
2019-01-19,0.0,0.0,0.0,0.0,0.0,0,Ratnagiri,Maharashtra
2019-01-20,0.0,0.0,0.0,0.0,0.0,0,Ratnagiri,Maharashtra
2019-01-21,0.0,0.0,0.0,0.0,0.0,0,Ratnagiri,Maharashtra
2019-01-22,0.01,0.010000000000042633,0.01,0.009999999999992895,0.01,0,Ratnagiri,Maharashtra
2019-01-23,0.01,0.020000000000042633,0.02,0.019999999999992895,0.01,0,Ratnagiri,Maharashtra
2019-01-24,0.0,0.020000000000042633,0.02,0.019999999999992895,0.01,0,Ratnagiri,Maharashtra
2019-01-25,0.0,0.010000000000042633,0.02,0.019999999999992895,0.01,0,Ratnagiri,Maharashtra
2019-01-26,0.0,0.0,0.02,0.019999999999992895,0.0,0,Ratnagiri,Maharashtra
2019-01-27,0.0,0.0,0.02,0.019999999999992895,0.0,0,Ratnagiri,Maharashtra
2019-01-28,0.15,0.15000000000004263,0.16999999999999998,0.16999999999999288,0.15,0,Ratnagiri,Maharashtra
2019-01-29,0.0,0.15000000000004263,0.15999999999999998,0.16999999999999288,0.15,0,Ratnagiri,Maharashtra
2019-01-30,0.0,0.15000000000004263,0.15,0.16999999999999288,0.15,0,Ratnagiri,Maharashtra
2019-01-31,0.0,0.0,0.15,0.16999999999999288,0.0,0,Ratnagiri,Maharashtra
2019-02-01,0.0,0.0,0.15,0.16999999999999288,0.0,0,Ratnagiri,Maharashtra
2019-02-02,0.0,0.0,0.15,0.16999999999999288,0.0,0,Ratnagiri,Maharashtra
2019-02-03,0.0,0.0,0.15,0.16999999999999288,0.0,0,Ratnagiri,Maharashtra
2019-02-04,0.0,0.0,0.0,0.16999999999999288,0.0,0,Ratnagiri,Maharashtra
2019-02-05,0.0,0.0,0.0,0.16999999999999288,0.0,0,Ratnagiri,Maharashtra
2019-02-06,0.0,0.0,0.0,0.15999999999999287,0.0,0,Ratnagiri,Maharashtra
2019-02-07,0.0,0.0,0.0,0.1499999999999929,0.0,0,Ratnagiri,Maharashtra
2019-02-08,0.0,0.0,0.0,0.1499999999999929,0.0,0,Ratnagiri,Maharashtra
2019-02-09,0.0,0.0,0.0,0.1499999999999929,0.0,0,Ratnagiri,Maharashtra
2019-02-10,0.0,0.0,0.0,0.1499999999999929,0.0,0,Ratnagiri,Maharashtra
2019-02-11,0.0,0.0,0.0,0.1499999999999929,0.0,0,Ratnagiri,Maharashtra
2019-02-12,0.0,0.0,0.0,0.0,0.0,0,Ratnagiri,Maharashtra
2019-02-13,0.0,0.0,0.0,0.0,0.0,0,Ratnagiri,Maharashtra
2019-02-14,0.0,0.0,0.0,0.0,0.0,0,Ratnagiri,Maharashtra
2019-02-15,0.0,0.0,0.0,0.0,0.0,0,Ratnagiri,Maharashtra
2019-02-16,0.0,0.0,0.0,0.0,0.0,0,Ratnagiri,Maharashtra
2019-02-17,0.0,0.0,0.0,0.0,0.0,0,Ratnagiri,Maharashtra
2019-02-18,0.0,0.0,0.0,0.0,0.0,0,Ratnagiri,Maharashtra
2019-02-19,0.0,0.0,0.0,0.0,0.0,0,Ratnagiri,Maharashtra
2019-02-20,0.0,0.0,0.0,0.0,0.0,0,Ratnagiri,Maharashtra
2019-02-21,0.0,0.0,0.0,0.0,0.0,0,Ratnagiri,Maharashtra
2019-02-22,0.0,0.0,0.0,0.0,0.0,0,Ratnagiri,Maharashtra
2019-02-23,0.0,0.0,0.0,0.0,0.0,0,Ratnagiri,Maharashtra
2019-02-24,0.0,0.0,0.0,0.0,0.0,0,Ratnagiri,Maharashtra
2019-02-25,0.0,0.0,0.0,0.0,0.0,0,Ratnagiri,Maharashtra
2019-02-26,0.0,0.0,0.0,0.0,0.0,0,Ratnagiri,Maharashtra
2019-02-27,0.0,0.0,0.0,0.0,0.0,0,Ratnagiri,Maharashtra
2019-02-28,0.02,0.020000000000042633,0.02,0.019999999999992895,0.02,0,Ratnagiri,Maharashtra
2019-03-01,0.0,0.020000000000042633,0.02,0.019999999999992895,0.02,0,Ratnagiri,Maharashtra
2019-03-02,0.0,0.020000000000042633,0.02,0.019999999999992895,0.02,0,Ratnagiri,Maharashtra
2019-03-03,0.0,0.0,0.02,0.019999999999992895,0.0,0,Ratnagiri,Maharashtra
2019-03-04,0.02,0.020000000000042633,0.04,0.039999999999992895,0.02,0,Ratnagiri,Maharashtra
2019-03-05,0.0,0.020000000000042633,0.04,0.039999999999992895,0.02,0,Ratnagiri,Maharashtra
2019-03-06,0.0,0.020000000000042633,0.04,0.039999999999992895,0.02,0,Ratnagiri,Maharashtra
2019-03-07,0.0,0.0,0.02,0.039999999999992895,0.0,0,Ratnagiri,Maharashtra
2019-03-08,0.0,0.0,0.02,0.039999999999992895,0.0,0,Ratnagiri,Maharashtra
2019-03-09,0.0,0.0,0.02,0.039999999999992895,0.0,0,Ratnagiri,Maharashtra
2019-03-10,0.0,0.0,0.02,0.039999999999992895,0.0,0,Ratnagiri,Maharashtra
2019-03-11,0.0,0.0,0.0,0.039999999999992895,0.0,0,Ratnagiri,Maharashtra
2019-03-12,0.0,0.0,0.0,0.039999999999992895,0.0,0,Ratnagiri,Maharashtra
2019-03-13,0.0,0.0,0.0,0.039999999999992895,0.0,0,Ratnagiri,Maharashtra
2019-03-14,0.0,0.0,0.0,0.039999999999992895,0.0,0,Ratnagiri,Maharashtra
2019-03-15,0.0,0.0,0.0,0.019999999999992895,0.0,0,Ratnagiri,Maharashtra
2019-03-16,0.0,0.0,0.0,0.019999999999992895,0.0,0,Ratnagiri,Maharashtra
2019-03-17,0.0,0.0,0.0,0.019999999999992895,0.0,0,Ratnagiri,Maharashtra
2019-03-18,0.0,0.0,0.0,0.019999999999992895,0.0,0,Ratnagiri,Maharashtra
2019-03-19,0.0,0.0,0.0,0.0,0.0,0,Ratnagiri,Maharashtra
2019-03-20,0.0,0.0,0.0,0.0,0.0,0,Ratnagiri,Maharashtra
2019-03-21,0.0,0.0,0.0,0.0,0.0,0,Ratnagiri,Maharashtra
2019-03-22,0.0,0.0,0.0,0.0,0.0,0,Ratnagiri,Maharashtra
2019-03-23,0.05,0.050000000000042635,0.05,0.0499999999999929,0.05,0,Ratnagiri,Maharashtra
2019-03-24,1.95,2.0000000000000426,2.0,1.999999999999993,1.95,0,Ratnagiri,Maharashtra
2019-03-25,1.33,3.3300000000000427,3.33,3.329999999999993,1.95,0,Ratnagiri,Maharashtra
2019-03-26,1.7,4.980000000000043,5.03,5.029999999999993,1.95,0,Ratnagiri,Maharashtra
2019-03-27,1.29,4.320000000000043,6.32,6.319999999999993,1.7,0,Ratnagiri,Maharashtra
2019-03-28,0.01,3.0000000000000426,6.33,6.329999999999993,1.7,0,Ratnagiri,Maharashtra
2019-03-29,0.14,1.4400000000000426,6.47,6.469999999999993,1.29,0,Ratnagiri,Maharashtra
2019-03-30,0.85,1.0000000000000426,7.2700000000000005,7.319999999999993,0.85,0,Ratnagiri,Maharashtra
2019-03-31,1.39,2.3800000000000425,6.71,8.709999999999994,1.39,0,Ratnagiri,Maharashtra
2019-04-01,0.08,2.3200000000000425,5.46,8.789999999999992,1.39,0,Ratnagiri,Maharashtra
2019-04-02,0.0,1.4700000000000426,3.76,8.789999999999992,1.39,0,Ratnagiri,Maharashtra
2019-04-03,0.08,0.16000000000004264,2.55,8.869999999999992,0.08,0,Ratnagiri,Maharashtra
2019-04-04,0.69,0.7700000000000425,3.23,9.559999999999993,0.69,0,Ratnagiri,Maharashtra
2019-04-05,0.54,1.3100000000000427,3.63,10.099999999999993,0.69,0,Ratnagiri,Maharashtra
2019-04-06,0.1,1.3300000000000425,2.8800000000000003,10.199999999999992,0.69,0,Ratnagiri,Maharashtra
2019-04-07,0.0,0.6400000000000426,1.49,10.149999999999991,0.54,0,Ratnagiri,Maharashtra
2019-04-08,0.09,0.19000000000004263,1.5,8.289999999999992,0.1,0,Ratnagiri,Maharashtra
2019-04-09,0.17,0.26000000000004264,1.67,7.129999999999993,0.17,0,Ratnagiri,Maharashtra
2019-04-10,0.06,0.32000000000004264,1.6500000000000001,5.489999999999992,0.17,0,Ratnagiri,Maharashtra
2019-04-11,0.74,0.9700000000000426,1.7000000000000002,4.939999999999992,0.74,0,Ratnagiri,Maharashtra
2019-04-12,1.54,2.3400000000000425,2.7,6.469999999999993,1.54,0,Ratnagiri,Maharashtra
2019-04-13,1.37,3.6500000000000425,3.97,7.699999999999993,1.54,0,Ratnagiri,Maharashtra
2019-04-14,1.88,4.790000000000043,5.85,8.729999999999993,1.88,0,Ratnagiri,Maharashtra
2019-04-15,4.05,7.3000000000000425,9.81,11.389999999999993,4.05,0,Ratnagiri,Maharashtra
2019-04-16,0.26,6.190000000000042,9.9,11.569999999999993,4.05,0,Ratnagiri,Maharashtra
2019-04-17,0.0,4.310000000000042,9.84,11.569999999999993,4.05,0,Ratnagiri,Maharashtra
2019-04-18,0.0,0.26000000000004264,9.1,11.489999999999993,0.26,0,Ratnagiri,Maharashtra
2019-04-19,0.0,0.0,7.5600000000000005,10.799999999999994,0.0,0,Ratnagiri,Maharashtra
2019-04-20,0.0,0.0,6.1899999999999995,10.259999999999993,0.0,0,Ratnagiri,Maharashtra
2019-04-21,0.02,0.020000000000042633,4.330000000000001,10.179999999999993,0.02,0,Ratnagiri,Maharashtra
2019-04-22,0.01,0.03000000000004263,0.29000000000000004,10.189999999999992,0.02,0,Ratnagiri,Maharashtra
2019-04-23,0.0,0.03000000000004263,0.03,10.099999999999993,0.02,0,Ratnagiri,Maharashtra
2019-04-24,0.06,0.07000000000004263,0.09,9.989999999999993,0.06,0,Ratnagiri,Maharashtra
2019-04-25,0.04,0.10000000000004262,0.13,9.969999999999992,0.06,0,Ratnagiri,Maharashtra
2019-04-26,0.08,0.18000000000004263,0.21,9.309999999999992,0.08,0,Ratnagiri,Maharashtra
2019-04-27,0.14,0.26000000000004264,0.35,7.909999999999993,0.14,0,Ratnagiri,Maharashtra
2019-04-28,0.08,0.3000000000000426,0.41,6.619999999999993,0.14,0,Ratnagiri,Maharashtra
2019-04-29,0.14,0.3600000000000426,0.54,4.879999999999993,0.14,0,Ratnagiri,Maharashtra
2019-04-30,0.04,0.26000000000004264,0.58,0.8699999999999929,0.14,0,Ratnagiri,Maharashtra
2019-05-01,0.02,0.20000000000004262,0.54,0.6299999999999929,0.14,0,Ratnagiri,Maharashtra
2019-05-02,0.0,0.0600000000000426,0.5,0.6299999999999929,0.04,0,Ratnagiri,Maharashtra
2019-05-03,0.0,0.020000000000042605,0.42000000000000004,0.6299999999999929,0.02,0,Ratnagiri,Maharashtra
2019-05-04,0.05,0.05000000000004261,0.33,0.6799999999999929,0.05,0,Ratnagiri,Maharashtra
2019-05-05,0.0,0.05000000000004261,0.25,0.6799999999999929,0.05,0,Ratnagiri,Maharashtra
2019-05-06,0.0,0.05000000000004261,0.11,0.6599999999999929,0.05,0,Ratnagiri,Maharashtra
2019-05-07,0.01,0.010000000000042605,0.08,0.6599999999999929,0.01,0,Ratnagiri,Maharashtra
2019-05-08,0.04,0.05000000000004261,0.1,0.6999999999999929,0.04,0,Ratnagiri,Maharashtra
2019-05-09,0.0,0.05000000000004261,0.1,0.6399999999999929,0.04,0,Ratnagiri,Maharashtra
2019-05-10,0.0,0.040000000000042606,0.1,0.5999999999999929,0.04,0,Ratnagiri,Maharashtra
2019-05-11,0.0,0.0,0.05,0.5199999999999929,0.0,0,Ratnagiri,Maharashtra
2019-05-12,0.0,0.0,0.05,0.3799999999999929,0.0,0,Ratnagiri,Maharashtra
2019-05-13,0.0,0.0,0.05,0.29999999999999294,0.0,0,Ratnagiri,Maharashtra
2019-05-14,0.0,0.0,0.04,0.1599999999999929,0.0,0,Ratnagiri,Maharashtra
2019-05-15,0.0,0.0,0.0,0.11999999999999289,0.0,0,Ratnagiri,Maharashtra
2019-05-16,0.0,0.0,0.0,0.0999999999999929,0.0,0,Ratnagiri,Maharashtra
2019-05-17,0.0,0.0,0.0,0.0999999999999929,0.0,0,Ratnagiri,Maharashtra
2019-05-18,0.0,0.0,0.0,0.0999999999999929,0.0,0,Ratnagiri,Maharashtra
2019-05-19,0.0,0.0,0.0,0.0499999999999929,0.0,0,Ratnagiri,Maharashtra
2019-05-20,0.0,0.0,0.0,0.0499999999999929,0.0,0,Ratnagiri,Maharashtra
2019-05-21,0.21,0.2100000000000426,0.21,0.2599999999999929,0.21,0,Ratnagiri,Maharashtra
2019-05-22,0.16,0.37000000000004263,0.37,0.40999999999999287,0.21,0,Ratnagiri,Maharashtra
2019-05-23,0.21,0.5800000000000426,0.58,0.5799999999999929,0.21,0,Ratnagiri,Maharashtra
2019-05-24,0.26,0.6300000000000426,0.84,0.8399999999999929,0.26,0,Ratnagiri,Maharashtra
2019-05-25,0.12,0.5900000000000426,0.96,0.9599999999999929,0.26,0,Ratnagiri,Maharashtra
2019-05-26,0.04,0.4200000000000426,1.0,0.9999999999999929,0.26,0,Ratnagiri,Maharashtra
2019-05-27,0.03,0.19000000000004263,1.03,1.029999999999993,0.12,0,Ratnagiri,Maharashtra
2019-05-28,0.01,0.08000000000004263,0.83,1.039999999999993,0.04,0,Ratnagiri,Maharashtra
2019-05-29,0.02,0.06000000000004263,0.69,1.059999999999993,0.03,0,Ratnagiri,Maharashtra
2019-05-30,0.02,0.050000000000042635,0.5,1.079999999999993,0.02,0,Ratnagiri,Maharashtra
2019-05-31,0.04,0.08000000000004262,0.28,1.1199999999999928,0.04,0,Ratnagiri,Maharashtra
2019-06-01,0.05,0.11000000000004263,0.21000000000000002,1.1699999999999928,0.05,1,Ratnagiri,Maharashtra
2019-06-02,0.07,0.16000000000004264,0.24,1.2399999999999929,0.07,1,Ratnagiri,Maharashtra
2019-06-03,0.27,0.39000000000004265,0.48,1.509999999999993,0.27,1,Ratnagiri,Maharashtra
2019-06-04,0.27,0.6100000000000427,0.74,1.779999999999993,0.27,1,Ratnagiri,Maharashtra
2019-06-05,0.29,0.8300000000000426,1.01,1.859999999999993,0.29,1,Ratnagiri,Maharashtra
2019-06-06,0.41,0.9700000000000426,1.4,2.1099999999999928,0.41,1,Ratnagiri,Maharashtra
2019-06-07,1.56,2.2600000000000424,2.92,3.459999999999993,1.56,1,Ratnagiri,Maharashtra
2019-06-08,2.06,4.030000000000043,4.93,5.259999999999993,2.06,1,Ratnagiri,Maharashtra
2019-06-09,4.13,7.750000000000043,8.99,9.269999999999992,4.13,1,Ratnagiri,Maharashtra
2019-06-10,13.57,19.760000000000044,22.29,22.79999999999999,13.57,1,Ratnagiri,Maharashtra
2019-06-11,34.1,51.80000000000005,56.120000000000005,56.86999999999999,34.1,1,Ratnagiri,Maharashtra
2019-06-12,10.01,57.68000000000004,65.84,66.87,34.1,1,Ratnagiri,Maharashtra
2019-06-13,4.67,48.780000000000044,70.1,71.51999999999998,34.1,1,Ratnagiri,Maharashtra
2019-06-14,4.32,19.000000000000043,72.86,75.82,10.01,1,Ratnagiri,Maharashtra
2019-06-15,10.0,18.990000000000045,80.8,85.78,10.0,1,Ratnagiri,Maharashtra
2019-06-16,6.69,21.010000000000044,83.36,92.41999999999999,10.0,1,Ratnagiri,Maharashtra
2019-06-17,5.41,22.100000000000044,75.19999999999999,97.75999999999999,10.0,1,Ratnagiri,Maharashtra
2019-06-18,8.05,20.150000000000045,49.14999999999999,105.54,8.05,1,Ratnagiri,Maharashtra
2019-06-19,8.12,21.58000000000004,47.26,113.38999999999999,8.12,1,Ratnagiri,Maharashtra
2019-06-20,4.91,21.08000000000004,47.49999999999999,118.01,8.12,1,Ratnagiri,Maharashtra
2019-06-21,2.88,15.910000000000043,46.059999999999995,120.48,8.12,1,Ratnagiri,Maharashtra
2019-06-22,5.56,13.350000000000042,41.61999999999999,124.48,5.56,1,Ratnagiri,Maharashtra
2019-06-23,13.12,21.56000000000004,48.05,135.54,13.12,1,Ratnagiri,Maharashtra
2019-06-24,8.51,27.19000000000004,51.14999999999999,139.92000000000002,13.12,1,Ratnagiri,Maharashtra
2019-06-25,9.73,31.360000000000042,52.83,136.07999999999998,13.12,1,Ratnagiri,Maharashtra
2019-06-26,17.95,36.19000000000004,62.65999999999999,119.93,17.95,1,Ratnagiri,Maharashtra
2019-06-27,40.73,68.41000000000004,98.47999999999999,150.64999999999998,40.73,1,Ratnagiri,Maharashtra
2019-06-28,27.72,86.40000000000003,123.32,173.7,40.73,1,Ratnagiri,Maharashtra
2019-06-29,70.04,138.49000000000007,187.8,239.42,70.04,1,Ratnagiri,Maharashtra
2019-06-30,22.4,120.16000000000005,197.07999999999998,251.82,70.04,1,Ratnagiri,Maharashtra
2019-07-01,14.54,106.98000000000005,203.11,259.66999999999996,70.04,1,Ratnagiri,Maharashtra
2019-07-02,18.64,55.58000000000004,212.01999999999998,272.9,22.4,1,Ratnagiri,Maharashtra
2019-07-03,32.41,65.59000000000003,226.48,297.26,32.41,1,Ratnagiri,Maharashtra
2019-07-04,25.18,76.23000000000005,210.93,314.32,32.41,1,Ratnagiri,Maharashtra
2019-07-05,16.13,73.72000000000004,199.34,325.54,32.41,1,Ratnagiri,Maharashtra
2019-07-06,18.02,59.33000000000004,147.32,340.68,25.18,1,Ratnagiri,Maharashtra
2019-07-07,16.95,51.10000000000004,141.86999999999998,352.07,18.02,1,Ratnagiri,Maharashtra
2019-07-08,14.51,49.48000000000005,141.83999999999997,353.46,18.02,1,Ratnagiri,Maharashtra
2019-07-09,20.79,52.25000000000004,143.98999999999998,365.74,20.79,1,Ratnagiri,Maharashtra
2019-07-10,17.47,52.77000000000004,129.04999999999998,373.48,20.79,1,Ratnagiri,Maharashtra
2019-07-11,44.1,82.36000000000004,147.96999999999997,399.63,44.1,1,Ratnagiri,Maharashtra
2019-07-12,11.98,73.55000000000004,143.82,370.88,44.1,1,Ratnagiri,Maharashtra
2019-07-13,14.36,70.44000000000004,140.16,357.52000000000004,44.1,1,Ratnagiri,Maharashtra
2019-07-14,12.59,38.93000000000004,135.79999999999998,300.07,14.36,1,Ratnagiri,Maharashtra
2019-07-15,12.28,39.23000000000004,133.57,289.95,14.36,1,Ratnagiri,Maharashtra
2019-07-16,25.85,50.72000000000004,138.63,301.26,25.85,1,Ratnagiri,Maharashtra
2019-07-17,11.01,49.140000000000036,132.17,293.63,25.85,1,Ratnagiri,Maharashtra
2019-07-18,15.84,52.700000000000045,103.91,277.06,25.85,1,Ratnagiri,Maharashtra
2019-07-19,9.34,36.19000000000004,101.27,261.22,15.84,1,Ratnagiri,Maharashtra
2019-07-20,9.63,34.810000000000045,96.53999999999999,254.72000000000003,15.84,1,Ratnagiri,Maharashtra
2019-07-21,57.16,76.13000000000004,141.10999999999999,293.86,57.16,1,Ratnagiri,Maharashtra
2019-07-22,23.33,90.12000000000003,152.15999999999997,300.24,57.16,1,Ratnagiri,Maharashtra
2019-07-23,19.58,100.07000000000004,145.89,305.31,57.16,1,Ratnagiri,Maharashtra
2019-07-24,33.47,76.38000000000004,168.34999999999997,317.99,33.47,1,Ratnagiri,Maharashtra
2019-07-25,19.97,73.02000000000004,172.48,320.48999999999995,33.47,1,Ratnagiri,Maharashtra
2019-07-26,37.21,90.65000000000003,200.35,313.6,37.21,1,Ratnagiri,Maharashtra
2019-07-27,21.74,78.92000000000004,212.45999999999995,323.35999999999996,37.21,1,Ratnagiri,Maharashtra
2019-07-28,11.96,70.91000000000004,167.25999999999996,320.96,37.21,1,Ratnagiri,Maharashtra
2019-07-29,17.46,51.16000000000004,161.39,325.83,21.74,1,Ratnagiri,Maharashtra
2019-07-30,56.19,85.61000000000004,198.0,369.74,56.19,1,Ratnagiri,Maharashtra
2019-07-31,19.77,93.42000000000003,184.29999999999998,363.66,56.19,1,Ratnagiri,Maharashtra
2019-08-01,15.0,90.96000000000004,179.32999999999998,367.65000000000003,56.19,1,Ratnagiri,Maharashtra
2019-08-02,30.05,64.82000000000005,172.17,381.85999999999996,30.05,1,Ratnagiri,Maharashtra
2019-08-03,67.38,112.43000000000005,217.80999999999997,439.9,67.38,1,Ratnagiri,Maharashtra
2019-08-04,57.26,154.69000000000005,263.10999999999996,487.53000000000003,67.38,1,Ratnagiri,Maharashtra
2019-08-05,247.97,372.61,493.62,678.3399999999999,247.97,1,Ratnagiri,Maharashtra
2019-08-06,92.71,397.94000000000005,530.14,747.72,247.97,1,Ratnagiri,Maharashtra
2019-08-07,55.62,396.30000000000007,565.9899999999999,783.76,247.97,1,Ratnagiri,Maharashtra
2019-08-08,35.53,183.86000000000004,586.52,785.8199999999999,92.71,1,Ratnagiri,Maharashtra
2019-08-09,20.67,111.82000000000005,577.14,786.52,55.62,1,Ratnagiri,Maharashtra
2019-08-10,16.19,72.39000000000006,525.9499999999999,765.5,35.53,1,Ratnagiri,Maharashtra
2019-08-11,12.22,49.08000000000006,480.9099999999999,755.98,20.67,1,Ratnagiri,Maharashtra
2019-08-12,9.26,37.67000000000006,242.19999999999996,753.28,16.19,1,Ratnagiri,Maharashtra
2019-08-13,11.92,33.400000000000055,161.40999999999997,747.7399999999999,12.22,1,Ratnagiri,Maharashtra
2019-08-14,13.41,34.59000000000006,119.19999999999999,704.96,13.41,1,Ratnagiri,Maharashtra
2019-08-15,7.96,33.290000000000056,91.62999999999998,693.15,13.41,1,Ratnagiri,Maharashtra
2019-08-16,3.95,25.320000000000057,74.90999999999998,682.1,13.41,1,Ratnagiri,Maharashtra
2019-08-17,2.17,14.080000000000057,60.88999999999997,654.2199999999999,7.96,1,Ratnagiri,Maharashtra
2019-08-18,4.44,10.560000000000057,53.10999999999997,591.28,4.44,1,Ratnagiri,Maharashtra
2019-08-19,3.33,9.940000000000058,47.17999999999997,537.35,4.44,1,Ratnagiri,Maharashtra
2019-08-20,3.57,11.340000000000057,38.82999999999997,292.95,4.44,1,Ratnagiri,Maharashtra
2019-08-21,4.15,11.050000000000058,29.569999999999972,204.39000000000001,4.15,1,Ratnagiri,Maharashtra
2019-08-22,3.34,11.060000000000056,24.949999999999974,152.11,4.15,1,Ratnagiri,Maharashtra
2019-08-23,4.21,11.700000000000056,25.20999999999997,120.79,4.21,1,Ratnagiri,Maharashtra
2019-08-24,3.54,11.090000000000057,26.57999999999997,103.66000000000001,4.21,1,Ratnagiri,Maharashtra
2019-08-25,1.39,9.140000000000056,23.52999999999997,88.86,4.21,1,Ratnagiri,Maharashtra
2019-08-26,1.88,6.810000000000056,22.079999999999973,78.52,3.54,1,Ratnagiri,Maharashtra
2019-08-27,2.32,5.590000000000056,20.82999999999997,71.58,2.32,1,Ratnagiri,Maharashtra
2019-08-28,3.33,7.530000000000056,20.009999999999973,62.989999999999995,3.33,1,Ratnagiri,Maharashtra
2019-08-29,7.59,13.240000000000055,24.259999999999973,57.17,7.59,1,Ratnagiri,Maharashtra
2019-08-30,5.58,16.500000000000057,25.629999999999974,54.79,7.59,1,Ratnagiri,Maharashtra
2019-08-31,22.56,35.730000000000054,44.64999999999997,73.4,22.56,1,Ratnagiri,Maharashtra
2019-09-01,27.58,55.720000000000056,70.83999999999997,98.81,27.58,1,Ratnagiri,Maharashtra
2019-09-02,18.34,68.48000000000006,87.29999999999997,112.71,27.58,1,Ratnagiri,Maharashtra
2019-09-03,31.85,77.77000000000005,116.82999999999997,141.23,31.85,1,Ratnagiri,Maharashtra
2019-09-04,98.81,149.00000000000006,212.30999999999997,236.47000000000003,98.81,1,Ratnagiri,Maharashtra
2019-09-05,27.65,158.31000000000006,232.36999999999998,259.97,98.81,1,Ratnagiri,Maharashtra
2019-09-06,25.68,152.14000000000004,252.46999999999997,282.31000000000006,98.81,1,Ratnagiri,Maharashtra
2019-09-07,27.76,81.09000000000006,257.66999999999996,305.86,27.76,1,Ratnagiri,Maharashtra
2019-09-08,13.48,66.92000000000006,243.56999999999996,315.8,27.76,1,Ratnagiri,Maharashtra
2019-09-09,7.78,49.02000000000006,233.00999999999996,322.19,27.76,1,Ratnagiri,Maharashtra
2019-09-10,5.37,26.63000000000006,206.52999999999997,325.68,13.48,1,Ratnagiri,Maharashtra
2019-09-11,2.29,15.440000000000058,110.00999999999998,325.65,7.78,1,Ratnagiri,Maharashtra
2019-09-12,4.36,12.020000000000056,86.71999999999998,326.68,5.37,1,Ratnagiri,Maharashtra
2019-09-13,6.96,13.610000000000056,67.99999999999997,326.05,6.96,1,Ratnagiri,Maharashtra
2019-09-14,4.74,16.06000000000006,44.97999999999997,325.21,6.96,1,Ratnagiri,Maharashtra
2019-09-15,4.61,16.31000000000006,36.10999999999997,307.26,6.96,1,Ratnagiri,Maharashtra
2019-09-16,4.68,14.030000000000056,33.00999999999997,284.36,4.74,1,Ratnagiri,Maharashtra
2019-09-17,2.78,12.070000000000055,30.419999999999973,268.8,4.68,1,Ratnagiri,Maharashtra
2019-09-18,4.04,11.500000000000057,32.16999999999997,240.99,4.68,1,Ratnagiri,Maharashtra
2019-09-19,11.45,18.270000000000056,39.25999999999997,153.63000000000002,11.45,1,Ratnagiri,Maharashtra
2019-09-20,3.16,18.650000000000055,35.45999999999997,129.14000000000001,11.45,1,Ratnagiri,Maharashtra
2019-09-21,3.56,18.170000000000055,34.27999999999997,107.02,11.45,1,Ratnagiri,Maharashtra
2019-09-22,1.4,8.120000000000058,31.069999999999972,80.66,3.56,1,Ratnagiri,Maharashtra
2019-09-23,0.46,5.420000000000057,26.849999999999973,67.64000000000001,3.56,1,Ratnagiri,Maharashtra
2019-09-24,5.93,7.790000000000056,29.99999999999997,65.78999999999999,5.93,1,Ratnagiri,Maharashtra
2019-09-25,52.78,59.17000000000006,78.73999999999998,113.2,52.78,1,Ratnagiri,Maharashtra
2019-09-26,15.57,74.28000000000006,82.85999999999997,126.47999999999999,52.78,1,Ratnagiri,Maharashtra
2019-09-27,1.41,69.76000000000006,81.10999999999997,123.53,52.78,1,Ratnagiri,Maharashtra
2019-09-28,1.28,18.26000000000006,78.82999999999997,117.85000000000001,15.57,1,Ratnagiri,Maharashtra
2019-09-29,0.57,3.2600000000000566,77.99999999999997,113.67999999999999,1.41,1,Ratnagiri,Maharashtra
2019-09-30,0.91,2.7600000000000566,78.44999999999997,109.97999999999999,1.28,1,Ratnagiri,Maharashtra
2019-10-01,0.93,2.410000000000057,73.44999999999997,106.23,0.93,0,Ratnagiri,Maharashtra
2019-10-02,0.93,2.7700000000000573,21.599999999999973,104.38,0.93,0,Ratnagiri,Maharashtra
2019-10-03,1.66,3.520000000000057,7.689999999999971,102.0,1.66,0,Ratnagiri,Maharashtra
2019-10-04,4.39,6.980000000000056,10.669999999999972,94.94000000000001,4.39,0,Ratnagiri,Maharashtra
2019-10-05,3.21,9.260000000000057,12.599999999999973,94.99,4.39,0,Ratnagiri,Maharashtra
2019-10-06,4.93,12.530000000000056,16.959999999999972,96.36000000000001,4.93,0,Ratnagiri,Maharashtra
2019-10-07,5.71,13.850000000000058,21.75999999999997,100.67,5.71,0,Ratnagiri,Maharashtra
2019-10-08,4.95,15.590000000000057,25.779999999999973,105.16,5.71,0,Ratnagiri,Maharashtra
2019-10-09,7.64,18.300000000000058,32.489999999999974,106.87,7.64,0,Ratnagiri,Maharashtra
2019-10-10,3.63,16.220000000000056,34.45999999999997,57.72,7.64,0,Ratnagiri,Maharashtra
2019-10-11,2.83,14.100000000000056,32.89999999999997,44.98,7.64,0,Ratnagiri,Maharashtra
2019-10-12,0.96,7.420000000000057,30.64999999999997,44.53,3.63,0,Ratnagiri,Maharashtra
2019-10-13,1.75,5.540000000000057,27.46999999999997,45.0,2.83,0,Ratnagiri,Maharashtra
2019-10-14,1.4,4.110000000000056,23.159999999999968,45.83,1.75,0,Ratnagiri,Maharashtra
2019-10-15,0.49,3.6400000000000565,18.69999999999997,45.41,1.75,0,Ratnagiri,Maharashtra
2019-10-16,2.9,4.790000000000057,13.959999999999972,47.379999999999995,2.9,0,Ratnagiri,Maharashtra
2019-10-17,3.38,6.770000000000056,13.709999999999972,49.83,3.38,0,Ratnagiri,Maharashtra
2019-10-18,20.28,26.56000000000006,31.15999999999997,68.45,20.28,0,Ratnagiri,Maharashtra
2019-10-19,31.7,55.360000000000056,61.89999999999998,95.76,31.7,0,Ratnagiri,Maharashtra
2019-10-20,51.54,103.52000000000007,111.68999999999997,144.08999999999997,51.54,0,Ratnagiri,Maharashtra
2019-10-21,14.32,97.56000000000006,124.60999999999996,153.48,51.54,0,Ratnagiri,Maharashtra
2019-10-22,27.54,93.40000000000006,151.65999999999997,175.31,51.54,0,Ratnagiri,Maharashtra
2019-10-23,44.69,86.55000000000007,193.44999999999996,215.04999999999998,44.69,0,Ratnagiri,Maharashtra
2019-10-24,52.73,124.96000000000006,242.79999999999995,260.14,52.73,0,Ratnagiri,Maharashtra
2019-10-25,57.53,154.95000000000005,280.04999999999995,314.04,57.53,0,Ratnagiri,Maharashtra
2019-10-26,8.85,119.11000000000006,257.2,320.06,57.53,0,Ratnagiri,Maharashtra
2019-10-27,1.1,67.48000000000006,206.75999999999996,320.2,57.53,0,Ratnagiri,Maharashtra
2019-10-28,0.62,10.570000000000064,193.05999999999995,319.07,8.85,0,Ratnagiri,Maharashtra
2019-10-29,0.63,2.350000000000064,166.14999999999998,318.3,1.1,0,Ratnagiri,Maharashtra
2019-10-30,0.77,2.020000000000064,122.22999999999998,318.58,0.77,0,Ratnagiri,Maharashtra
2019-10-31,1.22,2.620000000000064,70.71999999999997,316.90000000000003,1.22,0,Ratnagiri,Maharashtra
2019-11-01,7.71,9.700000000000063,20.89999999999997,321.22999999999996,7.71,0,Ratnagiri,Maharashtra
2019-11-02,0.37,9.300000000000065,12.419999999999972,301.32,7.71,0,Ratnagiri,Maharashtra
2019-11-03,0.18,8.260000000000064,11.499999999999972,269.8,7.71,0,Ratnagiri,Maharashtra
2019-11-04,1.23,1.780000000000064,12.109999999999971,219.48999999999998,1.23,0,Ratnagiri,Maharashtra
2019-11-05,2.24,3.6500000000000643,13.719999999999972,207.41,2.24,0,Ratnagiri,Maharashtra
2019-11-06,3.8,7.2700000000000635,16.74999999999997,183.67,3.8,0,Ratnagiri,Maharashtra
2019-11-07,0.28,6.320000000000063,15.809999999999972,139.26,3.8,0,Ratnagiri,Maharashtra
2019-11-08,0.2,4.280000000000064,8.299999999999972,86.73,3.8,0,Ratnagiri,Maharashtra
2019-11-09,0.03,0.510000000000064,7.9599999999999715,29.23,0.28,0,Ratnagiri,Maharashtra
2019-11-10,0.0,0.23000000000006396,7.779999999999972,20.380000000000003,0.2,0,Ratnagiri,Maharashtra
2019-11-11,0.33,0.36000000000006394,6.8799999999999715,19.61,0.33,0,Ratnagiri,Maharashtra
2019-11-12,0.19,0.520000000000064,4.829999999999972,19.18,0.33,0,Ratnagiri,Maharashtra
2019-11-13,0.03,0.550000000000064,1.0599999999999716,18.580000000000002,0.33,0,Ratnagiri,Maharashtra
2019-11-14,0.01,0.23000000000006401,0.7899999999999716,17.82,0.19,0,Ratnagiri,Maharashtra
2019-11-15,0.01,0.05000000000006401,0.5999999999999717,16.61,0.03,0,Ratnagiri,Maharashtra
2019-11-16,0.02,0.040000000000064005,0.5899999999999717,8.920000000000002,0.02,0,Ratnagiri,Maharashtra
2019-11-17,0.03,0.060000000000064,0.6199999999999717,8.58,0.03,0,Ratnagiri,Maharashtra
2019-11-18,0.0,0.05000000000006401,0.28999999999997156,8.4,0.03,0,Ratnagiri,Maharashtra
2019-11-19,0.0,0.030000000000064003,0.09999999999997158,7.17,0.03,0,Ratnagiri,Maharashtra
2019-11-20,0.0,0.0,0.06999999999997158,4.93,0.0,0,Ratnagiri,Maharashtra
2019-11-21,0.0,0.0,0.059999999999971576,1.1300000000000001,0.0,0,Ratnagiri,Maharashtra
2019-11-22,0.01,0.010000000000064005,0.05999999999997158,0.8600000000000001,0.01,0,Ratnagiri,Maharashtra
2019-11-23,0.0,0.010000000000064005,0.03999999999997158,0.6600000000000001,0.01,0,Ratnagiri,Maharashtra
2019-11-24,0.0,0.010000000000064005,0.009999999999971578,0.6300000000000001,0.01,0,Ratnagiri,Maharashtra
2019-11-25,0.0,0.0,0.009999999999971578,0.6300000000000001,0.0,0,Ratnagiri,Maharashtra
2019-11-26,0.0,0.0,0.009999999999971578,0.3,0.0,0,Ratnagiri,Maharashtra
2019-11-27,0.0,0.0,0.009999999999971578,0.11,0.0,0,Ratnagiri,Maharashtra
2019-11-28,0.0,0.0,0.009999999999971578,0.08,0.0,0,Ratnagiri,Maharashtra
2019-11-29,0.0,0.0,0.0,0.07,0.0,0,Ratnagiri,Maharashtra
2019-11-30,0.06,0.060000000000064,0.059999999999971576,0.12,0.06,0,Ratnagiri,Maharashtra
2019-12-01,0.13,0.190000000000064,0.18999999999997158,0.23,0.13,0,Ratnagiri,Maharashtra
2019-12-02,0.21,0.40000000000006397,0.3999999999999716,0.41000000000000003,0.21,0,Ratnagiri,Maharashtra
2019-12-03,0.26,0.600000000000064,0.6599999999999716,0.67,0.26,0,Ratnagiri,Maharashtra
2019-12-04,1.36,1.830000000000064,2.0199999999999716,2.0300000000000002,1.36,0,Ratnagiri,Maharashtra
2019-12-05,0.04,1.6600000000000643,2.0599999999999716,2.07,1.36,0,Ratnagiri,Maharashtra
2019-12-06,0.01,1.4100000000000643,2.069999999999972,2.08,1.36,0,Ratnagiri,Maharashtra
2019-12-07,0.0,0.050000000000064174,2.009999999999972,2.0700000000000003,0.04,0,Ratnagiri,Maharashtra
2019-12-08,0.0,0.010000000000064171,1.879999999999972,2.0700000000000003,0.01,0,Ratnagiri,Maharashtra
2019-12-09,0.01,0.010000000000064171,1.679999999999972,2.08,0.01,0,Ratnagiri,Maharashtra
2019-12-10,0.13,0.14000000000006418,1.5499999999999718,2.2100000000000004,0.13,0,Ratnagiri,Maharashtra
2019-12-11,0.2,0.3400000000000642,0.3899999999999716,2.41,0.2,0,Ratnagiri,Maharashtra
2019-12-12,0.52,0.8500000000000643,0.8699999999999717,2.93,0.52,0,Ratnagiri,Maharashtra
2019-12-13,0.01,0.7300000000000643,0.8699999999999717,2.9400000000000004,0.52,0,Ratnagiri,Maharashtra
2019-12-14,0.0,0.5300000000000642,0.8699999999999717,2.9400000000000004,0.52,0,Ratnagiri,Maharashtra
2019-12-15,0.0,0.010000000000064171,0.8699999999999717,2.8800000000000003,0.01,0,Ratnagiri,Maharashtra
2019-12-16,0.0,0.0,0.8599999999999717,2.75,0.0,0,Ratnagiri,Maharashtra
2019-12-17,0.01,0.010000000000064171,0.7399999999999717,2.55,0.01,0,Ratnagiri,Maharashtra
2019-12-18,0.02,0.03000000000006417,0.5599999999999716,2.31,0.02,0,Ratnagiri,Maharashtra
2019-12-19,0.0,0.030000000000064173,0.03999999999997158,0.9499999999999998,0.02,0,Ratnagiri,Maharashtra
2019-12-20,0.0,0.020000000000064175,0.029999999999971577,0.9099999999999998,0.02,0,Ratnagiri,Maharashtra
2019-12-21,0.0,0.0,0.029999999999971577,0.8999999999999998,0.0,0,Ratnagiri,Maharashtra
2019-12-22,0.05,0.050000000000064174,0.07999999999997158,0.9499999999999997,0.05,0,Ratnagiri,Maharashtra
2019-12-23,0.22,0.2700000000000642,0.29999999999997157,1.1699999999999997,0.22,0,Ratnagiri,Maharashtra
2019-12-24,0.23,0.5000000000000642,0.5199999999999716,1.3899999999999997,0.23,0,Ratnagiri,Maharashtra
2019-12-25,0.02,0.4700000000000642,0.5199999999999716,1.2799999999999998,0.23,0,Ratnagiri,Maharashtra
2019-12-26,0.06,0.31000000000006417,0.5799999999999715,1.1399999999999997,0.23,0,Ratnagiri,Maharashtra
2019-12-27,0.0,0.08000000000006414,0.5799999999999715,0.6199999999999998,0.06,0,Ratnagiri,Maharashtra
2019-12-28,0.02,0.08000000000006414,0.5999999999999716,0.6299999999999998,0.06,0,Ratnagiri,Maharashtra
2019-12-29,0.14,0.16000000000006415,0.6899999999999716,0.7699999999999998,0.14,0,Ratnagiri,Maharashtra
2019-12-30,0.17,0.33000000000006413,0.6399999999999717,0.9399999999999998,0.17,0,Ratnagiri,Maharashtra
2019-12-31,0.0,0.3100000000000641,0.40999999999997166,0.9399999999999998,0.17,0,Ratnagiri,Maharashtra
2020-01-01,0.0,0.17000000000006416,0.38999999999997165,0.9299999999999998,0.17,0,Ratnagiri,Maharashtra
2020-01-02,0.01,0.010000000000064143,0.33999999999997166,0.9199999999999998,0.01,0,Ratnagiri,Maharashtra
2020-01-03,0.02,0.030000000000064142,0.3599999999999717,0.9399999999999997,0.02,0,Ratnagiri,Maharashtra
2020-01-04,0.0,0.030000000000064145,0.33999999999997166,0.9399999999999997,0.02,0,Ratnagiri,Maharashtra
2020-01-05,0.0,0.020000000000064147,0.19999999999997162,0.9399999999999997,0.02,0,Ratnagiri,Maharashtra
2020-01-06,0.0,0.0,0.029999999999971605,0.8899999999999999,0.0,0,Ratnagiri,Maharashtra
2020-01-07,0.0,0.0,0.029999999999971605,0.6699999999999999,0.0,0,Ratnagiri,Maharashtra
2020-01-08,0.0,0.0,0.029999999999971605,0.4399999999999998,0.0,0,Ratnagiri,Maharashtra
2020-01-09,0.0,0.0,0.019999999999971603,0.4199999999999998,0.0,0,Ratnagiri,Maharashtra
2020-01-10,0.0,0.0,0.0,0.3599999999999998,0.0,0,Ratnagiri,Maharashtra
2020-01-11,0.0,0.0,0.0,0.3599999999999998,0.0,0,Ratnagiri,Maharashtra
2020-01-12,0.0,0.0,0.0,0.3399999999999998,0.0,0,Ratnagiri,Maharashtra
2020-01-13,0.0,0.0,0.0,0.1999999999999998,0.0,0,Ratnagiri,Maharashtra
2020-01-14,0.0,0.0,0.0,0.029999999999999777,0.0,0,Ratnagiri,Maharashtra
2020-01-15,0.0,0.0,0.0,0.029999999999999777,0.0,0,Ratnagiri,Maharashtra
2020-01-16,0.05,0.050000000000064146,0.04999999999997161,0.07999999999999978,0.05,0,Ratnagiri,Maharashtra
2020-01-17,0.0,0.050000000000064146,0.04999999999997161,0.06999999999999978,0.05,0,Ratnagiri,Maharashtra
2020-01-18,0.0,0.050000000000064146,0.04999999999997161,0.04999999999999978,0.05,0,Ratnagiri,Maharashtra
2020-01-19,0.0,0.0,0.04999999999997161,0.04999999999999978,0.0,0,Ratnagiri,Maharashtra
2020-01-20,0.0,0.0,0.04999999999997161,0.04999999999999978,0.0,0,Ratnagiri,Maharashtra
2020-01-21,0.0,0.0,0.04999999999997161,0.04999999999999978,0.0,0,Ratnagiri,Maharashtra
2020-01-22,0.0,0.0,0.04999999999997161,0.04999999999999978,0.0,0,Ratnagiri,Maharashtra
2020-01-23,0.0,0.0,0.0,0.04999999999999978,0.0,0,Ratnagiri,Maharashtra
2020-01-24,0.0,0.0,0.0,0.04999999999999978,0.0,0,Ratnagiri,Maharashtra
2020-01-25,0.0,0.0,0.0,0.04999999999999978,0.0,0,Ratnagiri,Maharashtra
2020-01-26,0.0,0.0,0.0,0.04999999999999978,0.0,0,Ratnagiri,Maharashtra
2020-01-27,0.0,0.0,0.0,0.04999999999999978,0.0,0,Ratnagiri,Maharashtra
2020-01-28,0.01,0.010000000000064143,0.009999999999971606,0.05999999999999978,0.01,0,Ratnagiri,Maharashtra
2020-01-29,0.02,0.030000000000064142,0.029999999999971605,0.07999999999999978,0.02,0,Ratnagiri,Maharashtra
2020-01-30,0.0,0.030000000000064145,0.02999999999997161,0.07999999999999978,0.02,0,Ratnagiri,Maharashtra
2020-01-31,0.0,0.020000000000064147,0.02999999999997161,0.029999999999999777,0.02,0,Ratnagiri,Maharashtra
2020-02-01,0.0,0.0,0.02999999999997161,0.029999999999999777,0.0,0,Ratnagiri,Maharashtra
2020-02-02,0.0,0.0,0.02999999999997161,0.029999999999999777,0.0,0,Ratnagiri,Maharashtra
2020-02-03,0.0,0.0,0.02999999999997161,0.029999999999999777,0.0,0,Ratnagiri,Maharashtra
2020-02-04,0.0,0.0,0.01999999999997161,0.029999999999999777,0.0,0,Ratnagiri,Maharashtra
2020-02-05,0.0,0.0,0.0,0.029999999999999777,0.0,0,Ratnagiri,Maharashtra
2020-02-06,0.0,0.0,0.0,0.029999999999999777,0.0,0,Ratnagiri,Maharashtra
2020-02-07,0.0,0.0,0.0,0.029999999999999777,0.0,0,Ratnagiri,Maharashtra
2020-02-08,0.0,0.0,0.0,0.029999999999999777,0.0,0,Ratnagiri,Maharashtra
2020-02-09,0.01,0.010000000000064143,0.009999999999971606,0.03999999999999978,0.01,0,Ratnagiri,Maharashtra
2020-02-10,0.0,0.010000000000064143,0.009999999999971606,0.03999999999999978,0.01,0,Ratnagiri,Maharashtra
2020-02-11,0.01,0.020000000000064144,0.019999999999971606,0.04999999999999978,0.01,0,Ratnagiri,Maharashtra
2020-02-12,0.0,0.010000000000064143,0.019999999999971606,0.03999999999999977,0.01,0,Ratnagiri,Maharashtra
2020-02-13,0.0,0.010000000000064143,0.019999999999971606,0.01999999999999978,0.01,0,Ratnagiri,Maharashtra
2020-02-14,0.0,0.0,0.019999999999971606,0.01999999999999978,0.0,0,Ratnagiri,Maharashtra
2020-02-15,0.0,0.0,0.019999999999971606,0.01999999999999978,0.0,0,Ratnagiri,Maharashtra
2020-02-16,0.0,0.0,0.009999999999971606,0.01999999999999978,0.0,0,Ratnagiri,Maharashtra
2020-02-17,0.0,0.0,0.009999999999971606,0.01999999999999978,0.0,0,Ratnagiri,Maharashtra
2020-02-18,0.0,0.0,0.0,0.01999999999999978,0.0,0,Ratnagiri,Maharashtra
2020-02-19,0.0,0.0,0.0,0.01999999999999978,0.0,0,Ratnagiri,Maharashtra
2020-02-20,0.01,0.010000000000064143,0.009999999999971606,0.029999999999999777,0.01,0,Ratnagiri,Maharashtra
2020-02-21,0.0,0.010000000000064143,0.009999999999971606,0.029999999999999777,0.01,0,Ratnagiri,Maharashtra
2020-02-22,0.0,0.010000000000064143,0.009999999999971606,0.029999999999999777,0.01,0,Ratnagiri,Maharashtra
2020-02-23,0.0,0.0,0.009999999999971606,0.029999999999999777,0.0,0,Ratnagiri,Maharashtra
2020-02-24,0.0,0.0,0.009999999999971606,0.019999999999999775,0.0,0,Ratnagiri,Maharashtra
2020-02-25,0.0,0.0,0.009999999999971606,0.019999999999999775,0.0,0,Ratnagiri,Maharashtra
2020-02-26,0.0,0.0,0.009999999999971606,0.009999999999999778,0.0,0,Ratnagiri,Maharashtra
2020-02-27,0.0,0.0,0.0,0.009999999999999778,0.0,0,Ratnagiri,Maharashtra
2020-02-28,0.0,0.0,0.0,0.009999999999999778,0.0,0,Ratnagiri,Maharashtra
2020-02-29,0.0,0.0,0.0,0.009999999999999778,0.0,0,Ratnagiri,Maharashtra
2020-03-01,0.05,0.050000000000064146,0.04999999999997161,0.05999999999999978,0.05,0,Ratnagiri,Maharashtra
2020-03-02,0.0,0.050000000000064146,0.04999999999997161,0.05999999999999978,0.05,0,Ratnagiri,Maharashtra
2020-03-03,0.0,0.050000000000064146,0.04999999999997161,0.05999999999999978,0.05,0,Ratnagiri,Maharashtra
2020-03-04,0.0,0.0,0.04999999999997161,0.05999999999999978,0.0,0,Ratnagiri,Maharashtra
2020-03-05,0.0,0.0,0.04999999999997161,0.05999999999999978,0.0,0,Ratnagiri,Maharashtra
2020-03-06,0.01,0.010000000000064143,0.05999999999997161,0.05999999999999978,0.01,0,Ratnagiri,Maharashtra
2020-03-07,0.0,0.010000000000064143,0.05999999999997161,0.05999999999999978,0.01,0,Ratnagiri,Maharashtra
2020-03-08,0.0,0.010000000000064143,0.009999999999971606,0.05999999999999978,0.01,0,Ratnagiri,Maharashtra
2020-03-09,0.0,0.0,0.009999999999971606,0.05999999999999978,0.0,0,Ratnagiri,Maharashtra
2020-03-10,0.0,0.0,0.009999999999971606,0.05999999999999978,0.0,0,Ratnagiri,Maharashtra
2020-03-11,0.0,0.0,0.009999999999971606,0.05999999999999978,0.0,0,Ratnagiri,Maharashtra
2020-03-12,0.01,0.010000000000064143,0.019999999999971606,0.06999999999999978,0.01,0,Ratnagiri,Maharashtra
2020-03-13,0.02,0.030000000000064142,0.029999999999971605,0.08999999999999977,0.02,0,Ratnagiri,Maharashtra
2020-03-14,0.0,0.030000000000064145,0.02999999999997161,0.08999999999999977,0.02,0,Ratnagiri,Maharashtra
2020-03-15,0.0,0.020000000000064147,0.02999999999997161,0.08999999999999977,0.02,0,Ratnagiri,Maharashtra
2020-03-16,0.0,0.0,0.02999999999997161,0.03999999999999978,0.0,0,Ratnagiri,Maharashtra
2020-03-17,0.01,0.010000000000064143,0.03999999999997161,0.04999999999999978,0.01,0,Ratnagiri,Maharashtra
2020-03-18,0.65,0.6600000000000642,0.6899999999999716,0.6999999999999998,0.65,0,Ratnagiri,Maharashtra
2020-03-19,0.08,0.7400000000000642,0.7599999999999716,0.7799999999999998,0.65,0,Ratnagiri,Maharashtra
2020-03-20,0.02,0.7500000000000642,0.7599999999999716,0.7999999999999998,0.65,0,Ratnagiri,Maharashtra
2020-03-21,0.0,0.10000000000006418,0.7599999999999716,0.7899999999999998,0.08,0,Ratnagiri,Maharashtra
2020-03-22,0.0,0.02000000000006417,0.7599999999999716,0.7899999999999998,0.02,0,Ratnagiri,Maharashtra
2020-03-23,0.01,0.010000000000064171,0.7699999999999716,0.7999999999999998,0.01,0,Ratnagiri,Maharashtra
2020-03-24,0.27,0.2800000000000642,1.0299999999999716,1.0699999999999998,0.27,0,Ratnagiri,Maharashtra
2020-03-25,3.49,3.7700000000000644,3.8699999999999717,4.5600000000000005,3.49,0,Ratnagiri,Maharashtra
2020-03-26,1.2,4.960000000000065,4.989999999999972,5.76,3.49,0,Ratnagiri,Maharashtra
2020-03-27,1.09,5.780000000000064,6.059999999999972,6.84,3.49,0,Ratnagiri,Maharashtra
2020-03-28,0.0,2.290000000000064,6.059999999999972,6.82,1.2,0,Ratnagiri,Maharashtra
2020-03-29,0.0,1.090000000000064,6.059999999999972,6.82,1.09,0,Ratnagiri,Maharashtra
2020-03-30,0.03,0.030000000000063948,6.079999999999972,6.85,0.03,0,Ratnagiri,Maharashtra
2020-03-31,0.0,0.030000000000063948,5.809999999999972,6.85,0.03,0,Ratnagiri,Maharashtra
2020-04-01,0.0,0.030000000000063948,2.3199999999999714,6.84,0.03,0,Ratnagiri,Maharashtra
2020-04-02,0.0,0.0,1.1199999999999717,6.1899999999999995,0.0,0,Ratnagiri,Maharashtra
2020-04-03,0.01,0.010000000000063949,0.03999999999997158,6.119999999999999,0.01,0,Ratnagiri,Maharashtra
2020-04-04,0.04,0.05000000000006395,0.07999999999997158,6.14,0.04,0,Ratnagiri,Maharashtra
2020-04-05,0.11,0.16000000000006395,0.18999999999997158,6.25,0.11,0,Ratnagiri,Maharashtra
2020-04-06,0.27,0.420000000000064,0.4299999999999716,6.5200000000000005,0.27,0,Ratnagiri,Maharashtra
2020-04-07,0.14,0.520000000000064,0.5699999999999716,6.65,0.27,0,Ratnagiri,Maharashtra
2020-04-08,0.0,0.41000000000006404,0.5699999999999716,6.38,0.27,0,Ratnagiri,Maharashtra
2020-04-09,0.05,0.190000000000064,0.6199999999999717,2.9399999999999995,0.14,0,Ratnagiri,Maharashtra
2020-04-10,2.06,2.1100000000000643,2.6699999999999715,3.8,2.06,0,Ratnagiri,Maharashtra
2020-04-11,1.22,3.330000000000064,3.849999999999972,3.9299999999999997,2.06,0,Ratnagiri,Maharashtra
2020-04-12,0.16,3.440000000000064,3.899999999999972,4.09,2.06,0,Ratnagiri,Maharashtra
2020-04-13,0.19,1.570000000000064,3.819999999999972,4.279999999999999,1.22,0,Ratnagiri,Maharashtra
2020-04-14,0.05,0.40000000000006397,3.729999999999972,4.299999999999999,0.19,0,Ratnagiri,Maharashtra
2020-04-15,0.32,0.560000000000064,4.049999999999972,4.619999999999999,0.32,0,Ratnagiri,Maharashtra
2020-04-16,1.56,1.930000000000064,5.559999999999972,6.18,1.56,0,Ratnagiri,Maharashtra
2020-04-17,0.63,2.510000000000064,4.129999999999972,6.81,1.56,0,Ratnagiri,Maharashtra
2020-04-18,1.17,3.3600000000000643,4.079999999999972,7.969999999999999,1.56,0,Ratnagiri,Maharashtra
2020-04-19,0.81,2.6100000000000643,4.729999999999972,8.739999999999998,1.17,0,Ratnagiri,Maharashtra
2020-04-20,1.34,3.3200000000000642,5.8799999999999715,9.97,1.34,0,Ratnagiri,Maharashtra
2020-04-21,0.12,2.2700000000000644,5.949999999999972,9.819999999999999,1.34,0,Ratnagiri,Maharashtra
2020-04-22,0.02,1.4800000000000644,5.649999999999972,9.7,1.34,0,Ratnagiri,Maharashtra
2020-04-23,0.24,0.3800000000000644,4.329999999999972,9.94,0.24,0,Ratnagiri,Maharashtra
2020-04-24,0.28,0.5400000000000644,3.979999999999972,10.17,0.28,0,Ratnagiri,Maharashtra
2020-04-25,1.0,1.5200000000000644,3.809999999999972,9.11,1.0,0,Ratnagiri,Maharashtra
2020-04-26,0.0,1.2800000000000644,2.999999999999972,7.889999999999999,1.0,0,Ratnagiri,Maharashtra
2020-04-27,0.01,1.0100000000000644,1.669999999999972,7.739999999999998,1.0,0,Ratnagiri,Maharashtra
2020-04-28,0.31,0.3200000000000644,1.859999999999972,7.859999999999999,0.31,0,Ratnagiri,Maharashtra
2020-04-29,1.18,1.5000000000000644,3.019999999999972,8.989999999999998,1.18,0,Ratnagiri,Maharashtra
2020-04-30,1.12,2.6100000000000643,3.899999999999972,9.79,1.18,0,Ratnagiri,Maharashtra
2020-05-01,0.67,2.9700000000000646,4.2899999999999725,8.899999999999999,1.18,0,Ratnagiri,Maharashtra
2020-05-02,0.3,2.0900000000000647,3.5899999999999723,8.57,1.12,0,Ratnagiri,Maharashtra
2020-05-03,0.25,1.2200000000000644,3.8399999999999723,7.6499999999999995,0.67,0,Ratnagiri,Maharashtra
2020-05-04,0.05,0.6000000000000644,3.8799999999999724,6.89,0.3,0,Ratnagiri,Maharashtra
2020-05-05,0.13,0.4300000000000644,3.699999999999972,5.68,0.25,0,Ratnagiri,Maharashtra
2020-05-06,0.3,0.4800000000000644,2.8199999999999723,5.859999999999999,0.3,0,Ratnagiri,Maharashtra
2020-05-07,0.09,0.5200000000000644,1.789999999999972,5.929999999999999,0.3,0,Ratnagiri,Maharashtra
2020-05-08,0.0,0.3900000000000644,1.1199999999999721,5.6899999999999995,0.3,0,Ratnagiri,Maharashtra
2020-05-09,0.01,0.10000000000006438,0.8299999999999721,5.419999999999999,0.09,0,Ratnagiri,Maharashtra
2020-05-10,0.11,0.12000000000006439,0.6899999999999721,4.529999999999999,0.11,0,Ratnagiri,Maharashtra
2020-05-11,0.38,0.5000000000000644,1.019999999999972,4.909999999999999,0.38,0,Ratnagiri,Maharashtra
2020-05-12,0.23,0.7200000000000644,1.1199999999999721,5.13,0.38,0,Ratnagiri,Maharashtra
2020-05-13,0.44,1.0500000000000644,1.259999999999972,5.259999999999999,0.44,0,Ratnagiri,Maharashtra
2020-05-14,1.52,2.1900000000000643,2.689999999999972,5.6,1.52,0,Ratnagiri,Maharashtra
2020-05-15,4.29,6.250000000000064,6.979999999999972,8.77,4.29,0,Ratnagiri,Maharashtra
2020-05-16,1.64,7.450000000000064,8.609999999999973,9.739999999999998,4.29,0,Ratnagiri,Maharashtra
2020-05-17,1.03,6.960000000000065,9.529999999999973,10.469999999999999,4.29,0,Ratnagiri,Maharashtra
2020-05-18,0.52,3.190000000000065,9.669999999999972,10.739999999999998,1.64,0,Ratnagiri,Maharashtra
2020-05-19,0.72,2.270000000000065,10.159999999999972,11.409999999999998,1.03,0,Ratnagiri,Maharashtra
2020-05-20,0.2,1.4400000000000648,9.919999999999972,11.479999999999999,0.72,0,Ratnagiri,Maharashtra
2020-05-21,0.01,0.9300000000000648,8.409999999999972,11.19,0.72,0,Ratnagiri,Maharashtra
2020-05-22,0.01,0.22000000000006484,4.1299999999999715,11.11,0.2,0,Ratnagiri,Maharashtra
2020-05-23,0.03,0.05000000000006484,2.519999999999972,11.139999999999999,0.03,0,Ratnagiri,Maharashtra
2020-05-24,0.11,0.15000000000006483,1.5999999999999717,11.239999999999998,0.11,0,Ratnagiri,Maharashtra
2020-05-25,0.07,0.21000000000006486,1.1499999999999715,11.2,0.11,0,Ratnagiri,Maharashtra
2020-05-26,0.04,0.22000000000006484,0.4699999999999716,10.86,0.11,0,Ratnagiri,Maharashtra
2020-05-27,0.01,0.12000000000006486,0.2799999999999716,10.639999999999999,0.07,0,Ratnagiri,Maharashtra
2020-05-28,0.01,0.06000000000006485,0.2799999999999716,10.209999999999997,0.04,0,Ratnagiri,Maharashtra
2020-05-29,0.04,0.060000000000064856,0.3099999999999716,8.729999999999999,0.04,0,Ratnagiri,Maharashtra
2020-05-30,0.71,0.7600000000000648,0.9899999999999716,5.149999999999999,0.71,0,Ratnagiri,Maharashtra
2020-05-31,12.45,13.200000000000063,13.329999999999972,15.959999999999997,12.45,0,Ratnagiri,Maharashtra
2020-06-01,46.9,60.06000000000006,60.15999999999997,61.83,46.9,1,Ratnagiri,Maharashtra
2020-06-02,56.22,115.57000000000006,116.33999999999997,117.53,56.22,1,Ratnagiri,Maharashtra
2020-06-03,45.15,148.27000000000007,161.47999999999996,161.95999999999998,56.22,1,Ratnagiri,Maharashtra
2020-06-04,2.91,104.28000000000007,164.37999999999997,164.67,56.22,1,Ratnagiri,Maharashtra
2020-06-05,2.21,50.27000000000007,166.54999999999998,166.86999999999998,45.15,1,Ratnagiri,Maharashtra
2020-06-06,8.38,13.500000000000071,174.21999999999997,175.24,8.38,1,Ratnagiri,Maharashtra
2020-06-07,12.12,22.710000000000072,173.88999999999996,187.32999999999998,12.12,1,Ratnagiri,Maharashtra
2020-06-08,16.92,37.42000000000007,143.90999999999997,204.14,16.92,1,Ratnagiri,Maharashtra
2020-06-09,8.24,37.28000000000007,95.92999999999998,212.30999999999997,16.92,1,Ratnagiri,Maharashtra
2020-06-10,9.0,34.160000000000075,59.77999999999997,221.26999999999998,16.92,1,Ratnagiri,Maharashtra
2020-06-11,6.14,23.380000000000074,63.00999999999998,227.39999999999998,9.0,1,Ratnagiri,Maharashtra
2020-06-12,44.51,59.65000000000007,105.30999999999997,271.9,44.51,1,Ratnagiri,Maharashtra
2020-06-13,23.82,74.47000000000007,120.74999999999997,295.67999999999995,44.51,1,Ratnagiri,Maharashtra
2020-06-14,16.35,84.68000000000006,124.97999999999998,311.32,44.51,1,Ratnagiri,Maharashtra
2020-06-15,26.25,66.42000000000007,134.30999999999997,325.12,26.25,1,Ratnagiri,Maharashtra
2020-06-16,30.97,73.57000000000008,157.03999999999996,309.19,30.97,1,Ratnagiri,Maharashtra
2020-06-17,26.54,83.76000000000008,174.57999999999998,279.51,30.97,1,Ratnagiri,Maharashtra
2020-06-18,21.7,79.21000000000006,190.13999999999996,256.06,30.97,1,Ratnagiri,Maharashtra
2020-06-19,22.99,71.23000000000008,168.61999999999998,276.14,26.54,1,Ratnagiri,Maharashtra
2020-06-20,6.86,51.55000000000007,151.65999999999997,280.79,22.99,1,Ratnagiri,Maharashtra
2020-06-21,6.58,36.43000000000007,141.88999999999996,278.99,22.99,1,Ratnagiri,Maharashtra
2020-06-22,9.14,22.580000000000073,124.77999999999997,276.01,9.14,1,Ratnagiri,Maharashtra
2020-06-23,12.09,27.810000000000073,105.89999999999998,271.18,12.09,1,Ratnagiri,Maharashtra
2020-06-24,4.76,25.990000000000073,84.11999999999998,267.7,12.09,1,Ratnagiri,Maharashtra
2020-06-25,2.56,19.41000000000007,64.97999999999998,261.26,12.09,1,Ratnagiri,Maharashtra
2020-06-26,3.17,10.490000000000071,45.159999999999975,258.29,4.76,1,Ratnagiri,Maharashtra
2020-06-27,11.67,17.40000000000007,49.96999999999997,225.45000000000002,11.67,1,Ratnagiri,Maharashtra
2020-06-28,4.11,18.95000000000007,47.49999999999998,205.73999999999998,11.67,1,Ratnagiri,Maharashtra
2020-06-29,11.78,27.560000000000073,50.13999999999997,201.17,11.78,1,Ratnagiri,Maharashtra
2020-06-30,11.09,26.98000000000007,49.13999999999997,186.01,11.78,1,Ratnagiri,Maharashtra
2020-07-01,23.78,46.65000000000008,68.15999999999997,178.82,23.78,1,Ratnagiri,Maharashtra
2020-07-02,30.72,65.59000000000007,96.31999999999996,183.0,30.72,1,Ratnagiri,Maharashtra
2020-07-03,23.81,78.31000000000006,116.95999999999997,185.10999999999999,30.72,1,Ratnagiri,Maharashtra
2020-07-04,28.66,83.19000000000007,133.94999999999996,190.78,30.72,1,Ratnagiri,Maharashtra
2020-07-05,22.33,74.80000000000007,152.17,206.25,28.66,1,Ratnagiri,Maharashtra
2020-07-06,13.67,64.66000000000007,154.05999999999997,213.34,28.66,1,Ratnagiri,Maharashtra
2020-07-07,43.82,79.82000000000008,186.78999999999996,248.01999999999998,43.82,1,Ratnagiri,Maharashtra
2020-07-08,25.0,82.49000000000007,188.01,260.93,43.82,1,Ratnagiri,Maharashtra
2020-07-09,11.51,80.33000000000007,168.79999999999998,267.68,43.82,1,Ratnagiri,Maharashtra
2020-07-10,20.08,56.59000000000007,165.06999999999996,285.2,25.0,1,Ratnagiri,Maharashtra
2020-07-11,25.2,56.79000000000006,161.60999999999999,307.22999999999996,25.2,1,Ratnagiri,Maharashtra
2020-07-12,27.2,72.48000000000008,166.47999999999996,322.76,27.2,1,Ratnagiri,Maharashtra
2020-07-13,20.17,72.57000000000008,172.97999999999996,338.82,27.2,1,Ratnagiri,Maharashtra
2020-07-14,21.58,68.95000000000007,150.73999999999998,348.61999999999995,27.2,1,Ratnagiri,Maharashtra
2020-07-15,66.26,108.01000000000008,191.99999999999997,403.78999999999996,66.26,1,Ratnagiri,Maharashtra
2020-07-16,36.53,124.37000000000008,217.01999999999998,416.53999999999996,66.26,1,Ratnagiri,Maharashtra
2020-07-17,21.48,124.27000000000008,218.41999999999996,407.3,66.26,1,Ratnagiri,Maharashtra
2020-07-18,15.39,73.40000000000008,208.60999999999999,398.88,36.53,1,Ratnagiri,Maharashtra
2020-07-19,18.58,55.450000000000074,199.98999999999995,388.79999999999995,21.48,1,Ratnagiri,Maharashtra
2020-07-20,11.89,45.86000000000007,191.70999999999998,378.35999999999996,18.58,1,Ratnagiri,Maharashtra
2020-07-21,2.9,33.37000000000007,173.03,367.59,18.58,1,Ratnagiri,Maharashtra
2020-07-22,2.71,17.50000000000007,109.47999999999998,326.47999999999996,11.89,1,Ratnagiri,Maharashtra
2020-07-23,3.1,8.710000000000072,76.04999999999997,304.58,3.1,1,Ratnagiri,Maharashtra
2020-07-24,5.49,11.300000000000072,60.05999999999997,298.56,5.49,1,Ratnagiri,Maharashtra
2020-07-25,2.5,11.090000000000071,47.16999999999997,280.98,5.49,1,Ratnagiri,Maharashtra
2020-07-26,6.18,14.170000000000071,34.769999999999975,261.96,6.18,1,Ratnagiri,Maharashtra
2020-07-27,4.55,13.230000000000071,27.42999999999997,239.31,6.18,1,Ratnagiri,Maharashtra
2020-07-28,4.65,15.38000000000007,29.17999999999997,223.78999999999996,6.18,1,Ratnagiri,Maharashtra
2020-07-29,14.76,23.960000000000072,41.229999999999976,216.97,14.76,1,Ratnagiri,Maharashtra
2020-07-30,9.81,29.22000000000007,47.93999999999997,160.51999999999998,14.76,1,Ratnagiri,Maharashtra
2020-07-31,22.73,47.300000000000075,65.17999999999998,146.71999999999997,22.73,1,Ratnagiri,Maharashtra
2020-08-01,28.16,60.700000000000074,90.83999999999997,153.39999999999998,28.16,1,Ratnagiri,Maharashtra
2020-08-02,92.49,143.38000000000005,177.14999999999998,230.5,92.49,1,Ratnagiri,Maharashtra
2020-08-03,19.34,139.99000000000007,191.93999999999997,231.25999999999996,92.49,1,Ratnagiri,Maharashtra
2020-08-04,49.65,161.48000000000008,236.93999999999994,269.02,92.49,1,Ratnagiri,Maharashtra
2020-08-05,65.54,134.5300000000001,287.71999999999997,331.65999999999997,65.54,1,Ratnagiri,Maharashtra
2020-08-06,25.22,140.41000000000008,303.13,354.16999999999996,65.54,1,Ratnagiri,Maharashtra
2020-08-07,19.2,109.96000000000008,299.59999999999997,370.2699999999999,65.54,1,Ratnagiri,Maharashtra
2020-08-08,11.52,55.94000000000007,282.96,376.3,25.22,1,Ratnagiri,Maharashtra
2020-08-09,12.47,43.19000000000007,202.93999999999997,386.27,19.2,1,Ratnagiri,Maharashtra
2020-08-10,40.02,64.01000000000008,223.61999999999998,420.11,40.02,1,Ratnagiri,Maharashtra
2020-08-11,15.46,67.95000000000007,189.42999999999995,431.02,40.02,1,Ratnagiri,Maharashtra
2020-08-12,10.46,65.94000000000007,134.34999999999997,436.83,40.02,1,Ratnagiri,Maharashtra
2020-08-13,31.84,57.76000000000006,140.96999999999997,453.90999999999997,31.84,1,Ratnagiri,Maharashtra
2020-08-14,24.36,66.66000000000007,146.12999999999997,468.46,31.84,1,Ratnagiri,Maharashtra
2020-08-15,33.67,89.87000000000006,168.27999999999997,479.4,33.67,1,Ratnagiri,Maharashtra
2020-08-16,38.61,96.64000000000007,194.41999999999996,489.84999999999997,38.61,1,Ratnagiri,Maharashtra
2020-08-17,37.64,109.92000000000007,192.03999999999996,435.0,38.61,1,Ratnagiri,Maharashtra
2020-08-18,16.37,92.62000000000006,192.94999999999996,432.03,38.61,1,Ratnagiri,Maharashtra
2020-08-19,7.13,61.140000000000065,189.61999999999998,389.51,37.64,1,Ratnagiri,Maharashtra
2020-08-20,24.79,48.29000000000006,182.56999999999996,348.76,24.79,1,Ratnagiri,Maharashtra
2020-08-21,24.27,56.19000000000006,182.47999999999996,347.80999999999995,24.79,1,Ratnagiri,Maharashtra
2020-08-22,8.26,57.32000000000006,157.06999999999996,336.86999999999995,24.79,1,Ratnagiri,Maharashtra
2020-08-23,6.43,38.96000000000006,124.88999999999997,331.78,24.27,1,Ratnagiri,Maharashtra
2020-08-24,5.26,19.950000000000063,92.50999999999996,324.56999999999994,8.26,1,Ratnagiri,Maharashtra
2020-08-25,2.02,13.710000000000063,78.15999999999997,286.57,6.43,1,Ratnagiri,Maharashtra
2020-08-26,1.48,8.760000000000064,72.50999999999996,272.59,5.26,1,Ratnagiri,Maharashtra
2020-08-27,3.94,7.4400000000000635,51.65999999999997,266.06999999999994,3.94,1,Ratnagiri,Maharashtra
2020-08-28,9.66,15.080000000000064,37.04999999999997,243.89,9.66,1,Ratnagiri,Maharashtra
2020-08-29,8.24,21.840000000000064,37.02999999999997,227.76999999999998,9.66,1,Ratnagiri,Maharashtra
2020-08-30,5.69,23.590000000000064,36.28999999999997,199.79,9.66,1,Ratnagiri,Maharashtra
2020-08-31,4.51,18.440000000000065,35.53999999999997,165.69,8.24,1,Ratnagiri,Maharashtra
2020-09-01,3.91,14.110000000000063,37.42999999999997,131.95999999999998,5.69,1,Ratnagiri,Maharashtra
2020-09-02,1.51,9.930000000000064,37.45999999999997,117.09999999999998,4.51,1,Ratnagiri,Maharashtra
2020-09-03,10.64,16.060000000000066,44.159999999999975,120.60999999999999,10.64,1,Ratnagiri,Maharashtra
2020-09-04,7.7,19.850000000000065,42.199999999999974,103.52,10.64,1,Ratnagiri,Maharashtra
2020-09-05,5.21,23.550000000000065,39.16999999999997,84.45999999999998,10.64,1,Ratnagiri,Maharashtra
2020-09-06,9.23,22.140000000000065,42.70999999999997,85.42999999999999,9.23,1,Ratnagiri,Maharashtra
2020-09-07,8.22,22.660000000000068,46.41999999999997,87.21999999999998,9.23,1,Ratnagiri,Maharashtra
2020-09-08,7.18,24.630000000000067,49.68999999999997,89.13999999999999,9.23,1,Ratnagiri,Maharashtra
2020-09-09,3.28,18.680000000000067,51.45999999999997,90.39999999999999,8.22,1,Ratnagiri,Maharashtra
2020-09-10,9.54,20.000000000000064,50.35999999999997,98.45999999999998,9.54,1,Ratnagiri,Maharashtra
2020-09-11,14.72,27.540000000000063,57.37999999999997,109.23999999999998,14.72,1,Ratnagiri,Maharashtra
2020-09-12,25.02,49.280000000000065,77.18999999999997,124.6,25.02,1,Ratnagiri,Maharashtra
2020-09-13,7.82,47.560000000000066,75.77999999999997,124.17999999999999,25.02,1,Ratnagiri,Maharashtra
2020-09-14,7.68,40.52000000000007,75.23999999999998,126.16999999999999,25.02,1,Ratnagiri,Maharashtra
2020-09-15,5.63,21.130000000000067,73.68999999999997,127.28999999999999,7.82,1,Ratnagiri,Maharashtra
2020-09-16,8.78,22.090000000000067,79.18999999999997,132.16,8.78,1,Ratnagiri,Maharashtra
2020-09-17,21.16,35.570000000000064,90.80999999999997,151.81,21.16,1,Ratnagiri,Maharashtra
2020-09-18,12.51,42.45000000000007,88.59999999999998,153.67999999999998,21.16,1,Ratnagiri,Maharashtra
2020-09-19,36.84,70.51000000000008,100.41999999999997,182.82,36.84,1,Ratnagiri,Maharashtra
2020-09-20,36.89,86.24000000000007,129.48999999999995,214.5,36.89,1,Ratnagiri,Maharashtra
2020-09-21,34.56,108.29000000000008,156.36999999999998,239.82999999999998,36.89,1,Ratnagiri,Maharashtra
2020-09-22,17.18,88.63000000000007,167.92,248.78999999999996,36.89,1,Ratnagiri,Maharashtra
2020-09-23,32.76,84.50000000000006,191.89999999999998,274.37,34.56,1,Ratnagiri,Maharashtra
2020-09-24,10.67,60.61000000000006,181.40999999999997,281.76,32.76,1,Ratnagiri,Maharashtra
2020-09-25,8.94,52.37000000000006,177.83999999999997,281.16,32.76,1,Ratnagiri,Maharashtra
2020-09-26,4.64,24.250000000000064,145.64,271.08,10.67,1,Ratnagiri,Maharashtra
2020-09-27,2.0,15.580000000000062,110.74999999999997,248.06,8.94,1,Ratnagiri,Maharashtra
2020-09-28,0.4,7.040000000000064,76.58999999999997,240.64000000000001,4.64,1,Ratnagiri,Maharashtra
2020-09-29,0.6,3.000000000000064,60.00999999999997,233.56,2.0,1,Ratnagiri,Maharashtra
2020-09-30,0.48,1.480000000000064,27.729999999999972,228.41,0.6,1,Ratnagiri,Maharashtra
2020-10-01,0.54,1.620000000000064,17.599999999999973,220.17,0.6,0,Ratnagiri,Maharashtra
2020-10-02,2.77,3.790000000000064,11.429999999999971,201.78,2.77,0,Ratnagiri,Maharashtra
2020-10-03,4.26,7.570000000000064,11.049999999999972,193.52999999999997,4.26,0,Ratnagiri,Maharashtra
2020-10-04,3.2,10.230000000000064,12.249999999999972,159.89,4.26,0,Ratnagiri,Maharashtra
2020-10-05,0.95,8.410000000000064,12.79999999999997,123.94999999999999,4.26,0,Ratnagiri,Maharashtra
2020-10-06,0.4,4.550000000000065,12.599999999999971,89.78999999999999,3.2,0,Ratnagiri,Maharashtra
2020-10-07,0.71,2.060000000000065,12.829999999999972,73.31999999999998,0.95,0,Ratnagiri,Maharashtra
2020-10-08,1.59,2.700000000000065,13.879999999999972,42.149999999999984,1.59,0,Ratnagiri,Maharashtra
2020-10-09,2.58,4.880000000000065,13.689999999999971,34.05999999999998,2.58,0,Ratnagiri,Maharashtra
2020-10-10,5.48,9.650000000000066,14.909999999999972,30.599999999999987,5.48,0,Ratnagiri,Maharashtra
2020-10-11,13.67,21.730000000000064,25.379999999999974,39.62999999999998,13.67,0,Ratnagiri,Maharashtra
2020-10-12,6.1,25.250000000000064,30.529999999999973,43.72999999999998,13.67,0,Ratnagiri,Maharashtra
2020-10-13,15.38,35.15000000000006,45.50999999999997,58.70999999999999,15.38,0,Ratnagiri,Maharashtra
2020-10-14,84.13,105.61000000000006,128.92999999999995,142.23999999999998,84.13,0,Ratnagiri,Maharashtra
2020-10-15,13.81,113.32000000000006,141.14999999999995,155.57,84.13,0,Ratnagiri,Maharashtra
2020-10-16,45.23,143.17000000000004,183.79999999999998,200.25999999999996,84.13,0,Ratnagiri,Maharashtra
2020-10-17,7.69,66.73000000000006,186.00999999999996,205.17999999999998,45.23,0,Ratnagiri,Maharashtra
2020-10-18,0.43,53.35000000000005,172.76999999999998,201.34999999999997,45.23,0,Ratnagiri,Maharashtra
2020-10-19,1.41,9.530000000000058,168.07999999999998,199.55999999999997,7.69,0,Ratnagiri,Maharashtra
2020-10-20,4.05,5.8900000000000565,156.74999999999994,202.66,4.05,0,Ratnagiri,Maharashtra
2020-10-21,6.64,12.100000000000056,79.25999999999998,208.89999999999998,6.64,0,Ratnagiri,Maharashtra
2020-10-22,29.45,40.14000000000006,94.89999999999996,237.64,29.45,0,Ratnagiri,Maharashtra
2020-10-23,2.07,38.16000000000005,51.73999999999997,238.11999999999998,29.45,0,Ratnagiri,Maharashtra
2020-10-24,1.02,32.540000000000056,45.06999999999997,236.56,29.45,0,Ratnagiri,Maharashtra
2020-10-25,3.26,6.350000000000053,47.89999999999997,234.33999999999997,3.26,0,Ratnagiri,Maharashtra
2020-10-26,1.87,6.150000000000053,48.35999999999997,222.54,3.26,0,Ratnagiri,Maharashtra
2020-10-27,0.57,5.7000000000000535,44.879999999999974,217.01,3.26,0,Ratnagiri,Maharashtra
2020-10-28,0.92,3.3600000000000536,39.15999999999997,202.54999999999998,1.87,0,Ratnagiri,Maharashtra
2020-10-29,2.01,3.5000000000000533,11.71999999999997,120.42999999999998,2.01,0,Ratnagiri,Maharashtra
2020-10-30,0.04,2.9700000000000535,9.689999999999971,106.65999999999998,2.01,0,Ratnagiri,Maharashtra
2020-10-31,0.06,2.110000000000053,8.729999999999972,61.48999999999998,2.01,0,Ratnagiri,Maharashtra
2020-11-01,0.02,0.12000000000005329,5.489999999999972,53.819999999999986,0.06,0,Ratnagiri,Maharashtra
2020-11-02,0.04,0.12000000000005329,3.6599999999999717,53.429999999999986,0.06,0,Ratnagiri,Maharashtra
2020-11-03,0.01,0.0700000000000533,3.0999999999999717,52.02999999999998,0.04,0,Ratnagiri,Maharashtra
2020-11-04,0.0,0.050000000000053293,2.1799999999999713,47.97999999999998,0.04,0,Ratnagiri,Maharashtra
2020-11-05,0.0,0.010000000000053298,0.1699999999999716,41.33999999999998,0.01,0,Ratnagiri,Maharashtra
2020-11-06,0.0,0.0,0.12999999999997158,11.889999999999986,0.0,0,Ratnagiri,Maharashtra
2020-11-07,0.0,0.0,0.06999999999997157,9.819999999999986,0.0,0,Ratnagiri,Maharashtra
2020-11-08,0.0,0.0,0.04999999999997159,8.799999999999986,0.0,0,Ratnagiri,Maharashtra
2020-11-09,0.0,0.0,0.009999999999971578,5.539999999999986,0.0,0,Ratnagiri,Maharashtra
2020-11-10,0.0,0.0,0.0,3.6699999999999857,0.0,0,Ratnagiri,Maharashtra
2020-11-11,0.0,0.0,0.0,3.099999999999986,0.0,0,Ratnagiri,Maharashtra
2020-11-12,0.0,0.0,0.0,2.1799999999999855,0.0,0,Ratnagiri,Maharashtra
2020-11-13,0.01,0.010000000000053298,0.009999999999971578,0.17999999999998578,0.01,0,Ratnagiri,Maharashtra
2020-11-14,0.01,0.020000000000053298,0.01999999999997158,0.14999999999998578,0.01,0,Ratnagiri,Maharashtra
2020-11-15,0.01,0.03,0.029999999999971577,0.0999999999999858,0.01,0,Ratnagiri,Maharashtra
2020-11-16,0.01,0.03,0.03999999999997158,0.0899999999999858,0.01,0,Ratnagiri,Maharashtra
2020-11-17,0.34,0.36000000000005333,0.3799999999999716,0.3899999999999858,0.34,0,Ratnagiri,Maharashtra
2020-11-18,0.55,0.9000000000000534,0.9299999999999716,0.9299999999999858,0.55,0,Ratnagiri,Maharashtra
2020-11-19,0.11,1.0000000000000535,1.0399999999999716,1.0399999999999858,0.55,0,Ratnagiri,Maharashtra
2020-11-20,0.01,0.6700000000000533,1.0399999999999716,1.0499999999999858,0.55,0,Ratnagiri,Maharashtra
2020-11-21,0.01,0.1300000000000533,1.0399999999999716,1.0599999999999858,0.11,0,Ratnagiri,Maharashtra
2020-11-22,0.09,0.11000000000005329,1.1199999999999717,1.149999999999986,0.09,0,Ratnagiri,Maharashtra
2020-11-23,0.0,0.1000000000000533,1.1099999999999717,1.149999999999986,0.09,0,Ratnagiri,Maharashtra
2020-11-24,0.0,0.09000000000005329,0.7699999999999716,1.149999999999986,0.09,0,Ratnagiri,Maharashtra
2020-11-25,0.0,0.0,0.21999999999997158,1.149999999999986,0.0,0,Ratnagiri,Maharashtra
2020-11-26,0.01,0.010000000000053291,0.11999999999997157,1.159999999999986,0.01,0,Ratnagiri,Maharashtra
2020-11-27,0.04,0.050000000000053293,0.1499999999999716,1.1999999999999857,0.04,0,Ratnagiri,Maharashtra
2020-11-28,0.04,0.09000000000005329,0.17999999999997157,1.2299999999999858,0.04,0,Ratnagiri,Maharashtra
2020-11-29,0.02,0.1000000000000533,0.10999999999997158,1.2399999999999858,0.04,0,Ratnagiri,Maharashtra
2020-11-30,0.03,0.09000000000005329,0.1399999999999716,1.2599999999999858,0.04,0,Ratnagiri,Maharashtra
2020-12-01,0.09,0.14000000000005328,0.22999999999997156,1.3399999999999859,0.09,0,Ratnagiri,Maharashtra
2020-12-02,0.02,0.14000000000005328,0.24999999999997158,1.0199999999999858,0.09,0,Ratnagiri,Maharashtra
2020-12-03,0.0,0.11000000000005328,0.23999999999997157,0.46999999999998576,0.09,0,Ratnagiri,Maharashtra
2020-12-04,0.0,0.020000000000053277,0.1999999999999716,0.3599999999999858,0.02,0,Ratnagiri,Maharashtra
2020-12-05,0.0,0.0,0.15999999999997158,0.34999999999998577,0.0,0,Ratnagiri,Maharashtra
2020-12-06,0.0,0.0,0.13999999999997156,0.33999999999998576,0.0,0,Ratnagiri,Maharashtra
2020-12-07,0.0,0.0,0.10999999999997158,0.2499999999999858,0.0,0,Ratnagiri,Maharashtra
2020-12-08,0.14,0.1400000000000533,0.1599999999999716,0.3899999999999858,0.14,0,Ratnagiri,Maharashtra
2020-12-09,0.28,0.42000000000005333,0.4199999999999716,0.6699999999999858,0.28,0,Ratnagiri,Maharashtra
2020-12-10,0.23,0.6500000000000533,0.6499999999999716,0.8999999999999858,0.28,0,Ratnagiri,Maharashtra
2020-12-11,0.84,1.3500000000000534,1.4899999999999716,1.7299999999999858,0.84,0,Ratnagiri,Maharashtra
2020-12-12,1.03,2.100000000000053,2.5199999999999716,2.7199999999999855,1.03,0,Ratnagiri,Maharashtra
2020-12-13,1.65,3.520000000000053,4.1699999999999715,4.329999999999986,1.65,0,Ratnagiri,Maharashtra
2020-12-14,0.76,3.4400000000000532,4.929999999999971,5.069999999999986,1.65,0,Ratnagiri,Maharashtra
2020-12-15,0.14,2.550000000000053,4.929999999999972,5.1799999999999855,1.65,0,Ratnagiri,Maharashtra
2020-12-16,0.04,0.9400000000000531,4.689999999999972,5.129999999999986,0.76,0,Ratnagiri,Maharashtra
2020-12-17,0.0,0.1800000000000531,4.4599999999999715,5.109999999999985,0.14,0,Ratnagiri,Maharashtra
2020-12-18,0.0,0.04000000000005307,3.6199999999999712,5.109999999999985,0.04,0,Ratnagiri,Maharashtra
2020-12-19,0.0,0.0,2.5899999999999714,5.109999999999985,0.0,0,Ratnagiri,Maharashtra
2020-12-20,0.0,0.0,0.9399999999999716,5.109999999999985,0.0,0,Ratnagiri,Maharashtra
2020-12-21,0.0,0.0,0.1799999999999716,5.109999999999985,0.0,0,Ratnagiri,Maharashtra
2020-12-22,0.0,0.0,0.03999999999997158,5.109999999999985,0.0,0,Ratnagiri,Maharashtra
2020-12-23,0.0,0.0,0.0,4.9699999999999855,0.0,0,Ratnagiri,Maharashtra
2020-12-24,0.0,0.0,0.0,4.689999999999985,0.0,0,Ratnagiri,Maharashtra
2020-12-25,0.0,0.0,0.0,4.459999999999986,0.0,0,Ratnagiri,Maharashtra
2020-12-26,0.0,0.0,0.0,3.619999999999986,0.0,0,Ratnagiri,Maharashtra
2020-12-27,0.0,0.0,0.0,2.5899999999999856,0.0,0,Ratnagiri,Maharashtra
2020-12-28,0.0,0.0,0.0,0.9399999999999858,0.0,0,Ratnagiri,Maharashtra
2020-12-29,0.0,0.0,0.0,0.1799999999999858,0.0,0,Ratnagiri,Maharashtra
2020-12-30,0.0,0.0,0.0,0.03999999999998579,0.0,0,Ratnagiri,Maharashtra
2020-12-31,0.0,0.0,0.0,0.0,0.0,0,Ratnagiri,Maharashtra
2021-01-01,0.33,0.3300000000000531,0.3299999999999716,0.3299999999999858,0.33,0,Ratnagiri,Maharashtra
2021-01-02,0.65,0.980000000000053,0.9799999999999716,0.9799999999999858,0.65,0,Ratnagiri,Maharashtra
2021-01-03,0.05,1.030000000000053,1.0299999999999716,1.0299999999999858,0.65,0,Ratnagiri,Maharashtra
2021-01-04,1.49,2.190000000000053,2.5199999999999716,2.519999999999986,1.49,0,Ratnagiri,Maharashtra
2021-01-05,1.21,2.7500000000000533,3.7299999999999716,3.7299999999999858,1.49,0,Ratnagiri,Maharashtra
2021-01-06,1.89,4.590000000000053,5.619999999999972,5.619999999999986,1.89,0,Ratnagiri,Maharashtra
2021-01-07,0.34,3.440000000000053,5.9599999999999715,5.959999999999986,1.89,0,Ratnagiri,Maharashtra
2021-01-08,2.32,4.550000000000052,7.949999999999971,8.279999999999985,2.32,0,Ratnagiri,Maharashtra
2021-01-09,2.26,4.920000000000053,9.55999999999997,10.539999999999985,2.32,0,Ratnagiri,Maharashtra
2021-01-10,0.98,5.560000000000053,10.489999999999972,11.519999999999985,2.32,0,Ratnagiri,Maharashtra
2021-01-11,0.16,3.4000000000000528,9.159999999999972,11.679999999999986,2.26,0,Ratnagiri,Maharashtra
2021-01-12,0.02,1.1600000000000528,7.96999999999997,11.699999999999985,0.98,0,Ratnagiri,Maharashtra
2021-01-13,0.01,0.19000000000005285,6.089999999999971,11.709999999999985,0.16,0,Ratnagiri,Maharashtra
2021-01-14,0.0,0.030000000000052846,5.749999999999972,11.709999999999985,0.02,0,Ratnagiri,Maharashtra
2021-01-15,0.0,0.010000000000052847,3.4299999999999713,11.709999999999985,0.01,0,Ratnagiri,Maharashtra
2021-01-16,0.0,0.0,1.1699999999999715,11.379999999999985,0.0,0,Ratnagiri,Maharashtra
2021-01-17,0.0,0.0,0.18999999999997158,10.729999999999984,0.0,0,Ratnagiri,Maharashtra
2021-01-18,0.0,0.0,0.029999999999971577,10.679999999999986,0.0,0,Ratnagiri,Maharashtra
2021-01-19,0.0,0.0,0.009999999999971578,9.189999999999985,0.0,0,Ratnagiri,Maharashtra
2021-01-20,0.0,0.0,0.0,7.979999999999985,0.0,0,Ratnagiri,Maharashtra
2021-01-21,0.0,0.0,0.0,6.089999999999986,0.0,0,Ratnagiri,Maharashtra
2021-01-22,0.0,0.0,0.0,5.749999999999986,0.0,0,Ratnagiri,Maharashtra
2021-01-23,0.0,0.0,0.0,3.4299999999999855,0.0,0,Ratnagiri,Maharashtra
2021-01-24,0.0,0.0,0.0,1.1699999999999857,0.0,0,Ratnagiri,Maharashtra
2021-01-25,0.0,0.0,0.0,0.1899999999999858,0.0,0,Ratnagiri,Maharashtra
2021-01-26,0.0,0.0,0.0,0.029999999999985788,0.0,0,Ratnagiri,Maharashtra
2021-01-27,0.0,0.0,0.0,0.00999999999998579,0.0,0,Ratnagiri,Maharashtra
2021-01-28,0.0,0.0,0.0,0.0,0.0,0,Ratnagiri,Maharashtra
2021-01-29,0.0,0.0,0.0,0.0,0.0,0,Ratnagiri,Maharashtra
2021-01-30,0.0,0.0,0.0,0.0,0.0,0,Ratnagiri,Maharashtra
2021-01-31,0.0,0.0,0.0,0.0,0.0,0,Ratnagiri,Maharashtra
2021-02-01,0.0,0.0,0.0,0.0,0.0,0,Ratnagiri,Maharashtra
2021-02-02,0.0,0.0,0.0,0.0,0.0,0,Ratnagiri,Maharashtra
2021-02-03,0.0,0.0,0.0,0.0,0.0,0,Ratnagiri,Maharashtra
2021-02-04,0.0,0.0,0.0,0.0,0.0,0,Ratnagiri,Maharashtra
2021-02-05,0.0,0.0,0.0,0.0,0.0,0,Ratnagiri,Maharashtra
2021-02-06,0.0,0.0,0.0,0.0,0.0,0,Ratnagiri,Maharashtra
2021-02-07,0.0,0.0,0.0,0.0,0.0,0,Ratnagiri,Maharashtra
2021-02-08,0.0,0.0,0.0,0.0,0.0,0,Ratnagiri,Maharashtra
2021-02-09,0.0,0.0,0.0,0.0,0.0,0,Ratnagiri,Maharashtra
2021-02-10,0.0,0.0,0.0,0.0,0.0,0,Ratnagiri,Maharashtra
2021-02-11,0.0,0.0,0.0,0.0,0.0,0,Ratnagiri,Maharashtra
2021-02-12,0.0,0.0,0.0,0.0,0.0,0,Ratnagiri,Maharashtra
2021-02-13,0.0,0.0,0.0,0.0,0.0,0,Ratnagiri,Maharashtra
2021-02-14,0.0,0.0,0.0,0.0,0.0,0,Ratnagiri,Maharashtra
2021-02-15,0.0,0.0,0.0,0.0,0.0,0,Ratnagiri,Maharashtra
2021-02-16,0.02,0.020000000000052847,0.01999999999997158,0.01999999999998579,0.02,0,Ratnagiri,Maharashtra
2021-02-17,0.37,0.39000000000005286,0.3899999999999716,0.3899999999999858,0.37,0,Ratnagiri,Maharashtra
2021-02-18,1.67,2.060000000000053,2.0599999999999716,2.059999999999986,1.67,0,Ratnagiri,Maharashtra
2021-02-19,1.11,3.1500000000000528,3.1699999999999715,3.1699999999999857,1.67,0,Ratnagiri,Maharashtra
2021-02-20,0.0,2.7800000000000527,3.1699999999999715,3.1699999999999857,1.67,0,Ratnagiri,Maharashtra
2021-02-21,0.14,1.2500000000000528,3.3099999999999716,3.309999999999986,1.11,0,Ratnagiri,Maharashtra
2021-02-22,0.54,0.6800000000000529,3.8499999999999717,3.849999999999986,0.54,0,Ratnagiri,Maharashtra
2021-02-23,0.35,1.0300000000000529,4.179999999999971,4.199999999999986,0.54,0,Ratnagiri,Maharashtra
2021-02-24,0.12,1.0100000000000529,3.9299999999999717,4.319999999999986,0.54,0,Ratnagiri,Maharashtra
2021-02-25,0.02,0.49000000000005284,2.279999999999972,4.339999999999986,0.35,0,Ratnagiri,Maharashtra
2021-02-26,0.0,0.14000000000005283,1.1699999999999715,4.339999999999986,0.12,0,Ratnagiri,Maharashtra
2021-02-27,0.0,0.020000000000052847,1.1699999999999715,4.339999999999986,0.02,0,Ratnagiri,Maharashtra
2021-02-28,0.0,0.0,1.0299999999999714,4.339999999999986,0.0,0,Ratnagiri,Maharashtra
2021-03-01,0.0,0.0,0.48999999999997157,4.339999999999986,0.0,0,Ratnagiri,Maharashtra
2021-03-02,0.0,0.0,0.13999999999997156,4.339999999999986,0.0,0,Ratnagiri,Maharashtra
2021-03-03,0.0,0.0,0.01999999999997158,4.319999999999986,0.0,0,Ratnagiri,Maharashtra
2021-03-04,0.0,0.0,0.0,3.949999999999986,0.0,0,Ratnagiri,Maharashtra
2021-03-05,0.0,0.0,0.0,2.279999999999986,0.0,0,Ratnagiri,Maharashtra
2021-03-06,0.0,0.0,0.0,1.1699999999999857,0.0,0,Ratnagiri,Maharashtra
2021-03-07,0.0,0.0,0.0,1.1699999999999857,0.0,0,Ratnagiri,Maharashtra
2021-03-08,0.0,0.0,0.0,1.0299999999999856,0.0,0,Ratnagiri,Maharashtra
2021-03-09,0.0,0.0,0.0,0.4899999999999858,0.0,0,Ratnagiri,Maharashtra
2021-03-10,0.01,0.010000000000052847,0.009999999999971578,0.14999999999998578,0.01,0,Ratnagiri,Maharashtra
2021-03-11,0.0,0.010000000000052847,0.009999999999971578,0.029999999999985788,0.01,0,Ratnagiri,Maharashtra
2021-03-12,0.01,0.020000000000052847,0.01999999999997158,0.01999999999998579,0.01,0,Ratnagiri,Maharashtra
2021-03-13,0.0,0.010000000000052847,0.01999999999997158,0.01999999999998579,0.01,0,Ratnagiri,Maharashtra
2021-03-14,0.0,0.010000000000052847,0.01999999999997158,0.01999999999998579,0.01,0,Ratnagiri,Maharashtra
2021-03-15,0.0,0.0,0.01999999999997158,0.01999999999998579,0.0,0,Ratnagiri,Maharashtra
2021-03-16,0.0,0.0,0.01999999999997158,0.01999999999998579,0.0,0,Ratnagiri,Maharashtra
2021-03-17,0.05,0.05000000000005285,0.05999999999997158,0.0699999999999858,0.05,0,Ratnagiri,Maharashtra
2021-03-18,0.16,0.21000000000005287,0.21999999999997158,0.2299999999999858,0.16,0,Ratnagiri,Maharashtra
2021-03-19,0.07,0.2800000000000529,0.2799999999999716,0.29999999999998583,0.16,0,Ratnagiri,Maharashtra
2021-03-20,0.01,0.24000000000005287,0.28999999999997156,0.3099999999999858,0.16,0,Ratnagiri,Maharashtra
2021-03-21,0.07,0.1500000000000528,0.35999999999997156,0.3799999999999858,0.07,0,Ratnagiri,Maharashtra
2021-03-22,0.18,0.2600000000000528,0.5399999999999716,0.5599999999999858,0.18,0,Ratnagiri,Maharashtra
2021-03-23,0.35,0.6000000000000527,0.8899999999999715,0.9099999999999857,0.35,0,Ratnagiri,Maharashtra
2021-03-24,0.54,1.0700000000000527,1.3799999999999715,1.4499999999999857,0.54,0,Ratnagiri,Maharashtra
2021-03-25,0.43,1.3200000000000527,1.6499999999999715,1.8699999999999857,0.54,0,Ratnagiri,Maharashtra
2021-03-26,0.0,0.9700000000000528,1.5799999999999714,1.8699999999999857,0.54,0,Ratnagiri,Maharashtra
2021-03-27,0.04,0.4700000000000527,1.6099999999999715,1.8999999999999857,0.43,0,Ratnagiri,Maharashtra
2021-03-28,0.01,0.05000000000005274,1.5499999999999714,1.9099999999999857,0.04,0,Ratnagiri,Maharashtra
2021-03-29,0.0,0.05000000000005274,1.3699999999999715,1.9099999999999857,0.04,0,Ratnagiri,Maharashtra
2021-03-30,0.0,0.010000000000052736,1.0199999999999716,1.9099999999999857,0.01,0,Ratnagiri,Maharashtra
2021-03-31,0.0,0.0,0.47999999999997156,1.9099999999999857,0.0,0,Ratnagiri,Maharashtra
2021-04-01,0.0,0.0,0.04999999999997158,1.8599999999999857,0.0,0,Ratnagiri,Maharashtra
2021-04-02,0.0,0.0,0.04999999999997158,1.6999999999999857,0.0,0,Ratnagiri,Maharashtra
2021-04-03,0.0,0.0,0.009999999999971578,1.6299999999999857,0.0,0,Ratnagiri,Maharashtra
2021-04-04,0.0,0.0,0.0,1.6199999999999857,0.0,0,Ratnagiri,Maharashtra
2021-04-05,0.01,0.010000000000052736,0.009999999999971578,1.5599999999999856,0.01,0,Ratnagiri,Maharashtra
2021-04-06,0.0,0.010000000000052736,0.009999999999971578,1.3799999999999857,0.01,0,Ratnagiri,Maharashtra
2021-04-07,0.03,0.040000000000052736,0.03999999999997158,1.0599999999999858,0.03,0,Ratnagiri,Maharashtra
2021-04-08,0.1,0.13000000000005274,0.1399999999999716,0.6199999999999858,0.1,0,Ratnagiri,Maharashtra
2021-04-09,0.25,0.38000000000005274,0.3899999999999716,0.4399999999999858,0.25,0,Ratnagiri,Maharashtra
2021-04-10,0.35,0.7000000000000527,0.7399999999999716,0.7899999999999858,0.35,0,Ratnagiri,Maharashtra
2021-04-11,2.11,2.7100000000000524,2.8499999999999712,2.8599999999999857,2.11,0,Ratnagiri,Maharashtra
2021-04-12,3.11,5.570000000000053,5.949999999999972,5.959999999999986,3.11,0,Ratnagiri,Maharashtra
2021-04-13,1.35,6.570000000000054,7.299999999999972,7.309999999999986,3.11,0,Ratnagiri,Maharashtra
2021-04-14,1.72,6.180000000000053,8.989999999999972,9.029999999999985,3.11,0,Ratnagiri,Maharashtra
2021-04-15,0.54,3.6100000000000527,9.429999999999971,9.569999999999986,1.72,0,Ratnagiri,Maharashtra
2021-04-16,0.12,2.3800000000000527,9.299999999999972,9.689999999999985,1.72,0,Ratnagiri,Maharashtra
2021-04-17,0.02,0.6800000000000529,8.969999999999972,9.709999999999987,0.54,0,Ratnagiri,Maharashtra
2021-04-18,0.18,0.3200000000000528,7.039999999999972,9.889999999999986,0.18,0,Ratnagiri,Maharashtra
2021-04-19,0.2,0.40000000000005287,4.129999999999972,10.089999999999986,0.2,0,Ratnagiri,Maharashtra
2021-04-20,0.04,0.42000000000005283,2.819999999999972,10.119999999999987,0.2,0,Ratnagiri,Maharashtra
2021-04-21,0.12,0.36000000000005283,1.219999999999972,10.239999999999986,0.2,0,Ratnagiri,Maharashtra
2021-04-22,0.11,0.27000000000005286,0.7899999999999721,10.319999999999984,0.12,0,Ratnagiri,Maharashtra
2021-04-23,0.03,0.26000000000005286,0.699999999999972,10.249999999999986,0.12,0,Ratnagiri,Maharashtra
2021-04-24,0.0,0.14000000000005286,0.679999999999972,9.999999999999986,0.11,0,Ratnagiri,Maharashtra
2021-04-25,0.53,0.5600000000000529,1.029999999999972,10.179999999999986,0.53,0,Ratnagiri,Maharashtra
2021-04-26,2.64,3.170000000000053,3.469999999999972,10.709999999999987,2.64,0,Ratnagiri,Maharashtra
2021-04-27,1.4,4.570000000000053,4.829999999999972,8.999999999999986,2.64,0,Ratnagiri,Maharashtra
2021-04-28,1.09,5.130000000000052,5.799999999999972,8.739999999999986,2.64,0,Ratnagiri,Maharashtra
2021-04-29,1.3,3.790000000000053,6.989999999999973,8.319999999999986,1.4,0,Ratnagiri,Maharashtra
2021-04-30,2.58,4.970000000000053,9.539999999999973,10.359999999999985,2.58,0,Ratnagiri,Maharashtra
2021-05-01,1.85,5.730000000000054,11.389999999999972,12.089999999999986,2.58,0,Ratnagiri,Maharashtra
2021-05-02,2.78,7.210000000000052,13.639999999999972,14.849999999999985,2.78,0,Ratnagiri,Maharashtra
2021-05-03,2.77,7.400000000000052,13.769999999999973,17.439999999999984,2.78,0,Ratnagiri,Maharashtra
2021-05-04,1.84,7.390000000000053,14.209999999999972,19.079999999999988,2.78,0,Ratnagiri,Maharashtra
2021-05-05,0.46,5.070000000000053,13.579999999999972,19.499999999999986,2.77,0,Ratnagiri,Maharashtra
2021-05-06,1.0,3.300000000000053,13.279999999999971,20.379999999999985,1.84,0,Ratnagiri,Maharashtra
2021-05-07,1.21,2.6700000000000528,11.909999999999972,21.479999999999986,1.21,0,Ratnagiri,Maharashtra
2021-05-08,0.3,2.5100000000000526,10.359999999999971,21.749999999999986,1.21,0,Ratnagiri,Maharashtra
2021-05-09,0.79,2.300000000000053,8.369999999999973,22.539999999999985,1.21,0,Ratnagiri,Maharashtra
2021-05-10,0.19,1.2800000000000529,5.7899999999999725,22.199999999999985,0.79,0,Ratnagiri,Maharashtra
2021-05-11,0.08,1.060000000000053,4.029999999999972,19.639999999999986,0.79,0,Ratnagiri,Maharashtra
2021-05-12,0.08,0.3500000000000528,3.649999999999972,18.319999999999986,0.19,0,Ratnagiri,Maharashtra
2021-05-13,0.42,0.5800000000000529,3.069999999999972,17.649999999999984,0.42,0,Ratnagiri,Maharashtra
2021-05-14,0.26,0.7600000000000529,2.119999999999972,16.609999999999985,0.42,0,Ratnagiri,Maharashtra
2021-05-15,24.96,25.640000000000054,26.779999999999973,38.98999999999999,24.96,0,Ratnagiri,Maharashtra
2021-05-16,154.3,179.52000000000007,180.29,191.44,154.3,0,Ratnagiri,Maharashtra
2021-05-17,45.63,224.89000000000007,225.73,234.29,154.3,0,Ratnagiri,Maharashtra
2021-05-18,11.05,210.98000000000008,236.7,242.57,154.3,0,Ratnagiri,Maharashtra
2021-05-19,20.93,77.61000000000006,257.55,261.66,45.63,0,Ratnagiri,Maharashtra
2021-05-20,1.93,33.91000000000006,259.06,263.13,20.93,0,Ratnagiri,Maharashtra
2021-05-21,1.43,24.290000000000056,260.23,263.56,20.93,0,Ratnagiri,Maharashtra
2021-05-22,0.84,4.200000000000057,236.10999999999999,263.19,1.93,0,Ratnagiri,Maharashtra
2021-05-23,1.79,4.060000000000057,83.59999999999998,264.68,1.79,0,Ratnagiri,Maharashtra
2021-05-24,1.89,4.520000000000056,39.85999999999997,265.78000000000003,1.89,0,Ratnagiri,Maharashtra
2021-05-25,1.69,5.370000000000057,30.49999999999997,267.28000000000003,1.89,0,Ratnagiri,Maharashtra
2021-05-26,0.57,4.150000000000056,10.13999999999997,267.77,1.89,0,Ratnagiri,Maharashtra
2021-05-27,0.19,2.450000000000057,8.399999999999972,267.88,1.69,0,Ratnagiri,Maharashtra
2021-05-28,1.09,1.850000000000057,8.059999999999972,268.55,1.09,0,Ratnagiri,Maharashtra
2021-05-29,2.15,3.430000000000057,9.36999999999997,270.44,2.15,0,Ratnagiri,Maharashtra
2021-05-30,3.47,6.710000000000058,11.049999999999972,248.95000000000002,3.47,0,Ratnagiri,Maharashtra
2021-05-31,3.04,8.660000000000057,12.19999999999997,97.69,3.47,0,Ratnagiri,Maharashtra
2021-06-01,2.34,8.850000000000056,12.849999999999971,54.4,3.47,1,Ratnagiri,Maharashtra
2021-06-02,32.85,38.23000000000006,45.129999999999974,76.19999999999999,32.85,1,Ratnagiri,Maharashtra
2021-06-03,7.82,43.010000000000055,52.75999999999998,63.09,32.85,1,Ratnagiri,Maharashtra
2021-06-04,3.18,43.85000000000005,54.84999999999997,64.34,32.85,1,Ratnagiri,Maharashtra
2021-06-05,18.18,29.18000000000005,70.87999999999997,81.09,18.18,1,Ratnagiri,Maharashtra
2021-06-06,9.21,30.57000000000005,76.61999999999998,89.46,18.18,1,Ratnagiri,Maharashtra
2021-06-07,2.47,29.86000000000005,76.04999999999997,90.14,18.18,1,Ratnagiri,Maharashtra
2021-06-08,15.58,27.26000000000005,89.28999999999998,103.83,15.58,1,Ratnagiri,Maharashtra
2021-06-09,19.15,37.200000000000045,75.58999999999997,121.29,19.15,1,Ratnagiri,Maharashtra
2021-06-10,25.03,59.76000000000005,92.79999999999998,145.75,25.03,1,Ratnagiri,Maharashtra
2021-06-11,15.21,59.39000000000006,104.82999999999997,160.77,25.03,1,Ratnagiri,Maharashtra
2021-06-12,35.44,75.68000000000005,122.08999999999997,195.12,35.44,1,Ratnagiri,Maharashtra
2021-06-13,18.99,69.64000000000004,131.86999999999998,211.95999999999998,35.44,1,Ratnagiri,Maharashtra
2021-06-14,8.47,62.900000000000055,137.86999999999998,216.95999999999998,35.44,1,Ratnagiri,Maharashtra
2021-06-15,52.51,79.97000000000006,174.79999999999995,266.43,52.51,1,Ratnagiri,Maharashtra
2021-06-16,59.49,120.47000000000006,215.13999999999996,323.58000000000004,59.49,1,Ratnagiri,Maharashtra
2021-06-17,42.29,154.29000000000008,232.39999999999998,333.02,59.49,1,Ratnagiri,Maharashtra
2021-06-18,24.73,126.51000000000006,241.91999999999996,349.93,59.49,1,Ratnagiri,Maharashtra
2021-06-19,27.56,94.58000000000007,234.03999999999996,374.31,42.29,1,Ratnagiri,Maharashtra
2021-06-20,11.57,63.860000000000056,226.61999999999998,367.7,27.56,1,Ratnagiri,Maharashtra
2021-06-21,5.28,44.41000000000005,223.42999999999998,363.77,27.56,1,Ratnagiri,Maharashtra
2021-06-22,3.61,20.460000000000058,174.52999999999994,364.90999999999997,11.57,1,Ratnagiri,Maharashtra
2021-06-23,5.19,14.080000000000057,120.22999999999998,354.52,5.28,1,Ratnagiri,Maharashtra
2021-06-24,12.35,21.150000000000055,90.28999999999996,347.72,12.35,1,Ratnagiri,Maharashtra
2021-06-25,5.14,22.680000000000057,70.69999999999996,327.83,12.35,1,Ratnagiri,Maharashtra
2021-06-26,6.92,24.410000000000057,50.059999999999974,319.54,12.35,1,Ratnagiri,Maharashtra
2021-06-27,5.14,17.200000000000056,43.62999999999997,289.24,6.92,1,Ratnagiri,Maharashtra
2021-06-28,3.27,15.330000000000055,41.61999999999997,273.52,6.92,1,Ratnagiri,Maharashtra
2021-06-29,4.53,12.940000000000058,42.53999999999997,269.58,5.14,1,Ratnagiri,Maharashtra
2021-06-30,2.72,10.520000000000058,40.06999999999997,219.79,4.53,1,Ratnagiri,Maharashtra
2021-07-01,2.15,9.400000000000059,29.869999999999973,162.45000000000002,4.53,1,Ratnagiri,Maharashtra
2021-07-02,2.87,7.740000000000057,27.599999999999973,123.03,2.87,1,Ratnagiri,Maharashtra
2021-07-03,5.08,10.100000000000056,25.759999999999973,103.38,5.08,1,Ratnagiri,Maharashtra
2021-07-04,4.02,11.970000000000056,24.639999999999972,79.83999999999999,5.08,1,Ratnagiri,Maharashtra
2021-07-05,7.73,16.830000000000055,29.099999999999973,76.0,7.73,1,Ratnagiri,Maharashtra
2021-07-06,3.32,15.070000000000057,27.889999999999972,74.03999999999999,7.73,1,Ratnagiri,Maharashtra
2021-07-07,5.43,16.480000000000057,30.599999999999973,75.86,7.73,1,Ratnagiri,Maharashtra
2021-07-08,7.95,16.700000000000056,36.39999999999997,78.62,7.95,1,Ratnagiri,Maharashtra
2021-07-09,28.58,41.96000000000005,62.10999999999997,94.85000000000001,28.58,1,Ratnagiri,Maharashtra
2021-07-10,32.83,69.36000000000004,89.85999999999997,122.54,32.83,1,Ratnagiri,Maharashtra
2021-07-11,38.96,100.37000000000005,124.79999999999998,154.58,38.96,1,Ratnagiri,Maharashtra
2021-07-12,29.63,101.42000000000004,146.69999999999996,179.07,38.96,1,Ratnagiri,Maharashtra
2021-07-13,36.03,104.62000000000005,179.40999999999997,211.83,38.96,1,Ratnagiri,Maharashtra
2021-07-14,53.7,119.36000000000006,227.67999999999998,261.0,53.7,1,Ratnagiri,Maharashtra
2021-07-15,89.96,179.69000000000005,309.68999999999994,348.24,89.96,1,Ratnagiri,Maharashtra
2021-07-16,43.35,187.01000000000005,324.46,389.44,89.96,1,Ratnagiri,Maharashtra
2021-07-17,24.64,157.95000000000005,316.27,411.21,89.96,1,Ratnagiri,Maharashtra
2021-07-18,37.69,105.68000000000004,314.99999999999994,443.82,43.35,1,Ratnagiri,Maharashtra
2021-07-19,72.05,134.38000000000005,357.41999999999996,511.84999999999997,72.05,1,Ratnagiri,Maharashtra
2021-07-20,76.8,186.54000000000005,398.19,580.92,76.8,1,Ratnagiri,Maharashtra
2021-07-21,91.66,240.51000000000005,436.15,669.26,91.66,1,Ratnagiri,Maharashtra
2021-07-22,38.87,207.33000000000004,385.05999999999995,702.7,91.66,1,Ratnagiri,Maharashtra
2021-07-23,50.98,181.51000000000005,392.69,745.7299999999999,91.66,1,Ratnagiri,Maharashtra
2021-07-24,19.13,108.98000000000005,387.17999999999995,736.28,50.98,1,Ratnagiri,Maharashtra
2021-07-25,18.43,88.54000000000005,367.91999999999996,721.88,50.98,1,Ratnagiri,Maharashtra
2021-07-26,7.2,44.760000000000055,303.07,690.1199999999999,19.13,1,Ratnagiri,Maharashtra
2021-07-27,5.46,31.090000000000057,231.72999999999996,665.9499999999999,18.43,1,Ratnagiri,Maharashtra
2021-07-28,4.46,17.120000000000058,144.52999999999994,634.38,7.2,1,Ratnagiri,Maharashtra
2021-07-29,5.63,15.550000000000058,111.28999999999998,586.31,5.63,1,Ratnagiri,Maharashtra
2021-07-30,8.46,18.550000000000058,68.76999999999997,504.81,8.46,1,Ratnagiri,Maharashtra
2021-07-31,6.89,20.980000000000057,56.52999999999997,468.34999999999997,8.46,1,Ratnagiri,Maharashtra
2021-08-01,5.13,20.480000000000057,43.22999999999997,448.84,8.46,1,Ratnagiri,Maharashtra
2021-08-02,5.69,17.710000000000058,41.71999999999997,416.84,6.89,1,Ratnagiri,Maharashtra
2021-08-03,9.69,20.510000000000055,45.949999999999974,354.47999999999996,9.69,1,Ratnagiri,Maharashtra
2021-08-04,8.89,24.270000000000056,50.37999999999997,286.57,9.69,1,Ratnagiri,Maharashtra
2021-08-05,5.63,24.210000000000054,50.379999999999974,200.54000000000002,9.69,1,Ratnagiri,Maharashtra
2021-08-06,5.22,19.74000000000006,47.13999999999997,166.89000000000001,8.89,1,Ratnagiri,Maharashtra
2021-08-07,3.68,14.530000000000056,43.92999999999997,119.59,5.63,1,Ratnagiri,Maharashtra
2021-08-08,3.24,12.140000000000056,42.03999999999997,103.7,5.22,1,Ratnagiri,Maharashtra
2021-08-09,1.46,8.380000000000058,37.809999999999974,86.72999999999999,3.68,1,Ratnagiri,Maharashtra
2021-08-10,3.01,7.710000000000058,31.12999999999997,82.53999999999999,3.24,1,Ratnagiri,Maharashtra
2021-08-11,3.83,8.300000000000058,26.069999999999972,80.91,3.83,1,Ratnagiri,Maharashtra
2021-08-12,3.78,10.620000000000056,24.21999999999997,80.23,3.83,1,Ratnagiri,Maharashtra
2021-08-13,3.25,10.860000000000056,22.24999999999997,77.85,3.83,1,Ratnagiri,Maharashtra
2021-08-14,4.07,11.100000000000056,22.639999999999972,73.46000000000001,4.07,1,Ratnagiri,Maharashtra
2021-08-15,3.87,11.190000000000058,23.26999999999997,70.44,4.07,1,Ratnagiri,Maharashtra
2021-08-16,7.39,15.330000000000057,29.19999999999997,72.7,7.39,1,Ratnagiri,Maharashtra
2021-08-17,14.4,25.660000000000057,40.589999999999975,81.41,14.4,1,Ratnagiri,Maharashtra
2021-08-18,11.0,32.790000000000056,47.75999999999998,82.72,14.4,1,Ratnagiri,Maharashtra
2021-08-19,10.55,35.95000000000006,54.52999999999997,84.38,14.4,1,Ratnagiri,Maharashtra
2021-08-20,0.51,22.06000000000006,51.78999999999998,79.26,11.0,1,Ratnagiri,Maharashtra
2021-08-21,3.04,14.100000000000058,50.75999999999998,77.08,10.55,1,Ratnagiri,Maharashtra
2021-08-22,0.99,4.540000000000057,47.87999999999997,74.39,3.04,1,Ratnagiri,Maharashtra
2021-08-23,0.37,4.400000000000057,40.85999999999997,71.52,3.04,1,Ratnagiri,Maharashtra
2021-08-24,0.52,1.8800000000000567,26.979999999999972,70.58000000000001,0.99,1,Ratnagiri,Maharashtra
2021-08-25,1.01,1.900000000000057,16.989999999999974,68.58,1.01,1,Ratnagiri,Maharashtra
2021-08-26,1.21,2.740000000000057,7.649999999999972,65.96000000000001,1.21,1,Ratnagiri,Maharashtra
2021-08-27,1.95,4.170000000000057,9.089999999999971,64.13000000000001,1.95,1,Ratnagiri,Maharashtra
2021-08-28,2.04,5.200000000000056,8.089999999999971,62.92,2.04,1,Ratnagiri,Maharashtra
2021-08-29,9.77,13.760000000000055,16.86999999999997,68.62,9.77,1,Ratnagiri,Maharashtra
2021-08-30,6.94,18.750000000000057,23.43999999999997,71.69,9.77,1,Ratnagiri,Maharashtra
2021-08-31,2.48,19.190000000000058,25.39999999999997,66.78,9.77,1,Ratnagiri,Maharashtra
2021-09-01,1.33,10.750000000000055,25.719999999999974,53.71,6.94,1,Ratnagiri,Maharashtra
2021-09-02,6.61,10.420000000000055,31.119999999999973,49.32,6.61,1,Ratnagiri,Maharashtra
2021-09-03,3.53,11.470000000000056,32.699999999999974,42.300000000000004,6.61,1,Ratnagiri,Maharashtra
2021-09-04,5.09,15.230000000000055,35.74999999999997,46.879999999999995,6.61,1,Ratnagiri,Maharashtra
2021-09-05,14.55,23.17000000000006,40.52999999999997,58.39,14.55,1,Ratnagiri,Maharashtra
2021-09-06,17.62,37.260000000000055,51.20999999999997,75.02000000000001,17.62,1,Ratnagiri,Maharashtra
2021-09-07,46.04,78.21000000000006,94.76999999999997,120.69,46.04,1,Ratnagiri,Maharashtra
2021-09-08,26.18,89.84000000000006,119.61999999999998,146.35,46.04,1,Ratnagiri,Maharashtra
2021-09-09,7.36,79.58000000000006,120.36999999999998,152.70000000000002,46.04,1,Ratnagiri,Maharashtra
2021-09-10,5.59,39.13000000000006,122.42999999999996,157.08,26.18,1,Ratnagiri,Maharashtra
2021-09-11,6.56,19.510000000000055,123.89999999999996,161.69,7.36,1,Ratnagiri,Maharashtra
2021-09-12,12.66,24.81000000000006,122.00999999999996,172.31,12.66,1,Ratnagiri,Maharashtra
2021-09-13,9.5,28.720000000000056,113.88999999999996,172.04000000000002,12.66,1,Ratnagiri,Maharashtra
2021-09-14,5.73,27.890000000000057,73.57999999999997,170.83,12.66,1,Ratnagiri,Maharashtra
2021-09-15,3.67,18.900000000000055,51.06999999999997,172.01999999999998,9.5,1,Ratnagiri,Maharashtra
2021-09-16,2.16,11.560000000000057,45.869999999999976,172.85000000000002,5.73,1,Ratnagiri,Maharashtra
2021-09-17,2.03,7.860000000000056,42.30999999999997,168.27,3.67,1,Ratnagiri,Maharashtra
2021-09-18,2.41,6.6000000000000565,38.159999999999975,167.15,2.41,1,Ratnagiri,Maharashtra
2021-09-19,8.28,12.720000000000056,33.77999999999997,170.34,8.28,1,Ratnagiri,Maharashtra
2021-09-20,8.85,19.540000000000056,33.12999999999997,164.64000000000001,8.85,1,Ratnagiri,Maharashtra
2021-09-21,8.45,25.580000000000055,35.84999999999997,155.47,8.85,1,Ratnagiri,Maharashtra
2021-09-22,9.78,27.080000000000055,41.959999999999965,119.21,9.78,1,Ratnagiri,Maharashtra
2021-09-23,4.22,22.450000000000056,44.019999999999975,97.25,9.78,1,Ratnagiri,Maharashtra
2021-09-24,1.21,15.210000000000056,43.199999999999974,91.1,9.78,1,Ratnagiri,Maharashtra
2021-09-25,0.77,6.200000000000056,41.55999999999997,86.28,4.22,1,Ratnagiri,Maharashtra
2021-09-26,0.58,2.560000000000057,33.85999999999997,80.3,1.21,1,Ratnagiri,Maharashtra
2021-09-27,3.13,4.480000000000057,28.139999999999972,70.77,3.13,1,Ratnagiri,Maharashtra
2021-09-28,3.64,7.3500000000000565,23.32999999999997,64.91,3.64,1,Ratnagiri,Maharashtra
2021-09-29,4.67,11.440000000000056,18.21999999999997,63.85,4.67,1,Ratnagiri,Maharashtra
2021-09-30,3.1,11.410000000000055,17.099999999999973,63.279999999999994,4.67,1,Ratnagiri,Maharashtra
2021-10-01,0.86,8.630000000000058,16.74999999999997,61.98,4.67,0,Ratnagiri,Maharashtra
2021-10-02,31.18,35.14000000000006,47.15999999999997,91.13,31.18,0,Ratnagiri,Maharashtra
2021-10-03,6.23,38.27000000000005,52.809999999999974,94.95,31.18,0,Ratnagiri,Maharashtra
2021-10-04,31.6,69.01000000000006,81.27999999999997,118.27000000000001,31.6,0,Ratnagiri,Maharashtra
2021-10-05,66.65,104.48000000000008,144.28999999999996,176.07,66.65,0,Ratnagiri,Maharashtra
2021-10-06,14.42,112.67000000000007,154.04,182.04000000000002,66.65,0,Ratnagiri,Maharashtra
2021-10-07,6.7,87.77000000000008,157.63999999999996,178.96,66.65,0,Ratnagiri,Maharashtra
2021-10-08,2.25,23.370000000000072,159.02999999999997,176.99,14.42,0,Ratnagiri,Maharashtra
2021-10-09,2.46,11.410000000000071,130.30999999999997,178.24,6.7,0,Ratnagiri,Maharashtra
2021-10-10,3.01,7.720000000000071,127.08999999999999,180.48,3.01,0,Ratnagiri,Maharashtra
2021-10-11,1.31,6.78000000000007,96.79999999999998,181.21,3.01,0,Ratnagiri,Maharashtra
2021-10-12,1.42,5.740000000000071,31.569999999999972,179.50000000000003,3.01,0,Ratnagiri,Maharashtra
2021-10-13,0.12,2.850000000000071,17.26999999999997,175.98000000000002,1.42,0,Ratnagiri,Maharashtra
2021-10-14,0.52,2.060000000000071,11.08999999999997,171.83,1.42,0,Ratnagiri,Maharashtra
2021-10-15,0.1,0.740000000000071,8.939999999999973,168.83,0.52,0,Ratnagiri,Maharashtra
2021-10-16,0.01,0.6300000000000711,6.489999999999972,167.98000000000002,0.52,0,Ratnagiri,Maharashtra
2021-10-17,0.0,0.11000000000007105,3.4799999999999716,136.8,0.1,0,Ratnagiri,Maharashtra
2021-10-18,0.04,0.05000000000007106,2.2099999999999715,130.61,0.04,0,Ratnagiri,Maharashtra
2021-10-19,0.21,0.25000000000007105,0.9999999999999716,99.22000000000001,0.21,0,Ratnagiri,Maharashtra
2021-10-20,0.16,0.4100000000000711,1.0399999999999716,32.73000000000001,0.21,0,Ratnagiri,Maharashtra
2021-10-21,0.02,0.39000000000007107,0.5399999999999716,18.330000000000013,0.21,0,Ratnagiri,Maharashtra
2021-10-22,0.01,0.19000000000007106,0.4499999999999716,11.640000000000013,0.16,0,Ratnagiri,Maharashtra
2021-10-23,0.01,0.040000000000071055,0.4499999999999716,9.400000000000015,0.02,0,Ratnagiri,Maharashtra
2021-10-24,0.03,0.05000000000007106,0.47999999999997156,6.970000000000014,0.03,0,Ratnagiri,Maharashtra
2021-10-25,0.0,0.04000000000007105,0.4399999999999715,3.960000000000014,0.03,0,Ratnagiri,Maharashtra
2021-10-26,0.01,0.040000000000071055,0.23999999999997157,2.6600000000000144,0.03,0,Ratnagiri,Maharashtra
2021-10-27,0.0,0.010000000000071054,0.07999999999997158,1.2400000000000142,0.01,0,Ratnagiri,Maharashtra
2021-10-28,0.0,0.010000000000071054,0.059999999999971576,1.1200000000000143,0.01,0,Ratnagiri,Maharashtra
2021-10-29,0.0,0.0,0.04999999999997158,0.6000000000000142,0.0,0,Ratnagiri,Maharashtra
2021-10-30,0.0,0.0,0.03999999999997158,0.5000000000000142,0.0,0,Ratnagiri,Maharashtra
2021-10-31,0.03,0.030000000000071053,0.03999999999997158,0.5200000000000142,0.03,0,Ratnagiri,Maharashtra
2021-11-01,0.34,0.37000000000007105,0.3799999999999716,0.8600000000000143,0.34,0,Ratnagiri,Maharashtra
2021-11-02,0.2,0.5700000000000711,0.5699999999999716,1.0200000000000142,0.34,0,Ratnagiri,Maharashtra
2021-11-03,1.06,1.6000000000000711,1.6299999999999717,1.8700000000000143,1.06,0,Ratnagiri,Maharashtra
2021-11-04,0.7,1.9600000000000712,2.3299999999999716,2.4100000000000144,1.06,0,Ratnagiri,Maharashtra
2021-11-05,3.57,5.330000000000071,5.899999999999972,5.960000000000014,3.57,0,Ratnagiri,Maharashtra
2021-11-06,5.04,9.31000000000007,10.939999999999971,10.990000000000014,5.04,0,Ratnagiri,Maharashtra
2021-11-07,0.47,9.080000000000071,11.379999999999972,11.450000000000015,5.04,0,Ratnagiri,Maharashtra
2021-11-08,0.07,5.58000000000007,11.109999999999971,11.490000000000013,5.04,0,Ratnagiri,Maharashtra
2021-11-09,0.0,0.5400000000000702,10.90999999999997,11.490000000000013,0.47,0,Ratnagiri,Maharashtra
2021-11-10,0.0,0.07000000000007017,9.84999999999997,11.480000000000013,0.07,0,Ratnagiri,Maharashtra
2021-11-11,0.0,0.0,9.14999999999997,11.480000000000013,0.0,0,Ratnagiri,Maharashtra
2021-11-12,0.0,0.0,5.579999999999971,11.480000000000013,0.0,0,Ratnagiri,Maharashtra
2021-11-13,0.31,0.31000000000007016,0.8499999999999716,11.790000000000013,0.31,0,Ratnagiri,Maharashtra
2021-11-14,3.3,3.61000000000007,3.6799999999999713,15.090000000000014,3.3,0,Ratnagiri,Maharashtra
2021-11-15,29.84,33.45000000000007,33.449999999999974,44.90000000000001,29.84,0,Ratnagiri,Maharashtra
2021-11-16,6.34,39.48000000000007,39.78999999999997,50.90000000000001,29.84,0,Ratnagiri,Maharashtra
2021-11-17,3.33,39.51000000000007,43.11999999999997,54.030000000000015,29.84,0,Ratnagiri,Maharashtra
2021-11-18,2.46,12.13000000000007,45.57999999999997,55.430000000000014,6.34,0,Ratnagiri,Maharashtra
2021-11-19,3.24,9.030000000000072,48.81999999999997,57.97000000000002,3.33,0,Ratnagiri,Maharashtra
2021-11-20,2.4,8.10000000000007,50.90999999999997,56.80000000000002,3.24,0,Ratnagiri,Maharashtra
2021-11-21,4.63,10.27000000000007,52.239999999999974,56.39000000000002,4.63,0,Ratnagiri,Maharashtra
2021-11-22,0.01,7.040000000000071,22.40999999999997,55.930000000000014,4.63,0,Ratnagiri,Maharashtra
2021-11-23,0.84,5.4800000000000715,16.90999999999997,56.70000000000002,4.63,0,Ratnagiri,Maharashtra
2021-11-24,8.6,9.45000000000007,22.17999999999997,65.30000000000001,8.6,0,Ratnagiri,Maharashtra
2021-11-25,0.4,9.840000000000071,20.11999999999997,65.70000000000002,8.6,0,Ratnagiri,Maharashtra
2021-11-26,0.0,9.000000000000071,16.87999999999997,65.70000000000002,8.6,0,Ratnagiri,Maharashtra
2021-11-27,0.0,0.4000000000000711,14.479999999999972,65.70000000000002,0.4,0,Ratnagiri,Maharashtra
2021-11-28,0.0,0.0,9.849999999999971,65.39000000000001,0.0,0,Ratnagiri,Maharashtra
2021-11-29,0.59,0.590000000000071,10.429999999999971,62.680000000000014,0.59,0,Ratnagiri,Maharashtra
2021-11-30,11.58,12.170000000000071,21.169999999999973,44.420000000000016,11.58,0,Ratnagiri,Maharashtra
2021-12-01,78.4,90.57000000000008,90.96999999999998,116.48000000000002,78.4,0,Ratnagiri,Maharashtra
2021-12-02,30.07,120.05000000000007,120.63999999999999,143.22000000000003,78.4,0,Ratnagiri,Maharashtra
2021-12-03,0.68,109.15000000000008,121.31999999999998,141.44000000000003,78.4,0,Ratnagiri,Maharashtra
2021-12-04,0.12,30.870000000000072,121.43999999999998,138.32000000000002,30.07,0,Ratnagiri,Maharashtra
2021-12-05,0.07,0.8700000000000712,121.50999999999998,135.99000000000004,0.68,0,Ratnagiri,Maharashtra
2021-12-06,0.0,0.19000000000007106,120.91999999999999,131.36000000000004,0.12,0,Ratnagiri,Maharashtra
2021-12-07,0.0,0.07000000000007106,109.33999999999997,131.35000000000002,0.07,0,Ratnagiri,Maharashtra
2021-12-08,0.0,0.0,30.939999999999973,130.51000000000002,0.0,0,Ratnagiri,Maharashtra
2021-12-09,0.0,0.0,0.8699999999999717,121.91000000000003,0.0,0,Ratnagiri,Maharashtra
2021-12-10,0.0,0.0,0.18999999999997158,121.51000000000002,0.0,0,Ratnagiri,Maharashtra
2021-12-11,0.11,0.11000000000007105,0.17999999999997157,121.62000000000002,0.11,0,Ratnagiri,Maharashtra
2021-12-12,0.02,0.13000000000007106,0.12999999999997158,121.64000000000003,0.11,0,Ratnagiri,Maharashtra
2021-12-13,0.07,0.20000000000007107,0.1999999999999716,121.71000000000002,0.11,0,Ratnagiri,Maharashtra
2021-12-14,0.53,0.620000000000071,0.7299999999999716,121.65000000000002,0.53,0,Ratnagiri,Maharashtra
2021-12-15,0.02,0.620000000000071,0.7499999999999716,110.09000000000002,0.53,0,Ratnagiri,Maharashtra
2021-12-16,0.5,1.050000000000071,1.2499999999999716,32.19000000000001,0.53,0,Ratnagiri,Maharashtra
2021-12-17,0.0,0.5200000000000711,1.2499999999999716,2.1200000000000143,0.5,0,Ratnagiri,Maharashtra
2021-12-18,0.0,0.500000000000071,1.1399999999999715,1.4400000000000142,0.5,0,Ratnagiri,Maharashtra
2021-12-19,0.0,0.0,1.1199999999999717,1.3200000000000143,0.0,0,Ratnagiri,Maharashtra
2021-12-20,0.0,0.0,1.0499999999999716,1.2500000000000142,0.0,0,Ratnagiri,Maharashtra
2021-12-21,0.0,0.0,0.5199999999999716,1.2500000000000142,0.0,0,Ratnagiri,Maharashtra
2021-12-22,0.0,0.0,0.4999999999999716,1.2500000000000142,0.0,0,Ratnagiri,Maharashtra
2021-12-23,0.0,0.0,0.0,1.2500000000000142,0.0,0,Ratnagiri,Maharashtra
2021-12-24,0.0,0.0,0.0,1.2500000000000142,0.0,0,Ratnagiri,Maharashtra
2021-12-25,0.0,0.0,0.0,1.2500000000000142,0.0,0,Ratnagiri,Maharashtra
2021-12-26,0.0,0.0,0.0,1.1400000000000143,0.0,0,Ratnagiri,Maharashtra
2021-12-27,0.0,0.0,0.0,1.1200000000000143,0.0,0,Ratnagiri,Maharashtra
2021-12-28,0.0,0.0,0.0,1.0500000000000143,0.0,0,Ratnagiri,Maharashtra
2021-12-29,0.0,0.0,0.0,0.5200000000000142,0.0,0,Ratnagiri,Maharashtra
2021-12-30,0.0,0.0,0.0,0.5000000000000142,0.0,0,Ratnagiri,Maharashtra
2021-12-31,0.0,0.0,0.0,0.0,0.0,0,Ratnagiri,Maharashtra
2022-01-01,0.0,0.0,0.0,0.0,0.0,0,Ratnagiri,Maharashtra
2022-01-02,0.0,0.0,0.0,0.0,0.0,0,Ratnagiri,Maharashtra
2022-01-03,0.0,0.0,0.0,0.0,0.0,0,Ratnagiri,Maharashtra
2022-01-04,0.0,0.0,0.0,0.0,0.0,0,Ratnagiri,Maharashtra
2022-01-05,0.01,0.010000000000071054,0.009999999999971578,0.010000000000014211,0.01,0,Ratnagiri,Maharashtra
2022-01-06,0.02,0.030000000000071053,0.029999999999971577,0.03000000000001421,0.02,0,Ratnagiri,Maharashtra
2022-01-07,0.0,0.030000000000071057,0.02999999999997158,0.030000000000014213,0.02,0,Ratnagiri,Maharashtra
2022-01-08,0.15,0.17000000000007104,0.17999999999997157,0.1800000000000142,0.15,0,Ratnagiri,Maharashtra
2022-01-09,1.3,1.450000000000071,1.4799999999999716,1.4800000000000142,1.3,0,Ratnagiri,Maharashtra
2022-01-10,0.15,1.600000000000071,1.6299999999999715,1.630000000000014,1.3,0,Ratnagiri,Maharashtra
2022-01-11,0.0,1.450000000000071,1.6299999999999715,1.630000000000014,1.3,0,Ratnagiri,Maharashtra
2022-01-12,0.0,0.15000000000007105,1.6199999999999715,1.630000000000014,0.15,0,Ratnagiri,Maharashtra
2022-01-13,0.06,0.06000000000007105,1.6599999999999715,1.6900000000000142,0.06,0,Ratnagiri,Maharashtra
2022-01-14,0.05,0.11000000000007105,1.7099999999999715,1.7400000000000142,0.06,0,Ratnagiri,Maharashtra
2022-01-15,0.0,0.11000000000007105,1.5599999999999716,1.7400000000000142,0.06,0,Ratnagiri,Maharashtra
2022-01-16,0.0,0.05000000000007106,0.2599999999999716,1.7400000000000142,0.05,0,Ratnagiri,Maharashtra
2022-01-17,0.01,0.010000000000071054,0.11999999999997157,1.7500000000000142,0.01,0,Ratnagiri,Maharashtra
2022-01-18,0.0,0.010000000000071054,0.11999999999997157,1.7500000000000142,0.01,0,Ratnagiri,Maharashtra
2022-01-19,0.0,0.010000000000071054,0.11999999999997157,1.7500000000000142,0.01,0,Ratnagiri,Maharashtra
2022-01-20,0.0,0.0,0.05999999999997158,1.7400000000000142,0.0,0,Ratnagiri,Maharashtra
2022-01-21,0.0,0.0,0.009999999999971578,1.7200000000000142,0.0,0,Ratnagiri,Maharashtra
2022-01-22,0.04,0.040000000000071055,0.04999999999997158,1.7600000000000142,0.04,0,Ratnagiri,Maharashtra
2022-01-23,0.06,0.10000000000007106,0.10999999999997158,1.6700000000000141,0.06,0,Ratnagiri,Maharashtra
2022-01-24,0.02,0.12000000000007105,0.11999999999997159,0.3900000000000142,0.06,0,Ratnagiri,Maharashtra
2022-01-25,0.0,0.08000000000007104,0.11999999999997159,0.2400000000000142,0.06,0,Ratnagiri,Maharashtra
2022-01-26,0.0,0.020000000000071055,0.11999999999997159,0.2400000000000142,0.02,0,Ratnagiri,Maharashtra
2022-01-27,0.0,0.0,0.11999999999997159,0.2400000000000142,0.0,0,Ratnagiri,Maharashtra
2022-01-28,0.0,0.0,0.11999999999997159,0.1800000000000142,0.0,0,Ratnagiri,Maharashtra
2022-01-29,0.0,0.0,0.07999999999997158,0.13000000000001422,0.0,0,Ratnagiri,Maharashtra
2022-01-30,0.0,0.0,0.01999999999997158,0.13000000000001422,0.0,0,Ratnagiri,Maharashtra
2022-01-31,0.0,0.0,0.0,0.13000000000001422,0.0,0,Ratnagiri,Maharashtra
2022-02-01,0.0,0.0,0.0,0.12000000000001422,0.0,0,Ratnagiri,Maharashtra
2022-02-02,0.0,0.0,0.0,0.12000000000001422,0.0,0,Ratnagiri,Maharashtra
2022-02-03,0.0,0.0,0.0,0.12000000000001422,0.0,0,Ratnagiri,Maharashtra
2022-02-04,0.0,0.0,0.0,0.12000000000001422,0.0,0,Ratnagiri,Maharashtra
2022-02-05,0.0,0.0,0.0,0.12000000000001422,0.0,0,Ratnagiri,Maharashtra
2022-02-06,0.0,0.0,0.0,0.08000000000001421,0.0,0,Ratnagiri,Maharashtra
2022-02-07,0.0,0.0,0.0,0.02000000000001421,0.0,0,Ratnagiri,Maharashtra
2022-02-08,0.0,0.0,0.0,0.0,0.0,0,Ratnagiri,Maharashtra
2022-02-09,0.0,0.0,0.0,0.0,0.0,0,Ratnagiri,Maharashtra
2022-02-10,0.0,0.0,0.0,0.0,0.0,0,Ratnagiri,Maharashtra
2022-02-11,0.0,0.0,0.0,0.0,0.0,0,Ratnagiri,Maharashtra
2022-02-12,0.0,0.0,0.0,0.0,0.0,0,Ratnagiri,Maharashtra
2022-02-13,0.0,0.0,0.0,0.0,0.0,0,Ratnagiri,Maharashtra
2022-02-14,0.0,0.0,0.0,0.0,0.0,0,Ratnagiri,Maharashtra
2022-02-15,0.0,0.0,0.0,0.0,0.0,0,Ratnagiri,Maharashtra
2022-02-16,0.01,0.010000000000071054,0.009999999999971578,0.010000000000014211,0.01,0,Ratnagiri,Maharashtra
2022-02-17,0.0,0.010000000000071054,0.009999999999971578,0.010000000000014211,0.01,0,Ratnagiri,Maharashtra
2022-02-18,0.0,0.010000000000071054,0.009999999999971578,0.010000000000014211,0.01,0,Ratnagiri,Maharashtra
2022-02-19,0.0,0.0,0.009999999999971578,0.010000000000014211,0.0,0,Ratnagiri,Maharashtra
2022-02-20,0.0,0.0,0.009999999999971578,0.010000000000014211,0.0,0,Ratnagiri,Maharashtra
2022-02-21,0.0,0.0,0.009999999999971578,0.010000000000014211,0.0,0,Ratnagiri,Maharashtra
2022-02-22,0.0,0.0,0.009999999999971578,0.010000000000014211,0.0,0,Ratnagiri,Maharashtra
2022-02-23,0.0,0.0,0.0,0.010000000000014211,0.0,0,Ratnagiri,Maharashtra
2022-02-24,0.0,0.0,0.0,0.010000000000014211,0.0,0,Ratnagiri,Maharashtra
2022-02-25,0.0,0.0,0.0,0.010000000000014211,0.0,0,Ratnagiri,Maharashtra
2022-02-26,0.0,0.0,0.0,0.010000000000014211,0.0,0,Ratnagiri,Maharashtra
2022-02-27,0.0,0.0,0.0,0.010000000000014211,0.0,0,Ratnagiri,Maharashtra
2022-02-28,0.0,0.0,0.0,0.010000000000014211,0.0,0,Ratnagiri,Maharashtra
2022-03-01,0.0,0.0,0.0,0.010000000000014211,0.0,0,Ratnagiri,Maharashtra
2022-03-02,0.0,0.0,0.0,0.010000000000014211,0.0,0,Ratnagiri,Maharashtra
2022-03-03,0.0,0.0,0.0,0.0,0.0,0,Ratnagiri,Maharashtra
2022-03-04,0.0,0.0,0.0,0.0,0.0,0,Ratnagiri,Maharashtra
2022-03-05,0.0,0.0,0.0,0.0,0.0,0,Ratnagiri,Maharashtra
2022-03-06,0.0,0.0,0.0,0.0,0.0,0,Ratnagiri,Maharashtra
2022-03-07,0.0,0.0,0.0,0.0,0.0,0,Ratnagiri,Maharashtra
2022-03-08,0.02,0.020000000000071055,0.01999999999997158,0.02000000000001421,0.02,0,Ratnagiri,Maharashtra
2022-03-09,0.05,0.07000000000007106,0.06999999999997158,0.07000000000001422,0.05,0,Ratnagiri,Maharashtra
2022-03-10,0.05,0.12000000000007106,0.11999999999997159,0.12000000000001422,0.05,0,Ratnagiri,Maharashtra
2022-03-11,0.1,0.20000000000007107,0.2199999999999716,0.22000000000001424,0.1,0,Ratnagiri,Maharashtra
2022-03-12,0.02,0.17000000000007107,0.2399999999999716,0.24000000000001423,0.1,0,Ratnagiri,Maharashtra
2022-03-13,0.0,0.12000000000007106,0.2399999999999716,0.24000000000001423,0.1,0,Ratnagiri,Maharashtra
2022-03-14,0.0,0.020000000000071055,0.2399999999999716,0.24000000000001423,0.02,0,Ratnagiri,Maharashtra
2022-03-15,0.0,0.0,0.2199999999999716,0.24000000000001423,0.0,0,Ratnagiri,Maharashtra
2022-03-16,0.0,0.0,0.1699999999999716,0.24000000000001423,0.0,0,Ratnagiri,Maharashtra
2022-03-17,0.27,0.27000000000007107,0.3899999999999716,0.5100000000000142,0.27,0,Ratnagiri,Maharashtra
2022-03-18,0.9,1.170000000000071,1.1899999999999715,1.4100000000000144,0.9,0,Ratnagiri,Maharashtra
2022-03-19,0.44,1.6100000000000712,1.6099999999999717,1.8500000000000143,0.9,0,Ratnagiri,Maharashtra
2022-03-20,0.21,1.550000000000071,1.8199999999999716,2.0600000000000143,0.9,0,Ratnagiri,Maharashtra
2022-03-21,0.07,0.720000000000071,1.8899999999999717,2.130000000000014,0.44,0,Ratnagiri,Maharashtra
2022-03-22,0.02,0.30000000000007104,1.9099999999999717,2.150000000000014,0.21,0,Ratnagiri,Maharashtra
2022-03-23,0.08,0.17000000000007107,1.9899999999999716,2.210000000000014,0.08,0,Ratnagiri,Maharashtra
2022-03-24,0.25,0.35000000000007103,1.9699999999999716,2.4100000000000144,0.25,0,Ratnagiri,Maharashtra
2022-03-25,0.08,0.41000000000007103,1.1499999999999715,2.440000000000014,0.25,0,Ratnagiri,Maharashtra
2022-03-26,0.0,0.330000000000071,0.7099999999999715,2.340000000000014,0.25,0,Ratnagiri,Maharashtra
2022-03-27,0.0,0.08000000000007106,0.4999999999999716,2.320000000000014,0.08,0,Ratnagiri,Maharashtra
2022-03-28,0.0,0.0,0.4299999999999716,2.320000000000014,0.0,0,Ratnagiri,Maharashtra
2022-03-29,0.01,0.010000000000071054,0.4199999999999716,2.330000000000014,0.01,0,Ratnagiri,Maharashtra
2022-03-30,0.01,0.020000000000071055,0.34999999999997156,2.340000000000014,0.01,0,Ratnagiri,Maharashtra
2022-03-31,0.01,0.03,0.10999999999997158,2.350000000000014,0.01,0,Ratnagiri,Maharashtra
2022-04-01,0.0,0.02000000000007105,0.029999999999971577,2.0800000000000143,0.01,0,Ratnagiri,Maharashtra
2022-04-02,0.0,0.010000000000071054,0.029999999999971577,1.1800000000000141,0.01,0,Ratnagiri,Maharashtra
2022-04-03,0.04,0.040000000000071055,0.06999999999997158,0.7800000000000141,0.04,0,Ratnagiri,Maharashtra
2022-04-04,0.67,0.7100000000000711,0.7399999999999716,1.2400000000000142,0.67,0,Ratnagiri,Maharashtra
2022-04-05,2.02,2.730000000000071,2.7499999999999716,3.190000000000014,2.02,0,Ratnagiri,Maharashtra
2022-04-06,1.41,4.100000000000071,4.149999999999972,4.580000000000014,2.02,0,Ratnagiri,Maharashtra
2022-04-07,0.35,3.780000000000071,4.489999999999972,4.850000000000014,2.02,0,Ratnagiri,Maharashtra
2022-04-08,0.94,2.700000000000071,5.429999999999972,5.540000000000014,1.41,0,Ratnagiri,Maharashtra
2022-04-09,1.44,2.7300000000000706,6.869999999999972,6.900000000000014,1.44,0,Ratnagiri,Maharashtra
2022-04-10,0.47,2.8500000000000707,7.299999999999971,7.370000000000013,1.44,0,Ratnagiri,Maharashtra
2022-04-11,0.14,2.050000000000071,6.769999999999971,7.510000000000014,1.44,0,Ratnagiri,Maharashtra
2022-04-12,0.02,0.6300000000000708,4.769999999999971,7.530000000000014,0.47,0,Ratnagiri,Maharashtra
2022-04-13,0.14,0.3000000000000709,3.499999999999971,7.6600000000000135,0.14,0,Ratnagiri,Maharashtra
2022-04-14,0.42,0.5800000000000708,3.5699999999999714,8.070000000000014,0.42,0,Ratnagiri,Maharashtra
2022-04-15,0.34,0.9000000000000707,2.9699999999999713,8.400000000000015,0.42,0,Ratnagiri,Maharashtra
2022-04-16,0.05,0.8100000000000708,1.5799999999999716,8.450000000000014,0.42,0,Ratnagiri,Maharashtra
2022-04-17,0.25,0.6400000000000708,1.3599999999999715,8.700000000000014,0.34,0,Ratnagiri,Maharashtra
2022-04-18,0.09,0.39000000000007085,1.3099999999999714,8.750000000000014,0.25,0,Ratnagiri,Maharashtra
2022-04-19,0.61,0.9500000000000708,1.8999999999999715,8.690000000000014,0.61,0,Ratnagiri,Maharashtra
2022-04-20,0.5,1.2000000000000708,2.2599999999999714,7.170000000000014,0.61,0,Ratnagiri,Maharashtra
2022-04-21,0.62,1.7300000000000708,2.4599999999999715,6.380000000000013,0.62,0,Ratnagiri,Maharashtra
2022-04-22,1.47,2.590000000000071,3.5899999999999714,7.500000000000014,1.47,0,Ratnagiri,Maharashtra
2022-04-23,1.98,4.070000000000071,5.519999999999971,8.540000000000013,1.98,0,Ratnagiri,Maharashtra
2022-04-24,2.89,6.340000000000071,8.159999999999972,9.990000000000014,2.89,0,Ratnagiri,Maharashtra
2022-04-25,0.24,5.110000000000071,8.309999999999972,9.760000000000014,2.89,0,Ratnagiri,Maharashtra
2022-04-26,0.45,3.580000000000071,8.149999999999972,10.070000000000014,2.89,0,Ratnagiri,Maharashtra
2022-04-27,0.23,0.9200000000000711,7.8799999999999715,10.280000000000014,0.45,0,Ratnagiri,Maharashtra
2022-04-28,0.58,1.260000000000071,7.839999999999971,10.720000000000015,0.58,0,Ratnagiri,Maharashtra
2022-04-29,0.67,1.480000000000071,7.039999999999972,10.970000000000015,0.67,0,Ratnagiri,Maharashtra
2022-04-30,0.35,1.6000000000000711,5.409999999999972,10.980000000000015,0.67,0,Ratnagiri,Maharashtra
2022-05-01,0.19,1.210000000000071,2.7099999999999715,11.120000000000015,0.67,0,Ratnagiri,Maharashtra
2022-05-02,0.05,0.590000000000071,2.5199999999999716,10.920000000000014,0.35,0,Ratnagiri,Maharashtra
2022-05-03,0.08,0.32000000000007106,2.1499999999999715,10.910000000000014,0.19,0,Ratnagiri,Maharashtra
2022-05-04,0.06,0.19000000000007106,1.9799999999999716,10.360000000000015,0.08,0,Ratnagiri,Maharashtra
2022-05-05,0.01,0.15000000000007108,1.4099999999999715,9.870000000000015,0.08,0,Ratnagiri,Maharashtra
2022-05-06,0.07,0.14000000000007107,0.8099999999999715,9.320000000000014,0.07,0,Ratnagiri,Maharashtra
2022-05-07,0.0,0.08000000000007106,0.4599999999999716,7.850000000000015,0.07,0,Ratnagiri,Maharashtra
2022-05-08,0.19,0.26000000000007106,0.4599999999999716,6.060000000000015,0.19,0,Ratnagiri,Maharashtra
2022-05-09,0.23,0.4200000000000711,0.6399999999999716,3.400000000000014,0.23,0,Ratnagiri,Maharashtra
2022-05-10,0.23,0.6500000000000711,0.7899999999999716,3.3900000000000143,0.23,0,Ratnagiri,Maharashtra
2022-05-11,0.35,0.8100000000000711,1.0799999999999716,3.2900000000000142,0.35,0,Ratnagiri,Maharashtra
2022-05-12,0.64,1.220000000000071,1.7099999999999715,3.7000000000000144,0.64,0,Ratnagiri,Maharashtra
2022-05-13,0.27,1.260000000000071,1.9099999999999715,3.3900000000000143,0.64,0,Ratnagiri,Maharashtra
2022-05-14,0.16,1.070000000000071,2.0699999999999714,2.8800000000000145,0.64,0,Ratnagiri,Maharashtra
2022-05-15,0.11,0.5400000000000711,1.9899999999999716,2.6400000000000143,0.27,0,Ratnagiri,Maharashtra
2022-05-16,0.46,0.730000000000071,2.2199999999999718,2.9100000000000144,0.46,0,Ratnagiri,Maharashtra
2022-05-17,1.21,1.7800000000000709,3.1999999999999718,4.0700000000000145,1.21,0,Ratnagiri,Maharashtra
2022-05-18,0.35,2.020000000000071,3.1999999999999713,4.340000000000014,1.21,0,Ratnagiri,Maharashtra
2022-05-19,10.09,11.650000000000071,12.64999999999997,14.370000000000013,10.09,0,Ratnagiri,Maharashtra
2022-05-20,14.19,24.630000000000074,26.569999999999972,28.55000000000001,14.19,0,Ratnagiri,Maharashtra
2022-05-21,1.44,25.72000000000007,27.84999999999997,29.920000000000012,14.19,0,Ratnagiri,Maharashtra
2022-05-22,0.24,15.87000000000007,27.979999999999972,30.160000000000014,14.19,0,Ratnagiri,Maharashtra
2022-05-23,0.33,2.010000000000071,27.84999999999997,30.30000000000001,1.44,0,Ratnagiri,Maharashtra
2022-05-24,0.22,0.7900000000000711,26.859999999999967,30.290000000000013,0.33,0,Ratnagiri,Maharashtra
2022-05-25,0.08,0.6300000000000711,26.58999999999997,30.140000000000015,0.33,0,Ratnagiri,Maharashtra
2022-05-26,0.23,0.5300000000000711,16.729999999999972,30.020000000000014,0.23,0,Ratnagiri,Maharashtra
2022-05-27,0.3,0.6100000000000712,2.8399999999999697,29.680000000000014,0.3,0,Ratnagiri,Maharashtra
2022-05-28,0.28,0.8100000000000711,1.67999999999997,29.690000000000012,0.3,0,Ratnagiri,Maharashtra
2022-05-29,0.35,0.930000000000071,1.7899999999999698,29.880000000000013,0.35,0,Ratnagiri,Maharashtra
2022-05-30,0.14,0.7700000000000711,1.59999999999997,29.910000000000014,0.35,0,Ratnagiri,Maharashtra
2022-05-31,0.24,0.730000000000071,1.61999999999997,29.690000000000012,0.35,0,Ratnagiri,Maharashtra
2022-06-01,1.29,1.670000000000071,2.82999999999997,29.77000000000001,1.29,1,Ratnagiri,Maharashtra
2022-06-02,2.69,4.220000000000071,5.28999999999997,32.110000000000014,2.69,1,Ratnagiri,Maharashtra
2022-06-03,0.7,4.680000000000071,5.68999999999997,22.720000000000013,2.69,1,Ratnagiri,Maharashtra
2022-06-04,0.28,3.670000000000071,5.689999999999969,8.810000000000015,2.69,1,Ratnagiri,Maharashtra
2022-06-05,0.4,1.380000000000071,5.73999999999997,7.770000000000015,0.7,1,Ratnagiri,Maharashtra
2022-06-06,1.28,1.9600000000000712,6.87999999999997,8.810000000000015,1.28,1,Ratnagiri,Maharashtra
2022-06-07,5.27,6.95000000000007,11.90999999999997,13.750000000000014,5.27,1,Ratnagiri,Maharashtra
2022-06-08,2.99,9.54000000000007,13.60999999999997,16.520000000000014,5.27,1,Ratnagiri,Maharashtra
2022-06-09,4.07,12.330000000000071,14.98999999999997,20.510000000000016,5.27,1,Ratnagiri,Maharashtra
2022-06-10,50.65,57.71000000000007,64.93999999999997,70.93,50.65,1,Ratnagiri,Maharashtra
2022-06-11,12.74,67.46000000000006,77.39999999999996,83.37000000000002,50.65,1,Ratnagiri,Maharashtra
2022-06-12,13.03,76.42000000000007,90.02999999999996,96.12000000000002,50.65,1,Ratnagiri,Maharashtra
2022-06-13,26.73,52.50000000000007,115.47999999999998,122.5,26.73,1,Ratnagiri,Maharashtra
2022-06-14,3.17,42.93000000000007,113.37999999999997,125.53,26.73,1,Ratnagiri,Maharashtra
2022-06-15,2.01,31.91000000000007,112.39999999999998,127.30000000000001,26.73,1,Ratnagiri,Maharashtra
2022-06-16,7.12,12.300000000000072,115.44999999999996,133.13000000000002,7.12,1,Ratnagiri,Maharashtra
2022-06-17,5.88,15.01000000000007,70.67999999999998,136.32000000000002,7.12,1,Ratnagiri,Maharashtra
2022-06-18,7.86,20.86000000000007,65.79999999999997,143.48000000000002,7.86,1,Ratnagiri,Maharashtra
2022-06-19,15.55,29.29000000000007,68.31999999999996,158.75,15.55,1,Ratnagiri,Maharashtra
2022-06-20,11.79,35.200000000000074,53.37999999999997,170.14000000000001,15.55,1,Ratnagiri,Maharashtra
2022-06-21,20.11,47.450000000000074,70.31999999999996,188.97000000000003,20.11,1,Ratnagiri,Maharashtra
2022-06-22,8.61,40.51000000000007,76.91999999999997,192.31,20.11,1,Ratnagiri,Maharashtra
2022-06-23,31.95,60.67000000000007,101.74999999999997,221.27,31.95,1,Ratnagiri,Maharashtra
2022-06-24,30.79,71.35000000000007,126.65999999999997,247.99,31.95,1,Ratnagiri,Maharashtra
2022-06-25,94.53,157.27000000000007,213.32999999999996,291.87,94.53,1,Ratnagiri,Maharashtra
2022-06-26,20.68,146.00000000000006,218.45999999999998,299.81,94.53,1,Ratnagiri,Maharashtra
2022-06-27,15.08,130.29000000000008,221.74999999999994,301.86,94.53,1,Ratnagiri,Maharashtra
2022-06-28,34.03,69.79000000000008,235.66999999999996,309.16,34.03,1,Ratnagiri,Maharashtra
2022-06-29,23.98,73.09000000000007,251.03999999999996,329.96999999999997,34.03,1,Ratnagiri,Maharashtra
2022-06-30,20.93,78.94000000000007,240.01999999999995,348.89,34.03,1,Ratnagiri,Maharashtra
2022-07-01,20.19,65.10000000000008,229.41999999999996,361.96,23.98,1,Ratnagiri,Maharashtra
2022-07-02,12.54,53.66000000000007,147.42999999999998,368.62,20.93,1,Ratnagiri,Maharashtra
2022-07-03,13.58,46.31000000000007,140.32999999999996,374.34,20.19,1,Ratnagiri,Maharashtra
2022-07-04,34.2,60.32000000000007,159.44999999999996,392.99,34.2,1,Ratnagiri,Maharashtra
2022-07-05,22.05,69.83000000000007,147.46999999999997,403.25,34.2,1,Ratnagiri,Maharashtra
2022-07-06,16.69,72.94000000000008,140.17999999999998,399.83,34.2,1,Ratnagiri,Maharashtra
2022-07-07,38.96,77.70000000000007,158.20999999999998,430.18000000000006,38.96,1,Ratnagiri,Maharashtra
2022-07-08,48.7,104.35000000000008,186.71999999999997,446.93,48.7,1,Ratnagiri,Maharashtra
2022-07-09,41.84,129.50000000000009,216.01999999999998,457.98,48.7,1,Ratnagiri,Maharashtra
2022-07-10,29.85,120.39000000000007,232.28999999999996,393.3,48.7,1,Ratnagiri,Maharashtra
2022-07-11,29.86,101.55000000000007,227.95,402.48,41.84,1,Ratnagiri,Maharashtra
2022-07-12,27.49,87.20000000000007,233.39,414.89000000000004,29.86,1,Ratnagiri,Maharashtra
2022-07-13,36.13,93.48000000000008,252.82999999999998,416.99000000000007,36.13,1,Ratnagiri,Maharashtra
2022-07-14,25.07,88.69000000000007,238.93999999999997,418.08000000000004,36.13,1,Ratnagiri,Maharashtra
2022-07-15,15.23,76.43000000000008,205.47,412.38000000000005,36.13,1,Ratnagiri,Maharashtra
2022-07-16,15.3,55.600000000000065,178.92999999999998,407.49,25.07,1,Ratnagiri,Maharashtra
2022-07-17,13.43,43.960000000000065,162.51,408.38,15.3,1,Ratnagiri,Maharashtra
2022-07-18,15.73,44.460000000000065,148.37999999999997,410.53000000000003,15.73,1,Ratnagiri,Maharashtra
2022-07-19,8.56,37.72000000000006,129.45,384.89000000000004,15.73,1,Ratnagiri,Maharashtra
2022-07-20,2.7,26.990000000000066,96.01999999999997,365.54,15.73,1,Ratnagiri,Maharashtra
2022-07-21,2.05,13.310000000000064,72.99999999999997,350.90000000000003,8.56,1,Ratnagiri,Maharashtra
2022-07-22,1.8,6.550000000000064,59.56999999999998,313.74000000000007,2.7,1,Ratnagiri,Maharashtra
2022-07-23,2.9,6.750000000000064,47.16999999999997,267.94,2.9,1,Ratnagiri,Maharashtra
2022-07-24,3.52,8.220000000000065,37.25999999999997,229.62000000000003,3.52,1,Ratnagiri,Maharashtra
2022-07-25,4.87,11.290000000000063,26.39999999999997,204.64000000000004,4.87,1,Ratnagiri,Maharashtra
2022-07-26,3.39,11.780000000000063,21.22999999999997,178.17000000000002,4.87,1,Ratnagiri,Maharashtra
2022-07-27,29.25,37.51000000000006,47.77999999999997,179.93,29.25,1,Ratnagiri,Maharashtra
2022-07-28,11.73,44.37000000000006,57.45999999999997,155.53000000000003,29.25,1,Ratnagiri,Maharashtra
2022-07-29,3.78,44.76000000000006,59.43999999999997,134.24,29.25,1,Ratnagiri,Maharashtra
2022-07-30,2.62,18.13000000000006,59.15999999999997,121.63000000000002,11.73,1,Ratnagiri,Maharashtra
2022-07-31,2.33,8.73000000000006,57.96999999999997,108.66000000000001,3.78,1,Ratnagiri,Maharashtra
2022-08-01,2.35,7.300000000000061,55.44999999999997,97.58000000000001,2.62,1,Ratnagiri,Maharashtra
2022-08-02,5.49,10.17000000000006,57.54999999999997,87.34,5.49,1,Ratnagiri,Maharashtra
2022-08-03,7.9,15.74000000000006,36.199999999999974,86.68,7.9,1,Ratnagiri,Maharashtra
2022-08-04,21.47,34.860000000000056,45.93999999999997,105.45000000000002,21.47,1,Ratnagiri,Maharashtra
2022-08-05,20.38,49.75000000000006,62.53999999999997,123.78,21.47,1,Ratnagiri,Maharashtra
2022-08-06,51.6,93.45000000000006,111.51999999999998,173.58,51.6,1,Ratnagiri,Maharashtra
2022-08-07,72.86,144.84000000000006,182.04999999999995,243.54000000000002,72.86,1,Ratnagiri,Maharashtra
2022-08-08,53.04,177.50000000000006,232.73999999999998,293.06,72.86,1,Ratnagiri,Maharashtra
2022-08-09,26.75,152.65000000000006,253.99999999999997,314.94,72.86,1,Ratnagiri,Maharashtra
2022-08-10,11.55,91.34000000000006,257.65,323.1,53.04,1,Ratnagiri,Maharashtra
2022-08-11,16.38,54.68000000000006,252.55999999999995,310.23,26.75,1,Ratnagiri,Maharashtra
2022-08-12,8.67,36.60000000000006,240.84999999999997,307.17,16.38,1,Ratnagiri,Maharashtra
2022-08-13,5.2,30.250000000000057,194.44999999999996,308.59000000000003,16.38,1,Ratnagiri,Maharashtra
2022-08-14,6.18,20.050000000000058,127.76999999999997,312.15000000000003,8.67,1,Ratnagiri,Maharashtra
2022-08-15,10.25,21.63000000000006,84.97999999999996,320.07,10.25,1,Ratnagiri,Maharashtra
2022-08-16,9.85,26.280000000000058,68.07999999999997,327.57000000000005,10.25,1,Ratnagiri,Maharashtra
2022-08-17,7.08,27.180000000000057,63.60999999999997,329.16,10.25,1,Ratnagiri,Maharashtra
2022-08-18,6.09,23.02000000000006,53.31999999999997,327.34999999999997,9.85,1,Ratnagiri,Maharashtra
2022-08-19,3.41,16.58000000000006,48.059999999999974,309.29,7.08,1,Ratnagiri,Maharashtra
2022-08-20,3.9,13.400000000000059,46.75999999999998,292.81,6.09,1,Ratnagiri,Maharashtra
2022-08-21,3.4,10.710000000000058,43.979999999999976,244.60999999999999,3.9,1,Ratnagiri,Maharashtra
2022-08-22,7.06,14.360000000000058,40.78999999999998,178.81,7.06,1,Ratnagiri,Maharashtra
2022-08-23,7.46,17.92000000000006,38.39999999999997,133.23000000000002,7.46,1,Ratnagiri,Maharashtra
2022-08-24,4.43,18.95000000000006,35.74999999999997,110.91000000000003,7.46,1,Ratnagiri,Maharashtra
2022-08-25,1.5,13.390000000000057,31.15999999999997,100.86000000000001,7.46,1,Ratnagiri,Maharashtra
2022-08-26,2.5,8.430000000000058,30.24999999999997,86.98000000000002,4.43,1,Ratnagiri,Maharashtra
2022-08-27,0.98,4.980000000000059,27.329999999999973,79.29,2.5,1,Ratnagiri,Maharashtra
2022-08-28,0.64,4.120000000000059,24.56999999999997,74.73,2.5,1,Ratnagiri,Maharashtra
2022-08-29,0.99,2.6100000000000585,18.49999999999997,69.54000000000002,0.99,1,Ratnagiri,Maharashtra
2022-08-30,0.5,2.1300000000000585,11.53999999999997,59.79000000000001,0.99,1,Ratnagiri,Maharashtra
2022-08-31,3.76,5.250000000000059,10.86999999999997,53.70000000000002,3.76,1,Ratnagiri,Maharashtra
2022-09-01,11.06,15.320000000000059,20.42999999999997,57.68000000000002,11.06,1,Ratnagiri,Maharashtra
2022-09-02,13.89,28.710000000000058,31.819999999999972,65.48000000000002,13.89,1,Ratnagiri,Maharashtra
2022-09-03,2.74,27.69000000000006,33.57999999999997,64.81000000000002,13.89,1,Ratnagiri,Maharashtra
2022-09-04,10.89,27.52000000000006,43.82999999999997,71.80000000000001,13.89,1,Ratnagiri,Maharashtra
2022-09-05,9.83,23.460000000000058,52.66999999999997,78.23000000000002,10.89,1,Ratnagiri,Maharashtra
2022-09-06,6.48,27.20000000000006,58.64999999999997,77.65000000000002,10.89,1,Ratnagiri,Maharashtra
2022-09-07,8.77,25.080000000000055,63.65999999999997,78.96000000000001,9.83,1,Ratnagiri,Maharashtra
2022-09-08,23.84,39.09000000000006,76.43999999999997,98.37000000000002,23.84,1,Ratnagiri,Maharashtra
2022-09-09,21.53,54.14000000000006,84.07999999999997,118.40000000000002,23.84,1,Ratnagiri,Maharashtra
2022-09-10,24.3,69.67000000000006,105.63999999999997,140.20000000000002,24.3,1,Ratnagiri,Maharashtra
2022-09-11,17.64,63.470000000000056,112.38999999999997,156.86000000000004,24.3,1,Ratnagiri,Maharashtra
2022-09-12,30.3,72.24000000000007,132.85999999999999,186.52,30.3,1,Ratnagiri,Maharashtra
2022-09-13,6.86,54.80000000000006,133.23999999999998,192.39000000000001,30.3,1,Ratnagiri,Maharashtra
2022-09-14,5.29,42.45000000000006,129.76,197.18,30.3,1,Ratnagiri,Maharashtra
2022-09-15,8.39,20.540000000000063,114.30999999999997,201.81000000000003,8.39,1,Ratnagiri,Maharashtra
2022-09-16,7.82,21.500000000000064,100.59999999999998,198.57000000000002,8.39,1,Ratnagiri,Maharashtra
2022-09-17,5.26,21.470000000000063,81.55999999999997,189.94000000000003,8.39,1,Ratnagiri,Maharashtra
2022-09-18,2.38,15.460000000000061,66.29999999999998,189.58,7.82,1,Ratnagiri,Maharashtra
2022-09-19,1.09,8.73000000000006,37.089999999999975,179.78,5.26,1,Ratnagiri,Maharashtra
2022-09-20,0.36,3.8300000000000605,30.58999999999997,170.31000000000003,2.38,1,Ratnagiri,Maharashtra
2022-09-21,0.24,1.6900000000000603,25.53999999999997,164.07000000000002,1.09,1,Ratnagiri,Maharashtra
2022-09-22,0.27,0.8700000000000604,17.41999999999997,155.57000000000002,0.36,1,Ratnagiri,Maharashtra
2022-09-23,2.93,3.440000000000061,12.529999999999971,134.66000000000003,2.93,1,Ratnagiri,Maharashtra
2022-09-24,2.21,5.4100000000000605,9.479999999999972,115.34000000000002,2.93,1,Ratnagiri,Maharashtra
2022-09-25,2.43,7.570000000000061,9.529999999999973,93.47000000000003,2.93,1,Ratnagiri,Maharashtra
2022-09-26,0.57,5.21000000000006,9.009999999999971,76.40000000000002,2.43,1,Ratnagiri,Maharashtra
2022-09-27,0.27,3.27000000000006,8.919999999999973,46.37000000000002,2.43,1,Ratnagiri,Maharashtra
2022-09-28,0.39,1.23000000000006,9.069999999999972,39.90000000000001,0.57,1,Ratnagiri,Maharashtra
2022-09-29,1.42,2.08000000000006,10.21999999999997,36.030000000000015,1.42,1,Ratnagiri,Maharashtra
2022-09-30,3.31,5.12000000000006,10.599999999999971,30.950000000000017,3.31,1,Ratnagiri,Maharashtra
2022-10-01,6.26,10.990000000000059,14.649999999999972,29.390000000000015,6.26,0,Ratnagiri,Maharashtra
2022-10-02,1.34,10.91000000000006,13.55999999999997,25.470000000000013,6.26,0,Ratnagiri,Maharashtra
2022-10-03,0.19,7.7900000000000595,13.179999999999971,23.280000000000015,6.26,0,Ratnagiri,Maharashtra
2022-10-04,1.65,3.1800000000000592,14.55999999999997,23.840000000000014,1.65,0,Ratnagiri,Maharashtra
2022-10-05,4.6,6.440000000000059,18.76999999999997,28.080000000000016,4.6,0,Ratnagiri,Maharashtra
2022-10-06,6.7,12.95000000000006,24.04999999999997,34.54000000000001,6.7,0,Ratnagiri,Maharashtra
2022-10-07,13.69,24.99000000000006,34.42999999999997,47.96000000000001,13.69,0,Ratnagiri,Maharashtra
2022-10-08,1.05,21.440000000000058,29.219999999999974,46.08000000000001,13.69,0,Ratnagiri,Maharashtra
2022-10-09,0.05,14.790000000000058,27.92999999999997,43.920000000000016,13.69,0,Ratnagiri,Maharashtra
2022-10-10,1.07,2.1700000000000585,28.809999999999974,42.56000000000001,1.07,0,Ratnagiri,Maharashtra
2022-10-11,4.22,5.3400000000000585,31.37999999999997,46.210000000000015,4.22,0,Ratnagiri,Maharashtra
2022-10-12,4.03,9.320000000000059,30.809999999999974,49.97000000000001,4.22,0,Ratnagiri,Maharashtra
2022-10-13,5.15,13.400000000000059,29.259999999999973,54.73000000000001,5.15,0,Ratnagiri,Maharashtra
2022-10-14,15.99,25.17000000000006,31.559999999999974,69.30000000000001,15.99,0,Ratnagiri,Maharashtra
2022-10-15,1.67,22.81000000000006,32.17999999999997,67.66000000000001,15.99,0,Ratnagiri,Maharashtra
2022-10-16,1.68,19.34000000000006,33.809999999999974,63.08000000000001,15.99,0,Ratnagiri,Maharashtra
2022-10-17,6.34,9.690000000000058,39.07999999999997,68.08000000000001,6.34,0,Ratnagiri,Maharashtra
2022-10-18,9.81,17.83000000000006,44.66999999999997,77.70000000000002,9.81,0,Ratnagiri,Maharashtra
2022-10-19,1.9,18.050000000000058,42.53999999999997,77.95000000000002,9.81,0,Ratnagiri,Maharashtra
2022-10-20,1.04,12.750000000000059,38.42999999999998,74.39000000000001,9.81,0,Ratnagiri,Maharashtra
2022-10-21,12.14,15.080000000000059,34.57999999999997,79.83000000000001,12.14,0,Ratnagiri,Maharashtra
2022-10-22,13.52,26.70000000000006,46.42999999999997,79.66000000000001,13.52,0,Ratnagiri,Maharashtra
2022-10-23,0.0,25.66000000000006,44.74999999999997,78.61000000000001,13.52,0,Ratnagiri,Maharashtra
2022-10-24,0.0,13.520000000000058,38.40999999999997,78.56,13.52,0,Ratnagiri,Maharashtra
2022-10-25,0.0,0.0,28.599999999999973,77.49000000000001,0.0,0,Ratnagiri,Maharashtra
2022-10-26,0.0,0.0,26.69999999999997,73.27000000000001,0.0,0,Ratnagiri,Maharashtra
2022-10-27,0.0,0.0,25.65999999999997,69.24000000000001,0.0,0,Ratnagiri,Maharashtra
2022-10-28,0.0,0.0,13.519999999999971,64.09,0.0,0,Ratnagiri,Maharashtra
2022-10-29,0.0,0.0,0.0,48.100000000000016,0.0,0,Ratnagiri,Maharashtra
2022-10-30,0.0,0.0,0.0,46.430000000000014,0.0,0,Ratnagiri,Maharashtra
2022-10-31,0.0,0.0,0.0,44.750000000000014,0.0,0,Ratnagiri,Maharashtra
2022-11-01,0.0,0.0,0.0,38.41000000000002,0.0,0,Ratnagiri,Maharashtra
2022-11-02,0.05,0.05000000000005862,0.04999999999997158,28.650000000000013,0.05,0,Ratnagiri,Maharashtra
2022-11-03,0.02,0.07000000000005863,0.06999999999997158,26.770000000000014,0.05,0,Ratnagiri,Maharashtra
2022-11-04,0.0,0.07000000000005863,0.06999999999997158,25.73000000000001,0.05,0,Ratnagiri,Maharashtra
2022-11-05,0.01,0.03000000000005862,0.07999999999997158,13.600000000000014,0.02,0,Ratnagiri,Maharashtra
2022-11-06,0.01,0.02000000000005862,0.08999999999997157,0.09000000000001421,0.01,0,Ratnagiri,Maharashtra
2022-11-07,0.0,0.02000000000005862,0.08999999999997157,0.09000000000001421,0.01,0,Ratnagiri,Maharashtra
2022-11-08,0.0,0.01000000000005862,0.08999999999997157,0.09000000000001421,0.01,0,Ratnagiri,Maharashtra
2022-11-09,0.0,0.0,0.03999999999997158,0.09000000000001421,0.0,0,Ratnagiri,Maharashtra
2022-11-10,0.0,0.0,0.01999999999997158,0.09000000000001421,0.0,0,Ratnagiri,Maharashtra
2022-11-11,0.0,0.0,0.01999999999997158,0.09000000000001421,0.0,0,Ratnagiri,Maharashtra
2022-11-12,0.0,0.0,0.009999999999971578,0.09000000000001421,0.0,0,Ratnagiri,Maharashtra
2022-11-13,0.0,0.0,0.0,0.09000000000001421,0.0,0,Ratnagiri,Maharashtra
2022-11-14,0.03,0.03000000000005862,0.029999999999971577,0.1200000000000142,0.03,0,Ratnagiri,Maharashtra
2022-11-15,0.0,0.03000000000005862,0.029999999999971577,0.1200000000000142,0.03,0,Ratnagiri,Maharashtra
2022-11-16,0.0,0.03000000000005862,0.029999999999971577,0.1200000000000142,0.03,0,Ratnagiri,Maharashtra
2022-11-17,0.0,0.0,0.029999999999971577,0.07000000000001422,0.0,0,Ratnagiri,Maharashtra
2022-11-18,0.0,0.0,0.029999999999971577,0.05000000000001421,0.0,0,Ratnagiri,Maharashtra
2022-11-19,0.0,0.0,0.029999999999971577,0.050000000000014214,0.0,0,Ratnagiri,Maharashtra
2022-11-20,0.0,0.0,0.029999999999971577,0.04000000000001421,0.0,0,Ratnagiri,Maharashtra
2022-11-21,0.0,0.0,0.0,0.03000000000001421,0.0,0,Ratnagiri,Maharashtra
2022-11-22,0.0,0.0,0.0,0.03000000000001421,0.0,0,Ratnagiri,Maharashtra
2022-11-23,0.0,0.0,0.0,0.03000000000001421,0.0,0,Ratnagiri,Maharashtra
2022-11-24,0.07,0.07000000000005863,0.06999999999997158,0.10000000000001422,0.07,0,Ratnagiri,Maharashtra
2022-11-25,0.24,0.3100000000000586,0.3099999999999716,0.3400000000000142,0.24,0,Ratnagiri,Maharashtra
2022-11-26,0.69,1.0000000000000586,0.9999999999999716,1.030000000000014,0.69,0,Ratnagiri,Maharashtra
2022-11-27,0.27,1.2000000000000586,1.2699999999999716,1.300000000000014,0.69,0,Ratnagiri,Maharashtra
2022-11-28,0.06,1.0200000000000586,1.3299999999999716,1.360000000000014,0.69,0,Ratnagiri,Maharashtra
2022-11-29,0.0,0.33000000000005864,1.3299999999999716,1.330000000000014,0.27,0,Ratnagiri,Maharashtra
2022-11-30,0.0,0.06000000000005862,1.3299999999999716,1.330000000000014,0.06,0,Ratnagiri,Maharashtra
2022-12-01,0.0,0.0,1.2599999999999716,1.330000000000014,0.0,0,Ratnagiri,Maharashtra
2022-12-02,0.0,0.0,1.0199999999999716,1.330000000000014,0.0,0,Ratnagiri,Maharashtra
2022-12-03,0.0,0.0,0.3299999999999716,1.330000000000014,0.0,0,Ratnagiri,Maharashtra
2022-12-04,0.16,0.16000000000005862,0.21999999999997158,1.4900000000000142,0.16,0,Ratnagiri,Maharashtra
2022-12-05,0.14,0.30000000000005866,0.2999999999999716,1.630000000000014,0.16,0,Ratnagiri,Maharashtra
2022-12-06,0.01,0.3100000000000586,0.3099999999999716,1.6400000000000141,0.16,0,Ratnagiri,Maharashtra
2022-12-07,0.0,0.15000000000005864,0.3099999999999716,1.6400000000000141,0.14,0,Ratnagiri,Maharashtra
2022-12-08,0.0,0.01000000000005862,0.3099999999999716,1.6400000000000141,0.01,0,Ratnagiri,Maharashtra
2022-12-09,0.0,0.0,0.3099999999999716,1.570000000000014,0.0,0,Ratnagiri,Maharashtra
2022-12-10,0.01,0.01000000000005862,0.3199999999999716,1.340000000000014,0.01,0,Ratnagiri,Maharashtra
2022-12-11,0.14,0.15000000000005864,0.2999999999999716,0.7900000000000142,0.14,0,Ratnagiri,Maharashtra
2022-12-12,0.34,0.49000000000005867,0.4999999999999716,0.8600000000000143,0.34,0,Ratnagiri,Maharashtra
2022-12-13,0.27,0.7500000000000586,0.7599999999999716,1.0700000000000143,0.34,0,Ratnagiri,Maharashtra
2022-12-14,2.72,3.3300000000000587,3.479999999999972,3.7900000000000142,2.72,0,Ratnagiri,Maharashtra
2022-12-15,0.36,3.3500000000000587,3.8399999999999714,4.150000000000015,2.72,0,Ratnagiri,Maharashtra
2022-12-16,0.06,3.1400000000000587,3.8999999999999715,4.210000000000015,2.72,0,Ratnagiri,Maharashtra
2022-12-17,0.03,0.4500000000000586,3.919999999999972,4.240000000000014,0.36,0,Ratnagiri,Maharashtra
2022-12-18,0.01,0.10000000000005861,3.7899999999999716,4.250000000000015,0.06,0,Ratnagiri,Maharashtra
2022-12-19,0.0,0.04000000000005862,3.4499999999999718,4.090000000000015,0.03,0,Ratnagiri,Maharashtra
2022-12-20,0.0,0.01000000000005862,3.1799999999999713,3.950000000000015,0.01,0,Ratnagiri,Maharashtra
2022-12-21,0.0,0.0,0.45999999999997154,3.9400000000000146,0.0,0,Ratnagiri,Maharashtra
2022-12-22,0.0,0.0,0.09999999999997157,3.9400000000000146,0.0,0,Ratnagiri,Maharashtra
2022-12-23,0.0,0.0,0.03999999999997158,3.9400000000000146,0.0,0,Ratnagiri,Maharashtra
2022-12-24,0.0,0.0,0.009999999999971578,3.9400000000000146,0.0,0,Ratnagiri,Maharashtra
2022-12-25,0.0,0.0,0.0,3.930000000000015,0.0,0,Ratnagiri,Maharashtra
2022-12-26,0.0,0.0,0.0,3.7900000000000147,0.0,0,Ratnagiri,Maharashtra
2022-12-27,0.0,0.0,0.0,3.450000000000015,0.0,0,Ratnagiri,Maharashtra
2022-12-28,0.0,0.0,0.0,3.180000000000015,0.0,0,Ratnagiri,Maharashtra
2022-12-29,0.0,0.0,0.0,0.4600000000000146,0.0,0,Ratnagiri,Maharashtra
2022-12-30,0.0,0.0,0.0,0.10000000000001465,0.0,0,Ratnagiri,Maharashtra
2022-12-31,0.0,0.0,0.0,0.040000000000014656,0.0,0,Ratnagiri,Maharashtra
2023-01-01,0.0,0.0,0.0,0.010000000000014655,0.0,0,Ratnagiri,Maharashtra
2023-01-02,0.0,0.0,0.0,0.0,0.0,0,Ratnagiri,Maharashtra
2023-01-03,0.0,0.0,0.0,0.0,0.0,0,Ratnagiri,Maharashtra
2023-01-04,0.0,0.0,0.0,0.0,0.0,0,Ratnagiri,Maharashtra
2023-01-05,0.0,0.0,0.0,0.0,0.0,0,Ratnagiri,Maharashtra
2023-01-06,0.0,0.0,0.0,0.0,0.0,0,Ratnagiri,Maharashtra
2023-01-07,0.0,0.0,0.0,0.0,0.0,0,Ratnagiri,Maharashtra
2023-01-08,0.0,0.0,0.0,0.0,0.0,0,Ratnagiri,Maharashtra
2023-01-09,0.0,0.0,0.0,0.0,0.0,0,Ratnagiri,Maharashtra
2023-01-10,0.0,0.0,0.0,0.0,0.0,0,Ratnagiri,Maharashtra
2023-01-11,0.0,0.0,0.0,0.0,0.0,0,Ratnagiri,Maharashtra
2023-01-12,0.0,0.0,0.0,0.0,0.0,0,Ratnagiri,Maharashtra
2023-01-13,0.0,0.0,0.0,0.0,0.0,0,Ratnagiri,Maharashtra
2023-01-14,0.0,0.0,0.0,0.0,0.0,0,Ratnagiri,Maharashtra
2023-01-15,0.0,0.0,0.0,0.0,0.0,0,Ratnagiri,Maharashtra
2023-01-16,0.0,0.0,0.0,0.0,0.0,0,Ratnagiri,Maharashtra
2023-01-17,0.0,0.0,0.0,0.0,0.0,0,Ratnagiri,Maharashtra
2023-01-18,0.0,0.0,0.0,0.0,0.0,0,Ratnagiri,Maharashtra
2023-01-19,0.0,0.0,0.0,0.0,0.0,0,Ratnagiri,Maharashtra
2023-01-20,0.0,0.0,0.0,0.0,0.0,0,Ratnagiri,Maharashtra
2023-01-21,0.0,0.0,0.0,0.0,0.0,0,Ratnagiri,Maharashtra
2023-01-22,0.0,0.0,0.0,0.0,0.0,0,Ratnagiri,Maharashtra
2023-01-23,0.0,0.0,0.0,0.0,0.0,0,Ratnagiri,Maharashtra
2023-01-24,0.0,0.0,0.0,0.0,0.0,0,Ratnagiri,Maharashtra
2023-01-25,0.0,0.0,0.0,0.0,0.0,0,Ratnagiri,Maharashtra
2023-01-26,0.01,0.01000000000005862,0.009999999999971578,0.010000000000014655,0.01,0,Ratnagiri,Maharashtra
2023-01-27,0.0,0.01000000000005862,0.009999999999971578,0.010000000000014655,0.01,0,Ratnagiri,Maharashtra
2023-01-28,0.01,0.02000000000005862,0.01999999999997158,0.020000000000014655,0.01,0,Ratnagiri,Maharashtra
2023-01-29,0.04,0.05000000000005862,0.059999999999971576,0.06000000000001465,0.04,0,Ratnagiri,Maharashtra
2023-01-30,0.02,0.07000000000005863,0.07999999999997158,0.08000000000001466,0.04,0,Ratnagiri,Maharashtra
2023-01-31,0.0,0.06000000000005862,0.07999999999997158,0.08000000000001466,0.04,0,Ratnagiri,Maharashtra
2023-02-01,0.01,0.03000000000005862,0.08999999999997159,0.09000000000001467,0.02,0,Ratnagiri,Maharashtra
2023-02-02,0.02,0.030000000000058622,0.09999999999997158,0.11000000000001467,0.02,0,Ratnagiri,Maharashtra
2023-02-03,0.0,0.030000000000058622,0.09999999999997158,0.11000000000001467,0.02,0,Ratnagiri,Maharashtra
2023-02-04,0.0,0.020000000000058624,0.08999999999997157,0.11000000000001467,0.02,0,Ratnagiri,Maharashtra
2023-02-05,0.0,0.0,0.04999999999997159,0.11000000000001467,0.0,0,Ratnagiri,Maharashtra
2023-02-06,0.0,0.0,0.029999999999971588,0.11000000000001467,0.0,0,Ratnagiri,Maharashtra
2023-02-07,0.0,0.0,0.029999999999971588,0.11000000000001467,0.0,0,Ratnagiri,Maharashtra
2023-02-08,0.0,0.0,0.01999999999997159,0.11000000000001467,0.0,0,Ratnagiri,Maharashtra
2023-02-09,0.0,0.0,0.0,0.11000000000001467,0.0,0,Ratnagiri,Maharashtra
2023-02-10,0.0,0.0,0.0,0.10000000000001466,0.0,0,Ratnagiri,Maharashtra
2023-02-11,0.0,0.0,0.0,0.10000000000001466,0.0,0,Ratnagiri,Maharashtra
2023-02-12,0.0,0.0,0.0,0.09000000000001465,0.0,0,Ratnagiri,Maharashtra
2023-02-13,0.0,0.0,0.0,0.050000000000014665,0.0,0,Ratnagiri,Maharashtra
2023-02-14,0.0,0.0,0.0,0.030000000000014664,0.0,0,Ratnagiri,Maharashtra
2023-02-15,0.0,0.0,0.0,0.030000000000014664,0.0,0,Ratnagiri,Maharashtra
2023-02-16,0.0,0.0,0.0,0.020000000000014666,0.0,0,Ratnagiri,Maharashtra
2023-02-17,0.0,0.0,0.0,0.0,0.0,0,Ratnagiri,Maharashtra
2023-02-18,0.0,0.0,0.0,0.0,0.0,0,Ratnagiri,Maharashtra
2023-02-19,0.0,0.0,0.0,0.0,0.0,0,Ratnagiri,Maharashtra
2023-02-20,0.0,0.0,0.0,0.0,0.0,0,Ratnagiri,Maharashtra
2023-02-21,0.0,0.0,0.0,0.0,0.0,0,Ratnagiri,Maharashtra
2023-02-22,0.0,0.0,0.0,0.0,0.0,0,Ratnagiri,Maharashtra
2023-02-23,0.0,0.0,0.0,0.0,0.0,0,Ratnagiri,Maharashtra
2023-02-24,0.0,0.0,0.0,0.0,0.0,0,Ratnagiri,Maharashtra
2023-02-25,0.0,0.0,0.0,0.0,0.0,0,Ratnagiri,Maharashtra
2023-02-26,0.0,0.0,0.0,0.0,0.0,0,Ratnagiri,Maharashtra
2023-02-27,0.0,0.0,0.0,0.0,0.0,0,Ratnagiri,Maharashtra
2023-02-28,0.0,0.0,0.0,0.0,0.0,0,Ratnagiri,Maharashtra
2023-03-01,0.0,0.0,0.0,0.0,0.0,0,Ratnagiri,Maharashtra
2023-03-02,0.0,0.0,0.0,0.0,0.0,0,Ratnagiri,Maharashtra
2023-03-03,0.03,0.03000000000005862,0.029999999999971584,0.03000000000001466,0.03,0,Ratnagiri,Maharashtra
2023-03-04,0.05,0.08000000000005862,0.0799999999999716,0.08000000000001467,0.05,0,Ratnagiri,Maharashtra
2023-03-05,0.17,0.2500000000000586,0.2499999999999716,0.25000000000001465,0.17,0,Ratnagiri,Maharashtra
2023-03-06,1.46,1.6800000000000586,1.7099999999999715,1.7100000000000146,1.46,0,Ratnagiri,Maharashtra
2023-03-07,1.03,2.6600000000000588,2.739999999999972,2.7400000000000144,1.46,0,Ratnagiri,Maharashtra
2023-03-08,0.03,2.5200000000000586,2.7699999999999716,2.7700000000000147,1.46,0,Ratnagiri,Maharashtra
2023-03-09,0.06,1.1200000000000587,2.8299999999999716,2.8300000000000147,1.03,0,Ratnagiri,Maharashtra
2023-03-10,0.0,0.09000000000005862,2.799999999999972,2.8300000000000147,0.06,0,Ratnagiri,Maharashtra
2023-03-11,0.0,0.06000000000005862,2.7499999999999716,2.8300000000000147,0.06,0,Ratnagiri,Maharashtra
2023-03-12,0.02,0.02000000000005862,2.5999999999999717,2.8500000000000147,0.02,0,Ratnagiri,Maharashtra
2023-03-13,0.01,0.03000000000005862,1.1499999999999717,2.8600000000000145,0.02,0,Ratnagiri,Maharashtra
2023-03-14,0.2,0.23000000000005863,0.3199999999999716,3.0600000000000147,0.2,0,Ratnagiri,Maharashtra
2023-03-15,0.99,1.2000000000000586,1.2799999999999716,4.050000000000015,0.99,0,Ratnagiri,Maharashtra
2023-03-16,0.9,2.0900000000000585,2.1199999999999717,4.950000000000014,0.99,0,Ratnagiri,Maharashtra
2023-03-17,0.23,2.1200000000000587,2.3499999999999717,5.180000000000015,0.99,0,Ratnagiri,Maharashtra
2023-03-18,0.39,1.5200000000000586,2.739999999999972,5.540000000000014,0.9,0,Ratnagiri,Maharashtra
2023-03-19,0.03,0.6500000000000586,2.7499999999999716,5.520000000000015,0.39,0,Ratnagiri,Maharashtra
2023-03-20,0.0,0.42000000000005866,2.739999999999972,5.350000000000015,0.39,0,Ratnagiri,Maharashtra
2023-03-21,0.0,0.03000000000005862,2.5399999999999716,3.890000000000015,0.03,0,Ratnagiri,Maharashtra
2023-03-22,0.0,0.0,1.5499999999999716,2.8600000000000145,0.0,0,Ratnagiri,Maharashtra
2023-03-23,0.0,0.0,0.6499999999999716,2.8300000000000147,0.0,0,Ratnagiri,Maharashtra
2023-03-24,0.0,0.0,0.4199999999999716,2.7700000000000147,0.0,0,Ratnagiri,Maharashtra
2023-03-25,0.0,0.0,0.029999999999971577,2.7700000000000147,0.0,0,Ratnagiri,Maharashtra
2023-03-26,0.0,0.0,0.0,2.7700000000000147,0.0,0,Ratnagiri,Maharashtra
2023-03-27,0.0,0.0,0.0,2.7500000000000147,0.0,0,Ratnagiri,Maharashtra
2023-03-28,0.0,0.0,0.0,2.740000000000015,0.0,0,Ratnagiri,Maharashtra
2023-03-29,0.0,0.0,0.0,2.5400000000000147,0.0,0,Ratnagiri,Maharashtra
2023-03-30,0.0,0.0,0.0,1.5500000000000147,0.0,0,Ratnagiri,Maharashtra
2023-03-31,0.0,0.0,0.0,0.6500000000000147,0.0,0,Ratnagiri,Maharashtra
2023-04-01,0.0,0.0,0.0,0.4200000000000147,0.0,0,Ratnagiri,Maharashtra
2023-04-02,0.0,0.0,0.0,0.030000000000014654,0.0,0,Ratnagiri,Maharashtra
2023-04-03,0.0,0.0,0.0,0.0,0.0,0,Ratnagiri,Maharashtra
2023-04-04,0.06,0.06000000000005862,0.059999999999971576,0.06000000000001465,0.06,0,Ratnagiri,Maharashtra
2023-04-05,0.01,0.07000000000005861,0.06999999999997157,0.07000000000001465,0.06,0,Ratnagiri,Maharashtra
2023-04-06,0.13,0.20000000000005863,0.1999999999999716,0.20000000000001467,0.13,0,Ratnagiri,Maharashtra
2023-04-07,0.36,0.5000000000000586,0.5599999999999716,0.5600000000000147,0.36,0,Ratnagiri,Maharashtra
2023-04-08,4.51,5.000000000000059,5.069999999999972,5.0700000000000145,4.51,0,Ratnagiri,Maharashtra
2023-04-09,0.59,5.460000000000059,5.659999999999972,5.660000000000014,4.51,0,Ratnagiri,Maharashtra
2023-04-10,0.55,5.650000000000058,6.2099999999999715,6.210000000000014,4.51,0,Ratnagiri,Maharashtra
2023-04-11,0.21,1.3500000000000587,6.359999999999972,6.420000000000014,0.59,0,Ratnagiri,Maharashtra
2023-04-12,0.0,0.7600000000000586,6.349999999999971,6.420000000000014,0.55,0,Ratnagiri,Maharashtra
2023-04-13,0.28,0.4900000000000586,6.499999999999972,6.700000000000014,0.28,0,Ratnagiri,Maharashtra
2023-04-14,1.35,1.6300000000000587,7.489999999999972,8.050000000000015,1.35,0,Ratnagiri,Maharashtra
2023-04-15,0.54,2.1700000000000585,3.5199999999999725,8.590000000000014,1.35,0,Ratnagiri,Maharashtra
2023-04-16,0.37,2.260000000000059,3.2999999999999727,8.960000000000015,1.35,0,Ratnagiri,Maharashtra
2023-04-17,0.46,1.3700000000000587,3.2099999999999724,9.420000000000014,0.54,0,Ratnagiri,Maharashtra
2023-04-18,0.3,1.1300000000000585,3.2999999999999723,9.720000000000015,0.46,0,Ratnagiri,Maharashtra
2023-04-19,0.58,1.3400000000000585,3.8799999999999724,10.240000000000014,0.58,0,Ratnagiri,Maharashtra
2023-04-20,0.7,1.5800000000000587,4.299999999999972,10.930000000000014,0.7,0,Ratnagiri,Maharashtra
2023-04-21,0.0,1.2800000000000584,2.9499999999999726,10.800000000000015,0.7,0,Ratnagiri,Maharashtra
2023-04-22,0.0,0.7000000000000586,2.4099999999999726,10.440000000000014,0.7,0,Ratnagiri,Maharashtra
2023-04-23,0.0,0.0,2.0399999999999725,5.930000000000015,0.0,0,Ratnagiri,Maharashtra
2023-04-24,0.0,0.0,1.5799999999999723,5.340000000000015,0.0,0,Ratnagiri,Maharashtra
2023-04-25,0.0,0.0,1.2799999999999723,4.790000000000015,0.0,0,Ratnagiri,Maharashtra
2023-04-26,0.25,0.2500000000000586,0.9499999999999724,4.830000000000015,0.25,0,Ratnagiri,Maharashtra
2023-04-27,0.12,0.3700000000000586,0.36999999999997246,4.950000000000015,0.25,0,Ratnagiri,Maharashtra
2023-04-28,0.08,0.45000000000005863,0.4499999999999725,4.750000000000015,0.25,0,Ratnagiri,Maharashtra
2023-04-29,0.04,0.2400000000000586,0.48999999999997246,3.440000000000015,0.12,0,Ratnagiri,Maharashtra
2023-04-30,0.0,0.12000000000005862,0.48999999999997246,2.900000000000015,0.08,0,Ratnagiri,Maharashtra
2023-05-01,0.0,0.04000000000005862,0.48999999999997246,2.530000000000015,0.04,0,Ratnagiri,Maharashtra
2023-05-02,0.01,0.01000000000005862,0.49999999999997247,2.0800000000000147,0.01,0,Ratnagiri,Maharashtra
2023-05-03,0.13,0.14000000000005863,0.37999999999997247,1.9100000000000152,0.13,0,Ratnagiri,Maharashtra
2023-05-04,0.01,0.15000000000005864,0.2699999999999725,1.340000000000015,0.13,0,Ratnagiri,Maharashtra
2023-05-05,0.0,0.14000000000005863,0.18999999999997247,0.6400000000000151,0.13,0,Ratnagiri,Maharashtra
2023-05-06,0.0,0.01000000000005862,0.1499999999999725,0.6400000000000151,0.01,0,Ratnagiri,Maharashtra
2023-05-07,0.14,0.14000000000005863,0.2899999999999725,0.7800000000000151,0.14,0,Ratnagiri,Maharashtra
2023-05-08,3.81,3.950000000000059,4.099999999999973,4.590000000000015,3.81,0,Ratnagiri,Maharashtra
2023-05-09,1.88,5.830000000000059,5.969999999999972,6.470000000000015,3.81,0,Ratnagiri,Maharashtra
2023-05-10,2.5,8.190000000000058,8.339999999999973,8.970000000000015,3.81,0,Ratnagiri,Maharashtra
2023-05-11,0.24,4.620000000000059,8.569999999999974,8.960000000000015,2.5,0,Ratnagiri,Maharashtra
2023-05-12,0.2,2.9400000000000586,8.769999999999973,9.040000000000017,2.5,0,Ratnagiri,Maharashtra
2023-05-13,0.14,0.5800000000000587,8.909999999999973,9.100000000000016,0.24,0,Ratnagiri,Maharashtra
2023-05-14,0.09,0.43000000000005867,8.859999999999973,9.150000000000015,0.2,0,Ratnagiri,Maharashtra
2023-05-15,0.05,0.28000000000005865,5.099999999999972,9.200000000000015,0.14,0,Ratnagiri,Maharashtra
2023-05-16,0.0,0.14000000000005863,3.2199999999999727,9.200000000000015,0.09,0,Ratnagiri,Maharashtra
2023-05-17,0.0,0.05000000000005862,0.7199999999999724,9.190000000000015,0.05,0,Ratnagiri,Maharashtra
2023-05-18,0.0,0.0,0.4799999999999725,9.060000000000015,0.0,0,Ratnagiri,Maharashtra
2023-05-19,0.0,0.0,0.2799999999999725,9.050000000000015,0.0,0,Ratnagiri,Maharashtra
2023-05-20,0.01,0.01000000000005862,0.14999999999997246,9.060000000000015,0.01,0,Ratnagiri,Maharashtra
2023-05-21,0.66,0.6700000000000587,0.7199999999999724,9.720000000000015,0.66,0,Ratnagiri,Maharashtra
2023-05-22,1.77,2.4400000000000586,2.4399999999999724,11.350000000000016,1.77,0,Ratnagiri,Maharashtra
2023-05-23,0.38,2.8100000000000587,2.8199999999999723,7.920000000000016,1.77,0,Ratnagiri,Maharashtra
2023-05-24,0.21,2.3600000000000585,3.0299999999999723,6.250000000000016,1.77,0,Ratnagiri,Maharashtra
2023-05-25,0.47,1.0600000000000587,3.4999999999999725,4.220000000000016,0.47,0,Ratnagiri,Maharashtra
2023-05-26,0.75,1.4300000000000586,4.2499999999999725,4.7300000000000155,0.75,0,Ratnagiri,Maharashtra
2023-05-27,0.1,1.3200000000000587,4.339999999999972,4.630000000000015,0.75,0,Ratnagiri,Maharashtra
2023-05-28,0.22,1.0700000000000587,3.8999999999999724,4.710000000000016,0.75,0,Ratnagiri,Maharashtra
2023-05-29,0.58,0.9000000000000585,2.7099999999999724,5.200000000000015,0.58,0,Ratnagiri,Maharashtra
2023-05-30,1.08,1.8800000000000585,3.4099999999999726,6.230000000000016,1.08,0,Ratnagiri,Maharashtra
2023-05-31,2.1,3.7600000000000584,5.299999999999972,8.330000000000016,2.1,0,Ratnagiri,Maharashtra
2023-06-01,2.55,5.730000000000059,7.379999999999972,10.880000000000017,2.55,1,Ratnagiri,Maharashtra
2023-06-02,0.37,5.020000000000058,6.9999999999999725,11.250000000000016,2.55,1,Ratnagiri,Maharashtra
2023-06-03,1.02,3.9400000000000586,7.919999999999972,12.270000000000016,2.55,1,Ratnagiri,Maharashtra
2023-06-04,2.29,3.680000000000059,9.989999999999974,14.550000000000017,2.29,1,Ratnagiri,Maharashtra
2023-06-05,0.86,4.1700000000000585,10.269999999999973,14.750000000000016,2.29,1,Ratnagiri,Maharashtra
2023-06-06,0.11,3.260000000000059,9.299999999999972,13.090000000000014,2.29,1,Ratnagiri,Maharashtra
2023-06-07,0.18,1.1500000000000585,7.379999999999973,12.890000000000017,0.86,1,Ratnagiri,Maharashtra
2023-06-08,0.66,0.9500000000000587,5.489999999999974,13.340000000000014,0.66,1,Ratnagiri,Maharashtra
2023-06-09,1.12,1.9600000000000588,6.239999999999974,13.990000000000016,1.12,1,Ratnagiri,Maharashtra
2023-06-10,6.43,8.210000000000058,11.649999999999974,19.670000000000016,6.43,1,Ratnagiri,Maharashtra
2023-06-11,4.73,12.280000000000058,14.089999999999975,24.300000000000015,6.43,1,Ratnagiri,Maharashtra
2023-06-12,5.66,16.820000000000057,18.889999999999972,29.740000000000016,6.43,1,Ratnagiri,Maharashtra
2023-06-13,2.53,12.920000000000059,21.309999999999974,31.69000000000002,5.66,1,Ratnagiri,Maharashtra
2023-06-14,8.65,16.84000000000006,29.779999999999973,39.26000000000002,8.65,1,Ratnagiri,Maharashtra
2023-06-15,3.12,14.300000000000058,32.239999999999974,40.280000000000015,8.65,1,Ratnagiri,Maharashtra
2023-06-16,3.0,14.77000000000006,34.119999999999976,40.73000000000002,8.65,1,Ratnagiri,Maharashtra
2023-06-17,2.2,8.320000000000059,29.889999999999972,42.56000000000002,3.12,1,Ratnagiri,Maharashtra
2023-06-18,2.95,8.150000000000059,28.109999999999975,44.490000000000016,3.0,1,Ratnagiri,Maharashtra
2023-06-19,1.34,6.490000000000059,23.789999999999974,43.54000000000002,2.95,1,Ratnagiri,Maharashtra
2023-06-20,1.29,5.580000000000059,22.549999999999972,43.97000000000002,2.95,1,Ratnagiri,Maharashtra
2023-06-21,5.76,8.390000000000057,19.659999999999975,49.62000000000002,5.76,1,Ratnagiri,Maharashtra
2023-06-22,11.13,18.18000000000006,27.669999999999973,60.57000000000002,11.13,1,Ratnagiri,Maharashtra
2023-06-23,6.45,23.34000000000006,31.119999999999973,66.36000000000001,11.13,1,Ratnagiri,Maharashtra
2023-06-24,24.24,41.82000000000006,53.15999999999997,89.48000000000002,24.24,1,Ratnagiri,Maharashtra
2023-06-25,35.45,66.14000000000006,85.65999999999997,118.50000000000003,35.45,1,Ratnagiri,Maharashtra
2023-06-26,66.53,126.22000000000006,150.84999999999997,180.3,66.53,1,Ratnagiri,Maharashtra
2023-06-27,34.46,136.44000000000005,184.01999999999998,209.10000000000002,66.53,1,Ratnagiri,Maharashtra
2023-06-28,18.26,119.25000000000006,196.51999999999998,224.83000000000004,66.53,1,Ratnagiri,Maharashtra
2023-06-29,27.29,80.01000000000006,212.67999999999995,243.47000000000003,34.46,1,Ratnagiri,Maharashtra
2023-06-30,19.8,65.35000000000005,226.02999999999997,260.15000000000003,27.29,1,Ratnagiri,Maharashtra
2023-07-01,11.33,58.42000000000005,213.11999999999998,268.48,27.29,1,Ratnagiri,Maharashtra
2023-07-02,15.27,46.400000000000055,192.93999999999997,281.55,19.8,1,Ratnagiri,Maharashtra
2023-07-03,26.27,52.87000000000006,152.67999999999998,304.87000000000006,26.27,1,Ratnagiri,Maharashtra
2023-07-04,24.45,65.99000000000007,142.66999999999996,327.98,26.27,1,Ratnagiri,Maharashtra
2023-07-05,35.45,86.17000000000006,159.85999999999996,362.14000000000004,35.45,1,Ratnagiri,Maharashtra
2023-07-06,49.79,109.69000000000005,182.35999999999999,406.1700000000001,49.79,1,Ratnagiri,Maharashtra
2023-07-07,58.98,144.22000000000006,221.53999999999996,454.02,58.98,1,Ratnagiri,Maharashtra
2023-07-08,20.19,128.96000000000006,230.39999999999995,467.76,58.98,1,Ratnagiri,Maharashtra
2023-07-09,4.38,83.55000000000007,219.50999999999996,447.9,58.98,1,Ratnagiri,Maharashtra
2023-07-10,4.32,28.890000000000057,197.55999999999997,416.77000000000004,20.19,1,Ratnagiri,Maharashtra
2023-07-11,4.14,12.840000000000057,177.24999999999997,354.38000000000005,4.38,1,Ratnagiri,Maharashtra
2023-07-12,9.81,18.27000000000006,151.60999999999996,329.73,9.81,1,Ratnagiri,Maharashtra
2023-07-13,28.12,42.07000000000006,129.93999999999997,339.59000000000003,28.12,1,Ratnagiri,Maharashtra
2023-07-14,45.8,83.73000000000005,116.75999999999996,358.1,45.8,1,Ratnagiri,Maharashtra
2023-07-15,5.03,78.95000000000005,101.59999999999997,343.33000000000004,45.8,1,Ratnagiri,Maharashtra
2023-07-16,6.3,57.13000000000005,103.51999999999997,338.3,45.8,1,Ratnagiri,Maharashtra
2023-07-17,19.52,30.85000000000006,118.71999999999997,342.55,19.52,1,Ratnagiri,Maharashtra
2023-07-18,48.51,74.33000000000006,163.08999999999997,364.79,48.51,1,Ratnagiri,Maharashtra
2023-07-19,54.23,122.26000000000005,207.50999999999996,394.57000000000005,54.23,1,Ratnagiri,Maharashtra
2023-07-20,55.18,157.92000000000004,234.56999999999996,414.3,55.18,1,Ratnagiri,Maharashtra
2023-07-21,50.29,159.70000000000005,239.05999999999997,414.8,55.18,1,Ratnagiri,Maharashtra
2023-07-22,33.02,138.49000000000007,267.04999999999995,388.84000000000003,55.18,1,Ratnagiri,Maharashtra
2023-07-23,46.17,129.48000000000008,306.91999999999996,414.82,50.29,1,Ratnagiri,Maharashtra
2023-07-24,39.08,118.27000000000007,326.47999999999996,449.52000000000004,46.17,1,Ratnagiri,Maharashtra
2023-07-25,20.55,105.80000000000005,298.52,465.75,46.17,1,Ratnagiri,Maharashtra
2023-07-26,58.22,117.85000000000005,302.51,519.83,58.22,1,Ratnagiri,Maharashtra
2023-07-27,36.37,115.14000000000004,283.7,546.39,58.22,1,Ratnagiri,Maharashtra
2023-07-28,28.11,122.70000000000005,261.52,546.38,58.22,1,Ratnagiri,Maharashtra
2023-07-29,11.46,75.94000000000005,239.95999999999998,512.04,36.37,1,Ratnagiri,Maharashtra
2023-07-30,9.21,48.78000000000006,202.99999999999997,516.22,28.11,1,Ratnagiri,Maharashtra
2023-07-31,9.9,30.570000000000057,173.81999999999996,519.82,11.46,1,Ratnagiri,Maharashtra
2023-08-01,9.15,28.26000000000006,162.42,509.45000000000005,9.9,1,Ratnagiri,Maharashtra
2023-08-02,5.19,24.24000000000006,109.38999999999997,466.13,9.9,1,Ratnagiri,Maharashtra
2023-08-03,5.61,19.95000000000006,78.62999999999998,417.51000000000005,9.15,1,Ratnagiri,Maharashtra
2023-08-04,4.69,15.490000000000059,55.20999999999997,367.02000000000004,5.61,1,Ratnagiri,Maharashtra
2023-08-05,3.41,13.710000000000058,47.159999999999975,320.14000000000004,5.61,1,Ratnagiri,Maharashtra
2023-08-06,5.15,13.250000000000057,43.09999999999997,292.27000000000004,5.15,1,Ratnagiri,Maharashtra
2023-08-07,2.48,11.040000000000056,35.67999999999998,248.58,5.15,1,Ratnagiri,Maharashtra
2023-08-08,2.69,10.320000000000057,29.219999999999974,212.19000000000003,5.15,1,Ratnagiri,Maharashtra
2023-08-09,3.06,8.230000000000057,27.08999999999997,194.70000000000002,3.06,1,Ratnagiri,Maharashtra
2023-08-10,1.32,7.070000000000056,22.799999999999972,137.80000000000004,3.06,1,Ratnagiri,Maharashtra
2023-08-11,0.49,4.870000000000057,18.599999999999973,101.92000000000003,3.06,1,Ratnagiri,Maharashtra
2023-08-12,0.95,2.7600000000000566,16.139999999999972,74.76000000000002,1.32,1,Ratnagiri,Maharashtra
2023-08-13,0.93,2.370000000000057,11.919999999999973,64.23000000000003,0.95,1,Ratnagiri,Maharashtra
2023-08-14,0.66,2.540000000000057,10.099999999999973,55.68000000000003,0.95,1,Ratnagiri,Maharashtra
2023-08-15,1.72,3.310000000000057,9.129999999999972,47.500000000000036,1.72,1,Ratnagiri,Maharashtra
2023-08-16,1.61,3.990000000000057,7.679999999999971,39.960000000000036,1.72,1,Ratnagiri,Maharashtra
2023-08-17,2.01,5.340000000000057,8.369999999999973,36.78000000000003,2.01,1,Ratnagiri,Maharashtra
2023-08-18,2.26,5.880000000000057,10.139999999999972,33.43000000000003,2.26,1,Ratnagiri,Maharashtra
2023-08-19,3.43,7.700000000000056,12.619999999999973,32.17000000000003,3.43,1,Ratnagiri,Maharashtra
2023-08-20,3.09,8.780000000000056,14.779999999999971,31.850000000000026,3.43,1,Ratnagiri,Maharashtra
2023-08-21,1.36,7.880000000000057,15.479999999999972,28.06000000000003,3.43,1,Ratnagiri,Maharashtra
2023-08-22,0.74,5.190000000000056,14.499999999999972,26.32000000000003,3.09,1,Ratnagiri,Maharashtra
2023-08-23,0.8,2.900000000000057,13.689999999999973,24.430000000000028,1.36,1,Ratnagiri,Maharashtra
2023-08-24,8.35,9.890000000000057,20.029999999999973,29.720000000000027,8.35,1,Ratnagiri,Maharashtra
2023-08-25,12.72,21.870000000000058,30.489999999999974,41.12000000000003,12.72,1,Ratnagiri,Maharashtra
2023-08-26,3.42,24.49000000000006,30.479999999999976,44.050000000000026,12.72,1,Ratnagiri,Maharashtra
2023-08-27,2.29,18.43000000000006,29.679999999999975,45.39000000000003,12.72,1,Ratnagiri,Maharashtra
2023-08-28,7.74,13.45000000000006,36.059999999999974,52.20000000000003,7.74,1,Ratnagiri,Maharashtra
2023-08-29,3.52,13.55000000000006,38.839999999999975,55.06000000000003,7.74,1,Ratnagiri,Maharashtra
2023-08-30,0.77,12.030000000000058,38.809999999999974,54.11000000000003,7.74,1,Ratnagiri,Maharashtra
2023-08-31,0.34,4.6300000000000585,30.799999999999972,52.84000000000003,3.52,1,Ratnagiri,Maharashtra
2023-09-01,1.36,2.470000000000059,19.439999999999973,52.19000000000003,1.36,1,Ratnagiri,Maharashtra
2023-09-02,6.08,7.780000000000059,22.099999999999973,56.010000000000026,6.08,1,Ratnagiri,Maharashtra
2023-09-03,0.96,8.400000000000059,20.76999999999997,53.54000000000003,6.08,1,Ratnagiri,Maharashtra
2023-09-04,0.97,8.010000000000058,13.999999999999973,51.42000000000003,6.08,1,Ratnagiri,Maharashtra
2023-09-05,0.79,2.7200000000000584,11.269999999999971,50.85000000000003,0.97,1,Ratnagiri,Maharashtra
2023-09-06,0.32,2.0800000000000587,10.819999999999972,50.43000000000003,0.97,1,Ratnagiri,Maharashtra
2023-09-07,2.23,3.3400000000000585,12.709999999999972,51.860000000000035,2.23,1,Ratnagiri,Maharashtra
2023-09-08,8.29,10.840000000000057,19.639999999999972,51.80000000000003,8.29,1,Ratnagiri,Maharashtra
2023-09-09,27.64,38.16000000000005,41.199999999999974,66.72000000000003,27.64,1,Ratnagiri,Maharashtra
2023-09-10,7.73,43.66000000000006,47.96999999999997,71.03000000000003,27.64,1,Ratnagiri,Maharashtra
2023-09-11,3.25,38.62000000000006,50.24999999999997,71.99000000000002,27.64,1,Ratnagiri,Maharashtra
2023-09-12,3.21,14.190000000000058,52.66999999999997,67.46000000000004,7.73,1,Ratnagiri,Maharashtra
2023-09-13,1.61,8.070000000000057,53.95999999999997,65.55000000000003,3.25,1,Ratnagiri,Maharashtra
2023-09-14,1.35,6.170000000000057,53.07999999999998,66.13000000000004,3.21,1,Ratnagiri,Maharashtra
2023-09-15,1.17,4.130000000000057,45.95999999999998,66.96000000000004,1.61,1,Ratnagiri,Maharashtra
2023-09-16,3.12,5.6400000000000565,21.439999999999973,68.72000000000003,3.12,1,Ratnagiri,Maharashtra
2023-09-17,3.08,7.370000000000057,16.78999999999997,65.72000000000003,3.12,1,Ratnagiri,Maharashtra
2023-09-18,5.35,11.550000000000058,18.889999999999972,70.11000000000003,5.35,1,Ratnagiri,Maharashtra
2023-09-19,7.24,15.670000000000055,22.91999999999997,76.38000000000002,7.24,1,Ratnagiri,Maharashtra
2023-09-20,6.52,19.110000000000056,27.82999999999997,82.11000000000003,7.24,1,Ratnagiri,Maharashtra
2023-09-21,13.4,27.160000000000057,39.87999999999997,95.19000000000003,13.4,1,Ratnagiri,Maharashtra
2023-09-22,7.66,27.58000000000006,46.36999999999997,100.62000000000003,13.4,1,Ratnagiri,Maharashtra
2023-09-23,6.43,27.49000000000006,49.67999999999997,98.76000000000003,13.4,1,Ratnagiri,Maharashtra
2023-09-24,6.65,20.74000000000006,53.24999999999997,77.77000000000002,7.66,1,Ratnagiri,Maharashtra
2023-09-25,6.72,19.800000000000058,54.61999999999997,76.76000000000002,6.72,1,Ratnagiri,Maharashtra
2023-09-26,3.21,16.580000000000055,50.58999999999997,76.72000000000003,6.72,1,Ratnagiri,Maharashtra
2023-09-27,11.14,21.070000000000057,55.20999999999997,84.65000000000003,11.14,1,Ratnagiri,Maharashtra
2023-09-28,75.71,90.06000000000006,117.51999999999997,158.75000000000003,75.71,1,Ratnagiri,Maharashtra
2023-09-29,70.24,157.09000000000003,180.09999999999997,227.64000000000004,75.71,1,Ratnagiri,Maharashtra
2023-09-30,64.94,210.89000000000004,238.60999999999996,291.41,75.71,1,Ratnagiri,Maharashtra
2023-10-01,24.45,159.63000000000002,256.40999999999997,312.74,70.24,0,Ratnagiri,Maharashtra
2023-10-02,1.75,91.14000000000004,251.43999999999997,311.41,64.94,0,Ratnagiri,Maharashtra
2023-10-03,0.21,26.410000000000043,248.43999999999997,306.27,24.45,0,Ratnagiri,Maharashtra
2023-10-04,0.91,2.8700000000000427,238.20999999999995,299.94,1.75,0,Ratnagiri,Maharashtra
2023-10-05,0.44,1.5600000000000427,162.93999999999997,293.86,0.91,0,Ratnagiri,Maharashtra
2023-10-06,0.06,1.4100000000000428,92.75999999999996,280.52000000000004,0.91,0,Ratnagiri,Maharashtra
2023-10-07,0.11,0.6100000000000426,27.92999999999997,272.97,0.44,0,Ratnagiri,Maharashtra
2023-10-08,0.11,0.28000000000004266,3.5899999999999714,266.65,0.11,0,Ratnagiri,Maharashtra
2023-10-09,0.1,0.32000000000004264,1.9399999999999715,260.1,0.11,0,Ratnagiri,Maharashtra
2023-10-10,0.03,0.24000000000004265,1.7599999999999716,253.41000000000003,0.11,0,Ratnagiri,Maharashtra
2023-10-11,0.01,0.14000000000004265,0.8599999999999716,250.21,0.1,0,Ratnagiri,Maharashtra
2023-10-12,0.02,0.06000000000004263,0.4399999999999716,239.09000000000003,0.03,0,Ratnagiri,Maharashtra
2023-10-13,0.16,0.19000000000004263,0.5399999999999716,163.54000000000002,0.16,0,Ratnagiri,Maharashtra
2023-10-14,0.09,0.27000000000004265,0.5199999999999716,93.39000000000003,0.16,0,Ratnagiri,Maharashtra
2023-10-15,0.79,1.0400000000000427,1.1999999999999718,29.240000000000027,0.79,0,Ratnagiri,Maharashtra
2023-10-16,1.54,2.4200000000000426,2.6399999999999717,6.3300000000000285,1.54,0,Ratnagiri,Maharashtra
2023-10-17,1.01,3.340000000000043,3.6199999999999717,5.590000000000028,1.54,0,Ratnagiri,Maharashtra
2023-10-18,0.37,2.9200000000000426,3.9799999999999716,5.750000000000028,1.54,0,Ratnagiri,Maharashtra
2023-10-19,0.07,1.4500000000000426,4.029999999999972,4.910000000000029,1.01,0,Ratnagiri,Maharashtra
2023-10-20,0.11,0.5500000000000427,3.979999999999972,4.5800000000000285,0.37,0,Ratnagiri,Maharashtra
2023-10-21,0.11,0.29000000000004267,3.9999999999999716,4.630000000000028,0.11,0,Ratnagiri,Maharashtra
2023-10-22,0.11,0.33,3.3199999999999714,4.630000000000028,0.11,0,Ratnagiri,Maharashtra
2023-10-23,0.01,0.23000000000004264,1.7899999999999716,4.530000000000029,0.11,0,Ratnagiri,Maharashtra
2023-10-24,0.0,0.12000000000004263,0.7799999999999716,4.430000000000028,0.11,0,Ratnagiri,Maharashtra
2023-10-25,0.0,0.010000000000042633,0.4099999999999716,4.400000000000029,0.01,0,Ratnagiri,Maharashtra
2023-10-26,0.0,0.0,0.3399999999999716,4.390000000000028,0.0,0,Ratnagiri,Maharashtra
2023-10-27,0.0,0.0,0.2299999999999716,4.3700000000000285,0.0,0,Ratnagiri,Maharashtra
2023-10-28,0.0,0.0,0.11999999999997157,4.210000000000028,0.0,0,Ratnagiri,Maharashtra
2023-10-29,0.0,0.0,0.009999999999971578,4.1200000000000285,0.0,0,Ratnagiri,Maharashtra
2023-10-30,0.05,0.050000000000042635,0.04999999999997158,3.3800000000000283,0.05,0,Ratnagiri,Maharashtra
2023-10-31,0.4,0.45000000000004264,0.4499999999999716,2.2400000000000286,0.4,0,Ratnagiri,Maharashtra
2023-11-01,0.16,0.6100000000000426,0.6099999999999716,1.3900000000000285,0.4,0,Ratnagiri,Maharashtra
2023-11-02,0.02,0.5800000000000426,0.6299999999999716,1.0400000000000285,0.4,0,Ratnagiri,Maharashtra
2023-11-03,0.04,0.22000000000004263,0.6699999999999716,1.0100000000000284,0.16,0,Ratnagiri,Maharashtra
2023-11-04,0.36,0.4200000000000426,1.0299999999999716,1.2600000000000284,0.36,0,Ratnagiri,Maharashtra
2023-11-05,0.76,1.1600000000000426,1.7899999999999716,1.9100000000000286,0.76,0,Ratnagiri,Maharashtra
2023-11-06,0.05,1.1700000000000426,1.7899999999999716,1.8500000000000285,0.76,0,Ratnagiri,Maharashtra
2023-11-07,2.11,2.9200000000000426,3.4999999999999716,3.9500000000000286,2.11,0,Ratnagiri,Maharashtra
2023-11-08,8.43,10.590000000000042,11.769999999999971,12.380000000000027,8.43,0,Ratnagiri,Maharashtra
2023-11-09,6.38,16.92000000000004,18.12999999999997,18.760000000000026,8.43,0,Ratnagiri,Maharashtra
2023-11-10,6.59,21.40000000000004,24.67999999999997,25.350000000000026,8.43,0,Ratnagiri,Maharashtra
2023-11-11,2.52,15.490000000000043,26.83999999999997,27.870000000000026,6.59,0,Ratnagiri,Maharashtra
2023-11-12,0.07,9.180000000000042,26.14999999999997,27.940000000000026,6.59,0,Ratnagiri,Maharashtra
2023-11-13,0.02,2.6100000000000425,26.11999999999997,27.960000000000026,2.52,0,Ratnagiri,Maharashtra
2023-11-14,0.01,0.10000000000004264,24.01999999999997,27.920000000000027,0.07,0,Ratnagiri,Maharashtra
2023-11-15,0.0,0.03000000000004263,15.589999999999971,27.520000000000028,0.02,0,Ratnagiri,Maharashtra
2023-11-16,0.0,0.010000000000042633,9.209999999999972,27.360000000000028,0.01,0,Ratnagiri,Maharashtra
2023-11-17,0.0,0.0,2.6199999999999717,27.34000000000003,0.0,0,Ratnagiri,Maharashtra
2023-11-18,0.0,0.0,0.09999999999997158,27.300000000000026,0.0,0,Ratnagiri,Maharashtra
2023-11-19,0.0,0.0,0.029999999999971577,26.940000000000026,0.0,0,Ratnagiri,Maharashtra
2023-11-20,0.01,0.010000000000042633,0.01999999999997158,26.19000000000003,0.01,0,Ratnagiri,Maharashtra
2023-11-21,0.01,0.020000000000042633,0.01999999999997158,26.150000000000027,0.01,0,Ratnagiri,Maharashtra
2023-11-22,0.0,0.020000000000042633,0.01999999999997158,24.040000000000028,0.01,0,Ratnagiri,Maharashtra
2023-11-23,0.01,0.020000000000042633,0.029999999999971577,15.620000000000028,0.01,0,Ratnagiri,Maharashtra
2023-11-24,0.32,0.33000000000004265,0.34999999999997156,9.560000000000027,0.32,0,Ratnagiri,Maharashtra
2023-11-25,2.23,2.5600000000000427,2.5799999999999716,5.200000000000029,2.23,0,Ratnagiri,Maharashtra
2023-11-26,3.25,5.800000000000043,5.829999999999972,5.930000000000028,3.25,0,Ratnagiri,Maharashtra
2023-11-27,3.52,9.000000000000043,9.339999999999971,9.380000000000027,3.52,0,Ratnagiri,Maharashtra
2023-11-28,3.47,10.240000000000043,12.799999999999972,12.830000000000028,3.52,0,Ratnagiri,Maharashtra
2023-11-29,0.91,7.900000000000042,13.709999999999972,13.730000000000029,3.52,0,Ratnagiri,Maharashtra
2023-11-30,0.24,4.620000000000043,13.939999999999973,13.970000000000029,3.47,0,Ratnagiri,Maharashtra
2023-12-01,0.35,1.5000000000000426,13.969999999999972,14.320000000000029,0.91,0,Ratnagiri,Maharashtra
2023-12-02,0.05,0.6400000000000426,11.789999999999973,14.37000000000003,0.35,0,Ratnagiri,Maharashtra
2023-12-03,0.01,0.4100000000000426,8.549999999999972,14.38000000000003,0.35,0,Ratnagiri,Maharashtra
2023-12-04,0.05,0.11000000000004265,5.0799999999999725,14.43000000000003,0.05,0,Ratnagiri,Maharashtra
2023-12-05,0.0,0.06000000000004264,1.6099999999999717,14.42000000000003,0.05,0,Ratnagiri,Maharashtra
2023-12-06,0.0,0.050000000000042635,0.6999999999999715,14.41000000000003,0.05,0,Ratnagiri,Maharashtra
2023-12-07,0.01,0.010000000000042633,0.46999999999997155,14.42000000000003,0.01,0,Ratnagiri,Maharashtra
2023-12-08,0.04,0.050000000000042635,0.15999999999997158,14.450000000000028,0.04,0,Ratnagiri,Maharashtra
2023-12-09,0.0,0.050000000000042635,0.10999999999997159,14.13000000000003,0.04,0,Ratnagiri,Maharashtra
2023-12-10,0.02,0.06000000000004263,0.11999999999997159,11.920000000000028,0.04,0,Ratnagiri,Maharashtra
2023-12-11,0.01,0.03000000000004263,0.0799999999999716,8.68000000000003,0.02,0,Ratnagiri,Maharashtra
2023-12-12,0.0,0.03000000000004263,0.0799999999999716,5.160000000000029,0.02,0,Ratnagiri,Maharashtra
2023-12-13,0.0,0.010000000000042633,0.0799999999999716,1.6900000000000284,0.01,0,Ratnagiri,Maharashtra
2023-12-14,0.0,0.0,0.06999999999997158,0.7800000000000284,0.0,0,Ratnagiri,Maharashtra
2023-12-15,0.0,0.0,0.029999999999971577,0.5400000000000285,0.0,0,Ratnagiri,Maharashtra
2023-12-16,0.0,0.0,0.029999999999971577,0.19000000000002842,0.0,0,Ratnagiri,Maharashtra
2023-12-17,0.57,0.5700000000000426,0.5799999999999715,0.7100000000000284,0.57,0,Ratnagiri,Maharashtra
2023-12-18,0.2,0.7700000000000427,0.7699999999999716,0.9000000000000283,0.57,0,Ratnagiri,Maharashtra
2023-12-19,0.01,0.7800000000000425,0.7799999999999715,0.8600000000000283,0.57,0,Ratnagiri,Maharashtra
2023-12-20,0.0,0.21000000000004265,0.7799999999999715,0.8600000000000283,0.2,0,Ratnagiri,Maharashtra
2023-12-21,0.05,0.06000000000004264,0.8299999999999715,0.9100000000000283,0.05,0,Ratnagiri,Maharashtra
2023-12-22,0.0,0.050000000000042635,0.8299999999999715,0.9000000000000283,0.05,0,Ratnagiri,Maharashtra
2023-12-23,0.0,0.050000000000042635,0.8299999999999715,0.8600000000000284,0.05,0,Ratnagiri,Maharashtra
2023-12-24,0.0,0.0,0.2599999999999716,0.8600000000000284,0.0,0,Ratnagiri,Maharashtra
2023-12-25,0.0,0.0,0.05999999999997158,0.8400000000000284,0.0,0,Ratnagiri,Maharashtra
2023-12-26,0.0,0.0,0.04999999999997158,0.8300000000000284,0.0,0,Ratnagiri,Maharashtra
2023-12-27,0.0,0.0,0.04999999999997158,0.8300000000000284,0.0,0,Ratnagiri,Maharashtra
2023-12-28,0.0,0.0,0.0,0.8300000000000284,0.0,0,Ratnagiri,Maharashtra
2023-12-29,0.0,0.0,0.0,0.8300000000000284,0.0,0,Ratnagiri,Maharashtra
2023-12-30,0.0,0.0,0.0,0.8300000000000284,0.0,0,Ratnagiri,Maharashtra
2023-12-31,0.0,0.0,0.0,0.8300000000000284,0.0,0,Ratnagiri,Maharashtra
2024-01-01,0.01,0.010000000000042633,0.009999999999971578,0.27000000000002844,0.01,0,Ratnagiri,Maharashtra
2024-01-02,0.0,0.010000000000042633,0.009999999999971578,0.07000000000002843,0.01,0,Ratnagiri,Maharashtra
2024-01-03,0.0,0.010000000000042633,0.009999999999971578,0.060000000000028426,0.01,0,Ratnagiri,Maharashtra
2024-01-04,0.0,0.0,0.009999999999971578,0.060000000000028426,0.0,0,Ratnagiri,Maharashtra
2024-01-05,0.0,0.0,0.009999999999971578,0.010000000000028422,0.0,0,Ratnagiri,Maharashtra
2024-01-06,0.05,0.050000000000042635,0.05999999999997158,0.060000000000028426,0.05,0,Ratnagiri,Maharashtra
2024-01-07,0.3,0.3500000000000426,0.35999999999997156,0.3600000000000284,0.3,0,Ratnagiri,Maharashtra
2024-01-08,1.89,2.2400000000000424,2.2399999999999713,2.2500000000000284,1.89,0,Ratnagiri,Maharashtra
2024-01-09,3.8,5.990000000000043,6.039999999999971,6.050000000000028,3.8,0,Ratnagiri,Maharashtra
2024-01-10,0.51,6.200000000000043,6.549999999999971,6.560000000000028,3.8,0,Ratnagiri,Maharashtra
2024-01-11,0.01,4.320000000000043,6.559999999999971,6.570000000000028,3.8,0,Ratnagiri,Maharashtra
2024-01-12,0.0,0.5200000000000427,6.559999999999971,6.570000000000028,0.51,0,Ratnagiri,Maharashtra
2024-01-13,0.0,0.010000000000042633,6.509999999999971,6.570000000000028,0.01,0,Ratnagiri,Maharashtra
2024-01-14,0.0,0.0,6.2099999999999715,6.570000000000028,0.0,0,Ratnagiri,Maharashtra
2024-01-15,0.0,0.0,4.319999999999972,6.570000000000028,0.0,0,Ratnagiri,Maharashtra
2024-01-16,0.0,0.0,0.5199999999999716,6.560000000000028,0.0,0,Ratnagiri,Maharashtra
2024-01-17,0.0,0.0,0.009999999999971578,6.560000000000028,0.0,0,Ratnagiri,Maharashtra
2024-01-18,0.0,0.0,0.0,6.560000000000028,0.0,0,Ratnagiri,Maharashtra
2024-01-19,0.0,0.0,0.0,6.560000000000028,0.0,0,Ratnagiri,Maharashtra
2024-01-20,0.0,0.0,0.0,6.560000000000028,0.0,0,Ratnagiri,Maharashtra
2024-01-21,0.0,0.0,0.0,6.510000000000028,0.0,0,Ratnagiri,Maharashtra
2024-01-22,0.0,0.0,0.0,6.2100000000000275,0.0,0,Ratnagiri,Maharashtra
2024-01-23,0.0,0.0,0.0,4.320000000000028,0.0,0,Ratnagiri,Maharashtra
2024-01-24,0.0,0.0,0.0,0.5200000000000284,0.0,0,Ratnagiri,Maharashtra
2024-01-25,0.0,0.0,0.0,0.010000000000028422,0.0,0,Ratnagiri,Maharashtra
2024-01-26,0.0,0.0,0.0,0.0,0.0,0,Ratnagiri,Maharashtra
2024-01-27,0.0,0.0,0.0,0.0,0.0,0,Ratnagiri,Maharashtra
2024-01-28,0.0,0.0,0.0,0.0,0.0,0,Ratnagiri,Maharashtra
2024-01-29,0.0,0.0,0.0,0.0,0.0,0,Ratnagiri,Maharashtra
2024-01-30,0.0,0.0,0.0,0.0,0.0,0,Ratnagiri,Maharashtra
2024-01-31,0.0,0.0,0.0,0.0,0.0,0,Ratnagiri,Maharashtra
2024-02-01,0.0,0.0,0.0,0.0,0.0,0,Ratnagiri,Maharashtra
2024-02-02,0.0,0.0,0.0,0.0,0.0,0,Ratnagiri,Maharashtra
2024-02-03,0.0,0.0,0.0,0.0,0.0,0,Ratnagiri,Maharashtra
2024-02-04,0.0,0.0,0.0,0.0,0.0,0,Ratnagiri,Maharashtra
2024-02-05,0.0,0.0,0.0,0.0,0.0,0,Ratnagiri,Maharashtra
2024-02-06,0.0,0.0,0.0,0.0,0.0,0,Ratnagiri,Maharashtra
2024-02-07,0.0,0.0,0.0,0.0,0.0,0,Ratnagiri,Maharashtra
2024-02-08,0.0,0.0,0.0,0.0,0.0,0,Ratnagiri,Maharashtra
2024-02-09,0.0,0.0,0.0,0.0,0.0,0,Ratnagiri,Maharashtra
2024-02-10,0.0,0.0,0.0,0.0,0.0,0,Ratnagiri,Maharashtra
2024-02-11,0.0,0.0,0.0,0.0,0.0,0,Ratnagiri,Maharashtra
2024-02-12,0.0,0.0,0.0,0.0,0.0,0,Ratnagiri,Maharashtra
2024-02-13,0.0,0.0,0.0,0.0,0.0,0,Ratnagiri,Maharashtra
2024-02-14,0.0,0.0,0.0,0.0,0.0,0,Ratnagiri,Maharashtra
2024-02-15,0.0,0.0,0.0,0.0,0.0,0,Ratnagiri,Maharashtra
2024-02-16,0.0,0.0,0.0,0.0,0.0,0,Ratnagiri,Maharashtra
2024-02-17,0.0,0.0,0.0,0.0,0.0,0,Ratnagiri,Maharashtra
2024-02-18,0.0,0.0,0.0,0.0,0.0,0,Ratnagiri,Maharashtra
2024-02-19,0.0,0.0,0.0,0.0,0.0,0,Ratnagiri,Maharashtra
2024-02-20,0.0,0.0,0.0,0.0,0.0,0,Ratnagiri,Maharashtra
2024-02-21,0.0,0.0,0.0,0.0,0.0,0,Ratnagiri,Maharashtra
2024-02-22,0.0,0.0,0.0,0.0,0.0,0,Ratnagiri,Maharashtra
2024-02-23,0.0,0.0,0.0,0.0,0.0,0,Ratnagiri,Maharashtra
2024-02-24,0.0,0.0,0.0,0.0,0.0,0,Ratnagiri,Maharashtra
2024-02-25,0.0,0.0,0.0,0.0,0.0,0,Ratnagiri,Maharashtra
2024-02-26,0.0,0.0,0.0,0.0,0.0,0,Ratnagiri,Maharashtra
2024-02-27,0.0,0.0,0.0,0.0,0.0,0,Ratnagiri,Maharashtra
2024-02-28,0.0,0.0,0.0,0.0,0.0,0,Ratnagiri,Maharashtra
2024-02-29,0.06,0.06000000000004263,0.059999999999971576,0.06000000000002842,0.06,0,Ratnagiri,Maharashtra
2024-03-01,0.2,0.26000000000004264,0.2599999999999716,0.26000000000002843,0.2,0,Ratnagiri,Maharashtra
2024-03-02,0.04,0.3000000000000426,0.29999999999997157,0.3000000000000284,0.2,0,Ratnagiri,Maharashtra
2024-03-03,0.0,0.24000000000004265,0.29999999999997157,0.3000000000000284,0.2,0,Ratnagiri,Maharashtra
2024-03-04,0.0,0.04000000000004263,0.29999999999997157,0.3000000000000284,0.04,0,Ratnagiri,Maharashtra
2024-03-05,0.0,0.0,0.29999999999997157,0.3000000000000284,0.0,0,Ratnagiri,Maharashtra
2024-03-06,0.0,0.0,0.29999999999997157,0.3000000000000284,0.0,0,Ratnagiri,Maharashtra
2024-03-07,0.0,0.0,0.2399999999999716,0.3000000000000284,0.0,0,Ratnagiri,Maharashtra
2024-03-08,0.0,0.0,0.03999999999997158,0.3000000000000284,0.0,0,Ratnagiri,Maharashtra
2024-03-09,0.0,0.0,0.0,0.3000000000000284,0.0,0,Ratnagiri,Maharashtra
2024-03-10,0.0,0.0,0.0,0.3000000000000284,0.0,0,Ratnagiri,Maharashtra
2024-03-11,0.0,0.0,0.0,0.3000000000000284,0.0,0,Ratnagiri,Maharashtra
2024-03-12,0.0,0.0,0.0,0.3000000000000284,0.0,0,Ratnagiri,Maharashtra
2024-03-13,0.0,0.0,0.0,0.3000000000000284,0.0,0,Ratnagiri,Maharashtra
2024-03-14,0.0,0.0,0.0,0.3000000000000284,0.0,0,Ratnagiri,Maharashtra
2024-03-15,0.0,0.0,0.0,0.24000000000002844,0.0,0,Ratnagiri,Maharashtra
2024-03-16,0.0,0.0,0.0,0.04000000000002842,0.0,0,Ratnagiri,Maharashtra
2024-03-17,0.0,0.0,0.0,0.0,0.0,0,Ratnagiri,Maharashtra
2024-03-18,0.0,0.0,0.0,0.0,0.0,0,Ratnagiri,Maharashtra
2024-03-19,0.0,0.0,0.0,0.0,0.0,0,Ratnagiri,Maharashtra
2024-03-20,0.01,0.010000000000042633,0.009999999999971578,0.010000000000028422,0.01,0,Ratnagiri,Maharashtra
2024-03-21,0.01,0.020000000000042633,0.01999999999997158,0.020000000000028422,0.01,0,Ratnagiri,Maharashtra
2024-03-22,0.08,0.10000000000004264,0.09999999999997158,0.10000000000002843,0.08,0,Ratnagiri,Maharashtra
2024-03-23,0.01,0.10000000000004264,0.10999999999997158,0.11000000000002842,0.08,0,Ratnagiri,Maharashtra
2024-03-24,0.0,0.09000000000004263,0.10999999999997158,0.11000000000002842,0.08,0,Ratnagiri,Maharashtra
2024-03-25,0.0,0.010000000000042633,0.10999999999997158,0.11000000000002842,0.01,0,Ratnagiri,Maharashtra
2024-03-26,0.04,0.04000000000004263,0.1499999999999716,0.15000000000002844,0.04,0,Ratnagiri,Maharashtra
2024-03-27,0.08,0.12000000000004263,0.21999999999997158,0.23000000000002843,0.08,0,Ratnagiri,Maharashtra
2024-03-28,0.03,0.15000000000004265,0.2399999999999716,0.26000000000002843,0.08,0,Ratnagiri,Maharashtra
2024-03-29,0.17,0.28000000000004266,0.3299999999999716,0.43000000000002847,0.17,0,Ratnagiri,Maharashtra
2024-03-30,0.04,0.24000000000004265,0.35999999999997156,0.47000000000002845,0.17,0,Ratnagiri,Maharashtra
2024-03-31,0.02,0.23000000000004264,0.3799999999999716,0.49000000000002847,0.17,0,Ratnagiri,Maharashtra
2024-04-01,0.02,0.08000000000004263,0.3999999999999716,0.5100000000000284,0.04,0,Ratnagiri,Maharashtra
2024-04-02,0.0,0.04000000000004263,0.3599999999999716,0.5100000000000284,0.02,0,Ratnagiri,Maharashtra
2024-04-03,0.0,0.020000000000042633,0.2799999999999716,0.5100000000000284,0.02,0,Ratnagiri,Maharashtra
2024-04-04,0.0,0.0,0.24999999999997158,0.5000000000000284,0.0,0,Ratnagiri,Maharashtra
2024-04-05,0.07,0.07000000000004264,0.1499999999999716,0.5600000000000285,0.07,0,Ratnagiri,Maharashtra
2024-04-06,0.03,0.10000000000004264,0.1399999999999716,0.5100000000000284,0.07,0,Ratnagiri,Maharashtra
2024-04-07,0.0,0.10000000000004264,0.11999999999997159,0.5000000000000284,0.07,0,Ratnagiri,Maharashtra
2024-04-08,0.0,0.03000000000004263,0.09999999999997158,0.5000000000000284,0.03,0,Ratnagiri,Maharashtra
2024-04-09,0.0,0.0,0.09999999999997158,0.5000000000000284,0.0,0,Ratnagiri,Maharashtra
2024-04-10,0.01,0.010000000000042633,0.10999999999997158,0.47000000000002845,0.01,0,Ratnagiri,Maharashtra
2024-04-11,0.01,0.020000000000042633,0.11999999999997159,0.4000000000000284,0.01,0,Ratnagiri,Maharashtra
2024-04-12,0.01,0.03,0.059999999999971576,0.3800000000000284,0.01,0,Ratnagiri,Maharashtra
2024-04-13,0.01,0.03,0.03999999999997158,0.22000000000002842,0.01,0,Ratnagiri,Maharashtra
2024-04-14,0.01,0.03,0.04999999999997158,0.19000000000002842,0.01,0,Ratnagiri,Maharashtra
2024-04-15,0.21,0.23000000000004261,0.2599999999999716,0.3800000000000284,0.21,0,Ratnagiri,Maharashtra
2024-04-16,0.18,0.4000000000000426,0.4399999999999715,0.5400000000000285,0.21,0,Ratnagiri,Maharashtra
2024-04-17,0.02,0.4100000000000426,0.44999999999997153,0.5600000000000284,0.21,0,Ratnagiri,Maharashtra
2024-04-18,0.03,0.23000000000004261,0.46999999999997155,0.5900000000000284,0.18,0,Ratnagiri,Maharashtra
2024-04-19,0.03,0.08000000000004263,0.4899999999999715,0.6200000000000284,0.03,0,Ratnagiri,Maharashtra
2024-04-20,0.37,0.4300000000000426,0.8499999999999716,0.9200000000000285,0.37,0,Ratnagiri,Maharashtra
2024-04-21,0.51,0.9100000000000427,1.3499999999999717,1.4000000000000283,0.51,0,Ratnagiri,Maharashtra
2024-04-22,0.22,1.1000000000000427,1.3599999999999717,1.6200000000000285,0.51,0,Ratnagiri,Maharashtra
2024-04-23,0.01,0.7400000000000426,1.1899999999999717,1.6300000000000285,0.51,0,Ratnagiri,Maharashtra
2024-04-24,0.46,0.6900000000000426,1.6299999999999717,2.0900000000000283,0.46,0,Ratnagiri,Maharashtra
2024-04-25,0.17,0.6400000000000426,1.7699999999999716,2.2500000000000284,0.46,0,Ratnagiri,Maharashtra
2024-04-26,0.22,0.8500000000000427,1.9599999999999715,2.4600000000000284,0.46,0,Ratnagiri,Maharashtra
2024-04-27,0.11,0.5000000000000426,1.6999999999999715,2.5600000000000285,0.22,0,Ratnagiri,Maharashtra
2024-04-28,0.23,0.5600000000000427,1.4199999999999715,2.7800000000000287,0.23,0,Ratnagiri,Maharashtra
2024-04-29,0.37,0.7100000000000426,1.5699999999999714,3.1400000000000285,0.37,0,Ratnagiri,Maharashtra
2024-04-30,0.13,0.7300000000000426,1.6899999999999715,3.060000000000028,0.37,0,Ratnagiri,Maharashtra
2024-05-01,0.04,0.5400000000000427,1.2699999999999716,2.9200000000000284,0.37,0,Ratnagiri,Maharashtra
2024-05-02,0.0,0.17000000000004264,1.0999999999999717,2.9000000000000283,0.13,0,Ratnagiri,Maharashtra
2024-05-03,0.0,0.04000000000004263,0.8799999999999717,2.870000000000028,0.04,0,Ratnagiri,Maharashtra
2024-05-04,0.0,0.0,0.7699999999999716,2.8400000000000283,0.0,0,Ratnagiri,Maharashtra
2024-05-05,0.09,0.09000000000004263,0.6299999999999716,2.5600000000000285,0.09,0,Ratnagiri,Maharashtra
2024-05-06,0.33,0.4200000000000427,0.5899999999999717,2.3800000000000288,0.33,0,Ratnagiri,Maharashtra
2024-05-07,0.25,0.6700000000000426,0.7099999999999715,2.4100000000000286,0.33,0,Ratnagiri,Maharashtra
2024-05-08,0.31,0.8900000000000426,0.9799999999999716,2.7100000000000284,0.33,0,Ratnagiri,Maharashtra
2024-05-09,0.45,1.0100000000000426,1.4299999999999715,2.7000000000000286,0.45,0,Ratnagiri,Maharashtra
2024-05-10,0.34,1.1000000000000427,1.7699999999999716,2.8700000000000285,0.45,0,Ratnagiri,Maharashtra
2024-05-11,5.98,6.770000000000043,7.749999999999972,8.63000000000003,5.98,0,Ratnagiri,Maharashtra
2024-05-12,4.5,10.820000000000043,12.159999999999972,13.02000000000003,5.98,0,Ratnagiri,Maharashtra
2024-05-13,4.13,14.610000000000042,15.959999999999972,16.92000000000003,5.98,0,Ratnagiri,Maharashtra
2024-05-14,7.03,15.660000000000043,22.739999999999974,23.580000000000027,7.03,0,Ratnagiri,Maharashtra
2024-05-15,4.58,15.740000000000043,27.009999999999973,28.03000000000003,7.03,0,Ratnagiri,Maharashtra
2024-05-16,2.77,14.380000000000042,29.32999999999997,30.76000000000003,7.03,0,Ratnagiri,Maharashtra
2024-05-17,1.0,8.350000000000042,29.98999999999997,31.76000000000003,4.58,0,Ratnagiri,Maharashtra
2024-05-18,0.97,4.740000000000043,24.97999999999997,32.73000000000003,2.77,0,Ratnagiri,Maharashtra
2024-05-19,1.97,3.9400000000000426,22.44999999999997,34.70000000000003,1.97,0,Ratnagiri,Maharashtra
2024-05-20,4.25,7.190000000000042,22.569999999999972,38.86000000000003,4.25,0,Ratnagiri,Maharashtra
2024-05-21,6.41,12.630000000000042,21.94999999999997,44.940000000000026,6.41,0,Ratnagiri,Maharashtra
2024-05-22,3.97,14.630000000000042,21.33999999999997,48.66000000000003,6.41,0,Ratnagiri,Maharashtra
2024-05-23,2.11,12.490000000000041,20.67999999999997,50.46000000000003,6.41,0,Ratnagiri,Maharashtra
2024-05-24,1.14,7.2200000000000415,20.819999999999972,51.150000000000034,3.97,0,Ratnagiri,Maharashtra
2024-05-25,0.71,3.9600000000000417,20.55999999999997,51.520000000000024,2.11,0,Ratnagiri,Maharashtra
2024-05-26,0.51,2.3600000000000416,19.099999999999973,46.05000000000003,1.14,0,Ratnagiri,Maharashtra
2024-05-27,0.1,1.3200000000000418,14.949999999999973,41.65000000000003,0.71,0,Ratnagiri,Maharashtra
2024-05-28,0.17,0.7800000000000418,8.70999999999997,37.690000000000026,0.51,0,Ratnagiri,Maharashtra
2024-05-29,0.08,0.3500000000000418,4.819999999999972,30.740000000000027,0.17,0,Ratnagiri,Maharashtra
2024-05-30,0.22,0.4700000000000417,2.9299999999999713,26.380000000000027,0.22,0,Ratnagiri,Maharashtra
2024-05-31,0.88,1.1800000000000417,2.6699999999999715,24.49000000000003,0.88,0,Ratnagiri,Maharashtra
2024-06-01,1.67,2.7700000000000413,3.6299999999999715,25.16000000000003,1.67,1,Ratnagiri,Maharashtra
2024-06-02,1.51,4.060000000000041,4.6299999999999715,25.70000000000003,1.67,1,Ratnagiri,Maharashtra
2024-06-03,1.47,4.650000000000042,5.999999999999972,25.200000000000028,1.67,1,Ratnagiri,Maharashtra
2024-06-04,5.4,8.380000000000042,11.229999999999972,26.35000000000003,5.4,1,Ratnagiri,Maharashtra
2024-06-05,5.95,12.820000000000043,17.099999999999973,25.89000000000003,5.95,1,Ratnagiri,Maharashtra
2024-06-06,57.26,68.61000000000004,74.13999999999997,79.18000000000004,57.26,1,Ratnagiri,Maharashtra
2024-06-07,34.08,97.29000000000005,107.33999999999997,111.15000000000003,57.26,1,Ratnagiri,Maharashtra
2024-06-08,25.38,116.72000000000004,131.04999999999998,135.39000000000001,57.26,1,Ratnagiri,Maharashtra
2024-06-09,27.23,86.69000000000004,156.76999999999998,161.91000000000003,34.08,1,Ratnagiri,Maharashtra
2024-06-10,10.09,62.700000000000045,165.39,171.49000000000004,27.23,1,Ratnagiri,Maharashtra
2024-06-11,23.4,60.72000000000004,183.39,194.79000000000002,27.23,1,Ratnagiri,Maharashtra
2024-06-12,16.83,50.320000000000036,194.26999999999995,211.45000000000002,23.4,1,Ratnagiri,Maharashtra
2024-06-13,11.82,52.05000000000004,148.82999999999996,223.19000000000003,23.4,1,Ratnagiri,Maharashtra
2024-06-14,15.02,43.670000000000044,129.76999999999998,237.99000000000004,16.83,1,Ratnagiri,Maharashtra
2024-06-15,10.02,36.86000000000004,114.40999999999997,247.13000000000002,15.02,1,Ratnagiri,Maharashtra
2024-06-16,10.35,35.39000000000004,97.52999999999997,255.81000000000003,15.02,1,Ratnagiri,Maharashtra
2024-06-17,5.96,26.33000000000004,93.39999999999996,260.26000000000005,10.35,1,Ratnagiri,Maharashtra
2024-06-18,8.85,25.160000000000043,78.84999999999997,267.64,10.35,1,Ratnagiri,Maharashtra
2024-06-19,4.44,19.250000000000043,66.45999999999998,266.68,8.85,1,Ratnagiri,Maharashtra
2024-06-20,9.97,23.260000000000044,64.60999999999997,270.70000000000005,9.97,1,Ratnagiri,Maharashtra
2024-06-21,8.25,22.660000000000046,57.839999999999975,221.69000000000003,9.97,1,Ratnagiri,Maharashtra
2024-06-22,38.29,56.51000000000005,86.10999999999997,225.90000000000003,38.29,1,Ratnagiri,Maharashtra
2024-06-23,2.45,48.990000000000045,78.20999999999997,202.97000000000003,38.29,1,Ratnagiri,Maharashtra
2024-06-24,12.97,53.71000000000004,85.21999999999997,188.71000000000004,38.29,1,Ratnagiri,Maharashtra
2024-06-25,34.77,50.19000000000005,111.13999999999999,213.39000000000001,34.77,1,Ratnagiri,Maharashtra
2024-06-26,85.87,133.61000000000004,192.57,275.86,85.87,1,Ratnagiri,Maharashtra
2024-06-27,13.96,134.60000000000005,196.55999999999997,272.99000000000007,85.87,1,Ratnagiri,Maharashtra
2024-06-28,20.49,120.32000000000004,208.79999999999998,281.66,85.87,1,Ratnagiri,Maharashtra
2024-06-29,13.01,47.46000000000003,183.51999999999998,279.65000000000003,20.49,1,Ratnagiri,Maharashtra
2024-06-30,7.34,40.840000000000025,188.41,276.97,20.49,1,Ratnagiri,Maharashtra
2024-07-01,20.3,40.650000000000034,195.74,286.92,20.3,1,Ratnagiri,Maharashtra
2024-07-02,14.99,42.63000000000003,175.95999999999998,295.95000000000005,20.3,1,Ratnagiri,Maharashtra
2024-07-03,4.9,40.190000000000026,94.98999999999998,292.0,20.3,1,Ratnagiri,Maharashtra
2024-07-04,11.24,31.13000000000003,92.26999999999998,298.8,14.99,1,Ratnagiri,Maharashtra
2024-07-05,17.31,33.45000000000003,89.08999999999997,306.14000000000004,17.31,1,Ratnagiri,Maharashtra
2024-07-06,28.57,57.12000000000003,104.64999999999999,326.46000000000004,28.57,1,Ratnagiri,Maharashtra
2024-07-07,62.47,108.35000000000002,159.77999999999997,350.64000000000004,62.47,1,Ratnagiri,Maharashtra
2024-07-08,39.49,130.53000000000003,178.96999999999997,387.68000000000006,62.47,1,Ratnagiri,Maharashtra
2024-07-09,38.14,140.10000000000002,202.12,412.85,62.47,1,Ratnagiri,Maharashtra
2024-07-10,6.11,83.74000000000004,203.32999999999998,384.19000000000005,39.49,1,Ratnagiri,Maharashtra
2024-07-11,8.58,52.83000000000004,200.67,306.90000000000003,38.14,1,Ratnagiri,Maharashtra
2024-07-12,99.75,114.44000000000004,283.11,392.69000000000005,99.75,1,Ratnagiri,Maharashtra
2024-07-13,76.98,185.31000000000006,331.52,449.18000000000006,99.75,1,Ratnagiri,Maharashtra
2024-07-14,70.85,247.58000000000004,339.9,507.02000000000004,99.75,1,Ratnagiri,Maharashtra
2024-07-15,51.07,198.90000000000003,351.48,550.75,76.98,1,Ratnagiri,Maharashtra
2024-07-16,23.29,145.21000000000004,336.63,553.74,70.85,1,Ratnagiri,Maharashtra
2024-07-17,30.58,104.94000000000004,361.1,569.33,51.07,1,Ratnagiri,Maharashtra
2024-07-18,33.98,87.85000000000004,386.49999999999994,598.4100000000001,33.98,1,Ratnagiri,Maharashtra
2024-07-19,59.83,124.39000000000003,346.58,647.0000000000001,59.83,1,Ratnagiri,Maharashtra
2024-07-20,68.07,161.88000000000002,337.66999999999996,697.76,68.07,1,Ratnagiri,Maharashtra
2024-07-21,52.46,180.36000000000004,319.28,721.6500000000001,68.07,1,Ratnagiri,Maharashtra
2024-07-22,35.5,156.03000000000003,303.71,694.6800000000001,68.07,1,Ratnagiri,Maharashtra
2024-07-23,37.99,125.95000000000005,318.40999999999997,693.1800000000001,52.46,1,Ratnagiri,Maharashtra
2024-07-24,31.39,104.88000000000004,319.21999999999997,686.4300000000001,37.99,1,Ratnagiri,Maharashtra
2024-07-25,46.66,116.04000000000005,331.9,726.98,46.66,1,Ratnagiri,Maharashtra
2024-07-26,33.91,111.96000000000004,305.97999999999996,752.31,46.66,1,Ratnagiri,Maharashtra
2024-07-27,24.09,104.66000000000004,261.99999999999994,676.65,46.66,1,Ratnagiri,Maharashtra
2024-07-28,23.61,81.61000000000004,233.14999999999995,623.28,33.91,1,Ratnagiri,Maharashtra
2024-07-29,23.42,71.12000000000005,221.06999999999996,575.85,24.09,1,Ratnagiri,Maharashtra
2024-07-30,21.79,68.82000000000004,204.86999999999998,546.57,23.61,1,Ratnagiri,Maharashtra
2024-07-31,24.79,70.00000000000004,198.26999999999995,548.07,24.79,1,Ratnagiri,Maharashtra
2024-08-01,28.2,74.78000000000003,179.80999999999997,545.6899999999999,28.2,1,Ratnagiri,Maharashtra
2024-08-02,16.17,69.16000000000005,162.06999999999996,527.88,28.2,1,Ratnagiri,Maharashtra
2024-08-03,13.87,58.24000000000004,151.84999999999997,481.92,28.2,1,Ratnagiri,Maharashtra
2024-08-04,11.66,41.700000000000045,139.89999999999998,425.51,16.17,1,Ratnagiri,Maharashtra
2024-08-05,6.87,32.40000000000004,123.34999999999997,379.92,13.87,1,Ratnagiri,Maharashtra
2024-08-06,6.7,25.230000000000047,108.25999999999998,351.12,11.66,1,Ratnagiri,Maharashtra
2024-08-07,14.57,28.140000000000043,98.03999999999996,327.7,14.57,1,Ratnagiri,Maharashtra
2024-08-08,10.55,31.820000000000043,80.38999999999999,306.86,14.57,1,Ratnagiri,Maharashtra
2024-08-09,5.54,30.660000000000043,69.75999999999996,265.74000000000007,14.57,1,Ratnagiri,Maharashtra
2024-08-10,2.62,18.710000000000043,58.50999999999998,234.45000000000002,10.55,1,Ratnagiri,Maharashtra
2024-08-11,1.71,9.870000000000044,48.559999999999974,212.07000000000002,5.54,1,Ratnagiri,Maharashtra
2024-08-12,0.45,4.780000000000043,42.13999999999997,188.91000000000005,2.62,1,Ratnagiri,Maharashtra
2024-08-13,0.45,2.6100000000000425,35.88999999999997,165.94000000000003,1.71,1,Ratnagiri,Maharashtra
2024-08-14,0.57,1.4700000000000426,21.889999999999972,144.72000000000003,0.57,1,Ratnagiri,Maharashtra
2024-08-15,0.79,1.8100000000000427,12.129999999999972,120.72000000000003,0.79,1,Ratnagiri,Maharashtra
2024-08-16,0.94,2.3000000000000425,7.529999999999972,93.46000000000004,0.94,1,Ratnagiri,Maharashtra
2024-08-17,1.84,3.570000000000043,6.749999999999972,79.13000000000002,1.84,1,Ratnagiri,Maharashtra
2024-08-18,14.63,17.410000000000043,19.669999999999973,79.89000000000003,14.63,1,Ratnagiri,Maharashtra
2024-08-19,5.38,21.850000000000044,24.599999999999973,73.61000000000004,14.63,1,Ratnagiri,Maharashtra
2024-08-20,4.35,24.360000000000042,28.49999999999997,71.09000000000003,14.63,1,Ratnagiri,Maharashtra
2024-08-21,13.96,23.690000000000044,41.88999999999997,78.35000000000002,13.96,1,Ratnagiri,Maharashtra
2024-08-22,14.54,32.850000000000044,55.63999999999997,78.32000000000002,14.54,1,Ratnagiri,Maharashtra
2024-08-23,15.7,44.200000000000045,70.39999999999996,83.47000000000003,15.7,1,Ratnagiri,Maharashtra
2024-08-24,49.79,80.03000000000003,118.34999999999997,127.72000000000003,49.79,1,Ratnagiri,Maharashtra
2024-08-25,25.75,91.24000000000004,129.46999999999997,150.85000000000002,49.79,1,Ratnagiri,Maharashtra
2024-08-26,16.46,92.00000000000004,140.54999999999998,165.60000000000002,49.79,1,Ratnagiri,Maharashtra
2024-08-27,14.5,56.710000000000036,150.7,179.65000000000003,25.75,1,Ratnagiri,Maharashtra
2024-08-28,14.29,45.250000000000036,151.02999999999997,193.49,16.46,1,Ratnagiri,Maharashtra
2024-08-29,7.43,36.220000000000034,143.92,200.35000000000002,14.5,1,Ratnagiri,Maharashtra
2024-08-30,4.15,25.870000000000033,132.36999999999998,203.71000000000004,14.29,1,Ratnagiri,Maharashtra
2024-08-31,2.99,14.570000000000036,85.56999999999996,205.76000000000005,7.43,1,Ratnagiri,Maharashtra
2024-09-01,5.49,12.630000000000036,65.30999999999997,209.41000000000003,5.49,1,Ratnagiri,Maharashtra
2024-09-02,14.86,23.340000000000035,63.70999999999997,209.64000000000004,14.86,1,Ratnagiri,Maharashtra
2024-09-03,20.89,41.24000000000004,70.09999999999997,225.15000000000003,20.89,1,Ratnagiri,Maharashtra
2024-09-04,5.7,41.45000000000004,61.50999999999998,226.50000000000003,20.89,1,Ratnagiri,Maharashtra
2024-09-05,6.8,33.390000000000036,60.879999999999974,219.34000000000003,20.89,1,Ratnagiri,Maharashtra
2024-09-06,4.22,16.720000000000034,60.949999999999974,209.02000000000004,6.8,1,Ratnagiri,Maharashtra
2024-09-07,4.81,15.830000000000036,62.769999999999975,198.13000000000002,6.8,1,Ratnagiri,Maharashtra
2024-09-08,6.66,15.690000000000035,63.93999999999997,155.00000000000006,6.66,1,Ratnagiri,Maharashtra
2024-09-09,6.01,17.480000000000032,55.089999999999975,135.26000000000005,6.66,1,Ratnagiri,Maharashtra
2024-09-10,4.57,17.240000000000038,38.76999999999997,123.37000000000003,6.66,1,Ratnagiri,Maharashtra
2024-09-11,4.27,14.850000000000035,37.33999999999997,113.14000000000004,6.01,1,Ratnagiri,Maharashtra
2024-09-12,2.38,11.220000000000034,32.91999999999997,101.23000000000003,4.57,1,Ratnagiri,Maharashtra
2024-09-13,2.21,8.860000000000035,30.90999999999997,96.01000000000003,4.27,1,Ratnagiri,Maharashtra
2024-09-14,4.01,8.600000000000035,30.10999999999997,95.87000000000003,4.01,1,Ratnagiri,Maharashtra
2024-09-15,3.66,9.880000000000035,27.10999999999997,96.54000000000002,4.01,1,Ratnagiri,Maharashtra
2024-09-16,4.96,12.630000000000035,26.05999999999997,96.01000000000003,4.96,1,Ratnagiri,Maharashtra
2024-09-17,1.78,10.400000000000036,23.26999999999997,82.93000000000002,4.96,1,Ratnagiri,Maharashtra
2024-09-18,3.15,9.890000000000036,22.14999999999997,65.19000000000003,4.96,1,Ratnagiri,Maharashtra
2024-09-19,0.18,5.110000000000035,19.94999999999997,59.67000000000002,3.15,1,Ratnagiri,Maharashtra
2024-09-20,0.03,3.360000000000035,17.76999999999997,52.90000000000003,3.15,1,Ratnagiri,Maharashtra
2024-09-21,0.6,0.8100000000000355,14.359999999999971,49.28000000000003,0.6,1,Ratnagiri,Maharashtra
2024-09-22,7.84,8.470000000000034,18.53999999999997,52.310000000000024,7.84,1,Ratnagiri,Maharashtra
2024-09-23,12.32,20.760000000000034,25.89999999999997,57.97000000000003,12.32,1,Ratnagiri,Maharashtra
2024-09-24,25.55,45.710000000000036,49.66999999999997,77.51000000000002,25.55,1,Ratnagiri,Maharashtra
2024-09-25,20.22,58.09000000000004,66.73999999999998,93.16000000000003,25.55,1,Ratnagiri,Maharashtra
2024-09-26,13.53,59.30000000000004,80.08999999999996,102.42000000000002,25.55,1,Ratnagiri,Maharashtra
2024-09-27,3.04,36.790000000000035,83.09999999999997,103.08000000000003,20.22,1,Ratnagiri,Maharashtra
2024-09-28,2.05,18.620000000000033,84.54999999999997,102.92000000000003,13.53,1,Ratnagiri,Maharashtra
2024-09-29,0.34,5.430000000000035,77.04999999999997,99.25000000000003,3.04,1,Ratnagiri,Maharashtra
2024-09-30,1.11,3.5000000000000355,65.83999999999997,96.70000000000003,2.05,1,Ratnagiri,Maharashtra
2024-10-01,2.63,4.080000000000036,42.91999999999997,94.37000000000002,2.63,0,Ratnagiri,Maharashtra
2024-10-02,4.39,8.130000000000035,27.08999999999997,96.98000000000003,4.39,0,Ratnagiri,Maharashtra
2024-10-03,16.22,23.240000000000034,29.779999999999973,110.05000000000003,16.22,0,Ratnagiri,Maharashtra
2024-10-04,9.26,29.870000000000033,35.99999999999997,119.13000000000002,16.22,0,Ratnagiri,Maharashtra
2024-10-05,8.12,33.60000000000004,42.06999999999998,127.22000000000003,16.22,0,Ratnagiri,Maharashtra
2024-10-06,33.85,51.23000000000003,75.57999999999997,160.47000000000003,33.85,0,Ratnagiri,Maharashtra
2024-10-07,8.4,50.37000000000003,82.86999999999998,161.03000000000003,33.85,0,Ratnagiri,Maharashtra
2024-10-08,5.76,48.01000000000003,85.99999999999997,154.47000000000003,33.85,0,Ratnagiri,Maharashtra
2024-10-09,6.1,20.260000000000034,87.70999999999998,135.02,8.4,0,Ratnagiri,Maharashtra
2024-10-10,11.98,23.840000000000035,83.46999999999997,126.78000000000002,11.98,0,Ratnagiri,Maharashtra
2024-10-11,3.21,21.290000000000035,77.41999999999997,116.46000000000004,11.98,0,Ratnagiri,Maharashtra
2024-10-12,5.15,20.340000000000035,74.44999999999997,118.57000000000002,11.98,0,Ratnagiri,Maharashtra
2024-10-13,14.84,23.200000000000035,55.43999999999997,131.36000000000004,14.84,0,Ratnagiri,Maharashtra
2024-10-14,8.95,28.940000000000033,55.989999999999974,139.97000000000003,14.84,0,Ratnagiri,Maharashtra
2024-10-15,10.94,34.73000000000003,61.16999999999997,149.80000000000004,14.84,0,Ratnagiri,Maharashtra
2024-10-16,17.52,37.41000000000004,72.58999999999997,164.69000000000003,17.52,0,Ratnagiri,Maharashtra
2024-10-17,9.19,37.650000000000034,69.79999999999997,169.49000000000004,17.52,0,Ratnagiri,Maharashtra
2024-10-18,14.17,40.88000000000004,80.75999999999998,167.44000000000003,17.52,0,Ratnagiri,Maharashtra
2024-10-19,0.65,24.010000000000034,76.25999999999998,158.83000000000004,14.17,0,Ratnagiri,Maharashtra
2024-10-20,11.18,26.000000000000036,72.59999999999997,161.89000000000004,14.17,0,Ratnagiri,Maharashtra
2024-10-21,2.1,13.930000000000035,65.74999999999997,130.14000000000001,11.18,0,Ratnagiri,Maharashtra
2024-10-22,2.03,15.310000000000034,56.839999999999975,123.77000000000002,11.18,0,Ratnagiri,Maharashtra
2024-10-23,0.63,4.760000000000035,39.949999999999974,118.64000000000003,2.1,0,Ratnagiri,Maharashtra
2024-10-24,0.11,2.7700000000000355,30.869999999999973,112.65000000000002,2.03,0,Ratnagiri,Maharashtra
2024-10-25,0.06,0.8000000000000356,16.759999999999973,100.73000000000003,0.63,0,Ratnagiri,Maharashtra
2024-10-26,0.01,0.18000000000003552,16.119999999999973,97.53000000000003,0.11,0,Ratnagiri,Maharashtra
2024-10-27,0.0,0.07000000000003552,4.939999999999971,92.38000000000004,0.06,0,Ratnagiri,Maharashtra
2024-10-28,0.69,0.7000000000000355,3.5299999999999714,78.23000000000003,0.69,0,Ratnagiri,Maharashtra
2024-10-29,2.1,2.7900000000000356,3.5999999999999717,71.38000000000002,2.1,0,Ratnagiri,Maharashtra
2024-10-30,1.53,4.320000000000036,4.499999999999972,61.970000000000034,2.1,0,Ratnagiri,Maharashtra
2024-10-31,5.7,9.330000000000036,10.089999999999971,50.15000000000003,5.7,0,Ratnagiri,Maharashtra
2024-11-01,8.78,16.010000000000037,18.80999999999997,49.74000000000003,8.78,0,Ratnagiri,Maharashtra
2024-11-02,0.75,15.230000000000036,19.549999999999972,36.32000000000003,8.78,0,Ratnagiri,Maharashtra
2024-11-03,0.11,9.640000000000036,19.65999999999997,35.78000000000003,8.78,0,Ratnagiri,Maharashtra
2024-11-04,0.04,0.9000000000000373,19.00999999999997,24.64000000000003,0.75,0,Ratnagiri,Maharashtra
2024-11-05,0.0,0.1500000000000373,16.909999999999968,22.540000000000028,0.11,0,Ratnagiri,Maharashtra
2024-11-06,0.0,0.040000000000037304,15.37999999999997,20.510000000000026,0.04,0,Ratnagiri,Maharashtra
2024-11-07,0.0,0.0,9.679999999999971,19.880000000000027,0.0,0,Ratnagiri,Maharashtra
2024-11-08,0.0,0.0,0.8999999999999716,19.770000000000028,0.0,0,Ratnagiri,Maharashtra
2024-11-09,0.0,0.0,0.14999999999997157,19.710000000000026,0.0,0,Ratnagiri,Maharashtra
2024-11-10,0.0,0.0,0.03999999999997158,19.700000000000028,0.0,0,Ratnagiri,Maharashtra
2024-11-11,0.0,0.0,0.0,19.700000000000028,0.0,0,Ratnagiri,Maharashtra
2024-11-12,0.0,0.0,0.0,19.010000000000026,0.0,0,Ratnagiri,Maharashtra
2024-11-13,0.0,0.0,0.0,16.91000000000003,0.0,0,Ratnagiri,Maharashtra
2024-11-14,1.45,1.4500000000000373,1.4499999999999715,16.83000000000003,1.45,0,Ratnagiri,Maharashtra
2024-11-15,3.91,5.360000000000038,5.359999999999972,15.04000000000003,3.91,0,Ratnagiri,Maharashtra
2024-11-16,0.12,5.480000000000038,5.479999999999972,6.380000000000028,3.91,0,Ratnagiri,Maharashtra
2024-11-17,0.02,4.050000000000037,5.499999999999972,5.650000000000028,3.91,0,Ratnagiri,Maharashtra
2024-11-18,0.0,0.1400000000000373,5.499999999999972,5.540000000000028,0.12,0,Ratnagiri,Maharashtra
2024-11-19,0.0,0.020000000000037304,5.499999999999972,5.5000000000000275,0.02,0,Ratnagiri,Maharashtra
2024-11-20,0.0,0.0,5.499999999999972,5.5000000000000275,0.0,0,Ratnagiri,Maharashtra
2024-11-21,0.0,0.0,4.049999999999971,5.5000000000000275,0.0,0,Ratnagiri,Maharashtra
2024-11-22,0.0,0.0,0.13999999999997156,5.5000000000000275,0.0,0,Ratnagiri,Maharashtra
2024-11-23,0.0,0.0,0.01999999999997158,5.5000000000000275,0.0,0,Ratnagiri,Maharashtra
2024-11-24,0.0,0.0,0.0,5.5000000000000275,0.0,0,Ratnagiri,Maharashtra
2024-11-25,0.0,0.0,0.0,5.5000000000000275,0.0,0,Ratnagiri,Maharashtra
2024-11-26,0.0,0.0,0.0,5.5000000000000275,0.0,0,Ratnagiri,Maharashtra
2024-11-27,0.0,0.0,0.0,5.5000000000000275,0.0,0,Ratnagiri,Maharashtra
2024-11-28,0.0,0.0,0.0,5.5000000000000275,0.0,0,Ratnagiri,Maharashtra
2024-11-29,0.0,0.0,0.0,4.050000000000028,0.0,0,Ratnagiri,Maharashtra
2024-11-30,0.0,0.0,0.0,0.1400000000000284,0.0,0,Ratnagiri,Maharashtra
2024-12-01,0.0,0.0,0.0,0.020000000000028422,0.0,0,Ratnagiri,Maharashtra
2024-12-02,0.34,0.34000000000003733,0.3399999999999716,0.34000000000002845,0.34,0,Ratnagiri,Maharashtra
2024-12-03,4.14,4.480000000000037,4.479999999999971,4.480000000000028,4.14,0,Ratnagiri,Maharashtra
2024-12-04,0.33,4.810000000000037,4.809999999999971,4.810000000000028,4.14,0,Ratnagiri,Maharashtra
2024-12-05,0.39,4.860000000000037,5.199999999999971,5.200000000000028,4.14,0,Ratnagiri,Maharashtra
2024-12-06,0.31,1.0300000000000373,5.509999999999971,5.510000000000028,0.39,0,Ratnagiri,Maharashtra
2024-12-07,0.09,0.7900000000000372,5.599999999999971,5.600000000000028,0.39,0,Ratnagiri,Maharashtra
2024-12-08,0.01,0.4100000000000373,5.609999999999971,5.610000000000028,0.31,0,Ratnagiri,Maharashtra
2024-12-09,0.0,0.1000000000000373,5.269999999999971,5.610000000000028,0.09,0,Ratnagiri,Maharashtra
2024-12-10,0.0,0.010000000000037304,1.1299999999999717,5.610000000000028,0.01,0,Ratnagiri,Maharashtra
2024-12-11,0.0,0.0,0.7999999999999715,5.610000000000028,0.0,0,Ratnagiri,Maharashtra
2024-12-12,0.0,0.0,0.40999999999997155,5.610000000000028,0.0,0,Ratnagiri,Maharashtra
2024-12-13,0.0,0.0,0.09999999999997157,5.610000000000028,0.0,0,Ratnagiri,Maharashtra
2024-12-14,0.0,0.0,0.009999999999971578,5.610000000000028,0.0,0,Ratnagiri,Maharashtra
2024-12-15,0.0,0.0,0.0,5.610000000000028,0.0,0,Ratnagiri,Maharashtra
2024-12-16,0.0,0.0,0.0,5.610000000000028,0.0,0,Ratnagiri,Maharashtra
2024-12-17,0.0,0.0,0.0,5.270000000000028,0.0,0,Ratnagiri,Maharashtra
2024-12-18,0.0,0.0,0.0,1.1300000000000285,0.0,0,Ratnagiri,Maharashtra
2024-12-19,0.0,0.0,0.0,0.8000000000000284,0.0,0,Ratnagiri,Maharashtra
2024-12-20,0.0,0.0,0.0,0.4100000000000284,0.0,0,Ratnagiri,Maharashtra
2024-12-21,0.0,0.0,0.0,0.10000000000002841,0.0,0,Ratnagiri,Maharashtra
2024-12-22,0.0,0.0,0.0,0.010000000000028422,0.0,0,Ratnagiri,Maharashtra
2024-12-23,0.0,0.0,0.0,0.0,0.0,0,Ratnagiri,Maharashtra
2024-12-24,0.01,0.010000000000037304,0.009999999999971578,0.010000000000028422,0.01,0,Ratnagiri,Maharashtra
2024-12-25,0.0,0.010000000000037304,0.009999999999971578,0.010000000000028422,0.01,0,Ratnagiri,Maharashtra
2024-12-26,0.0,0.010000000000037304,0.009999999999971578,0.010000000000028422,0.01,0,Ratnagiri,Maharashtra
2024-12-27,0.01,0.010000000000037304,0.01999999999997158,0.020000000000028422,0.01,0,Ratnagiri,Maharashtra
2024-12-28,0.04,0.050000000000037306,0.059999999999971576,0.06000000000002842,0.04,0,Ratnagiri,Maharashtra
2024-12-29,0.03,0.0800000000000373,0.08999999999997157,0.09000000000002842,0.04,0,Ratnagiri,Maharashtra
2024-12-30,0.01,0.0800000000000373,0.09999999999997158,0.10000000000002843,0.04,0,Ratnagiri,Maharashtra
2024-12-31,0.0,0.040000000000037304,0.08999999999997159,0.10000000000002843,0.03,0,Ratnagiri,Maharashtra
