,rain_1d,rain_3d,rain_7d,rain_15d,rain_max3d,is_monsoon,district,state
2015-01-01,0.11,0.11,0.11,0.11,0.11,0,Satara,Maharashtra
2015-01-02,0.0,0.11,0.11,0.11,0.11,0,Satara,Maharashtra
2015-01-03,0.0,0.11,0.11,0.11,0.11,0,Satara,Maharashtra
2015-01-04,0.0,0.0,0.11,0.11,0.0,0,Satara,Maharashtra
2015-01-05,0.0,0.0,0.11,0.11,0.0,0,Satara,Maharashtra
2015-01-06,0.0,0.0,0.11,0.11,0.0,0,Satara,Maharashtra
2015-01-07,0.0,0.0,0.11,0.11,0.0,0,Satara,Maharashtra
2015-01-08,0.0,0.0,0.0,0.11,0.0,0,Satara,Maharashtra
2015-01-09,0.0,0.0,0.0,0.11,0.0,0,Satara,Maharashtra
2015-01-10,0.0,0.0,0.0,0.11,0.0,0,Satara,Maharashtra
2015-01-11,0.0,0.0,0.0,0.11,0.0,0,Satara,Maharashtra
2015-01-12,0.0,0.0,0.0,0.11,0.0,0,Satara,Maharashtra
2015-01-13,0.0,0.0,0.0,0.11,0.0,0,Satara,Maharashtra
2015-01-14,0.0,0.0,0.0,0.11,0.0,0,Satara,Maharashtra
2015-01-15,0.0,0.0,0.0,0.11,0.0,0,Satara,Maharashtra
2015-01-16,0.0,0.0,0.0,0.0,0.0,0,Satara,Maharashtra
2015-01-17,0.0,0.0,0.0,0.0,0.0,0,Satara,Maharashtra
2015-01-18,0.0,0.0,0.0,0.0,0.0,0,Satara,Maharashtra
2015-01-19,0.0,0.0,0.0,0.0,0.0,0,Satara,Maharashtra
2015-01-20,0.0,0.0,0.0,0.0,0.0,0,Satara,Maharashtra
2015-01-21,0.0,0.0,0.0,0.0,0.0,0,Satara,Maharashtra
2015-01-22,0.0,0.0,0.0,0.0,0.0,0,Satara,Maharashtra
2015-01-23,0.0,0.0,0.0,0.0,0.0,0,Satara,Maharashtra
2015-01-24,0.0,0.0,0.0,0.0,0.0,0,Satara,Maharashtra
2015-01-25,0.0,0.0,0.0,0.0,0.0,0,Satara,Maharashtra
2015-01-26,0.0,0.0,0.0,0.0,0.0,0,Satara,Maharashtra
2015-01-27,0.0,0.0,0.0,0.0,0.0,0,Satara,Maharashtra
2015-01-28,0.0,0.0,0.0,0.0,0.0,0,Satara,Maharashtra
2015-01-29,0.0,0.0,0.0,0.0,0.0,0,Satara,Maharashtra
2015-01-30,0.0,0.0,0.0,0.0,0.0,0,Satara,Maharashtra
2015-01-31,0.0,0.0,0.0,0.0,0.0,0,Satara,Maharashtra
2015-02-01,0.0,0.0,0.0,0.0,0.0,0,Satara,Maharashtra
2015-02-02,0.0,0.0,0.0,0.0,0.0,0,Satara,Maharashtra
2015-02-03,0.0,0.0,0.0,0.0,0.0,0,Satara,Maharashtra
2015-02-04,0.0,0.0,0.0,0.0,0.0,0,Satara,Maharashtra
2015-02-05,0.0,0.0,0.0,0.0,0.0,0,Satara,Maharashtra
2015-02-06,0.0,0.0,0.0,0.0,0.0,0,Satara,Maharashtra
2015-02-07,0.0,0.0,0.0,0.0,0.0,0,Satara,Maharashtra
2015-02-08,0.0,0.0,0.0,0.0,0.0,0,Satara,Maharashtra
2015-02-09,0.0,0.0,0.0,0.0,0.0,0,Satara,Maharashtra
2015-02-10,0.0,0.0,0.0,0.0,0.0,0,Satara,Maharashtra
2015-02-11,0.0,0.0,0.0,0.0,0.0,0,Satara,Maharashtra
2015-02-12,0.0,0.0,0.0,0.0,0.0,0,Satara,Maharashtra
2015-02-13,0.0,0.0,0.0,0.0,0.0,0,Satara,Maharashtra
2015-02-14,0.0,0.0,0.0,0.0,0.0,0,Satara,Maharashtra
2015-02-15,0.0,0.0,0.0,0.0,0.0,0,Satara,Maharashtra
2015-02-16,0.0,0.0,0.0,0.0,0.0,0,Satara,Maharashtra
2015-02-17,0.0,0.0,0.0,0.0,0.0,0,Satara,Maharashtra
2015-02-18,0.0,0.0,0.0,0.0,0.0,0,Satara,Maharashtra
2015-02-19,0.0,0.0,0.0,0.0,0.0,0,Satara,Maharashtra
2015-02-20,0.0,0.0,0.0,0.0,0.0,0,Satara,Maharashtra
2015-02-21,0.0,0.0,0.0,0.0,0.0,0,Satara,Maharashtra
2015-02-22,0.0,0.0,0.0,0.0,0.0,0,Satara,Maharashtra
2015-02-23,0.0,0.0,0.0,0.0,0.0,0,Satara,Maharashtra
2015-02-24,0.0,0.0,0.0,0.0,0.0,0,Satara,Maharashtra
2015-02-25,0.0,0.0,0.0,0.0,0.0,0,Satara,Maharashtra
2015-02-26,0.0,0.0,0.0,0.0,0.0,0,Satara,Maharashtra
2015-02-27,0.0,0.0,0.0,0.0,0.0,0,Satara,Maharashtra
2015-02-28,11.02,11.02,11.02,11.02,11.02,0,Satara,Maharashtra
2015-03-01,16.09,27.11,27.11,27.11,16.09,0,Satara,Maharashtra
2015-03-02,1.57,28.68,28.68,28.68,16.09,0,Satara,Maharashtra
2015-03-03,0.0,17.66,28.68,28.68,16.09,0,Satara,Maharashtra
2015-03-04,0.0,1.57,28.68,28.68,1.57,0,Satara,Maharashtra
2015-03-05,0.0,0.0,28.68,28.68,0.0,0,Satara,Maharashtra
2015-03-06,0.0,0.0,28.68,28.68,0.0,0,Satara,Maharashtra
2015-03-07,0.0,0.0,17.66,28.68,0.0,0,Satara,Maharashtra
2015-03-08,0.0,0.0,1.57,28.68,0.0,0,Satara,Maharashtra
2015-03-09,0.0,0.0,0.0,28.68,0.0,0,Satara,Maharashtra
2015-03-10,0.44,0.44,0.44,29.12,0.44,0,Satara,Maharashtra
2015-03-11,0.12,0.56,0.56,29.24,0.44,0,Satara,Maharashtra
2015-03-12,0.0,0.56,0.56,29.24,0.44,0,Satara,Maharashtra
2015-03-13,0.07,0.19,0.63,29.31,0.12,0,Satara,Maharashtra
2015-03-14,0.73,0.8,1.3599999999999999,30.04,0.73,0,Satara,Maharashtra
2015-03-15,0.34,1.1400000000000001,1.7,19.36,0.73,0,Satara,Maharashtra
2015-03-16,0.04,1.11,1.74,3.31,0.73,0,Satara,Maharashtra
2015-03-17,0.0,0.38,1.3,1.74,0.34,0,Satara,Maharashtra
2015-03-18,0.0,0.04,1.18,1.74,0.04,0,Satara,Maharashtra
2015-03-19,0.0,0.0,1.18,1.74,0.0,0,Satara,Maharashtra
2015-03-20,0.0,0.0,1.1099999999999999,1.74,0.0,0,Satara,Maharashtra
2015-03-21,0.0,0.0,0.38,1.74,0.0,0,Satara,Maharashtra
2015-03-22,0.0,0.0,0.04,1.74,0.0,0,Satara,Maharashtra
2015-03-23,0.02,0.02,0.02,1.76,0.02,0,Satara,Maharashtra
2015-03-24,0.02,0.04,0.04,1.78,0.02,0,Satara,Maharashtra
2015-03-25,0.05,0.09,0.09,1.3900000000000001,0.05,0,Satara,Maharashtra
2015-03-26,0.05,0.12,0.14,1.32,0.05,0,Satara,Maharashtra
2015-03-27,0.29,0.39,0.43,1.6099999999999999,0.29,0,Satara,Maharashtra
2015-03-28,0.15,0.49,0.58,1.6900000000000002,0.29,0,Satara,Maharashtra
2015-03-29,0.65,1.0899999999999999,1.23,1.6099999999999999,0.65,0,Satara,Maharashtra
2015-03-30,0.09,0.8899999999999999,1.3,1.3599999999999999,0.65,0,Satara,Maharashtra
2015-03-31,0.03,0.77,1.31,1.3499999999999999,0.65,0,Satara,Maharashtra
2015-04-01,0.0,0.12,1.2599999999999998,1.3499999999999999,0.09,0,Satara,Maharashtra
2015-04-02,0.0,0.03,1.21,1.3499999999999999,0.03,0,Satara,Maharashtra
2015-04-03,0.0,0.0,0.92,1.3499999999999999,0.0,0,Satara,Maharashtra
2015-04-04,0.0,0.0,0.77,1.3499999999999999,0.0,0,Satara,Maharashtra
2015-04-05,0.0,0.0,0.12,1.3499999999999999,0.0,0,Satara,Maharashtra
2015-04-06,0.0,0.0,0.03,1.3499999999999999,0.0,0,Satara,Maharashtra
2015-04-07,0.02,0.02,0.02,1.3499999999999999,0.02,0,Satara,Maharashtra
2015-04-08,0.01,0.03,0.03,1.34,0.02,0,Satara,Maharashtra
2015-04-09,0.01,0.04,0.04,1.3,0.02,0,Satara,Maharashtra
2015-04-10,0.44,0.46,0.48,1.69,0.44,0,Satara,Maharashtra
2015-04-11,1.36,1.81,1.84,2.76,1.36,0,Satara,Maharashtra
2015-04-12,0.47,2.27,2.31,3.08,1.36,0,Satara,Maharashtra
2015-04-13,0.05,1.8800000000000001,2.36,2.48,1.36,0,Satara,Maharashtra
2015-04-14,0.01,0.53,2.35,2.4,0.47,0,Satara,Maharashtra
2015-04-15,0.01,0.07,2.35,2.38,0.05,0,Satara,Maharashtra
2015-04-16,0.09,0.11,2.43,2.47,0.09,0,Satara,Maharashtra
2015-04-17,0.07,0.17,2.06,2.54,0.09,0,Satara,Maharashtra
2015-04-18,0.0,0.16,0.7,2.54,0.09,0,Satara,Maharashtra
2015-04-19,0.0,0.07,0.23,2.54,0.07,0,Satara,Maharashtra
2015-04-20,0.0,0.0,0.18,2.54,0.0,0,Satara,Maharashtra
2015-04-21,0.01,0.01,0.18000000000000002,2.5500000000000003,0.01,0,Satara,Maharashtra
2015-04-22,0.02,0.03,0.19,2.55,0.02,0,Satara,Maharashtra
2015-04-23,0.01,0.04,0.11,2.5500000000000003,0.02,0,Satara,Maharashtra
2015-04-24,0.01,0.04,0.05,2.55,0.02,0,Satara,Maharashtra
2015-04-25,0.0,0.020000000000000004,0.05,2.11,0.01,0,Satara,Maharashtra
2015-04-26,0.0,0.010000000000000004,0.05,0.75,0.01,0,Satara,Maharashtra
2015-04-27,0.04,0.04000000000000001,0.09,0.32,0.04,0,Satara,Maharashtra
2015-04-28,0.05,0.09,0.13,0.32,0.05,0,Satara,Maharashtra
2015-04-29,0.03,0.12,0.14,0.34,0.05,0,Satara,Maharashtra
2015-04-30,0.02,0.09999999999999999,0.15,0.35,0.05,0,Satara,Maharashtra
2015-05-01,0.05,0.1,0.19,0.31000000000000005,0.05,0,Satara,Maharashtra
2015-05-02,0.26,0.33,0.45,0.5,0.26,0,Satara,Maharashtra
2015-05-03,0.36,0.6699999999999999,0.81,0.86,0.36,0,Satara,Maharashtra
2015-05-04,0.12,0.74,0.8899999999999999,0.98,0.36,0,Satara,Maharashtra
2015-05-05,1.92,2.4,2.76,2.9,1.92,0,Satara,Maharashtra
2015-05-06,1.36,3.4000000000000004,4.09,4.25,1.92,0,Satara,Maharashtra
2015-05-07,0.02,3.3,4.09,4.25,1.92,0,Satara,Maharashtra
2015-05-08,0.15,1.53,4.19,4.39,1.36,0,Satara,Maharashtra
2015-05-09,0.88,1.05,4.8100000000000005,5.26,0.88,0,Satara,Maharashtra
2015-05-10,0.63,1.6600000000000001,5.08,5.890000000000001,0.88,0,Satara,Maharashtra
2015-05-11,0.76,2.27,5.72,6.65,0.88,0,Satara,Maharashtra
2015-05-12,2.0,3.3899999999999997,5.8,8.61,2.0,0,Satara,Maharashtra
2015-05-13,13.76,16.52,18.2,22.32,13.76,0,Satara,Maharashtra
2015-05-14,3.6,19.36,21.78,25.89,13.76,0,Satara,Maharashtra
2015-05-15,3.23,20.59,24.86,29.1,13.76,0,Satara,Maharashtra
2015-05-16,2.57,9.4,26.549999999999997,31.62,3.6,0,Satara,Maharashtra
2015-05-17,0.08,5.88,26.0,31.44,3.23,0,Satara,Maharashtra
2015-05-18,0.04,2.69,25.279999999999998,31.12,2.57,0,Satara,Maharashtra
2015-05-19,0.01,0.13,23.290000000000003,31.01,0.08,0,Satara,Maharashtra
2015-05-20,0.02,0.07,9.55,29.110000000000003,0.04,0,Satara,Maharashtra
2015-05-21,0.01,0.04,5.96,27.759999999999998,0.02,0,Satara,Maharashtra
2015-05-22,0.0,0.03,2.73,27.74,0.02,0,Satara,Maharashtra
2015-05-23,0.0,0.01,0.16,27.59,0.01,0,Satara,Maharashtra
2015-05-24,0.0,0.0,0.08,26.71,0.0,0,Satara,Maharashtra
2015-05-25,0.0,0.0,0.04,26.08,0.0,0,Satara,Maharashtra
2015-05-26,0.04,0.04,0.07,25.360000000000003,0.04,0,Satara,Maharashtra
2015-05-27,0.08,0.12,0.13,23.44,0.08,0,Satara,Maharashtra
2015-05-28,0.09,0.21000000000000002,0.21000000000000002,9.77,0.09,0,Satara,Maharashtra
2015-05-29,1.03,1.2,1.24,7.2,1.03,0,Satara,Maharashtra
2015-05-30,1.48,2.5999999999999996,2.7199999999999998,5.449999999999999,1.48,0,Satara,Maharashtra
2015-05-31,0.56,3.0700000000000003,3.2800000000000002,3.44,1.48,0,Satara,Maharashtra
2015-06-01,0.54,2.58,3.8200000000000003,3.9,1.48,1,Satara,Maharashtra
2015-06-02,0.15,1.25,3.93,4.01,0.56,1,Satara,Maharashtra
2015-06-03,0.5,1.19,4.35,4.5,0.54,1,Satara,Maharashtra
2015-06-04,6.21,6.859999999999999,10.469999999999999,10.69,6.21,1,Satara,Maharashtra
2015-06-05,10.45,17.159999999999997,19.89,21.13,10.45,1,Satara,Maharashtra
2015-06-06,2.25,18.909999999999997,20.659999999999997,23.38,10.45,1,Satara,Maharashtra
2015-06-07,12.47,25.169999999999998,32.57,35.85,12.47,1,Satara,Maharashtra
2015-06-08,4.23,18.95,36.260000000000005,40.08,12.47,1,Satara,Maharashtra
2015-06-09,7.08,23.78,43.19,47.16,12.47,1,Satara,Maharashtra
2015-06-10,7.73,19.04,50.419999999999995,54.85,7.73,1,Satara,Maharashtra
2015-06-11,16.86,31.669999999999998,61.07,71.63,16.86,1,Satara,Maharashtra
2015-06-12,21.77,46.36,72.39,93.31,21.77,1,Satara,Maharashtra
2015-06-13,14.03,52.66,84.17,106.31,21.77,1,Satara,Maharashtra
2015-06-14,9.48,45.28,81.17999999999999,114.30999999999999,21.77,1,Satara,Maharashtra
2015-06-15,9.83,33.34,86.78,123.58000000000001,14.03,1,Satara,Maharashtra
2015-06-16,5.68,24.99,85.38,128.72,9.83,1,Satara,Maharashtra
2015-06-17,21.13,36.64,98.77999999999999,149.7,21.13,1,Satara,Maharashtra
2015-06-18,32.55,59.36,114.46999999999998,181.75,32.55,1,Satara,Maharashtra
2015-06-19,35.7,89.38,128.39999999999998,211.24,35.7,1,Satara,Maharashtra
2015-06-20,76.82,145.07,191.19,277.61,76.82,1,Satara,Maharashtra
2015-06-21,64.82,177.33999999999997,246.52999999999997,340.17999999999995,76.82,1,Satara,Maharashtra
2015-06-22,31.15,172.79,267.84999999999997,358.86,76.82,1,Satara,Maharashtra
2015-06-23,41.37,137.33999999999997,303.53999999999996,396.0,64.82,1,Satara,Maharashtra
2015-06-24,28.0,100.52,310.40999999999997,416.92,41.37,1,Satara,Maharashtra
2015-06-25,9.76,79.13000000000001,287.61999999999995,418.95,41.37,1,Satara,Maharashtra
2015-06-26,2.91,40.67,254.82999999999996,404.99999999999994,28.0,1,Satara,Maharashtra
2015-06-27,1.11,13.78,179.11999999999998,384.34,9.76,1,Satara,Maharashtra
2015-06-28,0.74,4.76,115.03999999999998,371.04999999999995,2.91,1,Satara,Maharashtra
2015-06-29,10.24,12.09,94.13,371.81,10.24,1,Satara,Maharashtra
2015-06-30,11.21,22.19,63.969999999999985,373.18999999999994,11.21,1,Satara,Maharashtra
2015-07-01,5.96,27.41,41.929999999999986,373.47,11.21,1,Satara,Maharashtra
2015-07-02,1.4,18.57,33.569999999999986,353.73999999999995,11.21,1,Satara,Maharashtra
2015-07-03,1.19,8.55,31.849999999999984,322.38,5.96,1,Satara,Maharashtra
2015-07-04,1.41,4.0,32.149999999999984,288.09,1.41,1,Satara,Maharashtra
2015-07-05,1.32,3.92,32.72999999999999,212.59,1.41,1,Satara,Maharashtra
2015-07-06,0.79,3.52,23.279999999999983,148.56,1.41,1,Satara,Maharashtra
2015-07-07,1.12,3.2300000000000004,13.189999999999985,118.52999999999999,1.32,1,Satara,Maharashtra
2015-07-08,3.05,4.96,10.279999999999985,80.21,3.05,1,Satara,Maharashtra
2015-07-09,3.16,7.33,12.039999999999985,55.37,3.16,1,Satara,Maharashtra
2015-07-10,3.26,9.469999999999999,14.109999999999985,48.870000000000005,3.26,1,Satara,Maharashtra
2015-07-11,7.09,13.51,19.789999999999985,53.05,7.09,1,Satara,Maharashtra
2015-07-12,2.34,12.69,20.809999999999985,54.28,7.09,1,Satara,Maharashtra
2015-07-13,0.52,9.95,20.539999999999985,54.059999999999995,7.09,1,Satara,Maharashtra
2015-07-14,0.2,3.06,19.619999999999983,44.02,2.34,1,Satara,Maharashtra
2015-07-15,0.36,1.08,16.929999999999982,33.17,0.52,1,Satara,Maharashtra
2015-07-16,1.85,2.41,15.619999999999985,29.060000000000002,1.85,1,Satara,Maharashtra
2015-07-17,3.21,5.42,15.569999999999986,30.869999999999997,3.21,1,Satara,Maharashtra
2015-07-18,3.31,8.370000000000001,11.789999999999985,32.99,3.31,1,Satara,Maharashtra
2015-07-19,6.0,12.52,15.449999999999985,37.58,6.0,1,Satara,Maharashtra
2015-07-20,12.13,21.44,27.059999999999988,48.39,12.13,1,Satara,Maharashtra
2015-07-21,13.0,31.130000000000003,39.859999999999985,60.6,13.0,1,Satara,Maharashtra
2015-07-22,8.32,33.45,47.81999999999999,67.8,13.0,1,Satara,Maharashtra
2015-07-23,8.35,29.67,54.319999999999986,73.1,13.0,1,Satara,Maharashtra
2015-07-24,10.64,27.310000000000002,61.749999999999986,80.58,10.64,1,Satara,Maharashtra
2015-07-25,9.92,28.91,68.35999999999999,87.24,10.64,1,Satara,Maharashtra
2015-07-26,6.27,26.830000000000002,68.62999999999998,86.41999999999999,10.64,1,Satara,Maharashtra
2015-07-27,7.89,24.080000000000002,64.38999999999999,91.97,9.92,1,Satara,Maharashtra
2015-07-28,7.49,21.650000000000002,58.87999999999999,98.94,7.89,1,Satara,Maharashtra
2015-07-29,7.49,22.87,58.04999999999999,106.23,7.89,1,Satara,Maharashtra
2015-07-30,12.8,27.78,62.499999999999986,118.67000000000002,12.8,1,Satara,Maharashtra
2015-07-31,19.27,39.56,71.13,136.09,19.27,1,Satara,Maharashtra
2015-08-01,11.07,43.14,72.27999999999999,143.95,19.27,1,Satara,Maharashtra
2015-08-02,2.84,33.18,68.85,143.48,19.27,1,Satara,Maharashtra
2015-08-03,5.91,19.82,66.86999999999999,143.39,11.07,1,Satara,Maharashtra
2015-08-04,5.57,14.32,64.94999999999999,136.82999999999998,5.91,1,Satara,Maharashtra
2015-08-05,6.96,18.44,64.41999999999999,130.79,6.96,1,Satara,Maharashtra
2015-08-06,6.51,19.04,58.12999999999999,128.98,6.96,1,Satara,Maharashtra
2015-08-07,3.97,17.44,42.829999999999984,124.60000000000001,6.96,1,Satara,Maharashtra
2015-08-08,4.26,14.739999999999998,36.01999999999998,118.22,6.51,1,Satara,Maharashtra
2015-08-09,5.46,13.690000000000001,38.63999999999998,113.76,5.46,1,Satara,Maharashtra
2015-08-10,5.24,14.96,37.969999999999985,112.73,5.46,1,Satara,Maharashtra
2015-08-11,5.39,16.09,37.789999999999985,110.23,5.46,1,Satara,Maharashtra
2015-08-12,5.21,15.84,36.039999999999985,107.95,5.39,1,Satara,Maharashtra
2015-08-13,3.09,13.690000000000001,32.61999999999998,103.55,5.39,1,Satara,Maharashtra
2015-08-14,7.5,15.8,36.149999999999984,98.25,7.5,1,Satara,Maharashtra
2015-08-15,5.08,15.669999999999998,36.969999999999985,84.06,7.5,1,Satara,Maharashtra
2015-08-16,2.33,14.91,33.83999999999998,75.32000000000001,7.5,1,Satara,Maharashtra
2015-08-17,2.43,9.84,31.029999999999987,74.91,5.08,1,Satara,Maharashtra
2015-08-18,0.22,4.98,25.859999999999985,69.22,2.43,1,Satara,Maharashtra
2015-08-19,0.11,2.7600000000000002,20.759999999999984,63.76,2.43,1,Satara,Maharashtra
2015-08-20,0.76,1.0899999999999999,18.429999999999986,57.56,0.76,1,Satara,Maharashtra
2015-08-21,1.57,2.4400000000000004,12.499999999999986,52.62,1.57,1,Satara,Maharashtra
2015-08-22,1.89,4.220000000000001,9.309999999999986,50.54,1.89,1,Satara,Maharashtra
2015-08-23,1.47,4.93,8.449999999999985,47.75,1.89,1,Satara,Maharashtra
2015-08-24,1.48,4.84,7.499999999999986,43.769999999999996,1.89,1,Satara,Maharashtra
2015-08-25,6.83,9.780000000000001,14.109999999999985,45.36,6.83,1,Satara,Maharashtra
2015-08-26,5.6,13.91,19.599999999999987,45.56999999999999,6.83,1,Satara,Maharashtra
2015-08-27,4.45,16.88,23.289999999999985,44.81,6.83,1,Satara,Maharashtra
2015-08-28,8.89,18.94,30.609999999999985,50.61,8.89,1,Satara,Maharashtra
2015-08-29,8.24,21.58,36.95999999999999,51.35,8.89,1,Satara,Maharashtra
2015-08-30,5.57,22.700000000000003,41.05999999999999,51.84,8.89,1,Satara,Maharashtra
2015-08-31,1.86,15.67,41.43999999999998,51.370000000000005,8.24,1,Satara,Maharashtra
2015-09-01,0.89,8.32,35.499999999999986,49.830000000000005,5.57,1,Satara,Maharashtra
2015-09-02,0.22,2.97,30.119999999999987,49.83,1.86,1,Satara,Maharashtra
2015-09-03,0.05,1.16,25.719999999999988,49.769999999999996,0.89,1,Satara,Maharashtra
2015-09-04,0.03,0.3,16.859999999999985,49.04,0.22,1,Satara,Maharashtra
2015-09-05,0.01,0.09,8.629999999999987,47.48,0.05,1,Satara,Maharashtra
2015-09-06,0.4,0.44,3.4599999999999858,45.99,0.4,1,Satara,Maharashtra
2015-09-07,0.57,0.98,2.1699999999999857,45.09,0.57,1,Satara,Maharashtra
2015-09-08,7.27,8.24,8.549999999999985,50.88,7.27,1,Satara,Maharashtra
2015-09-09,20.51,28.35,28.839999999999986,64.56,20.51,1,Satara,Maharashtra
2015-09-10,50.01,77.78999999999999,78.79999999999998,108.97,50.01,1,Satara,Maharashtra
2015-09-11,7.75,78.27000000000001,86.51999999999998,112.27,50.01,1,Satara,Maharashtra
2015-09-12,15.68,73.44,102.19,119.06,50.01,1,Satara,Maharashtra
2015-09-13,16.38,39.81,118.16999999999999,127.2,16.38,1,Satara,Maharashtra
2015-09-14,5.45,37.51,123.04999999999998,127.08,16.38,1,Satara,Maharashtra
2015-09-15,29.04,50.87,144.82,154.26,29.04,1,Satara,Maharashtra
2015-09-16,22.95,57.44,147.26,176.32,29.04,1,Satara,Maharashtra
2015-09-17,6.02,58.01,103.26999999999998,182.12,29.04,1,Satara,Maharashtra
2015-09-18,11.93,40.9,107.44999999999999,194.0,22.95,1,Satara,Maharashtra
2015-09-19,5.68,23.63,97.44999999999997,199.64999999999998,11.93,1,Satara,Maharashtra
2015-09-20,5.21,22.82,86.27999999999997,204.85,11.93,1,Satara,Maharashtra
2015-09-21,4.85,15.739999999999998,85.67999999999998,209.29999999999998,5.68,1,Satara,Maharashtra
2015-09-22,1.09,11.15,57.72999999999998,209.82,5.21,1,Satara,Maharashtra
2015-09-23,0.07,6.01,34.84999999999999,202.62,4.85,1,Satara,Maharashtra
2015-09-24,0.03,1.1900000000000002,28.859999999999985,182.14,1.09,1,Satara,Maharashtra
2015-09-25,0.01,0.11,16.939999999999984,132.14000000000001,0.07,1,Satara,Maharashtra
2015-09-26,0.03,0.07,11.289999999999985,124.42,0.03,1,Satara,Maharashtra
2015-09-27,0.0,0.04,6.079999999999986,108.74000000000001,0.03,1,Satara,Maharashtra
2015-09-28,0.0,0.03,1.2299999999999858,92.36,0.03,1,Satara,Maharashtra
2015-09-29,0.03,0.03,0.1699999999999858,86.93999999999998,0.03,1,Satara,Maharashtra
2015-09-30,0.9,0.93,0.9999999999999858,58.8,0.9,1,Satara,Maharashtra
2015-10-01,9.18,10.11,10.149999999999986,45.029999999999994,9.18,0,Satara,Maharashtra
2015-10-02,19.49,29.57,29.629999999999985,58.5,19.49,0,Satara,Maharashtra
2015-10-03,19.15,47.81999999999999,48.749999999999986,65.72,19.49,0,Satara,Maharashtra
2015-10-04,11.1,49.739999999999995,59.84999999999998,71.14,19.49,0,Satara,Maharashtra
2015-10-05,3.06,33.309999999999995,62.90999999999998,68.99,19.15,0,Satara,Maharashtra
2015-10-06,0.02,14.18,62.89999999999998,64.16,11.1,0,Satara,Maharashtra
2015-10-07,0.01,3.09,62.009999999999984,63.08,3.06,0,Satara,Maharashtra
2015-10-08,0.1,0.13,52.929999999999986,63.11,0.1,0,Satara,Maharashtra
2015-10-09,1.05,1.1600000000000001,34.48999999999998,64.13,1.05,0,Satara,Maharashtra
2015-10-10,3.61,4.76,18.949999999999985,67.72999999999999,3.61,0,Satara,Maharashtra
2015-10-11,6.41,11.07,14.259999999999986,74.10999999999999,6.41,0,Satara,Maharashtra
2015-10-12,3.34,13.36,14.539999999999985,77.44999999999999,6.41,0,Satara,Maharashtra
2015-10-13,0.42,10.17,14.939999999999985,77.86999999999999,6.41,0,Satara,Maharashtra
2015-10-14,0.01,3.77,14.939999999999985,77.85000000000001,3.34,0,Satara,Maharashtra
2015-10-15,0.0,0.43,14.839999999999986,76.95,0.42,0,Satara,Maharashtra
2015-10-16,0.0,0.01,13.789999999999985,67.77000000000001,0.01,0,Satara,Maharashtra
2015-10-17,0.04,0.04,10.219999999999986,48.31999999999999,0.04,0,Satara,Maharashtra
2015-10-18,0.03,0.07,3.8399999999999856,29.2,0.04,0,Satara,Maharashtra
2015-10-19,0.0,0.07,0.4999999999999858,18.1,0.04,0,Satara,Maharashtra
2015-10-20,0.0,0.03,0.07999999999998579,15.04,0.03,0,Satara,Maharashtra
2015-10-21,0.0,0.0,0.0699999999999858,15.02,0.0,0,Satara,Maharashtra
2015-10-22,0.0,0.0,0.0699999999999858,15.01,0.0,0,Satara,Maharashtra
2015-10-23,0.03,0.03,0.0999999999999858,14.94,0.03,0,Satara,Maharashtra
2015-10-24,0.04,0.07,0.0999999999999858,13.93,0.04,0,Satara,Maharashtra
2015-10-25,0.62,0.69,0.6899999999999857,10.94,0.62,0,Satara,Maharashtra
2015-10-26,0.55,1.21,1.239999999999986,5.08,0.62,0,Satara,Maharashtra
2015-10-27,0.12,1.29,1.3599999999999859,1.8599999999999999,0.62,0,Satara,Maharashtra
2015-10-28,0.03,0.7000000000000002,1.389999999999986,1.47,0.55,0,Satara,Maharashtra
2015-10-29,0.0,0.1500000000000001,1.389999999999986,1.46,0.12,0,Satara,Maharashtra
2015-10-30,0.0,0.03000000000000011,1.3599999999999859,1.46,0.03,0,Satara,Maharashtra
2015-10-31,0.05,0.050000000000000114,1.369999999999986,1.51,0.05,0,Satara,Maharashtra
2015-11-01,0.07,0.12000000000000012,0.819999999999986,1.54,0.07,0,Satara,Maharashtra
2015-11-02,0.09,0.21000000000000013,0.3599999999999859,1.6,0.09,0,Satara,Maharashtra
2015-11-03,0.02,0.18000000000000013,0.2599999999999859,1.6199999999999999,0.09,0,Satara,Maharashtra
2015-11-04,0.75,0.8600000000000001,0.9799999999999859,2.37,0.75,0,Satara,Maharashtra
2015-11-05,0.34,1.11,1.3199999999999859,2.71,0.75,0,Satara,Maharashtra
2015-11-06,0.0,1.09,1.3199999999999859,2.71,0.75,0,Satara,Maharashtra
2015-11-07,0.0,0.34000000000000014,1.2699999999999858,2.68,0.34,0,Satara,Maharashtra
2015-11-08,0.0,0.0,1.1999999999999857,2.64,0.0,0,Satara,Maharashtra
2015-11-09,0.0,0.0,1.1099999999999859,2.02,0.0,0,Satara,Maharashtra
2015-11-10,0.0,0.0,1.0899999999999859,1.47,0.0,0,Satara,Maharashtra
2015-11-11,0.0,0.0,0.3399999999999859,1.35,0.0,0,Satara,Maharashtra
2015-11-12,0.0,0.0,0.0,1.32,0.0,0,Satara,Maharashtra
2015-11-13,0.0,0.0,0.0,1.32,0.0,0,Satara,Maharashtra
2015-11-14,0.0,0.0,0.0,1.32,0.0,0,Satara,Maharashtra
2015-11-15,0.0,0.0,0.0,1.27,0.0,0,Satara,Maharashtra
2015-11-16,0.0,0.0,0.0,1.2,0.0,0,Satara,Maharashtra
2015-11-17,0.0,0.0,0.0,1.1099999999999999,0.0,0,Satara,Maharashtra
2015-11-18,0.0,0.0,0.0,1.09,0.0,0,Satara,Maharashtra
2015-11-19,0.0,0.0,0.0,0.34,0.0,0,Satara,Maharashtra
2015-11-20,0.32,0.3200000000000001,0.3199999999999859,0.32,0.32,0,Satara,Maharashtra
2015-11-21,4.06,4.38,4.379999999999986,4.38,4.06,0,Satara,Maharashtra
2015-11-22,8.96,13.34,13.339999999999986,13.34,8.96,0,Satara,Maharashtra
2015-11-23,9.5,22.52,22.839999999999986,22.84,9.5,0,Satara,Maharashtra
2015-11-24,0.99,19.45,23.829999999999984,23.83,9.5,0,Satara,Maharashtra
2015-11-25,0.49,10.98,24.319999999999986,24.32,9.5,0,Satara,Maharashtra
2015-11-26,0.06,1.54,24.379999999999985,24.38,0.99,0,Satara,Maharashtra
2015-11-27,0.0,0.55,24.059999999999985,24.38,0.49,0,Satara,Maharashtra
2015-11-28,0.0,0.06,19.999999999999986,24.38,0.06,0,Satara,Maharashtra
2015-11-29,0.0,0.0,11.039999999999985,24.38,0.0,0,Satara,Maharashtra
2015-11-30,0.0,0.0,1.5399999999999858,24.38,0.0,0,Satara,Maharashtra
2015-12-01,0.0,0.0,0.5499999999999858,24.38,0.0,0,Satara,Maharashtra
2015-12-02,0.0,0.0,0.05999999999998579,24.38,0.0,0,Satara,Maharashtra
2015-12-03,0.0,0.0,0.0,24.38,0.0,0,Satara,Maharashtra
2015-12-04,0.0,0.0,0.0,24.38,0.0,0,Satara,Maharashtra
2015-12-05,0.0,0.0,0.0,24.06,0.0,0,Satara,Maharashtra
2015-12-06,0.0,0.0,0.0,20.0,0.0,0,Satara,Maharashtra
2015-12-07,0.0,0.0,0.0,11.04,0.0,0,Satara,Maharashtra
2015-12-08,0.0,0.0,0.0,1.54,0.0,0,Satara,Maharashtra
2015-12-09,0.0,0.0,0.0,0.55,0.0,0,Satara,Maharashtra
2015-12-10,0.0,0.0,0.0,0.06,0.0,0,Satara,Maharashtra
2015-12-11,0.0,0.0,0.0,0.0,0.0,0,Satara,Maharashtra
2015-12-12,0.0,0.0,0.0,0.0,0.0,0,Satara,Maharashtra
2015-12-13,0.0,0.0,0.0,0.0,0.0,0,Satara,Maharashtra
2015-12-14,0.0,0.0,0.0,0.0,0.0,0,Satara,Maharashtra
2015-12-15,0.0,0.0,0.0,0.0,0.0,0,Satara,Maharashtra
2015-12-16,0.0,0.0,0.0,0.0,0.0,0,Satara,Maharashtra
2015-12-17,0.0,0.0,0.0,0.0,0.0,0,Satara,Maharashtra
2015-12-18,0.0,0.0,0.0,0.0,0.0,0,Satara,Maharashtra
2015-12-19,0.0,0.0,0.0,0.0,0.0,0,Satara,Maharashtra
2015-12-20,0.0,0.0,0.0,0.0,0.0,0,Satara,Maharashtra
2015-12-21,0.0,0.0,0.0,0.0,0.0,0,Satara,Maharashtra
2015-12-22,0.0,0.0,0.0,0.0,0.0,0,Satara,Maharashtra
2015-12-23,0.0,0.0,0.0,0.0,0.0,0,Satara,Maharashtra
2015-12-24,0.0,0.0,0.0,0.0,0.0,0,Satara,Maharashtra
2015-12-25,0.0,0.0,0.0,0.0,0.0,0,Satara,Maharashtra
2015-12-26,0.0,0.0,0.0,0.0,0.0,0,Satara,Maharashtra
2015-12-27,0.0,0.0,0.0,0.0,0.0,0,Satara,Maharashtra
2015-12-28,0.0,0.0,0.0,0.0,0.0,0,Satara,Maharashtra
2015-12-29,0.0,0.0,0.0,0.0,0.0,0,Satara,Maharashtra
2015-12-30,0.0,0.0,0.0,0.0,0.0,0,Satara,Maharashtra
2015-12-31,0.0,0.0,0.0,0.0,0.0,0,Satara,Maharashtra
2016-01-01,0.0,0.0,0.0,0.0,0.0,0,Satara,Maharashtra
2016-01-02,0.0,0.0,0.0,0.0,0.0,0,Satara,Maharashtra
2016-01-03,0.0,0.0,0.0,0.0,0.0,0,Satara,Maharashtra
2016-01-04,0.0,0.0,0.0,0.0,0.0,0,Satara,Maharashtra
2016-01-05,0.0,0.0,0.0,0.0,0.0,0,Satara,Maharashtra
2016-01-06,0.0,0.0,0.0,0.0,0.0,0,Satara,Maharashtra
2016-01-07,0.0,0.0,0.0,0.0,0.0,0,Satara,Maharashtra
2016-01-08,0.0,0.0,0.0,0.0,0.0,0,Satara,Maharashtra
2016-01-09,0.0,0.0,0.0,0.0,0.0,0,Satara,Maharashtra
2016-01-10,0.0,0.0,0.0,0.0,0.0,0,Satara,Maharashtra
2016-01-11,0.0,0.0,0.0,0.0,0.0,0,Satara,Maharashtra
2016-01-12,0.0,0.0,0.0,0.0,0.0,0,Satara,Maharashtra
2016-01-13,0.0,0.0,0.0,0.0,0.0,0,Satara,Maharashtra
2016-01-14,0.0,0.0,0.0,0.0,0.0,0,Satara,Maharashtra
2016-01-15,0.0,0.0,0.0,0.0,0.0,0,Satara,Maharashtra
2016-01-16,0.0,0.0,0.0,0.0,0.0,0,Satara,Maharashtra
2016-01-17,0.0,0.0,0.0,0.0,0.0,0,Satara,Maharashtra
2016-01-18,0.0,0.0,0.0,0.0,0.0,0,Satara,Maharashtra
2016-01-19,0.0,0.0,0.0,0.0,0.0,0,Satara,Maharashtra
2016-01-20,0.0,0.0,0.0,0.0,0.0,0,Satara,Maharashtra
2016-01-21,0.0,0.0,0.0,0.0,0.0,0,Satara,Maharashtra
2016-01-22,0.0,0.0,0.0,0.0,0.0,0,Satara,Maharashtra
2016-01-23,0.0,0.0,0.0,0.0,0.0,0,Satara,Maharashtra
2016-01-24,0.0,0.0,0.0,0.0,0.0,0,Satara,Maharashtra
2016-01-25,0.0,0.0,0.0,0.0,0.0,0,Satara,Maharashtra
2016-01-26,0.0,0.0,0.0,0.0,0.0,0,Satara,Maharashtra
2016-01-27,0.0,0.0,0.0,0.0,0.0,0,Satara,Maharashtra
2016-01-28,0.0,0.0,0.0,0.0,0.0,0,Satara,Maharashtra
2016-01-29,0.0,0.0,0.0,0.0,0.0,0,Satara,Maharashtra
2016-01-30,0.0,0.0,0.0,0.0,0.0,0,Satara,Maharashtra
2016-01-31,0.0,0.0,0.0,0.0,0.0,0,Satara,Maharashtra
2016-02-01,0.0,0.0,0.0,0.0,0.0,0,Satara,Maharashtra
2016-02-02,0.0,0.0,0.0,0.0,0.0,0,Satara,Maharashtra
2016-02-03,0.0,0.0,0.0,0.0,0.0,0,Satara,Maharashtra
2016-02-04,0.0,0.0,0.0,0.0,0.0,0,Satara,Maharashtra
2016-02-05,0.0,0.0,0.0,0.0,0.0,0,Satara,Maharashtra
2016-02-06,0.0,0.0,0.0,0.0,0.0,0,Satara,Maharashtra
2016-02-07,0.0,0.0,0.0,0.0,0.0,0,Satara,Maharashtra
2016-02-08,0.0,0.0,0.0,0.0,0.0,0,Satara,Maharashtra
2016-02-09,0.0,0.0,0.0,0.0,0.0,0,Satara,Maharashtra
2016-02-10,0.0,0.0,0.0,0.0,0.0,0,Satara,Maharashtra
2016-02-11,0.0,0.0,0.0,0.0,0.0,0,Satara,Maharashtra
2016-02-12,0.0,0.0,0.0,0.0,0.0,0,Satara,Maharashtra
2016-02-13,0.0,0.0,0.0,0.0,0.0,0,Satara,Maharashtra
2016-02-14,0.0,0.0,0.0,0.0,0.0,0,Satara,Maharashtra
2016-02-15,0.0,0.0,0.0,0.0,0.0,0,Satara,Maharashtra
2016-02-16,0.0,0.0,0.0,0.0,0.0,0,Satara,Maharashtra
2016-02-17,0.0,0.0,0.0,0.0,0.0,0,Satara,Maharashtra
2016-02-18,0.0,0.0,0.0,0.0,0.0,0,Satara,Maharashtra
2016-02-19,0.0,0.0,0.0,0.0,0.0,0,Satara,Maharashtra
2016-02-20,0.0,0.0,0.0,0.0,0.0,0,Satara,Maharashtra
2016-02-21,0.0,0.0,0.0,0.0,0.0,0,Satara,Maharashtra
2016-02-22,0.0,0.0,0.0,0.0,0.0,0,Satara,Maharashtra
2016-02-23,0.0,0.0,0.0,0.0,0.0,0,Satara,Maharashtra
2016-02-24,0.0,0.0,0.0,0.0,0.0,0,Satara,Maharashtra
2016-02-25,0.0,0.0,0.0,0.0,0.0,0,Satara,Maharashtra
2016-02-26,0.0,0.0,0.0,0.0,0.0,0,Satara,Maharashtra
2016-02-27,0.0,0.0,0.0,0.0,0.0,0,Satara,Maharashtra
2016-02-28,4.82,4.82,4.819999999999986,4.82,4.82,0,Satara,Maharashtra
2016-02-29,0.99,5.8100000000000005,5.809999999999986,5.8100000000000005,4.82,0,Satara,Maharashtra
2016-03-01,1.72,7.53,7.529999999999986,7.53,4.82,0,Satara,Maharashtra
2016-03-02,0.64,3.35,8.169999999999986,8.17,1.72,0,Satara,Maharashtra
2016-03-03,0.67,3.0300000000000002,8.839999999999986,8.84,1.72,0,Satara,Maharashtra
2016-03-04,0.72,2.0300000000000002,9.559999999999986,9.56,0.72,0,Satara,Maharashtra
2016-03-05,0.0,1.39,9.559999999999986,9.56,0.72,0,Satara,Maharashtra
2016-03-06,0.0,0.72,4.739999999999986,9.56,0.72,0,Satara,Maharashtra
2016-03-07,0.0,0.0,3.749999999999986,9.56,0.0,0,Satara,Maharashtra
2016-03-08,0.0,0.0,2.029999999999986,9.56,0.0,0,Satara,Maharashtra
2016-03-09,0.0,0.0,1.3899999999999857,9.56,0.0,0,Satara,Maharashtra
2016-03-10,0.0,0.0,0.7199999999999858,9.56,0.0,0,Satara,Maharashtra
2016-03-11,0.0,0.0,0.0,9.56,0.0,0,Satara,Maharashtra
2016-03-12,0.0,0.0,0.0,9.56,0.0,0,Satara,Maharashtra
2016-03-13,0.0,0.0,0.0,9.56,0.0,0,Satara,Maharashtra
2016-03-14,0.0,0.0,0.0,4.74,0.0,0,Satara,Maharashtra
2016-03-15,0.0,0.0,0.0,3.75,0.0,0,Satara,Maharashtra
2016-03-16,0.0,0.0,0.0,2.0300000000000002,0.0,0,Satara,Maharashtra
2016-03-17,0.0,0.0,0.0,1.39,0.0,0,Satara,Maharashtra
2016-03-18,0.0,0.0,0.0,0.72,0.0,0,Satara,Maharashtra
2016-03-19,0.0,0.0,0.0,0.0,0.0,0,Satara,Maharashtra
2016-03-20,0.0,0.0,0.0,0.0,0.0,0,Satara,Maharashtra
2016-03-21,0.0,0.0,0.0,0.0,0.0,0,Satara,Maharashtra
2016-03-22,0.0,0.0,0.0,0.0,0.0,0,Satara,Maharashtra
2016-03-23,0.01,0.01,0.00999999999998579,0.01,0.01,0,Satara,Maharashtra
2016-03-24,0.0,0.01,0.00999999999998579,0.01,0.01,0,Satara,Maharashtra
2016-03-25,0.0,0.01,0.00999999999998579,0.01,0.01,0,Satara,Maharashtra
2016-03-26,0.01,0.01,0.01999999999998579,0.02,0.01,0,Satara,Maharashtra
2016-03-27,0.21,0.22,0.22999999999998577,0.22999999999999998,0.21,0,Satara,Maharashtra
2016-03-28,0.1,0.32,0.32999999999998575,0.32999999999999996,0.21,0,Satara,Maharashtra
2016-03-29,0.0,0.31,0.32999999999998575,0.32999999999999996,0.21,0,Satara,Maharashtra
2016-03-30,0.0,0.1,0.31999999999998574,0.32999999999999996,0.1,0,Satara,Maharashtra
2016-03-31,0.0,0.0,0.31999999999998574,0.32999999999999996,0.0,0,Satara,Maharashtra
2016-04-01,0.0,0.0,0.31999999999998574,0.32999999999999996,0.0,0,Satara,Maharashtra
2016-04-02,0.0,0.0,0.30999999999998573,0.32999999999999996,0.0,0,Satara,Maharashtra
2016-04-03,0.0,0.0,0.0999999999999858,0.32999999999999996,0.0,0,Satara,Maharashtra
2016-04-04,0.54,0.54,0.5399999999999858,0.87,0.54,0,Satara,Maharashtra
2016-04-05,0.13,0.67,0.6699999999999858,1.0,0.54,0,Satara,Maharashtra
2016-04-06,0.38,1.05,1.0499999999999858,1.38,0.54,0,Satara,Maharashtra
2016-04-07,0.02,0.53,1.0699999999999859,1.39,0.38,0,Satara,Maharashtra
2016-04-08,0.0,0.4,1.0699999999999859,1.39,0.38,0,Satara,Maharashtra
2016-04-09,0.0,0.02,1.0699999999999859,1.39,0.02,0,Satara,Maharashtra
2016-04-10,0.01,0.01,1.0799999999999859,1.39,0.01,0,Satara,Maharashtra
2016-04-11,0.01,0.02,0.5499999999999858,1.19,0.01,0,Satara,Maharashtra
2016-04-12,0.0,0.02,0.4199999999999858,1.0899999999999999,0.01,0,Satara,Maharashtra
2016-04-13,0.0,0.01,0.03999999999998579,1.0899999999999999,0.01,0,Satara,Maharashtra
2016-04-14,0.0,0.0,0.01999999999998579,1.0899999999999999,0.0,0,Satara,Maharashtra
2016-04-15,0.0,0.0,0.01999999999998579,1.0899999999999999,0.0,0,Satara,Maharashtra
2016-04-16,0.0,0.0,0.01999999999998579,1.0899999999999999,0.0,0,Satara,Maharashtra
2016-04-17,0.0,0.0,0.00999999999998579,1.0899999999999999,0.0,0,Satara,Maharashtra
2016-04-18,0.01,0.01,0.00999999999998579,1.0999999999999999,0.01,0,Satara,Maharashtra
2016-04-19,1.4,1.41,1.4099999999999857,1.96,1.4,0,Satara,Maharashtra
2016-04-20,0.69,2.0999999999999996,2.0999999999999854,2.52,1.4,0,Satara,Maharashtra
2016-04-21,0.0,2.09,2.0999999999999854,2.1399999999999997,1.4,0,Satara,Maharashtra
2016-04-22,0.0,0.69,2.0999999999999854,2.12,0.69,0,Satara,Maharashtra
2016-04-23,0.0,0.0,2.0999999999999854,2.12,0.0,0,Satara,Maharashtra
2016-04-24,0.0,0.0,2.0999999999999854,2.12,0.0,0,Satara,Maharashtra
2016-04-25,0.0,0.0,2.0899999999999856,2.11,0.0,0,Satara,Maharashtra
2016-04-26,0.0,0.0,0.6899999999999857,2.1,0.0,0,Satara,Maharashtra
2016-04-27,0.01,0.01,0.00999999999998579,2.11,0.01,0,Satara,Maharashtra
2016-04-28,0.09,0.09999999999999999,0.09999999999998578,2.2,0.09,0,Satara,Maharashtra
2016-04-29,0.02,0.12,0.11999999999998578,2.22,0.09,0,Satara,Maharashtra
2016-04-30,0.04,0.15,0.15999999999998576,2.2600000000000002,0.09,0,Satara,Maharashtra
2016-05-01,0.01,0.06999999999999999,0.16999999999998577,2.27,0.04,0,Satara,Maharashtra
2016-05-02,0.0,0.049999999999999996,0.16999999999998577,2.27,0.04,0,Satara,Maharashtra
2016-05-03,0.0,0.01,0.16999999999998577,2.26,0.01,0,Satara,Maharashtra
2016-05-04,0.0,0.0,0.15999999999998576,0.86,0.0,0,Satara,Maharashtra
2016-05-05,0.0,0.0,0.06999999999998578,0.16999999999999998,0.0,0,Satara,Maharashtra
2016-05-06,0.04,0.04,0.08999999999998579,0.21,0.04,0,Satara,Maharashtra
2016-05-07,0.07,0.11000000000000001,0.1199999999999858,0.28,0.07,0,Satara,Maharashtra
2016-05-08,0.02,0.13,0.1299999999999858,0.3,0.07,0,Satara,Maharashtra
2016-05-09,1.16,1.25,1.2899999999999858,1.46,1.16,0,Satara,Maharashtra
2016-05-10,1.65,2.83,2.9399999999999853,3.11,1.65,0,Satara,Maharashtra
2016-05-11,0.24,3.05,3.1799999999999855,3.3499999999999996,1.65,0,Satara,Maharashtra
2016-05-12,0.37,2.26,3.5499999999999856,3.71,1.65,0,Satara,Maharashtra
2016-05-13,1.35,1.96,4.859999999999985,4.97,1.35,0,Satara,Maharashtra
2016-05-14,1.38,3.0999999999999996,6.169999999999986,6.33,1.38,0,Satara,Maharashtra
2016-05-15,0.15,2.88,6.299999999999986,6.44,1.38,0,Satara,Maharashtra
2016-05-16,0.05,1.5799999999999996,5.189999999999985,6.4799999999999995,1.38,0,Satara,Maharashtra
2016-05-17,0.02,0.21999999999999978,3.559999999999986,6.499999999999999,0.15,0,Satara,Maharashtra
2016-05-18,0.09,0.15999999999999978,3.409999999999986,6.589999999999999,0.09,0,Satara,Maharashtra
2016-05-19,0.28,0.3899999999999998,3.3199999999999856,6.869999999999999,0.28,0,Satara,Maharashtra
2016-05-20,0.14,0.5099999999999998,2.1099999999999857,7.01,0.28,0,Satara,Maharashtra
2016-05-21,0.04,0.4599999999999998,0.7699999999999858,7.01,0.28,0,Satara,Maharashtra
2016-05-22,0.01,0.18999999999999978,0.6299999999999858,6.95,0.14,0,Satara,Maharashtra
2016-05-23,0.02,0.06999999999999978,0.5999999999999859,6.949999999999999,0.04,0,Satara,Maharashtra
2016-05-24,0.01,0.03999999999999978,0.5899999999999859,5.799999999999999,0.02,0,Satara,Maharashtra
2016-05-25,0.06,0.08999999999999977,0.5599999999999858,4.21,0.06,0,Satara,Maharashtra
2016-05-26,0.05,0.11999999999999979,0.3299999999999858,4.02,0.06,0,Satara,Maharashtra
2016-05-27,0.02,0.12999999999999978,0.20999999999998578,3.67,0.06,0,Satara,Maharashtra
2016-05-28,0.03,0.09999999999999978,0.19999999999998577,2.35,0.05,0,Satara,Maharashtra
2016-05-29,0.02,0.06999999999999978,0.2099999999999858,0.99,0.03,0,Satara,Maharashtra
2016-05-30,0.04,0.08999999999999977,0.22999999999998577,0.88,0.04,0,Satara,Maharashtra
2016-05-31,0.06,0.11999999999999977,0.2799999999999858,0.8900000000000001,0.06,0,Satara,Maharashtra
2016-06-01,1.18,1.2799999999999998,1.3999999999999857,2.05,1.18,1,Satara,Maharashtra
2016-06-02,6.0,7.24,7.349999999999985,7.96,6.0,1,Satara,Maharashtra
2016-06-03,4.19,11.370000000000001,11.519999999999985,11.870000000000001,6.0,1,Satara,Maharashtra
2016-06-04,30.91,41.1,42.399999999999984,42.64,30.91,1,Satara,Maharashtra
2016-06-05,9.33,44.43,51.70999999999999,51.93,30.91,1,Satara,Maharashtra
2016-06-06,1.55,41.79,53.219999999999985,53.470000000000006,30.91,1,Satara,Maharashtra
2016-06-07,1.29,12.17,54.44999999999999,54.74,9.33,1,Satara,Maharashtra
2016-06-08,8.9,11.74,62.16999999999999,63.63,8.9,1,Satara,Maharashtra
2016-06-09,16.29,26.479999999999997,72.45999999999998,79.86,16.29,1,Satara,Maharashtra
2016-06-10,19.58,44.769999999999996,87.85,99.39,19.58,1,Satara,Maharashtra
2016-06-11,8.24,44.11,65.17999999999998,107.61,19.58,1,Satara,Maharashtra
2016-06-12,11.71,39.53,67.55999999999999,119.29,19.58,1,Satara,Maharashtra
2016-06-13,11.5,31.450000000000003,77.50999999999999,130.76999999999998,11.71,1,Satara,Maharashtra
2016-06-14,7.16,30.369999999999997,83.37999999999998,137.89000000000001,11.71,1,Satara,Maharashtra
2016-06-15,2.92,21.58,77.39999999999999,140.75,11.5,1,Satara,Maharashtra
2016-06-16,2.03,12.11,63.139999999999986,141.6,7.16,1,Satara,Maharashtra
2016-06-17,1.18,6.13,44.73999999999999,136.78,2.92,1,Satara,Maharashtra
2016-06-18,2.21,5.42,38.70999999999999,134.79999999999998,2.21,1,Satara,Maharashtra
2016-06-19,6.52,9.91,33.51999999999998,110.41,6.52,1,Satara,Maharashtra
2016-06-20,16.28,25.01,38.29999999999998,117.36,16.28,1,Satara,Maharashtra
2016-06-21,12.66,35.46,43.79999999999998,128.47,16.28,1,Satara,Maharashtra
2016-06-22,11.68,40.620000000000005,52.55999999999999,138.85999999999999,16.28,1,Satara,Maharashtra
2016-06-23,22.49,46.83,73.01999999999998,152.45,22.49,1,Satara,Maharashtra
2016-06-24,15.34,49.510000000000005,87.17999999999999,151.5,22.49,1,Satara,Maharashtra
2016-06-25,42.92,80.75,127.88999999999999,174.84000000000003,42.92,1,Satara,Maharashtra
2016-06-26,25.92,84.18,147.29,192.52,42.92,1,Satara,Maharashtra
2016-06-27,31.73,100.57000000000001,162.73999999999998,212.54,42.92,1,Satara,Maharashtra
2016-06-28,33.92,91.57000000000001,184.0,234.96,33.92,1,Satara,Maharashtra
2016-06-29,44.58,110.23,216.89999999999998,272.38,44.58,1,Satara,Maharashtra
2016-06-30,31.9,110.4,226.30999999999997,301.36,44.58,1,Satara,Maharashtra
2016-07-01,45.84,122.32,256.81,345.17,45.84,1,Satara,Maharashtra
2016-07-02,54.51,132.25,268.4,398.5,54.51,1,Satara,Maharashtra
2016-07-03,50.12,150.47,292.59999999999997,446.41,54.51,1,Satara,Maharashtra
2016-07-04,46.76,151.39,307.63,486.65,54.51,1,Satara,Maharashtra
2016-07-05,28.27,125.14999999999999,301.98,498.64000000000004,50.12,1,Satara,Maharashtra
2016-07-06,16.93,91.96000000000001,274.3299999999999,502.90999999999997,46.76,1,Satara,Maharashtra
2016-07-07,11.71,56.91,254.14,502.94,28.27,1,Satara,Maharashtra
2016-07-08,19.62,48.260000000000005,227.91999999999996,500.07000000000005,19.62,1,Satara,Maharashtra
2016-07-09,40.88,72.21000000000001,214.29,525.61,40.88,1,Satara,Maharashtra
2016-07-10,113.33,173.82999999999998,277.5,596.02,113.33,1,Satara,Maharashtra
2016-07-11,104.39,258.59999999999997,335.13,674.49,113.33,1,Satara,Maharashtra
2016-07-12,59.11,276.83,365.97,701.87,113.33,1,Satara,Maharashtra
2016-07-13,28.52,192.02,377.56,696.47,104.39,1,Satara,Maharashtra
2016-07-14,14.29,101.91999999999999,380.13999999999993,666.18,59.11,1,Satara,Maharashtra
2016-07-15,9.25,52.05999999999999,369.77,643.53,28.52,1,Satara,Maharashtra
2016-07-16,9.62,33.15999999999998,338.50999999999993,607.31,14.29,1,Satara,Maharashtra
2016-07-17,13.43,32.29999999999998,238.60999999999996,566.23,13.43,1,Satara,Maharashtra
2016-07-18,26.9,49.94999999999998,161.11999999999998,543.01,26.9,1,Satara,Maharashtra
2016-07-19,37.1,77.42999999999998,139.10999999999996,533.35,37.1,1,Satara,Maharashtra
2016-07-20,31.91,95.90999999999998,142.49999999999997,536.99,37.1,1,Satara,Maharashtra
2016-07-21,15.32,84.33,143.52999999999997,535.38,37.1,1,Satara,Maharashtra
2016-07-22,25.08,72.30999999999999,159.35999999999999,548.75,31.91,1,Satara,Maharashtra
2016-07-23,27.2,67.6,176.93999999999997,556.3299999999999,27.2,1,Satara,Maharashtra
2016-07-24,10.05,62.329999999999984,173.55999999999997,525.5,27.2,1,Satara,Maharashtra
2016-07-25,14.45,51.69999999999998,161.10999999999996,426.62,27.2,1,Satara,Maharashtra
2016-07-26,7.41,31.909999999999986,131.41999999999996,329.64,14.45,1,Satara,Maharashtra
2016-07-27,6.65,28.509999999999984,106.15999999999997,277.18,14.45,1,Satara,Maharashtra
2016-07-28,16.88,30.939999999999987,107.71999999999997,265.53999999999996,16.88,1,Satara,Maharashtra
2016-07-29,19.96,43.48999999999999,102.59999999999997,271.21,19.96,1,Satara,Maharashtra
2016-07-30,34.55,71.38999999999999,109.94999999999997,296.51,34.55,1,Satara,Maharashtra
2016-07-31,65.47,119.97999999999999,165.36999999999995,352.36,65.47,1,Satara,Maharashtra
2016-08-01,111.63,211.64999999999998,262.54999999999995,450.55999999999995,111.63,1,Satara,Maharashtra
2016-08-02,106.55,283.65,361.68999999999994,530.21,111.63,1,Satara,Maharashtra
2016-08-03,78.87,297.05,433.90999999999997,571.98,111.63,1,Satara,Maharashtra
2016-08-04,56.25,241.67000000000002,473.28,596.32,106.55,1,Satara,Maharashtra
2016-08-05,74.86,209.98,528.18,655.8599999999999,78.87,1,Satara,Maharashtra
2016-08-06,31.88,162.99,525.51,662.6600000000001,74.86,1,Satara,Maharashtra
2016-08-07,24.91,131.65,484.95,660.37,74.86,1,Satara,Maharashtra
2016-08-08,25.67,82.46000000000001,398.99,675.99,31.88,1,Satara,Maharashtra
2016-08-09,22.74,73.32000000000001,315.17999999999995,684.28,25.67,1,Satara,Maharashtra
2016-08-10,19.08,67.49,255.38999999999996,695.95,25.67,1,Satara,Maharashtra
2016-08-11,14.13,55.949999999999996,213.26999999999998,703.4300000000001,22.74,1,Satara,Maharashtra
2016-08-12,17.2,50.41,155.60999999999996,703.75,19.08,1,Satara,Maharashtra
2016-08-13,7.15,38.480000000000004,130.87999999999997,690.94,17.2,1,Satara,Maharashtra
2016-08-14,3.35,27.7,109.31999999999998,659.74,17.2,1,Satara,Maharashtra
2016-08-15,6.1,16.6,89.74999999999997,600.37,7.15,1,Satara,Maharashtra
2016-08-16,4.35,13.800000000000002,71.35999999999997,493.09000000000003,6.1,1,Satara,Maharashtra
2016-08-17,3.18,13.630000000000003,55.45999999999997,389.72,6.1,1,Satara,Maharashtra
2016-08-18,9.3,16.830000000000005,50.629999999999974,320.15000000000003,9.3,1,Satara,Maharashtra
2016-08-19,4.77,17.250000000000004,38.199999999999974,268.67,9.3,1,Satara,Maharashtra
2016-08-20,4.4,18.470000000000006,35.449999999999974,198.21,9.3,1,Satara,Maharashtra
2016-08-21,9.71,18.880000000000003,41.809999999999974,176.04,9.71,1,Satara,Maharashtra
2016-08-22,12.89,27.000000000000007,48.59999999999997,164.02,12.89,1,Satara,Maharashtra
2016-08-23,16.9,39.50000000000001,61.14999999999997,155.25,16.9,1,Satara,Maharashtra
2016-08-24,14.08,43.870000000000005,72.04999999999997,146.59,16.9,1,Satara,Maharashtra
2016-08-25,5.75,36.730000000000004,68.49999999999997,133.26,16.9,1,Satara,Maharashtra
2016-08-26,8.38,28.210000000000008,72.10999999999999,127.51,14.08,1,Satara,Maharashtra
2016-08-27,17.53,31.66000000000001,85.23999999999998,127.84,17.53,1,Satara,Maharashtra
2016-08-28,17.56,43.47000000000001,93.08999999999997,138.25,17.56,1,Satara,Maharashtra
2016-08-29,8.88,43.970000000000006,89.07999999999998,143.78,17.56,1,Satara,Maharashtra
2016-08-30,6.38,32.82000000000001,78.55999999999997,144.06,17.56,1,Satara,Maharashtra
2016-08-31,2.83,18.090000000000007,67.30999999999997,142.54000000000002,8.88,1,Satara,Maharashtra
2016-09-01,5.85,15.060000000000006,67.40999999999997,145.21,6.38,1,Satara,Maharashtra
2016-09-02,5.32,14.000000000000007,64.34999999999997,141.23,5.85,1,Satara,Maharashtra
2016-09-03,3.99,15.160000000000007,50.809999999999974,140.45000000000002,5.85,1,Satara,Maharashtra
2016-09-04,1.71,11.020000000000008,34.959999999999965,137.76000000000002,5.32,1,Satara,Maharashtra
2016-09-05,2.57,8.270000000000007,28.649999999999974,130.62,3.99,1,Satara,Maharashtra
2016-09-06,4.11,8.390000000000008,26.37999999999997,121.84,4.11,1,Satara,Maharashtra
2016-09-07,2.63,9.310000000000008,26.17999999999997,107.57,4.11,1,Satara,Maharashtra
2016-09-08,1.51,8.250000000000007,21.83999999999997,95.0,4.11,1,Satara,Maharashtra
2016-09-09,1.03,5.170000000000008,17.54999999999997,90.28,2.63,1,Satara,Maharashtra
2016-09-10,0.6,3.140000000000008,14.159999999999972,82.5,1.51,1,Satara,Maharashtra
2016-09-11,1.45,3.080000000000008,13.89999999999997,66.42,1.45,1,Satara,Maharashtra
2016-09-12,1.56,3.6100000000000074,12.88999999999997,50.419999999999995,1.56,1,Satara,Maharashtra
2016-09-13,2.97,5.980000000000008,11.749999999999972,44.510000000000005,2.97,1,Satara,Maharashtra
2016-09-14,8.29,12.820000000000007,17.40999999999997,46.42,8.29,1,Satara,Maharashtra
2016-09-15,11.39,22.650000000000006,27.28999999999997,54.980000000000004,11.39,1,Satara,Maharashtra
2016-09-16,31.42,51.10000000000001,57.67999999999997,80.55,31.42,1,Satara,Maharashtra
2016-09-17,53.31,96.12,110.38999999999997,128.54000000000002,53.31,1,Satara,Maharashtra
2016-09-18,42.3,127.03,151.23999999999995,166.85,53.31,1,Satara,Maharashtra
2016-09-19,10.87,106.48,160.54999999999995,176.01,53.31,1,Satara,Maharashtra
2016-09-20,15.51,68.68,173.08999999999997,188.95,42.3,1,Satara,Maharashtra
2016-09-21,33.4,59.78,198.2,218.24,33.4,1,Satara,Maharashtra
2016-09-22,27.79,76.7,214.6,243.39999999999998,33.4,1,Satara,Maharashtra
2016-09-23,45.37,106.56,228.54999999999995,287.26,45.37,1,Satara,Maharashtra
2016-09-24,33.22,106.38,208.45999999999998,319.45000000000005,45.37,1,Satara,Maharashtra
2016-09-25,12.46,91.05000000000001,178.61999999999995,331.31,45.37,1,Satara,Maharashtra
2016-09-26,4.47,50.150000000000006,172.21999999999997,334.33,33.22,1,Satara,Maharashtra
2016-09-27,7.41,24.340000000000007,164.11999999999995,340.18,12.46,1,Satara,Maharashtra
2016-09-28,2.92,14.800000000000008,133.64,340.13,7.41,1,Satara,Maharashtra
2016-09-29,2.91,13.240000000000009,108.75999999999996,334.75,7.41,1,Satara,Maharashtra
2016-09-30,0.6,6.430000000000007,63.989999999999974,323.96,2.92,1,Satara,Maharashtra
2016-10-01,19.35,22.860000000000007,50.119999999999976,311.89,19.35,0,Satara,Maharashtra
2016-10-02,12.03,31.980000000000004,49.68999999999997,270.61,19.35,0,Satara,Maharashtra
2016-10-03,11.35,42.730000000000004,56.56999999999997,239.66,19.35,0,Satara,Maharashtra
2016-10-04,7.27,30.650000000000002,56.429999999999964,236.06,12.03,0,Satara,Maharashtra
2016-10-05,2.81,21.430000000000003,56.31999999999997,223.36,11.35,0,Satara,Maharashtra
2016-10-06,0.72,10.800000000000002,54.12999999999997,190.68,7.27,0,Satara,Maharashtra
2016-10-07,2.13,5.660000000000004,55.65999999999997,165.02,2.81,0,Satara,Maharashtra
2016-10-08,2.53,5.3800000000000034,38.839999999999975,122.17999999999999,2.53,0,Satara,Maharashtra
2016-10-09,10.76,15.420000000000003,37.56999999999997,99.72,10.76,0,Satara,Maharashtra
2016-10-10,6.06,19.35,32.27999999999997,93.32,10.76,0,Satara,Maharashtra
2016-10-11,2.5,19.320000000000004,27.50999999999997,91.35,10.76,0,Satara,Maharashtra
2016-10-12,0.73,9.290000000000003,25.42999999999997,84.67,6.06,0,Satara,Maharashtra
2016-10-13,0.27,3.5000000000000036,24.97999999999997,82.02,2.5,0,Satara,Maharashtra
2016-10-14,1.24,2.2400000000000038,24.08999999999997,80.35,1.24,0,Satara,Maharashtra
2016-10-15,0.07,1.5800000000000036,21.62999999999997,79.82000000000001,1.24,0,Satara,Maharashtra
2016-10-16,0.01,1.3200000000000036,10.87999999999997,60.48,1.24,0,Satara,Maharashtra
2016-10-17,0.0,0.08000000000000355,4.819999999999972,48.45,0.07,0,Satara,Maharashtra
2016-10-18,0.0,0.010000000000003553,2.3199999999999714,37.1,0.01,0,Satara,Maharashtra
2016-10-19,0.0,0.0,1.5899999999999717,29.83,0.0,0,Satara,Maharashtra
2016-10-20,0.0,0.0,1.3199999999999716,27.02,0.0,0,Satara,Maharashtra
2016-10-21,0.0,0.0,0.07999999999997158,26.299999999999997,0.0,0,Satara,Maharashtra
2016-10-22,0.0,0.0,0.009999999999971578,24.169999999999998,0.0,0,Satara,Maharashtra
2016-10-23,0.0,0.0,0.0,21.639999999999997,0.0,0,Satara,Maharashtra
2016-10-24,0.0,0.0,0.0,10.879999999999999,0.0,0,Satara,Maharashtra
2016-10-25,0.0,0.0,0.0,4.82,0.0,0,Satara,Maharashtra
2016-10-26,0.0,0.0,0.0,2.32,0.0,0,Satara,Maharashtra
2016-10-27,0.0,0.0,0.0,1.59,0.0,0,Satara,Maharashtra
2016-10-28,0.0,0.0,0.0,1.32,0.0,0,Satara,Maharashtra
2016-10-29,0.0,0.0,0.0,0.08,0.0,0,Satara,Maharashtra
2016-10-30,0.01,0.010000000000003553,0.009999999999971578,0.02,0.01,0,Satara,Maharashtra
2016-10-31,0.01,0.020000000000003553,0.01999999999997158,0.02,0.01,0,Satara,Maharashtra
2016-11-01,0.0,0.020000000000003553,0.01999999999997158,0.02,0.01,0,Satara,Maharashtra
2016-11-02,0.0,0.010000000000003553,0.01999999999997158,0.02,0.01,0,Satara,Maharashtra
2016-11-03,0.0,0.0,0.01999999999997158,0.02,0.0,0,Satara,Maharashtra
2016-11-04,0.0,0.0,0.01999999999997158,0.02,0.0,0,Satara,Maharashtra
2016-11-05,0.0,0.0,0.01999999999997158,0.02,0.0,0,Satara,Maharashtra
2016-11-06,0.0,0.0,0.009999999999971578,0.02,0.0,0,Satara,Maharashtra
2016-11-07,0.0,0.0,0.0,0.02,0.0,0,Satara,Maharashtra
2016-11-08,0.0,0.0,0.0,0.02,0.0,0,Satara,Maharashtra
2016-11-09,0.0,0.0,0.0,0.02,0.0,0,Satara,Maharashtra
2016-11-10,0.0,0.0,0.0,0.02,0.0,0,Satara,Maharashtra
2016-11-11,0.0,0.0,0.0,0.02,0.0,0,Satara,Maharashtra
2016-11-12,0.0,0.0,0.0,0.02,0.0,0,Satara,Maharashtra
2016-11-13,0.0,0.0,0.0,0.02,0.0,0,Satara,Maharashtra
2016-11-14,0.02,0.020000000000003553,0.01999999999997158,0.03,0.02,0,Satara,Maharashtra
2016-11-15,1.6,1.6200000000000037,1.6199999999999717,1.62,1.6,0,Satara,Maharashtra
2016-11-16,0.14,1.7600000000000038,1.7599999999999718,1.7600000000000002,1.6,0,Satara,Maharashtra
2016-11-17,0.0,1.7400000000000038,1.7599999999999718,1.7600000000000002,1.6,0,Satara,Maharashtra
2016-11-18,0.0,0.14000000000000357,1.7599999999999718,1.7600000000000002,0.14,0,Satara,Maharashtra
2016-11-19,0.0,0.0,1.7599999999999718,1.7600000000000002,0.0,0,Satara,Maharashtra
2016-11-20,0.0,0.0,1.7599999999999718,1.7600000000000002,0.0,0,Satara,Maharashtra
2016-11-21,0.0,0.0,1.7399999999999718,1.7600000000000002,0.0,0,Satara,Maharashtra
2016-11-22,0.0,0.0,0.1399999999999716,1.7600000000000002,0.0,0,Satara,Maharashtra
2016-11-23,0.0,0.0,0.0,1.7600000000000002,0.0,0,Satara,Maharashtra
2016-11-24,0.0,0.0,0.0,1.7600000000000002,0.0,0,Satara,Maharashtra
2016-11-25,0.0,0.0,0.0,1.7600000000000002,0.0,0,Satara,Maharashtra
2016-11-26,0.0,0.0,0.0,1.7600000000000002,0.0,0,Satara,Maharashtra
2016-11-27,0.0,0.0,0.0,1.7600000000000002,0.0,0,Satara,Maharashtra
2016-11-28,0.0,0.0,0.0,1.7600000000000002,0.0,0,Satara,Maharashtra
2016-11-29,0.0,0.0,0.0,1.7400000000000002,0.0,0,Satara,Maharashtra
2016-11-30,0.0,0.0,0.0,0.14,0.0,0,Satara,Maharashtra
2016-12-01,0.0,0.0,0.0,0.0,0.0,0,Satara,Maharashtra
2016-12-02,0.0,0.0,0.0,0.0,0.0,0,Satara,Maharashtra
2016-12-03,0.0,0.0,0.0,0.0,0.0,0,Satara,Maharashtra
2016-12-04,0.0,0.0,0.0,0.0,0.0,0,Satara,Maharashtra
2016-12-05,0.0,0.0,0.0,0.0,0.0,0,Satara,Maharashtra
2016-12-06,0.0,0.0,0.0,0.0,0.0,0,Satara,Maharashtra
2016-12-07,0.0,0.0,0.0,0.0,0.0,0,Satara,Maharashtra
2016-12-08,0.0,0.0,0.0,0.0,0.0,0,Satara,Maharashtra
2016-12-09,0.0,0.0,0.0,0.0,0.0,0,Satara,Maharashtra
2016-12-10,0.0,0.0,0.0,0.0,0.0,0,Satara,Maharashtra
2016-12-11,0.0,0.0,0.0,0.0,0.0,0,Satara,Maharashtra
2016-12-12,0.0,0.0,0.0,0.0,0.0,0,Satara,Maharashtra
2016-12-13,0.0,0.0,0.0,0.0,0.0,0,Satara,Maharashtra
2016-12-14,0.01,0.010000000000003553,0.009999999999971578,0.01,0.01,0,Satara,Maharashtra
2016-12-15,0.0,0.010000000000003553,0.009999999999971578,0.01,0.01,0,Satara,Maharashtra
2016-12-16,0.0,0.010000000000003553,0.009999999999971578,0.01,0.01,0,Satara,Maharashtra
2016-12-17,0.0,0.0,0.009999999999971578,0.01,0.0,0,Satara,Maharashtra
2016-12-18,0.0,0.0,0.009999999999971578,0.01,0.0,0,Satara,Maharashtra
2016-12-19,0.0,0.0,0.009999999999971578,0.01,0.0,0,Satara,Maharashtra
2016-12-20,0.0,0.0,0.009999999999971578,0.01,0.0,0,Satara,Maharashtra
2016-12-21,0.0,0.0,0.0,0.01,0.0,0,Satara,Maharashtra
2016-12-22,0.0,0.0,0.0,0.01,0.0,0,Satara,Maharashtra
2016-12-23,0.0,0.0,0.0,0.01,0.0,0,Satara,Maharashtra
2016-12-24,0.0,0.0,0.0,0.01,0.0,0,Satara,Maharashtra
2016-12-25,0.0,0.0,0.0,0.01,0.0,0,Satara,Maharashtra
2016-12-26,0.0,0.0,0.0,0.01,0.0,0,Satara,Maharashtra
2016-12-27,0.0,0.0,0.0,0.01,0.0,0,Satara,Maharashtra
2016-12-28,0.0,0.0,0.0,0.01,0.0,0,Satara,Maharashtra
2016-12-29,0.0,0.0,0.0,0.0,0.0,0,Satara,Maharashtra
2016-12-30,0.0,0.0,0.0,0.0,0.0,0,Satara,Maharashtra
2016-12-31,0.0,0.0,0.0,0.0,0.0,0,Satara,Maharashtra
2017-01-01,0.0,0.0,0.0,0.0,0.0,0,Satara,Maharashtra
2017-01-02,0.0,0.0,0.0,0.0,0.0,0,Satara,Maharashtra
2017-01-03,0.0,0.0,0.0,0.0,0.0,0,Satara,Maharashtra
2017-01-04,0.0,0.0,0.0,0.0,0.0,0,Satara,Maharashtra
2017-01-05,0.0,0.0,0.0,0.0,0.0,0,Satara,Maharashtra
2017-01-06,0.0,0.0,0.0,0.0,0.0,0,Satara,Maharashtra
2017-01-07,0.0,0.0,0.0,0.0,0.0,0,Satara,Maharashtra
2017-01-08,0.0,0.0,0.0,0.0,0.0,0,Satara,Maharashtra
2017-01-09,0.0,0.0,0.0,0.0,0.0,0,Satara,Maharashtra
2017-01-10,0.0,0.0,0.0,0.0,0.0,0,Satara,Maharashtra
2017-01-11,0.0,0.0,0.0,0.0,0.0,0,Satara,Maharashtra
2017-01-12,0.0,0.0,0.0,0.0,0.0,0,Satara,Maharashtra
2017-01-13,0.0,0.0,0.0,0.0,0.0,0,Satara,Maharashtra
2017-01-14,0.0,0.0,0.0,0.0,0.0,0,Satara,Maharashtra
2017-01-15,0.0,0.0,0.0,0.0,0.0,0,Satara,Maharashtra
2017-01-16,0.0,0.0,0.0,0.0,0.0,0,Satara,Maharashtra
2017-01-17,0.0,0.0,0.0,0.0,0.0,0,Satara,Maharashtra
2017-01-18,0.0,0.0,0.0,0.0,0.0,0,Satara,Maharashtra
2017-01-19,0.0,0.0,0.0,0.0,0.0,0,Satara,Maharashtra
2017-01-20,0.0,0.0,0.0,0.0,0.0,0,Satara,Maharashtra
2017-01-21,0.0,0.0,0.0,0.0,0.0,0,Satara,Maharashtra
2017-01-22,0.0,0.0,0.0,0.0,0.0,0,Satara,Maharashtra
2017-01-23,0.0,0.0,0.0,0.0,0.0,0,Satara,Maharashtra
2017-01-24,0.0,0.0,0.0,0.0,0.0,0,Satara,Maharashtra
2017-01-25,0.0,0.0,0.0,0.0,0.0,0,Satara,Maharashtra
2017-01-26,0.0,0.0,0.0,0.0,0.0,0,Satara,Maharashtra
2017-01-27,0.0,0.0,0.0,0.0,0.0,0,Satara,Maharashtra
2017-01-28,0.0,0.0,0.0,0.0,0.0,0,Satara,Maharashtra
2017-01-29,0.0,0.0,0.0,0.0,0.0,0,Satara,Maharashtra
2017-01-30,0.0,0.0,0.0,0.0,0.0,0,Satara,Maharashtra
2017-01-31,0.0,0.0,0.0,0.0,0.0,0,Satara,Maharashtra
2017-02-01,0.0,0.0,0.0,0.0,0.0,0,Satara,Maharashtra
2017-02-02,0.0,0.0,0.0,0.0,0.0,0,Satara,Maharashtra
2017-02-03,0.0,0.0,0.0,0.0,0.0,0,Satara,Maharashtra
2017-02-04,0.0,0.0,0.0,0.0,0.0,0,Satara,Maharashtra
2017-02-05,0.0,0.0,0.0,0.0,0.0,0,Satara,Maharashtra
2017-02-06,0.0,0.0,0.0,0.0,0.0,0,Satara,Maharashtra
2017-02-07,0.0,0.0,0.0,0.0,0.0,0,Satara,Maharashtra
2017-02-08,0.0,0.0,0.0,0.0,0.0,0,Satara,Maharashtra
2017-02-09,0.0,0.0,0.0,0.0,0.0,0,Satara,Maharashtra
2017-02-10,0.0,0.0,0.0,0.0,0.0,0,Satara,Maharashtra
2017-02-11,0.0,0.0,0.0,0.0,0.0,0,Satara,Maharashtra
2017-02-12,0.0,0.0,0.0,0.0,0.0,0,Satara,Maharashtra
2017-02-13,0.0,0.0,0.0,0.0,0.0,0,Satara,Maharashtra
2017-02-14,0.0,0.0,0.0,0.0,0.0,0,Satara,Maharashtra
2017-02-15,0.0,0.0,0.0,0.0,0.0,0,Satara,Maharashtra
2017-02-16,0.0,0.0,0.0,0.0,0.0,0,Satara,Maharashtra
2017-02-17,0.0,0.0,0.0,0.0,0.0,0,Satara,Maharashtra
2017-02-18,0.0,0.0,0.0,0.0,0.0,0,Satara,Maharashtra
2017-02-19,0.0,0.0,0.0,0.0,0.0,0,Satara,Maharashtra
2017-02-20,0.0,0.0,0.0,0.0,0.0,0,Satara,Maharashtra
2017-02-21,0.0,0.0,0.0,0.0,0.0,0,Satara,Maharashtra
2017-02-22,0.0,0.0,0.0,0.0,0.0,0,Satara,Maharashtra
2017-02-23,0.0,0.0,0.0,0.0,0.0,0,Satara,Maharashtra
2017-02-24,0.0,0.0,0.0,0.0,0.0,0,Satara,Maharashtra
2017-02-25,0.0,0.0,0.0,0.0,0.0,0,Satara,Maharashtra
2017-02-26,0.0,0.0,0.0,0.0,0.0,0,Satara,Maharashtra
2017-02-27,0.0,0.0,0.0,0.0,0.0,0,Satara,Maharashtra
2017-02-28,0.0,0.0,0.0,0.0,0.0,0,Satara,Maharashtra
2017-03-01,0.0,0.0,0.0,0.0,0.0,0,Satara,Maharashtra
2017-03-02,0.0,0.0,0.0,0.0,0.0,0,Satara,Maharashtra
2017-03-03,0.0,0.0,0.0,0.0,0.0,0,Satara,Maharashtra
2017-03-04,0.0,0.0,0.0,0.0,0.0,0,Satara,Maharashtra
2017-03-05,0.0,0.0,0.0,0.0,0.0,0,Satara,Maharashtra
2017-03-06,0.0,0.0,0.0,0.0,0.0,0,Satara,Maharashtra
2017-03-07,0.0,0.0,0.0,0.0,0.0,0,Satara,Maharashtra
2017-03-08,0.0,0.0,0.0,0.0,0.0,0,Satara,Maharashtra
2017-03-09,0.0,0.0,0.0,0.0,0.0,0,Satara,Maharashtra
2017-03-10,0.0,0.0,0.0,0.0,0.0,0,Satara,Maharashtra
2017-03-11,0.0,0.0,0.0,0.0,0.0,0,Satara,Maharashtra
2017-03-12,0.0,0.0,0.0,0.0,0.0,0,Satara,Maharashtra
2017-03-13,0.0,0.0,0.0,0.0,0.0,0,Satara,Maharashtra
2017-03-14,0.0,0.0,0.0,0.0,0.0,0,Satara,Maharashtra
2017-03-15,0.01,0.010000000000003553,0.009999999999971578,0.01,0.01,0,Satara,Maharashtra
2017-03-16,0.0,0.010000000000003553,0.009999999999971578,0.01,0.01,0,Satara,Maharashtra
2017-03-17,0.0,0.010000000000003553,0.009999999999971578,0.01,0.01,0,Satara,Maharashtra
2017-03-18,0.0,0.0,0.009999999999971578,0.01,0.0,0,Satara,Maharashtra
2017-03-19,0.0,0.0,0.009999999999971578,0.01,0.0,0,Satara,Maharashtra
2017-03-20,0.0,0.0,0.009999999999971578,0.01,0.0,0,Satara,Maharashtra
2017-03-21,0.0,0.0,0.009999999999971578,0.01,0.0,0,Satara,Maharashtra
2017-03-22,0.0,0.0,0.0,0.01,0.0,0,Satara,Maharashtra
2017-03-23,0.0,0.0,0.0,0.01,0.0,0,Satara,Maharashtra
2017-03-24,0.0,0.0,0.0,0.01,0.0,0,Satara,Maharashtra
2017-03-25,0.0,0.0,0.0,0.01,0.0,0,Satara,Maharashtra
2017-03-26,0.0,0.0,0.0,0.01,0.0,0,Satara,Maharashtra
2017-03-27,0.01,0.010000000000003553,0.009999999999971578,0.02,0.01,0,Satara,Maharashtra
2017-03-28,0.04,0.050000000000003555,0.04999999999997158,0.06,0.04,0,Satara,Maharashtra
2017-03-29,0.04,0.09000000000000355,0.08999999999997157,0.1,0.04,0,Satara,Maharashtra
2017-03-30,0.05,0.13000000000000356,0.1399999999999716,0.14,0.05,0,Satara,Maharashtra
2017-03-31,0.56,0.6500000000000036,0.6999999999999716,0.7000000000000001,0.56,0,Satara,Maharashtra
2017-04-01,0.69,1.3000000000000034,1.3899999999999717,1.3900000000000001,0.69,0,Satara,Maharashtra
2017-04-02,0.0,1.2500000000000036,1.3899999999999717,1.3900000000000001,0.69,0,Satara,Maharashtra
2017-04-03,0.0,0.6900000000000035,1.3799999999999715,1.3900000000000001,0.69,0,Satara,Maharashtra
2017-04-04,0.0,0.0,1.3399999999999714,1.3900000000000001,0.0,0,Satara,Maharashtra
2017-04-05,0.0,0.0,1.2999999999999714,1.3900000000000001,0.0,0,Satara,Maharashtra
2017-04-06,0.0,0.0,1.2499999999999716,1.3900000000000001,0.0,0,Satara,Maharashtra
2017-04-07,0.0,0.0,0.6899999999999715,1.3900000000000001,0.0,0,Satara,Maharashtra
2017-04-08,0.0,0.0,0.0,1.3900000000000001,0.0,0,Satara,Maharashtra
2017-04-09,0.0,0.0,0.0,1.3900000000000001,0.0,0,Satara,Maharashtra
2017-04-10,0.0,0.0,0.0,1.3900000000000001,0.0,0,Satara,Maharashtra
2017-04-11,0.0,0.0,0.0,1.38,0.0,0,Satara,Maharashtra
2017-04-12,0.0,0.0,0.0,1.3399999999999999,0.0,0,Satara,Maharashtra
2017-04-13,0.0,0.0,0.0,1.2999999999999998,0.0,0,Satara,Maharashtra
2017-04-14,0.0,0.0,0.0,1.25,0.0,0,Satara,Maharashtra
2017-04-15,0.0,0.0,0.0,0.69,0.0,0,Satara,Maharashtra
2017-04-16,0.0,0.0,0.0,0.0,0.0,0,Satara,Maharashtra
2017-04-17,0.0,0.0,0.0,0.0,0.0,0,Satara,Maharashtra
2017-04-18,0.0,0.0,0.0,0.0,0.0,0,Satara,Maharashtra
2017-04-19,0.0,0.0,0.0,0.0,0.0,0,Satara,Maharashtra
2017-04-20,0.0,0.0,0.0,0.0,0.0,0,Satara,Maharashtra
2017-04-21,0.0,0.0,0.0,0.0,0.0,0,Satara,Maharashtra
2017-04-22,0.0,0.0,0.0,0.0,0.0,0,Satara,Maharashtra
2017-04-23,0.0,0.0,0.0,0.0,0.0,0,Satara,Maharashtra
2017-04-24,0.0,0.0,0.0,0.0,0.0,0,Satara,Maharashtra
2017-04-25,0.0,0.0,0.0,0.0,0.0,0,Satara,Maharashtra
2017-04-26,0.0,0.0,0.0,0.0,0.0,0,Satara,Maharashtra
2017-04-27,0.0,0.0,0.0,0.0,0.0,0,Satara,Maharashtra
2017-04-28,0.0,0.0,0.0,0.0,0.0,0,Satara,Maharashtra
2017-04-29,0.0,0.0,0.0,0.0,0.0,0,Satara,Maharashtra
2017-04-30,0.04,0.040000000000003554,0.03999999999997158,0.04,0.04,0,Satara,Maharashtra
2017-05-01,0.0,0.040000000000003554,0.03999999999997158,0.04,0.04,0,Satara,Maharashtra
2017-05-02,0.01,0.050000000000003555,0.04999999999997158,0.05,0.04,0,Satara,Maharashtra
2017-05-03,0.42,0.43000000000000355,0.46999999999997155,0.47,0.42,0,Satara,Maharashtra
2017-05-04,1.58,2.010000000000004,2.0499999999999714,2.05,1.58,0,Satara,Maharashtra
2017-05-05,0.69,2.690000000000004,2.739999999999972,2.74,1.58,0,Satara,Maharashtra
2017-05-06,1.34,3.6100000000000034,4.079999999999972,4.08,1.58,0,Satara,Maharashtra
2017-05-07,1.48,3.510000000000004,5.519999999999971,5.5600000000000005,1.48,0,Satara,Maharashtra
2017-05-08,0.08,2.900000000000004,5.599999999999971,5.64,1.48,0,Satara,Maharashtra
2017-05-09,0.08,1.6400000000000035,5.6699999999999715,5.72,1.48,0,Satara,Maharashtra
2017-05-10,0.02,0.18000000000000355,5.269999999999972,5.74,0.08,0,Satara,Maharashtra
2017-05-11,0.08,0.18000000000000355,3.769999999999972,5.82,0.08,0,Satara,Maharashtra
2017-05-12,4.01,4.110000000000003,7.089999999999971,9.83,4.01,0,Satara,Maharashtra
2017-05-13,4.86,8.950000000000003,10.609999999999971,14.690000000000001,4.86,0,Satara,Maharashtra
2017-05-14,2.25,11.120000000000005,11.37999999999997,16.94,4.86,0,Satara,Maharashtra
2017-05-15,0.87,7.980000000000004,12.169999999999972,17.77,4.86,0,Satara,Maharashtra
2017-05-16,0.01,3.1300000000000034,12.099999999999971,17.78,2.25,0,Satara,Maharashtra
2017-05-17,0.0,0.8800000000000036,12.079999999999972,17.77,0.87,0,Satara,Maharashtra
2017-05-18,0.0,0.010000000000003553,11.999999999999972,17.35,0.01,0,Satara,Maharashtra
2017-05-19,0.0,0.0,7.989999999999972,15.77,0.0,0,Satara,Maharashtra
2017-05-20,0.0,0.0,3.1299999999999715,15.08,0.0,0,Satara,Maharashtra
2017-05-21,0.01,0.010000000000003553,0.8899999999999716,13.75,0.01,0,Satara,Maharashtra
2017-05-22,0.06,0.07000000000000355,0.07999999999997158,12.33,0.06,0,Satara,Maharashtra
2017-05-23,0.41,0.48000000000000353,0.47999999999997156,12.66,0.41,0,Satara,Maharashtra
2017-05-24,0.49,0.9600000000000035,0.9699999999999716,13.07,0.49,0,Satara,Maharashtra
2017-05-25,0.01,0.9100000000000036,0.9799999999999716,13.06,0.49,0,Satara,Maharashtra
2017-05-26,0.08,0.5800000000000035,1.0599999999999716,13.06,0.49,0,Satara,Maharashtra
2017-05-27,0.2,0.2900000000000036,1.2599999999999716,9.25,0.2,0,Satara,Maharashtra
2017-05-28,0.25,0.5300000000000036,1.4999999999999716,4.64,0.25,0,Satara,Maharashtra
2017-05-29,0.95,1.4000000000000035,2.3899999999999713,3.34,0.95,0,Satara,Maharashtra
2017-05-30,15.56,16.760000000000005,17.53999999999997,18.03,15.56,0,Satara,Maharashtra
2017-05-31,14.92,31.430000000000003,31.969999999999974,32.94,15.56,0,Satara,Maharashtra
2017-06-01,6.2,36.68000000000001,38.159999999999975,39.14,15.56,1,Satara,Maharashtra
2017-06-02,1.26,22.380000000000003,39.339999999999975,40.4,14.92,1,Satara,Maharashtra
2017-06-03,1.58,9.040000000000004,40.71999999999997,41.98,6.2,1,Satara,Maharashtra
2017-06-04,1.74,4.580000000000004,42.20999999999997,43.72,1.74,1,Satara,Maharashtra
2017-06-05,0.71,4.030000000000004,41.96999999999998,44.42,1.74,1,Satara,Maharashtra
2017-06-06,2.87,5.320000000000004,29.279999999999973,47.23,2.87,1,Satara,Maharashtra
2017-06-07,10.56,14.140000000000004,24.919999999999973,57.38,10.56,1,Satara,Maharashtra
2017-06-08,12.22,25.650000000000006,30.939999999999976,69.11,12.22,1,Satara,Maharashtra
2017-06-09,27.62,50.400000000000006,57.29999999999997,96.72,27.62,1,Satara,Maharashtra
2017-06-10,19.14,58.980000000000004,74.85999999999997,115.78,27.62,1,Satara,Maharashtra
2017-06-11,24.68,71.44,97.79999999999998,140.26,27.62,1,Satara,Maharashtra
2017-06-12,26.88,70.7,123.96999999999997,166.89,26.88,1,Satara,Maharashtra
2017-06-13,7.19,58.75,128.28999999999996,173.13,26.88,1,Satara,Maharashtra
2017-06-14,2.84,36.91,120.56999999999996,160.41,26.88,1,Satara,Maharashtra
2017-06-15,4.27,14.3,112.61999999999996,149.76,7.19,1,Satara,Maharashtra
2017-06-16,16.14,23.25,101.13999999999997,159.7,16.14,1,Satara,Maharashtra
2017-06-17,11.32,31.73,93.31999999999998,169.76000000000002,16.14,1,Satara,Maharashtra
2017-06-18,4.3,31.76,72.93999999999997,172.48,16.14,1,Satara,Maharashtra
2017-06-19,9.65,25.27,55.70999999999997,180.39,11.32,1,Satara,Maharashtra
2017-06-20,7.54,21.49,56.05999999999997,187.22,9.65,1,Satara,Maharashtra
2017-06-21,5.56,22.75,58.77999999999997,189.91,9.65,1,Satara,Maharashtra
2017-06-22,5.73,18.83,60.23999999999997,185.08,7.54,1,Satara,Maharashtra
2017-06-23,7.74,19.03,51.83999999999997,180.6,7.74,1,Satara,Maharashtra
2017-06-24,17.93,31.4,58.44999999999997,170.91,17.93,1,Satara,Maharashtra
2017-06-25,30.27,55.94,84.41999999999997,182.04,30.27,1,Satara,Maharashtra
2017-06-26,38.46,86.66,113.22999999999996,195.82,38.46,1,Satara,Maharashtra
2017-06-27,25.51,94.24,131.19999999999996,194.45000000000002,38.46,1,Satara,Maharashtra
2017-06-28,30.93,94.89999999999999,156.56999999999996,218.19000000000003,38.46,1,Satara,Maharashtra
2017-06-29,44.63,101.07000000000001,195.46999999999997,259.98,44.63,1,Satara,Maharashtra
2017-06-30,28.2,103.76,215.92999999999998,283.91,44.63,1,Satara,Maharashtra
2017-07-01,25.86,98.69000000000001,223.85999999999996,293.63,44.63,1,Satara,Maharashtra
2017-07-02,21.54,75.6,215.13,303.85,28.2,1,Satara,Maharashtra
2017-07-03,14.51,61.91,191.17999999999998,314.06,25.86,1,Satara,Maharashtra
2017-07-04,15.93,51.98,181.59999999999997,320.34,21.54,1,Satara,Maharashtra
2017-07-05,13.16,43.6,163.82999999999998,325.96000000000004,15.93,1,Satara,Maharashtra
2017-07-06,12.76,41.85,131.95999999999998,333.16,15.93,1,Satara,Maharashtra
2017-07-07,8.55,34.47,112.30999999999997,335.98,13.16,1,Satara,Maharashtra
2017-07-08,7.07,28.38,93.51999999999997,335.31,12.76,1,Satara,Maharashtra
2017-07-09,8.75,24.37,80.72999999999998,326.13,8.75,1,Satara,Maharashtra
2017-07-10,11.94,27.759999999999998,78.15999999999997,307.8,11.94,1,Satara,Maharashtra
2017-07-11,13.14,33.83,75.36999999999998,282.48,13.14,1,Satara,Maharashtra
2017-07-12,10.05,35.13,72.25999999999998,267.02000000000004,13.14,1,Satara,Maharashtra
2017-07-13,26.08,49.27,85.57999999999997,262.17,26.08,1,Satara,Maharashtra
2017-07-14,31.78,67.91,108.80999999999997,249.32,31.78,1,Satara,Maharashtra
2017-07-15,21.89,79.75,123.62999999999998,243.01000000000002,31.78,1,Satara,Maharashtra
2017-07-16,18.95,72.62,133.82999999999996,236.1,31.78,1,Satara,Maharashtra
2017-07-17,44.57,85.41,166.45999999999998,259.13,44.57,1,Satara,Maharashtra
2017-07-18,92.39,155.91,245.70999999999998,337.01,92.39,1,Satara,Maharashtra
2017-07-19,91.98,228.94,327.64,413.06,92.39,1,Satara,Maharashtra
2017-07-20,56.11,240.48000000000002,357.66999999999996,456.01,92.39,1,Satara,Maharashtra
2017-07-21,29.74,177.83,355.62999999999994,472.99,91.98,1,Satara,Maharashtra
2017-07-22,19.72,105.57,353.46,484.15999999999997,56.11,1,Satara,Maharashtra
2017-07-23,30.09,79.55,364.59999999999997,507.18,30.09,1,Satara,Maharashtra
2017-07-24,28.77,78.58,348.8,527.2,30.09,1,Satara,Maharashtra
2017-07-25,13.37,72.23,269.7799999999999,528.63,30.09,1,Satara,Maharashtra
2017-07-26,7.58,49.72,185.38,523.0699999999999,28.77,1,Satara,Maharashtra
2017-07-27,9.52,30.47,138.78999999999996,522.54,13.37,1,Satara,Maharashtra
2017-07-28,18.38,35.480000000000004,127.42999999999998,514.84,18.38,1,Satara,Maharashtra
2017-07-29,15.86,43.76,123.56999999999996,498.91999999999996,18.38,1,Satara,Maharashtra
2017-07-30,8.2,42.44,101.67999999999996,485.23,18.38,1,Satara,Maharashtra
2017-07-31,9.92,33.98,82.82999999999997,476.2,15.86,1,Satara,Maharashtra
2017-08-01,7.14,25.259999999999998,76.59999999999997,438.77000000000004,9.92,1,Satara,Maharashtra
2017-08-02,5.77,22.83,74.78999999999996,352.15,9.92,1,Satara,Maharashtra
2017-08-03,12.54,25.449999999999996,77.80999999999997,272.71,12.54,1,Satara,Maharashtra
2017-08-04,8.22,26.529999999999998,67.64999999999996,224.82,12.54,1,Satara,Maharashtra
2017-08-05,3.43,24.189999999999998,55.21999999999997,198.51,12.54,1,Satara,Maharashtra
2017-08-06,3.2,14.85,50.21999999999996,181.98999999999998,8.22,1,Satara,Maharashtra
2017-08-07,2.5,9.129999999999999,42.79999999999997,154.39999999999998,3.43,1,Satara,Maharashtra
2017-08-08,2.88,8.579999999999998,38.53999999999997,128.51,3.2,1,Satara,Maharashtra
2017-08-09,5.05,10.429999999999998,37.819999999999965,120.19,5.05,1,Satara,Maharashtra
2017-08-10,9.73,17.659999999999997,35.00999999999998,122.34,9.73,1,Satara,Maharashtra
2017-08-11,13.68,28.46,40.46999999999997,126.5,13.68,1,Satara,Maharashtra
2017-08-12,5.15,28.56,42.189999999999976,113.27000000000001,13.68,1,Satara,Maharashtra
2017-08-13,1.74,20.569999999999997,40.72999999999997,99.14999999999999,13.68,1,Satara,Maharashtra
2017-08-14,6.14,13.029999999999998,44.36999999999997,97.09,6.14,1,Satara,Maharashtra
2017-08-15,2.96,10.839999999999998,44.44999999999997,90.13,6.14,1,Satara,Maharashtra
2017-08-16,9.48,18.58,48.879999999999974,92.47,9.48,1,Satara,Maharashtra
2017-08-17,3.39,15.829999999999998,42.53999999999998,90.09,9.48,1,Satara,Maharashtra
2017-08-18,3.01,15.879999999999999,31.869999999999973,80.56,9.48,1,Satara,Maharashtra
2017-08-19,13.23,19.63,39.949999999999974,85.57,13.23,1,Satara,Maharashtra
2017-08-20,34.61,50.849999999999994,72.81999999999998,116.75,34.61,1,Satara,Maharashtra
2017-08-21,6.86,54.699999999999996,73.53999999999998,120.41000000000001,34.61,1,Satara,Maharashtra
2017-08-22,6.06,47.529999999999994,76.63999999999997,123.97,34.61,1,Satara,Maharashtra
2017-08-23,8.76,21.679999999999993,75.91999999999999,129.85,8.76,1,Satara,Maharashtra
2017-08-24,19.65,34.46999999999999,92.17999999999998,144.45,19.65,1,Satara,Maharashtra
2017-08-25,22.85,51.25999999999999,112.01999999999998,157.57,22.85,1,Satara,Maharashtra
2017-08-26,27.68,70.17999999999999,126.46999999999997,171.57,27.68,1,Satara,Maharashtra
2017-08-27,27.75,78.28,119.60999999999997,194.17,27.75,1,Satara,Maharashtra
2017-08-28,53.44,108.86999999999999,166.18999999999997,245.87,53.44,1,Satara,Maharashtra
2017-08-29,41.99,123.18,202.11999999999998,281.72,53.44,1,Satara,Maharashtra
2017-08-30,20.3,115.73,213.65999999999997,299.06,53.44,1,Satara,Maharashtra
2017-08-31,6.41,68.69999999999999,200.41999999999996,295.99,41.99,1,Satara,Maharashtra
2017-09-01,4.3,31.009999999999994,181.86999999999998,296.90000000000003,20.3,1,Satara,Maharashtra
2017-09-02,6.47,17.179999999999993,160.65999999999997,300.36,6.47,1,Satara,Maharashtra
2017-09-03,2.8,13.569999999999993,135.70999999999998,289.93,6.47,1,Satara,Maharashtra
2017-09-04,0.32,9.589999999999991,82.58999999999997,255.64,6.47,1,Satara,Maharashtra
2017-09-05,0.29,3.4099999999999926,40.88999999999997,249.07,2.8,1,Satara,Maharashtra
2017-09-06,0.24,0.8499999999999929,20.82999999999997,243.25,0.32,1,Satara,Maharashtra
2017-09-07,12.23,12.759999999999993,26.64999999999997,246.72000000000003,12.23,1,Satara,Maharashtra
2017-09-08,31.02,43.489999999999995,53.369999999999976,258.09000000000003,31.02,1,Satara,Maharashtra
2017-09-09,7.99,51.23999999999999,54.88999999999997,243.23,31.02,1,Satara,Maharashtra
2017-09-10,13.44,52.44999999999999,65.52999999999997,228.99,31.02,1,Satara,Maharashtra
2017-09-11,8.52,29.949999999999992,73.72999999999996,209.76000000000002,13.44,1,Satara,Maharashtra
2017-09-12,15.56,37.519999999999996,88.99999999999997,171.88000000000002,15.56,1,Satara,Maharashtra
2017-09-13,10.01,34.08999999999999,98.76999999999997,139.9,15.56,1,Satara,Maharashtra
2017-09-14,14.35,39.919999999999995,100.88999999999997,133.95000000000002,15.56,1,Satara,Maharashtra
2017-09-15,33.62,57.97999999999999,103.48999999999998,161.16,33.62,1,Satara,Maharashtra
2017-09-16,5.53,53.49999999999999,101.02999999999997,162.39,33.62,1,Satara,Maharashtra
2017-09-17,11.78,50.92999999999999,99.36999999999998,167.7,33.62,1,Satara,Maharashtra
2017-09-18,92.28,109.59,183.13,257.18,92.28,1,Satara,Maharashtra
2017-09-19,84.62,188.68,252.19,341.48,92.28,1,Satara,Maharashtra
2017-09-20,35.04,211.94,277.21999999999997,376.23,92.28,1,Satara,Maharashtra
2017-09-21,20.1,139.76,282.96999999999997,396.09,84.62,1,Satara,Maharashtra
2017-09-22,7.04,62.18,256.39,390.9,35.04,1,Satara,Maharashtra
2017-09-23,1.06,28.200000000000003,251.92,360.94,20.1,1,Satara,Maharashtra
2017-09-24,15.47,23.57,255.60999999999999,368.41999999999996,15.47,1,Satara,Maharashtra
2017-09-25,8.22,24.75,171.54999999999998,363.2,15.47,1,Satara,Maharashtra
2017-09-26,2.96,26.65,89.88999999999999,357.64,15.47,1,Satara,Maharashtra
2017-09-27,5.09,16.27,59.93999999999999,347.17,8.22,1,Satara,Maharashtra
2017-09-28,17.67,25.72,57.50999999999999,354.83,17.67,1,Satara,Maharashtra
2017-09-29,19.26,42.019999999999996,69.72999999999999,359.74,19.26,1,Satara,Maharashtra
2017-09-30,9.5,46.43000000000001,78.16999999999999,335.62,19.26,1,Satara,Maharashtra
2017-10-01,3.93,32.69,66.63,334.02000000000004,19.26,0,Satara,Maharashtra
2017-10-02,9.21,22.639999999999997,67.61999999999999,331.45,9.5,0,Satara,Maharashtra
2017-10-03,5.4,18.54,70.05999999999999,244.57000000000002,9.21,0,Satara,Maharashtra
2017-10-04,0.32,14.929999999999998,65.28999999999999,160.27,9.21,0,Satara,Maharashtra
2017-10-05,0.08,5.799999999999997,47.69999999999999,125.31000000000002,5.4,0,Satara,Maharashtra
2017-10-06,18.66,19.059999999999995,47.09999999999999,123.87,18.66,0,Satara,Maharashtra
2017-10-07,13.5,32.239999999999995,51.09999999999999,130.32999999999998,18.66,0,Satara,Maharashtra
2017-10-08,7.25,39.41,54.41999999999999,136.51999999999998,18.66,0,Satara,Maharashtra
2017-10-09,4.63,25.38,49.83999999999999,125.67999999999999,13.5,0,Satara,Maharashtra
2017-10-10,6.77,18.65,51.20999999999999,124.23,7.25,0,Satara,Maharashtra
2017-10-11,2.93,14.33,53.819999999999986,124.2,6.77,0,Satara,Maharashtra
2017-10-12,0.85,10.549999999999999,54.58999999999999,119.96,6.77,0,Satara,Maharashtra
2017-10-13,26.63,30.41,62.55999999999999,128.92,26.63,0,Satara,Maharashtra
2017-10-14,73.35,100.83,122.40999999999998,183.01,73.35,0,Satara,Maharashtra
2017-10-15,14.21,114.19,129.36999999999998,187.72,73.35,0,Satara,Maharashtra
2017-10-16,2.04,89.6,126.77999999999999,185.83,73.35,0,Satara,Maharashtra
2017-10-17,0.41,16.66,120.41999999999997,177.03,14.21,0,Satara,Maharashtra
2017-10-18,0.01,2.46,117.49999999999999,171.64,2.04,0,Satara,Maharashtra
2017-10-19,0.0,0.42,116.64999999999999,171.32,0.41,0,Satara,Maharashtra
2017-10-20,0.0,0.01,90.01999999999998,171.24,0.01,0,Satara,Maharashtra
2017-10-21,0.1,0.1,16.769999999999985,152.67999999999998,0.1,0,Satara,Maharashtra
2017-10-22,0.57,0.6699999999999999,3.1299999999999857,139.75,0.57,0,Satara,Maharashtra
2017-10-23,0.98,1.65,2.0699999999999856,133.48000000000002,0.98,0,Satara,Maharashtra
2017-10-24,0.0,1.5499999999999998,1.659999999999986,128.85,0.98,0,Satara,Maharashtra
2017-10-25,0.0,0.98,1.6499999999999857,122.08,0.98,0,Satara,Maharashtra
2017-10-26,0.45,0.45,2.099999999999986,119.6,0.45,0,Satara,Maharashtra
2017-10-27,4.65,5.1000000000000005,6.749999999999986,123.4,4.65,0,Satara,Maharashtra
2017-10-28,0.61,5.710000000000001,7.2599999999999865,97.38,4.65,0,Satara,Maharashtra
2017-10-29,0.02,5.28,6.709999999999986,24.05,4.65,0,Satara,Maharashtra
2017-10-30,0.0,0.63,5.729999999999985,9.84,0.61,0,Satara,Maharashtra
2017-10-31,0.0,0.02,5.729999999999985,7.8,0.02,0,Satara,Maharashtra
2017-11-01,0.0,0.0,5.729999999999985,7.39,0.0,0,Satara,Maharashtra
2017-11-02,0.0,0.0,5.279999999999986,7.38,0.0,0,Satara,Maharashtra
2017-11-03,0.0,0.0,0.6299999999999858,7.38,0.0,0,Satara,Maharashtra
2017-11-04,0.0,0.0,0.01999999999998579,7.38,0.0,0,Satara,Maharashtra
2017-11-05,0.0,0.0,0.0,7.28,0.0,0,Satara,Maharashtra
2017-11-06,0.0,0.0,0.0,6.71,0.0,0,Satara,Maharashtra
2017-11-07,0.0,0.0,0.0,5.7299999999999995,0.0,0,Satara,Maharashtra
2017-11-08,0.0,0.0,0.0,5.7299999999999995,0.0,0,Satara,Maharashtra
2017-11-09,0.0,0.0,0.0,5.7299999999999995,0.0,0,Satara,Maharashtra
2017-11-10,0.0,0.0,0.0,5.28,0.0,0,Satara,Maharashtra
2017-11-11,0.0,0.0,0.0,0.63,0.0,0,Satara,Maharashtra
2017-11-12,0.0,0.0,0.0,0.02,0.0,0,Satara,Maharashtra
2017-11-13,0.0,0.0,0.0,0.0,0.0,0,Satara,Maharashtra
2017-11-14,0.0,0.0,0.0,0.0,0.0,0,Satara,Maharashtra
2017-11-15,0.0,0.0,0.0,0.0,0.0,0,Satara,Maharashtra
2017-11-16,0.0,0.0,0.0,0.0,0.0,0,Satara,Maharashtra
2017-11-17,0.0,0.0,0.0,0.0,0.0,0,Satara,Maharashtra
2017-11-18,0.0,0.0,0.0,0.0,0.0,0,Satara,Maharashtra
2017-11-19,0.0,0.0,0.0,0.0,0.0,0,Satara,Maharashtra
2017-11-20,0.89,0.89,0.8899999999999858,0.89,0.89,0,Satara,Maharashtra
2017-11-21,0.16,1.05,1.0499999999999858,1.05,0.89,0,Satara,Maharashtra
2017-11-22,0.25,1.3,1.2999999999999858,1.3,0.89,0,Satara,Maharashtra
2017-11-23,0.0,0.41000000000000003,1.2999999999999858,1.3,0.25,0,Satara,Maharashtra
2017-11-24,0.0,0.24999999999999997,1.2999999999999858,1.3,0.25,0,Satara,Maharashtra
2017-11-25,0.0,0.0,1.2999999999999858,1.3,0.0,0,Satara,Maharashtra
2017-11-26,0.0,0.0,1.2999999999999858,1.3,0.0,0,Satara,Maharashtra
2017-11-27,0.0,0.0,0.4099999999999858,1.3,0.0,0,Satara,Maharashtra
2017-11-28,0.0,0.0,0.2499999999999858,1.3,0.0,0,Satara,Maharashtra
2017-11-29,0.0,0.0,0.0,1.3,0.0,0,Satara,Maharashtra
2017-11-30,0.0,0.0,0.0,1.3,0.0,0,Satara,Maharashtra
2017-12-01,0.0,0.0,0.0,1.3,0.0,0,Satara,Maharashtra
2017-12-02,0.0,0.0,0.0,1.3,0.0,0,Satara,Maharashtra
2017-12-03,0.06,0.06,0.05999999999998579,1.36,0.06,0,Satara,Maharashtra
2017-12-04,1.23,1.29,1.2899999999999858,2.59,1.23,0,Satara,Maharashtra
2017-12-05,2.1,3.39,3.389999999999986,3.8000000000000003,2.1,0,Satara,Maharashtra
2017-12-06,2.2,5.53,5.589999999999986,5.840000000000001,2.2,0,Satara,Maharashtra
2017-12-07,0.05,4.3500000000000005,5.639999999999986,5.640000000000001,2.2,0,Satara,Maharashtra
2017-12-08,0.0,2.25,5.639999999999986,5.640000000000001,2.2,0,Satara,Maharashtra
2017-12-09,0.0,0.05,5.639999999999986,5.640000000000001,0.05,0,Satara,Maharashtra
2017-12-10,0.0,0.0,5.579999999999987,5.640000000000001,0.0,0,Satara,Maharashtra
2017-12-11,0.0,0.0,4.349999999999986,5.640000000000001,0.0,0,Satara,Maharashtra
2017-12-12,0.0,0.0,2.249999999999986,5.640000000000001,0.0,0,Satara,Maharashtra
2017-12-13,0.0,0.0,0.04999999999998579,5.640000000000001,0.0,0,Satara,Maharashtra
2017-12-14,0.0,0.0,0.0,5.640000000000001,0.0,0,Satara,Maharashtra
2017-12-15,0.0,0.0,0.0,5.640000000000001,0.0,0,Satara,Maharashtra
2017-12-16,0.0,0.0,0.0,5.640000000000001,0.0,0,Satara,Maharashtra
2017-12-17,0.0,0.0,0.0,5.640000000000001,0.0,0,Satara,Maharashtra
2017-12-18,0.0,0.0,0.0,5.58,0.0,0,Satara,Maharashtra
2017-12-19,0.0,0.0,0.0,4.3500000000000005,0.0,0,Satara,Maharashtra
2017-12-20,0.0,0.0,0.0,2.25,0.0,0,Satara,Maharashtra
2017-12-21,0.0,0.0,0.0,0.05,0.0,0,Satara,Maharashtra
2017-12-22,0.0,0.0,0.0,0.0,0.0,0,Satara,Maharashtra
2017-12-23,0.0,0.0,0.0,0.0,0.0,0,Satara,Maharashtra
2017-12-24,0.0,0.0,0.0,0.0,0.0,0,Satara,Maharashtra
2017-12-25,0.0,0.0,0.0,0.0,0.0,0,Satara,Maharashtra
2017-12-26,0.0,0.0,0.0,0.0,0.0,0,Satara,Maharashtra
2017-12-27,0.0,0.0,0.0,0.0,0.0,0,Satara,Maharashtra
2017-12-28,0.0,0.0,0.0,0.0,0.0,0,Satara,Maharashtra
2017-12-29,0.0,0.0,0.0,0.0,0.0,0,Satara,Maharashtra
2017-12-30,0.0,0.0,0.0,0.0,0.0,0,Satara,Maharashtra
2017-12-31,0.0,0.0,0.0,0.0,0.0,0,Satara,Maharashtra
2018-01-01,0.0,0.0,0.0,0.0,0.0,0,Satara,Maharashtra
2018-01-02,0.0,0.0,0.0,0.0,0.0,0,Satara,Maharashtra
2018-01-03,0.0,0.0,0.0,0.0,0.0,0,Satara,Maharashtra
2018-01-04,0.0,0.0,0.0,0.0,0.0,0,Satara,Maharashtra
2018-01-05,0.0,0.0,0.0,0.0,0.0,0,Satara,Maharashtra
2018-01-06,0.0,0.0,0.0,0.0,0.0,0,Satara,Maharashtra
2018-01-07,0.0,0.0,0.0,0.0,0.0,0,Satara,Maharashtra
2018-01-08,0.0,0.0,0.0,0.0,0.0,0,Satara,Maharashtra
2018-01-09,0.0,0.0,0.0,0.0,0.0,0,Satara,Maharashtra
2018-01-10,0.0,0.0,0.0,0.0,0.0,0,Satara,Maharashtra
2018-01-11,0.0,0.0,0.0,0.0,0.0,0,Satara,Maharashtra
2018-01-12,0.0,0.0,0.0,0.0,0.0,0,Satara,Maharashtra
2018-01-13,0.0,0.0,0.0,0.0,0.0,0,Satara,Maharashtra
2018-01-14,0.0,0.0,0.0,0.0,0.0,0,Satara,Maharashtra
2018-01-15,0.0,0.0,0.0,0.0,0.0,0,Satara,Maharashtra
2018-01-16,0.0,0.0,0.0,0.0,0.0,0,Satara,Maharashtra
2018-01-17,0.0,0.0,0.0,0.0,0.0,0,Satara,Maharashtra
2018-01-18,0.0,0.0,0.0,0.0,0.0,0,Satara,Maharashtra
2018-01-19,0.0,0.0,0.0,0.0,0.0,0,Satara,Maharashtra
2018-01-20,0.0,0.0,0.0,0.0,0.0,0,Satara,Maharashtra
2018-01-21,0.0,0.0,0.0,0.0,0.0,0,Satara,Maharashtra
2018-01-22,0.0,0.0,0.0,0.0,0.0,0,Satara,Maharashtra
2018-01-23,1.16,1.16,1.1599999999999857,1.16,1.16,0,Satara,Maharashtra
2018-01-24,0.0,1.16,1.1599999999999857,1.16,1.16,0,Satara,Maharashtra
2018-01-25,0.0,1.16,1.1599999999999857,1.16,1.16,0,Satara,Maharashtra
2018-01-26,0.0,0.0,1.1599999999999857,1.16,0.0,0,Satara,Maharashtra
2018-01-27,0.0,0.0,1.1599999999999857,1.16,0.0,0,Satara,Maharashtra
2018-01-28,0.0,0.0,1.1599999999999857,1.16,0.0,0,Satara,Maharashtra
2018-01-29,0.0,0.0,1.1599999999999857,1.16,0.0,0,Satara,Maharashtra
2018-01-30,0.0,0.0,0.0,1.16,0.0,0,Satara,Maharashtra
2018-01-31,0.0,0.0,0.0,1.16,0.0,0,Satara,Maharashtra
2018-02-01,0.0,0.0,0.0,1.16,0.0,0,Satara,Maharashtra
2018-02-02,0.0,0.0,0.0,1.16,0.0,0,Satara,Maharashtra
2018-02-03,0.0,0.0,0.0,1.16,0.0,0,Satara,Maharashtra
2018-02-04,0.0,0.0,0.0,1.16,0.0,0,Satara,Maharashtra
2018-02-05,0.0,0.0,0.0,1.16,0.0,0,Satara,Maharashtra
2018-02-06,0.0,0.0,0.0,1.16,0.0,0,Satara,Maharashtra
2018-02-07,0.0,0.0,0.0,0.0,0.0,0,Satara,Maharashtra
2018-02-08,0.0,0.0,0.0,0.0,0.0,0,Satara,Maharashtra
2018-02-09,0.0,0.0,0.0,0.0,0.0,0,Satara,Maharashtra
2018-02-10,0.0,0.0,0.0,0.0,0.0,0,Satara,Maharashtra
2018-02-11,0.0,0.0,0.0,0.0,0.0,0,Satara,Maharashtra
2018-02-12,0.0,0.0,0.0,0.0,0.0,0,Satara,Maharashtra
2018-02-13,0.0,0.0,0.0,0.0,0.0,0,Satara,Maharashtra
2018-02-14,0.0,0.0,0.0,0.0,0.0,0,Satara,Maharashtra
2018-02-15,0.0,0.0,0.0,0.0,0.0,0,Satara,Maharashtra
2018-02-16,0.0,0.0,0.0,0.0,0.0,0,Satara,Maharashtra
2018-02-17,0.0,0.0,0.0,0.0,0.0,0,Satara,Maharashtra
2018-02-18,0.0,0.0,0.0,0.0,0.0,0,Satara,Maharashtra
2018-02-19,0.0,0.0,0.0,0.0,0.0,0,Satara,Maharashtra
2018-02-20,0.0,0.0,0.0,0.0,0.0,0,Satara,Maharashtra
2018-02-21,0.0,0.0,0.0,0.0,0.0,0,Satara,Maharashtra
2018-02-22,0.0,0.0,0.0,0.0,0.0,0,Satara,Maharashtra
2018-02-23,0.0,0.0,0.0,0.0,0.0,0,Satara,Maharashtra
2018-02-24,0.0,0.0,0.0,0.0,0.0,0,Satara,Maharashtra
2018-02-25,0.0,0.0,0.0,0.0,0.0,0,Satara,Maharashtra
2018-02-26,0.0,0.0,0.0,0.0,0.0,0,Satara,Maharashtra
2018-02-27,0.0,0.0,0.0,0.0,0.0,0,Satara,Maharashtra
2018-02-28,0.0,0.0,0.0,0.0,0.0,0,Satara,Maharashtra
2018-03-01,0.0,0.0,0.0,0.0,0.0,0,Satara,Maharashtra
2018-03-02,0.0,0.0,0.0,0.0,0.0,0,Satara,Maharashtra
2018-03-03,0.0,0.0,0.0,0.0,0.0,0,Satara,Maharashtra
2018-03-04,0.0,0.0,0.0,0.0,0.0,0,Satara,Maharashtra
2018-03-05,0.0,0.0,0.0,0.0,0.0,0,Satara,Maharashtra
2018-03-06,0.0,0.0,0.0,0.0,0.0,0,Satara,Maharashtra
2018-03-07,0.0,0.0,0.0,0.0,0.0,0,Satara,Maharashtra
2018-03-08,0.0,0.0,0.0,0.0,0.0,0,Satara,Maharashtra
2018-03-09,0.0,0.0,0.0,0.0,0.0,0,Satara,Maharashtra
2018-03-10,0.0,0.0,0.0,0.0,0.0,0,Satara,Maharashtra
2018-03-11,0.0,0.0,0.0,0.0,0.0,0,Satara,Maharashtra
2018-03-12,0.13,0.13,0.1299999999999858,0.13,0.13,0,Satara,Maharashtra
2018-03-13,0.0,0.13,0.1299999999999858,0.13,0.13,0,Satara,Maharashtra
2018-03-14,0.0,0.13,0.1299999999999858,0.13,0.13,0,Satara,Maharashtra
2018-03-15,0.0,0.0,0.1299999999999858,0.13,0.0,0,Satara,Maharashtra
2018-03-16,0.24,0.24,0.3699999999999858,0.37,0.24,0,Satara,Maharashtra
2018-03-17,0.0,0.24,0.3699999999999858,0.37,0.24,0,Satara,Maharashtra
2018-03-18,1.08,1.32,1.449999999999986,1.4500000000000002,1.08,0,Satara,Maharashtra
2018-03-19,0.05,1.1300000000000001,1.3699999999999861,1.5000000000000002,1.08,0,Satara,Maharashtra
2018-03-20,0.0,1.1300000000000001,1.369999999999986,1.5000000000000002,1.08,0,Satara,Maharashtra
2018-03-21,0.0,0.05,1.369999999999986,1.5000000000000002,0.05,0,Satara,Maharashtra
2018-03-22,0.0,0.0,1.369999999999986,1.5000000000000002,0.0,0,Satara,Maharashtra
2018-03-23,0.0,0.0,1.1299999999999861,1.5000000000000002,0.0,0,Satara,Maharashtra
2018-03-24,0.0,0.0,1.1299999999999861,1.5000000000000002,0.0,0,Satara,Maharashtra
2018-03-25,0.0,0.0,0.049999999999986014,1.5000000000000002,0.0,0,Satara,Maharashtra
2018-03-26,0.0,0.0,0.0,1.5000000000000002,0.0,0,Satara,Maharashtra
2018-03-27,0.0,0.0,0.0,1.37,0.0,0,Satara,Maharashtra
2018-03-28,0.0,0.0,0.0,1.37,0.0,0,Satara,Maharashtra
2018-03-29,0.0,0.0,0.0,1.37,0.0,0,Satara,Maharashtra
2018-03-30,0.0,0.0,0.0,1.37,0.0,0,Satara,Maharashtra
2018-03-31,0.0,0.0,0.0,1.1300000000000003,0.0,0,Satara,Maharashtra
2018-04-01,0.0,0.0,0.0,1.1300000000000003,0.0,0,Satara,Maharashtra
2018-04-02,0.0,0.0,0.0,0.050000000000000225,0.0,0,Satara,Maharashtra
2018-04-03,0.0,0.0,0.0,0.0,0.0,0,Satara,Maharashtra
2018-04-04,0.0,0.0,0.0,0.0,0.0,0,Satara,Maharashtra
2018-04-05,0.03,0.03,0.02999999999998601,0.03000000000000022,0.03,0,Satara,Maharashtra
2018-04-06,0.02,0.05,0.049999999999986014,0.050000000000000225,0.03,0,Satara,Maharashtra
2018-04-07,0.05,0.1,0.09999999999998602,0.10000000000000023,0.05,0,Satara,Maharashtra
2018-04-08,0.58,0.6499999999999999,0.679999999999986,0.6800000000000002,0.58,0,Satara,Maharashtra
2018-04-09,0.01,0.64,0.689999999999986,0.6900000000000002,0.58,0,Satara,Maharashtra
2018-04-10,0.0,0.5900000000000001,0.689999999999986,0.6900000000000002,0.58,0,Satara,Maharashtra
2018-04-11,0.01,0.02,0.699999999999986,0.7000000000000002,0.01,0,Satara,Maharashtra
2018-04-12,0.0,0.01,0.6699999999999859,0.7000000000000002,0.01,0,Satara,Maharashtra
2018-04-13,0.01,0.02,0.6599999999999859,0.7100000000000002,0.01,0,Satara,Maharashtra
2018-04-14,0.07,0.08,0.679999999999986,0.7800000000000001,0.07,0,Satara,Maharashtra
2018-04-15,0.05,0.13,0.14999999999998603,0.8300000000000002,0.07,0,Satara,Maharashtra
2018-04-16,0.06,0.18,0.19999999999998602,0.8900000000000001,0.07,0,Satara,Maharashtra
2018-04-17,1.15,1.2599999999999998,1.3499999999999859,2.04,1.15,0,Satara,Maharashtra
2018-04-18,0.75,1.9599999999999997,2.0899999999999856,2.79,1.15,0,Satara,Maharashtra
2018-04-19,0.01,1.9099999999999997,2.099999999999986,2.8,1.15,0,Satara,Maharashtra
2018-04-20,0.02,0.7799999999999998,2.109999999999986,2.79,0.75,0,Satara,Maharashtra
2018-04-21,0.0,0.029999999999999777,2.039999999999986,2.77,0.02,0,Satara,Maharashtra
2018-04-22,0.0,0.019999999999999775,1.989999999999986,2.7199999999999998,0.02,0,Satara,Maharashtra
2018-04-23,0.0,0.0,1.929999999999986,2.1399999999999997,0.0,0,Satara,Maharashtra
2018-04-24,0.0,0.0,0.779999999999986,2.13,0.0,0,Satara,Maharashtra
2018-04-25,0.0,0.0,0.02999999999998601,2.13,0.0,0,Satara,Maharashtra
2018-04-26,0.0,0.0,0.019999999999986008,2.12,0.0,0,Satara,Maharashtra
2018-04-27,0.0,0.0,0.0,2.12,0.0,0,Satara,Maharashtra
2018-04-28,0.0,0.0,0.0,2.11,0.0,0,Satara,Maharashtra
2018-04-29,0.0,0.0,0.0,2.04,0.0,0,Satara,Maharashtra
2018-04-30,0.01,0.009999999999999778,0.009999999999986011,2.0,0.01,0,Satara,Maharashtra
2018-05-01,0.0,0.009999999999999778,0.009999999999986011,1.9400000000000002,0.01,0,Satara,Maharashtra
2018-05-02,0.0,0.009999999999999778,0.009999999999986011,0.7900000000000003,0.01,0,Satara,Maharashtra
2018-05-03,0.0,0.0,0.009999999999986011,0.04000000000000022,0.0,0,Satara,Maharashtra
2018-05-04,0.0,0.0,0.009999999999986011,0.03000000000000022,0.0,0,Satara,Maharashtra
2018-05-05,0.0,0.0,0.009999999999986011,0.010000000000000222,0.0,0,Satara,Maharashtra
2018-05-06,0.09,0.08999999999999977,0.099999999999986,0.10000000000000021,0.09,0,Satara,Maharashtra
2018-05-07,0.5,0.5899999999999997,0.589999999999986,0.6000000000000002,0.5,0,Satara,Maharashtra
2018-05-08,0.03,0.6199999999999998,0.619999999999986,0.6300000000000002,0.5,0,Satara,Maharashtra
2018-05-09,0.03,0.5599999999999998,0.6499999999999859,0.6600000000000001,0.5,0,Satara,Maharashtra
2018-05-10,1.47,1.5299999999999998,2.119999999999986,2.13,1.47,0,Satara,Maharashtra
2018-05-11,1.78,3.28,3.899999999999986,3.91,1.78,0,Satara,Maharashtra
2018-05-12,0.46,3.71,4.359999999999986,4.37,1.78,0,Satara,Maharashtra
2018-05-13,0.17,2.4099999999999997,4.439999999999986,4.54,1.78,0,Satara,Maharashtra
2018-05-14,0.3,0.9299999999999998,4.239999999999986,4.84,0.46,0,Satara,Maharashtra
2018-05-15,0.38,0.8499999999999999,4.589999999999986,5.210000000000001,0.38,0,Satara,Maharashtra
2018-05-16,1.63,2.3099999999999996,6.189999999999985,6.84,1.63,0,Satara,Maharashtra
2018-05-17,4.77,6.779999999999999,9.489999999999984,11.61,4.77,0,Satara,Maharashtra
2018-05-18,1.66,8.059999999999999,9.369999999999985,13.27,4.77,0,Satara,Maharashtra
2018-05-19,0.1,6.529999999999999,9.009999999999986,13.37,4.77,0,Satara,Maharashtra
2018-05-20,0.17,1.93,9.009999999999986,13.54,1.66,0,Satara,Maharashtra
2018-05-21,0.03,0.30000000000000004,8.739999999999986,13.479999999999999,0.17,0,Satara,Maharashtra
2018-05-22,0.02,0.22,8.379999999999985,13.0,0.17,0,Satara,Maharashtra
2018-05-23,0.02,0.07,6.769999999999985,12.989999999999998,0.03,0,Satara,Maharashtra
2018-05-24,0.19,0.23,2.1899999999999857,13.149999999999999,0.19,0,Satara,Maharashtra
2018-05-25,0.03,0.24000000000000002,0.5599999999999858,11.71,0.19,0,Satara,Maharashtra
2018-05-26,0.13,0.35,0.5899999999999859,10.059999999999999,0.19,0,Satara,Maharashtra
2018-05-27,10.1,10.26,10.519999999999985,19.7,10.1,0,Satara,Maharashtra
2018-05-28,3.16,13.39,13.649999999999986,22.689999999999998,10.1,0,Satara,Maharashtra
2018-05-29,0.44,13.7,14.069999999999984,22.83,10.1,0,Satara,Maharashtra
2018-05-30,0.34,3.9400000000000004,14.389999999999985,22.79,3.16,0,Satara,Maharashtra
2018-05-31,1.15,1.93,15.349999999999985,22.31,1.15,0,Satara,Maharashtra
2018-06-01,6.47,7.96,21.789999999999985,24.009999999999998,6.47,1,Satara,Maharashtra
2018-06-02,16.48,24.1,38.139999999999986,38.83,16.48,1,Satara,Maharashtra
2018-06-03,12.25,35.2,40.289999999999985,50.98,16.48,1,Satara,Maharashtra
2018-06-04,16.28,45.010000000000005,53.40999999999998,67.09,16.48,1,Satara,Maharashtra
2018-06-05,12.25,40.78,65.21999999999998,79.31,16.28,1,Satara,Maharashtra
2018-06-06,10.46,38.99,75.33999999999997,89.75,16.28,1,Satara,Maharashtra
2018-06-07,11.06,33.77,85.24999999999999,100.79,12.25,1,Satara,Maharashtra
2018-06-08,22.65,44.17,101.42999999999999,123.25,22.65,1,Satara,Maharashtra
2018-06-09,36.01,69.72,120.95999999999998,159.23000000000002,36.01,1,Satara,Maharashtra
2018-06-10,31.5,90.16,140.20999999999998,190.60000000000002,36.01,1,Satara,Maharashtra
2018-06-11,14.07,81.57999999999998,138.0,194.57,36.01,1,Satara,Maharashtra
2018-06-12,2.65,48.22,128.39999999999998,194.06,31.5,1,Satara,Maharashtra
2018-06-13,1.62,18.34,119.55999999999997,195.23999999999998,14.07,1,Satara,Maharashtra
2018-06-14,1.58,5.85,110.07999999999998,196.48,2.65,1,Satara,Maharashtra
2018-06-15,7.95,11.15,95.37999999999998,203.28,7.95,1,Satara,Maharashtra
2018-06-16,7.93,17.46,67.29999999999998,204.74,7.95,1,Satara,Maharashtra
2018-06-17,20.53,36.41,56.329999999999984,208.79,20.53,1,Satara,Maharashtra
2018-06-18,18.16,46.620000000000005,60.41999999999999,214.7,20.53,1,Satara,Maharashtra
2018-06-19,6.38,45.07,64.14999999999999,204.79999999999998,20.53,1,Satara,Maharashtra
2018-06-20,10.78,35.32,73.30999999999999,203.32999999999998,18.16,1,Satara,Maharashtra
2018-06-21,49.91,67.07,121.63999999999999,242.78000000000003,49.91,1,Satara,Maharashtra
2018-06-22,31.94,92.63,145.63,263.66,49.91,1,Satara,Maharashtra
2018-06-23,33.25,115.1,170.95,274.26,49.91,1,Satara,Maharashtra
2018-06-24,36.92,102.11,187.33999999999997,275.17,36.92,1,Satara,Maharashtra
2018-06-25,35.74,105.91,204.92,279.41,36.92,1,Satara,Maharashtra
2018-06-26,29.05,101.71000000000001,227.58999999999997,294.39000000000004,36.92,1,Satara,Maharashtra
2018-06-27,8.77,73.56,225.57999999999998,300.51,35.74,1,Satara,Maharashtra
2018-06-28,21.49,59.31,197.16,320.38,29.05,1,Satara,Maharashtra
2018-06-29,9.14,39.4,174.35999999999999,327.94,21.49,1,Satara,Maharashtra
2018-06-30,13.85,44.48,154.95999999999998,333.84000000000003,21.49,1,Satara,Maharashtra
2018-07-01,8.53,31.52,126.57,334.44,13.85,1,Satara,Maharashtra
2018-07-02,18.16,40.54,108.98999999999998,332.07,18.16,1,Satara,Maharashtra
2018-07-03,20.43,47.12,100.36999999999998,334.34000000000003,20.43,1,Satara,Maharashtra
2018-07-04,35.31,73.9,126.90999999999998,363.27,35.31,1,Satara,Maharashtra
2018-07-05,52.17,107.91,157.58999999999997,404.65999999999997,52.17,1,Satara,Maharashtra
2018-07-06,29.0,116.47999999999999,177.45,383.75,52.17,1,Satara,Maharashtra
2018-07-07,40.65,121.82,204.24999999999997,392.46000000000004,52.17,1,Satara,Maharashtra
2018-07-08,26.33,95.98,222.04999999999998,385.54,40.65,1,Satara,Maharashtra
2018-07-09,25.8,92.77999999999999,229.68999999999997,374.42,40.65,1,Satara,Maharashtra
2018-07-10,38.42,90.55,247.67999999999998,377.1,38.42,1,Satara,Maharashtra
2018-07-11,23.46,87.68,235.83,371.51,38.42,1,Satara,Maharashtra
2018-07-12,44.51,106.39,228.17,407.25,44.51,1,Satara,Maharashtra
2018-07-13,55.93,123.9,255.1,441.69,55.93,1,Satara,Maharashtra
2018-07-14,30.19,130.63,244.64,462.74,55.93,1,Satara,Maharashtra
2018-07-15,39.87,125.99,258.18,488.76,55.93,1,Satara,Maharashtra
2018-07-16,107.19,177.25,339.57,587.42,107.19,1,Satara,Maharashtra
2018-07-17,56.5,203.56,357.65,625.76,107.19,1,Satara,Maharashtra
2018-07-18,28.4,192.09,362.59,633.73,107.19,1,Satara,Maharashtra
2018-07-19,25.49,110.39,343.57,623.91,56.5,1,Satara,Maharashtra
2018-07-20,23.09,76.97999999999999,310.72999999999996,594.8299999999999,28.4,1,Satara,Maharashtra
2018-07-21,16.55,65.13,297.09,582.38,25.49,1,Satara,Maharashtra
2018-07-22,13.27,52.910000000000004,270.49,555.0,23.09,1,Satara,Maharashtra
2018-07-23,10.98,40.8,174.27999999999997,539.6500000000001,16.55,1,Satara,Maharashtra
2018-07-24,5.46,29.71,123.23999999999998,519.31,13.27,1,Satara,Maharashtra
2018-07-25,5.98,22.42,100.81999999999998,486.87,10.98,1,Satara,Maharashtra
2018-07-26,7.86,19.3,83.18999999999998,471.27,7.86,1,Satara,Maharashtra
2018-07-27,5.82,19.66,65.91999999999999,432.58,7.86,1,Satara,Maharashtra
2018-07-28,3.63,17.31,52.99999999999999,380.28,7.86,1,Satara,Maharashtra
2018-07-29,0.76,10.21,40.48999999999999,350.84999999999997,5.82,1,Satara,Maharashtra
2018-07-30,2.87,7.26,32.37999999999999,313.84999999999997,3.63,1,Satara,Maharashtra
2018-07-31,3.55,7.18,30.469999999999985,210.20999999999998,3.55,1,Satara,Maharashtra
2018-08-01,7.73,14.15,32.219999999999985,161.44,7.73,1,Satara,Maharashtra
2018-08-02,5.78,17.060000000000002,30.139999999999986,138.82,7.73,1,Satara,Maharashtra
2018-08-03,16.75,30.26,41.069999999999986,130.07999999999998,16.75,1,Satara,Maharashtra
2018-08-04,14.1,36.63,51.539999999999985,121.08999999999999,16.75,1,Satara,Maharashtra
2018-08-05,6.86,37.71,57.639999999999986,111.39999999999999,16.75,1,Satara,Maharashtra
2018-08-06,5.63,26.59,60.39999999999999,103.76,14.1,1,Satara,Maharashtra
2018-08-07,5.68,18.17,62.52999999999999,98.46,6.86,1,Satara,Maharashtra
2018-08-08,10.33,21.64,65.12999999999998,103.33,10.33,1,Satara,Maharashtra
2018-08-09,7.06,23.069999999999997,66.40999999999998,104.41,10.33,1,Satara,Maharashtra
2018-08-10,8.67,26.060000000000002,58.329999999999984,105.22,10.33,1,Satara,Maharashtra
2018-08-11,21.05,36.78,65.27999999999999,120.45,21.05,1,Satara,Maharashtra
2018-08-12,22.39,52.11,80.80999999999999,139.21,22.39,1,Satara,Maharashtra
2018-08-13,36.65,80.09,111.82999999999998,175.10000000000002,36.65,1,Satara,Maharashtra
2018-08-14,15.99,75.03,122.13999999999997,188.22,36.65,1,Satara,Maharashtra
2018-08-15,19.41,72.05000000000001,131.21999999999997,204.07999999999998,36.65,1,Satara,Maharashtra
2018-08-16,29.32,64.72,153.47999999999996,225.67000000000002,29.32,1,Satara,Maharashtra
2018-08-17,14.7,63.42999999999999,159.51,234.59,29.32,1,Satara,Maharashtra
2018-08-18,19.87,63.89,158.32999999999998,237.71,29.32,1,Satara,Maharashtra
2018-08-19,15.63,50.2,151.57,239.24,19.87,1,Satara,Maharashtra
2018-08-20,31.34,66.84,146.26,263.71999999999997,31.34,1,Satara,Maharashtra
2018-08-21,31.9,78.87,162.16999999999996,289.99,31.9,1,Satara,Maharashtra
2018-08-22,24.87,88.11,167.62999999999997,309.18,31.9,1,Satara,Maharashtra
2018-08-23,13.51,70.28,151.82,312.36,31.9,1,Satara,Maharashtra
2018-08-24,11.36,49.74,148.48,316.66,24.87,1,Satara,Maharashtra
2018-08-25,9.83,34.7,138.44,317.82,13.51,1,Satara,Maharashtra
2018-08-26,18.45,39.64,141.26,315.21999999999997,18.45,1,Satara,Maharashtra
2018-08-27,20.27,48.55,130.18999999999997,313.09999999999997,20.27,1,Satara,Maharashtra
2018-08-28,13.62,52.34,111.90999999999998,290.07,20.27,1,Satara,Maharashtra
2018-08-29,8.37,42.26,95.40999999999998,282.45,20.27,1,Satara,Maharashtra
2018-08-30,6.49,28.479999999999997,88.38999999999999,269.53,13.62,1,Satara,Maharashtra
2018-08-31,6.47,21.33,83.49999999999999,246.67999999999998,8.37,1,Satara,Maharashtra
2018-09-01,10.5,23.46,84.16999999999999,242.48,10.5,1,Satara,Maharashtra
2018-09-02,9.72,26.689999999999998,75.43999999999998,232.32999999999998,10.5,1,Satara,Maharashtra
2018-09-03,10.0,30.22,65.16999999999999,226.7,10.5,1,Satara,Maharashtra
2018-09-04,3.84,23.56,55.389999999999986,199.2,10.0,1,Satara,Maharashtra
2018-09-05,2.45,16.29,49.469999999999985,169.75,10.0,1,Satara,Maharashtra
2018-09-06,2.65,8.939999999999998,45.62999999999999,147.53,3.84,1,Satara,Maharashtra
2018-09-07,4.1,9.199999999999998,43.25999999999999,138.11999999999998,4.1,1,Satara,Maharashtra
2018-09-08,2.71,9.459999999999997,35.46999999999999,129.47,4.1,1,Satara,Maharashtra
2018-09-09,0.99,7.799999999999997,26.739999999999984,120.63,4.1,1,Satara,Maharashtra
2018-09-10,0.17,3.8699999999999974,16.909999999999986,102.35000000000001,2.71,1,Satara,Maharashtra
2018-09-11,0.03,1.1899999999999973,13.099999999999985,82.11,0.99,1,Satara,Maharashtra
2018-09-12,0.05,0.24999999999999734,10.699999999999983,68.54,0.17,1,Satara,Maharashtra
2018-09-13,0.1,0.17999999999999733,8.149999999999986,60.269999999999996,0.1,1,Satara,Maharashtra
2018-09-14,0.45,0.5999999999999973,4.499999999999986,54.230000000000004,0.45,1,Satara,Maharashtra
2018-09-15,0.75,1.2999999999999972,2.539999999999986,48.510000000000005,0.75,1,Satara,Maharashtra
2018-09-16,0.83,2.0299999999999976,2.3799999999999857,38.84,0.83,1,Satara,Maharashtra
2018-09-17,0.17,1.7499999999999971,2.3799999999999857,29.289999999999996,0.83,1,Satara,Maharashtra
2018-09-18,0.13,1.1299999999999972,2.4799999999999858,19.42,0.83,1,Satara,Maharashtra
2018-09-19,0.72,1.0199999999999974,3.1499999999999857,16.3,0.72,1,Satara,Maharashtra
2018-09-20,5.69,6.539999999999997,8.739999999999986,19.54,5.69,1,Satara,Maharashtra
2018-09-21,6.74,13.149999999999999,15.029999999999987,23.63,6.74,1,Satara,Maharashtra
2018-09-22,3.16,15.589999999999996,17.439999999999987,22.69,6.74,1,Satara,Maharashtra
2018-09-23,3.07,12.969999999999997,19.679999999999986,23.05,6.74,1,Satara,Maharashtra
2018-09-24,1.06,7.289999999999997,20.569999999999986,23.12,3.16,1,Satara,Maharashtra
2018-09-25,3.21,7.339999999999997,23.649999999999988,26.16,3.21,1,Satara,Maharashtra
2018-09-26,15.23,19.5,38.15999999999998,41.36,15.23,1,Satara,Maharashtra
2018-09-27,8.23,26.669999999999995,40.69999999999999,49.54,15.23,1,Satara,Maharashtra
2018-09-28,8.44,31.9,42.399999999999984,57.88,15.23,1,Satara,Maharashtra
2018-09-29,3.03,19.7,42.26999999999998,60.46,8.44,1,Satara,Maharashtra
2018-09-30,0.93,12.399999999999997,40.12999999999999,60.64,8.44,1,Satara,Maharashtra
2018-10-01,4.37,8.329999999999998,43.43999999999998,64.18,4.37,0,Satara,Maharashtra
2018-10-02,3.56,8.86,43.789999999999985,67.57000000000001,4.37,0,Satara,Maharashtra
2018-10-03,6.9,14.829999999999998,35.45999999999999,74.34,6.9,0,Satara,Maharashtra
2018-10-04,11.78,22.24,39.009999999999984,85.4,11.78,0,Satara,Maharashtra
2018-10-05,0.39,19.07,30.959999999999987,80.1,11.78,0,Satara,Maharashtra
2018-10-06,0.0,12.17,27.929999999999986,73.36,11.78,0,Satara,Maharashtra
2018-10-07,0.0,0.39,26.999999999999986,70.2,0.39,0,Satara,Maharashtra
2018-10-08,1.01,1.01,23.639999999999986,68.14,1.01,0,Satara,Maharashtra
2018-10-09,1.8,2.81,21.87999999999999,68.88000000000001,1.8,0,Satara,Maharashtra
2018-10-10,0.13,2.94,15.109999999999985,65.8,1.8,0,Satara,Maharashtra
2018-10-11,0.18,2.11,3.5099999999999856,50.75,1.8,0,Satara,Maharashtra
2018-10-12,0.19,0.5,3.3099999999999854,42.71,0.19,0,Satara,Maharashtra
2018-10-13,0.06,0.43,3.3699999999999855,34.330000000000005,0.19,0,Satara,Maharashtra
2018-10-14,0.03,0.28,3.3999999999999857,31.330000000000002,0.19,0,Satara,Maharashtra
2018-10-15,0.0,0.09,2.389999999999986,30.400000000000002,0.06,0,Satara,Maharashtra
2018-10-16,1.81,1.84,2.399999999999986,27.84,1.81,0,Satara,Maharashtra
2018-10-17,1.45,3.26,3.719999999999986,25.73,1.81,0,Satara,Maharashtra
2018-10-18,12.77,16.03,16.309999999999985,31.6,12.77,0,Satara,Maharashtra
2018-10-19,2.88,17.099999999999998,18.999999999999982,22.7,12.77,0,Satara,Maharashtra
2018-10-20,0.05,15.7,18.989999999999984,22.360000000000003,12.77,0,Satara,Maharashtra
2018-10-21,0.01,2.94,18.969999999999985,22.37,2.88,0,Satara,Maharashtra
2018-10-22,0.05,0.11000000000000001,19.019999999999982,22.42,0.05,0,Satara,Maharashtra
2018-10-23,0.17,0.23000000000000004,17.379999999999985,21.58,0.17,0,Satara,Maharashtra
2018-10-24,0.08,0.3,16.009999999999984,19.86,0.17,0,Satara,Maharashtra
2018-10-25,0.47,0.72,3.7099999999999858,20.2,0.47,0,Satara,Maharashtra
2018-10-26,0.02,0.57,0.8499999999999858,20.04,0.47,0,Satara,Maharashtra
2018-10-27,0.0,0.49,0.7999999999999857,19.849999999999998,0.47,0,Satara,Maharashtra
2018-10-28,0.0,0.02,0.7899999999999857,19.79,0.02,0,Satara,Maharashtra
2018-10-29,0.0,0.0,0.7399999999999858,19.759999999999998,0.0,0,Satara,Maharashtra
2018-10-30,0.0,0.0,0.5699999999999857,19.759999999999998,0.0,0,Satara,Maharashtra
2018-10-31,0.0,0.0,0.4899999999999858,17.95,0.0,0,Satara,Maharashtra
2018-11-01,0.0,0.0,0.01999999999998579,16.5,0.0,0,Satara,Maharashtra
2018-11-02,0.0,0.0,0.0,3.73,0.0,0,Satara,Maharashtra
2018-11-03,1.59,1.59,1.5899999999999859,2.4400000000000004,1.59,0,Satara,Maharashtra
2018-11-04,5.6,7.1899999999999995,7.189999999999985,7.99,5.6,0,Satara,Maharashtra
2018-11-05,8.16,15.35,15.349999999999985,16.14,8.16,0,Satara,Maharashtra
2018-11-06,2.35,16.11,17.699999999999985,18.44,8.16,0,Satara,Maharashtra
2018-11-07,0.01,10.52,17.709999999999987,18.28,8.16,0,Satara,Maharashtra
2018-11-08,0.0,2.36,17.709999999999987,18.2,2.35,0,Satara,Maharashtra
2018-11-09,0.0,0.01,17.709999999999987,17.73,0.01,0,Satara,Maharashtra
2018-11-10,0.0,0.0,16.119999999999987,17.71,0.0,0,Satara,Maharashtra
2018-11-11,0.0,0.0,10.519999999999985,17.71,0.0,0,Satara,Maharashtra
2018-11-12,0.0,0.0,2.3599999999999857,17.71,0.0,0,Satara,Maharashtra
2018-11-13,0.0,0.0,0.00999999999998579,17.71,0.0,0,Satara,Maharashtra
2018-11-14,0.0,0.0,0.0,17.71,0.0,0,Satara,Maharashtra
2018-11-15,0.0,0.0,0.0,17.71,0.0,0,Satara,Maharashtra
2018-11-16,0.0,0.0,0.0,17.71,0.0,0,Satara,Maharashtra
2018-11-17,0.0,0.0,0.0,17.71,0.0,0,Satara,Maharashtra
2018-11-18,0.23,0.23,0.2299999999999858,16.35,0.23,0,Satara,Maharashtra
2018-11-19,3.14,3.37,3.369999999999986,13.89,3.14,0,Satara,Maharashtra
2018-11-20,3.12,6.49,6.489999999999986,8.850000000000001,3.14,0,Satara,Maharashtra
2018-11-21,0.05,6.31,6.539999999999986,6.550000000000001,3.14,0,Satara,Maharashtra
2018-11-22,0.0,3.17,6.539999999999986,6.54,3.12,0,Satara,Maharashtra
2018-11-23,0.0,0.05,6.539999999999986,6.54,0.05,0,Satara,Maharashtra
2018-11-24,0.0,0.0,6.539999999999986,6.54,0.0,0,Satara,Maharashtra
2018-11-25,0.0,0.0,6.309999999999985,6.54,0.0,0,Satara,Maharashtra
2018-11-26,0.0,0.0,3.1699999999999857,6.54,0.0,0,Satara,Maharashtra
2018-11-27,0.0,0.0,0.04999999999998579,6.54,0.0,0,Satara,Maharashtra
2018-11-28,0.0,0.0,0.0,6.54,0.0,0,Satara,Maharashtra
2018-11-29,0.0,0.0,0.0,6.54,0.0,0,Satara,Maharashtra
2018-11-30,0.0,0.0,0.0,6.54,0.0,0,Satara,Maharashtra
2018-12-01,0.0,0.0,0.0,6.54,0.0,0,Satara,Maharashtra
2018-12-02,0.0,0.0,0.0,6.54,0.0,0,Satara,Maharashtra
2018-12-03,0.0,0.0,0.0,6.3100000000000005,0.0,0,Satara,Maharashtra
2018-12-04,0.0,0.0,0.0,3.17,0.0,0,Satara,Maharashtra
2018-12-05,0.01,0.01,0.00999999999998579,0.060000000000000005,0.01,0,Satara,Maharashtra
2018-12-06,0.0,0.01,0.00999999999998579,0.01,0.01,0,Satara,Maharashtra
2018-12-07,0.0,0.01,0.00999999999998579,0.01,0.01,0,Satara,Maharashtra
2018-12-08,0.0,0.0,0.00999999999998579,0.01,0.0,0,Satara,Maharashtra
2018-12-09,0.0,0.0,0.00999999999998579,0.01,0.0,0,Satara,Maharashtra
2018-12-10,0.0,0.0,0.00999999999998579,0.01,0.0,0,Satara,Maharashtra
2018-12-11,0.0,0.0,0.00999999999998579,0.01,0.0,0,Satara,Maharashtra
2018-12-12,0.0,0.0,0.0,0.01,0.0,0,Satara,Maharashtra
2018-12-13,0.0,0.0,0.0,0.01,0.0,0,Satara,Maharashtra
2018-12-14,0.0,0.0,0.0,0.01,0.0,0,Satara,Maharashtra
2018-12-15,0.0,0.0,0.0,0.01,0.0,0,Satara,Maharashtra
2018-12-16,0.0,0.0,0.0,0.01,0.0,0,Satara,Maharashtra
2018-12-17,0.0,0.0,0.0,0.01,0.0,0,Satara,Maharashtra
2018-12-18,0.0,0.0,0.0,0.01,0.0,0,Satara,Maharashtra
2018-12-19,0.0,0.0,0.0,0.01,0.0,0,Satara,Maharashtra
2018-12-20,0.0,0.0,0.0,0.0,0.0,0,Satara,Maharashtra
2018-12-21,0.0,0.0,0.0,0.0,0.0,0,Satara,Maharashtra
2018-12-22,0.0,0.0,0.0,0.0,0.0,0,Satara,Maharashtra
2018-12-23,0.0,0.0,0.0,0.0,0.0,0,Satara,Maharashtra
2018-12-24,0.0,0.0,0.0,0.0,0.0,0,Satara,Maharashtra
2018-12-25,0.0,0.0,0.0,0.0,0.0,0,Satara,Maharashtra
2018-12-26,0.0,0.0,0.0,0.0,0.0,0,Satara,Maharashtra
2018-12-27,0.0,0.0,0.0,0.0,0.0,0,Satara,Maharashtra
2018-12-28,0.0,0.0,0.0,0.0,0.0,0,Satara,Maharashtra
2018-12-29,0.0,0.0,0.0,0.0,0.0,0,Satara,Maharashtra
2018-12-30,0.0,0.0,0.0,0.0,0.0,0,Satara,Maharashtra
2018-12-31,0.0,0.0,0.0,0.0,0.0,0,Satara,Maharashtra
2019-01-01,0.0,0.0,0.0,0.0,0.0,0,Satara,Maharashtra
2019-01-02,0.0,0.0,0.0,0.0,0.0,0,Satara,Maharashtra
2019-01-03,0.0,0.0,0.0,0.0,0.0,0,Satara,Maharashtra
2019-01-04,0.0,0.0,0.0,0.0,0.0,0,Satara,Maharashtra
2019-01-05,0.0,0.0,0.0,0.0,0.0,0,Satara,Maharashtra
2019-01-06,0.0,0.0,0.0,0.0,0.0,0,Satara,Maharashtra
2019-01-07,0.0,0.0,0.0,0.0,0.0,0,Satara,Maharashtra
2019-01-08,0.0,0.0,0.0,0.0,0.0,0,Satara,Maharashtra
2019-01-09,0.0,0.0,0.0,0.0,0.0,0,Satara,Maharashtra
2019-01-10,0.0,0.0,0.0,0.0,0.0,0,Satara,Maharashtra
2019-01-11,0.0,0.0,0.0,0.0,0.0,0,Satara,Maharashtra
2019-01-12,0.0,0.0,0.0,0.0,0.0,0,Satara,Maharashtra
2019-01-13,0.0,0.0,0.0,0.0,0.0,0,Satara,Maharashtra
2019-01-14,0.0,0.0,0.0,0.0,0.0,0,Satara,Maharashtra
2019-01-15,0.0,0.0,0.0,0.0,0.0,0,Satara,Maharashtra
2019-01-16,0.0,0.0,0.0,0.0,0.0,0,Satara,Maharashtra
2019-01-17,0.0,0.0,0.0,0.0,0.0,0,Satara,Maharashtra
2019-01-18,0.0,0.0,0.0,0.0,0.0,0,Satara,Maharashtra
2019-01-19,0.0,0.0,0.0,0.0,0.0,0,Satara,Maharashtra
2019-01-20,0.0,0.0,0.0,0.0,0.0,0,Satara,Maharashtra
2019-01-21,0.0,0.0,0.0,0.0,0.0,0,Satara,Maharashtra
2019-01-22,0.0,0.0,0.0,0.0,0.0,0,Satara,Maharashtra
2019-01-23,0.0,0.0,0.0,0.0,0.0,0,Satara,Maharashtra
2019-01-24,0.0,0.0,0.0,0.0,0.0,0,Satara,Maharashtra
2019-01-25,0.0,0.0,0.0,0.0,0.0,0,Satara,Maharashtra
2019-01-26,0.0,0.0,0.0,0.0,0.0,0,Satara,Maharashtra
2019-01-27,0.0,0.0,0.0,0.0,0.0,0,Satara,Maharashtra
2019-01-28,0.0,0.0,0.0,0.0,0.0,0,Satara,Maharashtra
2019-01-29,0.0,0.0,0.0,0.0,0.0,0,Satara,Maharashtra
2019-01-30,0.0,0.0,0.0,0.0,0.0,0,Satara,Maharashtra
2019-01-31,0.0,0.0,0.0,0.0,0.0,0,Satara,Maharashtra
2019-02-01,0.0,0.0,0.0,0.0,0.0,0,Satara,Maharashtra
2019-02-02,0.0,0.0,0.0,0.0,0.0,0,Satara,Maharashtra
2019-02-03,0.0,0.0,0.0,0.0,0.0,0,Satara,Maharashtra
2019-02-04,0.0,0.0,0.0,0.0,0.0,0,Satara,Maharashtra
2019-02-05,0.0,0.0,0.0,0.0,0.0,0,Satara,Maharashtra
2019-02-06,0.0,0.0,0.0,0.0,0.0,0,Satara,Maharashtra
2019-02-07,0.0,0.0,0.0,0.0,0.0,0,Satara,Maharashtra
2019-02-08,0.0,0.0,0.0,0.0,0.0,0,Satara,Maharashtra
2019-02-09,0.0,0.0,0.0,0.0,0.0,0,Satara,Maharashtra
2019-02-10,0.0,0.0,0.0,0.0,0.0,0,Satara,Maharashtra
2019-02-11,0.0,0.0,0.0,0.0,0.0,0,Satara,Maharashtra
2019-02-12,0.0,0.0,0.0,0.0,0.0,0,Satara,Maharashtra
2019-02-13,0.0,0.0,0.0,0.0,0.0,0,Satara,Maharashtra
2019-02-14,0.0,0.0,0.0,0.0,0.0,0,Satara,Maharashtra
2019-02-15,0.0,0.0,0.0,0.0,0.0,0,Satara,Maharashtra
2019-02-16,0.0,0.0,0.0,0.0,0.0,0,Satara,Maharashtra
2019-02-17,0.0,0.0,0.0,0.0,0.0,0,Satara,Maharashtra
2019-02-18,0.0,0.0,0.0,0.0,0.0,0,Satara,Maharashtra
2019-02-19,0.0,0.0,0.0,0.0,0.0,0,Satara,Maharashtra
2019-02-20,0.0,0.0,0.0,0.0,0.0,0,Satara,Maharashtra
2019-02-21,0.0,0.0,0.0,0.0,0.0,0,Satara,Maharashtra
2019-02-22,0.0,0.0,0.0,0.0,0.0,0,Satara,Maharashtra
2019-02-23,0.0,0.0,0.0,0.0,0.0,0,Satara,Maharashtra
2019-02-24,0.0,0.0,0.0,0.0,0.0,0,Satara,Maharashtra
2019-02-25,0.0,0.0,0.0,0.0,0.0,0,Satara,Maharashtra
2019-02-26,0.0,0.0,0.0,0.0,0.0,0,Satara,Maharashtra
2019-02-27,0.0,0.0,0.0,0.0,0.0,0,Satara,Maharashtra
2019-02-28,0.0,0.0,0.0,0.0,0.0,0,Satara,Maharashtra
2019-03-01,0.0,0.0,0.0,0.0,0.0,0,Satara,Maharashtra
2019-03-02,0.0,0.0,0.0,0.0,0.0,0,Satara,Maharashtra
2019-03-03,0.0,0.0,0.0,0.0,0.0,0,Satara,Maharashtra
2019-03-04,0.0,0.0,0.0,0.0,0.0,0,Satara,Maharashtra
2019-03-05,0.0,0.0,0.0,0.0,0.0,0,Satara,Maharashtra
2019-03-06,0.0,0.0,0.0,0.0,0.0,0,Satara,Maharashtra
2019-03-07,0.0,0.0,0.0,0.0,0.0,0,Satara,Maharashtra
2019-03-08,0.0,0.0,0.0,0.0,0.0,0,Satara,Maharashtra
2019-03-09,0.0,0.0,0.0,0.0,0.0,0,Satara,Maharashtra
2019-03-10,0.0,0.0,0.0,0.0,0.0,0,Satara,Maharashtra
2019-03-11,0.0,0.0,0.0,0.0,0.0,0,Satara,Maharashtra
2019-03-12,0.0,0.0,0.0,0.0,0.0,0,Satara,Maharashtra
2019-03-13,0.0,0.0,0.0,0.0,0.0,0,Satara,Maharashtra
2019-03-14,0.0,0.0,0.0,0.0,0.0,0,Satara,Maharashtra
2019-03-15,0.0,0.0,0.0,0.0,0.0,0,Satara,Maharashtra
2019-03-16,0.0,0.0,0.0,0.0,0.0,0,Satara,Maharashtra
2019-03-17,0.0,0.0,0.0,0.0,0.0,0,Satara,Maharashtra
2019-03-18,0.0,0.0,0.0,0.0,0.0,0,Satara,Maharashtra
2019-03-19,0.0,0.0,0.0,0.0,0.0,0,Satara,Maharashtra
2019-03-20,0.0,0.0,0.0,0.0,0.0,0,Satara,Maharashtra
2019-03-21,0.0,0.0,0.0,0.0,0.0,0,Satara,Maharashtra
2019-03-22,0.0,0.0,0.0,0.0,0.0,0,Satara,Maharashtra
2019-03-23,0.0,0.0,0.0,0.0,0.0,0,Satara,Maharashtra
2019-03-24,0.1,0.1,0.0999999999999858,0.1,0.1,0,Satara,Maharashtra
2019-03-25,0.22,0.32,0.3199999999999858,0.32,0.22,0,Satara,Maharashtra
2019-03-26,0.12,0.44,0.4399999999999858,0.44,0.22,0,Satara,Maharashtra
2019-03-27,0.13,0.47,0.5699999999999859,0.5700000000000001,0.22,0,Satara,Maharashtra
2019-03-28,0.01,0.26,0.5799999999999857,0.58,0.13,0,Satara,Maharashtra
2019-03-29,0.0,0.14,0.5799999999999857,0.58,0.13,0,Satara,Maharashtra
2019-03-30,0.07,0.08,0.6499999999999858,0.65,0.07,0,Satara,Maharashtra
2019-03-31,0.15,0.22,0.6999999999999857,0.8,0.15,0,Satara,Maharashtra
2019-04-01,0.01,0.23,0.4899999999999858,0.8099999999999999,0.15,0,Satara,Maharashtra
2019-04-02,0.0,0.16,0.3699999999999858,0.8099999999999999,0.15,0,Satara,Maharashtra
2019-04-03,0.0,0.01,0.23999999999998578,0.8099999999999999,0.01,0,Satara,Maharashtra
2019-04-04,0.22,0.22,0.44999999999998574,1.03,0.22,0,Satara,Maharashtra
2019-04-05,0.1,0.32,0.5499999999999858,1.13,0.22,0,Satara,Maharashtra
2019-04-06,0.01,0.33,0.4899999999999858,1.14,0.22,0,Satara,Maharashtra
2019-04-07,0.0,0.11,0.3399999999999858,1.14,0.1,0,Satara,Maharashtra
2019-04-08,0.01,0.02,0.3399999999999858,1.0499999999999998,0.01,0,Satara,Maharashtra
2019-04-09,0.01,0.02,0.3499999999999858,0.84,0.01,0,Satara,Maharashtra
2019-04-10,0.0,0.02,0.3499999999999858,0.72,0.01,0,Satara,Maharashtra
2019-04-11,0.07,0.08,0.1999999999999858,0.66,0.07,0,Satara,Maharashtra
2019-04-12,0.22,0.29000000000000004,0.3199999999999858,0.8700000000000001,0.22,0,Satara,Maharashtra
2019-04-13,0.63,0.92,0.9399999999999857,1.5,0.63,0,Satara,Maharashtra
2019-04-14,0.82,1.67,1.7599999999999858,2.25,0.82,0,Satara,Maharashtra
2019-04-15,2.69,4.14,4.439999999999985,4.79,2.69,0,Satara,Maharashtra
2019-04-16,0.14,3.6500000000000004,4.569999999999986,4.92,2.69,0,Satara,Maharashtra
2019-04-17,0.0,2.83,4.569999999999986,4.92,2.69,0,Satara,Maharashtra
2019-04-18,0.0,0.14,4.499999999999986,4.92,0.14,0,Satara,Maharashtra
2019-04-19,0.0,0.0,4.279999999999986,4.699999999999999,0.0,0,Satara,Maharashtra
2019-04-20,0.0,0.0,3.649999999999986,4.6,0.0,0,Satara,Maharashtra
2019-04-21,0.0,0.0,2.829999999999986,4.59,0.0,0,Satara,Maharashtra
2019-04-22,0.0,0.0,0.1399999999999858,4.59,0.0,0,Satara,Maharashtra
2019-04-23,0.0,0.0,0.0,4.58,0.0,0,Satara,Maharashtra
2019-04-24,0.0,0.0,0.0,4.569999999999999,0.0,0,Satara,Maharashtra
2019-04-25,0.0,0.0,0.0,4.569999999999999,0.0,0,Satara,Maharashtra
2019-04-26,0.0,0.0,0.0,4.5,0.0,0,Satara,Maharashtra
2019-04-27,0.15,0.15,0.14999999999998578,4.43,0.15,0,Satara,Maharashtra
2019-04-28,0.01,0.16,0.1599999999999858,3.8099999999999996,0.15,0,Satara,Maharashtra
2019-04-29,0.01,0.16999999999999998,0.16999999999998577,3.0,0.15,0,Satara,Maharashtra
2019-04-30,0.0,0.02,0.16999999999998577,0.31,0.01,0,Satara,Maharashtra
2019-05-01,0.0,0.01,0.16999999999998577,0.16999999999999998,0.01,0,Satara,Maharashtra
2019-05-02,0.0,0.0,0.16999999999998577,0.16999999999999998,0.0,0,Satara,Maharashtra
2019-05-03,0.0,0.0,0.16999999999998577,0.16999999999999998,0.0,0,Satara,Maharashtra
2019-05-04,0.0,0.0,0.01999999999998579,0.16999999999999998,0.0,0,Satara,Maharashtra
2019-05-05,0.0,0.0,0.00999999999998579,0.16999999999999998,0.0,0,Satara,Maharashtra
2019-05-06,0.0,0.0,0.0,0.16999999999999998,0.0,0,Satara,Maharashtra
2019-05-07,0.0,0.0,0.0,0.16999999999999998,0.0,0,Satara,Maharashtra
2019-05-08,0.0,0.0,0.0,0.16999999999999998,0.0,0,Satara,Maharashtra
2019-05-09,0.0,0.0,0.0,0.16999999999999998,0.0,0,Satara,Maharashtra
2019-05-10,0.0,0.0,0.0,0.16999999999999998,0.0,0,Satara,Maharashtra
2019-05-11,0.0,0.0,0.0,0.16999999999999998,0.0,0,Satara,Maharashtra
2019-05-12,0.0,0.0,0.0,0.02,0.0,0,Satara,Maharashtra
2019-05-13,0.02,0.02,0.01999999999998579,0.03,0.02,0,Satara,Maharashtra
2019-05-14,0.01,0.03,0.029999999999985788,0.03,0.02,0,Satara,Maharashtra
2019-05-15,0.0,0.03,0.029999999999985788,0.03,0.02,0,Satara,Maharashtra
2019-05-16,0.0,0.01,0.029999999999985788,0.03,0.01,0,Satara,Maharashtra
2019-05-17,0.0,0.0,0.029999999999985788,0.03,0.0,0,Satara,Maharashtra
2019-05-18,0.0,0.0,0.029999999999985788,0.03,0.0,0,Satara,Maharashtra
2019-05-19,0.0,0.0,0.029999999999985788,0.03,0.0,0,Satara,Maharashtra
2019-05-20,0.0,0.0,0.00999999999998579,0.03,0.0,0,Satara,Maharashtra
2019-05-21,0.01,0.01,0.00999999999998579,0.04,0.01,0,Satara,Maharashtra
2019-05-22,0.02,0.03,0.029999999999985788,0.06,0.02,0,Satara,Maharashtra
2019-05-23,0.02,0.05,0.04999999999998579,0.08,0.02,0,Satara,Maharashtra
2019-05-24,0.02,0.06,0.0699999999999858,0.1,0.02,0,Satara,Maharashtra
2019-05-25,0.01,0.05,0.07999999999998579,0.11,0.02,0,Satara,Maharashtra
2019-05-26,0.0,0.030000000000000006,0.07999999999998579,0.11,0.02,0,Satara,Maharashtra
2019-05-27,0.0,0.010000000000000004,0.07999999999998579,0.11,0.01,0,Satara,Maharashtra
2019-05-28,0.0,0.0,0.0699999999999858,0.09,0.0,0,Satara,Maharashtra
2019-05-29,0.0,0.0,0.04999999999998579,0.08,0.0,0,Satara,Maharashtra
2019-05-30,0.0,0.0,0.029999999999985795,0.08,0.0,0,Satara,Maharashtra
2019-05-31,0.01,0.010000000000000004,0.019999999999985793,0.09,0.01,0,Satara,Maharashtra
2019-06-01,0.01,0.020000000000000004,0.019999999999985793,0.1,0.01,1,Satara,Maharashtra
2019-06-02,0.01,0.03,0.029999999999985795,0.11,0.01,1,Satara,Maharashtra
2019-06-03,0.13,0.15000000000000002,0.1599999999999858,0.24,0.13,1,Satara,Maharashtra
2019-06-04,0.1,0.24000000000000002,0.2599999999999858,0.33999999999999997,0.13,1,Satara,Maharashtra
2019-06-05,0.18,0.41000000000000003,0.4399999999999858,0.51,0.18,1,Satara,Maharashtra
2019-06-06,0.19,0.47000000000000003,0.6299999999999858,0.6799999999999999,0.19,1,Satara,Maharashtra
2019-06-07,1.3,1.67,1.9199999999999857,1.96,1.3,1,Satara,Maharashtra
2019-06-08,1.76,3.25,3.6699999999999857,3.7,1.76,1,Satara,Maharashtra
2019-06-09,15.88,18.94,19.539999999999985,19.57,15.88,1,Satara,Maharashtra
2019-06-10,8.35,25.990000000000002,27.759999999999987,27.92,15.88,1,Satara,Maharashtra
2019-06-11,15.72,39.95,43.37999999999999,43.64,15.88,1,Satara,Maharashtra
2019-06-12,11.63,35.7,54.829999999999984,55.27,15.72,1,Satara,Maharashtra
2019-06-13,12.18,39.53,66.82,67.45,15.72,1,Satara,Maharashtra
2019-06-14,13.59,37.4,79.10999999999999,81.04,13.59,1,Satara,Maharashtra
2019-06-15,8.85,34.62,86.19999999999999,89.88,13.59,1,Satara,Maharashtra
2019-06-16,3.87,26.31,74.19,93.74000000000001,13.59,1,Satara,Maharashtra
2019-06-17,2.86,15.58,68.69999999999999,96.59,8.85,1,Satara,Maharashtra
2019-06-18,7.6,14.33,60.579999999999984,104.06,7.6,1,Satara,Maharashtra
2019-06-19,15.35,25.810000000000002,64.29999999999998,119.31,15.35,1,Satara,Maharashtra
2019-06-20,4.64,27.59,56.759999999999984,123.77000000000001,15.35,1,Satara,Maharashtra
2019-06-21,0.74,20.73,43.90999999999998,124.32000000000001,15.35,1,Satara,Maharashtra
2019-06-22,6.38,11.76,41.43999999999998,129.4,6.38,1,Satara,Maharashtra
2019-06-23,16.32,23.44,53.889999999999986,143.96,16.32,1,Satara,Maharashtra
2019-06-24,6.38,29.080000000000002,57.40999999999999,134.46,16.32,1,Satara,Maharashtra
2019-06-25,4.54,27.240000000000002,54.34999999999999,130.65,16.32,1,Satara,Maharashtra
2019-06-26,16.09,27.009999999999998,55.08999999999998,131.02,16.09,1,Satara,Maharashtra
2019-06-27,50.0,70.63,100.44999999999999,169.39000000000001,50.0,1,Satara,Maharashtra
2019-06-28,40.99,107.07999999999998,140.7,198.2,50.0,1,Satara,Maharashtra
2019-06-29,70.74,161.73,205.06,255.35,70.74,1,Satara,Maharashtra
2019-06-30,28.67,140.39999999999998,217.41,275.17,70.74,1,Satara,Maharashtra
2019-07-01,29.57,128.98,240.59999999999997,300.87,70.74,1,Satara,Maharashtra
2019-07-02,38.89,97.13,274.95,336.9,38.89,1,Satara,Maharashtra
2019-07-03,24.05,92.51,282.91,353.35,38.89,1,Satara,Maharashtra
2019-07-04,17.85,80.79,250.76,355.85,38.89,1,Satara,Maharashtra
2019-07-05,32.59,74.49000000000001,242.35999999999996,383.8,32.59,1,Satara,Maharashtra
2019-07-06,56.9,107.34,228.51999999999998,439.96,56.9,1,Satara,Maharashtra
2019-07-07,56.53,146.02,256.38,490.11,56.9,1,Satara,Maharashtra
2019-07-08,34.92,148.35,261.72999999999996,508.71000000000004,56.9,1,Satara,Maharashtra
2019-07-09,34.74,126.19,257.58,537.07,56.53,1,Satara,Maharashtra
2019-07-10,29.49,99.14999999999999,263.02,562.0200000000001,34.92,1,Satara,Maharashtra
2019-07-11,57.45,121.67999999999999,302.62,603.38,57.45,1,Satara,Maharashtra
2019-07-12,11.69,98.63,281.71999999999997,565.07,57.45,1,Satara,Maharashtra
2019-07-13,8.67,77.81,233.48999999999998,532.75,57.45,1,Satara,Maharashtra
2019-07-14,13.39,33.75,190.34999999999997,475.4,13.39,1,Satara,Maharashtra
2019-07-15,18.7,40.760000000000005,174.13,465.43,18.7,1,Satara,Maharashtra
2019-07-16,16.85,48.94,156.23999999999998,452.71,18.7,1,Satara,Maharashtra
2019-07-17,4.7,40.25,131.45,418.52000000000004,18.7,1,Satara,Maharashtra
2019-07-18,7.61,29.160000000000004,81.60999999999999,402.08,16.85,1,Satara,Maharashtra
2019-07-19,6.95,19.26,76.86999999999999,391.17999999999995,7.61,1,Satara,Maharashtra
2019-07-20,13.76,28.32,81.95999999999998,372.35,13.76,1,Satara,Maharashtra
2019-07-21,45.35,66.06,113.91999999999999,360.8,45.35,1,Satara,Maharashtra
2019-07-22,37.59,96.7,132.81,341.86,45.35,1,Satara,Maharashtra
2019-07-23,23.97,106.91,139.93,330.90999999999997,45.35,1,Satara,Maharashtra
2019-07-24,37.73,99.28999999999999,172.95999999999998,333.9,37.73,1,Satara,Maharashtra
2019-07-25,24.78,86.47999999999999,190.13,329.19,37.73,1,Satara,Maharashtra
2019-07-26,56.12,118.63,239.3,327.86,56.12,1,Satara,Maharashtra
2019-07-27,43.52,124.42000000000002,269.06,359.69,56.12,1,Satara,Maharashtra
2019-07-28,38.61,138.25,262.32,389.63,56.12,1,Satara,Maharashtra
2019-07-29,78.83,160.96,303.55999999999995,455.07000000000005,78.83,1,Satara,Maharashtra
2019-07-30,76.69,194.13,356.28,513.06,78.83,1,Satara,Maharashtra
2019-07-31,41.42,196.94,359.96999999999997,537.63,78.83,1,Satara,Maharashtra
2019-08-01,50.73,168.84,385.91999999999996,583.66,76.69,1,Satara,Maharashtra
2019-08-02,59.48,151.63,389.28,635.53,59.48,1,Satara,Maharashtra
2019-08-03,98.88,209.08999999999997,444.64,727.46,98.88,1,Satara,Maharashtra
2019-08-04,133.07,291.42999999999995,539.0999999999999,846.77,133.07,1,Satara,Maharashtra
2019-08-05,157.89,389.8399999999999,618.16,959.31,157.89,1,Satara,Maharashtra
2019-08-06,81.66,372.61999999999995,623.13,1003.3799999999999,157.89,1,Satara,Maharashtra
2019-08-07,69.95,309.49999999999994,651.66,1049.36,157.89,1,Satara,Maharashtra
2019-08-08,42.08,193.68999999999997,643.0099999999999,1053.71,81.66,1,Satara,Maharashtra
2019-08-09,41.49,153.51999999999998,625.02,1070.42,69.95,1,Satara,Maharashtra
2019-08-10,30.07,113.63999999999997,556.2099999999999,1044.37,42.08,1,Satara,Maharashtra
2019-08-11,20.28,91.83999999999997,443.41999999999996,1021.1299999999999,41.49,1,Satara,Maharashtra
2019-08-12,11.43,61.77999999999997,296.96,993.9499999999999,30.07,1,Satara,Maharashtra
2019-08-13,12.16,43.869999999999976,227.45999999999998,927.28,20.28,1,Satara,Maharashtra
2019-08-14,10.79,34.37999999999997,168.29999999999998,861.38,12.16,1,Satara,Maharashtra
2019-08-15,9.94,32.88999999999997,136.15999999999997,829.9,12.16,1,Satara,Maharashtra
2019-08-16,6.46,27.18999999999997,101.12999999999997,785.63,10.79,1,Satara,Maharashtra
2019-08-17,2.3,18.69999999999997,73.35999999999997,728.4499999999999,9.94,1,Satara,Maharashtra
2019-08-18,3.26,12.019999999999971,56.33999999999997,632.8299999999999,6.46,1,Satara,Maharashtra
2019-08-19,2.55,8.109999999999971,47.45999999999997,502.31,3.26,1,Satara,Maharashtra
2019-08-20,3.09,8.89999999999997,38.389999999999965,347.51,3.26,1,Satara,Maharashtra
2019-08-21,7.01,12.64999999999997,34.60999999999997,272.86,7.01,1,Satara,Maharashtra
2019-08-22,6.2,16.29999999999997,30.869999999999973,209.11,7.01,1,Satara,Maharashtra
2019-08-23,8.72,21.92999999999997,33.129999999999974,175.75,8.72,1,Satara,Maharashtra
2019-08-24,5.11,20.029999999999973,35.93999999999997,139.37,8.72,1,Satara,Maharashtra
2019-08-25,1.73,15.559999999999972,34.409999999999975,111.03,8.72,1,Satara,Maharashtra
2019-08-26,2.33,9.169999999999972,34.189999999999976,93.08,5.11,1,Satara,Maharashtra
2019-08-27,2.44,6.499999999999972,33.53999999999997,84.09,2.44,1,Satara,Maharashtra
2019-08-28,3.09,7.859999999999971,29.619999999999973,75.02,3.09,1,Satara,Maharashtra
2019-08-29,14.91,20.43999999999997,38.32999999999997,79.14,14.91,1,Satara,Maharashtra
2019-08-30,11.15,29.149999999999974,40.75999999999998,80.35000000000001,14.91,1,Satara,Maharashtra
2019-08-31,21.67,47.729999999999976,57.31999999999998,95.56,21.67,1,Satara,Maharashtra
2019-09-01,20.82,53.63999999999997,76.40999999999997,114.08000000000001,21.67,1,Satara,Maharashtra
2019-09-02,24.43,66.91999999999997,98.50999999999998,135.25,24.43,1,Satara,Maharashtra
2019-09-03,34.8,80.04999999999997,130.86999999999998,167.5,34.8,1,Satara,Maharashtra
2019-09-04,75.28,134.50999999999996,203.05999999999997,239.69,75.28,1,Satara,Maharashtra
2019-09-05,38.82,148.89999999999995,226.96999999999997,271.5,75.28,1,Satara,Maharashtra
2019-09-06,39.14,153.23999999999998,254.95999999999998,304.44,75.28,1,Satara,Maharashtra
2019-09-07,50.97,128.92999999999998,284.25999999999993,346.69,50.97,1,Satara,Maharashtra
2019-09-08,31.24,121.34999999999998,294.67999999999995,372.82,50.97,1,Satara,Maharashtra
2019-09-09,21.62,103.82999999999998,291.86999999999995,392.71,50.97,1,Satara,Maharashtra
2019-09-10,13.14,65.99999999999997,270.2099999999999,403.52000000000004,31.24,1,Satara,Maharashtra
2019-09-11,5.96,40.71999999999998,200.88999999999996,407.04,21.62,1,Satara,Maharashtra
2019-09-12,9.69,28.78999999999997,171.76,413.64,13.14,1,Satara,Maharashtra
2019-09-13,17.33,32.97999999999997,149.94999999999996,416.06,17.33,1,Satara,Maharashtra
2019-09-14,16.09,43.10999999999997,115.06999999999996,421.0,17.33,1,Satara,Maharashtra
2019-09-15,8.37,41.78999999999997,92.19999999999996,407.70000000000005,17.33,1,Satara,Maharashtra
2019-09-16,9.31,33.76999999999997,79.88999999999996,396.19,16.09,1,Satara,Maharashtra
2019-09-17,3.73,21.40999999999997,70.47999999999998,375.48999999999995,9.31,1,Satara,Maharashtra
2019-09-18,8.87,21.90999999999997,73.38999999999997,349.56,9.31,1,Satara,Maharashtra
2019-09-19,17.01,29.60999999999997,80.70999999999998,291.28999999999996,17.01,1,Satara,Maharashtra
2019-09-20,3.85,29.729999999999976,67.22999999999998,256.32,17.01,1,Satara,Maharashtra
2019-09-21,4.79,25.649999999999977,55.92999999999997,221.97,17.01,1,Satara,Maharashtra
2019-09-22,2.41,11.049999999999972,49.96999999999997,173.41,4.79,1,Satara,Maharashtra
2019-09-23,10.05,17.24999999999997,50.70999999999997,152.22,10.05,1,Satara,Maharashtra
2019-09-24,28.94,41.39999999999998,75.91999999999997,159.54,28.94,1,Satara,Maharashtra
2019-09-25,45.86,84.84999999999998,112.90999999999997,192.26,45.86,1,Satara,Maharashtra
2019-09-26,29.21,104.00999999999999,125.10999999999999,215.51,45.86,1,Satara,Maharashtra
2019-09-27,3.27,78.33999999999997,124.52999999999997,209.09,45.86,1,Satara,Maharashtra
2019-09-28,1.82,34.299999999999976,121.55999999999997,193.57999999999998,29.21,1,Satara,Maharashtra
2019-09-29,0.26,5.349999999999971,119.40999999999997,177.75,3.27,1,Satara,Maharashtra
2019-09-30,1.75,3.8299999999999716,111.10999999999997,171.13,1.82,1,Satara,Maharashtra
2019-10-01,1.33,3.3399999999999714,83.49999999999997,163.15,1.75,0,Satara,Maharashtra
2019-10-02,0.25,3.3299999999999716,37.88999999999997,159.67000000000002,1.75,0,Satara,Maharashtra
2019-10-03,2.28,3.8599999999999715,10.959999999999972,153.08,2.28,0,Satara,Maharashtra
2019-10-04,8.47,10.999999999999972,16.15999999999997,144.54,8.47,0,Satara,Maharashtra
2019-10-05,15.06,25.809999999999974,29.39999999999997,155.75,15.06,0,Satara,Maharashtra
2019-10-06,4.26,27.78999999999997,33.39999999999997,155.22,15.06,0,Satara,Maharashtra
2019-10-07,5.88,25.19999999999997,37.52999999999997,158.69,15.06,0,Satara,Maharashtra
2019-10-08,5.78,15.919999999999972,41.979999999999976,154.42,5.88,0,Satara,Maharashtra
2019-10-09,9.85,21.50999999999997,51.57999999999997,135.33,9.85,0,Satara,Maharashtra
2019-10-10,11.04,26.669999999999973,60.33999999999997,100.51,11.04,0,Satara,Maharashtra
2019-10-11,5.18,26.069999999999972,57.04999999999997,76.48,11.04,0,Satara,Maharashtra
2019-10-12,8.31,24.52999999999997,50.29999999999997,81.52,11.04,0,Satara,Maharashtra
2019-10-13,8.0,21.489999999999974,54.03999999999997,87.7,8.31,0,Satara,Maharashtra
2019-10-14,0.84,17.149999999999974,48.99999999999997,88.28,8.31,0,Satara,Maharashtra
2019-10-15,0.03,8.86999999999997,43.249999999999964,86.56,8.0,0,Satara,Maharashtra
2019-10-16,0.27,1.1399999999999717,33.66999999999997,85.5,0.84,0,Satara,Maharashtra
2019-10-17,0.63,0.9299999999999716,23.259999999999973,85.88,0.63,0,Satara,Maharashtra
2019-10-18,7.81,8.70999999999997,25.889999999999972,91.41,7.81,0,Satara,Maharashtra
2019-10-19,44.53,52.96999999999997,62.10999999999997,127.47,44.53,0,Satara,Maharashtra
2019-10-20,45.79,98.12999999999997,99.89999999999998,158.2,45.79,0,Satara,Maharashtra
2019-10-21,22.0,112.31999999999996,121.05999999999997,175.94,45.79,0,Satara,Maharashtra
2019-10-22,17.96,85.74999999999997,138.98999999999995,188.02,45.79,0,Satara,Maharashtra
2019-10-23,9.44,49.39999999999997,148.16,191.68,22.0,0,Satara,Maharashtra
2019-10-24,20.78,48.17999999999997,168.30999999999995,202.60999999999999,20.78,0,Satara,Maharashtra
2019-10-25,19.66,49.87999999999997,180.15999999999997,211.23,20.78,0,Satara,Maharashtra
2019-10-26,4.66,45.09999999999997,140.29,210.70999999999998,20.78,0,Satara,Maharashtra
2019-10-27,2.03,26.349999999999973,96.52999999999996,204.42999999999998,19.66,0,Satara,Maharashtra
2019-10-28,1.98,8.669999999999972,76.50999999999998,198.41000000000003,4.66,0,Satara,Maharashtra
2019-10-29,1.15,5.159999999999972,59.69999999999997,198.72,2.03,0,Satara,Maharashtra
2019-10-30,2.33,5.4599999999999715,52.589999999999975,201.02,2.33,0,Satara,Maharashtra
2019-10-31,0.74,4.219999999999971,32.54999999999997,201.49,2.33,0,Satara,Maharashtra
2019-11-01,3.81,6.879999999999972,16.69999999999997,204.67000000000002,3.81,0,Satara,Maharashtra
2019-11-02,1.29,5.839999999999971,13.329999999999972,198.15,3.81,0,Satara,Maharashtra
2019-11-03,1.61,6.7099999999999715,12.909999999999972,155.23,3.81,0,Satara,Maharashtra
2019-11-04,4.15,7.049999999999972,15.079999999999973,113.59,4.15,0,Satara,Maharashtra
2019-11-05,3.45,9.209999999999972,17.379999999999974,95.04,4.15,0,Satara,Maharashtra
2019-11-06,1.16,8.759999999999971,16.209999999999972,78.24,4.15,0,Satara,Maharashtra
2019-11-07,0.53,5.139999999999972,15.999999999999972,69.33,3.45,0,Satara,Maharashtra
2019-11-08,0.57,2.2599999999999714,12.759999999999973,49.120000000000005,1.16,0,Satara,Maharashtra
2019-11-09,0.09,1.1899999999999715,11.559999999999972,29.55,0.57,0,Satara,Maharashtra
2019-11-10,0.01,0.6699999999999715,9.959999999999972,24.900000000000002,0.57,0,Satara,Maharashtra
2019-11-11,0.05,0.14999999999997157,5.859999999999972,22.919999999999998,0.09,0,Satara,Maharashtra
2019-11-12,0.02,0.07999999999997158,2.4299999999999713,20.96,0.05,0,Satara,Maharashtra
2019-11-13,0.0,0.06999999999997158,1.2699999999999716,19.810000000000002,0.05,0,Satara,Maharashtra
2019-11-14,0.06,0.07999999999997157,0.7999999999999715,17.540000000000003,0.06,0,Satara,Maharashtra
2019-11-15,0.0,0.05999999999997157,0.22999999999997156,16.8,0.06,0,Satara,Maharashtra
2019-11-16,0.0,0.059999999999971576,0.1399999999999716,12.990000000000002,0.06,0,Satara,Maharashtra
2019-11-17,0.0,0.0,0.12999999999997158,11.700000000000001,0.0,0,Satara,Maharashtra
2019-11-18,0.0,0.0,0.07999999999997158,10.090000000000002,0.0,0,Satara,Maharashtra
2019-11-19,0.0,0.0,0.059999999999971576,5.94,0.0,0,Satara,Maharashtra
2019-11-20,0.0,0.0,0.059999999999971576,2.4899999999999998,0.0,0,Satara,Maharashtra
2019-11-21,0.0,0.0,0.0,1.33,0.0,0,Satara,Maharashtra
2019-11-22,0.0,0.0,0.0,0.7999999999999999,0.0,0,Satara,Maharashtra
2019-11-23,0.0,0.0,0.0,0.22999999999999998,0.0,0,Satara,Maharashtra
2019-11-24,0.0,0.0,0.0,0.14,0.0,0,Satara,Maharashtra
2019-11-25,0.0,0.0,0.0,0.13,0.0,0,Satara,Maharashtra
2019-11-26,0.0,0.0,0.0,0.08,0.0,0,Satara,Maharashtra
2019-11-27,0.0,0.0,0.0,0.06,0.0,0,Satara,Maharashtra
2019-11-28,0.0,0.0,0.0,0.06,0.0,0,Satara,Maharashtra
2019-11-29,0.0,0.0,0.0,0.0,0.0,0,Satara,Maharashtra
2019-11-30,0.0,0.0,0.0,0.0,0.0,0,Satara,Maharashtra
2019-12-01,0.0,0.0,0.0,0.0,0.0,0,Satara,Maharashtra
2019-12-02,0.64,0.6399999999999716,0.6399999999999716,0.64,0.64,0,Satara,Maharashtra
2019-12-03,0.38,1.0199999999999716,1.0199999999999716,1.02,0.64,0,Satara,Maharashtra
2019-12-04,0.07,1.0899999999999717,1.0899999999999717,1.09,0.64,0,Satara,Maharashtra
2019-12-05,0.0,0.4499999999999716,1.0899999999999717,1.09,0.38,0,Satara,Maharashtra
2019-12-06,0.0,0.06999999999997158,1.0899999999999717,1.09,0.07,0,Satara,Maharashtra
2019-12-07,0.0,0.0,1.0899999999999717,1.09,0.0,0,Satara,Maharashtra
2019-12-08,0.0,0.0,1.0899999999999717,1.09,0.0,0,Satara,Maharashtra
2019-12-09,0.0,0.0,0.4499999999999716,1.09,0.0,0,Satara,Maharashtra
2019-12-10,0.0,0.0,0.06999999999997158,1.09,0.0,0,Satara,Maharashtra
2019-12-11,0.0,0.0,0.0,1.09,0.0,0,Satara,Maharashtra
2019-12-12,0.0,0.0,0.0,1.09,0.0,0,Satara,Maharashtra
2019-12-13,0.0,0.0,0.0,1.09,0.0,0,Satara,Maharashtra
2019-12-14,0.0,0.0,0.0,1.09,0.0,0,Satara,Maharashtra
2019-12-15,0.0,0.0,0.0,1.09,0.0,0,Satara,Maharashtra
2019-12-16,0.0,0.0,0.0,1.09,0.0,0,Satara,Maharashtra
2019-12-17,0.0,0.0,0.0,0.45,0.0,0,Satara,Maharashtra
2019-12-18,0.0,0.0,0.0,0.07,0.0,0,Satara,Maharashtra
2019-12-19,0.0,0.0,0.0,0.0,0.0,0,Satara,Maharashtra
2019-12-20,0.0,0.0,0.0,0.0,0.0,0,Satara,Maharashtra
2019-12-21,0.0,0.0,0.0,0.0,0.0,0,Satara,Maharashtra
2019-12-22,0.0,0.0,0.0,0.0,0.0,0,Satara,Maharashtra
2019-12-23,0.01,0.009999999999971578,0.009999999999971578,0.01,0.01,0,Satara,Maharashtra
2019-12-24,0.01,0.01999999999997158,0.01999999999997158,0.02,0.01,0,Satara,Maharashtra
2019-12-25,0.01,0.03,0.029999999999971577,0.03,0.01,0,Satara,Maharashtra
2019-12-26,0.12,0.13999999999997156,0.14999999999997157,0.15,0.12,0,Satara,Maharashtra
2019-12-27,0.0,0.12999999999997155,0.14999999999997157,0.15,0.12,0,Satara,Maharashtra
2019-12-28,0.0,0.11999999999997156,0.14999999999997157,0.15,0.12,0,Satara,Maharashtra
2019-12-29,0.0,0.0,0.14999999999997157,0.15,0.0,0,Satara,Maharashtra
2019-12-30,0.0,0.0,0.13999999999997156,0.15,0.0,0,Satara,Maharashtra
2019-12-31,0.0,0.0,0.12999999999997158,0.15,0.0,0,Satara,Maharashtra
2020-01-01,0.0,0.0,0.11999999999997157,0.15,0.0,0,Satara,Maharashtra
2020-01-02,0.0,0.0,0.0,0.15,0.0,0,Satara,Maharashtra
2020-01-03,0.0,0.0,0.0,0.15,0.0,0,Satara,Maharashtra
2020-01-04,0.0,0.0,0.0,0.15,0.0,0,Satara,Maharashtra
2020-01-05,0.0,0.0,0.0,0.15,0.0,0,Satara,Maharashtra
2020-01-06,0.0,0.0,0.0,0.15,0.0,0,Satara,Maharashtra
2020-01-07,0.0,0.0,0.0,0.13999999999999999,0.0,0,Satara,Maharashtra
2020-01-08,0.0,0.0,0.0,0.13,0.0,0,Satara,Maharashtra
2020-01-09,0.0,0.0,0.0,0.12,0.0,0,Satara,Maharashtra
2020-01-10,0.0,0.0,0.0,0.0,0.0,0,Satara,Maharashtra
2020-01-11,0.0,0.0,0.0,0.0,0.0,0,Satara,Maharashtra
2020-01-12,0.0,0.0,0.0,0.0,0.0,0,Satara,Maharashtra
2020-01-13,0.0,0.0,0.0,0.0,0.0,0,Satara,Maharashtra
2020-01-14,0.0,0.0,0.0,0.0,0.0,0,Satara,Maharashtra
2020-01-15,0.0,0.0,0.0,0.0,0.0,0,Satara,Maharashtra
2020-01-16,0.0,0.0,0.0,0.0,0.0,0,Satara,Maharashtra
2020-01-17,0.0,0.0,0.0,0.0,0.0,0,Satara,Maharashtra
2020-01-18,0.0,0.0,0.0,0.0,0.0,0,Satara,Maharashtra
2020-01-19,0.0,0.0,0.0,0.0,0.0,0,Satara,Maharashtra
2020-01-20,0.0,0.0,0.0,0.0,0.0,0,Satara,Maharashtra
2020-01-21,0.0,0.0,0.0,0.0,0.0,0,Satara,Maharashtra
2020-01-22,0.0,0.0,0.0,0.0,0.0,0,Satara,Maharashtra
2020-01-23,0.0,0.0,0.0,0.0,0.0,0,Satara,Maharashtra
2020-01-24,0.0,0.0,0.0,0.0,0.0,0,Satara,Maharashtra
2020-01-25,0.0,0.0,0.0,0.0,0.0,0,Satara,Maharashtra
2020-01-26,0.0,0.0,0.0,0.0,0.0,0,Satara,Maharashtra
2020-01-27,0.0,0.0,0.0,0.0,0.0,0,Satara,Maharashtra
2020-01-28,0.0,0.0,0.0,0.0,0.0,0,Satara,Maharashtra
2020-01-29,0.0,0.0,0.0,0.0,0.0,0,Satara,Maharashtra
2020-01-30,0.0,0.0,0.0,0.0,0.0,0,Satara,Maharashtra
2020-01-31,0.0,0.0,0.0,0.0,0.0,0,Satara,Maharashtra
2020-02-01,0.0,0.0,0.0,0.0,0.0,0,Satara,Maharashtra
2020-02-02,0.0,0.0,0.0,0.0,0.0,0,Satara,Maharashtra
2020-02-03,0.0,0.0,0.0,0.0,0.0,0,Satara,Maharashtra
2020-02-04,0.0,0.0,0.0,0.0,0.0,0,Satara,Maharashtra
2020-02-05,0.0,0.0,0.0,0.0,0.0,0,Satara,Maharashtra
2020-02-06,0.0,0.0,0.0,0.0,0.0,0,Satara,Maharashtra
2020-02-07,0.0,0.0,0.0,0.0,0.0,0,Satara,Maharashtra
2020-02-08,0.0,0.0,0.0,0.0,0.0,0,Satara,Maharashtra
2020-02-09,0.0,0.0,0.0,0.0,0.0,0,Satara,Maharashtra
2020-02-10,0.0,0.0,0.0,0.0,0.0,0,Satara,Maharashtra
2020-02-11,0.0,0.0,0.0,0.0,0.0,0,Satara,Maharashtra
2020-02-12,0.0,0.0,0.0,0.0,0.0,0,Satara,Maharashtra
2020-02-13,0.0,0.0,0.0,0.0,0.0,0,Satara,Maharashtra
2020-02-14,0.0,0.0,0.0,0.0,0.0,0,Satara,Maharashtra
2020-02-15,0.0,0.0,0.0,0.0,0.0,0,Satara,Maharashtra
2020-02-16,0.0,0.0,0.0,0.0,0.0,0,Satara,Maharashtra
2020-02-17,0.0,0.0,0.0,0.0,0.0,0,Satara,Maharashtra
2020-02-18,0.0,0.0,0.0,0.0,0.0,0,Satara,Maharashtra
2020-02-19,0.0,0.0,0.0,0.0,0.0,0,Satara,Maharashtra
2020-02-20,0.0,0.0,0.0,0.0,0.0,0,Satara,Maharashtra
2020-02-21,0.0,0.0,0.0,0.0,0.0,0,Satara,Maharashtra
2020-02-22,0.0,0.0,0.0,0.0,0.0,0,Satara,Maharashtra
2020-02-23,0.0,0.0,0.0,0.0,0.0,0,Satara,Maharashtra
2020-02-24,0.0,0.0,0.0,0.0,0.0,0,Satara,Maharashtra
2020-02-25,0.0,0.0,0.0,0.0,0.0,0,Satara,Maharashtra
2020-02-26,0.0,0.0,0.0,0.0,0.0,0,Satara,Maharashtra
2020-02-27,0.0,0.0,0.0,0.0,0.0,0,Satara,Maharashtra
2020-02-28,0.0,0.0,0.0,0.0,0.0,0,Satara,Maharashtra
2020-02-29,0.0,0.0,0.0,0.0,0.0,0,Satara,Maharashtra
2020-03-01,0.42,0.41999999999997156,0.41999999999997156,0.42,0.42,0,Satara,Maharashtra
2020-03-02,0.01,0.42999999999997157,0.42999999999997157,0.43,0.42,0,Satara,Maharashtra
2020-03-03,0.0,0.42999999999997157,0.42999999999997157,0.43,0.42,0,Satara,Maharashtra
2020-03-04,0.0,0.009999999999971578,0.42999999999997157,0.43,0.01,0,Satara,Maharashtra
2020-03-05,0.0,0.0,0.42999999999997157,0.43,0.0,0,Satara,Maharashtra
2020-03-06,0.0,0.0,0.42999999999997157,0.43,0.0,0,Satara,Maharashtra
2020-03-07,0.0,0.0,0.42999999999997157,0.43,0.0,0,Satara,Maharashtra
2020-03-08,0.0,0.0,0.009999999999971578,0.43,0.0,0,Satara,Maharashtra
2020-03-09,0.0,0.0,0.0,0.43,0.0,0,Satara,Maharashtra
2020-03-10,0.0,0.0,0.0,0.43,0.0,0,Satara,Maharashtra
2020-03-11,0.0,0.0,0.0,0.43,0.0,0,Satara,Maharashtra
2020-03-12,0.0,0.0,0.0,0.43,0.0,0,Satara,Maharashtra
2020-03-13,0.01,0.009999999999971578,0.009999999999971578,0.44,0.01,0,Satara,Maharashtra
2020-03-14,0.0,0.009999999999971578,0.009999999999971578,0.44,0.01,0,Satara,Maharashtra
2020-03-15,0.0,0.009999999999971578,0.009999999999971578,0.44,0.01,0,Satara,Maharashtra
2020-03-16,0.06,0.059999999999971576,0.06999999999997157,0.08,0.06,0,Satara,Maharashtra
2020-03-17,0.0,0.059999999999971576,0.06999999999997158,0.07,0.06,0,Satara,Maharashtra
2020-03-18,0.02,0.07999999999997158,0.08999999999997157,0.09000000000000001,0.06,0,Satara,Maharashtra
2020-03-19,0.0,0.01999999999997158,0.08999999999997157,0.09000000000000001,0.02,0,Satara,Maharashtra
2020-03-20,0.0,0.01999999999997158,0.07999999999997158,0.09000000000000001,0.02,0,Satara,Maharashtra
2020-03-21,0.0,0.0,0.07999999999997158,0.09000000000000001,0.0,0,Satara,Maharashtra
2020-03-22,0.0,0.0,0.07999999999997158,0.09000000000000001,0.0,0,Satara,Maharashtra
2020-03-23,0.0,0.0,0.01999999999997158,0.09000000000000001,0.0,0,Satara,Maharashtra
2020-03-24,0.33,0.3299999999999716,0.3499999999999716,0.42000000000000004,0.33,0,Satara,Maharashtra
2020-03-25,4.22,4.549999999999971,4.549999999999971,4.64,4.22,0,Satara,Maharashtra
2020-03-26,1.05,5.599999999999971,5.599999999999971,5.6899999999999995,4.22,0,Satara,Maharashtra
2020-03-27,0.59,5.859999999999971,6.189999999999971,6.279999999999999,4.22,0,Satara,Maharashtra
2020-03-28,0.14,1.7799999999999716,6.329999999999972,6.41,1.05,0,Satara,Maharashtra
2020-03-29,0.12,0.8499999999999716,6.449999999999972,6.53,0.59,0,Satara,Maharashtra
2020-03-30,0.01,0.2699999999999716,6.4599999999999715,6.54,0.14,0,Satara,Maharashtra
2020-03-31,0.0,0.12999999999997158,6.1299999999999715,6.4799999999999995,0.12,0,Satara,Maharashtra
2020-04-01,0.0,0.009999999999971578,1.9099999999999715,6.4799999999999995,0.01,0,Satara,Maharashtra
2020-04-02,0.0,0.0,0.8599999999999716,6.46,0.0,0,Satara,Maharashtra
2020-04-03,0.0,0.0,0.2699999999999716,6.46,0.0,0,Satara,Maharashtra
2020-04-04,0.16,0.15999999999997158,0.2899999999999716,6.62,0.16,0,Satara,Maharashtra
2020-04-05,1.27,1.4299999999999715,1.4399999999999715,7.89,1.27,0,Satara,Maharashtra
2020-04-06,1.31,2.739999999999972,2.739999999999972,9.2,1.31,0,Satara,Maharashtra
2020-04-07,0.01,2.5899999999999714,2.7499999999999716,9.209999999999999,1.31,0,Satara,Maharashtra
2020-04-08,0.0,1.3199999999999716,2.7499999999999716,8.879999999999999,1.31,0,Satara,Maharashtra
2020-04-09,0.0,0.009999999999971578,2.7499999999999716,4.66,0.01,0,Satara,Maharashtra
2020-04-10,0.91,0.9099999999999716,3.6599999999999717,4.5200000000000005,0.91,0,Satara,Maharashtra
2020-04-11,0.22,1.1299999999999717,3.7199999999999713,4.15,0.91,0,Satara,Maharashtra
2020-04-12,0.2,1.3299999999999716,2.649999999999972,4.21,0.91,0,Satara,Maharashtra
2020-04-13,0.6,1.0199999999999716,1.9399999999999715,4.69,0.6,0,Satara,Maharashtra
2020-04-14,0.48,1.2799999999999716,2.4099999999999717,5.16,0.6,0,Satara,Maharashtra
2020-04-15,0.55,1.6299999999999717,2.9599999999999715,5.710000000000001,0.6,0,Satara,Maharashtra
2020-04-16,0.77,1.7999999999999716,3.7299999999999716,6.48,0.77,0,Satara,Maharashtra
2020-04-17,0.17,1.4899999999999716,2.9899999999999713,6.65,0.77,0,Satara,Maharashtra
2020-04-18,2.23,3.1699999999999715,4.999999999999972,8.88,2.23,0,Satara,Maharashtra
2020-04-19,1.46,3.8599999999999715,6.259999999999971,10.18,2.23,0,Satara,Maharashtra
2020-04-20,0.32,4.009999999999971,5.979999999999972,9.23,2.23,0,Satara,Maharashtra
2020-04-21,0.0,1.7799999999999716,5.499999999999972,7.92,1.46,0,Satara,Maharashtra
2020-04-22,0.02,0.3399999999999716,4.969999999999971,7.930000000000001,0.32,0,Satara,Maharashtra
2020-04-23,0.02,0.03999999999997158,4.219999999999971,7.95,0.02,0,Satara,Maharashtra
2020-04-24,0.01,0.04999999999997158,4.059999999999971,7.96,0.02,0,Satara,Maharashtra
2020-04-25,0.06,0.08999999999997157,1.8899999999999715,7.11,0.06,0,Satara,Maharashtra
2020-04-26,0.0,0.06999999999997157,0.42999999999997157,6.89,0.06,0,Satara,Maharashtra
2020-04-27,0.0,0.059999999999971576,0.10999999999997158,6.69,0.06,0,Satara,Maharashtra
2020-04-28,0.12,0.11999999999997157,0.22999999999997156,6.21,0.12,0,Satara,Maharashtra
2020-04-29,0.98,1.0999999999999717,1.1899999999999715,6.71,0.98,0,Satara,Maharashtra
2020-04-30,1.82,2.9199999999999715,2.989999999999972,7.9799999999999995,1.82,0,Satara,Maharashtra
2020-05-01,1.0,3.7999999999999714,3.979999999999972,8.21,1.82,0,Satara,Maharashtra
2020-05-02,1.07,3.8899999999999713,4.989999999999972,9.11,1.82,0,Satara,Maharashtra
2020-05-03,0.26,2.3299999999999716,5.249999999999972,7.14,1.07,0,Satara,Maharashtra
2020-05-04,0.05,1.3799999999999717,5.299999999999971,5.7299999999999995,1.07,0,Satara,Maharashtra
2020-05-05,0.14,0.4499999999999716,5.319999999999972,5.550000000000001,0.26,0,Satara,Maharashtra
2020-05-06,0.34,0.5299999999999716,4.679999999999971,5.890000000000001,0.34,0,Satara,Maharashtra
2020-05-07,0.0,0.4799999999999716,2.859999999999972,5.87,0.34,0,Satara,Maharashtra
2020-05-08,0.0,0.3399999999999716,1.8599999999999717,5.8500000000000005,0.34,0,Satara,Maharashtra
2020-05-09,0.0,0.0,0.7899999999999716,5.840000000000001,0.0,0,Satara,Maharashtra
2020-05-10,0.44,0.4399999999999716,0.9699999999999716,6.22,0.44,0,Satara,Maharashtra
2020-05-11,6.01,6.449999999999972,6.929999999999971,12.23,6.01,0,Satara,Maharashtra
2020-05-12,1.14,7.589999999999971,7.929999999999971,13.37,6.01,0,Satara,Maharashtra
2020-05-13,0.81,7.9599999999999715,8.399999999999972,14.06,6.01,0,Satara,Maharashtra
2020-05-14,0.87,2.8199999999999714,9.269999999999971,13.95,1.14,0,Satara,Maharashtra
2020-05-15,4.43,6.109999999999971,13.69999999999997,16.56,4.43,0,Satara,Maharashtra
2020-05-16,0.54,5.8399999999999705,14.239999999999972,16.1,4.43,0,Satara,Maharashtra
2020-05-17,0.57,5.539999999999972,14.36999999999997,15.6,4.43,0,Satara,Maharashtra
2020-05-18,0.07,1.1799999999999715,8.429999999999971,15.41,0.57,0,Satara,Maharashtra
2020-05-19,1.13,1.7699999999999714,8.419999999999972,16.49,1.13,0,Satara,Maharashtra
2020-05-20,1.11,2.309999999999971,8.71999999999997,17.459999999999997,1.13,0,Satara,Maharashtra
2020-05-21,0.0,2.239999999999972,7.849999999999971,17.119999999999997,1.13,0,Satara,Maharashtra
2020-05-22,0.0,1.1099999999999717,3.4199999999999715,17.119999999999997,1.11,0,Satara,Maharashtra
2020-05-23,0.0,0.0,2.8799999999999715,17.119999999999997,0.0,0,Satara,Maharashtra
2020-05-24,0.0,0.0,2.3099999999999716,17.119999999999997,0.0,0,Satara,Maharashtra
2020-05-25,0.0,0.0,2.2399999999999713,16.68,0.0,0,Satara,Maharashtra
2020-05-26,0.0,0.0,1.1099999999999717,10.669999999999998,0.0,0,Satara,Maharashtra
2020-05-27,0.0,0.0,0.0,9.530000000000001,0.0,0,Satara,Maharashtra
2020-05-28,0.0,0.0,0.0,8.719999999999999,0.0,0,Satara,Maharashtra
2020-05-29,0.0,0.0,0.0,7.85,0.0,0,Satara,Maharashtra
2020-05-30,0.04,0.03999999999997158,0.03999999999997158,3.46,0.04,0,Satara,Maharashtra
2020-05-31,7.51,7.549999999999971,7.549999999999971,10.43,7.51,0,Satara,Maharashtra
2020-06-01,24.52,32.06999999999997,32.06999999999997,34.379999999999995,24.52,1,Satara,Maharashtra
2020-06-02,34.44,66.46999999999997,66.50999999999996,68.75,34.44,1,Satara,Maharashtra
2020-06-03,88.11,147.06999999999996,154.61999999999998,155.73,88.11,1,Satara,Maharashtra
2020-06-04,19.79,142.33999999999997,174.40999999999997,174.40999999999997,88.11,1,Satara,Maharashtra
2020-06-05,2.55,110.44999999999997,176.95999999999998,176.95999999999998,88.11,1,Satara,Maharashtra
2020-06-06,3.66,25.999999999999986,180.57999999999998,180.61999999999998,19.79,1,Satara,Maharashtra
2020-06-07,6.62,12.829999999999986,179.68999999999997,187.23999999999998,6.62,1,Satara,Maharashtra
2020-06-08,12.74,23.01999999999999,167.90999999999997,199.97999999999996,12.74,1,Satara,Maharashtra
2020-06-09,3.53,22.889999999999986,136.99999999999997,203.50999999999996,12.74,1,Satara,Maharashtra
2020-06-10,8.63,24.899999999999984,57.51999999999997,212.14,12.74,1,Satara,Maharashtra
2020-06-11,4.01,16.169999999999987,41.739999999999974,216.14999999999998,8.63,1,Satara,Maharashtra
2020-06-12,22.82,35.45999999999999,62.00999999999998,238.96999999999997,22.82,1,Satara,Maharashtra
2020-06-13,20.04,46.86999999999998,78.38999999999997,259.01,22.82,1,Satara,Maharashtra
2020-06-14,17.95,60.80999999999999,89.71999999999997,276.92,22.82,1,Satara,Maharashtra
2020-06-15,20.32,58.30999999999999,97.29999999999997,289.72999999999996,20.32,1,Satara,Maharashtra
2020-06-16,32.21,70.47999999999999,125.97999999999998,297.41999999999996,32.21,1,Satara,Maharashtra
2020-06-17,41.13,93.65999999999998,158.48,304.11,41.13,1,Satara,Maharashtra
2020-06-18,37.71,111.04999999999998,192.18,253.70999999999998,41.13,1,Satara,Maharashtra
2020-06-19,17.03,95.86999999999998,186.39,250.95,41.13,1,Satara,Maharashtra
2020-06-20,3.32,58.05999999999998,169.67,251.72,37.71,1,Satara,Maharashtra
2020-06-21,4.31,24.65999999999998,156.03,252.37,17.03,1,Satara,Maharashtra
2020-06-22,4.12,11.749999999999979,139.82999999999996,249.87,4.31,1,Satara,Maharashtra
2020-06-23,4.64,13.069999999999977,112.25999999999998,241.76999999999998,4.64,1,Satara,Maharashtra
2020-06-24,3.54,12.29999999999998,74.66999999999996,241.78,4.64,1,Satara,Maharashtra
2020-06-25,14.23,22.40999999999998,51.18999999999997,247.38,14.23,1,Satara,Maharashtra
2020-06-26,8.97,26.73999999999998,43.129999999999974,252.34,14.23,1,Satara,Maharashtra
2020-06-27,4.73,27.92999999999998,44.53999999999997,234.25,14.23,1,Satara,Maharashtra
2020-06-28,5.02,18.719999999999978,45.24999999999998,219.23,8.97,1,Satara,Maharashtra
2020-06-29,12.09,21.83999999999998,53.21999999999997,213.37,12.09,1,Satara,Maharashtra
2020-06-30,21.48,38.589999999999975,70.05999999999997,214.52999999999997,21.48,1,Satara,Maharashtra
2020-07-01,13.07,46.639999999999986,79.58999999999997,195.39000000000001,21.48,1,Satara,Maharashtra
2020-07-02,17.02,51.56999999999998,82.37999999999998,171.27999999999997,21.48,1,Satara,Maharashtra
2020-07-03,30.48,60.56999999999998,103.88999999999999,164.05,30.48,1,Satara,Maharashtra
2020-07-04,30.6,78.09999999999998,129.76,177.61999999999998,30.6,1,Satara,Maharashtra
2020-07-05,25.77,86.84999999999998,150.51,200.07,30.6,1,Satara,Maharashtra
2020-07-06,20.5,76.86999999999998,158.92,216.26,30.6,1,Satara,Maharashtra
2020-07-07,46.34,92.60999999999999,183.77999999999997,258.48,46.34,1,Satara,Maharashtra
2020-07-08,28.23,95.06999999999998,198.93999999999997,282.07,46.34,1,Satara,Maharashtra
2020-07-09,21.59,96.15999999999998,203.51,300.11999999999995,46.34,1,Satara,Maharashtra
2020-07-10,25.45,75.26999999999998,198.47999999999996,311.34000000000003,28.23,1,Satara,Maharashtra
2020-07-11,17.59,64.62999999999997,185.46999999999997,319.96,25.45,1,Satara,Maharashtra
2020-07-12,15.64,58.67999999999998,175.33999999999997,330.86999999999995,25.45,1,Satara,Maharashtra
2020-07-13,13.94,47.16999999999997,168.77999999999997,339.78999999999996,17.59,1,Satara,Maharashtra
2020-07-14,23.1,52.67999999999998,145.53999999999996,350.8,23.1,1,Satara,Maharashtra
2020-07-15,44.74,81.77999999999997,162.04999999999995,374.06,44.74,1,Satara,Maharashtra
2020-07-16,27.75,95.58999999999997,168.20999999999998,388.74,44.74,1,Satara,Maharashtra
2020-07-17,26.26,98.74999999999999,169.01999999999998,397.98,44.74,1,Satara,Maharashtra
2020-07-18,15.64,69.64999999999998,167.06999999999996,383.14,27.75,1,Satara,Maharashtra
2020-07-19,10.61,52.50999999999998,162.03999999999996,363.15,26.26,1,Satara,Maharashtra
2020-07-20,6.17,32.41999999999998,154.26999999999995,343.55,15.64,1,Satara,Maharashtra
2020-07-21,2.2,18.97999999999998,133.36999999999998,325.25,10.61,1,Satara,Maharashtra
2020-07-22,2.81,11.179999999999978,91.43999999999997,281.71999999999997,6.17,1,Satara,Maharashtra
2020-07-23,3.17,8.179999999999978,66.85999999999997,256.66,3.17,1,Satara,Maharashtra
2020-07-24,23.76,29.73999999999998,64.35999999999997,258.83,23.76,1,Satara,Maharashtra
2020-07-25,5.04,31.96999999999998,53.75999999999997,238.42,23.76,1,Satara,Maharashtra
2020-07-26,12.35,41.14999999999998,55.49999999999998,233.17999999999998,23.76,1,Satara,Maharashtra
2020-07-27,7.5,24.88999999999998,56.82999999999998,225.04,12.35,1,Satara,Maharashtra
2020-07-28,5.54,25.38999999999998,60.16999999999997,216.64,12.35,1,Satara,Maharashtra
2020-07-29,5.48,18.51999999999998,62.839999999999975,199.02,7.5,1,Satara,Maharashtra
2020-07-30,11.47,22.48999999999998,71.13999999999999,165.75,11.47,1,Satara,Maharashtra
2020-07-31,9.61,26.55999999999998,56.989999999999974,147.60999999999999,11.47,1,Satara,Maharashtra
2020-08-01,6.88,27.95999999999998,58.82999999999998,128.23,11.47,1,Satara,Maharashtra
2020-08-02,33.08,49.56999999999998,79.55999999999997,145.67,33.08,1,Satara,Maharashtra
2020-08-03,34.84,74.79999999999998,106.89999999999998,169.9,34.84,1,Satara,Maharashtra
2020-08-04,101.94,169.85999999999999,203.29999999999995,265.66999999999996,101.94,1,Satara,Maharashtra
2020-08-05,97.39,234.16999999999996,295.21,360.86,101.94,1,Satara,Maharashtra
2020-08-06,38.85,238.17999999999998,322.59,396.9,101.94,1,Satara,Maharashtra
2020-08-07,26.37,162.60999999999999,339.35,420.09999999999997,97.39,1,Satara,Maharashtra
2020-08-08,14.9,80.11999999999998,347.37,411.24,38.85,1,Satara,Maharashtra
2020-08-09,13.21,54.479999999999976,327.49999999999994,419.40999999999997,26.37,1,Satara,Maharashtra
2020-08-10,53.83,81.93999999999997,346.49,460.89,53.83,1,Satara,Maharashtra
2020-08-11,21.31,88.34999999999997,265.86,474.7,53.83,1,Satara,Maharashtra
2020-08-12,20.55,95.68999999999997,189.01999999999998,489.71,53.83,1,Satara,Maharashtra
2020-08-13,62.25,104.10999999999997,212.42,546.48,62.25,1,Satara,Maharashtra
2020-08-14,52.32,135.11999999999998,238.36999999999998,587.3299999999999,62.25,1,Satara,Maharashtra
2020-08-15,66.57,181.14,290.03999999999996,644.2900000000001,66.57,1,Satara,Maharashtra
2020-08-16,57.16,176.04999999999995,333.99,694.57,66.57,1,Satara,Maharashtra
2020-08-17,45.12,168.84999999999997,325.2799999999999,706.61,66.57,1,Satara,Maharashtra
2020-08-18,23.8,126.07999999999998,327.7699999999999,695.5699999999999,57.16,1,Satara,Maharashtra
2020-08-19,15.55,84.46999999999998,322.77,609.1800000000001,45.12,1,Satara,Maharashtra
2020-08-20,31.14,70.48999999999998,291.65999999999997,542.93,31.14,1,Satara,Maharashtra
2020-08-21,32.03,78.72,271.36999999999995,536.1099999999999,32.03,1,Satara,Maharashtra
2020-08-22,14.38,77.54999999999998,219.17999999999998,524.12,32.03,1,Satara,Maharashtra
2020-08-23,10.2,56.609999999999985,172.21999999999997,519.42,32.03,1,Satara,Maharashtra
2020-08-24,8.52,33.09999999999999,135.61999999999998,514.73,14.38,1,Satara,Maharashtra
2020-08-25,3.59,22.30999999999998,115.40999999999997,464.48999999999995,10.2,1,Satara,Maharashtra
2020-08-26,3.24,15.349999999999985,103.09999999999997,446.41999999999996,8.52,1,Satara,Maharashtra
2020-08-27,7.07,13.899999999999986,79.02999999999997,432.94,7.07,1,Satara,Maharashtra
2020-08-28,14.32,24.62999999999999,61.31999999999997,385.01,14.32,1,Satara,Maharashtra
2020-08-29,16.2,37.58999999999998,63.13999999999997,348.88999999999993,16.2,1,Satara,Maharashtra
2020-08-30,14.83,45.34999999999998,67.76999999999997,297.15,16.2,1,Satara,Maharashtra
2020-08-31,8.1,39.12999999999998,67.34999999999997,248.08999999999997,16.2,1,Satara,Maharashtra
2020-09-01,2.83,25.759999999999984,66.58999999999997,205.79999999999998,14.83,1,Satara,Maharashtra
2020-09-02,4.93,15.859999999999985,68.27999999999997,186.93,8.1,1,Satara,Maharashtra
2020-09-03,10.06,17.819999999999986,71.26999999999997,181.44,10.06,1,Satara,Maharashtra
2020-09-04,6.59,21.579999999999984,63.53999999999997,156.89,10.06,1,Satara,Maharashtra
2020-09-05,6.72,23.369999999999987,54.059999999999974,131.57999999999998,10.06,1,Satara,Maharashtra
2020-09-06,20.67,33.97999999999999,59.89999999999997,137.87,20.67,1,Satara,Maharashtra
2020-09-07,21.53,48.91999999999999,73.32999999999997,149.2,21.53,1,Satara,Maharashtra
2020-09-08,12.34,54.53999999999999,82.83999999999997,153.01999999999998,21.53,1,Satara,Maharashtra
2020-09-09,14.36,48.22999999999999,92.26999999999998,163.78999999999996,21.53,1,Satara,Maharashtra
2020-09-10,11.54,38.23999999999999,93.74999999999997,172.09,14.36,1,Satara,Maharashtra
2020-09-11,8.82,34.719999999999985,95.97999999999998,173.83999999999997,14.36,1,Satara,Maharashtra
2020-09-12,10.38,30.739999999999988,99.63999999999997,169.89999999999998,11.54,1,Satara,Maharashtra
2020-09-13,7.87,27.06999999999999,86.83999999999997,161.57,10.38,1,Satara,Maharashtra
2020-09-14,5.79,24.039999999999992,71.09999999999997,152.52999999999997,10.38,1,Satara,Maharashtra
2020-09-15,7.48,21.13999999999999,66.23999999999997,151.91,7.87,1,Satara,Maharashtra
2020-09-16,12.53,25.79999999999999,64.40999999999997,161.61,12.53,1,Satara,Maharashtra
2020-09-17,7.97,27.97999999999999,60.839999999999975,164.65,12.53,1,Satara,Maharashtra
2020-09-18,7.26,27.759999999999987,59.279999999999966,161.85,12.53,1,Satara,Maharashtra
2020-09-19,21.59,36.819999999999986,70.48999999999998,176.85,21.59,1,Satara,Maharashtra
2020-09-20,19.43,48.27999999999999,82.04999999999997,189.56,21.59,1,Satara,Maharashtra
2020-09-21,15.76,56.779999999999994,92.01999999999998,184.64999999999998,21.59,1,Satara,Maharashtra
2020-09-22,12.29,47.47999999999999,96.82999999999997,175.41,19.43,1,Satara,Maharashtra
2020-09-23,25.23,53.27999999999999,109.52999999999997,188.3,25.23,1,Satara,Maharashtra
2020-09-24,6.73,44.249999999999986,108.28999999999998,180.67,25.23,1,Satara,Maharashtra
2020-09-25,11.53,43.48999999999999,112.55999999999997,180.66,25.23,1,Satara,Maharashtra
2020-09-26,5.73,23.989999999999988,96.69999999999996,177.57,11.53,1,Satara,Maharashtra
2020-09-27,2.58,19.839999999999986,79.84999999999997,169.76999999999998,11.53,1,Satara,Maharashtra
2020-09-28,0.23,8.539999999999987,64.31999999999996,162.13,5.73,1,Satara,Maharashtra
2020-09-29,0.1,2.909999999999986,52.129999999999974,156.43999999999997,2.58,1,Satara,Maharashtra
2020-09-30,0.43,0.7599999999999858,27.329999999999973,149.39,0.43,1,Satara,Maharashtra
2020-10-01,0.68,1.2099999999999858,21.279999999999973,137.54,0.68,0,Satara,Maharashtra
2020-10-02,4.33,5.439999999999985,14.079999999999973,133.89999999999998,4.33,0,Satara,Maharashtra
2020-10-03,2.04,7.049999999999986,10.389999999999972,128.67999999999998,4.33,0,Satara,Maharashtra
2020-10-04,5.08,11.449999999999985,12.889999999999972,112.16999999999999,5.08,0,Satara,Maharashtra
2020-10-05,1.03,8.149999999999984,13.689999999999971,93.76999999999998,5.08,0,Satara,Maharashtra
2020-10-06,0.15,6.259999999999985,13.739999999999972,78.15999999999998,5.08,0,Satara,Maharashtra
2020-10-07,0.58,1.759999999999985,13.889999999999972,66.44999999999999,1.03,0,Satara,Maharashtra
2020-10-08,1.18,1.9099999999999848,14.389999999999972,42.399999999999984,1.18,0,Satara,Maharashtra
2020-10-09,0.81,2.569999999999985,10.86999999999997,36.47999999999999,1.18,0,Satara,Maharashtra
2020-10-10,14.49,16.479999999999986,23.319999999999972,39.43999999999999,14.49,0,Satara,Maharashtra
2020-10-11,18.03,33.329999999999984,36.269999999999975,51.73999999999999,18.03,0,Satara,Maharashtra
2020-10-12,13.39,45.90999999999998,48.629999999999974,62.54999999999999,18.03,0,Satara,Maharashtra
2020-10-13,28.2,59.61999999999999,76.67999999999998,90.52,28.2,0,Satara,Maharashtra
2020-10-14,72.3,113.88999999999999,148.39999999999998,162.71999999999997,72.3,0,Satara,Maharashtra
2020-10-15,38.41,138.90999999999997,185.62999999999997,200.7,72.3,0,Satara,Maharashtra
2020-10-16,13.37,124.07999999999998,198.18999999999997,213.39,72.3,0,Satara,Maharashtra
2020-10-17,2.51,54.28999999999998,186.20999999999998,211.57,38.41,0,Satara,Maharashtra
2020-10-18,1.25,17.129999999999985,169.42999999999995,210.78,13.37,0,Satara,Maharashtra
2020-10-19,9.16,12.919999999999986,165.19999999999996,214.85999999999999,9.16,0,Satara,Maharashtra
2020-10-20,7.29,17.699999999999985,144.29,221.11999999999998,9.16,0,Satara,Maharashtra
2020-10-21,3.16,19.609999999999985,75.14999999999996,224.12999999999997,9.16,0,Satara,Maharashtra
2020-10-22,14.36,24.809999999999985,51.099999999999966,237.91,14.36,0,Satara,Maharashtra
2020-10-23,6.17,23.689999999999984,43.89999999999997,242.89999999999998,14.36,0,Satara,Maharashtra
2020-10-24,2.36,22.889999999999986,43.74999999999997,244.45,14.36,0,Satara,Maharashtra
2020-10-25,5.88,14.409999999999986,48.379999999999974,235.84,6.17,0,Satara,Maharashtra
2020-10-26,4.06,12.299999999999986,43.27999999999997,221.87,5.88,0,Satara,Maharashtra
2020-10-27,0.36,10.299999999999986,36.34999999999997,208.83999999999997,5.88,0,Satara,Maharashtra
2020-10-28,1.01,5.4299999999999855,34.19999999999997,181.64999999999998,4.06,0,Satara,Maharashtra
2020-10-29,0.54,1.909999999999986,20.37999999999997,109.88999999999999,1.01,0,Satara,Maharashtra
2020-10-30,0.0,1.549999999999986,14.209999999999972,71.47999999999999,1.01,0,Satara,Maharashtra
2020-10-31,0.0,0.5399999999999858,11.849999999999973,58.109999999999985,0.54,0,Satara,Maharashtra
2020-11-01,0.0,0.0,5.969999999999971,55.59999999999998,0.0,0,Satara,Maharashtra
2020-11-02,0.0,0.0,1.9099999999999717,54.34999999999998,0.0,0,Satara,Maharashtra
2020-11-03,0.0,0.0,1.5499999999999718,45.18999999999998,0.0,0,Satara,Maharashtra
2020-11-04,0.0,0.0,0.5399999999999716,37.899999999999984,0.0,0,Satara,Maharashtra
2020-11-05,0.0,0.0,0.0,34.73999999999998,0.0,0,Satara,Maharashtra
2020-11-06,0.0,0.0,0.0,20.379999999999985,0.0,0,Satara,Maharashtra
2020-11-07,0.0,0.0,0.0,14.209999999999987,0.0,0,Satara,Maharashtra
2020-11-08,0.0,0.0,0.0,11.849999999999987,0.0,0,Satara,Maharashtra
2020-11-09,0.0,0.0,0.0,5.9699999999999855,0.0,0,Satara,Maharashtra
2020-11-10,0.0,0.0,0.0,1.909999999999986,0.0,0,Satara,Maharashtra
2020-11-11,0.0,0.0,0.0,1.549999999999986,0.0,0,Satara,Maharashtra
2020-11-12,0.0,0.0,0.0,0.5399999999999858,0.0,0,Satara,Maharashtra
2020-11-13,0.0,0.0,0.0,0.0,0.0,0,Satara,Maharashtra
2020-11-14,0.0,0.0,0.0,0.0,0.0,0,Satara,Maharashtra
2020-11-15,0.0,0.0,0.0,0.0,0.0,0,Satara,Maharashtra
2020-11-16,0.01,0.00999999999998579,0.009999999999971578,0.00999999999998579,0.01,0,Satara,Maharashtra
2020-11-17,0.01,0.01999999999998579,0.01999999999997158,0.01999999999998579,0.01,0,Satara,Maharashtra
2020-11-18,0.02,0.03999999999998579,0.03999999999997158,0.03999999999998579,0.02,0,Satara,Maharashtra
2020-11-19,0.01,0.03999999999998579,0.04999999999997158,0.04999999999998579,0.02,0,Satara,Maharashtra
2020-11-20,0.08,0.10999999999998579,0.12999999999997158,0.1299999999999858,0.08,0,Satara,Maharashtra
2020-11-21,0.08,0.16999999999998577,0.2099999999999716,0.2099999999999858,0.08,0,Satara,Maharashtra
2020-11-22,0.12,0.27999999999998576,0.3299999999999716,0.3299999999999858,0.12,0,Satara,Maharashtra
2020-11-23,0.0,0.1999999999999858,0.3199999999999716,0.3299999999999858,0.12,0,Satara,Maharashtra
2020-11-24,0.0,0.11999999999998578,0.3099999999999716,0.3299999999999858,0.12,0,Satara,Maharashtra
2020-11-25,0.0,0.0,0.2899999999999716,0.3299999999999858,0.0,0,Satara,Maharashtra
2020-11-26,0.0,0.0,0.2799999999999716,0.3299999999999858,0.0,0,Satara,Maharashtra
2020-11-27,0.02,0.01999999999998579,0.21999999999997158,0.34999999999998577,0.02,0,Satara,Maharashtra
2020-11-28,0.02,0.03999999999998579,0.15999999999997158,0.3699999999999858,0.02,0,Satara,Maharashtra
2020-11-29,0.0,0.03999999999998579,0.03999999999997158,0.3699999999999858,0.02,0,Satara,Maharashtra
2020-11-30,0.0,0.01999999999998579,0.03999999999997158,0.3699999999999858,0.02,0,Satara,Maharashtra
2020-12-01,0.01,0.00999999999998579,0.04999999999997158,0.3699999999999858,0.01,0,Satara,Maharashtra
2020-12-02,0.0,0.00999999999998579,0.04999999999997158,0.3599999999999858,0.01,0,Satara,Maharashtra
2020-12-03,0.0,0.00999999999998579,0.04999999999997158,0.3399999999999858,0.01,0,Satara,Maharashtra
2020-12-04,0.0,0.0,0.029999999999971577,0.3299999999999858,0.0,0,Satara,Maharashtra
2020-12-05,0.0,0.0,0.009999999999971578,0.2499999999999858,0.0,0,Satara,Maharashtra
2020-12-06,0.0,0.0,0.009999999999971578,0.16999999999998577,0.0,0,Satara,Maharashtra
2020-12-07,0.0,0.0,0.009999999999971578,0.04999999999998579,0.0,0,Satara,Maharashtra
2020-12-08,0.0,0.0,0.0,0.04999999999998579,0.0,0,Satara,Maharashtra
2020-12-09,0.04,0.03999999999998579,0.03999999999997158,0.08999999999998579,0.04,0,Satara,Maharashtra
2020-12-10,0.11,0.14999999999998578,0.14999999999997157,0.1999999999999858,0.11,0,Satara,Maharashtra
2020-12-11,0.16,0.30999999999998584,0.30999999999997163,0.3599999999999858,0.16,0,Satara,Maharashtra
2020-12-12,0.08,0.3499999999999858,0.3899999999999716,0.4199999999999858,0.16,0,Satara,Maharashtra
2020-12-13,0.49,0.7299999999999858,0.8799999999999716,0.8899999999999858,0.49,0,Satara,Maharashtra
2020-12-14,1.02,1.5899999999999856,1.8999999999999715,1.909999999999986,1.02,0,Satara,Maharashtra
2020-12-15,0.03,1.5399999999999856,1.9299999999999715,1.939999999999986,1.02,0,Satara,Maharashtra
2020-12-16,0.0,1.0499999999999856,1.8899999999999715,1.929999999999986,1.02,0,Satara,Maharashtra
2020-12-17,0.0,0.029999999999985566,1.7799999999999716,1.929999999999986,0.03,0,Satara,Maharashtra
2020-12-18,0.0,0.0,1.6199999999999715,1.929999999999986,0.0,0,Satara,Maharashtra
2020-12-19,0.0,0.0,1.5399999999999716,1.929999999999986,0.0,0,Satara,Maharashtra
2020-12-20,0.0,0.0,1.0499999999999714,1.929999999999986,0.0,0,Satara,Maharashtra
2020-12-21,0.0,0.0,0.029999999999971355,1.929999999999986,0.0,0,Satara,Maharashtra
2020-12-22,0.0,0.0,0.0,1.929999999999986,0.0,0,Satara,Maharashtra
2020-12-23,0.0,0.0,0.0,1.929999999999986,0.0,0,Satara,Maharashtra
2020-12-24,0.0,0.0,0.0,1.889999999999986,0.0,0,Satara,Maharashtra
2020-12-25,0.0,0.0,0.0,1.779999999999986,0.0,0,Satara,Maharashtra
2020-12-26,0.0,0.0,0.0,1.619999999999986,0.0,0,Satara,Maharashtra
2020-12-27,0.0,0.0,0.0,1.5399999999999858,0.0,0,Satara,Maharashtra
2020-12-28,0.0,0.0,0.0,1.049999999999986,0.0,0,Satara,Maharashtra
2020-12-29,0.0,0.0,0.0,0.02999999999998601,0.0,0,Satara,Maharashtra
2020-12-30,0.0,0.0,0.0,0.0,0.0,0,Satara,Maharashtra
2020-12-31,0.0,0.0,0.0,0.0,0.0,0,Satara,Maharashtra
2021-01-01,0.03,0.029999999999985566,0.029999999999971355,0.02999999999998601,0.03,0,Satara,Maharashtra
2021-01-02,0.01,0.03999999999998557,0.03999999999997136,0.03999999999998601,0.03,0,Satara,Maharashtra
2021-01-03,0.01,0.04999999999998557,0.04999999999997136,0.049999999999986014,0.03,0,Satara,Maharashtra
2021-01-04,2.39,2.4099999999999855,2.4399999999999715,2.439999999999986,2.39,0,Satara,Maharashtra
2021-01-05,0.29,2.6899999999999857,2.7299999999999716,2.729999999999986,2.39,0,Satara,Maharashtra
2021-01-06,0.64,3.319999999999985,3.3699999999999717,3.369999999999986,2.39,0,Satara,Maharashtra
2021-01-07,1.67,2.5999999999999854,5.039999999999972,5.039999999999986,1.67,0,Satara,Maharashtra
2021-01-08,4.59,6.899999999999985,9.599999999999971,9.629999999999985,4.59,0,Satara,Maharashtra
2021-01-09,1.55,7.809999999999985,11.139999999999972,11.179999999999986,4.59,0,Satara,Maharashtra
2021-01-10,0.2,6.339999999999986,11.329999999999972,11.379999999999987,4.59,0,Satara,Maharashtra
2021-01-11,0.0,1.7499999999999858,8.939999999999971,11.379999999999987,1.55,0,Satara,Maharashtra
2021-01-12,0.0,0.1999999999999858,8.649999999999972,11.379999999999987,0.2,0,Satara,Maharashtra
2021-01-13,0.0,0.0,8.009999999999971,11.379999999999987,0.0,0,Satara,Maharashtra
2021-01-14,0.0,0.0,6.339999999999971,11.379999999999987,0.0,0,Satara,Maharashtra
2021-01-15,0.0,0.0,1.7499999999999716,11.379999999999987,0.0,0,Satara,Maharashtra
2021-01-16,0.0,0.0,0.1999999999999716,11.349999999999987,0.0,0,Satara,Maharashtra
2021-01-17,0.0,0.0,0.0,11.339999999999987,0.0,0,Satara,Maharashtra
2021-01-18,0.0,0.0,0.0,11.329999999999986,0.0,0,Satara,Maharashtra
2021-01-19,0.0,0.0,0.0,8.939999999999987,0.0,0,Satara,Maharashtra
2021-01-20,0.0,0.0,0.0,8.649999999999986,0.0,0,Satara,Maharashtra
2021-01-21,0.0,0.0,0.0,8.009999999999987,0.0,0,Satara,Maharashtra
2021-01-22,0.0,0.0,0.0,6.339999999999986,0.0,0,Satara,Maharashtra
2021-01-23,0.0,0.0,0.0,1.7499999999999858,0.0,0,Satara,Maharashtra
2021-01-24,0.0,0.0,0.0,0.1999999999999858,0.0,0,Satara,Maharashtra
2021-01-25,0.0,0.0,0.0,0.0,0.0,0,Satara,Maharashtra
2021-01-26,0.0,0.0,0.0,0.0,0.0,0,Satara,Maharashtra
2021-01-27,0.0,0.0,0.0,0.0,0.0,0,Satara,Maharashtra
2021-01-28,0.0,0.0,0.0,0.0,0.0,0,Satara,Maharashtra
2021-01-29,0.0,0.0,0.0,0.0,0.0,0,Satara,Maharashtra
2021-01-30,0.0,0.0,0.0,0.0,0.0,0,Satara,Maharashtra
2021-01-31,0.0,0.0,0.0,0.0,0.0,0,Satara,Maharashtra
2021-02-01,0.0,0.0,0.0,0.0,0.0,0,Satara,Maharashtra
2021-02-02,0.0,0.0,0.0,0.0,0.0,0,Satara,Maharashtra
2021-02-03,0.0,0.0,0.0,0.0,0.0,0,Satara,Maharashtra
2021-02-04,0.0,0.0,0.0,0.0,0.0,0,Satara,Maharashtra
2021-02-05,0.0,0.0,0.0,0.0,0.0,0,Satara,Maharashtra
2021-02-06,0.0,0.0,0.0,0.0,0.0,0,Satara,Maharashtra
2021-02-07,0.0,0.0,0.0,0.0,0.0,0,Satara,Maharashtra
2021-02-08,0.0,0.0,0.0,0.0,0.0,0,Satara,Maharashtra
2021-02-09,0.0,0.0,0.0,0.0,0.0,0,Satara,Maharashtra
2021-02-10,0.0,0.0,0.0,0.0,0.0,0,Satara,Maharashtra
2021-02-11,0.0,0.0,0.0,0.0,0.0,0,Satara,Maharashtra
2021-02-12,0.0,0.0,0.0,0.0,0.0,0,Satara,Maharashtra
2021-02-13,0.0,0.0,0.0,0.0,0.0,0,Satara,Maharashtra
2021-02-14,0.0,0.0,0.0,0.0,0.0,0,Satara,Maharashtra
2021-02-15,0.0,0.0,0.0,0.0,0.0,0,Satara,Maharashtra
2021-02-16,0.0,0.0,0.0,0.0,0.0,0,Satara,Maharashtra
2021-02-17,0.14,0.1399999999999858,0.1399999999999716,0.1399999999999858,0.14,0,Satara,Maharashtra
2021-02-18,2.95,3.089999999999986,3.089999999999972,3.089999999999986,2.95,0,Satara,Maharashtra
2021-02-19,1.26,4.349999999999986,4.349999999999972,4.349999999999986,2.95,0,Satara,Maharashtra
2021-02-20,0.0,4.209999999999987,4.349999999999972,4.349999999999986,2.95,0,Satara,Maharashtra
2021-02-21,0.01,1.2699999999999858,4.359999999999972,4.359999999999986,1.26,0,Satara,Maharashtra
2021-02-22,0.05,0.059999999999985794,4.409999999999972,4.409999999999986,0.05,0,Satara,Maharashtra
2021-02-23,0.01,0.0699999999999858,4.4199999999999715,4.419999999999986,0.05,0,Satara,Maharashtra
2021-02-24,0.0,0.059999999999985794,4.279999999999972,4.419999999999986,0.05,0,Satara,Maharashtra
2021-02-25,0.0,0.00999999999998579,1.3299999999999716,4.419999999999986,0.01,0,Satara,Maharashtra
2021-02-26,0.0,0.0,0.06999999999997158,4.419999999999986,0.0,0,Satara,Maharashtra
2021-02-27,0.0,0.0,0.06999999999997158,4.419999999999986,0.0,0,Satara,Maharashtra
2021-02-28,0.0,0.0,0.05999999999997158,4.419999999999986,0.0,0,Satara,Maharashtra
2021-03-01,0.0,0.0,0.009999999999971578,4.419999999999986,0.0,0,Satara,Maharashtra
2021-03-02,0.0,0.0,0.0,4.419999999999986,0.0,0,Satara,Maharashtra
2021-03-03,0.0,0.0,0.0,4.419999999999986,0.0,0,Satara,Maharashtra
2021-03-04,0.0,0.0,0.0,4.279999999999986,0.0,0,Satara,Maharashtra
2021-03-05,0.0,0.0,0.0,1.3299999999999859,0.0,0,Satara,Maharashtra
2021-03-06,0.0,0.0,0.0,0.0699999999999858,0.0,0,Satara,Maharashtra
2021-03-07,0.0,0.0,0.0,0.0699999999999858,0.0,0,Satara,Maharashtra
2021-03-08,0.0,0.0,0.0,0.059999999999985794,0.0,0,Satara,Maharashtra
2021-03-09,0.0,0.0,0.0,0.00999999999998579,0.0,0,Satara,Maharashtra
2021-03-10,0.0,0.0,0.0,0.0,0.0,0,Satara,Maharashtra
2021-03-11,0.0,0.0,0.0,0.0,0.0,0,Satara,Maharashtra
2021-03-12,0.0,0.0,0.0,0.0,0.0,0,Satara,Maharashtra
2021-03-13,0.0,0.0,0.0,0.0,0.0,0,Satara,Maharashtra
2021-03-14,0.0,0.0,0.0,0.0,0.0,0,Satara,Maharashtra
2021-03-15,0.0,0.0,0.0,0.0,0.0,0,Satara,Maharashtra
2021-03-16,0.0,0.0,0.0,0.0,0.0,0,Satara,Maharashtra
2021-03-17,0.0,0.0,0.0,0.0,0.0,0,Satara,Maharashtra
2021-03-18,0.01,0.00999999999998579,0.009999999999971578,0.00999999999998579,0.01,0,Satara,Maharashtra
2021-03-19,0.0,0.00999999999998579,0.009999999999971578,0.00999999999998579,0.01,0,Satara,Maharashtra
2021-03-20,0.02,0.029999999999985788,0.029999999999971577,0.029999999999985788,0.02,0,Satara,Maharashtra
2021-03-21,0.03,0.04999999999998579,0.059999999999971576,0.05999999999998579,0.03,0,Satara,Maharashtra
2021-03-22,1.1,1.149999999999986,1.1599999999999717,1.159999999999986,1.1,0,Satara,Maharashtra
2021-03-23,0.06,1.189999999999986,1.2199999999999718,1.219999999999986,1.1,0,Satara,Maharashtra
2021-03-24,1.0,2.159999999999986,2.2199999999999718,2.219999999999986,1.1,0,Satara,Maharashtra
2021-03-25,0.27,1.3299999999999859,2.479999999999972,2.489999999999986,1.0,0,Satara,Maharashtra
2021-03-26,0.0,1.2699999999999858,2.479999999999972,2.489999999999986,1.0,0,Satara,Maharashtra
2021-03-27,0.0,0.2699999999999858,2.459999999999972,2.489999999999986,0.27,0,Satara,Maharashtra
2021-03-28,0.0,0.0,2.4299999999999717,2.489999999999986,0.0,0,Satara,Maharashtra
2021-03-29,0.0,0.0,1.3299999999999716,2.489999999999986,0.0,0,Satara,Maharashtra
2021-03-30,0.0,0.0,1.2699999999999716,2.489999999999986,0.0,0,Satara,Maharashtra
2021-03-31,0.0,0.0,0.2699999999999716,2.489999999999986,0.0,0,Satara,Maharashtra
2021-04-01,0.0,0.0,0.0,2.489999999999986,0.0,0,Satara,Maharashtra
2021-04-02,0.0,0.0,0.0,2.479999999999986,0.0,0,Satara,Maharashtra
2021-04-03,0.0,0.0,0.0,2.479999999999986,0.0,0,Satara,Maharashtra
2021-04-04,0.0,0.0,0.0,2.459999999999986,0.0,0,Satara,Maharashtra
2021-04-05,0.0,0.0,0.0,2.429999999999986,0.0,0,Satara,Maharashtra
2021-04-06,0.0,0.0,0.0,1.3299999999999859,0.0,0,Satara,Maharashtra
2021-04-07,0.0,0.0,0.0,1.2699999999999858,0.0,0,Satara,Maharashtra
2021-04-08,0.0,0.0,0.0,0.2699999999999858,0.0,0,Satara,Maharashtra
2021-04-09,1.28,1.2799999999999858,1.2799999999999716,1.2799999999999858,1.28,0,Satara,Maharashtra
2021-04-10,0.61,1.889999999999986,1.8899999999999717,1.889999999999986,1.28,0,Satara,Maharashtra
2021-04-11,6.05,7.939999999999985,7.939999999999971,7.939999999999985,6.05,0,Satara,Maharashtra
2021-04-12,2.86,9.519999999999985,10.799999999999972,10.799999999999986,6.05,0,Satara,Maharashtra
2021-04-13,1.46,10.369999999999987,12.259999999999971,12.259999999999986,6.05,0,Satara,Maharashtra
2021-04-14,1.5,5.819999999999986,13.759999999999971,13.759999999999986,2.86,0,Satara,Maharashtra
2021-04-15,1.28,4.239999999999987,15.039999999999973,15.039999999999987,1.5,0,Satara,Maharashtra
2021-04-16,0.08,2.8599999999999866,13.839999999999973,15.119999999999987,1.5,0,Satara,Maharashtra
2021-04-17,0.0,1.3599999999999868,13.229999999999972,15.119999999999987,1.28,0,Satara,Maharashtra
2021-04-18,0.01,0.08999999999998667,7.189999999999972,15.129999999999987,0.08,0,Satara,Maharashtra
2021-04-19,0.01,0.019999999999986678,4.339999999999972,15.139999999999986,0.01,0,Satara,Maharashtra
2021-04-20,0.0,0.019999999999986678,2.8799999999999724,15.139999999999986,0.01,0,Satara,Maharashtra
2021-04-21,0.0,0.009999999999986678,1.3799999999999726,15.139999999999986,0.01,0,Satara,Maharashtra
2021-04-22,0.01,0.009999999999986678,0.10999999999997247,15.149999999999986,0.01,0,Satara,Maharashtra
2021-04-23,0.0,0.009999999999986678,0.029999999999972465,15.149999999999986,0.01,0,Satara,Maharashtra
2021-04-24,0.01,0.019999999999986678,0.03999999999997247,13.879999999999987,0.01,0,Satara,Maharashtra
2021-04-25,0.11,0.11999999999998667,0.13999999999997248,13.379999999999985,0.11,0,Satara,Maharashtra
2021-04-26,1.08,1.1999999999999869,1.2099999999999724,8.409999999999986,1.08,0,Satara,Maharashtra
2021-04-27,2.46,3.649999999999987,3.6699999999999724,8.009999999999987,2.46,0,Satara,Maharashtra
2021-04-28,1.23,4.769999999999987,4.899999999999972,7.779999999999987,2.46,0,Satara,Maharashtra
2021-04-29,0.5,4.189999999999987,5.389999999999972,6.779999999999987,2.46,0,Satara,Maharashtra
2021-04-30,2.24,3.9699999999999873,7.629999999999972,7.739999999999988,2.24,0,Satara,Maharashtra
2021-05-01,0.33,3.0699999999999874,7.949999999999973,7.989999999999987,2.24,0,Satara,Maharashtra
2021-05-02,6.63,9.199999999999987,14.469999999999972,14.619999999999987,6.63,0,Satara,Maharashtra
2021-05-03,3.49,10.449999999999989,16.879999999999974,18.099999999999987,6.63,0,Satara,Maharashtra
2021-05-04,6.13,16.249999999999986,20.549999999999972,24.219999999999985,6.63,0,Satara,Maharashtra
2021-05-05,0.58,10.199999999999989,19.89999999999997,24.799999999999986,6.13,0,Satara,Maharashtra
2021-05-06,4.46,11.169999999999987,23.85999999999997,29.259999999999984,6.13,0,Satara,Maharashtra
2021-05-07,5.93,10.969999999999988,27.549999999999972,35.179999999999986,5.93,0,Satara,Maharashtra
2021-05-08,0.95,11.339999999999987,28.16999999999997,36.12999999999999,5.93,0,Satara,Maharashtra
2021-05-09,0.58,7.4599999999999875,22.119999999999973,36.69999999999999,5.93,0,Satara,Maharashtra
2021-05-10,0.03,1.5599999999999874,18.65999999999997,36.61999999999999,0.95,0,Satara,Maharashtra
2021-05-11,0.01,0.6199999999999876,12.539999999999973,35.54999999999998,0.58,0,Satara,Maharashtra
2021-05-12,0.0,0.039999999999987566,11.959999999999972,33.08999999999998,0.03,0,Satara,Maharashtra
2021-05-13,0.05,0.05999999999998757,7.549999999999972,31.909999999999986,0.05,0,Satara,Maharashtra
2021-05-14,3.62,3.6699999999999875,5.239999999999973,35.02999999999999,3.62,0,Satara,Maharashtra
2021-05-15,16.48,20.149999999999988,20.769999999999975,49.26999999999998,16.48,0,Satara,Maharashtra
2021-05-16,74.69,94.78999999999999,94.87999999999997,123.62999999999998,74.69,0,Satara,Maharashtra
2021-05-17,55.32,146.48999999999998,150.16999999999996,172.32,74.69,0,Satara,Maharashtra
2021-05-18,11.82,141.82999999999998,161.97999999999996,180.64999999999998,74.69,0,Satara,Maharashtra
2021-05-19,14.28,81.42,176.25999999999996,188.79999999999998,55.32,0,Satara,Maharashtra
2021-05-20,1.4,27.5,177.60999999999996,189.61999999999998,14.28,0,Satara,Maharashtra
2021-05-21,0.71,16.39,174.69999999999996,185.86999999999998,14.28,0,Satara,Maharashtra
2021-05-22,0.92,3.03,159.13999999999996,180.85999999999999,1.4,0,Satara,Maharashtra
2021-05-23,4.43,6.06,88.87999999999997,184.34,4.43,0,Satara,Maharashtra
2021-05-24,3.89,9.24,37.449999999999974,187.64999999999998,4.43,0,Satara,Maharashtra
2021-05-25,0.5,8.82,26.12999999999997,188.11999999999998,4.43,0,Satara,Maharashtra
2021-05-26,0.2,4.59,12.049999999999972,188.31,3.89,0,Satara,Maharashtra
2021-05-27,0.14,0.8400000000000001,10.78999999999997,188.45,0.5,0,Satara,Maharashtra
2021-05-28,0.43,0.77,10.509999999999973,188.82999999999998,0.43,0,Satara,Maharashtra
2021-05-29,2.57,3.1399999999999997,12.159999999999972,187.77999999999997,2.57,0,Satara,Maharashtra
2021-05-30,3.66,6.66,11.389999999999972,174.95999999999998,3.66,0,Satara,Maharashtra
2021-05-31,10.55,16.78,18.049999999999972,110.82,10.55,0,Satara,Maharashtra
2021-06-01,5.58,19.79,23.129999999999974,61.079999999999984,10.55,1,Satara,Maharashtra
2021-06-02,35.36,51.489999999999995,58.28999999999998,84.61999999999998,35.36,1,Satara,Maharashtra
2021-06-03,14.65,55.589999999999996,72.79999999999998,84.98999999999998,35.36,1,Satara,Maharashtra
2021-06-04,6.04,56.04999999999999,78.40999999999997,89.63,35.36,1,Satara,Maharashtra
2021-06-05,22.08,42.769999999999996,97.91999999999997,110.99999999999999,22.08,1,Satara,Maharashtra
2021-06-06,5.84,33.959999999999994,100.09999999999998,115.91999999999999,22.08,1,Satara,Maharashtra
2021-06-07,3.9,31.81999999999999,93.44999999999999,115.38999999999999,22.08,1,Satara,Maharashtra
2021-06-08,18.06,27.79999999999999,105.92999999999996,129.55999999999997,18.06,1,Satara,Maharashtra
2021-06-09,18.16,40.11999999999999,88.72999999999996,147.21999999999997,18.16,1,Satara,Maharashtra
2021-06-10,15.87,52.08999999999999,89.94999999999997,162.88999999999996,18.16,1,Satara,Maharashtra
2021-06-11,15.12,49.14999999999999,99.02999999999997,177.86999999999998,18.16,1,Satara,Maharashtra
2021-06-12,32.88,63.86999999999999,109.82999999999997,210.32,32.88,1,Satara,Maharashtra
2021-06-13,32.83,80.82999999999998,136.82,240.57999999999998,32.88,1,Satara,Maharashtra
2021-06-14,9.38,75.08999999999999,142.29999999999998,246.29999999999998,32.88,1,Satara,Maharashtra
2021-06-15,32.54,74.75,156.77999999999997,268.28999999999996,32.83,1,Satara,Maharashtra
2021-06-16,89.78,131.7,228.39999999999998,352.49,89.78,1,Satara,Maharashtra
2021-06-17,74.53,196.85000000000002,287.05999999999995,391.65999999999997,89.78,1,Satara,Maharashtra
2021-06-18,60.41,224.71999999999997,332.34999999999997,437.42,89.78,1,Satara,Maharashtra
2021-06-19,43.08,178.02,342.54999999999995,474.46,74.53,1,Satara,Maharashtra
2021-06-20,13.88,117.36999999999999,323.59999999999997,466.26,60.41,1,Satara,Maharashtra
2021-06-21,7.13,64.09,321.34999999999997,467.54999999999995,43.08,1,Satara,Maharashtra
2021-06-22,6.79,27.8,295.59999999999997,470.44,13.88,1,Satara,Maharashtra
2021-06-23,10.62,24.54,216.43999999999997,463.0,10.62,1,Satara,Maharashtra
2021-06-24,11.99,29.4,153.89999999999998,456.83000000000004,11.99,1,Satara,Maharashtra
2021-06-25,10.1,32.71,103.58999999999997,451.06,11.99,1,Satara,Maharashtra
2021-06-26,6.21,28.3,66.71999999999997,442.15000000000003,11.99,1,Satara,Maharashtra
2021-06-27,4.69,21.0,57.52999999999997,413.96,10.1,1,Satara,Maharashtra
2021-06-28,6.55,17.45,56.949999999999974,387.67999999999995,6.55,1,Satara,Maharashtra
2021-06-29,2.33,13.57,52.48999999999997,380.63,6.55,1,Satara,Maharashtra
2021-06-30,2.67,11.55,44.53999999999997,350.76,6.55,1,Satara,Maharashtra
2021-07-01,2.12,7.12,34.669999999999966,263.09999999999997,2.67,1,Satara,Maharashtra
2021-07-02,1.26,6.05,25.829999999999973,189.82999999999998,2.67,1,Satara,Maharashtra
2021-07-03,5.71,9.09,25.329999999999973,135.13,5.71,1,Satara,Maharashtra
2021-07-04,3.57,10.54,24.209999999999972,95.61999999999999,5.71,1,Satara,Maharashtra
2021-07-05,5.18,14.459999999999999,22.839999999999968,86.91999999999999,5.71,1,Satara,Maharashtra
2021-07-06,5.99,14.74,26.49999999999997,85.77999999999997,5.99,1,Satara,Maharashtra
2021-07-07,8.54,19.71,32.36999999999997,87.52999999999999,8.54,1,Satara,Maharashtra
2021-07-08,21.04,35.57,51.28999999999997,97.94999999999999,21.04,1,Satara,Maharashtra
2021-07-09,22.0,51.58,72.02999999999997,107.95999999999998,22.0,1,Satara,Maharashtra
2021-07-10,18.5,61.54,84.81999999999996,116.35999999999999,22.0,1,Satara,Maharashtra
2021-07-11,31.29,71.78999999999999,112.53999999999996,141.44,31.29,1,Satara,Maharashtra
2021-07-12,41.06,90.85,148.41999999999996,177.81,41.06,1,Satara,Maharashtra
2021-07-13,34.78,107.13,177.20999999999998,206.03999999999996,41.06,1,Satara,Maharashtra
2021-07-14,32.31,108.15,200.97999999999996,236.01999999999998,41.06,1,Satara,Maharashtra
2021-07-15,58.88,125.97000000000001,238.82,292.22999999999996,58.88,1,Satara,Maharashtra
2021-07-16,25.54,116.72999999999999,242.35999999999999,315.65,58.88,1,Satara,Maharashtra
2021-07-17,28.29,112.71,252.14999999999998,342.68,58.88,1,Satara,Maharashtra
2021-07-18,52.09,105.92,272.95,389.06,52.09,1,Satara,Maharashtra
2021-07-19,64.11,144.49,296.0,449.6,64.11,1,Satara,Maharashtra
2021-07-20,65.57,181.76999999999998,326.78999999999996,509.99,65.57,1,Satara,Maharashtra
2021-07-21,140.16,269.84000000000003,434.64,644.16,140.16,1,Satara,Maharashtra
2021-07-22,97.61,303.34,473.37,733.23,140.16,1,Satara,Maharashtra
2021-07-23,174.16,411.93,621.99,886.3499999999999,174.16,1,Satara,Maharashtra
2021-07-24,52.22,323.99,645.92,916.5699999999999,174.16,1,Satara,Maharashtra
2021-07-25,41.62,268.0,635.4499999999999,939.6899999999999,174.16,1,Satara,Maharashtra
2021-07-26,21.75,115.59000000000006,593.0899999999999,930.15,52.22,1,Satara,Maharashtra
2021-07-27,16.33,79.70000000000005,543.85,905.42,41.62,1,Satara,Maharashtra
2021-07-28,11.51,49.59000000000005,415.19999999999993,882.15,21.75,1,Satara,Maharashtra
2021-07-29,12.87,40.71000000000005,330.46,862.71,16.33,1,Satara,Maharashtra
2021-07-30,16.24,40.620000000000054,172.53999999999994,820.07,16.24,1,Satara,Maharashtra
2021-07-31,14.15,43.260000000000055,134.46999999999994,808.68,16.24,1,Satara,Maharashtra
2021-08-01,9.73,40.120000000000054,102.57999999999993,790.12,16.24,1,Satara,Maharashtra
2021-08-02,11.62,35.50000000000006,92.44999999999993,749.65,14.15,1,Satara,Maharashtra
2021-08-03,19.57,40.92000000000006,95.68999999999994,705.1099999999999,19.57,1,Satara,Maharashtra
2021-08-04,19.01,50.20000000000006,103.18999999999994,658.55,19.57,1,Satara,Maharashtra
2021-08-05,11.33,49.91000000000006,101.64999999999993,529.72,19.57,1,Satara,Maharashtra
2021-08-06,9.09,39.43000000000006,94.49999999999994,441.20000000000005,19.01,1,Satara,Maharashtra
2021-08-07,5.69,26.110000000000056,86.03999999999994,272.73,11.33,1,Satara,Maharashtra
2021-08-08,3.92,18.700000000000056,80.22999999999995,224.43,9.09,1,Satara,Maharashtra
2021-08-09,2.44,12.050000000000058,71.04999999999994,185.25,5.69,1,Satara,Maharashtra
2021-08-10,3.48,9.840000000000057,54.959999999999944,166.98,3.92,1,Satara,Maharashtra
2021-08-11,4.4,10.320000000000057,40.349999999999945,155.05,4.4,1,Satara,Maharashtra
2021-08-12,8.38,16.26000000000006,37.39999999999994,151.92,8.38,1,Satara,Maharashtra
2021-08-13,7.84,20.620000000000058,36.14999999999995,146.89000000000001,8.38,1,Satara,Maharashtra
2021-08-14,18.44,34.66000000000005,48.89999999999995,149.09,18.44,1,Satara,Maharashtra
2021-08-15,12.07,38.35000000000006,57.04999999999994,147.01,18.44,1,Satara,Maharashtra
2021-08-16,8.64,39.15000000000006,63.24999999999994,145.92000000000002,18.44,1,Satara,Maharashtra
2021-08-17,9.53,30.24000000000006,69.29999999999994,143.83,12.07,1,Satara,Maharashtra
2021-08-18,11.88,30.050000000000058,76.77999999999994,136.14000000000001,11.88,1,Satara,Maharashtra
2021-08-19,15.29,36.70000000000006,83.68999999999994,132.42000000000002,15.29,1,Satara,Maharashtra
2021-08-20,6.25,33.42000000000006,82.09999999999994,127.34,15.29,1,Satara,Maharashtra
2021-08-21,15.26,36.800000000000054,78.91999999999994,133.51,15.29,1,Satara,Maharashtra
2021-08-22,1.65,23.160000000000057,68.49999999999994,129.47,15.26,1,Satara,Maharashtra
2021-08-23,0.34,17.250000000000057,60.199999999999946,125.89,15.26,1,Satara,Maharashtra
2021-08-24,1.01,3.000000000000057,51.67999999999994,124.46000000000001,1.65,1,Satara,Maharashtra
2021-08-25,2.16,3.510000000000057,41.959999999999944,123.14,2.16,1,Satara,Maharashtra
2021-08-26,2.03,5.200000000000057,28.699999999999942,120.77,2.16,1,Satara,Maharashtra
2021-08-27,2.86,7.050000000000056,25.309999999999942,115.25,2.86,1,Satara,Maharashtra
2021-08-28,1.57,6.460000000000056,11.619999999999942,108.98,2.86,1,Satara,Maharashtra
2021-08-29,2.41,6.840000000000057,12.379999999999942,92.95,2.86,1,Satara,Maharashtra
2021-08-30,4.61,8.590000000000057,16.64999999999994,85.49,4.61,1,Satara,Maharashtra
2021-08-31,9.42,16.440000000000058,25.059999999999945,86.27,9.42,1,Satara,Maharashtra
2021-09-01,5.82,19.85000000000006,28.719999999999942,82.56,9.42,1,Satara,Maharashtra
2021-09-02,8.67,23.91000000000006,35.35999999999994,79.35,9.42,1,Satara,Maharashtra
2021-09-03,8.16,22.650000000000055,40.65999999999994,72.22,8.67,1,Satara,Maharashtra
2021-09-04,8.67,25.500000000000057,47.75999999999994,74.64,8.67,1,Satara,Maharashtra
2021-09-05,16.92,33.75000000000006,62.269999999999946,76.3,16.92,1,Satara,Maharashtra
2021-09-06,14.08,39.67000000000006,71.73999999999994,88.73,16.92,1,Satara,Maharashtra
2021-09-07,48.7,79.70000000000006,111.01999999999995,137.09,48.7,1,Satara,Maharashtra
2021-09-08,28.42,91.20000000000006,133.61999999999995,164.50000000000003,48.7,1,Satara,Maharashtra
2021-09-09,13.52,90.64000000000006,138.46999999999994,175.85999999999999,48.7,1,Satara,Maharashtra
2021-09-10,12.56,54.50000000000006,142.86999999999995,186.39,28.42,1,Satara,Maharashtra
2021-09-11,14.78,40.860000000000056,148.97999999999993,198.31,14.78,1,Satara,Maharashtra
2021-09-12,29.97,57.31000000000006,162.02999999999994,226.71,29.97,1,Satara,Maharashtra
2021-09-13,27.88,72.63000000000005,175.82999999999993,252.18,29.97,1,Satara,Maharashtra
2021-09-14,14.97,72.82000000000005,142.09999999999994,262.54,29.97,1,Satara,Maharashtra
2021-09-15,4.63,47.480000000000054,118.30999999999993,257.75,27.88,1,Satara,Maharashtra
2021-09-16,1.83,21.430000000000057,106.61999999999993,253.76,14.97,1,Satara,Maharashtra
2021-09-17,1.12,7.580000000000057,95.17999999999994,246.21,4.63,1,Satara,Maharashtra
2021-09-18,1.3,4.250000000000057,81.69999999999995,239.35000000000002,1.83,1,Satara,Maharashtra
2021-09-19,4.73,7.150000000000057,56.459999999999944,235.41,4.73,1,Satara,Maharashtra
2021-09-20,5.97,12.000000000000057,34.54999999999994,224.46,5.97,1,Satara,Maharashtra
2021-09-21,19.38,30.080000000000055,38.959999999999944,229.76,19.38,1,Satara,Maharashtra
2021-09-22,11.53,36.88000000000005,45.85999999999994,192.59,19.38,1,Satara,Maharashtra
2021-09-23,8.0,38.91000000000005,52.029999999999944,172.17,19.38,1,Satara,Maharashtra
2021-09-24,0.79,20.320000000000057,51.69999999999994,159.44,11.53,1,Satara,Maharashtra
2021-09-25,1.58,10.370000000000058,51.97999999999994,148.46,8.0,1,Satara,Maharashtra
2021-09-26,1.67,4.040000000000057,48.919999999999945,135.35,1.67,1,Satara,Maharashtra
2021-09-27,4.11,7.360000000000057,47.059999999999945,109.49000000000001,4.11,1,Satara,Maharashtra
2021-09-28,7.82,13.600000000000058,35.49999999999994,89.42999999999999,7.82,1,Satara,Maharashtra
2021-09-29,9.4,21.330000000000055,33.36999999999994,83.86,9.4,1,Satara,Maharashtra
2021-09-30,3.31,20.530000000000058,28.679999999999943,82.54,9.4,1,Satara,Maharashtra
2021-10-01,4.25,16.960000000000058,32.139999999999944,84.96000000000001,9.4,0,Satara,Maharashtra
2021-10-02,6.39,13.950000000000056,36.949999999999946,90.23,6.39,0,Satara,Maharashtra
2021-10-03,11.5,22.140000000000057,46.779999999999944,100.43,11.5,0,Satara,Maharashtra
2021-10-04,13.13,31.020000000000056,55.79999999999995,108.83,13.13,0,Satara,Maharashtra
2021-10-05,12.53,37.16000000000005,60.50999999999995,115.39,13.13,0,Satara,Maharashtra
2021-10-06,10.62,36.28000000000006,61.72999999999995,106.63000000000001,13.13,0,Satara,Maharashtra
2021-10-07,6.03,29.180000000000053,64.44999999999995,101.13000000000001,12.53,0,Satara,Maharashtra
2021-10-08,4.54,21.190000000000055,64.73999999999994,97.67,10.62,0,Satara,Maharashtra
2021-10-09,10.62,21.190000000000055,68.96999999999994,107.5,10.62,0,Satara,Maharashtra
2021-10-10,6.28,21.440000000000055,63.74999999999994,112.2,10.62,0,Satara,Maharashtra
2021-10-11,2.48,19.380000000000056,53.09999999999994,113.00999999999999,10.62,0,Satara,Maharashtra
2021-10-12,0.97,9.730000000000055,41.539999999999935,109.86999999999999,6.28,0,Satara,Maharashtra
2021-10-13,0.01,3.460000000000055,30.92999999999994,102.06,2.48,0,Satara,Maharashtra
2021-10-14,0.74,1.720000000000055,25.639999999999944,93.39999999999999,0.97,0,Satara,Maharashtra
2021-10-15,0.01,0.7600000000000551,21.109999999999943,90.1,0.74,0,Satara,Maharashtra
2021-10-16,0.0,0.7500000000000551,10.489999999999943,85.85,0.74,0,Satara,Maharashtra
2021-10-17,0.0,0.010000000000055067,4.209999999999943,79.46,0.01,0,Satara,Maharashtra
2021-10-18,0.08,0.08000000000005507,1.8099999999999432,68.03999999999999,0.08,0,Satara,Maharashtra
2021-10-19,0.18,0.2600000000000551,1.0199999999999432,55.09,0.18,0,Satara,Maharashtra
2021-10-20,0.02,0.2800000000000551,1.0299999999999432,42.58,0.18,0,Satara,Maharashtra
2021-10-21,0.0,0.20000000000005505,0.28999999999994314,31.96,0.18,0,Satara,Maharashtra
2021-10-22,0.0,0.020000000000055067,0.2799999999999431,25.93,0.02,0,Satara,Maharashtra
2021-10-23,0.0,0.0,0.2799999999999431,21.39,0.0,0,Satara,Maharashtra
2021-10-24,0.0,0.0,0.2799999999999431,10.77,0.0,0,Satara,Maharashtra
2021-10-25,0.0,0.0,0.19999999999994314,4.49,0.0,0,Satara,Maharashtra
2021-10-26,0.0,0.0,0.019999999999943157,2.01,0.0,0,Satara,Maharashtra
2021-10-27,0.0,0.0,0.0,1.04,0.0,0,Satara,Maharashtra
2021-10-28,0.0,0.0,0.0,1.03,0.0,0,Satara,Maharashtra
2021-10-29,0.0,0.0,0.0,0.29,0.0,0,Satara,Maharashtra
2021-10-30,0.0,0.0,0.0,0.27999999999999997,0.0,0,Satara,Maharashtra
2021-10-31,0.0,0.0,0.0,0.27999999999999997,0.0,0,Satara,Maharashtra
2021-11-01,0.02,0.020000000000055067,0.019999999999943157,0.3,0.02,0,Satara,Maharashtra
2021-11-02,0.1,0.12000000000005508,0.11999999999994317,0.32,0.1,0,Satara,Maharashtra
2021-11-03,0.32,0.44000000000005507,0.43999999999994316,0.46,0.32,0,Satara,Maharashtra
2021-11-04,2.06,2.480000000000055,2.499999999999943,2.5,2.06,0,Satara,Maharashtra
2021-11-05,4.93,7.310000000000055,7.429999999999943,7.43,4.93,0,Satara,Maharashtra
2021-11-06,3.62,10.610000000000054,11.049999999999944,11.05,4.93,0,Satara,Maharashtra
2021-11-07,0.98,9.530000000000054,12.029999999999943,12.03,4.93,0,Satara,Maharashtra
2021-11-08,0.0,4.600000000000055,12.009999999999943,12.03,3.62,0,Satara,Maharashtra
2021-11-09,0.0,0.980000000000055,11.909999999999943,12.03,0.98,0,Satara,Maharashtra
2021-11-10,0.0,0.0,11.589999999999943,12.03,0.0,0,Satara,Maharashtra
2021-11-11,0.0,0.0,9.529999999999943,12.03,0.0,0,Satara,Maharashtra
2021-11-12,0.0,0.0,4.599999999999943,12.03,0.0,0,Satara,Maharashtra
2021-11-13,0.18,0.18000000000005506,1.159999999999943,12.209999999999999,0.18,0,Satara,Maharashtra
2021-11-14,1.26,1.440000000000055,1.439999999999943,13.469999999999999,1.26,0,Satara,Maharashtra
2021-11-15,3.6,5.040000000000055,5.039999999999943,17.07,3.6,0,Satara,Maharashtra
2021-11-16,11.95,16.810000000000056,16.98999999999994,29.0,11.95,0,Satara,Maharashtra
2021-11-17,4.02,19.570000000000057,21.00999999999994,32.92,11.95,0,Satara,Maharashtra
2021-11-18,6.68,22.650000000000055,27.68999999999994,39.28,11.95,0,Satara,Maharashtra
2021-11-19,1.97,12.670000000000055,29.65999999999994,39.19,6.68,0,Satara,Maharashtra
2021-11-20,1.67,10.320000000000055,31.14999999999994,35.93,6.68,0,Satara,Maharashtra
2021-11-21,3.83,7.470000000000055,33.71999999999994,36.14,3.83,0,Satara,Maharashtra
2021-11-22,0.07,5.570000000000055,30.18999999999994,35.230000000000004,3.83,0,Satara,Maharashtra
2021-11-23,0.76,4.660000000000055,18.999999999999943,35.99,3.83,0,Satara,Maharashtra
2021-11-24,1.02,1.8500000000000552,15.999999999999943,37.01,1.02,0,Satara,Maharashtra
2021-11-25,0.05,1.8300000000000551,9.369999999999942,37.06,1.02,0,Satara,Maharashtra
2021-11-26,0.0,1.0700000000000551,7.3999999999999435,37.06,1.02,0,Satara,Maharashtra
2021-11-27,0.0,0.05000000000005507,5.729999999999944,37.06,0.05,0,Satara,Maharashtra
2021-11-28,0.0,0.0,1.8999999999999433,36.88,0.0,0,Satara,Maharashtra
2021-11-29,0.03,0.030000000000055066,1.8599999999999433,35.65,0.03,0,Satara,Maharashtra
2021-11-30,2.12,2.150000000000055,3.2199999999999434,34.17,2.12,0,Satara,Maharashtra
2021-12-01,56.66,58.81000000000005,58.85999999999994,78.88,56.66,0,Satara,Maharashtra
2021-12-02,22.13,80.91000000000005,80.93999999999994,96.99,56.66,0,Satara,Maharashtra
2021-12-03,2.23,81.02000000000004,83.16999999999994,92.53999999999999,56.66,0,Satara,Maharashtra
2021-12-04,1.69,26.050000000000054,84.85999999999994,92.25999999999999,22.13,0,Satara,Maharashtra
2021-12-05,0.09,4.010000000000057,84.94999999999995,90.67999999999999,2.23,0,Satara,Maharashtra
2021-12-06,0.0,1.7800000000000569,84.91999999999994,86.85,1.69,0,Satara,Maharashtra
2021-12-07,0.0,0.09000000000005684,82.79999999999994,86.78,0.09,0,Satara,Maharashtra
2021-12-08,0.0,0.0,26.139999999999944,86.02,0.0,0,Satara,Maharashtra
2021-12-09,0.0,0.0,4.009999999999943,85.0,0.0,0,Satara,Maharashtra
2021-12-10,0.0,0.0,1.7799999999999432,84.95,0.0,0,Satara,Maharashtra
2021-12-11,0.0,0.0,0.08999999999994315,84.95,0.0,0,Satara,Maharashtra
2021-12-12,0.0,0.0,0.0,84.95,0.0,0,Satara,Maharashtra
2021-12-13,0.0,0.0,0.0,84.95,0.0,0,Satara,Maharashtra
2021-12-14,0.0,0.0,0.0,84.92,0.0,0,Satara,Maharashtra
2021-12-15,0.0,0.0,0.0,82.8,0.0,0,Satara,Maharashtra
2021-12-16,0.0,0.0,0.0,26.14,0.0,0,Satara,Maharashtra
2021-12-17,0.0,0.0,0.0,4.01,0.0,0,Satara,Maharashtra
2021-12-18,0.0,0.0,0.0,1.78,0.0,0,Satara,Maharashtra
2021-12-19,0.0,0.0,0.0,0.09,0.0,0,Satara,Maharashtra
2021-12-20,0.0,0.0,0.0,0.0,0.0,0,Satara,Maharashtra
2021-12-21,0.0,0.0,0.0,0.0,0.0,0,Satara,Maharashtra
2021-12-22,0.0,0.0,0.0,0.0,0.0,0,Satara,Maharashtra
2021-12-23,0.0,0.0,0.0,0.0,0.0,0,Satara,Maharashtra
2021-12-24,0.0,0.0,0.0,0.0,0.0,0,Satara,Maharashtra
2021-12-25,0.0,0.0,0.0,0.0,0.0,0,Satara,Maharashtra
2021-12-26,0.0,0.0,0.0,0.0,0.0,0,Satara,Maharashtra
2021-12-27,0.0,0.0,0.0,0.0,0.0,0,Satara,Maharashtra
2021-12-28,0.0,0.0,0.0,0.0,0.0,0,Satara,Maharashtra
2021-12-29,0.0,0.0,0.0,0.0,0.0,0,Satara,Maharashtra
2021-12-30,0.0,0.0,0.0,0.0,0.0,0,Satara,Maharashtra
2021-12-31,0.0,0.0,0.0,0.0,0.0,0,Satara,Maharashtra
2022-01-01,0.0,0.0,0.0,0.0,0.0,0,Satara,Maharashtra
2022-01-02,0.0,0.0,0.0,0.0,0.0,0,Satara,Maharashtra
2022-01-03,0.0,0.0,0.0,0.0,0.0,0,Satara,Maharashtra
2022-01-04,0.0,0.0,0.0,0.0,0.0,0,Satara,Maharashtra
2022-01-05,0.0,0.0,0.0,0.0,0.0,0,Satara,Maharashtra
2022-01-06,0.0,0.0,0.0,0.0,0.0,0,Satara,Maharashtra
2022-01-07,0.01,0.010000000000056844,0.009999999999943157,0.01,0.01,0,Satara,Maharashtra
2022-01-08,0.04,0.050000000000056846,0.04999999999994316,0.05,0.04,0,Satara,Maharashtra
2022-01-09,1.5,1.5500000000000569,1.5499999999999432,1.55,1.5,0,Satara,Maharashtra
2022-01-10,0.01,1.5500000000000569,1.5599999999999432,1.56,1.5,0,Satara,Maharashtra
2022-01-11,0.0,1.5100000000000569,1.5599999999999432,1.56,1.5,0,Satara,Maharashtra
2022-01-12,0.0,0.010000000000056844,1.5599999999999432,1.56,0.01,0,Satara,Maharashtra
2022-01-13,0.0,0.0,1.5599999999999432,1.56,0.0,0,Satara,Maharashtra
2022-01-14,0.0,0.0,1.5499999999999432,1.56,0.0,0,Satara,Maharashtra
2022-01-15,0.0,0.0,1.5099999999999432,1.56,0.0,0,Satara,Maharashtra
2022-01-16,0.0,0.0,0.009999999999943157,1.56,0.0,0,Satara,Maharashtra
2022-01-17,0.0,0.0,0.0,1.56,0.0,0,Satara,Maharashtra
2022-01-18,0.0,0.0,0.0,1.56,0.0,0,Satara,Maharashtra
2022-01-19,0.0,0.0,0.0,1.56,0.0,0,Satara,Maharashtra
2022-01-20,0.0,0.0,0.0,1.56,0.0,0,Satara,Maharashtra
2022-01-21,0.0,0.0,0.0,1.56,0.0,0,Satara,Maharashtra
2022-01-22,0.02,0.020000000000056844,0.019999999999943157,1.57,0.02,0,Satara,Maharashtra
2022-01-23,0.1,0.12000000000005685,0.11999999999994317,1.63,0.1,0,Satara,Maharashtra
2022-01-24,0.0,0.12000000000005685,0.11999999999994317,0.13,0.1,0,Satara,Maharashtra
2022-01-25,0.0,0.10000000000005685,0.11999999999994317,0.12000000000000001,0.1,0,Satara,Maharashtra
2022-01-26,0.0,0.0,0.11999999999994317,0.12000000000000001,0.0,0,Satara,Maharashtra
2022-01-27,0.0,0.0,0.11999999999994317,0.12000000000000001,0.0,0,Satara,Maharashtra
2022-01-28,0.0,0.0,0.11999999999994317,0.12000000000000001,0.0,0,Satara,Maharashtra
2022-01-29,0.0,0.0,0.09999999999994316,0.12000000000000001,0.0,0,Satara,Maharashtra
2022-01-30,0.0,0.0,0.0,0.12000000000000001,0.0,0,Satara,Maharashtra
2022-01-31,0.0,0.0,0.0,0.12000000000000001,0.0,0,Satara,Maharashtra
2022-02-01,0.0,0.0,0.0,0.12000000000000001,0.0,0,Satara,Maharashtra
2022-02-02,0.0,0.0,0.0,0.12000000000000001,0.0,0,Satara,Maharashtra
2022-02-03,0.0,0.0,0.0,0.12000000000000001,0.0,0,Satara,Maharashtra
2022-02-04,0.0,0.0,0.0,0.12000000000000001,0.0,0,Satara,Maharashtra
2022-02-05,0.0,0.0,0.0,0.12000000000000001,0.0,0,Satara,Maharashtra
2022-02-06,0.0,0.0,0.0,0.1,0.0,0,Satara,Maharashtra
2022-02-07,0.0,0.0,0.0,0.0,0.0,0,Satara,Maharashtra
2022-02-08,0.0,0.0,0.0,0.0,0.0,0,Satara,Maharashtra
2022-02-09,0.0,0.0,0.0,0.0,0.0,0,Satara,Maharashtra
2022-02-10,0.0,0.0,0.0,0.0,0.0,0,Satara,Maharashtra
2022-02-11,0.0,0.0,0.0,0.0,0.0,0,Satara,Maharashtra
2022-02-12,0.0,0.0,0.0,0.0,0.0,0,Satara,Maharashtra
2022-02-13,0.0,0.0,0.0,0.0,0.0,0,Satara,Maharashtra
2022-02-14,0.0,0.0,0.0,0.0,0.0,0,Satara,Maharashtra
2022-02-15,0.0,0.0,0.0,0.0,0.0,0,Satara,Maharashtra
2022-02-16,0.0,0.0,0.0,0.0,0.0,0,Satara,Maharashtra
2022-02-17,0.0,0.0,0.0,0.0,0.0,0,Satara,Maharashtra
2022-02-18,0.0,0.0,0.0,0.0,0.0,0,Satara,Maharashtra
2022-02-19,0.0,0.0,0.0,0.0,0.0,0,Satara,Maharashtra
2022-02-20,0.0,0.0,0.0,0.0,0.0,0,Satara,Maharashtra
2022-02-21,0.0,0.0,0.0,0.0,0.0,0,Satara,Maharashtra
2022-02-22,0.0,0.0,0.0,0.0,0.0,0,Satara,Maharashtra
2022-02-23,0.0,0.0,0.0,0.0,0.0,0,Satara,Maharashtra
2022-02-24,0.0,0.0,0.0,0.0,0.0,0,Satara,Maharashtra
2022-02-25,0.0,0.0,0.0,0.0,0.0,0,Satara,Maharashtra
2022-02-26,0.0,0.0,0.0,0.0,0.0,0,Satara,Maharashtra
2022-02-27,0.0,0.0,0.0,0.0,0.0,0,Satara,Maharashtra
2022-02-28,0.0,0.0,0.0,0.0,0.0,0,Satara,Maharashtra
2022-03-01,0.0,0.0,0.0,0.0,0.0,0,Satara,Maharashtra
2022-03-02,0.0,0.0,0.0,0.0,0.0,0,Satara,Maharashtra
2022-03-03,0.0,0.0,0.0,0.0,0.0,0,Satara,Maharashtra
2022-03-04,0.0,0.0,0.0,0.0,0.0,0,Satara,Maharashtra
2022-03-05,0.0,0.0,0.0,0.0,0.0,0,Satara,Maharashtra
2022-03-06,0.0,0.0,0.0,0.0,0.0,0,Satara,Maharashtra
2022-03-07,0.01,0.010000000000056844,0.009999999999943157,0.01,0.01,0,Satara,Maharashtra
2022-03-08,0.01,0.020000000000056844,0.019999999999943157,0.02,0.01,0,Satara,Maharashtra
2022-03-09,0.02,0.040000000000056844,0.03999999999994316,0.04,0.02,0,Satara,Maharashtra
2022-03-10,0.02,0.050000000000056846,0.059999999999943154,0.06,0.02,0,Satara,Maharashtra
2022-03-11,0.37,0.4100000000000569,0.42999999999994315,0.43,0.37,0,Satara,Maharashtra
2022-03-12,0.17,0.5600000000000569,0.5999999999999431,0.6,0.37,0,Satara,Maharashtra
2022-03-13,0.0,0.5400000000000569,0.5999999999999431,0.6,0.37,0,Satara,Maharashtra
2022-03-14,0.0,0.1700000000000569,0.5899999999999431,0.6,0.17,0,Satara,Maharashtra
2022-03-15,0.0,0.0,0.5799999999999431,0.6,0.0,0,Satara,Maharashtra
2022-03-16,0.0,0.0,0.5599999999999431,0.6,0.0,0,Satara,Maharashtra
2022-03-17,0.0,0.0,0.5399999999999431,0.6,0.0,0,Satara,Maharashtra
2022-03-18,0.05,0.0500000000000569,0.21999999999994319,0.65,0.05,0,Satara,Maharashtra
2022-03-19,0.4,0.4500000000000569,0.4499999999999432,1.05,0.4,0,Satara,Maharashtra
2022-03-20,0.35,0.8000000000000569,0.7999999999999432,1.4,0.4,0,Satara,Maharashtra
2022-03-21,0.01,0.7600000000000569,0.8099999999999432,1.41,0.4,0,Satara,Maharashtra
2022-03-22,0.02,0.38000000000005685,0.8299999999999432,1.42,0.35,0,Satara,Maharashtra
2022-03-23,0.17,0.2000000000000569,0.9999999999999432,1.58,0.17,0,Satara,Maharashtra
2022-03-24,0.43,0.620000000000057,1.4299999999999433,1.99,0.43,0,Satara,Maharashtra
2022-03-25,0.38,0.9800000000000568,1.7599999999999432,2.35,0.43,0,Satara,Maharashtra
2022-03-26,0.0,0.8100000000000569,1.3599999999999433,1.98,0.43,0,Satara,Maharashtra
2022-03-27,0.0,0.3800000000000569,1.0099999999999432,1.81,0.38,0,Satara,Maharashtra
2022-03-28,0.0,0.0,0.9999999999999433,1.81,0.0,0,Satara,Maharashtra
2022-03-29,0.0,0.0,0.9799999999999432,1.81,0.0,0,Satara,Maharashtra
2022-03-30,0.0,0.0,0.8099999999999432,1.81,0.0,0,Satara,Maharashtra
2022-03-31,0.0,0.0,0.3799999999999432,1.81,0.0,0,Satara,Maharashtra
2022-04-01,0.0,0.0,0.0,1.81,0.0,0,Satara,Maharashtra
2022-04-02,0.0,0.0,0.0,1.7600000000000002,0.0,0,Satara,Maharashtra
2022-04-03,0.0,0.0,0.0,1.3599999999999999,0.0,0,Satara,Maharashtra
2022-04-04,0.28,0.2800000000000569,0.27999999999994324,1.29,0.28,0,Satara,Maharashtra
2022-04-05,0.32,0.6000000000000569,0.5999999999999432,1.6,0.32,0,Satara,Maharashtra
2022-04-06,0.37,0.9700000000000569,0.9699999999999432,1.9500000000000002,0.37,0,Satara,Maharashtra
2022-04-07,0.08,0.7700000000000569,1.0499999999999432,1.8599999999999999,0.37,0,Satara,Maharashtra
2022-04-08,3.07,3.520000000000057,4.119999999999943,4.5,3.07,0,Satara,Maharashtra
2022-04-09,0.93,4.080000000000057,5.049999999999943,5.05,3.07,0,Satara,Maharashtra
2022-04-10,2.08,6.080000000000057,7.129999999999943,7.13,3.07,0,Satara,Maharashtra
2022-04-11,0.42,3.430000000000057,7.269999999999943,7.55,2.08,0,Satara,Maharashtra
2022-04-12,0.0,2.500000000000057,6.949999999999943,7.55,2.08,0,Satara,Maharashtra
2022-04-13,0.0,0.42000000000005683,6.579999999999943,7.55,0.42,0,Satara,Maharashtra
2022-04-14,0.07,0.07000000000005685,6.569999999999943,7.62,0.07,0,Satara,Maharashtra
2022-04-15,0.27,0.34000000000005687,3.7699999999999436,7.89,0.27,0,Satara,Maharashtra
2022-04-16,0.03,0.37000000000005684,2.8699999999999433,7.92,0.27,0,Satara,Maharashtra
2022-04-17,0.91,1.2100000000000568,1.6999999999999433,8.83,0.91,0,Satara,Maharashtra
2022-04-18,0.01,0.9500000000000569,1.2899999999999432,8.84,0.91,0,Satara,Maharashtra
2022-04-19,0.06,0.9800000000000568,1.3499999999999432,8.620000000000001,0.91,0,Satara,Maharashtra
2022-04-20,0.06,0.13000000000005685,1.4099999999999433,8.36,0.06,0,Satara,Maharashtra
2022-04-21,0.04,0.16000000000005685,1.3799999999999433,8.03,0.06,0,Satara,Maharashtra
2022-04-22,7.98,8.080000000000057,9.089999999999943,15.93,7.98,0,Satara,Maharashtra
2022-04-23,2.68,10.700000000000056,11.739999999999945,15.540000000000001,7.98,0,Satara,Maharashtra
2022-04-24,0.48,11.140000000000057,11.309999999999945,15.09,7.98,0,Satara,Maharashtra
2022-04-25,1.04,4.200000000000057,12.339999999999945,14.05,2.68,0,Satara,Maharashtra
2022-04-26,0.7,2.2200000000000566,12.979999999999944,14.33,1.04,0,Satara,Maharashtra
2022-04-27,0.01,1.7500000000000568,12.929999999999943,14.34,1.04,0,Satara,Maharashtra
2022-04-28,0.21,0.9200000000000568,13.099999999999945,14.55,0.7,0,Satara,Maharashtra
2022-04-29,0.26,0.4800000000000568,5.379999999999943,14.74,0.26,0,Satara,Maharashtra
2022-04-30,0.02,0.49000000000005683,2.719999999999943,14.49,0.26,0,Satara,Maharashtra
2022-05-01,0.02,0.30000000000005683,2.259999999999943,14.48,0.26,0,Satara,Maharashtra
2022-05-02,0.0,0.040000000000056844,1.2199999999999431,13.57,0.02,0,Satara,Maharashtra
2022-05-03,0.0,0.020000000000056844,0.5199999999999432,13.56,0.02,0,Satara,Maharashtra
2022-05-04,0.0,0.0,0.5099999999999432,13.5,0.0,0,Satara,Maharashtra
2022-05-05,0.0,0.0,0.29999999999994315,13.440000000000001,0.0,0,Satara,Maharashtra
2022-05-06,0.0,0.0,0.03999999999994316,13.4,0.0,0,Satara,Maharashtra
2022-05-07,0.0,0.0,0.019999999999943157,5.42,0.0,0,Satara,Maharashtra
2022-05-08,0.01,0.010000000000056844,0.009999999999943157,2.75,0.01,0,Satara,Maharashtra
2022-05-09,0.01,0.020000000000056844,0.019999999999943157,2.28,0.01,0,Satara,Maharashtra
2022-05-10,0.01,0.03,0.029999999999943155,1.25,0.01,0,Satara,Maharashtra
2022-05-11,0.12,0.14000000000005683,0.14999999999994315,0.6699999999999999,0.12,0,Satara,Maharashtra
2022-05-12,0.35,0.4800000000000568,0.49999999999994316,1.01,0.35,0,Satara,Maharashtra
2022-05-13,0.23,0.7000000000000568,0.7299999999999431,1.03,0.35,0,Satara,Maharashtra
2022-05-14,0.12,0.7000000000000568,0.8499999999999431,0.89,0.35,0,Satara,Maharashtra
2022-05-15,0.01,0.36000000000005683,0.8499999999999431,0.88,0.23,0,Satara,Maharashtra
2022-05-16,0.08,0.21000000000005684,0.9199999999999431,0.94,0.12,0,Satara,Maharashtra
2022-05-17,0.2,0.2900000000000569,1.109999999999943,1.14,0.2,0,Satara,Maharashtra
2022-05-18,0.06,0.3400000000000568,1.0499999999999432,1.2,0.2,0,Satara,Maharashtra
2022-05-19,13.2,13.460000000000056,13.899999999999942,14.399999999999999,13.2,0,Satara,Maharashtra
2022-05-20,10.18,23.440000000000055,23.84999999999994,24.58,13.2,0,Satara,Maharashtra
2022-05-21,1.4,24.780000000000054,25.12999999999994,25.979999999999997,13.2,0,Satara,Maharashtra
2022-05-22,0.23,11.810000000000057,25.34999999999994,26.209999999999997,10.18,0,Satara,Maharashtra
2022-05-23,0.38,2.0100000000000566,25.64999999999994,26.58,1.4,0,Satara,Maharashtra
2022-05-24,0.24,0.8500000000000568,25.68999999999994,26.81,0.38,0,Satara,Maharashtra
2022-05-25,0.08,0.7000000000000568,25.70999999999994,26.879999999999995,0.38,0,Satara,Maharashtra
2022-05-26,0.02,0.3400000000000568,12.529999999999943,26.78,0.24,0,Satara,Maharashtra
2022-05-27,0.04,0.14000000000005686,2.389999999999943,26.47,0.08,0,Satara,Maharashtra
2022-05-28,0.06,0.12000000000005684,1.0499999999999432,26.299999999999997,0.06,0,Satara,Maharashtra
2022-05-29,0.1,0.20000000000005685,0.9199999999999432,26.279999999999998,0.1,0,Satara,Maharashtra
2022-05-30,0.01,0.17000000000005686,0.5499999999999432,26.279999999999998,0.1,0,Satara,Maharashtra
2022-05-31,2.0,2.1100000000000567,2.309999999999943,28.199999999999996,2.0,0,Satara,Maharashtra
2022-06-01,3.06,5.070000000000057,5.289999999999943,31.06,3.06,1,Satara,Maharashtra
2022-06-02,5.32,10.380000000000058,10.589999999999943,36.32,5.32,1,Satara,Maharashtra
2022-06-03,2.03,10.410000000000057,12.579999999999943,25.15,5.32,1,Satara,Maharashtra
2022-06-04,0.08,7.430000000000057,12.599999999999945,15.05,5.32,1,Satara,Maharashtra
2022-06-05,0.94,3.0500000000000567,13.439999999999943,14.59,2.03,1,Satara,Maharashtra
2022-06-06,2.24,3.260000000000057,15.669999999999943,16.6,2.24,1,Satara,Maharashtra
2022-06-07,0.9,4.080000000000057,14.569999999999943,17.12,2.24,1,Satara,Maharashtra
2022-06-08,3.19,6.330000000000057,14.699999999999944,20.07,3.19,1,Satara,Maharashtra
2022-06-09,3.91,8.000000000000057,13.289999999999942,23.9,3.91,1,Satara,Maharashtra
2022-06-10,16.58,23.680000000000057,27.83999999999994,40.459999999999994,16.58,1,Satara,Maharashtra
2022-06-11,11.98,32.470000000000056,39.73999999999994,52.4,16.58,1,Satara,Maharashtra
2022-06-12,5.75,34.31000000000006,44.54999999999994,58.089999999999996,16.58,1,Satara,Maharashtra
2022-06-13,6.84,24.570000000000057,49.14999999999994,64.83,11.98,1,Satara,Maharashtra
2022-06-14,0.87,13.460000000000056,49.11999999999994,65.69,6.84,1,Satara,Maharashtra
2022-06-15,1.57,9.280000000000056,47.499999999999936,65.25999999999999,6.84,1,Satara,Maharashtra
2022-06-16,6.73,9.170000000000057,50.31999999999994,68.92999999999999,6.73,1,Satara,Maharashtra
2022-06-17,3.87,12.170000000000059,37.60999999999994,67.47999999999999,6.73,1,Satara,Maharashtra
2022-06-18,3.4,14.000000000000057,29.029999999999944,68.85,6.73,1,Satara,Maharashtra
2022-06-19,13.18,20.450000000000056,36.459999999999944,81.94999999999999,13.18,1,Satara,Maharashtra
2022-06-20,7.97,24.550000000000054,37.58999999999994,88.97999999999999,13.18,1,Satara,Maharashtra
2022-06-21,11.88,33.03000000000006,48.599999999999945,98.62,13.18,1,Satara,Maharashtra
2022-06-22,4.56,24.410000000000057,51.58999999999995,102.28,11.88,1,Satara,Maharashtra
2022-06-23,12.8,29.24000000000006,57.65999999999994,111.89,12.8,1,Satara,Maharashtra
2022-06-24,23.14,40.50000000000006,76.92999999999995,131.12,23.14,1,Satara,Maharashtra
2022-06-25,55.07,91.01000000000005,128.59999999999994,169.60999999999999,55.07,1,Satara,Maharashtra
2022-06-26,24.14,102.35000000000005,139.55999999999995,181.76999999999998,55.07,1,Satara,Maharashtra
2022-06-27,18.17,97.38000000000005,149.75999999999993,194.19,55.07,1,Satara,Maharashtra
2022-06-28,15.62,57.93000000000006,153.49999999999994,202.97,24.14,1,Satara,Maharashtra
2022-06-29,17.84,51.63000000000006,166.77999999999994,219.94,18.17,1,Satara,Maharashtra
2022-06-30,26.79,60.25000000000006,180.76999999999992,245.16,26.79,1,Satara,Maharashtra
2022-07-01,24.49,69.12000000000006,182.11999999999995,262.92,26.79,1,Satara,Maharashtra
2022-07-02,16.16,67.44000000000005,143.20999999999995,275.21,26.79,1,Satara,Maharashtra
2022-07-03,13.03,53.68000000000006,132.09999999999994,284.84,24.49,1,Satara,Maharashtra
2022-07-04,42.25,71.44000000000005,156.17999999999995,313.91,42.25,1,Satara,Maharashtra
2022-07-05,57.06,112.34000000000006,197.61999999999995,363.0,57.06,1,Satara,Maharashtra
2022-07-06,41.81,141.12000000000006,221.58999999999995,392.93,57.06,1,Satara,Maharashtra
2022-07-07,38.45,137.32000000000005,233.24999999999994,426.82,57.06,1,Satara,Maharashtra
2022-07-08,60.04,140.30000000000007,268.79999999999995,474.06,60.04,1,Satara,Maharashtra
2022-07-09,45.0,143.49000000000007,297.63999999999993,495.92,60.04,1,Satara,Maharashtra
2022-07-10,44.61,149.65000000000006,329.21999999999997,485.46000000000004,60.04,1,Satara,Maharashtra
2022-07-11,53.99,143.60000000000008,340.96,515.3100000000001,53.99,1,Satara,Maharashtra
2022-07-12,52.53,151.13000000000005,336.42999999999995,549.67,53.99,1,Satara,Maharashtra
2022-07-13,60.59,167.11000000000007,355.21,594.64,60.59,1,Satara,Maharashtra
2022-07-14,64.3,177.42000000000007,381.05999999999995,641.0999999999999,64.3,1,Satara,Maharashtra
2022-07-15,28.94,153.83000000000007,349.96,643.25,64.3,1,Satara,Maharashtra
2022-07-16,26.66,119.90000000000006,331.61999999999995,645.42,64.3,1,Satara,Maharashtra
2022-07-17,16.22,71.82000000000005,303.22999999999996,645.48,28.94,1,Satara,Maharashtra
2022-07-18,12.28,55.16000000000006,261.5199999999999,644.73,26.66,1,Satara,Maharashtra
2022-07-19,10.36,38.860000000000056,219.34999999999994,612.84,16.22,1,Satara,Maharashtra
2022-07-20,7.56,30.200000000000056,166.31999999999994,563.34,12.28,1,Satara,Maharashtra
2022-07-21,7.24,25.160000000000057,109.25999999999995,528.77,10.36,1,Satara,Maharashtra
2022-07-22,7.18,21.980000000000057,87.49999999999994,497.5,7.56,1,Satara,Maharashtra
2022-07-23,11.81,26.230000000000057,72.64999999999995,449.27,11.81,1,Satara,Maharashtra
2022-07-24,12.59,31.580000000000055,69.01999999999994,416.85999999999996,12.59,1,Satara,Maharashtra
2022-07-25,7.95,32.35000000000006,64.68999999999994,380.2,12.59,1,Satara,Maharashtra
2022-07-26,4.31,24.85000000000006,58.639999999999944,330.52000000000004,12.59,1,Satara,Maharashtra
2022-07-27,12.91,25.17000000000006,63.989999999999945,290.9,12.91,1,Satara,Maharashtra
2022-07-28,12.3,29.52000000000006,69.04999999999994,242.60999999999999,12.91,1,Satara,Maharashtra
2022-07-29,7.0,32.21000000000006,68.86999999999995,185.31,12.91,1,Satara,Maharashtra
2022-07-30,6.79,26.09000000000006,63.849999999999945,163.15999999999997,12.3,1,Satara,Maharashtra
2022-07-31,3.03,16.820000000000057,54.28999999999995,139.52999999999997,7.0,1,Satara,Maharashtra
2022-08-01,1.94,11.760000000000057,48.279999999999944,125.24999999999997,6.79,1,Satara,Maharashtra
2022-08-02,4.09,9.060000000000056,48.059999999999945,117.05999999999999,4.09,1,Satara,Maharashtra
2022-08-03,20.03,26.06000000000006,55.17999999999995,126.72999999999999,20.03,1,Satara,Maharashtra
2022-08-04,24.79,48.91000000000005,67.66999999999994,143.95999999999998,24.79,1,Satara,Maharashtra
2022-08-05,15.77,60.59000000000006,76.43999999999994,152.48999999999998,24.79,1,Satara,Maharashtra
2022-08-06,48.59,89.15000000000006,118.23999999999995,193.89999999999998,48.59,1,Satara,Maharashtra
2022-08-07,60.46,124.82000000000005,175.66999999999996,242.54999999999998,60.46,1,Satara,Maharashtra
2022-08-08,89.55,198.60000000000008,263.28,319.51,89.55,1,Satara,Maharashtra
2022-08-09,62.05,212.06000000000006,321.2399999999999,373.61,89.55,1,Satara,Maharashtra
2022-08-10,40.73,192.33000000000004,341.93999999999994,410.03,89.55,1,Satara,Maharashtra
2022-08-11,37.61,140.39000000000007,354.75999999999993,434.72999999999996,62.05,1,Satara,Maharashtra
2022-08-12,25.89,104.23000000000008,364.87999999999994,448.31999999999994,40.73,1,Satara,Maharashtra
2022-08-13,20.6,84.10000000000008,336.89,461.91999999999996,37.61,1,Satara,Maharashtra
2022-08-14,14.29,60.78000000000007,290.7199999999999,469.42,25.89,1,Satara,Maharashtra
2022-08-15,17.2,52.090000000000074,218.36999999999995,483.59,20.6,1,Satara,Maharashtra
2022-08-16,17.67,49.16000000000007,173.98999999999992,499.32,17.67,1,Satara,Maharashtra
2022-08-17,18.61,53.480000000000075,151.86999999999995,513.84,18.61,1,Satara,Maharashtra
2022-08-18,12.96,49.240000000000066,127.21999999999996,506.77,18.61,1,Satara,Maharashtra
2022-08-19,11.52,43.090000000000074,112.84999999999995,493.5,18.61,1,Satara,Maharashtra
2022-08-20,11.08,35.56000000000007,103.32999999999994,488.80999999999995,12.96,1,Satara,Maharashtra
2022-08-21,9.06,31.66000000000007,98.09999999999994,449.28,11.52,1,Satara,Maharashtra
2022-08-22,17.81,37.950000000000074,98.70999999999995,406.62999999999994,17.81,1,Satara,Maharashtra
2022-08-23,14.62,41.49000000000007,95.65999999999994,331.69999999999993,17.81,1,Satara,Maharashtra
2022-08-24,7.76,40.19000000000007,84.80999999999995,277.40999999999997,17.81,1,Satara,Maharashtra
2022-08-25,4.1,26.480000000000068,75.94999999999993,240.77999999999997,14.62,1,Satara,Maharashtra
2022-08-26,3.22,15.080000000000071,67.64999999999993,206.39,7.76,1,Satara,Maharashtra
2022-08-27,1.02,8.340000000000071,57.58999999999995,181.51999999999995,4.1,1,Satara,Maharashtra
2022-08-28,0.3,4.540000000000071,48.82999999999994,161.21999999999997,3.22,1,Satara,Maharashtra
2022-08-29,0.45,1.770000000000071,31.469999999999942,147.37999999999997,1.02,1,Satara,Maharashtra
2022-08-30,1.47,2.220000000000071,18.319999999999943,131.64999999999995,1.47,1,Satara,Maharashtra
2022-08-31,21.52,23.44000000000007,32.07999999999994,135.49999999999997,21.52,1,Satara,Maharashtra
2022-09-01,15.52,38.51000000000007,43.49999999999994,132.40999999999997,21.52,1,Satara,Maharashtra
2022-09-02,6.23,43.27000000000007,46.50999999999994,125.67999999999996,21.52,1,Satara,Maharashtra
2022-09-03,3.01,24.76000000000007,48.499999999999936,117.16999999999997,15.52,1,Satara,Maharashtra
2022-09-04,5.51,14.750000000000068,53.70999999999994,111.59999999999997,6.23,1,Satara,Maharashtra
2022-09-05,5.88,14.400000000000066,59.13999999999994,108.41999999999997,5.88,1,Satara,Maharashtra
2022-09-06,12.64,24.030000000000065,70.30999999999995,103.24999999999997,12.64,1,Satara,Maharashtra
2022-09-07,12.88,31.40000000000007,61.669999999999945,101.50999999999998,12.88,1,Satara,Maharashtra
2022-09-08,21.71,47.23000000000007,67.85999999999996,115.45999999999998,21.71,1,Satara,Maharashtra
2022-09-09,24.12,58.710000000000065,85.74999999999994,135.48,24.12,1,Satara,Maharashtra
2022-09-10,18.43,64.26000000000006,101.16999999999994,150.68999999999997,24.12,1,Satara,Maharashtra
2022-09-11,22.23,64.78000000000006,117.88999999999996,171.89999999999998,24.12,1,Satara,Maharashtra
2022-09-12,32.43,73.09000000000006,144.43999999999994,204.02999999999997,32.43,1,Satara,Maharashtra
2022-09-13,19.22,73.88000000000007,151.01999999999995,222.79999999999995,32.43,1,Satara,Maharashtra
2022-09-14,15.47,67.12000000000006,153.60999999999996,236.79999999999998,32.43,1,Satara,Maharashtra
2022-09-15,22.14,56.83000000000006,154.03999999999996,237.41999999999996,22.14,1,Satara,Maharashtra
2022-09-16,17.69,55.30000000000007,147.60999999999996,239.58999999999997,22.14,1,Satara,Maharashtra
2022-09-17,10.38,50.210000000000065,139.55999999999995,243.73999999999995,22.14,1,Satara,Maharashtra
2022-09-18,4.92,32.990000000000066,122.24999999999994,245.64999999999998,17.69,1,Satara,Maharashtra
2022-09-19,3.11,18.410000000000064,92.92999999999995,243.24999999999997,10.38,1,Satara,Maharashtra
2022-09-20,1.9,9.930000000000064,75.60999999999994,239.26999999999998,4.92,1,Satara,Maharashtra
2022-09-21,1.05,6.060000000000064,61.18999999999995,227.67999999999998,3.11,1,Satara,Maharashtra
2022-09-22,0.51,3.460000000000064,39.559999999999945,215.30999999999997,1.9,1,Satara,Maharashtra
2022-09-23,6.42,7.980000000000064,28.289999999999942,200.01999999999995,6.42,1,Satara,Maharashtra
2022-09-24,3.96,10.890000000000065,21.86999999999994,179.85999999999996,6.42,1,Satara,Maharashtra
2022-09-25,4.3,14.680000000000064,21.249999999999943,165.73,6.42,1,Satara,Maharashtra
2022-09-26,1.85,10.110000000000065,19.989999999999945,145.34999999999997,4.3,1,Satara,Maharashtra
2022-09-27,0.37,6.520000000000064,18.459999999999944,113.28999999999998,4.3,1,Satara,Maharashtra
2022-09-28,1.04,3.260000000000065,18.449999999999946,95.10999999999997,1.85,1,Satara,Maharashtra
2022-09-29,2.24,3.650000000000065,20.179999999999943,81.87999999999998,2.24,1,Satara,Maharashtra
2022-09-30,11.37,14.650000000000064,25.129999999999942,71.10999999999997,11.37,1,Satara,Maharashtra
2022-10-01,8.63,22.240000000000066,29.79999999999994,62.049999999999976,11.37,0,Satara,Maharashtra
2022-10-02,5.35,25.350000000000065,30.849999999999945,57.019999999999975,11.37,0,Satara,Maharashtra
2022-10-03,0.59,14.570000000000064,29.589999999999943,52.68999999999997,8.63,0,Satara,Maharashtra
2022-10-04,1.03,6.970000000000064,30.249999999999943,50.60999999999997,5.35,0,Satara,Maharashtra
2022-10-05,1.81,3.430000000000064,31.019999999999943,50.519999999999975,1.81,0,Satara,Maharashtra
2022-10-06,23.68,26.520000000000064,52.45999999999994,73.14999999999998,23.68,0,Satara,Maharashtra
2022-10-07,24.45,49.94000000000006,65.53999999999994,97.08999999999997,24.45,0,Satara,Maharashtra
2022-10-08,1.94,50.07000000000006,58.84999999999994,92.60999999999997,24.45,0,Satara,Maharashtra
2022-10-09,0.03,26.420000000000062,53.529999999999944,88.67999999999996,24.45,0,Satara,Maharashtra
2022-10-10,1.89,3.860000000000064,54.82999999999994,86.26999999999997,1.94,0,Satara,Maharashtra
2022-10-11,11.33,13.250000000000064,65.12999999999994,95.74999999999997,11.33,0,Satara,Maharashtra
2022-10-12,15.3,28.520000000000067,78.61999999999993,110.67999999999998,15.3,0,Satara,Maharashtra
2022-10-13,16.14,42.77000000000007,71.07999999999996,125.77999999999997,16.14,0,Satara,Maharashtra
2022-10-14,23.15,54.59000000000007,69.77999999999994,146.68999999999997,23.15,0,Satara,Maharashtra
2022-10-15,3.2,42.490000000000066,71.03999999999995,138.51999999999995,23.15,0,Satara,Maharashtra
2022-10-16,1.57,27.920000000000062,72.57999999999994,131.45999999999998,23.15,0,Satara,Maharashtra
2022-10-17,15.49,20.260000000000062,86.17999999999995,141.59999999999997,15.49,0,Satara,Maharashtra
2022-10-18,28.63,45.69000000000007,103.47999999999995,169.64,28.63,0,Satara,Maharashtra
2022-10-19,1.96,46.08000000000006,90.13999999999994,170.56999999999996,28.63,0,Satara,Maharashtra
2022-10-20,1.35,31.94000000000006,75.34999999999995,170.10999999999996,28.63,0,Satara,Maharashtra
2022-10-21,15.42,18.730000000000068,67.61999999999995,161.84999999999997,15.42,0,Satara,Maharashtra
2022-10-22,2.6,19.37000000000007,67.01999999999994,139.99999999999997,15.42,0,Satara,Maharashtra
2022-10-23,0.04,18.06000000000007,65.48999999999995,138.09999999999997,15.42,0,Satara,Maharashtra
2022-10-24,0.0,2.6400000000000676,49.99999999999994,138.06999999999996,2.6,0,Satara,Maharashtra
2022-10-25,0.0,0.0400000000000675,21.369999999999944,136.17999999999995,0.04,0,Satara,Maharashtra
2022-10-26,0.0,0.0,19.409999999999943,124.84999999999998,0.0,0,Satara,Maharashtra
2022-10-27,0.0,0.0,18.059999999999945,109.54999999999997,0.0,0,Satara,Maharashtra
2022-10-28,0.0,0.0,2.6399999999999433,93.40999999999997,0.0,0,Satara,Maharashtra
2022-10-29,0.0,0.0,0.03999999999994316,70.25999999999998,0.0,0,Satara,Maharashtra
2022-10-30,0.0,0.0,0.0,67.05999999999997,0.0,0,Satara,Maharashtra
2022-10-31,0.0,0.0,0.0,65.48999999999998,0.0,0,Satara,Maharashtra
2022-11-01,0.0,0.0,0.0,49.99999999999997,0.0,0,Satara,Maharashtra
2022-11-02,0.0,0.0,0.0,21.369999999999973,0.0,0,Satara,Maharashtra
2022-11-03,0.0,0.0,0.0,19.40999999999997,0.0,0,Satara,Maharashtra
2022-11-04,0.0,0.0,0.0,18.059999999999974,0.0,0,Satara,Maharashtra
2022-11-05,0.0,0.0,0.0,2.6399999999999717,0.0,0,Satara,Maharashtra
2022-11-06,0.0,0.0,0.0,0.03999999999997158,0.0,0,Satara,Maharashtra
2022-11-07,0.0,0.0,0.0,0.0,0.0,0,Satara,Maharashtra
2022-11-08,0.0,0.0,0.0,0.0,0.0,0,Satara,Maharashtra
2022-11-09,0.0,0.0,0.0,0.0,0.0,0,Satara,Maharashtra
2022-11-10,0.0,0.0,0.0,0.0,0.0,0,Satara,Maharashtra
2022-11-11,0.0,0.0,0.0,0.0,0.0,0,Satara,Maharashtra
2022-11-12,0.0,0.0,0.0,0.0,0.0,0,Satara,Maharashtra
2022-11-13,0.0,0.0,0.0,0.0,0.0,0,Satara,Maharashtra
2022-11-14,0.0,0.0,0.0,0.0,0.0,0,Satara,Maharashtra
2022-11-15,0.0,0.0,0.0,0.0,0.0,0,Satara,Maharashtra
2022-11-16,0.0,0.0,0.0,0.0,0.0,0,Satara,Maharashtra
2022-11-17,0.0,0.0,0.0,0.0,0.0,0,Satara,Maharashtra
2022-11-18,0.0,0.0,0.0,0.0,0.0,0,Satara,Maharashtra
2022-11-19,0.0,0.0,0.0,0.0,0.0,0,Satara,Maharashtra
2022-11-20,0.0,0.0,0.0,0.0,0.0,0,Satara,Maharashtra
2022-11-21,0.0,0.0,0.0,0.0,0.0,0,Satara,Maharashtra
2022-11-22,0.0,0.0,0.0,0.0,0.0,0,Satara,Maharashtra
2022-11-23,0.0,0.0,0.0,0.0,0.0,0,Satara,Maharashtra
2022-11-24,0.07,0.07000000000006751,0.06999999999994316,0.06999999999997158,0.07,0,Satara,Maharashtra
2022-11-25,0.37,0.4400000000000675,0.43999999999994316,0.4399999999999716,0.37,0,Satara,Maharashtra
2022-11-26,0.44,0.8800000000000675,0.8799999999999432,0.8799999999999716,0.44,0,Satara,Maharashtra
2022-11-27,0.01,0.8200000000000676,0.8899999999999432,0.8899999999999716,0.44,0,Satara,Maharashtra
2022-11-28,0.0,0.4500000000000675,0.8899999999999432,0.8899999999999716,0.44,0,Satara,Maharashtra
2022-11-29,0.0,0.010000000000067502,0.8899999999999432,0.8899999999999716,0.01,0,Satara,Maharashtra
2022-11-30,0.0,0.0,0.8899999999999432,0.8899999999999716,0.0,0,Satara,Maharashtra
2022-12-01,0.0,0.0,0.8199999999999432,0.8899999999999716,0.0,0,Satara,Maharashtra
2022-12-02,0.0,0.0,0.44999999999994317,0.8899999999999716,0.0,0,Satara,Maharashtra
2022-12-03,0.0,0.0,0.009999999999943157,0.8899999999999716,0.0,0,Satara,Maharashtra
2022-12-04,0.0,0.0,0.0,0.8899999999999716,0.0,0,Satara,Maharashtra
2022-12-05,0.0,0.0,0.0,0.8899999999999716,0.0,0,Satara,Maharashtra
2022-12-06,0.0,0.0,0.0,0.8899999999999716,0.0,0,Satara,Maharashtra
2022-12-07,0.0,0.0,0.0,0.8899999999999716,0.0,0,Satara,Maharashtra
2022-12-08,0.0,0.0,0.0,0.8899999999999716,0.0,0,Satara,Maharashtra
2022-12-09,0.0,0.0,0.0,0.8199999999999716,0.0,0,Satara,Maharashtra
2022-12-10,0.0,0.0,0.0,0.4499999999999716,0.0,0,Satara,Maharashtra
2022-12-11,0.13,0.1300000000000675,0.12999999999994316,0.1399999999999716,0.13,0,Satara,Maharashtra
2022-12-12,0.14,0.2700000000000675,0.2699999999999432,0.2699999999999716,0.14,0,Satara,Maharashtra
2022-12-13,0.04,0.3100000000000675,0.30999999999994315,0.3099999999999716,0.14,0,Satara,Maharashtra
2022-12-14,1.01,1.1900000000000674,1.3199999999999432,1.3199999999999716,1.01,0,Satara,Maharashtra
2022-12-15,0.09,1.1400000000000674,1.4099999999999433,1.4099999999999717,1.01,0,Satara,Maharashtra
2022-12-16,0.03,1.1300000000000674,1.439999999999943,1.4399999999999715,1.01,0,Satara,Maharashtra
2022-12-17,0.0,0.1200000000000675,1.439999999999943,1.4399999999999715,0.09,0,Satara,Maharashtra
2022-12-18,0.0,0.0300000000000675,1.3099999999999432,1.4399999999999715,0.03,0,Satara,Maharashtra
2022-12-19,0.0,0.0,1.169999999999943,1.4399999999999715,0.0,0,Satara,Maharashtra
2022-12-20,0.0,0.0,1.129999999999943,1.4399999999999715,0.0,0,Satara,Maharashtra
2022-12-21,0.0,0.0,0.11999999999994315,1.4399999999999715,0.0,0,Satara,Maharashtra
2022-12-22,0.0,0.0,0.029999999999943155,1.4399999999999715,0.0,0,Satara,Maharashtra
2022-12-23,0.0,0.0,0.0,1.4399999999999715,0.0,0,Satara,Maharashtra
2022-12-24,0.0,0.0,0.0,1.4399999999999715,0.0,0,Satara,Maharashtra
2022-12-25,0.0,0.0,0.0,1.4399999999999715,0.0,0,Satara,Maharashtra
2022-12-26,0.0,0.0,0.0,1.3099999999999716,0.0,0,Satara,Maharashtra
2022-12-27,0.0,0.0,0.0,1.1699999999999715,0.0,0,Satara,Maharashtra
2022-12-28,0.0,0.0,0.0,1.1299999999999715,0.0,0,Satara,Maharashtra
2022-12-29,0.0,0.0,0.0,0.11999999999997157,0.0,0,Satara,Maharashtra
2022-12-30,0.0,0.0,0.0,0.029999999999971577,0.0,0,Satara,Maharashtra
2022-12-31,0.0,0.0,0.0,0.0,0.0,0,Satara,Maharashtra
2023-01-01,0.0,0.0,0.0,0.0,0.0,0,Satara,Maharashtra
2023-01-02,0.0,0.0,0.0,0.0,0.0,0,Satara,Maharashtra
2023-01-03,0.0,0.0,0.0,0.0,0.0,0,Satara,Maharashtra
2023-01-04,0.0,0.0,0.0,0.0,0.0,0,Satara,Maharashtra
2023-01-05,0.0,0.0,0.0,0.0,0.0,0,Satara,Maharashtra
2023-01-06,0.0,0.0,0.0,0.0,0.0,0,Satara,Maharashtra
2023-01-07,0.0,0.0,0.0,0.0,0.0,0,Satara,Maharashtra
2023-01-08,0.0,0.0,0.0,0.0,0.0,0,Satara,Maharashtra
2023-01-09,0.0,0.0,0.0,0.0,0.0,0,Satara,Maharashtra
2023-01-10,0.0,0.0,0.0,0.0,0.0,0,Satara,Maharashtra
2023-01-11,0.0,0.0,0.0,0.0,0.0,0,Satara,Maharashtra
2023-01-12,0.0,0.0,0.0,0.0,0.0,0,Satara,Maharashtra
2023-01-13,0.0,0.0,0.0,0.0,0.0,0,Satara,Maharashtra
2023-01-14,0.0,0.0,0.0,0.0,0.0,0,Satara,Maharashtra
2023-01-15,0.0,0.0,0.0,0.0,0.0,0,Satara,Maharashtra
2023-01-16,0.0,0.0,0.0,0.0,0.0,0,Satara,Maharashtra
2023-01-17,0.0,0.0,0.0,0.0,0.0,0,Satara,Maharashtra
2023-01-18,0.0,0.0,0.0,0.0,0.0,0,Satara,Maharashtra
2023-01-19,0.0,0.0,0.0,0.0,0.0,0,Satara,Maharashtra
2023-01-20,0.0,0.0,0.0,0.0,0.0,0,Satara,Maharashtra
2023-01-21,0.0,0.0,0.0,0.0,0.0,0,Satara,Maharashtra
2023-01-22,0.0,0.0,0.0,0.0,0.0,0,Satara,Maharashtra
2023-01-23,0.0,0.0,0.0,0.0,0.0,0,Satara,Maharashtra
2023-01-24,0.0,0.0,0.0,0.0,0.0,0,Satara,Maharashtra
2023-01-25,0.0,0.0,0.0,0.0,0.0,0,Satara,Maharashtra
2023-01-26,0.01,0.010000000000067502,0.009999999999943157,0.009999999999971578,0.01,0,Satara,Maharashtra
2023-01-27,0.0,0.010000000000067502,0.009999999999943157,0.009999999999971578,0.01,0,Satara,Maharashtra
2023-01-28,0.0,0.010000000000067502,0.009999999999943157,0.009999999999971578,0.01,0,Satara,Maharashtra
2023-01-29,0.0,0.0,0.009999999999943157,0.009999999999971578,0.0,0,Satara,Maharashtra
2023-01-30,0.0,0.0,0.009999999999943157,0.009999999999971578,0.0,0,Satara,Maharashtra
2023-01-31,0.0,0.0,0.009999999999943157,0.009999999999971578,0.0,0,Satara,Maharashtra
2023-02-01,0.0,0.0,0.009999999999943157,0.009999999999971578,0.0,0,Satara,Maharashtra
2023-02-02,0.0,0.0,0.0,0.009999999999971578,0.0,0,Satara,Maharashtra
2023-02-03,0.0,0.0,0.0,0.009999999999971578,0.0,0,Satara,Maharashtra
2023-02-04,0.0,0.0,0.0,0.009999999999971578,0.0,0,Satara,Maharashtra
2023-02-05,0.0,0.0,0.0,0.009999999999971578,0.0,0,Satara,Maharashtra
2023-02-06,0.0,0.0,0.0,0.009999999999971578,0.0,0,Satara,Maharashtra
2023-02-07,0.0,0.0,0.0,0.009999999999971578,0.0,0,Satara,Maharashtra
2023-02-08,0.0,0.0,0.0,0.009999999999971578,0.0,0,Satara,Maharashtra
2023-02-09,0.0,0.0,0.0,0.009999999999971578,0.0,0,Satara,Maharashtra
2023-02-10,0.0,0.0,0.0,0.0,0.0,0,Satara,Maharashtra
2023-02-11,0.0,0.0,0.0,0.0,0.0,0,Satara,Maharashtra
2023-02-12,0.0,0.0,0.0,0.0,0.0,0,Satara,Maharashtra
2023-02-13,0.0,0.0,0.0,0.0,0.0,0,Satara,Maharashtra
2023-02-14,0.0,0.0,0.0,0.0,0.0,0,Satara,Maharashtra
2023-02-15,0.0,0.0,0.0,0.0,0.0,0,Satara,Maharashtra
2023-02-16,0.0,0.0,0.0,0.0,0.0,0,Satara,Maharashtra
2023-02-17,0.0,0.0,0.0,0.0,0.0,0,Satara,Maharashtra
2023-02-18,0.0,0.0,0.0,0.0,0.0,0,Satara,Maharashtra
2023-02-19,0.0,0.0,0.0,0.0,0.0,0,Satara,Maharashtra
2023-02-20,0.0,0.0,0.0,0.0,0.0,0,Satara,Maharashtra
2023-02-21,0.0,0.0,0.0,0.0,0.0,0,Satara,Maharashtra
2023-02-22,0.0,0.0,0.0,0.0,0.0,0,Satara,Maharashtra
2023-02-23,0.0,0.0,0.0,0.0,0.0,0,Satara,Maharashtra
2023-02-24,0.0,0.0,0.0,0.0,0.0,0,Satara,Maharashtra
2023-02-25,0.0,0.0,0.0,0.0,0.0,0,Satara,Maharashtra
2023-02-26,0.0,0.0,0.0,0.0,0.0,0,Satara,Maharashtra
2023-02-27,0.0,0.0,0.0,0.0,0.0,0,Satara,Maharashtra
2023-02-28,0.0,0.0,0.0,0.0,0.0,0,Satara,Maharashtra
2023-03-01,0.0,0.0,0.0,0.0,0.0,0,Satara,Maharashtra
2023-03-02,0.0,0.0,0.0,0.0,0.0,0,Satara,Maharashtra
2023-03-03,0.0,0.0,0.0,0.0,0.0,0,Satara,Maharashtra
2023-03-04,0.0,0.0,0.0,0.0,0.0,0,Satara,Maharashtra
2023-03-05,0.01,0.010000000000067502,0.009999999999943157,0.009999999999971578,0.01,0,Satara,Maharashtra
2023-03-06,0.45,0.4600000000000675,0.4599999999999432,0.4599999999999716,0.45,0,Satara,Maharashtra
2023-03-07,0.16,0.6200000000000675,0.6199999999999432,0.6199999999999716,0.45,0,Satara,Maharashtra
2023-03-08,0.0,0.6100000000000675,0.6199999999999432,0.6199999999999716,0.45,0,Satara,Maharashtra
2023-03-09,0.0,0.1600000000000675,0.6199999999999432,0.6199999999999716,0.16,0,Satara,Maharashtra
2023-03-10,0.0,0.0,0.6199999999999432,0.6199999999999716,0.0,0,Satara,Maharashtra
2023-03-11,0.0,0.0,0.6199999999999432,0.6199999999999716,0.0,0,Satara,Maharashtra
2023-03-12,0.0,0.0,0.6099999999999431,0.6199999999999716,0.0,0,Satara,Maharashtra
2023-03-13,0.0,0.0,0.15999999999994316,0.6199999999999716,0.0,0,Satara,Maharashtra
2023-03-14,0.02,0.020000000000067502,0.019999999999943157,0.6399999999999716,0.02,0,Satara,Maharashtra
2023-03-15,1.19,1.2100000000000675,1.2099999999999431,1.8299999999999716,1.19,0,Satara,Maharashtra
2023-03-16,3.02,4.230000000000068,4.229999999999944,4.849999999999971,3.02,0,Satara,Maharashtra
2023-03-17,0.84,5.050000000000068,5.069999999999943,5.689999999999972,3.02,0,Satara,Maharashtra
2023-03-18,0.31,4.170000000000067,5.379999999999943,5.999999999999972,3.02,0,Satara,Maharashtra
2023-03-19,0.06,1.2100000000000675,5.439999999999943,6.059999999999972,0.84,0,Satara,Maharashtra
2023-03-20,0.01,0.3800000000000675,5.449999999999943,6.059999999999972,0.31,0,Satara,Maharashtra
2023-03-21,0.17,0.24000000000006752,5.599999999999944,5.779999999999972,0.17,0,Satara,Maharashtra
2023-03-22,0.01,0.19000000000006753,4.419999999999943,5.6299999999999715,0.17,0,Satara,Maharashtra
2023-03-23,0.0,0.18000000000006752,1.399999999999943,5.6299999999999715,0.17,0,Satara,Maharashtra
2023-03-24,0.0,0.010000000000067502,0.5599999999999432,5.6299999999999715,0.01,0,Satara,Maharashtra
2023-03-25,0.0,0.0,0.24999999999994318,5.6299999999999715,0.0,0,Satara,Maharashtra
2023-03-26,0.0,0.0,0.1899999999999432,5.6299999999999715,0.0,0,Satara,Maharashtra
2023-03-27,0.0,0.0,0.17999999999994318,5.6299999999999715,0.0,0,Satara,Maharashtra
2023-03-28,0.0,0.0,0.009999999999943157,5.6299999999999715,0.0,0,Satara,Maharashtra
2023-03-29,0.0,0.0,0.0,5.609999999999972,0.0,0,Satara,Maharashtra
2023-03-30,0.0,0.0,0.0,4.4199999999999715,0.0,0,Satara,Maharashtra
2023-03-31,0.0,0.0,0.0,1.3999999999999715,0.0,0,Satara,Maharashtra
2023-04-01,0.0,0.0,0.0,0.5599999999999716,0.0,0,Satara,Maharashtra
2023-04-02,0.0,0.0,0.0,0.2499999999999716,0.0,0,Satara,Maharashtra
2023-04-03,0.0,0.0,0.0,0.1899999999999716,0.0,0,Satara,Maharashtra
2023-04-04,0.0,0.0,0.0,0.1799999999999716,0.0,0,Satara,Maharashtra
2023-04-05,0.22,0.2200000000000675,0.21999999999994316,0.2299999999999716,0.22,0,Satara,Maharashtra
2023-04-06,0.2,0.42000000000006754,0.4199999999999432,0.4199999999999716,0.22,0,Satara,Maharashtra
2023-04-07,3.59,4.010000000000067,4.009999999999943,4.009999999999971,3.59,0,Satara,Maharashtra
2023-04-08,1.39,5.180000000000067,5.399999999999943,5.399999999999971,3.59,0,Satara,Maharashtra
2023-04-09,0.38,5.360000000000067,5.7799999999999425,5.779999999999971,3.59,0,Satara,Maharashtra
2023-04-10,0.07,1.8400000000000674,5.849999999999943,5.849999999999971,1.39,0,Satara,Maharashtra
2023-04-11,0.0,0.4500000000000675,5.849999999999943,5.849999999999971,0.38,0,Satara,Maharashtra
2023-04-12,0.0,0.07000000000006751,5.629999999999943,5.849999999999971,0.07,0,Satara,Maharashtra
2023-04-13,0.07,0.07000000000006751,5.499999999999943,5.9199999999999715,0.07,0,Satara,Maharashtra
2023-04-14,3.6,3.6700000000000674,5.509999999999943,9.519999999999971,3.6,0,Satara,Maharashtra
2023-04-15,3.41,7.080000000000068,7.529999999999943,12.929999999999971,3.6,0,Satara,Maharashtra
2023-04-16,3.26,10.270000000000067,10.409999999999943,16.18999999999997,3.6,0,Satara,Maharashtra
2023-04-17,0.08,6.7500000000000675,10.419999999999943,16.26999999999997,3.41,0,Satara,Maharashtra
2023-04-18,0.04,3.3800000000000674,10.459999999999942,16.30999999999997,3.26,0,Satara,Maharashtra
2023-04-19,0.38,0.5000000000000675,10.839999999999943,16.68999999999997,0.38,0,Satara,Maharashtra
2023-04-20,2.35,2.7700000000000675,13.119999999999942,18.819999999999972,2.35,0,Satara,Maharashtra
2023-04-21,0.01,2.7400000000000673,9.529999999999943,18.62999999999997,2.35,0,Satara,Maharashtra
2023-04-22,0.0,2.3600000000000674,6.119999999999943,15.03999999999997,2.35,0,Satara,Maharashtra
2023-04-23,0.0,0.010000000000067502,2.859999999999943,13.64999999999997,0.01,0,Satara,Maharashtra
2023-04-24,0.0,0.0,2.779999999999943,13.269999999999971,0.0,0,Satara,Maharashtra
2023-04-25,0.0,0.0,2.739999999999943,13.19999999999997,0.0,0,Satara,Maharashtra
2023-04-26,0.05,0.050000000000067504,2.4099999999999433,13.249999999999972,0.05,0,Satara,Maharashtra
2023-04-27,0.6,0.6500000000000675,0.6599999999999432,13.849999999999971,0.6,0,Satara,Maharashtra
2023-04-28,1.1,1.7500000000000675,1.7499999999999432,14.87999999999997,1.1,0,Satara,Maharashtra
2023-04-29,1.12,2.820000000000068,2.8699999999999433,12.399999999999972,1.12,0,Satara,Maharashtra
2023-04-30,0.0,2.2200000000000673,2.8699999999999433,8.989999999999972,1.12,0,Satara,Maharashtra
2023-05-01,0.0,1.1200000000000674,2.8699999999999433,5.729999999999972,1.12,0,Satara,Maharashtra
2023-05-02,0.01,0.01000000000006728,2.879999999999943,5.659999999999972,0.01,0,Satara,Maharashtra
2023-05-03,0.15,0.16000000000006728,2.9799999999999436,5.769999999999972,0.15,0,Satara,Maharashtra
2023-05-04,0.01,0.1700000000000673,2.3899999999999433,5.399999999999972,0.15,0,Satara,Maharashtra
2023-05-05,0.0,0.16000000000006728,1.2899999999999432,3.049999999999972,0.15,0,Satara,Maharashtra
2023-05-06,0.01,0.02000000000006728,0.17999999999994315,3.0499999999999723,0.01,0,Satara,Maharashtra
2023-05-07,2.43,2.4400000000000674,2.6099999999999435,5.479999999999972,2.43,0,Satara,Maharashtra
2023-05-08,4.39,6.830000000000068,6.999999999999943,9.869999999999973,4.39,0,Satara,Maharashtra
2023-05-09,3.85,10.670000000000067,10.839999999999943,13.719999999999972,4.39,0,Satara,Maharashtra
2023-05-10,1.96,10.200000000000067,12.649999999999944,15.679999999999973,4.39,0,Satara,Maharashtra
2023-05-11,0.06,5.870000000000067,12.699999999999942,15.689999999999971,3.85,0,Satara,Maharashtra
2023-05-12,0.1,2.1200000000000667,12.799999999999944,15.189999999999973,1.96,0,Satara,Maharashtra
2023-05-13,0.07,0.23000000000006662,12.859999999999944,14.159999999999973,0.1,0,Satara,Maharashtra
2023-05-14,0.01,0.18000000000006663,10.439999999999943,13.049999999999972,0.1,0,Satara,Maharashtra
2023-05-15,0.0,0.08000000000006662,6.049999999999943,13.049999999999972,0.07,0,Satara,Maharashtra
2023-05-16,0.0,0.010000000000066614,2.1999999999999433,13.049999999999972,0.01,0,Satara,Maharashtra
2023-05-17,0.0,0.0,0.23999999999994318,13.039999999999973,0.0,0,Satara,Maharashtra
2023-05-18,0.0,0.0,0.17999999999994318,12.889999999999972,0.0,0,Satara,Maharashtra
2023-05-19,0.0,0.0,0.07999999999994316,12.879999999999972,0.0,0,Satara,Maharashtra
2023-05-20,0.0,0.0,0.009999999999943157,12.879999999999972,0.0,0,Satara,Maharashtra
2023-05-21,0.11,0.11000000000006661,0.10999999999994316,12.979999999999972,0.11,0,Satara,Maharashtra
2023-05-22,1.64,1.7500000000000666,1.7499999999999432,12.189999999999973,1.64,0,Satara,Maharashtra
2023-05-23,0.14,1.8900000000000667,1.8899999999999433,7.939999999999972,1.64,0,Satara,Maharashtra
2023-05-24,0.02,1.8000000000000664,1.909999999999943,4.109999999999971,1.64,0,Satara,Maharashtra
2023-05-25,0.16,0.3200000000000666,2.069999999999943,2.3099999999999716,0.16,0,Satara,Maharashtra
2023-05-26,0.8,0.9800000000000666,2.8699999999999433,3.0499999999999714,0.8,0,Satara,Maharashtra
2023-05-27,0.09,1.0500000000000667,2.959999999999943,3.0399999999999716,0.8,0,Satara,Maharashtra
2023-05-28,0.66,1.5500000000000667,3.5099999999999434,3.6299999999999715,0.8,0,Satara,Maharashtra
2023-05-29,3.25,4.000000000000067,5.119999999999943,6.869999999999971,3.25,0,Satara,Maharashtra
2023-05-30,2.56,6.470000000000066,7.539999999999944,9.429999999999971,3.25,0,Satara,Maharashtra
2023-05-31,0.98,6.790000000000067,8.499999999999943,10.409999999999972,3.25,0,Satara,Maharashtra
2023-06-01,3.05,6.5900000000000665,11.389999999999944,13.45999999999997,3.05,1,Satara,Maharashtra
2023-06-02,0.66,4.690000000000067,11.249999999999941,14.11999999999997,3.05,1,Satara,Maharashtra
2023-06-03,0.67,4.3800000000000665,11.829999999999941,14.78999999999997,3.05,1,Satara,Maharashtra
2023-06-04,2.31,3.6400000000000667,13.479999999999942,17.099999999999973,2.31,1,Satara,Maharashtra
2023-06-05,3.53,6.510000000000066,13.759999999999945,20.51999999999997,3.53,1,Satara,Maharashtra
2023-06-06,0.13,5.970000000000066,11.329999999999943,19.00999999999997,3.53,1,Satara,Maharashtra
2023-06-07,0.2,3.8600000000000665,10.549999999999942,19.069999999999972,3.53,1,Satara,Maharashtra
2023-06-08,1.04,1.3700000000000667,8.539999999999942,20.08999999999997,1.04,1,Satara,Maharashtra
2023-06-09,2.27,3.510000000000067,10.149999999999944,22.19999999999997,2.27,1,Satara,Maharashtra
2023-06-10,3.98,7.290000000000067,13.459999999999944,25.37999999999997,3.98,1,Satara,Maharashtra
2023-06-11,1.03,7.280000000000067,12.179999999999943,26.319999999999972,3.98,1,Satara,Maharashtra
2023-06-12,3.86,8.870000000000067,12.509999999999943,29.51999999999997,3.98,1,Satara,Maharashtra
2023-06-13,2.97,7.860000000000067,15.349999999999943,29.23999999999997,3.86,1,Satara,Maharashtra
2023-06-14,7.75,14.580000000000066,22.89999999999994,34.42999999999997,7.75,1,Satara,Maharashtra
2023-06-15,1.96,12.680000000000067,23.819999999999943,35.409999999999975,7.75,1,Satara,Maharashtra
2023-06-16,1.45,11.160000000000066,22.999999999999943,33.80999999999997,7.75,1,Satara,Maharashtra
2023-06-17,1.11,4.520000000000067,20.129999999999946,34.25999999999998,1.96,1,Satara,Maharashtra
2023-06-18,0.83,3.3900000000000667,19.929999999999943,34.41999999999997,1.45,1,Satara,Maharashtra
2023-06-19,0.27,2.2100000000000666,16.339999999999943,32.37999999999997,1.11,1,Satara,Maharashtra
2023-06-20,0.47,1.5700000000000665,13.839999999999943,29.319999999999972,0.83,1,Satara,Maharashtra
2023-06-21,1.73,2.4700000000000664,7.819999999999943,30.91999999999997,1.73,1,Satara,Maharashtra
2023-06-22,3.4,5.600000000000066,9.259999999999943,34.11999999999997,3.4,1,Satara,Maharashtra
2023-06-23,2.09,7.220000000000066,9.899999999999942,35.16999999999997,3.4,1,Satara,Maharashtra
2023-06-24,42.1,47.59000000000007,50.889999999999944,74.99999999999997,42.1,1,Satara,Maharashtra
2023-06-25,36.68,80.87000000000006,86.73999999999995,107.69999999999999,42.1,1,Satara,Maharashtra
2023-06-26,66.23,145.01000000000008,152.69999999999993,172.89999999999998,66.23,1,Satara,Maharashtra
2023-06-27,45.23,148.14000000000007,197.45999999999995,214.26999999999995,66.23,1,Satara,Maharashtra
2023-06-28,28.48,139.94000000000008,224.20999999999992,239.77999999999997,66.23,1,Satara,Maharashtra
2023-06-29,19.08,92.79000000000006,239.88999999999996,251.10999999999996,45.23,1,Satara,Maharashtra
2023-06-30,42.48,90.04000000000008,280.28,291.63,42.48,1,Satara,Maharashtra
2023-07-01,28.9,90.46000000000006,267.0799999999999,319.08,42.48,1,Satara,Maharashtra
2023-07-02,21.68,93.06000000000006,252.07999999999993,339.65,42.48,1,Satara,Maharashtra
2023-07-03,28.05,78.63000000000008,213.89999999999992,366.87,28.9,1,Satara,Maharashtra
2023-07-04,20.83,70.56000000000007,189.49999999999994,387.42999999999995,28.05,1,Satara,Maharashtra
2023-07-05,16.67,65.55000000000008,177.6899999999999,403.63,28.05,1,Satara,Maharashtra
2023-07-06,52.51,90.01000000000008,211.11999999999995,454.40999999999997,52.51,1,Satara,Maharashtra
2023-07-07,45.37,114.55000000000007,214.0099999999999,496.38,52.51,1,Satara,Maharashtra
2023-07-08,24.18,122.06000000000007,209.28999999999994,518.4699999999999,52.51,1,Satara,Maharashtra
2023-07-09,7.31,76.86000000000007,194.91999999999993,483.67999999999995,45.37,1,Satara,Maharashtra
2023-07-10,5.01,36.50000000000007,171.8799999999999,452.01,24.18,1,Satara,Maharashtra
2023-07-11,3.85,16.17000000000007,154.89999999999992,389.62999999999994,7.31,1,Satara,Maharashtra
2023-07-12,5.38,14.240000000000071,143.60999999999993,349.78,5.38,1,Satara,Maharashtra
2023-07-13,13.78,23.01000000000007,104.87999999999992,335.08,13.78,1,Satara,Maharashtra
2023-07-14,23.55,42.71000000000007,83.05999999999993,339.54999999999995,23.55,1,Satara,Maharashtra
2023-07-15,9.31,46.64000000000007,68.18999999999993,306.38,23.55,1,Satara,Maharashtra
2023-07-16,14.7,47.56000000000007,75.57999999999993,292.17999999999995,23.55,1,Satara,Maharashtra
2023-07-17,29.99,54.00000000000007,100.55999999999993,300.49,29.99,1,Satara,Maharashtra
2023-07-18,73.34,118.03000000000007,170.04999999999993,345.78,73.34,1,Satara,Maharashtra
2023-07-19,84.39,187.72000000000008,249.05999999999995,409.3399999999999,84.39,1,Satara,Maharashtra
2023-07-20,55.13,212.86000000000007,290.4099999999999,447.8,84.39,1,Satara,Maharashtra
2023-07-21,41.06,180.5800000000001,307.9199999999999,436.34999999999997,84.39,1,Satara,Maharashtra
2023-07-22,38.57,134.76000000000008,337.17999999999995,429.55,55.13,1,Satara,Maharashtra
2023-07-23,51.43,131.0600000000001,373.9099999999999,456.8,51.43,1,Satara,Maharashtra
2023-07-24,48.61,138.61000000000007,392.5299999999999,498.09999999999997,51.43,1,Satara,Maharashtra
2023-07-25,47.38,147.42000000000007,366.56999999999994,540.47,51.43,1,Satara,Maharashtra
2023-07-26,70.68,166.67000000000007,352.85999999999996,607.3,70.68,1,Satara,Maharashtra
2023-07-27,56.66,174.72000000000008,354.38999999999993,658.5799999999999,70.68,1,Satara,Maharashtra
2023-07-28,36.58,163.92000000000007,349.9099999999999,681.38,70.68,1,Satara,Maharashtra
2023-07-29,16.08,109.32000000000006,327.4199999999999,673.91,56.66,1,Satara,Maharashtra
2023-07-30,16.75,69.41000000000007,292.7399999999999,681.35,36.58,1,Satara,Maharashtra
2023-07-31,24.43,57.26000000000007,268.55999999999995,691.0799999999999,24.43,1,Satara,Maharashtra
2023-08-01,22.85,64.03000000000007,244.02999999999992,683.9399999999999,24.43,1,Satara,Maharashtra
2023-08-02,7.94,55.22000000000007,181.28999999999994,618.5400000000001,24.43,1,Satara,Maharashtra
2023-08-03,9.57,40.36000000000007,134.19999999999993,543.72,22.85,1,Satara,Maharashtra
2023-08-04,10.9,28.410000000000075,108.51999999999992,499.49,10.9,1,Satara,Maharashtra
2023-08-05,8.9,29.370000000000072,101.33999999999993,467.33,10.9,1,Satara,Maharashtra
2023-08-06,9.37,29.170000000000073,93.95999999999994,438.13,10.9,1,Satara,Maharashtra
2023-08-07,4.66,22.93000000000007,74.18999999999994,391.35999999999996,9.37,1,Satara,Maharashtra
2023-08-08,5.52,19.550000000000068,56.85999999999993,348.27,9.37,1,Satara,Maharashtra
2023-08-09,7.13,17.31000000000007,56.04999999999993,308.02,7.13,1,Satara,Maharashtra
2023-08-10,3.87,16.52000000000007,50.34999999999993,241.20999999999998,7.13,1,Satara,Maharashtra
2023-08-11,2.08,13.080000000000071,41.52999999999993,186.62999999999997,7.13,1,Satara,Maharashtra
2023-08-12,4.02,9.97000000000007,36.64999999999993,154.06999999999996,4.02,1,Satara,Maharashtra
2023-08-13,6.39,12.49000000000007,33.66999999999993,144.37999999999997,6.39,1,Satara,Maharashtra
2023-08-14,4.08,14.49000000000007,33.089999999999925,131.70999999999998,6.39,1,Satara,Maharashtra
2023-08-15,3.07,13.54000000000007,30.63999999999993,110.34999999999997,6.39,1,Satara,Maharashtra
2023-08-16,4.3,11.45000000000007,27.809999999999928,91.79999999999997,4.3,1,Satara,Maharashtra
2023-08-17,5.39,12.76000000000007,29.329999999999927,89.24999999999997,5.39,1,Satara,Maharashtra
2023-08-18,5.08,14.77000000000007,32.32999999999993,84.75999999999996,5.39,1,Satara,Maharashtra
2023-08-19,8.39,18.86000000000007,36.69999999999993,82.24999999999997,8.39,1,Satara,Maharashtra
2023-08-20,8.38,21.850000000000072,38.68999999999993,81.72999999999998,8.39,1,Satara,Maharashtra
2023-08-21,3.98,20.750000000000075,38.58999999999993,76.33999999999996,8.39,1,Satara,Maharashtra
2023-08-22,2.2,14.560000000000073,37.71999999999993,73.87999999999997,8.38,1,Satara,Maharashtra
2023-08-23,2.72,8.900000000000073,36.13999999999993,71.07999999999997,3.98,1,Satara,Maharashtra
2023-08-24,11.33,16.25000000000007,42.07999999999993,75.27999999999997,11.33,1,Satara,Maharashtra
2023-08-25,12.17,26.220000000000073,49.16999999999993,83.57999999999997,12.17,1,Satara,Maharashtra
2023-08-26,8.29,31.79000000000007,49.06999999999993,89.78999999999996,12.17,1,Satara,Maharashtra
2023-08-27,8.21,28.670000000000073,48.89999999999993,93.97999999999998,12.17,1,Satara,Maharashtra
2023-08-28,14.43,30.93000000000007,59.34999999999993,102.01999999999997,14.43,1,Satara,Maharashtra
2023-08-29,5.44,28.080000000000073,62.589999999999925,103.37999999999997,14.43,1,Satara,Maharashtra
2023-08-30,0.52,20.390000000000075,60.38999999999993,100.82999999999997,14.43,1,Satara,Maharashtra
2023-08-31,2.85,8.810000000000073,51.90999999999993,99.37999999999997,5.44,1,Satara,Maharashtra
2023-09-01,4.96,8.330000000000073,44.69999999999993,98.94999999999997,4.96,1,Satara,Maharashtra
2023-09-02,7.17,14.980000000000073,43.57999999999993,101.03999999999996,7.17,1,Satara,Maharashtra
2023-09-03,3.06,15.190000000000074,38.42999999999993,95.70999999999997,7.17,1,Satara,Maharashtra
2023-09-04,2.9,13.130000000000074,26.899999999999928,90.22999999999998,7.17,1,Satara,Maharashtra
2023-09-05,0.29,6.250000000000073,21.74999999999993,86.53999999999996,3.06,1,Satara,Maharashtra
2023-09-06,0.78,3.9700000000000726,22.009999999999927,85.11999999999996,2.9,1,Satara,Maharashtra
2023-09-07,13.14,14.210000000000074,32.299999999999926,95.53999999999996,13.14,1,Satara,Maharashtra
2023-09-08,37.39,51.31000000000007,64.72999999999993,121.59999999999997,37.39,1,Satara,Maharashtra
2023-09-09,28.86,79.39000000000007,86.41999999999993,138.28999999999996,37.39,1,Satara,Maharashtra
2023-09-10,11.67,77.92000000000007,95.02999999999993,141.67,37.39,1,Satara,Maharashtra
2023-09-11,4.74,45.27000000000007,96.86999999999993,138.19999999999996,28.86,1,Satara,Maharashtra
2023-09-12,3.11,19.52000000000007,99.68999999999993,126.87999999999998,11.67,1,Satara,Maharashtra
2023-09-13,3.11,10.960000000000072,102.01999999999992,124.54999999999998,4.74,1,Satara,Maharashtra
2023-09-14,2.03,8.250000000000071,90.90999999999993,126.05999999999997,3.11,1,Satara,Maharashtra
2023-09-15,1.89,7.030000000000071,55.409999999999926,125.09999999999998,3.11,1,Satara,Maharashtra
2023-09-16,4.14,8.06000000000007,30.689999999999927,124.27999999999997,4.14,1,Satara,Maharashtra
2023-09-17,4.88,10.910000000000071,23.899999999999928,121.98999999999998,4.88,1,Satara,Maharashtra
2023-09-18,11.15,20.170000000000073,30.309999999999928,130.07999999999998,11.15,1,Satara,Maharashtra
2023-09-19,12.41,28.44000000000007,39.60999999999993,139.58999999999997,12.41,1,Satara,Maharashtra
2023-09-20,13.87,37.43000000000007,50.369999999999926,153.17,13.87,1,Satara,Maharashtra
2023-09-21,16.25,42.53000000000007,64.58999999999992,168.64,16.25,1,Satara,Maharashtra
2023-09-22,11.89,42.01000000000007,74.58999999999992,167.38999999999996,16.25,1,Satara,Maharashtra
2023-09-23,11.31,39.450000000000074,81.75999999999992,141.30999999999997,16.25,1,Satara,Maharashtra
2023-09-24,5.96,29.16000000000007,82.83999999999993,118.40999999999997,11.89,1,Satara,Maharashtra
2023-09-25,9.92,27.190000000000072,81.60999999999993,116.65999999999998,11.31,1,Satara,Maharashtra
2023-09-26,17.2,33.08000000000007,86.39999999999992,129.11999999999998,17.2,1,Satara,Maharashtra
2023-09-27,22.01,49.130000000000074,94.53999999999992,148.01999999999998,22.01,1,Satara,Maharashtra
2023-09-28,30.32,69.53000000000009,108.60999999999994,175.23,30.32,1,Satara,Maharashtra
2023-09-29,21.52,73.85000000000008,118.23999999999994,194.71999999999997,30.32,1,Satara,Maharashtra
2023-09-30,20.32,72.16000000000007,127.24999999999994,213.14999999999998,30.32,1,Satara,Maharashtra
2023-10-01,49.74,91.58000000000008,171.02999999999992,258.75,49.74,0,Satara,Maharashtra
2023-10-02,3.49,73.55000000000008,164.59999999999994,257.36,49.74,0,Satara,Maharashtra
2023-10-03,0.15,53.38000000000008,147.54999999999993,246.35999999999999,49.74,0,Satara,Maharashtra
2023-10-04,1.19,4.830000000000078,126.72999999999993,235.14,3.49,0,Satara,Maharashtra
2023-10-05,0.17,1.510000000000078,96.57999999999993,221.44,1.19,0,Satara,Maharashtra
2023-10-06,0.0,1.360000000000078,75.05999999999993,205.19,1.19,0,Satara,Maharashtra
2023-10-07,0.01,0.18000000000007818,54.74999999999993,193.30999999999997,0.17,0,Satara,Maharashtra
2023-10-08,0.01,0.02000000000007816,5.019999999999929,182.00999999999996,0.01,0,Satara,Maharashtra
2023-10-09,0.0,0.02000000000007816,1.5299999999999288,176.04999999999998,0.01,0,Satara,Maharashtra
2023-10-10,0.0,0.01000000000007816,1.3799999999999288,166.12999999999997,0.01,0,Satara,Maharashtra
2023-10-11,0.0,0.0,0.18999999999992895,148.92999999999998,0.0,0,Satara,Maharashtra
2023-10-12,0.0,0.0,0.019999999999928946,126.91999999999997,0.0,0,Satara,Maharashtra
2023-10-13,0.0,0.0,0.019999999999928946,96.59999999999997,0.0,0,Satara,Maharashtra
2023-10-14,0.0,0.0,0.009999999999928946,75.07999999999997,0.0,0,Satara,Maharashtra
2023-10-15,0.23,0.23000000000007817,0.22999999999992896,54.989999999999974,0.23,0,Satara,Maharashtra
2023-10-16,0.61,0.8400000000000781,0.8399999999999289,5.859999999999972,0.61,0,Satara,Maharashtra
2023-10-17,1.07,1.9100000000000783,1.909999999999929,3.4399999999999715,1.07,0,Satara,Maharashtra
2023-10-18,0.09,1.7700000000000782,1.999999999999929,3.3799999999999715,1.07,0,Satara,Maharashtra
2023-10-19,0.04,1.2000000000000781,2.039999999999929,2.2299999999999716,1.07,0,Satara,Maharashtra
2023-10-20,0.04,0.17000000000007792,2.079999999999929,2.0999999999999717,0.09,0,Satara,Maharashtra
2023-10-21,0.12,0.20000000000007795,2.1999999999999287,2.2199999999999718,0.12,0,Satara,Maharashtra
2023-10-22,0.02,0.18000000000007793,1.989999999999929,2.2299999999999716,0.12,0,Satara,Maharashtra
2023-10-23,0.0,0.14000000000007795,1.3799999999999288,2.2199999999999718,0.12,0,Satara,Maharashtra
2023-10-24,0.0,0.020000000000077938,0.30999999999992894,2.2199999999999718,0.02,0,Satara,Maharashtra
2023-10-25,0.0,0.0,0.21999999999992895,2.2199999999999718,0.0,0,Satara,Maharashtra
2023-10-26,0.0,0.0,0.17999999999992894,2.2199999999999718,0.0,0,Satara,Maharashtra
2023-10-27,0.0,0.0,0.13999999999992896,2.2199999999999718,0.0,0,Satara,Maharashtra
2023-10-28,0.0,0.0,0.019999999999928946,2.2199999999999718,0.0,0,Satara,Maharashtra
2023-10-29,0.0,0.0,0.0,2.2199999999999718,0.0,0,Satara,Maharashtra
2023-10-30,0.01,0.010000000000077938,0.009999999999928946,1.9999999999999718,0.01,0,Satara,Maharashtra
2023-10-31,0.02,0.030000000000077937,0.029999999999928945,1.4099999999999717,0.02,0,Satara,Maharashtra
2023-11-01,0.0,0.03000000000007794,0.029999999999928948,0.33999999999997155,0.02,0,Satara,Maharashtra
2023-11-02,0.0,0.02000000000007794,0.029999999999928948,0.24999999999997158,0.02,0,Satara,Maharashtra
2023-11-03,0.0,0.0,0.029999999999928948,0.20999999999997157,0.0,0,Satara,Maharashtra
2023-11-04,0.02,0.020000000000077938,0.04999999999992895,0.18999999999997155,0.02,0,Satara,Maharashtra
2023-11-05,0.04,0.060000000000077935,0.08999999999992894,0.10999999999997158,0.04,0,Satara,Maharashtra
2023-11-06,0.0,0.06000000000007794,0.07999999999992896,0.08999999999997157,0.04,0,Satara,Maharashtra
2023-11-07,2.11,2.1500000000000776,2.169999999999929,2.1999999999999713,2.11,0,Satara,Maharashtra
2023-11-08,7.92,10.030000000000078,10.089999999999929,10.11999999999997,7.92,0,Satara,Maharashtra
2023-11-09,1.21,11.240000000000077,11.29999999999993,11.32999999999997,7.92,0,Satara,Maharashtra
2023-11-10,3.15,12.280000000000078,14.449999999999928,14.47999999999997,7.92,0,Satara,Maharashtra
2023-11-11,0.34,4.700000000000078,14.769999999999929,14.81999999999997,3.15,0,Satara,Maharashtra
2023-11-12,0.0,3.490000000000078,14.729999999999928,14.81999999999997,3.15,0,Satara,Maharashtra
2023-11-13,0.0,0.3400000000000782,14.729999999999928,14.81999999999997,0.34,0,Satara,Maharashtra
2023-11-14,0.0,0.0,12.619999999999928,14.80999999999997,0.0,0,Satara,Maharashtra
2023-11-15,0.0,0.0,4.699999999999929,14.78999999999997,0.0,0,Satara,Maharashtra
2023-11-16,0.0,0.0,3.4899999999999287,14.78999999999997,0.0,0,Satara,Maharashtra
2023-11-17,0.0,0.0,0.33999999999992897,14.78999999999997,0.0,0,Satara,Maharashtra
2023-11-18,0.0,0.0,0.0,14.78999999999997,0.0,0,Satara,Maharashtra
2023-11-19,0.0,0.0,0.0,14.76999999999997,0.0,0,Satara,Maharashtra
2023-11-20,0.0,0.0,0.0,14.72999999999997,0.0,0,Satara,Maharashtra
2023-11-21,0.0,0.0,0.0,14.72999999999997,0.0,0,Satara,Maharashtra
2023-11-22,0.0,0.0,0.0,12.61999999999997,0.0,0,Satara,Maharashtra
2023-11-23,0.01,0.01000000000007816,0.009999999999928946,4.7099999999999715,0.01,0,Satara,Maharashtra
2023-11-24,0.04,0.05000000000007816,0.04999999999992895,3.5399999999999716,0.04,0,Satara,Maharashtra
2023-11-25,11.33,11.380000000000079,11.37999999999993,11.719999999999972,11.33,0,Satara,Maharashtra
2023-11-26,6.72,18.090000000000078,18.09999999999993,18.099999999999973,11.33,0,Satara,Maharashtra
2023-11-27,2.08,20.13000000000008,20.17999999999993,20.17999999999997,11.33,0,Satara,Maharashtra
2023-11-28,1.07,9.870000000000077,21.24999999999993,21.24999999999997,6.72,0,Satara,Maharashtra
2023-11-29,1.1,4.250000000000078,22.34999999999993,22.349999999999973,2.08,0,Satara,Maharashtra
2023-11-30,1.19,3.3600000000000785,23.529999999999927,23.53999999999997,1.19,0,Satara,Maharashtra
2023-12-01,0.58,2.870000000000078,24.06999999999993,24.119999999999973,1.19,0,Satara,Maharashtra
2023-12-02,0.02,1.790000000000078,12.759999999999929,24.139999999999972,1.19,0,Satara,Maharashtra
2023-12-03,0.0,0.6000000000000781,6.039999999999929,24.139999999999972,0.58,0,Satara,Maharashtra
2023-12-04,0.0,0.02000000000007816,3.959999999999929,24.139999999999972,0.02,0,Satara,Maharashtra
2023-12-05,0.01,0.01000000000007816,2.899999999999929,24.149999999999974,0.01,0,Satara,Maharashtra
2023-12-06,0.01,0.02000000000007816,1.8099999999999288,24.15999999999997,0.01,0,Satara,Maharashtra
2023-12-07,0.0,0.02000000000007816,0.6199999999999289,24.15999999999997,0.01,0,Satara,Maharashtra
2023-12-08,0.0,0.01000000000007816,0.03999999999992895,24.14999999999997,0.01,0,Satara,Maharashtra
2023-12-09,0.0,0.0,0.019999999999928946,24.10999999999997,0.0,0,Satara,Maharashtra
2023-12-10,0.0,0.0,0.019999999999928946,12.779999999999971,0.0,0,Satara,Maharashtra
2023-12-11,0.0,0.0,0.019999999999928946,6.059999999999972,0.0,0,Satara,Maharashtra
2023-12-12,0.0,0.0,0.009999999999928946,3.9799999999999716,0.0,0,Satara,Maharashtra
2023-12-13,0.0,0.0,0.0,2.9099999999999717,0.0,0,Satara,Maharashtra
2023-12-14,0.0,0.0,0.0,1.8099999999999714,0.0,0,Satara,Maharashtra
2023-12-15,0.0,0.0,0.0,0.6199999999999716,0.0,0,Satara,Maharashtra
2023-12-16,0.0,0.0,0.0,0.03999999999997158,0.0,0,Satara,Maharashtra
2023-12-17,0.0,0.0,0.0,0.01999999999997158,0.0,0,Satara,Maharashtra
2023-12-18,0.0,0.0,0.0,0.01999999999997158,0.0,0,Satara,Maharashtra
2023-12-19,0.0,0.0,0.0,0.01999999999997158,0.0,0,Satara,Maharashtra
2023-12-20,0.0,0.0,0.0,0.009999999999971578,0.0,0,Satara,Maharashtra
2023-12-21,0.0,0.0,0.0,0.0,0.0,0,Satara,Maharashtra
2023-12-22,0.0,0.0,0.0,0.0,0.0,0,Satara,Maharashtra
2023-12-23,0.0,0.0,0.0,0.0,0.0,0,Satara,Maharashtra
2023-12-24,0.0,0.0,0.0,0.0,0.0,0,Satara,Maharashtra
2023-12-25,0.0,0.0,0.0,0.0,0.0,0,Satara,Maharashtra
2023-12-26,0.0,0.0,0.0,0.0,0.0,0,Satara,Maharashtra
2023-12-27,0.0,0.0,0.0,0.0,0.0,0,Satara,Maharashtra
2023-12-28,0.0,0.0,0.0,0.0,0.0,0,Satara,Maharashtra
2023-12-29,0.0,0.0,0.0,0.0,0.0,0,Satara,Maharashtra
2023-12-30,0.0,0.0,0.0,0.0,0.0,0,Satara,Maharashtra
2023-12-31,0.0,0.0,0.0,0.0,0.0,0,Satara,Maharashtra
2024-01-01,0.0,0.0,0.0,0.0,0.0,0,Satara,Maharashtra
2024-01-02,0.0,0.0,0.0,0.0,0.0,0,Satara,Maharashtra
2024-01-03,0.0,0.0,0.0,0.0,0.0,0,Satara,Maharashtra
2024-01-04,0.0,0.0,0.0,0.0,0.0,0,Satara,Maharashtra
2024-01-05,0.01,0.01000000000007816,0.009999999999928946,0.009999999999971578,0.01,0,Satara,Maharashtra
2024-01-06,0.02,0.03000000000007816,0.029999999999928945,0.029999999999971577,0.02,0,Satara,Maharashtra
2024-01-07,0.03,0.06000000000007816,0.059999999999928944,0.059999999999971576,0.03,0,Satara,Maharashtra
2024-01-08,0.65,0.7000000000000782,0.7099999999999289,0.7099999999999715,0.65,0,Satara,Maharashtra
2024-01-09,3.7,4.380000000000078,4.409999999999929,4.409999999999972,3.7,0,Satara,Maharashtra
2024-01-10,0.34,4.6900000000000786,4.749999999999929,4.749999999999972,3.7,0,Satara,Maharashtra
2024-01-11,0.56,4.600000000000079,5.309999999999929,5.309999999999972,3.7,0,Satara,Maharashtra
2024-01-12,0.0,0.9000000000000783,5.29999999999993,5.309999999999972,0.56,0,Satara,Maharashtra
2024-01-13,0.0,0.5600000000000782,5.279999999999929,5.309999999999972,0.56,0,Satara,Maharashtra
2024-01-14,0.0,0.0,5.24999999999993,5.309999999999972,0.0,0,Satara,Maharashtra
2024-01-15,0.0,0.0,4.5999999999999295,5.309999999999972,0.0,0,Satara,Maharashtra
2024-01-16,0.0,0.0,0.8999999999999291,5.309999999999972,0.0,0,Satara,Maharashtra
2024-01-17,0.0,0.0,0.559999999999929,5.309999999999972,0.0,0,Satara,Maharashtra
2024-01-18,0.0,0.0,0.0,5.309999999999972,0.0,0,Satara,Maharashtra
2024-01-19,0.0,0.0,0.0,5.309999999999972,0.0,0,Satara,Maharashtra
2024-01-20,0.0,0.0,0.0,5.299999999999972,0.0,0,Satara,Maharashtra
2024-01-21,0.0,0.0,0.0,5.279999999999972,0.0,0,Satara,Maharashtra
2024-01-22,0.0,0.0,0.0,5.2499999999999725,0.0,0,Satara,Maharashtra
2024-01-23,0.0,0.0,0.0,4.599999999999972,0.0,0,Satara,Maharashtra
2024-01-24,0.0,0.0,0.0,0.8999999999999717,0.0,0,Satara,Maharashtra
2024-01-25,0.0,0.0,0.0,0.5599999999999716,0.0,0,Satara,Maharashtra
2024-01-26,0.0,0.0,0.0,0.0,0.0,0,Satara,Maharashtra
2024-01-27,0.0,0.0,0.0,0.0,0.0,0,Satara,Maharashtra
2024-01-28,0.0,0.0,0.0,0.0,0.0,0,Satara,Maharashtra
2024-01-29,0.0,0.0,0.0,0.0,0.0,0,Satara,Maharashtra
2024-01-30,0.0,0.0,0.0,0.0,0.0,0,Satara,Maharashtra
2024-01-31,0.0,0.0,0.0,0.0,0.0,0,Satara,Maharashtra
2024-02-01,0.0,0.0,0.0,0.0,0.0,0,Satara,Maharashtra
2024-02-02,0.0,0.0,0.0,0.0,0.0,0,Satara,Maharashtra
2024-02-03,0.0,0.0,0.0,0.0,0.0,0,Satara,Maharashtra
2024-02-04,0.0,0.0,0.0,0.0,0.0,0,Satara,Maharashtra
2024-02-05,0.0,0.0,0.0,0.0,0.0,0,Satara,Maharashtra
2024-02-06,0.0,0.0,0.0,0.0,0.0,0,Satara,Maharashtra
2024-02-07,0.0,0.0,0.0,0.0,0.0,0,Satara,Maharashtra
2024-02-08,0.0,0.0,0.0,0.0,0.0,0,Satara,Maharashtra
2024-02-09,0.0,0.0,0.0,0.0,0.0,0,Satara,Maharashtra
2024-02-10,0.0,0.0,0.0,0.0,0.0,0,Satara,Maharashtra
2024-02-11,0.0,0.0,0.0,0.0,0.0,0,Satara,Maharashtra
2024-02-12,0.0,0.0,0.0,0.0,0.0,0,Satara,Maharashtra
2024-02-13,0.0,0.0,0.0,0.0,0.0,0,Satara,Maharashtra
2024-02-14,0.0,0.0,0.0,0.0,0.0,0,Satara,Maharashtra
2024-02-15,0.0,0.0,0.0,0.0,0.0,0,Satara,Maharashtra
2024-02-16,0.0,0.0,0.0,0.0,0.0,0,Satara,Maharashtra
2024-02-17,0.0,0.0,0.0,0.0,0.0,0,Satara,Maharashtra
2024-02-18,0.0,0.0,0.0,0.0,0.0,0,Satara,Maharashtra
2024-02-19,0.0,0.0,0.0,0.0,0.0,0,Satara,Maharashtra
2024-02-20,0.0,0.0,0.0,0.0,0.0,0,Satara,Maharashtra
2024-02-21,0.0,0.0,0.0,0.0,0.0,0,Satara,Maharashtra
2024-02-22,0.0,0.0,0.0,0.0,0.0,0,Satara,Maharashtra
2024-02-23,0.0,0.0,0.0,0.0,0.0,0,Satara,Maharashtra
2024-02-24,0.0,0.0,0.0,0.0,0.0,0,Satara,Maharashtra
2024-02-25,0.0,0.0,0.0,0.0,0.0,0,Satara,Maharashtra
2024-02-26,0.0,0.0,0.0,0.0,0.0,0,Satara,Maharashtra
2024-02-27,0.15,0.15000000000007815,0.14999999999992894,0.14999999999997157,0.15,0,Satara,Maharashtra
2024-02-28,0.02,0.17000000000007814,0.16999999999992893,0.16999999999997156,0.15,0,Satara,Maharashtra
2024-02-29,0.0,0.17000000000007814,0.16999999999992893,0.16999999999997156,0.15,0,Satara,Maharashtra
2024-03-01,0.09,0.11000000000007816,0.25999999999992895,0.2599999999999716,0.09,0,Satara,Maharashtra
2024-03-02,0.0,0.09000000000007816,0.25999999999992895,0.2599999999999716,0.09,0,Satara,Maharashtra
2024-03-03,0.0,0.09000000000007816,0.25999999999992895,0.2599999999999716,0.09,0,Satara,Maharashtra
2024-03-04,0.0,0.0,0.25999999999992895,0.2599999999999716,0.0,0,Satara,Maharashtra
2024-03-05,0.0,0.0,0.10999999999992895,0.2599999999999716,0.0,0,Satara,Maharashtra
2024-03-06,0.0,0.0,0.08999999999992894,0.2599999999999716,0.0,0,Satara,Maharashtra
2024-03-07,0.0,0.0,0.08999999999992894,0.2599999999999716,0.0,0,Satara,Maharashtra
2024-03-08,0.0,0.0,0.0,0.2599999999999716,0.0,0,Satara,Maharashtra
2024-03-09,0.0,0.0,0.0,0.2599999999999716,0.0,0,Satara,Maharashtra
2024-03-10,0.0,0.0,0.0,0.2599999999999716,0.0,0,Satara,Maharashtra
2024-03-11,0.0,0.0,0.0,0.2599999999999716,0.0,0,Satara,Maharashtra
2024-03-12,0.0,0.0,0.0,0.2599999999999716,0.0,0,Satara,Maharashtra
2024-03-13,0.0,0.0,0.0,0.10999999999997158,0.0,0,Satara,Maharashtra
2024-03-14,0.0,0.0,0.0,0.08999999999997157,0.0,0,Satara,Maharashtra
2024-03-15,0.0,0.0,0.0,0.08999999999997157,0.0,0,Satara,Maharashtra
2024-03-16,0.0,0.0,0.0,0.0,0.0,0,Satara,Maharashtra
2024-03-17,0.0,0.0,0.0,0.0,0.0,0,Satara,Maharashtra
2024-03-18,0.0,0.0,0.0,0.0,0.0,0,Satara,Maharashtra
2024-03-19,0.0,0.0,0.0,0.0,0.0,0,Satara,Maharashtra
2024-03-20,0.0,0.0,0.0,0.0,0.0,0,Satara,Maharashtra
2024-03-21,0.0,0.0,0.0,0.0,0.0,0,Satara,Maharashtra
2024-03-22,0.0,0.0,0.0,0.0,0.0,0,Satara,Maharashtra
2024-03-23,0.0,0.0,0.0,0.0,0.0,0,Satara,Maharashtra
2024-03-24,0.0,0.0,0.0,0.0,0.0,0,Satara,Maharashtra
2024-03-25,0.0,0.0,0.0,0.0,0.0,0,Satara,Maharashtra
2024-03-26,0.0,0.0,0.0,0.0,0.0,0,Satara,Maharashtra
2024-03-27,0.01,0.01000000000007816,0.009999999999928946,0.009999999999971578,0.01,0,Satara,Maharashtra
2024-03-28,0.03,0.04000000000007816,0.03999999999992895,0.03999999999997158,0.03,0,Satara,Maharashtra
2024-03-29,0.53,0.5700000000000782,0.569999999999929,0.5699999999999716,0.53,0,Satara,Maharashtra
2024-03-30,0.05,0.6100000000000783,0.619999999999929,0.6199999999999717,0.53,0,Satara,Maharashtra
2024-03-31,0.0,0.5800000000000782,0.619999999999929,0.6199999999999717,0.53,0,Satara,Maharashtra
2024-04-01,0.0,0.05000000000007816,0.619999999999929,0.6199999999999717,0.05,0,Satara,Maharashtra
2024-04-02,0.0,0.0,0.619999999999929,0.6199999999999717,0.0,0,Satara,Maharashtra
2024-04-03,0.0,0.0,0.609999999999929,0.6199999999999717,0.0,0,Satara,Maharashtra
2024-04-04,0.0,0.0,0.579999999999929,0.6199999999999717,0.0,0,Satara,Maharashtra
2024-04-05,0.0,0.0,0.04999999999992895,0.6199999999999717,0.0,0,Satara,Maharashtra
2024-04-06,0.0,0.0,0.0,0.6199999999999717,0.0,0,Satara,Maharashtra
2024-04-07,0.0,0.0,0.0,0.6199999999999717,0.0,0,Satara,Maharashtra
2024-04-08,0.0,0.0,0.0,0.6199999999999717,0.0,0,Satara,Maharashtra
2024-04-09,0.0,0.0,0.0,0.6199999999999717,0.0,0,Satara,Maharashtra
2024-04-10,0.0,0.0,0.0,0.6199999999999717,0.0,0,Satara,Maharashtra
2024-04-11,0.0,0.0,0.0,0.6099999999999717,0.0,0,Satara,Maharashtra
2024-04-12,0.01,0.01000000000007816,0.009999999999928946,0.5899999999999717,0.01,0,Satara,Maharashtra
2024-04-13,0.01,0.02000000000007816,0.019999999999928946,0.06999999999997158,0.01,0,Satara,Maharashtra
2024-04-14,0.0,0.02000000000007816,0.019999999999928946,0.01999999999997158,0.01,0,Satara,Maharashtra
2024-04-15,0.02,0.03000000000007816,0.03999999999992895,0.03999999999997158,0.02,0,Satara,Maharashtra
2024-04-16,0.01,0.03000000000007816,0.04999999999992895,0.04999999999997158,0.02,0,Satara,Maharashtra
2024-04-17,0.0,0.03000000000007816,0.04999999999992895,0.04999999999997158,0.02,0,Satara,Maharashtra
2024-04-18,0.0,0.010000000000078163,0.04999999999992895,0.04999999999997158,0.01,0,Satara,Maharashtra
2024-04-19,0.0,0.0,0.03999999999992895,0.04999999999997158,0.0,0,Satara,Maharashtra
2024-04-20,4.5,4.500000000000078,4.529999999999929,4.549999999999971,4.5,0,Satara,Maharashtra
2024-04-21,0.16,4.660000000000078,4.689999999999929,4.7099999999999715,4.5,0,Satara,Maharashtra
2024-04-22,0.11,4.770000000000078,4.779999999999929,4.819999999999971,4.5,0,Satara,Maharashtra
2024-04-23,0.09,0.36000000000007815,4.859999999999929,4.909999999999972,0.16,0,Satara,Maharashtra
2024-04-24,5.17,5.370000000000078,10.02999999999993,10.079999999999972,5.17,0,Satara,Maharashtra
2024-04-25,0.45,5.710000000000078,10.47999999999993,10.529999999999971,5.17,0,Satara,Maharashtra
2024-04-26,0.18,5.800000000000078,10.659999999999929,10.709999999999972,5.17,0,Satara,Maharashtra
2024-04-27,0.02,0.6500000000000782,6.1799999999999295,10.719999999999972,0.45,0,Satara,Maharashtra
2024-04-28,0.01,0.21000000000007815,6.029999999999929,10.719999999999972,0.18,0,Satara,Maharashtra
2024-04-29,0.02,0.05000000000007816,5.939999999999929,10.739999999999972,0.02,0,Satara,Maharashtra
2024-04-30,0.03,0.06000000000007816,5.879999999999929,10.749999999999973,0.03,0,Satara,Maharashtra
2024-05-01,0.0,0.05000000000007816,0.7099999999999289,10.739999999999972,0.03,0,Satara,Maharashtra
2024-05-02,0.0,0.030000000000078162,0.25999999999992895,10.739999999999972,0.03,0,Satara,Maharashtra
2024-05-03,0.0,0.0,0.07999999999992895,10.739999999999972,0.0,0,Satara,Maharashtra
2024-05-04,0.0,0.0,0.059999999999928944,10.739999999999972,0.0,0,Satara,Maharashtra
2024-05-05,0.0,0.0,0.04999999999992895,6.239999999999972,0.0,0,Satara,Maharashtra
2024-05-06,0.06,0.06000000000007816,0.08999999999992894,6.139999999999971,0.06,0,Satara,Maharashtra
2024-05-07,0.04,0.10000000000007817,0.09999999999992895,6.069999999999972,0.06,0,Satara,Maharashtra
2024-05-08,0.15,0.25000000000007816,0.24999999999992895,6.1299999999999715,0.15,0,Satara,Maharashtra
2024-05-09,0.08,0.2700000000000782,0.32999999999992896,1.0399999999999716,0.15,0,Satara,Maharashtra
2024-05-10,0.87,1.1000000000000782,1.199999999999929,1.4599999999999715,0.87,0,Satara,Maharashtra
2024-05-11,10.96,11.910000000000078,12.159999999999929,12.239999999999972,10.96,0,Satara,Maharashtra
2024-05-12,2.48,14.310000000000079,14.63999999999993,14.699999999999973,10.96,0,Satara,Maharashtra
2024-05-13,2.78,16.220000000000077,17.35999999999993,17.46999999999997,10.96,0,Satara,Maharashtra
2024-05-14,5.29,10.550000000000079,22.60999999999993,22.739999999999974,5.29,0,Satara,Maharashtra
2024-05-15,3.51,11.580000000000076,25.96999999999993,26.21999999999997,5.29,0,Satara,Maharashtra
2024-05-16,2.95,11.750000000000078,28.83999999999993,29.169999999999973,5.29,0,Satara,Maharashtra
2024-05-17,1.25,7.710000000000078,29.219999999999928,30.419999999999973,3.51,0,Satara,Maharashtra
2024-05-18,1.36,5.560000000000079,19.619999999999926,31.779999999999973,2.95,0,Satara,Maharashtra
2024-05-19,3.4,6.010000000000078,20.539999999999928,35.17999999999997,3.4,0,Satara,Maharashtra
2024-05-20,8.26,13.020000000000078,26.01999999999993,43.43999999999997,8.26,0,Satara,Maharashtra
2024-05-21,13.63,25.290000000000077,34.35999999999993,57.00999999999997,13.63,0,Satara,Maharashtra
2024-05-22,6.87,28.76000000000008,37.71999999999993,63.83999999999997,13.63,0,Satara,Maharashtra
2024-05-23,7.7,28.20000000000008,42.46999999999993,71.38999999999997,13.63,0,Satara,Maharashtra
2024-05-24,1.26,15.830000000000078,42.479999999999926,72.56999999999998,7.7,0,Satara,Maharashtra
2024-05-25,0.21,9.17000000000008,41.32999999999993,71.90999999999997,7.7,0,Satara,Maharashtra
2024-05-26,0.36,1.8300000000000782,38.28999999999993,61.309999999999974,1.26,0,Satara,Maharashtra
2024-05-27,0.05,0.6200000000000782,30.07999999999993,58.879999999999974,0.36,0,Satara,Maharashtra
2024-05-28,0.01,0.42000000000007814,16.45999999999993,56.10999999999997,0.36,0,Satara,Maharashtra
2024-05-29,0.02,0.08000000000007816,9.60999999999993,50.83999999999997,0.05,0,Satara,Maharashtra
2024-05-30,0.05,0.08000000000007816,1.959999999999929,47.379999999999974,0.05,0,Satara,Maharashtra
2024-05-31,0.25,0.32000000000007817,0.9499999999999289,44.67999999999997,0.25,0,Satara,Maharashtra
2024-06-01,0.48,0.7800000000000782,1.219999999999929,43.90999999999997,0.48,1,Satara,Maharashtra
2024-06-02,0.7,1.430000000000078,1.559999999999929,43.24999999999997,0.7,1,Satara,Maharashtra
2024-06-03,5.42,6.600000000000078,6.929999999999929,45.269999999999975,5.42,1,Satara,Maharashtra
2024-06-04,7.57,13.69000000000008,14.48999999999993,44.57999999999998,7.57,1,Satara,Maharashtra
2024-06-05,6.39,19.380000000000077,20.85999999999993,37.339999999999975,7.57,1,Satara,Maharashtra
2024-06-06,21.83,35.79000000000008,42.63999999999993,52.29999999999997,21.83,1,Satara,Maharashtra
2024-06-07,21.45,49.67000000000007,63.839999999999925,66.04999999999997,21.83,1,Satara,Maharashtra
2024-06-08,30.21,73.49000000000008,93.56999999999994,94.99999999999997,30.21,1,Satara,Maharashtra
2024-06-09,41.36,93.02000000000008,134.22999999999993,136.14999999999998,41.36,1,Satara,Maharashtra
2024-06-10,13.23,84.80000000000008,142.03999999999994,149.01999999999998,41.36,1,Satara,Maharashtra
2024-06-11,11.61,66.20000000000009,146.07999999999993,160.57999999999996,41.36,1,Satara,Maharashtra
2024-06-12,13.96,38.80000000000008,153.64999999999992,174.52999999999997,13.96,1,Satara,Maharashtra
2024-06-13,10.89,36.460000000000086,142.70999999999992,185.39999999999998,13.96,1,Satara,Maharashtra
2024-06-14,11.35,36.20000000000009,132.60999999999993,196.69999999999996,13.96,1,Satara,Maharashtra
2024-06-15,6.46,28.700000000000085,108.85999999999993,202.90999999999997,11.35,1,Satara,Maharashtra
2024-06-16,4.82,22.630000000000084,72.31999999999994,207.24999999999997,11.35,1,Satara,Maharashtra
2024-06-17,3.51,14.790000000000084,62.59999999999993,210.05999999999997,6.46,1,Satara,Maharashtra
2024-06-18,7.8,16.130000000000084,58.78999999999993,212.43999999999997,7.8,1,Satara,Maharashtra
2024-06-19,8.18,19.490000000000084,53.00999999999993,213.04999999999995,8.18,1,Satara,Maharashtra
2024-06-20,20.25,36.23000000000009,62.36999999999993,226.90999999999997,20.25,1,Satara,Maharashtra
2024-06-21,10.99,39.42000000000009,62.009999999999934,216.06999999999996,20.25,1,Satara,Maharashtra
2024-06-22,15.71,46.95000000000009,71.25999999999993,210.32999999999998,20.25,1,Satara,Maharashtra
2024-06-23,8.45,35.150000000000084,74.88999999999993,188.56999999999996,15.71,1,Satara,Maharashtra
2024-06-24,8.72,32.88000000000008,80.09999999999994,155.92999999999998,15.71,1,Satara,Maharashtra
2024-06-25,35.46,52.63000000000009,107.75999999999993,178.15999999999997,35.46,1,Satara,Maharashtra
2024-06-26,44.92,89.1000000000001,144.49999999999994,211.46999999999997,44.92,1,Satara,Maharashtra
2024-06-27,15.87,96.2500000000001,140.11999999999992,213.37999999999997,44.92,1,Satara,Maharashtra
2024-06-28,31.25,92.04000000000008,160.3799999999999,233.73999999999995,44.92,1,Satara,Maharashtra
2024-06-29,17.77,64.89000000000009,162.43999999999994,240.15999999999997,31.25,1,Satara,Maharashtra
2024-06-30,16.12,65.14000000000009,170.10999999999993,249.81999999999996,31.25,1,Satara,Maharashtra
2024-07-01,19.48,53.37000000000009,180.86999999999992,264.47999999999996,19.48,1,Satara,Maharashtra
2024-07-02,43.72,79.32000000000009,189.1299999999999,304.68999999999994,43.72,1,Satara,Maharashtra
2024-07-03,13.5,76.70000000000009,157.70999999999992,310.39,43.72,1,Satara,Maharashtra
2024-07-04,9.92,67.14000000000009,151.7599999999999,312.12999999999994,43.72,1,Satara,Maharashtra
2024-07-05,18.33,41.750000000000085,138.83999999999992,310.2099999999999,18.33,1,Satara,Maharashtra
2024-07-06,27.52,55.77000000000008,148.58999999999992,326.73999999999995,27.52,1,Satara,Maharashtra
2024-07-07,43.42,89.27000000000008,175.88999999999993,354.44999999999993,43.42,1,Satara,Maharashtra
2024-07-08,36.88,107.82000000000008,193.28999999999994,382.88,43.42,1,Satara,Maharashtra
2024-07-09,24.69,104.9900000000001,174.25999999999993,398.84999999999997,43.42,1,Satara,Maharashtra
2024-07-10,9.25,70.82000000000009,170.00999999999993,372.64,36.88,1,Satara,Maharashtra
2024-07-11,3.07,37.01000000000008,163.15999999999994,330.78999999999996,24.69,1,Satara,Maharashtra
2024-07-12,61.96,74.28000000000009,206.78999999999994,376.87999999999994,61.96,1,Satara,Maharashtra
2024-07-13,59.59,124.62000000000009,238.85999999999993,405.21999999999997,61.96,1,Satara,Maharashtra
2024-07-14,59.47,181.0200000000001,254.90999999999994,446.91999999999996,61.96,1,Satara,Maharashtra
2024-07-15,33.11,152.17000000000007,251.13999999999993,463.90999999999997,59.59,1,Satara,Maharashtra
2024-07-16,17.6,110.18000000000008,244.04999999999995,462.03,59.47,1,Satara,Maharashtra
2024-07-17,46.5,97.21000000000008,281.29999999999995,464.80999999999995,46.5,1,Satara,Maharashtra
2024-07-18,37.09,101.19000000000008,315.31999999999994,488.4,46.5,1,Satara,Maharashtra
2024-07-19,54.72,138.3100000000001,308.0799999999999,533.1999999999999,54.72,1,Satara,Maharashtra
2024-07-20,64.82,156.63000000000008,313.30999999999995,579.6899999999999,64.82,1,Satara,Maharashtra
2024-07-21,69.64,189.18000000000006,323.4799999999999,621.81,69.64,1,Satara,Maharashtra
2024-07-22,60.8,195.26000000000008,351.1699999999999,639.1899999999999,69.64,1,Satara,Maharashtra
2024-07-23,60.74,191.1800000000001,394.30999999999995,663.05,69.64,1,Satara,Maharashtra
2024-07-24,74.59,196.1300000000001,422.4,712.9499999999999,74.59,1,Satara,Maharashtra
2024-07-25,112.96,248.29000000000008,498.2699999999999,816.66,112.96,1,Satara,Maharashtra
2024-07-26,60.78,248.3300000000001,504.3299999999999,874.37,112.96,1,Satara,Maharashtra
2024-07-27,29.7,203.44000000000008,469.20999999999987,842.1099999999999,112.96,1,Satara,Maharashtra
2024-07-28,34.15,124.6300000000001,433.7199999999999,816.67,60.78,1,Satara,Maharashtra
2024-07-29,38.11,101.9600000000001,411.03,795.31,38.11,1,Satara,Maharashtra
2024-07-30,39.32,111.5800000000001,389.60999999999996,801.52,39.32,1,Satara,Maharashtra
2024-07-31,27.17,104.60000000000011,342.1899999999999,811.0899999999999,39.32,1,Satara,Maharashtra
2024-08-01,38.27,104.7600000000001,267.49999999999994,802.86,39.32,1,Satara,Maharashtra
2024-08-02,35.38,100.8200000000001,242.0999999999999,801.15,38.27,1,Satara,Maharashtra
2024-08-03,35.65,109.3000000000001,248.0499999999999,782.08,38.27,1,Satara,Maharashtra
2024-08-04,27.98,99.0100000000001,241.87999999999994,745.24,35.65,1,Satara,Maharashtra
2024-08-05,15.42,79.0500000000001,219.1899999999999,691.02,35.65,1,Satara,Maharashtra
2024-08-06,9.77,53.1700000000001,189.63999999999993,639.99,27.98,1,Satara,Maharashtra
2024-08-07,11.58,36.770000000000095,174.0499999999999,590.83,15.42,1,Satara,Maharashtra
2024-08-08,8.63,29.980000000000096,144.40999999999994,524.87,11.58,1,Satara,Maharashtra
2024-08-09,9.65,29.860000000000102,118.67999999999991,421.55999999999995,11.58,1,Satara,Maharashtra
2024-08-10,8.4,26.6800000000001,91.42999999999992,369.18,9.65,1,Satara,Maharashtra
2024-08-11,5.25,23.300000000000097,68.69999999999992,344.73,9.65,1,Satara,Maharashtra
2024-08-12,1.78,15.4300000000001,55.05999999999992,312.35999999999996,8.4,1,Satara,Maharashtra
2024-08-13,0.91,7.9400000000001,46.19999999999992,275.16,5.25,1,Satara,Maharashtra
2024-08-14,0.7,3.3900000000000996,35.319999999999915,236.54,1.78,1,Satara,Maharashtra
2024-08-15,3.27,4.880000000000099,29.959999999999916,212.63999999999996,3.27,1,Satara,Maharashtra
2024-08-16,3.22,7.1900000000001,23.529999999999916,177.58999999999995,3.27,1,Satara,Maharashtra
2024-08-17,7.79,14.2800000000001,22.919999999999916,149.99999999999997,7.79,1,Satara,Maharashtra
2024-08-18,66.38,77.3900000000001,84.04999999999991,180.72999999999996,66.38,1,Satara,Maharashtra
2024-08-19,8.05,82.2200000000001,90.31999999999991,160.79999999999998,66.38,1,Satara,Maharashtra
2024-08-20,18.13,92.56000000000009,107.5399999999999,163.50999999999996,66.38,1,Satara,Maharashtra
2024-08-21,6.45,32.6300000000001,113.2899999999999,160.19,18.13,1,Satara,Maharashtra
2024-08-22,7.64,32.2200000000001,117.65999999999991,156.24999999999997,18.13,1,Satara,Maharashtra
2024-08-23,32.05,46.1400000000001,146.4899999999999,179.66999999999996,32.05,1,Satara,Maharashtra
2024-08-24,68.94,108.6300000000001,207.63999999999993,238.95999999999998,68.94,1,Satara,Maharashtra
2024-08-25,45.1,146.0900000000001,186.35999999999993,275.65999999999997,68.94,1,Satara,Maharashtra
2024-08-26,44.58,158.6200000000001,222.8899999999999,314.98999999999995,68.94,1,Satara,Maharashtra
2024-08-27,31.05,120.7300000000001,235.80999999999992,344.26,45.1,1,Satara,Maharashtra
2024-08-28,18.9,94.5300000000001,248.2599999999999,362.24999999999994,44.58,1,Satara,Maharashtra
2024-08-29,7.36,57.3100000000001,247.9799999999999,368.90999999999997,31.05,1,Satara,Maharashtra
2024-08-30,5.1,31.3600000000001,221.0299999999999,370.74,18.9,1,Satara,Maharashtra
2024-08-31,3.31,15.770000000000099,155.39999999999992,370.83,7.36,1,Satara,Maharashtra
2024-09-01,6.45,14.8600000000001,116.7499999999999,369.48999999999995,6.45,1,Satara,Maharashtra
2024-09-02,13.66,23.4200000000001,85.82999999999991,316.77,13.66,1,Satara,Maharashtra
2024-09-03,23.59,43.7000000000001,78.36999999999992,332.31,23.59,1,Satara,Maharashtra
2024-09-04,16.07,53.32000000000009,75.53999999999992,330.25,23.59,1,Satara,Maharashtra
2024-09-05,19.0,58.660000000000096,87.17999999999992,342.79999999999995,23.59,1,Satara,Maharashtra
2024-09-06,11.76,46.8300000000001,93.83999999999992,346.91999999999996,19.0,1,Satara,Maharashtra
2024-09-07,8.39,39.1500000000001,98.91999999999992,323.26,19.0,1,Satara,Maharashtra
2024-09-08,6.62,26.7700000000001,99.08999999999992,260.94,11.76,1,Satara,Maharashtra
2024-09-09,6.98,21.9900000000001,92.40999999999991,222.82,8.39,1,Satara,Maharashtra
2024-09-10,7.26,20.8600000000001,76.07999999999991,185.49999999999997,7.26,1,Satara,Maharashtra
2024-09-11,9.63,23.8700000000001,69.63999999999992,164.07999999999998,9.63,1,Satara,Maharashtra
2024-09-12,5.21,22.1000000000001,55.849999999999916,150.39,9.63,1,Satara,Maharashtra
2024-09-13,2.05,16.8900000000001,46.139999999999915,145.07999999999998,9.63,1,Satara,Maharashtra
2024-09-14,5.26,12.520000000000099,43.00999999999992,145.23999999999998,5.26,1,Satara,Maharashtra
2024-09-15,5.76,13.0700000000001,42.14999999999991,147.68999999999997,5.76,1,Satara,Maharashtra
2024-09-16,2.74,13.760000000000097,37.90999999999991,143.98,5.76,1,Satara,Maharashtra
2024-09-17,1.84,10.340000000000101,32.48999999999992,132.16,5.76,1,Satara,Maharashtra
2024-09-18,0.75,5.3300000000000995,23.609999999999914,109.32,2.74,1,Satara,Maharashtra
2024-09-19,0.03,2.6200000000000996,18.429999999999914,93.27999999999999,1.84,1,Satara,Maharashtra
2024-09-20,0.09,0.8700000000000995,16.469999999999917,74.36999999999999,0.75,1,Satara,Maharashtra
2024-09-21,5.98,6.1000000000001,17.189999999999916,68.58999999999999,5.98,1,Satara,Maharashtra
2024-09-22,15.39,21.4600000000001,26.819999999999915,75.58999999999999,15.39,1,Satara,Maharashtra
2024-09-23,14.19,35.5600000000001,38.26999999999991,83.15999999999998,15.39,1,Satara,Maharashtra
2024-09-24,26.76,56.3400000000001,63.18999999999992,102.93999999999998,26.76,1,Satara,Maharashtra
2024-09-25,51.75,92.7000000000001,114.18999999999991,147.43,51.75,1,Satara,Maharashtra
2024-09-26,38.82,117.3300000000001,152.9799999999999,176.62,51.75,1,Satara,Maharashtra
2024-09-27,9.26,99.8300000000001,162.14999999999992,180.67,51.75,1,Satara,Maharashtra
2024-09-28,4.55,52.6300000000001,160.7199999999999,183.17,38.82,1,Satara,Maharashtra
2024-09-29,0.6,14.4100000000001,145.92999999999992,178.51,9.26,1,Satara,Maharashtra
2024-09-30,4.87,10.020000000000099,136.6099999999999,177.62,4.87,1,Satara,Maharashtra
2024-10-01,6.53,12.0000000000001,116.37999999999992,181.41,6.53,0,Satara,Maharashtra
2024-10-02,3.24,14.6400000000001,67.8699999999999,182.80999999999997,6.53,0,Satara,Maharashtra
2024-10-03,2.76,12.530000000000099,31.809999999999913,184.82,6.53,0,Satara,Maharashtra
2024-10-04,1.05,7.050000000000099,23.599999999999913,185.83999999999997,3.24,0,Satara,Maharashtra
2024-10-05,1.02,4.8300000000000995,20.069999999999915,186.76999999999998,2.76,0,Satara,Maharashtra
2024-10-06,9.31,11.3800000000001,28.779999999999916,190.1,9.31,0,Satara,Maharashtra
2024-10-07,0.85,11.1800000000001,24.759999999999916,175.55999999999997,9.31,0,Satara,Maharashtra
2024-10-08,5.55,15.7100000000001,23.779999999999916,166.92,9.31,0,Satara,Maharashtra
2024-10-09,3.88,10.280000000000099,24.419999999999913,144.04,5.55,0,Satara,Maharashtra
2024-10-10,8.71,18.1400000000001,30.369999999999916,100.99999999999999,8.71,0,Satara,Maharashtra
2024-10-11,4.47,17.060000000000098,33.789999999999914,66.64999999999999,8.71,0,Satara,Maharashtra
2024-10-12,3.42,16.6000000000001,36.18999999999991,60.80999999999999,8.71,0,Satara,Maharashtra
2024-10-13,3.03,10.9200000000001,29.909999999999915,59.289999999999985,4.47,0,Satara,Maharashtra
2024-10-14,12.97,19.4200000000001,42.029999999999916,71.66,12.97,0,Satara,Maharashtra
2024-10-15,19.06,35.060000000000095,55.53999999999992,85.84999999999998,19.06,0,Satara,Maharashtra
2024-10-16,14.09,46.12000000000009,65.74999999999991,93.40999999999998,19.06,0,Satara,Maharashtra
2024-10-17,6.71,39.86000000000009,63.749999999999915,96.87999999999998,19.06,0,Satara,Maharashtra
2024-10-18,9.7,30.5000000000001,68.97999999999992,103.81999999999998,14.09,0,Satara,Maharashtra
2024-10-19,1.48,17.8900000000001,67.0399999999999,104.24999999999999,9.7,0,Satara,Maharashtra
2024-10-20,7.29,18.4700000000001,71.29999999999991,110.51999999999998,9.7,0,Satara,Maharashtra
2024-10-21,2.08,10.8500000000001,60.40999999999991,103.28999999999999,7.29,0,Satara,Maharashtra
2024-10-22,7.33,16.7000000000001,48.67999999999991,109.76999999999998,7.33,0,Satara,Maharashtra
2024-10-23,0.54,9.950000000000099,35.12999999999992,104.75999999999998,7.33,0,Satara,Maharashtra
2024-10-24,0.01,7.880000000000099,28.429999999999914,100.88999999999999,7.33,0,Satara,Maharashtra
2024-10-25,0.0,0.5500000000000995,18.729999999999915,92.17999999999998,0.54,0,Satara,Maharashtra
2024-10-26,0.0,0.010000000000099476,17.249999999999915,87.70999999999998,0.01,0,Satara,Maharashtra
2024-10-27,0.0,0.0,9.959999999999916,84.28999999999999,0.0,0,Satara,Maharashtra
2024-10-28,0.04,0.04000000000009948,7.919999999999915,81.3,0.04,0,Satara,Maharashtra
2024-10-29,0.22,0.2600000000000995,0.8099999999999148,68.54999999999998,0.22,0,Satara,Maharashtra
2024-10-30,0.52,0.7800000000000995,0.7899999999999148,50.00999999999999,0.52,0,Satara,Maharashtra
2024-10-31,1.2,1.9400000000000994,1.9799999999999147,37.11999999999998,1.2,0,Satara,Maharashtra
2024-11-01,1.91,3.6300000000000994,3.8899999999999144,32.319999999999986,1.91,0,Satara,Maharashtra
2024-11-02,0.05,3.160000000000099,3.9399999999999147,22.669999999999984,1.91,0,Satara,Maharashtra
2024-11-03,0.0,1.9600000000000994,3.9399999999999147,21.189999999999984,1.91,0,Satara,Maharashtra
2024-11-04,0.0,0.05000000000009948,3.8999999999999146,13.899999999999986,0.05,0,Satara,Maharashtra
2024-11-05,0.0,0.0,3.6799999999999145,11.819999999999986,0.0,0,Satara,Maharashtra
2024-11-06,0.0,0.0,3.159999999999915,4.489999999999986,0.0,0,Satara,Maharashtra
2024-11-07,0.0,0.0,1.9599999999999147,3.9499999999999855,0.0,0,Satara,Maharashtra
2024-11-08,0.0,0.0,0.04999999999991474,3.9399999999999857,0.0,0,Satara,Maharashtra
2024-11-09,0.0,0.0,0.0,3.9399999999999857,0.0,0,Satara,Maharashtra
2024-11-10,0.0,0.0,0.0,3.9399999999999857,0.0,0,Satara,Maharashtra
2024-11-11,0.0,0.0,0.0,3.9399999999999857,0.0,0,Satara,Maharashtra
2024-11-12,0.0,0.0,0.0,3.8999999999999857,0.0,0,Satara,Maharashtra
2024-11-13,0.0,0.0,0.0,3.6799999999999855,0.0,0,Satara,Maharashtra
2024-11-14,0.32,0.3200000000000995,0.31999999999991474,3.4799999999999858,0.32,0,Satara,Maharashtra
2024-11-15,7.48,7.8000000000001,7.7999999999999154,9.759999999999987,7.48,0,Satara,Maharashtra
2024-11-16,0.42,8.2200000000001,8.219999999999915,8.269999999999987,7.48,0,Satara,Maharashtra
2024-11-17,0.0,7.9000000000001,8.219999999999915,8.219999999999986,7.48,0,Satara,Maharashtra
2024-11-18,0.0,0.42000000000009946,8.219999999999915,8.219999999999986,0.42,0,Satara,Maharashtra
2024-11-19,0.0,0.0,8.219999999999915,8.219999999999986,0.0,0,Satara,Maharashtra
2024-11-20,0.0,0.0,8.219999999999915,8.219999999999986,0.0,0,Satara,Maharashtra
2024-11-21,0.0,0.0,7.899999999999915,8.219999999999986,0.0,0,Satara,Maharashtra
2024-11-22,0.0,0.0,0.4199999999999147,8.219999999999986,0.0,0,Satara,Maharashtra
2024-11-23,0.0,0.0,0.0,8.219999999999986,0.0,0,Satara,Maharashtra
2024-11-24,0.0,0.0,0.0,8.219999999999986,0.0,0,Satara,Maharashtra
2024-11-25,0.0,0.0,0.0,8.219999999999986,0.0,0,Satara,Maharashtra
2024-11-26,0.0,0.0,0.0,8.219999999999986,0.0,0,Satara,Maharashtra
2024-11-27,0.0,0.0,0.0,8.219999999999986,0.0,0,Satara,Maharashtra
2024-11-28,0.0,0.0,0.0,8.219999999999986,0.0,0,Satara,Maharashtra
2024-11-29,0.0,0.0,0.0,7.899999999999986,0.0,0,Satara,Maharashtra
2024-11-30,0.0,0.0,0.0,0.4199999999999858,0.0,0,Satara,Maharashtra
2024-12-01,0.0,0.0,0.0,0.0,0.0,0,Satara,Maharashtra
2024-12-02,0.02,0.020000000000099476,0.019999999999914735,0.01999999999998579,0.02,0,Satara,Maharashtra
2024-12-03,0.79,0.8100000000000995,0.8099999999999148,0.8099999999999858,0.79,0,Satara,Maharashtra
2024-12-04,0.15,0.9600000000000996,0.9599999999999148,0.9599999999999859,0.79,0,Satara,Maharashtra
2024-12-05,0.08,1.0200000000000995,1.0399999999999148,1.0399999999999858,0.79,0,Satara,Maharashtra
2024-12-06,0.42,0.6500000000000994,1.4599999999999147,1.4599999999999858,0.42,0,Satara,Maharashtra
2024-12-07,0.04,0.5400000000000994,1.4999999999999147,1.4999999999999858,0.42,0,Satara,Maharashtra
2024-12-08,0.01,0.47000000000009945,1.5099999999999147,1.5099999999999858,0.42,0,Satara,Maharashtra
2024-12-09,0.0,0.05000000000009948,1.4899999999999147,1.5099999999999858,0.04,0,Satara,Maharashtra
2024-12-10,0.0,0.010000000000099476,0.6999999999999147,1.5099999999999858,0.01,0,Satara,Maharashtra
2024-12-11,0.0,0.0,0.5499999999999147,1.5099999999999858,0.0,0,Satara,Maharashtra
2024-12-12,0.0,0.0,0.4699999999999147,1.5099999999999858,0.0,0,Satara,Maharashtra
2024-12-13,0.0,0.0,0.04999999999991474,1.5099999999999858,0.0,0,Satara,Maharashtra
2024-12-14,0.0,0.0,0.009999999999914735,1.5099999999999858,0.0,0,Satara,Maharashtra
2024-12-15,0.0,0.0,0.0,1.5099999999999858,0.0,0,Satara,Maharashtra
2024-12-16,0.0,0.0,0.0,1.5099999999999858,0.0,0,Satara,Maharashtra
2024-12-17,0.0,0.0,0.0,1.4899999999999858,0.0,0,Satara,Maharashtra
2024-12-18,0.0,0.0,0.0,0.6999999999999857,0.0,0,Satara,Maharashtra
2024-12-19,0.0,0.0,0.0,0.5499999999999857,0.0,0,Satara,Maharashtra
2024-12-20,0.0,0.0,0.0,0.46999999999998576,0.0,0,Satara,Maharashtra
2024-12-21,0.0,0.0,0.0,0.04999999999998579,0.0,0,Satara,Maharashtra
2024-12-22,0.0,0.0,0.0,0.00999999999998579,0.0,0,Satara,Maharashtra
2024-12-23,0.0,0.0,0.0,0.0,0.0,0,Satara,Maharashtra
2024-12-24,0.0,0.0,0.0,0.0,0.0,0,Satara,Maharashtra
2024-12-25,0.0,0.0,0.0,0.0,0.0,0,Satara,Maharashtra
2024-12-26,0.0,0.0,0.0,0.0,0.0,0,Satara,Maharashtra
2024-12-27,0.01,0.010000000000099476,0.009999999999914735,0.00999999999998579,0.01,0,Satara,Maharashtra
2024-12-28,0.12,0.13000000000009948,0.12999999999991474,0.1299999999999858,0.12,0,Satara,Maharashtra
2024-12-29,0.03,0.16000000000009945,0.1599999999999147,0.15999999999998576,0.12,0,Satara,Maharashtra
2024-12-30,0.0,0.15000000000009944,0.1599999999999147,0.15999999999998576,0.12,0,Satara,Maharashtra
2024-12-31,0.0,0.030000000000099475,0.1599999999999147,0.15999999999998576,0.03,0,Satara,Maharashtra
