,rain_1d,rain_3d,rain_7d,rain_15d,rain_max3d,is_monsoon,district,state
2015-01-01,0.3,0.3,0.3,0.3,0.3,0,Shivamogga,Karnataka
2015-01-02,0.04,0.33999999999999997,0.33999999999999997,0.33999999999999997,0.3,0,Shivamogga,Karnataka
2015-01-03,0.0,0.33999999999999997,0.33999999999999997,0.33999999999999997,0.3,0,Shivamogga,Karnataka
2015-01-04,0.0,0.04,0.33999999999999997,0.33999999999999997,0.04,0,Shivamogga,Karnataka
2015-01-05,0.0,0.0,0.33999999999999997,0.33999999999999997,0.0,0,Shivamogga,Karnataka
2015-01-06,0.0,0.0,0.33999999999999997,0.33999999999999997,0.0,0,Shivamogga,Karnataka
2015-01-07,0.0,0.0,0.33999999999999997,0.33999999999999997,0.0,0,Shivamogga,Karnataka
2015-01-08,0.0,0.0,0.04,0.33999999999999997,0.0,0,Shivamogga,Karnataka
2015-01-09,0.0,0.0,0.0,0.33999999999999997,0.0,0,Shivamogga,Karnataka
2015-01-10,0.0,0.0,0.0,0.33999999999999997,0.0,0,Shivamogga,Karnataka
2015-01-11,0.0,0.0,0.0,0.33999999999999997,0.0,0,Shivamogga,Karnataka
2015-01-12,0.0,0.0,0.0,0.33999999999999997,0.0,0,Shivamogga,Karnataka
2015-01-13,0.0,0.0,0.0,0.33999999999999997,0.0,0,Shivamogga,Karnataka
2015-01-14,0.0,0.0,0.0,0.33999999999999997,0.0,0,Shivamogga,Karnataka
2015-01-15,0.0,0.0,0.0,0.33999999999999997,0.0,0,Shivamogga,Karnataka
2015-01-16,0.0,0.0,0.0,0.04,0.0,0,Shivamogga,Karnataka
2015-01-17,0.0,0.0,0.0,0.0,0.0,0,Shivamogga,Karnataka
2015-01-18,0.0,0.0,0.0,0.0,0.0,0,Shivamogga,Karnataka
2015-01-19,0.0,0.0,0.0,0.0,0.0,0,Shivamogga,Karnataka
2015-01-20,0.0,0.0,0.0,0.0,0.0,0,Shivamogga,Karnataka
2015-01-21,0.0,0.0,0.0,0.0,0.0,0,Shivamogga,Karnataka
2015-01-22,0.0,0.0,0.0,0.0,0.0,0,Shivamogga,Karnataka
2015-01-23,0.0,0.0,0.0,0.0,0.0,0,Shivamogga,Karnataka
2015-01-24,0.0,0.0,0.0,0.0,0.0,0,Shivamogga,Karnataka
2015-01-25,0.0,0.0,0.0,0.0,0.0,0,Shivamogga,Karnataka
2015-01-26,0.0,0.0,0.0,0.0,0.0,0,Shivamogga,Karnataka
2015-01-27,0.0,0.0,0.0,0.0,0.0,0,Shivamogga,Karnataka
2015-01-28,0.0,0.0,0.0,0.0,0.0,0,Shivamogga,Karnataka
2015-01-29,0.0,0.0,0.0,0.0,0.0,0,Shivamogga,Karnataka
2015-01-30,0.0,0.0,0.0,0.0,0.0,0,Shivamogga,Karnataka
2015-01-31,0.0,0.0,0.0,0.0,0.0,0,Shivamogga,Karnataka
2015-02-01,0.0,0.0,0.0,0.0,0.0,0,Shivamogga,Karnataka
2015-02-02,0.0,0.0,0.0,0.0,0.0,0,Shivamogga,Karnataka
2015-02-03,0.0,0.0,0.0,0.0,0.0,0,Shivamogga,Karnataka
2015-02-04,0.0,0.0,0.0,0.0,0.0,0,Shivamogga,Karnataka
2015-02-05,0.0,0.0,0.0,0.0,0.0,0,Shivamogga,Karnataka
2015-02-06,0.0,0.0,0.0,0.0,0.0,0,Shivamogga,Karnataka
2015-02-07,0.0,0.0,0.0,0.0,0.0,0,Shivamogga,Karnataka
2015-02-08,0.0,0.0,0.0,0.0,0.0,0,Shivamogga,Karnataka
2015-02-09,0.0,0.0,0.0,0.0,0.0,0,Shivamogga,Karnataka
2015-02-10,0.0,0.0,0.0,0.0,0.0,0,Shivamogga,Karnataka
2015-02-11,0.0,0.0,0.0,0.0,0.0,0,Shivamogga,Karnataka
2015-02-12,0.0,0.0,0.0,0.0,0.0,0,Shivamogga,Karnataka
2015-02-13,0.0,0.0,0.0,0.0,0.0,0,Shivamogga,Karnataka
2015-02-14,0.0,0.0,0.0,0.0,0.0,0,Shivamogga,Karnataka
2015-02-15,0.0,0.0,0.0,0.0,0.0,0,Shivamogga,Karnataka
2015-02-16,0.0,0.0,0.0,0.0,0.0,0,Shivamogga,Karnataka
2015-02-17,0.0,0.0,0.0,0.0,0.0,0,Shivamogga,Karnataka
2015-02-18,0.0,0.0,0.0,0.0,0.0,0,Shivamogga,Karnataka
2015-02-19,0.0,0.0,0.0,0.0,0.0,0,Shivamogga,Karnataka
2015-02-20,0.0,0.0,0.0,0.0,0.0,0,Shivamogga,Karnataka
2015-02-21,0.0,0.0,0.0,0.0,0.0,0,Shivamogga,Karnataka
2015-02-22,0.0,0.0,0.0,0.0,0.0,0,Shivamogga,Karnataka
2015-02-23,0.0,0.0,0.0,0.0,0.0,0,Shivamogga,Karnataka
2015-02-24,0.0,0.0,0.0,0.0,0.0,0,Shivamogga,Karnataka
2015-02-25,0.0,0.0,0.0,0.0,0.0,0,Shivamogga,Karnataka
2015-02-26,0.0,0.0,0.0,0.0,0.0,0,Shivamogga,Karnataka
2015-02-27,0.0,0.0,0.0,0.0,0.0,0,Shivamogga,Karnataka
2015-02-28,0.43,0.43,0.43,0.43,0.43,0,Shivamogga,Karnataka
2015-03-01,1.3,1.73,1.73,1.73,1.3,0,Shivamogga,Karnataka
2015-03-02,5.8,7.529999999999999,7.529999999999999,7.529999999999999,5.8,0,Shivamogga,Karnataka
2015-03-03,0.88,7.98,8.41,8.41,5.8,0,Shivamogga,Karnataka
2015-03-04,0.25,6.93,8.66,8.66,5.8,0,Shivamogga,Karnataka
2015-03-05,0.0,1.1300000000000008,8.66,8.66,0.88,0,Shivamogga,Karnataka
2015-03-06,0.37,0.6200000000000009,9.030000000000001,9.030000000000001,0.37,0,Shivamogga,Karnataka
2015-03-07,0.31,0.6800000000000008,8.91,9.34,0.37,0,Shivamogga,Karnataka
2015-03-08,3.85,4.530000000000001,11.46,13.190000000000001,3.85,0,Shivamogga,Karnataka
2015-03-09,5.18,9.34,10.84,18.37,5.18,0,Shivamogga,Karnataka
2015-03-10,0.02,9.05,9.98,18.39,5.18,0,Shivamogga,Karnataka
2015-03-11,0.0,5.2,9.73,18.39,5.18,0,Shivamogga,Karnataka
2015-03-12,0.0,0.02000000000000089,9.73,18.39,0.02,0,Shivamogga,Karnataka
2015-03-13,0.0,0.0,9.360000000000001,18.39,0.0,0,Shivamogga,Karnataka
2015-03-14,0.0,0.0,9.05,18.39,0.0,0,Shivamogga,Karnataka
2015-03-15,0.02,0.02000000000000089,5.220000000000001,17.98,0.02,0,Shivamogga,Karnataka
2015-03-16,0.01,0.030000000000000887,0.05000000000000089,16.69,0.02,0,Shivamogga,Karnataka
2015-03-17,0.0,0.030000000000000887,0.030000000000000887,10.89,0.02,0,Shivamogga,Karnataka
2015-03-18,0.0,0.010000000000000888,0.030000000000000887,10.01,0.01,0,Shivamogga,Karnataka
2015-03-19,0.0,0.0,0.030000000000000887,9.76,0.0,0,Shivamogga,Karnataka
2015-03-20,0.0,0.0,0.030000000000000887,9.76,0.0,0,Shivamogga,Karnataka
2015-03-21,0.0,0.0,0.030000000000000887,9.39,0.0,0,Shivamogga,Karnataka
2015-03-22,0.0,0.0,0.010000000000000888,9.08,0.0,0,Shivamogga,Karnataka
2015-03-23,0.0,0.0,0.0,5.23,0.0,0,Shivamogga,Karnataka
2015-03-24,0.0,0.0,0.0,0.05000000000000089,0.0,0,Shivamogga,Karnataka
2015-03-25,0.0,0.0,0.0,0.030000000000000887,0.0,0,Shivamogga,Karnataka
2015-03-26,0.0,0.0,0.0,0.030000000000000887,0.0,0,Shivamogga,Karnataka
2015-03-27,0.0,0.0,0.0,0.030000000000000887,0.0,0,Shivamogga,Karnataka
2015-03-28,0.0,0.0,0.0,0.030000000000000887,0.0,0,Shivamogga,Karnataka
2015-03-29,1.77,1.770000000000001,1.770000000000001,1.800000000000001,1.77,0,Shivamogga,Karnataka
2015-03-30,1.54,3.310000000000001,3.310000000000001,3.320000000000001,1.77,0,Shivamogga,Karnataka
2015-03-31,2.31,5.620000000000001,5.620000000000001,5.620000000000001,2.31,0,Shivamogga,Karnataka
2015-04-01,1.79,5.640000000000001,7.410000000000001,7.410000000000001,2.31,0,Shivamogga,Karnataka
2015-04-02,0.67,4.770000000000001,8.080000000000002,8.080000000000002,2.31,0,Shivamogga,Karnataka
2015-04-03,0.02,2.480000000000001,8.100000000000001,8.100000000000001,1.79,0,Shivamogga,Karnataka
2015-04-04,0.11,0.8000000000000009,8.21,8.21,0.67,0,Shivamogga,Karnataka
2015-04-05,0.0,0.1300000000000009,6.440000000000001,8.21,0.11,0,Shivamogga,Karnataka
2015-04-06,0.04,0.15000000000000088,4.94,8.250000000000002,0.11,0,Shivamogga,Karnataka
2015-04-07,0.3,0.34000000000000086,2.930000000000001,8.55,0.3,0,Shivamogga,Karnataka
2015-04-08,0.23,0.5700000000000008,1.370000000000001,8.780000000000001,0.3,0,Shivamogga,Karnataka
2015-04-09,0.12,0.6500000000000008,0.8200000000000008,8.9,0.3,0,Shivamogga,Karnataka
2015-04-10,3.28,3.630000000000001,4.080000000000001,12.180000000000001,3.28,0,Shivamogga,Karnataka
2015-04-11,0.95,4.3500000000000005,4.920000000000001,13.13,3.28,0,Shivamogga,Karnataka
2015-04-12,6.3,10.530000000000001,11.22,19.43,6.3,0,Shivamogga,Karnataka
2015-04-13,4.32,11.57,15.5,21.98,6.3,0,Shivamogga,Karnataka
2015-04-14,1.08,11.7,16.28,21.520000000000003,6.3,0,Shivamogga,Karnataka
2015-04-15,0.17,5.570000000000001,16.220000000000002,19.38,4.32,0,Shivamogga,Karnataka
2015-04-16,0.03,1.280000000000001,16.13,17.62,1.08,0,Shivamogga,Karnataka
2015-04-17,0.12,0.3200000000000009,12.970000000000002,17.07,0.17,0,Shivamogga,Karnataka
2015-04-18,0.01,0.1600000000000009,12.030000000000001,17.06,0.12,0,Shivamogga,Karnataka
2015-04-19,0.0,0.1300000000000009,5.730000000000001,16.95,0.12,0,Shivamogga,Karnataka
2015-04-20,0.0,0.010000000000000888,1.410000000000001,16.95,0.01,0,Shivamogga,Karnataka
2015-04-21,0.75,0.7500000000000009,1.080000000000001,17.66,0.75,0,Shivamogga,Karnataka
2015-04-22,2.79,3.540000000000001,3.700000000000001,20.15,2.79,0,Shivamogga,Karnataka
2015-04-23,9.48,13.020000000000001,13.150000000000002,29.4,9.48,0,Shivamogga,Karnataka
2015-04-24,3.67,15.940000000000001,16.700000000000003,32.95,9.48,0,Shivamogga,Karnataka
2015-04-25,3.46,16.610000000000003,20.150000000000002,33.13,9.48,0,Shivamogga,Karnataka
2015-04-26,1.79,8.920000000000002,21.940000000000005,33.97,3.67,0,Shivamogga,Karnataka
2015-04-27,0.72,5.9700000000000015,22.660000000000004,28.39,3.46,0,Shivamogga,Karnataka
2015-04-28,0.19,2.700000000000002,22.1,24.26,1.79,0,Shivamogga,Karnataka
2015-04-29,0.86,1.7700000000000018,20.170000000000005,24.04,0.86,0,Shivamogga,Karnataka
2015-04-30,0.62,1.6700000000000017,11.310000000000002,24.490000000000002,0.86,0,Shivamogga,Karnataka
2015-05-01,0.32,1.8000000000000018,7.960000000000002,24.78,0.86,0,Shivamogga,Karnataka
2015-05-02,0.54,1.4800000000000018,5.040000000000002,25.200000000000003,0.62,0,Shivamogga,Karnataka
2015-05-03,0.17,1.0300000000000018,3.4200000000000017,25.360000000000003,0.54,0,Shivamogga,Karnataka
2015-05-04,2.89,3.600000000000002,5.590000000000002,28.25,2.89,0,Shivamogga,Karnataka
2015-05-05,7.16,10.220000000000002,12.560000000000002,35.410000000000004,7.16,0,Shivamogga,Karnataka
2015-05-06,2.12,12.170000000000002,13.820000000000002,36.78,7.16,0,Shivamogga,Karnataka
2015-05-07,5.85,15.130000000000003,19.05,39.84,7.16,0,Shivamogga,Karnataka
2015-05-08,5.52,13.490000000000002,24.25,35.88,5.85,0,Shivamogga,Karnataka
2015-05-09,0.46,11.83,24.17,32.67,5.85,0,Shivamogga,Karnataka
2015-05-10,0.39,6.370000000000001,24.39,29.6,5.52,0,Shivamogga,Karnataka
2015-05-11,4.11,4.960000000000002,25.610000000000003,31.92,4.11,0,Shivamogga,Karnataka
2015-05-12,6.47,10.970000000000002,24.92,37.67,6.47,0,Shivamogga,Karnataka
2015-05-13,12.25,22.830000000000002,35.05,49.730000000000004,12.25,0,Shivamogga,Karnataka
2015-05-14,5.32,24.040000000000003,34.519999999999996,54.190000000000005,12.25,0,Shivamogga,Karnataka
2015-05-15,3.86,21.430000000000003,32.86,57.43,12.25,0,Shivamogga,Karnataka
2015-05-16,12.16,21.340000000000003,44.56,69.27,12.16,0,Shivamogga,Karnataka
2015-05-17,6.89,22.910000000000004,51.059999999999995,75.62,12.16,0,Shivamogga,Karnataka
2015-05-18,5.25,24.300000000000004,52.199999999999996,80.7,12.16,0,Shivamogga,Karnataka
2015-05-19,1.06,13.200000000000003,46.79,78.87,6.89,0,Shivamogga,Karnataka
2015-05-20,0.1,6.410000000000004,34.64,71.81,5.25,0,Shivamogga,Karnataka
2015-05-21,0.0,1.1600000000000037,29.32,69.69,1.06,0,Shivamogga,Karnataka
2015-05-22,0.02,0.12000000000000356,25.48,63.86,0.1,0,Shivamogga,Karnataka
2015-05-23,0.0,0.020000000000003553,13.32,58.339999999999996,0.02,0,Shivamogga,Karnataka
2015-05-24,0.13,0.15000000000000355,6.5600000000000005,58.01,0.13,0,Shivamogga,Karnataka
2015-05-25,0.06,0.19000000000000355,1.37,57.68000000000001,0.13,0,Shivamogga,Karnataka
2015-05-26,0.0,0.19000000000000355,0.31,53.57000000000001,0.13,0,Shivamogga,Karnataka
2015-05-27,1.44,1.5000000000000036,1.65,48.54,1.44,0,Shivamogga,Karnataka
2015-05-28,0.81,2.2500000000000036,2.46,37.10000000000001,1.44,0,Shivamogga,Karnataka
2015-05-29,18.36,20.610000000000003,20.8,50.14,18.36,0,Shivamogga,Karnataka
2015-05-30,25.48,44.650000000000006,46.28,71.76,25.48,0,Shivamogga,Karnataka
2015-05-31,11.9,55.74,58.05,71.50000000000001,25.48,0,Shivamogga,Karnataka
2015-06-01,3.38,40.760000000000005,61.370000000000005,67.99000000000001,25.48,1,Shivamogga,Karnataka
2015-06-02,1.57,16.850000000000005,62.940000000000005,64.31,11.9,1,Shivamogga,Karnataka
2015-06-03,0.31,5.260000000000003,61.81,63.56000000000001,3.38,1,Shivamogga,Karnataka
2015-06-04,13.89,15.770000000000003,74.89,77.35000000000001,13.89,1,Shivamogga,Karnataka
2015-06-05,4.79,18.990000000000002,61.32000000000001,82.14,13.89,1,Shivamogga,Karnataka
2015-06-06,0.05,18.730000000000004,35.89,82.17000000000002,13.89,1,Shivamogga,Karnataka
2015-06-07,1.36,6.200000000000002,25.35,83.53000000000002,4.79,1,Shivamogga,Karnataka
2015-06-08,9.63,11.040000000000003,31.6,93.03,9.63,1,Shivamogga,Karnataka
2015-06-09,8.94,19.93,38.97,101.91000000000001,9.63,1,Shivamogga,Karnataka
2015-06-10,6.06,24.630000000000003,44.72,107.97000000000001,9.63,1,Shivamogga,Karnataka
2015-06-11,6.84,21.84,37.67,113.37,8.94,1,Shivamogga,Karnataka
2015-06-12,4.93,17.830000000000002,37.81,117.49000000000001,6.84,1,Shivamogga,Karnataka
2015-06-13,9.26,21.03,47.019999999999996,108.39,9.26,1,Shivamogga,Karnataka
2015-06-14,12.8,26.990000000000002,58.459999999999994,95.71000000000001,12.8,1,Shivamogga,Karnataka
2015-06-15,10.84,32.900000000000006,59.67,94.65,12.8,1,Shivamogga,Karnataka
2015-06-16,7.74,31.380000000000003,58.47,99.01,12.8,1,Shivamogga,Karnataka
2015-06-17,12.94,31.52,65.35,110.38,12.94,1,Shivamogga,Karnataka
2015-06-18,10.25,30.93,68.75999999999999,120.32,12.94,1,Shivamogga,Karnataka
2015-06-19,9.9,33.089999999999996,73.73,116.33000000000001,12.94,1,Shivamogga,Karnataka
2015-06-20,14.74,34.89,79.21,126.28,14.74,1,Shivamogga,Karnataka
2015-06-21,13.79,38.43,80.19999999999999,140.02,14.74,1,Shivamogga,Karnataka
2015-06-22,20.9,49.43,90.25999999999999,159.56,20.9,1,Shivamogga,Karnataka
2015-06-23,5.34,40.03,87.86,155.26999999999998,20.9,1,Shivamogga,Karnataka
2015-06-24,8.95,35.19,83.87,155.28,20.9,1,Shivamogga,Karnataka
2015-06-25,12.67,26.96,86.28999999999999,161.89,12.67,1,Shivamogga,Karnataka
2015-06-26,10.23,31.85,86.61999999999999,165.28,12.67,1,Shivamogga,Karnataka
2015-06-27,1.05,23.95,72.92999999999999,161.4,12.67,1,Shivamogga,Karnataka
2015-06-28,0.66,11.940000000000001,59.8,152.79999999999998,10.23,1,Shivamogga,Karnataka
2015-06-29,1.17,2.88,40.07,141.17000000000002,1.17,1,Shivamogga,Karnataka
2015-06-30,3.56,5.39,38.290000000000006,133.89000000000001,3.56,1,Shivamogga,Karnataka
2015-07-01,5.59,10.32,34.93,131.74,5.59,1,Shivamogga,Karnataka
2015-07-02,3.85,13.0,26.11,122.65,5.59,1,Shivamogga,Karnataka
2015-07-03,3.37,12.809999999999999,19.25,115.77,5.59,1,Shivamogga,Karnataka
2015-07-04,1.4,8.62,19.599999999999998,107.27,3.85,1,Shivamogga,Karnataka
2015-07-05,1.38,6.1499999999999995,20.32,93.91,3.37,1,Shivamogga,Karnataka
2015-07-06,0.66,3.439999999999999,19.81,80.78,1.4,1,Shivamogga,Karnataka
2015-07-07,0.86,2.899999999999999,17.11,60.74,1.38,1,Shivamogga,Karnataka
2015-07-08,4.43,5.949999999999999,15.95,59.830000000000005,4.43,1,Shivamogga,Karnataka
2015-07-09,25.62,30.91,37.72,76.5,25.62,1,Shivamogga,Karnataka
2015-07-10,19.79,49.84,54.14,83.62,25.62,1,Shivamogga,Karnataka
2015-07-11,7.55,52.96,60.29,80.94,25.62,1,Shivamogga,Karnataka
2015-07-12,4.43,31.77,63.34,84.32,19.79,1,Shivamogga,Karnataka
2015-07-13,2.54,14.52,65.22,86.2,7.55,1,Shivamogga,Karnataka
2015-07-14,2.27,9.24,66.63,87.3,4.43,1,Shivamogga,Karnataka
2015-07-15,5.99,10.8,68.19,89.73,5.99,1,Shivamogga,Karnataka
2015-07-16,4.86,13.120000000000001,47.43,89.00000000000001,5.99,1,Shivamogga,Karnataka
2015-07-17,4.77,15.620000000000001,32.410000000000004,89.92,5.99,1,Shivamogga,Karnataka
2015-07-18,10.46,20.090000000000003,35.32000000000001,97.00999999999999,10.46,1,Shivamogga,Karnataka
2015-07-19,21.3,36.53,52.190000000000005,116.91000000000001,21.3,1,Shivamogga,Karnataka
2015-07-20,14.27,46.03,63.92,129.8,21.3,1,Shivamogga,Karnataka
2015-07-21,7.47,43.04,69.12,136.61,21.3,1,Shivamogga,Karnataka
2015-07-22,8.24,29.98,71.37,143.99,14.27,1,Shivamogga,Karnataka
2015-07-23,7.96,23.67,74.47000000000001,147.52,8.24,1,Shivamogga,Karnataka
2015-07-24,5.48,21.680000000000003,75.18,127.38000000000001,8.24,1,Shivamogga,Karnataka
2015-07-25,8.51,21.95,73.23,116.1,8.51,1,Shivamogga,Karnataka
2015-07-26,13.04,27.029999999999998,64.97,121.59,13.04,1,Shivamogga,Karnataka
2015-07-27,8.49,30.04,59.190000000000005,125.65,13.04,1,Shivamogga,Karnataka
2015-07-28,2.25,23.78,53.970000000000006,125.36,13.04,1,Shivamogga,Karnataka
2015-07-29,1.22,11.96,46.95,124.31,8.49,1,Shivamogga,Karnataka
2015-07-30,2.5,5.97,41.49,120.82000000000001,2.5,1,Shivamogga,Karnataka
2015-07-31,7.38,11.1,43.39,123.34,7.38,1,Shivamogga,Karnataka
2015-08-01,3.53,13.409999999999998,38.41,122.1,7.38,1,Shivamogga,Karnataka
2015-08-02,3.07,13.98,28.440000000000005,114.71000000000001,7.38,1,Shivamogga,Karnataka
2015-08-03,4.87,11.469999999999999,24.82,98.28,4.87,1,Shivamogga,Karnataka
2015-08-04,6.84,14.780000000000001,29.41,90.85,6.84,1,Shivamogga,Karnataka
2015-08-05,12.6,24.31,40.790000000000006,95.98,12.6,1,Shivamogga,Karnataka
2015-08-06,7.81,27.249999999999996,46.1,95.55000000000001,12.6,1,Shivamogga,Karnataka
2015-08-07,6.68,27.089999999999996,45.4,94.27,12.6,1,Shivamogga,Karnataka
2015-08-08,5.83,20.32,47.7,94.62,7.81,1,Shivamogga,Karnataka
2015-08-09,9.65,22.16,54.28,95.76,9.65,1,Shivamogga,Karnataka
2015-08-10,14.41,29.89,63.82,97.13,14.41,1,Shivamogga,Karnataka
2015-08-11,7.17,31.229999999999997,64.15,95.81,14.41,1,Shivamogga,Karnataka
2015-08-12,4.76,26.34,56.31,98.32,14.41,1,Shivamogga,Karnataka
2015-08-13,11.26,23.189999999999998,59.76,108.36,11.26,1,Shivamogga,Karnataka
2015-08-14,6.8,22.819999999999997,59.88,112.66,11.26,1,Shivamogga,Karnataka
2015-08-15,8.99,27.05,63.040000000000006,114.27000000000001,11.26,1,Shivamogga,Karnataka
2015-08-16,3.65,19.44,57.040000000000006,114.39,8.99,1,Shivamogga,Karnataka
2015-08-17,11.24,23.880000000000003,53.870000000000005,122.56,11.24,1,Shivamogga,Karnataka
2015-08-18,4.56,19.450000000000003,51.260000000000005,122.25000000000001,11.24,1,Shivamogga,Karnataka
2015-08-19,8.47,24.270000000000003,54.97,123.88000000000001,11.24,1,Shivamogga,Karnataka
2015-08-20,18.95,31.979999999999997,62.660000000000004,130.23,18.95,1,Shivamogga,Karnataka
2015-08-21,7.64,35.059999999999995,63.50000000000001,130.06,18.95,1,Shivamogga,Karnataka
2015-08-22,3.59,30.179999999999996,58.1,126.97,18.95,1,Shivamogga,Karnataka
2015-08-23,7.89,19.119999999999997,62.34,129.03,7.89,1,Shivamogga,Karnataka
2015-08-24,5.52,16.999999999999993,56.620000000000005,124.89999999999999,7.89,1,Shivamogga,Karnataka
2015-08-25,1.86,15.269999999999994,53.92,112.35,7.89,1,Shivamogga,Karnataka
2015-08-26,6.78,14.159999999999997,52.230000000000004,111.96,6.78,1,Shivamogga,Karnataka
2015-08-27,9.46,18.099999999999998,42.74,116.66000000000001,9.46,1,Shivamogga,Karnataka
2015-08-28,3.9,20.139999999999997,39.00000000000001,109.3,9.46,1,Shivamogga,Karnataka
2015-08-29,8.33,21.689999999999998,43.74,110.83000000000001,9.46,1,Shivamogga,Karnataka
2015-08-30,7.49,19.72,43.34,109.33,8.33,1,Shivamogga,Karnataka
2015-08-31,3.49,19.309999999999995,41.31000000000001,109.17,8.33,1,Shivamogga,Karnataka
2015-09-01,0.94,11.919999999999996,40.39000000000001,98.87000000000002,7.49,1,Shivamogga,Karnataka
2015-09-02,0.4,4.8299999999999965,34.010000000000005,94.71000000000001,3.49,1,Shivamogga,Karnataka
2015-09-03,3.23,4.569999999999997,27.780000000000005,89.47000000000001,3.23,1,Shivamogga,Karnataka
2015-09-04,4.72,8.349999999999996,28.6,75.24000000000001,4.72,1,Shivamogga,Karnataka
2015-09-05,1.63,9.579999999999995,21.900000000000006,69.23,4.72,1,Shivamogga,Karnataka
2015-09-06,32.97,39.31999999999999,47.38,98.61,32.97,1,Shivamogga,Karnataka
2015-09-07,14.64,49.239999999999995,58.53,105.36,32.97,1,Shivamogga,Karnataka
2015-09-08,9.56,57.169999999999995,67.15,109.4,32.97,1,Shivamogga,Karnataka
2015-09-09,3.98,28.179999999999993,70.73,111.52000000000001,14.64,1,Shivamogga,Karnataka
2015-09-10,3.4,16.939999999999994,70.9,108.14,9.56,1,Shivamogga,Karnataka
2015-09-11,7.34,14.719999999999992,73.52000000000001,106.02,7.34,1,Shivamogga,Karnataka
2015-09-12,5.88,16.61999999999999,77.77,108.0,7.34,1,Shivamogga,Karnataka
2015-09-13,6.68,19.89999999999999,51.480000000000004,106.35000000000001,7.34,1,Shivamogga,Karnataka
2015-09-14,11.77,24.32999999999999,48.61000000000001,110.63,11.77,1,Shivamogga,Karnataka
2015-09-15,14.45,32.89999999999999,53.5,121.59,14.45,1,Shivamogga,Karnataka
2015-09-16,8.47,34.68999999999999,57.99000000000001,129.12,14.45,1,Shivamogga,Karnataka
2015-09-17,5.15,28.069999999999993,59.74000000000001,133.87,14.45,1,Shivamogga,Karnataka
2015-09-18,3.42,17.039999999999992,55.82000000000001,134.06,8.47,1,Shivamogga,Karnataka
2015-09-19,1.68,10.249999999999993,51.62000000000001,131.02,5.15,1,Shivamogga,Karnataka
2015-09-20,2.31,7.409999999999993,47.250000000000014,131.70000000000002,3.42,1,Shivamogga,Karnataka
2015-09-21,0.41,4.399999999999993,35.89000000000001,99.14,2.31,1,Shivamogga,Karnataka
2015-09-22,0.0,2.7199999999999935,21.44000000000001,84.5,2.31,1,Shivamogga,Karnataka
2015-09-23,0.43,0.8399999999999929,13.400000000000007,75.37,0.43,1,Shivamogga,Karnataka
2015-09-24,9.09,9.519999999999992,17.340000000000007,80.47999999999999,9.09,1,Shivamogga,Karnataka
2015-09-25,3.93,13.449999999999992,17.85000000000001,81.01,9.09,1,Shivamogga,Karnataka
2015-09-26,0.56,13.579999999999993,16.730000000000008,74.23,9.09,1,Shivamogga,Karnataka
2015-09-27,7.61,12.099999999999994,22.03000000000001,75.96000000000001,7.61,1,Shivamogga,Karnataka
2015-09-28,3.39,11.559999999999993,25.01000000000001,72.67,7.61,1,Shivamogga,Karnataka
2015-09-29,0.3,11.299999999999994,25.310000000000006,61.2,7.61,1,Shivamogga,Karnataka
2015-09-30,9.87,13.559999999999992,34.75000000000001,56.62,9.87,1,Shivamogga,Karnataka
2015-10-01,6.4,16.569999999999993,32.06000000000001,54.55,9.87,0,Shivamogga,Karnataka
2015-10-02,4.59,20.859999999999992,32.720000000000006,53.99,9.87,0,Shivamogga,Karnataka
2015-10-03,4.32,15.309999999999995,36.480000000000004,54.89,6.4,0,Shivamogga,Karnataka
2015-10-04,8.08,16.989999999999995,36.95,61.29,8.08,0,Shivamogga,Karnataka
2015-10-05,21.55,33.949999999999996,55.11000000000001,80.53,21.55,0,Shivamogga,Karnataka
2015-10-06,6.82,36.449999999999996,61.63000000000001,86.94000000000001,21.55,0,Shivamogga,Karnataka
2015-10-07,4.54,32.91,56.300000000000004,91.48,21.55,0,Shivamogga,Karnataka
2015-10-08,3.03,14.389999999999993,52.93000000000001,94.08,6.82,0,Shivamogga,Karnataka
2015-10-09,0.49,8.059999999999993,48.83000000000001,85.48,4.54,0,Shivamogga,Karnataka
2015-10-10,1.25,4.7699999999999925,45.76000000000001,82.80000000000001,3.03,0,Shivamogga,Karnataka
2015-10-11,3.06,4.799999999999994,40.74,85.3,3.06,0,Shivamogga,Karnataka
2015-10-12,1.19,5.499999999999993,20.380000000000006,78.88000000000001,3.06,0,Shivamogga,Karnataka
2015-10-13,1.39,5.639999999999993,14.950000000000006,76.88000000000001,3.06,0,Shivamogga,Karnataka
2015-10-14,0.06,2.639999999999993,10.470000000000008,76.64,1.39,0,Shivamogga,Karnataka
2015-10-15,0.0,1.4499999999999933,7.440000000000007,66.77,1.39,0,Shivamogga,Karnataka
2015-10-16,0.0,0.059999999999993336,6.950000000000007,60.370000000000005,0.06,0,Shivamogga,Karnataka
2015-10-17,0.0,0.0,5.700000000000007,55.78,0.0,0,Shivamogga,Karnataka
2015-10-18,0.0,0.0,2.640000000000007,51.46,0.0,0,Shivamogga,Karnataka
2015-10-19,0.0,0.0,1.450000000000007,43.38,0.0,0,Shivamogga,Karnataka
2015-10-20,0.42,0.4199999999999933,0.4800000000000071,22.25,0.42,0,Shivamogga,Karnataka
2015-10-21,0.63,1.0499999999999934,1.0500000000000071,16.06,0.63,0,Shivamogga,Karnataka
2015-10-22,2.24,3.289999999999994,3.290000000000007,13.760000000000002,2.24,0,Shivamogga,Karnataka
2015-10-23,0.0,2.869999999999994,3.290000000000007,10.73,2.24,0,Shivamogga,Karnataka
2015-10-24,0.0,2.239999999999994,3.290000000000007,10.24,2.24,0,Shivamogga,Karnataka
2015-10-25,0.0,0.0,3.290000000000007,8.99,0.0,0,Shivamogga,Karnataka
2015-10-26,0.0,0.0,3.290000000000007,5.93,0.0,0,Shivamogga,Karnataka
2015-10-27,0.0,0.0,2.870000000000007,4.74,0.0,0,Shivamogga,Karnataka
2015-10-28,2.1,2.099999999999994,4.340000000000007,5.45,2.1,0,Shivamogga,Karnataka
2015-10-29,2.33,4.429999999999994,4.430000000000007,7.720000000000001,2.33,0,Shivamogga,Karnataka
2015-10-30,0.07,4.499999999999994,4.500000000000007,7.790000000000001,2.33,0,Shivamogga,Karnataka
2015-10-31,0.46,2.859999999999994,4.960000000000007,8.25,2.33,0,Shivamogga,Karnataka
2015-11-01,3.24,3.7699999999999942,8.200000000000006,11.490000000000002,3.24,0,Shivamogga,Karnataka
2015-11-02,14.97,18.669999999999995,23.17000000000001,26.46,14.97,0,Shivamogga,Karnataka
2015-11-03,1.51,19.719999999999995,24.68000000000001,27.970000000000002,14.97,0,Shivamogga,Karnataka
2015-11-04,2.0,18.479999999999997,24.58000000000001,29.55,14.97,0,Shivamogga,Karnataka
2015-11-05,0.75,4.259999999999993,23.00000000000001,29.67,2.0,0,Shivamogga,Karnataka
2015-11-06,0.01,2.759999999999993,22.94000000000001,27.44,2.0,0,Shivamogga,Karnataka
2015-11-07,0.0,0.7599999999999931,22.480000000000008,27.44,0.75,0,Shivamogga,Karnataka
2015-11-08,0.0,0.009999999999993117,19.24000000000001,27.44,0.01,0,Shivamogga,Karnataka
2015-11-09,1.87,1.8699999999999932,6.140000000000008,29.310000000000002,1.87,0,Shivamogga,Karnataka
2015-11-10,1.9,3.7699999999999934,6.530000000000007,31.21,1.9,0,Shivamogga,Karnataka
2015-11-11,0.97,4.739999999999993,5.500000000000007,32.18,1.9,0,Shivamogga,Karnataka
2015-11-12,1.33,4.199999999999993,6.080000000000007,31.41,1.9,0,Shivamogga,Karnataka
2015-11-13,0.42,2.719999999999993,6.490000000000007,29.5,1.33,0,Shivamogga,Karnataka
2015-11-14,0.0,1.7499999999999931,6.490000000000007,29.430000000000003,1.33,0,Shivamogga,Karnataka
2015-11-15,0.61,1.0299999999999931,7.100000000000008,29.580000000000002,0.61,0,Shivamogga,Karnataka
2015-11-16,1.44,2.049999999999993,6.670000000000007,27.779999999999998,1.44,0,Shivamogga,Karnataka
2015-11-17,0.25,2.299999999999993,5.020000000000007,13.06,1.44,0,Shivamogga,Karnataka
2015-11-18,0.56,2.249999999999993,4.610000000000007,12.11,1.44,0,Shivamogga,Karnataka
2015-11-19,2.23,3.0399999999999934,5.510000000000007,12.34,2.23,0,Shivamogga,Karnataka
2015-11-20,7.95,10.739999999999993,13.040000000000008,19.54,7.95,0,Shivamogga,Karnataka
2015-11-21,3.64,13.819999999999993,16.680000000000007,23.169999999999998,7.95,0,Shivamogga,Karnataka
2015-11-22,2.95,14.539999999999994,19.02000000000001,26.12,7.95,0,Shivamogga,Karnataka
2015-11-23,5.44,12.029999999999994,23.02000000000001,31.560000000000002,5.44,0,Shivamogga,Karnataka
2015-11-24,5.79,14.179999999999993,28.56000000000001,35.480000000000004,5.79,0,Shivamogga,Karnataka
2015-11-25,0.16,11.389999999999993,28.16000000000001,33.74,5.79,0,Shivamogga,Karnataka
2015-11-26,0.0,5.949999999999993,25.93000000000001,32.769999999999996,5.79,0,Shivamogga,Karnataka
2015-11-27,0.0,0.1599999999999929,17.98000000000001,31.44,0.16,0,Shivamogga,Karnataka
2015-11-28,0.0,0.0,14.340000000000009,31.020000000000003,0.0,0,Shivamogga,Karnataka
2015-11-29,0.16,0.1599999999999929,11.550000000000008,31.180000000000003,0.16,0,Shivamogga,Karnataka
2015-11-30,0.39,0.5499999999999929,6.500000000000009,30.960000000000004,0.39,0,Shivamogga,Karnataka
2015-12-01,0.03,0.579999999999993,0.7400000000000089,29.55,0.39,0,Shivamogga,Karnataka
2015-12-02,2.21,2.629999999999993,2.790000000000009,31.51,2.21,0,Shivamogga,Karnataka
2015-12-03,0.29,2.5299999999999927,3.080000000000009,31.240000000000002,2.21,0,Shivamogga,Karnataka
2015-12-04,0.0,2.499999999999993,3.080000000000009,29.01,2.21,0,Shivamogga,Karnataka
2015-12-05,0.0,0.2899999999999929,3.080000000000009,21.060000000000002,0.29,0,Shivamogga,Karnataka
2015-12-06,0.0,0.0,2.920000000000009,17.42,0.0,0,Shivamogga,Karnataka
2015-12-07,0.0,0.0,2.530000000000009,14.47,0.0,0,Shivamogga,Karnataka
2015-12-08,0.0,0.0,2.500000000000009,9.030000000000001,0.0,0,Shivamogga,Karnataka
2015-12-09,0.0,0.0,0.29000000000000886,3.240000000000002,0.0,0,Shivamogga,Karnataka
2015-12-10,0.0,0.0,0.0,3.080000000000002,0.0,0,Shivamogga,Karnataka
2015-12-11,0.0,0.0,0.0,3.080000000000002,0.0,0,Shivamogga,Karnataka
2015-12-12,0.0,0.0,0.0,3.080000000000002,0.0,0,Shivamogga,Karnataka
2015-12-13,0.04,0.039999999999992895,0.04000000000000888,3.120000000000002,0.04,0,Shivamogga,Karnataka
2015-12-14,0.14,0.17999999999999292,0.1800000000000089,3.1000000000000023,0.14,0,Shivamogga,Karnataka
2015-12-15,0.02,0.1999999999999929,0.2000000000000089,2.730000000000002,0.14,0,Shivamogga,Karnataka
2015-12-16,0.01,0.1699999999999929,0.2100000000000089,2.7100000000000017,0.14,0,Shivamogga,Karnataka
2015-12-17,0.0,0.029999999999992893,0.2100000000000089,0.5000000000000018,0.02,0,Shivamogga,Karnataka
2015-12-18,0.0,0.009999999999992895,0.2100000000000089,0.2100000000000018,0.01,0,Shivamogga,Karnataka
2015-12-19,0.0,0.0,0.2100000000000089,0.2100000000000018,0.0,0,Shivamogga,Karnataka
2015-12-20,0.0,0.0,0.1700000000000089,0.2100000000000018,0.0,0,Shivamogga,Karnataka
2015-12-21,0.0,0.0,0.03000000000000888,0.2100000000000018,0.0,0,Shivamogga,Karnataka
2015-12-22,0.0,0.0,0.010000000000008882,0.2100000000000018,0.0,0,Shivamogga,Karnataka
2015-12-23,0.0,0.0,0.0,0.2100000000000018,0.0,0,Shivamogga,Karnataka
2015-12-24,0.0,0.0,0.0,0.2100000000000018,0.0,0,Shivamogga,Karnataka
2015-12-25,0.0,0.0,0.0,0.2100000000000018,0.0,0,Shivamogga,Karnataka
2015-12-26,0.0,0.0,0.0,0.2100000000000018,0.0,0,Shivamogga,Karnataka
2015-12-27,0.0,0.0,0.0,0.2100000000000018,0.0,0,Shivamogga,Karnataka
2015-12-28,0.0,0.0,0.0,0.1700000000000018,0.0,0,Shivamogga,Karnataka
2015-12-29,0.0,0.0,0.0,0.030000000000001775,0.0,0,Shivamogga,Karnataka
2015-12-30,0.0,0.0,0.0,0.010000000000001777,0.0,0,Shivamogga,Karnataka
2015-12-31,0.0,0.0,0.0,0.0,0.0,0,Shivamogga,Karnataka
2016-01-01,0.0,0.0,0.0,0.0,0.0,0,Shivamogga,Karnataka
2016-01-02,0.0,0.0,0.0,0.0,0.0,0,Shivamogga,Karnataka
2016-01-03,0.0,0.0,0.0,0.0,0.0,0,Shivamogga,Karnataka
2016-01-04,0.0,0.0,0.0,0.0,0.0,0,Shivamogga,Karnataka
2016-01-05,0.0,0.0,0.0,0.0,0.0,0,Shivamogga,Karnataka
2016-01-06,0.0,0.0,0.0,0.0,0.0,0,Shivamogga,Karnataka
2016-01-07,0.0,0.0,0.0,0.0,0.0,0,Shivamogga,Karnataka
2016-01-08,0.0,0.0,0.0,0.0,0.0,0,Shivamogga,Karnataka
2016-01-09,0.0,0.0,0.0,0.0,0.0,0,Shivamogga,Karnataka
2016-01-10,0.0,0.0,0.0,0.0,0.0,0,Shivamogga,Karnataka
2016-01-11,0.0,0.0,0.0,0.0,0.0,0,Shivamogga,Karnataka
2016-01-12,0.0,0.0,0.0,0.0,0.0,0,Shivamogga,Karnataka
2016-01-13,0.0,0.0,0.0,0.0,0.0,0,Shivamogga,Karnataka
2016-01-14,0.0,0.0,0.0,0.0,0.0,0,Shivamogga,Karnataka
2016-01-15,0.0,0.0,0.0,0.0,0.0,0,Shivamogga,Karnataka
2016-01-16,0.0,0.0,0.0,0.0,0.0,0,Shivamogga,Karnataka
2016-01-17,0.0,0.0,0.0,0.0,0.0,0,Shivamogga,Karnataka
2016-01-18,0.04,0.039999999999992895,0.04000000000000888,0.04000000000000178,0.04,0,Shivamogga,Karnataka
2016-01-19,0.72,0.7599999999999929,0.7600000000000089,0.7600000000000018,0.72,0,Shivamogga,Karnataka
2016-01-20,0.16,0.9199999999999929,0.9200000000000089,0.9200000000000018,0.72,0,Shivamogga,Karnataka
2016-01-21,0.01,0.8899999999999929,0.9300000000000089,0.9300000000000018,0.72,0,Shivamogga,Karnataka
2016-01-22,0.0,0.1699999999999929,0.9300000000000089,0.9300000000000018,0.16,0,Shivamogga,Karnataka
2016-01-23,0.0,0.009999999999992895,0.9300000000000089,0.9300000000000018,0.01,0,Shivamogga,Karnataka
2016-01-24,0.0,0.0,0.9300000000000089,0.9300000000000018,0.0,0,Shivamogga,Karnataka
2016-01-25,0.0,0.0,0.8900000000000089,0.9300000000000018,0.0,0,Shivamogga,Karnataka
2016-01-26,0.0,0.0,0.1700000000000089,0.9300000000000018,0.0,0,Shivamogga,Karnataka
2016-01-27,0.0,0.0,0.010000000000008882,0.9300000000000018,0.0,0,Shivamogga,Karnataka
2016-01-28,0.0,0.0,0.0,0.9300000000000018,0.0,0,Shivamogga,Karnataka
2016-01-29,0.0,0.0,0.0,0.9300000000000018,0.0,0,Shivamogga,Karnataka
2016-01-30,0.0,0.0,0.0,0.9300000000000018,0.0,0,Shivamogga,Karnataka
2016-01-31,0.0,0.0,0.0,0.9300000000000018,0.0,0,Shivamogga,Karnataka
2016-02-01,0.0,0.0,0.0,0.9300000000000018,0.0,0,Shivamogga,Karnataka
2016-02-02,0.0,0.0,0.0,0.8900000000000018,0.0,0,Shivamogga,Karnataka
2016-02-03,0.0,0.0,0.0,0.1700000000000018,0.0,0,Shivamogga,Karnataka
2016-02-04,0.0,0.0,0.0,0.010000000000001777,0.0,0,Shivamogga,Karnataka
2016-02-05,0.0,0.0,0.0,0.0,0.0,0,Shivamogga,Karnataka
2016-02-06,0.0,0.0,0.0,0.0,0.0,0,Shivamogga,Karnataka
2016-02-07,0.0,0.0,0.0,0.0,0.0,0,Shivamogga,Karnataka
2016-02-08,0.0,0.0,0.0,0.0,0.0,0,Shivamogga,Karnataka
2016-02-09,0.0,0.0,0.0,0.0,0.0,0,Shivamogga,Karnataka
2016-02-10,0.0,0.0,0.0,0.0,0.0,0,Shivamogga,Karnataka
2016-02-11,0.0,0.0,0.0,0.0,0.0,0,Shivamogga,Karnataka
2016-02-12,0.0,0.0,0.0,0.0,0.0,0,Shivamogga,Karnataka
2016-02-13,0.0,0.0,0.0,0.0,0.0,0,Shivamogga,Karnataka
2016-02-14,0.0,0.0,0.0,0.0,0.0,0,Shivamogga,Karnataka
2016-02-15,0.0,0.0,0.0,0.0,0.0,0,Shivamogga,Karnataka
2016-02-16,0.0,0.0,0.0,0.0,0.0,0,Shivamogga,Karnataka
2016-02-17,0.0,0.0,0.0,0.0,0.0,0,Shivamogga,Karnataka
2016-02-18,0.0,0.0,0.0,0.0,0.0,0,Shivamogga,Karnataka
2016-02-19,0.0,0.0,0.0,0.0,0.0,0,Shivamogga,Karnataka
2016-02-20,0.0,0.0,0.0,0.0,0.0,0,Shivamogga,Karnataka
2016-02-21,0.0,0.0,0.0,0.0,0.0,0,Shivamogga,Karnataka
2016-02-22,0.0,0.0,0.0,0.0,0.0,0,Shivamogga,Karnataka
2016-02-23,0.0,0.0,0.0,0.0,0.0,0,Shivamogga,Karnataka
2016-02-24,0.0,0.0,0.0,0.0,0.0,0,Shivamogga,Karnataka
2016-02-25,0.0,0.0,0.0,0.0,0.0,0,Shivamogga,Karnataka
2016-02-26,0.0,0.0,0.0,0.0,0.0,0,Shivamogga,Karnataka
2016-02-27,0.0,0.0,0.0,0.0,0.0,0,Shivamogga,Karnataka
2016-02-28,0.0,0.0,0.0,0.0,0.0,0,Shivamogga,Karnataka
2016-02-29,0.0,0.0,0.0,0.0,0.0,0,Shivamogga,Karnataka
2016-03-01,0.0,0.0,0.0,0.0,0.0,0,Shivamogga,Karnataka
2016-03-02,0.0,0.0,0.0,0.0,0.0,0,Shivamogga,Karnataka
2016-03-03,0.0,0.0,0.0,0.0,0.0,0,Shivamogga,Karnataka
2016-03-04,0.0,0.0,0.0,0.0,0.0,0,Shivamogga,Karnataka
2016-03-05,0.0,0.0,0.0,0.0,0.0,0,Shivamogga,Karnataka
2016-03-06,0.0,0.0,0.0,0.0,0.0,0,Shivamogga,Karnataka
2016-03-07,0.0,0.0,0.0,0.0,0.0,0,Shivamogga,Karnataka
2016-03-08,0.0,0.0,0.0,0.0,0.0,0,Shivamogga,Karnataka
2016-03-09,0.0,0.0,0.0,0.0,0.0,0,Shivamogga,Karnataka
2016-03-10,0.0,0.0,0.0,0.0,0.0,0,Shivamogga,Karnataka
2016-03-11,0.0,0.0,0.0,0.0,0.0,0,Shivamogga,Karnataka
2016-03-12,0.0,0.0,0.0,0.0,0.0,0,Shivamogga,Karnataka
2016-03-13,0.0,0.0,0.0,0.0,0.0,0,Shivamogga,Karnataka
2016-03-14,0.01,0.009999999999992895,0.010000000000008882,0.010000000000001777,0.01,0,Shivamogga,Karnataka
2016-03-15,0.12,0.1299999999999929,0.1300000000000089,0.13000000000000178,0.12,0,Shivamogga,Karnataka
2016-03-16,0.02,0.1499999999999929,0.15000000000000888,0.15000000000000177,0.12,0,Shivamogga,Karnataka
2016-03-17,0.02,0.15999999999999287,0.17000000000000887,0.17000000000000176,0.12,0,Shivamogga,Karnataka
2016-03-18,0.0,0.039999999999992895,0.17000000000000887,0.17000000000000176,0.02,0,Shivamogga,Karnataka
2016-03-19,0.0,0.019999999999992895,0.17000000000000887,0.17000000000000176,0.02,0,Shivamogga,Karnataka
2016-03-20,0.0,0.0,0.17000000000000887,0.17000000000000176,0.0,0,Shivamogga,Karnataka
2016-03-21,0.0,0.0,0.16000000000000886,0.17000000000000176,0.0,0,Shivamogga,Karnataka
2016-03-22,0.0,0.0,0.04000000000000888,0.17000000000000176,0.0,0,Shivamogga,Karnataka
2016-03-23,0.0,0.0,0.020000000000008882,0.17000000000000176,0.0,0,Shivamogga,Karnataka
2016-03-24,0.0,0.0,0.0,0.17000000000000176,0.0,0,Shivamogga,Karnataka
2016-03-25,0.0,0.0,0.0,0.17000000000000176,0.0,0,Shivamogga,Karnataka
2016-03-26,0.0,0.0,0.0,0.17000000000000176,0.0,0,Shivamogga,Karnataka
2016-03-27,0.0,0.0,0.0,0.17000000000000176,0.0,0,Shivamogga,Karnataka
2016-03-28,0.0,0.0,0.0,0.17000000000000176,0.0,0,Shivamogga,Karnataka
2016-03-29,0.0,0.0,0.0,0.16000000000000175,0.0,0,Shivamogga,Karnataka
2016-03-30,0.0,0.0,0.0,0.04000000000000178,0.0,0,Shivamogga,Karnataka
2016-03-31,0.28,0.2799999999999929,0.2800000000000089,0.3000000000000018,0.28,0,Shivamogga,Karnataka
2016-04-01,0.42,0.6999999999999929,0.7000000000000088,0.7000000000000017,0.42,0,Shivamogga,Karnataka
2016-04-02,0.14,0.839999999999993,0.840000000000009,0.8400000000000019,0.42,0,Shivamogga,Karnataka
2016-04-03,0.09,0.6499999999999929,0.9300000000000089,0.9300000000000018,0.42,0,Shivamogga,Karnataka
2016-04-04,0.01,0.2399999999999929,0.9400000000000089,0.9400000000000018,0.14,0,Shivamogga,Karnataka
2016-04-05,0.16,0.2599999999999929,1.100000000000009,1.1000000000000019,0.16,0,Shivamogga,Karnataka
2016-04-06,0.18,0.3499999999999929,1.280000000000009,1.2800000000000018,0.18,0,Shivamogga,Karnataka
2016-04-07,0.01,0.3499999999999929,1.010000000000009,1.2900000000000018,0.18,0,Shivamogga,Karnataka
2016-04-08,0.01,0.19999999999999288,0.600000000000009,1.3000000000000018,0.18,0,Shivamogga,Karnataka
2016-04-09,1.0,1.019999999999993,1.4600000000000088,2.3000000000000016,1.0,0,Shivamogga,Karnataka
2016-04-10,0.6,1.6099999999999928,1.9700000000000086,2.9000000000000017,1.0,0,Shivamogga,Karnataka
2016-04-11,0.0,1.599999999999993,1.9600000000000088,2.9000000000000017,1.0,0,Shivamogga,Karnataka
2016-04-12,0.0,0.5999999999999929,1.8000000000000087,2.9000000000000017,0.6,0,Shivamogga,Karnataka
2016-04-13,0.0,0.0,1.620000000000009,2.9000000000000017,0.0,0,Shivamogga,Karnataka
2016-04-14,0.0,0.0,1.6100000000000088,2.9000000000000017,0.0,0,Shivamogga,Karnataka
2016-04-15,0.16,0.1599999999999929,1.760000000000009,2.780000000000002,0.16,0,Shivamogga,Karnataka
2016-04-16,1.24,1.3999999999999928,2.000000000000009,3.6000000000000014,1.24,0,Shivamogga,Karnataka
2016-04-17,0.64,2.039999999999993,2.040000000000009,4.100000000000002,1.24,0,Shivamogga,Karnataka
2016-04-18,0.0,1.8799999999999928,2.040000000000009,4.0100000000000025,1.24,0,Shivamogga,Karnataka
2016-04-19,0.0,0.6399999999999929,2.040000000000009,4.000000000000002,0.64,0,Shivamogga,Karnataka
2016-04-20,0.06,0.05999999999999289,2.100000000000009,3.9000000000000017,0.06,0,Shivamogga,Karnataka
2016-04-21,0.15,0.2099999999999929,2.250000000000009,3.8700000000000014,0.15,0,Shivamogga,Karnataka
2016-04-22,0.0,0.2099999999999929,2.090000000000009,3.8600000000000017,0.15,0,Shivamogga,Karnataka
2016-04-23,0.0,0.1499999999999929,0.8500000000000089,3.850000000000002,0.15,0,Shivamogga,Karnataka
2016-04-24,0.0,0.0,0.21000000000000887,2.8500000000000014,0.0,0,Shivamogga,Karnataka
2016-04-25,0.0,0.0,0.21000000000000887,2.2500000000000018,0.0,0,Shivamogga,Karnataka
2016-04-26,0.04,0.039999999999992895,0.2500000000000089,2.290000000000002,0.04,0,Shivamogga,Karnataka
2016-04-27,0.0,0.039999999999992895,0.19000000000000888,2.290000000000002,0.04,0,Shivamogga,Karnataka
2016-04-28,0.0,0.039999999999992895,0.04000000000000888,2.290000000000002,0.04,0,Shivamogga,Karnataka
2016-04-29,0.04,0.039999999999992895,0.08000000000000888,2.330000000000002,0.04,0,Shivamogga,Karnataka
2016-04-30,0.01,0.0499999999999929,0.09000000000000888,2.180000000000002,0.04,0,Shivamogga,Karnataka
2016-05-01,0.05,0.0999999999999929,0.1400000000000089,0.9900000000000018,0.05,0,Shivamogga,Karnataka
2016-05-02,0.0,0.0599999999999929,0.1400000000000089,0.35000000000000175,0.05,0,Shivamogga,Karnataka
2016-05-03,6.31,6.359999999999992,6.410000000000008,6.660000000000001,6.31,0,Shivamogga,Karnataka
2016-05-04,7.41,13.719999999999992,13.820000000000007,14.07,7.41,0,Shivamogga,Karnataka
2016-05-05,0.0,13.719999999999992,13.820000000000007,14.010000000000002,7.41,0,Shivamogga,Karnataka
2016-05-06,4.2,11.609999999999992,17.98000000000001,18.060000000000002,7.41,0,Shivamogga,Karnataka
2016-05-07,1.08,5.279999999999993,19.050000000000008,19.14,4.2,0,Shivamogga,Karnataka
2016-05-08,0.02,5.299999999999993,19.020000000000007,19.16,4.2,0,Shivamogga,Karnataka
2016-05-09,0.0,1.099999999999993,19.020000000000007,19.16,1.08,0,Shivamogga,Karnataka
2016-05-10,0.07,0.0899999999999929,12.780000000000008,19.23,0.07,0,Shivamogga,Karnataka
2016-05-11,0.79,0.859999999999993,6.160000000000009,19.98,0.79,0,Shivamogga,Karnataka
2016-05-12,4.61,5.4699999999999935,10.77000000000001,24.590000000000003,4.61,0,Shivamogga,Karnataka
2016-05-13,3.35,8.749999999999993,9.920000000000009,27.94,4.61,0,Shivamogga,Karnataka
2016-05-14,1.14,9.099999999999993,9.98000000000001,29.040000000000003,4.61,0,Shivamogga,Karnataka
2016-05-15,1.62,6.109999999999993,11.580000000000009,30.650000000000002,3.35,0,Shivamogga,Karnataka
2016-05-16,5.98,8.739999999999993,17.56000000000001,36.58,5.98,0,Shivamogga,Karnataka
2016-05-17,7.54,15.139999999999993,25.03000000000001,44.120000000000005,7.54,0,Shivamogga,Karnataka
2016-05-18,1.7,15.219999999999992,25.940000000000012,39.510000000000005,7.54,0,Shivamogga,Karnataka
2016-05-19,1.73,10.969999999999992,23.060000000000013,33.830000000000005,7.54,0,Shivamogga,Karnataka
2016-05-20,4.15,7.579999999999993,23.86000000000001,37.980000000000004,4.15,0,Shivamogga,Karnataka
2016-05-21,0.18,6.0599999999999925,22.90000000000001,33.96,4.15,0,Shivamogga,Karnataka
2016-05-22,0.0,4.329999999999993,21.28000000000001,32.88,4.15,0,Shivamogga,Karnataka
2016-05-23,0.02,0.19999999999999288,15.320000000000007,32.88,0.18,0,Shivamogga,Karnataka
2016-05-24,0.02,0.039999999999992895,7.800000000000009,32.900000000000006,0.02,0,Shivamogga,Karnataka
2016-05-25,0.03,0.0699999999999929,6.130000000000009,32.86000000000001,0.03,0,Shivamogga,Karnataka
2016-05-26,0.93,0.979999999999993,5.330000000000009,33.00000000000001,0.93,0,Shivamogga,Karnataka
2016-05-27,0.26,1.219999999999993,1.4400000000000088,28.650000000000002,0.93,0,Shivamogga,Karnataka
2016-05-28,4.21,5.399999999999993,5.470000000000009,29.51,4.21,0,Shivamogga,Karnataka
2016-05-29,3.49,7.959999999999994,8.960000000000008,31.860000000000007,4.21,0,Shivamogga,Karnataka
2016-05-30,14.56,22.259999999999994,23.50000000000001,44.800000000000004,14.56,0,Shivamogga,Karnataka
2016-05-31,2.23,20.27999999999999,25.71000000000001,41.05,14.56,0,Shivamogga,Karnataka
2016-06-01,2.89,19.679999999999993,28.57000000000001,36.4,14.56,1,Shivamogga,Karnataka
2016-06-02,3.76,8.879999999999992,31.40000000000001,38.46000000000001,3.76,1,Shivamogga,Karnataka
2016-06-03,4.61,11.259999999999991,35.75000000000001,41.34,4.61,1,Shivamogga,Karnataka
2016-06-04,8.74,17.109999999999992,40.280000000000015,45.93000000000001,8.74,1,Shivamogga,Karnataka
2016-06-05,3.52,16.869999999999994,40.31000000000001,49.27,8.74,1,Shivamogga,Karnataka
2016-06-06,1.31,13.569999999999991,27.06000000000001,50.580000000000005,8.74,1,Shivamogga,Karnataka
2016-06-07,3.1,7.929999999999991,27.93000000000001,53.660000000000004,3.52,1,Shivamogga,Karnataka
2016-06-08,12.51,16.91999999999999,37.55000000000001,66.15,12.51,1,Shivamogga,Karnataka
2016-06-09,9.15,24.75999999999999,42.94000000000001,75.27000000000001,12.51,1,Shivamogga,Karnataka
2016-06-10,10.09,31.74999999999999,48.420000000000016,84.42999999999999,12.51,1,Shivamogga,Karnataka
2016-06-11,4.16,23.39999999999999,43.84000000000001,88.33000000000001,10.09,1,Shivamogga,Karnataka
2016-06-12,3.34,17.58999999999999,43.66000000000001,87.46,10.09,1,Shivamogga,Karnataka
2016-06-13,9.97,17.46999999999999,52.320000000000014,93.94,9.97,1,Shivamogga,Karnataka
2016-06-14,3.55,16.859999999999992,52.77000000000001,82.93,9.97,1,Shivamogga,Karnataka
2016-06-15,2.06,15.579999999999991,42.320000000000014,82.75999999999999,9.97,1,Shivamogga,Karnataka
2016-06-16,4.29,9.899999999999991,37.460000000000015,84.16,4.29,1,Shivamogga,Karnataka
2016-06-17,6.5,12.84999999999999,33.87000000000001,86.9,6.5,1,Shivamogga,Karnataka
2016-06-18,12.26,23.04999999999999,41.97000000000001,94.55000000000001,12.26,1,Shivamogga,Karnataka
2016-06-19,4.17,22.929999999999993,42.80000000000001,89.97999999999999,12.26,1,Shivamogga,Karnataka
2016-06-20,11.13,27.559999999999995,43.96000000000001,97.59,12.26,1,Shivamogga,Karnataka
2016-06-21,9.16,24.459999999999994,49.570000000000014,105.44,11.13,1,Shivamogga,Karnataka
2016-06-22,20.58,40.86999999999999,68.09,122.92,20.58,1,Shivamogga,Karnataka
2016-06-23,9.0,38.739999999999995,72.80000000000001,119.41,20.58,1,Shivamogga,Karnataka
2016-06-24,8.23,37.80999999999999,74.53000000000002,118.49000000000001,20.58,1,Shivamogga,Karnataka
2016-06-25,8.36,25.589999999999993,70.63000000000001,116.76,9.0,1,Shivamogga,Karnataka
2016-06-26,9.05,25.639999999999993,75.51000000000002,121.65,9.05,1,Shivamogga,Karnataka
2016-06-27,15.38,32.78999999999999,79.76000000000002,133.69,15.38,1,Shivamogga,Karnataka
2016-06-28,26.17,50.599999999999994,96.77000000000001,149.89000000000001,26.17,1,Shivamogga,Karnataka
2016-06-29,25.99,67.53999999999999,102.18000000000002,172.32999999999998,26.17,1,Shivamogga,Karnataka
2016-06-30,5.05,57.209999999999994,98.23,175.32,26.17,1,Shivamogga,Karnataka
2016-07-01,9.48,40.519999999999996,99.48000000000002,180.51,25.99,1,Shivamogga,Karnataka
2016-07-02,14.03,28.559999999999995,105.15000000000002,188.04,14.03,1,Shivamogga,Karnataka
2016-07-03,13.98,37.489999999999995,110.08000000000003,189.76000000000002,14.03,1,Shivamogga,Karnataka
2016-07-04,21.64,49.64999999999999,116.34000000000002,207.23,21.64,1,Shivamogga,Karnataka
2016-07-05,13.83,49.449999999999996,104.00000000000001,209.93,21.64,1,Shivamogga,Karnataka
2016-07-06,11.76,47.23,89.77000000000002,212.53,21.64,1,Shivamogga,Karnataka
2016-07-07,4.03,29.619999999999997,88.75000000000003,195.98,13.83,1,Shivamogga,Karnataka
2016-07-08,1.26,17.049999999999997,80.53000000000002,188.24,11.76,1,Shivamogga,Karnataka
2016-07-09,2.94,8.229999999999997,69.44000000000003,182.95,4.03,1,Shivamogga,Karnataka
2016-07-10,8.94,13.139999999999997,64.40000000000002,183.53000000000003,8.94,1,Shivamogga,Karnataka
2016-07-11,5.79,17.669999999999995,48.55000000000001,180.27,8.94,1,Shivamogga,Karnataka
2016-07-12,5.18,19.909999999999993,39.90000000000001,170.07000000000002,8.94,1,Shivamogga,Karnataka
2016-07-13,5.53,16.499999999999996,33.670000000000016,149.43,5.79,1,Shivamogga,Karnataka
2016-07-14,2.67,13.379999999999997,32.31000000000002,126.11,5.53,1,Shivamogga,Karnataka
2016-07-15,3.24,11.439999999999996,34.29000000000001,124.3,5.53,1,Shivamogga,Karnataka
2016-07-16,3.71,9.619999999999997,35.06000000000002,118.53,3.71,1,Shivamogga,Karnataka
2016-07-17,2.41,9.359999999999996,28.530000000000015,106.91,3.71,1,Shivamogga,Karnataka
2016-07-18,5.31,11.429999999999996,28.05000000000001,98.24000000000001,5.31,1,Shivamogga,Karnataka
2016-07-19,2.6,10.319999999999997,25.470000000000013,79.19999999999999,5.31,1,Shivamogga,Karnataka
2016-07-20,13.65,21.559999999999995,33.59000000000001,79.02,13.65,1,Shivamogga,Karnataka
2016-07-21,22.01,38.260000000000005,52.93000000000002,89.27000000000001,22.01,1,Shivamogga,Karnataka
2016-07-22,16.09,51.75,65.78000000000002,101.33,22.01,1,Shivamogga,Karnataka
2016-07-23,14.95,53.05,77.02000000000001,115.02,22.01,1,Shivamogga,Karnataka
2016-07-24,9.81,40.849999999999994,84.42000000000002,121.89,16.09,1,Shivamogga,Karnataka
2016-07-25,2.57,27.329999999999995,81.68000000000002,115.52,14.95,1,Shivamogga,Karnataka
2016-07-26,3.12,15.499999999999996,82.20000000000002,112.85,9.81,1,Shivamogga,Karnataka
2016-07-27,4.74,10.429999999999996,73.29000000000002,112.41,4.74,1,Shivamogga,Karnataka
2016-07-28,10.12,17.979999999999997,61.40000000000002,117.0,10.12,1,Shivamogga,Karnataka
2016-07-29,7.37,22.229999999999997,52.680000000000014,121.7,10.12,1,Shivamogga,Karnataka
2016-07-30,9.22,26.709999999999994,46.95000000000002,127.68,10.12,1,Shivamogga,Karnataka
2016-07-31,3.88,20.469999999999995,41.02000000000002,127.85,9.22,1,Shivamogga,Karnataka
2016-08-01,2.35,15.449999999999996,40.80000000000001,127.78999999999999,9.22,1,Shivamogga,Karnataka
2016-08-02,1.78,8.009999999999996,39.460000000000015,124.25999999999999,3.88,1,Shivamogga,Karnataka
2016-08-03,3.86,7.989999999999997,38.58000000000001,125.52,3.86,1,Shivamogga,Karnataka
2016-08-04,11.57,17.209999999999997,40.030000000000015,123.44,11.57,1,Shivamogga,Karnataka
2016-08-05,9.91,25.339999999999996,42.57000000000002,111.34,11.57,1,Shivamogga,Karnataka
2016-08-06,8.95,30.429999999999996,42.300000000000026,104.2,11.57,1,Shivamogga,Karnataka
2016-08-07,4.89,23.749999999999996,43.31000000000002,94.14,9.91,1,Shivamogga,Karnataka
2016-08-08,4.86,18.699999999999996,45.82000000000002,89.19,8.95,1,Shivamogga,Karnataka
2016-08-09,2.21,11.959999999999997,46.250000000000014,88.83,4.89,1,Shivamogga,Karnataka
2016-08-10,2.86,9.929999999999996,45.250000000000014,88.57,4.86,1,Shivamogga,Karnataka
2016-08-11,4.21,9.279999999999998,37.890000000000015,88.04,4.21,1,Shivamogga,Karnataka
2016-08-12,3.37,10.439999999999998,31.350000000000016,81.29,4.21,1,Shivamogga,Karnataka
2016-08-13,2.99,10.569999999999997,25.39000000000002,76.91,4.21,1,Shivamogga,Karnataka
2016-08-14,3.17,9.529999999999998,23.670000000000016,70.86,3.37,1,Shivamogga,Karnataka
2016-08-15,5.11,11.269999999999996,23.920000000000016,72.09,5.11,1,Shivamogga,Karnataka
2016-08-16,5.3,13.579999999999997,27.010000000000016,75.04,5.3,1,Shivamogga,Karnataka
2016-08-17,3.49,13.899999999999997,27.64000000000002,76.75,5.3,1,Shivamogga,Karnataka
2016-08-18,3.37,12.159999999999997,26.80000000000002,76.26,5.3,1,Shivamogga,Karnataka
2016-08-19,2.99,9.849999999999998,26.42000000000002,67.68,3.49,1,Shivamogga,Karnataka
2016-08-20,1.06,7.419999999999996,24.490000000000016,58.830000000000005,3.37,1,Shivamogga,Karnataka
2016-08-21,2.71,6.759999999999996,24.03000000000002,52.59,2.99,1,Shivamogga,Karnataka
2016-08-22,5.07,8.839999999999996,23.990000000000016,52.769999999999996,5.07,1,Shivamogga,Karnataka
2016-08-23,7.78,15.559999999999995,26.47000000000002,55.69,7.78,1,Shivamogga,Karnataka
2016-08-24,6.38,19.229999999999997,29.360000000000017,59.86,7.78,1,Shivamogga,Karnataka
2016-08-25,6.53,20.689999999999998,32.52000000000002,63.53,7.78,1,Shivamogga,Karnataka
2016-08-26,1.84,14.749999999999996,31.37000000000002,61.16,6.53,1,Shivamogga,Karnataka
2016-08-27,2.06,10.429999999999996,32.37000000000002,59.85,6.53,1,Shivamogga,Karnataka
2016-08-28,5.08,8.979999999999997,34.740000000000016,61.94,5.08,1,Shivamogga,Karnataka
2016-08-29,3.31,10.449999999999998,32.98000000000002,62.08,5.08,1,Shivamogga,Karnataka
2016-08-30,8.44,16.83,33.640000000000015,65.41,8.44,1,Shivamogga,Karnataka
2016-08-31,10.52,22.269999999999996,37.780000000000015,70.63,10.52,1,Shivamogga,Karnataka
2016-09-01,3.63,22.589999999999996,34.88000000000002,70.77000000000001,10.52,1,Shivamogga,Karnataka
2016-09-02,1.74,15.889999999999995,34.78000000000002,69.14,10.52,1,Shivamogga,Karnataka
2016-09-03,2.62,7.989999999999997,35.34000000000002,68.77000000000001,3.63,1,Shivamogga,Karnataka
2016-09-04,1.08,5.439999999999997,31.340000000000018,68.79,2.62,1,Shivamogga,Karnataka
2016-09-05,0.54,4.239999999999997,28.570000000000018,66.61999999999999,2.62,1,Shivamogga,Karnataka
2016-09-06,1.58,3.1999999999999966,21.710000000000015,63.13,1.58,1,Shivamogga,Karnataka
2016-09-07,2.24,4.359999999999997,13.430000000000017,57.59,2.24,1,Shivamogga,Karnataka
2016-09-08,1.19,5.009999999999996,10.99000000000002,52.4,2.24,1,Shivamogga,Karnataka
2016-09-09,0.3,3.7299999999999964,9.550000000000018,46.17,2.24,1,Shivamogga,Karnataka
2016-09-10,0.23,1.7199999999999964,7.160000000000018,44.56,1.19,1,Shivamogga,Karnataka
2016-09-11,0.48,1.0099999999999965,6.560000000000018,42.98,0.48,1,Shivamogga,Karnataka
2016-09-12,1.36,2.0699999999999967,7.3800000000000185,39.260000000000005,1.36,1,Shivamogga,Karnataka
2016-09-13,2.35,4.189999999999996,8.150000000000018,38.3,2.35,1,Shivamogga,Karnataka
2016-09-14,8.77,12.479999999999995,14.680000000000017,38.63,8.77,1,Shivamogga,Karnataka
2016-09-15,3.57,14.689999999999996,17.060000000000016,31.68,8.77,1,Shivamogga,Karnataka
2016-09-16,4.29,16.629999999999995,21.05000000000002,32.34,8.77,1,Shivamogga,Karnataka
2016-09-17,3.66,11.519999999999996,24.480000000000018,34.260000000000005,4.29,1,Shivamogga,Karnataka
2016-09-18,2.97,10.919999999999996,26.970000000000017,34.61,4.29,1,Shivamogga,Karnataka
2016-09-19,1.6,8.229999999999997,27.210000000000015,35.13,3.66,1,Shivamogga,Karnataka
2016-09-20,1.61,6.179999999999997,26.470000000000017,36.2,2.97,1,Shivamogga,Karnataka
2016-09-21,8.09,11.299999999999997,25.790000000000013,42.709999999999994,8.09,1,Shivamogga,Karnataka
2016-09-22,2.06,11.759999999999998,24.28000000000002,42.53,8.09,1,Shivamogga,Karnataka
2016-09-23,6.11,16.259999999999998,26.100000000000016,47.449999999999996,8.09,1,Shivamogga,Karnataka
2016-09-24,6.81,14.979999999999997,29.250000000000018,53.96,6.81,1,Shivamogga,Karnataka
2016-09-25,7.53,20.449999999999996,33.81000000000002,61.26,7.53,1,Shivamogga,Karnataka
2016-09-26,5.5,19.839999999999996,37.710000000000015,66.28,7.53,1,Shivamogga,Karnataka
2016-09-27,2.2,15.229999999999997,38.30000000000002,67.12,7.53,1,Shivamogga,Karnataka
2016-09-28,5.57,13.269999999999996,35.78000000000002,70.34,5.57,1,Shivamogga,Karnataka
2016-09-29,1.58,9.349999999999998,35.30000000000002,63.15,5.57,1,Shivamogga,Karnataka
2016-09-30,0.2,7.349999999999997,29.39000000000002,59.78,5.57,1,Shivamogga,Karnataka
2016-10-01,0.07,1.8499999999999965,22.65000000000002,55.559999999999995,1.58,0,Shivamogga,Karnataka
2016-10-02,0.04,0.30999999999999645,15.160000000000018,51.94,0.2,0,Shivamogga,Karnataka
2016-10-03,0.0,0.10999999999999646,9.660000000000018,48.97,0.07,0,Shivamogga,Karnataka
2016-10-04,0.01,0.04999999999999645,7.470000000000018,47.38,0.04,0,Shivamogga,Karnataka
2016-10-05,0.14,0.14999999999999647,2.040000000000018,45.910000000000004,0.14,0,Shivamogga,Karnataka
2016-10-06,0.1,0.24999999999999648,0.5600000000000178,37.92,0.14,0,Shivamogga,Karnataka
2016-10-07,0.76,0.9999999999999964,1.1200000000000179,36.620000000000005,0.76,0,Shivamogga,Karnataka
2016-10-08,1.08,1.9399999999999964,2.1300000000000177,31.590000000000003,1.08,0,Shivamogga,Karnataka
2016-10-09,2.88,4.719999999999996,4.9700000000000175,27.66,2.88,0,Shivamogga,Karnataka
2016-10-10,4.12,8.079999999999997,9.090000000000018,24.250000000000004,4.12,0,Shivamogga,Karnataka
2016-10-11,19.43,26.429999999999996,28.51000000000002,38.18,19.43,0,Shivamogga,Karnataka
2016-10-12,3.34,26.889999999999997,31.71000000000002,39.32000000000001,19.43,0,Shivamogga,Karnataka
2016-10-13,5.09,27.859999999999996,36.70000000000002,38.84,19.43,0,Shivamogga,Karnataka
2016-10-14,0.28,8.709999999999996,36.22000000000001,37.54,5.09,0,Shivamogga,Karnataka
2016-10-15,0.01,5.379999999999996,35.15000000000002,37.35,5.09,0,Shivamogga,Karnataka
2016-10-16,0.0,0.2899999999999965,32.270000000000024,37.28,0.28,0,Shivamogga,Karnataka
2016-10-17,0.0,0.009999999999996447,28.150000000000016,37.24,0.01,0,Shivamogga,Karnataka
2016-10-18,0.0,0.0,8.720000000000017,37.24,0.0,0,Shivamogga,Karnataka
2016-10-19,0.0,0.0,5.380000000000018,37.23,0.0,0,Shivamogga,Karnataka
2016-10-20,0.0,0.0,0.2900000000000178,37.089999999999996,0.0,0,Shivamogga,Karnataka
2016-10-21,0.0,0.0,0.010000000000017764,36.99,0.0,0,Shivamogga,Karnataka
2016-10-22,0.0,0.0,0.0,36.23,0.0,0,Shivamogga,Karnataka
2016-10-23,0.0,0.0,0.0,35.15,0.0,0,Shivamogga,Karnataka
2016-10-24,0.0,0.0,0.0,32.269999999999996,0.0,0,Shivamogga,Karnataka
2016-10-25,0.0,0.0,0.0,28.15,0.0,0,Shivamogga,Karnataka
2016-10-26,0.0,0.0,0.0,8.719999999999999,0.0,0,Shivamogga,Karnataka
2016-10-27,0.0,0.0,0.0,5.38,0.0,0,Shivamogga,Karnataka
2016-10-28,0.0,0.0,0.0,0.29000000000000004,0.0,0,Shivamogga,Karnataka
2016-10-29,0.0,0.0,0.0,0.01,0.0,0,Shivamogga,Karnataka
2016-10-30,0.02,0.019999999999996448,0.020000000000017764,0.02,0.02,0,Shivamogga,Karnataka
2016-10-31,0.03,0.04999999999999645,0.050000000000017766,0.05,0.03,0,Shivamogga,Karnataka
2016-11-01,0.17,0.21999999999999648,0.2200000000000178,0.22000000000000003,0.17,0,Shivamogga,Karnataka
2016-11-02,0.03,0.22999999999999646,0.25000000000001776,0.25,0.17,0,Shivamogga,Karnataka
2016-11-03,0.0,0.19999999999999646,0.25000000000001776,0.25,0.17,0,Shivamogga,Karnataka
2016-11-04,0.0,0.029999999999996446,0.25000000000001776,0.25,0.03,0,Shivamogga,Karnataka
2016-11-05,0.0,0.0,0.25000000000001776,0.25,0.0,0,Shivamogga,Karnataka
2016-11-06,0.0,0.0,0.23000000000001777,0.25,0.0,0,Shivamogga,Karnataka
2016-11-07,0.0,0.0,0.20000000000001777,0.25,0.0,0,Shivamogga,Karnataka
2016-11-08,0.0,0.0,0.030000000000017762,0.25,0.0,0,Shivamogga,Karnataka
2016-11-09,0.0,0.0,0.0,0.25,0.0,0,Shivamogga,Karnataka
2016-11-10,0.0,0.0,0.0,0.25,0.0,0,Shivamogga,Karnataka
2016-11-11,0.0,0.0,0.0,0.25,0.0,0,Shivamogga,Karnataka
2016-11-12,0.0,0.0,0.0,0.25,0.0,0,Shivamogga,Karnataka
2016-11-13,0.01,0.009999999999996447,0.010000000000017764,0.26,0.01,0,Shivamogga,Karnataka
2016-11-14,0.73,0.7399999999999964,0.7400000000000178,0.97,0.73,0,Shivamogga,Karnataka
2016-11-15,0.94,1.6799999999999964,1.6800000000000177,1.88,0.94,0,Shivamogga,Karnataka
2016-11-16,0.03,1.6999999999999964,1.7100000000000177,1.74,0.94,0,Shivamogga,Karnataka
2016-11-17,0.0,0.9699999999999964,1.7100000000000177,1.71,0.94,0,Shivamogga,Karnataka
2016-11-18,0.0,0.029999999999996446,1.7100000000000177,1.71,0.03,0,Shivamogga,Karnataka
2016-11-19,0.0,0.0,1.7100000000000177,1.71,0.0,0,Shivamogga,Karnataka
2016-11-20,0.0,0.0,1.7000000000000177,1.71,0.0,0,Shivamogga,Karnataka
2016-11-21,0.0,0.0,0.9700000000000177,1.71,0.0,0,Shivamogga,Karnataka
2016-11-22,0.0,0.0,0.030000000000017762,1.71,0.0,0,Shivamogga,Karnataka
2016-11-23,0.0,0.0,0.0,1.71,0.0,0,Shivamogga,Karnataka
2016-11-24,0.0,0.0,0.0,1.71,0.0,0,Shivamogga,Karnataka
2016-11-25,0.0,0.0,0.0,1.71,0.0,0,Shivamogga,Karnataka
2016-11-26,0.0,0.0,0.0,1.71,0.0,0,Shivamogga,Karnataka
2016-11-27,0.0,0.0,0.0,1.71,0.0,0,Shivamogga,Karnataka
2016-11-28,0.0,0.0,0.0,1.7,0.0,0,Shivamogga,Karnataka
2016-11-29,0.0,0.0,0.0,0.97,0.0,0,Shivamogga,Karnataka
2016-11-30,0.0,0.0,0.0,0.03,0.0,0,Shivamogga,Karnataka
2016-12-01,0.0,0.0,0.0,0.0,0.0,0,Shivamogga,Karnataka
2016-12-02,2.46,2.4599999999999964,2.4600000000000177,2.46,2.46,0,Shivamogga,Karnataka
2016-12-03,1.31,3.7699999999999965,3.770000000000018,3.77,2.46,0,Shivamogga,Karnataka
2016-12-04,0.27,4.0399999999999965,4.040000000000018,4.04,2.46,0,Shivamogga,Karnataka
2016-12-05,0.21,1.7899999999999965,4.250000000000018,4.25,1.31,0,Shivamogga,Karnataka
2016-12-06,0.01,0.48999999999999644,4.2600000000000176,4.26,0.27,0,Shivamogga,Karnataka
2016-12-07,0.0,0.21999999999999645,4.2600000000000176,4.26,0.21,0,Shivamogga,Karnataka
2016-12-08,0.0,0.009999999999996447,4.2600000000000176,4.26,0.01,0,Shivamogga,Karnataka
2016-12-09,0.0,0.0,1.8000000000000178,4.26,0.0,0,Shivamogga,Karnataka
2016-12-10,0.0,0.0,0.49000000000001775,4.26,0.0,0,Shivamogga,Karnataka
2016-12-11,0.0,0.0,0.22000000000001776,4.26,0.0,0,Shivamogga,Karnataka
2016-12-12,1.38,1.3799999999999963,1.3900000000000177,5.64,1.38,0,Shivamogga,Karnataka
2016-12-13,8.26,9.639999999999997,9.640000000000018,13.899999999999999,8.26,0,Shivamogga,Karnataka
2016-12-14,2.17,11.809999999999995,11.810000000000016,16.07,8.26,0,Shivamogga,Karnataka
2016-12-15,0.03,10.459999999999996,11.840000000000016,16.1,8.26,0,Shivamogga,Karnataka
2016-12-16,0.0,2.1999999999999944,11.840000000000016,16.1,2.17,0,Shivamogga,Karnataka
2016-12-17,0.0,0.02999999999999467,11.840000000000016,13.639999999999999,0.03,0,Shivamogga,Karnataka
2016-12-18,0.0,0.0,11.840000000000016,12.33,0.0,0,Shivamogga,Karnataka
2016-12-19,0.0,0.0,10.460000000000015,12.059999999999999,0.0,0,Shivamogga,Karnataka
2016-12-20,0.0,0.0,2.2000000000000175,11.85,0.0,0,Shivamogga,Karnataka
2016-12-21,0.0,0.0,0.030000000000017762,11.84,0.0,0,Shivamogga,Karnataka
2016-12-22,0.0,0.0,0.0,11.84,0.0,0,Shivamogga,Karnataka
2016-12-23,0.0,0.0,0.0,11.84,0.0,0,Shivamogga,Karnataka
2016-12-24,0.0,0.0,0.0,11.84,0.0,0,Shivamogga,Karnataka
2016-12-25,0.0,0.0,0.0,11.84,0.0,0,Shivamogga,Karnataka
2016-12-26,0.0,0.0,0.0,11.84,0.0,0,Shivamogga,Karnataka
2016-12-27,0.0,0.0,0.0,10.459999999999999,0.0,0,Shivamogga,Karnataka
2016-12-28,0.0,0.0,0.0,2.1999999999999997,0.0,0,Shivamogga,Karnataka
2016-12-29,0.0,0.0,0.0,0.03,0.0,0,Shivamogga,Karnataka
2016-12-30,0.0,0.0,0.0,0.0,0.0,0,Shivamogga,Karnataka
2016-12-31,0.0,0.0,0.0,0.0,0.0,0,Shivamogga,Karnataka
2017-01-01,0.0,0.0,0.0,0.0,0.0,0,Shivamogga,Karnataka
2017-01-02,0.0,0.0,0.0,0.0,0.0,0,Shivamogga,Karnataka
2017-01-03,0.0,0.0,0.0,0.0,0.0,0,Shivamogga,Karnataka
2017-01-04,0.0,0.0,0.0,0.0,0.0,0,Shivamogga,Karnataka
2017-01-05,0.0,0.0,0.0,0.0,0.0,0,Shivamogga,Karnataka
2017-01-06,0.0,0.0,0.0,0.0,0.0,0,Shivamogga,Karnataka
2017-01-07,0.0,0.0,0.0,0.0,0.0,0,Shivamogga,Karnataka
2017-01-08,0.0,0.0,0.0,0.0,0.0,0,Shivamogga,Karnataka
2017-01-09,0.0,0.0,0.0,0.0,0.0,0,Shivamogga,Karnataka
2017-01-10,0.0,0.0,0.0,0.0,0.0,0,Shivamogga,Karnataka
2017-01-11,0.0,0.0,0.0,0.0,0.0,0,Shivamogga,Karnataka
2017-01-12,0.0,0.0,0.0,0.0,0.0,0,Shivamogga,Karnataka
2017-01-13,0.0,0.0,0.0,0.0,0.0,0,Shivamogga,Karnataka
2017-01-14,0.0,0.0,0.0,0.0,0.0,0,Shivamogga,Karnataka
2017-01-15,0.0,0.0,0.0,0.0,0.0,0,Shivamogga,Karnataka
2017-01-16,0.0,0.0,0.0,0.0,0.0,0,Shivamogga,Karnataka
2017-01-17,0.0,0.0,0.0,0.0,0.0,0,Shivamogga,Karnataka
2017-01-18,0.0,0.0,0.0,0.0,0.0,0,Shivamogga,Karnataka
2017-01-19,0.0,0.0,0.0,0.0,0.0,0,Shivamogga,Karnataka
2017-01-20,0.0,0.0,0.0,0.0,0.0,0,Shivamogga,Karnataka
2017-01-21,0.0,0.0,0.0,0.0,0.0,0,Shivamogga,Karnataka
2017-01-22,0.0,0.0,0.0,0.0,0.0,0,Shivamogga,Karnataka
2017-01-23,0.0,0.0,0.0,0.0,0.0,0,Shivamogga,Karnataka
2017-01-24,0.0,0.0,0.0,0.0,0.0,0,Shivamogga,Karnataka
2017-01-25,0.0,0.0,0.0,0.0,0.0,0,Shivamogga,Karnataka
2017-01-26,0.01,0.009999999999994671,0.010000000000017764,0.01,0.01,0,Shivamogga,Karnataka
2017-01-27,0.01,0.01999999999999467,0.020000000000017764,0.02,0.01,0,Shivamogga,Karnataka
2017-01-28,0.03,0.049999999999994674,0.050000000000017766,0.05,0.03,0,Shivamogga,Karnataka
2017-01-29,0.0,0.039999999999994665,0.050000000000017766,0.05,0.03,0,Shivamogga,Karnataka
2017-01-30,0.0,0.02999999999999467,0.050000000000017766,0.05,0.03,0,Shivamogga,Karnataka
2017-01-31,0.0,0.0,0.050000000000017766,0.05,0.0,0,Shivamogga,Karnataka
2017-02-01,0.0,0.0,0.050000000000017766,0.05,0.0,0,Shivamogga,Karnataka
2017-02-02,0.0,0.0,0.04000000000001776,0.05,0.0,0,Shivamogga,Karnataka
2017-02-03,0.0,0.0,0.030000000000017762,0.05,0.0,0,Shivamogga,Karnataka
2017-02-04,0.0,0.0,0.0,0.05,0.0,0,Shivamogga,Karnataka
2017-02-05,0.0,0.0,0.0,0.05,0.0,0,Shivamogga,Karnataka
2017-02-06,0.0,0.0,0.0,0.05,0.0,0,Shivamogga,Karnataka
2017-02-07,0.0,0.0,0.0,0.05,0.0,0,Shivamogga,Karnataka
2017-02-08,0.0,0.0,0.0,0.05,0.0,0,Shivamogga,Karnataka
2017-02-09,0.0,0.0,0.0,0.05,0.0,0,Shivamogga,Karnataka
2017-02-10,0.0,0.0,0.0,0.039999999999999994,0.0,0,Shivamogga,Karnataka
2017-02-11,0.0,0.0,0.0,0.03,0.0,0,Shivamogga,Karnataka
2017-02-12,0.0,0.0,0.0,0.0,0.0,0,Shivamogga,Karnataka
2017-02-13,0.0,0.0,0.0,0.0,0.0,0,Shivamogga,Karnataka
2017-02-14,0.0,0.0,0.0,0.0,0.0,0,Shivamogga,Karnataka
2017-02-15,0.0,0.0,0.0,0.0,0.0,0,Shivamogga,Karnataka
2017-02-16,0.0,0.0,0.0,0.0,0.0,0,Shivamogga,Karnataka
2017-02-17,0.0,0.0,0.0,0.0,0.0,0,Shivamogga,Karnataka
2017-02-18,0.0,0.0,0.0,0.0,0.0,0,Shivamogga,Karnataka
2017-02-19,0.0,0.0,0.0,0.0,0.0,0,Shivamogga,Karnataka
2017-02-20,0.0,0.0,0.0,0.0,0.0,0,Shivamogga,Karnataka
2017-02-21,0.0,0.0,0.0,0.0,0.0,0,Shivamogga,Karnataka
2017-02-22,0.0,0.0,0.0,0.0,0.0,0,Shivamogga,Karnataka
2017-02-23,0.0,0.0,0.0,0.0,0.0,0,Shivamogga,Karnataka
2017-02-24,0.0,0.0,0.0,0.0,0.0,0,Shivamogga,Karnataka
2017-02-25,0.0,0.0,0.0,0.0,0.0,0,Shivamogga,Karnataka
2017-02-26,0.0,0.0,0.0,0.0,0.0,0,Shivamogga,Karnataka
2017-02-27,0.0,0.0,0.0,0.0,0.0,0,Shivamogga,Karnataka
2017-02-28,0.0,0.0,0.0,0.0,0.0,0,Shivamogga,Karnataka
2017-03-01,0.0,0.0,0.0,0.0,0.0,0,Shivamogga,Karnataka
2017-03-02,0.0,0.0,0.0,0.0,0.0,0,Shivamogga,Karnataka
2017-03-03,0.0,0.0,0.0,0.0,0.0,0,Shivamogga,Karnataka
2017-03-04,0.0,0.0,0.0,0.0,0.0,0,Shivamogga,Karnataka
2017-03-05,0.0,0.0,0.0,0.0,0.0,0,Shivamogga,Karnataka
2017-03-06,0.0,0.0,0.0,0.0,0.0,0,Shivamogga,Karnataka
2017-03-07,0.04,0.03999999999999467,0.040000000000017764,0.04,0.04,0,Shivamogga,Karnataka
2017-03-08,0.12,0.15999999999999467,0.16000000000001777,0.16,0.12,0,Shivamogga,Karnataka
2017-03-09,0.0,0.15999999999999467,0.16000000000001777,0.16,0.12,0,Shivamogga,Karnataka
2017-03-10,0.0,0.11999999999999467,0.16000000000001777,0.16,0.12,0,Shivamogga,Karnataka
2017-03-11,0.0,0.0,0.16000000000001777,0.16,0.0,0,Shivamogga,Karnataka
2017-03-12,0.0,0.0,0.16000000000001777,0.16,0.0,0,Shivamogga,Karnataka
2017-03-13,0.0,0.0,0.16000000000001777,0.16,0.0,0,Shivamogga,Karnataka
2017-03-14,0.01,0.009999999999994671,0.13000000000001777,0.17,0.01,0,Shivamogga,Karnataka
2017-03-15,0.92,0.9299999999999947,0.9300000000000178,1.09,0.92,0,Shivamogga,Karnataka
2017-03-16,1.6,2.529999999999995,2.530000000000018,2.6900000000000004,1.6,0,Shivamogga,Karnataka
2017-03-17,0.0,2.519999999999995,2.530000000000018,2.6900000000000004,1.6,0,Shivamogga,Karnataka
2017-03-18,0.0,1.5999999999999948,2.530000000000018,2.6900000000000004,1.6,0,Shivamogga,Karnataka
2017-03-19,0.0,0.0,2.530000000000018,2.6900000000000004,0.0,0,Shivamogga,Karnataka
2017-03-20,0.0,0.0,2.530000000000018,2.6900000000000004,0.0,0,Shivamogga,Karnataka
2017-03-21,1.0,0.9999999999999947,3.5200000000000182,3.6900000000000004,1.0,0,Shivamogga,Karnataka
2017-03-22,0.88,1.8799999999999946,3.4800000000000177,4.53,1.0,0,Shivamogga,Karnataka
2017-03-23,0.0,1.8799999999999946,1.8800000000000177,4.41,1.0,0,Shivamogga,Karnataka
2017-03-24,0.0,0.8799999999999947,1.8800000000000177,4.41,0.88,0,Shivamogga,Karnataka
2017-03-25,0.0,0.0,1.8800000000000177,4.41,0.0,0,Shivamogga,Karnataka
2017-03-26,0.0,0.0,1.8800000000000177,4.41,0.0,0,Shivamogga,Karnataka
2017-03-27,0.0,0.0,1.8800000000000177,4.41,0.0,0,Shivamogga,Karnataka
2017-03-28,0.0,0.0,0.8800000000000178,4.41,0.0,0,Shivamogga,Karnataka
2017-03-29,0.0,0.0,0.0,4.4,0.0,0,Shivamogga,Karnataka
2017-03-30,0.0,0.0,0.0,3.4800000000000004,0.0,0,Shivamogga,Karnataka
2017-03-31,0.0,0.0,0.0,1.88,0.0,0,Shivamogga,Karnataka
2017-04-01,0.0,0.0,0.0,1.88,0.0,0,Shivamogga,Karnataka
2017-04-02,0.0,0.0,0.0,1.88,0.0,0,Shivamogga,Karnataka
2017-04-03,0.03,0.02999999999999467,0.030000000000017762,1.91,0.03,0,Shivamogga,Karnataka
2017-04-04,1.73,1.7599999999999947,1.7600000000000178,3.6399999999999997,1.73,0,Shivamogga,Karnataka
2017-04-05,0.92,2.679999999999995,2.680000000000018,3.56,1.73,0,Shivamogga,Karnataka
2017-04-06,0.08,2.729999999999995,2.760000000000018,2.7600000000000002,1.73,0,Shivamogga,Karnataka
2017-04-07,0.08,1.0799999999999947,2.8400000000000176,2.84,0.92,0,Shivamogga,Karnataka
2017-04-08,0.0,0.15999999999999467,2.8400000000000176,2.84,0.08,0,Shivamogga,Karnataka
2017-04-09,0.0,0.07999999999999467,2.8400000000000176,2.84,0.08,0,Shivamogga,Karnataka
2017-04-10,0.04,0.03999999999999467,2.850000000000018,2.88,0.04,0,Shivamogga,Karnataka
2017-04-11,0.02,0.05999999999999467,1.1400000000000179,2.9,0.04,0,Shivamogga,Karnataka
2017-04-12,0.0,0.05999999999999467,0.22000000000001776,2.9,0.04,0,Shivamogga,Karnataka
2017-04-13,0.0,0.01999999999999467,0.14000000000001778,2.9,0.02,0,Shivamogga,Karnataka
2017-04-14,0.0,0.0,0.06000000000001776,2.9,0.0,0,Shivamogga,Karnataka
2017-04-15,0.0,0.0,0.06000000000001776,2.9,0.0,0,Shivamogga,Karnataka
2017-04-16,0.0,0.0,0.06000000000001776,2.9,0.0,0,Shivamogga,Karnataka
2017-04-17,0.05,0.049999999999994674,0.07000000000001777,2.95,0.05,0,Shivamogga,Karnataka
2017-04-18,0.36,0.40999999999999465,0.41000000000001774,3.28,0.36,0,Shivamogga,Karnataka
2017-04-19,0.0,0.40999999999999465,0.41000000000001774,1.55,0.36,0,Shivamogga,Karnataka
2017-04-20,0.06,0.41999999999999466,0.47000000000001774,0.69,0.36,0,Shivamogga,Karnataka
2017-04-21,0.22,0.2799999999999947,0.6900000000000177,0.8300000000000001,0.22,0,Shivamogga,Karnataka
2017-04-22,0.94,1.2199999999999946,1.6300000000000177,1.69,0.94,0,Shivamogga,Karnataka
2017-04-23,0.0,1.1599999999999946,1.6300000000000177,1.69,0.94,0,Shivamogga,Karnataka
2017-04-24,0.0,0.9399999999999946,1.5800000000000176,1.69,0.94,0,Shivamogga,Karnataka
2017-04-25,0.02,0.01999999999999467,1.2400000000000178,1.67,0.02,0,Shivamogga,Karnataka
2017-04-26,0.05,0.06999999999999468,1.2900000000000178,1.7,0.05,0,Shivamogga,Karnataka
2017-04-27,8.53,8.599999999999994,9.760000000000018,10.229999999999999,8.53,0,Shivamogga,Karnataka
2017-04-28,9.21,17.789999999999996,18.750000000000018,19.439999999999998,9.21,0,Shivamogga,Karnataka
2017-04-29,1.64,19.379999999999995,19.45000000000002,21.08,9.21,0,Shivamogga,Karnataka
2017-04-30,2.49,13.339999999999996,21.94000000000002,23.57,9.21,0,Shivamogga,Karnataka
2017-05-01,1.54,5.669999999999995,23.480000000000018,25.11,2.49,0,Shivamogga,Karnataka
2017-05-02,2.98,7.0099999999999945,26.440000000000015,28.04,2.98,0,Shivamogga,Karnataka
2017-05-03,2.04,6.559999999999995,28.43000000000002,29.72,2.98,0,Shivamogga,Karnataka
2017-05-04,1.64,6.659999999999995,21.540000000000017,31.36,2.98,0,Shivamogga,Karnataka
2017-05-05,0.01,3.6899999999999946,12.340000000000018,31.31,2.04,0,Shivamogga,Karnataka
2017-05-06,3.73,5.379999999999995,14.430000000000017,34.82,3.73,0,Shivamogga,Karnataka
2017-05-07,10.19,13.929999999999994,22.130000000000017,44.07,10.19,0,Shivamogga,Karnataka
2017-05-08,0.43,14.349999999999994,21.02000000000002,44.5,10.19,0,Shivamogga,Karnataka
2017-05-09,0.12,10.739999999999995,18.160000000000018,44.62,10.19,0,Shivamogga,Karnataka
2017-05-10,0.16,0.7099999999999946,16.280000000000015,44.76,0.43,0,Shivamogga,Karnataka
2017-05-11,3.43,3.7099999999999946,18.070000000000018,48.14,3.43,0,Shivamogga,Karnataka
2017-05-12,0.82,4.409999999999995,18.88000000000002,40.43,3.43,0,Shivamogga,Karnataka
2017-05-13,0.16,4.409999999999994,15.310000000000016,31.38,3.43,0,Shivamogga,Karnataka
2017-05-14,2.85,3.8299999999999947,7.970000000000018,32.59,2.85,0,Shivamogga,Karnataka
2017-05-15,1.68,4.689999999999995,9.220000000000018,31.779999999999998,2.85,0,Shivamogga,Karnataka
2017-05-16,0.02,4.5499999999999945,9.120000000000017,30.26,2.85,0,Shivamogga,Karnataka
2017-05-17,0.03,1.7299999999999947,8.990000000000016,27.31,1.68,0,Shivamogga,Karnataka
2017-05-18,2.3,2.3499999999999943,7.860000000000017,27.57,2.3,0,Shivamogga,Karnataka
2017-05-19,2.34,4.669999999999995,9.380000000000017,28.27,2.34,0,Shivamogga,Karnataka
2017-05-20,0.2,4.839999999999994,9.420000000000018,28.46,2.34,0,Shivamogga,Karnataka
2017-05-21,0.69,3.229999999999994,7.2600000000000176,25.42,2.34,0,Shivamogga,Karnataka
2017-05-22,0.42,1.3099999999999945,6.000000000000017,15.65,0.69,0,Shivamogga,Karnataka
2017-05-23,1.0,2.1099999999999945,6.980000000000017,16.22,1.0,0,Shivamogga,Karnataka
2017-05-24,1.66,3.0799999999999947,8.610000000000017,17.759999999999998,1.66,0,Shivamogga,Karnataka
2017-05-25,0.0,2.659999999999995,6.310000000000017,17.599999999999998,1.66,0,Shivamogga,Karnataka
2017-05-26,0.56,2.2199999999999944,4.530000000000017,14.729999999999999,1.66,0,Shivamogga,Karnataka
2017-05-27,3.67,4.229999999999994,8.000000000000018,17.58,3.67,0,Shivamogga,Karnataka
2017-05-28,0.33,4.559999999999994,7.640000000000017,17.75,3.67,0,Shivamogga,Karnataka
2017-05-29,3.68,7.679999999999994,10.900000000000018,18.58,3.68,0,Shivamogga,Karnataka
2017-05-30,1.99,5.999999999999995,11.890000000000018,18.89,3.68,0,Shivamogga,Karnataka
2017-05-31,1.22,6.889999999999994,11.450000000000017,20.09,3.68,0,Shivamogga,Karnataka
2017-06-01,3.63,6.8399999999999945,15.080000000000018,23.689999999999998,3.63,1,Shivamogga,Karnataka
2017-06-02,5.79,10.639999999999993,20.310000000000016,27.18,5.79,1,Shivamogga,Karnataka
2017-06-03,2.25,11.669999999999995,18.89000000000002,27.089999999999996,5.79,1,Shivamogga,Karnataka
2017-06-04,2.22,10.259999999999994,20.78000000000002,29.11,5.79,1,Shivamogga,Karnataka
2017-06-05,5.53,9.999999999999993,22.630000000000017,33.95,5.53,1,Shivamogga,Karnataka
2017-06-06,6.12,13.869999999999994,26.76000000000002,39.65,6.12,1,Shivamogga,Karnataka
2017-06-07,3.84,15.489999999999993,29.380000000000017,42.49,6.12,1,Shivamogga,Karnataka
2017-06-08,2.38,12.339999999999993,28.130000000000017,43.21,6.12,1,Shivamogga,Karnataka
2017-06-09,9.17,15.389999999999993,31.51000000000002,52.38,9.17,1,Shivamogga,Karnataka
2017-06-10,12.86,24.409999999999993,42.12000000000002,64.68,12.86,1,Shivamogga,Karnataka
2017-06-11,11.97,33.99999999999999,51.87000000000002,72.98,12.86,1,Shivamogga,Karnataka
2017-06-12,10.01,34.83999999999999,56.35000000000002,82.66,12.86,1,Shivamogga,Karnataka
2017-06-13,5.98,27.959999999999994,56.210000000000015,84.96,11.97,1,Shivamogga,Karnataka
2017-06-14,2.35,18.339999999999993,54.72000000000002,85.32,10.01,1,Shivamogga,Karnataka
2017-06-15,6.97,15.299999999999994,59.31000000000002,91.07,6.97,1,Shivamogga,Karnataka
2017-06-16,9.94,19.25999999999999,60.08000000000001,97.38000000000001,9.94,1,Shivamogga,Karnataka
2017-06-17,6.5,23.40999999999999,53.72000000000001,98.09,9.94,1,Shivamogga,Karnataka
2017-06-18,3.16,19.599999999999994,44.91000000000002,99.0,9.94,1,Shivamogga,Karnataka
2017-06-19,5.16,14.819999999999993,40.06000000000002,101.94,6.5,1,Shivamogga,Karnataka
2017-06-20,3.19,11.509999999999993,37.27000000000002,99.6,5.16,1,Shivamogga,Karnataka
2017-06-21,1.93,10.279999999999992,36.85000000000002,95.41,5.16,1,Shivamogga,Karnataka
2017-06-22,1.2,6.319999999999993,31.080000000000016,92.77000000000001,3.19,1,Shivamogga,Karnataka
2017-06-23,2.76,5.889999999999993,23.900000000000016,93.14999999999999,2.76,1,Shivamogga,Karnataka
2017-06-24,4.55,8.509999999999993,21.950000000000017,88.52999999999999,4.55,1,Shivamogga,Karnataka
2017-06-25,4.48,11.789999999999992,23.270000000000017,80.14999999999999,4.55,1,Shivamogga,Karnataka
2017-06-26,3.86,12.889999999999993,21.97000000000002,72.03999999999999,4.55,1,Shivamogga,Karnataka
2017-06-27,2.6,10.939999999999992,21.380000000000017,64.63000000000001,4.48,1,Shivamogga,Karnataka
2017-06-28,5.69,12.149999999999993,25.14000000000002,64.34,5.69,1,Shivamogga,Karnataka
2017-06-29,3.51,11.799999999999994,27.450000000000017,65.5,5.69,1,Shivamogga,Karnataka
2017-06-30,5.85,15.049999999999992,30.540000000000017,64.38,5.85,1,Shivamogga,Karnataka
2017-07-01,5.47,14.829999999999991,31.460000000000015,59.910000000000004,5.85,1,Shivamogga,Karnataka
2017-07-02,4.09,15.409999999999993,31.070000000000018,57.5,5.85,1,Shivamogga,Karnataka
2017-07-03,10.5,20.059999999999995,37.710000000000015,64.84,10.5,1,Shivamogga,Karnataka
2017-07-04,3.1,17.689999999999994,38.210000000000015,62.78,10.5,1,Shivamogga,Karnataka
2017-07-05,7.23,20.829999999999995,39.750000000000014,66.82,10.5,1,Shivamogga,Karnataka
2017-07-06,4.69,15.019999999999996,40.93000000000002,69.58,7.23,1,Shivamogga,Karnataka
2017-07-07,4.35,16.269999999999996,39.430000000000014,72.73,7.23,1,Shivamogga,Karnataka
2017-07-08,4.97,14.009999999999994,38.93000000000002,74.94,4.97,1,Shivamogga,Karnataka
2017-07-09,3.06,12.379999999999994,37.90000000000001,73.45,4.97,1,Shivamogga,Karnataka
2017-07-10,0.94,8.969999999999994,28.340000000000018,69.91,4.97,1,Shivamogga,Karnataka
2017-07-11,4.59,8.589999999999995,29.830000000000016,70.63999999999999,4.59,1,Shivamogga,Karnataka
2017-07-12,3.78,9.309999999999993,26.380000000000017,71.82,4.59,1,Shivamogga,Karnataka
2017-07-13,4.99,13.359999999999994,26.680000000000017,71.12,4.99,1,Shivamogga,Karnataka
2017-07-14,7.1,15.869999999999994,29.430000000000014,74.71,7.1,1,Shivamogga,Karnataka
2017-07-15,9.45,21.539999999999992,33.91000000000002,78.31,9.45,1,Shivamogga,Karnataka
2017-07-16,4.81,21.359999999999992,35.66000000000002,77.65,9.45,1,Shivamogga,Karnataka
2017-07-17,4.45,18.709999999999994,39.170000000000016,78.00999999999999,9.45,1,Shivamogga,Karnataka
2017-07-18,14.4,23.659999999999997,48.98000000000002,81.91,14.4,1,Shivamogga,Karnataka
2017-07-19,21.08,39.92999999999999,66.28000000000002,99.89,21.08,1,Shivamogga,Karnataka
2017-07-20,22.16,57.63999999999999,83.45000000000002,114.82,22.16,1,Shivamogga,Karnataka
2017-07-21,13.55,56.78999999999999,89.9,123.68,22.16,1,Shivamogga,Karnataka
2017-07-22,2.09,37.8,82.54000000000002,121.41999999999999,22.16,1,Shivamogga,Karnataka
2017-07-23,3.14,18.779999999999998,80.87000000000002,119.58999999999999,13.55,1,Shivamogga,Karnataka
2017-07-24,3.33,8.559999999999997,79.75000000000001,119.85999999999999,3.33,1,Shivamogga,Karnataka
2017-07-25,1.97,8.439999999999996,67.32000000000001,120.88999999999999,3.33,1,Shivamogga,Karnataka
2017-07-26,1.2,6.4999999999999964,47.44000000000002,117.49999999999999,3.33,1,Shivamogga,Karnataka
2017-07-27,1.41,4.5799999999999965,26.690000000000023,115.13,1.97,1,Shivamogga,Karnataka
2017-07-28,1.34,3.9499999999999966,14.480000000000022,111.47999999999999,1.41,1,Shivamogga,Karnataka
2017-07-29,2.36,5.109999999999996,14.750000000000021,106.74,2.36,1,Shivamogga,Karnataka
2017-07-30,1.74,5.439999999999996,13.350000000000021,99.03,2.36,1,Shivamogga,Karnataka
2017-07-31,3.31,7.409999999999997,13.33000000000002,97.52999999999999,3.31,1,Shivamogga,Karnataka
2017-08-01,0.73,5.779999999999998,12.090000000000021,93.80999999999999,3.31,1,Shivamogga,Karnataka
2017-08-02,0.99,5.029999999999997,11.88000000000002,80.4,3.31,1,Shivamogga,Karnataka
2017-08-03,9.23,10.949999999999996,19.70000000000002,68.55,9.23,1,Shivamogga,Karnataka
2017-08-04,10.32,20.539999999999996,28.68000000000002,56.71000000000001,10.32,1,Shivamogga,Karnataka
2017-08-05,3.62,23.169999999999998,29.940000000000023,46.78,10.32,1,Shivamogga,Karnataka
2017-08-06,3.91,17.849999999999994,32.11000000000002,48.599999999999994,10.32,1,Shivamogga,Karnataka
2017-08-07,3.11,10.639999999999995,31.91000000000002,48.57,3.91,1,Shivamogga,Karnataka
2017-08-08,2.65,9.669999999999995,33.83000000000002,47.89,3.91,1,Shivamogga,Karnataka
2017-08-09,2.84,8.599999999999994,35.68000000000002,48.76,3.11,1,Shivamogga,Karnataka
2017-08-10,1.0,6.489999999999995,27.45000000000002,48.56,2.84,1,Shivamogga,Karnataka
2017-08-11,5.52,9.359999999999994,22.65000000000002,52.67,5.52,1,Shivamogga,Karnataka
2017-08-12,3.06,9.579999999999995,22.09000000000002,54.39,5.52,1,Shivamogga,Karnataka
2017-08-13,0.71,9.289999999999994,18.89000000000002,52.74,5.52,1,Shivamogga,Karnataka
2017-08-14,1.12,4.889999999999995,16.90000000000002,52.120000000000005,3.06,1,Shivamogga,Karnataka
2017-08-15,4.28,6.109999999999994,18.530000000000022,53.09,4.28,1,Shivamogga,Karnataka
2017-08-16,1.46,6.859999999999994,17.150000000000023,53.82,4.28,1,Shivamogga,Karnataka
2017-08-17,3.44,9.179999999999994,19.59000000000002,56.27,4.28,1,Shivamogga,Karnataka
2017-08-18,2.92,7.819999999999993,16.990000000000023,49.96,3.44,1,Shivamogga,Karnataka
2017-08-19,7.94,14.299999999999994,21.870000000000022,47.580000000000005,7.94,1,Shivamogga,Karnataka
2017-08-20,6.22,17.079999999999995,27.38000000000002,50.18,7.94,1,Shivamogga,Karnataka
2017-08-21,7.55,21.709999999999994,33.81000000000002,53.82,7.94,1,Shivamogga,Karnataka
2017-08-22,3.59,17.359999999999992,33.12000000000002,54.300000000000004,7.55,1,Shivamogga,Karnataka
2017-08-23,4.04,15.179999999999994,35.700000000000024,55.69,7.55,1,Shivamogga,Karnataka
2017-08-24,4.31,11.939999999999994,36.57000000000002,57.16,4.31,1,Shivamogga,Karnataka
2017-08-25,8.27,16.619999999999994,41.92000000000002,64.43,8.27,1,Shivamogga,Karnataka
2017-08-26,10.46,23.039999999999996,44.44000000000002,69.37,10.46,1,Shivamogga,Karnataka
2017-08-27,9.83,28.559999999999995,48.05000000000002,76.14,10.46,1,Shivamogga,Karnataka
2017-08-28,13.96,34.24999999999999,54.46000000000002,89.39,13.96,1,Shivamogga,Karnataka
2017-08-29,8.65,32.44,59.52000000000002,96.92,13.96,1,Shivamogga,Karnataka
2017-08-30,4.21,26.819999999999997,59.69000000000002,96.85,13.96,1,Shivamogga,Karnataka
2017-08-31,0.75,13.609999999999996,56.130000000000024,96.14,8.65,1,Shivamogga,Karnataka
2017-09-01,0.24,5.199999999999995,48.10000000000002,92.94000000000001,4.21,1,Shivamogga,Karnataka
2017-09-02,0.1,1.0899999999999948,37.74000000000002,90.12,0.75,1,Shivamogga,Karnataka
2017-09-03,0.37,0.7099999999999946,28.280000000000022,82.55000000000001,0.37,1,Shivamogga,Karnataka
2017-09-04,1.18,1.6499999999999946,15.500000000000021,77.51,1.18,1,Shivamogga,Karnataka
2017-09-05,1.73,3.2799999999999945,8.580000000000021,71.69,1.73,1,Shivamogga,Karnataka
2017-09-06,4.82,7.729999999999995,9.190000000000023,72.92,4.82,1,Shivamogga,Karnataka
2017-09-07,6.2,12.749999999999996,14.640000000000022,75.08,6.2,1,Shivamogga,Karnataka
2017-09-08,13.73,24.749999999999996,28.130000000000024,84.5,13.73,1,Shivamogga,Karnataka
2017-09-09,19.4,39.33,47.43000000000002,95.63,19.4,1,Shivamogga,Karnataka
2017-09-10,19.62,52.74999999999999,66.68000000000002,104.78999999999999,19.62,1,Shivamogga,Karnataka
2017-09-11,0.27,39.29,65.77000000000002,95.23,19.62,1,Shivamogga,Karnataka
2017-09-12,0.47,20.359999999999996,64.51000000000003,81.74000000000001,19.62,1,Shivamogga,Karnataka
2017-09-13,2.08,2.8199999999999967,61.770000000000024,75.17,2.08,1,Shivamogga,Karnataka
2017-09-14,2.38,4.929999999999996,57.950000000000024,73.34,2.38,1,Shivamogga,Karnataka
2017-09-15,7.03,11.489999999999998,51.25000000000002,79.62,7.03,1,Shivamogga,Karnataka
2017-09-16,9.06,18.47,40.910000000000025,88.44,9.06,1,Shivamogga,Karnataka
2017-09-17,10.29,26.379999999999995,31.58000000000002,98.63,10.29,1,Shivamogga,Karnataka
2017-09-18,5.09,24.439999999999998,36.40000000000002,103.35,10.29,1,Shivamogga,Karnataka
2017-09-19,1.8,17.179999999999996,37.730000000000025,103.97,10.29,1,Shivamogga,Karnataka
2017-09-20,1.69,8.579999999999997,37.34000000000002,103.92999999999999,5.09,1,Shivamogga,Karnataka
2017-09-21,2.58,6.069999999999997,37.54000000000002,101.69000000000001,2.58,1,Shivamogga,Karnataka
2017-09-22,0.33,4.599999999999997,30.84000000000002,95.82000000000001,2.58,1,Shivamogga,Karnataka
2017-09-23,0.09,2.9999999999999964,21.870000000000022,82.18,2.58,1,Shivamogga,Karnataka
2017-09-24,1.07,1.4899999999999964,12.650000000000022,63.85,1.07,1,Shivamogga,Karnataka
2017-09-25,9.2,10.359999999999996,16.76000000000002,53.43000000000001,9.2,1,Shivamogga,Karnataka
2017-09-26,3.78,14.049999999999995,18.74000000000002,56.94,9.2,1,Shivamogga,Karnataka
2017-09-27,6.92,19.899999999999995,23.97000000000002,63.39,9.2,1,Shivamogga,Karnataka
2017-09-28,8.73,19.429999999999996,30.12000000000002,70.04,8.73,1,Shivamogga,Karnataka
2017-09-29,4.47,20.119999999999997,34.26000000000002,72.13,8.73,1,Shivamogga,Karnataka
2017-09-30,1.07,14.269999999999996,35.240000000000016,66.16999999999999,8.73,1,Shivamogga,Karnataka
2017-10-01,15.77,21.309999999999995,49.94000000000002,72.88,15.77,0,Shivamogga,Karnataka
2017-10-02,9.56,26.4,50.300000000000026,72.14999999999999,15.77,0,Shivamogga,Karnataka
2017-10-03,14.74,40.06999999999999,61.26000000000002,81.8,15.77,0,Shivamogga,Karnataka
2017-10-04,20.1,44.4,74.44000000000003,100.1,20.1,0,Shivamogga,Karnataka
2017-10-05,2.78,37.62,68.49000000000001,101.19,20.1,0,Shivamogga,Karnataka
2017-10-06,15.89,38.769999999999996,79.91000000000001,114.5,20.1,0,Shivamogga,Karnataka
2017-10-07,6.41,25.08,85.25000000000003,120.58,15.89,0,Shivamogga,Karnataka
2017-10-08,2.32,24.619999999999994,71.80000000000003,122.81,15.89,0,Shivamogga,Karnataka
2017-10-09,0.51,9.239999999999997,62.75000000000002,122.25,6.41,0,Shivamogga,Karnataka
2017-10-10,0.29,3.119999999999996,48.300000000000026,113.34,2.32,0,Shivamogga,Karnataka
2017-10-11,26.09,26.889999999999997,54.29000000000002,135.65,26.09,0,Shivamogga,Karnataka
2017-10-12,2.63,29.009999999999994,54.14000000000002,131.36,26.09,0,Shivamogga,Karnataka
2017-10-13,6.7,35.419999999999995,44.95000000000002,129.32999999999998,26.09,0,Shivamogga,Karnataka
2017-10-14,13.09,22.419999999999995,51.630000000000024,137.95,13.09,0,Shivamogga,Karnataka
2017-10-15,5.1,24.889999999999997,54.410000000000025,141.98000000000002,13.09,0,Shivamogga,Karnataka
2017-10-16,0.1,18.29,54.00000000000002,126.30999999999999,13.09,0,Shivamogga,Karnataka
2017-10-17,0.0,5.199999999999996,53.710000000000015,116.75,5.1,0,Shivamogga,Karnataka
2017-10-18,0.02,0.11999999999999646,27.640000000000022,102.03,0.1,0,Shivamogga,Karnataka
2017-10-19,0.01,0.029999999999996446,25.02000000000002,81.94,0.02,0,Shivamogga,Karnataka
2017-10-20,0.01,0.03999999999999645,18.330000000000023,79.17,0.02,0,Shivamogga,Karnataka
2017-10-21,0.04,0.059999999999996445,5.280000000000021,63.32,0.04,0,Shivamogga,Karnataka
2017-10-22,0.01,0.05999999999999645,0.19000000000002132,56.919999999999995,0.04,0,Shivamogga,Karnataka
2017-10-23,0.13,0.17999999999999644,0.22000000000002132,54.73,0.13,0,Shivamogga,Karnataka
2017-10-24,1.76,1.8999999999999964,1.9800000000000213,55.98,1.76,0,Shivamogga,Karnataka
2017-10-25,0.42,2.3099999999999965,2.380000000000021,56.11,1.76,0,Shivamogga,Karnataka
2017-10-26,0.54,2.7199999999999966,2.9100000000000215,30.56,1.76,0,Shivamogga,Karnataka
2017-10-27,0.18,1.1399999999999963,3.0800000000000214,28.11,0.54,0,Shivamogga,Karnataka
2017-10-28,0.01,0.7299999999999964,3.050000000000021,21.419999999999998,0.54,0,Shivamogga,Karnataka
2017-10-29,0.0,0.18999999999999645,3.0400000000000214,8.33,0.18,0,Shivamogga,Karnataka
2017-10-30,0.0,0.009999999999996447,2.910000000000021,3.23,0.01,0,Shivamogga,Karnataka
2017-10-31,0.0,0.0,1.1500000000000212,3.13,0.0,0,Shivamogga,Karnataka
2017-11-01,0.0,0.0,0.7300000000000213,3.13,0.0,0,Shivamogga,Karnataka
2017-11-02,0.0,0.0,0.19000000000002132,3.11,0.0,0,Shivamogga,Karnataka
2017-11-03,0.0,0.0,0.010000000000021316,3.1,0.0,0,Shivamogga,Karnataka
2017-11-04,0.02,0.019999999999996448,0.020000000000021317,3.11,0.02,0,Shivamogga,Karnataka
2017-11-05,0.05,0.06999999999999645,0.07000000000002132,3.1199999999999997,0.05,0,Shivamogga,Karnataka
2017-11-06,5.09,5.159999999999997,5.1600000000000215,8.2,5.09,0,Shivamogga,Karnataka
2017-11-07,0.68,5.819999999999997,5.840000000000021,8.749999999999998,5.09,0,Shivamogga,Karnataka
2017-11-08,0.05,5.819999999999997,5.890000000000022,7.039999999999999,5.09,0,Shivamogga,Karnataka
2017-11-09,0.01,0.7399999999999965,5.900000000000022,6.629999999999999,0.68,0,Shivamogga,Karnataka
2017-11-10,0.0,0.05999999999999645,5.900000000000022,6.09,0.05,0,Shivamogga,Karnataka
2017-11-11,0.0,0.009999999999996447,5.880000000000022,5.909999999999999,0.01,0,Shivamogga,Karnataka
2017-11-12,0.0,0.0,5.830000000000021,5.8999999999999995,0.0,0,Shivamogga,Karnataka
2017-11-13,0.0,0.0,0.7400000000000214,5.8999999999999995,0.0,0,Shivamogga,Karnataka
2017-11-14,0.0,0.0,0.06000000000002132,5.8999999999999995,0.0,0,Shivamogga,Karnataka
2017-11-15,0.08,0.07999999999999645,0.09000000000002131,5.9799999999999995,0.08,0,Shivamogga,Karnataka
2017-11-16,0.11,0.18999999999999645,0.19000000000002132,6.089999999999999,0.11,0,Shivamogga,Karnataka
2017-11-17,0.0,0.18999999999999645,0.19000000000002132,6.089999999999999,0.11,0,Shivamogga,Karnataka
2017-11-18,0.39,0.49999999999999645,0.5800000000000214,6.4799999999999995,0.39,0,Shivamogga,Karnataka
2017-11-19,0.28,0.6699999999999965,0.8600000000000214,6.739999999999998,0.39,0,Shivamogga,Karnataka
2017-11-20,0.08,0.7499999999999964,0.9400000000000214,6.769999999999999,0.39,0,Shivamogga,Karnataka
2017-11-21,0.0,0.3599999999999965,0.9400000000000214,1.6799999999999993,0.28,0,Shivamogga,Karnataka
2017-11-22,0.0,0.07999999999999645,0.8600000000000214,0.9999999999999991,0.08,0,Shivamogga,Karnataka
2017-11-23,0.0,0.0,0.7500000000000213,0.9499999999999991,0.0,0,Shivamogga,Karnataka
2017-11-24,0.0,0.0,0.7500000000000213,0.9399999999999991,0.0,0,Shivamogga,Karnataka
2017-11-25,0.0,0.0,0.36000000000002136,0.9399999999999991,0.0,0,Shivamogga,Karnataka
2017-11-26,0.0,0.0,0.08000000000002132,0.9399999999999991,0.0,0,Shivamogga,Karnataka
2017-11-27,0.0,0.0,0.0,0.9399999999999991,0.0,0,Shivamogga,Karnataka
2017-11-28,0.0,0.0,0.0,0.9399999999999991,0.0,0,Shivamogga,Karnataka
2017-11-29,0.0,0.0,0.0,0.9399999999999991,0.0,0,Shivamogga,Karnataka
2017-11-30,0.01,0.009999999999996447,0.010000000000021316,0.8699999999999991,0.01,0,Shivamogga,Karnataka
2017-12-01,0.09,0.09999999999999644,0.10000000000002131,0.8499999999999992,0.09,0,Shivamogga,Karnataka
2017-12-02,0.27,0.36999999999999644,0.3700000000000213,1.1199999999999992,0.27,0,Shivamogga,Karnataka
2017-12-03,0.02,0.37999999999999645,0.39000000000002133,0.7499999999999991,0.27,0,Shivamogga,Karnataka
2017-12-04,0.0,0.2899999999999965,0.39000000000002133,0.46999999999999914,0.27,0,Shivamogga,Karnataka
2017-12-05,1.0,1.0199999999999965,1.3900000000000214,1.3899999999999992,1.0,0,Shivamogga,Karnataka
2017-12-06,0.12,1.1199999999999966,1.5100000000000215,1.5099999999999993,1.0,0,Shivamogga,Karnataka
2017-12-07,0.05,1.1699999999999964,1.5500000000000214,1.5599999999999992,1.0,0,Shivamogga,Karnataka
2017-12-08,0.0,0.16999999999999643,1.4600000000000213,1.5599999999999992,0.12,0,Shivamogga,Karnataka
2017-12-09,0.0,0.04999999999999645,1.1900000000000213,1.5599999999999992,0.05,0,Shivamogga,Karnataka
2017-12-10,0.0,0.0,1.1700000000000215,1.5599999999999992,0.0,0,Shivamogga,Karnataka
2017-12-11,0.0,0.0,1.1700000000000215,1.5599999999999992,0.0,0,Shivamogga,Karnataka
2017-12-12,0.0,0.0,0.17000000000002152,1.5599999999999992,0.0,0,Shivamogga,Karnataka
2017-12-13,0.0,0.0,0.05000000000002154,1.5599999999999992,0.0,0,Shivamogga,Karnataka
2017-12-14,0.0,0.0,0.0,1.5599999999999992,0.0,0,Shivamogga,Karnataka
2017-12-15,0.0,0.0,0.0,1.5499999999999992,0.0,0,Shivamogga,Karnataka
2017-12-16,0.0,0.0,0.0,1.459999999999999,0.0,0,Shivamogga,Karnataka
2017-12-17,0.0,0.0,0.0,1.189999999999999,0.0,0,Shivamogga,Karnataka
2017-12-18,0.0,0.0,0.0,1.1699999999999993,0.0,0,Shivamogga,Karnataka
2017-12-19,0.0,0.0,0.0,1.1699999999999993,0.0,0,Shivamogga,Karnataka
2017-12-20,0.0,0.0,0.0,0.16999999999999932,0.0,0,Shivamogga,Karnataka
2017-12-21,0.0,0.0,0.0,0.04999999999999934,0.0,0,Shivamogga,Karnataka
2017-12-22,0.0,0.0,0.0,0.0,0.0,0,Shivamogga,Karnataka
2017-12-23,0.0,0.0,0.0,0.0,0.0,0,Shivamogga,Karnataka
2017-12-24,0.0,0.0,0.0,0.0,0.0,0,Shivamogga,Karnataka
2017-12-25,0.0,0.0,0.0,0.0,0.0,0,Shivamogga,Karnataka
2017-12-26,0.0,0.0,0.0,0.0,0.0,0,Shivamogga,Karnataka
2017-12-27,0.0,0.0,0.0,0.0,0.0,0,Shivamogga,Karnataka
2017-12-28,0.0,0.0,0.0,0.0,0.0,0,Shivamogga,Karnataka
2017-12-29,0.0,0.0,0.0,0.0,0.0,0,Shivamogga,Karnataka
2017-12-30,0.0,0.0,0.0,0.0,0.0,0,Shivamogga,Karnataka
2017-12-31,0.0,0.0,0.0,0.0,0.0,0,Shivamogga,Karnataka
2018-01-01,0.0,0.0,0.0,0.0,0.0,0,Shivamogga,Karnataka
2018-01-02,3.11,3.1099999999999963,3.1100000000000216,3.1099999999999994,3.11,0,Shivamogga,Karnataka
2018-01-03,0.0,3.1099999999999963,3.110000000000021,3.109999999999999,3.11,0,Shivamogga,Karnataka
2018-01-04,0.0,3.1099999999999963,3.110000000000021,3.109999999999999,3.11,0,Shivamogga,Karnataka
2018-01-05,0.0,0.0,3.110000000000021,3.109999999999999,0.0,0,Shivamogga,Karnataka
2018-01-06,0.0,0.0,3.110000000000021,3.109999999999999,0.0,0,Shivamogga,Karnataka
2018-01-07,0.0,0.0,3.110000000000021,3.109999999999999,0.0,0,Shivamogga,Karnataka
2018-01-08,0.0,0.0,3.110000000000021,3.109999999999999,0.0,0,Shivamogga,Karnataka
2018-01-09,0.0,0.0,0.0,3.109999999999999,0.0,0,Shivamogga,Karnataka
2018-01-10,0.0,0.0,0.0,3.109999999999999,0.0,0,Shivamogga,Karnataka
2018-01-11,0.0,0.0,0.0,3.109999999999999,0.0,0,Shivamogga,Karnataka
2018-01-12,0.0,0.0,0.0,3.109999999999999,0.0,0,Shivamogga,Karnataka
2018-01-13,0.0,0.0,0.0,3.109999999999999,0.0,0,Shivamogga,Karnataka
2018-01-14,0.0,0.0,0.0,3.109999999999999,0.0,0,Shivamogga,Karnataka
2018-01-15,0.0,0.0,0.0,3.109999999999999,0.0,0,Shivamogga,Karnataka
2018-01-16,0.0,0.0,0.0,3.109999999999999,0.0,0,Shivamogga,Karnataka
2018-01-17,0.0,0.0,0.0,0.0,0.0,0,Shivamogga,Karnataka
2018-01-18,0.0,0.0,0.0,0.0,0.0,0,Shivamogga,Karnataka
2018-01-19,0.0,0.0,0.0,0.0,0.0,0,Shivamogga,Karnataka
2018-01-20,0.0,0.0,0.0,0.0,0.0,0,Shivamogga,Karnataka
2018-01-21,0.0,0.0,0.0,0.0,0.0,0,Shivamogga,Karnataka
2018-01-22,0.0,0.0,0.0,0.0,0.0,0,Shivamogga,Karnataka
2018-01-23,0.0,0.0,0.0,0.0,0.0,0,Shivamogga,Karnataka
2018-01-24,0.0,0.0,0.0,0.0,0.0,0,Shivamogga,Karnataka
2018-01-25,0.0,0.0,0.0,0.0,0.0,0,Shivamogga,Karnataka
2018-01-26,0.0,0.0,0.0,0.0,0.0,0,Shivamogga,Karnataka
2018-01-27,0.0,0.0,0.0,0.0,0.0,0,Shivamogga,Karnataka
2018-01-28,0.0,0.0,0.0,0.0,0.0,0,Shivamogga,Karnataka
2018-01-29,0.0,0.0,0.0,0.0,0.0,0,Shivamogga,Karnataka
2018-01-30,0.0,0.0,0.0,0.0,0.0,0,Shivamogga,Karnataka
2018-01-31,0.0,0.0,0.0,0.0,0.0,0,Shivamogga,Karnataka
2018-02-01,0.0,0.0,0.0,0.0,0.0,0,Shivamogga,Karnataka
2018-02-02,0.0,0.0,0.0,0.0,0.0,0,Shivamogga,Karnataka
2018-02-03,0.0,0.0,0.0,0.0,0.0,0,Shivamogga,Karnataka
2018-02-04,0.0,0.0,0.0,0.0,0.0,0,Shivamogga,Karnataka
2018-02-05,0.0,0.0,0.0,0.0,0.0,0,Shivamogga,Karnataka
2018-02-06,0.0,0.0,0.0,0.0,0.0,0,Shivamogga,Karnataka
2018-02-07,0.0,0.0,0.0,0.0,0.0,0,Shivamogga,Karnataka
2018-02-08,0.0,0.0,0.0,0.0,0.0,0,Shivamogga,Karnataka
2018-02-09,3.25,3.2499999999999964,3.2500000000000213,3.249999999999999,3.25,0,Shivamogga,Karnataka
2018-02-10,0.0,3.2499999999999964,3.2500000000000213,3.249999999999999,3.25,0,Shivamogga,Karnataka
2018-02-11,0.18,3.4299999999999966,3.4300000000000215,3.4299999999999993,3.25,0,Shivamogga,Karnataka
2018-02-12,0.0,0.17999999999999644,3.4300000000000215,3.4299999999999993,0.18,0,Shivamogga,Karnataka
2018-02-13,0.0,0.17999999999999644,3.4300000000000215,3.4299999999999993,0.18,0,Shivamogga,Karnataka
2018-02-14,0.0,0.0,3.4300000000000215,3.4299999999999993,0.0,0,Shivamogga,Karnataka
2018-02-15,0.0,0.0,3.4300000000000215,3.4299999999999993,0.0,0,Shivamogga,Karnataka
2018-02-16,0.0,0.0,0.1800000000000213,3.4299999999999993,0.0,0,Shivamogga,Karnataka
2018-02-17,0.0,0.0,0.1800000000000213,3.4299999999999993,0.0,0,Shivamogga,Karnataka
2018-02-18,0.0,0.0,0.0,3.4299999999999993,0.0,0,Shivamogga,Karnataka
2018-02-19,0.0,0.0,0.0,3.4299999999999993,0.0,0,Shivamogga,Karnataka
2018-02-20,0.0,0.0,0.0,3.4299999999999993,0.0,0,Shivamogga,Karnataka
2018-02-21,0.0,0.0,0.0,3.4299999999999993,0.0,0,Shivamogga,Karnataka
2018-02-22,0.0,0.0,0.0,3.4299999999999993,0.0,0,Shivamogga,Karnataka
2018-02-23,0.0,0.0,0.0,3.4299999999999993,0.0,0,Shivamogga,Karnataka
2018-02-24,0.0,0.0,0.0,0.1799999999999991,0.0,0,Shivamogga,Karnataka
2018-02-25,0.0,0.0,0.0,0.1799999999999991,0.0,0,Shivamogga,Karnataka
2018-02-26,0.0,0.0,0.0,0.0,0.0,0,Shivamogga,Karnataka
2018-02-27,0.0,0.0,0.0,0.0,0.0,0,Shivamogga,Karnataka
2018-02-28,0.0,0.0,0.0,0.0,0.0,0,Shivamogga,Karnataka
2018-03-01,0.0,0.0,0.0,0.0,0.0,0,Shivamogga,Karnataka
2018-03-02,0.0,0.0,0.0,0.0,0.0,0,Shivamogga,Karnataka
2018-03-03,0.0,0.0,0.0,0.0,0.0,0,Shivamogga,Karnataka
2018-03-04,0.0,0.0,0.0,0.0,0.0,0,Shivamogga,Karnataka
2018-03-05,0.0,0.0,0.0,0.0,0.0,0,Shivamogga,Karnataka
2018-03-06,0.0,0.0,0.0,0.0,0.0,0,Shivamogga,Karnataka
2018-03-07,0.0,0.0,0.0,0.0,0.0,0,Shivamogga,Karnataka
2018-03-08,0.0,0.0,0.0,0.0,0.0,0,Shivamogga,Karnataka
2018-03-09,0.0,0.0,0.0,0.0,0.0,0,Shivamogga,Karnataka
2018-03-10,0.0,0.0,0.0,0.0,0.0,0,Shivamogga,Karnataka
2018-03-11,0.0,0.0,0.0,0.0,0.0,0,Shivamogga,Karnataka
2018-03-12,0.0,0.0,0.0,0.0,0.0,0,Shivamogga,Karnataka
2018-03-13,0.0,0.0,0.0,0.0,0.0,0,Shivamogga,Karnataka
2018-03-14,0.21,0.20999999999999644,0.2100000000000213,0.2099999999999991,0.21,0,Shivamogga,Karnataka
2018-03-15,6.53,6.739999999999997,6.7400000000000215,6.739999999999999,6.53,0,Shivamogga,Karnataka
2018-03-16,10.31,17.049999999999997,17.050000000000022,17.05,10.31,0,Shivamogga,Karnataka
2018-03-17,0.32,17.159999999999997,17.370000000000022,17.369999999999997,10.31,0,Shivamogga,Karnataka
2018-03-18,0.45,11.079999999999997,17.82000000000002,17.82,10.31,0,Shivamogga,Karnataka
2018-03-19,0.42,1.1899999999999964,18.240000000000023,18.24,0.45,0,Shivamogga,Karnataka
2018-03-20,0.0,0.8699999999999963,18.240000000000023,18.24,0.45,0,Shivamogga,Karnataka
2018-03-21,0.0,0.41999999999999643,18.030000000000022,18.24,0.42,0,Shivamogga,Karnataka
2018-03-22,0.0,0.0,11.500000000000021,18.24,0.0,0,Shivamogga,Karnataka
2018-03-23,0.0,0.0,1.1900000000000213,18.24,0.0,0,Shivamogga,Karnataka
2018-03-24,0.0,0.0,0.8700000000000212,18.24,0.0,0,Shivamogga,Karnataka
2018-03-25,0.0,0.0,0.4200000000000213,18.24,0.0,0,Shivamogga,Karnataka
2018-03-26,0.0,0.0,0.0,18.24,0.0,0,Shivamogga,Karnataka
2018-03-27,0.0,0.0,0.0,18.24,0.0,0,Shivamogga,Karnataka
2018-03-28,0.0,0.0,0.0,18.24,0.0,0,Shivamogga,Karnataka
2018-03-29,0.05,0.04999999999999645,0.05000000000002132,18.08,0.05,0,Shivamogga,Karnataka
2018-03-30,0.52,0.5699999999999965,0.5700000000000214,12.069999999999999,0.52,0,Shivamogga,Karnataka
2018-03-31,0.48,1.0499999999999965,1.0500000000000214,2.2399999999999984,0.52,0,Shivamogga,Karnataka
2018-04-01,0.0,0.9999999999999964,1.0500000000000214,1.9199999999999982,0.52,0,Shivamogga,Karnataka
2018-04-02,0.47,0.9499999999999964,1.5200000000000213,1.9399999999999982,0.48,0,Shivamogga,Karnataka
2018-04-03,0.58,1.0499999999999963,2.1000000000000214,2.0999999999999983,0.58,0,Shivamogga,Karnataka
2018-04-04,0.0,1.0499999999999963,2.1000000000000214,2.0999999999999983,0.58,0,Shivamogga,Karnataka
2018-04-05,0.09,0.6699999999999964,2.1400000000000214,2.189999999999998,0.58,0,Shivamogga,Karnataka
2018-04-06,0.13,0.21999999999999645,1.7500000000000213,2.319999999999998,0.13,0,Shivamogga,Karnataka
2018-04-07,0.04,0.25999999999999646,1.3100000000000211,2.359999999999998,0.13,0,Shivamogga,Karnataka
2018-04-08,0.0,0.16999999999999646,1.3100000000000211,2.359999999999998,0.13,0,Shivamogga,Karnataka
2018-04-09,0.0,0.03999999999999645,0.8400000000000213,2.359999999999998,0.04,0,Shivamogga,Karnataka
2018-04-10,0.12,0.11999999999999644,0.3800000000000213,2.479999999999998,0.12,0,Shivamogga,Karnataka
2018-04-11,0.23,0.3499999999999964,0.6100000000000213,2.709999999999998,0.23,0,Shivamogga,Karnataka
2018-04-12,0.16,0.5099999999999965,0.6800000000000214,2.8699999999999983,0.23,0,Shivamogga,Karnataka
2018-04-13,3.32,3.7099999999999964,3.8700000000000214,6.139999999999998,3.32,0,Shivamogga,Karnataka
2018-04-14,0.34,3.8199999999999963,4.170000000000021,5.959999999999998,3.32,0,Shivamogga,Karnataka
2018-04-15,0.57,4.229999999999996,4.740000000000021,6.049999999999998,3.32,0,Shivamogga,Karnataka
2018-04-16,0.28,1.1899999999999964,5.020000000000021,6.329999999999998,0.57,0,Shivamogga,Karnataka
2018-04-17,0.3,1.1499999999999964,5.200000000000021,6.159999999999998,0.57,0,Shivamogga,Karnataka
2018-04-18,0.19,0.7699999999999965,5.1600000000000215,5.769999999999998,0.3,0,Shivamogga,Karnataka
2018-04-19,3.98,4.469999999999996,8.980000000000022,9.749999999999998,3.98,0,Shivamogga,Karnataka
2018-04-20,7.72,11.889999999999997,13.38000000000002,17.38,7.72,0,Shivamogga,Karnataka
2018-04-21,0.01,11.709999999999997,13.05000000000002,17.259999999999998,7.72,0,Shivamogga,Karnataka
2018-04-22,6.0,13.729999999999997,18.480000000000018,23.219999999999995,7.72,0,Shivamogga,Karnataka
2018-04-23,9.23,15.239999999999998,27.43000000000002,32.449999999999996,9.23,0,Shivamogga,Karnataka
2018-04-24,0.0,15.229999999999999,27.130000000000024,32.449999999999996,9.23,0,Shivamogga,Karnataka
2018-04-25,0.01,9.239999999999998,26.95000000000002,32.339999999999996,9.23,0,Shivamogga,Karnataka
2018-04-26,0.0,0.009999999999998224,22.97000000000002,32.10999999999999,0.01,0,Shivamogga,Karnataka
2018-04-27,0.0,0.009999999999998224,15.250000000000021,31.95,0.01,0,Shivamogga,Karnataka
2018-04-28,0.0,0.0,15.24000000000002,28.63,0.0,0,Shivamogga,Karnataka
2018-04-29,0.03,0.029999999999998223,9.27000000000002,28.319999999999997,0.03,0,Shivamogga,Karnataka
2018-04-30,0.14,0.16999999999999824,0.18000000000001956,27.889999999999997,0.14,0,Shivamogga,Karnataka
2018-05-01,0.02,0.18999999999999823,0.20000000000001955,27.629999999999995,0.14,0,Shivamogga,Karnataka
2018-05-02,0.0,0.15999999999999823,0.19000000000001954,27.33,0.14,0,Shivamogga,Karnataka
2018-05-03,0.72,0.7399999999999982,0.9100000000000195,27.86,0.72,0,Shivamogga,Karnataka
2018-05-04,1.23,1.9499999999999982,2.140000000000019,25.109999999999996,1.23,0,Shivamogga,Karnataka
2018-05-05,0.02,1.9699999999999982,2.1600000000000192,17.409999999999997,1.23,0,Shivamogga,Karnataka
2018-05-06,0.4,1.6499999999999981,2.53000000000002,17.799999999999997,1.23,0,Shivamogga,Karnataka
2018-05-07,0.86,1.2799999999999983,3.2500000000000195,12.659999999999997,0.86,0,Shivamogga,Karnataka
2018-05-08,0.54,1.7999999999999983,3.7700000000000196,3.969999999999996,0.86,0,Shivamogga,Karnataka
2018-05-09,2.55,3.949999999999998,6.32000000000002,6.519999999999996,2.55,0,Shivamogga,Karnataka
2018-05-10,8.24,11.329999999999998,13.840000000000021,14.749999999999996,8.24,0,Shivamogga,Karnataka
2018-05-11,1.58,12.37,14.190000000000019,16.33,8.24,0,Shivamogga,Karnataka
2018-05-12,0.52,10.339999999999998,14.690000000000019,16.849999999999998,8.24,0,Shivamogga,Karnataka
2018-05-13,1.94,4.039999999999998,16.230000000000018,18.789999999999996,1.94,0,Shivamogga,Karnataka
2018-05-14,22.18,24.639999999999997,37.55000000000002,40.94,22.18,0,Shivamogga,Karnataka
2018-05-15,1.46,25.58,38.47000000000002,42.25999999999999,22.18,0,Shivamogga,Karnataka
2018-05-16,0.16,23.799999999999997,36.08000000000001,42.4,22.18,0,Shivamogga,Karnataka
2018-05-17,1.72,3.3399999999999963,29.560000000000016,44.12,1.72,0,Shivamogga,Karnataka
2018-05-18,4.82,6.699999999999997,32.80000000000002,48.21999999999999,4.82,0,Shivamogga,Karnataka
2018-05-19,0.85,7.389999999999996,33.13000000000002,47.839999999999996,4.82,0,Shivamogga,Karnataka
2018-05-20,3.01,8.679999999999996,34.20000000000002,50.83,4.82,0,Shivamogga,Karnataka
2018-05-21,2.37,6.229999999999997,14.390000000000018,52.79999999999999,3.01,0,Shivamogga,Karnataka
2018-05-22,3.41,8.789999999999997,16.340000000000018,55.349999999999994,3.41,0,Shivamogga,Karnataka
2018-05-23,0.91,6.689999999999997,17.090000000000018,55.71999999999999,3.41,0,Shivamogga,Karnataka
2018-05-24,5.23,9.549999999999997,20.60000000000002,58.4,5.23,0,Shivamogga,Karnataka
2018-05-25,0.77,6.909999999999997,16.55000000000002,50.92999999999999,5.23,0,Shivamogga,Karnataka
2018-05-26,1.31,7.309999999999997,17.01000000000002,50.66,5.23,0,Shivamogga,Karnataka
2018-05-27,2.53,4.609999999999996,16.53000000000002,52.669999999999995,2.53,0,Shivamogga,Karnataka
2018-05-28,3.84,7.679999999999996,18.000000000000018,54.56999999999999,3.84,0,Shivamogga,Karnataka
2018-05-29,5.95,12.319999999999997,20.540000000000017,38.339999999999996,5.95,0,Shivamogga,Karnataka
2018-05-30,1.81,11.599999999999996,21.440000000000015,38.69,5.95,0,Shivamogga,Karnataka
2018-05-31,4.13,11.889999999999997,20.340000000000018,42.66,5.95,0,Shivamogga,Karnataka
2018-06-01,5.11,11.049999999999997,24.680000000000017,46.05,5.11,1,Shivamogga,Karnataka
2018-06-02,2.72,11.959999999999997,26.090000000000018,43.949999999999996,5.11,1,Shivamogga,Karnataka
2018-06-03,8.32,16.15,31.880000000000017,51.42,8.32,1,Shivamogga,Karnataka
2018-06-04,15.74,26.78,43.780000000000015,64.14999999999999,15.74,1,Shivamogga,Karnataka
2018-06-05,3.41,27.47,41.240000000000016,65.19,15.74,1,Shivamogga,Karnataka
2018-06-06,0.85,19.999999999999996,40.28000000000002,62.63,15.74,1,Shivamogga,Karnataka
2018-06-07,13.72,17.979999999999997,49.87000000000002,75.44,13.72,1,Shivamogga,Karnataka
2018-06-08,13.81,28.38,58.57000000000002,84.02,13.81,1,Shivamogga,Karnataka
2018-06-09,8.91,36.44,64.76000000000002,92.16,13.81,1,Shivamogga,Karnataka
2018-06-10,12.18,34.9,68.62000000000002,103.03,13.81,1,Shivamogga,Karnataka
2018-06-11,7.59,28.679999999999996,60.47000000000001,108.08999999999999,12.18,1,Shivamogga,Karnataka
2018-06-12,3.23,22.999999999999996,60.29000000000002,107.48,12.18,1,Shivamogga,Karnataka
2018-06-13,2.85,13.669999999999998,62.29000000000002,104.38,7.59,1,Shivamogga,Karnataka
2018-06-14,7.39,13.469999999999999,55.96000000000002,109.96,7.39,1,Shivamogga,Karnataka
2018-06-15,2.58,12.819999999999997,44.73000000000002,108.41,7.39,1,Shivamogga,Karnataka
2018-06-16,1.78,11.749999999999998,37.60000000000002,105.08,7.39,1,Shivamogga,Karnataka
2018-06-17,1.82,6.179999999999998,27.240000000000016,104.17999999999999,2.58,1,Shivamogga,Karnataka
2018-06-18,1.83,5.429999999999998,21.480000000000018,97.69,1.83,1,Shivamogga,Karnataka
2018-06-19,3.47,7.119999999999998,21.720000000000017,85.42,3.47,1,Shivamogga,Karnataka
2018-06-20,9.14,14.44,28.01000000000002,91.14999999999999,9.14,1,Shivamogga,Karnataka
2018-06-21,4.0,16.61,24.62000000000002,94.3,9.14,1,Shivamogga,Karnataka
2018-06-22,2.24,15.379999999999999,24.280000000000015,82.82,9.14,1,Shivamogga,Karnataka
2018-06-23,3.65,9.889999999999999,26.15000000000002,72.66,4.0,1,Shivamogga,Karnataka
2018-06-24,5.63,11.519999999999998,29.96000000000002,69.38,5.63,1,Shivamogga,Karnataka
2018-06-25,4.28,13.559999999999999,32.41000000000002,61.47999999999999,5.63,1,Shivamogga,Karnataka
2018-06-26,3.44,13.349999999999998,32.38000000000002,57.33,5.63,1,Shivamogga,Karnataka
2018-06-27,6.61,14.329999999999998,29.850000000000016,60.71,6.61,1,Shivamogga,Karnataka
2018-06-28,10.51,20.559999999999995,36.360000000000014,68.37,10.51,1,Shivamogga,Karnataka
2018-06-29,6.82,23.939999999999998,40.94000000000001,67.8,10.51,1,Shivamogga,Karnataka
2018-06-30,0.87,18.2,38.16000000000002,66.09,10.51,1,Shivamogga,Karnataka
2018-07-01,2.25,9.939999999999998,34.780000000000015,66.56,6.82,1,Shivamogga,Karnataka
2018-07-02,4.97,8.089999999999998,35.47000000000001,69.71,4.97,1,Shivamogga,Karnataka
2018-07-03,1.92,9.139999999999997,33.95000000000002,69.8,4.97,1,Shivamogga,Karnataka
2018-07-04,1.91,8.799999999999997,29.250000000000018,68.24,4.97,1,Shivamogga,Karnataka
2018-07-05,2.57,6.399999999999998,21.310000000000016,61.669999999999995,2.57,1,Shivamogga,Karnataka
2018-07-06,9.25,13.729999999999997,23.740000000000016,66.92,9.25,1,Shivamogga,Karnataka
2018-07-07,16.95,28.769999999999996,39.820000000000014,81.63,16.95,1,Shivamogga,Karnataka
2018-07-08,7.84,34.03999999999999,45.41000000000001,85.82,16.95,1,Shivamogga,Karnataka
2018-07-09,10.71,35.5,51.15000000000002,90.9,16.95,1,Shivamogga,Karnataka
2018-07-10,8.73,27.279999999999998,57.960000000000015,95.35,10.71,1,Shivamogga,Karnataka
2018-07-11,12.5,31.939999999999998,68.55000000000001,104.41,12.5,1,Shivamogga,Karnataka
2018-07-12,5.7,26.929999999999996,71.68,103.49999999999999,12.5,1,Shivamogga,Karnataka
2018-07-13,6.45,24.65,68.88000000000002,99.44,12.5,1,Shivamogga,Karnataka
2018-07-14,4.39,16.539999999999996,56.320000000000014,97.00999999999999,6.45,1,Shivamogga,Karnataka
2018-07-15,2.98,13.819999999999997,51.46000000000002,99.12,6.45,1,Shivamogga,Karnataka
2018-07-16,4.58,11.949999999999996,45.33000000000002,101.45,4.58,1,Shivamogga,Karnataka
2018-07-17,5.96,13.519999999999996,42.560000000000024,102.43999999999998,5.96,1,Shivamogga,Karnataka
2018-07-18,5.24,15.779999999999996,35.30000000000002,105.76,5.96,1,Shivamogga,Karnataka
2018-07-19,4.3,15.499999999999996,33.90000000000002,108.14999999999999,5.96,1,Shivamogga,Karnataka
2018-07-20,15.05,24.589999999999996,42.500000000000014,120.63,15.05,1,Shivamogga,Karnataka
2018-07-21,12.89,32.239999999999995,51.000000000000014,124.27,15.05,1,Shivamogga,Karnataka
2018-07-22,3.73,31.669999999999998,51.75000000000002,111.05,15.05,1,Shivamogga,Karnataka
2018-07-23,5.65,22.269999999999996,52.82000000000002,108.86000000000001,12.89,1,Shivamogga,Karnataka
2018-07-24,7.33,16.709999999999997,54.19000000000002,105.48,7.33,1,Shivamogga,Karnataka
2018-07-25,3.79,16.769999999999996,52.740000000000016,100.53999999999999,7.33,1,Shivamogga,Karnataka
2018-07-26,1.8,12.919999999999996,50.24000000000002,89.83999999999999,7.33,1,Shivamogga,Karnataka
2018-07-27,2.78,8.369999999999997,37.97000000000002,86.91999999999999,3.79,1,Shivamogga,Karnataka
2018-07-28,1.5,6.0799999999999965,26.580000000000016,81.97,2.78,1,Shivamogga,Karnataka
2018-07-29,1.11,5.389999999999997,23.96000000000002,78.69,2.78,1,Shivamogga,Karnataka
2018-07-30,5.02,7.629999999999996,23.33000000000002,80.73,5.02,1,Shivamogga,Karnataka
2018-07-31,2.46,8.589999999999996,18.46000000000002,78.61,5.02,1,Shivamogga,Karnataka
2018-08-01,2.84,10.319999999999997,17.510000000000016,75.49,5.02,1,Shivamogga,Karnataka
2018-08-02,2.01,7.309999999999996,17.720000000000017,72.25999999999999,2.84,1,Shivamogga,Karnataka
2018-08-03,3.18,8.029999999999996,18.120000000000015,71.14,3.18,1,Shivamogga,Karnataka
2018-08-04,3.7,8.889999999999997,20.320000000000018,59.79,3.7,1,Shivamogga,Karnataka
2018-08-05,1.81,8.689999999999998,21.020000000000017,48.709999999999994,3.7,1,Shivamogga,Karnataka
2018-08-06,1.74,7.249999999999997,17.740000000000016,46.72,3.7,1,Shivamogga,Karnataka
2018-08-07,6.8,10.349999999999996,22.080000000000016,47.86999999999999,6.8,1,Shivamogga,Karnataka
2018-08-08,5.1,13.639999999999997,24.340000000000018,45.63999999999999,6.8,1,Shivamogga,Karnataka
2018-08-09,8.08,19.979999999999997,30.410000000000018,49.92999999999999,8.08,1,Shivamogga,Karnataka
2018-08-10,5.3,18.479999999999997,32.530000000000015,53.43,8.08,1,Shivamogga,Karnataka
2018-08-11,5.8,19.179999999999996,34.63000000000002,56.449999999999996,8.08,1,Shivamogga,Karnataka
2018-08-12,12.37,23.469999999999995,45.19000000000002,67.32,12.37,1,Shivamogga,Karnataka
2018-08-13,9.6,27.769999999999996,53.05000000000002,75.81,12.37,1,Shivamogga,Karnataka
2018-08-14,14.91,36.879999999999995,61.16000000000001,85.7,14.91,1,Shivamogga,Karnataka
2018-08-15,12.44,36.949999999999996,68.50000000000001,95.67999999999999,14.91,1,Shivamogga,Karnataka
2018-08-16,8.14,35.489999999999995,68.56000000000002,100.97999999999999,14.91,1,Shivamogga,Karnataka
2018-08-17,3.65,24.229999999999997,66.91000000000001,102.62,12.44,1,Shivamogga,Karnataka
2018-08-18,3.67,15.459999999999997,64.78000000000002,103.10999999999999,8.14,1,Shivamogga,Karnataka
2018-08-19,3.01,10.329999999999997,55.420000000000016,102.41999999999999,3.67,1,Shivamogga,Karnataka
2018-08-20,2.88,9.559999999999995,48.70000000000002,103.49,3.67,1,Shivamogga,Karnataka
2018-08-21,7.94,13.829999999999997,41.73000000000002,109.69,7.94,1,Shivamogga,Karnataka
2018-08-22,5.71,16.529999999999998,35.00000000000002,108.6,7.94,1,Shivamogga,Karnataka
2018-08-23,2.62,16.269999999999996,29.480000000000018,106.12,7.94,1,Shivamogga,Karnataka
2018-08-24,1.65,9.979999999999997,27.480000000000018,99.68999999999998,5.71,1,Shivamogga,Karnataka
2018-08-25,2.11,6.379999999999996,25.920000000000016,96.49999999999999,2.62,1,Shivamogga,Karnataka
2018-08-26,1.79,5.549999999999996,24.70000000000002,92.49,2.11,1,Shivamogga,Karnataka
2018-08-27,3.24,7.139999999999997,25.060000000000016,83.36,3.24,1,Shivamogga,Karnataka
2018-08-28,2.83,7.859999999999998,19.95000000000002,76.58999999999999,3.24,1,Shivamogga,Karnataka
2018-08-29,6.57,12.639999999999997,20.81000000000002,68.25,6.57,1,Shivamogga,Karnataka
2018-08-30,4.05,13.449999999999996,22.240000000000016,59.86,6.57,1,Shivamogga,Karnataka
2018-08-31,2.2,12.819999999999997,22.79000000000002,53.92,6.57,1,Shivamogga,Karnataka
2018-09-01,0.95,7.199999999999997,21.63000000000002,51.21999999999999,4.05,1,Shivamogga,Karnataka
2018-09-02,1.02,4.169999999999996,20.860000000000017,48.57,2.2,1,Shivamogga,Karnataka
2018-09-03,0.28,2.2499999999999964,17.90000000000002,45.839999999999996,1.02,1,Shivamogga,Karnataka
2018-09-04,0.1,1.3999999999999966,15.170000000000018,43.06,1.02,1,Shivamogga,Karnataka
2018-09-05,0.09,0.4699999999999965,8.690000000000019,35.209999999999994,0.28,1,Shivamogga,Karnataka
2018-09-06,1.58,1.7699999999999965,6.220000000000018,31.08,1.58,1,Shivamogga,Karnataka
2018-09-07,1.65,3.3199999999999963,5.670000000000018,30.109999999999996,1.65,1,Shivamogga,Karnataka
2018-09-08,1.23,4.459999999999996,5.950000000000017,29.689999999999998,1.65,1,Shivamogga,Karnataka
2018-09-09,0.1,2.9799999999999964,5.030000000000018,27.68,1.65,1,Shivamogga,Karnataka
2018-09-10,0.0,1.3299999999999965,4.750000000000018,25.889999999999997,1.23,1,Shivamogga,Karnataka
2018-09-11,2.6,2.6999999999999966,7.250000000000018,25.249999999999996,2.6,1,Shivamogga,Karnataka
2018-09-12,0.57,3.1699999999999964,7.730000000000017,22.989999999999995,2.6,1,Shivamogga,Karnataka
2018-09-13,0.0,3.1699999999999964,6.150000000000018,16.419999999999995,2.6,1,Shivamogga,Karnataka
2018-09-14,0.01,0.5799999999999964,4.5100000000000176,12.379999999999997,0.57,1,Shivamogga,Karnataka
2018-09-15,0.22,0.22999999999999646,3.5000000000000178,10.399999999999995,0.22,1,Shivamogga,Karnataka
2018-09-16,0.44,0.6699999999999965,3.8400000000000176,9.889999999999997,0.44,1,Shivamogga,Karnataka
2018-09-17,2.32,2.9799999999999964,6.160000000000018,11.189999999999998,2.32,1,Shivamogga,Karnataka
2018-09-18,0.25,3.0099999999999962,3.810000000000018,11.159999999999997,2.32,1,Shivamogga,Karnataka
2018-09-19,0.32,2.889999999999996,3.560000000000018,11.379999999999995,2.32,1,Shivamogga,Karnataka
2018-09-20,2.86,3.429999999999996,6.420000000000018,14.149999999999995,2.86,1,Shivamogga,Karnataka
2018-09-21,0.9,4.0799999999999965,7.310000000000018,13.469999999999995,2.86,1,Shivamogga,Karnataka
2018-09-22,0.0,3.7599999999999962,7.090000000000018,11.819999999999997,2.86,1,Shivamogga,Karnataka
2018-09-23,0.78,1.6799999999999966,7.4300000000000175,11.369999999999997,0.9,1,Shivamogga,Karnataka
2018-09-24,0.25,1.0299999999999965,5.360000000000017,11.519999999999998,0.78,1,Shivamogga,Karnataka
2018-09-25,4.37,5.399999999999997,9.480000000000018,15.889999999999997,4.37,1,Shivamogga,Karnataka
2018-09-26,1.4,6.019999999999996,10.560000000000016,14.689999999999996,4.37,1,Shivamogga,Karnataka
2018-09-27,6.75,12.519999999999996,14.450000000000017,20.869999999999997,6.75,1,Shivamogga,Karnataka
2018-09-28,5.99,14.139999999999995,19.540000000000017,26.859999999999996,6.75,1,Shivamogga,Karnataka
2018-09-29,1.71,14.449999999999996,21.250000000000018,28.56,6.75,1,Shivamogga,Karnataka
2018-09-30,2.1,9.799999999999997,22.570000000000014,30.439999999999994,5.99,1,Shivamogga,Karnataka
2018-10-01,0.6,4.409999999999997,22.920000000000016,30.599999999999998,2.1,0,Shivamogga,Karnataka
2018-10-02,0.59,3.2899999999999965,19.14000000000002,28.869999999999997,2.1,0,Shivamogga,Karnataka
2018-10-03,0.11,1.2999999999999965,17.850000000000016,28.729999999999997,0.6,0,Shivamogga,Karnataka
2018-10-04,0.46,1.1599999999999964,11.560000000000018,28.869999999999997,0.59,0,Shivamogga,Karnataka
2018-10-05,5.01,5.5799999999999965,10.580000000000018,31.019999999999996,5.01,0,Shivamogga,Karnataka
2018-10-06,2.51,7.979999999999996,11.380000000000019,32.629999999999995,5.01,0,Shivamogga,Karnataka
2018-10-07,0.19,7.709999999999996,9.470000000000017,32.81999999999999,5.01,0,Shivamogga,Karnataka
2018-10-08,0.53,3.229999999999996,9.400000000000018,32.56999999999999,2.51,0,Shivamogga,Karnataka
2018-10-09,0.58,1.2999999999999963,9.390000000000018,32.89999999999999,0.58,0,Shivamogga,Karnataka
2018-10-10,0.02,1.1299999999999963,9.300000000000018,28.549999999999997,0.58,0,Shivamogga,Karnataka
2018-10-11,0.0,0.5999999999999964,8.840000000000018,27.15,0.58,0,Shivamogga,Karnataka
2018-10-12,0.0,0.019999999999996448,3.8300000000000174,20.4,0.02,0,Shivamogga,Karnataka
2018-10-13,0.15,0.14999999999999644,1.4700000000000177,14.559999999999997,0.15,0,Shivamogga,Karnataka
2018-10-14,0.16,0.30999999999999645,1.4400000000000177,13.009999999999998,0.16,0,Shivamogga,Karnataka
2018-10-15,0.64,0.9499999999999964,1.5500000000000176,11.549999999999995,0.64,0,Shivamogga,Karnataka
2018-10-16,6.16,6.959999999999996,7.130000000000018,17.109999999999996,6.16,0,Shivamogga,Karnataka
2018-10-17,19.96,26.759999999999998,27.070000000000018,36.48,19.96,0,Shivamogga,Karnataka
2018-10-18,0.12,26.24,27.19000000000002,36.489999999999995,19.96,0,Shivamogga,Karnataka
2018-10-19,1.09,21.169999999999998,28.28000000000002,37.12,19.96,0,Shivamogga,Karnataka
2018-10-20,0.0,1.2099999999999964,28.130000000000017,32.11,1.09,0,Shivamogga,Karnataka
2018-10-21,0.03,1.1199999999999963,28.000000000000018,29.629999999999995,1.09,0,Shivamogga,Karnataka
2018-10-22,0.0,0.029999999999996446,27.360000000000017,29.439999999999994,0.03,0,Shivamogga,Karnataka
2018-10-23,0.0,0.029999999999996446,21.200000000000017,28.909999999999997,0.03,0,Shivamogga,Karnataka
2018-10-24,0.0,0.0,1.2400000000000178,28.329999999999995,0.0,0,Shivamogga,Karnataka
2018-10-25,0.0,0.0,1.1200000000000179,28.309999999999995,0.0,0,Shivamogga,Karnataka
2018-10-26,0.0,0.0,0.03000000000001754,28.309999999999995,0.0,0,Shivamogga,Karnataka
2018-10-27,0.0,0.0,0.03000000000001754,28.309999999999995,0.0,0,Shivamogga,Karnataka
2018-10-28,0.0,0.0,0.0,28.159999999999997,0.0,0,Shivamogga,Karnataka
2018-10-29,0.0,0.0,0.0,27.999999999999996,0.0,0,Shivamogga,Karnataka
2018-10-30,0.0,0.0,0.0,27.359999999999996,0.0,0,Shivamogga,Karnataka
2018-10-31,0.0,0.0,0.0,21.199999999999996,0.0,0,Shivamogga,Karnataka
2018-11-01,0.0,0.0,0.0,1.2399999999999964,0.0,0,Shivamogga,Karnataka
2018-11-02,0.0,0.0,0.0,1.1199999999999966,0.0,0,Shivamogga,Karnataka
2018-11-03,0.39,0.38999999999999646,0.39000000000001755,0.41999999999999627,0.39,0,Shivamogga,Karnataka
2018-11-04,0.03,0.4199999999999965,0.4200000000000176,0.4499999999999963,0.39,0,Shivamogga,Karnataka
2018-11-05,0.0,0.4199999999999965,0.4200000000000176,0.41999999999999627,0.39,0,Shivamogga,Karnataka
2018-11-06,0.0,0.029999999999996446,0.4200000000000176,0.41999999999999627,0.03,0,Shivamogga,Karnataka
2018-11-07,0.0,0.0,0.4200000000000176,0.41999999999999627,0.0,0,Shivamogga,Karnataka
2018-11-08,0.0,0.0,0.4200000000000176,0.41999999999999627,0.0,0,Shivamogga,Karnataka
2018-11-09,0.0,0.0,0.4200000000000176,0.41999999999999627,0.0,0,Shivamogga,Karnataka
2018-11-10,0.0,0.0,0.03000000000001754,0.41999999999999627,0.0,0,Shivamogga,Karnataka
2018-11-11,0.0,0.0,0.0,0.41999999999999627,0.0,0,Shivamogga,Karnataka
2018-11-12,0.0,0.0,0.0,0.41999999999999627,0.0,0,Shivamogga,Karnataka
2018-11-13,0.0,0.0,0.0,0.41999999999999627,0.0,0,Shivamogga,Karnataka
2018-11-14,0.0,0.0,0.0,0.41999999999999627,0.0,0,Shivamogga,Karnataka
2018-11-15,0.0,0.0,0.0,0.41999999999999627,0.0,0,Shivamogga,Karnataka
2018-11-16,0.03,0.029999999999996446,0.03000000000001754,0.44999999999999624,0.03,0,Shivamogga,Karnataka
2018-11-17,0.0,0.029999999999996446,0.03000000000001754,0.4499999999999963,0.03,0,Shivamogga,Karnataka
2018-11-18,3.26,3.289999999999996,3.2900000000000174,3.319999999999996,3.26,0,Shivamogga,Karnataka
2018-11-19,3.53,6.789999999999996,6.820000000000017,6.819999999999996,3.53,0,Shivamogga,Karnataka
2018-11-20,0.0,6.789999999999996,6.820000000000017,6.819999999999996,3.53,0,Shivamogga,Karnataka
2018-11-21,0.0,3.5299999999999963,6.820000000000017,6.819999999999996,3.53,0,Shivamogga,Karnataka
2018-11-22,0.0,0.0,6.820000000000017,6.819999999999996,0.0,0,Shivamogga,Karnataka
2018-11-23,0.51,0.5099999999999965,7.300000000000017,7.329999999999996,0.51,0,Shivamogga,Karnataka
2018-11-24,0.18,0.6899999999999964,7.480000000000017,7.509999999999996,0.51,0,Shivamogga,Karnataka
2018-11-25,0.01,0.6999999999999964,4.230000000000018,7.519999999999996,0.51,0,Shivamogga,Karnataka
2018-11-26,0.0,0.18999999999999645,0.7000000000000177,7.519999999999996,0.18,0,Shivamogga,Karnataka
2018-11-27,0.0,0.009999999999996447,0.7000000000000177,7.519999999999996,0.01,0,Shivamogga,Karnataka
2018-11-28,0.0,0.0,0.7000000000000177,7.519999999999996,0.0,0,Shivamogga,Karnataka
2018-11-29,0.0,0.0,0.7000000000000177,7.519999999999996,0.0,0,Shivamogga,Karnataka
2018-11-30,0.0,0.0,0.19000000000001777,7.519999999999996,0.0,0,Shivamogga,Karnataka
2018-12-01,0.0,0.0,0.010000000000017764,7.489999999999996,0.0,0,Shivamogga,Karnataka
2018-12-02,0.0,0.0,0.0,7.489999999999996,0.0,0,Shivamogga,Karnataka
2018-12-03,0.0,0.0,0.0,4.229999999999996,0.0,0,Shivamogga,Karnataka
2018-12-04,0.01,0.009999999999996447,0.010000000000017764,0.709999999999996,0.01,0,Shivamogga,Karnataka
2018-12-05,0.1,0.10999999999999645,0.11000000000001776,0.8099999999999961,0.1,0,Shivamogga,Karnataka
2018-12-06,0.0,0.10999999999999645,0.11000000000001776,0.8099999999999961,0.1,0,Shivamogga,Karnataka
2018-12-07,0.0,0.09999999999999645,0.11000000000001776,0.8099999999999961,0.1,0,Shivamogga,Karnataka
2018-12-08,0.0,0.0,0.11000000000001776,0.299999999999996,0.0,0,Shivamogga,Karnataka
2018-12-09,0.0,0.0,0.11000000000001776,0.11999999999999601,0.0,0,Shivamogga,Karnataka
2018-12-10,0.0,0.0,0.11000000000001776,0.10999999999999602,0.0,0,Shivamogga,Karnataka
2018-12-11,0.0,0.0,0.10000000000001777,0.10999999999999602,0.0,0,Shivamogga,Karnataka
2018-12-12,0.0,0.0,0.0,0.10999999999999602,0.0,0,Shivamogga,Karnataka
2018-12-13,0.0,0.0,0.0,0.10999999999999602,0.0,0,Shivamogga,Karnataka
2018-12-14,0.0,0.0,0.0,0.10999999999999602,0.0,0,Shivamogga,Karnataka
2018-12-15,0.0,0.0,0.0,0.10999999999999602,0.0,0,Shivamogga,Karnataka
2018-12-16,0.0,0.0,0.0,0.10999999999999602,0.0,0,Shivamogga,Karnataka
2018-12-17,0.0,0.0,0.0,0.10999999999999602,0.0,0,Shivamogga,Karnataka
2018-12-18,0.0,0.0,0.0,0.10999999999999602,0.0,0,Shivamogga,Karnataka
2018-12-19,0.0,0.0,0.0,0.09999999999999601,0.0,0,Shivamogga,Karnataka
2018-12-20,0.0,0.0,0.0,0.0,0.0,0,Shivamogga,Karnataka
2018-12-21,0.0,0.0,0.0,0.0,0.0,0,Shivamogga,Karnataka
2018-12-22,0.0,0.0,0.0,0.0,0.0,0,Shivamogga,Karnataka
2018-12-23,0.0,0.0,0.0,0.0,0.0,0,Shivamogga,Karnataka
2018-12-24,0.05,0.04999999999999645,0.050000000000017766,0.049999999999996006,0.05,0,Shivamogga,Karnataka
2018-12-25,0.0,0.04999999999999645,0.050000000000017766,0.049999999999996006,0.05,0,Shivamogga,Karnataka
2018-12-26,0.0,0.04999999999999645,0.050000000000017766,0.049999999999996006,0.05,0,Shivamogga,Karnataka
2018-12-27,0.0,0.0,0.050000000000017766,0.049999999999996006,0.0,0,Shivamogga,Karnataka
2018-12-28,0.0,0.0,0.050000000000017766,0.049999999999996006,0.0,0,Shivamogga,Karnataka
2018-12-29,0.05,0.04999999999999645,0.10000000000001777,0.09999999999999601,0.05,0,Shivamogga,Karnataka
2018-12-30,0.0,0.04999999999999645,0.10000000000001777,0.09999999999999601,0.05,0,Shivamogga,Karnataka
2018-12-31,0.0,0.04999999999999645,0.050000000000017766,0.09999999999999601,0.05,0,Shivamogga,Karnataka
2019-01-01,0.0,0.0,0.050000000000017766,0.09999999999999601,0.0,0,Shivamogga,Karnataka
2019-01-02,0.0,0.0,0.050000000000017766,0.09999999999999601,0.0,0,Shivamogga,Karnataka
2019-01-03,0.0,0.0,0.050000000000017766,0.09999999999999601,0.0,0,Shivamogga,Karnataka
2019-01-04,0.0,0.0,0.050000000000017766,0.09999999999999601,0.0,0,Shivamogga,Karnataka
2019-01-05,0.0,0.0,0.0,0.09999999999999601,0.0,0,Shivamogga,Karnataka
2019-01-06,0.0,0.0,0.0,0.09999999999999601,0.0,0,Shivamogga,Karnataka
2019-01-07,0.0,0.0,0.0,0.09999999999999601,0.0,0,Shivamogga,Karnataka
2019-01-08,0.0,0.0,0.0,0.049999999999996006,0.0,0,Shivamogga,Karnataka
2019-01-09,0.0,0.0,0.0,0.049999999999996006,0.0,0,Shivamogga,Karnataka
2019-01-10,0.0,0.0,0.0,0.049999999999996006,0.0,0,Shivamogga,Karnataka
2019-01-11,0.0,0.0,0.0,0.049999999999996006,0.0,0,Shivamogga,Karnataka
2019-01-12,0.0,0.0,0.0,0.049999999999996006,0.0,0,Shivamogga,Karnataka
2019-01-13,0.0,0.0,0.0,0.0,0.0,0,Shivamogga,Karnataka
2019-01-14,0.0,0.0,0.0,0.0,0.0,0,Shivamogga,Karnataka
2019-01-15,0.0,0.0,0.0,0.0,0.0,0,Shivamogga,Karnataka
2019-01-16,0.0,0.0,0.0,0.0,0.0,0,Shivamogga,Karnataka
2019-01-17,0.0,0.0,0.0,0.0,0.0,0,Shivamogga,Karnataka
2019-01-18,0.0,0.0,0.0,0.0,0.0,0,Shivamogga,Karnataka
2019-01-19,0.0,0.0,0.0,0.0,0.0,0,Shivamogga,Karnataka
2019-01-20,0.0,0.0,0.0,0.0,0.0,0,Shivamogga,Karnataka
2019-01-21,0.0,0.0,0.0,0.0,0.0,0,Shivamogga,Karnataka
2019-01-22,0.0,0.0,0.0,0.0,0.0,0,Shivamogga,Karnataka
2019-01-23,0.0,0.0,0.0,0.0,0.0,0,Shivamogga,Karnataka
2019-01-24,0.0,0.0,0.0,0.0,0.0,0,Shivamogga,Karnataka
2019-01-25,0.0,0.0,0.0,0.0,0.0,0,Shivamogga,Karnataka
2019-01-26,0.0,0.0,0.0,0.0,0.0,0,Shivamogga,Karnataka
2019-01-27,0.06,0.059999999999996445,0.06000000000001776,0.059999999999996,0.06,0,Shivamogga,Karnataka
2019-01-28,0.13,0.18999999999999645,0.19000000000001777,0.189999999999996,0.13,0,Shivamogga,Karnataka
2019-01-29,0.0,0.18999999999999645,0.19000000000001777,0.189999999999996,0.13,0,Shivamogga,Karnataka
2019-01-30,0.0,0.12999999999999645,0.19000000000001777,0.189999999999996,0.13,0,Shivamogga,Karnataka
2019-01-31,0.0,0.0,0.19000000000001777,0.189999999999996,0.0,0,Shivamogga,Karnataka
2019-02-01,0.0,0.0,0.19000000000001777,0.189999999999996,0.0,0,Shivamogga,Karnataka
2019-02-02,0.0,0.0,0.19000000000001777,0.189999999999996,0.0,0,Shivamogga,Karnataka
2019-02-03,0.0,0.0,0.13000000000001777,0.189999999999996,0.0,0,Shivamogga,Karnataka
2019-02-04,0.0,0.0,0.0,0.189999999999996,0.0,0,Shivamogga,Karnataka
2019-02-05,0.0,0.0,0.0,0.189999999999996,0.0,0,Shivamogga,Karnataka
2019-02-06,0.0,0.0,0.0,0.189999999999996,0.0,0,Shivamogga,Karnataka
2019-02-07,0.0,0.0,0.0,0.189999999999996,0.0,0,Shivamogga,Karnataka
2019-02-08,0.0,0.0,0.0,0.189999999999996,0.0,0,Shivamogga,Karnataka
2019-02-09,0.11,0.10999999999999645,0.11000000000001776,0.299999999999996,0.11,0,Shivamogga,Karnataka
2019-02-10,0.52,0.6299999999999965,0.6300000000000178,0.8199999999999961,0.52,0,Shivamogga,Karnataka
2019-02-11,0.16,0.7899999999999965,0.7900000000000178,0.919999999999996,0.52,0,Shivamogga,Karnataka
2019-02-12,0.0,0.6799999999999965,0.7900000000000178,0.789999999999996,0.52,0,Shivamogga,Karnataka
2019-02-13,0.0,0.15999999999999645,0.7900000000000178,0.789999999999996,0.16,0,Shivamogga,Karnataka
2019-02-14,0.0,0.0,0.7900000000000178,0.789999999999996,0.0,0,Shivamogga,Karnataka
2019-02-15,0.0,0.0,0.7900000000000178,0.789999999999996,0.0,0,Shivamogga,Karnataka
2019-02-16,0.0,0.0,0.6800000000000178,0.789999999999996,0.0,0,Shivamogga,Karnataka
2019-02-17,0.0,0.0,0.16000000000001777,0.789999999999996,0.0,0,Shivamogga,Karnataka
2019-02-18,0.0,0.0,0.0,0.789999999999996,0.0,0,Shivamogga,Karnataka
2019-02-19,0.0,0.0,0.0,0.789999999999996,0.0,0,Shivamogga,Karnataka
2019-02-20,0.0,0.0,0.0,0.789999999999996,0.0,0,Shivamogga,Karnataka
2019-02-21,0.0,0.0,0.0,0.789999999999996,0.0,0,Shivamogga,Karnataka
2019-02-22,0.0,0.0,0.0,0.789999999999996,0.0,0,Shivamogga,Karnataka
2019-02-23,0.0,0.0,0.0,0.789999999999996,0.0,0,Shivamogga,Karnataka
2019-02-24,0.0,0.0,0.0,0.679999999999996,0.0,0,Shivamogga,Karnataka
2019-02-25,0.0,0.0,0.0,0.159999999999996,0.0,0,Shivamogga,Karnataka
2019-02-26,0.0,0.0,0.0,0.0,0.0,0,Shivamogga,Karnataka
2019-02-27,0.0,0.0,0.0,0.0,0.0,0,Shivamogga,Karnataka
2019-02-28,0.0,0.0,0.0,0.0,0.0,0,Shivamogga,Karnataka
2019-03-01,0.0,0.0,0.0,0.0,0.0,0,Shivamogga,Karnataka
2019-03-02,0.4,0.39999999999999647,0.4000000000000178,0.399999999999996,0.4,0,Shivamogga,Karnataka
2019-03-03,0.0,0.39999999999999647,0.4000000000000178,0.399999999999996,0.4,0,Shivamogga,Karnataka
2019-03-04,0.0,0.39999999999999647,0.4000000000000178,0.399999999999996,0.4,0,Shivamogga,Karnataka
2019-03-05,0.0,0.0,0.4000000000000178,0.399999999999996,0.0,0,Shivamogga,Karnataka
2019-03-06,0.0,0.0,0.4000000000000178,0.399999999999996,0.0,0,Shivamogga,Karnataka
2019-03-07,0.0,0.0,0.4000000000000178,0.399999999999996,0.0,0,Shivamogga,Karnataka
2019-03-08,0.0,0.0,0.4000000000000178,0.399999999999996,0.0,0,Shivamogga,Karnataka
2019-03-09,0.0,0.0,0.0,0.399999999999996,0.0,0,Shivamogga,Karnataka
2019-03-10,0.01,0.009999999999996447,0.010000000000017764,0.40999999999999603,0.01,0,Shivamogga,Karnataka
2019-03-11,0.02,0.029999999999996446,0.030000000000017762,0.42999999999999605,0.02,0,Shivamogga,Karnataka
2019-03-12,0.0,0.02999999999999645,0.030000000000017766,0.42999999999999605,0.02,0,Shivamogga,Karnataka
2019-03-13,0.0,0.01999999999999645,0.030000000000017766,0.42999999999999605,0.02,0,Shivamogga,Karnataka
2019-03-14,0.0,0.0,0.030000000000017766,0.42999999999999605,0.0,0,Shivamogga,Karnataka
2019-03-15,0.0,0.0,0.030000000000017766,0.42999999999999605,0.0,0,Shivamogga,Karnataka
2019-03-16,0.0,0.0,0.030000000000017766,0.42999999999999605,0.0,0,Shivamogga,Karnataka
2019-03-17,0.0,0.0,0.020000000000017767,0.029999999999996002,0.0,0,Shivamogga,Karnataka
2019-03-18,0.0,0.0,0.0,0.029999999999996002,0.0,0,Shivamogga,Karnataka
2019-03-19,0.0,0.0,0.0,0.029999999999996002,0.0,0,Shivamogga,Karnataka
2019-03-20,0.0,0.0,0.0,0.029999999999996002,0.0,0,Shivamogga,Karnataka
2019-03-21,0.0,0.0,0.0,0.029999999999996002,0.0,0,Shivamogga,Karnataka
2019-03-22,0.0,0.0,0.0,0.029999999999996002,0.0,0,Shivamogga,Karnataka
2019-03-23,0.0,0.0,0.0,0.029999999999996002,0.0,0,Shivamogga,Karnataka
2019-03-24,0.0,0.0,0.0,0.029999999999996002,0.0,0,Shivamogga,Karnataka
2019-03-25,0.05,0.04999999999999645,0.050000000000017766,0.06999999999999601,0.05,0,Shivamogga,Karnataka
2019-03-26,0.02,0.06999999999999645,0.07000000000001777,0.06999999999999601,0.05,0,Shivamogga,Karnataka
2019-03-27,0.0,0.06999999999999645,0.07000000000001777,0.06999999999999601,0.05,0,Shivamogga,Karnataka
2019-03-28,0.02,0.03999999999999645,0.09000000000001776,0.089999999999996,0.02,0,Shivamogga,Karnataka
2019-03-29,0.67,0.6899999999999965,0.7600000000000178,0.759999999999996,0.67,0,Shivamogga,Karnataka
2019-03-30,0.16,0.8499999999999965,0.9200000000000178,0.919999999999996,0.67,0,Shivamogga,Karnataka
2019-03-31,0.11,0.9399999999999965,1.0300000000000178,1.029999999999996,0.67,0,Shivamogga,Karnataka
2019-04-01,0.11,0.37999999999999645,1.0900000000000176,1.1399999999999961,0.16,0,Shivamogga,Karnataka
2019-04-02,0.14,0.35999999999999643,1.2100000000000177,1.279999999999996,0.14,0,Shivamogga,Karnataka
2019-04-03,0.18,0.4299999999999965,1.3900000000000177,1.459999999999996,0.18,0,Shivamogga,Karnataka
2019-04-04,0.39,0.7099999999999965,1.7600000000000178,1.849999999999996,0.39,0,Shivamogga,Karnataka
2019-04-05,0.34,0.9099999999999966,1.430000000000018,2.189999999999996,0.39,0,Shivamogga,Karnataka
2019-04-06,0.0,0.7299999999999964,1.2700000000000178,2.189999999999996,0.39,0,Shivamogga,Karnataka
2019-04-07,0.0,0.33999999999999647,1.160000000000018,2.189999999999996,0.34,0,Shivamogga,Karnataka
2019-04-08,0.41,0.4099999999999964,1.460000000000018,2.599999999999996,0.41,0,Shivamogga,Karnataka
2019-04-09,3.09,3.4999999999999964,4.410000000000018,5.639999999999996,3.09,0,Shivamogga,Karnataka
2019-04-10,3.67,7.169999999999996,7.900000000000018,9.289999999999996,3.67,0,Shivamogga,Karnataka
2019-04-11,1.81,8.569999999999997,9.320000000000018,11.099999999999996,3.67,0,Shivamogga,Karnataka
2019-04-12,2.23,7.709999999999996,11.210000000000019,13.309999999999995,3.67,0,Shivamogga,Karnataka
2019-04-13,0.35,4.389999999999996,11.560000000000018,12.989999999999997,2.23,0,Shivamogga,Karnataka
2019-04-14,0.9,3.4799999999999964,12.460000000000019,13.729999999999997,2.23,0,Shivamogga,Karnataka
2019-04-15,0.01,1.2599999999999965,12.060000000000018,13.629999999999997,0.9,0,Shivamogga,Karnataka
2019-04-16,0.0,0.9099999999999965,8.970000000000018,13.519999999999996,0.9,0,Shivamogga,Karnataka
2019-04-17,0.01,0.019999999999996448,5.310000000000017,13.389999999999997,0.01,0,Shivamogga,Karnataka
2019-04-18,0.16,0.16999999999999646,3.6600000000000183,13.369999999999996,0.16,0,Shivamogga,Karnataka
2019-04-19,0.82,0.9899999999999964,2.250000000000018,13.799999999999997,0.82,0,Shivamogga,Karnataka
2019-04-20,0.0,0.9799999999999964,1.9000000000000181,13.459999999999997,0.82,0,Shivamogga,Karnataka
2019-04-21,0.01,0.8299999999999964,1.0100000000000182,13.469999999999997,0.82,0,Shivamogga,Karnataka
2019-04-22,0.0,0.009999999999996447,1.0000000000000182,13.469999999999997,0.01,0,Shivamogga,Karnataka
2019-04-23,0.79,0.7999999999999965,1.7900000000000182,13.849999999999996,0.79,0,Shivamogga,Karnataka
2019-04-24,0.09,0.8799999999999965,1.8700000000000183,10.849999999999996,0.79,0,Shivamogga,Karnataka
2019-04-25,0.0,0.8799999999999965,1.7100000000000184,7.179999999999996,0.79,0,Shivamogga,Karnataka
2019-04-26,0.0,0.08999999999999644,0.8900000000000182,5.369999999999996,0.09,0,Shivamogga,Karnataka
2019-04-27,0.01,0.009999999999996447,0.9000000000000182,3.149999999999996,0.01,0,Shivamogga,Karnataka
2019-04-28,0.12,0.12999999999999645,1.0100000000000182,2.919999999999996,0.12,0,Shivamogga,Karnataka
2019-04-29,0.81,0.9399999999999965,1.8200000000000183,2.829999999999996,0.81,0,Shivamogga,Karnataka
2019-04-30,1.57,2.4999999999999964,2.6000000000000183,4.389999999999996,1.57,0,Shivamogga,Karnataka
2019-05-01,0.79,3.1699999999999964,3.3000000000000185,5.179999999999996,1.57,0,Shivamogga,Karnataka
2019-05-02,0.01,2.3699999999999966,3.3100000000000183,5.179999999999996,1.57,0,Shivamogga,Karnataka
2019-05-03,0.0,0.7999999999999967,3.3100000000000183,5.019999999999996,0.79,0,Shivamogga,Karnataka
2019-05-04,0.0,0.00999999999999667,3.300000000000018,4.199999999999996,0.01,0,Shivamogga,Karnataka
2019-05-05,0.0,0.0,3.180000000000018,4.199999999999996,0.0,0,Shivamogga,Karnataka
2019-05-06,0.19,0.18999999999999667,2.5600000000000183,4.379999999999996,0.19,0,Shivamogga,Karnataka
2019-05-07,0.79,0.9799999999999967,1.7800000000000182,5.169999999999996,0.79,0,Shivamogga,Karnataka
2019-05-08,0.05,1.0299999999999967,1.0400000000000182,4.429999999999996,0.79,0,Shivamogga,Karnataka
2019-05-09,0.0,0.8399999999999967,1.0300000000000182,4.339999999999996,0.79,0,Shivamogga,Karnataka
2019-05-10,0.0,0.04999999999999667,1.0300000000000182,4.339999999999996,0.05,0,Shivamogga,Karnataka
2019-05-11,0.0,0.0,1.0300000000000182,4.339999999999996,0.0,0,Shivamogga,Karnataka
2019-05-12,0.04,0.03999999999999667,1.0700000000000183,4.369999999999996,0.04,0,Shivamogga,Karnataka
2019-05-13,0.05,0.08999999999999667,0.9300000000000183,4.299999999999995,0.05,0,Shivamogga,Karnataka
2019-05-14,0.03,0.11999999999999666,0.17000000000001822,3.519999999999996,0.05,0,Shivamogga,Karnataka
2019-05-15,0.01,0.08999999999999667,0.1300000000000182,1.959999999999996,0.05,0,Shivamogga,Karnataka
2019-05-16,0.03,0.06999999999999668,0.1600000000000182,1.199999999999996,0.03,0,Shivamogga,Karnataka
2019-05-17,0.02,0.05999999999999667,0.1800000000000182,1.209999999999996,0.03,0,Shivamogga,Karnataka
2019-05-18,0.12,0.16999999999999665,0.3000000000000182,1.329999999999996,0.12,0,Shivamogga,Karnataka
2019-05-19,0.49,0.6299999999999967,0.7500000000000182,1.8199999999999958,0.49,0,Shivamogga,Karnataka
2019-05-20,1.25,1.8599999999999968,1.9500000000000182,3.069999999999996,1.25,0,Shivamogga,Karnataka
2019-05-21,2.86,4.599999999999997,4.780000000000018,5.739999999999996,2.86,0,Shivamogga,Karnataka
2019-05-22,0.71,4.819999999999997,5.480000000000018,5.659999999999996,2.86,0,Shivamogga,Karnataka
2019-05-23,2.52,6.089999999999996,7.970000000000018,8.129999999999995,2.86,0,Shivamogga,Karnataka
2019-05-24,5.1,8.329999999999997,13.050000000000018,13.229999999999995,5.1,0,Shivamogga,Karnataka
2019-05-25,2.09,9.709999999999997,15.020000000000017,15.319999999999995,5.1,0,Shivamogga,Karnataka
2019-05-26,0.62,7.809999999999997,15.150000000000018,15.939999999999994,5.1,0,Shivamogga,Karnataka
2019-05-27,0.03,2.739999999999997,13.930000000000017,15.929999999999994,2.09,0,Shivamogga,Karnataka
2019-05-28,4.62,5.269999999999998,15.690000000000019,20.499999999999996,4.62,0,Shivamogga,Karnataka
2019-05-29,2.16,6.809999999999997,17.14000000000002,22.629999999999995,4.62,0,Shivamogga,Karnataka
2019-05-30,0.41,7.189999999999997,15.030000000000019,23.029999999999998,4.62,0,Shivamogga,Karnataka
2019-05-31,0.74,3.3099999999999965,10.670000000000018,23.739999999999995,2.16,0,Shivamogga,Karnataka
2019-06-01,0.03,1.1799999999999964,8.61000000000002,23.749999999999996,0.74,1,Shivamogga,Karnataka
2019-06-02,8.45,9.219999999999995,16.44000000000002,32.08,8.45,1,Shivamogga,Karnataka
2019-06-03,17.66,26.139999999999993,34.07000000000002,49.25,17.66,1,Shivamogga,Karnataka
2019-06-04,0.0,26.109999999999996,29.45000000000002,48.0,17.66,1,Shivamogga,Karnataka
2019-06-05,4.13,21.789999999999996,31.42000000000002,49.269999999999996,17.66,1,Shivamogga,Karnataka
2019-06-06,4.22,8.35,35.23000000000002,52.779999999999994,4.22,1,Shivamogga,Karnataka
2019-06-07,0.74,9.09,35.23000000000002,50.99999999999999,4.22,1,Shivamogga,Karnataka
2019-06-08,0.05,5.01,35.250000000000014,45.949999999999996,4.22,1,Shivamogga,Karnataka
2019-06-09,0.64,1.4300000000000002,27.440000000000023,44.49999999999999,0.74,1,Shivamogga,Karnataka
2019-06-10,0.45,1.1400000000000001,10.230000000000018,44.33,0.64,1,Shivamogga,Karnataka
2019-06-11,2.14,3.2300000000000004,12.370000000000017,46.44,2.14,1,Shivamogga,Karnataka
2019-06-12,5.25,7.84,13.490000000000016,47.06999999999999,5.25,1,Shivamogga,Karnataka
2019-06-13,8.17,15.559999999999999,17.44000000000002,53.08,8.17,1,Shivamogga,Karnataka
2019-06-14,4.3,17.72,21.000000000000018,56.97,8.17,1,Shivamogga,Karnataka
2019-06-15,3.49,15.96,24.44000000000002,59.72,8.17,1,Shivamogga,Karnataka
2019-06-16,0.41,8.200000000000001,24.21000000000002,60.099999999999994,4.3,1,Shivamogga,Karnataka
2019-06-17,0.21,4.110000000000002,23.970000000000017,51.85999999999999,3.49,1,Shivamogga,Karnataka
2019-06-18,4.67,5.290000000000002,26.500000000000018,38.87,4.67,1,Shivamogga,Karnataka
2019-06-19,8.26,13.14,29.51000000000002,47.129999999999995,8.26,1,Shivamogga,Karnataka
2019-06-20,6.69,19.620000000000005,28.030000000000015,49.68999999999999,8.26,1,Shivamogga,Karnataka
2019-06-21,1.67,16.62,25.40000000000002,47.13999999999999,8.26,1,Shivamogga,Karnataka
2019-06-22,4.04,12.400000000000004,25.950000000000017,50.44,6.69,1,Shivamogga,Karnataka
2019-06-23,5.22,10.930000000000003,30.760000000000016,55.60999999999999,5.22,1,Shivamogga,Karnataka
2019-06-24,2.88,12.140000000000004,33.43000000000002,57.849999999999994,5.22,1,Shivamogga,Karnataka
2019-06-25,4.49,12.590000000000003,33.250000000000014,61.89,5.22,1,Shivamogga,Karnataka
2019-06-26,4.09,11.460000000000004,29.08000000000002,63.839999999999996,4.49,1,Shivamogga,Karnataka
2019-06-27,5.01,13.590000000000003,27.40000000000002,63.599999999999994,5.01,1,Shivamogga,Karnataka
2019-06-28,5.46,14.560000000000002,31.190000000000015,60.88999999999999,5.46,1,Shivamogga,Karnataka
2019-06-29,7.92,18.39,35.070000000000014,64.51,7.92,1,Shivamogga,Karnataka
2019-06-30,19.16,32.540000000000006,49.01000000000002,80.17999999999999,19.16,1,Shivamogga,Karnataka
2019-07-01,9.18,36.260000000000005,55.31000000000002,88.95,19.16,1,Shivamogga,Karnataka
2019-07-02,6.39,34.730000000000004,57.21000000000002,95.13,19.16,1,Shivamogga,Karnataka
2019-07-03,4.28,19.85000000000001,57.40000000000002,94.74,9.18,1,Shivamogga,Karnataka
2019-07-04,3.92,14.590000000000007,56.31000000000002,90.4,6.39,1,Shivamogga,Karnataka
2019-07-05,6.01,14.210000000000006,56.86000000000002,89.72,6.01,1,Shivamogga,Karnataka
2019-07-06,5.78,15.710000000000008,54.72000000000002,93.83,6.01,1,Shivamogga,Karnataka
2019-07-07,3.45,15.240000000000007,39.01000000000001,93.24,6.01,1,Shivamogga,Karnataka
2019-07-08,3.69,12.920000000000007,33.52000000000002,91.71,5.78,1,Shivamogga,Karnataka
2019-07-09,19.55,26.69000000000001,46.68000000000002,108.38,19.55,1,Shivamogga,Karnataka
2019-07-10,15.06,38.30000000000001,57.460000000000015,118.94999999999999,19.55,1,Shivamogga,Karnataka
2019-07-11,6.41,41.02000000000001,59.950000000000024,121.27,19.55,1,Shivamogga,Karnataka
2019-07-12,2.43,23.90000000000001,56.37000000000002,118.69,15.06,1,Shivamogga,Karnataka
2019-07-13,1.94,10.780000000000008,52.530000000000015,115.17,6.41,1,Shivamogga,Karnataka
2019-07-14,7.3,11.670000000000007,56.380000000000024,114.55,7.3,1,Shivamogga,Karnataka
2019-07-15,3.79,13.030000000000008,56.48000000000002,99.17999999999999,7.3,1,Shivamogga,Karnataka
2019-07-16,5.6,16.690000000000005,42.530000000000015,95.6,7.3,1,Shivamogga,Karnataka
2019-07-17,2.26,11.650000000000006,29.730000000000015,91.47,5.6,1,Shivamogga,Karnataka
2019-07-18,3.0,10.860000000000007,26.320000000000014,90.19,5.6,1,Shivamogga,Karnataka
2019-07-19,10.01,15.270000000000007,33.90000000000002,96.28,10.01,1,Shivamogga,Karnataka
2019-07-20,12.03,25.040000000000006,43.990000000000016,102.3,12.03,1,Shivamogga,Karnataka
2019-07-21,7.4,29.440000000000005,44.09000000000002,103.92,12.03,1,Shivamogga,Karnataka
2019-07-22,17.86,37.290000000000006,58.16000000000001,118.33,17.86,1,Shivamogga,Karnataka
2019-07-23,13.92,39.18000000000001,66.48000000000002,128.56,17.86,1,Shivamogga,Karnataka
2019-07-24,9.06,40.84,73.28000000000002,118.07,17.86,1,Shivamogga,Karnataka
2019-07-25,4.31,27.290000000000006,74.59000000000002,107.32000000000001,13.92,1,Shivamogga,Karnataka
2019-07-26,7.83,21.200000000000006,72.41000000000001,108.74,9.06,1,Shivamogga,Karnataka
2019-07-27,5.83,17.970000000000006,66.21000000000002,112.14,7.83,1,Shivamogga,Karnataka
2019-07-28,5.57,19.230000000000008,64.38000000000002,115.77,7.83,1,Shivamogga,Karnataka
2019-07-29,6.01,17.410000000000007,52.530000000000015,114.48,6.01,1,Shivamogga,Karnataka
2019-07-30,2.39,13.970000000000008,41.000000000000014,113.08,6.01,1,Shivamogga,Karnataka
2019-07-31,3.1,11.500000000000007,35.04000000000002,110.58,6.01,1,Shivamogga,Karnataka
2019-08-01,1.71,7.200000000000007,32.44000000000002,110.03,3.1,1,Shivamogga,Karnataka
2019-08-02,5.26,10.070000000000007,29.87000000000002,112.28999999999999,5.26,1,Shivamogga,Karnataka
2019-08-03,11.81,18.78000000000001,35.85000000000002,114.08999999999999,11.81,1,Shivamogga,Karnataka
2019-08-04,12.61,29.680000000000007,42.890000000000015,114.66999999999999,12.61,1,Shivamogga,Karnataka
2019-08-05,23.14,47.56000000000001,60.020000000000024,130.41,23.14,1,Shivamogga,Karnataka
2019-08-06,18.83,54.580000000000005,76.46000000000002,131.38,23.14,1,Shivamogga,Karnataka
2019-08-07,22.06,64.03,95.42000000000002,139.51999999999998,23.14,1,Shivamogga,Karnataka
2019-08-08,37.9,78.79,131.61,168.35999999999999,37.9,1,Shivamogga,Karnataka
2019-08-09,27.7,87.66000000000001,154.05,191.75,37.9,1,Shivamogga,Karnataka
2019-08-10,29.21,94.81,171.45000000000002,213.13,37.9,1,Shivamogga,Karnataka
2019-08-11,9.21,66.12000000000002,168.05,216.51,29.21,1,Shivamogga,Karnataka
2019-08-12,10.39,48.81000000000002,155.3,221.33,29.21,1,Shivamogga,Karnataka
2019-08-13,12.45,32.05000000000001,148.92000000000002,227.76999999999998,12.45,1,Shivamogga,Karnataka
2019-08-14,18.18,41.02000000000001,145.04000000000002,243.56,18.18,1,Shivamogga,Karnataka
2019-08-15,8.52,39.15000000000001,115.66000000000001,248.98,18.18,1,Shivamogga,Karnataka
2019-08-16,4.78,31.480000000000015,92.74000000000001,252.04999999999998,18.18,1,Shivamogga,Karnataka
2019-08-17,2.42,15.720000000000013,65.95000000000002,249.21,8.52,1,Shivamogga,Karnataka
2019-08-18,4.89,12.090000000000014,61.63000000000001,242.29,4.89,1,Shivamogga,Karnataka
2019-08-19,2.96,10.270000000000014,54.20000000000001,232.64,4.89,1,Shivamogga,Karnataka
2019-08-20,2.1,9.950000000000014,43.850000000000016,211.6,4.89,1,Shivamogga,Karnataka
2019-08-21,6.83,11.890000000000015,32.500000000000014,199.6,6.83,1,Shivamogga,Karnataka
2019-08-22,6.02,14.950000000000014,30.000000000000014,183.55999999999997,6.83,1,Shivamogga,Karnataka
2019-08-23,5.48,18.330000000000013,30.700000000000014,151.14,6.83,1,Shivamogga,Karnataka
2019-08-24,16.08,27.580000000000013,44.360000000000014,139.51999999999998,16.08,1,Shivamogga,Karnataka
2019-08-25,2.2,23.760000000000012,41.670000000000016,112.50999999999999,16.08,1,Shivamogga,Karnataka
2019-08-26,3.34,21.62000000000001,42.05000000000001,106.63999999999999,16.08,1,Shivamogga,Karnataka
2019-08-27,2.84,8.380000000000013,42.79000000000001,99.08999999999999,3.34,1,Shivamogga,Karnataka
2019-08-28,1.45,7.630000000000014,37.41000000000001,88.08999999999999,3.34,1,Shivamogga,Karnataka
2019-08-29,5.82,10.110000000000014,37.210000000000015,75.72999999999999,5.82,1,Shivamogga,Karnataka
2019-08-30,9.23,16.500000000000014,40.960000000000015,76.44,9.23,1,Shivamogga,Karnataka
2019-08-31,6.63,21.680000000000014,31.510000000000016,78.28999999999999,9.23,1,Shivamogga,Karnataka
2019-09-01,8.71,24.570000000000014,38.02000000000002,84.58,9.23,1,Shivamogga,Karnataka
2019-09-02,8.83,24.170000000000016,43.51000000000001,88.52,8.83,1,Shivamogga,Karnataka
2019-09-03,10.05,27.590000000000018,50.72000000000002,95.61,10.05,1,Shivamogga,Karnataka
2019-09-04,13.62,32.500000000000014,62.890000000000015,107.13,13.62,1,Shivamogga,Karnataka
2019-09-05,7.78,31.450000000000017,64.85000000000001,108.08,13.62,1,Shivamogga,Karnataka
2019-09-06,11.6,33.000000000000014,67.22000000000001,113.66,13.62,1,Shivamogga,Karnataka
2019-09-07,12.88,32.26000000000001,73.47000000000001,121.05999999999999,12.88,1,Shivamogga,Karnataka
2019-09-08,7.83,32.31000000000002,72.59000000000002,112.81,12.88,1,Shivamogga,Karnataka
2019-09-09,7.55,28.260000000000016,71.31000000000002,118.16,12.88,1,Shivamogga,Karnataka
2019-09-10,3.74,19.120000000000015,65.00000000000001,118.55999999999999,7.83,1,Shivamogga,Karnataka
2019-09-11,2.21,13.500000000000014,53.59000000000002,117.93,7.55,1,Shivamogga,Karnataka
2019-09-12,4.35,10.300000000000015,50.16000000000001,120.83,4.35,1,Shivamogga,Karnataka
2019-09-13,4.68,11.240000000000013,43.240000000000016,119.68999999999998,4.68,1,Shivamogga,Karnataka
2019-09-14,4.27,13.300000000000011,34.63000000000002,114.73,4.68,1,Shivamogga,Karnataka
2019-09-15,11.79,20.740000000000013,38.59000000000001,119.88999999999999,11.79,1,Shivamogga,Karnataka
2019-09-16,6.57,22.630000000000013,37.610000000000014,117.75,11.79,1,Shivamogga,Karnataka
2019-09-17,4.49,22.850000000000016,38.360000000000014,113.41,11.79,1,Shivamogga,Karnataka
2019-09-18,3.32,14.380000000000015,39.47000000000001,106.67999999999998,6.57,1,Shivamogga,Karnataka
2019-09-19,3.43,11.240000000000014,38.55000000000001,96.49,4.49,1,Shivamogga,Karnataka
2019-09-20,0.41,7.160000000000014,34.280000000000015,89.11999999999999,3.43,1,Shivamogga,Karnataka
2019-09-21,0.81,4.650000000000015,30.82000000000001,78.32999999999998,3.43,1,Shivamogga,Karnataka
2019-09-22,4.31,5.530000000000014,23.340000000000018,69.75999999999999,4.31,1,Shivamogga,Karnataka
2019-09-23,6.84,11.960000000000015,23.610000000000014,68.77,6.84,1,Shivamogga,Karnataka
2019-09-24,11.51,22.66000000000001,30.630000000000013,72.72999999999999,11.51,1,Shivamogga,Karnataka
2019-09-25,24.35,42.70000000000002,51.66000000000001,93.33999999999999,24.35,1,Shivamogga,Karnataka
2019-09-26,12.58,48.44000000000001,60.81000000000002,103.71,24.35,1,Shivamogga,Karnataka
2019-09-27,2.1,39.030000000000015,62.50000000000002,101.46,24.35,1,Shivamogga,Karnataka
2019-09-28,4.51,19.190000000000012,66.20000000000002,101.28999999999999,12.58,1,Shivamogga,Karnataka
2019-09-29,19.7,26.31000000000001,81.59,116.72,19.7,1,Shivamogga,Karnataka
2019-09-30,4.72,28.930000000000007,79.47000000000001,109.64999999999999,19.7,1,Shivamogga,Karnataka
2019-10-01,11.96,36.38000000000001,79.92000000000002,115.03999999999999,19.7,0,Shivamogga,Karnataka
2019-10-02,4.2,20.88000000000001,59.77000000000001,114.74999999999999,11.96,0,Shivamogga,Karnataka
2019-10-03,2.8,18.96000000000001,49.99000000000001,114.22999999999999,11.96,0,Shivamogga,Karnataka
2019-10-04,5.77,12.77000000000001,53.66000000000001,116.56999999999998,5.77,0,Shivamogga,Karnataka
2019-10-05,7.32,15.890000000000011,56.47000000000001,123.47999999999999,7.32,0,Shivamogga,Karnataka
2019-10-06,12.52,25.61000000000001,49.29000000000001,135.19,12.52,0,Shivamogga,Karnataka
2019-10-07,2.37,22.21000000000001,46.94000000000001,133.24999999999997,12.52,0,Shivamogga,Karnataka
2019-10-08,1.95,16.84000000000001,36.930000000000014,128.35999999999999,12.52,0,Shivamogga,Karnataka
2019-10-09,10.62,14.94000000000001,43.35000000000001,127.46999999999998,10.62,0,Shivamogga,Karnataka
2019-10-10,5.04,17.61000000000001,45.59000000000001,108.16,10.62,0,Shivamogga,Karnataka
2019-10-11,9.71,25.37000000000001,49.530000000000015,105.28999999999999,10.62,0,Shivamogga,Karnataka
2019-10-12,6.23,20.98000000000001,48.44000000000002,109.41999999999999,9.71,0,Shivamogga,Karnataka
2019-10-13,2.3,18.240000000000013,38.22000000000001,107.21,9.71,0,Shivamogga,Karnataka
2019-10-14,4.78,13.310000000000011,40.63000000000002,92.28999999999999,6.23,0,Shivamogga,Karnataka
2019-10-15,1.95,9.03000000000001,40.63000000000002,89.52,4.78,0,Shivamogga,Karnataka
2019-10-16,2.39,9.120000000000012,32.40000000000002,79.95,4.78,0,Shivamogga,Karnataka
2019-10-17,7.57,11.91000000000001,34.930000000000014,83.32,7.57,0,Shivamogga,Karnataka
2019-10-18,21.71,31.670000000000012,46.930000000000014,102.22999999999999,21.71,0,Shivamogga,Karnataka
2019-10-19,18.18,47.46000000000001,58.88000000000002,114.63999999999999,21.71,0,Shivamogga,Karnataka
2019-10-20,23.39,63.280000000000015,79.97000000000001,130.71,23.39,0,Shivamogga,Karnataka
2019-10-21,28.49,70.06,103.68,146.67999999999998,28.49,0,Shivamogga,Karnataka
2019-10-22,18.64,70.52000000000001,120.37,162.95,28.49,0,Shivamogga,Karnataka
2019-10-23,14.95,62.08000000000001,132.93,175.95,28.49,0,Shivamogga,Karnataka
2019-10-24,18.11,51.70000000000002,143.47000000000003,183.44,18.64,0,Shivamogga,Karnataka
2019-10-25,11.65,44.710000000000015,133.41,190.05,18.11,0,Shivamogga,Karnataka
2019-10-26,11.94,41.70000000000001,127.17000000000002,192.28,18.11,0,Shivamogga,Karnataka
2019-10-27,5.28,28.87000000000001,109.06000000000002,191.33,11.94,0,Shivamogga,Karnataka
2019-10-28,9.24,26.46000000000001,89.81000000000002,198.26999999999998,11.94,0,Shivamogga,Karnataka
2019-10-29,1.25,15.77000000000001,72.42000000000002,194.73999999999998,9.24,0,Shivamogga,Karnataka
2019-10-30,5.26,15.750000000000009,62.73000000000001,198.05,9.24,0,Shivamogga,Karnataka
2019-10-31,6.61,13.120000000000012,51.23000000000001,202.26999999999998,6.61,0,Shivamogga,Karnataka
2019-11-01,0.77,12.640000000000011,40.350000000000016,195.47,6.61,0,Shivamogga,Karnataka
2019-11-02,0.0,7.380000000000011,28.410000000000014,173.76,6.61,0,Shivamogga,Karnataka
2019-11-03,0.12,0.8900000000000107,23.250000000000014,155.7,0.77,0,Shivamogga,Karnataka
2019-11-04,0.07,0.19000000000001066,14.080000000000014,132.38,0.12,0,Shivamogga,Karnataka
2019-11-05,1.44,1.6300000000000106,14.270000000000014,105.33,1.44,0,Shivamogga,Karnataka
2019-11-06,6.78,8.29000000000001,15.790000000000015,93.47,6.78,0,Shivamogga,Karnataka
2019-11-07,1.89,10.11000000000001,11.070000000000014,80.41,6.78,0,Shivamogga,Karnataka
2019-11-08,0.7,9.370000000000012,11.000000000000014,62.99999999999999,6.78,0,Shivamogga,Karnataka
2019-11-09,0.72,3.3100000000000103,11.720000000000015,52.06999999999999,1.89,0,Shivamogga,Karnataka
2019-11-10,0.06,1.4800000000000106,11.660000000000014,40.19,0.72,0,Shivamogga,Karnataka
2019-11-11,0.0,0.7800000000000107,11.590000000000014,34.91,0.72,0,Shivamogga,Karnataka
2019-11-12,0.0,0.060000000000010656,10.150000000000015,25.669999999999995,0.06,0,Shivamogga,Karnataka
2019-11-13,0.0,0.0,3.370000000000014,24.419999999999995,0.0,0,Shivamogga,Karnataka
2019-11-14,0.21,0.21000000000001065,1.6900000000000142,19.369999999999994,0.21,0,Shivamogga,Karnataka
2019-11-15,2.11,2.3200000000000105,3.100000000000014,14.869999999999992,2.11,0,Shivamogga,Karnataka
2019-11-16,1.76,4.080000000000011,4.140000000000015,15.859999999999992,2.11,0,Shivamogga,Karnataka
2019-11-17,0.22,4.0900000000000105,4.300000000000014,16.07999999999999,2.11,0,Shivamogga,Karnataka
2019-11-18,0.0,1.9800000000000106,4.300000000000014,15.959999999999994,1.76,0,Shivamogga,Karnataka
2019-11-19,0.02,0.24000000000001065,4.3200000000000145,15.909999999999993,0.22,0,Shivamogga,Karnataka
2019-11-20,0.1,0.12000000000001067,4.420000000000014,14.569999999999993,0.1,0,Shivamogga,Karnataka
2019-11-21,0.08,0.20000000000001067,4.290000000000014,7.869999999999992,0.1,0,Shivamogga,Karnataka
2019-11-22,0.0,0.18000000000001068,2.180000000000015,5.979999999999992,0.1,0,Shivamogga,Karnataka
2019-11-23,0.0,0.08000000000001066,0.4200000000000147,5.279999999999992,0.08,0,Shivamogga,Karnataka
2019-11-24,0.0,0.0,0.20000000000001467,4.5599999999999925,0.0,0,Shivamogga,Karnataka
2019-11-25,0.0,0.0,0.20000000000001467,4.499999999999992,0.0,0,Shivamogga,Karnataka
2019-11-26,0.0,0.0,0.18000000000001468,4.499999999999992,0.0,0,Shivamogga,Karnataka
2019-11-27,0.01,0.010000000000010658,0.09000000000001465,4.509999999999993,0.01,0,Shivamogga,Karnataka
2019-11-28,0.01,0.02000000000001066,0.020000000000014655,4.5199999999999925,0.01,0,Shivamogga,Karnataka
2019-11-29,0.16,0.18000000000001065,0.18000000000001465,4.469999999999993,0.16,0,Shivamogga,Karnataka
2019-11-30,1.84,2.010000000000011,2.0200000000000147,4.199999999999993,1.84,0,Shivamogga,Karnataka
2019-12-01,14.62,16.62000000000001,16.640000000000015,17.05999999999999,14.62,0,Shivamogga,Karnataka
2019-12-02,3.21,19.67000000000001,19.850000000000012,20.049999999999994,14.62,0,Shivamogga,Karnataka
2019-12-03,0.23,18.06000000000001,20.080000000000013,20.279999999999994,14.62,0,Shivamogga,Karnataka
2019-12-04,0.0,3.4400000000000106,20.07000000000001,20.25999999999999,3.21,0,Shivamogga,Karnataka
2019-12-05,0.0,0.23000000000001067,20.060000000000013,20.159999999999993,0.23,0,Shivamogga,Karnataka
2019-12-06,0.0,0.0,19.900000000000013,20.07999999999999,0.0,0,Shivamogga,Karnataka
2019-12-07,0.0,0.0,18.060000000000013,20.07999999999999,0.0,0,Shivamogga,Karnataka
2019-12-08,0.0,0.0,3.440000000000014,20.07999999999999,0.0,0,Shivamogga,Karnataka
2019-12-09,0.0,0.0,0.23000000000001422,20.07999999999999,0.0,0,Shivamogga,Karnataka
2019-12-10,0.0,0.0,0.0,20.07999999999999,0.0,0,Shivamogga,Karnataka
2019-12-11,0.0,0.0,0.0,20.07999999999999,0.0,0,Shivamogga,Karnataka
2019-12-12,0.0,0.0,0.0,20.069999999999993,0.0,0,Shivamogga,Karnataka
2019-12-13,0.0,0.0,0.0,20.05999999999999,0.0,0,Shivamogga,Karnataka
2019-12-14,0.02,0.02000000000001066,0.02000000000001421,19.91999999999999,0.02,0,Shivamogga,Karnataka
2019-12-15,0.02,0.04000000000001066,0.04000000000001421,18.09999999999999,0.02,0,Shivamogga,Karnataka
2019-12-16,0.0,0.04000000000001066,0.04000000000001421,3.4799999999999947,0.02,0,Shivamogga,Karnataka
2019-12-17,0.01,0.030000000000010657,0.050000000000014214,0.2799999999999947,0.02,0,Shivamogga,Karnataka
2019-12-18,0.0,0.010000000000010658,0.050000000000014214,0.049999999999994674,0.01,0,Shivamogga,Karnataka
2019-12-19,0.0,0.010000000000010658,0.050000000000014214,0.049999999999994674,0.01,0,Shivamogga,Karnataka
2019-12-20,0.0,0.0,0.050000000000014214,0.049999999999994674,0.0,0,Shivamogga,Karnataka
2019-12-21,2.01,2.0100000000000104,2.040000000000014,2.0599999999999943,2.01,0,Shivamogga,Karnataka
2019-12-22,0.0,2.0100000000000104,2.020000000000014,2.0599999999999943,2.01,0,Shivamogga,Karnataka
2019-12-23,0.0,2.0100000000000104,2.020000000000014,2.0599999999999943,2.01,0,Shivamogga,Karnataka
2019-12-24,0.0,0.0,2.010000000000014,2.0599999999999943,0.0,0,Shivamogga,Karnataka
2019-12-25,0.0,0.0,2.010000000000014,2.0599999999999943,0.0,0,Shivamogga,Karnataka
2019-12-26,0.0,0.0,2.010000000000014,2.0599999999999943,0.0,0,Shivamogga,Karnataka
2019-12-27,0.0,0.0,2.010000000000014,2.0599999999999943,0.0,0,Shivamogga,Karnataka
2019-12-28,0.16,0.16000000000001066,0.16000000000001421,2.2199999999999944,0.16,0,Shivamogga,Karnataka
2019-12-29,0.06,0.22000000000001066,0.2200000000000142,2.2599999999999945,0.16,0,Shivamogga,Karnataka
2019-12-30,0.0,0.22000000000001066,0.2200000000000142,2.2399999999999944,0.16,0,Shivamogga,Karnataka
2019-12-31,0.0,0.060000000000010656,0.2200000000000142,2.2399999999999944,0.06,0,Shivamogga,Karnataka
2020-01-01,0.0,0.0,0.2200000000000142,2.2299999999999947,0.0,0,Shivamogga,Karnataka
2020-01-02,0.0,0.0,0.2200000000000142,2.2299999999999947,0.0,0,Shivamogga,Karnataka
2020-01-03,0.0,0.0,0.2200000000000142,2.2299999999999947,0.0,0,Shivamogga,Karnataka
2020-01-04,0.0,0.0,0.06000000000001421,2.2299999999999947,0.0,0,Shivamogga,Karnataka
2020-01-05,0.0,0.0,0.0,0.21999999999999467,0.0,0,Shivamogga,Karnataka
2020-01-06,0.0,0.0,0.0,0.21999999999999467,0.0,0,Shivamogga,Karnataka
2020-01-07,0.0,0.0,0.0,0.21999999999999467,0.0,0,Shivamogga,Karnataka
2020-01-08,0.0,0.0,0.0,0.21999999999999467,0.0,0,Shivamogga,Karnataka
2020-01-09,0.0,0.0,0.0,0.21999999999999467,0.0,0,Shivamogga,Karnataka
2020-01-10,0.0,0.0,0.0,0.21999999999999467,0.0,0,Shivamogga,Karnataka
2020-01-11,0.0,0.0,0.0,0.21999999999999467,0.0,0,Shivamogga,Karnataka
2020-01-12,0.0,0.0,0.0,0.05999999999999467,0.0,0,Shivamogga,Karnataka
2020-01-13,0.0,0.0,0.0,0.0,0.0,0,Shivamogga,Karnataka
2020-01-14,0.0,0.0,0.0,0.0,0.0,0,Shivamogga,Karnataka
2020-01-15,0.0,0.0,0.0,0.0,0.0,0,Shivamogga,Karnataka
2020-01-16,0.0,0.0,0.0,0.0,0.0,0,Shivamogga,Karnataka
2020-01-17,0.06,0.060000000000010656,0.06000000000001421,0.05999999999999467,0.06,0,Shivamogga,Karnataka
2020-01-18,0.1,0.16000000000001066,0.16000000000001421,0.15999999999999467,0.1,0,Shivamogga,Karnataka
2020-01-19,0.0,0.16000000000001066,0.16000000000001421,0.15999999999999467,0.1,0,Shivamogga,Karnataka
2020-01-20,0.0,0.10000000000001066,0.16000000000001421,0.15999999999999467,0.1,0,Shivamogga,Karnataka
2020-01-21,0.0,0.0,0.16000000000001421,0.15999999999999467,0.0,0,Shivamogga,Karnataka
2020-01-22,0.0,0.0,0.16000000000001421,0.15999999999999467,0.0,0,Shivamogga,Karnataka
2020-01-23,0.0,0.0,0.16000000000001421,0.15999999999999467,0.0,0,Shivamogga,Karnataka
2020-01-24,0.0,0.0,0.10000000000001422,0.15999999999999467,0.0,0,Shivamogga,Karnataka
2020-01-25,0.0,0.0,0.0,0.15999999999999467,0.0,0,Shivamogga,Karnataka
2020-01-26,0.0,0.0,0.0,0.15999999999999467,0.0,0,Shivamogga,Karnataka
2020-01-27,0.0,0.0,0.0,0.15999999999999467,0.0,0,Shivamogga,Karnataka
2020-01-28,0.0,0.0,0.0,0.15999999999999467,0.0,0,Shivamogga,Karnataka
2020-01-29,0.0,0.0,0.0,0.15999999999999467,0.0,0,Shivamogga,Karnataka
2020-01-30,0.0,0.0,0.0,0.15999999999999467,0.0,0,Shivamogga,Karnataka
2020-01-31,0.0,0.0,0.0,0.15999999999999467,0.0,0,Shivamogga,Karnataka
2020-02-01,0.0,0.0,0.0,0.09999999999999468,0.0,0,Shivamogga,Karnataka
2020-02-02,0.0,0.0,0.0,0.0,0.0,0,Shivamogga,Karnataka
2020-02-03,0.0,0.0,0.0,0.0,0.0,0,Shivamogga,Karnataka
2020-02-04,0.0,0.0,0.0,0.0,0.0,0,Shivamogga,Karnataka
2020-02-05,0.0,0.0,0.0,0.0,0.0,0,Shivamogga,Karnataka
2020-02-06,0.0,0.0,0.0,0.0,0.0,0,Shivamogga,Karnataka
2020-02-07,0.0,0.0,0.0,0.0,0.0,0,Shivamogga,Karnataka
2020-02-08,0.0,0.0,0.0,0.0,0.0,0,Shivamogga,Karnataka
2020-02-09,0.0,0.0,0.0,0.0,0.0,0,Shivamogga,Karnataka
2020-02-10,0.0,0.0,0.0,0.0,0.0,0,Shivamogga,Karnataka
2020-02-11,0.0,0.0,0.0,0.0,0.0,0,Shivamogga,Karnataka
2020-02-12,0.0,0.0,0.0,0.0,0.0,0,Shivamogga,Karnataka
2020-02-13,0.0,0.0,0.0,0.0,0.0,0,Shivamogga,Karnataka
2020-02-14,0.0,0.0,0.0,0.0,0.0,0,Shivamogga,Karnataka
2020-02-15,0.0,0.0,0.0,0.0,0.0,0,Shivamogga,Karnataka
2020-02-16,0.0,0.0,0.0,0.0,0.0,0,Shivamogga,Karnataka
2020-02-17,0.0,0.0,0.0,0.0,0.0,0,Shivamogga,Karnataka
2020-02-18,0.0,0.0,0.0,0.0,0.0,0,Shivamogga,Karnataka
2020-02-19,0.0,0.0,0.0,0.0,0.0,0,Shivamogga,Karnataka
2020-02-20,0.0,0.0,0.0,0.0,0.0,0,Shivamogga,Karnataka
2020-02-21,0.0,0.0,0.0,0.0,0.0,0,Shivamogga,Karnataka
2020-02-22,0.0,0.0,0.0,0.0,0.0,0,Shivamogga,Karnataka
2020-02-23,0.0,0.0,0.0,0.0,0.0,0,Shivamogga,Karnataka
2020-02-24,0.0,0.0,0.0,0.0,0.0,0,Shivamogga,Karnataka
2020-02-25,0.0,0.0,0.0,0.0,0.0,0,Shivamogga,Karnataka
2020-02-26,0.0,0.0,0.0,0.0,0.0,0,Shivamogga,Karnataka
2020-02-27,0.0,0.0,0.0,0.0,0.0,0,Shivamogga,Karnataka
2020-02-28,0.0,0.0,0.0,0.0,0.0,0,Shivamogga,Karnataka
2020-02-29,0.34,0.3400000000000107,0.34000000000001424,0.3399999999999947,0.34,0,Shivamogga,Karnataka
2020-03-01,0.88,1.2200000000000106,1.2200000000000142,1.2199999999999946,0.88,0,Shivamogga,Karnataka
2020-03-02,0.46,1.6800000000000108,1.6800000000000144,1.6799999999999948,0.88,0,Shivamogga,Karnataka
2020-03-03,0.54,1.8800000000000108,2.2200000000000144,2.219999999999995,0.88,0,Shivamogga,Karnataka
2020-03-04,0.08,1.080000000000011,2.3000000000000145,2.299999999999995,0.54,0,Shivamogga,Karnataka
2020-03-05,0.0,0.6200000000000109,2.3000000000000145,2.299999999999995,0.54,0,Shivamogga,Karnataka
2020-03-06,0.03,0.11000000000001088,2.3300000000000143,2.3299999999999947,0.08,0,Shivamogga,Karnataka
2020-03-07,0.0,0.03000000000001088,1.9900000000000144,2.3299999999999947,0.03,0,Shivamogga,Karnataka
2020-03-08,0.0,0.03000000000001088,1.1100000000000145,2.3299999999999947,0.03,0,Shivamogga,Karnataka
2020-03-09,0.0,0.0,0.6500000000000145,2.3299999999999947,0.0,0,Shivamogga,Karnataka
2020-03-10,0.0,0.0,0.11000000000001443,2.3299999999999947,0.0,0,Shivamogga,Karnataka
2020-03-11,0.0,0.0,0.030000000000014432,2.3299999999999947,0.0,0,Shivamogga,Karnataka
2020-03-12,0.0,0.0,0.030000000000014432,2.3299999999999947,0.0,0,Shivamogga,Karnataka
2020-03-13,0.0,0.0,0.0,2.3299999999999947,0.0,0,Shivamogga,Karnataka
2020-03-14,0.0,0.0,0.0,2.3299999999999947,0.0,0,Shivamogga,Karnataka
2020-03-15,0.0,0.0,0.0,1.9899999999999949,0.0,0,Shivamogga,Karnataka
2020-03-16,0.0,0.0,0.0,1.109999999999995,0.0,0,Shivamogga,Karnataka
2020-03-17,0.0,0.0,0.0,0.6499999999999949,0.0,0,Shivamogga,Karnataka
2020-03-18,0.01,0.01000000000001088,0.010000000000014433,0.11999999999999489,0.01,0,Shivamogga,Karnataka
2020-03-19,0.0,0.01000000000001088,0.010000000000014433,0.039999999999994894,0.01,0,Shivamogga,Karnataka
2020-03-20,0.01,0.02000000000001088,0.020000000000014433,0.049999999999994896,0.01,0,Shivamogga,Karnataka
2020-03-21,0.04,0.05000000000001088,0.06000000000001443,0.05999999999999489,0.04,0,Shivamogga,Karnataka
2020-03-22,0.0,0.05000000000001088,0.06000000000001444,0.05999999999999489,0.04,0,Shivamogga,Karnataka
2020-03-23,0.0,0.04000000000001088,0.06000000000001444,0.05999999999999489,0.04,0,Shivamogga,Karnataka
2020-03-24,0.07,0.07000000000001089,0.13000000000001444,0.1299999999999949,0.07,0,Shivamogga,Karnataka
2020-03-25,0.01,0.08000000000001088,0.13000000000001444,0.1399999999999949,0.07,0,Shivamogga,Karnataka
2020-03-26,0.0,0.08000000000001088,0.13000000000001444,0.1399999999999949,0.07,0,Shivamogga,Karnataka
2020-03-27,0.0,0.01000000000001088,0.12000000000001443,0.1399999999999949,0.01,0,Shivamogga,Karnataka
2020-03-28,0.0,0.0,0.08000000000001443,0.1399999999999949,0.0,0,Shivamogga,Karnataka
2020-03-29,0.0,0.0,0.08000000000001443,0.1399999999999949,0.0,0,Shivamogga,Karnataka
2020-03-30,0.0,0.0,0.08000000000001443,0.1399999999999949,0.0,0,Shivamogga,Karnataka
2020-03-31,0.0,0.0,0.010000000000014433,0.1399999999999949,0.0,0,Shivamogga,Karnataka
2020-04-01,0.0,0.0,0.0,0.1399999999999949,0.0,0,Shivamogga,Karnataka
2020-04-02,0.0,0.0,0.0,0.1299999999999949,0.0,0,Shivamogga,Karnataka
2020-04-03,0.0,0.0,0.0,0.1299999999999949,0.0,0,Shivamogga,Karnataka
2020-04-04,0.0,0.0,0.0,0.11999999999999489,0.0,0,Shivamogga,Karnataka
2020-04-05,0.38,0.3800000000000109,0.38000000000001444,0.4599999999999949,0.38,0,Shivamogga,Karnataka
2020-04-06,1.19,1.570000000000011,1.5700000000000145,1.6499999999999948,1.19,0,Shivamogga,Karnataka
2020-04-07,3.53,5.10000000000001,5.100000000000014,5.179999999999994,3.53,0,Shivamogga,Karnataka
2020-04-08,4.43,9.15000000000001,9.530000000000014,9.539999999999994,4.43,0,Shivamogga,Karnataka
2020-04-09,0.2,8.16000000000001,9.730000000000013,9.729999999999993,4.43,0,Shivamogga,Karnataka
2020-04-10,0.27,4.90000000000001,10.000000000000014,9.999999999999995,4.43,0,Shivamogga,Karnataka
2020-04-11,0.45,0.9200000000000107,10.450000000000014,10.449999999999994,0.45,0,Shivamogga,Karnataka
2020-04-12,0.31,1.0300000000000107,10.380000000000013,10.759999999999994,0.45,0,Shivamogga,Karnataka
2020-04-13,0.0,0.7600000000000107,9.190000000000014,10.759999999999994,0.45,0,Shivamogga,Karnataka
2020-04-14,0.0,0.31000000000001066,5.660000000000014,10.759999999999994,0.31,0,Shivamogga,Karnataka
2020-04-15,0.0,0.0,1.2300000000000142,10.759999999999994,0.0,0,Shivamogga,Karnataka
2020-04-16,0.04,0.04000000000001066,1.0700000000000143,10.799999999999994,0.04,0,Shivamogga,Karnataka
2020-04-17,0.04,0.08000000000001066,0.8400000000000143,10.839999999999995,0.04,0,Shivamogga,Karnataka
2020-04-18,1.23,1.3100000000000107,1.6200000000000143,12.069999999999993,1.23,0,Shivamogga,Karnataka
2020-04-19,0.59,1.8600000000000105,1.9000000000000141,12.659999999999995,1.23,0,Shivamogga,Karnataka
2020-04-20,0.89,2.7100000000000106,2.7900000000000142,13.169999999999993,1.23,0,Shivamogga,Karnataka
2020-04-21,1.55,3.030000000000011,4.340000000000014,13.529999999999994,1.55,0,Shivamogga,Karnataka
2020-04-22,0.0,2.440000000000011,4.340000000000014,9.999999999999995,1.55,0,Shivamogga,Karnataka
2020-04-23,5.05,6.60000000000001,9.350000000000014,10.619999999999994,5.05,0,Shivamogga,Karnataka
2020-04-24,2.64,7.690000000000012,11.950000000000015,13.059999999999995,5.05,0,Shivamogga,Karnataka
2020-04-25,2.61,10.300000000000011,13.330000000000014,15.399999999999995,5.05,0,Shivamogga,Karnataka
2020-04-26,0.01,5.260000000000011,12.750000000000014,14.959999999999996,2.64,0,Shivamogga,Karnataka
2020-04-27,0.01,2.6300000000000114,11.870000000000013,14.659999999999995,2.61,0,Shivamogga,Karnataka
2020-04-28,0.67,0.6900000000000116,10.990000000000014,15.329999999999995,0.67,0,Shivamogga,Karnataka
2020-04-29,0.45,1.1300000000000117,11.440000000000014,15.779999999999994,0.67,0,Shivamogga,Karnataka
2020-04-30,0.78,1.9000000000000117,7.170000000000014,16.559999999999995,0.78,0,Shivamogga,Karnataka
2020-05-01,7.19,8.420000000000012,11.720000000000013,23.709999999999994,7.19,0,Shivamogga,Karnataka
2020-05-02,2.59,10.560000000000011,11.700000000000014,26.259999999999998,7.19,0,Shivamogga,Karnataka
2020-05-03,1.92,11.700000000000012,13.610000000000014,26.949999999999996,7.19,0,Shivamogga,Karnataka
2020-05-04,3.88,8.390000000000011,17.480000000000015,30.239999999999995,3.88,0,Shivamogga,Karnataka
2020-05-05,1.18,6.98000000000001,17.990000000000013,30.529999999999994,3.88,0,Shivamogga,Karnataka
2020-05-06,2.11,7.170000000000011,19.650000000000013,31.089999999999996,3.88,0,Shivamogga,Karnataka
2020-05-07,5.9,9.190000000000012,24.770000000000014,36.989999999999995,5.9,0,Shivamogga,Karnataka
2020-05-08,4.43,12.440000000000012,22.010000000000016,36.36999999999999,5.9,0,Shivamogga,Karnataka
2020-05-09,0.32,10.650000000000011,19.740000000000016,34.04999999999999,5.9,0,Shivamogga,Karnataka
2020-05-10,0.19,4.94000000000001,18.010000000000012,31.629999999999995,4.43,0,Shivamogga,Karnataka
2020-05-11,1.55,2.0600000000000107,15.680000000000014,33.169999999999995,1.55,0,Shivamogga,Karnataka
2020-05-12,0.95,2.6900000000000106,15.450000000000015,34.11,1.55,0,Shivamogga,Karnataka
2020-05-13,1.26,3.7600000000000104,14.600000000000014,34.699999999999996,1.55,0,Shivamogga,Karnataka
2020-05-14,1.16,3.3700000000000108,9.860000000000014,35.41,1.26,0,Shivamogga,Karnataka
2020-05-15,1.78,4.200000000000011,7.210000000000014,36.40999999999999,1.78,0,Shivamogga,Karnataka
2020-05-16,0.55,3.490000000000011,7.440000000000014,29.769999999999996,1.78,0,Shivamogga,Karnataka
2020-05-17,5.2,7.530000000000011,12.450000000000014,32.379999999999995,5.2,0,Shivamogga,Karnataka
2020-05-18,5.24,10.99000000000001,16.140000000000015,35.699999999999996,5.24,0,Shivamogga,Karnataka
2020-05-19,1.26,11.700000000000012,16.450000000000014,33.07999999999999,5.24,0,Shivamogga,Karnataka
2020-05-20,0.4,6.900000000000011,15.590000000000014,32.3,5.24,0,Shivamogga,Karnataka
2020-05-21,0.0,1.6600000000000108,14.430000000000014,30.189999999999994,1.26,0,Shivamogga,Karnataka
2020-05-22,0.0,0.4000000000000107,12.650000000000013,24.289999999999992,0.4,0,Shivamogga,Karnataka
2020-05-23,0.0,0.0,12.100000000000014,19.859999999999992,0.0,0,Shivamogga,Karnataka
2020-05-24,0.81,0.8100000000000107,7.710000000000014,20.349999999999998,0.81,0,Shivamogga,Karnataka
2020-05-25,1.76,2.570000000000011,4.230000000000015,21.919999999999995,1.76,0,Shivamogga,Karnataka
2020-05-26,4.12,6.690000000000011,7.090000000000014,24.489999999999995,4.12,0,Shivamogga,Karnataka
2020-05-27,1.27,7.150000000000011,7.960000000000013,24.809999999999995,4.12,0,Shivamogga,Karnataka
2020-05-28,0.02,5.410000000000011,7.980000000000014,23.569999999999993,4.12,0,Shivamogga,Karnataka
2020-05-29,5.38,6.670000000000011,13.360000000000014,27.789999999999992,5.38,0,Shivamogga,Karnataka
2020-05-30,12.19,17.59000000000001,25.55000000000001,38.199999999999996,12.19,0,Shivamogga,Karnataka
2020-05-31,5.62,23.190000000000012,30.360000000000014,43.26999999999999,12.19,0,Shivamogga,Karnataka
2020-06-01,12.95,30.76000000000001,41.55000000000001,51.019999999999996,12.95,1,Shivamogga,Karnataka
2020-06-02,4.45,23.02000000000001,41.88000000000002,50.23,12.95,1,Shivamogga,Karnataka
2020-06-03,9.45,26.85000000000001,50.06000000000001,58.419999999999995,12.95,1,Shivamogga,Karnataka
2020-06-04,8.44,22.34000000000001,58.48000000000001,66.46,9.45,1,Shivamogga,Karnataka
2020-06-05,1.39,19.28000000000001,54.49000000000001,67.85,9.45,1,Shivamogga,Karnataka
2020-06-06,5.62,15.45000000000001,47.920000000000016,73.47,8.44,1,Shivamogga,Karnataka
2020-06-07,0.57,7.580000000000011,42.870000000000005,74.03999999999999,5.62,1,Shivamogga,Karnataka
2020-06-08,0.6,6.790000000000011,30.52000000000001,73.83,5.62,1,Shivamogga,Karnataka
2020-06-09,0.53,1.7000000000000106,26.600000000000012,72.6,0.6,1,Shivamogga,Karnataka
2020-06-10,5.96,7.0900000000000105,23.110000000000014,74.44,5.96,1,Shivamogga,Karnataka
2020-06-11,10.19,16.68000000000001,24.860000000000014,83.35999999999999,10.19,1,Shivamogga,Karnataka
2020-06-12,14.77,30.92000000000001,38.24000000000001,98.10999999999999,14.77,1,Shivamogga,Karnataka
2020-06-13,2.3,27.26000000000001,34.920000000000016,95.03,14.77,1,Shivamogga,Karnataka
2020-06-14,11.28,28.35000000000001,45.63000000000001,94.12,14.77,1,Shivamogga,Karnataka
2020-06-15,8.11,21.69000000000001,53.140000000000015,96.60999999999999,11.28,1,Shivamogga,Karnataka
2020-06-16,13.45,32.84,66.06,97.10999999999999,13.45,1,Shivamogga,Karnataka
2020-06-17,13.8,35.360000000000014,73.9,106.45999999999998,13.8,1,Shivamogga,Karnataka
2020-06-18,7.02,34.27000000000001,70.73000000000002,104.03,13.8,1,Shivamogga,Karnataka
2020-06-19,4.63,25.45000000000001,60.59000000000002,100.22,13.8,1,Shivamogga,Karnataka
2020-06-20,0.64,12.29000000000001,58.930000000000014,99.47,7.02,1,Shivamogga,Karnataka
2020-06-21,6.39,11.66000000000001,54.04000000000001,100.24,6.39,1,Shivamogga,Karnataka
2020-06-22,8.87,15.90000000000001,54.80000000000001,108.53999999999999,8.87,1,Shivamogga,Karnataka
2020-06-23,1.0,16.26000000000001,42.35000000000001,108.94,8.87,1,Shivamogga,Karnataka
2020-06-24,2.53,12.40000000000001,31.080000000000013,110.93999999999998,8.87,1,Shivamogga,Karnataka
2020-06-25,11.32,14.85000000000001,35.38000000000001,116.3,11.32,1,Shivamogga,Karnataka
2020-06-26,31.16,45.01000000000001,61.91000000000001,137.26999999999998,31.16,1,Shivamogga,Karnataka
2020-06-27,3.68,46.16000000000001,64.95000000000002,126.17999999999999,31.16,1,Shivamogga,Karnataka
2020-06-28,9.87,44.71000000000001,68.43,133.75,31.16,1,Shivamogga,Karnataka
2020-06-29,14.13,27.68000000000001,73.69000000000001,136.6,14.13,1,Shivamogga,Karnataka
2020-06-30,7.33,31.330000000000013,80.02000000000001,135.82,14.13,1,Shivamogga,Karnataka
2020-07-01,4.14,25.600000000000012,81.63000000000001,126.50999999999999,14.13,1,Shivamogga,Karnataka
2020-07-02,18.82,30.29000000000001,89.13000000000002,131.52999999999997,18.82,1,Shivamogga,Karnataka
2020-07-03,15.52,38.480000000000004,73.49000000000001,140.03,18.82,1,Shivamogga,Karnataka
2020-07-04,11.74,46.080000000000005,81.55000000000001,147.14,18.82,1,Shivamogga,Karnataka
2020-07-05,4.71,31.97000000000001,76.39000000000001,151.20999999999998,15.52,1,Shivamogga,Karnataka
2020-07-06,4.14,20.59000000000001,66.40000000000002,148.95999999999998,11.74,1,Shivamogga,Karnataka
2020-07-07,13.66,22.510000000000012,72.73000000000002,153.75,13.66,1,Shivamogga,Karnataka
2020-07-08,13.47,31.27000000000001,82.06000000000002,166.22,13.66,1,Shivamogga,Karnataka
2020-07-09,24.12,51.250000000000014,87.36000000000001,187.81,24.12,1,Shivamogga,Karnataka
2020-07-10,6.38,43.97000000000001,78.22000000000003,182.87,24.12,1,Shivamogga,Karnataka
2020-07-11,12.94,43.44000000000001,79.42000000000002,164.65,24.12,1,Shivamogga,Karnataka
2020-07-12,8.48,27.80000000000001,83.19000000000003,169.45,12.94,1,Shivamogga,Karnataka
2020-07-13,4.57,25.990000000000013,83.62000000000002,164.14999999999998,12.94,1,Shivamogga,Karnataka
2020-07-14,5.47,18.52000000000001,75.43000000000002,155.48999999999998,8.48,1,Shivamogga,Karnataka
2020-07-15,12.35,22.39000000000001,74.31000000000002,160.51,12.35,1,Shivamogga,Karnataka
2020-07-16,23.41,41.23000000000001,73.60000000000002,179.78,23.41,1,Shivamogga,Karnataka
2020-07-17,17.62,53.38000000000001,84.84000000000003,178.58,23.41,1,Shivamogga,Karnataka
2020-07-18,6.9,47.930000000000014,78.80000000000003,169.95999999999998,23.41,1,Shivamogga,Karnataka
2020-07-19,10.23,34.750000000000014,80.55000000000003,168.45,17.62,1,Shivamogga,Karnataka
2020-07-20,40.46,57.59000000000002,116.44000000000003,204.2,40.46,1,Shivamogga,Karnataka
2020-07-21,5.29,55.98000000000001,116.26000000000002,205.35,40.46,1,Shivamogga,Karnataka
2020-07-22,18.53,64.28,122.44000000000003,210.22,40.46,1,Shivamogga,Karnataka
2020-07-23,39.99,63.81000000000001,139.02000000000004,236.74,39.99,1,Shivamogga,Karnataka
2020-07-24,15.73,74.25000000000001,137.13000000000002,228.35,39.99,1,Shivamogga,Karnataka
2020-07-25,5.07,60.790000000000006,135.3,227.04,39.99,1,Shivamogga,Karnataka
2020-07-26,4.12,24.92000000000001,129.19000000000003,218.22,15.73,1,Shivamogga,Karnataka
2020-07-27,11.13,20.320000000000007,99.86000000000003,220.87,11.13,1,Shivamogga,Karnataka
2020-07-28,10.02,25.270000000000007,104.59000000000002,226.32,11.13,1,Shivamogga,Karnataka
2020-07-29,28.85,50.00000000000001,114.91000000000003,249.7,28.85,1,Shivamogga,Karnataka
2020-07-30,12.45,51.32000000000001,87.37000000000002,249.79999999999998,28.85,1,Shivamogga,Karnataka
2020-07-31,5.51,46.81000000000001,77.15000000000002,231.9,28.85,1,Shivamogga,Karnataka
2020-08-01,13.15,31.110000000000007,85.23000000000002,227.43,13.15,1,Shivamogga,Karnataka
2020-08-02,8.57,27.230000000000008,89.68000000000002,229.1,13.15,1,Shivamogga,Karnataka
2020-08-03,13.48,35.2,92.03000000000003,232.35,13.48,1,Shivamogga,Karnataka
2020-08-04,32.05,54.1,114.06000000000002,223.94,32.05,1,Shivamogga,Karnataka
2020-08-05,23.09,68.62,108.30000000000003,241.73999999999998,32.05,1,Shivamogga,Karnataka
2020-08-06,25.1,80.24,120.95000000000002,248.31,32.05,1,Shivamogga,Karnataka
2020-08-07,25.31,73.5,140.75000000000003,233.63,25.31,1,Shivamogga,Karnataka
2020-08-08,11.74,62.15,139.34000000000003,229.64,25.31,1,Shivamogga,Karnataka
2020-08-09,19.41,56.459999999999994,150.18000000000004,243.98,25.31,1,Shivamogga,Karnataka
2020-08-10,20.23,51.379999999999995,156.93,260.09,20.23,1,Shivamogga,Karnataka
2020-08-11,5.29,44.93,130.17000000000002,254.25,20.23,1,Shivamogga,Karnataka
2020-08-12,3.68,29.2,110.76000000000002,247.91,20.23,1,Shivamogga,Karnataka
2020-08-13,1.38,10.35,87.04000000000003,220.44,5.29,1,Shivamogga,Karnataka
2020-08-14,2.4,7.46,64.13000000000002,210.39,3.68,1,Shivamogga,Karnataka
2020-08-15,3.97,7.75,56.36000000000003,208.85,3.97,1,Shivamogga,Karnataka
2020-08-16,27.57,33.94,64.52000000000002,223.26999999999998,27.57,1,Shivamogga,Karnataka
2020-08-17,14.09,45.63,58.380000000000024,228.79,27.57,1,Shivamogga,Karnataka
2020-08-18,5.64,47.300000000000004,58.730000000000025,220.95,27.57,1,Shivamogga,Karnataka
2020-08-19,3.45,23.18,58.50000000000003,192.35,14.09,1,Shivamogga,Karnataka
2020-08-20,5.37,14.46,62.49000000000003,174.62999999999997,5.64,1,Shivamogga,Karnataka
2020-08-21,4.41,13.23,64.50000000000003,153.94,5.37,1,Shivamogga,Karnataka
2020-08-22,5.86,15.64,66.39000000000003,134.48999999999998,5.86,1,Shivamogga,Karnataka
2020-08-23,2.12,12.39,40.94000000000003,124.86999999999999,5.86,1,Shivamogga,Karnataka
2020-08-24,0.89,8.870000000000001,27.74000000000003,106.34999999999998,5.86,1,Shivamogga,Karnataka
2020-08-25,0.36,3.37,22.46000000000003,86.47999999999999,2.12,1,Shivamogga,Karnataka
2020-08-26,0.02,1.27,19.03000000000003,81.20999999999998,0.89,1,Shivamogga,Karnataka
2020-08-27,0.72,1.1,14.380000000000027,78.24999999999999,0.72,1,Shivamogga,Karnataka
2020-08-28,2.22,2.9600000000000004,12.190000000000028,79.08999999999997,2.22,1,Shivamogga,Karnataka
2020-08-29,4.94,7.880000000000001,11.270000000000028,81.63,4.94,1,Shivamogga,Karnataka
2020-08-30,4.37,11.530000000000001,13.520000000000028,82.02999999999999,4.94,1,Shivamogga,Karnataka
2020-08-31,0.76,10.07,13.390000000000029,55.219999999999985,4.94,1,Shivamogga,Karnataka
2020-09-01,8.76,13.89,21.790000000000028,49.889999999999986,8.76,1,Shivamogga,Karnataka
2020-09-02,17.04,26.56,38.81000000000003,61.289999999999985,17.04,1,Shivamogga,Karnataka
2020-09-03,14.8,40.6,52.89000000000003,72.63999999999999,17.04,1,Shivamogga,Karnataka
2020-09-04,6.76,38.6,57.43000000000003,74.02999999999999,17.04,1,Shivamogga,Karnataka
2020-09-05,7.17,28.73,59.660000000000025,76.78999999999999,14.8,1,Shivamogga,Karnataka
2020-09-06,8.34,22.27,63.630000000000024,79.26999999999998,8.34,1,Shivamogga,Karnataka
2020-09-07,11.06,26.57,73.93000000000002,88.20999999999998,11.06,1,Shivamogga,Karnataka
2020-09-08,17.01,36.41,82.18000000000004,104.32999999999998,17.01,1,Shivamogga,Karnataka
2020-09-09,21.02,49.09,86.16000000000003,124.98999999999998,21.02,1,Shivamogga,Karnataka
2020-09-10,13.73,51.760000000000005,85.09000000000003,138.7,21.02,1,Shivamogga,Karnataka
2020-09-11,20.99,55.739999999999995,99.32000000000002,158.97,21.02,1,Shivamogga,Karnataka
2020-09-12,13.9,48.62,106.05000000000003,170.64999999999998,20.99,1,Shivamogga,Karnataka
2020-09-13,13.59,48.480000000000004,111.30000000000004,179.29999999999998,20.99,1,Shivamogga,Karnataka
2020-09-14,2.33,29.82,102.57000000000004,177.26,13.9,1,Shivamogga,Karnataka
2020-09-15,11.06,26.98,96.62000000000003,187.56,13.59,1,Shivamogga,Karnataka
2020-09-16,3.46,16.85,79.06000000000003,182.26,11.06,1,Shivamogga,Karnataka
2020-09-17,12.69,27.21,78.02000000000002,177.91,12.69,1,Shivamogga,Karnataka
2020-09-18,9.46,25.61,66.49000000000004,172.56999999999996,12.69,1,Shivamogga,Karnataka
2020-09-19,18.07,40.22,70.66000000000003,183.88,18.07,1,Shivamogga,Karnataka
2020-09-20,28.2,55.730000000000004,85.27000000000004,204.91,28.2,1,Shivamogga,Karnataka
2020-09-21,17.86,64.13,100.80000000000004,214.43,28.2,1,Shivamogga,Karnataka
2020-09-22,5.42,51.48,95.16000000000003,208.79,28.2,1,Shivamogga,Karnataka
2020-09-23,3.91,27.189999999999998,95.61000000000003,195.68999999999997,17.86,1,Shivamogga,Karnataka
2020-09-24,1.95,11.28,84.87000000000002,176.61999999999998,5.42,1,Shivamogga,Karnataka
2020-09-25,4.43,10.29,79.84000000000003,167.32,4.43,1,Shivamogga,Karnataka
2020-09-26,2.74,9.120000000000001,64.51000000000002,149.07,4.43,1,Shivamogga,Karnataka
2020-09-27,0.55,7.72,36.86000000000003,135.72,4.43,1,Shivamogga,Karnataka
2020-09-28,4.79,8.08,23.790000000000028,126.91999999999999,4.79,1,Shivamogga,Karnataka
2020-09-29,4.69,10.030000000000001,23.060000000000027,129.27999999999997,4.79,1,Shivamogga,Karnataka
2020-09-30,1.23,10.709999999999999,20.380000000000027,119.44999999999997,4.79,1,Shivamogga,Karnataka
2020-10-01,2.05,7.970000000000001,20.48000000000003,118.03999999999999,4.69,0,Shivamogga,Karnataka
2020-10-02,4.02,7.3,20.07000000000003,109.36999999999999,4.02,0,Shivamogga,Karnataka
2020-10-03,6.89,12.96,24.220000000000027,106.79999999999998,6.89,0,Shivamogga,Karnataka
2020-10-04,1.1,12.01,24.770000000000028,89.82999999999998,6.89,0,Shivamogga,Karnataka
2020-10-05,0.85,8.84,20.830000000000027,62.47999999999998,6.89,0,Shivamogga,Karnataka
2020-10-06,0.88,2.83,17.020000000000028,45.499999999999986,1.1,0,Shivamogga,Karnataka
2020-10-07,2.45,4.18,18.240000000000027,42.52999999999999,2.45,0,Shivamogga,Karnataka
2020-10-08,0.26,3.59,16.450000000000028,38.87999999999999,2.45,0,Shivamogga,Karnataka
2020-10-09,43.61,46.32,56.04000000000003,80.53999999999999,43.61,0,Shivamogga,Karnataka
2020-10-10,30.43,74.3,79.58000000000003,106.53999999999999,43.61,0,Shivamogga,Karnataka
2020-10-11,7.78,81.82000000000001,86.26000000000003,111.57999999999998,43.61,0,Shivamogga,Karnataka
2020-10-12,47.04,85.25,132.45000000000002,158.07,47.04,0,Shivamogga,Karnataka
2020-10-13,31.46,86.28,163.03000000000003,184.74,47.04,0,Shivamogga,Karnataka
2020-10-14,36.09,114.59,196.67000000000004,216.14,47.04,0,Shivamogga,Karnataka
2020-10-15,12.99,80.54,209.40000000000003,227.89999999999998,36.09,0,Shivamogga,Karnataka
2020-10-16,3.35,52.43000000000001,169.14000000000004,229.2,36.09,0,Shivamogga,Karnataka
2020-10-17,0.34,16.68,139.05000000000004,225.51999999999998,12.99,0,Shivamogga,Karnataka
2020-10-18,1.71,5.4,132.98000000000002,220.34,3.35,0,Shivamogga,Karnataka
2020-10-19,6.4,8.450000000000001,92.34000000000005,225.64,6.4,0,Shivamogga,Karnataka
2020-10-20,17.62,25.730000000000004,78.50000000000003,242.41,17.62,0,Shivamogga,Karnataka
2020-10-21,27.89,51.91,70.30000000000004,269.42,27.89,0,Shivamogga,Karnataka
2020-10-22,2.84,48.35,60.150000000000034,269.81,27.89,0,Shivamogga,Karnataka
2020-10-23,2.36,33.09,59.16000000000003,271.91,27.89,0,Shivamogga,Karnataka
2020-10-24,4.88,10.08,63.70000000000003,233.18,4.88,0,Shivamogga,Karnataka
2020-10-25,2.14,9.38,64.13000000000004,204.89,4.88,0,Shivamogga,Karnataka
2020-10-26,0.19,7.210000000000001,57.92000000000004,197.29999999999998,4.88,0,Shivamogga,Karnataka
2020-10-27,0.0,2.33,40.30000000000003,150.26,2.14,0,Shivamogga,Karnataka
2020-10-28,0.0,0.19,12.410000000000029,118.8,0.19,0,Shivamogga,Karnataka
2020-10-29,0.11,0.11,9.680000000000028,82.82,0.11,0,Shivamogga,Karnataka
2020-10-30,0.01,0.12,7.330000000000029,69.83999999999999,0.11,0,Shivamogga,Karnataka
2020-10-31,0.98,1.1,3.4300000000000286,67.46999999999998,0.98,0,Shivamogga,Karnataka
2020-11-01,0.16,1.15,1.4500000000000284,67.28999999999998,0.98,0,Shivamogga,Karnataka
2020-11-02,0.1,1.24,1.3600000000000285,65.67999999999999,0.98,0,Shivamogga,Karnataka
2020-11-03,0.04,0.3,1.4000000000000286,59.31999999999999,0.16,0,Shivamogga,Karnataka
2020-11-04,0.0,0.14,1.4000000000000286,41.69999999999999,0.1,0,Shivamogga,Karnataka
2020-11-05,0.26,0.30000000000000004,1.5500000000000285,14.069999999999986,0.26,0,Shivamogga,Karnataka
2020-11-06,2.36,2.62,3.9000000000000283,13.589999999999986,2.36,0,Shivamogga,Karnataka
2020-11-07,1.36,3.9800000000000004,4.280000000000029,12.589999999999987,2.36,0,Shivamogga,Karnataka
2020-11-08,0.01,3.7300000000000004,4.130000000000028,7.7199999999999855,2.36,0,Shivamogga,Karnataka
2020-11-09,0.0,1.37,4.030000000000029,5.579999999999986,1.36,0,Shivamogga,Karnataka
2020-11-10,0.0,0.01,3.9900000000000286,5.3899999999999855,0.01,0,Shivamogga,Karnataka
2020-11-11,0.0,0.0,3.9900000000000286,5.3899999999999855,0.0,0,Shivamogga,Karnataka
2020-11-12,0.16,0.16,3.8900000000000285,5.549999999999986,0.16,0,Shivamogga,Karnataka
2020-11-13,1.51,1.67,3.0400000000000285,6.949999999999985,1.51,0,Shivamogga,Karnataka
2020-11-14,0.21,1.88,1.8900000000000283,7.149999999999986,1.51,0,Shivamogga,Karnataka
2020-11-15,2.46,4.18,4.340000000000028,8.629999999999985,2.46,0,Shivamogga,Karnataka
2020-11-16,3.46,6.13,7.800000000000028,11.929999999999986,3.46,0,Shivamogga,Karnataka
2020-11-17,2.99,8.91,10.790000000000028,14.819999999999986,3.46,0,Shivamogga,Karnataka
2020-11-18,0.12,6.569999999999999,10.910000000000029,14.899999999999986,3.46,0,Shivamogga,Karnataka
2020-11-19,0.02,3.13,10.770000000000028,14.919999999999986,2.99,0,Shivamogga,Karnataka
2020-11-20,0.2,0.3399999999999995,9.46000000000003,14.859999999999987,0.2,0,Shivamogga,Karnataka
2020-11-21,0.26,0.47999999999999954,9.510000000000028,12.759999999999986,0.26,0,Shivamogga,Karnataka
2020-11-22,0.0,0.4599999999999995,7.050000000000028,11.399999999999986,0.26,0,Shivamogga,Karnataka
2020-11-23,0.0,0.25999999999999956,3.5900000000000287,11.389999999999986,0.26,0,Shivamogga,Karnataka
2020-11-24,0.0,0.0,0.6000000000000284,11.389999999999986,0.0,0,Shivamogga,Karnataka
2020-11-25,0.01,0.009999999999999556,0.4900000000000284,11.399999999999986,0.01,0,Shivamogga,Karnataka
2020-11-26,0.46,0.4699999999999996,0.9300000000000284,11.859999999999987,0.46,0,Shivamogga,Karnataka
2020-11-27,1.1,1.5699999999999996,1.8300000000000285,12.799999999999986,1.1,0,Shivamogga,Karnataka
2020-11-28,1.03,2.59,2.6000000000000285,12.319999999999986,1.1,0,Shivamogga,Karnataka
2020-11-29,0.02,2.1499999999999995,2.6200000000000285,12.129999999999985,1.1,0,Shivamogga,Karnataka
2020-11-30,0.0,1.0499999999999996,2.6200000000000285,9.669999999999986,1.03,0,Shivamogga,Karnataka
2020-12-01,0.0,0.019999999999999556,2.6200000000000285,6.209999999999986,0.02,0,Shivamogga,Karnataka
2020-12-02,0.0,0.0,2.6100000000000287,3.219999999999986,0.0,0,Shivamogga,Karnataka
2020-12-03,0.02,0.019999999999999556,2.1700000000000284,3.119999999999986,0.02,0,Shivamogga,Karnataka
2020-12-04,0.03,0.04999999999999956,1.1000000000000285,3.1299999999999857,0.03,0,Shivamogga,Karnataka
2020-12-05,0.01,0.059999999999999554,0.08000000000002842,2.939999999999986,0.03,0,Shivamogga,Karnataka
2020-12-06,0.53,0.5699999999999996,0.5900000000000285,3.2099999999999858,0.53,0,Shivamogga,Karnataka
2020-12-07,1.98,2.5199999999999996,2.5700000000000287,5.189999999999985,1.98,0,Shivamogga,Karnataka
2020-12-08,12.75,15.26,15.320000000000029,17.939999999999984,12.75,0,Shivamogga,Karnataka
2020-12-09,1.84,16.57,17.16000000000003,19.779999999999987,12.75,0,Shivamogga,Karnataka
2020-12-10,0.42,15.01,17.56000000000003,20.189999999999984,12.75,0,Shivamogga,Karnataka
2020-12-11,0.01,2.27,17.540000000000028,19.739999999999988,1.84,0,Shivamogga,Karnataka
2020-12-12,0.0,0.43,17.53000000000003,18.639999999999986,0.42,0,Shivamogga,Karnataka
2020-12-13,0.0,0.01,17.00000000000003,17.609999999999985,0.01,0,Shivamogga,Karnataka
2020-12-14,0.0,0.0,15.020000000000028,17.589999999999986,0.0,0,Shivamogga,Karnataka
2020-12-15,0.0,0.0,2.2700000000000284,17.589999999999986,0.0,0,Shivamogga,Karnataka
2020-12-16,0.0,0.0,0.4300000000000284,17.589999999999986,0.0,0,Shivamogga,Karnataka
2020-12-17,0.0,0.0,0.010000000000028422,17.589999999999986,0.0,0,Shivamogga,Karnataka
2020-12-18,0.0,0.0,0.0,17.569999999999986,0.0,0,Shivamogga,Karnataka
2020-12-19,0.0,0.0,0.0,17.539999999999985,0.0,0,Shivamogga,Karnataka
2020-12-20,0.0,0.0,0.0,17.529999999999987,0.0,0,Shivamogga,Karnataka
2020-12-21,0.0,0.0,0.0,16.999999999999986,0.0,0,Shivamogga,Karnataka
2020-12-22,0.0,0.0,0.0,15.019999999999985,0.0,0,Shivamogga,Karnataka
2020-12-23,0.01,0.01,0.010000000000028422,2.279999999999986,0.01,0,Shivamogga,Karnataka
2020-12-24,0.01,0.02,0.020000000000028422,0.4499999999999858,0.01,0,Shivamogga,Karnataka
2020-12-25,0.0,0.02,0.020000000000028422,0.029999999999985788,0.01,0,Shivamogga,Karnataka
2020-12-26,0.0,0.01,0.020000000000028422,0.019999999999985786,0.01,0,Shivamogga,Karnataka
2020-12-27,0.0,0.0,0.020000000000028422,0.019999999999985786,0.0,0,Shivamogga,Karnataka
2020-12-28,0.0,0.0,0.020000000000028422,0.019999999999985786,0.0,0,Shivamogga,Karnataka
2020-12-29,0.0,0.0,0.020000000000028422,0.019999999999985786,0.0,0,Shivamogga,Karnataka
2020-12-30,0.04,0.04,0.050000000000028424,0.05999999999998579,0.04,0,Shivamogga,Karnataka
2020-12-31,0.12,0.16,0.16000000000002843,0.17999999999998578,0.12,0,Shivamogga,Karnataka
2021-01-01,0.01,0.17,0.17000000000002843,0.1899999999999858,0.12,0,Shivamogga,Karnataka
2021-01-02,0.0,0.13,0.17000000000002843,0.1899999999999858,0.12,0,Shivamogga,Karnataka
2021-01-03,0.02,0.03,0.19000000000002842,0.20999999999998578,0.02,0,Shivamogga,Karnataka
2021-01-04,0.05,0.07,0.2400000000000284,0.2599999999999858,0.05,0,Shivamogga,Karnataka
2021-01-05,0.55,0.6200000000000001,0.7900000000000285,0.8099999999999858,0.55,0,Shivamogga,Karnataka
2021-01-06,15.35,15.95,16.10000000000003,16.159999999999986,15.35,0,Shivamogga,Karnataka
2021-01-07,36.92,52.82,52.900000000000034,53.069999999999986,36.92,0,Shivamogga,Karnataka
2021-01-08,2.57,54.84,55.460000000000036,55.62999999999999,36.92,0,Shivamogga,Karnataka
2021-01-09,1.44,40.93,56.900000000000034,57.069999999999986,36.92,0,Shivamogga,Karnataka
2021-01-10,0.3,4.31,57.180000000000035,57.36999999999999,2.57,0,Shivamogga,Karnataka
2021-01-11,0.0,1.74,57.13000000000004,57.36999999999999,1.44,0,Shivamogga,Karnataka
2021-01-12,0.0,0.3,56.580000000000034,57.36999999999999,0.3,0,Shivamogga,Karnataka
2021-01-13,0.0,0.0,41.23000000000003,57.36999999999999,0.0,0,Shivamogga,Karnataka
2021-01-14,0.0,0.0,4.310000000000028,57.32999999999999,0.0,0,Shivamogga,Karnataka
2021-01-15,0.0,0.0,1.7400000000000284,57.20999999999999,0.0,0,Shivamogga,Karnataka
2021-01-16,0.0,0.0,0.3000000000000284,57.19999999999999,0.0,0,Shivamogga,Karnataka
2021-01-17,0.0,0.0,0.0,57.19999999999999,0.0,0,Shivamogga,Karnataka
2021-01-18,0.0,0.0,0.0,57.17999999999999,0.0,0,Shivamogga,Karnataka
2021-01-19,0.0,0.0,0.0,57.12999999999999,0.0,0,Shivamogga,Karnataka
2021-01-20,0.0,0.0,0.0,56.57999999999999,0.0,0,Shivamogga,Karnataka
2021-01-21,0.0,0.0,0.0,41.22999999999999,0.0,0,Shivamogga,Karnataka
2021-01-22,0.0,0.0,0.0,4.309999999999985,0.0,0,Shivamogga,Karnataka
2021-01-23,0.0,0.0,0.0,1.7399999999999858,0.0,0,Shivamogga,Karnataka
2021-01-24,0.0,0.0,0.0,0.2999999999999858,0.0,0,Shivamogga,Karnataka
2021-01-25,0.0,0.0,0.0,0.0,0.0,0,Shivamogga,Karnataka
2021-01-26,0.0,0.0,0.0,0.0,0.0,0,Shivamogga,Karnataka
2021-01-27,0.0,0.0,0.0,0.0,0.0,0,Shivamogga,Karnataka
2021-01-28,0.0,0.0,0.0,0.0,0.0,0,Shivamogga,Karnataka
2021-01-29,0.0,0.0,0.0,0.0,0.0,0,Shivamogga,Karnataka
2021-01-30,0.0,0.0,0.0,0.0,0.0,0,Shivamogga,Karnataka
2021-01-31,0.0,0.0,0.0,0.0,0.0,0,Shivamogga,Karnataka
2021-02-01,0.0,0.0,0.0,0.0,0.0,0,Shivamogga,Karnataka
2021-02-02,0.0,0.0,0.0,0.0,0.0,0,Shivamogga,Karnataka
2021-02-03,0.0,0.0,0.0,0.0,0.0,0,Shivamogga,Karnataka
2021-02-04,0.0,0.0,0.0,0.0,0.0,0,Shivamogga,Karnataka
2021-02-05,0.0,0.0,0.0,0.0,0.0,0,Shivamogga,Karnataka
2021-02-06,0.0,0.0,0.0,0.0,0.0,0,Shivamogga,Karnataka
2021-02-07,0.0,0.0,0.0,0.0,0.0,0,Shivamogga,Karnataka
2021-02-08,0.0,0.0,0.0,0.0,0.0,0,Shivamogga,Karnataka
2021-02-09,0.0,0.0,0.0,0.0,0.0,0,Shivamogga,Karnataka
2021-02-10,0.0,0.0,0.0,0.0,0.0,0,Shivamogga,Karnataka
2021-02-11,0.0,0.0,0.0,0.0,0.0,0,Shivamogga,Karnataka
2021-02-12,0.0,0.0,0.0,0.0,0.0,0,Shivamogga,Karnataka
2021-02-13,0.0,0.0,0.0,0.0,0.0,0,Shivamogga,Karnataka
2021-02-14,0.0,0.0,0.0,0.0,0.0,0,Shivamogga,Karnataka
2021-02-15,0.0,0.0,0.0,0.0,0.0,0,Shivamogga,Karnataka
2021-02-16,0.0,0.0,0.0,0.0,0.0,0,Shivamogga,Karnataka
2021-02-17,0.01,0.01,0.010000000000028422,0.00999999999998579,0.01,0,Shivamogga,Karnataka
2021-02-18,16.16,16.17,16.17000000000003,16.169999999999987,16.16,0,Shivamogga,Karnataka
2021-02-19,6.38,22.55,22.55000000000003,22.549999999999986,16.16,0,Shivamogga,Karnataka
2021-02-20,3.57,26.11,26.12000000000003,26.119999999999987,16.16,0,Shivamogga,Karnataka
2021-02-21,2.17,12.12,28.29000000000003,28.28999999999999,6.38,0,Shivamogga,Karnataka
2021-02-22,2.46,8.2,30.75000000000003,30.749999999999986,3.57,0,Shivamogga,Karnataka
2021-02-23,0.14,4.77,30.89000000000003,30.889999999999986,2.46,0,Shivamogga,Karnataka
2021-02-24,0.0,2.6,30.880000000000027,30.889999999999986,2.46,0,Shivamogga,Karnataka
2021-02-25,0.0,0.14,14.720000000000027,30.889999999999986,0.14,0,Shivamogga,Karnataka
2021-02-26,0.0,0.0,8.340000000000028,30.889999999999986,0.0,0,Shivamogga,Karnataka
2021-02-27,0.0,0.0,4.770000000000029,30.889999999999986,0.0,0,Shivamogga,Karnataka
2021-02-28,0.0,0.0,2.6000000000000285,30.889999999999986,0.0,0,Shivamogga,Karnataka
2021-03-01,0.0,0.0,0.14000000000002844,30.889999999999986,0.0,0,Shivamogga,Karnataka
2021-03-02,0.0,0.0,0.0,30.889999999999986,0.0,0,Shivamogga,Karnataka
2021-03-03,0.0,0.0,0.0,30.889999999999986,0.0,0,Shivamogga,Karnataka
2021-03-04,0.0,0.0,0.0,30.879999999999985,0.0,0,Shivamogga,Karnataka
2021-03-05,0.0,0.0,0.0,14.719999999999985,0.0,0,Shivamogga,Karnataka
2021-03-06,0.0,0.0,0.0,8.339999999999986,0.0,0,Shivamogga,Karnataka
2021-03-07,0.0,0.0,0.0,4.769999999999986,0.0,0,Shivamogga,Karnataka
2021-03-08,0.0,0.0,0.0,2.599999999999986,0.0,0,Shivamogga,Karnataka
2021-03-09,0.0,0.0,0.0,0.1399999999999858,0.0,0,Shivamogga,Karnataka
2021-03-10,0.0,0.0,0.0,0.0,0.0,0,Shivamogga,Karnataka
2021-03-11,0.0,0.0,0.0,0.0,0.0,0,Shivamogga,Karnataka
2021-03-12,0.0,0.0,0.0,0.0,0.0,0,Shivamogga,Karnataka
2021-03-13,0.0,0.0,0.0,0.0,0.0,0,Shivamogga,Karnataka
2021-03-14,0.0,0.0,0.0,0.0,0.0,0,Shivamogga,Karnataka
2021-03-15,0.0,0.0,0.0,0.0,0.0,0,Shivamogga,Karnataka
2021-03-16,0.0,0.0,0.0,0.0,0.0,0,Shivamogga,Karnataka
2021-03-17,0.0,0.0,0.0,0.0,0.0,0,Shivamogga,Karnataka
2021-03-18,0.0,0.0,0.0,0.0,0.0,0,Shivamogga,Karnataka
2021-03-19,0.0,0.0,0.0,0.0,0.0,0,Shivamogga,Karnataka
2021-03-20,0.0,0.0,0.0,0.0,0.0,0,Shivamogga,Karnataka
2021-03-21,0.0,0.0,0.0,0.0,0.0,0,Shivamogga,Karnataka
2021-03-22,0.0,0.0,0.0,0.0,0.0,0,Shivamogga,Karnataka
2021-03-23,0.0,0.0,0.0,0.0,0.0,0,Shivamogga,Karnataka
2021-03-24,0.26,0.26,0.26000000000002843,0.2599999999999858,0.26,0,Shivamogga,Karnataka
2021-03-25,0.11,0.37,0.3700000000000284,0.3699999999999858,0.26,0,Shivamogga,Karnataka
2021-03-26,0.0,0.37,0.3700000000000284,0.3699999999999858,0.26,0,Shivamogga,Karnataka
2021-03-27,0.02,0.13,0.39000000000002844,0.3899999999999858,0.11,0,Shivamogga,Karnataka
2021-03-28,0.03,0.05,0.4200000000000284,0.4199999999999858,0.03,0,Shivamogga,Karnataka
2021-03-29,0.12,0.16999999999999998,0.5400000000000285,0.5399999999999858,0.12,0,Shivamogga,Karnataka
2021-03-30,0.27,0.42000000000000004,0.8100000000000285,0.8099999999999858,0.27,0,Shivamogga,Karnataka
2021-03-31,0.0,0.39,0.5500000000000285,0.8099999999999858,0.27,0,Shivamogga,Karnataka
2021-04-01,0.0,0.27,0.4400000000000285,0.8099999999999858,0.27,0,Shivamogga,Karnataka
2021-04-02,0.0,0.0,0.4400000000000285,0.8099999999999858,0.0,0,Shivamogga,Karnataka
2021-04-03,0.0,0.0,0.42000000000002846,0.8099999999999858,0.0,0,Shivamogga,Karnataka
2021-04-04,0.0,0.0,0.3900000000000285,0.8099999999999858,0.0,0,Shivamogga,Karnataka
2021-04-05,0.0,0.0,0.27000000000002844,0.8099999999999858,0.0,0,Shivamogga,Karnataka
2021-04-06,0.0,0.0,0.0,0.8099999999999858,0.0,0,Shivamogga,Karnataka
2021-04-07,0.0,0.0,0.0,0.8099999999999858,0.0,0,Shivamogga,Karnataka
2021-04-08,0.0,0.0,0.0,0.5499999999999858,0.0,0,Shivamogga,Karnataka
2021-04-09,0.14,0.14,0.14000000000002844,0.5799999999999859,0.14,0,Shivamogga,Karnataka
2021-04-10,0.06,0.2,0.20000000000002843,0.6399999999999859,0.14,0,Shivamogga,Karnataka
2021-04-11,1.34,1.54,1.5400000000000285,1.959999999999986,1.34,0,Shivamogga,Karnataka
2021-04-12,2.05,3.4499999999999997,3.5900000000000283,3.9799999999999858,2.05,0,Shivamogga,Karnataka
2021-04-13,1.68,5.069999999999999,5.270000000000028,5.539999999999986,2.05,0,Shivamogga,Karnataka
2021-04-14,4.05,7.779999999999999,9.320000000000029,9.319999999999986,4.05,0,Shivamogga,Karnataka
2021-04-15,4.04,9.77,13.360000000000028,13.359999999999985,4.05,0,Shivamogga,Karnataka
2021-04-16,0.22,8.31,13.440000000000028,13.579999999999986,4.05,0,Shivamogga,Karnataka
2021-04-17,0.19,4.45,13.570000000000029,13.769999999999985,4.04,0,Shivamogga,Karnataka
2021-04-18,3.12,3.5300000000000002,15.35000000000003,16.889999999999986,3.12,0,Shivamogga,Karnataka
2021-04-19,2.44,5.75,15.740000000000029,19.329999999999988,3.12,0,Shivamogga,Karnataka
2021-04-20,0.71,6.2700000000000005,14.770000000000028,20.039999999999985,3.12,0,Shivamogga,Karnataka
2021-04-21,5.78,8.93,16.50000000000003,25.819999999999986,5.78,0,Shivamogga,Karnataka
2021-04-22,3.67,10.16,16.13000000000003,29.489999999999988,5.78,0,Shivamogga,Karnataka
2021-04-23,4.86,14.31,20.770000000000028,34.34999999999999,5.78,0,Shivamogga,Karnataka
2021-04-24,0.57,9.100000000000001,21.15000000000003,34.77999999999999,4.86,0,Shivamogga,Karnataka
2021-04-25,0.02,5.450000000000001,18.05000000000003,34.73999999999998,4.86,0,Shivamogga,Karnataka
2021-04-26,0.0,0.5900000000000009,15.61000000000003,33.399999999999984,0.57,0,Shivamogga,Karnataka
2021-04-27,0.04,0.060000000000000886,14.94000000000003,31.389999999999986,0.04,0,Shivamogga,Karnataka
2021-04-28,0.07,0.11000000000000089,9.230000000000029,29.779999999999987,0.07,0,Shivamogga,Karnataka
2021-04-29,1.7,1.810000000000001,7.260000000000028,27.429999999999986,1.7,0,Shivamogga,Karnataka
2021-04-30,1.93,3.700000000000001,4.3300000000000285,25.319999999999986,1.93,0,Shivamogga,Karnataka
2021-05-01,2.63,6.260000000000002,6.390000000000029,27.729999999999983,2.63,0,Shivamogga,Karnataka
2021-05-02,7.01,11.57,13.380000000000027,34.54999999999998,7.01,0,Shivamogga,Karnataka
2021-05-03,1.07,10.71,14.450000000000028,32.499999999999986,7.01,0,Shivamogga,Karnataka
2021-05-04,2.03,10.110000000000003,16.44000000000003,32.08999999999998,7.01,0,Shivamogga,Karnataka
2021-05-05,2.39,5.490000000000002,18.76000000000003,33.76999999999999,2.39,0,Shivamogga,Karnataka
2021-05-06,2.96,7.380000000000001,20.020000000000028,30.949999999999985,2.96,0,Shivamogga,Karnataka
2021-05-07,2.5,7.850000000000001,20.59000000000003,29.779999999999987,2.96,0,Shivamogga,Karnataka
2021-05-08,1.82,7.280000000000001,19.78000000000003,26.739999999999984,2.96,0,Shivamogga,Karnataka
2021-05-09,2.77,7.0900000000000025,15.54000000000003,28.939999999999984,2.77,0,Shivamogga,Karnataka
2021-05-10,2.04,6.630000000000002,16.51000000000003,30.959999999999987,2.77,0,Shivamogga,Karnataka
2021-05-11,9.55,14.360000000000003,24.03000000000003,40.509999999999984,9.55,0,Shivamogga,Karnataka
2021-05-12,6.63,18.220000000000002,28.27000000000003,47.09999999999999,9.55,0,Shivamogga,Karnataka
2021-05-13,9.56,25.740000000000002,34.87000000000003,56.58999999999999,9.56,0,Shivamogga,Karnataka
2021-05-14,4.77,20.960000000000004,37.14000000000003,59.65999999999998,9.56,0,Shivamogga,Karnataka
2021-05-15,23.66,37.99,58.98000000000003,81.38999999999999,23.66,0,Shivamogga,Karnataka
2021-05-16,18.36,46.790000000000006,74.57000000000004,97.11999999999999,23.66,0,Shivamogga,Karnataka
2021-05-17,6.26,48.28000000000001,78.79000000000002,96.36999999999998,23.66,0,Shivamogga,Karnataka
2021-05-18,7.63,32.25,76.87000000000003,102.92999999999999,18.36,0,Shivamogga,Karnataka
2021-05-19,4.06,17.950000000000003,74.30000000000004,104.95999999999998,7.63,0,Shivamogga,Karnataka
2021-05-20,3.17,14.860000000000003,67.91000000000003,105.73999999999998,7.63,0,Shivamogga,Karnataka
2021-05-21,10.87,18.1,74.01000000000002,113.64999999999998,10.87,0,Shivamogga,Karnataka
2021-05-22,16.23,30.270000000000007,66.58000000000003,127.37999999999998,16.23,0,Shivamogga,Karnataka
2021-05-23,6.57,33.67,54.790000000000035,132.13,16.23,0,Shivamogga,Karnataka
2021-05-24,5.5,28.300000000000008,54.03000000000003,134.85999999999999,16.23,0,Shivamogga,Karnataka
2021-05-25,10.35,22.42000000000001,56.75000000000003,143.17,10.35,0,Shivamogga,Karnataka
2021-05-26,1.15,17.000000000000007,53.840000000000025,134.76999999999998,10.35,0,Shivamogga,Karnataka
2021-05-27,0.49,11.990000000000007,51.160000000000025,128.62999999999997,10.35,0,Shivamogga,Karnataka
2021-05-28,1.5,3.140000000000007,41.79000000000003,120.57,1.5,0,Shivamogga,Karnataka
2021-05-29,2.62,4.6100000000000065,28.180000000000028,118.41999999999997,2.62,0,Shivamogga,Karnataka
2021-05-30,0.51,4.630000000000007,22.12000000000003,95.26999999999998,2.62,0,Shivamogga,Karnataka
2021-05-31,1.22,4.350000000000007,17.84000000000003,78.12999999999998,2.62,0,Shivamogga,Karnataka
2021-06-01,1.31,3.0400000000000067,8.80000000000003,73.17999999999999,1.31,1,Shivamogga,Karnataka
2021-06-02,4.51,7.040000000000006,12.160000000000029,70.05999999999997,4.51,1,Shivamogga,Karnataka
2021-06-03,9.71,15.530000000000008,21.38000000000003,75.70999999999998,9.71,1,Shivamogga,Karnataka
2021-06-04,10.7,24.92000000000001,30.580000000000027,83.24,10.7,1,Shivamogga,Karnataka
2021-06-05,5.89,26.300000000000008,33.85000000000003,78.25999999999999,10.7,1,Shivamogga,Karnataka
2021-06-06,8.21,24.800000000000004,41.550000000000026,70.23999999999998,10.7,1,Shivamogga,Karnataka
2021-06-07,0.46,14.560000000000008,40.79000000000003,64.13,8.21,1,Shivamogga,Karnataka
2021-06-08,2.1,10.770000000000008,41.580000000000034,60.72999999999999,8.21,1,Shivamogga,Karnataka
2021-06-09,6.24,8.800000000000008,43.31000000000003,56.61999999999999,6.24,1,Shivamogga,Karnataka
2021-06-10,4.13,12.470000000000006,37.73000000000003,59.599999999999994,6.24,1,Shivamogga,Karnataka
2021-06-11,3.5,13.870000000000008,30.53000000000003,62.60999999999999,6.24,1,Shivamogga,Karnataka
2021-06-12,13.45,21.080000000000005,38.09000000000003,74.55999999999999,13.45,1,Shivamogga,Karnataka
2021-06-13,11.78,28.730000000000008,41.660000000000025,83.71999999999998,13.45,1,Shivamogga,Karnataka
2021-06-14,17.64,42.870000000000005,58.840000000000025,100.85,17.64,1,Shivamogga,Karnataka
2021-06-15,7.04,36.46000000000001,63.78000000000002,106.67,17.64,1,Shivamogga,Karnataka
2021-06-16,14.72,39.400000000000006,72.26000000000002,120.08,17.64,1,Shivamogga,Karnataka
2021-06-17,18.12,39.88000000000001,86.25000000000003,133.69,18.12,1,Shivamogga,Karnataka
2021-06-18,10.01,42.85000000000001,92.76000000000003,133.98999999999998,18.12,1,Shivamogga,Karnataka
2021-06-19,13.59,41.720000000000006,92.90000000000002,136.88,18.12,1,Shivamogga,Karnataka
2021-06-20,10.68,34.28000000000001,91.80000000000003,141.67,13.59,1,Shivamogga,Karnataka
2021-06-21,4.53,28.800000000000008,78.69000000000003,137.99,13.59,1,Shivamogga,Karnataka
2021-06-22,0.91,16.120000000000008,72.56000000000003,138.44,10.68,1,Shivamogga,Karnataka
2021-06-23,0.63,6.070000000000007,58.470000000000034,136.97,4.53,1,Shivamogga,Karnataka
2021-06-24,0.43,1.970000000000007,40.78000000000003,131.16,0.91,1,Shivamogga,Karnataka
2021-06-25,1.52,2.580000000000007,32.29000000000003,128.54999999999998,1.52,1,Shivamogga,Karnataka
2021-06-26,4.54,6.490000000000007,23.240000000000027,129.59,4.54,1,Shivamogga,Karnataka
2021-06-27,1.63,7.6900000000000075,14.19000000000003,117.77,4.54,1,Shivamogga,Karnataka
2021-06-28,0.76,6.930000000000007,10.420000000000028,106.74999999999999,4.54,1,Shivamogga,Karnataka
2021-06-29,0.33,2.720000000000007,9.84000000000003,89.43999999999998,1.63,1,Shivamogga,Karnataka
2021-06-30,0.06,1.150000000000007,9.270000000000028,82.45999999999998,0.76,1,Shivamogga,Karnataka
2021-07-01,2.39,2.7800000000000074,11.230000000000029,70.12999999999998,2.39,1,Shivamogga,Karnataka
2021-07-02,2.41,4.8600000000000065,12.12000000000003,54.41999999999999,2.41,1,Shivamogga,Karnataka
2021-07-03,5.05,9.850000000000009,12.630000000000027,49.45999999999999,5.05,1,Shivamogga,Karnataka
2021-07-04,5.35,12.810000000000006,16.35000000000003,41.219999999999985,5.35,1,Shivamogga,Karnataka
2021-07-05,0.89,11.290000000000006,16.48000000000003,31.429999999999986,5.35,1,Shivamogga,Karnataka
2021-07-06,1.52,7.760000000000007,17.67000000000003,28.419999999999987,5.35,1,Shivamogga,Karnataka
2021-07-07,2.59,5.000000000000007,20.200000000000028,30.099999999999987,2.59,1,Shivamogga,Karnataka
2021-07-08,9.07,13.180000000000007,26.88000000000003,38.539999999999985,9.07,1,Shivamogga,Karnataka
2021-07-09,12.88,24.540000000000006,37.35000000000003,50.98999999999999,12.88,1,Shivamogga,Karnataka
2021-07-10,7.06,29.01000000000001,39.36000000000003,56.52999999999999,12.88,1,Shivamogga,Karnataka
2021-07-11,17.69,37.63000000000001,51.70000000000003,69.67999999999998,17.69,1,Shivamogga,Karnataka
2021-07-12,9.66,34.41000000000001,60.47000000000003,77.71,17.69,1,Shivamogga,Karnataka
2021-07-13,20.61,47.96000000000001,79.56000000000003,97.55999999999999,20.61,1,Shivamogga,Karnataka
2021-07-14,25.29,55.56,102.26000000000003,122.51999999999998,25.29,1,Shivamogga,Karnataka
2021-07-15,23.6,69.50000000000001,116.79000000000002,146.05999999999997,25.29,1,Shivamogga,Karnataka
2021-07-16,10.58,59.47000000000001,114.49000000000002,154.25,25.29,1,Shivamogga,Karnataka
2021-07-17,35.33,69.51,142.76000000000002,187.17000000000002,35.33,1,Shivamogga,Karnataka
2021-07-18,43.16,89.07000000000001,168.23000000000002,225.27999999999997,43.16,1,Shivamogga,Karnataka
2021-07-19,11.23,89.72000000000001,169.80000000000004,231.16,43.16,1,Shivamogga,Karnataka
2021-07-20,6.84,61.230000000000004,156.03000000000003,237.10999999999999,43.16,1,Shivamogga,Karnataka
2021-07-21,12.62,30.690000000000005,143.36,248.21,12.62,1,Shivamogga,Karnataka
2021-07-22,32.88,52.34,152.64000000000004,278.5,32.88,1,Shivamogga,Karnataka
2021-07-23,12.61,58.11000000000001,154.67000000000002,282.04,32.88,1,Shivamogga,Karnataka
2021-07-24,11.74,57.23000000000001,131.08000000000004,280.9,32.88,1,Shivamogga,Karnataka
2021-07-25,7.63,31.980000000000008,95.55000000000004,281.47,12.61,1,Shivamogga,Karnataka
2021-07-26,3.77,23.140000000000008,88.09000000000003,267.55,11.74,1,Shivamogga,Karnataka
2021-07-27,1.92,13.320000000000007,83.17000000000003,259.81,7.63,1,Shivamogga,Karnataka
2021-07-28,0.77,6.460000000000007,71.32000000000002,239.97,3.77,1,Shivamogga,Karnataka
2021-07-29,2.63,5.320000000000007,41.07000000000003,217.30999999999997,2.63,1,Shivamogga,Karnataka
2021-07-30,5.54,8.940000000000007,34.00000000000003,199.24999999999997,5.54,1,Shivamogga,Karnataka
2021-07-31,3.08,11.250000000000007,25.340000000000025,191.75,5.54,1,Shivamogga,Karnataka
2021-08-01,1.97,10.590000000000007,19.680000000000028,158.39,5.54,1,Shivamogga,Karnataka
2021-08-02,2.07,7.120000000000007,17.98000000000003,117.29999999999998,3.08,1,Shivamogga,Karnataka
2021-08-03,13.23,17.270000000000007,29.29000000000003,119.29999999999998,13.23,1,Shivamogga,Karnataka
2021-08-04,8.42,23.720000000000006,36.94000000000003,120.87999999999998,13.23,1,Shivamogga,Karnataka
2021-08-05,5.29,26.940000000000005,39.60000000000003,113.54999999999998,13.23,1,Shivamogga,Karnataka
2021-08-06,8.2,21.910000000000004,42.26000000000003,88.86999999999999,8.42,1,Shivamogga,Karnataka
2021-08-07,13.03,26.520000000000003,52.21000000000003,89.28999999999999,13.03,1,Shivamogga,Karnataka
2021-08-08,2.33,23.560000000000002,52.570000000000036,79.87999999999998,13.03,1,Shivamogga,Karnataka
2021-08-09,0.28,15.640000000000004,50.78000000000003,72.52999999999999,13.03,1,Shivamogga,Karnataka
2021-08-10,2.21,4.820000000000006,39.760000000000026,70.97,2.33,1,Shivamogga,Karnataka
2021-08-11,1.83,4.320000000000006,33.17000000000003,70.88,2.21,1,Shivamogga,Karnataka
2021-08-12,8.13,12.170000000000005,36.010000000000026,78.23999999999998,8.13,1,Shivamogga,Karnataka
2021-08-13,2.89,12.850000000000007,30.700000000000028,78.49999999999999,8.13,1,Shivamogga,Karnataka
2021-08-14,1.44,12.460000000000006,19.11000000000003,74.39999999999998,8.13,1,Shivamogga,Karnataka
2021-08-15,1.05,5.380000000000007,17.83000000000003,72.36999999999998,2.89,1,Shivamogga,Karnataka
2021-08-16,1.54,4.030000000000007,19.09000000000003,71.93999999999998,1.54,1,Shivamogga,Karnataka
2021-08-17,3.04,5.630000000000008,19.92000000000003,72.91,3.04,1,Shivamogga,Karnataka
2021-08-18,6.68,11.260000000000009,24.770000000000028,66.35999999999999,6.68,1,Shivamogga,Karnataka
2021-08-19,2.71,12.430000000000007,19.35000000000003,60.649999999999984,6.68,1,Shivamogga,Karnataka
2021-08-20,0.62,10.010000000000007,17.08000000000003,55.97999999999998,6.68,1,Shivamogga,Karnataka
2021-08-21,3.08,6.410000000000008,18.720000000000027,50.85999999999999,3.08,1,Shivamogga,Karnataka
2021-08-22,1.38,5.080000000000008,19.050000000000026,39.20999999999999,3.08,1,Shivamogga,Karnataka
2021-08-23,3.44,7.9000000000000075,20.950000000000028,40.319999999999986,3.44,1,Shivamogga,Karnataka
2021-08-24,3.79,8.610000000000008,21.700000000000028,43.82999999999999,3.79,1,Shivamogga,Karnataka
2021-08-25,2.8,10.030000000000008,17.82000000000003,44.41999999999999,3.79,1,Shivamogga,Karnataka
2021-08-26,5.33,11.920000000000009,20.440000000000026,47.91999999999999,5.33,1,Shivamogga,Karnataka
2021-08-27,6.99,15.120000000000008,26.810000000000027,46.77999999999999,6.99,1,Shivamogga,Karnataka
2021-08-28,15.97,28.29000000000001,39.70000000000003,59.859999999999985,15.97,1,Shivamogga,Karnataka
2021-08-29,3.49,26.45000000000001,41.81000000000003,61.90999999999999,15.97,1,Shivamogga,Karnataka
2021-08-30,6.97,26.43000000000001,45.34000000000003,67.82999999999998,15.97,1,Shivamogga,Karnataka
2021-08-31,3.03,13.490000000000009,44.58000000000003,69.31999999999998,6.97,1,Shivamogga,Karnataka
2021-09-01,6.89,16.890000000000008,48.67000000000002,73.16999999999999,6.97,1,Shivamogga,Karnataka
2021-09-02,7.66,17.58000000000001,51.00000000000003,74.14999999999998,7.66,1,Shivamogga,Karnataka
2021-09-03,9.8,24.35000000000001,53.81000000000003,81.23999999999998,9.8,1,Shivamogga,Karnataka
2021-09-04,11.42,28.88000000000001,49.260000000000026,92.03999999999998,11.42,1,Shivamogga,Karnataka
2021-09-05,3.89,25.11000000000001,49.660000000000025,92.84999999999998,11.42,1,Shivamogga,Karnataka
2021-09-06,5.65,20.960000000000008,48.340000000000025,97.11999999999999,11.42,1,Shivamogga,Karnataka
2021-09-07,13.56,23.10000000000001,58.87000000000003,107.24,13.56,1,Shivamogga,Karnataka
2021-09-08,12.56,31.77000000000001,64.54000000000003,116.00999999999999,13.56,1,Shivamogga,Karnataka
2021-09-09,3.8,29.920000000000012,60.68000000000003,117.00999999999999,13.56,1,Shivamogga,Karnataka
2021-09-10,2.16,18.52000000000001,53.040000000000035,113.83999999999999,12.56,1,Shivamogga,Karnataka
2021-09-11,9.19,15.150000000000007,50.81000000000003,116.03999999999999,9.19,1,Shivamogga,Karnataka
2021-09-12,10.63,21.98000000000001,57.55000000000003,110.69999999999999,10.63,1,Shivamogga,Karnataka
2021-09-13,11.57,31.390000000000008,63.470000000000034,118.77999999999999,11.57,1,Shivamogga,Karnataka
2021-09-14,6.78,28.980000000000008,56.69000000000003,118.58999999999999,11.57,1,Shivamogga,Karnataka
2021-09-15,2.49,20.84000000000001,46.620000000000026,118.04999999999998,11.57,1,Shivamogga,Karnataka
2021-09-16,0.61,9.880000000000008,43.43000000000003,111.76999999999998,6.78,1,Shivamogga,Karnataka
2021-09-17,0.06,3.1600000000000072,41.33000000000003,104.16999999999999,2.49,1,Shivamogga,Karnataka
2021-09-18,0.01,0.680000000000007,32.15000000000003,94.38,0.61,1,Shivamogga,Karnataka
2021-09-19,0.06,0.1300000000000071,21.580000000000027,83.02,0.06,1,Shivamogga,Karnataka
2021-09-20,0.23,0.30000000000000715,10.240000000000029,79.36,0.23,1,Shivamogga,Karnataka
2021-09-21,4.28,4.570000000000007,7.740000000000029,77.98999999999998,4.28,1,Shivamogga,Karnataka
2021-09-22,3.36,7.870000000000008,8.610000000000028,67.78999999999998,4.28,1,Shivamogga,Karnataka
2021-09-23,3.81,11.450000000000006,11.810000000000029,59.03999999999999,4.28,1,Shivamogga,Karnataka
2021-09-24,0.53,7.700000000000007,12.280000000000028,55.76999999999998,3.81,1,Shivamogga,Karnataka
2021-09-25,0.22,4.560000000000007,12.490000000000029,53.82999999999999,3.81,1,Shivamogga,Karnataka
2021-09-26,0.26,1.0100000000000071,12.690000000000028,44.899999999999984,0.53,1,Shivamogga,Karnataka
2021-09-27,4.33,4.810000000000008,16.790000000000028,38.59999999999999,4.33,1,Shivamogga,Karnataka
2021-09-28,4.26,8.850000000000009,16.770000000000028,31.28999999999999,4.33,1,Shivamogga,Karnataka
2021-09-29,3.43,12.020000000000008,16.84000000000003,27.939999999999987,4.33,1,Shivamogga,Karnataka
2021-09-30,2.79,10.480000000000008,15.820000000000029,28.239999999999984,4.26,1,Shivamogga,Karnataka
2021-10-01,20.18,26.400000000000006,35.47000000000003,47.80999999999999,20.18,0,Shivamogga,Karnataka
2021-10-02,14.84,37.81,50.09000000000003,62.58999999999998,20.18,0,Shivamogga,Karnataka
2021-10-03,8.42,43.440000000000005,58.25000000000002,70.99999999999999,20.18,0,Shivamogga,Karnataka
2021-10-04,3.96,27.220000000000006,57.880000000000024,74.89999999999998,14.84,0,Shivamogga,Karnataka
2021-10-05,10.9,23.28000000000001,64.52000000000002,85.56999999999998,10.9,0,Shivamogga,Karnataka
2021-10-06,45.73,60.59,106.82000000000002,127.01999999999998,45.73,0,Shivamogga,Karnataka
2021-10-07,14.76,71.39,118.79000000000002,138.42,45.73,0,Shivamogga,Karnataka
2021-10-08,1.31,61.800000000000004,99.92000000000003,135.92,45.73,0,Shivamogga,Karnataka
2021-10-09,1.78,17.85000000000001,86.86000000000003,137.17,14.76,0,Shivamogga,Karnataka
2021-10-10,5.16,8.250000000000007,83.60000000000002,142.10999999999999,5.16,0,Shivamogga,Karnataka
2021-10-11,5.04,11.980000000000008,84.68000000000004,146.89,5.16,0,Shivamogga,Karnataka
2021-10-12,12.59,22.790000000000006,86.37000000000003,155.14999999999998,12.59,0,Shivamogga,Karnataka
2021-10-13,6.1,23.730000000000008,46.74000000000004,156.98999999999998,12.59,0,Shivamogga,Karnataka
2021-10-14,2.91,21.60000000000001,34.890000000000036,156.47,12.59,0,Shivamogga,Karnataka
2021-10-15,10.42,19.430000000000007,44.000000000000036,164.1,10.42,0,Shivamogga,Karnataka
2021-10-16,3.55,16.88000000000001,45.77000000000003,147.47,10.42,0,Shivamogga,Karnataka
2021-10-17,4.7,18.67000000000001,45.31000000000004,137.32999999999998,10.42,0,Shivamogga,Karnataka
2021-10-18,0.6,8.850000000000009,40.87000000000004,129.51,4.7,0,Shivamogga,Karnataka
2021-10-19,0.01,5.310000000000009,28.290000000000035,125.55999999999999,4.7,0,Shivamogga,Karnataka
2021-10-20,3.0,3.6100000000000088,25.190000000000033,117.65999999999998,3.0,0,Shivamogga,Karnataka
2021-10-21,21.16,24.17000000000001,43.44000000000004,93.08999999999997,21.16,0,Shivamogga,Karnataka
2021-10-22,9.79,33.95,42.81000000000003,88.11999999999999,21.16,0,Shivamogga,Karnataka
2021-10-23,10.63,41.580000000000005,49.890000000000036,97.43999999999998,21.16,0,Shivamogga,Karnataka
2021-10-24,8.23,28.650000000000013,53.42000000000004,103.88999999999999,10.63,0,Shivamogga,Karnataka
2021-10-25,2.39,21.25000000000001,55.210000000000036,101.11999999999999,10.63,0,Shivamogga,Karnataka
2021-10-26,0.47,11.09000000000001,55.67000000000004,96.54999999999998,8.23,0,Shivamogga,Karnataka
2021-10-27,0.01,2.8700000000000108,52.680000000000035,83.96999999999998,2.39,0,Shivamogga,Karnataka
2021-10-28,0.0,0.48000000000001064,31.520000000000035,77.86999999999999,0.47,0,Shivamogga,Karnataka
2021-10-29,1.42,1.4300000000000106,23.150000000000038,76.37999999999998,1.42,0,Shivamogga,Karnataka
2021-10-30,4.35,5.77000000000001,16.870000000000037,70.30999999999999,4.35,0,Shivamogga,Karnataka
2021-10-31,1.43,7.20000000000001,10.070000000000036,68.18999999999998,4.35,0,Shivamogga,Karnataka
2021-11-01,5.18,10.96000000000001,12.860000000000035,68.66999999999999,5.18,0,Shivamogga,Karnataka
2021-11-02,1.46,8.070000000000011,13.850000000000035,69.52999999999999,5.18,0,Shivamogga,Karnataka
2021-11-03,8.95,15.59000000000001,22.790000000000035,78.46999999999998,8.95,0,Shivamogga,Karnataka
2021-11-04,6.17,16.580000000000013,28.960000000000036,81.63999999999999,8.95,0,Shivamogga,Karnataka
2021-11-05,14.09,29.210000000000008,41.63000000000003,74.57,14.09,0,Shivamogga,Karnataka
2021-11-06,3.73,23.99000000000001,41.01000000000003,68.50999999999998,14.09,0,Shivamogga,Karnataka
2021-11-07,0.25,18.070000000000007,39.830000000000034,58.12999999999999,14.09,0,Shivamogga,Karnataka
2021-11-08,0.34,4.320000000000011,34.99000000000003,50.23999999999998,3.73,0,Shivamogga,Karnataka
2021-11-09,0.35,0.9400000000000106,33.88000000000003,48.19999999999998,0.35,0,Shivamogga,Karnataka
2021-11-10,0.01,0.7000000000000106,24.940000000000037,47.73999999999998,0.35,0,Shivamogga,Karnataka
2021-11-11,1.4,1.7600000000000104,20.170000000000037,49.12999999999998,1.4,0,Shivamogga,Karnataka
2021-11-12,8.25,9.66000000000001,14.330000000000036,57.37999999999998,8.25,0,Shivamogga,Karnataka
2021-11-13,4.79,14.440000000000012,15.390000000000036,60.749999999999986,8.25,0,Shivamogga,Karnataka
2021-11-14,27.7,40.74000000000001,42.84000000000003,84.09999999999998,27.7,0,Shivamogga,Karnataka
2021-11-15,22.01,54.500000000000014,64.51000000000005,104.67999999999999,27.7,0,Shivamogga,Karnataka
2021-11-16,14.15,63.860000000000014,78.31000000000003,113.64999999999998,27.7,0,Shivamogga,Karnataka
2021-11-17,8.63,44.79000000000001,86.93000000000004,120.82,22.01,0,Shivamogga,Karnataka
2021-11-18,17.46,40.240000000000016,102.99000000000004,129.32999999999998,17.46,0,Shivamogga,Karnataka
2021-11-19,19.27,45.360000000000014,114.01000000000003,142.42999999999998,19.27,0,Shivamogga,Karnataka
2021-11-20,17.13,53.860000000000014,126.35000000000005,145.46999999999997,19.27,0,Shivamogga,Karnataka
2021-11-21,4.79,41.19000000000001,103.44000000000004,146.53,19.27,0,Shivamogga,Karnataka
2021-11-22,3.3,25.220000000000013,84.73000000000003,149.57999999999998,17.13,0,Shivamogga,Karnataka
2021-11-23,0.5,8.590000000000014,71.08000000000003,149.73999999999998,4.79,0,Shivamogga,Karnataka
2021-11-24,1.21,5.010000000000014,63.66000000000003,150.6,3.3,0,Shivamogga,Karnataka
2021-11-25,0.15,1.860000000000014,46.35000000000004,150.73999999999998,1.21,0,Shivamogga,Karnataka
2021-11-26,0.0,1.360000000000014,27.080000000000034,149.34,1.21,0,Shivamogga,Karnataka
2021-11-27,0.0,0.1500000000000142,9.950000000000035,141.09,0.15,0,Shivamogga,Karnataka
2021-11-28,0.0,0.0,5.160000000000036,136.29999999999998,0.0,0,Shivamogga,Karnataka
2021-11-29,1.78,1.7800000000000142,3.640000000000035,110.37999999999998,1.78,0,Shivamogga,Karnataka
2021-11-30,3.79,5.5700000000000145,6.930000000000035,92.15999999999998,3.79,0,Shivamogga,Karnataka
2021-12-01,2.56,8.130000000000015,8.280000000000035,80.57,3.79,0,Shivamogga,Karnataka
2021-12-02,1.08,7.430000000000014,9.210000000000035,73.01999999999998,3.79,0,Shivamogga,Karnataka
2021-12-03,0.43,4.0700000000000145,9.640000000000034,55.98999999999999,2.56,0,Shivamogga,Karnataka
2021-12-04,0.19,1.7000000000000144,9.830000000000036,36.90999999999998,1.08,0,Shivamogga,Karnataka
2021-12-05,0.0,0.6200000000000142,9.830000000000036,19.779999999999987,0.43,0,Shivamogga,Karnataka
2021-12-06,0.0,0.1900000000000142,8.050000000000036,14.989999999999986,0.19,0,Shivamogga,Karnataka
2021-12-07,0.0,0.0,4.260000000000035,11.689999999999985,0.0,0,Shivamogga,Karnataka
2021-12-08,0.0,0.0,1.7000000000000357,11.189999999999985,0.0,0,Shivamogga,Karnataka
2021-12-09,1.43,1.4300000000000141,2.0500000000000353,11.409999999999986,1.43,0,Shivamogga,Karnataka
2021-12-10,3.21,4.640000000000014,4.830000000000036,14.469999999999986,3.21,0,Shivamogga,Karnataka
2021-12-11,0.62,5.260000000000014,5.260000000000035,15.089999999999986,3.21,0,Shivamogga,Karnataka
2021-12-12,0.28,4.1100000000000145,5.540000000000036,15.369999999999987,3.21,0,Shivamogga,Karnataka
2021-12-13,0.01,0.9100000000000142,5.550000000000035,15.379999999999987,0.62,0,Shivamogga,Karnataka
2021-12-14,0.0,0.29000000000001425,5.550000000000035,13.599999999999985,0.28,0,Shivamogga,Karnataka
2021-12-15,0.03,0.04000000000001421,5.580000000000036,9.839999999999986,0.03,0,Shivamogga,Karnataka
2021-12-16,0.01,0.04000000000001421,4.160000000000036,7.289999999999985,0.03,0,Shivamogga,Karnataka
2021-12-17,0.0,0.04000000000001421,0.9500000000000356,6.209999999999985,0.03,0,Shivamogga,Karnataka
2021-12-18,0.0,0.010000000000014211,0.33000000000003554,5.779999999999985,0.01,0,Shivamogga,Karnataka
2021-12-19,0.0,0.0,0.05000000000003553,5.589999999999986,0.0,0,Shivamogga,Karnataka
2021-12-20,0.0,0.0,0.04000000000003553,5.589999999999986,0.0,0,Shivamogga,Karnataka
2021-12-21,0.0,0.0,0.04000000000003553,5.589999999999986,0.0,0,Shivamogga,Karnataka
2021-12-22,0.0,0.0,0.010000000000035527,5.589999999999986,0.0,0,Shivamogga,Karnataka
2021-12-23,0.0,0.0,0.0,5.589999999999986,0.0,0,Shivamogga,Karnataka
2021-12-24,0.0,0.0,0.0,4.159999999999986,0.0,0,Shivamogga,Karnataka
2021-12-25,0.0,0.0,0.0,0.9499999999999859,0.0,0,Shivamogga,Karnataka
2021-12-26,0.0,0.0,0.0,0.3299999999999858,0.0,0,Shivamogga,Karnataka
2021-12-27,0.0,0.0,0.0,0.04999999999998579,0.0,0,Shivamogga,Karnataka
2021-12-28,0.0,0.0,0.0,0.03999999999998579,0.0,0,Shivamogga,Karnataka
2021-12-29,0.0,0.0,0.0,0.03999999999998579,0.0,0,Shivamogga,Karnataka
2021-12-30,0.0,0.0,0.0,0.00999999999998579,0.0,0,Shivamogga,Karnataka
2021-12-31,0.04,0.04000000000001421,0.04000000000003553,0.03999999999998579,0.04,0,Shivamogga,Karnataka
2022-01-01,0.01,0.050000000000014214,0.05000000000003553,0.04999999999998579,0.04,0,Shivamogga,Karnataka
2022-01-02,0.0,0.050000000000014214,0.05000000000003553,0.04999999999998579,0.04,0,Shivamogga,Karnataka
2022-01-03,0.0,0.010000000000014211,0.05000000000003553,0.04999999999998579,0.01,0,Shivamogga,Karnataka
2022-01-04,0.0,0.0,0.05000000000003553,0.04999999999998579,0.0,0,Shivamogga,Karnataka
2022-01-05,0.0,0.0,0.05000000000003553,0.04999999999998579,0.0,0,Shivamogga,Karnataka
2022-01-06,0.0,0.0,0.05000000000003553,0.04999999999998579,0.0,0,Shivamogga,Karnataka
2022-01-07,0.0,0.0,0.010000000000035527,0.04999999999998579,0.0,0,Shivamogga,Karnataka
2022-01-08,0.0,0.0,0.0,0.04999999999998579,0.0,0,Shivamogga,Karnataka
2022-01-09,0.0,0.0,0.0,0.04999999999998579,0.0,0,Shivamogga,Karnataka
2022-01-10,0.0,0.0,0.0,0.04999999999998579,0.0,0,Shivamogga,Karnataka
2022-01-11,0.0,0.0,0.0,0.04999999999998579,0.0,0,Shivamogga,Karnataka
2022-01-12,0.0,0.0,0.0,0.04999999999998579,0.0,0,Shivamogga,Karnataka
2022-01-13,0.0,0.0,0.0,0.04999999999998579,0.0,0,Shivamogga,Karnataka
2022-01-14,0.0,0.0,0.0,0.04999999999998579,0.0,0,Shivamogga,Karnataka
2022-01-15,0.0,0.0,0.0,0.00999999999998579,0.0,0,Shivamogga,Karnataka
2022-01-16,0.0,0.0,0.0,0.0,0.0,0,Shivamogga,Karnataka
2022-01-17,0.0,0.0,0.0,0.0,0.0,0,Shivamogga,Karnataka
2022-01-18,0.0,0.0,0.0,0.0,0.0,0,Shivamogga,Karnataka
2022-01-19,0.0,0.0,0.0,0.0,0.0,0,Shivamogga,Karnataka
2022-01-20,0.0,0.0,0.0,0.0,0.0,0,Shivamogga,Karnataka
2022-01-21,0.0,0.0,0.0,0.0,0.0,0,Shivamogga,Karnataka
2022-01-22,0.0,0.0,0.0,0.0,0.0,0,Shivamogga,Karnataka
2022-01-23,0.0,0.0,0.0,0.0,0.0,0,Shivamogga,Karnataka
2022-01-24,0.0,0.0,0.0,0.0,0.0,0,Shivamogga,Karnataka
2022-01-25,0.0,0.0,0.0,0.0,0.0,0,Shivamogga,Karnataka
2022-01-26,0.09,0.09000000000001421,0.09000000000003552,0.08999999999998579,0.09,0,Shivamogga,Karnataka
2022-01-27,0.04,0.13000000000001422,0.13000000000003553,0.1299999999999858,0.09,0,Shivamogga,Karnataka
2022-01-28,0.0,0.13000000000001422,0.13000000000003553,0.1299999999999858,0.09,0,Shivamogga,Karnataka
2022-01-29,0.0,0.04000000000001421,0.13000000000003553,0.1299999999999858,0.04,0,Shivamogga,Karnataka
2022-01-30,0.0,0.0,0.13000000000003553,0.1299999999999858,0.0,0,Shivamogga,Karnataka
2022-01-31,0.0,0.0,0.13000000000003553,0.1299999999999858,0.0,0,Shivamogga,Karnataka
2022-02-01,0.0,0.0,0.13000000000003553,0.1299999999999858,0.0,0,Shivamogga,Karnataka
2022-02-02,0.0,0.0,0.04000000000003553,0.1299999999999858,0.0,0,Shivamogga,Karnataka
2022-02-03,0.0,0.0,0.0,0.1299999999999858,0.0,0,Shivamogga,Karnataka
2022-02-04,0.0,0.0,0.0,0.1299999999999858,0.0,0,Shivamogga,Karnataka
2022-02-05,0.0,0.0,0.0,0.1299999999999858,0.0,0,Shivamogga,Karnataka
2022-02-06,0.0,0.0,0.0,0.1299999999999858,0.0,0,Shivamogga,Karnataka
2022-02-07,0.0,0.0,0.0,0.1299999999999858,0.0,0,Shivamogga,Karnataka
2022-02-08,0.0,0.0,0.0,0.1299999999999858,0.0,0,Shivamogga,Karnataka
2022-02-09,0.0,0.0,0.0,0.1299999999999858,0.0,0,Shivamogga,Karnataka
2022-02-10,0.0,0.0,0.0,0.03999999999998579,0.0,0,Shivamogga,Karnataka
2022-02-11,0.0,0.0,0.0,0.0,0.0,0,Shivamogga,Karnataka
2022-02-12,0.0,0.0,0.0,0.0,0.0,0,Shivamogga,Karnataka
2022-02-13,0.0,0.0,0.0,0.0,0.0,0,Shivamogga,Karnataka
2022-02-14,0.0,0.0,0.0,0.0,0.0,0,Shivamogga,Karnataka
2022-02-15,0.0,0.0,0.0,0.0,0.0,0,Shivamogga,Karnataka
2022-02-16,0.0,0.0,0.0,0.0,0.0,0,Shivamogga,Karnataka
2022-02-17,0.0,0.0,0.0,0.0,0.0,0,Shivamogga,Karnataka
2022-02-18,0.0,0.0,0.0,0.0,0.0,0,Shivamogga,Karnataka
2022-02-19,0.0,0.0,0.0,0.0,0.0,0,Shivamogga,Karnataka
2022-02-20,0.0,0.0,0.0,0.0,0.0,0,Shivamogga,Karnataka
2022-02-21,0.0,0.0,0.0,0.0,0.0,0,Shivamogga,Karnataka
2022-02-22,0.0,0.0,0.0,0.0,0.0,0,Shivamogga,Karnataka
2022-02-23,0.0,0.0,0.0,0.0,0.0,0,Shivamogga,Karnataka
2022-02-24,0.0,0.0,0.0,0.0,0.0,0,Shivamogga,Karnataka
2022-02-25,0.0,0.0,0.0,0.0,0.0,0,Shivamogga,Karnataka
2022-02-26,0.0,0.0,0.0,0.0,0.0,0,Shivamogga,Karnataka
2022-02-27,0.0,0.0,0.0,0.0,0.0,0,Shivamogga,Karnataka
2022-02-28,0.0,0.0,0.0,0.0,0.0,0,Shivamogga,Karnataka
2022-03-01,0.0,0.0,0.0,0.0,0.0,0,Shivamogga,Karnataka
2022-03-02,0.0,0.0,0.0,0.0,0.0,0,Shivamogga,Karnataka
2022-03-03,0.0,0.0,0.0,0.0,0.0,0,Shivamogga,Karnataka
2022-03-04,0.0,0.0,0.0,0.0,0.0,0,Shivamogga,Karnataka
2022-03-05,0.0,0.0,0.0,0.0,0.0,0,Shivamogga,Karnataka
2022-03-06,0.0,0.0,0.0,0.0,0.0,0,Shivamogga,Karnataka
2022-03-07,0.0,0.0,0.0,0.0,0.0,0,Shivamogga,Karnataka
2022-03-08,0.0,0.0,0.0,0.0,0.0,0,Shivamogga,Karnataka
2022-03-09,0.0,0.0,0.0,0.0,0.0,0,Shivamogga,Karnataka
2022-03-10,0.0,0.0,0.0,0.0,0.0,0,Shivamogga,Karnataka
2022-03-11,0.0,0.0,0.0,0.0,0.0,0,Shivamogga,Karnataka
2022-03-12,0.0,0.0,0.0,0.0,0.0,0,Shivamogga,Karnataka
2022-03-13,0.0,0.0,0.0,0.0,0.0,0,Shivamogga,Karnataka
2022-03-14,0.0,0.0,0.0,0.0,0.0,0,Shivamogga,Karnataka
2022-03-15,0.0,0.0,0.0,0.0,0.0,0,Shivamogga,Karnataka
2022-03-16,0.0,0.0,0.0,0.0,0.0,0,Shivamogga,Karnataka
2022-03-17,0.0,0.0,0.0,0.0,0.0,0,Shivamogga,Karnataka
2022-03-18,0.0,0.0,0.0,0.0,0.0,0,Shivamogga,Karnataka
2022-03-19,0.45,0.4500000000000142,0.45000000000003554,0.4499999999999858,0.45,0,Shivamogga,Karnataka
2022-03-20,0.26,0.7100000000000142,0.7100000000000355,0.7099999999999858,0.45,0,Shivamogga,Karnataka
2022-03-21,0.65,1.3600000000000143,1.3600000000000356,1.3599999999999859,0.65,0,Shivamogga,Karnataka
2022-03-22,1.61,2.5200000000000147,2.9700000000000357,2.969999999999986,1.61,0,Shivamogga,Karnataka
2022-03-23,1.22,3.480000000000014,4.190000000000036,4.189999999999986,1.61,0,Shivamogga,Karnataka
2022-03-24,5.2,8.030000000000015,9.390000000000036,9.389999999999986,5.2,0,Shivamogga,Karnataka
2022-03-25,0.3,6.720000000000014,9.690000000000037,9.689999999999987,5.2,0,Shivamogga,Karnataka
2022-03-26,0.12,5.620000000000014,9.360000000000037,9.809999999999986,5.2,0,Shivamogga,Karnataka
2022-03-27,0.03,0.45000000000001417,9.130000000000035,9.839999999999986,0.3,0,Shivamogga,Karnataka
2022-03-28,0.03,0.1800000000000142,8.510000000000037,9.869999999999987,0.12,0,Shivamogga,Karnataka
2022-03-29,0.0,0.06000000000001421,6.900000000000036,9.869999999999987,0.03,0,Shivamogga,Karnataka
2022-03-30,0.0,0.03000000000001421,5.680000000000035,9.869999999999987,0.03,0,Shivamogga,Karnataka
2022-03-31,0.0,0.0,0.4800000000000355,9.869999999999987,0.0,0,Shivamogga,Karnataka
2022-04-01,0.16,0.16000000000001421,0.3400000000000355,10.029999999999987,0.16,0,Shivamogga,Karnataka
2022-04-02,2.35,2.5100000000000144,2.570000000000036,12.379999999999987,2.35,0,Shivamogga,Karnataka
2022-04-03,0.42,2.9300000000000144,2.9600000000000355,12.349999999999987,2.35,0,Shivamogga,Karnataka
2022-04-04,0.22,2.9900000000000144,3.1500000000000354,12.309999999999986,2.35,0,Shivamogga,Karnataka
2022-04-05,0.63,1.2700000000000142,3.7800000000000353,12.289999999999987,0.63,0,Shivamogga,Karnataka
2022-04-06,0.37,1.2200000000000144,4.150000000000035,11.049999999999986,0.63,0,Shivamogga,Karnataka
2022-04-07,0.1,1.1000000000000143,4.2500000000000355,9.929999999999987,0.63,0,Shivamogga,Karnataka
2022-04-08,0.05,0.5200000000000142,4.140000000000035,4.779999999999986,0.37,0,Shivamogga,Karnataka
2022-04-09,0.89,1.0400000000000142,2.6800000000000352,5.369999999999986,0.89,0,Shivamogga,Karnataka
2022-04-10,0.61,1.5500000000000143,2.870000000000035,5.859999999999986,0.89,0,Shivamogga,Karnataka
2022-04-11,0.54,2.0400000000000142,3.190000000000035,6.369999999999986,0.89,0,Shivamogga,Karnataka
2022-04-12,0.0,1.1500000000000141,2.560000000000035,6.339999999999986,0.61,0,Shivamogga,Karnataka
2022-04-13,0.86,1.4000000000000141,3.050000000000035,7.199999999999986,0.86,0,Shivamogga,Karnataka
2022-04-14,1.52,2.380000000000014,4.470000000000034,8.719999999999986,1.52,0,Shivamogga,Karnataka
2022-04-15,0.23,2.610000000000014,4.650000000000035,8.949999999999987,1.52,0,Shivamogga,Karnataka
2022-04-16,2.74,4.490000000000014,6.5000000000000355,11.529999999999987,2.74,0,Shivamogga,Karnataka
2022-04-17,6.57,9.540000000000015,12.460000000000036,15.749999999999986,6.57,0,Shivamogga,Karnataka
2022-04-18,14.02,23.330000000000013,25.940000000000033,29.349999999999987,14.02,0,Shivamogga,Karnataka
2022-04-19,17.33,37.920000000000016,43.27000000000003,46.45999999999999,17.33,0,Shivamogga,Karnataka
2022-04-20,2.3,33.65000000000001,44.71000000000003,48.12999999999998,17.33,0,Shivamogga,Karnataka
2022-04-21,4.16,23.79000000000001,47.35000000000003,51.91999999999999,17.33,0,Shivamogga,Karnataka
2022-04-22,9.83,16.29000000000001,56.95000000000003,61.649999999999984,9.83,0,Shivamogga,Karnataka
2022-04-23,0.63,14.62000000000001,54.84000000000003,62.22999999999999,9.83,0,Shivamogga,Karnataka
2022-04-24,0.01,10.470000000000011,48.28000000000003,61.34999999999999,9.83,0,Shivamogga,Karnataka
2022-04-25,2.2,2.840000000000009,36.460000000000036,62.93999999999999,2.2,0,Shivamogga,Karnataka
2022-04-26,3.22,5.4300000000000095,22.350000000000037,65.61999999999999,3.22,0,Shivamogga,Karnataka
2022-04-27,0.0,5.42000000000001,20.050000000000033,65.61999999999999,3.22,0,Shivamogga,Karnataka
2022-04-28,2.56,5.780000000000009,18.450000000000035,67.32,3.22,0,Shivamogga,Karnataka
2022-04-29,3.94,6.500000000000009,12.560000000000036,69.73999999999998,3.94,0,Shivamogga,Karnataka
2022-04-30,0.13,6.630000000000009,12.060000000000036,69.63999999999999,3.94,0,Shivamogga,Karnataka
2022-05-01,0.41,4.480000000000009,12.460000000000035,67.30999999999997,3.94,0,Shivamogga,Karnataka
2022-05-02,0.29,0.8300000000000088,10.550000000000036,61.02999999999999,0.41,0,Shivamogga,Karnataka
2022-05-03,2.13,2.830000000000009,9.460000000000036,49.139999999999986,2.13,0,Shivamogga,Karnataka
2022-05-04,8.68,11.100000000000009,18.140000000000036,40.48999999999998,8.68,0,Shivamogga,Karnataka
2022-05-05,22.84,33.650000000000006,38.42000000000004,61.02999999999999,22.84,0,Shivamogga,Karnataka
2022-05-06,1.93,33.45000000000001,36.41000000000004,58.79999999999998,22.84,0,Shivamogga,Karnataka
2022-05-07,0.87,25.640000000000008,37.150000000000034,49.83999999999998,22.84,0,Shivamogga,Karnataka
2022-05-08,2.85,5.650000000000011,39.59000000000004,52.05999999999998,2.85,0,Shivamogga,Karnataka
2022-05-09,1.33,5.050000000000011,40.63000000000004,53.37999999999998,2.85,0,Shivamogga,Karnataka
2022-05-10,1.22,5.400000000000011,39.720000000000034,52.399999999999984,2.85,0,Shivamogga,Karnataka
2022-05-11,9.44,11.99000000000001,40.48000000000003,58.61999999999998,9.44,0,Shivamogga,Karnataka
2022-05-12,7.66,18.32000000000001,25.300000000000033,66.27999999999999,9.44,0,Shivamogga,Karnataka
2022-05-13,1.05,18.150000000000013,24.420000000000034,64.76999999999998,9.44,0,Shivamogga,Karnataka
2022-05-14,0.29,9.00000000000001,23.840000000000035,61.11999999999998,7.66,0,Shivamogga,Karnataka
2022-05-15,0.43,1.7700000000000107,21.420000000000037,61.41999999999999,1.05,0,Shivamogga,Karnataka
2022-05-16,26.38,27.10000000000001,46.470000000000034,87.38999999999999,26.38,0,Shivamogga,Karnataka
2022-05-17,15.96,42.77000000000001,61.210000000000036,103.05999999999999,26.38,0,Shivamogga,Karnataka
2022-05-18,58.97,101.31,110.74000000000004,159.89999999999998,58.97,0,Shivamogga,Karnataka
2022-05-19,31.81,106.74000000000001,134.89000000000004,183.02999999999997,58.97,0,Shivamogga,Karnataka
2022-05-20,8.42,99.2,142.26000000000002,168.60999999999999,58.97,0,Shivamogga,Karnataka
2022-05-21,0.98,41.21000000000001,142.95000000000005,167.66,31.81,0,Shivamogga,Karnataka
2022-05-22,1.08,10.480000000000008,143.60000000000002,167.86999999999998,8.42,0,Shivamogga,Karnataka
2022-05-23,0.28,2.340000000000007,117.50000000000003,165.29999999999998,1.08,0,Shivamogga,Karnataka
2022-05-24,0.05,1.4100000000000072,101.59000000000003,164.01999999999998,1.08,0,Shivamogga,Karnataka
2022-05-25,1.32,1.6500000000000072,43.94000000000003,164.11999999999998,1.32,0,Shivamogga,Karnataka
2022-05-26,1.53,2.9000000000000075,13.660000000000036,156.20999999999998,1.53,0,Shivamogga,Karnataka
2022-05-27,0.22,3.0700000000000074,5.4600000000000355,148.76999999999998,1.53,0,Shivamogga,Karnataka
2022-05-28,0.46,2.210000000000007,4.940000000000036,148.17999999999998,1.53,0,Shivamogga,Karnataka
2022-05-29,0.67,1.3500000000000072,4.530000000000036,148.55999999999997,0.67,0,Shivamogga,Karnataka
2022-05-30,0.6,1.730000000000007,4.850000000000035,148.72999999999996,0.67,0,Shivamogga,Karnataka
2022-05-31,3.13,4.4000000000000075,7.930000000000035,125.47999999999998,3.13,0,Shivamogga,Karnataka
2022-06-01,6.73,10.460000000000008,13.340000000000035,116.24999999999999,6.73,1,Shivamogga,Karnataka
2022-06-02,0.91,10.770000000000008,12.720000000000036,58.18999999999998,6.73,1,Shivamogga,Karnataka
2022-06-03,1.52,9.160000000000007,14.020000000000035,27.899999999999988,6.73,1,Shivamogga,Karnataka
2022-06-04,0.42,2.850000000000007,13.980000000000036,19.899999999999988,1.52,1,Shivamogga,Karnataka
2022-06-05,18.11,20.050000000000008,31.420000000000034,37.02999999999999,18.11,1,Shivamogga,Karnataka
2022-06-06,5.14,23.67000000000001,35.960000000000036,41.08999999999999,18.11,1,Shivamogga,Karnataka
2022-06-07,1.99,25.240000000000006,34.820000000000036,42.79999999999999,18.11,1,Shivamogga,Karnataka
2022-06-08,0.56,7.690000000000007,28.650000000000038,43.30999999999998,5.14,1,Shivamogga,Karnataka
2022-06-09,1.53,4.080000000000007,29.270000000000035,43.51999999999998,1.99,1,Shivamogga,Karnataka
2022-06-10,3.92,6.010000000000007,31.670000000000034,45.90999999999998,3.92,1,Shivamogga,Karnataka
2022-06-11,2.45,7.9000000000000075,33.70000000000003,48.139999999999986,3.92,1,Shivamogga,Karnataka
2022-06-12,3.35,9.720000000000008,18.940000000000037,51.02999999999998,3.92,1,Shivamogga,Karnataka
2022-06-13,1.4,7.200000000000007,15.200000000000035,51.75999999999999,3.35,1,Shivamogga,Karnataka
2022-06-14,4.51,9.260000000000007,17.720000000000034,55.66999999999999,4.51,1,Shivamogga,Karnataka
2022-06-15,1.58,7.490000000000007,18.740000000000034,54.11999999999998,4.51,1,Shivamogga,Karnataka
2022-06-16,3.0,9.090000000000007,20.210000000000036,50.389999999999986,4.51,1,Shivamogga,Karnataka
2022-06-17,0.82,5.4000000000000075,17.110000000000035,50.29999999999998,3.0,1,Shivamogga,Karnataka
2022-06-18,5.73,9.550000000000008,20.390000000000036,54.50999999999999,5.73,1,Shivamogga,Karnataka
2022-06-19,2.76,9.310000000000008,19.800000000000033,56.84999999999999,5.73,1,Shivamogga,Karnataka
2022-06-20,7.47,15.960000000000008,25.870000000000037,46.20999999999999,7.47,1,Shivamogga,Karnataka
2022-06-21,13.09,23.320000000000007,34.45000000000003,54.15999999999998,13.09,1,Shivamogga,Karnataka
2022-06-22,11.57,32.13000000000001,44.44000000000004,63.73999999999998,13.09,1,Shivamogga,Karnataka
2022-06-23,4.6,29.260000000000005,46.040000000000035,67.77999999999999,13.09,1,Shivamogga,Karnataka
2022-06-24,13.72,29.890000000000008,58.94000000000004,79.96999999999998,13.72,1,Shivamogga,Karnataka
2022-06-25,2.32,20.640000000000008,55.53000000000003,78.36999999999999,13.72,1,Shivamogga,Karnataka
2022-06-26,2.09,18.130000000000006,54.860000000000035,78.00999999999998,13.72,1,Shivamogga,Karnataka
2022-06-27,2.58,6.990000000000007,49.970000000000034,77.24,2.58,1,Shivamogga,Karnataka
2022-06-28,6.84,11.510000000000007,43.72000000000004,82.67999999999998,6.84,1,Shivamogga,Karnataka
2022-06-29,14.09,23.510000000000005,46.24000000000003,92.25999999999999,14.09,1,Shivamogga,Karnataka
2022-06-30,21.31,42.24000000000001,62.95000000000004,111.98999999999998,21.31,1,Shivamogga,Karnataka
2022-07-01,17.29,52.690000000000005,66.52000000000004,126.27999999999997,21.31,1,Shivamogga,Karnataka
2022-07-02,6.72,45.32000000000001,70.92000000000004,132.17999999999998,21.31,1,Shivamogga,Karnataka
2022-07-03,6.17,30.180000000000007,75.00000000000003,132.61999999999998,17.29,1,Shivamogga,Karnataka
2022-07-04,17.83,30.720000000000006,90.25000000000003,147.69,17.83,1,Shivamogga,Karnataka
2022-07-05,27.42,51.42000000000001,110.83000000000004,167.64,27.42,1,Shivamogga,Karnataka
2022-07-06,32.15,77.4,128.89000000000004,186.7,32.15,1,Shivamogga,Karnataka
2022-07-07,34.54,94.11000000000001,142.12000000000003,209.67,34.54,1,Shivamogga,Karnataka
2022-07-08,12.87,79.56,137.70000000000005,217.93999999999997,34.54,1,Shivamogga,Karnataka
2022-07-09,18.72,66.13,149.70000000000005,222.93999999999997,34.54,1,Shivamogga,Karnataka
2022-07-10,10.79,42.38,154.32000000000005,231.40999999999997,18.72,1,Shivamogga,Karnataka
2022-07-11,19.28,48.790000000000006,155.77000000000004,248.59999999999997,19.28,1,Shivamogga,Karnataka
2022-07-12,18.73,48.80000000000001,147.08,264.75,19.28,1,Shivamogga,Karnataka
2022-07-13,11.22,49.23000000000001,126.15000000000003,269.12999999999994,19.28,1,Shivamogga,Karnataka
2022-07-14,11.11,41.06000000000001,102.72000000000003,266.15,18.73,1,Shivamogga,Karnataka
2022-07-15,11.39,33.720000000000006,101.24000000000002,256.22999999999996,11.39,1,Shivamogga,Karnataka
2022-07-16,16.61,39.11000000000001,99.13000000000005,255.54999999999998,16.61,1,Shivamogga,Karnataka
2022-07-17,21.57,49.57000000000001,109.91000000000004,270.4,21.57,1,Shivamogga,Karnataka
2022-07-18,3.27,41.45000000000001,93.90000000000003,267.5,21.57,1,Shivamogga,Karnataka
2022-07-19,0.85,25.69000000000001,76.02000000000004,250.51999999999998,21.57,1,Shivamogga,Karnataka
2022-07-20,2.96,7.080000000000007,67.76000000000003,226.05999999999997,3.27,1,Shivamogga,Karnataka
2022-07-21,1.05,4.860000000000007,57.70000000000004,194.95999999999998,2.96,1,Shivamogga,Karnataka
2022-07-22,1.11,5.120000000000008,47.42000000000004,161.52999999999997,2.96,1,Shivamogga,Karnataka
2022-07-23,3.07,5.2300000000000075,33.88000000000004,151.72999999999996,3.07,1,Shivamogga,Karnataka
2022-07-24,1.19,5.370000000000007,13.500000000000036,134.2,3.07,1,Shivamogga,Karnataka
2022-07-25,3.81,8.070000000000007,14.040000000000036,127.21999999999998,3.81,1,Shivamogga,Karnataka
2022-07-26,2.4,7.400000000000007,15.590000000000035,110.33999999999999,3.81,1,Shivamogga,Karnataka
2022-07-27,23.02,29.230000000000008,35.650000000000034,114.63,23.02,1,Shivamogga,Karnataka
2022-07-28,23.47,48.89000000000001,58.070000000000036,126.88,23.47,1,Shivamogga,Karnataka
2022-07-29,4.98,51.47000000000001,61.94000000000004,120.75,23.47,1,Shivamogga,Karnataka
2022-07-30,3.52,31.970000000000006,62.390000000000036,112.88,23.47,1,Shivamogga,Karnataka
2022-07-31,4.91,13.410000000000007,66.11000000000003,101.17999999999998,4.98,1,Shivamogga,Karnataka
2022-08-01,35.92,44.35000000000001,98.22000000000003,115.52999999999999,35.92,1,Shivamogga,Karnataka
2022-08-02,38.4,79.23,134.22000000000003,150.66,38.4,1,Shivamogga,Karnataka
2022-08-03,7.57,81.89000000000001,118.77000000000004,157.38,38.4,1,Shivamogga,Karnataka
2022-08-04,12.94,58.910000000000004,108.24000000000004,167.35999999999999,38.4,1,Shivamogga,Karnataka
2022-08-05,20.59,41.10000000000001,123.85000000000002,186.89999999999998,20.59,1,Shivamogga,Karnataka
2022-08-06,15.73,49.260000000000005,136.06000000000003,201.51999999999998,20.59,1,Shivamogga,Karnataka
2022-08-07,12.01,48.33000000000001,143.16000000000003,210.46,20.59,1,Shivamogga,Karnataka
2022-08-08,17.47,45.21000000000001,124.71000000000004,226.73999999999998,17.47,1,Shivamogga,Karnataka
2022-08-09,7.79,37.27000000000001,94.10000000000004,230.72,17.47,1,Shivamogga,Karnataka
2022-08-10,10.27,35.53000000000001,96.80000000000004,238.59,17.47,1,Shivamogga,Karnataka
2022-08-11,7.76,25.820000000000007,91.62000000000003,223.32999999999998,10.27,1,Shivamogga,Karnataka
2022-08-12,2.4,20.43000000000001,73.43000000000004,202.26,10.27,1,Shivamogga,Karnataka
2022-08-13,1.83,11.99000000000001,59.53000000000003,199.10999999999999,7.76,1,Shivamogga,Karnataka
2022-08-14,1.17,5.400000000000011,48.69000000000003,196.76,2.4,1,Shivamogga,Karnataka
2022-08-15,0.76,3.7600000000000104,31.980000000000032,192.60999999999999,1.83,1,Shivamogga,Karnataka
2022-08-16,0.29,2.2200000000000104,24.480000000000036,156.98,1.17,1,Shivamogga,Karnataka
2022-08-17,1.16,2.2100000000000106,15.370000000000035,119.74,1.16,1,Shivamogga,Karnataka
2022-08-18,17.4,18.85000000000001,25.010000000000034,129.57,17.4,1,Shivamogga,Karnataka
2022-08-19,7.76,26.320000000000007,30.370000000000033,124.38999999999999,17.4,1,Shivamogga,Karnataka
2022-08-20,4.08,29.24000000000001,32.62000000000003,107.87999999999998,17.4,1,Shivamogga,Karnataka
2022-08-21,6.3,18.14000000000001,37.750000000000036,98.44999999999997,7.76,1,Shivamogga,Karnataka
2022-08-22,10.33,20.710000000000008,47.320000000000036,96.76999999999998,10.33,1,Shivamogga,Karnataka
2022-08-23,9.77,26.400000000000013,56.800000000000026,89.07,10.33,1,Shivamogga,Karnataka
2022-08-24,11.32,31.42000000000001,66.96000000000004,92.59999999999998,11.32,1,Shivamogga,Karnataka
2022-08-25,5.56,26.65000000000001,55.12000000000003,87.88999999999999,11.32,1,Shivamogga,Karnataka
2022-08-26,7.27,24.15000000000001,54.63000000000004,87.39999999999998,11.32,1,Shivamogga,Karnataka
2022-08-27,13.76,26.590000000000007,64.31000000000003,98.75999999999999,13.76,1,Shivamogga,Karnataka
2022-08-28,5.41,26.44000000000001,63.42000000000003,102.33999999999997,13.76,1,Shivamogga,Karnataka
2022-08-29,41.22,60.39000000000001,94.31000000000003,142.39,41.22,1,Shivamogga,Karnataka
2022-08-30,5.72,52.35000000000001,90.26000000000003,147.34999999999997,41.22,1,Shivamogga,Karnataka
2022-08-31,1.33,48.27,80.27000000000002,148.39,41.22,1,Shivamogga,Karnataka
2022-09-01,8.19,15.240000000000006,82.90000000000002,155.42,8.19,1,Shivamogga,Karnataka
2022-09-02,9.58,19.10000000000001,85.21000000000002,147.59999999999997,9.58,1,Shivamogga,Karnataka
2022-09-03,0.57,18.340000000000003,72.02000000000002,140.40999999999997,9.58,1,Shivamogga,Karnataka
2022-09-04,9.61,19.760000000000005,76.22000000000003,145.93999999999997,9.61,1,Shivamogga,Karnataka
2022-09-05,17.27,27.45000000000001,52.270000000000024,156.90999999999997,17.27,1,Shivamogga,Karnataka
2022-09-06,34.04,60.92000000000001,80.59000000000003,180.61999999999998,34.04,1,Shivamogga,Karnataka
2022-09-07,15.96,67.27000000000001,95.22000000000003,186.81,34.04,1,Shivamogga,Karnataka
2022-09-08,3.08,53.08000000000001,90.11000000000003,178.56999999999996,34.04,1,Shivamogga,Karnataka
2022-09-09,5.04,24.08000000000001,85.57000000000004,178.04999999999995,15.96,1,Shivamogga,Karnataka
2022-09-10,4.08,12.200000000000006,89.08000000000003,174.85999999999999,5.04,1,Shivamogga,Karnataka
2022-09-11,4.21,13.330000000000007,83.68000000000002,165.30999999999997,5.04,1,Shivamogga,Karnataka
2022-09-12,3.43,11.720000000000006,69.84000000000003,163.32999999999996,4.21,1,Shivamogga,Karnataka
2022-09-13,2.03,9.670000000000007,37.83000000000003,124.13999999999999,4.21,1,Shivamogga,Karnataka
2022-09-14,2.73,8.190000000000007,24.60000000000003,121.14999999999998,3.43,1,Shivamogga,Karnataka
2022-09-15,3.36,8.120000000000008,24.88000000000003,123.17999999999998,3.36,1,Shivamogga,Karnataka
2022-09-16,1.72,7.810000000000007,21.560000000000027,116.71,3.36,1,Shivamogga,Karnataka
2022-09-17,1.88,6.960000000000007,19.360000000000028,109.00999999999999,3.36,1,Shivamogga,Karnataka
2022-09-18,1.36,4.960000000000007,16.510000000000026,109.79999999999998,1.88,1,Shivamogga,Karnataka
2022-09-19,0.9,4.140000000000008,13.980000000000029,101.08999999999997,1.88,1,Shivamogga,Karnataka
2022-09-20,1.67,3.9300000000000073,13.620000000000028,85.48999999999998,1.67,1,Shivamogga,Karnataka
2022-09-21,1.14,3.710000000000007,12.030000000000028,52.58999999999999,1.67,1,Shivamogga,Karnataka
2022-09-22,0.04,2.8500000000000068,8.710000000000027,36.66999999999999,1.67,1,Shivamogga,Karnataka
2022-09-23,3.97,5.1500000000000075,10.96000000000003,37.55999999999999,3.97,1,Shivamogga,Karnataka
2022-09-24,2.9,6.910000000000007,11.980000000000027,35.41999999999999,3.97,1,Shivamogga,Karnataka
2022-09-25,2.56,9.430000000000007,13.180000000000028,33.899999999999984,3.97,1,Shivamogga,Karnataka
2022-09-26,3.21,8.670000000000007,15.490000000000027,32.899999999999984,3.21,1,Shivamogga,Karnataka
2022-09-27,0.48,6.250000000000007,14.300000000000027,29.949999999999985,3.21,1,Shivamogga,Karnataka
2022-09-28,0.23,3.920000000000007,13.390000000000029,28.149999999999984,3.21,1,Shivamogga,Karnataka
2022-09-29,1.91,2.620000000000007,15.260000000000028,27.329999999999984,1.91,1,Shivamogga,Karnataka
2022-09-30,15.93,18.070000000000007,27.220000000000027,39.899999999999984,15.93,1,Shivamogga,Karnataka
2022-10-01,15.97,33.81000000000001,40.29000000000003,54.149999999999984,15.97,0,Shivamogga,Karnataka
2022-10-02,1.87,33.77000000000001,39.60000000000003,54.139999999999986,15.97,0,Shivamogga,Karnataka
2022-10-03,0.55,18.390000000000008,36.940000000000026,53.329999999999984,15.97,0,Shivamogga,Karnataka
2022-10-04,1.85,4.270000000000008,38.31000000000003,54.27999999999999,1.87,0,Shivamogga,Karnataka
2022-10-05,3.29,5.6900000000000075,41.370000000000026,55.899999999999984,3.29,0,Shivamogga,Karnataka
2022-10-06,3.34,8.480000000000008,42.800000000000026,58.09999999999998,3.34,0,Shivamogga,Karnataka
2022-10-07,0.42,7.050000000000007,27.29000000000003,58.47999999999998,3.34,0,Shivamogga,Karnataka
2022-10-08,0.0,3.760000000000007,11.320000000000029,54.509999999999984,3.34,0,Shivamogga,Karnataka
2022-10-09,13.66,14.080000000000007,23.110000000000028,65.26999999999998,13.66,0,Shivamogga,Karnataka
2022-10-10,8.45,22.110000000000007,31.010000000000026,71.15999999999998,13.66,0,Shivamogga,Karnataka
2022-10-11,5.77,27.880000000000006,34.93000000000003,73.71999999999998,13.66,0,Shivamogga,Karnataka
2022-10-12,4.56,18.780000000000005,36.20000000000003,77.79999999999998,8.45,0,Shivamogga,Karnataka
2022-10-13,19.9,30.230000000000004,52.76000000000002,97.46999999999998,19.9,0,Shivamogga,Karnataka
2022-10-14,6.4,30.860000000000007,58.74000000000002,101.95999999999998,19.9,0,Shivamogga,Karnataka
2022-10-15,6.22,32.52,64.96000000000002,92.24999999999997,19.9,0,Shivamogga,Karnataka
2022-10-16,4.22,16.840000000000007,55.520000000000024,80.49999999999997,6.4,0,Shivamogga,Karnataka
2022-10-17,3.64,14.080000000000007,50.71000000000002,82.26999999999998,6.22,0,Shivamogga,Karnataka
2022-10-18,4.0,11.860000000000007,48.940000000000026,85.71999999999997,4.22,0,Shivamogga,Karnataka
2022-10-19,7.73,15.370000000000008,52.11000000000003,91.59999999999998,7.73,0,Shivamogga,Karnataka
2022-10-20,3.15,14.880000000000006,35.360000000000035,91.45999999999998,7.73,0,Shivamogga,Karnataka
2022-10-21,0.2,11.080000000000007,29.16000000000003,88.32,7.73,0,Shivamogga,Karnataka
2022-10-22,0.36,3.710000000000006,23.30000000000003,88.25999999999999,3.15,0,Shivamogga,Karnataka
2022-10-23,0.01,0.5700000000000062,19.09000000000003,88.26999999999998,0.36,0,Shivamogga,Karnataka
2022-10-24,0.0,0.3700000000000062,15.45000000000003,74.60999999999999,0.36,0,Shivamogga,Karnataka
2022-10-25,0.0,0.010000000000006217,11.45000000000003,66.15999999999998,0.01,0,Shivamogga,Karnataka
2022-10-26,0.0,0.0,3.720000000000028,60.389999999999986,0.0,0,Shivamogga,Karnataka
2022-10-27,0.0,0.0,0.5700000000000284,55.82999999999999,0.0,0,Shivamogga,Karnataka
2022-10-28,0.01,0.010000000000006217,0.3800000000000284,35.93999999999999,0.01,0,Shivamogga,Karnataka
2022-10-29,0.09,0.10000000000000621,0.11000000000002842,29.629999999999985,0.09,0,Shivamogga,Karnataka
2022-10-30,0.09,0.19000000000000622,0.19000000000002842,23.499999999999986,0.09,0,Shivamogga,Karnataka
2022-10-31,0.0,0.1800000000000062,0.19000000000002842,19.279999999999987,0.09,0,Shivamogga,Karnataka
2022-11-01,0.4,0.49000000000000626,0.5900000000000285,16.039999999999985,0.4,0,Shivamogga,Karnataka
2022-11-02,5.22,5.620000000000006,5.810000000000028,17.259999999999984,5.22,0,Shivamogga,Karnataka
2022-11-03,1.17,6.790000000000006,6.980000000000028,10.699999999999985,5.22,0,Shivamogga,Karnataka
2022-11-04,0.74,7.130000000000006,7.710000000000028,8.289999999999985,5.22,0,Shivamogga,Karnataka
2022-11-05,0.03,1.9400000000000062,7.650000000000028,8.119999999999985,1.17,0,Shivamogga,Karnataka
2022-11-06,0.03,0.8000000000000063,7.590000000000027,7.789999999999985,0.74,0,Shivamogga,Karnataka
2022-11-07,0.07,0.13000000000000622,7.660000000000028,7.849999999999985,0.07,0,Shivamogga,Karnataka
2022-11-08,0.0,0.10000000000000622,7.260000000000028,7.849999999999985,0.07,0,Shivamogga,Karnataka
2022-11-09,0.0,0.07000000000000622,2.0400000000000285,7.849999999999985,0.07,0,Shivamogga,Karnataka
2022-11-10,0.0,0.0,0.8700000000000284,7.849999999999985,0.0,0,Shivamogga,Karnataka
2022-11-11,0.04,0.04000000000000622,0.17000000000002843,7.8899999999999855,0.04,0,Shivamogga,Karnataka
2022-11-12,0.72,0.7600000000000062,0.8600000000000284,8.599999999999985,0.72,0,Shivamogga,Karnataka
2022-11-13,3.94,4.700000000000006,4.770000000000028,12.449999999999985,3.94,0,Shivamogga,Karnataka
2022-11-14,0.95,5.610000000000006,5.650000000000028,13.309999999999986,3.94,0,Shivamogga,Karnataka
2022-11-15,1.95,6.840000000000006,7.600000000000028,15.259999999999986,3.94,0,Shivamogga,Karnataka
2022-11-16,0.0,2.9000000000000057,7.600000000000028,14.859999999999985,1.95,0,Shivamogga,Karnataka
2022-11-17,0.0,1.9500000000000057,7.600000000000028,9.639999999999986,1.95,0,Shivamogga,Karnataka
2022-11-18,0.0,0.0,7.560000000000028,8.469999999999985,0.0,0,Shivamogga,Karnataka
2022-11-19,0.0,0.0,6.840000000000028,7.729999999999985,0.0,0,Shivamogga,Karnataka
2022-11-20,0.0,0.0,2.9000000000000283,7.699999999999986,0.0,0,Shivamogga,Karnataka
2022-11-21,0.04,0.040000000000005774,1.9900000000000284,7.709999999999986,0.04,0,Shivamogga,Karnataka
2022-11-22,0.68,0.7200000000000059,0.7200000000000285,8.319999999999986,0.68,0,Shivamogga,Karnataka
2022-11-23,1.94,2.660000000000006,2.6600000000000286,10.259999999999986,1.94,0,Shivamogga,Karnataka
2022-11-24,1.82,4.440000000000006,4.480000000000029,12.079999999999986,1.94,0,Shivamogga,Karnataka
2022-11-25,0.64,4.400000000000006,5.1200000000000285,12.719999999999986,1.94,0,Shivamogga,Karnataka
2022-11-26,0.92,3.380000000000006,6.0400000000000285,13.599999999999987,1.82,0,Shivamogga,Karnataka
2022-11-27,3.05,4.610000000000006,9.090000000000028,15.929999999999986,3.05,0,Shivamogga,Karnataka
2022-11-28,1.04,5.010000000000005,10.090000000000028,13.029999999999987,3.05,0,Shivamogga,Karnataka
2022-11-29,0.09,4.180000000000006,9.500000000000028,12.169999999999986,3.05,0,Shivamogga,Karnataka
2022-11-30,0.0,1.1300000000000059,7.560000000000028,10.219999999999986,1.04,0,Shivamogga,Karnataka
2022-12-01,0.0,0.09000000000000577,5.740000000000028,10.219999999999986,0.09,0,Shivamogga,Karnataka
2022-12-02,0.0,0.0,5.100000000000028,10.219999999999986,0.0,0,Shivamogga,Karnataka
2022-12-03,0.0,0.0,4.180000000000028,10.219999999999986,0.0,0,Shivamogga,Karnataka
2022-12-04,0.01,0.010000000000005773,1.1400000000000285,10.229999999999986,0.01,0,Shivamogga,Karnataka
2022-12-05,0.01,0.020000000000005774,0.11000000000002842,10.239999999999986,0.01,0,Shivamogga,Karnataka
2022-12-06,0.0,0.020000000000005774,0.020000000000028422,10.199999999999987,0.01,0,Shivamogga,Karnataka
2022-12-07,0.0,0.010000000000005773,0.020000000000028422,9.519999999999985,0.01,0,Shivamogga,Karnataka
2022-12-08,0.0,0.0,0.020000000000028422,7.579999999999986,0.0,0,Shivamogga,Karnataka
2022-12-09,0.27,0.2700000000000058,0.29000000000002846,6.029999999999985,0.27,0,Shivamogga,Karnataka
2022-12-10,9.3,9.570000000000007,9.590000000000028,14.689999999999987,9.3,0,Shivamogga,Karnataka
2022-12-11,8.53,18.10000000000001,18.110000000000028,22.299999999999986,9.3,0,Shivamogga,Karnataka
2022-12-12,4.04,21.870000000000008,22.140000000000025,23.289999999999985,9.3,0,Shivamogga,Karnataka
2022-12-13,3.89,16.460000000000008,26.030000000000026,26.139999999999986,8.53,0,Shivamogga,Karnataka
2022-12-14,0.14,8.070000000000007,26.170000000000027,26.189999999999987,4.04,0,Shivamogga,Karnataka
2022-12-15,0.0,4.030000000000007,26.170000000000027,26.189999999999987,3.89,0,Shivamogga,Karnataka
2022-12-16,0.0,0.14000000000000712,25.900000000000027,26.189999999999987,0.14,0,Shivamogga,Karnataka
2022-12-17,0.0,0.0,16.600000000000026,26.189999999999987,0.0,0,Shivamogga,Karnataka
2022-12-18,0.0,0.0,8.070000000000027,26.189999999999987,0.0,0,Shivamogga,Karnataka
2022-12-19,0.0,0.0,4.030000000000027,26.179999999999986,0.0,0,Shivamogga,Karnataka
2022-12-20,0.0,0.0,0.14000000000002666,26.169999999999987,0.0,0,Shivamogga,Karnataka
2022-12-21,0.0,0.0,0.0,26.169999999999987,0.0,0,Shivamogga,Karnataka
2022-12-22,0.0,0.0,0.0,26.169999999999987,0.0,0,Shivamogga,Karnataka
2022-12-23,0.0,0.0,0.0,26.169999999999987,0.0,0,Shivamogga,Karnataka
2022-12-24,0.0,0.0,0.0,25.899999999999988,0.0,0,Shivamogga,Karnataka
2022-12-25,0.38,0.3800000000000071,0.38000000000002665,16.979999999999986,0.38,0,Shivamogga,Karnataka
2022-12-26,0.16,0.5400000000000071,0.5400000000000267,8.609999999999985,0.38,0,Shivamogga,Karnataka
2022-12-27,0.02,0.5600000000000072,0.5600000000000267,4.589999999999986,0.38,0,Shivamogga,Karnataka
2022-12-28,0.0,0.1800000000000071,0.5600000000000267,0.6999999999999859,0.16,0,Shivamogga,Karnataka
2022-12-29,0.0,0.020000000000007106,0.5600000000000267,0.5599999999999858,0.02,0,Shivamogga,Karnataka
2022-12-30,0.0,0.0,0.5600000000000267,0.5599999999999858,0.0,0,Shivamogga,Karnataka
2022-12-31,0.0,0.0,0.5600000000000267,0.5599999999999858,0.0,0,Shivamogga,Karnataka
2023-01-01,0.0,0.0,0.18000000000002664,0.5599999999999858,0.0,0,Shivamogga,Karnataka
2023-01-02,0.0,0.0,0.020000000000026646,0.5599999999999858,0.0,0,Shivamogga,Karnataka
2023-01-03,0.0,0.0,0.0,0.5599999999999858,0.0,0,Shivamogga,Karnataka
2023-01-04,0.0,0.0,0.0,0.5599999999999858,0.0,0,Shivamogga,Karnataka
2023-01-05,0.0,0.0,0.0,0.5599999999999858,0.0,0,Shivamogga,Karnataka
2023-01-06,0.0,0.0,0.0,0.5599999999999858,0.0,0,Shivamogga,Karnataka
2023-01-07,0.0,0.0,0.0,0.5599999999999858,0.0,0,Shivamogga,Karnataka
2023-01-08,0.0,0.0,0.0,0.5599999999999858,0.0,0,Shivamogga,Karnataka
2023-01-09,0.0,0.0,0.0,0.17999999999998578,0.0,0,Shivamogga,Karnataka
2023-01-10,0.0,0.0,0.0,0.01999999999998579,0.0,0,Shivamogga,Karnataka
2023-01-11,0.0,0.0,0.0,0.0,0.0,0,Shivamogga,Karnataka
2023-01-12,0.0,0.0,0.0,0.0,0.0,0,Shivamogga,Karnataka
2023-01-13,0.0,0.0,0.0,0.0,0.0,0,Shivamogga,Karnataka
2023-01-14,0.0,0.0,0.0,0.0,0.0,0,Shivamogga,Karnataka
2023-01-15,0.0,0.0,0.0,0.0,0.0,0,Shivamogga,Karnataka
2023-01-16,0.0,0.0,0.0,0.0,0.0,0,Shivamogga,Karnataka
2023-01-17,0.0,0.0,0.0,0.0,0.0,0,Shivamogga,Karnataka
2023-01-18,0.0,0.0,0.0,0.0,0.0,0,Shivamogga,Karnataka
2023-01-19,0.0,0.0,0.0,0.0,0.0,0,Shivamogga,Karnataka
2023-01-20,0.0,0.0,0.0,0.0,0.0,0,Shivamogga,Karnataka
2023-01-21,0.0,0.0,0.0,0.0,0.0,0,Shivamogga,Karnataka
2023-01-22,0.0,0.0,0.0,0.0,0.0,0,Shivamogga,Karnataka
2023-01-23,0.0,0.0,0.0,0.0,0.0,0,Shivamogga,Karnataka
2023-01-24,0.35,0.3500000000000071,0.3500000000000266,0.34999999999998577,0.35,0,Shivamogga,Karnataka
2023-01-25,0.75,1.1000000000000072,1.1000000000000267,1.0999999999999859,0.75,0,Shivamogga,Karnataka
2023-01-26,0.0,1.1000000000000072,1.1000000000000267,1.0999999999999859,0.75,0,Shivamogga,Karnataka
2023-01-27,0.0,0.7500000000000071,1.1000000000000267,1.0999999999999859,0.75,0,Shivamogga,Karnataka
2023-01-28,0.0,0.0,1.1000000000000267,1.0999999999999859,0.0,0,Shivamogga,Karnataka
2023-01-29,0.0,0.0,1.1000000000000267,1.0999999999999859,0.0,0,Shivamogga,Karnataka
2023-01-30,0.0,0.0,1.1000000000000267,1.0999999999999859,0.0,0,Shivamogga,Karnataka
2023-01-31,0.0,0.0,0.7500000000000266,1.0999999999999859,0.0,0,Shivamogga,Karnataka
2023-02-01,0.0,0.0,0.0,1.0999999999999859,0.0,0,Shivamogga,Karnataka
2023-02-02,0.0,0.0,0.0,1.0999999999999859,0.0,0,Shivamogga,Karnataka
2023-02-03,0.0,0.0,0.0,1.0999999999999859,0.0,0,Shivamogga,Karnataka
2023-02-04,0.0,0.0,0.0,1.0999999999999859,0.0,0,Shivamogga,Karnataka
2023-02-05,0.0,0.0,0.0,1.0999999999999859,0.0,0,Shivamogga,Karnataka
2023-02-06,0.0,0.0,0.0,1.0999999999999859,0.0,0,Shivamogga,Karnataka
2023-02-07,0.0,0.0,0.0,1.0999999999999859,0.0,0,Shivamogga,Karnataka
2023-02-08,0.0,0.0,0.0,0.7499999999999858,0.0,0,Shivamogga,Karnataka
2023-02-09,0.0,0.0,0.0,0.0,0.0,0,Shivamogga,Karnataka
2023-02-10,0.0,0.0,0.0,0.0,0.0,0,Shivamogga,Karnataka
2023-02-11,0.0,0.0,0.0,0.0,0.0,0,Shivamogga,Karnataka
2023-02-12,0.0,0.0,0.0,0.0,0.0,0,Shivamogga,Karnataka
2023-02-13,0.0,0.0,0.0,0.0,0.0,0,Shivamogga,Karnataka
2023-02-14,0.0,0.0,0.0,0.0,0.0,0,Shivamogga,Karnataka
2023-02-15,0.0,0.0,0.0,0.0,0.0,0,Shivamogga,Karnataka
2023-02-16,0.0,0.0,0.0,0.0,0.0,0,Shivamogga,Karnataka
2023-02-17,0.0,0.0,0.0,0.0,0.0,0,Shivamogga,Karnataka
2023-02-18,0.0,0.0,0.0,0.0,0.0,0,Shivamogga,Karnataka
2023-02-19,0.0,0.0,0.0,0.0,0.0,0,Shivamogga,Karnataka
2023-02-20,0.0,0.0,0.0,0.0,0.0,0,Shivamogga,Karnataka
2023-02-21,0.0,0.0,0.0,0.0,0.0,0,Shivamogga,Karnataka
2023-02-22,0.0,0.0,0.0,0.0,0.0,0,Shivamogga,Karnataka
2023-02-23,0.0,0.0,0.0,0.0,0.0,0,Shivamogga,Karnataka
2023-02-24,0.0,0.0,0.0,0.0,0.0,0,Shivamogga,Karnataka
2023-02-25,0.0,0.0,0.0,0.0,0.0,0,Shivamogga,Karnataka
2023-02-26,0.0,0.0,0.0,0.0,0.0,0,Shivamogga,Karnataka
2023-02-27,0.0,0.0,0.0,0.0,0.0,0,Shivamogga,Karnataka
2023-02-28,0.0,0.0,0.0,0.0,0.0,0,Shivamogga,Karnataka
2023-03-01,0.0,0.0,0.0,0.0,0.0,0,Shivamogga,Karnataka
2023-03-02,0.0,0.0,0.0,0.0,0.0,0,Shivamogga,Karnataka
2023-03-03,0.0,0.0,0.0,0.0,0.0,0,Shivamogga,Karnataka
2023-03-04,0.0,0.0,0.0,0.0,0.0,0,Shivamogga,Karnataka
2023-03-05,0.0,0.0,0.0,0.0,0.0,0,Shivamogga,Karnataka
2023-03-06,0.0,0.0,0.0,0.0,0.0,0,Shivamogga,Karnataka
2023-03-07,0.0,0.0,0.0,0.0,0.0,0,Shivamogga,Karnataka
2023-03-08,0.0,0.0,0.0,0.0,0.0,0,Shivamogga,Karnataka
2023-03-09,0.0,0.0,0.0,0.0,0.0,0,Shivamogga,Karnataka
2023-03-10,0.0,0.0,0.0,0.0,0.0,0,Shivamogga,Karnataka
2023-03-11,0.0,0.0,0.0,0.0,0.0,0,Shivamogga,Karnataka
2023-03-12,0.0,0.0,0.0,0.0,0.0,0,Shivamogga,Karnataka
2023-03-13,0.0,0.0,0.0,0.0,0.0,0,Shivamogga,Karnataka
2023-03-14,0.0,0.0,0.0,0.0,0.0,0,Shivamogga,Karnataka
2023-03-15,0.05,0.05000000000000711,0.05000000000002665,0.04999999999998579,0.05,0,Shivamogga,Karnataka
2023-03-16,0.22,0.2700000000000071,0.27000000000002666,0.2699999999999858,0.22,0,Shivamogga,Karnataka
2023-03-17,0.08,0.3500000000000071,0.3500000000000266,0.34999999999998577,0.22,0,Shivamogga,Karnataka
2023-03-18,0.08,0.3800000000000071,0.43000000000002664,0.4299999999999858,0.22,0,Shivamogga,Karnataka
2023-03-19,0.03,0.19000000000000708,0.4600000000000266,0.45999999999998575,0.08,0,Shivamogga,Karnataka
2023-03-20,0.0,0.11000000000000708,0.4600000000000266,0.45999999999998575,0.08,0,Shivamogga,Karnataka
2023-03-21,0.0,0.030000000000007077,0.4600000000000266,0.45999999999998575,0.03,0,Shivamogga,Karnataka
2023-03-22,0.0,0.0,0.4100000000000267,0.45999999999998575,0.0,0,Shivamogga,Karnataka
2023-03-23,0.0,0.0,0.19000000000002662,0.45999999999998575,0.0,0,Shivamogga,Karnataka
2023-03-24,0.0,0.0,0.11000000000002662,0.45999999999998575,0.0,0,Shivamogga,Karnataka
2023-03-25,0.0,0.0,0.030000000000026616,0.45999999999998575,0.0,0,Shivamogga,Karnataka
2023-03-26,0.0,0.0,0.0,0.45999999999998575,0.0,0,Shivamogga,Karnataka
2023-03-27,0.0,0.0,0.0,0.45999999999998575,0.0,0,Shivamogga,Karnataka
2023-03-28,0.0,0.0,0.0,0.45999999999998575,0.0,0,Shivamogga,Karnataka
2023-03-29,0.03,0.030000000000007077,0.030000000000026616,0.4899999999999858,0.03,0,Shivamogga,Karnataka
2023-03-30,0.03,0.060000000000007075,0.060000000000026615,0.46999999999998576,0.03,0,Shivamogga,Karnataka
2023-03-31,0.0,0.060000000000007075,0.060000000000026615,0.24999999999998576,0.03,0,Shivamogga,Karnataka
2023-04-01,0.0,0.030000000000007077,0.060000000000026615,0.16999999999998577,0.03,0,Shivamogga,Karnataka
2023-04-02,0.0,0.0,0.060000000000026615,0.08999999999998576,0.0,0,Shivamogga,Karnataka
2023-04-03,0.0,0.0,0.060000000000026615,0.05999999999998576,0.0,0,Shivamogga,Karnataka
2023-04-04,0.01,0.010000000000007078,0.07000000000002661,0.06999999999998575,0.01,0,Shivamogga,Karnataka
2023-04-05,0.03,0.04000000000000708,0.07000000000002662,0.09999999999998577,0.03,0,Shivamogga,Karnataka
2023-04-06,1.46,1.500000000000007,1.5000000000000266,1.5599999999999858,1.46,0,Shivamogga,Karnataka
2023-04-07,1.64,3.130000000000007,3.1400000000000263,3.199999999999986,1.64,0,Shivamogga,Karnataka
2023-04-08,0.0,3.100000000000007,3.1400000000000263,3.199999999999986,1.64,0,Shivamogga,Karnataka
2023-04-09,0.0,1.640000000000007,3.1400000000000263,3.199999999999986,1.64,0,Shivamogga,Karnataka
2023-04-10,0.0,0.0,3.1400000000000263,3.199999999999986,0.0,0,Shivamogga,Karnataka
2023-04-11,0.0,0.0,3.1300000000000265,3.199999999999986,0.0,0,Shivamogga,Karnataka
2023-04-12,0.0,0.0,3.1000000000000263,3.199999999999986,0.0,0,Shivamogga,Karnataka
2023-04-13,0.0,0.0,1.6400000000000265,3.1699999999999857,0.0,0,Shivamogga,Karnataka
2023-04-14,0.0,0.0,0.0,3.1399999999999855,0.0,0,Shivamogga,Karnataka
2023-04-15,0.0,0.0,0.0,3.1399999999999855,0.0,0,Shivamogga,Karnataka
2023-04-16,0.0,0.0,0.0,3.1399999999999855,0.0,0,Shivamogga,Karnataka
2023-04-17,0.0,0.0,0.0,3.1399999999999855,0.0,0,Shivamogga,Karnataka
2023-04-18,0.0,0.0,0.0,3.1399999999999855,0.0,0,Shivamogga,Karnataka
2023-04-19,0.0,0.0,0.0,3.1299999999999857,0.0,0,Shivamogga,Karnataka
2023-04-20,0.94,0.940000000000007,0.9400000000000266,4.039999999999986,0.94,0,Shivamogga,Karnataka
2023-04-21,1.13,2.070000000000007,2.0700000000000265,3.7099999999999858,1.13,0,Shivamogga,Karnataka
2023-04-22,0.05,2.1200000000000068,2.1200000000000263,2.119999999999986,1.13,0,Shivamogga,Karnataka
2023-04-23,0.0,1.180000000000007,2.1200000000000263,2.119999999999986,1.13,0,Shivamogga,Karnataka
2023-04-24,0.0,0.05000000000000711,2.1200000000000263,2.119999999999986,0.05,0,Shivamogga,Karnataka
2023-04-25,2.01,2.010000000000007,4.130000000000026,4.129999999999986,2.01,0,Shivamogga,Karnataka
2023-04-26,2.48,4.490000000000007,6.610000000000026,6.609999999999985,2.48,0,Shivamogga,Karnataka
2023-04-27,0.31,4.800000000000007,5.980000000000026,6.919999999999986,2.48,0,Shivamogga,Karnataka
2023-04-28,0.45,3.2400000000000073,5.3000000000000265,7.369999999999986,2.48,0,Shivamogga,Karnataka
2023-04-29,2.68,3.440000000000007,7.930000000000026,10.049999999999986,2.68,0,Shivamogga,Karnataka
2023-04-30,9.17,12.300000000000008,17.100000000000026,19.219999999999985,9.17,0,Shivamogga,Karnataka
2023-05-01,0.71,12.560000000000006,17.810000000000027,19.929999999999986,9.17,0,Shivamogga,Karnataka
2023-05-02,0.21,10.090000000000007,16.010000000000026,20.139999999999986,9.17,0,Shivamogga,Karnataka
2023-05-03,0.12,1.0400000000000054,13.650000000000025,20.259999999999984,0.71,0,Shivamogga,Karnataka
2023-05-04,0.43,0.7600000000000053,13.770000000000028,20.689999999999984,0.43,0,Shivamogga,Karnataka
2023-05-05,0.2,0.7500000000000053,13.520000000000026,19.949999999999985,0.43,0,Shivamogga,Karnataka
2023-05-06,6.61,7.2400000000000055,17.450000000000028,25.429999999999986,6.61,0,Shivamogga,Karnataka
2023-05-07,2.3,9.110000000000007,10.580000000000027,27.679999999999986,6.61,0,Shivamogga,Karnataka
2023-05-08,8.24,17.150000000000006,18.110000000000028,35.91999999999999,8.24,0,Shivamogga,Karnataka
2023-05-09,3.97,14.510000000000005,21.870000000000026,39.889999999999986,8.24,0,Shivamogga,Karnataka
2023-05-10,1.22,13.430000000000003,22.970000000000027,39.09999999999999,8.24,0,Shivamogga,Karnataka
2023-05-11,2.13,7.320000000000006,24.67000000000003,38.749999999999986,3.97,0,Shivamogga,Karnataka
2023-05-12,1.4,4.750000000000005,25.870000000000026,39.83999999999999,2.13,0,Shivamogga,Karnataka
2023-05-13,0.78,4.310000000000006,20.040000000000028,40.16999999999999,2.13,0,Shivamogga,Karnataka
2023-05-14,0.03,2.2100000000000057,17.770000000000028,37.51999999999998,1.4,0,Shivamogga,Karnataka
2023-05-15,0.0,0.8100000000000058,9.530000000000026,28.349999999999987,0.78,0,Shivamogga,Karnataka
2023-05-16,0.0,0.030000000000005772,5.560000000000026,27.639999999999986,0.03,0,Shivamogga,Karnataka
2023-05-17,0.0,0.0,4.3400000000000265,27.429999999999986,0.0,0,Shivamogga,Karnataka
2023-05-18,0.0,0.0,2.2100000000000266,27.309999999999988,0.0,0,Shivamogga,Karnataka
2023-05-19,0.0,0.0,0.8100000000000267,26.87999999999999,0.0,0,Shivamogga,Karnataka
2023-05-20,0.41,0.41000000000000575,0.4400000000000266,27.089999999999986,0.41,0,Shivamogga,Karnataka
2023-05-21,2.26,2.6700000000000057,2.6700000000000266,22.739999999999984,2.26,0,Shivamogga,Karnataka
2023-05-22,1.94,4.610000000000006,4.610000000000026,22.379999999999985,2.26,0,Shivamogga,Karnataka
2023-05-23,0.29,4.4900000000000055,4.900000000000026,14.429999999999986,2.26,0,Shivamogga,Karnataka
2023-05-24,3.82,6.050000000000006,8.720000000000027,14.279999999999985,3.82,0,Shivamogga,Karnataka
2023-05-25,3.03,7.140000000000006,11.750000000000027,16.089999999999986,3.82,0,Shivamogga,Karnataka
2023-05-26,0.87,7.720000000000006,12.620000000000026,14.829999999999986,3.82,0,Shivamogga,Karnataka
2023-05-27,1.07,4.970000000000006,13.280000000000026,14.499999999999986,3.03,0,Shivamogga,Karnataka
2023-05-28,0.32,2.2600000000000056,11.340000000000027,14.039999999999985,1.07,0,Shivamogga,Karnataka
2023-05-29,9.04,10.430000000000005,18.440000000000026,23.049999999999983,9.04,0,Shivamogga,Karnataka
2023-05-30,11.02,20.380000000000003,29.170000000000027,34.069999999999986,11.02,0,Shivamogga,Karnataka
2023-05-31,1.35,21.410000000000004,26.700000000000028,35.41999999999999,11.02,0,Shivamogga,Karnataka
2023-06-01,0.62,12.990000000000006,24.290000000000024,36.039999999999985,11.02,1,Shivamogga,Karnataka
2023-06-02,0.91,2.8800000000000052,24.330000000000023,36.94999999999998,1.35,1,Shivamogga,Karnataka
2023-06-03,0.25,1.7800000000000054,23.510000000000026,37.19999999999998,0.91,1,Shivamogga,Karnataka
2023-06-04,0.04,1.2000000000000055,23.23000000000003,36.829999999999984,0.91,1,Shivamogga,Karnataka
2023-06-05,0.38,0.6700000000000053,14.570000000000027,34.94999999999998,0.38,1,Shivamogga,Karnataka
2023-06-06,0.35,0.7700000000000053,3.9000000000000266,33.359999999999985,0.38,1,Shivamogga,Karnataka
2023-06-07,0.28,1.0100000000000053,2.8300000000000267,33.34999999999999,0.38,1,Shivamogga,Karnataka
2023-06-08,0.47,1.1000000000000054,2.6800000000000264,29.999999999999986,0.47,1,Shivamogga,Karnataka
2023-06-09,0.53,1.2800000000000054,2.3000000000000265,27.499999999999986,0.53,1,Shivamogga,Karnataka
2023-06-10,3.45,4.4500000000000055,5.500000000000027,30.079999999999984,3.45,1,Shivamogga,Karnataka
2023-06-11,3.15,7.130000000000006,8.610000000000026,32.15999999999998,3.45,1,Shivamogga,Karnataka
2023-06-12,3.39,9.990000000000006,11.620000000000026,35.22999999999998,3.45,1,Shivamogga,Karnataka
2023-06-13,0.42,6.960000000000005,11.690000000000026,26.609999999999985,3.39,1,Shivamogga,Karnataka
2023-06-14,0.79,4.600000000000005,12.200000000000028,16.379999999999985,3.39,1,Shivamogga,Karnataka
2023-06-15,0.45,1.6600000000000052,12.180000000000026,15.479999999999986,0.79,1,Shivamogga,Karnataka
2023-06-16,0.19,1.4300000000000055,11.840000000000027,15.049999999999985,0.79,1,Shivamogga,Karnataka
2023-06-17,6.87,7.510000000000005,15.260000000000026,21.009999999999984,6.87,1,Shivamogga,Karnataka
2023-06-18,2.87,9.930000000000007,14.980000000000027,23.629999999999985,6.87,1,Shivamogga,Karnataka
2023-06-19,1.41,11.150000000000006,13.000000000000027,24.999999999999986,6.87,1,Shivamogga,Karnataka
2023-06-20,4.57,8.850000000000007,17.150000000000027,29.189999999999987,4.57,1,Shivamogga,Karnataka
2023-06-21,14.43,20.410000000000007,30.790000000000028,43.26999999999998,14.43,1,Shivamogga,Karnataka
2023-06-22,6.22,25.220000000000006,36.56000000000003,49.20999999999999,14.43,1,Shivamogga,Karnataka
2023-06-23,1.91,22.560000000000006,38.28000000000002,50.649999999999984,14.43,1,Shivamogga,Karnataka
2023-06-24,16.2,24.330000000000005,47.61000000000003,66.31999999999998,16.2,1,Shivamogga,Karnataka
2023-06-25,6.72,24.830000000000005,51.46000000000003,69.58999999999999,16.2,1,Shivamogga,Karnataka
2023-06-26,1.66,24.580000000000005,51.71000000000002,68.09999999999998,16.2,1,Shivamogga,Karnataka
2023-06-27,14.3,22.680000000000007,61.440000000000026,79.00999999999998,14.3,1,Shivamogga,Karnataka
2023-06-28,5.27,21.230000000000008,52.28000000000002,83.85999999999999,14.3,1,Shivamogga,Karnataka
2023-06-29,17.24,36.81,63.300000000000026,100.30999999999999,17.24,1,Shivamogga,Karnataka
2023-06-30,6.58,29.090000000000003,67.97000000000003,106.43999999999998,17.24,1,Shivamogga,Karnataka
2023-07-01,7.86,31.680000000000007,59.630000000000024,114.10999999999999,17.24,1,Shivamogga,Karnataka
2023-07-02,7.88,22.320000000000007,60.79000000000002,115.11999999999998,7.88,1,Shivamogga,Karnataka
2023-07-03,13.87,29.610000000000007,73.00000000000001,126.11999999999998,13.87,1,Shivamogga,Karnataka
2023-07-04,21.51,43.260000000000005,80.21000000000002,146.21999999999997,21.51,1,Shivamogga,Karnataka
2023-07-05,27.15,62.53,102.09000000000003,168.79999999999998,27.15,1,Shivamogga,Karnataka
2023-07-06,13.0,61.66000000000001,97.85000000000002,167.36999999999998,27.15,1,Shivamogga,Karnataka
2023-07-07,12.31,52.46,103.58000000000001,173.45999999999998,27.15,1,Shivamogga,Karnataka
2023-07-08,9.15,34.46000000000001,104.87000000000002,180.7,13.0,1,Shivamogga,Karnataka
2023-07-09,12.84,34.30000000000001,109.83000000000003,177.34,12.84,1,Shivamogga,Karnataka
2023-07-10,6.09,28.080000000000005,102.05000000000001,176.70999999999998,12.84,1,Shivamogga,Karnataka
2023-07-11,3.02,21.950000000000006,83.56000000000003,178.06999999999996,12.84,1,Shivamogga,Karnataka
2023-07-12,6.81,15.920000000000007,63.22000000000002,170.57999999999998,6.81,1,Shivamogga,Karnataka
2023-07-13,12.06,21.890000000000008,62.28000000000002,177.36999999999998,12.06,1,Shivamogga,Karnataka
2023-07-14,10.04,28.910000000000007,60.01000000000002,170.17,12.06,1,Shivamogga,Karnataka
2023-07-15,20.57,42.67000000000001,71.43000000000002,184.15999999999997,20.57,1,Shivamogga,Karnataka
2023-07-16,8.76,39.370000000000005,67.35000000000002,185.06,20.57,1,Shivamogga,Karnataka
2023-07-17,3.83,33.16000000000001,65.09000000000002,181.00999999999996,20.57,1,Shivamogga,Karnataka
2023-07-18,4.32,16.910000000000007,66.39000000000001,171.46,8.76,1,Shivamogga,Karnataka
2023-07-19,6.42,14.570000000000007,66.00000000000003,156.36999999999998,6.42,1,Shivamogga,Karnataka
2023-07-20,6.81,17.550000000000008,60.75000000000002,136.02999999999997,6.81,1,Shivamogga,Karnataka
2023-07-21,12.08,25.310000000000006,62.79000000000002,135.10999999999999,12.08,1,Shivamogga,Karnataka
2023-07-22,14.31,33.20000000000001,56.53000000000002,137.10999999999999,14.31,1,Shivamogga,Karnataka
2023-07-23,32.71,59.10000000000001,80.48000000000002,160.67,32.71,1,Shivamogga,Karnataka
2023-07-24,37.06,84.08000000000001,113.71000000000004,184.89,37.06,1,Shivamogga,Karnataka
2023-07-25,22.9,92.67000000000002,132.29000000000002,201.7,37.06,1,Shivamogga,Karnataka
2023-07-26,20.91,80.87,146.78000000000003,219.59,37.06,1,Shivamogga,Karnataka
2023-07-27,7.56,51.370000000000005,147.53000000000003,220.34,22.9,1,Shivamogga,Karnataka
2023-07-28,2.49,30.960000000000008,137.94000000000003,210.76999999999998,20.91,1,Shivamogga,Karnataka
2023-07-29,2.41,12.460000000000008,126.04000000000003,203.14,7.56,1,Shivamogga,Karnataka
2023-07-30,1.54,6.4400000000000075,94.87000000000002,184.11,2.49,1,Shivamogga,Karnataka
2023-07-31,2.27,6.220000000000008,60.08000000000002,177.61999999999998,2.41,1,Shivamogga,Karnataka
2023-08-01,1.03,4.840000000000007,38.21000000000002,174.82,2.27,1,Shivamogga,Karnataka
2023-08-02,0.27,3.5700000000000074,17.57000000000002,170.76999999999998,2.27,1,Shivamogga,Karnataka
2023-08-03,1.63,2.930000000000007,11.640000000000022,165.98,1.63,1,Shivamogga,Karnataka
2023-08-04,2.93,4.830000000000007,12.08000000000002,162.1,2.93,1,Shivamogga,Karnataka
2023-08-05,1.69,6.250000000000007,11.36000000000002,151.70999999999998,2.93,1,Shivamogga,Karnataka
2023-08-06,1.46,6.080000000000007,11.28000000000002,138.86,2.93,1,Shivamogga,Karnataka
2023-08-07,1.1,4.250000000000007,10.11000000000002,107.25,1.69,1,Shivamogga,Karnataka
2023-08-08,2.06,4.620000000000007,11.14000000000002,72.24999999999999,2.06,1,Shivamogga,Karnataka
2023-08-09,2.78,5.940000000000007,13.65000000000002,52.12999999999999,2.78,1,Shivamogga,Karnataka
2023-08-10,0.42,5.260000000000008,12.440000000000023,31.639999999999986,2.78,1,Shivamogga,Karnataka
2023-08-11,0.03,3.230000000000007,9.540000000000022,24.109999999999985,2.78,1,Shivamogga,Karnataka
2023-08-12,0.43,0.8800000000000071,8.28000000000002,22.049999999999986,0.43,1,Shivamogga,Karnataka
2023-08-13,0.1,0.5600000000000072,6.920000000000022,19.739999999999984,0.43,1,Shivamogga,Karnataka
2023-08-14,0.01,0.5400000000000071,5.830000000000021,18.209999999999987,0.43,1,Shivamogga,Karnataka
2023-08-15,0.09,0.20000000000000717,3.860000000000021,16.029999999999987,0.1,1,Shivamogga,Karnataka
2023-08-16,0.35,0.45000000000000717,1.4300000000000213,15.349999999999985,0.35,1,Shivamogga,Karnataka
2023-08-17,1.19,1.630000000000007,2.2000000000000215,16.269999999999985,1.19,1,Shivamogga,Karnataka
2023-08-18,5.18,6.720000000000007,7.350000000000021,19.819999999999986,5.18,1,Shivamogga,Karnataka
2023-08-19,10.39,16.76000000000001,17.310000000000024,27.279999999999987,10.39,1,Shivamogga,Karnataka
2023-08-20,2.36,17.93000000000001,19.57000000000002,27.949999999999985,10.39,1,Shivamogga,Karnataka
2023-08-21,0.21,12.96000000000001,19.77000000000002,26.699999999999985,10.39,1,Shivamogga,Karnataka
2023-08-22,0.02,2.5900000000000087,19.700000000000024,25.619999999999987,2.36,1,Shivamogga,Karnataka
2023-08-23,0.0,0.23000000000000886,19.350000000000023,23.559999999999985,0.21,1,Shivamogga,Karnataka
2023-08-24,0.36,0.3800000000000089,18.520000000000024,21.139999999999986,0.36,1,Shivamogga,Karnataka
2023-08-25,0.74,1.100000000000009,14.080000000000021,21.459999999999987,0.74,1,Shivamogga,Karnataka
2023-08-26,6.51,7.610000000000008,10.20000000000002,27.939999999999987,6.51,1,Shivamogga,Karnataka
2023-08-27,0.68,7.930000000000008,8.520000000000021,28.189999999999984,6.51,1,Shivamogga,Karnataka
2023-08-28,5.73,12.920000000000009,14.04000000000002,33.819999999999986,6.51,1,Shivamogga,Karnataka
2023-08-29,1.7,8.110000000000008,15.72000000000002,35.50999999999999,5.73,1,Shivamogga,Karnataka
2023-08-30,0.15,7.580000000000009,15.87000000000002,35.569999999999986,5.73,1,Shivamogga,Karnataka
2023-08-31,2.55,4.400000000000009,18.06000000000002,37.76999999999998,2.55,1,Shivamogga,Karnataka
2023-09-01,22.14,24.84000000000001,39.46000000000002,58.719999999999985,22.14,1,Shivamogga,Karnataka
2023-09-02,8.5,33.19000000000001,41.45000000000002,62.039999999999985,22.14,1,Shivamogga,Karnataka
2023-09-03,0.74,31.38000000000001,41.51000000000002,52.389999999999986,22.14,1,Shivamogga,Karnataka
2023-09-04,6.7,15.940000000000012,42.48000000000002,56.72999999999998,8.5,1,Shivamogga,Karnataka
2023-09-05,12.26,19.70000000000001,53.04000000000002,68.77999999999999,12.26,1,Shivamogga,Karnataka
2023-09-06,1.27,20.23000000000001,54.160000000000025,70.02999999999999,12.26,1,Shivamogga,Karnataka
2023-09-07,2.32,15.850000000000009,53.93000000000002,72.35,12.26,1,Shivamogga,Karnataka
2023-09-08,2.79,6.3800000000000106,34.58000000000002,74.77999999999999,2.79,1,Shivamogga,Karnataka
2023-09-09,3.13,8.240000000000009,29.210000000000022,77.16999999999997,3.13,1,Shivamogga,Karnataka
2023-09-10,1.22,7.14000000000001,29.690000000000023,71.87999999999998,3.13,1,Shivamogga,Karnataka
2023-09-11,2.67,7.02000000000001,25.660000000000018,73.86999999999998,3.13,1,Shivamogga,Karnataka
2023-09-12,2.28,6.170000000000011,15.680000000000021,70.41999999999999,2.67,1,Shivamogga,Karnataka
2023-09-13,1.04,5.990000000000011,15.45000000000002,69.75999999999999,2.67,1,Shivamogga,Karnataka
2023-09-14,2.65,5.97000000000001,15.78000000000002,72.25999999999998,2.65,1,Shivamogga,Karnataka
2023-09-15,5.04,8.730000000000011,18.03000000000002,74.74999999999999,5.04,1,Shivamogga,Karnataka
2023-09-16,5.31,13.00000000000001,20.210000000000022,57.91999999999999,5.31,1,Shivamogga,Karnataka
2023-09-17,2.38,12.73000000000001,21.370000000000022,51.79999999999998,5.31,1,Shivamogga,Karnataka
2023-09-18,2.19,9.88000000000001,20.89000000000002,53.24999999999998,5.31,1,Shivamogga,Karnataka
2023-09-19,2.24,6.810000000000011,20.850000000000023,48.789999999999985,2.38,1,Shivamogga,Karnataka
2023-09-20,1.81,6.240000000000011,21.62000000000002,38.33999999999999,2.24,1,Shivamogga,Karnataka
2023-09-21,0.95,5.0000000000000115,19.92000000000002,38.01999999999998,2.24,1,Shivamogga,Karnataka
2023-09-22,0.37,3.1300000000000106,15.250000000000021,36.069999999999986,1.81,1,Shivamogga,Karnataka
2023-09-23,9.87,11.19000000000001,19.81000000000002,43.149999999999984,9.87,1,Shivamogga,Karnataka
2023-09-24,9.74,19.98000000000001,27.170000000000023,49.759999999999984,9.87,1,Shivamogga,Karnataka
2023-09-25,3.79,23.40000000000001,28.77000000000002,52.329999999999984,9.87,1,Shivamogga,Karnataka
2023-09-26,1.9,15.43000000000001,28.43000000000002,51.55999999999998,9.74,1,Shivamogga,Karnataka
2023-09-27,8.26,13.95000000000001,34.88000000000002,57.539999999999985,8.26,1,Shivamogga,Karnataka
2023-09-28,7.33,17.49000000000001,41.26000000000002,63.829999999999984,8.26,1,Shivamogga,Karnataka
2023-09-29,6.8,22.39000000000001,47.69000000000002,67.97999999999998,8.26,1,Shivamogga,Karnataka
2023-09-30,9.77,23.900000000000013,47.59000000000002,72.70999999999998,9.77,1,Shivamogga,Karnataka
2023-10-01,4.51,21.080000000000013,42.36000000000002,71.90999999999998,9.77,0,Shivamogga,Karnataka
2023-10-02,0.6,14.880000000000011,39.17000000000002,70.12999999999998,9.77,0,Shivamogga,Karnataka
2023-10-03,0.01,5.1200000000000125,37.28000000000002,67.94999999999999,4.51,0,Shivamogga,Karnataka
2023-10-04,0.0,0.6100000000000124,29.020000000000024,65.70999999999998,0.6,0,Shivamogga,Karnataka
2023-10-05,0.09,0.10000000000001243,21.780000000000022,63.98999999999998,0.09,0,Shivamogga,Karnataka
2023-10-06,0.07,0.16000000000001244,15.05000000000002,63.109999999999985,0.09,0,Shivamogga,Karnataka
2023-10-07,0.0,0.16000000000001244,5.280000000000021,62.73999999999998,0.09,0,Shivamogga,Karnataka
2023-10-08,0.46,0.5300000000000125,1.2300000000000213,53.329999999999984,0.46,0,Shivamogga,Karnataka
2023-10-09,1.32,1.7800000000000125,1.9500000000000215,44.90999999999998,1.32,0,Shivamogga,Karnataka
2023-10-10,0.09,1.8700000000000125,2.030000000000021,41.20999999999999,1.32,0,Shivamogga,Karnataka
2023-10-11,1.33,2.7400000000000126,3.3600000000000216,40.639999999999986,1.33,0,Shivamogga,Karnataka
2023-10-12,3.12,4.5400000000000125,6.390000000000022,35.499999999999986,3.12,0,Shivamogga,Karnataka
2023-10-13,0.1,4.550000000000012,6.420000000000021,28.269999999999985,3.12,0,Shivamogga,Karnataka
2023-10-14,0.04,3.2600000000000127,6.460000000000021,21.509999999999984,3.12,0,Shivamogga,Karnataka
2023-10-15,0.02,0.16000000000001244,6.020000000000022,11.759999999999986,0.1,0,Shivamogga,Karnataka
2023-10-16,1.08,1.1400000000000126,5.7800000000000225,8.329999999999986,1.08,0,Shivamogga,Karnataka
2023-10-17,1.67,2.7700000000000125,7.360000000000022,9.399999999999986,1.67,0,Shivamogga,Karnataka
2023-10-18,0.22,2.9700000000000126,6.250000000000021,9.609999999999987,1.67,0,Shivamogga,Karnataka
2023-10-19,0.0,1.8900000000000123,3.130000000000021,9.609999999999987,1.67,0,Shivamogga,Karnataka
2023-10-20,0.12,0.3400000000000124,3.1500000000000212,9.639999999999986,0.22,0,Shivamogga,Karnataka
2023-10-21,0.31,0.4300000000000125,3.4200000000000212,9.879999999999987,0.31,0,Shivamogga,Karnataka
2023-10-22,0.03,0.4600000000000125,3.430000000000021,9.909999999999986,0.31,0,Shivamogga,Karnataka
2023-10-23,0.0,0.3400000000000125,2.350000000000021,9.449999999999985,0.31,0,Shivamogga,Karnataka
2023-10-24,0.0,0.03000000000001249,0.6800000000000214,8.129999999999985,0.03,0,Shivamogga,Karnataka
2023-10-25,0.0,0.0,0.4600000000000214,8.039999999999985,0.0,0,Shivamogga,Karnataka
2023-10-26,0.0,0.0,0.4600000000000214,6.709999999999986,0.0,0,Shivamogga,Karnataka
2023-10-27,0.0,0.0,0.3400000000000214,3.5899999999999856,0.0,0,Shivamogga,Karnataka
2023-10-28,0.88,0.8800000000000125,0.9100000000000213,4.369999999999986,0.88,0,Shivamogga,Karnataka
2023-10-29,1.0,1.8800000000000123,1.8800000000000212,5.329999999999986,1.0,0,Shivamogga,Karnataka
2023-10-30,0.78,2.6600000000000126,2.6600000000000215,6.089999999999986,1.0,0,Shivamogga,Karnataka
2023-10-31,2.04,3.8200000000000127,4.7000000000000215,7.0499999999999865,2.04,0,Shivamogga,Karnataka
2023-11-01,0.02,2.8400000000000127,4.720000000000021,5.399999999999986,2.04,0,Shivamogga,Karnataka
2023-11-02,0.52,2.580000000000013,5.2400000000000215,5.699999999999985,2.04,0,Shivamogga,Karnataka
2023-11-03,0.12,0.6600000000000129,5.360000000000022,5.819999999999985,0.52,0,Shivamogga,Karnataka
2023-11-04,0.45,1.090000000000013,4.930000000000022,6.149999999999986,0.52,0,Shivamogga,Karnataka
2023-11-05,17.07,17.640000000000015,21.00000000000002,22.909999999999986,17.07,0,Shivamogga,Karnataka
2023-11-06,14.75,32.27000000000001,34.97000000000002,37.62999999999998,17.07,0,Shivamogga,Karnataka
2023-11-07,23.96,55.780000000000015,56.89000000000002,61.58999999999999,23.96,0,Shivamogga,Karnataka
2023-11-08,13.16,51.87000000000002,70.03000000000002,74.74999999999999,23.96,0,Shivamogga,Karnataka
2023-11-09,9.82,46.94000000000001,79.33000000000003,84.57,23.96,0,Shivamogga,Karnataka
2023-11-10,0.2,23.180000000000014,79.41000000000003,84.76999999999998,13.16,0,Shivamogga,Karnataka
2023-11-11,0.03,10.050000000000015,78.99000000000001,84.79999999999998,9.82,0,Shivamogga,Karnataka
2023-11-12,0.0,0.23000000000001422,61.92000000000002,83.91999999999999,0.2,0,Shivamogga,Karnataka
2023-11-13,0.0,0.03000000000001421,47.17000000000002,82.91999999999999,0.03,0,Shivamogga,Karnataka
2023-11-14,0.0,0.0,23.210000000000022,82.13999999999999,0.0,0,Shivamogga,Karnataka
2023-11-15,0.0,0.0,10.050000000000022,80.09999999999998,0.0,0,Shivamogga,Karnataka
2023-11-16,0.0,0.0,0.23000000000002133,80.07999999999998,0.0,0,Shivamogga,Karnataka
2023-11-17,0.1,0.10000000000001422,0.13000000000002132,79.66,0.1,0,Shivamogga,Karnataka
2023-11-18,0.03,0.13000000000001422,0.13000000000002132,79.57,0.1,0,Shivamogga,Karnataka
2023-11-19,0.0,0.13000000000001422,0.13000000000002132,79.11999999999999,0.1,0,Shivamogga,Karnataka
2023-11-20,0.0,0.03000000000001421,0.13000000000002132,62.04999999999999,0.03,0,Shivamogga,Karnataka
2023-11-21,0.0,0.0,0.13000000000002132,47.29999999999998,0.0,0,Shivamogga,Karnataka
2023-11-22,0.09,0.09000000000001421,0.22000000000002132,23.429999999999986,0.09,0,Shivamogga,Karnataka
2023-11-23,0.29,0.3800000000000142,0.5100000000000213,10.559999999999986,0.29,0,Shivamogga,Karnataka
2023-11-24,0.08,0.4600000000000142,0.4900000000000213,0.8199999999999857,0.29,0,Shivamogga,Karnataka
2023-11-25,0.03,0.4000000000000142,0.49000000000002125,0.6499999999999857,0.29,0,Shivamogga,Karnataka
2023-11-26,0.0,0.11000000000001416,0.49000000000002125,0.6199999999999858,0.08,0,Shivamogga,Karnataka
2023-11-27,0.0,0.030000000000014154,0.49000000000002125,0.6199999999999858,0.03,0,Shivamogga,Karnataka
2023-11-28,1.09,1.0900000000000143,1.5800000000000214,1.7099999999999858,1.09,0,Shivamogga,Karnataka
2023-11-29,0.55,1.6400000000000143,2.0400000000000214,2.259999999999986,1.09,0,Shivamogga,Karnataka
2023-11-30,0.0,1.6400000000000143,1.7500000000000213,2.259999999999986,1.09,0,Shivamogga,Karnataka
2023-12-01,0.01,0.5600000000000143,1.6800000000000215,2.269999999999986,0.55,0,Shivamogga,Karnataka
2023-12-02,0.0,0.010000000000014211,1.6500000000000214,2.1699999999999857,0.01,0,Shivamogga,Karnataka
2023-12-03,0.0,0.010000000000014211,1.6500000000000214,2.139999999999986,0.01,0,Shivamogga,Karnataka
2023-12-04,0.0,0.0,1.6500000000000214,2.139999999999986,0.0,0,Shivamogga,Karnataka
2023-12-05,0.0,0.0,0.5600000000000214,2.139999999999986,0.0,0,Shivamogga,Karnataka
2023-12-06,0.0,0.0,0.010000000000021316,2.139999999999986,0.0,0,Shivamogga,Karnataka
2023-12-07,0.0,0.0,0.010000000000021316,2.0499999999999856,0.0,0,Shivamogga,Karnataka
2023-12-08,1.09,1.0900000000000143,1.0900000000000214,2.8499999999999863,1.09,0,Shivamogga,Karnataka
2023-12-09,2.69,3.7800000000000145,3.7800000000000216,5.459999999999986,2.69,0,Shivamogga,Karnataka
2023-12-10,1.1,4.880000000000014,4.880000000000021,6.529999999999985,2.69,0,Shivamogga,Karnataka
2023-12-11,1.4,5.190000000000014,6.280000000000021,7.9299999999999855,2.69,0,Shivamogga,Karnataka
2023-12-12,0.0,2.5000000000000138,6.280000000000021,7.9299999999999855,1.4,0,Shivamogga,Karnataka
2023-12-13,0.0,1.4000000000000137,6.280000000000021,6.839999999999986,1.4,0,Shivamogga,Karnataka
2023-12-14,0.0,0.0,6.280000000000021,6.289999999999986,0.0,0,Shivamogga,Karnataka
2023-12-15,0.0,0.0,5.190000000000021,6.289999999999986,0.0,0,Shivamogga,Karnataka
2023-12-16,0.0,0.0,2.500000000000021,6.279999999999986,0.0,0,Shivamogga,Karnataka
2023-12-17,0.0,0.0,1.4000000000000208,6.279999999999986,0.0,0,Shivamogga,Karnataka
2023-12-18,0.0,0.0,0.0,6.279999999999986,0.0,0,Shivamogga,Karnataka
2023-12-19,0.0,0.0,0.0,6.279999999999986,0.0,0,Shivamogga,Karnataka
2023-12-20,0.0,0.0,0.0,6.279999999999986,0.0,0,Shivamogga,Karnataka
2023-12-21,0.0,0.0,0.0,6.279999999999986,0.0,0,Shivamogga,Karnataka
2023-12-22,0.0,0.0,0.0,6.279999999999986,0.0,0,Shivamogga,Karnataka
2023-12-23,0.0,0.0,0.0,5.189999999999985,0.0,0,Shivamogga,Karnataka
2023-12-24,0.0,0.0,0.0,2.499999999999986,0.0,0,Shivamogga,Karnataka
2023-12-25,0.0,0.0,0.0,1.3999999999999857,0.0,0,Shivamogga,Karnataka
2023-12-26,0.0,0.0,0.0,0.0,0.0,0,Shivamogga,Karnataka
2023-12-27,0.0,0.0,0.0,0.0,0.0,0,Shivamogga,Karnataka
2023-12-28,0.0,0.0,0.0,0.0,0.0,0,Shivamogga,Karnataka
2023-12-29,0.0,0.0,0.0,0.0,0.0,0,Shivamogga,Karnataka
2023-12-30,0.0,0.0,0.0,0.0,0.0,0,Shivamogga,Karnataka
2023-12-31,0.0,0.0,0.0,0.0,0.0,0,Shivamogga,Karnataka
2024-01-01,0.0,0.0,0.0,0.0,0.0,0,Shivamogga,Karnataka
2024-01-02,0.01,0.010000000000013767,0.010000000000020872,0.00999999999998579,0.01,0,Shivamogga,Karnataka
2024-01-03,4.88,4.890000000000014,4.890000000000021,4.8899999999999855,4.88,0,Shivamogga,Karnataka
2024-01-04,7.75,12.640000000000015,12.640000000000022,12.639999999999986,7.75,0,Shivamogga,Karnataka
2024-01-05,15.33,27.960000000000015,27.97000000000002,27.969999999999985,15.33,0,Shivamogga,Karnataka
2024-01-06,14.72,37.80000000000001,42.69000000000002,42.68999999999998,15.33,0,Shivamogga,Karnataka
2024-01-07,0.87,30.920000000000016,43.560000000000024,43.55999999999999,15.33,0,Shivamogga,Karnataka
2024-01-08,3.16,18.750000000000014,46.72000000000002,46.719999999999985,14.72,0,Shivamogga,Karnataka
2024-01-09,4.53,8.560000000000013,51.24000000000002,51.249999999999986,4.53,0,Shivamogga,Karnataka
2024-01-10,0.2,7.890000000000013,46.560000000000024,51.44999999999999,4.53,0,Shivamogga,Karnataka
2024-01-11,0.0,4.730000000000013,38.810000000000024,51.44999999999999,4.53,0,Shivamogga,Karnataka
2024-01-12,0.0,0.20000000000001245,23.48000000000002,51.44999999999999,0.2,0,Shivamogga,Karnataka
2024-01-13,0.0,0.0,8.760000000000021,51.44999999999999,0.0,0,Shivamogga,Karnataka
2024-01-14,0.0,0.0,7.890000000000022,51.44999999999999,0.0,0,Shivamogga,Karnataka
2024-01-15,0.0,0.0,4.730000000000022,51.44999999999999,0.0,0,Shivamogga,Karnataka
2024-01-16,0.0,0.0,0.20000000000002133,51.44999999999999,0.0,0,Shivamogga,Karnataka
2024-01-17,0.0,0.0,0.0,51.43999999999999,0.0,0,Shivamogga,Karnataka
2024-01-18,0.0,0.0,0.0,46.55999999999999,0.0,0,Shivamogga,Karnataka
2024-01-19,0.0,0.0,0.0,38.80999999999999,0.0,0,Shivamogga,Karnataka
2024-01-20,0.0,0.0,0.0,23.479999999999986,0.0,0,Shivamogga,Karnataka
2024-01-21,0.0,0.0,0.0,8.759999999999986,0.0,0,Shivamogga,Karnataka
2024-01-22,0.0,0.0,0.0,7.889999999999986,0.0,0,Shivamogga,Karnataka
2024-01-23,0.0,0.0,0.0,4.729999999999986,0.0,0,Shivamogga,Karnataka
2024-01-24,0.0,0.0,0.0,0.1999999999999858,0.0,0,Shivamogga,Karnataka
2024-01-25,0.0,0.0,0.0,0.0,0.0,0,Shivamogga,Karnataka
2024-01-26,0.0,0.0,0.0,0.0,0.0,0,Shivamogga,Karnataka
2024-01-27,0.0,0.0,0.0,0.0,0.0,0,Shivamogga,Karnataka
2024-01-28,0.0,0.0,0.0,0.0,0.0,0,Shivamogga,Karnataka
2024-01-29,0.0,0.0,0.0,0.0,0.0,0,Shivamogga,Karnataka
2024-01-30,0.0,0.0,0.0,0.0,0.0,0,Shivamogga,Karnataka
2024-01-31,0.0,0.0,0.0,0.0,0.0,0,Shivamogga,Karnataka
2024-02-01,0.0,0.0,0.0,0.0,0.0,0,Shivamogga,Karnataka
2024-02-02,0.0,0.0,0.0,0.0,0.0,0,Shivamogga,Karnataka
2024-02-03,0.0,0.0,0.0,0.0,0.0,0,Shivamogga,Karnataka
2024-02-04,0.0,0.0,0.0,0.0,0.0,0,Shivamogga,Karnataka
2024-02-05,0.0,0.0,0.0,0.0,0.0,0,Shivamogga,Karnataka
2024-02-06,0.0,0.0,0.0,0.0,0.0,0,Shivamogga,Karnataka
2024-02-07,0.0,0.0,0.0,0.0,0.0,0,Shivamogga,Karnataka
2024-02-08,0.0,0.0,0.0,0.0,0.0,0,Shivamogga,Karnataka
2024-02-09,0.0,0.0,0.0,0.0,0.0,0,Shivamogga,Karnataka
2024-02-10,0.0,0.0,0.0,0.0,0.0,0,Shivamogga,Karnataka
2024-02-11,0.0,0.0,0.0,0.0,0.0,0,Shivamogga,Karnataka
2024-02-12,0.0,0.0,0.0,0.0,0.0,0,Shivamogga,Karnataka
2024-02-13,0.0,0.0,0.0,0.0,0.0,0,Shivamogga,Karnataka
2024-02-14,0.0,0.0,0.0,0.0,0.0,0,Shivamogga,Karnataka
2024-02-15,0.0,0.0,0.0,0.0,0.0,0,Shivamogga,Karnataka
2024-02-16,0.0,0.0,0.0,0.0,0.0,0,Shivamogga,Karnataka
2024-02-17,0.0,0.0,0.0,0.0,0.0,0,Shivamogga,Karnataka
2024-02-18,0.0,0.0,0.0,0.0,0.0,0,Shivamogga,Karnataka
2024-02-19,0.0,0.0,0.0,0.0,0.0,0,Shivamogga,Karnataka
2024-02-20,0.0,0.0,0.0,0.0,0.0,0,Shivamogga,Karnataka
2024-02-21,0.0,0.0,0.0,0.0,0.0,0,Shivamogga,Karnataka
2024-02-22,0.0,0.0,0.0,0.0,0.0,0,Shivamogga,Karnataka
2024-02-23,0.0,0.0,0.0,0.0,0.0,0,Shivamogga,Karnataka
2024-02-24,0.0,0.0,0.0,0.0,0.0,0,Shivamogga,Karnataka
2024-02-25,0.0,0.0,0.0,0.0,0.0,0,Shivamogga,Karnataka
2024-02-26,0.0,0.0,0.0,0.0,0.0,0,Shivamogga,Karnataka
2024-02-27,0.0,0.0,0.0,0.0,0.0,0,Shivamogga,Karnataka
2024-02-28,0.0,0.0,0.0,0.0,0.0,0,Shivamogga,Karnataka
2024-02-29,0.0,0.0,0.0,0.0,0.0,0,Shivamogga,Karnataka
2024-03-01,0.0,0.0,0.0,0.0,0.0,0,Shivamogga,Karnataka
2024-03-02,0.0,0.0,0.0,0.0,0.0,0,Shivamogga,Karnataka
2024-03-03,0.0,0.0,0.0,0.0,0.0,0,Shivamogga,Karnataka
2024-03-04,0.0,0.0,0.0,0.0,0.0,0,Shivamogga,Karnataka
2024-03-05,0.0,0.0,0.0,0.0,0.0,0,Shivamogga,Karnataka
2024-03-06,0.0,0.0,0.0,0.0,0.0,0,Shivamogga,Karnataka
2024-03-07,0.0,0.0,0.0,0.0,0.0,0,Shivamogga,Karnataka
2024-03-08,0.0,0.0,0.0,0.0,0.0,0,Shivamogga,Karnataka
2024-03-09,0.0,0.0,0.0,0.0,0.0,0,Shivamogga,Karnataka
2024-03-10,0.0,0.0,0.0,0.0,0.0,0,Shivamogga,Karnataka
2024-03-11,0.0,0.0,0.0,0.0,0.0,0,Shivamogga,Karnataka
2024-03-12,0.0,0.0,0.0,0.0,0.0,0,Shivamogga,Karnataka
2024-03-13,0.0,0.0,0.0,0.0,0.0,0,Shivamogga,Karnataka
2024-03-14,0.0,0.0,0.0,0.0,0.0,0,Shivamogga,Karnataka
2024-03-15,0.0,0.0,0.0,0.0,0.0,0,Shivamogga,Karnataka
2024-03-16,0.0,0.0,0.0,0.0,0.0,0,Shivamogga,Karnataka
2024-03-17,0.0,0.0,0.0,0.0,0.0,0,Shivamogga,Karnataka
2024-03-18,0.0,0.0,0.0,0.0,0.0,0,Shivamogga,Karnataka
2024-03-19,0.0,0.0,0.0,0.0,0.0,0,Shivamogga,Karnataka
2024-03-20,0.0,0.0,0.0,0.0,0.0,0,Shivamogga,Karnataka
2024-03-21,0.03,0.030000000000012433,0.030000000000021315,0.029999999999985788,0.03,0,Shivamogga,Karnataka
2024-03-22,0.8,0.8300000000000125,0.8300000000000214,0.8299999999999859,0.8,0,Shivamogga,Karnataka
2024-03-23,0.47,1.3000000000000125,1.3000000000000214,1.2999999999999858,0.8,0,Shivamogga,Karnataka
2024-03-24,0.0,1.2700000000000125,1.3000000000000214,1.2999999999999858,0.8,0,Shivamogga,Karnataka
2024-03-25,0.0,0.4700000000000124,1.3000000000000214,1.2999999999999858,0.47,0,Shivamogga,Karnataka
2024-03-26,0.0,0.0,1.3000000000000214,1.2999999999999858,0.0,0,Shivamogga,Karnataka
2024-03-27,0.0,0.0,1.3000000000000214,1.2999999999999858,0.0,0,Shivamogga,Karnataka
2024-03-28,0.0,0.0,1.2700000000000213,1.2999999999999858,0.0,0,Shivamogga,Karnataka
2024-03-29,0.0,0.0,0.4700000000000213,1.2999999999999858,0.0,0,Shivamogga,Karnataka
2024-03-30,0.0,0.0,0.0,1.2999999999999858,0.0,0,Shivamogga,Karnataka
2024-03-31,0.0,0.0,0.0,1.2999999999999858,0.0,0,Shivamogga,Karnataka
2024-04-01,0.0,0.0,0.0,1.2999999999999858,0.0,0,Shivamogga,Karnataka
2024-04-02,0.0,0.0,0.0,1.2999999999999858,0.0,0,Shivamogga,Karnataka
2024-04-03,0.0,0.0,0.0,1.2999999999999858,0.0,0,Shivamogga,Karnataka
2024-04-04,0.0,0.0,0.0,1.2999999999999858,0.0,0,Shivamogga,Karnataka
2024-04-05,0.0,0.0,0.0,1.2699999999999858,0.0,0,Shivamogga,Karnataka
2024-04-06,0.0,0.0,0.0,0.46999999999998576,0.0,0,Shivamogga,Karnataka
2024-04-07,0.0,0.0,0.0,0.0,0.0,0,Shivamogga,Karnataka
2024-04-08,0.0,0.0,0.0,0.0,0.0,0,Shivamogga,Karnataka
2024-04-09,0.0,0.0,0.0,0.0,0.0,0,Shivamogga,Karnataka
2024-04-10,0.0,0.0,0.0,0.0,0.0,0,Shivamogga,Karnataka
2024-04-11,0.0,0.0,0.0,0.0,0.0,0,Shivamogga,Karnataka
2024-04-12,0.58,0.5800000000000124,0.5800000000000213,0.5799999999999857,0.58,0,Shivamogga,Karnataka
2024-04-13,13.34,13.920000000000012,13.920000000000021,13.919999999999986,13.34,0,Shivamogga,Karnataka
2024-04-14,0.42,14.340000000000012,14.340000000000021,14.339999999999986,13.34,0,Shivamogga,Karnataka
2024-04-15,0.0,13.760000000000012,14.340000000000021,14.339999999999986,13.34,0,Shivamogga,Karnataka
2024-04-16,0.0,0.4200000000000124,14.340000000000021,14.339999999999986,0.42,0,Shivamogga,Karnataka
2024-04-17,0.0,0.0,14.340000000000021,14.339999999999986,0.0,0,Shivamogga,Karnataka
2024-04-18,0.0,0.0,14.340000000000021,14.339999999999986,0.0,0,Shivamogga,Karnataka
2024-04-19,1.35,1.3500000000000125,15.11000000000002,15.689999999999985,1.35,0,Shivamogga,Karnataka
2024-04-20,6.97,8.320000000000013,8.740000000000022,22.659999999999986,6.97,0,Shivamogga,Karnataka
2024-04-21,0.28,8.600000000000012,8.600000000000021,22.939999999999987,6.97,0,Shivamogga,Karnataka
2024-04-22,0.38,7.630000000000012,8.980000000000022,23.319999999999986,6.97,0,Shivamogga,Karnataka
2024-04-23,0.04,0.7000000000000116,9.020000000000021,23.359999999999985,0.38,0,Shivamogga,Karnataka
2024-04-24,0.0,0.42000000000001153,9.020000000000021,23.359999999999985,0.38,0,Shivamogga,Karnataka
2024-04-25,0.0,0.04000000000001155,9.020000000000021,23.359999999999985,0.04,0,Shivamogga,Karnataka
2024-04-26,0.0,0.0,7.670000000000022,23.359999999999985,0.0,0,Shivamogga,Karnataka
2024-04-27,0.0,0.0,0.7000000000000214,22.779999999999987,0.0,0,Shivamogga,Karnataka
2024-04-28,0.0,0.0,0.4200000000000213,9.439999999999985,0.0,0,Shivamogga,Karnataka
2024-04-29,0.0,0.0,0.04000000000002132,9.019999999999985,0.0,0,Shivamogga,Karnataka
2024-04-30,0.0,0.0,0.0,9.019999999999985,0.0,0,Shivamogga,Karnataka
2024-05-01,0.0,0.0,0.0,9.019999999999985,0.0,0,Shivamogga,Karnataka
2024-05-02,0.0,0.0,0.0,9.019999999999985,0.0,0,Shivamogga,Karnataka
2024-05-03,0.01,0.010000000000011547,0.010000000000021316,9.029999999999987,0.01,0,Shivamogga,Karnataka
2024-05-04,0.07,0.08000000000001155,0.08000000000002132,7.749999999999987,0.07,0,Shivamogga,Karnataka
2024-05-05,0.0,0.08000000000001155,0.08000000000002132,0.7799999999999858,0.07,0,Shivamogga,Karnataka
2024-05-06,0.01,0.08000000000001155,0.09000000000002131,0.5099999999999858,0.07,0,Shivamogga,Karnataka
2024-05-07,4.12,4.130000000000011,4.210000000000021,4.249999999999986,4.12,0,Shivamogga,Karnataka
2024-05-08,1.95,6.080000000000012,6.1600000000000215,6.159999999999986,4.12,0,Shivamogga,Karnataka
2024-05-09,0.72,6.790000000000012,6.880000000000021,6.879999999999986,4.12,0,Shivamogga,Karnataka
2024-05-10,1.84,4.510000000000011,8.710000000000022,8.719999999999986,1.95,0,Shivamogga,Karnataka
2024-05-11,2.16,4.720000000000011,10.800000000000022,10.879999999999985,2.16,0,Shivamogga,Karnataka
2024-05-12,4.77,8.77000000000001,15.570000000000022,15.649999999999984,4.77,0,Shivamogga,Karnataka
2024-05-13,11.8,18.73000000000001,27.36000000000002,27.449999999999985,11.8,0,Shivamogga,Karnataka
2024-05-14,0.92,17.490000000000013,24.16000000000002,28.369999999999987,11.8,0,Shivamogga,Karnataka
2024-05-15,3.24,15.960000000000012,25.450000000000024,31.609999999999985,11.8,0,Shivamogga,Karnataka
2024-05-16,3.53,7.69000000000001,28.260000000000023,35.139999999999986,3.53,0,Shivamogga,Karnataka
2024-05-17,13.85,20.62000000000001,40.270000000000024,48.98999999999998,13.85,0,Shivamogga,Karnataka
2024-05-18,16.27,33.650000000000006,54.38000000000002,65.24999999999999,16.27,0,Shivamogga,Karnataka
2024-05-19,21.89,52.010000000000005,71.50000000000003,87.06999999999998,21.89,0,Shivamogga,Karnataka
2024-05-20,42.06,80.22,101.76000000000002,129.13,42.06,0,Shivamogga,Karnataka
2024-05-21,6.7,70.65,107.54000000000002,135.82,42.06,0,Shivamogga,Karnataka
2024-05-22,1.63,50.39000000000001,105.93000000000002,133.32999999999998,42.06,0,Shivamogga,Karnataka
2024-05-23,1.61,9.940000000000007,104.01000000000003,132.99,6.7,0,Shivamogga,Karnataka
2024-05-24,12.49,15.730000000000008,102.65000000000002,144.76,12.49,0,Shivamogga,Karnataka
2024-05-25,17.88,31.980000000000004,104.26000000000002,160.79999999999998,17.88,0,Shivamogga,Karnataka
2024-05-26,0.56,30.930000000000003,82.93000000000002,159.2,17.88,0,Shivamogga,Karnataka
2024-05-27,0.25,18.69,41.12000000000002,154.67999999999998,17.88,0,Shivamogga,Karnataka
2024-05-28,1.67,2.4800000000000035,36.09000000000002,144.54999999999998,1.67,0,Shivamogga,Karnataka
2024-05-29,1.28,3.2000000000000037,35.74000000000002,144.91,1.67,0,Shivamogga,Karnataka
2024-05-30,1.26,4.2100000000000035,35.39000000000002,142.92999999999998,1.67,0,Shivamogga,Karnataka
2024-05-31,0.48,3.0200000000000036,23.38000000000002,139.87999999999997,1.28,0,Shivamogga,Karnataka
2024-06-01,8.32,10.060000000000004,13.820000000000022,134.35,8.32,1,Shivamogga,Karnataka
2024-06-02,12.54,21.340000000000003,25.80000000000002,130.61999999999998,12.54,1,Shivamogga,Karnataka
2024-06-03,17.24,38.1,42.79000000000002,125.96999999999998,17.24,1,Shivamogga,Karnataka
2024-06-04,2.23,32.01,43.350000000000016,86.13999999999999,17.24,1,Shivamogga,Karnataka
2024-06-05,1.14,20.610000000000003,43.210000000000015,80.57999999999998,17.24,1,Shivamogga,Karnataka
2024-06-06,13.22,16.590000000000003,55.170000000000016,92.16999999999999,13.22,1,Shivamogga,Karnataka
2024-06-07,12.78,27.14,67.47000000000003,103.33999999999999,13.22,1,Shivamogga,Karnataka
2024-06-08,14.23,40.230000000000004,73.38000000000002,105.07999999999998,14.23,1,Shivamogga,Karnataka
2024-06-09,16.17,43.18000000000001,77.01000000000002,103.36999999999998,16.17,1,Shivamogga,Karnataka
2024-06-10,5.51,35.910000000000004,65.28000000000003,108.31999999999998,16.17,1,Shivamogga,Karnataka
2024-06-11,7.17,28.85000000000001,70.22000000000003,115.23999999999998,16.17,1,Shivamogga,Karnataka
2024-06-12,6.52,19.200000000000006,75.60000000000002,120.08999999999999,7.17,1,Shivamogga,Karnataka
2024-06-13,1.5,15.190000000000007,63.880000000000024,120.30999999999999,7.17,1,Shivamogga,Karnataka
2024-06-14,4.06,12.080000000000005,55.160000000000025,123.10999999999999,6.52,1,Shivamogga,Karnataka
2024-06-15,0.87,6.430000000000007,41.80000000000002,123.49999999999999,4.06,1,Shivamogga,Karnataka
2024-06-16,5.94,10.870000000000008,31.57000000000002,121.11999999999999,5.94,1,Shivamogga,Karnataka
2024-06-17,3.66,10.470000000000008,29.720000000000024,112.23999999999998,5.94,1,Shivamogga,Karnataka
2024-06-18,3.2,12.800000000000008,25.75000000000002,98.19999999999999,5.94,1,Shivamogga,Karnataka
2024-06-19,1.66,8.520000000000007,20.890000000000022,97.62999999999998,3.66,1,Shivamogga,Karnataka
2024-06-20,3.07,7.930000000000007,22.460000000000022,99.55999999999999,3.2,1,Shivamogga,Karnataka
2024-06-21,5.39,10.120000000000006,23.79000000000002,91.72999999999999,5.39,1,Shivamogga,Karnataka
2024-06-22,3.29,11.750000000000007,26.210000000000022,82.23999999999998,5.39,1,Shivamogga,Karnataka
2024-06-23,3.09,11.770000000000007,23.36000000000002,71.1,5.39,1,Shivamogga,Karnataka
2024-06-24,9.69,16.070000000000007,29.39000000000002,64.61999999999998,9.69,1,Shivamogga,Karnataka
2024-06-25,4.55,17.330000000000005,30.74000000000002,63.65999999999998,9.69,1,Shivamogga,Karnataka
2024-06-26,21.46,35.7,50.54000000000002,77.94999999999999,21.46,1,Shivamogga,Karnataka
2024-06-27,8.58,34.59,56.05000000000002,80.00999999999999,21.46,1,Shivamogga,Karnataka
2024-06-28,1.71,31.750000000000004,52.37000000000002,80.21999999999998,21.46,1,Shivamogga,Karnataka
2024-06-29,5.98,16.270000000000003,55.060000000000024,82.13999999999999,8.58,1,Shivamogga,Karnataka
2024-06-30,22.27,29.96,74.24000000000002,103.53999999999998,22.27,1,Shivamogga,Karnataka
2024-07-01,11.92,40.17,76.47000000000003,109.51999999999998,22.27,1,Shivamogga,Karnataka
2024-07-02,2.55,36.74000000000001,74.47000000000003,108.40999999999998,22.27,1,Shivamogga,Karnataka
2024-07-03,7.16,21.630000000000003,60.17000000000002,112.36999999999999,11.92,1,Shivamogga,Karnataka
2024-07-04,11.59,21.300000000000004,63.18000000000002,122.29999999999998,11.59,1,Shivamogga,Karnataka
2024-07-05,22.11,40.86,83.58000000000001,141.33999999999997,22.11,1,Shivamogga,Karnataka
2024-07-06,17.86,51.56,95.46000000000001,153.81,22.11,1,Shivamogga,Karnataka
2024-07-07,12.71,52.68000000000001,85.90000000000002,163.22999999999996,22.11,1,Shivamogga,Karnataka
2024-07-08,15.93,46.5,89.91000000000003,176.07,17.86,1,Shivamogga,Karnataka
2024-07-09,8.38,37.02,95.74000000000002,174.76,15.93,1,Shivamogga,Karnataka
2024-07-10,8.31,32.620000000000005,96.89000000000003,178.51999999999998,15.93,1,Shivamogga,Karnataka
2024-07-11,8.4,25.090000000000003,93.70000000000002,165.45999999999998,8.4,1,Shivamogga,Karnataka
2024-07-12,7.44,24.150000000000002,79.03000000000003,164.32,8.4,1,Shivamogga,Karnataka
2024-07-13,19.77,35.61,80.94000000000003,182.38,19.77,1,Shivamogga,Karnataka
2024-07-14,17.18,44.39,85.41000000000001,193.57999999999998,19.77,1,Shivamogga,Karnataka
2024-07-15,22.86,59.81,92.34000000000002,194.17,22.86,1,Shivamogga,Karnataka
2024-07-16,24.39,64.43,108.35000000000002,206.64,24.39,1,Shivamogga,Karnataka
2024-07-17,23.83,71.08,123.87000000000002,227.92,24.39,1,Shivamogga,Karnataka
2024-07-18,27.42,75.64,142.89000000000001,248.18,27.42,1,Shivamogga,Karnataka
2024-07-19,27.79,79.04,163.24,264.38,27.79,1,Shivamogga,Karnataka
2024-07-20,10.74,65.95,154.21,253.00999999999996,27.79,1,Shivamogga,Karnataka
2024-07-21,10.31,48.84,147.34000000000003,245.45999999999998,27.79,1,Shivamogga,Karnataka
2024-07-22,7.92,28.970000000000006,132.4,240.67,10.74,1,Shivamogga,Karnataka
2024-07-23,19.64,37.870000000000005,127.65000000000002,244.37999999999997,19.64,1,Shivamogga,Karnataka
2024-07-24,12.3,39.86000000000001,116.12000000000002,248.29999999999998,19.64,1,Shivamogga,Karnataka
2024-07-25,12.27,44.21000000000001,100.97000000000003,252.26,19.64,1,Shivamogga,Karnataka
2024-07-26,12.37,36.940000000000005,85.55000000000003,256.22999999999996,12.37,1,Shivamogga,Karnataka
2024-07-27,5.78,30.42,80.59000000000002,254.56999999999996,12.37,1,Shivamogga,Karnataka
2024-07-28,0.98,19.130000000000003,71.26000000000003,235.78,12.37,1,Shivamogga,Karnataka
2024-07-29,9.12,15.880000000000003,72.46000000000002,227.71999999999997,9.12,1,Shivamogga,Karnataka
2024-07-30,18.48,28.580000000000002,71.30000000000001,223.33999999999997,18.48,1,Shivamogga,Karnataka
2024-07-31,15.27,42.870000000000005,74.27000000000002,214.21999999999997,18.48,1,Shivamogga,Karnataka
2024-08-01,22.57,56.32000000000001,84.57000000000002,212.96,22.57,1,Shivamogga,Karnataka
2024-08-02,9.2,47.04,81.4,194.73999999999998,22.57,1,Shivamogga,Karnataka
2024-08-03,5.99,37.760000000000005,81.61000000000001,172.94,22.57,1,Shivamogga,Karnataka
2024-08-04,7.4,22.590000000000003,88.03000000000003,169.59999999999997,9.2,1,Shivamogga,Karnataka
2024-08-05,4.99,18.380000000000003,83.90000000000002,164.27999999999997,7.4,1,Shivamogga,Karnataka
2024-08-06,6.22,18.610000000000003,71.64000000000001,162.57999999999998,7.4,1,Shivamogga,Karnataka
2024-08-07,5.76,16.970000000000002,62.13000000000002,148.7,6.22,1,Shivamogga,Karnataka
2024-08-08,21.03,33.010000000000005,60.59000000000002,157.43,21.03,1,Shivamogga,Karnataka
2024-08-09,6.8,33.59,58.19000000000002,151.95999999999998,21.03,1,Shivamogga,Karnataka
2024-08-10,4.19,32.02,56.39000000000002,143.77999999999997,21.03,1,Shivamogga,Karnataka
2024-08-11,5.73,16.720000000000006,54.72000000000002,143.73,6.8,1,Shivamogga,Karnataka
2024-08-12,1.87,11.790000000000003,51.60000000000002,144.61999999999998,5.73,1,Shivamogga,Karnataka
2024-08-13,11.59,19.190000000000005,56.97000000000002,147.08999999999997,11.59,1,Shivamogga,Karnataka
2024-08-14,34.85,48.31,86.06000000000003,163.45999999999998,34.85,1,Shivamogga,Karnataka
2024-08-15,15.37,61.81000000000001,80.40000000000002,163.55999999999997,34.85,1,Shivamogga,Karnataka
2024-08-16,16.91,67.13000000000001,90.51000000000002,157.89999999999998,34.85,1,Shivamogga,Karnataka
2024-08-17,14.61,46.89000000000001,100.93000000000004,163.31,16.91,1,Shivamogga,Karnataka
2024-08-18,12.02,43.540000000000006,107.22000000000003,169.34,16.91,1,Shivamogga,Karnataka
2024-08-19,45.72,72.35,151.07000000000002,207.65999999999997,45.72,1,Shivamogga,Karnataka
2024-08-20,85.83,143.57,225.31,288.5,85.83,1,Shivamogga,Karnataka
2024-08-21,20.55,152.1,211.01000000000002,302.83,85.83,1,Shivamogga,Karnataka
2024-08-22,2.53,108.91000000000001,198.17000000000002,299.59999999999997,85.83,1,Shivamogga,Karnataka
2024-08-23,2.05,25.130000000000013,183.31000000000003,280.62,20.55,1,Shivamogga,Karnataka
2024-08-24,8.94,13.520000000000014,177.64000000000004,282.76,8.94,1,Shivamogga,Karnataka
2024-08-25,2.82,13.810000000000015,168.44000000000003,281.39,8.94,1,Shivamogga,Karnataka
2024-08-26,5.21,16.970000000000013,127.93000000000002,280.86999999999995,8.94,1,Shivamogga,Karnataka
2024-08-27,6.84,14.870000000000013,48.940000000000026,285.84000000000003,6.84,1,Shivamogga,Karnataka
2024-08-28,12.73,24.780000000000015,41.120000000000026,286.97999999999996,12.73,1,Shivamogga,Karnataka
2024-08-29,7.12,26.690000000000012,45.71000000000003,259.25,12.73,1,Shivamogga,Karnataka
2024-08-30,3.29,23.140000000000015,46.95000000000003,247.17,12.73,1,Shivamogga,Karnataka
2024-08-31,6.07,16.480000000000015,44.080000000000034,236.32999999999998,7.12,1,Shivamogga,Karnataka
2024-09-01,4.41,13.770000000000014,45.67000000000003,226.12999999999997,6.07,1,Shivamogga,Karnataka
2024-09-02,3.0,13.480000000000015,43.46000000000003,217.10999999999999,6.07,1,Shivamogga,Karnataka
2024-09-03,3.02,10.430000000000014,39.64000000000003,174.41,4.41,1,Shivamogga,Karnataka
2024-09-04,6.48,12.500000000000014,33.39000000000003,95.05999999999999,6.48,1,Shivamogga,Karnataka
2024-09-05,4.95,14.450000000000014,31.22000000000003,79.46,6.48,1,Shivamogga,Karnataka
2024-09-06,3.06,14.490000000000014,30.990000000000027,79.99,6.48,1,Shivamogga,Karnataka
2024-09-07,5.64,13.650000000000015,30.56000000000003,83.57999999999998,5.64,1,Shivamogga,Karnataka
2024-09-08,6.54,15.240000000000013,32.690000000000026,81.17999999999999,6.54,1,Shivamogga,Karnataka
2024-09-09,9.57,21.750000000000014,39.260000000000026,87.92999999999998,9.57,1,Shivamogga,Karnataka
2024-09-10,10.5,26.610000000000014,46.74000000000003,93.22,10.5,1,Shivamogga,Karnataka
2024-09-11,5.18,25.250000000000014,45.440000000000026,91.55999999999999,10.5,1,Shivamogga,Karnataka
2024-09-12,1.76,17.440000000000015,42.25000000000003,80.58999999999999,10.5,1,Shivamogga,Karnataka
2024-09-13,1.66,8.600000000000014,40.85000000000003,75.12999999999998,5.18,1,Shivamogga,Karnataka
2024-09-14,2.42,5.840000000000014,37.630000000000024,74.25999999999999,2.42,1,Shivamogga,Karnataka
2024-09-15,1.34,5.420000000000014,32.43000000000003,69.52999999999999,2.42,1,Shivamogga,Karnataka
2024-09-16,2.16,5.920000000000014,25.020000000000028,67.27999999999999,2.42,1,Shivamogga,Karnataka
2024-09-17,1.76,5.260000000000014,16.28000000000003,66.03999999999998,2.16,1,Shivamogga,Karnataka
2024-09-18,0.27,4.190000000000015,11.370000000000028,63.289999999999985,2.16,1,Shivamogga,Karnataka
2024-09-19,0.01,2.0400000000000142,9.620000000000028,56.819999999999986,1.76,1,Shivamogga,Karnataka
2024-09-20,0.33,0.6100000000000143,8.290000000000028,52.19999999999999,0.33,1,Shivamogga,Karnataka
2024-09-21,14.18,14.520000000000014,20.050000000000026,63.319999999999986,14.18,1,Shivamogga,Karnataka
2024-09-22,2.55,17.060000000000013,21.260000000000026,60.22999999999998,14.18,1,Shivamogga,Karnataka
2024-09-23,7.53,24.260000000000012,26.630000000000027,61.219999999999985,14.18,1,Shivamogga,Karnataka
2024-09-24,30.88,40.960000000000015,55.75000000000003,82.52999999999999,30.88,1,Shivamogga,Karnataka
2024-09-25,4.15,42.56000000000002,59.63000000000003,76.17999999999998,30.88,1,Shivamogga,Karnataka
2024-09-26,3.74,38.77000000000001,63.36000000000003,74.73999999999998,30.88,1,Shivamogga,Karnataka
2024-09-27,2.09,9.980000000000011,65.12000000000003,75.07,4.15,1,Shivamogga,Karnataka
2024-09-28,0.36,6.190000000000011,51.300000000000026,73.77,3.74,1,Shivamogga,Karnataka
2024-09-29,13.4,15.850000000000012,62.15000000000003,84.74999999999999,13.4,1,Shivamogga,Karnataka
2024-09-30,2.67,16.43000000000001,57.29000000000003,86.07999999999998,13.4,1,Shivamogga,Karnataka
2024-10-01,0.21,16.280000000000012,26.62000000000003,84.12999999999998,13.4,0,Shivamogga,Karnataka
2024-10-02,0.13,3.0100000000000104,22.600000000000026,82.49999999999999,2.67,0,Shivamogga,Karnataka
2024-10-03,1.85,2.190000000000011,20.71000000000003,84.07999999999998,1.85,0,Shivamogga,Karnataka
2024-10-04,3.49,5.470000000000011,22.110000000000028,87.55999999999999,3.49,0,Shivamogga,Karnataka
2024-10-05,7.04,12.380000000000011,28.790000000000028,94.26999999999998,7.04,0,Shivamogga,Karnataka
2024-10-06,1.91,12.440000000000012,17.30000000000003,81.99999999999999,7.04,0,Shivamogga,Karnataka
2024-10-07,0.72,9.670000000000009,15.35000000000003,80.16999999999997,7.04,0,Shivamogga,Karnataka
2024-10-08,14.32,16.95000000000001,29.46000000000003,86.96,14.32,0,Shivamogga,Karnataka
2024-10-09,6.21,21.25000000000001,35.54000000000003,62.289999999999985,14.32,0,Shivamogga,Karnataka
2024-10-10,9.02,29.55000000000001,42.71000000000003,67.15999999999998,14.32,0,Shivamogga,Karnataka
2024-10-11,13.54,28.77000000000001,52.760000000000026,76.96,13.54,0,Shivamogga,Karnataka
2024-10-12,7.2,29.76000000000001,52.92000000000003,82.07,13.54,0,Shivamogga,Karnataka
2024-10-13,0.65,21.39000000000001,51.66000000000003,82.35999999999999,13.54,0,Shivamogga,Karnataka
2024-10-14,3.99,11.84000000000001,54.930000000000035,72.94999999999999,7.2,0,Shivamogga,Karnataka
2024-10-15,4.84,9.480000000000011,45.450000000000024,75.11999999999999,4.84,0,Shivamogga,Karnataka
2024-10-16,41.87,50.70000000000001,81.11000000000003,116.77999999999999,41.87,0,Shivamogga,Karnataka
2024-10-17,5.35,52.06000000000001,77.44000000000003,121.99999999999999,41.87,0,Shivamogga,Karnataka
2024-10-18,8.09,55.31000000000001,71.99000000000002,128.23999999999998,41.87,0,Shivamogga,Karnataka
2024-10-19,3.45,16.890000000000015,68.24000000000002,128.2,8.09,0,Shivamogga,Karnataka
2024-10-20,25.88,37.420000000000016,93.47000000000003,147.04,25.88,0,Shivamogga,Karnataka
2024-10-21,16.02,45.35000000000001,105.50000000000003,161.14999999999998,25.88,0,Shivamogga,Karnataka
2024-10-22,2.08,43.98000000000001,102.74000000000002,162.51,25.88,0,Shivamogga,Karnataka
2024-10-23,1.66,19.760000000000012,62.53000000000003,149.85,16.02,0,Shivamogga,Karnataka
2024-10-24,0.82,4.560000000000014,58.00000000000003,144.45999999999998,2.08,0,Shivamogga,Karnataka
2024-10-25,0.02,2.500000000000014,49.93000000000003,135.45999999999998,1.66,0,Shivamogga,Karnataka
2024-10-26,0.04,0.8800000000000141,46.520000000000024,121.95999999999998,0.82,0,Shivamogga,Karnataka
2024-10-27,0.09,0.1500000000000142,20.73000000000003,114.84999999999998,0.09,0,Shivamogga,Karnataka
2024-10-28,0.08,0.21000000000001423,4.7900000000000285,114.27999999999999,0.09,0,Shivamogga,Karnataka
2024-10-29,0.22,0.3900000000000142,2.930000000000028,110.50999999999998,0.22,0,Shivamogga,Karnataka
2024-10-30,0.2,0.5000000000000142,1.4700000000000284,105.86999999999999,0.22,0,Shivamogga,Karnataka
2024-10-31,6.23,6.650000000000015,6.880000000000029,70.22999999999999,6.23,0,Shivamogga,Karnataka
2024-11-01,2.98,9.410000000000014,9.84000000000003,67.85999999999999,6.23,0,Shivamogga,Karnataka
2024-11-02,0.07,9.280000000000014,9.87000000000003,59.83999999999999,6.23,0,Shivamogga,Karnataka
2024-11-03,0.33,3.380000000000014,10.11000000000003,56.719999999999985,2.98,0,Shivamogga,Karnataka
2024-11-04,2.63,3.030000000000014,12.660000000000029,33.469999999999985,2.63,0,Shivamogga,Karnataka
2024-11-05,0.1,3.0600000000000143,12.54000000000003,17.549999999999986,2.63,0,Shivamogga,Karnataka
2024-11-06,0.0,2.730000000000014,12.340000000000028,15.469999999999986,2.63,0,Shivamogga,Karnataka
2024-11-07,0.0,0.10000000000001422,6.110000000000028,13.809999999999986,0.1,0,Shivamogga,Karnataka
2024-11-08,0.0,0.0,3.1300000000000283,12.989999999999986,0.0,0,Shivamogga,Karnataka
2024-11-09,0.0,0.0,3.0600000000000285,12.969999999999986,0.0,0,Shivamogga,Karnataka
2024-11-10,0.0,0.0,2.7300000000000284,12.929999999999987,0.0,0,Shivamogga,Karnataka
2024-11-11,0.0,0.0,0.10000000000002843,12.839999999999987,0.0,0,Shivamogga,Karnataka
2024-11-12,0.05,0.050000000000014214,0.050000000000028424,12.809999999999986,0.05,0,Shivamogga,Karnataka
2024-11-13,0.01,0.060000000000014216,0.060000000000028426,12.599999999999985,0.05,0,Shivamogga,Karnataka
2024-11-14,1.53,1.5900000000000143,1.5900000000000285,13.929999999999986,1.53,0,Shivamogga,Karnataka
2024-11-15,2.9,4.440000000000014,4.490000000000029,10.599999999999985,2.9,0,Shivamogga,Karnataka
2024-11-16,0.75,5.180000000000014,5.240000000000029,8.369999999999985,2.9,0,Shivamogga,Karnataka
2024-11-17,0.33,3.980000000000014,5.570000000000028,8.629999999999985,2.9,0,Shivamogga,Karnataka
2024-11-18,0.16,1.2400000000000142,5.730000000000028,8.459999999999985,0.75,0,Shivamogga,Karnataka
2024-11-19,0.0,0.4900000000000142,5.680000000000028,5.829999999999986,0.33,0,Shivamogga,Karnataka
2024-11-20,0.0,0.16000000000001421,5.670000000000028,5.729999999999986,0.16,0,Shivamogga,Karnataka
2024-11-21,0.0,0.0,4.140000000000028,5.729999999999986,0.0,0,Shivamogga,Karnataka
2024-11-22,0.0,0.0,1.240000000000028,5.729999999999986,0.0,0,Shivamogga,Karnataka
2024-11-23,0.0,0.0,0.49000000000002797,5.729999999999986,0.0,0,Shivamogga,Karnataka
2024-11-24,0.0,0.0,0.16000000000002798,5.729999999999986,0.0,0,Shivamogga,Karnataka
2024-11-25,0.0,0.0,0.0,5.729999999999986,0.0,0,Shivamogga,Karnataka
2024-11-26,0.02,0.02000000000001421,0.020000000000027978,5.749999999999986,0.02,0,Shivamogga,Karnataka
2024-11-27,0.01,0.03000000000001421,0.030000000000027977,5.709999999999986,0.02,0,Shivamogga,Karnataka
2024-11-28,0.0,0.03000000000001421,0.030000000000027977,5.699999999999986,0.02,0,Shivamogga,Karnataka
2024-11-29,0.0,0.010000000000014211,0.030000000000027977,4.169999999999986,0.01,0,Shivamogga,Karnataka
2024-11-30,0.09,0.09000000000001421,0.12000000000002797,1.3599999999999859,0.09,0,Shivamogga,Karnataka
2024-12-01,0.88,0.9700000000000142,1.000000000000028,1.4899999999999858,0.88,0,Shivamogga,Karnataka
2024-12-02,9.41,10.380000000000015,10.410000000000029,10.569999999999986,9.41,0,Shivamogga,Karnataka
2024-12-03,32.62,42.91000000000001,43.010000000000026,43.02999999999999,32.62,0,Shivamogga,Karnataka
2024-12-04,0.24,42.27000000000001,43.24000000000003,43.26999999999998,32.62,0,Shivamogga,Karnataka
2024-12-05,0.65,33.51000000000001,43.89000000000003,43.91999999999998,32.62,0,Shivamogga,Karnataka
2024-12-06,0.01,0.9000000000000142,43.90000000000003,43.92999999999998,0.65,0,Shivamogga,Karnataka
2024-12-07,0.0,0.6600000000000142,43.810000000000024,43.92999999999998,0.65,0,Shivamogga,Karnataka
2024-12-08,0.65,0.6600000000000142,43.58000000000002,44.57999999999998,0.65,0,Shivamogga,Karnataka
2024-12-09,0.22,0.8700000000000142,34.39000000000003,44.79999999999998,0.65,0,Shivamogga,Karnataka
2024-12-10,0.0,0.8700000000000142,1.7700000000000284,44.79999999999998,0.65,0,Shivamogga,Karnataka
2024-12-11,0.0,0.2200000000000142,1.5300000000000284,44.77999999999998,0.22,0,Shivamogga,Karnataka
2024-12-12,0.24,0.2400000000000142,1.1200000000000285,45.00999999999998,0.24,0,Shivamogga,Karnataka
2024-12-13,0.01,0.2500000000000142,1.1200000000000285,45.01999999999998,0.24,0,Shivamogga,Karnataka
2024-12-14,0.0,0.2500000000000142,1.1200000000000285,45.01999999999998,0.24,0,Shivamogga,Karnataka
2024-12-15,0.0,0.010000000000014211,0.4700000000000284,44.929999999999986,0.01,0,Shivamogga,Karnataka
2024-12-16,0.0,0.0,0.2500000000000284,44.04999999999998,0.0,0,Shivamogga,Karnataka
2024-12-17,0.0,0.0,0.2500000000000284,34.639999999999986,0.0,0,Shivamogga,Karnataka
2024-12-18,0.0,0.0,0.2500000000000284,2.0199999999999787,0.0,0,Shivamogga,Karnataka
2024-12-19,0.0,0.0,0.010000000000028422,1.7799999999999787,0.0,0,Shivamogga,Karnataka
2024-12-20,0.0,0.0,0.0,1.1299999999999786,0.0,0,Shivamogga,Karnataka
2024-12-21,0.0,0.0,0.0,1.1199999999999788,0.0,0,Shivamogga,Karnataka
2024-12-22,0.0,0.0,0.0,1.1199999999999788,0.0,0,Shivamogga,Karnataka
2024-12-23,0.0,0.0,0.0,0.46999999999997866,0.0,0,Shivamogga,Karnataka
2024-12-24,0.0,0.0,0.0,0.24999999999997868,0.0,0,Shivamogga,Karnataka
2024-12-25,0.01,0.010000000000014211,0.010000000000028422,0.2599999999999787,0.01,0,Shivamogga,Karnataka
2024-12-26,0.57,0.5800000000000142,0.5800000000000284,0.8299999999999786,0.57,0,Shivamogga,Karnataka
2024-12-27,2.03,2.610000000000014,2.6100000000000283,2.6199999999999783,2.03,0,Shivamogga,Karnataka
2024-12-28,0.1,2.7000000000000144,2.7100000000000284,2.7099999999999786,2.03,0,Shivamogga,Karnataka
2024-12-29,0.0,2.130000000000014,2.7100000000000284,2.7099999999999786,2.03,0,Shivamogga,Karnataka
2024-12-30,0.0,0.10000000000001422,2.7100000000000284,2.7099999999999786,0.1,0,Shivamogga,Karnataka
2024-12-31,0.0,0.0,2.7100000000000284,2.7099999999999786,0.0,0,Shivamogga,Karnataka
