,rain_1d,rain_3d,rain_7d,rain_15d,rain_max3d,is_monsoon,district,state
2015-01-01,0.16,0.16,0.16,0.16,0.16,0,Sindhudurg,Maharashtra
2015-01-02,0.01,0.17,0.17,0.17,0.16,0,Sindhudurg,Maharashtra
2015-01-03,0.0,0.17,0.17,0.17,0.16,0,Sindhudurg,Maharashtra
2015-01-04,0.0,0.01,0.17,0.17,0.01,0,Sindhudurg,Maharashtra
2015-01-05,0.0,0.0,0.17,0.17,0.0,0,Sindhudurg,Maharashtra
2015-01-06,0.0,0.0,0.17,0.17,0.0,0,Sindhudurg,Maharashtra
2015-01-07,0.0,0.0,0.17,0.17,0.0,0,Sindhudurg,Maharashtra
2015-01-08,0.0,0.0,0.01,0.17,0.0,0,Sindhudurg,Maharashtra
2015-01-09,0.0,0.0,0.0,0.17,0.0,0,Sindhudurg,Maharashtra
2015-01-10,0.0,0.0,0.0,0.17,0.0,0,Sindhudurg,Maharashtra
2015-01-11,0.0,0.0,0.0,0.17,0.0,0,Sindhudurg,Maharashtra
2015-01-12,0.0,0.0,0.0,0.17,0.0,0,Sindhudurg,Maharashtra
2015-01-13,0.0,0.0,0.0,0.17,0.0,0,Sindhudurg,Maharashtra
2015-01-14,0.0,0.0,0.0,0.17,0.0,0,Sindhudurg,Maharashtra
2015-01-15,0.0,0.0,0.0,0.17,0.0,0,Sindhudurg,Maharashtra
2015-01-16,0.0,0.0,0.0,0.01,0.0,0,Sindhudurg,Maharashtra
2015-01-17,0.0,0.0,0.0,0.0,0.0,0,Sindhudurg,Maharashtra
2015-01-18,0.0,0.0,0.0,0.0,0.0,0,Sindhudurg,Maharashtra
2015-01-19,0.0,0.0,0.0,0.0,0.0,0,Sindhudurg,Maharashtra
2015-01-20,0.0,0.0,0.0,0.0,0.0,0,Sindhudurg,Maharashtra
2015-01-21,0.0,0.0,0.0,0.0,0.0,0,Sindhudurg,Maharashtra
2015-01-22,0.0,0.0,0.0,0.0,0.0,0,Sindhudurg,Maharashtra
2015-01-23,0.0,0.0,0.0,0.0,0.0,0,Sindhudurg,Maharashtra
2015-01-24,0.0,0.0,0.0,0.0,0.0,0,Sindhudurg,Maharashtra
2015-01-25,0.0,0.0,0.0,0.0,0.0,0,Sindhudurg,Maharashtra
2015-01-26,0.0,0.0,0.0,0.0,0.0,0,Sindhudurg,Maharashtra
2015-01-27,0.0,0.0,0.0,0.0,0.0,0,Sindhudurg,Maharashtra
2015-01-28,0.0,0.0,0.0,0.0,0.0,0,Sindhudurg,Maharashtra
2015-01-29,0.0,0.0,0.0,0.0,0.0,0,Sindhudurg,Maharashtra
2015-01-30,0.0,0.0,0.0,0.0,0.0,0,Sindhudurg,Maharashtra
2015-01-31,0.0,0.0,0.0,0.0,0.0,0,Sindhudurg,Maharashtra
2015-02-01,0.0,0.0,0.0,0.0,0.0,0,Sindhudurg,Maharashtra
2015-02-02,0.0,0.0,0.0,0.0,0.0,0,Sindhudurg,Maharashtra
2015-02-03,0.0,0.0,0.0,0.0,0.0,0,Sindhudurg,Maharashtra
2015-02-04,0.0,0.0,0.0,0.0,0.0,0,Sindhudurg,Maharashtra
2015-02-05,0.0,0.0,0.0,0.0,0.0,0,Sindhudurg,Maharashtra
2015-02-06,0.0,0.0,0.0,0.0,0.0,0,Sindhudurg,Maharashtra
2015-02-07,0.0,0.0,0.0,0.0,0.0,0,Sindhudurg,Maharashtra
2015-02-08,0.0,0.0,0.0,0.0,0.0,0,Sindhudurg,Maharashtra
2015-02-09,0.0,0.0,0.0,0.0,0.0,0,Sindhudurg,Maharashtra
2015-02-10,0.0,0.0,0.0,0.0,0.0,0,Sindhudurg,Maharashtra
2015-02-11,0.0,0.0,0.0,0.0,0.0,0,Sindhudurg,Maharashtra
2015-02-12,0.0,0.0,0.0,0.0,0.0,0,Sindhudurg,Maharashtra
2015-02-13,0.0,0.0,0.0,0.0,0.0,0,Sindhudurg,Maharashtra
2015-02-14,0.0,0.0,0.0,0.0,0.0,0,Sindhudurg,Maharashtra
2015-02-15,0.0,0.0,0.0,0.0,0.0,0,Sindhudurg,Maharashtra
2015-02-16,0.0,0.0,0.0,0.0,0.0,0,Sindhudurg,Maharashtra
2015-02-17,0.0,0.0,0.0,0.0,0.0,0,Sindhudurg,Maharashtra
2015-02-18,0.0,0.0,0.0,0.0,0.0,0,Sindhudurg,Maharashtra
2015-02-19,0.0,0.0,0.0,0.0,0.0,0,Sindhudurg,Maharashtra
2015-02-20,0.0,0.0,0.0,0.0,0.0,0,Sindhudurg,Maharashtra
2015-02-21,0.0,0.0,0.0,0.0,0.0,0,Sindhudurg,Maharashtra
2015-02-22,0.0,0.0,0.0,0.0,0.0,0,Sindhudurg,Maharashtra
2015-02-23,0.0,0.0,0.0,0.0,0.0,0,Sindhudurg,Maharashtra
2015-02-24,0.0,0.0,0.0,0.0,0.0,0,Sindhudurg,Maharashtra
2015-02-25,0.0,0.0,0.0,0.0,0.0,0,Sindhudurg,Maharashtra
2015-02-26,0.0,0.0,0.0,0.0,0.0,0,Sindhudurg,Maharashtra
2015-02-27,0.0,0.0,0.0,0.0,0.0,0,Sindhudurg,Maharashtra
2015-02-28,4.97,4.97,4.97,4.97,4.97,0,Sindhudurg,Maharashtra
2015-03-01,19.47,24.439999999999998,24.439999999999998,24.439999999999998,19.47,0,Sindhudurg,Maharashtra
2015-03-02,1.87,26.31,26.31,26.31,19.47,0,Sindhudurg,Maharashtra
2015-03-03,0.0,21.34,26.31,26.31,19.47,0,Sindhudurg,Maharashtra
2015-03-04,0.0,1.87,26.31,26.31,1.87,0,Sindhudurg,Maharashtra
2015-03-05,0.0,0.0,26.31,26.31,0.0,0,Sindhudurg,Maharashtra
2015-03-06,0.0,0.0,26.31,26.31,0.0,0,Sindhudurg,Maharashtra
2015-03-07,0.0,0.0,21.34,26.31,0.0,0,Sindhudurg,Maharashtra
2015-03-08,0.06,0.06,1.9300000000000002,26.369999999999997,0.06,0,Sindhudurg,Maharashtra
2015-03-09,0.03,0.09,0.09,26.4,0.06,0,Sindhudurg,Maharashtra
2015-03-10,0.16,0.25,0.25,26.56,0.16,0,Sindhudurg,Maharashtra
2015-03-11,0.13,0.32,0.38,26.689999999999998,0.16,0,Sindhudurg,Maharashtra
2015-03-12,0.01,0.30000000000000004,0.39,26.7,0.16,0,Sindhudurg,Maharashtra
2015-03-13,0.0,0.14,0.39,26.7,0.13,0,Sindhudurg,Maharashtra
2015-03-14,0.0,0.01,0.39,26.7,0.01,0,Sindhudurg,Maharashtra
2015-03-15,0.0,0.0,0.33,21.73,0.0,0,Sindhudurg,Maharashtra
2015-03-16,0.0,0.0,0.30000000000000004,2.2600000000000002,0.0,0,Sindhudurg,Maharashtra
2015-03-17,0.0,0.0,0.14,0.39,0.0,0,Sindhudurg,Maharashtra
2015-03-18,0.0,0.0,0.01,0.39,0.0,0,Sindhudurg,Maharashtra
2015-03-19,0.0,0.0,0.0,0.39,0.0,0,Sindhudurg,Maharashtra
2015-03-20,0.0,0.0,0.0,0.39,0.0,0,Sindhudurg,Maharashtra
2015-03-21,0.0,0.0,0.0,0.39,0.0,0,Sindhudurg,Maharashtra
2015-03-22,0.01,0.01,0.01,0.4,0.01,0,Sindhudurg,Maharashtra
2015-03-23,0.11,0.12,0.12,0.45,0.11,0,Sindhudurg,Maharashtra
2015-03-24,0.42,0.54,0.54,0.8400000000000001,0.42,0,Sindhudurg,Maharashtra
2015-03-25,0.27,0.8,0.81,0.95,0.42,0,Sindhudurg,Maharashtra
2015-03-26,0.22,0.91,1.03,1.04,0.42,0,Sindhudurg,Maharashtra
2015-03-27,0.31,0.8,1.3399999999999999,1.3399999999999999,0.31,0,Sindhudurg,Maharashtra
2015-03-28,0.07,0.6,1.41,1.41,0.31,0,Sindhudurg,Maharashtra
2015-03-29,0.03,0.41000000000000003,1.43,1.44,0.31,0,Sindhudurg,Maharashtra
2015-03-30,0.03,0.12999999999999995,1.3499999999999999,1.47,0.07,0,Sindhudurg,Maharashtra
2015-03-31,0.42,0.4799999999999999,1.3499999999999999,1.89,0.42,0,Sindhudurg,Maharashtra
2015-04-01,0.0,0.44999999999999996,1.0799999999999998,1.89,0.42,0,Sindhudurg,Maharashtra
2015-04-02,0.0,0.41999999999999993,0.8599999999999999,1.89,0.42,0,Sindhudurg,Maharashtra
2015-04-03,0.0,0.0,0.55,1.89,0.0,0,Sindhudurg,Maharashtra
2015-04-04,0.0,0.0,0.48,1.89,0.0,0,Sindhudurg,Maharashtra
2015-04-05,0.0,0.0,0.44999999999999996,1.89,0.0,0,Sindhudurg,Maharashtra
2015-04-06,0.01,0.009999999999999945,0.43,1.89,0.01,0,Sindhudurg,Maharashtra
2015-04-07,0.08,0.08999999999999994,0.09,1.8599999999999999,0.08,0,Sindhudurg,Maharashtra
2015-04-08,0.07,0.15999999999999995,0.16,1.51,0.08,0,Sindhudurg,Maharashtra
2015-04-09,0.05,0.19999999999999996,0.21000000000000002,1.2899999999999998,0.08,0,Sindhudurg,Maharashtra
2015-04-10,3.54,3.66,3.75,4.609999999999999,3.54,0,Sindhudurg,Maharashtra
2015-04-11,5.75,9.34,9.5,10.05,5.75,0,Sindhudurg,Maharashtra
2015-04-12,1.74,11.03,11.24,11.719999999999999,5.75,0,Sindhudurg,Maharashtra
2015-04-13,0.16,7.65,11.39,11.85,5.75,0,Sindhudurg,Maharashtra
2015-04-14,0.03,1.93,11.34,11.85,1.74,0,Sindhudurg,Maharashtra
2015-04-15,0.03,0.22,11.3,11.459999999999999,0.16,0,Sindhudurg,Maharashtra
2015-04-16,0.15,0.21,11.399999999999999,11.61,0.15,0,Sindhudurg,Maharashtra
2015-04-17,0.09,0.27,7.95,11.7,0.15,0,Sindhudurg,Maharashtra
2015-04-18,0.0,0.24,2.2,11.7,0.15,0,Sindhudurg,Maharashtra
2015-04-19,0.0,0.09,0.45999999999999996,11.7,0.09,0,Sindhudurg,Maharashtra
2015-04-20,0.0,0.0,0.29999999999999993,11.7,0.0,0,Sindhudurg,Maharashtra
2015-04-21,0.05,0.05,0.32,11.739999999999998,0.05,0,Sindhudurg,Maharashtra
2015-04-22,0.15,0.2,0.44,11.809999999999999,0.15,0,Sindhudurg,Maharashtra
2015-04-23,0.41,0.6099999999999999,0.7,12.149999999999999,0.41,0,Sindhudurg,Maharashtra
2015-04-24,0.14,0.7,0.75,12.24,0.41,0,Sindhudurg,Maharashtra
2015-04-25,0.0,0.55,0.75,8.7,0.41,0,Sindhudurg,Maharashtra
2015-04-26,0.0,0.13999999999999996,0.75,2.9499999999999993,0.14,0,Sindhudurg,Maharashtra
2015-04-27,0.14,0.13999999999999996,0.89,1.3499999999999992,0.14,0,Sindhudurg,Maharashtra
2015-04-28,0.13,0.26999999999999996,0.97,1.3199999999999992,0.14,0,Sindhudurg,Maharashtra
2015-04-29,0.05,0.31999999999999995,0.8700000000000001,1.3399999999999992,0.14,0,Sindhudurg,Maharashtra
2015-04-30,0.04,0.21999999999999995,0.5,1.3499999999999992,0.13,0,Sindhudurg,Maharashtra
2015-05-01,0.09,0.17999999999999994,0.45,1.2899999999999991,0.09,0,Sindhudurg,Maharashtra
2015-05-02,0.38,0.51,0.8300000000000001,1.5799999999999992,0.38,0,Sindhudurg,Maharashtra
2015-05-03,0.21,0.6799999999999999,1.04,1.7899999999999991,0.38,0,Sindhudurg,Maharashtra
2015-05-04,0.1,0.69,1.0,1.8899999999999992,0.38,0,Sindhudurg,Maharashtra
2015-05-05,4.57,4.88,5.44,6.459999999999999,4.57,0,Sindhudurg,Maharashtra
2015-05-06,2.52,7.1899999999999995,7.91,8.93,4.57,0,Sindhudurg,Maharashtra
2015-05-07,0.05,7.140000000000001,7.920000000000001,8.829999999999998,4.57,0,Sindhudurg,Maharashtra
2015-05-08,0.07,2.64,7.9,8.489999999999998,2.52,0,Sindhudurg,Maharashtra
2015-05-09,1.2,1.32,8.72,9.549999999999999,1.2,0,Sindhudurg,Maharashtra
2015-05-10,0.86,2.13,9.37,10.41,1.2,0,Sindhudurg,Maharashtra
2015-05-11,1.37,3.43,10.64,11.780000000000001,1.37,0,Sindhudurg,Maharashtra
2015-05-12,3.08,5.3100000000000005,9.15,14.719999999999999,3.08,0,Sindhudurg,Maharashtra
2015-05-13,4.27,8.719999999999999,10.9,18.86,4.27,0,Sindhudurg,Maharashtra
2015-05-14,0.52,7.870000000000001,11.37,19.33,4.27,0,Sindhudurg,Maharashtra
2015-05-15,2.19,6.98,13.489999999999998,21.479999999999997,4.27,0,Sindhudurg,Maharashtra
2015-05-16,1.09,3.8000000000000007,13.38,22.48,2.19,0,Sindhudurg,Maharashtra
2015-05-17,1.52,4.800000000000001,14.040000000000001,23.62,2.19,0,Sindhudurg,Maharashtra
2015-05-18,0.17,2.780000000000001,12.84,23.58,1.52,0,Sindhudurg,Maharashtra
2015-05-19,0.02,1.7100000000000009,9.78,23.499999999999996,1.52,0,Sindhudurg,Maharashtra
2015-05-20,0.03,0.2200000000000009,5.54,18.96,0.17,0,Sindhudurg,Maharashtra
2015-05-21,0.01,0.060000000000000886,5.029999999999999,16.45,0.03,0,Sindhudurg,Maharashtra
2015-05-22,0.0,0.04000000000000088,2.8400000000000003,16.400000000000002,0.03,0,Sindhudurg,Maharashtra
2015-05-23,0.0,0.010000000000000888,1.75,16.330000000000002,0.01,0,Sindhudurg,Maharashtra
2015-05-24,0.0,0.0,0.23,15.129999999999999,0.0,0,Sindhudurg,Maharashtra
2015-05-25,0.0,0.0,0.06,14.27,0.0,0,Sindhudurg,Maharashtra
2015-05-26,0.07,0.0700000000000009,0.11,12.969999999999999,0.07,0,Sindhudurg,Maharashtra
2015-05-27,0.07,0.1400000000000009,0.15000000000000002,9.959999999999999,0.07,0,Sindhudurg,Maharashtra
2015-05-28,0.06,0.2000000000000009,0.2,5.749999999999999,0.07,0,Sindhudurg,Maharashtra
2015-05-29,0.69,0.8200000000000008,0.8899999999999999,5.919999999999999,0.69,0,Sindhudurg,Maharashtra
2015-05-30,2.56,3.310000000000001,3.45,6.289999999999999,2.56,0,Sindhudurg,Maharashtra
2015-05-31,4.68,7.930000000000001,8.129999999999999,9.879999999999999,4.68,0,Sindhudurg,Maharashtra
2015-06-01,1.57,8.81,9.7,9.93,4.68,1,Sindhudurg,Maharashtra
2015-06-02,0.38,6.630000000000001,10.01,10.139999999999999,4.68,1,Sindhudurg,Maharashtra
2015-06-03,0.56,2.510000000000001,10.5,10.679999999999998,1.57,1,Sindhudurg,Maharashtra
2015-06-04,7.95,8.89,18.39,18.599999999999998,7.95,1,Sindhudurg,Maharashtra
2015-06-05,13.46,21.97,31.16,32.05,13.46,1,Sindhudurg,Maharashtra
2015-06-06,0.85,22.26,29.450000000000003,32.9,13.46,1,Sindhudurg,Maharashtra
2015-06-07,11.95,26.259999999999998,36.72,44.849999999999994,13.46,1,Sindhudurg,Maharashtra
2015-06-08,6.23,19.03,41.38,51.08,11.95,1,Sindhudurg,Maharashtra
2015-06-09,9.39,27.57,50.39,60.47,11.95,1,Sindhudurg,Maharashtra
2015-06-10,7.87,23.490000000000002,57.7,68.27,9.39,1,Sindhudurg,Maharashtra
2015-06-11,13.54,30.8,63.29,81.74000000000001,13.54,1,Sindhudurg,Maharashtra
2015-06-12,20.53,41.94,70.36,102.21000000000001,20.53,1,Sindhudurg,Maharashtra
2015-06-13,21.89,55.96000000000001,91.4,123.41,21.89,1,Sindhudurg,Maharashtra
2015-06-14,17.14,59.56,96.59,137.99,21.89,1,Sindhudurg,Maharashtra
2015-06-15,11.29,50.31999999999999,101.65,144.6,21.89,1,Sindhudurg,Maharashtra
2015-06-16,4.17,32.6,96.42999999999999,147.2,17.14,1,Sindhudurg,Maharashtra
2015-06-17,32.11,47.57,120.66999999999999,178.93,32.11,1,Sindhudurg,Maharashtra
2015-06-18,32.56,68.84,139.69,210.93,32.56,1,Sindhudurg,Maharashtra
2015-06-19,59.27,123.94,178.43,262.25,59.27,1,Sindhudurg,Maharashtra
2015-06-20,86.71,178.54000000000002,243.25,335.5,86.71,1,Sindhudurg,Maharashtra
2015-06-21,64.31,210.29000000000002,290.42,398.96,86.71,1,Sindhudurg,Maharashtra
2015-06-22,30.98,182.0,310.10999999999996,417.99,86.71,1,Sindhudurg,Maharashtra
2015-06-23,32.23,127.52000000000001,338.17,443.98999999999995,64.31,1,Sindhudurg,Maharashtra
2015-06-24,22.42,85.63000000000001,328.48,457.02,32.23,1,Sindhudurg,Maharashtra
2015-06-25,13.62,68.27000000000001,309.54,462.77,32.23,1,Sindhudurg,Maharashtra
2015-06-26,4.25,40.29000000000001,254.51999999999998,453.48,22.42,1,Sindhudurg,Maharashtra
2015-06-27,2.36,20.230000000000015,170.17000000000002,435.31,13.62,1,Sindhudurg,Maharashtra
2015-06-28,1.14,7.750000000000014,107.0,414.56,4.25,1,Sindhudurg,Maharashtra
2015-06-29,10.05,13.550000000000015,86.07,407.47,10.05,1,Sindhudurg,Maharashtra
2015-06-30,14.16,25.350000000000016,68.0,410.34,14.16,1,Sindhudurg,Maharashtra
2015-07-01,21.29,45.500000000000014,66.87,427.46,21.29,1,Sindhudurg,Maharashtra
2015-07-02,9.19,44.640000000000015,62.44,404.54,21.29,1,Sindhudurg,Maharashtra
2015-07-03,3.71,34.19000000000001,61.9,375.69,21.29,1,Sindhudurg,Maharashtra
2015-07-04,2.28,15.180000000000014,61.82,318.7,9.19,1,Sindhudurg,Maharashtra
2015-07-05,1.56,7.550000000000014,62.24,233.54999999999998,3.71,1,Sindhudurg,Maharashtra
2015-07-06,0.76,4.600000000000014,52.949999999999996,170.0,2.28,1,Sindhudurg,Maharashtra
2015-07-07,3.49,5.810000000000015,42.28,142.51,3.49,1,Sindhudurg,Maharashtra
2015-07-08,7.3,11.550000000000013,28.29,117.58,7.3,1,Sindhudurg,Maharashtra
2015-07-09,8.6,19.390000000000015,27.700000000000003,103.75999999999999,8.6,1,Sindhudurg,Maharashtra
2015-07-10,6.22,22.12000000000001,30.21,96.35999999999999,8.6,1,Sindhudurg,Maharashtra
2015-07-11,10.18,25.00000000000001,38.11,102.28999999999999,10.18,1,Sindhudurg,Maharashtra
2015-07-12,4.91,21.310000000000013,41.459999999999994,104.83999999999999,10.18,1,Sindhudurg,Maharashtra
2015-07-13,6.02,21.110000000000014,46.72,109.72,10.18,1,Sindhudurg,Maharashtra
2015-07-14,1.84,12.770000000000014,45.07,101.50999999999999,6.02,1,Sindhudurg,Maharashtra
2015-07-15,0.59,8.450000000000014,38.36,87.94,6.02,1,Sindhudurg,Maharashtra
2015-07-16,3.66,6.090000000000014,33.42,70.31,3.66,1,Sindhudurg,Maharashtra
2015-07-17,7.74,11.990000000000014,34.94,68.86,7.74,1,Sindhudurg,Maharashtra
2015-07-18,3.92,15.320000000000014,28.68,69.07,7.74,1,Sindhudurg,Maharashtra
2015-07-19,14.58,26.240000000000016,38.35,81.37,14.58,1,Sindhudurg,Maharashtra
2015-07-20,6.24,24.740000000000013,38.56999999999999,86.05000000000001,14.58,1,Sindhudurg,Maharashtra
2015-07-21,7.74,28.560000000000016,44.47,93.03,14.58,1,Sindhudurg,Maharashtra
2015-07-22,7.19,21.170000000000016,51.07,96.73,7.74,1,Sindhudurg,Maharashtra
2015-07-23,10.28,25.210000000000015,57.69,99.71000000000001,10.28,1,Sindhudurg,Maharashtra
2015-07-24,25.86,43.33000000000001,75.81,116.97,25.86,1,Sindhudurg,Maharashtra
2015-07-25,18.43,54.570000000000014,90.32,129.18,25.86,1,Sindhudurg,Maharashtra
2015-07-26,13.13,57.420000000000016,88.87,132.13,25.86,1,Sindhudurg,Maharashtra
2015-07-27,8.7,40.26000000000001,91.33,135.92,18.43,1,Sindhudurg,Maharashtra
2015-07-28,4.21,26.040000000000013,87.8,134.10999999999999,13.13,1,Sindhudurg,Maharashtra
2015-07-29,7.07,19.980000000000015,87.67999999999999,139.34,8.7,1,Sindhudurg,Maharashtra
2015-07-30,15.39,26.670000000000016,92.78999999999999,154.14000000000001,15.39,1,Sindhudurg,Maharashtra
2015-07-31,24.19,46.65000000000002,91.12,174.67000000000002,24.19,1,Sindhudurg,Maharashtra
2015-08-01,16.21,55.79000000000002,88.9,183.14000000000001,24.19,1,Sindhudurg,Maharashtra
2015-08-02,5.4,45.80000000000002,81.17,184.62,24.19,1,Sindhudurg,Maharashtra
2015-08-03,6.85,28.460000000000015,79.32000000000001,176.89000000000001,16.21,1,Sindhudurg,Maharashtra
2015-08-04,6.19,18.440000000000015,81.3,176.84,6.85,1,Sindhudurg,Maharashtra
2015-08-05,11.15,24.190000000000012,85.38000000000001,180.25,11.15,1,Sindhudurg,Maharashtra
2015-08-06,13.97,31.310000000000013,83.96000000000001,187.03,13.97,1,Sindhudurg,Maharashtra
2015-08-07,7.91,33.030000000000015,67.68,184.66,13.97,1,Sindhudurg,Maharashtra
2015-08-08,7.37,29.250000000000014,58.84,166.17000000000002,13.97,1,Sindhudurg,Maharashtra
2015-08-09,7.05,22.330000000000013,60.49,154.79,7.91,1,Sindhudurg,Maharashtra
2015-08-10,7.99,22.41000000000001,61.63,149.65,7.99,1,Sindhudurg,Maharashtra
2015-08-11,10.99,26.030000000000012,66.43,151.94,10.99,1,Sindhudurg,Maharashtra
2015-08-12,13.9,32.88000000000001,69.17999999999999,161.63,13.9,1,Sindhudurg,Maharashtra
2015-08-13,6.89,31.780000000000012,62.1,161.45000000000002,13.9,1,Sindhudurg,Maharashtra
2015-08-14,8.74,29.530000000000015,62.93000000000001,154.8,13.9,1,Sindhudurg,Maharashtra
2015-08-15,5.97,21.600000000000012,61.53,136.58,8.74,1,Sindhudurg,Maharashtra
2015-08-16,3.66,18.37000000000001,58.14,124.03,8.74,1,Sindhudurg,Maharashtra
2015-08-17,2.49,12.120000000000015,52.64,121.12,5.97,1,Sindhudurg,Maharashtra
2015-08-18,0.29,6.440000000000015,41.940000000000005,114.56,3.66,1,Sindhudurg,Maharashtra
2015-08-19,0.14,2.9200000000000146,28.18,108.51,2.49,1,Sindhudurg,Maharashtra
2015-08-20,3.3,3.730000000000014,24.590000000000003,100.66,3.3,1,Sindhudurg,Maharashtra
2015-08-21,8.77,12.210000000000013,24.619999999999997,95.46000000000001,8.77,1,Sindhudurg,Maharashtra
2015-08-22,7.55,19.62000000000001,26.2,95.10000000000001,8.77,1,Sindhudurg,Maharashtra
2015-08-23,3.1,19.420000000000012,25.64,90.83,8.77,1,Sindhudurg,Maharashtra
2015-08-24,1.79,12.440000000000014,24.939999999999998,85.57000000000001,7.55,1,Sindhudurg,Maharashtra
2015-08-25,5.38,10.270000000000014,30.03,82.96,5.38,1,Sindhudurg,Maharashtra
2015-08-26,5.73,12.900000000000016,35.62,77.7,5.73,1,Sindhudurg,Maharashtra
2015-08-27,5.92,17.030000000000015,38.24,69.72,5.92,1,Sindhudurg,Maharashtra
2015-08-28,9.65,21.300000000000015,39.12,72.48,9.65,1,Sindhudurg,Maharashtra
2015-08-29,11.25,26.820000000000014,42.82,74.99,11.25,1,Sindhudurg,Maharashtra
2015-08-30,7.38,28.280000000000012,47.1,76.4,11.25,1,Sindhudurg,Maharashtra
2015-08-31,1.46,20.090000000000014,46.77,74.2,11.25,1,Sindhudurg,Maharashtra
2015-09-01,1.4,10.240000000000014,42.79,73.11,7.38,1,Sindhudurg,Maharashtra
2015-09-02,0.8,3.6600000000000144,37.86,73.62,1.46,1,Sindhudurg,Maharashtra
2015-09-03,0.09,2.2900000000000142,32.03,73.57000000000001,1.4,1,Sindhudurg,Maharashtra
2015-09-04,0.01,0.9000000000000142,22.39,70.28,0.8,1,Sindhudurg,Maharashtra
2015-09-05,0.02,0.1200000000000142,11.16,61.53,0.09,1,Sindhudurg,Maharashtra
2015-09-06,0.32,0.3500000000000142,4.1,54.3,0.32,1,Sindhudurg,Maharashtra
2015-09-07,0.64,0.9800000000000143,3.2800000000000002,51.84,0.64,1,Sindhudurg,Maharashtra
2015-09-08,4.09,5.050000000000014,5.970000000000001,54.14,4.09,1,Sindhudurg,Maharashtra
2015-09-09,24.25,28.980000000000015,29.42,73.01,24.25,1,Sindhudurg,Maharashtra
2015-09-10,40.68,69.02000000000001,70.01,107.96,40.68,1,Sindhudurg,Maharashtra
2015-09-11,13.19,78.12000000000002,83.19,115.22999999999999,40.68,1,Sindhudurg,Maharashtra
2015-09-12,3.75,57.62000000000001,86.92,109.33,40.68,1,Sindhudurg,Maharashtra
2015-09-13,5.24,22.18000000000002,91.84,103.32,13.19,1,Sindhudurg,Maharashtra
2015-09-14,9.47,18.460000000000022,100.67,105.41,9.47,1,Sindhudurg,Maharashtra
2015-09-15,28.71,43.42000000000002,125.28999999999999,132.66,28.71,1,Sindhudurg,Maharashtra
2015-09-16,30.93,69.11000000000001,131.97,162.19,30.93,1,Sindhudurg,Maharashtra
2015-09-17,6.5,66.14000000000001,97.78999999999999,167.89000000000001,30.93,1,Sindhudurg,Maharashtra
2015-09-18,4.27,41.70000000000002,88.86999999999999,172.07,30.93,1,Sindhudurg,Maharashtra
2015-09-19,1.33,12.100000000000021,86.44999999999999,173.39,6.5,1,Sindhudurg,Maharashtra
2015-09-20,3.96,9.56000000000002,85.17,177.33,4.27,1,Sindhudurg,Maharashtra
2015-09-21,4.75,10.04000000000002,80.45,181.76,4.75,1,Sindhudurg,Maharashtra
2015-09-22,0.86,9.570000000000022,52.6,181.98,4.75,1,Sindhudurg,Maharashtra
2015-09-23,0.09,5.7000000000000215,21.759999999999998,177.98,4.75,1,Sindhudurg,Maharashtra
2015-09-24,0.0,0.9500000000000213,15.26,153.73,0.86,1,Sindhudurg,Maharashtra
2015-09-25,0.0,0.09000000000002131,10.99,113.05,0.09,1,Sindhudurg,Maharashtra
2015-09-26,0.0,0.0,9.66,99.86,0.0,1,Sindhudurg,Maharashtra
2015-09-27,0.0,0.0,5.7,96.11,0.0,1,Sindhudurg,Maharashtra
2015-09-28,0.02,0.020000000000021317,0.97,90.89,0.02,1,Sindhudurg,Maharashtra
2015-09-29,0.35,0.3700000000000213,0.45999999999999996,81.77,0.35,1,Sindhudurg,Maharashtra
2015-09-30,2.13,2.5000000000000213,2.5,55.19,2.13,1,Sindhudurg,Maharashtra
2015-10-01,18.74,21.22000000000002,21.24,43.0,18.74,0,Sindhudurg,Maharashtra
2015-10-02,28.16,49.030000000000015,49.4,64.66,28.16,0,Sindhudurg,Maharashtra
2015-10-03,11.63,58.53000000000002,61.03,72.02,28.16,0,Sindhudurg,Maharashtra
2015-10-04,9.33,49.12000000000002,70.36,80.02000000000001,28.16,0,Sindhudurg,Maharashtra
2015-10-05,4.03,24.990000000000023,74.37,80.08999999999999,11.63,0,Sindhudurg,Maharashtra
2015-10-06,0.29,13.650000000000022,74.30999999999999,75.63,9.33,0,Sindhudurg,Maharashtra
2015-10-07,0.39,4.710000000000021,72.57,75.16,4.03,0,Sindhudurg,Maharashtra
2015-10-08,0.48,1.1600000000000212,54.31,75.55,0.48,0,Sindhudurg,Maharashtra
2015-10-09,0.11,0.9800000000000213,26.26,75.66,0.48,0,Sindhudurg,Maharashtra
2015-10-10,0.2,0.7900000000000214,14.83,75.86,0.48,0,Sindhudurg,Maharashtra
2015-10-11,0.29,0.6000000000000213,5.79,76.14999999999999,0.29,0,Sindhudurg,Maharashtra
2015-10-12,0.17,0.6600000000000213,1.93,76.32,0.29,0,Sindhudurg,Maharashtra
2015-10-13,0.15,0.6100000000000213,1.79,76.45,0.29,0,Sindhudurg,Maharashtra
2015-10-14,0.06,0.3800000000000213,1.46,76.16,0.17,0,Sindhudurg,Maharashtra
2015-10-15,0.01,0.22000000000002132,0.99,74.03999999999999,0.15,0,Sindhudurg,Maharashtra
2015-10-16,0.01,0.08000000000002132,0.8899999999999999,55.309999999999995,0.06,0,Sindhudurg,Maharashtra
2015-10-17,0.13,0.15000000000002134,0.82,27.28,0.13,0,Sindhudurg,Maharashtra
2015-10-18,0.1,0.24000000000002134,0.6300000000000001,15.75,0.13,0,Sindhudurg,Maharashtra
2015-10-19,0.0,0.23000000000002135,0.46,6.42,0.13,0,Sindhudurg,Maharashtra
2015-10-20,0.0,0.10000000000002135,0.31,2.39,0.1,0,Sindhudurg,Maharashtra
2015-10-21,0.0,0.0,0.25,2.1,0.0,0,Sindhudurg,Maharashtra
2015-10-22,0.0,0.0,0.24,1.71,0.0,0,Sindhudurg,Maharashtra
2015-10-23,0.0,0.0,0.23,1.23,0.0,0,Sindhudurg,Maharashtra
2015-10-24,0.0,0.0,0.1,1.1199999999999999,0.0,0,Sindhudurg,Maharashtra
2015-10-25,0.0,0.0,0.0,0.9199999999999999,0.0,0,Sindhudurg,Maharashtra
2015-10-26,0.0,0.0,0.0,0.6299999999999999,0.0,0,Sindhudurg,Maharashtra
2015-10-27,0.0,0.0,0.0,0.46,0.0,0,Sindhudurg,Maharashtra
2015-10-28,0.01,0.010000000000021344,0.01,0.32,0.01,0,Sindhudurg,Maharashtra
2015-10-29,0.0,0.010000000000021344,0.01,0.26,0.01,0,Sindhudurg,Maharashtra
2015-10-30,0.0,0.010000000000021344,0.01,0.25,0.01,0,Sindhudurg,Maharashtra
2015-10-31,0.66,0.6600000000000213,0.67,0.9,0.66,0,Sindhudurg,Maharashtra
2015-11-01,0.73,1.3900000000000214,1.4,1.5,0.73,0,Sindhudurg,Maharashtra
2015-11-02,0.3,1.6900000000000213,1.7,1.7,0.73,0,Sindhudurg,Maharashtra
2015-11-03,0.36,1.3900000000000212,2.06,2.06,0.73,0,Sindhudurg,Maharashtra
2015-11-04,0.93,1.5900000000000212,2.9800000000000004,2.99,0.93,0,Sindhudurg,Maharashtra
2015-11-05,1.56,2.850000000000021,4.54,4.55,1.56,0,Sindhudurg,Maharashtra
2015-11-06,0.09,2.5800000000000214,4.63,4.64,1.56,0,Sindhudurg,Maharashtra
2015-11-07,0.0,1.6500000000000212,3.97,4.64,1.56,0,Sindhudurg,Maharashtra
2015-11-08,0.0,0.09000000000002109,3.24,4.64,0.09,0,Sindhudurg,Maharashtra
2015-11-09,0.0,0.0,2.94,4.64,0.0,0,Sindhudurg,Maharashtra
2015-11-10,0.0,0.0,2.58,4.64,0.0,0,Sindhudurg,Maharashtra
2015-11-11,0.0,0.0,1.6500000000000001,4.64,0.0,0,Sindhudurg,Maharashtra
2015-11-12,0.0,0.0,0.09,4.63,0.0,0,Sindhudurg,Maharashtra
2015-11-13,0.0,0.0,0.0,4.63,0.0,0,Sindhudurg,Maharashtra
2015-11-14,0.0,0.0,0.0,4.63,0.0,0,Sindhudurg,Maharashtra
2015-11-15,0.0,0.0,0.0,3.97,0.0,0,Sindhudurg,Maharashtra
2015-11-16,0.0,0.0,0.0,3.24,0.0,0,Sindhudurg,Maharashtra
2015-11-17,0.0,0.0,0.0,2.9400000000000004,0.0,0,Sindhudurg,Maharashtra
2015-11-18,0.0,0.0,0.0,2.58,0.0,0,Sindhudurg,Maharashtra
2015-11-19,0.01,0.010000000000021094,0.01,1.6600000000000001,0.01,0,Sindhudurg,Maharashtra
2015-11-20,1.84,1.8500000000000212,1.85,1.9400000000000002,1.84,0,Sindhudurg,Maharashtra
2015-11-21,4.08,5.930000000000021,5.93,5.93,4.08,0,Sindhudurg,Maharashtra
2015-11-22,0.49,6.4100000000000215,6.42,6.42,4.08,0,Sindhudurg,Maharashtra
2015-11-23,1.1,5.670000000000021,7.52,7.52,4.08,0,Sindhudurg,Maharashtra
2015-11-24,0.34,1.9300000000000215,7.859999999999999,7.859999999999999,1.1,0,Sindhudurg,Maharashtra
2015-11-25,0.03,1.4700000000000215,7.89,7.89,1.1,0,Sindhudurg,Maharashtra
2015-11-26,0.05,0.42000000000002136,7.93,7.9399999999999995,0.34,0,Sindhudurg,Maharashtra
2015-11-27,0.0,0.08000000000002132,6.09,7.9399999999999995,0.05,0,Sindhudurg,Maharashtra
2015-11-28,0.0,0.05000000000002132,2.0100000000000002,7.9399999999999995,0.05,0,Sindhudurg,Maharashtra
2015-11-29,0.0,0.0,1.52,7.9399999999999995,0.0,0,Sindhudurg,Maharashtra
2015-11-30,0.0,0.0,0.42000000000000004,7.9399999999999995,0.0,0,Sindhudurg,Maharashtra
2015-12-01,0.0,0.0,0.08,7.9399999999999995,0.0,0,Sindhudurg,Maharashtra
2015-12-02,0.01,0.010000000000021316,0.060000000000000005,7.95,0.01,0,Sindhudurg,Maharashtra
2015-12-03,0.0,0.010000000000021316,0.01,7.95,0.01,0,Sindhudurg,Maharashtra
2015-12-04,0.0,0.010000000000021316,0.01,7.94,0.01,0,Sindhudurg,Maharashtra
2015-12-05,0.0,0.0,0.01,6.1,0.0,0,Sindhudurg,Maharashtra
2015-12-06,0.0,0.0,0.01,2.019999999999999,0.0,0,Sindhudurg,Maharashtra
2015-12-07,0.0,0.0,0.01,1.5299999999999991,0.0,0,Sindhudurg,Maharashtra
2015-12-08,0.0,0.0,0.01,0.42999999999999916,0.0,0,Sindhudurg,Maharashtra
2015-12-09,0.0,0.0,0.0,0.08999999999999911,0.0,0,Sindhudurg,Maharashtra
2015-12-10,0.0,0.0,0.0,0.05999999999999912,0.0,0,Sindhudurg,Maharashtra
2015-12-11,0.0,0.0,0.0,0.009999999999999112,0.0,0,Sindhudurg,Maharashtra
2015-12-12,0.0,0.0,0.0,0.009999999999999112,0.0,0,Sindhudurg,Maharashtra
2015-12-13,0.3,0.3000000000000213,0.3,0.3099999999999991,0.3,0,Sindhudurg,Maharashtra
2015-12-14,0.01,0.3100000000000213,0.31,0.3199999999999991,0.3,0,Sindhudurg,Maharashtra
2015-12-15,0.0,0.3100000000000213,0.31,0.3199999999999991,0.3,0,Sindhudurg,Maharashtra
2015-12-16,0.0,0.010000000000021316,0.31,0.3199999999999991,0.01,0,Sindhudurg,Maharashtra
2015-12-17,0.0,0.0,0.31,0.3099999999999991,0.0,0,Sindhudurg,Maharashtra
2015-12-18,0.0,0.0,0.31,0.3099999999999991,0.0,0,Sindhudurg,Maharashtra
2015-12-19,0.0,0.0,0.31,0.3099999999999991,0.0,0,Sindhudurg,Maharashtra
2015-12-20,0.0,0.0,0.01,0.3099999999999991,0.0,0,Sindhudurg,Maharashtra
2015-12-21,0.0,0.0,0.0,0.3099999999999991,0.0,0,Sindhudurg,Maharashtra
2015-12-22,0.0,0.0,0.0,0.3099999999999991,0.0,0,Sindhudurg,Maharashtra
2015-12-23,0.0,0.0,0.0,0.3099999999999991,0.0,0,Sindhudurg,Maharashtra
2015-12-24,0.0,0.0,0.0,0.3099999999999991,0.0,0,Sindhudurg,Maharashtra
2015-12-25,0.0,0.0,0.0,0.3099999999999991,0.0,0,Sindhudurg,Maharashtra
2015-12-26,0.0,0.0,0.0,0.3099999999999991,0.0,0,Sindhudurg,Maharashtra
2015-12-27,0.0,0.0,0.0,0.3099999999999991,0.0,0,Sindhudurg,Maharashtra
2015-12-28,0.0,0.0,0.0,0.009999999999999112,0.0,0,Sindhudurg,Maharashtra
2015-12-29,0.0,0.0,0.0,0.0,0.0,0,Sindhudurg,Maharashtra
2015-12-30,0.0,0.0,0.0,0.0,0.0,0,Sindhudurg,Maharashtra
2015-12-31,0.0,0.0,0.0,0.0,0.0,0,Sindhudurg,Maharashtra
2016-01-01,0.0,0.0,0.0,0.0,0.0,0,Sindhudurg,Maharashtra
2016-01-02,0.0,0.0,0.0,0.0,0.0,0,Sindhudurg,Maharashtra
2016-01-03,0.0,0.0,0.0,0.0,0.0,0,Sindhudurg,Maharashtra
2016-01-04,0.0,0.0,0.0,0.0,0.0,0,Sindhudurg,Maharashtra
2016-01-05,0.0,0.0,0.0,0.0,0.0,0,Sindhudurg,Maharashtra
2016-01-06,0.0,0.0,0.0,0.0,0.0,0,Sindhudurg,Maharashtra
2016-01-07,0.0,0.0,0.0,0.0,0.0,0,Sindhudurg,Maharashtra
2016-01-08,0.0,0.0,0.0,0.0,0.0,0,Sindhudurg,Maharashtra
2016-01-09,0.0,0.0,0.0,0.0,0.0,0,Sindhudurg,Maharashtra
2016-01-10,0.0,0.0,0.0,0.0,0.0,0,Sindhudurg,Maharashtra
2016-01-11,0.0,0.0,0.0,0.0,0.0,0,Sindhudurg,Maharashtra
2016-01-12,0.0,0.0,0.0,0.0,0.0,0,Sindhudurg,Maharashtra
2016-01-13,0.0,0.0,0.0,0.0,0.0,0,Sindhudurg,Maharashtra
2016-01-14,0.0,0.0,0.0,0.0,0.0,0,Sindhudurg,Maharashtra
2016-01-15,0.0,0.0,0.0,0.0,0.0,0,Sindhudurg,Maharashtra
2016-01-16,0.0,0.0,0.0,0.0,0.0,0,Sindhudurg,Maharashtra
2016-01-17,0.0,0.0,0.0,0.0,0.0,0,Sindhudurg,Maharashtra
2016-01-18,0.0,0.0,0.0,0.0,0.0,0,Sindhudurg,Maharashtra
2016-01-19,0.0,0.0,0.0,0.0,0.0,0,Sindhudurg,Maharashtra
2016-01-20,0.0,0.0,0.0,0.0,0.0,0,Sindhudurg,Maharashtra
2016-01-21,0.0,0.0,0.0,0.0,0.0,0,Sindhudurg,Maharashtra
2016-01-22,0.0,0.0,0.0,0.0,0.0,0,Sindhudurg,Maharashtra
2016-01-23,0.0,0.0,0.0,0.0,0.0,0,Sindhudurg,Maharashtra
2016-01-24,0.0,0.0,0.0,0.0,0.0,0,Sindhudurg,Maharashtra
2016-01-25,0.0,0.0,0.0,0.0,0.0,0,Sindhudurg,Maharashtra
2016-01-26,0.0,0.0,0.0,0.0,0.0,0,Sindhudurg,Maharashtra
2016-01-27,0.0,0.0,0.0,0.0,0.0,0,Sindhudurg,Maharashtra
2016-01-28,0.0,0.0,0.0,0.0,0.0,0,Sindhudurg,Maharashtra
2016-01-29,0.0,0.0,0.0,0.0,0.0,0,Sindhudurg,Maharashtra
2016-01-30,0.0,0.0,0.0,0.0,0.0,0,Sindhudurg,Maharashtra
2016-01-31,0.0,0.0,0.0,0.0,0.0,0,Sindhudurg,Maharashtra
2016-02-01,0.0,0.0,0.0,0.0,0.0,0,Sindhudurg,Maharashtra
2016-02-02,0.0,0.0,0.0,0.0,0.0,0,Sindhudurg,Maharashtra
2016-02-03,0.0,0.0,0.0,0.0,0.0,0,Sindhudurg,Maharashtra
2016-02-04,0.0,0.0,0.0,0.0,0.0,0,Sindhudurg,Maharashtra
2016-02-05,0.0,0.0,0.0,0.0,0.0,0,Sindhudurg,Maharashtra
2016-02-06,0.0,0.0,0.0,0.0,0.0,0,Sindhudurg,Maharashtra
2016-02-07,0.0,0.0,0.0,0.0,0.0,0,Sindhudurg,Maharashtra
2016-02-08,0.0,0.0,0.0,0.0,0.0,0,Sindhudurg,Maharashtra
2016-02-09,0.0,0.0,0.0,0.0,0.0,0,Sindhudurg,Maharashtra
2016-02-10,0.0,0.0,0.0,0.0,0.0,0,Sindhudurg,Maharashtra
2016-02-11,0.0,0.0,0.0,0.0,0.0,0,Sindhudurg,Maharashtra
2016-02-12,0.0,0.0,0.0,0.0,0.0,0,Sindhudurg,Maharashtra
2016-02-13,0.0,0.0,0.0,0.0,0.0,0,Sindhudurg,Maharashtra
2016-02-14,0.0,0.0,0.0,0.0,0.0,0,Sindhudurg,Maharashtra
2016-02-15,0.0,0.0,0.0,0.0,0.0,0,Sindhudurg,Maharashtra
2016-02-16,0.0,0.0,0.0,0.0,0.0,0,Sindhudurg,Maharashtra
2016-02-17,0.0,0.0,0.0,0.0,0.0,0,Sindhudurg,Maharashtra
2016-02-18,0.0,0.0,0.0,0.0,0.0,0,Sindhudurg,Maharashtra
2016-02-19,0.0,0.0,0.0,0.0,0.0,0,Sindhudurg,Maharashtra
2016-02-20,0.0,0.0,0.0,0.0,0.0,0,Sindhudurg,Maharashtra
2016-02-21,0.0,0.0,0.0,0.0,0.0,0,Sindhudurg,Maharashtra
2016-02-22,0.0,0.0,0.0,0.0,0.0,0,Sindhudurg,Maharashtra
2016-02-23,0.0,0.0,0.0,0.0,0.0,0,Sindhudurg,Maharashtra
2016-02-24,0.0,0.0,0.0,0.0,0.0,0,Sindhudurg,Maharashtra
2016-02-25,0.0,0.0,0.0,0.0,0.0,0,Sindhudurg,Maharashtra
2016-02-26,0.0,0.0,0.0,0.0,0.0,0,Sindhudurg,Maharashtra
2016-02-27,0.04,0.04000000000002132,0.04,0.03999999999999911,0.04,0,Sindhudurg,Maharashtra
2016-02-28,0.66,0.7000000000000214,0.7000000000000001,0.6999999999999992,0.66,0,Sindhudurg,Maharashtra
2016-02-29,0.63,1.3300000000000214,1.33,1.3299999999999992,0.66,0,Sindhudurg,Maharashtra
2016-03-01,0.36,1.6500000000000212,1.69,1.689999999999999,0.66,0,Sindhudurg,Maharashtra
2016-03-02,0.64,1.6300000000000212,2.33,2.329999999999999,0.64,0,Sindhudurg,Maharashtra
2016-03-03,0.21,1.2100000000000215,2.54,2.539999999999999,0.64,0,Sindhudurg,Maharashtra
2016-03-04,1.09,1.9400000000000215,3.63,3.629999999999999,1.09,0,Sindhudurg,Maharashtra
2016-03-05,0.0,1.3000000000000216,3.59,3.629999999999999,1.09,0,Sindhudurg,Maharashtra
2016-03-06,0.0,1.0900000000000214,2.9299999999999997,3.629999999999999,1.09,0,Sindhudurg,Maharashtra
2016-03-07,0.0,0.0,2.3,3.629999999999999,0.0,0,Sindhudurg,Maharashtra
2016-03-08,0.0,0.0,1.9400000000000002,3.629999999999999,0.0,0,Sindhudurg,Maharashtra
2016-03-09,0.0,0.0,1.3,3.629999999999999,0.0,0,Sindhudurg,Maharashtra
2016-03-10,0.0,0.0,1.09,3.629999999999999,0.0,0,Sindhudurg,Maharashtra
2016-03-11,0.0,0.0,0.0,3.629999999999999,0.0,0,Sindhudurg,Maharashtra
2016-03-12,0.0,0.0,0.0,3.629999999999999,0.0,0,Sindhudurg,Maharashtra
2016-03-13,0.0,0.0,0.0,3.589999999999999,0.0,0,Sindhudurg,Maharashtra
2016-03-14,0.0,0.0,0.0,2.929999999999999,0.0,0,Sindhudurg,Maharashtra
2016-03-15,0.0,0.0,0.0,2.299999999999999,0.0,0,Sindhudurg,Maharashtra
2016-03-16,0.0,0.0,0.0,1.9399999999999993,0.0,0,Sindhudurg,Maharashtra
2016-03-17,0.0,0.0,0.0,1.2999999999999992,0.0,0,Sindhudurg,Maharashtra
2016-03-18,0.0,0.0,0.0,1.0899999999999992,0.0,0,Sindhudurg,Maharashtra
2016-03-19,0.0,0.0,0.0,0.0,0.0,0,Sindhudurg,Maharashtra
2016-03-20,0.0,0.0,0.0,0.0,0.0,0,Sindhudurg,Maharashtra
2016-03-21,0.0,0.0,0.0,0.0,0.0,0,Sindhudurg,Maharashtra
2016-03-22,0.0,0.0,0.0,0.0,0.0,0,Sindhudurg,Maharashtra
2016-03-23,0.02,0.020000000000021317,0.02,0.019999999999999112,0.02,0,Sindhudurg,Maharashtra
2016-03-24,0.0,0.020000000000021317,0.02,0.019999999999999112,0.02,0,Sindhudurg,Maharashtra
2016-03-25,0.0,0.020000000000021317,0.02,0.019999999999999112,0.02,0,Sindhudurg,Maharashtra
2016-03-26,0.01,0.010000000000021316,0.03,0.02999999999999911,0.01,0,Sindhudurg,Maharashtra
2016-03-27,1.17,1.1800000000000213,1.2,1.199999999999999,1.17,0,Sindhudurg,Maharashtra
2016-03-28,1.3,2.4800000000000213,2.5,2.499999999999999,1.3,0,Sindhudurg,Maharashtra
2016-03-29,0.08,2.5500000000000216,2.58,2.579999999999999,1.3,0,Sindhudurg,Maharashtra
2016-03-30,0.04,1.4200000000000215,2.6,2.619999999999999,1.3,0,Sindhudurg,Maharashtra
2016-03-31,0.08,0.20000000000002133,2.68,2.6999999999999993,0.08,0,Sindhudurg,Maharashtra
2016-04-01,0.01,0.13000000000002132,2.69,2.709999999999999,0.08,0,Sindhudurg,Maharashtra
2016-04-02,0.0,0.09000000000002131,2.68,2.709999999999999,0.08,0,Sindhudurg,Maharashtra
2016-04-03,0.01,0.02000000000002133,1.52,2.7199999999999993,0.01,0,Sindhudurg,Maharashtra
2016-04-04,0.34,0.35000000000002135,0.56,3.059999999999999,0.34,0,Sindhudurg,Maharashtra
2016-04-05,0.7,1.0500000000000214,1.18,3.759999999999999,0.7,0,Sindhudurg,Maharashtra
2016-04-06,1.93,2.970000000000021,3.07,5.6899999999999995,1.93,0,Sindhudurg,Maharashtra
2016-04-07,0.04,2.6700000000000212,3.03,5.709999999999999,1.93,0,Sindhudurg,Maharashtra
2016-04-08,0.0,1.9700000000000213,3.02,5.709999999999999,1.93,0,Sindhudurg,Maharashtra
2016-04-09,0.01,0.05000000000002132,3.03,5.72,0.04,0,Sindhudurg,Maharashtra
2016-04-10,0.01,0.020000000000021317,3.03,5.719999999999999,0.01,0,Sindhudurg,Maharashtra
2016-04-11,0.04,0.060000000000021314,2.73,4.589999999999999,0.04,0,Sindhudurg,Maharashtra
2016-04-12,0.0,0.05000000000002132,2.0300000000000002,3.289999999999999,0.04,0,Sindhudurg,Maharashtra
2016-04-13,0.0,0.040000000000021324,0.1,3.209999999999999,0.04,0,Sindhudurg,Maharashtra
2016-04-14,0.0,0.0,0.060000000000000005,3.169999999999999,0.0,0,Sindhudurg,Maharashtra
2016-04-15,0.0,0.0,0.060000000000000005,3.089999999999999,0.0,0,Sindhudurg,Maharashtra
2016-04-16,0.0,0.0,0.05,3.079999999999999,0.0,0,Sindhudurg,Maharashtra
2016-04-17,0.0,0.0,0.04000000000000001,3.079999999999999,0.0,0,Sindhudurg,Maharashtra
2016-04-18,0.0,0.0,0.0,3.069999999999999,0.0,0,Sindhudurg,Maharashtra
2016-04-19,0.09,0.09000000000002131,0.09,2.819999999999999,0.09,0,Sindhudurg,Maharashtra
2016-04-20,0.21,0.3000000000000213,0.3,2.329999999999999,0.21,0,Sindhudurg,Maharashtra
2016-04-21,0.01,0.3100000000000213,0.31,0.4099999999999991,0.21,0,Sindhudurg,Maharashtra
2016-04-22,0.0,0.22000000000002132,0.31,0.3699999999999991,0.21,0,Sindhudurg,Maharashtra
2016-04-23,0.0,0.010000000000021316,0.31,0.3699999999999991,0.01,0,Sindhudurg,Maharashtra
2016-04-24,0.0,0.0,0.31,0.3599999999999991,0.0,0,Sindhudurg,Maharashtra
2016-04-25,0.0,0.0,0.31,0.3499999999999991,0.0,0,Sindhudurg,Maharashtra
2016-04-26,0.0,0.0,0.22,0.30999999999999905,0.0,0,Sindhudurg,Maharashtra
2016-04-27,0.11,0.11000000000002132,0.12,0.41999999999999904,0.11,0,Sindhudurg,Maharashtra
2016-04-28,0.36,0.4700000000000213,0.47,0.779999999999999,0.36,0,Sindhudurg,Maharashtra
2016-04-29,0.5,0.9700000000000213,0.97,1.279999999999999,0.5,0,Sindhudurg,Maharashtra
2016-04-30,0.13,0.9900000000000213,1.1,1.409999999999999,0.5,0,Sindhudurg,Maharashtra
2016-05-01,0.03,0.6600000000000213,1.13,1.439999999999999,0.5,0,Sindhudurg,Maharashtra
2016-05-02,0.0,0.16000000000002132,1.13,1.439999999999999,0.13,0,Sindhudurg,Maharashtra
2016-05-03,0.0,0.030000000000021315,1.13,1.439999999999999,0.03,0,Sindhudurg,Maharashtra
2016-05-04,0.0,0.0,1.0199999999999998,1.3499999999999992,0.0,0,Sindhudurg,Maharashtra
2016-05-05,0.0,0.0,0.66,1.139999999999999,0.0,0,Sindhudurg,Maharashtra
2016-05-06,0.02,0.020000000000021317,0.18,1.149999999999999,0.02,0,Sindhudurg,Maharashtra
2016-05-07,0.01,0.030000000000021315,0.06,1.159999999999999,0.02,0,Sindhudurg,Maharashtra
2016-05-08,0.0,0.030000000000021315,0.03,1.159999999999999,0.02,0,Sindhudurg,Maharashtra
2016-05-09,0.01,0.020000000000021317,0.04,1.169999999999999,0.01,0,Sindhudurg,Maharashtra
2016-05-10,0.04,0.05000000000002132,0.08,1.209999999999999,0.04,0,Sindhudurg,Maharashtra
2016-05-11,0.05,0.10000000000002132,0.13,1.259999999999999,0.05,0,Sindhudurg,Maharashtra
2016-05-12,0.68,0.7700000000000213,0.81,1.8299999999999992,0.68,0,Sindhudurg,Maharashtra
2016-05-13,2.58,3.3100000000000214,3.37,4.049999999999999,2.58,0,Sindhudurg,Maharashtra
2016-05-14,1.25,4.510000000000021,4.61,4.799999999999999,2.58,0,Sindhudurg,Maharashtra
2016-05-15,1.19,5.020000000000021,5.800000000000001,5.859999999999999,2.58,0,Sindhudurg,Maharashtra
2016-05-16,0.37,2.8100000000000214,6.16,6.199999999999999,1.25,0,Sindhudurg,Maharashtra
2016-05-17,0.14,1.7000000000000213,6.260000000000001,6.339999999999999,1.19,0,Sindhudurg,Maharashtra
2016-05-18,0.49,1.0000000000000213,6.699999999999999,6.829999999999999,0.49,0,Sindhudurg,Maharashtra
2016-05-19,0.76,1.3900000000000214,6.78,7.589999999999999,0.76,0,Sindhudurg,Maharashtra
2016-05-20,0.46,1.7100000000000213,4.66,8.049999999999999,0.76,0,Sindhudurg,Maharashtra
2016-05-21,0.39,1.6100000000000214,3.8,8.42,0.76,0,Sindhudurg,Maharashtra
2016-05-22,0.01,0.8600000000000213,2.62,8.42,0.46,0,Sindhudurg,Maharashtra
2016-05-23,0.14,0.5400000000000214,2.39,8.56,0.39,0,Sindhudurg,Maharashtra
2016-05-24,0.05,0.20000000000002133,2.3,8.6,0.14,0,Sindhudurg,Maharashtra
2016-05-25,0.52,0.7100000000000213,2.33,9.079999999999998,0.52,0,Sindhudurg,Maharashtra
2016-05-26,0.66,1.2300000000000213,2.23,9.689999999999998,0.66,0,Sindhudurg,Maharashtra
2016-05-27,0.04,1.2200000000000213,1.81,9.049999999999999,0.66,0,Sindhudurg,Maharashtra
2016-05-28,0.06,0.7600000000000212,1.48,6.5299999999999985,0.66,0,Sindhudurg,Maharashtra
2016-05-29,0.06,0.1600000000000212,1.53,5.34,0.06,0,Sindhudurg,Maharashtra
2016-05-30,0.12,0.2400000000000212,1.51,4.27,0.12,0,Sindhudurg,Maharashtra
2016-05-31,0.22,0.4000000000000212,1.6800000000000002,4.119999999999999,0.22,0,Sindhudurg,Maharashtra
2016-06-01,0.7,1.0400000000000211,1.8599999999999999,4.68,0.7,1,Sindhudurg,Maharashtra
2016-06-02,7.63,8.55000000000002,8.83,11.82,7.63,1,Sindhudurg,Maharashtra
2016-06-03,5.08,13.410000000000021,13.870000000000001,16.14,7.63,1,Sindhudurg,Maharashtra
2016-06-04,28.0,40.71000000000002,41.81,43.68,28.0,1,Sindhudurg,Maharashtra
2016-06-05,11.37,44.45000000000002,53.12,54.66,28.0,1,Sindhudurg,Maharashtra
2016-06-06,7.42,46.79000000000002,60.42,62.07,28.0,1,Sindhudurg,Maharashtra
2016-06-07,7.0,25.79000000000002,67.2,68.93,11.37,1,Sindhudurg,Maharashtra
2016-06-08,34.61,49.03000000000002,101.11,103.49000000000001,34.61,1,Sindhudurg,Maharashtra
2016-06-09,35.67,77.28000000000003,129.15,138.64,35.67,1,Sindhudurg,Maharashtra
2016-06-10,33.21,103.49000000000002,157.28,171.19,35.67,1,Sindhudurg,Maharashtra
2016-06-11,11.03,79.91000000000003,140.31,182.18,35.67,1,Sindhudurg,Maharashtra
2016-06-12,18.1,62.340000000000025,147.04000000000002,200.22,33.21,1,Sindhudurg,Maharashtra
2016-06-13,25.57,54.700000000000024,165.19,225.73000000000002,25.57,1,Sindhudurg,Maharashtra
2016-06-14,11.31,54.980000000000025,169.5,236.92,25.57,1,Sindhudurg,Maharashtra
2016-06-15,12.13,49.01000000000002,147.02,248.83,25.57,1,Sindhudurg,Maharashtra
2016-06-16,10.03,33.47000000000002,121.38000000000001,258.16,12.13,1,Sindhudurg,Maharashtra
2016-06-17,1.03,23.19000000000002,89.20000000000002,251.56000000000003,12.13,1,Sindhudurg,Maharashtra
2016-06-18,3.59,14.65000000000002,81.76,250.07,10.03,1,Sindhudurg,Maharashtra
2016-06-19,6.96,11.580000000000021,70.62,229.03,6.96,1,Sindhudurg,Maharashtra
2016-06-20,23.94,34.49000000000002,68.99000000000001,241.6,23.94,1,Sindhudurg,Maharashtra
2016-06-21,24.11,55.01000000000002,81.78999999999999,258.29,24.11,1,Sindhudurg,Maharashtra
2016-06-22,25.88,73.93000000000002,95.54,277.17,25.88,1,Sindhudurg,Maharashtra
2016-06-23,30.6,80.59000000000003,116.11,273.16,30.6,1,Sindhudurg,Maharashtra
2016-06-24,23.67,80.15000000000003,138.75,261.16,30.6,1,Sindhudurg,Maharashtra
2016-06-25,43.92,98.19000000000003,179.07999999999998,271.87,43.92,1,Sindhudurg,Maharashtra
2016-06-26,22.2,89.79000000000003,194.32,283.04,43.92,1,Sindhudurg,Maharashtra
2016-06-27,52.65,118.77000000000002,223.02999999999997,317.59000000000003,52.65,1,Sindhudurg,Maharashtra
2016-06-28,57.4,132.25000000000003,256.32,349.42,57.4,1,Sindhudurg,Maharashtra
2016-06-29,67.13,177.18,297.57,405.24,67.13,1,Sindhudurg,Maharashtra
2016-06-30,42.37,166.9,309.34,435.48,67.13,1,Sindhudurg,Maharashtra
2016-07-01,49.14,158.64000000000001,334.80999999999995,474.59,67.13,1,Sindhudurg,Maharashtra
2016-07-02,62.76,154.27,353.65,536.32,62.76,1,Sindhudurg,Maharashtra
2016-07-03,38.85,150.75,370.3,571.5799999999999,62.76,1,Sindhudurg,Maharashtra
2016-07-04,55.85,157.46000000000004,373.5,620.4699999999999,62.76,1,Sindhudurg,Maharashtra
2016-07-05,32.78,127.48000000000002,348.88,629.31,55.85,1,Sindhudurg,Maharashtra
2016-07-06,16.7,105.33000000000003,298.45,621.9,55.85,1,Sindhudurg,Maharashtra
2016-07-07,13.39,62.87000000000002,269.46999999999997,609.41,32.78,1,Sindhudurg,Maharashtra
2016-07-08,8.06,38.15000000000001,228.39000000000001,586.87,16.7,1,Sindhudurg,Maharashtra
2016-07-09,69.73,91.18000000000002,235.36,632.9300000000001,69.73,1,Sindhudurg,Maharashtra
2016-07-10,125.45,203.24,321.96000000000004,714.4599999999999,125.45,1,Sindhudurg,Maharashtra
2016-07-11,130.77,325.95000000000005,396.88,823.03,130.77,1,Sindhudurg,Maharashtra
2016-07-12,86.35,342.57000000000005,450.45000000000005,856.73,130.77,1,Sindhudurg,Maharashtra
2016-07-13,35.44,252.56000000000003,469.19000000000005,834.7700000000001,130.77,1,Sindhudurg,Maharashtra
2016-07-14,17.02,138.81000000000003,472.82000000000005,784.6600000000001,86.35,1,Sindhudurg,Maharashtra
2016-07-15,10.12,62.58000000000003,474.88000000000005,752.4100000000001,35.44,1,Sindhudurg,Maharashtra
2016-07-16,10.99,38.130000000000024,416.14000000000004,714.26,17.02,1,Sindhudurg,Maharashtra
2016-07-17,25.91,47.020000000000024,316.6,677.41,25.91,1,Sindhudurg,Maharashtra
2016-07-18,27.18,64.08000000000003,213.01,665.74,27.18,1,Sindhudurg,Maharashtra
2016-07-19,30.34,83.43000000000004,157.0,640.23,30.34,1,Sindhudurg,Maharashtra
2016-07-20,42.29,99.81000000000003,163.85,649.74,42.29,1,Sindhudurg,Maharashtra
2016-07-21,35.29,107.92000000000002,182.11999999999998,668.33,42.29,1,Sindhudurg,Maharashtra
2016-07-22,37.71,115.29000000000002,209.71,692.6500000000001,42.29,1,Sindhudurg,Maharashtra
2016-07-23,38.04,111.04000000000002,236.76,722.63,38.04,1,Sindhudurg,Maharashtra
2016-07-24,19.77,95.52000000000004,230.62,672.67,38.04,1,Sindhudurg,Maharashtra
2016-07-25,19.13,76.94000000000003,222.57,566.35,38.04,1,Sindhudurg,Maharashtra
2016-07-26,5.63,44.53000000000003,197.85999999999999,441.21,19.77,1,Sindhudurg,Maharashtra
2016-07-27,4.82,29.580000000000027,160.39,359.68,19.13,1,Sindhudurg,Maharashtra
2016-07-28,9.76,20.21000000000003,134.86,334.0,9.76,1,Sindhudurg,Maharashtra
2016-07-29,11.44,26.02000000000003,108.59,328.41999999999996,11.44,1,Sindhudurg,Maharashtra
2016-07-30,43.5,64.70000000000003,114.05000000000001,361.79999999999995,43.5,1,Sindhudurg,Maharashtra
2016-07-31,32.27,87.21000000000004,126.55,383.08,43.5,1,Sindhudurg,Maharashtra
2016-08-01,95.38,171.15000000000003,202.8,452.55,95.38,1,Sindhudurg,Maharashtra
2016-08-02,71.49,199.14000000000004,268.65999999999997,496.86,95.38,1,Sindhudurg,Maharashtra
2016-08-03,44.32,211.19000000000003,308.16,510.84000000000003,95.38,1,Sindhudurg,Maharashtra
2016-08-04,50.59,166.40000000000003,348.99,519.14,71.49,1,Sindhudurg,Maharashtra
2016-08-05,85.1,180.01000000000005,422.65,568.9499999999999,85.1,1,Sindhudurg,Maharashtra
2016-08-06,27.57,163.26000000000005,406.72,558.8100000000001,85.1,1,Sindhudurg,Maharashtra
2016-08-07,16.04,128.71000000000004,390.48999999999995,536.81,85.1,1,Sindhudurg,Maharashtra
2016-08-08,15.04,58.65000000000004,310.15,532.0799999999999,27.57,1,Sindhudurg,Maharashtra
2016-08-09,10.94,42.02000000000004,249.6,523.89,16.04,1,Sindhudurg,Maharashtra
2016-08-10,11.43,37.41000000000004,216.71,529.6899999999999,15.04,1,Sindhudurg,Maharashtra
2016-08-11,11.64,34.01000000000004,177.76,536.51,11.64,1,Sindhudurg,Maharashtra
2016-08-12,13.3,36.37000000000005,105.96,540.05,13.3,1,Sindhudurg,Maharashtra
2016-08-13,5.83,30.770000000000046,84.22,534.44,13.3,1,Sindhudurg,Maharashtra
2016-08-14,4.88,24.010000000000044,73.06,495.82,13.3,1,Sindhudurg,Maharashtra
2016-08-15,9.58,20.290000000000042,67.6,473.13,9.58,1,Sindhudurg,Maharashtra
2016-08-16,6.36,20.820000000000043,63.02,384.10999999999996,9.58,1,Sindhudurg,Maharashtra
2016-08-17,3.57,19.510000000000044,55.160000000000004,316.19,9.58,1,Sindhudurg,Maharashtra
2016-08-18,7.58,17.51000000000004,51.1,279.45,7.58,1,Sindhudurg,Maharashtra
2016-08-19,4.24,15.390000000000043,42.04,233.1,7.58,1,Sindhudurg,Maharashtra
2016-08-20,5.18,17.000000000000043,41.39,153.18,7.58,1,Sindhudurg,Maharashtra
2016-08-21,11.75,21.170000000000044,48.26,137.36,11.75,1,Sindhudurg,Maharashtra
2016-08-22,14.79,31.72000000000004,53.47,136.11,14.79,1,Sindhudurg,Maharashtra
2016-08-23,28.03,54.57000000000004,75.14,149.10000000000002,28.03,1,Sindhudurg,Maharashtra
2016-08-24,16.96,59.780000000000044,88.53,155.12,28.03,1,Sindhudurg,Maharashtra
2016-08-25,4.53,49.520000000000046,85.47999999999999,148.22,28.03,1,Sindhudurg,Maharashtra
2016-08-26,3.03,24.520000000000042,84.27,139.60999999999999,16.96,1,Sindhudurg,Maharashtra
2016-08-27,7.84,15.400000000000043,86.93,134.15,7.84,1,Sindhudurg,Maharashtra
2016-08-28,13.47,24.340000000000046,88.65,141.79,13.47,1,Sindhudurg,Maharashtra
2016-08-29,7.72,29.030000000000044,81.58,144.63,13.47,1,Sindhudurg,Maharashtra
2016-08-30,9.14,30.330000000000044,62.69,144.19000000000003,13.47,1,Sindhudurg,Maharashtra
2016-08-31,4.02,20.88000000000004,49.75,141.85,9.14,1,Sindhudurg,Maharashtra
2016-09-01,3.27,16.430000000000042,48.49,141.55,9.14,1,Sindhudurg,Maharashtra
2016-09-02,4.07,11.360000000000042,49.53,138.04,4.07,1,Sindhudurg,Maharashtra
2016-09-03,4.06,11.400000000000041,45.75,137.86,4.07,1,Sindhudurg,Maharashtra
2016-09-04,1.46,9.590000000000042,33.74,134.14000000000001,4.07,1,Sindhudurg,Maharashtra
2016-09-05,0.81,6.330000000000043,26.83,123.2,4.06,1,Sindhudurg,Maharashtra
2016-09-06,2.96,5.230000000000043,20.65,111.37,2.96,1,Sindhudurg,Maharashtra
2016-09-07,2.71,6.480000000000043,19.34,86.05,2.96,1,Sindhudurg,Maharashtra
2016-09-08,0.62,6.290000000000042,16.69,69.71000000000001,2.96,1,Sindhudurg,Maharashtra
2016-09-09,0.22,3.5500000000000425,12.84,65.4,2.71,1,Sindhudurg,Maharashtra
2016-09-10,0.24,1.0800000000000427,9.020000000000001,62.61,0.62,1,Sindhudurg,Maharashtra
2016-09-11,0.9,1.3600000000000425,8.46,55.67,0.9,1,Sindhudurg,Maharashtra
2016-09-12,3.53,4.670000000000043,11.18,45.730000000000004,3.53,1,Sindhudurg,Maharashtra
2016-09-13,12.35,16.780000000000044,20.57,50.36,12.35,1,Sindhudurg,Maharashtra
2016-09-14,11.84,27.72000000000004,29.7,53.059999999999995,12.35,1,Sindhudurg,Maharashtra
2016-09-15,15.54,39.73000000000004,44.62,64.58,15.54,1,Sindhudurg,Maharashtra
2016-09-16,18.16,45.54000000000004,62.56,79.47,18.16,1,Sindhudurg,Maharashtra
2016-09-17,18.91,52.61000000000004,81.22999999999999,94.31,18.91,1,Sindhudurg,Maharashtra
2016-09-18,18.99,56.06000000000004,99.32000000000001,109.24,18.99,1,Sindhudurg,Maharashtra
2016-09-19,5.75,43.65000000000004,101.54,113.53,18.99,1,Sindhudurg,Maharashtra
2016-09-20,6.07,30.81000000000004,95.25999999999999,118.79,18.99,1,Sindhudurg,Maharashtra
2016-09-21,12.44,24.26000000000004,95.85999999999999,128.26999999999998,12.44,1,Sindhudurg,Maharashtra
2016-09-22,15.99,34.50000000000004,96.31,141.55,15.99,1,Sindhudurg,Maharashtra
2016-09-23,36.54,64.97000000000004,114.69,177.47,36.54,1,Sindhudurg,Maharashtra
2016-09-24,29.28,81.81000000000004,125.06,206.53,36.54,1,Sindhudurg,Maharashtra
2016-09-25,17.38,83.20000000000005,123.44999999999999,223.67,36.54,1,Sindhudurg,Maharashtra
2016-09-26,2.97,49.630000000000045,120.66999999999999,225.74,29.28,1,Sindhudurg,Maharashtra
2016-09-27,1.39,21.74000000000004,115.99,223.60000000000002,17.38,1,Sindhudurg,Maharashtra
2016-09-28,7.56,11.920000000000043,111.11,218.81,7.56,1,Sindhudurg,Maharashtra
2016-09-29,4.17,13.120000000000042,99.28999999999999,211.14000000000001,7.56,1,Sindhudurg,Maharashtra
2016-09-30,1.76,13.490000000000043,64.51,197.35999999999999,7.56,1,Sindhudurg,Maharashtra
2016-10-01,3.18,9.110000000000042,38.41,182.38,4.17,0,Sindhudurg,Maharashtra
2016-10-02,5.32,10.260000000000044,26.35,168.79,5.32,0,Sindhudurg,Maharashtra
2016-10-03,4.48,12.980000000000043,27.860000000000003,154.28,5.32,0,Sindhudurg,Maharashtra
2016-10-04,3.38,13.180000000000044,29.85,151.91,5.32,0,Sindhudurg,Maharashtra
2016-10-05,1.45,9.310000000000043,23.74,147.29,4.48,0,Sindhudurg,Maharashtra
2016-10-06,0.22,5.0500000000000425,19.790000000000003,135.07,3.38,0,Sindhudurg,Maharashtra
2016-10-07,0.76,2.4300000000000423,18.79,119.84,1.45,0,Sindhudurg,Maharashtra
2016-10-08,2.83,3.8100000000000422,18.439999999999998,86.13,2.83,0,Sindhudurg,Maharashtra
2016-10-09,23.04,26.63000000000004,36.16,79.89,23.04,0,Sindhudurg,Maharashtra
2016-10-10,17.82,43.69000000000004,49.5,80.33000000000001,23.04,0,Sindhudurg,Maharashtra
2016-10-11,8.97,49.83000000000004,55.09,86.33000000000001,23.04,0,Sindhudurg,Maharashtra
2016-10-12,1.82,28.610000000000042,55.46,86.76,17.82,0,Sindhudurg,Maharashtra
2016-10-13,0.2,10.990000000000043,55.44,79.4,8.97,0,Sindhudurg,Maharashtra
2016-10-14,0.02,2.0400000000000427,54.699999999999996,75.25,1.82,0,Sindhudurg,Maharashtra
2016-10-15,0.0,0.22000000000004263,51.87,73.49,0.2,0,Sindhudurg,Maharashtra
2016-10-16,0.0,0.020000000000042633,28.83,70.31,0.02,0,Sindhudurg,Maharashtra
2016-10-17,0.0,0.0,11.009999999999998,64.99,0.0,0,Sindhudurg,Maharashtra
2016-10-18,0.0,0.0,2.0399999999999965,60.51,0.0,0,Sindhudurg,Maharashtra
2016-10-19,0.0,0.0,0.21999999999999645,57.129999999999995,0.0,0,Sindhudurg,Maharashtra
2016-10-20,0.0,0.0,0.019999999999996448,55.68,0.0,0,Sindhudurg,Maharashtra
2016-10-21,0.0,0.0,0.0,55.46,0.0,0,Sindhudurg,Maharashtra
2016-10-22,0.0,0.0,0.0,54.699999999999996,0.0,0,Sindhudurg,Maharashtra
2016-10-23,0.0,0.0,0.0,51.87,0.0,0,Sindhudurg,Maharashtra
2016-10-24,0.0,0.0,0.0,28.830000000000002,0.0,0,Sindhudurg,Maharashtra
2016-10-25,0.0,0.0,0.0,11.010000000000002,0.0,0,Sindhudurg,Maharashtra
2016-10-26,0.0,0.0,0.0,2.04,0.0,0,Sindhudurg,Maharashtra
2016-10-27,0.0,0.0,0.0,0.22,0.0,0,Sindhudurg,Maharashtra
2016-10-28,0.0,0.0,0.0,0.02,0.0,0,Sindhudurg,Maharashtra
2016-10-29,0.0,0.0,0.0,0.0,0.0,0,Sindhudurg,Maharashtra
2016-10-30,0.31,0.31000000000004263,0.30999999999999645,0.31,0.31,0,Sindhudurg,Maharashtra
2016-10-31,0.14,0.45000000000004264,0.44999999999999646,0.45,0.31,0,Sindhudurg,Maharashtra
2016-11-01,0.01,0.46000000000004265,0.45999999999999647,0.46,0.31,0,Sindhudurg,Maharashtra
2016-11-02,0.0,0.15000000000004265,0.45999999999999647,0.46,0.14,0,Sindhudurg,Maharashtra
2016-11-03,0.0,0.010000000000042633,0.45999999999999647,0.46,0.01,0,Sindhudurg,Maharashtra
2016-11-04,0.0,0.0,0.45999999999999647,0.46,0.0,0,Sindhudurg,Maharashtra
2016-11-05,0.0,0.0,0.45999999999999647,0.46,0.0,0,Sindhudurg,Maharashtra
2016-11-06,0.0,0.0,0.14999999999999647,0.46,0.0,0,Sindhudurg,Maharashtra
2016-11-07,0.0,0.0,0.009999999999996447,0.46,0.0,0,Sindhudurg,Maharashtra
2016-11-08,0.0,0.0,0.0,0.46,0.0,0,Sindhudurg,Maharashtra
2016-11-09,0.0,0.0,0.0,0.46,0.0,0,Sindhudurg,Maharashtra
2016-11-10,0.0,0.0,0.0,0.46,0.0,0,Sindhudurg,Maharashtra
2016-11-11,0.0,0.0,0.0,0.46,0.0,0,Sindhudurg,Maharashtra
2016-11-12,0.0,0.0,0.0,0.46,0.0,0,Sindhudurg,Maharashtra
2016-11-13,0.0,0.0,0.0,0.46,0.0,0,Sindhudurg,Maharashtra
2016-11-14,1.02,1.0200000000000427,1.0199999999999965,1.17,1.02,0,Sindhudurg,Maharashtra
2016-11-15,5.51,6.530000000000042,6.529999999999996,6.539999999999999,5.51,0,Sindhudurg,Maharashtra
2016-11-16,1.61,8.140000000000041,8.139999999999995,8.139999999999999,5.51,0,Sindhudurg,Maharashtra
2016-11-17,0.03,7.150000000000042,8.169999999999996,8.17,5.51,0,Sindhudurg,Maharashtra
2016-11-18,0.0,1.6400000000000428,8.169999999999996,8.17,1.61,0,Sindhudurg,Maharashtra
2016-11-19,0.0,0.03000000000004263,8.169999999999996,8.17,0.03,0,Sindhudurg,Maharashtra
2016-11-20,0.0,0.0,8.169999999999996,8.17,0.0,0,Sindhudurg,Maharashtra
2016-11-21,0.0,0.0,7.149999999999996,8.17,0.0,0,Sindhudurg,Maharashtra
2016-11-22,0.0,0.0,1.6399999999999966,8.17,0.0,0,Sindhudurg,Maharashtra
2016-11-23,0.0,0.0,0.029999999999996446,8.17,0.0,0,Sindhudurg,Maharashtra
2016-11-24,0.0,0.0,0.0,8.17,0.0,0,Sindhudurg,Maharashtra
2016-11-25,0.0,0.0,0.0,8.17,0.0,0,Sindhudurg,Maharashtra
2016-11-26,0.0,0.0,0.0,8.17,0.0,0,Sindhudurg,Maharashtra
2016-11-27,0.0,0.0,0.0,8.17,0.0,0,Sindhudurg,Maharashtra
2016-11-28,0.0,0.0,0.0,8.17,0.0,0,Sindhudurg,Maharashtra
2016-11-29,0.0,0.0,0.0,7.1499999999999995,0.0,0,Sindhudurg,Maharashtra
2016-11-30,0.0,0.0,0.0,1.6400000000000001,0.0,0,Sindhudurg,Maharashtra
2016-12-01,0.0,0.0,0.0,0.03,0.0,0,Sindhudurg,Maharashtra
2016-12-02,0.0,0.0,0.0,0.0,0.0,0,Sindhudurg,Maharashtra
2016-12-03,0.0,0.0,0.0,0.0,0.0,0,Sindhudurg,Maharashtra
2016-12-04,0.01,0.010000000000042633,0.009999999999996447,0.01,0.01,0,Sindhudurg,Maharashtra
2016-12-05,0.0,0.010000000000042633,0.009999999999996447,0.01,0.01,0,Sindhudurg,Maharashtra
2016-12-06,0.0,0.010000000000042633,0.009999999999996447,0.01,0.01,0,Sindhudurg,Maharashtra
2016-12-07,0.0,0.0,0.009999999999996447,0.01,0.0,0,Sindhudurg,Maharashtra
2016-12-08,0.0,0.0,0.009999999999996447,0.01,0.0,0,Sindhudurg,Maharashtra
2016-12-09,0.0,0.0,0.009999999999996447,0.01,0.0,0,Sindhudurg,Maharashtra
2016-12-10,0.0,0.0,0.009999999999996447,0.01,0.0,0,Sindhudurg,Maharashtra
2016-12-11,0.0,0.0,0.0,0.01,0.0,0,Sindhudurg,Maharashtra
2016-12-12,0.0,0.0,0.0,0.01,0.0,0,Sindhudurg,Maharashtra
2016-12-13,0.0,0.0,0.0,0.01,0.0,0,Sindhudurg,Maharashtra
2016-12-14,0.01,0.010000000000042633,0.009999999999996447,0.02,0.01,0,Sindhudurg,Maharashtra
2016-12-15,0.01,0.020000000000042633,0.019999999999996448,0.03,0.01,0,Sindhudurg,Maharashtra
2016-12-16,0.01,0.03,0.029999999999996446,0.04,0.01,0,Sindhudurg,Maharashtra
2016-12-17,0.0,0.02000000000004263,0.029999999999996446,0.04,0.01,0,Sindhudurg,Maharashtra
2016-12-18,0.0,0.010000000000042633,0.029999999999996446,0.04,0.01,0,Sindhudurg,Maharashtra
2016-12-19,0.0,0.0,0.029999999999996446,0.03,0.0,0,Sindhudurg,Maharashtra
2016-12-20,0.0,0.0,0.029999999999996446,0.03,0.0,0,Sindhudurg,Maharashtra
2016-12-21,0.0,0.0,0.019999999999996444,0.03,0.0,0,Sindhudurg,Maharashtra
2016-12-22,0.0,0.0,0.009999999999996447,0.03,0.0,0,Sindhudurg,Maharashtra
2016-12-23,0.0,0.0,0.0,0.03,0.0,0,Sindhudurg,Maharashtra
2016-12-24,0.0,0.0,0.0,0.03,0.0,0,Sindhudurg,Maharashtra
2016-12-25,0.0,0.0,0.0,0.03,0.0,0,Sindhudurg,Maharashtra
2016-12-26,0.0,0.0,0.0,0.03,0.0,0,Sindhudurg,Maharashtra
2016-12-27,0.0,0.0,0.0,0.03,0.0,0,Sindhudurg,Maharashtra
2016-12-28,0.0,0.0,0.0,0.03,0.0,0,Sindhudurg,Maharashtra
2016-12-29,0.0,0.0,0.0,0.02,0.0,0,Sindhudurg,Maharashtra
2016-12-30,0.0,0.0,0.0,0.01,0.0,0,Sindhudurg,Maharashtra
2016-12-31,0.0,0.0,0.0,0.0,0.0,0,Sindhudurg,Maharashtra
2017-01-01,0.0,0.0,0.0,0.0,0.0,0,Sindhudurg,Maharashtra
2017-01-02,0.0,0.0,0.0,0.0,0.0,0,Sindhudurg,Maharashtra
2017-01-03,0.0,0.0,0.0,0.0,0.0,0,Sindhudurg,Maharashtra
2017-01-04,0.0,0.0,0.0,0.0,0.0,0,Sindhudurg,Maharashtra
2017-01-05,0.0,0.0,0.0,0.0,0.0,0,Sindhudurg,Maharashtra
2017-01-06,0.0,0.0,0.0,0.0,0.0,0,Sindhudurg,Maharashtra
2017-01-07,0.0,0.0,0.0,0.0,0.0,0,Sindhudurg,Maharashtra
2017-01-08,0.0,0.0,0.0,0.0,0.0,0,Sindhudurg,Maharashtra
2017-01-09,0.0,0.0,0.0,0.0,0.0,0,Sindhudurg,Maharashtra
2017-01-10,0.0,0.0,0.0,0.0,0.0,0,Sindhudurg,Maharashtra
2017-01-11,0.0,0.0,0.0,0.0,0.0,0,Sindhudurg,Maharashtra
2017-01-12,0.0,0.0,0.0,0.0,0.0,0,Sindhudurg,Maharashtra
2017-01-13,0.0,0.0,0.0,0.0,0.0,0,Sindhudurg,Maharashtra
2017-01-14,0.0,0.0,0.0,0.0,0.0,0,Sindhudurg,Maharashtra
2017-01-15,0.0,0.0,0.0,0.0,0.0,0,Sindhudurg,Maharashtra
2017-01-16,0.0,0.0,0.0,0.0,0.0,0,Sindhudurg,Maharashtra
2017-01-17,0.0,0.0,0.0,0.0,0.0,0,Sindhudurg,Maharashtra
2017-01-18,0.0,0.0,0.0,0.0,0.0,0,Sindhudurg,Maharashtra
2017-01-19,0.0,0.0,0.0,0.0,0.0,0,Sindhudurg,Maharashtra
2017-01-20,0.0,0.0,0.0,0.0,0.0,0,Sindhudurg,Maharashtra
2017-01-21,0.0,0.0,0.0,0.0,0.0,0,Sindhudurg,Maharashtra
2017-01-22,0.0,0.0,0.0,0.0,0.0,0,Sindhudurg,Maharashtra
2017-01-23,0.0,0.0,0.0,0.0,0.0,0,Sindhudurg,Maharashtra
2017-01-24,0.0,0.0,0.0,0.0,0.0,0,Sindhudurg,Maharashtra
2017-01-25,0.0,0.0,0.0,0.0,0.0,0,Sindhudurg,Maharashtra
2017-01-26,0.0,0.0,0.0,0.0,0.0,0,Sindhudurg,Maharashtra
2017-01-27,0.0,0.0,0.0,0.0,0.0,0,Sindhudurg,Maharashtra
2017-01-28,0.0,0.0,0.0,0.0,0.0,0,Sindhudurg,Maharashtra
2017-01-29,0.0,0.0,0.0,0.0,0.0,0,Sindhudurg,Maharashtra
2017-01-30,0.0,0.0,0.0,0.0,0.0,0,Sindhudurg,Maharashtra
2017-01-31,0.0,0.0,0.0,0.0,0.0,0,Sindhudurg,Maharashtra
2017-02-01,0.0,0.0,0.0,0.0,0.0,0,Sindhudurg,Maharashtra
2017-02-02,0.0,0.0,0.0,0.0,0.0,0,Sindhudurg,Maharashtra
2017-02-03,0.0,0.0,0.0,0.0,0.0,0,Sindhudurg,Maharashtra
2017-02-04,0.0,0.0,0.0,0.0,0.0,0,Sindhudurg,Maharashtra
2017-02-05,0.0,0.0,0.0,0.0,0.0,0,Sindhudurg,Maharashtra
2017-02-06,0.0,0.0,0.0,0.0,0.0,0,Sindhudurg,Maharashtra
2017-02-07,0.0,0.0,0.0,0.0,0.0,0,Sindhudurg,Maharashtra
2017-02-08,0.0,0.0,0.0,0.0,0.0,0,Sindhudurg,Maharashtra
2017-02-09,0.0,0.0,0.0,0.0,0.0,0,Sindhudurg,Maharashtra
2017-02-10,0.0,0.0,0.0,0.0,0.0,0,Sindhudurg,Maharashtra
2017-02-11,0.0,0.0,0.0,0.0,0.0,0,Sindhudurg,Maharashtra
2017-02-12,0.0,0.0,0.0,0.0,0.0,0,Sindhudurg,Maharashtra
2017-02-13,0.0,0.0,0.0,0.0,0.0,0,Sindhudurg,Maharashtra
2017-02-14,0.0,0.0,0.0,0.0,0.0,0,Sindhudurg,Maharashtra
2017-02-15,0.0,0.0,0.0,0.0,0.0,0,Sindhudurg,Maharashtra
2017-02-16,0.0,0.0,0.0,0.0,0.0,0,Sindhudurg,Maharashtra
2017-02-17,0.0,0.0,0.0,0.0,0.0,0,Sindhudurg,Maharashtra
2017-02-18,0.0,0.0,0.0,0.0,0.0,0,Sindhudurg,Maharashtra
2017-02-19,0.0,0.0,0.0,0.0,0.0,0,Sindhudurg,Maharashtra
2017-02-20,0.0,0.0,0.0,0.0,0.0,0,Sindhudurg,Maharashtra
2017-02-21,0.0,0.0,0.0,0.0,0.0,0,Sindhudurg,Maharashtra
2017-02-22,0.0,0.0,0.0,0.0,0.0,0,Sindhudurg,Maharashtra
2017-02-23,0.0,0.0,0.0,0.0,0.0,0,Sindhudurg,Maharashtra
2017-02-24,0.0,0.0,0.0,0.0,0.0,0,Sindhudurg,Maharashtra
2017-02-25,0.0,0.0,0.0,0.0,0.0,0,Sindhudurg,Maharashtra
2017-02-26,0.0,0.0,0.0,0.0,0.0,0,Sindhudurg,Maharashtra
2017-02-27,0.0,0.0,0.0,0.0,0.0,0,Sindhudurg,Maharashtra
2017-02-28,0.0,0.0,0.0,0.0,0.0,0,Sindhudurg,Maharashtra
2017-03-01,0.0,0.0,0.0,0.0,0.0,0,Sindhudurg,Maharashtra
2017-03-02,0.0,0.0,0.0,0.0,0.0,0,Sindhudurg,Maharashtra
2017-03-03,0.0,0.0,0.0,0.0,0.0,0,Sindhudurg,Maharashtra
2017-03-04,0.0,0.0,0.0,0.0,0.0,0,Sindhudurg,Maharashtra
2017-03-05,0.0,0.0,0.0,0.0,0.0,0,Sindhudurg,Maharashtra
2017-03-06,0.0,0.0,0.0,0.0,0.0,0,Sindhudurg,Maharashtra
2017-03-07,0.0,0.0,0.0,0.0,0.0,0,Sindhudurg,Maharashtra
2017-03-08,0.0,0.0,0.0,0.0,0.0,0,Sindhudurg,Maharashtra
2017-03-09,0.0,0.0,0.0,0.0,0.0,0,Sindhudurg,Maharashtra
2017-03-10,0.0,0.0,0.0,0.0,0.0,0,Sindhudurg,Maharashtra
2017-03-11,0.0,0.0,0.0,0.0,0.0,0,Sindhudurg,Maharashtra
2017-03-12,0.0,0.0,0.0,0.0,0.0,0,Sindhudurg,Maharashtra
2017-03-13,0.0,0.0,0.0,0.0,0.0,0,Sindhudurg,Maharashtra
2017-03-14,0.0,0.0,0.0,0.0,0.0,0,Sindhudurg,Maharashtra
2017-03-15,0.0,0.0,0.0,0.0,0.0,0,Sindhudurg,Maharashtra
2017-03-16,0.0,0.0,0.0,0.0,0.0,0,Sindhudurg,Maharashtra
2017-03-17,0.0,0.0,0.0,0.0,0.0,0,Sindhudurg,Maharashtra
2017-03-18,0.0,0.0,0.0,0.0,0.0,0,Sindhudurg,Maharashtra
2017-03-19,0.0,0.0,0.0,0.0,0.0,0,Sindhudurg,Maharashtra
2017-03-20,0.0,0.0,0.0,0.0,0.0,0,Sindhudurg,Maharashtra
2017-03-21,0.0,0.0,0.0,0.0,0.0,0,Sindhudurg,Maharashtra
2017-03-22,0.0,0.0,0.0,0.0,0.0,0,Sindhudurg,Maharashtra
2017-03-23,0.0,0.0,0.0,0.0,0.0,0,Sindhudurg,Maharashtra
2017-03-24,0.0,0.0,0.0,0.0,0.0,0,Sindhudurg,Maharashtra
2017-03-25,0.0,0.0,0.0,0.0,0.0,0,Sindhudurg,Maharashtra
2017-03-26,0.0,0.0,0.0,0.0,0.0,0,Sindhudurg,Maharashtra
2017-03-27,0.0,0.0,0.0,0.0,0.0,0,Sindhudurg,Maharashtra
2017-03-28,0.02,0.020000000000042633,0.019999999999996448,0.02,0.02,0,Sindhudurg,Maharashtra
2017-03-29,0.03,0.050000000000042635,0.04999999999999645,0.05,0.03,0,Sindhudurg,Maharashtra
2017-03-30,0.04,0.09000000000004263,0.08999999999999644,0.09,0.04,0,Sindhudurg,Maharashtra
2017-03-31,0.19,0.26000000000004264,0.2799999999999965,0.28,0.19,0,Sindhudurg,Maharashtra
2017-04-01,0.07,0.3000000000000427,0.3499999999999964,0.35,0.19,0,Sindhudurg,Maharashtra
2017-04-02,0.0,0.26000000000004264,0.3499999999999964,0.35,0.19,0,Sindhudurg,Maharashtra
2017-04-03,0.0,0.07000000000004267,0.3499999999999964,0.35,0.07,0,Sindhudurg,Maharashtra
2017-04-04,0.0,0.0,0.3299999999999964,0.35,0.0,0,Sindhudurg,Maharashtra
2017-04-05,0.0,0.0,0.2999999999999965,0.35,0.0,0,Sindhudurg,Maharashtra
2017-04-06,0.0,0.0,0.25999999999999646,0.35,0.0,0,Sindhudurg,Maharashtra
2017-04-07,0.01,0.01000000000004266,0.07999999999999645,0.36,0.01,0,Sindhudurg,Maharashtra
2017-04-08,0.0,0.01000000000004266,0.009999999999996447,0.36,0.01,0,Sindhudurg,Maharashtra
2017-04-09,0.0,0.01000000000004266,0.009999999999996447,0.36,0.01,0,Sindhudurg,Maharashtra
2017-04-10,0.01,0.01000000000004266,0.019999999999996448,0.37,0.01,0,Sindhudurg,Maharashtra
2017-04-11,0.01,0.02000000000004266,0.029999999999996446,0.38,0.01,0,Sindhudurg,Maharashtra
2017-04-12,0.0,0.02000000000004266,0.029999999999996446,0.36,0.01,0,Sindhudurg,Maharashtra
2017-04-13,0.0,0.01000000000004266,0.029999999999996446,0.33,0.01,0,Sindhudurg,Maharashtra
2017-04-14,0.0,0.0,0.019999999999996444,0.29000000000000004,0.0,0,Sindhudurg,Maharashtra
2017-04-15,0.0,0.0,0.019999999999996444,0.1,0.0,0,Sindhudurg,Maharashtra
2017-04-16,0.0,0.0,0.019999999999996444,0.03,0.0,0,Sindhudurg,Maharashtra
2017-04-17,0.0,0.0,0.009999999999996447,0.03,0.0,0,Sindhudurg,Maharashtra
2017-04-18,0.0,0.0,0.0,0.03,0.0,0,Sindhudurg,Maharashtra
2017-04-19,0.0,0.0,0.0,0.03,0.0,0,Sindhudurg,Maharashtra
2017-04-20,0.0,0.0,0.0,0.03,0.0,0,Sindhudurg,Maharashtra
2017-04-21,0.0,0.0,0.0,0.03,0.0,0,Sindhudurg,Maharashtra
2017-04-22,0.0,0.0,0.0,0.019999999999999997,0.0,0,Sindhudurg,Maharashtra
2017-04-23,0.0,0.0,0.0,0.019999999999999997,0.0,0,Sindhudurg,Maharashtra
2017-04-24,0.0,0.0,0.0,0.019999999999999997,0.0,0,Sindhudurg,Maharashtra
2017-04-25,0.0,0.0,0.0,0.01,0.0,0,Sindhudurg,Maharashtra
2017-04-26,0.0,0.0,0.0,0.0,0.0,0,Sindhudurg,Maharashtra
2017-04-27,0.03,0.03000000000004266,0.029999999999996446,0.03,0.03,0,Sindhudurg,Maharashtra
2017-04-28,0.01,0.04000000000004266,0.03999999999999645,0.04,0.03,0,Sindhudurg,Maharashtra
2017-04-29,0.72,0.7600000000000426,0.7599999999999965,0.76,0.72,0,Sindhudurg,Maharashtra
2017-04-30,0.71,1.4400000000000426,1.4699999999999964,1.47,0.72,0,Sindhudurg,Maharashtra
2017-05-01,0.02,1.4500000000000426,1.4899999999999964,1.49,0.72,0,Sindhudurg,Maharashtra
2017-05-02,0.06,0.7900000000000426,1.5499999999999965,1.55,0.71,0,Sindhudurg,Maharashtra
2017-05-03,2.76,2.8400000000000425,4.309999999999996,4.31,2.76,0,Sindhudurg,Maharashtra
2017-05-04,2.08,4.900000000000043,6.359999999999996,6.39,2.76,0,Sindhudurg,Maharashtra
2017-05-05,1.16,6.000000000000043,7.509999999999996,7.55,2.76,0,Sindhudurg,Maharashtra
2017-05-06,3.48,6.720000000000043,10.269999999999996,11.03,3.48,0,Sindhudurg,Maharashtra
2017-05-07,4.83,9.470000000000043,14.389999999999995,15.86,4.83,0,Sindhudurg,Maharashtra
2017-05-08,0.7,9.010000000000042,15.069999999999995,16.56,4.83,0,Sindhudurg,Maharashtra
2017-05-09,0.08,5.610000000000044,15.089999999999995,16.64,4.83,0,Sindhudurg,Maharashtra
2017-05-10,0.03,0.8100000000000435,12.359999999999996,16.669999999999998,0.7,0,Sindhudurg,Maharashtra
2017-05-11,0.09,0.20000000000004353,10.369999999999997,16.759999999999998,0.09,0,Sindhudurg,Maharashtra
2017-05-12,1.07,1.1900000000000437,10.279999999999998,17.799999999999997,1.07,0,Sindhudurg,Maharashtra
2017-05-13,1.03,2.190000000000044,7.8299999999999965,18.82,1.07,0,Sindhudurg,Maharashtra
2017-05-14,1.24,3.340000000000044,4.239999999999997,19.339999999999996,1.24,0,Sindhudurg,Maharashtra
2017-05-15,2.53,4.800000000000043,6.069999999999996,21.16,2.53,0,Sindhudurg,Maharashtra
2017-05-16,0.15,3.920000000000043,6.139999999999996,21.29,2.53,0,Sindhudurg,Maharashtra
2017-05-17,0.0,2.6800000000000432,6.109999999999997,21.229999999999997,2.53,0,Sindhudurg,Maharashtra
2017-05-18,0.0,0.15000000000004352,6.019999999999996,18.47,0.15,0,Sindhudurg,Maharashtra
2017-05-19,0.0,0.0,4.949999999999997,16.389999999999997,0.0,0,Sindhudurg,Maharashtra
2017-05-20,0.0,0.0,3.919999999999996,15.23,0.0,0,Sindhudurg,Maharashtra
2017-05-21,0.0,0.0,2.679999999999996,11.75,0.0,0,Sindhudurg,Maharashtra
2017-05-22,0.02,0.02000000000004352,0.169999999999996,6.9399999999999995,0.02,0,Sindhudurg,Maharashtra
2017-05-23,0.03,0.050000000000043524,0.049999999999996006,6.27,0.03,0,Sindhudurg,Maharashtra
2017-05-24,0.03,0.08000000000004352,0.079999999999996,6.22,0.03,0,Sindhudurg,Maharashtra
2017-05-25,0.0,0.06000000000004352,0.079999999999996,6.19,0.03,0,Sindhudurg,Maharashtra
2017-05-26,0.1,0.13000000000004353,0.179999999999996,6.199999999999999,0.1,0,Sindhudurg,Maharashtra
2017-05-27,0.2,0.30000000000004357,0.379999999999996,5.33,0.2,0,Sindhudurg,Maharashtra
2017-05-28,0.35,0.6500000000000435,0.729999999999996,4.6499999999999995,0.35,0,Sindhudurg,Maharashtra
2017-05-29,1.41,1.9600000000000435,2.1199999999999957,4.819999999999999,1.41,0,Sindhudurg,Maharashtra
2017-05-30,19.44,21.200000000000045,21.529999999999998,21.73,19.44,0,Sindhudurg,Maharashtra
2017-05-31,43.59,64.44000000000005,65.09,65.17,43.59,0,Sindhudurg,Maharashtra
2017-06-01,11.73,74.76000000000005,76.82000000000001,76.9,43.59,1,Sindhudurg,Maharashtra
2017-06-02,0.84,56.160000000000046,77.56000000000002,77.74000000000001,43.59,1,Sindhudurg,Maharashtra
2017-06-03,1.19,13.760000000000042,78.55000000000001,78.93,11.73,1,Sindhudurg,Maharashtra
2017-06-04,1.53,3.5600000000000422,79.73,80.46000000000001,1.53,1,Sindhudurg,Maharashtra
2017-06-05,1.13,3.8500000000000423,79.45,81.59,1.53,1,Sindhudurg,Maharashtra
2017-06-06,5.25,7.910000000000043,65.26,86.82000000000001,5.25,1,Sindhudurg,Maharashtra
2017-06-07,12.39,18.770000000000042,34.06,99.18,12.39,1,Sindhudurg,Maharashtra
2017-06-08,25.34,42.98000000000005,47.67,124.49000000000001,25.34,1,Sindhudurg,Maharashtra
2017-06-09,27.94,65.67000000000004,74.77,152.43,27.94,1,Sindhudurg,Maharashtra
2017-06-10,20.3,73.58000000000004,93.88,172.63,27.94,1,Sindhudurg,Maharashtra
2017-06-11,29.71,77.95000000000005,122.06,202.14,29.71,1,Sindhudurg,Maharashtra
2017-06-12,29.43,79.44000000000004,150.36,231.22,29.71,1,Sindhudurg,Maharashtra
2017-06-13,10.05,69.19000000000005,155.16,239.86,29.71,1,Sindhudurg,Maharashtra
2017-06-14,2.19,41.67000000000004,144.95999999999998,222.61,29.43,1,Sindhudurg,Maharashtra
2017-06-15,9.81,22.050000000000043,129.43,188.83,10.05,1,Sindhudurg,Maharashtra
2017-06-16,35.34,47.340000000000046,136.83,212.44,35.34,1,Sindhudurg,Maharashtra
2017-06-17,13.23,58.38000000000005,129.76,224.83,35.34,1,Sindhudurg,Maharashtra
2017-06-18,5.5,54.07000000000005,105.55,229.14000000000001,35.34,1,Sindhudurg,Maharashtra
2017-06-19,15.21,33.94000000000004,91.33000000000001,242.82000000000002,15.21,1,Sindhudurg,Maharashtra
2017-06-20,10.45,31.160000000000043,91.72999999999999,252.14000000000001,15.21,1,Sindhudurg,Maharashtra
2017-06-21,2.61,28.270000000000042,92.15,249.50000000000003,15.21,1,Sindhudurg,Maharashtra
2017-06-22,5.61,18.670000000000044,87.95,242.72,10.45,1,Sindhudurg,Maharashtra
2017-06-23,7.69,15.910000000000043,60.3,225.07,7.69,1,Sindhudurg,Maharashtra
2017-06-24,13.09,26.390000000000043,60.15999999999999,210.22,13.09,1,Sindhudurg,Maharashtra
2017-06-25,17.3,38.08000000000004,71.96,207.22000000000003,17.3,1,Sindhudurg,Maharashtra
2017-06-26,20.89,51.280000000000044,77.63999999999999,198.4,20.89,1,Sindhudurg,Maharashtra
2017-06-27,12.71,50.90000000000004,79.9,181.68,20.89,1,Sindhudurg,Maharashtra
2017-06-28,20.99,54.590000000000046,98.27999999999999,192.62,20.99,1,Sindhudurg,Maharashtra
2017-06-29,30.57,64.27000000000004,123.23999999999998,221.0,30.57,1,Sindhudurg,Maharashtra
2017-06-30,32.58,84.14000000000004,148.13,243.76999999999998,32.58,1,Sindhudurg,Maharashtra
2017-07-01,32.84,95.99000000000004,167.88,241.27,32.84,1,Sindhudurg,Maharashtra
2017-07-02,12.74,78.16000000000004,163.32,240.78,32.84,1,Sindhudurg,Maharashtra
2017-07-03,20.38,65.96000000000004,162.81,255.66,32.84,1,Sindhudurg,Maharashtra
2017-07-04,16.31,49.430000000000035,166.40999999999997,256.76,20.38,1,Sindhudurg,Maharashtra
2017-07-05,11.95,48.64000000000003,157.37,258.26,20.38,1,Sindhudurg,Maharashtra
2017-07-06,5.1,33.360000000000035,131.89999999999998,260.75,16.31,1,Sindhudurg,Maharashtra
2017-07-07,2.56,19.610000000000035,101.88,257.7,11.95,1,Sindhudurg,Maharashtra
2017-07-08,8.09,15.750000000000036,77.13,258.1,8.09,1,Sindhudurg,Maharashtra
2017-07-09,13.87,24.520000000000035,78.25999999999999,258.88,13.87,1,Sindhudurg,Maharashtra
2017-07-10,13.36,35.320000000000036,71.24,254.94,13.87,1,Sindhudurg,Maharashtra
2017-07-11,9.5,36.73000000000003,64.42999999999999,243.55,13.87,1,Sindhudurg,Maharashtra
2017-07-12,4.93,27.790000000000035,57.40999999999999,235.76999999999998,13.36,1,Sindhudurg,Maharashtra
2017-07-13,18.94,33.37000000000003,71.25,233.71999999999997,18.94,1,Sindhudurg,Maharashtra
2017-07-14,16.04,39.91000000000004,84.72999999999999,219.19,18.94,1,Sindhudurg,Maharashtra
2017-07-15,13.03,48.01000000000003,89.66999999999999,199.64000000000001,18.94,1,Sindhudurg,Maharashtra
2017-07-16,8.64,37.710000000000036,84.44,175.44,16.04,1,Sindhudurg,Maharashtra
2017-07-17,24.12,45.790000000000035,95.19999999999999,186.82,24.12,1,Sindhudurg,Maharashtra
2017-07-18,99.69,132.45000000000005,185.39,266.13,99.69,1,Sindhudurg,Maharashtra
2017-07-19,88.46,212.27000000000004,268.91999999999996,338.28,99.69,1,Sindhudurg,Maharashtra
2017-07-20,68.45,256.6,318.42999999999995,394.78,99.69,1,Sindhudurg,Maharashtra
2017-07-21,25.03,181.94000000000003,327.41999999999996,414.71,88.46,1,Sindhudurg,Maharashtra
2017-07-22,7.91,101.39000000000003,322.3,420.06,68.45,1,Sindhudurg,Maharashtra
2017-07-23,7.66,40.60000000000003,321.32,419.63,25.03,1,Sindhudurg,Maharashtra
2017-07-24,11.46,27.03000000000003,308.65999999999997,417.22,11.46,1,Sindhudurg,Maharashtra
2017-07-25,5.69,24.81000000000003,214.66,409.55,11.46,1,Sindhudurg,Maharashtra
2017-07-26,3.68,20.83000000000003,129.88,403.72999999999996,11.46,1,Sindhudurg,Maharashtra
2017-07-27,4.37,13.740000000000029,65.79999999999998,403.16999999999996,5.69,1,Sindhudurg,Maharashtra
2017-07-28,7.61,15.660000000000029,48.37999999999999,391.84,7.61,1,Sindhudurg,Maharashtra
2017-07-29,7.61,19.59000000000003,48.079999999999984,383.41,7.61,1,Sindhudurg,Maharashtra
2017-07-30,5.94,21.16000000000003,46.359999999999985,376.32,7.61,1,Sindhudurg,Maharashtra
2017-07-31,6.25,19.80000000000003,41.149999999999984,373.93,7.61,1,Sindhudurg,Maharashtra
2017-08-01,4.64,16.830000000000027,40.09999999999999,354.45,6.25,1,Sindhudurg,Maharashtra
2017-08-02,3.57,14.460000000000027,39.98999999999999,258.33,6.25,1,Sindhudurg,Maharashtra
2017-08-03,9.14,17.35000000000003,44.759999999999984,179.01000000000002,9.14,1,Sindhudurg,Maharashtra
2017-08-04,7.79,20.50000000000003,44.93999999999998,118.35000000000001,9.14,1,Sindhudurg,Maharashtra
2017-08-05,6.24,23.17000000000003,43.569999999999986,99.56,9.14,1,Sindhudurg,Maharashtra
2017-08-06,3.88,17.91000000000003,41.50999999999999,95.53,7.79,1,Sindhudurg,Maharashtra
2017-08-07,5.52,15.640000000000029,40.77999999999999,93.39000000000001,6.24,1,Sindhudurg,Maharashtra
2017-08-08,5.09,14.490000000000027,41.22999999999999,87.02,5.52,1,Sindhudurg,Maharashtra
2017-08-09,8.14,18.75000000000003,45.79999999999999,89.47,8.14,1,Sindhudurg,Maharashtra
2017-08-10,9.7,22.930000000000028,46.359999999999985,95.49,9.7,1,Sindhudurg,Maharashtra
2017-08-11,15.67,33.510000000000026,54.23999999999999,106.79,15.67,1,Sindhudurg,Maharashtra
2017-08-12,6.11,31.48000000000003,54.109999999999985,105.29,15.67,1,Sindhudurg,Maharashtra
2017-08-13,0.97,22.75000000000003,51.19999999999998,98.65,15.67,1,Sindhudurg,Maharashtra
2017-08-14,2.28,9.360000000000028,47.95999999999999,94.99,6.11,1,Sindhudurg,Maharashtra
2017-08-15,2.26,5.510000000000028,45.12999999999998,91.0,2.28,1,Sindhudurg,Maharashtra
2017-08-16,15.26,19.80000000000003,52.249999999999986,101.61999999999999,15.26,1,Sindhudurg,Maharashtra
2017-08-17,3.28,20.800000000000026,45.829999999999984,101.33,15.26,1,Sindhudurg,Maharashtra
2017-08-18,5.2,23.74000000000003,35.359999999999985,97.39,15.26,1,Sindhudurg,Maharashtra
2017-08-19,9.2,17.680000000000028,38.44999999999999,98.8,9.2,1,Sindhudurg,Maharashtra
2017-08-20,13.77,28.170000000000027,51.249999999999986,106.33,13.77,1,Sindhudurg,Maharashtra
2017-08-21,5.87,28.84000000000003,54.83999999999998,108.32000000000001,13.77,1,Sindhudurg,Maharashtra
2017-08-22,9.32,28.96000000000003,61.89999999999999,112.11999999999999,13.77,1,Sindhudurg,Maharashtra
2017-08-23,11.27,26.46000000000003,57.90999999999998,118.30000000000001,11.27,1,Sindhudurg,Maharashtra
2017-08-24,33.84,54.430000000000035,88.47,144.0,33.84,1,Sindhudurg,Maharashtra
2017-08-25,24.92,70.03000000000003,108.19,159.22,33.84,1,Sindhudurg,Maharashtra
2017-08-26,31.9,90.66000000000004,130.89,175.45,33.84,1,Sindhudurg,Maharashtra
2017-08-27,26.44,83.26000000000003,143.56,195.78,31.9,1,Sindhudurg,Maharashtra
2017-08-28,31.07,89.41000000000004,168.76,225.88,31.9,1,Sindhudurg,Maharashtra
2017-08-29,36.99,94.50000000000003,196.43,260.59,36.99,1,Sindhudurg,Maharashtra
2017-08-30,17.26,85.32000000000004,202.42,275.59,36.99,1,Sindhudurg,Maharashtra
2017-08-31,6.37,60.62000000000003,174.95,266.7,36.99,1,Sindhudurg,Maharashtra
2017-09-01,1.85,25.480000000000036,151.88,265.27,17.26,1,Sindhudurg,Maharashtra
2017-09-02,4.94,13.160000000000036,124.91999999999999,265.01,6.37,1,Sindhudurg,Maharashtra
2017-09-03,1.86,8.650000000000036,100.33999999999999,257.67,4.94,1,Sindhudurg,Maharashtra
2017-09-04,0.26,7.060000000000036,69.52999999999999,244.16000000000003,4.94,1,Sindhudurg,Maharashtra
2017-09-05,0.15,2.2700000000000347,32.68999999999999,238.44000000000003,1.86,1,Sindhudurg,Maharashtra
2017-09-06,0.23,0.6400000000000347,15.659999999999986,229.35,0.26,1,Sindhudurg,Maharashtra
2017-09-07,4.1,4.480000000000034,13.389999999999985,222.18,4.1,1,Sindhudurg,Maharashtra
2017-09-08,25.24,29.570000000000032,36.77999999999999,213.58,25.24,1,Sindhudurg,Maharashtra
2017-09-09,9.15,38.49000000000003,40.98999999999999,197.81,25.24,1,Sindhudurg,Maharashtra
2017-09-10,14.75,49.14000000000003,53.87999999999999,180.66000000000003,25.24,1,Sindhudurg,Maharashtra
2017-09-11,6.94,30.840000000000035,60.55999999999998,161.16,14.75,1,Sindhudurg,Maharashtra
2017-09-12,19.25,40.94000000000003,79.65999999999998,149.34,19.25,1,Sindhudurg,Maharashtra
2017-09-13,22.57,48.76000000000003,101.99999999999997,134.92,22.57,1,Sindhudurg,Maharashtra
2017-09-14,13.27,55.09000000000003,111.16999999999999,130.93,22.57,1,Sindhudurg,Maharashtra
2017-09-15,19.3,55.140000000000036,105.22999999999999,143.86,22.57,1,Sindhudurg,Maharashtra
2017-09-16,5.73,38.30000000000004,101.80999999999999,147.74,19.3,1,Sindhudurg,Maharashtra
2017-09-17,37.18,62.210000000000036,124.23999999999998,179.98000000000002,37.18,1,Sindhudurg,Maharashtra
2017-09-18,48.55,91.46000000000004,165.84999999999997,226.67,48.55,1,Sindhudurg,Maharashtra
2017-09-19,66.18,151.91000000000003,212.77999999999997,292.59000000000003,66.18,1,Sindhudurg,Maharashtra
2017-09-20,17.54,132.27000000000004,207.75,309.97999999999996,66.18,1,Sindhudurg,Maharashtra
2017-09-21,11.9,95.62000000000005,206.38,321.65000000000003,66.18,1,Sindhudurg,Maharashtra
2017-09-22,2.52,31.960000000000043,189.59999999999997,320.07,17.54,1,Sindhudurg,Maharashtra
2017-09-23,0.35,14.770000000000042,184.21999999999997,295.17999999999995,11.9,1,Sindhudurg,Maharashtra
2017-09-24,12.3,15.170000000000043,159.33999999999997,298.33,12.3,1,Sindhudurg,Maharashtra
2017-09-25,48.75,61.40000000000004,159.54,332.33,48.75,1,Sindhudurg,Maharashtra
2017-09-26,6.7,67.75000000000004,100.05999999999999,332.09,48.75,1,Sindhudurg,Maharashtra
2017-09-27,9.83,65.28000000000004,92.34999999999998,322.67,48.75,1,Sindhudurg,Maharashtra
2017-09-28,36.85,53.380000000000045,117.29999999999998,336.95,36.85,1,Sindhudurg,Maharashtra
2017-09-29,21.0,67.68000000000004,135.78,344.67999999999995,36.85,1,Sindhudurg,Maharashtra
2017-09-30,14.14,71.99000000000004,149.57,339.52000000000004,36.85,1,Sindhudurg,Maharashtra
2017-10-01,6.38,41.520000000000046,143.64999999999998,340.17,21.0,0,Sindhudurg,Maharashtra
2017-10-02,16.31,36.83000000000004,111.20999999999998,319.3,16.31,0,Sindhudurg,Maharashtra
2017-10-03,7.87,30.56000000000004,112.37999999999998,278.62,16.31,0,Sindhudurg,Maharashtra
2017-10-04,0.98,25.160000000000043,103.52999999999999,213.42,16.31,0,Sindhudurg,Maharashtra
2017-10-05,0.14,8.990000000000043,66.81999999999998,196.02,7.87,0,Sindhudurg,Maharashtra
2017-10-06,3.35,4.470000000000043,49.16999999999999,187.47,3.35,0,Sindhudurg,Maharashtra
2017-10-07,20.5,23.990000000000045,55.52999999999999,205.45,20.5,0,Sindhudurg,Maharashtra
2017-10-08,5.29,29.140000000000043,54.43999999999998,210.39,20.5,0,Sindhudurg,Maharashtra
2017-10-09,4.12,29.910000000000043,42.249999999999986,202.20999999999998,20.5,0,Sindhudurg,Maharashtra
2017-10-10,3.78,13.190000000000042,38.15999999999999,157.23999999999998,5.29,0,Sindhudurg,Maharashtra
2017-10-11,1.9,9.800000000000043,39.079999999999984,152.44,4.12,0,Sindhudurg,Maharashtra
2017-10-12,0.65,6.330000000000043,39.58999999999998,143.26000000000002,3.78,0,Sindhudurg,Maharashtra
2017-10-13,7.03,9.580000000000043,43.26999999999998,113.44,7.03,0,Sindhudurg,Maharashtra
2017-10-14,27.17,34.850000000000044,49.93999999999998,119.60999999999999,27.17,0,Sindhudurg,Maharashtra
2017-10-15,17.14,51.340000000000046,61.78999999999999,122.61000000000001,27.17,0,Sindhudurg,Maharashtra
2017-10-16,3.52,47.83000000000005,61.18999999999998,119.75,27.17,0,Sindhudurg,Maharashtra
2017-10-17,0.53,21.190000000000044,57.93999999999999,103.97,17.14,0,Sindhudurg,Maharashtra
2017-10-18,0.06,4.110000000000043,56.099999999999994,96.16000000000001,3.52,0,Sindhudurg,Maharashtra
2017-10-19,0.0,0.5900000000000427,55.44999999999999,95.18,0.53,0,Sindhudurg,Maharashtra
2017-10-20,0.0,0.06000000000004263,48.41999999999999,95.04,0.06,0,Sindhudurg,Maharashtra
2017-10-21,0.0,0.0,21.249999999999986,91.69000000000001,0.0,0,Sindhudurg,Maharashtra
2017-10-22,0.19,0.19000000000004263,4.299999999999986,71.38000000000001,0.19,0,Sindhudurg,Maharashtra
2017-10-23,2.03,2.2200000000000424,2.809999999999986,68.12,2.03,0,Sindhudurg,Maharashtra
2017-10-24,0.46,2.6800000000000423,2.739999999999986,64.46,2.03,0,Sindhudurg,Maharashtra
2017-10-25,0.0,2.4900000000000424,2.679999999999986,60.68,2.03,0,Sindhudurg,Maharashtra
2017-10-26,2.18,2.6400000000000428,4.859999999999986,60.96,2.18,0,Sindhudurg,Maharashtra
2017-10-27,5.45,7.630000000000043,10.309999999999986,65.76,5.45,0,Sindhudurg,Maharashtra
2017-10-28,0.59,8.220000000000043,10.899999999999986,59.32,5.45,0,Sindhudurg,Maharashtra
2017-10-29,0.03,6.070000000000043,10.739999999999986,32.18,5.45,0,Sindhudurg,Maharashtra
2017-10-30,0.01,0.6300000000000417,8.719999999999988,15.05,0.59,0,Sindhudurg,Maharashtra
2017-10-31,0.0,0.040000000000041745,8.259999999999987,11.530000000000001,0.03,0,Sindhudurg,Maharashtra
2017-11-01,0.0,0.010000000000041745,8.259999999999987,11.0,0.01,0,Sindhudurg,Maharashtra
2017-11-02,0.0,0.0,6.079999999999987,10.940000000000001,0.0,0,Sindhudurg,Maharashtra
2017-11-03,0.0,0.0,0.6299999999999858,10.940000000000001,0.0,0,Sindhudurg,Maharashtra
2017-11-04,0.0,0.0,0.03999999999998579,10.940000000000001,0.0,0,Sindhudurg,Maharashtra
2017-11-05,0.0,0.0,0.00999999999998579,10.940000000000001,0.0,0,Sindhudurg,Maharashtra
2017-11-06,0.0,0.0,0.0,10.75,0.0,0,Sindhudurg,Maharashtra
2017-11-07,0.0,0.0,0.0,8.72,0.0,0,Sindhudurg,Maharashtra
2017-11-08,0.0,0.0,0.0,8.26,0.0,0,Sindhudurg,Maharashtra
2017-11-09,0.0,0.0,0.0,8.26,0.0,0,Sindhudurg,Maharashtra
2017-11-10,0.0,0.0,0.0,6.079999999999999,0.0,0,Sindhudurg,Maharashtra
2017-11-11,0.0,0.0,0.0,0.63,0.0,0,Sindhudurg,Maharashtra
2017-11-12,0.0,0.0,0.0,0.04,0.0,0,Sindhudurg,Maharashtra
2017-11-13,0.0,0.0,0.0,0.01,0.0,0,Sindhudurg,Maharashtra
2017-11-14,0.0,0.0,0.0,0.0,0.0,0,Sindhudurg,Maharashtra
2017-11-15,0.0,0.0,0.0,0.0,0.0,0,Sindhudurg,Maharashtra
2017-11-16,0.0,0.0,0.0,0.0,0.0,0,Sindhudurg,Maharashtra
2017-11-17,0.0,0.0,0.0,0.0,0.0,0,Sindhudurg,Maharashtra
2017-11-18,0.0,0.0,0.0,0.0,0.0,0,Sindhudurg,Maharashtra
2017-11-19,0.09,0.09000000000004174,0.08999999999998579,0.09,0.09,0,Sindhudurg,Maharashtra
2017-11-20,0.31,0.40000000000004177,0.3999999999999858,0.4,0.31,0,Sindhudurg,Maharashtra
2017-11-21,0.03,0.4300000000000417,0.4299999999999857,0.42999999999999994,0.31,0,Sindhudurg,Maharashtra
2017-11-22,0.0,0.3400000000000417,0.4299999999999857,0.42999999999999994,0.31,0,Sindhudurg,Maharashtra
2017-11-23,0.0,0.030000000000041688,0.4299999999999857,0.42999999999999994,0.03,0,Sindhudurg,Maharashtra
2017-11-24,0.0,0.0,0.4299999999999857,0.42999999999999994,0.0,0,Sindhudurg,Maharashtra
2017-11-25,0.0,0.0,0.4299999999999857,0.42999999999999994,0.0,0,Sindhudurg,Maharashtra
2017-11-26,0.0,0.0,0.33999999999998576,0.42999999999999994,0.0,0,Sindhudurg,Maharashtra
2017-11-27,0.0,0.0,0.029999999999985733,0.42999999999999994,0.0,0,Sindhudurg,Maharashtra
2017-11-28,0.0,0.0,0.0,0.42999999999999994,0.0,0,Sindhudurg,Maharashtra
2017-11-29,0.0,0.0,0.0,0.42999999999999994,0.0,0,Sindhudurg,Maharashtra
2017-11-30,0.0,0.0,0.0,0.42999999999999994,0.0,0,Sindhudurg,Maharashtra
2017-12-01,0.0,0.0,0.0,0.42999999999999994,0.0,0,Sindhudurg,Maharashtra
2017-12-02,0.09,0.09000000000004169,0.08999999999998573,0.52,0.09,0,Sindhudurg,Maharashtra
2017-12-03,0.07,0.1600000000000417,0.15999999999998574,0.59,0.09,0,Sindhudurg,Maharashtra
2017-12-04,0.48,0.6400000000000416,0.6399999999999857,0.98,0.48,0,Sindhudurg,Maharashtra
2017-12-05,1.96,2.5100000000000415,2.5999999999999854,2.63,1.96,0,Sindhudurg,Maharashtra
2017-12-06,5.82,8.260000000000042,8.419999999999986,8.42,5.82,0,Sindhudurg,Maharashtra
2017-12-07,0.13,7.910000000000042,8.549999999999986,8.55,5.82,0,Sindhudurg,Maharashtra
2017-12-08,0.01,5.960000000000042,8.559999999999986,8.56,5.82,0,Sindhudurg,Maharashtra
2017-12-09,0.0,0.14000000000004176,8.469999999999986,8.56,0.13,0,Sindhudurg,Maharashtra
2017-12-10,0.01,0.020000000000041745,8.409999999999986,8.57,0.01,0,Sindhudurg,Maharashtra
2017-12-11,0.01,0.020000000000041745,7.939999999999986,8.58,0.01,0,Sindhudurg,Maharashtra
2017-12-12,0.0,0.020000000000041745,5.979999999999986,8.58,0.01,0,Sindhudurg,Maharashtra
2017-12-13,0.0,0.010000000000041745,0.1599999999999858,8.58,0.01,0,Sindhudurg,Maharashtra
2017-12-14,0.0,0.0,0.029999999999985788,8.58,0.0,0,Sindhudurg,Maharashtra
2017-12-15,0.0,0.0,0.019999999999985786,8.58,0.0,0,Sindhudurg,Maharashtra
2017-12-16,0.0,0.0,0.019999999999985786,8.58,0.0,0,Sindhudurg,Maharashtra
2017-12-17,0.0,0.0,0.00999999999998579,8.49,0.0,0,Sindhudurg,Maharashtra
2017-12-18,0.0,0.0,0.0,8.42,0.0,0,Sindhudurg,Maharashtra
2017-12-19,0.0,0.0,0.0,7.9399999999999995,0.0,0,Sindhudurg,Maharashtra
2017-12-20,0.0,0.0,0.0,5.98,0.0,0,Sindhudurg,Maharashtra
2017-12-21,0.0,0.0,0.0,0.16,0.0,0,Sindhudurg,Maharashtra
2017-12-22,0.0,0.0,0.0,0.03,0.0,0,Sindhudurg,Maharashtra
2017-12-23,0.0,0.0,0.0,0.019999999999999997,0.0,0,Sindhudurg,Maharashtra
2017-12-24,0.0,0.0,0.0,0.019999999999999997,0.0,0,Sindhudurg,Maharashtra
2017-12-25,0.0,0.0,0.0,0.01,0.0,0,Sindhudurg,Maharashtra
2017-12-26,0.0,0.0,0.0,0.0,0.0,0,Sindhudurg,Maharashtra
2017-12-27,0.0,0.0,0.0,0.0,0.0,0,Sindhudurg,Maharashtra
2017-12-28,0.0,0.0,0.0,0.0,0.0,0,Sindhudurg,Maharashtra
2017-12-29,0.0,0.0,0.0,0.0,0.0,0,Sindhudurg,Maharashtra
2017-12-30,0.0,0.0,0.0,0.0,0.0,0,Sindhudurg,Maharashtra
2017-12-31,0.0,0.0,0.0,0.0,0.0,0,Sindhudurg,Maharashtra
2018-01-01,0.0,0.0,0.0,0.0,0.0,0,Sindhudurg,Maharashtra
2018-01-02,0.01,0.010000000000041745,0.00999999999998579,0.01,0.01,0,Sindhudurg,Maharashtra
2018-01-03,0.0,0.010000000000041745,0.00999999999998579,0.01,0.01,0,Sindhudurg,Maharashtra
2018-01-04,0.0,0.010000000000041745,0.00999999999998579,0.01,0.01,0,Sindhudurg,Maharashtra
2018-01-05,0.0,0.0,0.00999999999998579,0.01,0.0,0,Sindhudurg,Maharashtra
2018-01-06,0.0,0.0,0.00999999999998579,0.01,0.0,0,Sindhudurg,Maharashtra
2018-01-07,0.0,0.0,0.00999999999998579,0.01,0.0,0,Sindhudurg,Maharashtra
2018-01-08,0.0,0.0,0.00999999999998579,0.01,0.0,0,Sindhudurg,Maharashtra
2018-01-09,0.0,0.0,0.0,0.01,0.0,0,Sindhudurg,Maharashtra
2018-01-10,0.0,0.0,0.0,0.01,0.0,0,Sindhudurg,Maharashtra
2018-01-11,0.0,0.0,0.0,0.01,0.0,0,Sindhudurg,Maharashtra
2018-01-12,0.0,0.0,0.0,0.01,0.0,0,Sindhudurg,Maharashtra
2018-01-13,0.0,0.0,0.0,0.01,0.0,0,Sindhudurg,Maharashtra
2018-01-14,0.0,0.0,0.0,0.01,0.0,0,Sindhudurg,Maharashtra
2018-01-15,0.0,0.0,0.0,0.01,0.0,0,Sindhudurg,Maharashtra
2018-01-16,0.0,0.0,0.0,0.01,0.0,0,Sindhudurg,Maharashtra
2018-01-17,0.0,0.0,0.0,0.0,0.0,0,Sindhudurg,Maharashtra
2018-01-18,0.0,0.0,0.0,0.0,0.0,0,Sindhudurg,Maharashtra
2018-01-19,0.0,0.0,0.0,0.0,0.0,0,Sindhudurg,Maharashtra
2018-01-20,0.0,0.0,0.0,0.0,0.0,0,Sindhudurg,Maharashtra
2018-01-21,0.0,0.0,0.0,0.0,0.0,0,Sindhudurg,Maharashtra
2018-01-22,0.0,0.0,0.0,0.0,0.0,0,Sindhudurg,Maharashtra
2018-01-23,0.0,0.0,0.0,0.0,0.0,0,Sindhudurg,Maharashtra
2018-01-24,0.0,0.0,0.0,0.0,0.0,0,Sindhudurg,Maharashtra
2018-01-25,0.0,0.0,0.0,0.0,0.0,0,Sindhudurg,Maharashtra
2018-01-26,0.0,0.0,0.0,0.0,0.0,0,Sindhudurg,Maharashtra
2018-01-27,0.0,0.0,0.0,0.0,0.0,0,Sindhudurg,Maharashtra
2018-01-28,0.0,0.0,0.0,0.0,0.0,0,Sindhudurg,Maharashtra
2018-01-29,0.0,0.0,0.0,0.0,0.0,0,Sindhudurg,Maharashtra
2018-01-30,0.0,0.0,0.0,0.0,0.0,0,Sindhudurg,Maharashtra
2018-01-31,0.0,0.0,0.0,0.0,0.0,0,Sindhudurg,Maharashtra
2018-02-01,0.0,0.0,0.0,0.0,0.0,0,Sindhudurg,Maharashtra
2018-02-02,0.0,0.0,0.0,0.0,0.0,0,Sindhudurg,Maharashtra
2018-02-03,0.0,0.0,0.0,0.0,0.0,0,Sindhudurg,Maharashtra
2018-02-04,0.0,0.0,0.0,0.0,0.0,0,Sindhudurg,Maharashtra
2018-02-05,0.0,0.0,0.0,0.0,0.0,0,Sindhudurg,Maharashtra
2018-02-06,0.0,0.0,0.0,0.0,0.0,0,Sindhudurg,Maharashtra
2018-02-07,0.01,0.010000000000041745,0.00999999999998579,0.01,0.01,0,Sindhudurg,Maharashtra
2018-02-08,0.0,0.010000000000041745,0.00999999999998579,0.01,0.01,0,Sindhudurg,Maharashtra
2018-02-09,0.0,0.010000000000041745,0.00999999999998579,0.01,0.01,0,Sindhudurg,Maharashtra
2018-02-10,0.0,0.0,0.00999999999998579,0.01,0.0,0,Sindhudurg,Maharashtra
2018-02-11,0.01,0.010000000000041745,0.01999999999998579,0.02,0.01,0,Sindhudurg,Maharashtra
2018-02-12,0.0,0.010000000000041745,0.01999999999998579,0.02,0.01,0,Sindhudurg,Maharashtra
2018-02-13,0.0,0.010000000000041745,0.01999999999998579,0.02,0.01,0,Sindhudurg,Maharashtra
2018-02-14,0.0,0.0,0.00999999999998579,0.02,0.0,0,Sindhudurg,Maharashtra
2018-02-15,0.0,0.0,0.00999999999998579,0.02,0.0,0,Sindhudurg,Maharashtra
2018-02-16,0.0,0.0,0.00999999999998579,0.02,0.0,0,Sindhudurg,Maharashtra
2018-02-17,0.0,0.0,0.00999999999998579,0.02,0.0,0,Sindhudurg,Maharashtra
2018-02-18,0.0,0.0,0.0,0.02,0.0,0,Sindhudurg,Maharashtra
2018-02-19,0.0,0.0,0.0,0.02,0.0,0,Sindhudurg,Maharashtra
2018-02-20,0.0,0.0,0.0,0.02,0.0,0,Sindhudurg,Maharashtra
2018-02-21,0.0,0.0,0.0,0.02,0.0,0,Sindhudurg,Maharashtra
2018-02-22,0.0,0.0,0.0,0.01,0.0,0,Sindhudurg,Maharashtra
2018-02-23,0.0,0.0,0.0,0.01,0.0,0,Sindhudurg,Maharashtra
2018-02-24,0.0,0.0,0.0,0.01,0.0,0,Sindhudurg,Maharashtra
2018-02-25,0.0,0.0,0.0,0.01,0.0,0,Sindhudurg,Maharashtra
2018-02-26,0.0,0.0,0.0,0.0,0.0,0,Sindhudurg,Maharashtra
2018-02-27,0.0,0.0,0.0,0.0,0.0,0,Sindhudurg,Maharashtra
2018-02-28,0.0,0.0,0.0,0.0,0.0,0,Sindhudurg,Maharashtra
2018-03-01,0.0,0.0,0.0,0.0,0.0,0,Sindhudurg,Maharashtra
2018-03-02,0.0,0.0,0.0,0.0,0.0,0,Sindhudurg,Maharashtra
2018-03-03,0.0,0.0,0.0,0.0,0.0,0,Sindhudurg,Maharashtra
2018-03-04,0.0,0.0,0.0,0.0,0.0,0,Sindhudurg,Maharashtra
2018-03-05,0.0,0.0,0.0,0.0,0.0,0,Sindhudurg,Maharashtra
2018-03-06,0.0,0.0,0.0,0.0,0.0,0,Sindhudurg,Maharashtra
2018-03-07,0.0,0.0,0.0,0.0,0.0,0,Sindhudurg,Maharashtra
2018-03-08,0.0,0.0,0.0,0.0,0.0,0,Sindhudurg,Maharashtra
2018-03-09,0.0,0.0,0.0,0.0,0.0,0,Sindhudurg,Maharashtra
2018-03-10,0.0,0.0,0.0,0.0,0.0,0,Sindhudurg,Maharashtra
2018-03-11,0.0,0.0,0.0,0.0,0.0,0,Sindhudurg,Maharashtra
2018-03-12,0.14,0.14000000000004176,0.1399999999999858,0.14,0.14,0,Sindhudurg,Maharashtra
2018-03-13,0.0,0.14000000000004176,0.1399999999999858,0.14,0.14,0,Sindhudurg,Maharashtra
2018-03-14,0.59,0.7300000000000417,0.7299999999999858,0.73,0.59,0,Sindhudurg,Maharashtra
2018-03-15,0.41,1.0000000000000417,1.1399999999999857,1.14,0.59,0,Sindhudurg,Maharashtra
2018-03-16,1.2,2.200000000000042,2.3399999999999856,2.34,1.2,0,Sindhudurg,Maharashtra
2018-03-17,0.01,1.6200000000000419,2.3499999999999854,2.3499999999999996,1.2,0,Sindhudurg,Maharashtra
2018-03-18,2.77,3.9800000000000417,5.119999999999985,5.119999999999999,2.77,0,Sindhudurg,Maharashtra
2018-03-19,0.03,2.810000000000042,5.009999999999986,5.1499999999999995,2.77,0,Sindhudurg,Maharashtra
2018-03-20,0.0,2.8000000000000416,5.009999999999986,5.1499999999999995,2.77,0,Sindhudurg,Maharashtra
2018-03-21,0.0,0.030000000000041743,4.419999999999986,5.1499999999999995,0.03,0,Sindhudurg,Maharashtra
2018-03-22,0.0,0.0,4.009999999999986,5.1499999999999995,0.0,0,Sindhudurg,Maharashtra
2018-03-23,0.0,0.0,2.8099999999999854,5.1499999999999995,0.0,0,Sindhudurg,Maharashtra
2018-03-24,0.0,0.0,2.7999999999999856,5.1499999999999995,0.0,0,Sindhudurg,Maharashtra
2018-03-25,0.0,0.0,0.029999999999985788,5.1499999999999995,0.0,0,Sindhudurg,Maharashtra
2018-03-26,0.0,0.0,0.0,5.1499999999999995,0.0,0,Sindhudurg,Maharashtra
2018-03-27,0.0,0.0,0.0,5.01,0.0,0,Sindhudurg,Maharashtra
2018-03-28,0.0,0.0,0.0,5.01,0.0,0,Sindhudurg,Maharashtra
2018-03-29,0.0,0.0,0.0,4.42,0.0,0,Sindhudurg,Maharashtra
2018-03-30,0.0,0.0,0.0,4.01,0.0,0,Sindhudurg,Maharashtra
2018-03-31,0.0,0.0,0.0,2.8099999999999996,0.0,0,Sindhudurg,Maharashtra
2018-04-01,0.0,0.0,0.0,2.8,0.0,0,Sindhudurg,Maharashtra
2018-04-02,0.01,0.010000000000041745,0.00999999999998579,0.04,0.01,0,Sindhudurg,Maharashtra
2018-04-03,0.02,0.030000000000041743,0.029999999999985788,0.03,0.02,0,Sindhudurg,Maharashtra
2018-04-04,0.02,0.05000000000004175,0.04999999999998579,0.05,0.02,0,Sindhudurg,Maharashtra
2018-04-05,0.11,0.15000000000004174,0.1599999999999858,0.16,0.11,0,Sindhudurg,Maharashtra
2018-04-06,0.23,0.3600000000000418,0.3899999999999858,0.39,0.23,0,Sindhudurg,Maharashtra
2018-04-07,0.26,0.6000000000000418,0.6499999999999858,0.65,0.26,0,Sindhudurg,Maharashtra
2018-04-08,0.28,0.7700000000000418,0.9299999999999858,0.93,0.28,0,Sindhudurg,Maharashtra
2018-04-09,0.01,0.5500000000000418,0.9299999999999858,0.9400000000000001,0.28,0,Sindhudurg,Maharashtra
2018-04-10,0.11,0.4000000000000418,1.0199999999999858,1.05,0.28,0,Sindhudurg,Maharashtra
2018-04-11,0.07,0.1900000000000418,1.0699999999999859,1.12,0.11,0,Sindhudurg,Maharashtra
2018-04-12,0.03,0.2100000000000418,0.9899999999999858,1.1500000000000001,0.11,0,Sindhudurg,Maharashtra
2018-04-13,0.13,0.2300000000000418,0.8899999999999858,1.28,0.13,0,Sindhudurg,Maharashtra
2018-04-14,0.37,0.5300000000000418,0.9999999999999858,1.65,0.37,0,Sindhudurg,Maharashtra
2018-04-15,0.66,1.1600000000000419,1.3799999999999857,2.31,0.66,0,Sindhudurg,Maharashtra
2018-04-16,0.35,1.3800000000000419,1.7199999999999858,2.66,0.66,0,Sindhudurg,Maharashtra
2018-04-17,1.65,2.660000000000042,3.2599999999999856,4.300000000000001,1.65,0,Sindhudurg,Maharashtra
2018-04-18,1.82,3.8200000000000416,5.009999999999986,6.1,1.82,0,Sindhudurg,Maharashtra
2018-04-19,0.09,3.5600000000000414,5.069999999999985,6.17,1.82,0,Sindhudurg,Maharashtra
2018-04-20,0.01,1.920000000000042,4.949999999999986,6.07,1.82,0,Sindhudurg,Maharashtra
2018-04-21,0.0,0.10000000000004174,4.579999999999986,5.840000000000001,0.09,0,Sindhudurg,Maharashtra
2018-04-22,0.0,0.010000000000041745,3.9199999999999857,5.58,0.01,0,Sindhudurg,Maharashtra
2018-04-23,0.0,0.0,3.5699999999999856,5.300000000000001,0.0,0,Sindhudurg,Maharashtra
2018-04-24,0.0,0.0,1.919999999999986,5.29,0.0,0,Sindhudurg,Maharashtra
2018-04-25,0.0,0.0,0.09999999999998578,5.180000000000001,0.0,0,Sindhudurg,Maharashtra
2018-04-26,0.0,0.0,0.00999999999998579,5.11,0.0,0,Sindhudurg,Maharashtra
2018-04-27,0.0,0.0,0.0,5.08,0.0,0,Sindhudurg,Maharashtra
2018-04-28,0.0,0.0,0.0,4.95,0.0,0,Sindhudurg,Maharashtra
2018-04-29,0.02,0.020000000000041745,0.01999999999998579,4.6,0.02,0,Sindhudurg,Maharashtra
2018-04-30,0.02,0.040000000000041745,0.03999999999998579,3.96,0.02,0,Sindhudurg,Maharashtra
2018-05-01,0.0,0.040000000000041745,0.03999999999998579,3.61,0.02,0,Sindhudurg,Maharashtra
2018-05-02,0.0,0.020000000000041745,0.03999999999998579,1.96,0.02,0,Sindhudurg,Maharashtra
2018-05-03,0.0,0.0,0.03999999999998579,0.13999999999999999,0.0,0,Sindhudurg,Maharashtra
2018-05-04,0.0,0.0,0.03999999999998579,0.05,0.0,0,Sindhudurg,Maharashtra
2018-05-05,0.05,0.05000000000004175,0.08999999999998579,0.09,0.05,0,Sindhudurg,Maharashtra
2018-05-06,0.14,0.19000000000004175,0.2099999999999858,0.23,0.14,0,Sindhudurg,Maharashtra
2018-05-07,3.92,4.110000000000042,4.109999999999986,4.15,3.92,0,Sindhudurg,Maharashtra
2018-05-08,0.04,4.100000000000041,4.149999999999985,4.1899999999999995,3.92,0,Sindhudurg,Maharashtra
2018-05-09,0.39,4.350000000000041,4.539999999999986,4.58,3.92,0,Sindhudurg,Maharashtra
2018-05-10,5.37,5.800000000000042,9.909999999999986,9.95,5.37,0,Sindhudurg,Maharashtra
2018-05-11,5.27,11.03000000000004,15.179999999999986,15.219999999999999,5.37,0,Sindhudurg,Maharashtra
2018-05-12,2.45,13.09000000000004,17.579999999999984,17.67,5.37,0,Sindhudurg,Maharashtra
2018-05-13,1.35,9.070000000000041,18.789999999999985,19.02,5.27,0,Sindhudurg,Maharashtra
2018-05-14,3.56,7.360000000000042,18.429999999999986,22.560000000000002,3.56,0,Sindhudurg,Maharashtra
2018-05-15,2.27,7.180000000000042,20.659999999999986,24.810000000000002,3.56,0,Sindhudurg,Maharashtra
2018-05-16,3.5,9.330000000000043,23.769999999999985,28.310000000000002,3.56,0,Sindhudurg,Maharashtra
2018-05-17,7.51,13.280000000000042,25.909999999999986,35.82,7.51,0,Sindhudurg,Maharashtra
2018-05-18,1.04,12.050000000000043,21.679999999999986,36.86,7.51,0,Sindhudurg,Maharashtra
2018-05-19,0.32,8.870000000000042,19.549999999999986,37.18,7.51,0,Sindhudurg,Maharashtra
2018-05-20,0.27,1.6300000000000427,18.469999999999985,37.4,1.04,0,Sindhudurg,Maharashtra
2018-05-21,0.06,0.6500000000000427,14.969999999999986,37.32,0.32,0,Sindhudurg,Maharashtra
2018-05-22,0.06,0.39000000000004265,12.759999999999986,33.46,0.27,0,Sindhudurg,Maharashtra
2018-05-23,0.12,0.24000000000004262,9.379999999999985,33.54,0.12,0,Sindhudurg,Maharashtra
2018-05-24,0.65,0.8300000000000427,2.519999999999986,33.800000000000004,0.65,0,Sindhudurg,Maharashtra
2018-05-25,0.08,0.8500000000000425,1.5599999999999858,28.51,0.65,0,Sindhudurg,Maharashtra
2018-05-26,1.34,2.070000000000043,2.579999999999986,24.580000000000002,1.34,0,Sindhudurg,Maharashtra
2018-05-27,7.9,9.320000000000043,10.209999999999987,30.03,7.9,0,Sindhudurg,Maharashtra
2018-05-28,2.1,11.340000000000042,12.249999999999986,30.78,7.9,0,Sindhudurg,Maharashtra
2018-05-29,1.84,11.840000000000042,14.029999999999987,29.06,7.9,0,Sindhudurg,Maharashtra
2018-05-30,1.14,5.080000000000043,15.049999999999986,27.93,2.1,0,Sindhudurg,Maharashtra
2018-05-31,1.87,4.850000000000042,16.269999999999985,26.299999999999997,1.87,0,Sindhudurg,Maharashtra
2018-06-01,9.52,12.530000000000042,25.709999999999987,28.310000000000002,9.52,1,Sindhudurg,Maharashtra
2018-06-02,7.97,19.360000000000042,32.33999999999999,35.24,9.52,1,Sindhudurg,Maharashtra
2018-06-03,13.74,31.23000000000004,38.179999999999986,48.66,13.74,1,Sindhudurg,Maharashtra
2018-06-04,29.72,51.43000000000004,65.79999999999998,78.11,29.72,1,Sindhudurg,Maharashtra
2018-06-05,24.88,68.34000000000005,88.83999999999999,102.92999999999999,29.72,1,Sindhudurg,Maharashtra
2018-06-06,12.74,67.34000000000005,100.43999999999998,115.60999999999999,29.72,1,Sindhudurg,Maharashtra
2018-06-07,17.15,54.77000000000004,115.71999999999997,132.64,24.88,1,Sindhudurg,Maharashtra
2018-06-08,55.57,85.46000000000004,161.76999999999998,187.56,55.57,1,Sindhudurg,Maharashtra
2018-06-09,91.62,164.34000000000003,245.42,279.1,91.62,1,Sindhudurg,Maharashtra
2018-06-10,75.79,222.98000000000005,307.46999999999997,353.55,91.62,1,Sindhudurg,Maharashtra
2018-06-11,27.23,194.64000000000004,304.98,372.88,91.62,1,Sindhudurg,Maharashtra
2018-06-12,4.9,107.92000000000004,285.0,375.68,75.79,1,Sindhudurg,Maharashtra
2018-06-13,2.38,34.51000000000004,274.64,376.22,27.23,1,Sindhudurg,Maharashtra
2018-06-14,3.34,10.620000000000044,260.83,378.42,4.9,1,Sindhudurg,Maharashtra
2018-06-15,6.53,12.250000000000043,211.79,383.08000000000004,6.53,1,Sindhudurg,Maharashtra
2018-06-16,12.22,22.090000000000046,132.39,385.78,12.22,1,Sindhudurg,Maharashtra
2018-06-17,27.21,45.96000000000005,83.80999999999999,405.02000000000004,27.21,1,Sindhudurg,Maharashtra
2018-06-18,33.18,72.61000000000004,89.75999999999999,424.46000000000004,33.18,1,Sindhudurg,Maharashtra
2018-06-19,32.67,93.06000000000004,117.53,427.41,33.18,1,Sindhudurg,Maharashtra
2018-06-20,51.48,117.33000000000004,166.63,454.01,51.48,1,Sindhudurg,Maharashtra
2018-06-21,20.11,104.26000000000005,183.39999999999998,461.38000000000005,51.48,1,Sindhudurg,Maharashtra
2018-06-22,39.94,111.53000000000003,216.80999999999997,484.17,51.48,1,Sindhudurg,Maharashtra
2018-06-23,38.69,98.74000000000004,243.27999999999997,467.29,39.94,1,Sindhudurg,Maharashtra
2018-06-24,48.76,127.39000000000004,264.83,424.43,48.76,1,Sindhudurg,Maharashtra
2018-06-25,44.13,131.58000000000004,275.78,392.77,48.76,1,Sindhudurg,Maharashtra
2018-06-26,20.46,113.35000000000005,263.57,386.0,48.76,1,Sindhudurg,Maharashtra
2018-06-27,9.29,73.88000000000005,221.38,390.39,44.13,1,Sindhudurg,Maharashtra
2018-06-28,23.87,53.62000000000005,225.13999999999996,411.88,23.87,1,Sindhudurg,Maharashtra
2018-06-29,13.36,46.52000000000004,198.56,421.90000000000003,23.87,1,Sindhudurg,Maharashtra
2018-06-30,15.07,52.30000000000004,174.94,430.44,23.87,1,Sindhudurg,Maharashtra
2018-07-01,10.58,39.01000000000004,136.76,428.8,15.07,1,Sindhudurg,Maharashtra
2018-07-02,30.96,56.61000000000004,123.58999999999999,432.54999999999995,30.96,1,Sindhudurg,Maharashtra
2018-07-03,25.71,67.25000000000004,128.84,425.08,30.96,1,Sindhudurg,Maharashtra
2018-07-04,20.2,76.87000000000005,139.75,412.61,30.96,1,Sindhudurg,Maharashtra
2018-07-05,42.1,88.01000000000005,157.98,403.23,42.1,1,Sindhudurg,Maharashtra
2018-07-06,27.93,90.23000000000005,172.55,411.05,42.1,1,Sindhudurg,Maharashtra
2018-07-07,16.44,86.47000000000004,173.92,387.55,42.1,1,Sindhudurg,Maharashtra
2018-07-08,22.95,67.32000000000005,186.29,371.81,27.93,1,Sindhudurg,Maharashtra
2018-07-09,11.78,51.170000000000044,167.10999999999999,334.83,22.95,1,Sindhudurg,Maharashtra
2018-07-10,28.65,63.380000000000045,170.04999999999998,319.35,28.65,1,Sindhudurg,Maharashtra
2018-07-11,47.37,87.80000000000004,197.22,346.26000000000005,47.37,1,Sindhudurg,Maharashtra
2018-07-12,53.67,129.69000000000005,208.79,390.64,53.67,1,Sindhudurg,Maharashtra
2018-07-13,61.31,162.35000000000002,242.17,428.08,61.31,1,Sindhudurg,Maharashtra
2018-07-14,29.97,144.95000000000005,255.7,444.69,61.31,1,Sindhudurg,Maharashtra
2018-07-15,36.05,127.33000000000004,268.79999999999995,465.67,61.31,1,Sindhudurg,Maharashtra
2018-07-16,89.3,155.32000000000005,346.32,544.39,89.3,1,Sindhudurg,Maharashtra
2018-07-17,50.3,175.65000000000003,367.96999999999997,563.73,89.3,1,Sindhudurg,Maharashtra
2018-07-18,26.06,165.66000000000003,346.65999999999997,564.08,89.3,1,Sindhudurg,Maharashtra
2018-07-19,24.63,100.99000000000004,317.62,568.51,50.3,1,Sindhudurg,Maharashtra
2018-07-20,27.42,78.11000000000004,283.73,553.8299999999999,27.42,1,Sindhudurg,Maharashtra
2018-07-21,19.1,71.15000000000003,272.85999999999996,545.0,27.42,1,Sindhudurg,Maharashtra
2018-07-22,10.37,56.89000000000004,247.17999999999998,538.93,27.42,1,Sindhudurg,Maharashtra
2018-07-23,9.19,38.66000000000004,167.06999999999996,525.1700000000001,19.1,1,Sindhudurg,Maharashtra
2018-07-24,6.28,25.840000000000042,123.04999999999997,519.67,10.37,1,Sindhudurg,Maharashtra
2018-07-25,6.89,22.360000000000042,103.87999999999997,497.90999999999997,9.19,1,Sindhudurg,Maharashtra
2018-07-26,9.23,22.40000000000004,88.47999999999998,459.77,9.23,1,Sindhudurg,Maharashtra
2018-07-27,7.17,23.290000000000042,68.22999999999998,413.27000000000004,9.23,1,Sindhudurg,Maharashtra
2018-07-28,3.25,19.65000000000004,52.37999999999997,355.21000000000004,9.23,1,Sindhudurg,Maharashtra
2018-07-29,0.72,11.140000000000043,42.729999999999976,325.96,7.17,1,Sindhudurg,Maharashtra
2018-07-30,3.27,7.240000000000043,36.809999999999974,293.18,3.27,1,Sindhudurg,Maharashtra
2018-07-31,3.36,7.350000000000042,33.88999999999997,207.24,3.36,1,Sindhudurg,Maharashtra
2018-08-01,3.26,9.890000000000043,30.25999999999997,160.2,3.36,1,Sindhudurg,Maharashtra
2018-08-02,3.04,9.660000000000043,24.069999999999972,137.18,3.36,1,Sindhudurg,Maharashtra
2018-08-03,15.14,21.440000000000044,32.03999999999997,127.69,15.14,1,Sindhudurg,Maharashtra
2018-08-04,19.98,38.16000000000004,48.769999999999975,120.25,19.98,1,Sindhudurg,Maharashtra
2018-08-05,10.85,45.97000000000004,58.89999999999998,112.0,19.98,1,Sindhudurg,Maharashtra
2018-08-06,6.71,37.54000000000004,62.339999999999975,108.34,19.98,1,Sindhudurg,Maharashtra
2018-08-07,3.32,20.88000000000004,62.299999999999976,102.47,10.85,1,Sindhudurg,Maharashtra
2018-08-08,9.25,19.280000000000044,68.28999999999998,105.44,9.25,1,Sindhudurg,Maharashtra
2018-08-09,6.01,18.58000000000004,71.25999999999996,104.56,9.25,1,Sindhudurg,Maharashtra
2018-08-10,4.93,20.19000000000004,61.049999999999976,100.25999999999999,9.25,1,Sindhudurg,Maharashtra
2018-08-11,19.27,30.210000000000043,60.33999999999997,112.35999999999999,19.27,1,Sindhudurg,Maharashtra
2018-08-12,22.24,46.44000000000004,71.72999999999996,131.35,22.24,1,Sindhudurg,Maharashtra
2018-08-13,29.7,71.21000000000004,94.71999999999997,160.32999999999998,29.7,1,Sindhudurg,Maharashtra
2018-08-14,10.48,62.420000000000044,101.87999999999997,167.54,29.7,1,Sindhudurg,Maharashtra
2018-08-15,11.35,51.530000000000044,103.97999999999996,175.53,29.7,1,Sindhudurg,Maharashtra
2018-08-16,28.45,50.280000000000044,126.41999999999997,200.72,28.45,1,Sindhudurg,Maharashtra
2018-08-17,10.12,49.92000000000004,131.60999999999996,207.79999999999998,28.45,1,Sindhudurg,Maharashtra
2018-08-18,15.58,54.15000000000005,127.91999999999997,208.24,28.45,1,Sindhudurg,Maharashtra
2018-08-19,9.99,35.69000000000004,115.66999999999997,198.24999999999997,15.58,1,Sindhudurg,Maharashtra
2018-08-20,24.57,50.14000000000004,110.53999999999996,211.96999999999997,24.57,1,Sindhudurg,Maharashtra
2018-08-21,16.78,51.340000000000046,116.83999999999997,222.04000000000002,24.57,1,Sindhudurg,Maharashtra
2018-08-22,12.99,54.340000000000046,118.47999999999998,231.70999999999998,24.57,1,Sindhudurg,Maharashtra
2018-08-23,9.92,39.69000000000004,99.94999999999997,232.38,16.78,1,Sindhudurg,Maharashtra
2018-08-24,7.96,30.870000000000044,97.78999999999996,234.32999999999998,12.99,1,Sindhudurg,Maharashtra
2018-08-25,4.79,22.670000000000044,86.99999999999997,234.19,9.92,1,Sindhudurg,Maharashtra
2018-08-26,10.44,23.19000000000004,87.44999999999997,225.36,10.44,1,Sindhudurg,Maharashtra
2018-08-27,20.62,35.850000000000044,83.49999999999997,223.74,20.62,1,Sindhudurg,Maharashtra
2018-08-28,20.46,51.520000000000046,87.17999999999998,214.5,20.62,1,Sindhudurg,Maharashtra
2018-08-29,14.39,55.47000000000005,88.57999999999998,218.41,20.62,1,Sindhudurg,Maharashtra
2018-08-30,6.12,40.97000000000004,84.77999999999997,213.18,20.46,1,Sindhudurg,Maharashtra
2018-08-31,3.48,23.990000000000045,80.29999999999997,188.21,14.39,1,Sindhudurg,Maharashtra
2018-09-01,8.83,18.430000000000042,84.33999999999997,186.92000000000002,8.83,1,Sindhudurg,Maharashtra
2018-09-02,2.43,14.740000000000041,76.32999999999998,173.76999999999998,8.83,1,Sindhudurg,Maharashtra
2018-09-03,4.13,15.390000000000043,59.839999999999975,167.91,8.83,1,Sindhudurg,Maharashtra
2018-09-04,2.37,8.930000000000042,41.74999999999997,145.70999999999998,4.13,1,Sindhudurg,Maharashtra
2018-09-05,2.3,8.800000000000043,29.65999999999997,131.23000000000002,4.13,1,Sindhudurg,Maharashtra
2018-09-06,3.84,8.510000000000042,27.37999999999997,122.08000000000001,3.84,1,Sindhudurg,Maharashtra
2018-09-07,6.32,12.460000000000043,30.21999999999997,118.48,6.32,1,Sindhudurg,Maharashtra
2018-09-08,1.73,11.890000000000041,23.119999999999973,112.25,6.32,1,Sindhudurg,Maharashtra
2018-09-09,0.22,8.270000000000044,20.90999999999997,107.68,6.32,1,Sindhudurg,Maharashtra
2018-09-10,0.02,1.9700000000000426,16.799999999999972,97.26,1.73,1,Sindhudurg,Maharashtra
2018-09-11,0.03,0.27000000000004265,14.459999999999972,76.67,0.22,1,Sindhudurg,Maharashtra
2018-09-12,0.02,0.07000000000004264,12.179999999999971,56.230000000000004,0.03,1,Sindhudurg,Maharashtra
2018-09-13,0.03,0.08000000000004262,8.369999999999973,41.87,0.03,1,Sindhudurg,Maharashtra
2018-09-14,0.06,0.11000000000004262,2.1099999999999715,35.81,0.06,1,Sindhudurg,Maharashtra
2018-09-15,0.24,0.3300000000000426,0.6199999999999716,32.57,0.24,1,Sindhudurg,Maharashtra
2018-09-16,0.33,0.6300000000000426,0.7299999999999716,24.07,0.33,1,Sindhudurg,Maharashtra
2018-09-17,0.18,0.7500000000000426,0.8899999999999716,21.82,0.33,1,Sindhudurg,Maharashtra
2018-09-18,0.23,0.7400000000000427,1.0899999999999717,17.919999999999998,0.33,1,Sindhudurg,Maharashtra
2018-09-19,1.89,2.3000000000000425,2.9599999999999715,17.44,1.89,1,Sindhudurg,Maharashtra
2018-09-20,20.26,22.380000000000045,23.189999999999973,35.400000000000006,20.26,1,Sindhudurg,Maharashtra
2018-09-21,19.18,41.33000000000004,42.309999999999974,50.74,20.26,1,Sindhudurg,Maharashtra
2018-09-22,11.64,51.08000000000004,53.70999999999997,56.06,20.26,1,Sindhudurg,Maharashtra
2018-09-23,3.15,33.97000000000004,56.52999999999997,57.480000000000004,19.18,1,Sindhudurg,Maharashtra
2018-09-24,1.99,16.780000000000044,58.339999999999975,59.25,11.64,1,Sindhudurg,Maharashtra
2018-09-25,7.43,12.570000000000043,65.53999999999996,66.66,7.43,1,Sindhudurg,Maharashtra
2018-09-26,27.92,37.340000000000046,91.56999999999996,94.55000000000001,27.92,1,Sindhudurg,Maharashtra
2018-09-27,16.03,51.380000000000045,87.33999999999997,110.56,27.92,1,Sindhudurg,Maharashtra
2018-09-28,8.43,52.380000000000045,76.58999999999997,118.96000000000001,27.92,1,Sindhudurg,Maharashtra
2018-09-29,9.0,33.46000000000005,73.94999999999997,127.9,16.03,1,Sindhudurg,Maharashtra
2018-09-30,0.73,18.160000000000046,71.52999999999997,128.39000000000001,9.0,1,Sindhudurg,Maharashtra
2018-10-01,2.13,11.860000000000046,71.66999999999997,130.19,9.0,0,Sindhudurg,Maharashtra
2018-10-02,1.73,4.590000000000046,65.96999999999998,131.73999999999998,2.13,0,Sindhudurg,Maharashtra
2018-10-03,1.87,5.730000000000047,39.91999999999997,133.38,2.13,0,Sindhudurg,Maharashtra
2018-10-04,8.4,12.000000000000046,32.28999999999997,139.89000000000001,8.4,0,Sindhudurg,Maharashtra
2018-10-05,0.59,10.860000000000047,24.44999999999997,120.22,8.4,0,Sindhudurg,Maharashtra
2018-10-06,0.1,9.090000000000048,15.54999999999997,101.14,8.4,0,Sindhudurg,Maharashtra
2018-10-07,0.0,0.6900000000000479,14.81999999999997,89.5,0.59,0,Sindhudurg,Maharashtra
2018-10-08,1.69,1.790000000000048,14.37999999999997,88.03999999999999,1.69,0,Sindhudurg,Maharashtra
2018-10-09,4.78,6.470000000000049,17.42999999999997,90.83,4.78,0,Sindhudurg,Maharashtra
2018-10-10,0.95,7.420000000000048,16.50999999999997,84.35000000000001,4.78,0,Sindhudurg,Maharashtra
2018-10-11,0.44,6.170000000000048,8.549999999999972,56.87,4.78,0,Sindhudurg,Maharashtra
2018-10-12,0.45,1.840000000000047,8.409999999999972,41.29,0.95,0,Sindhudurg,Maharashtra
2018-10-13,0.07,0.960000000000047,8.379999999999972,32.93,0.45,0,Sindhudurg,Maharashtra
2018-10-14,0.11,0.6300000000000472,8.489999999999972,24.04,0.45,0,Sindhudurg,Maharashtra
2018-10-15,0.03,0.2100000000000471,6.829999999999972,23.34,0.11,0,Sindhudurg,Maharashtra
2018-10-16,14.97,15.110000000000047,17.01999999999997,36.18,14.97,0,Sindhudurg,Maharashtra
2018-10-17,3.64,18.640000000000047,19.709999999999972,38.09,14.97,0,Sindhudurg,Maharashtra
2018-10-18,18.17,36.780000000000044,37.43999999999997,54.39,18.17,0,Sindhudurg,Maharashtra
2018-10-19,2.35,24.16000000000005,39.33999999999997,48.34,18.17,0,Sindhudurg,Maharashtra
2018-10-20,0.24,20.760000000000048,39.50999999999998,47.99,18.17,0,Sindhudurg,Maharashtra
2018-10-21,0.03,2.6200000000000463,39.42999999999997,47.92,2.35,0,Sindhudurg,Maharashtra
2018-10-22,0.11,0.3800000000000462,39.50999999999998,48.03,0.24,0,Sindhudurg,Maharashtra
2018-10-23,0.16,0.3000000000000462,24.69999999999997,46.5,0.16,0,Sindhudurg,Maharashtra
2018-10-24,0.36,0.6300000000000462,21.419999999999973,42.08,0.36,0,Sindhudurg,Maharashtra
2018-10-25,1.0,1.5200000000000462,4.249999999999972,42.13,1.0,0,Sindhudurg,Maharashtra
2018-10-26,0.04,1.400000000000046,1.9399999999999715,41.730000000000004,1.0,0,Sindhudurg,Maharashtra
2018-10-27,0.0,1.0400000000000462,1.6999999999999715,41.28,1.0,0,Sindhudurg,Maharashtra
2018-10-28,0.0,0.040000000000046186,1.6699999999999715,41.21,0.04,0,Sindhudurg,Maharashtra
2018-10-29,0.0,0.0,1.5599999999999716,41.1,0.0,0,Sindhudurg,Maharashtra
2018-10-30,0.0,0.0,1.3999999999999715,41.07,0.0,0,Sindhudurg,Maharashtra
2018-10-31,0.0,0.0,1.0399999999999716,26.1,0.0,0,Sindhudurg,Maharashtra
2018-11-01,0.0,0.0,0.03999999999997158,22.46,0.0,0,Sindhudurg,Maharashtra
2018-11-02,0.01,0.010000000000046185,0.009999999999971578,4.3,0.01,0,Sindhudurg,Maharashtra
2018-11-03,0.5,0.5100000000000462,0.5099999999999716,2.45,0.5,0,Sindhudurg,Maharashtra
2018-11-04,0.59,1.1000000000000463,1.0999999999999717,2.8,0.59,0,Sindhudurg,Maharashtra
2018-11-05,0.69,1.780000000000046,1.7899999999999716,3.46,0.69,0,Sindhudurg,Maharashtra
2018-11-06,2.97,4.250000000000046,4.759999999999971,6.32,2.97,0,Sindhudurg,Maharashtra
2018-11-07,0.09,3.750000000000046,4.849999999999972,6.25,2.97,0,Sindhudurg,Maharashtra
2018-11-08,0.0,3.0600000000000462,4.849999999999972,5.89,2.97,0,Sindhudurg,Maharashtra
2018-11-09,0.0,0.09000000000004618,4.839999999999972,4.890000000000001,0.09,0,Sindhudurg,Maharashtra
2018-11-10,0.0,0.0,4.339999999999972,4.8500000000000005,0.0,0,Sindhudurg,Maharashtra
2018-11-11,0.0,0.0,3.7499999999999716,4.8500000000000005,0.0,0,Sindhudurg,Maharashtra
2018-11-12,0.0,0.0,3.0599999999999716,4.8500000000000005,0.0,0,Sindhudurg,Maharashtra
2018-11-13,0.0,0.0,0.08999999999997157,4.8500000000000005,0.0,0,Sindhudurg,Maharashtra
2018-11-14,0.0,0.0,0.0,4.8500000000000005,0.0,0,Sindhudurg,Maharashtra
2018-11-15,0.0,0.0,0.0,4.8500000000000005,0.0,0,Sindhudurg,Maharashtra
2018-11-16,0.0,0.0,0.0,4.8500000000000005,0.0,0,Sindhudurg,Maharashtra
2018-11-17,0.01,0.010000000000046185,0.009999999999971578,4.85,0.01,0,Sindhudurg,Maharashtra
2018-11-18,0.44,0.4500000000000462,0.4499999999999716,4.79,0.44,0,Sindhudurg,Maharashtra
2018-11-19,11.5,11.950000000000045,11.94999999999997,15.7,11.5,0,Sindhudurg,Maharashtra
2018-11-20,9.45,21.390000000000043,21.39999999999997,24.46,11.5,0,Sindhudurg,Maharashtra
2018-11-21,0.13,21.080000000000044,21.52999999999997,21.62,11.5,0,Sindhudurg,Maharashtra
2018-11-22,0.01,9.590000000000046,21.53999999999997,21.539999999999996,9.45,0,Sindhudurg,Maharashtra
2018-11-23,0.0,0.1400000000000462,21.53999999999997,21.539999999999996,0.13,0,Sindhudurg,Maharashtra
2018-11-24,0.0,0.010000000000046185,21.52999999999997,21.539999999999996,0.01,0,Sindhudurg,Maharashtra
2018-11-25,0.0,0.0,21.08999999999997,21.539999999999996,0.0,0,Sindhudurg,Maharashtra
2018-11-26,0.0,0.0,9.589999999999971,21.539999999999996,0.0,0,Sindhudurg,Maharashtra
2018-11-27,0.0,0.0,0.1399999999999716,21.539999999999996,0.0,0,Sindhudurg,Maharashtra
2018-11-28,0.0,0.0,0.009999999999971578,21.539999999999996,0.0,0,Sindhudurg,Maharashtra
2018-11-29,0.0,0.0,0.0,21.539999999999996,0.0,0,Sindhudurg,Maharashtra
2018-11-30,0.0,0.0,0.0,21.539999999999996,0.0,0,Sindhudurg,Maharashtra
2018-12-01,0.0,0.0,0.0,21.539999999999996,0.0,0,Sindhudurg,Maharashtra
2018-12-02,0.0,0.0,0.0,21.529999999999998,0.0,0,Sindhudurg,Maharashtra
2018-12-03,0.0,0.0,0.0,21.089999999999996,0.0,0,Sindhudurg,Maharashtra
2018-12-04,0.0,0.0,0.0,9.59,0.0,0,Sindhudurg,Maharashtra
2018-12-05,0.63,0.6300000000000462,0.6299999999999716,0.77,0.63,0,Sindhudurg,Maharashtra
2018-12-06,0.15,0.7800000000000462,0.7799999999999716,0.79,0.63,0,Sindhudurg,Maharashtra
2018-12-07,0.0,0.7800000000000462,0.7799999999999716,0.78,0.63,0,Sindhudurg,Maharashtra
2018-12-08,0.0,0.15000000000004618,0.7799999999999716,0.78,0.15,0,Sindhudurg,Maharashtra
2018-12-09,0.0,0.0,0.7799999999999716,0.78,0.0,0,Sindhudurg,Maharashtra
2018-12-10,0.0,0.0,0.7799999999999716,0.78,0.0,0,Sindhudurg,Maharashtra
2018-12-11,0.0,0.0,0.7799999999999716,0.78,0.0,0,Sindhudurg,Maharashtra
2018-12-12,0.0,0.0,0.14999999999997157,0.78,0.0,0,Sindhudurg,Maharashtra
2018-12-13,0.0,0.0,0.0,0.78,0.0,0,Sindhudurg,Maharashtra
2018-12-14,0.0,0.0,0.0,0.78,0.0,0,Sindhudurg,Maharashtra
2018-12-15,0.0,0.0,0.0,0.78,0.0,0,Sindhudurg,Maharashtra
2018-12-16,0.0,0.0,0.0,0.78,0.0,0,Sindhudurg,Maharashtra
2018-12-17,0.0,0.0,0.0,0.78,0.0,0,Sindhudurg,Maharashtra
2018-12-18,0.0,0.0,0.0,0.78,0.0,0,Sindhudurg,Maharashtra
2018-12-19,0.0,0.0,0.0,0.78,0.0,0,Sindhudurg,Maharashtra
2018-12-20,0.0,0.0,0.0,0.15,0.0,0,Sindhudurg,Maharashtra
2018-12-21,0.0,0.0,0.0,0.0,0.0,0,Sindhudurg,Maharashtra
2018-12-22,0.0,0.0,0.0,0.0,0.0,0,Sindhudurg,Maharashtra
2018-12-23,0.0,0.0,0.0,0.0,0.0,0,Sindhudurg,Maharashtra
2018-12-24,0.0,0.0,0.0,0.0,0.0,0,Sindhudurg,Maharashtra
2018-12-25,0.0,0.0,0.0,0.0,0.0,0,Sindhudurg,Maharashtra
2018-12-26,0.0,0.0,0.0,0.0,0.0,0,Sindhudurg,Maharashtra
2018-12-27,0.0,0.0,0.0,0.0,0.0,0,Sindhudurg,Maharashtra
2018-12-28,0.0,0.0,0.0,0.0,0.0,0,Sindhudurg,Maharashtra
2018-12-29,0.0,0.0,0.0,0.0,0.0,0,Sindhudurg,Maharashtra
2018-12-30,0.0,0.0,0.0,0.0,0.0,0,Sindhudurg,Maharashtra
2018-12-31,0.0,0.0,0.0,0.0,0.0,0,Sindhudurg,Maharashtra
2019-01-01,0.0,0.0,0.0,0.0,0.0,0,Sindhudurg,Maharashtra
2019-01-02,0.0,0.0,0.0,0.0,0.0,0,Sindhudurg,Maharashtra
2019-01-03,0.0,0.0,0.0,0.0,0.0,0,Sindhudurg,Maharashtra
2019-01-04,0.0,0.0,0.0,0.0,0.0,0,Sindhudurg,Maharashtra
2019-01-05,0.0,0.0,0.0,0.0,0.0,0,Sindhudurg,Maharashtra
2019-01-06,0.0,0.0,0.0,0.0,0.0,0,Sindhudurg,Maharashtra
2019-01-07,0.0,0.0,0.0,0.0,0.0,0,Sindhudurg,Maharashtra
2019-01-08,0.0,0.0,0.0,0.0,0.0,0,Sindhudurg,Maharashtra
2019-01-09,0.0,0.0,0.0,0.0,0.0,0,Sindhudurg,Maharashtra
2019-01-10,0.0,0.0,0.0,0.0,0.0,0,Sindhudurg,Maharashtra
2019-01-11,0.0,0.0,0.0,0.0,0.0,0,Sindhudurg,Maharashtra
2019-01-12,0.0,0.0,0.0,0.0,0.0,0,Sindhudurg,Maharashtra
2019-01-13,0.0,0.0,0.0,0.0,0.0,0,Sindhudurg,Maharashtra
2019-01-14,0.0,0.0,0.0,0.0,0.0,0,Sindhudurg,Maharashtra
2019-01-15,0.0,0.0,0.0,0.0,0.0,0,Sindhudurg,Maharashtra
2019-01-16,0.0,0.0,0.0,0.0,0.0,0,Sindhudurg,Maharashtra
2019-01-17,0.0,0.0,0.0,0.0,0.0,0,Sindhudurg,Maharashtra
2019-01-18,0.0,0.0,0.0,0.0,0.0,0,Sindhudurg,Maharashtra
2019-01-19,0.0,0.0,0.0,0.0,0.0,0,Sindhudurg,Maharashtra
2019-01-20,0.0,0.0,0.0,0.0,0.0,0,Sindhudurg,Maharashtra
2019-01-21,0.0,0.0,0.0,0.0,0.0,0,Sindhudurg,Maharashtra
2019-01-22,0.0,0.0,0.0,0.0,0.0,0,Sindhudurg,Maharashtra
2019-01-23,0.0,0.0,0.0,0.0,0.0,0,Sindhudurg,Maharashtra
2019-01-24,0.0,0.0,0.0,0.0,0.0,0,Sindhudurg,Maharashtra
2019-01-25,0.0,0.0,0.0,0.0,0.0,0,Sindhudurg,Maharashtra
2019-01-26,0.0,0.0,0.0,0.0,0.0,0,Sindhudurg,Maharashtra
2019-01-27,0.0,0.0,0.0,0.0,0.0,0,Sindhudurg,Maharashtra
2019-01-28,0.0,0.0,0.0,0.0,0.0,0,Sindhudurg,Maharashtra
2019-01-29,0.0,0.0,0.0,0.0,0.0,0,Sindhudurg,Maharashtra
2019-01-30,0.0,0.0,0.0,0.0,0.0,0,Sindhudurg,Maharashtra
2019-01-31,0.0,0.0,0.0,0.0,0.0,0,Sindhudurg,Maharashtra
2019-02-01,0.0,0.0,0.0,0.0,0.0,0,Sindhudurg,Maharashtra
2019-02-02,0.0,0.0,0.0,0.0,0.0,0,Sindhudurg,Maharashtra
2019-02-03,0.0,0.0,0.0,0.0,0.0,0,Sindhudurg,Maharashtra
2019-02-04,0.0,0.0,0.0,0.0,0.0,0,Sindhudurg,Maharashtra
2019-02-05,0.0,0.0,0.0,0.0,0.0,0,Sindhudurg,Maharashtra
2019-02-06,0.0,0.0,0.0,0.0,0.0,0,Sindhudurg,Maharashtra
2019-02-07,0.0,0.0,0.0,0.0,0.0,0,Sindhudurg,Maharashtra
2019-02-08,0.0,0.0,0.0,0.0,0.0,0,Sindhudurg,Maharashtra
2019-02-09,0.0,0.0,0.0,0.0,0.0,0,Sindhudurg,Maharashtra
2019-02-10,0.0,0.0,0.0,0.0,0.0,0,Sindhudurg,Maharashtra
2019-02-11,0.0,0.0,0.0,0.0,0.0,0,Sindhudurg,Maharashtra
2019-02-12,0.0,0.0,0.0,0.0,0.0,0,Sindhudurg,Maharashtra
2019-02-13,0.0,0.0,0.0,0.0,0.0,0,Sindhudurg,Maharashtra
2019-02-14,0.0,0.0,0.0,0.0,0.0,0,Sindhudurg,Maharashtra
2019-02-15,0.0,0.0,0.0,0.0,0.0,0,Sindhudurg,Maharashtra
2019-02-16,0.0,0.0,0.0,0.0,0.0,0,Sindhudurg,Maharashtra
2019-02-17,0.0,0.0,0.0,0.0,0.0,0,Sindhudurg,Maharashtra
2019-02-18,0.0,0.0,0.0,0.0,0.0,0,Sindhudurg,Maharashtra
2019-02-19,0.0,0.0,0.0,0.0,0.0,0,Sindhudurg,Maharashtra
2019-02-20,0.0,0.0,0.0,0.0,0.0,0,Sindhudurg,Maharashtra
2019-02-21,0.0,0.0,0.0,0.0,0.0,0,Sindhudurg,Maharashtra
2019-02-22,0.0,0.0,0.0,0.0,0.0,0,Sindhudurg,Maharashtra
2019-02-23,0.0,0.0,0.0,0.0,0.0,0,Sindhudurg,Maharashtra
2019-02-24,0.0,0.0,0.0,0.0,0.0,0,Sindhudurg,Maharashtra
2019-02-25,0.0,0.0,0.0,0.0,0.0,0,Sindhudurg,Maharashtra
2019-02-26,0.0,0.0,0.0,0.0,0.0,0,Sindhudurg,Maharashtra
2019-02-27,0.0,0.0,0.0,0.0,0.0,0,Sindhudurg,Maharashtra
2019-02-28,0.0,0.0,0.0,0.0,0.0,0,Sindhudurg,Maharashtra
2019-03-01,0.0,0.0,0.0,0.0,0.0,0,Sindhudurg,Maharashtra
2019-03-02,0.0,0.0,0.0,0.0,0.0,0,Sindhudurg,Maharashtra
2019-03-03,0.0,0.0,0.0,0.0,0.0,0,Sindhudurg,Maharashtra
2019-03-04,0.0,0.0,0.0,0.0,0.0,0,Sindhudurg,Maharashtra
2019-03-05,0.0,0.0,0.0,0.0,0.0,0,Sindhudurg,Maharashtra
2019-03-06,0.0,0.0,0.0,0.0,0.0,0,Sindhudurg,Maharashtra
2019-03-07,0.0,0.0,0.0,0.0,0.0,0,Sindhudurg,Maharashtra
2019-03-08,0.0,0.0,0.0,0.0,0.0,0,Sindhudurg,Maharashtra
2019-03-09,0.0,0.0,0.0,0.0,0.0,0,Sindhudurg,Maharashtra
2019-03-10,0.0,0.0,0.0,0.0,0.0,0,Sindhudurg,Maharashtra
2019-03-11,0.0,0.0,0.0,0.0,0.0,0,Sindhudurg,Maharashtra
2019-03-12,0.0,0.0,0.0,0.0,0.0,0,Sindhudurg,Maharashtra
2019-03-13,0.0,0.0,0.0,0.0,0.0,0,Sindhudurg,Maharashtra
2019-03-14,0.0,0.0,0.0,0.0,0.0,0,Sindhudurg,Maharashtra
2019-03-15,0.0,0.0,0.0,0.0,0.0,0,Sindhudurg,Maharashtra
2019-03-16,0.0,0.0,0.0,0.0,0.0,0,Sindhudurg,Maharashtra
2019-03-17,0.0,0.0,0.0,0.0,0.0,0,Sindhudurg,Maharashtra
2019-03-18,0.0,0.0,0.0,0.0,0.0,0,Sindhudurg,Maharashtra
2019-03-19,0.0,0.0,0.0,0.0,0.0,0,Sindhudurg,Maharashtra
2019-03-20,0.0,0.0,0.0,0.0,0.0,0,Sindhudurg,Maharashtra
2019-03-21,0.0,0.0,0.0,0.0,0.0,0,Sindhudurg,Maharashtra
2019-03-22,0.0,0.0,0.0,0.0,0.0,0,Sindhudurg,Maharashtra
2019-03-23,0.0,0.0,0.0,0.0,0.0,0,Sindhudurg,Maharashtra
2019-03-24,0.34,0.3400000000000462,0.3399999999999716,0.34,0.34,0,Sindhudurg,Maharashtra
2019-03-25,2.17,2.510000000000046,2.5099999999999714,2.51,2.17,0,Sindhudurg,Maharashtra
2019-03-26,0.6,3.110000000000046,3.1099999999999715,3.11,2.17,0,Sindhudurg,Maharashtra
2019-03-27,1.22,3.990000000000046,4.329999999999972,4.33,2.17,0,Sindhudurg,Maharashtra
2019-03-28,0.02,1.840000000000046,4.349999999999971,4.35,1.22,0,Sindhudurg,Maharashtra
2019-03-29,0.06,1.300000000000046,4.409999999999971,4.409999999999999,1.22,0,Sindhudurg,Maharashtra
2019-03-30,0.57,0.6500000000000461,4.979999999999971,4.9799999999999995,0.57,0,Sindhudurg,Maharashtra
2019-03-31,1.12,1.7500000000000462,5.759999999999971,6.1,1.12,0,Sindhudurg,Maharashtra
2019-04-01,0.02,1.7100000000000461,3.6099999999999715,6.119999999999999,1.12,0,Sindhudurg,Maharashtra
2019-04-02,0.0,1.1400000000000463,3.0099999999999714,6.119999999999999,1.12,0,Sindhudurg,Maharashtra
2019-04-03,0.03,0.05000000000004619,1.8199999999999716,6.1499999999999995,0.03,0,Sindhudurg,Maharashtra
2019-04-04,0.43,0.4600000000000462,2.2299999999999716,6.58,0.43,0,Sindhudurg,Maharashtra
2019-04-05,0.28,0.7400000000000462,2.4499999999999718,6.859999999999999,0.43,0,Sindhudurg,Maharashtra
2019-04-06,0.03,0.7400000000000462,1.9099999999999717,6.89,0.43,0,Sindhudurg,Maharashtra
2019-04-07,0.0,0.31000000000004624,0.7899999999999716,6.89,0.28,0,Sindhudurg,Maharashtra
2019-04-08,0.03,0.06000000000004624,0.7999999999999716,6.58,0.03,0,Sindhudurg,Maharashtra
2019-04-09,0.04,0.07000000000004625,0.8399999999999715,4.45,0.04,0,Sindhudurg,Maharashtra
2019-04-10,0.03,0.10000000000004625,0.8399999999999715,3.88,0.04,0,Sindhudurg,Maharashtra
2019-04-11,0.6,0.6700000000000462,1.0099999999999716,3.26,0.6,0,Sindhudurg,Maharashtra
2019-04-12,0.54,1.1700000000000461,1.2699999999999716,3.7800000000000002,0.6,0,Sindhudurg,Maharashtra
2019-04-13,2.36,3.500000000000046,3.5999999999999712,6.08,2.36,0,Sindhudurg,Maharashtra
2019-04-14,1.1,4.000000000000046,4.699999999999972,6.609999999999999,2.36,0,Sindhudurg,Maharashtra
2019-04-15,1.86,5.3200000000000465,6.529999999999972,7.3500000000000005,2.36,0,Sindhudurg,Maharashtra
2019-04-16,0.07,3.030000000000046,6.559999999999971,7.3999999999999995,1.86,0,Sindhudurg,Maharashtra
2019-04-17,0.0,1.930000000000046,6.529999999999972,7.3999999999999995,1.86,0,Sindhudurg,Maharashtra
2019-04-18,0.0,0.07000000000004575,5.929999999999971,7.369999999999999,0.07,0,Sindhudurg,Maharashtra
2019-04-19,0.0,0.0,5.389999999999971,6.9399999999999995,0.0,0,Sindhudurg,Maharashtra
2019-04-20,0.0,0.0,3.0299999999999723,6.659999999999999,0.0,0,Sindhudurg,Maharashtra
2019-04-21,0.0,0.0,1.9299999999999722,6.63,0.0,0,Sindhudurg,Maharashtra
2019-04-22,0.0,0.0,0.06999999999997203,6.63,0.0,0,Sindhudurg,Maharashtra
2019-04-23,0.0,0.0,0.0,6.6,0.0,0,Sindhudurg,Maharashtra
2019-04-24,0.0,0.0,0.0,6.56,0.0,0,Sindhudurg,Maharashtra
2019-04-25,0.0,0.0,0.0,6.529999999999999,0.0,0,Sindhudurg,Maharashtra
2019-04-26,0.01,0.010000000000045741,0.009999999999972023,5.94,0.01,0,Sindhudurg,Maharashtra
2019-04-27,0.51,0.5200000000000458,0.519999999999972,5.91,0.51,0,Sindhudurg,Maharashtra
2019-04-28,0.28,0.8000000000000458,0.7999999999999721,3.8299999999999996,0.51,0,Sindhudurg,Maharashtra
2019-04-29,0.03,0.8200000000000458,0.8299999999999721,2.76,0.51,0,Sindhudurg,Maharashtra
2019-04-30,0.01,0.32000000000004575,0.8399999999999721,0.9099999999999996,0.28,0,Sindhudurg,Maharashtra
2019-05-01,0.0,0.04000000000004574,0.8399999999999721,0.8399999999999996,0.03,0,Sindhudurg,Maharashtra
2019-05-02,0.0,0.010000000000045741,0.8399999999999721,0.8399999999999996,0.01,0,Sindhudurg,Maharashtra
2019-05-03,0.0,0.0,0.8299999999999721,0.8399999999999996,0.0,0,Sindhudurg,Maharashtra
2019-05-04,0.0,0.0,0.31999999999997203,0.8399999999999996,0.0,0,Sindhudurg,Maharashtra
2019-05-05,0.0,0.0,0.03999999999997202,0.8399999999999996,0.0,0,Sindhudurg,Maharashtra
2019-05-06,0.0,0.0,0.009999999999972023,0.8399999999999996,0.0,0,Sindhudurg,Maharashtra
2019-05-07,0.0,0.0,0.0,0.8399999999999996,0.0,0,Sindhudurg,Maharashtra
2019-05-08,0.01,0.010000000000045741,0.009999999999972023,0.8499999999999996,0.01,0,Sindhudurg,Maharashtra
2019-05-09,0.0,0.010000000000045741,0.009999999999972023,0.8499999999999996,0.01,0,Sindhudurg,Maharashtra
2019-05-10,0.0,0.010000000000045741,0.009999999999972023,0.8499999999999996,0.01,0,Sindhudurg,Maharashtra
2019-05-11,0.0,0.0,0.009999999999972023,0.8399999999999996,0.0,0,Sindhudurg,Maharashtra
2019-05-12,0.0,0.0,0.009999999999972023,0.32999999999999957,0.0,0,Sindhudurg,Maharashtra
2019-05-13,0.0,0.0,0.009999999999972023,0.04999999999999956,0.0,0,Sindhudurg,Maharashtra
2019-05-14,0.0,0.0,0.009999999999972023,0.019999999999999556,0.0,0,Sindhudurg,Maharashtra
2019-05-15,0.0,0.0,0.0,0.009999999999999556,0.0,0,Sindhudurg,Maharashtra
2019-05-16,0.0,0.0,0.0,0.009999999999999556,0.0,0,Sindhudurg,Maharashtra
2019-05-17,0.0,0.0,0.0,0.009999999999999556,0.0,0,Sindhudurg,Maharashtra
2019-05-18,0.0,0.0,0.0,0.009999999999999556,0.0,0,Sindhudurg,Maharashtra
2019-05-19,0.0,0.0,0.0,0.009999999999999556,0.0,0,Sindhudurg,Maharashtra
2019-05-20,0.0,0.0,0.0,0.009999999999999556,0.0,0,Sindhudurg,Maharashtra
2019-05-21,0.06,0.06000000000004574,0.05999999999997202,0.06999999999999955,0.06,0,Sindhudurg,Maharashtra
2019-05-22,0.05,0.11000000000004574,0.10999999999997202,0.11999999999999955,0.06,0,Sindhudurg,Maharashtra
2019-05-23,0.15,0.26000000000004575,0.25999999999997203,0.25999999999999956,0.15,0,Sindhudurg,Maharashtra
2019-05-24,0.19,0.39000000000004575,0.449999999999972,0.4499999999999995,0.19,0,Sindhudurg,Maharashtra
2019-05-25,0.03,0.37000000000004574,0.479999999999972,0.47999999999999954,0.19,0,Sindhudurg,Maharashtra
2019-05-26,0.01,0.23000000000004572,0.489999999999972,0.48999999999999955,0.19,0,Sindhudurg,Maharashtra
2019-05-27,0.0,0.040000000000045714,0.489999999999972,0.48999999999999955,0.03,0,Sindhudurg,Maharashtra
2019-05-28,0.0,0.010000000000045714,0.429999999999972,0.48999999999999955,0.01,0,Sindhudurg,Maharashtra
2019-05-29,0.0,0.0,0.379999999999972,0.48999999999999955,0.0,0,Sindhudurg,Maharashtra
2019-05-30,0.0,0.0,0.229999999999972,0.48999999999999955,0.0,0,Sindhudurg,Maharashtra
2019-05-31,0.01,0.010000000000045714,0.049999999999972,0.49999999999999956,0.01,0,Sindhudurg,Maharashtra
2019-06-01,0.01,0.020000000000045714,0.029999999999971994,0.5099999999999996,0.01,1,Sindhudurg,Maharashtra
2019-06-02,0.02,0.040000000000045714,0.039999999999971995,0.5299999999999996,0.02,1,Sindhudurg,Maharashtra
2019-06-03,0.19,0.22000000000004571,0.229999999999972,0.7199999999999995,0.19,1,Sindhudurg,Maharashtra
2019-06-04,0.05,0.2600000000000457,0.279999999999972,0.7699999999999996,0.19,1,Sindhudurg,Maharashtra
2019-06-05,1.21,1.4500000000000457,1.489999999999972,1.9199999999999995,1.21,1,Sindhudurg,Maharashtra
2019-06-06,3.71,4.970000000000046,5.199999999999972,5.579999999999999,3.71,1,Sindhudurg,Maharashtra
2019-06-07,3.35,8.270000000000046,8.539999999999973,8.78,3.71,1,Sindhudurg,Maharashtra
2019-06-08,2.33,9.390000000000047,10.859999999999973,10.919999999999998,3.71,1,Sindhudurg,Maharashtra
2019-06-09,4.2,9.880000000000045,15.039999999999973,15.09,4.2,1,Sindhudurg,Maharashtra
2019-06-10,4.53,11.060000000000047,19.37999999999997,19.61,4.53,1,Sindhudurg,Maharashtra
2019-06-11,12.29,21.020000000000046,31.61999999999997,31.9,12.29,1,Sindhudurg,Maharashtra
2019-06-12,18.66,35.48000000000005,49.06999999999997,50.56,18.66,1,Sindhudurg,Maharashtra
2019-06-13,17.52,48.47000000000004,62.87999999999997,68.08,18.66,1,Sindhudurg,Maharashtra
2019-06-14,7.2,43.380000000000045,66.72999999999998,75.28,18.66,1,Sindhudurg,Maharashtra
2019-06-15,5.18,29.900000000000045,69.57999999999997,80.44999999999999,17.52,1,Sindhudurg,Maharashtra
2019-06-16,1.83,14.210000000000047,67.20999999999997,82.27,7.2,1,Sindhudurg,Maharashtra
2019-06-17,1.96,8.970000000000045,64.63999999999997,84.21,5.18,1,Sindhudurg,Maharashtra
2019-06-18,9.42,13.210000000000047,61.769999999999975,93.44,9.42,1,Sindhudurg,Maharashtra
2019-06-19,26.8,38.18000000000005,69.90999999999997,120.19,26.8,1,Sindhudurg,Maharashtra
2019-06-20,16.67,52.89000000000004,69.05999999999997,135.65,26.8,1,Sindhudurg,Maharashtra
2019-06-21,6.17,49.64000000000004,68.02999999999997,138.10999999999999,26.8,1,Sindhudurg,Maharashtra
2019-06-22,18.98,41.82000000000005,81.82999999999998,153.74,18.98,1,Sindhudurg,Maharashtra
2019-06-23,34.66,59.810000000000045,114.65999999999997,186.07,34.66,1,Sindhudurg,Maharashtra
2019-06-24,29.64,83.28000000000004,142.33999999999997,211.51,34.66,1,Sindhudurg,Maharashtra
2019-06-25,11.44,75.74000000000004,144.35999999999999,218.42,34.66,1,Sindhudurg,Maharashtra
2019-06-26,50.4,91.48000000000005,167.95999999999998,256.53,50.4,1,Sindhudurg,Maharashtra
2019-06-27,50.92,112.76000000000005,202.20999999999998,288.79,50.92,1,Sindhudurg,Maharashtra
2019-06-28,33.49,134.81000000000006,229.52999999999997,304.76,50.92,1,Sindhudurg,Maharashtra
2019-06-29,123.88,208.29000000000005,334.42999999999995,421.43999999999994,123.88,1,Sindhudurg,Maharashtra
2019-06-30,61.44,218.81000000000006,361.2099999999999,477.69999999999993,123.88,1,Sindhudurg,Maharashtra
2019-07-01,22.63,207.95000000000005,354.2,498.5,123.88,1,Sindhudurg,Maharashtra
2019-07-02,28.31,112.38000000000005,371.06999999999994,524.85,61.44,1,Sindhudurg,Maharashtra
2019-07-03,24.89,75.83000000000006,345.56,540.32,28.31,1,Sindhudurg,Maharashtra
2019-07-04,24.47,77.67000000000006,319.10999999999996,537.99,28.31,1,Sindhudurg,Maharashtra
2019-07-05,22.84,72.20000000000006,308.46,544.16,24.89,1,Sindhudurg,Maharashtra
2019-07-06,27.32,74.63000000000005,211.89999999999998,565.31,27.32,1,Sindhudurg,Maharashtra
2019-07-07,41.86,92.02000000000005,192.31999999999996,588.19,41.86,1,Sindhudurg,Maharashtra
2019-07-08,27.88,97.06000000000004,197.56999999999996,581.41,41.86,1,Sindhudurg,Maharashtra
2019-07-09,29.96,99.70000000000006,199.21999999999997,581.7299999999999,41.86,1,Sindhudurg,Maharashtra
2019-07-10,39.57,97.41000000000005,213.89999999999998,609.86,39.57,1,Sindhudurg,Maharashtra
2019-07-11,96.52,166.05000000000007,285.94999999999993,655.98,96.52,1,Sindhudurg,Maharashtra
2019-07-12,23.86,159.95000000000005,286.96999999999997,628.92,96.52,1,Sindhudurg,Maharashtra
2019-07-13,15.22,135.60000000000005,274.87,610.65,96.52,1,Sindhudurg,Maharashtra
2019-07-14,11.87,50.95000000000006,244.87999999999997,498.63999999999993,23.86,1,Sindhudurg,Maharashtra
2019-07-15,21.27,48.360000000000056,238.26999999999998,458.46999999999997,21.27,1,Sindhudurg,Maharashtra
2019-07-16,27.61,60.75000000000006,235.91999999999996,463.44999999999993,27.61,1,Sindhudurg,Maharashtra
2019-07-17,8.04,56.92000000000005,204.38999999999996,443.18,27.61,1,Sindhudurg,Maharashtra
2019-07-18,36.8,72.45000000000005,144.66999999999996,455.09,36.8,1,Sindhudurg,Maharashtra
2019-07-19,33.81,78.65000000000006,154.61999999999998,464.43,36.8,1,Sindhudurg,Maharashtra
2019-07-20,13.69,84.30000000000007,153.08999999999997,455.28,36.8,1,Sindhudurg,Maharashtra
2019-07-21,39.62,87.12000000000006,180.83999999999997,467.58,39.62,1,Sindhudurg,Maharashtra
2019-07-22,48.1,101.41000000000005,207.67,473.82,48.1,1,Sindhudurg,Maharashtra
2019-07-23,46.76,134.48000000000005,226.81999999999996,492.69999999999993,48.1,1,Sindhudurg,Maharashtra
2019-07-24,32.21,127.07000000000005,250.98999999999998,494.95,48.1,1,Sindhudurg,Maharashtra
2019-07-25,21.16,100.13000000000005,235.34999999999997,476.53999999999996,46.76,1,Sindhudurg,Maharashtra
2019-07-26,64.69,118.06000000000006,266.22999999999996,444.71000000000004,64.69,1,Sindhudurg,Maharashtra
2019-07-27,32.16,118.01000000000005,284.69999999999993,453.01,64.69,1,Sindhudurg,Maharashtra
2019-07-28,28.51,125.36000000000006,273.59,466.29999999999995,64.69,1,Sindhudurg,Maharashtra
2019-07-29,64.13,124.80000000000005,289.61999999999995,518.5600000000001,64.13,1,Sindhudurg,Maharashtra
2019-07-30,87.45,180.09000000000006,330.30999999999995,584.74,87.45,1,Sindhudurg,Maharashtra
2019-07-31,29.42,181.00000000000006,327.52,586.55,87.45,1,Sindhudurg,Maharashtra
2019-08-01,32.92,149.79000000000008,339.28,611.4300000000001,87.45,1,Sindhudurg,Maharashtra
2019-08-02,45.91,108.25000000000006,320.5,620.5400000000001,45.91,1,Sindhudurg,Maharashtra
2019-08-03,89.82,168.65000000000003,378.15999999999997,676.55,89.82,1,Sindhudurg,Maharashtra
2019-08-04,89.53,225.26000000000005,439.17999999999995,752.3900000000001,89.82,1,Sindhudurg,Maharashtra
2019-08-05,286.38,465.7300000000001,661.43,999.1500000000001,286.38,1,Sindhudurg,Maharashtra
2019-08-06,165.63,541.5400000000001,739.61,1116.68,286.38,1,Sindhudurg,Maharashtra
2019-08-07,109.8,561.8100000000001,819.9899999999999,1179.72,286.38,1,Sindhudurg,Maharashtra
2019-08-08,62.58,338.01000000000005,849.65,1210.09,165.63,1,Sindhudurg,Maharashtra
2019-08-09,56.22,228.60000000000005,859.96,1245.1499999999999,109.8,1,Sindhudurg,Maharashtra
2019-08-10,33.13,151.93000000000006,803.27,1213.5900000000001,62.58,1,Sindhudurg,Maharashtra
2019-08-11,18.33,107.68000000000006,732.0699999999999,1199.76,56.22,1,Sindhudurg,Maharashtra
2019-08-12,12.6,64.06000000000006,458.28999999999996,1183.85,33.13,1,Sindhudurg,Maharashtra
2019-08-13,8.75,39.68000000000006,301.40999999999997,1128.4699999999998,18.33,1,Sindhudurg,Maharashtra
2019-08-14,16.03,37.38000000000006,207.64,1057.0500000000002,16.03,1,Sindhudurg,Maharashtra
2019-08-15,12.79,37.57000000000006,157.85,1040.42,16.03,1,Sindhudurg,Maharashtra
2019-08-16,5.29,34.110000000000056,106.92,1012.79,16.03,1,Sindhudurg,Maharashtra
2019-08-17,2.79,20.870000000000054,76.58,969.67,12.79,1,Sindhudurg,Maharashtra
2019-08-18,6.1,14.180000000000057,64.35,885.95,6.1,1,Sindhudurg,Maharashtra
2019-08-19,1.86,10.750000000000057,53.61,798.2800000000001,6.1,1,Sindhudurg,Maharashtra
2019-08-20,1.42,9.380000000000056,46.28,513.3199999999999,6.1,1,Sindhudurg,Maharashtra
2019-08-21,3.49,6.770000000000057,33.74,351.18,3.49,1,Sindhudurg,Maharashtra
2019-08-22,6.91,11.820000000000057,27.86,248.29,6.91,1,Sindhudurg,Maharashtra
2019-08-23,11.57,21.970000000000056,34.14,197.28,11.57,1,Sindhudurg,Maharashtra
2019-08-24,5.49,23.970000000000056,36.84,146.55,11.57,1,Sindhudurg,Maharashtra
2019-08-25,1.74,18.800000000000058,32.48,115.16000000000001,11.57,1,Sindhudurg,Maharashtra
2019-08-26,1.6,8.830000000000057,32.22,98.43,5.49,1,Sindhudurg,Maharashtra
2019-08-27,2.13,5.470000000000057,32.93,87.96,2.13,1,Sindhudurg,Maharashtra
2019-08-28,6.06,9.790000000000056,35.5,85.27,6.06,1,Sindhudurg,Maharashtra
2019-08-29,19.75,27.940000000000055,48.34,88.99,19.75,1,Sindhudurg,Maharashtra
2019-08-30,11.38,37.190000000000055,48.15,87.58,19.75,1,Sindhudurg,Maharashtra
2019-08-31,32.64,63.77000000000005,75.3,114.93,32.64,1,Sindhudurg,Maharashtra
2019-09-01,33.37,77.39000000000004,106.93,145.51,33.37,1,Sindhudurg,Maharashtra
2019-09-02,32.02,98.03000000000006,137.35,171.43,33.37,1,Sindhudurg,Maharashtra
2019-09-03,36.39,101.78000000000004,171.61,205.95999999999998,36.39,1,Sindhudurg,Maharashtra
2019-09-04,62.34,130.75000000000006,227.89,266.88,62.34,1,Sindhudurg,Maharashtra
2019-09-05,36.52,135.25000000000006,244.66,299.90999999999997,62.34,1,Sindhudurg,Maharashtra
2019-09-06,50.91,149.77000000000007,284.19,343.91,62.34,1,Sindhudurg,Maharashtra
2019-09-07,69.02,156.45000000000005,320.57000000000005,401.36,69.02,1,Sindhudurg,Maharashtra
2019-09-08,29.93,149.86000000000004,317.13,425.8,69.02,1,Sindhudurg,Maharashtra
2019-09-09,10.37,109.32000000000004,295.48,434.43,69.02,1,Sindhudurg,Maharashtra
2019-09-10,4.67,44.97000000000004,263.76,437.5,29.93,1,Sindhudurg,Maharashtra
2019-09-11,2.5,17.540000000000042,203.92000000000002,437.87,10.37,1,Sindhudurg,Maharashtra
2019-09-12,4.19,11.360000000000042,171.59,436.0,4.67,1,Sindhudurg,Maharashtra
2019-09-13,7.74,14.430000000000042,128.42000000000002,423.99,7.74,1,Sindhudurg,Maharashtra
2019-09-14,7.02,18.950000000000042,66.42,419.63,7.74,1,Sindhudurg,Maharashtra
2019-09-15,9.26,24.020000000000042,45.75,396.25,9.26,1,Sindhudurg,Maharashtra
2019-09-16,7.22,23.500000000000043,42.6,370.1,9.26,1,Sindhudurg,Maharashtra
2019-09-17,2.64,19.120000000000044,40.57,340.72,9.26,1,Sindhudurg,Maharashtra
2019-09-18,11.95,21.81000000000004,50.019999999999996,316.28,11.95,1,Sindhudurg,Maharashtra
2019-09-19,13.17,27.76000000000004,59.0,267.11,13.17,1,Sindhudurg,Maharashtra
2019-09-20,2.8,27.92000000000004,54.06,233.39,13.17,1,Sindhudurg,Maharashtra
2019-09-21,5.75,21.72000000000004,52.79,188.23,13.17,1,Sindhudurg,Maharashtra
2019-09-22,1.4,9.950000000000042,44.93,120.61,5.75,1,Sindhudurg,Maharashtra
2019-09-23,2.6,9.750000000000043,40.31,93.28,5.75,1,Sindhudurg,Maharashtra
2019-09-24,34.3,38.30000000000004,71.97,117.21000000000001,34.3,1,Sindhudurg,Maharashtra
2019-09-25,39.29,76.19000000000004,99.31,151.82999999999998,39.29,1,Sindhudurg,Maharashtra
2019-09-26,15.34,88.93000000000004,101.47999999999999,164.67,39.29,1,Sindhudurg,Maharashtra
2019-09-27,5.05,59.68000000000004,103.72999999999999,165.53,39.29,1,Sindhudurg,Maharashtra
2019-09-28,0.99,21.38000000000004,98.97,158.78,15.34,1,Sindhudurg,Maharashtra
2019-09-29,0.2,6.240000000000043,97.77000000000001,151.96,5.05,1,Sindhudurg,Maharashtra
2019-09-30,2.06,3.2500000000000426,97.22999999999999,144.76,2.06,1,Sindhudurg,Maharashtra
2019-10-01,2.56,4.820000000000043,65.49,140.1,2.56,0,Sindhudurg,Maharashtra
2019-10-02,0.23,4.850000000000042,26.43,137.69,2.56,0,Sindhudurg,Maharashtra
2019-10-03,2.03,4.820000000000043,13.12,127.77,2.56,0,Sindhudurg,Maharashtra
2019-10-04,7.45,9.710000000000042,15.520000000000001,122.05,7.45,0,Sindhudurg,Maharashtra
2019-10-05,12.01,21.49000000000004,26.54,131.26,12.01,0,Sindhudurg,Maharashtra
2019-10-06,4.0,23.460000000000043,30.340000000000003,129.51,12.01,0,Sindhudurg,Maharashtra
2019-10-07,1.9,17.91000000000004,30.18,130.01,12.01,0,Sindhudurg,Maharashtra
2019-10-08,5.97,11.870000000000042,33.59,133.38,5.97,0,Sindhudurg,Maharashtra
2019-10-09,5.35,13.220000000000041,38.709999999999994,104.42999999999999,5.97,0,Sindhudurg,Maharashtra
2019-10-10,5.44,16.76000000000004,42.120000000000005,70.58,5.97,0,Sindhudurg,Maharashtra
2019-10-11,2.18,12.970000000000043,36.85,57.419999999999995,5.44,0,Sindhudurg,Maharashtra
2019-10-12,1.19,8.810000000000043,26.03,53.56,5.44,0,Sindhudurg,Maharashtra
2019-10-13,3.29,6.660000000000043,25.32,55.86,3.29,0,Sindhudurg,Maharashtra
2019-10-14,0.65,5.130000000000043,24.07,56.31,3.29,0,Sindhudurg,Maharashtra
2019-10-15,0.52,4.460000000000043,18.62,54.769999999999996,3.29,0,Sindhudurg,Maharashtra
2019-10-16,5.62,6.790000000000043,18.89,57.83,5.62,0,Sindhudurg,Maharashtra
2019-10-17,3.83,9.970000000000041,17.28,61.43,5.62,0,Sindhudurg,Maharashtra
2019-10-18,18.57,28.020000000000042,33.67,77.97,18.57,0,Sindhudurg,Maharashtra
2019-10-19,40.37,62.77000000000004,72.85,110.88999999999999,40.37,0,Sindhudurg,Maharashtra
2019-10-20,54.19,113.13000000000004,123.75,153.07,54.19,0,Sindhudurg,Maharashtra
2019-10-21,16.7,111.26000000000003,139.8,165.77,54.19,0,Sindhudurg,Maharashtra
2019-10-22,25.03,95.92000000000004,164.31,188.9,54.19,0,Sindhudurg,Maharashtra
2019-10-23,20.05,61.780000000000044,178.73999999999998,202.98,25.03,0,Sindhudurg,Maharashtra
2019-10-24,41.78,86.86000000000004,216.69,239.41,41.78,0,Sindhudurg,Maharashtra
2019-10-25,55.58,117.41000000000004,253.70000000000002,289.55,55.58,0,Sindhudurg,Maharashtra
2019-10-26,16.27,113.63000000000004,229.6,303.64,55.58,0,Sindhudurg,Maharashtra
2019-10-27,0.84,72.69000000000004,176.25,303.29,55.58,0,Sindhudurg,Maharashtra
2019-10-28,1.87,18.980000000000043,161.42,301.87,16.27,0,Sindhudurg,Maharashtra
2019-10-29,0.85,3.5600000000000427,137.23999999999998,302.07,1.87,0,Sindhudurg,Maharashtra
2019-10-30,0.24,2.9600000000000426,117.43,301.79,1.87,0,Sindhudurg,Maharashtra
2019-10-31,1.46,2.5500000000000425,77.11,297.63,1.46,0,Sindhudurg,Maharashtra
2019-11-01,2.88,4.580000000000043,24.41,296.67999999999995,2.88,0,Sindhudurg,Maharashtra
2019-11-02,0.68,5.020000000000042,8.82,278.78999999999996,2.88,0,Sindhudurg,Maharashtra
2019-11-03,0.42,3.9800000000000426,8.4,238.84,2.88,0,Sindhudurg,Maharashtra
2019-11-04,1.54,2.6400000000000428,8.07,186.19,1.54,0,Sindhudurg,Maharashtra
2019-11-05,1.04,3.0000000000000426,8.26,170.53,1.54,0,Sindhudurg,Maharashtra
2019-11-06,1.11,3.690000000000043,9.13,146.60999999999999,1.54,0,Sindhudurg,Maharashtra
2019-11-07,0.74,2.8900000000000428,8.41,127.30000000000001,1.11,0,Sindhudurg,Maharashtra
2019-11-08,0.4,2.2500000000000426,5.930000000000001,85.92,1.11,0,Sindhudurg,Maharashtra
2019-11-09,0.01,1.1500000000000425,5.260000000000001,30.349999999999998,0.74,0,Sindhudurg,Maharashtra
2019-11-10,0.0,0.41000000000004266,4.840000000000001,14.08,0.4,0,Sindhudurg,Maharashtra
2019-11-11,0.07,0.08000000000004263,3.37,13.31,0.07,0,Sindhudurg,Maharashtra
2019-11-12,0.04,0.11000000000004265,2.37,11.48,0.07,0,Sindhudurg,Maharashtra
2019-11-13,0.0,0.11000000000004265,1.26,10.629999999999999,0.07,0,Sindhudurg,Maharashtra
2019-11-14,0.02,0.06000000000004263,0.54,10.409999999999998,0.04,0,Sindhudurg,Maharashtra
2019-11-15,0.0,0.020000000000042633,0.14,8.95,0.02,0,Sindhudurg,Maharashtra
2019-11-16,0.01,0.03000000000004263,0.13999999999999999,6.08,0.02,0,Sindhudurg,Maharashtra
2019-11-17,0.0,0.010000000000042633,0.13999999999999999,5.4,0.01,0,Sindhudurg,Maharashtra
2019-11-18,0.0,0.010000000000042633,0.07,4.98,0.01,0,Sindhudurg,Maharashtra
2019-11-19,0.0,0.0,0.03,3.44,0.0,0,Sindhudurg,Maharashtra
2019-11-20,0.0,0.0,0.03,2.4,0.0,0,Sindhudurg,Maharashtra
2019-11-21,0.0,0.0,0.01,1.29,0.0,0,Sindhudurg,Maharashtra
2019-11-22,0.0,0.0,0.01,0.55,0.0,0,Sindhudurg,Maharashtra
2019-11-23,0.0,0.0,0.0,0.15,0.0,0,Sindhudurg,Maharashtra
2019-11-24,0.0,0.0,0.0,0.13999999999999999,0.0,0,Sindhudurg,Maharashtra
2019-11-25,0.0,0.0,0.0,0.13999999999999999,0.0,0,Sindhudurg,Maharashtra
2019-11-26,0.0,0.0,0.0,0.07,0.0,0,Sindhudurg,Maharashtra
2019-11-27,0.0,0.0,0.0,0.03,0.0,0,Sindhudurg,Maharashtra
2019-11-28,0.0,0.0,0.0,0.03,0.0,0,Sindhudurg,Maharashtra
2019-11-29,0.0,0.0,0.0,0.01,0.0,0,Sindhudurg,Maharashtra
2019-11-30,0.0,0.0,0.0,0.01,0.0,0,Sindhudurg,Maharashtra
2019-12-01,0.0,0.0,0.0,0.0,0.0,0,Sindhudurg,Maharashtra
2019-12-02,0.91,0.9100000000000427,0.91,0.91,0.91,0,Sindhudurg,Maharashtra
2019-12-03,1.39,2.3000000000000425,2.3,2.3,1.39,0,Sindhudurg,Maharashtra
2019-12-04,0.51,2.8100000000000427,2.81,2.81,1.39,0,Sindhudurg,Maharashtra
2019-12-05,0.0,1.9000000000000425,2.81,2.81,1.39,0,Sindhudurg,Maharashtra
2019-12-06,0.0,0.5100000000000429,2.81,2.81,0.51,0,Sindhudurg,Maharashtra
2019-12-07,0.0,0.0,2.81,2.81,0.0,0,Sindhudurg,Maharashtra
2019-12-08,0.0,0.0,2.81,2.81,0.0,0,Sindhudurg,Maharashtra
2019-12-09,0.0,0.0,1.9,2.81,0.0,0,Sindhudurg,Maharashtra
2019-12-10,0.0,0.0,0.5100000000000002,2.81,0.0,0,Sindhudurg,Maharashtra
2019-12-11,0.0,0.0,0.0,2.81,0.0,0,Sindhudurg,Maharashtra
2019-12-12,0.0,0.0,0.0,2.81,0.0,0,Sindhudurg,Maharashtra
2019-12-13,0.0,0.0,0.0,2.81,0.0,0,Sindhudurg,Maharashtra
2019-12-14,0.0,0.0,0.0,2.81,0.0,0,Sindhudurg,Maharashtra
2019-12-15,0.0,0.0,0.0,2.81,0.0,0,Sindhudurg,Maharashtra
2019-12-16,0.0,0.0,0.0,2.81,0.0,0,Sindhudurg,Maharashtra
2019-12-17,0.0,0.0,0.0,1.9,0.0,0,Sindhudurg,Maharashtra
2019-12-18,0.0,0.0,0.0,0.5100000000000002,0.0,0,Sindhudurg,Maharashtra
2019-12-19,0.0,0.0,0.0,0.0,0.0,0,Sindhudurg,Maharashtra
2019-12-20,0.0,0.0,0.0,0.0,0.0,0,Sindhudurg,Maharashtra
2019-12-21,0.0,0.0,0.0,0.0,0.0,0,Sindhudurg,Maharashtra
2019-12-22,0.0,0.0,0.0,0.0,0.0,0,Sindhudurg,Maharashtra
2019-12-23,0.0,0.0,0.0,0.0,0.0,0,Sindhudurg,Maharashtra
2019-12-24,0.0,0.0,0.0,0.0,0.0,0,Sindhudurg,Maharashtra
2019-12-25,0.0,0.0,0.0,0.0,0.0,0,Sindhudurg,Maharashtra
2019-12-26,0.0,0.0,0.0,0.0,0.0,0,Sindhudurg,Maharashtra
2019-12-27,0.0,0.0,0.0,0.0,0.0,0,Sindhudurg,Maharashtra
2019-12-28,0.0,0.0,0.0,0.0,0.0,0,Sindhudurg,Maharashtra
2019-12-29,0.0,0.0,0.0,0.0,0.0,0,Sindhudurg,Maharashtra
2019-12-30,0.0,0.0,0.0,0.0,0.0,0,Sindhudurg,Maharashtra
2019-12-31,0.0,0.0,0.0,0.0,0.0,0,Sindhudurg,Maharashtra
2020-01-01,0.0,0.0,0.0,0.0,0.0,0,Sindhudurg,Maharashtra
2020-01-02,0.0,0.0,0.0,0.0,0.0,0,Sindhudurg,Maharashtra
2020-01-03,0.0,0.0,0.0,0.0,0.0,0,Sindhudurg,Maharashtra
2020-01-04,0.0,0.0,0.0,0.0,0.0,0,Sindhudurg,Maharashtra
2020-01-05,0.0,0.0,0.0,0.0,0.0,0,Sindhudurg,Maharashtra
2020-01-06,0.0,0.0,0.0,0.0,0.0,0,Sindhudurg,Maharashtra
2020-01-07,0.0,0.0,0.0,0.0,0.0,0,Sindhudurg,Maharashtra
2020-01-08,0.0,0.0,0.0,0.0,0.0,0,Sindhudurg,Maharashtra
2020-01-09,0.0,0.0,0.0,0.0,0.0,0,Sindhudurg,Maharashtra
2020-01-10,0.0,0.0,0.0,0.0,0.0,0,Sindhudurg,Maharashtra
2020-01-11,0.0,0.0,0.0,0.0,0.0,0,Sindhudurg,Maharashtra
2020-01-12,0.0,0.0,0.0,0.0,0.0,0,Sindhudurg,Maharashtra
2020-01-13,0.0,0.0,0.0,0.0,0.0,0,Sindhudurg,Maharashtra
2020-01-14,0.0,0.0,0.0,0.0,0.0,0,Sindhudurg,Maharashtra
2020-01-15,0.0,0.0,0.0,0.0,0.0,0,Sindhudurg,Maharashtra
2020-01-16,0.01,0.010000000000042855,0.010000000000000222,0.010000000000000222,0.01,0,Sindhudurg,Maharashtra
2020-01-17,0.0,0.010000000000042855,0.010000000000000222,0.010000000000000222,0.01,0,Sindhudurg,Maharashtra
2020-01-18,0.0,0.010000000000042855,0.010000000000000222,0.010000000000000222,0.01,0,Sindhudurg,Maharashtra
2020-01-19,0.0,0.0,0.010000000000000222,0.010000000000000222,0.0,0,Sindhudurg,Maharashtra
2020-01-20,0.0,0.0,0.010000000000000222,0.010000000000000222,0.0,0,Sindhudurg,Maharashtra
2020-01-21,0.0,0.0,0.010000000000000222,0.010000000000000222,0.0,0,Sindhudurg,Maharashtra
2020-01-22,0.0,0.0,0.010000000000000222,0.010000000000000222,0.0,0,Sindhudurg,Maharashtra
2020-01-23,0.0,0.0,0.0,0.010000000000000222,0.0,0,Sindhudurg,Maharashtra
2020-01-24,0.0,0.0,0.0,0.010000000000000222,0.0,0,Sindhudurg,Maharashtra
2020-01-25,0.0,0.0,0.0,0.010000000000000222,0.0,0,Sindhudurg,Maharashtra
2020-01-26,0.0,0.0,0.0,0.010000000000000222,0.0,0,Sindhudurg,Maharashtra
2020-01-27,0.0,0.0,0.0,0.010000000000000222,0.0,0,Sindhudurg,Maharashtra
2020-01-28,0.0,0.0,0.0,0.010000000000000222,0.0,0,Sindhudurg,Maharashtra
2020-01-29,0.0,0.0,0.0,0.010000000000000222,0.0,0,Sindhudurg,Maharashtra
2020-01-30,0.0,0.0,0.0,0.010000000000000222,0.0,0,Sindhudurg,Maharashtra
2020-01-31,0.0,0.0,0.0,0.0,0.0,0,Sindhudurg,Maharashtra
2020-02-01,0.0,0.0,0.0,0.0,0.0,0,Sindhudurg,Maharashtra
2020-02-02,0.0,0.0,0.0,0.0,0.0,0,Sindhudurg,Maharashtra
2020-02-03,0.0,0.0,0.0,0.0,0.0,0,Sindhudurg,Maharashtra
2020-02-04,0.0,0.0,0.0,0.0,0.0,0,Sindhudurg,Maharashtra
2020-02-05,0.0,0.0,0.0,0.0,0.0,0,Sindhudurg,Maharashtra
2020-02-06,0.0,0.0,0.0,0.0,0.0,0,Sindhudurg,Maharashtra
2020-02-07,0.0,0.0,0.0,0.0,0.0,0,Sindhudurg,Maharashtra
2020-02-08,0.0,0.0,0.0,0.0,0.0,0,Sindhudurg,Maharashtra
2020-02-09,0.0,0.0,0.0,0.0,0.0,0,Sindhudurg,Maharashtra
2020-02-10,0.0,0.0,0.0,0.0,0.0,0,Sindhudurg,Maharashtra
2020-02-11,0.0,0.0,0.0,0.0,0.0,0,Sindhudurg,Maharashtra
2020-02-12,0.0,0.0,0.0,0.0,0.0,0,Sindhudurg,Maharashtra
2020-02-13,0.0,0.0,0.0,0.0,0.0,0,Sindhudurg,Maharashtra
2020-02-14,0.0,0.0,0.0,0.0,0.0,0,Sindhudurg,Maharashtra
2020-02-15,0.0,0.0,0.0,0.0,0.0,0,Sindhudurg,Maharashtra
2020-02-16,0.0,0.0,0.0,0.0,0.0,0,Sindhudurg,Maharashtra
2020-02-17,0.0,0.0,0.0,0.0,0.0,0,Sindhudurg,Maharashtra
2020-02-18,0.0,0.0,0.0,0.0,0.0,0,Sindhudurg,Maharashtra
2020-02-19,0.0,0.0,0.0,0.0,0.0,0,Sindhudurg,Maharashtra
2020-02-20,0.0,0.0,0.0,0.0,0.0,0,Sindhudurg,Maharashtra
2020-02-21,0.0,0.0,0.0,0.0,0.0,0,Sindhudurg,Maharashtra
2020-02-22,0.0,0.0,0.0,0.0,0.0,0,Sindhudurg,Maharashtra
2020-02-23,0.0,0.0,0.0,0.0,0.0,0,Sindhudurg,Maharashtra
2020-02-24,0.0,0.0,0.0,0.0,0.0,0,Sindhudurg,Maharashtra
2020-02-25,0.0,0.0,0.0,0.0,0.0,0,Sindhudurg,Maharashtra
2020-02-26,0.0,0.0,0.0,0.0,0.0,0,Sindhudurg,Maharashtra
2020-02-27,0.0,0.0,0.0,0.0,0.0,0,Sindhudurg,Maharashtra
2020-02-28,0.0,0.0,0.0,0.0,0.0,0,Sindhudurg,Maharashtra
2020-02-29,0.14,0.14000000000004287,0.14000000000000024,0.14000000000000024,0.14,0,Sindhudurg,Maharashtra
2020-03-01,1.23,1.3700000000000427,1.37,1.37,1.23,0,Sindhudurg,Maharashtra
2020-03-02,0.03,1.4000000000000428,1.4000000000000001,1.4000000000000001,1.23,0,Sindhudurg,Maharashtra
2020-03-03,0.0,1.2600000000000429,1.4000000000000001,1.4000000000000001,1.23,0,Sindhudurg,Maharashtra
2020-03-04,0.0,0.030000000000042853,1.4000000000000001,1.4000000000000001,0.03,0,Sindhudurg,Maharashtra
2020-03-05,0.0,0.0,1.4000000000000001,1.4000000000000001,0.0,0,Sindhudurg,Maharashtra
2020-03-06,0.0,0.0,1.4000000000000001,1.4000000000000001,0.0,0,Sindhudurg,Maharashtra
2020-03-07,0.0,0.0,1.2600000000000002,1.4000000000000001,0.0,0,Sindhudurg,Maharashtra
2020-03-08,0.0,0.0,0.03000000000000022,1.4000000000000001,0.0,0,Sindhudurg,Maharashtra
2020-03-09,0.0,0.0,0.0,1.4000000000000001,0.0,0,Sindhudurg,Maharashtra
2020-03-10,0.0,0.0,0.0,1.4000000000000001,0.0,0,Sindhudurg,Maharashtra
2020-03-11,0.0,0.0,0.0,1.4000000000000001,0.0,0,Sindhudurg,Maharashtra
2020-03-12,0.0,0.0,0.0,1.4000000000000001,0.0,0,Sindhudurg,Maharashtra
2020-03-13,0.01,0.010000000000042855,0.010000000000000222,1.4100000000000001,0.01,0,Sindhudurg,Maharashtra
2020-03-14,0.0,0.010000000000042855,0.010000000000000222,1.4100000000000001,0.01,0,Sindhudurg,Maharashtra
2020-03-15,0.0,0.010000000000042855,0.010000000000000222,1.27,0.01,0,Sindhudurg,Maharashtra
2020-03-16,0.0,0.0,0.010000000000000222,0.04,0.0,0,Sindhudurg,Maharashtra
2020-03-17,0.01,0.010000000000042855,0.020000000000000222,0.02,0.01,0,Sindhudurg,Maharashtra
2020-03-18,1.06,1.070000000000043,1.0800000000000003,1.08,1.06,0,Sindhudurg,Maharashtra
2020-03-19,0.06,1.130000000000043,1.1400000000000003,1.1400000000000001,1.06,0,Sindhudurg,Maharashtra
2020-03-20,0.01,1.130000000000043,1.1400000000000003,1.1500000000000001,1.06,0,Sindhudurg,Maharashtra
2020-03-21,0.0,0.07000000000004285,1.1400000000000003,1.1500000000000001,0.06,0,Sindhudurg,Maharashtra
2020-03-22,0.0,0.010000000000042855,1.1400000000000003,1.1500000000000001,0.01,0,Sindhudurg,Maharashtra
2020-03-23,0.0,0.0,1.1400000000000003,1.1500000000000001,0.0,0,Sindhudurg,Maharashtra
2020-03-24,0.35,0.35000000000004283,1.4800000000000002,1.5,0.35,0,Sindhudurg,Maharashtra
2020-03-25,3.02,3.3700000000000427,3.4400000000000004,4.52,3.02,0,Sindhudurg,Maharashtra
2020-03-26,0.7,4.070000000000043,4.08,5.22,3.02,0,Sindhudurg,Maharashtra
2020-03-27,0.23,3.950000000000043,4.3,5.45,3.02,0,Sindhudurg,Maharashtra
2020-03-28,0.0,0.9300000000000426,4.3,5.44,0.7,0,Sindhudurg,Maharashtra
2020-03-29,0.0,0.23000000000004264,4.3,5.44,0.23,0,Sindhudurg,Maharashtra
2020-03-30,0.0,0.0,4.3,5.44,0.0,0,Sindhudurg,Maharashtra
2020-03-31,0.0,0.0,3.95,5.44,0.0,0,Sindhudurg,Maharashtra
2020-04-01,0.0,0.0,0.9299999999999999,5.430000000000001,0.0,0,Sindhudurg,Maharashtra
2020-04-02,0.0,0.0,0.23,4.37,0.0,0,Sindhudurg,Maharashtra
2020-04-03,0.01,0.010000000000042633,0.01,4.32,0.01,0,Sindhudurg,Maharashtra
2020-04-04,0.11,0.12000000000004263,0.12,4.42,0.11,0,Sindhudurg,Maharashtra
2020-04-05,2.62,2.740000000000043,2.74,7.039999999999999,2.62,0,Sindhudurg,Maharashtra
2020-04-06,1.08,3.810000000000043,3.8200000000000003,8.12,2.62,0,Sindhudurg,Maharashtra
2020-04-07,0.11,3.8100000000000427,3.93,8.23,2.62,0,Sindhudurg,Maharashtra
2020-04-08,0.0,1.1900000000000428,3.93,7.88,1.08,0,Sindhudurg,Maharashtra
2020-04-09,0.09,0.20000000000004264,4.0200000000000005,4.949999999999999,0.11,0,Sindhudurg,Maharashtra
2020-04-10,3.83,3.9200000000000426,7.840000000000001,8.08,3.83,0,Sindhudurg,Maharashtra
2020-04-11,0.71,4.6300000000000425,8.440000000000001,8.56,3.83,0,Sindhudurg,Maharashtra
2020-04-12,0.03,4.570000000000043,5.8500000000000005,8.59,3.83,0,Sindhudurg,Maharashtra
2020-04-13,0.13,0.8700000000000426,4.9,8.72,0.71,0,Sindhudurg,Maharashtra
2020-04-14,0.05,0.21000000000004265,4.84,8.77,0.13,0,Sindhudurg,Maharashtra
2020-04-15,0.13,0.3100000000000427,4.97,8.9,0.13,0,Sindhudurg,Maharashtra
2020-04-16,2.24,2.420000000000043,7.12,11.14,2.24,0,Sindhudurg,Maharashtra
2020-04-17,0.58,2.9500000000000433,3.87,11.72,2.24,0,Sindhudurg,Maharashtra
2020-04-18,7.56,10.380000000000042,10.719999999999999,19.27,7.56,0,Sindhudurg,Maharashtra
2020-04-19,1.28,9.420000000000043,11.97,20.44,7.56,0,Sindhudurg,Maharashtra
2020-04-20,0.61,9.450000000000042,12.45,18.43,7.56,0,Sindhudurg,Maharashtra
2020-04-21,0.74,2.6300000000000425,13.139999999999999,18.09,1.28,0,Sindhudurg,Maharashtra
2020-04-22,0.01,1.3600000000000425,13.02,17.99,0.74,0,Sindhudurg,Maharashtra
2020-04-23,0.06,0.8100000000000426,10.84,18.049999999999997,0.74,0,Sindhudurg,Maharashtra
2020-04-24,0.08,0.15000000000004263,10.34,18.04,0.08,0,Sindhudurg,Maharashtra
2020-04-25,0.26,0.40000000000004265,3.04,14.469999999999999,0.26,0,Sindhudurg,Maharashtra
2020-04-26,0.0,0.34000000000004266,1.76,13.759999999999998,0.26,0,Sindhudurg,Maharashtra
2020-04-27,0.0,0.26000000000004264,1.15,13.73,0.26,0,Sindhudurg,Maharashtra
2020-04-28,0.07,0.07000000000004264,0.48000000000000004,13.669999999999998,0.07,0,Sindhudurg,Maharashtra
2020-04-29,0.39,0.46000000000004265,0.8600000000000001,14.01,0.39,0,Sindhudurg,Maharashtra
2020-04-30,1.14,1.6000000000000425,1.94,15.02,1.14,0,Sindhudurg,Maharashtra
2020-05-01,0.61,2.1400000000000423,2.47,13.389999999999999,1.14,0,Sindhudurg,Maharashtra
2020-05-02,0.06,1.8100000000000425,2.27,12.87,1.14,0,Sindhudurg,Maharashtra
2020-05-03,0.05,0.7200000000000426,2.3200000000000003,5.36,0.61,0,Sindhudurg,Maharashtra
2020-05-04,0.01,0.12000000000004263,2.3300000000000005,4.09,0.06,0,Sindhudurg,Maharashtra
2020-05-05,0.01,0.07000000000004264,2.27,3.4899999999999998,0.05,0,Sindhudurg,Maharashtra
2020-05-06,0.06,0.08000000000004263,1.9400000000000002,2.81,0.06,0,Sindhudurg,Maharashtra
2020-05-07,0.02,0.09000000000004264,0.8200000000000002,2.82,0.06,0,Sindhudurg,Maharashtra
2020-05-08,0.0,0.08000000000004263,0.21000000000000021,2.76,0.06,0,Sindhudurg,Maharashtra
2020-05-09,0.0,0.020000000000042633,0.15000000000000022,2.68,0.02,0,Sindhudurg,Maharashtra
2020-05-10,0.21,0.21000000000004262,0.3100000000000002,2.63,0.21,0,Sindhudurg,Maharashtra
2020-05-11,0.38,0.5900000000000426,0.6800000000000002,3.01,0.38,0,Sindhudurg,Maharashtra
2020-05-12,1.19,1.7800000000000424,1.86,4.199999999999999,1.19,0,Sindhudurg,Maharashtra
2020-05-13,1.03,2.6000000000000423,2.83,5.159999999999999,1.19,0,Sindhudurg,Maharashtra
2020-05-14,2.75,4.970000000000042,5.5600000000000005,7.52,2.75,0,Sindhudurg,Maharashtra
2020-05-15,6.22,10.000000000000043,11.78,12.6,6.22,0,Sindhudurg,Maharashtra
2020-05-16,0.43,9.400000000000043,12.209999999999999,12.42,6.22,0,Sindhudurg,Maharashtra
2020-05-17,0.3,6.950000000000042,12.3,12.66,6.22,0,Sindhudurg,Maharashtra
2020-05-18,0.16,0.8900000000000418,12.08,12.77,0.43,0,Sindhudurg,Maharashtra
2020-05-19,5.54,6.000000000000042,16.43,18.299999999999997,5.54,0,Sindhudurg,Maharashtra
2020-05-20,2.59,8.290000000000042,17.99,20.880000000000003,5.54,0,Sindhudurg,Maharashtra
2020-05-21,0.0,8.130000000000042,15.239999999999998,20.82,5.54,0,Sindhudurg,Maharashtra
2020-05-22,0.0,2.5900000000000416,9.02,20.799999999999997,2.59,0,Sindhudurg,Maharashtra
2020-05-23,0.01,0.010000000000041745,8.6,20.81,0.01,0,Sindhudurg,Maharashtra
2020-05-24,0.02,0.030000000000041743,8.319999999999999,20.83,0.02,0,Sindhudurg,Maharashtra
2020-05-25,0.03,0.06000000000004174,8.19,20.65,0.03,0,Sindhudurg,Maharashtra
2020-05-26,0.02,0.07000000000004175,2.67,20.29,0.03,0,Sindhudurg,Maharashtra
2020-05-27,0.0,0.05000000000004175,0.08,19.099999999999998,0.03,0,Sindhudurg,Maharashtra
2020-05-28,0.0,0.02000000000004175,0.08,18.07,0.02,0,Sindhudurg,Maharashtra
2020-05-29,0.01,0.010000000000041748,0.09,15.33,0.01,0,Sindhudurg,Maharashtra
2020-05-30,0.18,0.19000000000004175,0.26,9.29,0.18,0,Sindhudurg,Maharashtra
2020-05-31,22.48,22.67000000000004,22.72,31.34,22.48,0,Sindhudurg,Maharashtra
2020-06-01,52.85,75.51000000000005,75.53999999999999,83.89,52.85,1,Sindhudurg,Maharashtra
2020-06-02,50.77,126.10000000000005,126.29,134.5,52.85,1,Sindhudurg,Maharashtra
2020-06-03,44.76,148.38000000000005,171.05,173.72000000000003,52.85,1,Sindhudurg,Maharashtra
2020-06-04,20.77,116.30000000000004,191.82,191.9,50.77,1,Sindhudurg,Maharashtra
2020-06-05,11.36,76.89000000000003,203.17000000000002,203.26000000000002,44.76,1,Sindhudurg,Maharashtra
2020-06-06,7.86,39.99000000000004,210.85,211.12,20.77,1,Sindhudurg,Maharashtra
2020-06-07,8.2,27.420000000000034,196.57000000000002,219.31,11.36,1,Sindhudurg,Maharashtra
2020-06-08,19.57,35.63000000000004,163.29,238.86,19.57,1,Sindhudurg,Maharashtra
2020-06-09,6.32,34.09000000000003,118.84,245.15,19.57,1,Sindhudurg,Maharashtra
2020-06-10,8.54,34.430000000000035,82.62,253.67,19.57,1,Sindhudurg,Maharashtra
2020-06-11,8.36,23.220000000000034,70.21,262.03,8.54,1,Sindhudurg,Maharashtra
2020-06-12,63.27,80.17000000000004,122.12,325.3,63.27,1,Sindhudurg,Maharashtra
2020-06-13,23.29,94.92000000000004,137.55,348.58,63.27,1,Sindhudurg,Maharashtra
2020-06-14,15.3,101.86000000000003,144.65,363.7,63.27,1,Sindhudurg,Maharashtra
2020-06-15,22.15,60.74000000000004,147.23,363.37,23.29,1,Sindhudurg,Maharashtra
2020-06-16,71.13,108.58000000000004,212.04000000000002,381.65,71.13,1,Sindhudurg,Maharashtra
2020-06-17,72.82,166.10000000000002,276.32,403.69999999999993,72.82,1,Sindhudurg,Maharashtra
2020-06-18,44.44,188.39000000000004,312.40000000000003,403.38,72.82,1,Sindhudurg,Maharashtra
2020-06-19,28.7,145.96000000000004,277.83,411.31,72.82,1,Sindhudurg,Maharashtra
2020-06-20,3.98,77.12000000000003,258.52,403.92999999999995,44.44,1,Sindhudurg,Maharashtra
2020-06-21,3.67,36.350000000000044,246.89,399.73999999999995,28.7,1,Sindhudurg,Maharashtra
2020-06-22,7.31,14.960000000000042,232.05,398.84999999999997,7.31,1,Sindhudurg,Maharashtra
2020-06-23,17.06,28.040000000000042,177.98000000000002,396.34,17.06,1,Sindhudurg,Maharashtra
2020-06-24,4.21,28.58000000000004,109.36999999999999,394.22999999999996,17.06,1,Sindhudurg,Maharashtra
2020-06-25,7.43,28.70000000000004,72.36,393.11999999999995,17.06,1,Sindhudurg,Maharashtra
2020-06-26,4.86,16.500000000000043,48.519999999999996,389.62,7.43,1,Sindhudurg,Maharashtra
2020-06-27,4.14,16.430000000000042,48.68,330.48999999999995,7.43,1,Sindhudurg,Maharashtra
2020-06-28,19.4,28.40000000000004,64.41,326.6,19.4,1,Sindhudurg,Maharashtra
2020-06-29,23.99,47.530000000000044,81.09,335.28999999999996,23.99,1,Sindhudurg,Maharashtra
2020-06-30,15.73,59.12000000000004,79.75999999999999,328.86999999999995,23.99,1,Sindhudurg,Maharashtra
2020-07-01,25.26,64.98000000000005,100.81,283.0,25.26,1,Sindhudurg,Maharashtra
2020-07-02,51.28,92.27000000000005,144.66,261.46,51.28,1,Sindhudurg,Maharashtra
2020-07-03,39.13,115.67000000000004,178.93,256.15,51.28,1,Sindhudurg,Maharashtra
2020-07-04,45.84,136.25000000000006,220.63,273.29,51.28,1,Sindhudurg,Maharashtra
2020-07-05,19.0,103.97000000000006,220.23,288.31,45.84,1,Sindhudurg,Maharashtra
2020-07-06,12.73,77.57000000000005,208.97000000000003,297.37,45.84,1,Sindhudurg,Maharashtra
2020-07-07,62.92,94.65000000000003,256.15999999999997,352.97999999999996,62.92,1,Sindhudurg,Maharashtra
2020-07-08,28.46,104.11000000000004,259.36,364.38,62.92,1,Sindhudurg,Maharashtra
2020-07-09,20.1,111.48000000000005,228.18,380.27,62.92,1,Sindhudurg,Maharashtra
2020-07-10,27.69,76.25000000000004,216.74,400.53,28.46,1,Sindhudurg,Maharashtra
2020-07-11,39.53,87.32000000000005,210.43,435.2,39.53,1,Sindhudurg,Maharashtra
2020-07-12,23.3,90.52000000000005,214.73000000000002,454.36,39.53,1,Sindhudurg,Maharashtra
2020-07-13,13.59,76.42000000000004,215.58999999999997,448.55,39.53,1,Sindhudurg,Maharashtra
2020-07-14,38.4,75.29000000000003,191.07,462.96,38.4,1,Sindhudurg,Maharashtra
2020-07-15,49.49,101.48000000000005,212.1,496.71999999999997,49.49,1,Sindhudurg,Maharashtra
2020-07-16,42.85,130.74000000000004,234.85,514.31,49.49,1,Sindhudurg,Maharashtra
2020-07-17,49.82,142.16000000000003,256.98,512.85,49.82,1,Sindhudurg,Maharashtra
2020-07-18,45.92,138.59000000000003,263.37,519.64,49.82,1,Sindhudurg,Maharashtra
2020-07-19,20.32,116.06000000000004,260.39,494.12,49.82,1,Sindhudurg,Maharashtra
2020-07-20,9.97,76.21000000000004,256.77000000000004,485.09,45.92,1,Sindhudurg,Maharashtra
2020-07-21,3.9,34.19000000000003,222.27,476.26,20.32,1,Sindhudurg,Maharashtra
2020-07-22,1.17,15.040000000000036,173.95000000000002,414.51000000000005,9.97,1,Sindhudurg,Maharashtra
2020-07-23,1.64,6.7100000000000355,132.74,387.69,3.9,1,Sindhudurg,Maharashtra
2020-07-24,13.13,15.940000000000037,96.05,380.72,13.13,1,Sindhudurg,Maharashtra
2020-07-25,7.96,22.730000000000036,58.09,360.99,13.13,1,Sindhudurg,Maharashtra
2020-07-26,12.58,33.67000000000004,50.35,334.03999999999996,13.13,1,Sindhudurg,Maharashtra
2020-07-27,7.39,27.930000000000035,47.77,318.13,12.58,1,Sindhudurg,Maharashtra
2020-07-28,8.28,28.250000000000036,52.150000000000006,312.82,12.58,1,Sindhudurg,Maharashtra
2020-07-29,11.75,27.420000000000034,62.730000000000004,286.17,11.75,1,Sindhudurg,Maharashtra
2020-07-30,13.66,33.69000000000003,74.75,250.34000000000003,13.66,1,Sindhudurg,Maharashtra
2020-07-31,13.51,38.92000000000004,75.13,221.0,13.66,1,Sindhudurg,Maharashtra
2020-08-01,17.69,44.860000000000035,84.86000000000001,188.87,17.69,1,Sindhudurg,Maharashtra
2020-08-02,31.39,62.59000000000003,103.66999999999999,174.33999999999997,31.39,1,Sindhudurg,Maharashtra
2020-08-03,44.07,93.15000000000003,140.35000000000002,198.09,44.07,1,Sindhudurg,Maharashtra
2020-08-04,92.59,168.05000000000004,224.66000000000003,280.71000000000004,92.59,1,Sindhudurg,Maharashtra
2020-08-05,150.51,287.17,363.42,427.32000000000005,150.51,1,Sindhudurg,Maharashtra
2020-08-06,43.3,286.40000000000003,393.06,469.45,150.51,1,Sindhudurg,Maharashtra
2020-08-07,27.58,221.39000000000001,407.13,495.39,150.51,1,Sindhudurg,Maharashtra
2020-08-08,14.66,85.54000000000002,404.1,496.92,43.3,1,Sindhudurg,Maharashtra
2020-08-09,10.81,53.050000000000026,383.52000000000004,499.77,27.58,1,Sindhudurg,Maharashtra
2020-08-10,66.82,92.29000000000002,406.27,554.01,66.82,1,Sindhudurg,Maharashtra
2020-08-11,21.7,99.33000000000003,335.38,568.32,66.82,1,Sindhudurg,Maharashtra
2020-08-12,11.58,100.10000000000002,196.45,571.62,66.82,1,Sindhudurg,Maharashtra
2020-08-13,27.4,60.68000000000003,180.54999999999998,587.27,27.4,1,Sindhudurg,Maharashtra
2020-08-14,22.84,61.820000000000036,175.81,596.4499999999999,27.4,1,Sindhudurg,Maharashtra
2020-08-15,62.06,112.30000000000004,223.20999999999998,645.0,62.06,1,Sindhudurg,Maharashtra
2020-08-16,82.12,167.02000000000004,294.52,709.4300000000001,82.12,1,Sindhudurg,Maharashtra
2020-08-17,51.45,195.63000000000005,279.15,729.49,82.12,1,Sindhudurg,Maharashtra
2020-08-18,20.64,154.21000000000004,278.09000000000003,706.06,82.12,1,Sindhudurg,Maharashtra
2020-08-19,9.52,81.61000000000004,276.03000000000003,622.99,51.45,1,Sindhudurg,Maharashtra
2020-08-20,29.98,60.14000000000004,278.61,502.46,29.98,1,Sindhudurg,Maharashtra
2020-08-21,25.84,65.34000000000005,281.61,485.0,29.98,1,Sindhudurg,Maharashtra
2020-08-22,13.27,69.09000000000005,232.82,470.68999999999994,29.98,1,Sindhudurg,Maharashtra
2020-08-23,10.11,49.22000000000004,160.81,466.14,25.84,1,Sindhudurg,Maharashtra
2020-08-24,6.78,30.160000000000043,116.14,462.11,13.27,1,Sindhudurg,Maharashtra
2020-08-25,1.66,18.550000000000043,97.16,396.95,10.11,1,Sindhudurg,Maharashtra
2020-08-26,2.82,11.260000000000042,90.46000000000001,378.07,6.78,1,Sindhudurg,Maharashtra
2020-08-27,12.41,16.890000000000043,72.89,378.90000000000003,12.41,1,Sindhudurg,Maharashtra
2020-08-28,14.22,29.450000000000045,61.269999999999996,365.72,14.22,1,Sindhudurg,Maharashtra
2020-08-29,13.18,39.810000000000045,61.18,356.06,14.22,1,Sindhudurg,Maharashtra
2020-08-30,10.38,37.780000000000044,61.45,304.38,14.22,1,Sindhudurg,Maharashtra
2020-08-31,3.19,26.750000000000046,57.86,225.45000000000002,13.18,1,Sindhudurg,Maharashtra
2020-09-01,1.31,14.880000000000043,57.510000000000005,175.31,10.38,1,Sindhudurg,Maharashtra
2020-09-02,12.31,16.810000000000045,67.0,166.98000000000002,12.31,1,Sindhudurg,Maharashtra
2020-09-03,17.7,31.320000000000043,72.28999999999999,175.16,17.7,1,Sindhudurg,Maharashtra
2020-09-04,3.4,33.41000000000004,61.47,148.58,17.7,1,Sindhudurg,Maharashtra
2020-09-05,1.46,22.56000000000004,49.75,124.2,17.7,1,Sindhudurg,Maharashtra
2020-09-06,7.37,12.230000000000043,46.739999999999995,118.3,7.37,1,Sindhudurg,Maharashtra
2020-09-07,49.37,58.20000000000004,92.92,157.56,49.37,1,Sindhudurg,Maharashtra
2020-09-08,30.3,87.04000000000003,121.91,181.08,49.37,1,Sindhudurg,Maharashtra
2020-09-09,15.22,94.89000000000003,124.82,194.64000000000001,49.37,1,Sindhudurg,Maharashtra
2020-09-10,7.82,53.340000000000046,114.94000000000001,199.64000000000001,30.3,1,Sindhudurg,Maharashtra
2020-09-11,18.33,41.37000000000005,129.87,205.56,18.33,1,Sindhudurg,Maharashtra
2020-09-12,27.06,53.21000000000004,155.47,218.39999999999998,27.06,1,Sindhudurg,Maharashtra
2020-09-13,17.73,63.12000000000005,165.82999999999998,222.95000000000002,27.06,1,Sindhudurg,Maharashtra
2020-09-14,19.88,64.67000000000004,136.34,232.45000000000002,27.06,1,Sindhudurg,Maharashtra
2020-09-15,7.58,45.19000000000004,113.62,236.83999999999997,19.88,1,Sindhudurg,Maharashtra
2020-09-16,25.51,52.97000000000005,123.91,261.04,25.51,1,Sindhudurg,Maharashtra
2020-09-17,7.03,40.12000000000005,123.11999999999999,255.76000000000002,25.51,1,Sindhudurg,Maharashtra
2020-09-18,16.63,49.170000000000044,121.42,254.69,25.51,1,Sindhudurg,Maharashtra
2020-09-19,19.73,43.39000000000005,114.09,271.02,19.73,1,Sindhudurg,Maharashtra
2020-09-20,31.84,68.20000000000005,128.20000000000002,301.40000000000003,31.84,1,Sindhudurg,Maharashtra
2020-09-21,66.93,118.50000000000006,175.25,360.96000000000004,66.93,1,Sindhudurg,Maharashtra
2020-09-22,39.37,138.14000000000004,207.04000000000002,350.96,66.93,1,Sindhudurg,Maharashtra
2020-09-23,18.88,125.18000000000005,200.41,339.53999999999996,66.93,1,Sindhudurg,Maharashtra
2020-09-24,8.91,67.16000000000004,202.29,333.23,39.37,1,Sindhudurg,Maharashtra
2020-09-25,15.4,43.19000000000004,201.06,340.81,18.88,1,Sindhudurg,Maharashtra
2020-09-26,12.2,36.51000000000004,193.53,334.68,15.4,1,Sindhudurg,Maharashtra
2020-09-27,3.41,31.01000000000004,165.1,311.03,15.4,1,Sindhudurg,Maharashtra
2020-09-28,0.4,16.01000000000004,98.57,293.70000000000005,12.2,1,Sindhudurg,Maharashtra
2020-09-29,0.28,4.0900000000000425,59.48,274.1,3.41,1,Sindhudurg,Maharashtra
2020-09-30,0.85,1.5300000000000427,41.449999999999996,267.37,0.85,1,Sindhudurg,Maharashtra
2020-10-01,1.61,2.740000000000043,34.15,243.47,1.61,0,Sindhudurg,Maharashtra
2020-10-02,7.21,9.670000000000043,25.96,243.64999999999998,7.21,0,Sindhudurg,Maharashtra
2020-10-03,5.98,14.800000000000043,19.740000000000002,233.0,7.21,0,Sindhudurg,Maharashtra
2020-10-04,2.56,15.750000000000043,18.89,215.83,7.21,0,Sindhudurg,Maharashtra
2020-10-05,2.05,10.590000000000044,20.540000000000003,186.04,5.98,0,Sindhudurg,Maharashtra
2020-10-06,0.83,5.440000000000043,21.09,119.94,2.56,0,Sindhudurg,Maharashtra
2020-10-07,0.19,3.0700000000000434,20.43,80.75999999999999,2.05,0,Sindhudurg,Maharashtra
2020-10-08,0.19,1.2100000000000435,19.009999999999998,62.06999999999999,0.83,0,Sindhudurg,Maharashtra
2020-10-09,1.98,2.3600000000000434,13.780000000000001,55.14,1.98,0,Sindhudurg,Maharashtra
2020-10-10,14.49,16.660000000000043,22.29,54.230000000000004,14.49,0,Sindhudurg,Maharashtra
2020-10-11,37.67,54.14000000000004,57.400000000000006,79.7,37.67,0,Sindhudurg,Maharashtra
2020-10-12,12.22,64.38000000000005,67.57000000000001,88.51,37.67,0,Sindhudurg,Maharashtra
2020-10-13,22.32,72.21000000000004,89.06,110.43,37.67,0,Sindhudurg,Maharashtra
2020-10-14,79.09,113.63000000000004,167.96,189.24,79.09,0,Sindhudurg,Maharashtra
2020-10-15,31.14,132.55000000000004,198.91000000000003,219.53000000000003,79.09,0,Sindhudurg,Maharashtra
2020-10-16,28.85,139.08000000000004,225.78000000000003,246.77,79.09,0,Sindhudurg,Maharashtra
2020-10-17,1.92,61.910000000000046,213.21,241.48000000000002,31.14,0,Sindhudurg,Maharashtra
2020-10-18,0.14,30.910000000000043,175.68000000000004,235.64000000000001,28.85,0,Sindhudurg,Maharashtra
2020-10-19,2.52,4.580000000000043,165.98,235.6,2.52,0,Sindhudurg,Maharashtra
2020-10-20,16.64,19.300000000000043,160.3,250.19000000000003,16.64,0,Sindhudurg,Maharashtra
2020-10-21,10.32,29.480000000000043,91.53,259.68,16.64,0,Sindhudurg,Maharashtra
2020-10-22,7.32,34.280000000000044,67.71000000000001,266.81,16.64,0,Sindhudurg,Maharashtra
2020-10-23,1.87,19.510000000000044,40.73,268.49,10.32,0,Sindhudurg,Maharashtra
2020-10-24,0.68,9.870000000000044,39.489999999999995,267.19,7.32,0,Sindhudurg,Maharashtra
2020-10-25,8.05,10.600000000000044,47.4,260.75,8.05,0,Sindhudurg,Maharashtra
2020-10-26,2.42,11.150000000000043,47.300000000000004,225.5,8.05,0,Sindhudurg,Maharashtra
2020-10-27,3.68,14.150000000000043,34.34,216.96,8.05,0,Sindhudurg,Maharashtra
2020-10-28,2.56,8.660000000000043,26.580000000000002,197.20000000000002,3.68,0,Sindhudurg,Maharashtra
2020-10-29,2.11,8.350000000000042,21.37,120.22,3.68,0,Sindhudurg,Maharashtra
2020-10-30,0.0,4.670000000000043,19.5,89.08,2.56,0,Sindhudurg,Maharashtra
2020-10-31,0.06,2.1700000000000426,18.88,60.29,2.11,0,Sindhudurg,Maharashtra
2020-11-01,0.01,0.07000000000004263,10.84,58.38,0.06,0,Sindhudurg,Maharashtra
2020-11-02,0.01,0.08000000000004263,8.43,58.25,0.06,0,Sindhudurg,Maharashtra
2020-11-03,0.0,0.020000000000042633,4.75,55.730000000000004,0.01,0,Sindhudurg,Maharashtra
2020-11-04,0.0,0.010000000000042633,2.19,39.09,0.01,0,Sindhudurg,Maharashtra
2020-11-05,0.0,0.0,0.08,28.770000000000003,0.0,0,Sindhudurg,Maharashtra
2020-11-06,0.0,0.0,0.08,21.450000000000003,0.0,0,Sindhudurg,Maharashtra
2020-11-07,0.0,0.0,0.02,19.580000000000002,0.0,0,Sindhudurg,Maharashtra
2020-11-08,0.0,0.0,0.01,18.900000000000002,0.0,0,Sindhudurg,Maharashtra
2020-11-09,0.0,0.0,0.0,10.85,0.0,0,Sindhudurg,Maharashtra
2020-11-10,0.0,0.0,0.0,8.43,0.0,0,Sindhudurg,Maharashtra
2020-11-11,0.0,0.0,0.0,4.75,0.0,0,Sindhudurg,Maharashtra
2020-11-12,0.0,0.0,0.0,2.19,0.0,0,Sindhudurg,Maharashtra
2020-11-13,0.0,0.0,0.0,0.08,0.0,0,Sindhudurg,Maharashtra
2020-11-14,0.0,0.0,0.0,0.08,0.0,0,Sindhudurg,Maharashtra
2020-11-15,0.0,0.0,0.0,0.02,0.0,0,Sindhudurg,Maharashtra
2020-11-16,0.01,0.010000000000042633,0.01,0.02,0.01,0,Sindhudurg,Maharashtra
2020-11-17,0.0,0.010000000000042633,0.01,0.01,0.01,0,Sindhudurg,Maharashtra
2020-11-18,0.0,0.010000000000042633,0.01,0.01,0.01,0,Sindhudurg,Maharashtra
2020-11-19,0.0,0.0,0.01,0.01,0.0,0,Sindhudurg,Maharashtra
2020-11-20,0.0,0.0,0.01,0.01,0.0,0,Sindhudurg,Maharashtra
2020-11-21,0.0,0.0,0.01,0.01,0.0,0,Sindhudurg,Maharashtra
2020-11-22,0.0,0.0,0.01,0.01,0.0,0,Sindhudurg,Maharashtra
2020-11-23,0.0,0.0,0.0,0.01,0.0,0,Sindhudurg,Maharashtra
2020-11-24,0.0,0.0,0.0,0.01,0.0,0,Sindhudurg,Maharashtra
2020-11-25,0.0,0.0,0.0,0.01,0.0,0,Sindhudurg,Maharashtra
2020-11-26,0.0,0.0,0.0,0.01,0.0,0,Sindhudurg,Maharashtra
2020-11-27,0.03,0.03000000000004263,0.03,0.04,0.03,0,Sindhudurg,Maharashtra
2020-11-28,0.04,0.07000000000004264,0.07,0.08,0.04,0,Sindhudurg,Maharashtra
2020-11-29,0.0,0.07000000000004264,0.07,0.08,0.04,0,Sindhudurg,Maharashtra
2020-11-30,0.01,0.050000000000042635,0.08,0.09,0.04,0,Sindhudurg,Maharashtra
2020-12-01,0.0,0.010000000000042633,0.08,0.08,0.01,0,Sindhudurg,Maharashtra
2020-12-02,0.0,0.010000000000042633,0.08,0.08,0.01,0,Sindhudurg,Maharashtra
2020-12-03,0.0,0.0,0.08,0.08,0.0,0,Sindhudurg,Maharashtra
2020-12-04,0.0,0.0,0.05,0.08,0.0,0,Sindhudurg,Maharashtra
2020-12-05,0.0,0.0,0.01,0.08,0.0,0,Sindhudurg,Maharashtra
2020-12-06,0.0,0.0,0.01,0.08,0.0,0,Sindhudurg,Maharashtra
2020-12-07,0.0,0.0,0.0,0.08,0.0,0,Sindhudurg,Maharashtra
2020-12-08,0.1,0.10000000000004264,0.1,0.18,0.1,0,Sindhudurg,Maharashtra
2020-12-09,0.07,0.17000000000004264,0.17,0.25,0.1,0,Sindhudurg,Maharashtra
2020-12-10,0.92,1.0900000000000427,1.09,1.17,0.92,0,Sindhudurg,Maharashtra
2020-12-11,0.66,1.6500000000000428,1.75,1.83,0.92,0,Sindhudurg,Maharashtra
2020-12-12,0.1,1.6800000000000428,1.85,1.9000000000000001,0.92,0,Sindhudurg,Maharashtra
2020-12-13,0.03,0.7900000000000427,1.8800000000000001,1.8900000000000001,0.66,0,Sindhudurg,Maharashtra
2020-12-14,0.29,0.4200000000000426,2.17,2.18,0.29,0,Sindhudurg,Maharashtra
2020-12-15,0.03,0.3500000000000426,2.1,2.2,0.29,0,Sindhudurg,Maharashtra
2020-12-16,0.01,0.3300000000000426,2.04,2.2100000000000004,0.29,0,Sindhudurg,Maharashtra
2020-12-17,0.0,0.04000000000004263,1.12,2.2100000000000004,0.03,0,Sindhudurg,Maharashtra
2020-12-18,0.0,0.010000000000042633,0.45999999999999996,2.2100000000000004,0.01,0,Sindhudurg,Maharashtra
2020-12-19,0.0,0.0,0.36,2.2100000000000004,0.0,0,Sindhudurg,Maharashtra
2020-12-20,0.0,0.0,0.32999999999999996,2.2100000000000004,0.0,0,Sindhudurg,Maharashtra
2020-12-21,0.0,0.0,0.04,2.2100000000000004,0.0,0,Sindhudurg,Maharashtra
2020-12-22,0.0,0.0,0.01,2.2100000000000004,0.0,0,Sindhudurg,Maharashtra
2020-12-23,0.0,0.0,0.0,2.1100000000000003,0.0,0,Sindhudurg,Maharashtra
2020-12-24,0.0,0.0,0.0,2.04,0.0,0,Sindhudurg,Maharashtra
2020-12-25,0.0,0.0,0.0,1.1199999999999999,0.0,0,Sindhudurg,Maharashtra
2020-12-26,0.0,0.0,0.0,0.45999999999999996,0.0,0,Sindhudurg,Maharashtra
2020-12-27,0.0,0.0,0.0,0.36,0.0,0,Sindhudurg,Maharashtra
2020-12-28,0.0,0.0,0.0,0.32999999999999996,0.0,0,Sindhudurg,Maharashtra
2020-12-29,0.0,0.0,0.0,0.04,0.0,0,Sindhudurg,Maharashtra
2020-12-30,0.0,0.0,0.0,0.01,0.0,0,Sindhudurg,Maharashtra
2020-12-31,0.0,0.0,0.0,0.0,0.0,0,Sindhudurg,Maharashtra
2021-01-01,0.07,0.07000000000004264,0.07,0.07,0.07,0,Sindhudurg,Maharashtra
2021-01-02,0.04,0.11000000000004265,0.11000000000000001,0.11000000000000001,0.07,0,Sindhudurg,Maharashtra
2021-01-03,0.01,0.12000000000004264,0.12000000000000001,0.12000000000000001,0.07,0,Sindhudurg,Maharashtra
2021-01-04,6.68,6.730000000000042,6.8,6.8,6.68,0,Sindhudurg,Maharashtra
2021-01-05,0.64,7.330000000000042,7.4399999999999995,7.4399999999999995,6.68,0,Sindhudurg,Maharashtra
2021-01-06,1.2,8.520000000000042,8.64,8.64,6.68,0,Sindhudurg,Maharashtra
2021-01-07,1.17,3.0100000000000424,9.809999999999999,9.809999999999999,1.2,0,Sindhudurg,Maharashtra
2021-01-08,1.93,4.3000000000000425,11.67,11.74,1.93,0,Sindhudurg,Maharashtra
2021-01-09,0.19,3.2900000000000427,11.82,11.93,1.93,0,Sindhudurg,Maharashtra
2021-01-10,0.11,2.2300000000000426,11.92,12.04,1.93,0,Sindhudurg,Maharashtra
2021-01-11,0.01,0.31000000000004263,5.25,12.049999999999999,0.19,0,Sindhudurg,Maharashtra
2021-01-12,0.0,0.12000000000004263,4.61,12.049999999999999,0.11,0,Sindhudurg,Maharashtra
2021-01-13,0.0,0.010000000000042633,3.4099999999999997,12.049999999999999,0.01,0,Sindhudurg,Maharashtra
2021-01-14,0.0,0.0,2.2399999999999998,12.049999999999999,0.0,0,Sindhudurg,Maharashtra
2021-01-15,0.0,0.0,0.31,12.049999999999999,0.0,0,Sindhudurg,Maharashtra
2021-01-16,0.0,0.0,0.12,11.979999999999999,0.0,0,Sindhudurg,Maharashtra
2021-01-17,0.0,0.0,0.01,11.94,0.0,0,Sindhudurg,Maharashtra
2021-01-18,0.0,0.0,0.0,11.93,0.0,0,Sindhudurg,Maharashtra
2021-01-19,0.0,0.0,0.0,5.25,0.0,0,Sindhudurg,Maharashtra
2021-01-20,0.0,0.0,0.0,4.61,0.0,0,Sindhudurg,Maharashtra
2021-01-21,0.0,0.0,0.0,3.4099999999999997,0.0,0,Sindhudurg,Maharashtra
2021-01-22,0.0,0.0,0.0,2.2399999999999998,0.0,0,Sindhudurg,Maharashtra
2021-01-23,0.0,0.0,0.0,0.31,0.0,0,Sindhudurg,Maharashtra
2021-01-24,0.0,0.0,0.0,0.12,0.0,0,Sindhudurg,Maharashtra
2021-01-25,0.0,0.0,0.0,0.01,0.0,0,Sindhudurg,Maharashtra
2021-01-26,0.0,0.0,0.0,0.0,0.0,0,Sindhudurg,Maharashtra
2021-01-27,0.0,0.0,0.0,0.0,0.0,0,Sindhudurg,Maharashtra
2021-01-28,0.0,0.0,0.0,0.0,0.0,0,Sindhudurg,Maharashtra
2021-01-29,0.0,0.0,0.0,0.0,0.0,0,Sindhudurg,Maharashtra
2021-01-30,0.0,0.0,0.0,0.0,0.0,0,Sindhudurg,Maharashtra
2021-01-31,0.0,0.0,0.0,0.0,0.0,0,Sindhudurg,Maharashtra
2021-02-01,0.0,0.0,0.0,0.0,0.0,0,Sindhudurg,Maharashtra
2021-02-02,0.0,0.0,0.0,0.0,0.0,0,Sindhudurg,Maharashtra
2021-02-03,0.0,0.0,0.0,0.0,0.0,0,Sindhudurg,Maharashtra
2021-02-04,0.0,0.0,0.0,0.0,0.0,0,Sindhudurg,Maharashtra
2021-02-05,0.0,0.0,0.0,0.0,0.0,0,Sindhudurg,Maharashtra
2021-02-06,0.0,0.0,0.0,0.0,0.0,0,Sindhudurg,Maharashtra
2021-02-07,0.0,0.0,0.0,0.0,0.0,0,Sindhudurg,Maharashtra
2021-02-08,0.0,0.0,0.0,0.0,0.0,0,Sindhudurg,Maharashtra
2021-02-09,0.0,0.0,0.0,0.0,0.0,0,Sindhudurg,Maharashtra
2021-02-10,0.0,0.0,0.0,0.0,0.0,0,Sindhudurg,Maharashtra
2021-02-11,0.0,0.0,0.0,0.0,0.0,0,Sindhudurg,Maharashtra
2021-02-12,0.0,0.0,0.0,0.0,0.0,0,Sindhudurg,Maharashtra
2021-02-13,0.0,0.0,0.0,0.0,0.0,0,Sindhudurg,Maharashtra
2021-02-14,0.0,0.0,0.0,0.0,0.0,0,Sindhudurg,Maharashtra
2021-02-15,0.0,0.0,0.0,0.0,0.0,0,Sindhudurg,Maharashtra
2021-02-16,0.01,0.010000000000042633,0.01,0.01,0.01,0,Sindhudurg,Maharashtra
2021-02-17,0.31,0.32000000000004264,0.32,0.32,0.31,0,Sindhudurg,Maharashtra
2021-02-18,3.32,3.6400000000000423,3.6399999999999997,3.6399999999999997,3.32,0,Sindhudurg,Maharashtra
2021-02-19,0.81,4.440000000000042,4.449999999999999,4.449999999999999,3.32,0,Sindhudurg,Maharashtra
2021-02-20,0.0,4.130000000000042,4.449999999999999,4.449999999999999,3.32,0,Sindhudurg,Maharashtra
2021-02-21,0.84,1.6500000000000425,5.29,5.29,0.84,0,Sindhudurg,Maharashtra
2021-02-22,0.34,1.1800000000000426,5.63,5.63,0.84,0,Sindhudurg,Maharashtra
2021-02-23,0.16,1.3400000000000427,5.78,5.79,0.84,0,Sindhudurg,Maharashtra
2021-02-24,0.06,0.5600000000000427,5.529999999999999,5.85,0.34,0,Sindhudurg,Maharashtra
2021-02-25,0.01,0.23000000000004264,2.22,5.859999999999999,0.16,0,Sindhudurg,Maharashtra
2021-02-26,0.0,0.07000000000004263,1.41,5.859999999999999,0.06,0,Sindhudurg,Maharashtra
2021-02-27,0.0,0.010000000000042633,1.41,5.859999999999999,0.01,0,Sindhudurg,Maharashtra
2021-02-28,0.0,0.0,0.5700000000000001,5.859999999999999,0.0,0,Sindhudurg,Maharashtra
2021-03-01,0.0,0.0,0.23,5.859999999999999,0.0,0,Sindhudurg,Maharashtra
2021-03-02,0.0,0.0,0.06999999999999999,5.859999999999999,0.0,0,Sindhudurg,Maharashtra
2021-03-03,0.0,0.0,0.01,5.85,0.0,0,Sindhudurg,Maharashtra
2021-03-04,0.0,0.0,0.0,5.539999999999999,0.0,0,Sindhudurg,Maharashtra
2021-03-05,0.0,0.0,0.0,2.22,0.0,0,Sindhudurg,Maharashtra
2021-03-06,0.0,0.0,0.0,1.41,0.0,0,Sindhudurg,Maharashtra
2021-03-07,0.0,0.0,0.0,1.41,0.0,0,Sindhudurg,Maharashtra
2021-03-08,0.0,0.0,0.0,0.5700000000000001,0.0,0,Sindhudurg,Maharashtra
2021-03-09,0.0,0.0,0.0,0.23,0.0,0,Sindhudurg,Maharashtra
2021-03-10,0.0,0.0,0.0,0.06999999999999999,0.0,0,Sindhudurg,Maharashtra
2021-03-11,0.0,0.0,0.0,0.01,0.0,0,Sindhudurg,Maharashtra
2021-03-12,0.0,0.0,0.0,0.0,0.0,0,Sindhudurg,Maharashtra
2021-03-13,0.0,0.0,0.0,0.0,0.0,0,Sindhudurg,Maharashtra
2021-03-14,0.0,0.0,0.0,0.0,0.0,0,Sindhudurg,Maharashtra
2021-03-15,0.0,0.0,0.0,0.0,0.0,0,Sindhudurg,Maharashtra
2021-03-16,0.0,0.0,0.0,0.0,0.0,0,Sindhudurg,Maharashtra
2021-03-17,0.01,0.010000000000042633,0.01,0.01,0.01,0,Sindhudurg,Maharashtra
2021-03-18,0.06,0.07000000000004263,0.06999999999999999,0.06999999999999999,0.06,0,Sindhudurg,Maharashtra
2021-03-19,0.01,0.08000000000004263,0.08,0.08,0.06,0,Sindhudurg,Maharashtra
2021-03-20,0.0,0.07000000000004264,0.08,0.08,0.06,0,Sindhudurg,Maharashtra
2021-03-21,0.13,0.14000000000004265,0.21000000000000002,0.21000000000000002,0.13,0,Sindhudurg,Maharashtra
2021-03-22,0.04,0.17000000000004264,0.25,0.25,0.13,0,Sindhudurg,Maharashtra
2021-03-23,0.09,0.26000000000004264,0.34,0.34,0.13,0,Sindhudurg,Maharashtra
2021-03-24,0.27,0.40000000000004265,0.6000000000000001,0.6100000000000001,0.27,0,Sindhudurg,Maharashtra
2021-03-25,0.32,0.6800000000000427,0.8600000000000001,0.93,0.32,0,Sindhudurg,Maharashtra
2021-03-26,0.01,0.6000000000000427,0.8600000000000001,0.9400000000000001,0.32,0,Sindhudurg,Maharashtra
2021-03-27,0.02,0.3500000000000426,0.8800000000000001,0.9600000000000001,0.32,0,Sindhudurg,Maharashtra
2021-03-28,0.0,0.03000000000004263,0.7500000000000001,0.9600000000000001,0.02,0,Sindhudurg,Maharashtra
2021-03-29,0.0,0.02000000000004263,0.7100000000000001,0.9600000000000001,0.02,0,Sindhudurg,Maharashtra
2021-03-30,0.0,0.0,0.6200000000000001,0.9600000000000001,0.0,0,Sindhudurg,Maharashtra
2021-03-31,0.0,0.0,0.3500000000000001,0.9600000000000001,0.0,0,Sindhudurg,Maharashtra
2021-04-01,0.0,0.0,0.030000000000000054,0.9500000000000001,0.0,0,Sindhudurg,Maharashtra
2021-04-02,0.0,0.0,0.020000000000000052,0.8900000000000001,0.0,0,Sindhudurg,Maharashtra
2021-04-03,0.0,0.0,0.0,0.8800000000000001,0.0,0,Sindhudurg,Maharashtra
2021-04-04,0.0,0.0,0.0,0.8800000000000001,0.0,0,Sindhudurg,Maharashtra
2021-04-05,0.0,0.0,0.0,0.7500000000000001,0.0,0,Sindhudurg,Maharashtra
2021-04-06,0.0,0.0,0.0,0.7100000000000001,0.0,0,Sindhudurg,Maharashtra
2021-04-07,0.02,0.020000000000042633,0.020000000000000056,0.6400000000000001,0.02,0,Sindhudurg,Maharashtra
2021-04-08,0.06,0.08000000000004263,0.08000000000000006,0.43000000000000005,0.06,0,Sindhudurg,Maharashtra
2021-04-09,2.38,2.4600000000000426,2.46,2.4899999999999998,2.38,0,Sindhudurg,Maharashtra
2021-04-10,0.78,3.2200000000000424,3.24,3.26,2.38,0,Sindhudurg,Maharashtra
2021-04-11,9.91,13.070000000000043,13.15,13.15,9.91,0,Sindhudurg,Maharashtra
2021-04-12,2.42,13.110000000000044,15.57,15.57,9.91,0,Sindhudurg,Maharashtra
2021-04-13,3.85,16.180000000000042,19.42,19.42,9.91,0,Sindhudurg,Maharashtra
2021-04-14,2.06,8.330000000000043,21.46,21.48,3.85,0,Sindhudurg,Maharashtra
2021-04-15,0.19,6.100000000000043,21.590000000000003,21.67,3.85,0,Sindhudurg,Maharashtra
2021-04-16,0.04,2.2900000000000427,19.25,21.71,2.06,0,Sindhudurg,Maharashtra
2021-04-17,0.01,0.24000000000004262,18.48,21.72,0.19,0,Sindhudurg,Maharashtra
2021-04-18,0.13,0.18000000000004263,8.7,21.85,0.13,0,Sindhudurg,Maharashtra
2021-04-19,0.12,0.26000000000004264,6.4,21.97,0.13,0,Sindhudurg,Maharashtra
2021-04-20,0.01,0.2600000000000426,2.56,21.98,0.13,0,Sindhudurg,Maharashtra
2021-04-21,0.02,0.15000000000004263,0.52,22.0,0.12,0,Sindhudurg,Maharashtra
2021-04-22,0.03,0.06000000000004263,0.36,22.01,0.03,0,Sindhudurg,Maharashtra
2021-04-23,0.02,0.07000000000004263,0.34,21.97,0.03,0,Sindhudurg,Maharashtra
2021-04-24,0.01,0.06000000000004263,0.34,19.599999999999998,0.03,0,Sindhudurg,Maharashtra
2021-04-25,0.52,0.5500000000000427,0.73,19.340000000000003,0.52,0,Sindhudurg,Maharashtra
2021-04-26,1.86,2.3900000000000428,2.47,11.29,1.86,0,Sindhudurg,Maharashtra
2021-04-27,1.51,3.890000000000043,3.97,10.38,1.86,0,Sindhudurg,Maharashtra
2021-04-28,0.61,3.9800000000000426,4.5600000000000005,7.140000000000001,1.86,0,Sindhudurg,Maharashtra
2021-04-29,2.48,4.600000000000042,7.01,7.5600000000000005,2.48,0,Sindhudurg,Maharashtra
2021-04-30,4.53,7.620000000000044,11.52,11.899999999999999,4.53,0,Sindhudurg,Maharashtra
2021-05-01,0.89,7.900000000000043,12.4,12.75,4.53,0,Sindhudurg,Maharashtra
2021-05-02,3.24,8.660000000000043,15.12,15.98,4.53,0,Sindhudurg,Maharashtra
2021-05-03,1.98,6.110000000000044,15.24,17.83,3.24,0,Sindhudurg,Maharashtra
2021-05-04,1.47,6.690000000000044,15.200000000000001,19.18,3.24,0,Sindhudurg,Maharashtra
2021-05-05,0.24,3.6900000000000435,14.830000000000002,19.41,1.98,0,Sindhudurg,Maharashtra
2021-05-06,1.01,2.7200000000000433,13.360000000000001,20.400000000000002,1.47,0,Sindhudurg,Maharashtra
2021-05-07,5.67,6.9200000000000434,14.5,26.04,5.67,0,Sindhudurg,Maharashtra
2021-05-08,1.49,8.170000000000043,15.099999999999998,27.51,5.67,0,Sindhudurg,Maharashtra
2021-05-09,0.51,7.6700000000000434,12.369999999999997,28.009999999999998,5.67,0,Sindhudurg,Maharashtra
2021-05-10,0.07,2.0700000000000434,10.459999999999997,27.56,1.49,0,Sindhudurg,Maharashtra
2021-05-11,0.03,0.6100000000000435,9.02,25.73,0.51,0,Sindhudurg,Maharashtra
2021-05-12,0.03,0.13000000000004353,8.809999999999999,24.25,0.07,0,Sindhudurg,Maharashtra
2021-05-13,0.16,0.22000000000004352,7.959999999999999,23.799999999999997,0.16,0,Sindhudurg,Maharashtra
2021-05-14,2.97,3.1600000000000437,5.26,24.29,2.97,0,Sindhudurg,Maharashtra
2021-05-15,25.42,28.550000000000047,29.19,45.18,25.42,0,Sindhudurg,Maharashtra
2021-05-16,162.86,191.25000000000006,191.54000000000002,207.15,162.86,0,Sindhudurg,Maharashtra
2021-05-17,49.16,237.44000000000005,240.63000000000002,253.07,162.86,0,Sindhudurg,Maharashtra
2021-05-18,13.91,225.93000000000004,254.51000000000002,265.0,162.86,0,Sindhudurg,Maharashtra
2021-05-19,13.73,76.80000000000003,268.21000000000004,277.26,49.16,0,Sindhudurg,Maharashtra
2021-05-20,3.19,30.83000000000003,271.24,280.21000000000004,13.91,0,Sindhudurg,Maharashtra
2021-05-21,1.81,18.73000000000003,270.08000000000004,281.01,13.73,0,Sindhudurg,Maharashtra
2021-05-22,0.7,5.700000000000029,245.36,276.04,3.19,0,Sindhudurg,Maharashtra
2021-05-23,12.76,15.270000000000028,95.25999999999999,287.31,12.76,0,Sindhudurg,Maharashtra
2021-05-24,10.11,23.57000000000003,56.21,296.91,12.76,0,Sindhudurg,Maharashtra
2021-05-25,2.78,25.650000000000027,45.08,299.62,12.76,0,Sindhudurg,Maharashtra
2021-05-26,0.2,13.090000000000028,31.549999999999997,299.79,10.11,0,Sindhudurg,Maharashtra
2021-05-27,0.18,3.160000000000028,28.539999999999996,299.94,2.78,0,Sindhudurg,Maharashtra
2021-05-28,0.37,0.7500000000000284,27.099999999999998,300.15,0.37,0,Sindhudurg,Maharashtra
2021-05-29,0.77,1.3200000000000285,27.169999999999998,297.95000000000005,0.77,0,Sindhudurg,Maharashtra
2021-05-30,2.08,3.2200000000000286,16.49,274.61,2.08,0,Sindhudurg,Maharashtra
2021-05-31,4.46,7.310000000000029,10.84,116.21,4.46,0,Sindhudurg,Maharashtra
2021-06-01,1.49,8.030000000000028,9.55,68.53999999999999,4.46,1,Sindhudurg,Maharashtra
2021-06-02,9.67,15.620000000000028,19.02,64.3,9.67,1,Sindhudurg,Maharashtra
2021-06-03,44.86,56.020000000000024,63.7,95.43,44.86,1,Sindhudurg,Maharashtra
2021-06-04,9.06,63.590000000000025,72.39,101.3,44.86,1,Sindhudurg,Maharashtra
2021-06-05,20.87,74.79000000000002,92.49000000000001,120.36,44.86,1,Sindhudurg,Maharashtra
2021-06-06,7.9,37.83000000000003,98.31,127.56,20.87,1,Sindhudurg,Maharashtra
2021-06-07,5.33,34.10000000000002,99.18,120.13000000000001,20.87,1,Sindhudurg,Maharashtra
2021-06-08,23.96,37.190000000000026,121.65,133.98000000000002,23.96,1,Sindhudurg,Maharashtra
2021-06-09,23.38,52.67000000000003,135.36,154.58,23.96,1,Sindhudurg,Maharashtra
2021-06-10,13.25,60.59000000000003,103.75,167.63,23.96,1,Sindhudurg,Maharashtra
2021-06-11,20.59,57.22000000000003,115.28,188.04000000000002,23.38,1,Sindhudurg,Maharashtra
2021-06-12,36.53,70.37000000000003,130.94,224.2,36.53,1,Sindhudurg,Maharashtra
2021-06-13,43.21,100.33000000000004,166.25,266.64,43.21,1,Sindhudurg,Maharashtra
2021-06-14,33.8,113.54000000000002,194.72,298.36,43.21,1,Sindhudurg,Maharashtra
2021-06-15,34.38,111.39000000000003,205.14000000000001,328.28,43.21,1,Sindhudurg,Maharashtra
2021-06-16,136.73,204.91000000000003,318.49,463.52,136.73,1,Sindhudurg,Maharashtra
2021-06-17,84.76,255.87,390.0,538.61,136.73,1,Sindhudurg,Maharashtra
2021-06-18,67.79,289.28000000000003,437.20000000000005,561.54,136.73,1,Sindhudurg,Maharashtra
2021-06-19,60.18,212.73000000000005,460.84999999999997,612.6600000000001,84.76,1,Sindhudurg,Maharashtra
2021-06-20,20.16,148.13000000000002,437.8,611.95,67.79,1,Sindhudurg,Maharashtra
2021-06-21,5.2,85.54000000000003,409.2,609.25,60.18,1,Sindhudurg,Maharashtra
2021-06-22,2.04,27.400000000000027,376.86,605.96,20.16,1,Sindhudurg,Maharashtra
2021-06-23,5.82,13.060000000000029,245.95000000000002,587.8199999999999,5.82,1,Sindhudurg,Maharashtra
2021-06-24,21.25,29.110000000000028,182.44,585.6899999999999,21.25,1,Sindhudurg,Maharashtra
2021-06-25,8.94,36.010000000000026,123.59,581.38,21.25,1,Sindhudurg,Maharashtra
2021-06-26,10.39,40.58000000000003,73.8,571.18,21.25,1,Sindhudurg,Maharashtra
2021-06-27,4.09,23.42000000000003,57.730000000000004,538.74,10.39,1,Sindhudurg,Maharashtra
2021-06-28,2.36,16.84000000000003,54.89,497.89,10.39,1,Sindhudurg,Maharashtra
2021-06-29,2.68,9.130000000000027,55.53,466.77,4.09,1,Sindhudurg,Maharashtra
2021-06-30,2.0,7.0400000000000285,51.71,434.39,2.68,1,Sindhudurg,Maharashtra
2021-07-01,2.28,6.9600000000000275,32.74,299.94,2.68,1,Sindhudurg,Maharashtra
2021-07-02,4.73,9.010000000000028,28.53,219.91,4.73,1,Sindhudurg,Maharashtra
2021-07-03,9.3,16.31000000000003,27.440000000000005,161.42,9.3,1,Sindhudurg,Maharashtra
2021-07-04,8.76,22.790000000000028,32.11,110.0,9.3,1,Sindhudurg,Maharashtra
2021-07-05,12.11,30.17000000000003,41.86,101.94999999999999,12.11,1,Sindhudurg,Maharashtra
2021-07-06,3.58,24.450000000000028,42.76,100.33,12.11,1,Sindhudurg,Maharashtra
2021-07-07,5.82,21.510000000000026,46.58,104.11,12.11,1,Sindhudurg,Maharashtra
2021-07-08,25.84,35.24000000000003,70.14,124.13,25.84,1,Sindhudurg,Maharashtra
2021-07-09,46.92,78.58000000000004,112.33,149.8,46.92,1,Sindhudurg,Maharashtra
2021-07-10,22.81,95.57000000000002,125.84,163.67,46.92,1,Sindhudurg,Maharashtra
2021-07-11,33.5,103.23000000000002,150.58,186.78000000000003,46.92,1,Sindhudurg,Maharashtra
2021-07-12,56.68,112.99000000000002,195.15,239.37,56.68,1,Sindhudurg,Maharashtra
2021-07-13,52.17,142.35000000000002,243.74,289.18,56.68,1,Sindhudurg,Maharashtra
2021-07-14,56.73,165.58,294.65,343.23,56.73,1,Sindhudurg,Maharashtra
2021-07-15,59.62,168.52,328.43,400.84999999999997,59.62,1,Sindhudurg,Maharashtra
2021-07-16,49.81,166.16000000000003,331.32,448.38,59.62,1,Sindhudurg,Maharashtra
2021-07-17,48.68,158.11,357.19,492.33,59.62,1,Sindhudurg,Maharashtra
2021-07-18,70.97,169.46,394.65999999999997,554.0,70.97,1,Sindhudurg,Maharashtra
2021-07-19,60.55,180.2,398.53,605.79,70.97,1,Sindhudurg,Maharashtra
2021-07-20,69.97,201.49,416.33,663.65,70.97,1,Sindhudurg,Maharashtra
2021-07-21,130.0,260.52000000000004,489.6,790.07,130.0,1,Sindhudurg,Maharashtra
2021-07-22,140.57,340.54,570.55,924.8199999999999,140.57,1,Sindhudurg,Maharashtra
2021-07-23,210.57,481.14000000000004,731.31,1109.55,210.57,1,Sindhudurg,Maharashtra
2021-07-24,39.37,390.51,722.0,1101.9999999999998,210.57,1,Sindhudurg,Maharashtra
2021-07-25,27.84,277.78000000000003,678.87,1107.03,210.57,1,Sindhudurg,Maharashtra
2021-07-26,13.02,80.23000000000002,631.34,1086.55,39.37,1,Sindhudurg,Maharashtra
2021-07-27,12.79,53.65000000000003,574.16,1042.6599999999999,27.84,1,Sindhudurg,Maharashtra
2021-07-28,7.45,33.260000000000026,451.60999999999996,997.94,13.02,1,Sindhudurg,Maharashtra
2021-07-29,7.19,27.430000000000028,318.23,948.4,12.79,1,Sindhudurg,Maharashtra
2021-07-30,10.83,25.470000000000027,118.49,899.61,10.83,1,Sindhudurg,Maharashtra
2021-07-31,11.81,29.83000000000003,90.93,861.6099999999999,11.81,1,Sindhudurg,Maharashtra
2021-08-01,6.51,29.150000000000027,69.60000000000001,819.4399999999999,11.81,1,Sindhudurg,Maharashtra
2021-08-02,8.76,27.08000000000003,65.34,757.23,11.81,1,Sindhudurg,Maharashtra
2021-08-03,27.22,42.49000000000002,79.77,723.9,27.22,1,Sindhudurg,Maharashtra
2021-08-04,22.09,58.07000000000003,94.41,676.02,27.22,1,Sindhudurg,Maharashtra
2021-08-05,11.02,60.33000000000003,98.24,557.04,27.22,1,Sindhudurg,Maharashtra
2021-08-06,9.78,42.89000000000003,97.19,426.25,22.09,1,Sindhudurg,Maharashtra
2021-08-07,5.78,26.580000000000027,91.16,221.46,11.02,1,Sindhudurg,Maharashtra
2021-08-08,2.18,17.740000000000027,86.83,184.26999999999998,9.78,1,Sindhudurg,Maharashtra
2021-08-09,1.02,8.980000000000029,79.09,157.45,5.78,1,Sindhudurg,Maharashtra
2021-08-10,2.88,6.0800000000000285,54.75,147.31,2.88,1,Sindhudurg,Maharashtra
2021-08-11,9.39,13.29000000000003,42.05,143.91,9.39,1,Sindhudurg,Maharashtra
2021-08-12,12.51,24.78000000000003,43.54,148.97,12.51,1,Sindhudurg,Maharashtra
2021-08-13,7.08,28.980000000000032,40.84,148.86,12.51,1,Sindhudurg,Maharashtra
2021-08-14,9.15,28.74000000000003,44.21,147.17999999999998,12.51,1,Sindhudurg,Maharashtra
2021-08-15,7.71,23.94000000000003,49.74,143.08,9.15,1,Sindhudurg,Maharashtra
2021-08-16,9.25,26.110000000000028,57.97,145.82,9.25,1,Sindhudurg,Maharashtra
2021-08-17,11.17,28.13000000000003,66.26,148.23,11.17,1,Sindhudurg,Maharashtra
2021-08-18,9.42,29.84000000000003,66.28999999999999,130.43,11.17,1,Sindhudurg,Maharashtra
2021-08-19,11.02,31.610000000000028,64.8,119.36,11.17,1,Sindhudurg,Maharashtra
2021-08-20,4.43,24.870000000000026,62.150000000000006,112.77000000000001,11.02,1,Sindhudurg,Maharashtra
2021-08-21,2.17,17.620000000000026,55.169999999999995,105.16,11.02,1,Sindhudurg,Maharashtra
2021-08-22,0.67,7.270000000000028,48.129999999999995,100.05,4.43,1,Sindhudurg,Maharashtra
2021-08-23,0.14,2.9800000000000284,39.019999999999996,98.00999999999999,2.17,1,Sindhudurg,Maharashtra
2021-08-24,1.89,2.7000000000000286,29.740000000000002,98.88,1.89,1,Sindhudurg,Maharashtra
2021-08-25,1.11,3.1400000000000285,21.43,97.11,1.89,1,Sindhudurg,Maharashtra
2021-08-26,0.79,3.7900000000000285,11.2,88.51,1.89,1,Sindhudurg,Maharashtra
2021-08-27,2.96,4.860000000000029,9.73,78.96,2.96,1,Sindhudurg,Maharashtra
2021-08-28,3.0,6.750000000000028,10.56,74.88,3.0,1,Sindhudurg,Maharashtra
2021-08-29,7.1,13.060000000000027,16.990000000000002,72.83,7.1,1,Sindhudurg,Maharashtra
2021-08-30,8.67,18.770000000000028,25.52,73.78999999999999,8.67,1,Sindhudurg,Maharashtra
2021-08-31,4.51,20.28000000000003,28.14,69.05,8.67,1,Sindhudurg,Maharashtra
2021-09-01,9.32,22.50000000000003,36.35,67.2,9.32,1,Sindhudurg,Maharashtra
2021-09-02,14.69,28.520000000000028,50.25,72.47,14.69,1,Sindhudurg,Maharashtra
2021-09-03,11.34,35.35000000000002,58.629999999999995,72.78999999999999,14.69,1,Sindhudurg,Maharashtra
2021-09-04,11.49,37.520000000000024,67.12,79.85,14.69,1,Sindhudurg,Maharashtra
2021-09-05,22.27,45.10000000000003,82.28999999999999,99.95,22.27,1,Sindhudurg,Maharashtra
2021-09-06,26.27,60.03000000000003,99.89,125.55,26.27,1,Sindhudurg,Maharashtra
2021-09-07,46.99,95.53000000000003,142.37,172.4,46.99,1,Sindhudurg,Maharashtra
2021-09-08,21.34,94.60000000000002,154.39000000000001,191.85,46.99,1,Sindhudurg,Maharashtra
2021-09-09,11.25,79.58000000000003,150.95,201.99,46.99,1,Sindhudurg,Maharashtra
2021-09-10,12.24,44.830000000000034,151.85000000000002,213.44000000000003,21.34,1,Sindhudurg,Maharashtra
2021-09-11,13.2,36.69000000000003,153.56,223.68,13.2,1,Sindhudurg,Maharashtra
2021-09-12,19.71,45.150000000000034,151.0,240.39000000000001,19.71,1,Sindhudurg,Maharashtra
2021-09-13,25.3,58.210000000000036,150.03,258.59000000000003,25.3,1,Sindhudurg,Maharashtra
2021-09-14,11.9,56.91000000000004,114.94,261.82,25.3,1,Sindhudurg,Maharashtra
2021-09-15,3.71,40.91000000000004,97.31,261.02,25.3,1,Sindhudurg,Maharashtra
2021-09-16,2.94,18.550000000000036,89.0,254.64000000000001,11.9,1,Sindhudurg,Maharashtra
2021-09-17,1.11,7.760000000000035,77.87,241.06000000000003,3.71,1,Sindhudurg,Maharashtra
2021-09-18,0.53,4.580000000000036,65.2,230.25,2.94,1,Sindhudurg,Maharashtra
2021-09-19,1.64,3.2800000000000358,47.13,220.4,1.64,1,Sindhudurg,Maharashtra
2021-09-20,6.33,8.500000000000036,28.16,204.45999999999998,6.33,1,Sindhudurg,Maharashtra
2021-09-21,17.73,25.70000000000004,33.989999999999995,195.92000000000002,17.73,1,Sindhudurg,Maharashtra
2021-09-22,14.98,39.040000000000035,45.260000000000005,163.91,17.73,1,Sindhudurg,Maharashtra
2021-09-23,7.38,40.09000000000004,49.7,149.95,17.73,1,Sindhudurg,Maharashtra
2021-09-24,1.7,24.06000000000003,50.29,140.4,14.98,1,Sindhudurg,Maharashtra
2021-09-25,0.2,9.280000000000031,49.96,128.35999999999999,7.38,1,Sindhudurg,Maharashtra
2021-09-26,0.75,2.650000000000032,49.07,115.91,1.7,1,Sindhudurg,Maharashtra
2021-09-27,3.18,4.130000000000032,45.919999999999995,99.38,3.18,1,Sindhudurg,Maharashtra
2021-09-28,11.59,15.520000000000032,39.78,85.67,11.59,1,Sindhudurg,Maharashtra
2021-09-29,18.58,33.35000000000003,43.379999999999995,92.35000000000001,18.58,1,Sindhudurg,Maharashtra
2021-09-30,3.7,33.87000000000003,39.699999999999996,92.34,18.58,1,Sindhudurg,Maharashtra
2021-10-01,0.79,23.07000000000003,38.79,90.19,18.58,0,Sindhudurg,Maharashtra
2021-10-02,17.27,21.760000000000034,55.86,106.35,17.27,0,Sindhudurg,Maharashtra
2021-10-03,24.88,42.94000000000003,79.99,130.7,24.88,0,Sindhudurg,Maharashtra
2021-10-04,13.03,55.180000000000035,89.84,142.09,24.88,0,Sindhudurg,Maharashtra
2021-10-05,12.8,50.71000000000003,91.05,148.56,24.88,0,Sindhudurg,Maharashtra
2021-10-06,37.83,63.660000000000025,110.30000000000001,168.66000000000003,37.83,0,Sindhudurg,Maharashtra
2021-10-07,16.33,66.96000000000002,122.93,170.01,37.83,0,Sindhudurg,Maharashtra
2021-10-08,5.37,59.53000000000002,127.50999999999999,168.0,37.83,0,Sindhudurg,Maharashtra
2021-10-09,5.54,27.240000000000027,115.78,171.84,16.33,0,Sindhudurg,Maharashtra
2021-10-10,8.76,19.67000000000003,99.66,180.39999999999998,8.76,0,Sindhudurg,Maharashtra
2021-10-11,2.01,16.310000000000027,88.64,181.66,8.76,0,Sindhudurg,Maharashtra
2021-10-12,1.3,12.070000000000029,77.14,179.78,8.76,0,Sindhudurg,Maharashtra
2021-10-13,0.07,3.3800000000000283,39.379999999999995,168.26000000000002,2.01,0,Sindhudurg,Maharashtra
2021-10-14,0.01,1.3800000000000285,23.06,149.69,1.3,0,Sindhudurg,Maharashtra
2021-10-15,0.5,0.5800000000000285,18.189999999999998,146.49,0.5,0,Sindhudurg,Maharashtra
2021-10-16,0.01,0.5200000000000283,12.66,145.70999999999998,0.5,0,Sindhudurg,Maharashtra
2021-10-17,0.0,0.5100000000000284,3.9,128.44,0.5,0,Sindhudurg,Maharashtra
2021-10-18,0.02,0.030000000000028476,1.91,103.58,0.02,0,Sindhudurg,Maharashtra
2021-10-19,0.02,0.04000000000002847,0.63,90.57,0.02,0,Sindhudurg,Maharashtra
2021-10-20,0.03,0.07000000000002847,0.59,77.8,0.03,0,Sindhudurg,Maharashtra
2021-10-21,0.01,0.060000000000028475,0.59,39.98,0.03,0,Sindhudurg,Maharashtra
2021-10-22,0.0,0.04000000000002847,0.09,23.65,0.03,0,Sindhudurg,Maharashtra
2021-10-23,0.12,0.13000000000002848,0.2,18.4,0.12,0,Sindhudurg,Maharashtra
2021-10-24,0.43,0.5500000000000285,0.63,13.29,0.43,0,Sindhudurg,Maharashtra
2021-10-25,0.07,0.6200000000000285,0.6799999999999999,4.6,0.43,0,Sindhudurg,Maharashtra
2021-10-26,0.01,0.5100000000000284,0.6699999999999999,2.6,0.43,0,Sindhudurg,Maharashtra
2021-10-27,0.0,0.08000000000002848,0.64,1.3,0.07,0,Sindhudurg,Maharashtra
2021-10-28,0.0,0.010000000000028477,0.63,1.23,0.01,0,Sindhudurg,Maharashtra
2021-10-29,0.0,0.0,0.63,1.22,0.0,0,Sindhudurg,Maharashtra
2021-10-30,0.0,0.0,0.51,0.7199999999999999,0.0,0,Sindhudurg,Maharashtra
2021-10-31,0.39,0.3900000000000285,0.47000000000000003,1.1,0.39,0,Sindhudurg,Maharashtra
2021-11-01,0.88,1.2700000000000284,1.28,1.98,0.88,0,Sindhudurg,Maharashtra
2021-11-02,0.3,1.5700000000000285,1.57,2.26,0.88,0,Sindhudurg,Maharashtra
2021-11-03,5.5,6.680000000000028,7.07,7.74,5.5,0,Sindhudurg,Maharashtra
2021-11-04,1.08,6.880000000000028,8.15,8.79,5.5,0,Sindhudurg,Maharashtra
2021-11-05,2.46,9.040000000000028,10.61,11.24,5.5,0,Sindhudurg,Maharashtra
2021-11-06,5.59,9.130000000000027,16.2,16.83,5.59,0,Sindhudurg,Maharashtra
2021-11-07,0.25,8.30000000000003,16.06,16.96,5.59,0,Sindhudurg,Maharashtra
2021-11-08,0.0,5.840000000000028,15.18,16.53,5.59,0,Sindhudurg,Maharashtra
2021-11-09,0.0,0.2500000000000284,14.879999999999999,16.46,0.25,0,Sindhudurg,Maharashtra
2021-11-10,0.0,0.0,9.379999999999999,16.450000000000003,0.0,0,Sindhudurg,Maharashtra
2021-11-11,0.0,0.0,8.3,16.450000000000003,0.0,0,Sindhudurg,Maharashtra
2021-11-12,0.0,0.0,5.84,16.450000000000003,0.0,0,Sindhudurg,Maharashtra
2021-11-13,0.99,0.9900000000000284,1.24,17.44,0.99,0,Sindhudurg,Maharashtra
2021-11-14,1.62,2.6100000000000287,2.6100000000000003,19.060000000000002,1.62,0,Sindhudurg,Maharashtra
2021-11-15,11.33,13.94000000000003,13.940000000000001,30.0,11.33,0,Sindhudurg,Maharashtra
2021-11-16,21.53,34.48000000000003,35.47,50.650000000000006,21.53,0,Sindhudurg,Maharashtra
2021-11-17,4.29,37.150000000000034,39.760000000000005,54.64,21.53,0,Sindhudurg,Maharashtra
2021-11-18,2.37,28.190000000000033,42.13,51.51,21.53,0,Sindhudurg,Maharashtra
2021-11-19,3.31,9.970000000000033,45.440000000000005,53.74,4.29,0,Sindhudurg,Maharashtra
2021-11-20,7.34,13.020000000000032,51.79,58.62,7.34,0,Sindhudurg,Maharashtra
2021-11-21,8.11,18.76000000000003,58.28,61.14,8.11,0,Sindhudurg,Maharashtra
2021-11-22,0.02,15.47000000000003,46.970000000000006,60.910000000000004,8.11,0,Sindhudurg,Maharashtra
2021-11-23,1.41,9.540000000000031,26.850000000000005,62.32,8.11,0,Sindhudurg,Maharashtra
2021-11-24,6.24,7.670000000000032,28.800000000000004,68.56,6.24,0,Sindhudurg,Maharashtra
2021-11-25,0.19,7.840000000000033,26.620000000000005,68.75,6.24,0,Sindhudurg,Maharashtra
2021-11-26,0.0,6.430000000000033,23.310000000000006,68.75,6.24,0,Sindhudurg,Maharashtra
2021-11-27,0.0,0.19000000000003198,15.970000000000002,68.75,0.19,0,Sindhudurg,Maharashtra
2021-11-28,0.0,0.0,7.860000000000004,67.76,0.0,0,Sindhudurg,Maharashtra
2021-11-29,0.27,0.270000000000032,8.110000000000005,66.41,0.27,0,Sindhudurg,Maharashtra
2021-11-30,3.38,3.650000000000032,10.080000000000004,58.46000000000001,3.38,0,Sindhudurg,Maharashtra
2021-12-01,54.99,58.640000000000036,58.830000000000005,91.92,54.99,0,Sindhudurg,Maharashtra
2021-12-02,18.68,77.05000000000004,77.32000000000001,106.31,54.99,0,Sindhudurg,Maharashtra
2021-12-03,8.13,81.80000000000004,85.45,112.07,54.99,0,Sindhudurg,Maharashtra
2021-12-04,1.55,28.360000000000035,87.00000000000001,110.31,18.68,0,Sindhudurg,Maharashtra
2021-12-05,0.11,9.790000000000036,87.11000000000001,103.08,8.13,0,Sindhudurg,Maharashtra
2021-12-06,0.0,1.6600000000000357,86.84000000000002,94.97,1.55,0,Sindhudurg,Maharashtra
2021-12-07,0.0,0.11000000000003553,83.46000000000001,94.95,0.11,0,Sindhudurg,Maharashtra
2021-12-08,0.0,0.0,28.470000000000006,93.53999999999999,0.0,0,Sindhudurg,Maharashtra
2021-12-09,0.0,0.0,9.790000000000008,87.3,0.0,0,Sindhudurg,Maharashtra
2021-12-10,0.0,0.0,1.6600000000000072,87.11,0.0,0,Sindhudurg,Maharashtra
2021-12-11,0.0,0.0,0.1100000000000071,87.11,0.0,0,Sindhudurg,Maharashtra
2021-12-12,0.0,0.0,0.0,87.11,0.0,0,Sindhudurg,Maharashtra
2021-12-13,0.0,0.0,0.0,87.11,0.0,0,Sindhudurg,Maharashtra
2021-12-14,0.0,0.0,0.0,86.84,0.0,0,Sindhudurg,Maharashtra
2021-12-15,0.0,0.0,0.0,83.46,0.0,0,Sindhudurg,Maharashtra
2021-12-16,0.0,0.0,0.0,28.47,0.0,0,Sindhudurg,Maharashtra
2021-12-17,0.0,0.0,0.0,9.790000000000001,0.0,0,Sindhudurg,Maharashtra
2021-12-18,0.0,0.0,0.0,1.6600000000000001,0.0,0,Sindhudurg,Maharashtra
2021-12-19,0.0,0.0,0.0,0.11,0.0,0,Sindhudurg,Maharashtra
2021-12-20,0.0,0.0,0.0,0.0,0.0,0,Sindhudurg,Maharashtra
2021-12-21,0.0,0.0,0.0,0.0,0.0,0,Sindhudurg,Maharashtra
2021-12-22,0.0,0.0,0.0,0.0,0.0,0,Sindhudurg,Maharashtra
2021-12-23,0.0,0.0,0.0,0.0,0.0,0,Sindhudurg,Maharashtra
2021-12-24,0.0,0.0,0.0,0.0,0.0,0,Sindhudurg,Maharashtra
2021-12-25,0.0,0.0,0.0,0.0,0.0,0,Sindhudurg,Maharashtra
2021-12-26,0.0,0.0,0.0,0.0,0.0,0,Sindhudurg,Maharashtra
2021-12-27,0.0,0.0,0.0,0.0,0.0,0,Sindhudurg,Maharashtra
2021-12-28,0.0,0.0,0.0,0.0,0.0,0,Sindhudurg,Maharashtra
2021-12-29,0.0,0.0,0.0,0.0,0.0,0,Sindhudurg,Maharashtra
2021-12-30,0.0,0.0,0.0,0.0,0.0,0,Sindhudurg,Maharashtra
2021-12-31,0.0,0.0,0.0,0.0,0.0,0,Sindhudurg,Maharashtra
2022-01-01,0.0,0.0,0.0,0.0,0.0,0,Sindhudurg,Maharashtra
2022-01-02,0.0,0.0,0.0,0.0,0.0,0,Sindhudurg,Maharashtra
2022-01-03,0.0,0.0,0.0,0.0,0.0,0,Sindhudurg,Maharashtra
2022-01-04,0.0,0.0,0.0,0.0,0.0,0,Sindhudurg,Maharashtra
2022-01-05,0.0,0.0,0.0,0.0,0.0,0,Sindhudurg,Maharashtra
2022-01-06,0.0,0.0,0.0,0.0,0.0,0,Sindhudurg,Maharashtra
2022-01-07,0.0,0.0,0.0,0.0,0.0,0,Sindhudurg,Maharashtra
2022-01-08,0.27,0.27000000000003554,0.2700000000000071,0.27,0.27,0,Sindhudurg,Maharashtra
2022-01-09,0.99,1.2600000000000355,1.2600000000000071,1.26,0.99,0,Sindhudurg,Maharashtra
2022-01-10,0.08,1.3400000000000356,1.3400000000000072,1.34,0.99,0,Sindhudurg,Maharashtra
2022-01-11,0.0,1.0700000000000356,1.3400000000000072,1.34,0.99,0,Sindhudurg,Maharashtra
2022-01-12,0.0,0.08000000000003553,1.3400000000000072,1.34,0.08,0,Sindhudurg,Maharashtra
2022-01-13,0.0,0.0,1.3400000000000072,1.34,0.0,0,Sindhudurg,Maharashtra
2022-01-14,0.0,0.0,1.3400000000000072,1.34,0.0,0,Sindhudurg,Maharashtra
2022-01-15,0.0,0.0,1.0700000000000072,1.34,0.0,0,Sindhudurg,Maharashtra
2022-01-16,0.0,0.0,0.08000000000000711,1.34,0.0,0,Sindhudurg,Maharashtra
2022-01-17,0.0,0.0,0.0,1.34,0.0,0,Sindhudurg,Maharashtra
2022-01-18,0.0,0.0,0.0,1.34,0.0,0,Sindhudurg,Maharashtra
2022-01-19,0.0,0.0,0.0,1.34,0.0,0,Sindhudurg,Maharashtra
2022-01-20,0.0,0.0,0.0,1.34,0.0,0,Sindhudurg,Maharashtra
2022-01-21,0.0,0.0,0.0,1.34,0.0,0,Sindhudurg,Maharashtra
2022-01-22,0.0,0.0,0.0,1.34,0.0,0,Sindhudurg,Maharashtra
2022-01-23,0.04,0.04000000000003553,0.040000000000007106,1.11,0.04,0,Sindhudurg,Maharashtra
2022-01-24,0.01,0.05000000000003553,0.05000000000000711,0.13,0.04,0,Sindhudurg,Maharashtra
2022-01-25,0.0,0.05000000000003553,0.05000000000000711,0.05,0.04,0,Sindhudurg,Maharashtra
2022-01-26,0.0,0.010000000000035527,0.05000000000000711,0.05,0.01,0,Sindhudurg,Maharashtra
2022-01-27,0.0,0.0,0.05000000000000711,0.05,0.0,0,Sindhudurg,Maharashtra
2022-01-28,0.0,0.0,0.05000000000000711,0.05,0.0,0,Sindhudurg,Maharashtra
2022-01-29,0.0,0.0,0.05000000000000711,0.05,0.0,0,Sindhudurg,Maharashtra
2022-01-30,0.0,0.0,0.010000000000007106,0.05,0.0,0,Sindhudurg,Maharashtra
2022-01-31,0.0,0.0,0.0,0.05,0.0,0,Sindhudurg,Maharashtra
2022-02-01,0.0,0.0,0.0,0.05,0.0,0,Sindhudurg,Maharashtra
2022-02-02,0.0,0.0,0.0,0.05,0.0,0,Sindhudurg,Maharashtra
2022-02-03,0.0,0.0,0.0,0.05,0.0,0,Sindhudurg,Maharashtra
2022-02-04,0.0,0.0,0.0,0.05,0.0,0,Sindhudurg,Maharashtra
2022-02-05,0.0,0.0,0.0,0.05,0.0,0,Sindhudurg,Maharashtra
2022-02-06,0.0,0.0,0.0,0.05,0.0,0,Sindhudurg,Maharashtra
2022-02-07,0.0,0.0,0.0,0.01,0.0,0,Sindhudurg,Maharashtra
2022-02-08,0.0,0.0,0.0,0.0,0.0,0,Sindhudurg,Maharashtra
2022-02-09,0.0,0.0,0.0,0.0,0.0,0,Sindhudurg,Maharashtra
2022-02-10,0.0,0.0,0.0,0.0,0.0,0,Sindhudurg,Maharashtra
2022-02-11,0.0,0.0,0.0,0.0,0.0,0,Sindhudurg,Maharashtra
2022-02-12,0.0,0.0,0.0,0.0,0.0,0,Sindhudurg,Maharashtra
2022-02-13,0.0,0.0,0.0,0.0,0.0,0,Sindhudurg,Maharashtra
2022-02-14,0.0,0.0,0.0,0.0,0.0,0,Sindhudurg,Maharashtra
2022-02-15,0.0,0.0,0.0,0.0,0.0,0,Sindhudurg,Maharashtra
2022-02-16,0.0,0.0,0.0,0.0,0.0,0,Sindhudurg,Maharashtra
2022-02-17,0.0,0.0,0.0,0.0,0.0,0,Sindhudurg,Maharashtra
2022-02-18,0.0,0.0,0.0,0.0,0.0,0,Sindhudurg,Maharashtra
2022-02-19,0.0,0.0,0.0,0.0,0.0,0,Sindhudurg,Maharashtra
2022-02-20,0.0,0.0,0.0,0.0,0.0,0,Sindhudurg,Maharashtra
2022-02-21,0.0,0.0,0.0,0.0,0.0,0,Sindhudurg,Maharashtra
2022-02-22,0.0,0.0,0.0,0.0,0.0,0,Sindhudurg,Maharashtra
2022-02-23,0.0,0.0,0.0,0.0,0.0,0,Sindhudurg,Maharashtra
2022-02-24,0.0,0.0,0.0,0.0,0.0,0,Sindhudurg,Maharashtra
2022-02-25,0.0,0.0,0.0,0.0,0.0,0,Sindhudurg,Maharashtra
2022-02-26,0.0,0.0,0.0,0.0,0.0,0,Sindhudurg,Maharashtra
2022-02-27,0.0,0.0,0.0,0.0,0.0,0,Sindhudurg,Maharashtra
2022-02-28,0.0,0.0,0.0,0.0,0.0,0,Sindhudurg,Maharashtra
2022-03-01,0.0,0.0,0.0,0.0,0.0,0,Sindhudurg,Maharashtra
2022-03-02,0.0,0.0,0.0,0.0,0.0,0,Sindhudurg,Maharashtra
2022-03-03,0.0,0.0,0.0,0.0,0.0,0,Sindhudurg,Maharashtra
2022-03-04,0.0,0.0,0.0,0.0,0.0,0,Sindhudurg,Maharashtra
2022-03-05,0.0,0.0,0.0,0.0,0.0,0,Sindhudurg,Maharashtra
2022-03-06,0.0,0.0,0.0,0.0,0.0,0,Sindhudurg,Maharashtra
2022-03-07,0.0,0.0,0.0,0.0,0.0,0,Sindhudurg,Maharashtra
2022-03-08,0.0,0.0,0.0,0.0,0.0,0,Sindhudurg,Maharashtra
2022-03-09,0.0,0.0,0.0,0.0,0.0,0,Sindhudurg,Maharashtra
2022-03-10,0.0,0.0,0.0,0.0,0.0,0,Sindhudurg,Maharashtra
2022-03-11,0.0,0.0,0.0,0.0,0.0,0,Sindhudurg,Maharashtra
2022-03-12,0.01,0.010000000000035527,0.010000000000007106,0.01,0.01,0,Sindhudurg,Maharashtra
2022-03-13,0.0,0.010000000000035527,0.010000000000007106,0.01,0.01,0,Sindhudurg,Maharashtra
2022-03-14,0.0,0.010000000000035527,0.010000000000007106,0.01,0.01,0,Sindhudurg,Maharashtra
2022-03-15,0.0,0.0,0.010000000000007106,0.01,0.0,0,Sindhudurg,Maharashtra
2022-03-16,0.0,0.0,0.010000000000007106,0.01,0.0,0,Sindhudurg,Maharashtra
2022-03-17,0.11,0.11000000000003553,0.1200000000000071,0.12,0.11,0,Sindhudurg,Maharashtra
2022-03-18,0.25,0.3600000000000355,0.3700000000000071,0.37,0.25,0,Sindhudurg,Maharashtra
2022-03-19,1.94,2.3000000000000353,2.300000000000007,2.31,1.94,0,Sindhudurg,Maharashtra
2022-03-20,1.09,3.2800000000000358,3.390000000000007,3.4000000000000004,1.94,0,Sindhudurg,Maharashtra
2022-03-21,0.02,3.0500000000000353,3.410000000000007,3.42,1.94,0,Sindhudurg,Maharashtra
2022-03-22,1.15,2.2600000000000353,4.560000000000007,4.57,1.15,0,Sindhudurg,Maharashtra
2022-03-23,0.3,1.4700000000000355,4.8600000000000065,4.87,1.15,0,Sindhudurg,Maharashtra
2022-03-24,0.47,1.9200000000000355,5.220000000000007,5.34,1.15,0,Sindhudurg,Maharashtra
2022-03-25,0.53,1.3000000000000356,5.500000000000007,5.87,0.53,0,Sindhudurg,Maharashtra
2022-03-26,0.03,1.0300000000000356,3.590000000000007,5.9,0.53,0,Sindhudurg,Maharashtra
2022-03-27,0.03,0.5900000000000356,2.5300000000000074,5.92,0.53,0,Sindhudurg,Maharashtra
2022-03-28,0.01,0.07000000000003552,2.520000000000007,5.930000000000001,0.03,0,Sindhudurg,Maharashtra
2022-03-29,0.0,0.04000000000003553,1.3700000000000072,5.930000000000001,0.03,0,Sindhudurg,Maharashtra
2022-03-30,0.0,0.010000000000035527,1.0700000000000072,5.930000000000001,0.01,0,Sindhudurg,Maharashtra
2022-03-31,0.0,0.0,0.6000000000000071,5.930000000000001,0.0,0,Sindhudurg,Maharashtra
2022-04-01,0.0,0.0,0.0700000000000071,5.82,0.0,0,Sindhudurg,Maharashtra
2022-04-02,0.0,0.0,0.040000000000007106,5.57,0.0,0,Sindhudurg,Maharashtra
2022-04-03,0.02,0.020000000000035528,0.030000000000007104,3.65,0.02,0,Sindhudurg,Maharashtra
2022-04-04,0.49,0.5100000000000355,0.5100000000000071,3.05,0.49,0,Sindhudurg,Maharashtra
2022-04-05,2.48,2.9900000000000357,2.9900000000000073,5.51,2.48,0,Sindhudurg,Maharashtra
2022-04-06,1.22,4.190000000000035,4.210000000000007,5.58,2.48,0,Sindhudurg,Maharashtra
2022-04-07,0.16,3.860000000000035,4.370000000000007,5.44,2.48,0,Sindhudurg,Maharashtra
2022-04-08,1.61,2.9900000000000357,5.980000000000007,6.58,1.61,0,Sindhudurg,Maharashtra
2022-04-09,0.65,2.4200000000000355,6.630000000000007,6.7,1.61,0,Sindhudurg,Maharashtra
2022-04-10,8.79,11.050000000000034,15.400000000000006,15.459999999999999,8.79,0,Sindhudurg,Maharashtra
2022-04-11,0.39,9.830000000000036,15.300000000000006,15.82,8.79,0,Sindhudurg,Maharashtra
2022-04-12,0.01,9.190000000000035,12.830000000000005,15.82,8.79,0,Sindhudurg,Maharashtra
2022-04-13,0.07,0.47000000000003556,11.680000000000005,15.89,0.39,0,Sindhudurg,Maharashtra
2022-04-14,0.95,1.0300000000000356,12.470000000000004,16.84,0.95,0,Sindhudurg,Maharashtra
2022-04-15,1.47,2.4900000000000357,12.330000000000005,18.31,1.47,0,Sindhudurg,Maharashtra
2022-04-16,0.58,3.0000000000000355,12.260000000000005,18.89,1.47,0,Sindhudurg,Maharashtra
2022-04-17,1.72,3.7700000000000355,5.190000000000005,20.61,1.72,0,Sindhudurg,Maharashtra
2022-04-18,0.04,2.340000000000036,4.840000000000005,20.63,1.72,0,Sindhudurg,Maharashtra
2022-04-19,0.93,2.690000000000036,5.760000000000005,21.069999999999997,1.72,0,Sindhudurg,Maharashtra
2022-04-20,0.28,1.250000000000036,5.970000000000006,18.869999999999997,0.93,0,Sindhudurg,Maharashtra
2022-04-21,0.22,1.4300000000000361,5.2400000000000055,17.869999999999997,0.93,0,Sindhudurg,Maharashtra
2022-04-22,0.57,1.0700000000000358,4.340000000000005,18.279999999999998,0.57,0,Sindhudurg,Maharashtra
2022-04-23,1.57,2.360000000000036,5.330000000000005,18.24,1.57,0,Sindhudurg,Maharashtra
2022-04-24,5.35,7.490000000000036,8.960000000000004,22.94,5.35,0,Sindhudurg,Maharashtra
2022-04-25,0.59,7.510000000000036,9.510000000000005,14.74,5.35,0,Sindhudurg,Maharashtra
2022-04-26,1.46,7.400000000000036,10.040000000000003,15.809999999999999,5.35,0,Sindhudurg,Maharashtra
2022-04-27,0.15,2.200000000000036,9.910000000000004,15.95,1.46,0,Sindhudurg,Maharashtra
2022-04-28,1.14,2.7500000000000364,10.830000000000004,17.02,1.46,0,Sindhudurg,Maharashtra
2022-04-29,0.81,2.100000000000036,11.070000000000006,16.88,1.14,0,Sindhudurg,Maharashtra
2022-04-30,0.11,2.0600000000000365,9.610000000000005,15.519999999999998,1.14,0,Sindhudurg,Maharashtra
2022-05-01,0.05,0.9700000000000365,4.310000000000004,14.989999999999998,0.81,0,Sindhudurg,Maharashtra
2022-05-02,0.01,0.17000000000003643,3.7300000000000044,13.28,0.11,0,Sindhudurg,Maharashtra
2022-05-03,0.01,0.07000000000003642,2.2800000000000042,13.249999999999998,0.05,0,Sindhudurg,Maharashtra
2022-05-04,0.02,0.040000000000036416,2.1500000000000044,12.34,0.02,0,Sindhudurg,Maharashtra
2022-05-05,0.01,0.040000000000036416,1.0200000000000045,12.07,0.02,0,Sindhudurg,Maharashtra
2022-05-06,0.01,0.040000000000036416,0.22000000000000444,11.86,0.02,0,Sindhudurg,Maharashtra
2022-05-07,0.0,0.020000000000036416,0.11000000000000444,11.29,0.01,0,Sindhudurg,Maharashtra
2022-05-08,0.02,0.030000000000036414,0.08000000000000444,9.739999999999998,0.02,0,Sindhudurg,Maharashtra
2022-05-09,0.02,0.040000000000036416,0.09000000000000445,4.409999999999999,0.02,0,Sindhudurg,Maharashtra
2022-05-10,0.02,0.06,0.10000000000000445,3.84,0.02,0,Sindhudurg,Maharashtra
2022-05-11,0.38,0.4200000000000364,0.46000000000000446,2.76,0.38,0,Sindhudurg,Maharashtra
2022-05-12,1.3,1.7000000000000364,1.7500000000000044,3.91,1.3,0,Sindhudurg,Maharashtra
2022-05-13,0.79,2.470000000000036,2.5300000000000047,3.5600000000000005,1.3,0,Sindhudurg,Maharashtra
2022-05-14,0.1,2.1900000000000364,2.6300000000000043,2.85,1.3,0,Sindhudurg,Maharashtra
2022-05-15,0.02,0.9100000000000364,2.6300000000000043,2.7600000000000002,0.79,0,Sindhudurg,Maharashtra
2022-05-16,0.16,0.28000000000003644,2.7700000000000045,2.87,0.16,0,Sindhudurg,Maharashtra
2022-05-17,0.65,0.8300000000000365,3.4000000000000044,3.5100000000000002,0.65,0,Sindhudurg,Maharashtra
2022-05-18,1.22,2.0300000000000367,4.240000000000005,4.720000000000001,1.22,0,Sindhudurg,Maharashtra
2022-05-19,29.54,31.410000000000036,32.480000000000004,34.24,29.54,0,Sindhudurg,Maharashtra
2022-05-20,10.2,40.960000000000036,41.89,44.43,29.54,0,Sindhudurg,Maharashtra
2022-05-21,8.66,48.400000000000034,50.45,53.08,29.54,0,Sindhudurg,Maharashtra
2022-05-22,0.76,19.620000000000037,51.19,53.839999999999996,10.2,0,Sindhudurg,Maharashtra
2022-05-23,0.35,9.770000000000035,51.38,54.17,8.66,0,Sindhudurg,Maharashtra
2022-05-24,0.24,1.3500000000000356,50.970000000000006,54.38999999999999,0.76,0,Sindhudurg,Maharashtra
2022-05-25,0.02,0.6100000000000355,49.77,54.39,0.35,0,Sindhudurg,Maharashtra
2022-05-26,0.06,0.32000000000003553,20.290000000000003,54.07,0.24,0,Sindhudurg,Maharashtra
2022-05-27,0.1,0.18000000000003552,10.190000000000003,52.87,0.1,0,Sindhudurg,Maharashtra
2022-05-28,0.34,0.5000000000000355,1.8700000000000037,52.42,0.34,0,Sindhudurg,Maharashtra
2022-05-29,1.33,1.7700000000000355,2.440000000000004,53.65,1.33,0,Sindhudurg,Maharashtra
2022-05-30,0.04,1.7100000000000355,2.1300000000000034,53.669999999999995,1.33,0,Sindhudurg,Maharashtra
2022-05-31,0.47,1.8400000000000356,2.360000000000004,53.98,1.33,0,Sindhudurg,Maharashtra
2022-06-01,0.52,1.0300000000000356,2.860000000000004,53.85,0.52,1,Sindhudurg,Maharashtra
2022-06-02,20.38,21.370000000000033,23.180000000000003,73.00999999999999,20.38,1,Sindhudurg,Maharashtra
2022-06-03,7.02,27.920000000000034,30.1,50.49,20.38,1,Sindhudurg,Maharashtra
2022-06-04,0.06,27.460000000000033,29.82,40.35,20.38,1,Sindhudurg,Maharashtra
2022-06-05,0.53,7.610000000000035,29.020000000000003,32.22,7.02,1,Sindhudurg,Maharashtra
2022-06-06,0.46,1.0500000000000356,29.440000000000005,31.919999999999998,0.53,1,Sindhudurg,Maharashtra
2022-06-07,1.1,2.0900000000000354,30.07,32.67,1.1,1,Sindhudurg,Maharashtra
2022-06-08,5.24,6.800000000000035,34.790000000000006,37.67,5.24,1,Sindhudurg,Maharashtra
2022-06-09,6.09,12.430000000000035,20.500000000000004,43.74,6.09,1,Sindhudurg,Maharashtra
2022-06-10,29.51,40.84000000000004,42.99000000000001,73.19,29.51,1,Sindhudurg,Maharashtra
2022-06-11,24.19,59.790000000000035,67.12,97.28,29.51,1,Sindhudurg,Maharashtra
2022-06-12,19.8,73.50000000000004,86.39,116.74000000000001,29.51,1,Sindhudurg,Maharashtra
2022-06-13,11.23,55.220000000000034,97.16000000000001,126.64000000000001,24.19,1,Sindhudurg,Maharashtra
2022-06-14,1.43,32.460000000000036,97.49000000000001,128.03,19.8,1,Sindhudurg,Maharashtra
2022-06-15,2.92,15.580000000000032,95.17,130.48,11.23,1,Sindhudurg,Maharashtra
2022-06-16,9.36,13.710000000000031,98.44,139.32,9.36,1,Sindhudurg,Maharashtra
2022-06-17,5.02,17.300000000000033,73.95000000000002,123.96,9.36,1,Sindhudurg,Maharashtra
2022-06-18,4.75,19.13000000000003,54.51,121.69,9.36,1,Sindhudurg,Maharashtra
2022-06-19,29.58,39.35000000000003,64.28999999999999,151.20999999999998,29.58,1,Sindhudurg,Maharashtra
2022-06-20,15.37,49.700000000000024,68.42999999999999,166.04999999999998,29.58,1,Sindhudurg,Maharashtra
2022-06-21,21.78,66.73000000000003,88.78,187.37,29.58,1,Sindhudurg,Maharashtra
2022-06-22,11.86,49.01000000000003,97.72,198.13,21.78,1,Sindhudurg,Maharashtra
2022-06-23,39.24,72.88000000000002,127.6,232.13,39.24,1,Sindhudurg,Maharashtra
2022-06-24,21.14,72.24000000000004,143.72,247.18,39.24,1,Sindhudurg,Maharashtra
2022-06-25,68.22,128.60000000000002,207.19,285.89,68.22,1,Sindhudurg,Maharashtra
2022-06-26,28.18,117.54000000000002,205.79,289.88,68.22,1,Sindhudurg,Maharashtra
2022-06-27,25.57,121.97000000000004,215.98999999999998,295.65,68.22,1,Sindhudurg,Maharashtra
2022-06-28,19.62,73.37000000000005,213.82999999999998,304.04,28.18,1,Sindhudurg,Maharashtra
2022-06-29,31.14,76.33000000000004,233.10999999999999,333.75,31.14,1,Sindhudurg,Maharashtra
2022-06-30,47.49,98.25000000000006,241.35999999999999,378.32,47.49,1,Sindhudurg,Maharashtra
2022-07-01,32.15,110.78000000000004,252.37,401.10999999999996,47.49,1,Sindhudurg,Maharashtra
2022-07-02,13.77,93.41000000000004,197.92,409.86,47.49,1,Sindhudurg,Maharashtra
2022-07-03,11.28,57.200000000000045,181.01999999999998,416.39,32.15,1,Sindhudurg,Maharashtra
2022-07-04,71.64,96.69000000000005,227.09,458.45000000000005,71.64,1,Sindhudurg,Maharashtra
2022-07-05,66.76,149.68000000000006,274.23,509.84000000000003,71.64,1,Sindhudurg,Maharashtra
2022-07-06,41.21,179.61000000000004,284.3,529.27,71.64,1,Sindhudurg,Maharashtra
2022-07-07,67.29,175.26000000000005,304.1,584.7,67.29,1,Sindhudurg,Maharashtra
2022-07-08,50.89,159.39000000000004,322.84000000000003,596.35,67.29,1,Sindhudurg,Maharashtra
2022-07-09,58.6,176.78000000000006,367.67,633.81,67.29,1,Sindhudurg,Maharashtra
2022-07-10,23.54,133.03000000000006,379.93000000000006,589.13,58.6,1,Sindhudurg,Maharashtra
2022-07-11,45.03,127.17000000000006,353.32000000000005,605.98,58.6,1,Sindhudurg,Maharashtra
2022-07-12,34.89,103.46000000000005,321.45,615.3000000000001,45.03,1,Sindhudurg,Maharashtra
2022-07-13,48.93,128.85000000000005,329.17,644.6100000000001,48.93,1,Sindhudurg,Maharashtra
2022-07-14,47.34,131.16000000000005,309.22,660.81,48.93,1,Sindhudurg,Maharashtra
2022-07-15,30.5,126.77000000000007,288.83000000000004,643.8199999999999,48.93,1,Sindhudurg,Maharashtra
2022-07-16,35.12,112.96000000000005,265.35,646.79,47.34,1,Sindhudurg,Maharashtra
2022-07-17,18.32,83.94000000000005,260.13,651.34,35.12,1,Sindhudurg,Maharashtra
2022-07-18,11.09,64.53000000000006,226.19,651.1500000000001,35.12,1,Sindhudurg,Maharashtra
2022-07-19,13.3,42.71000000000006,204.60000000000002,592.8100000000001,18.32,1,Sindhudurg,Maharashtra
2022-07-20,4.71,29.10000000000006,160.38,530.7600000000001,13.3,1,Sindhudurg,Maharashtra
2022-07-21,2.49,20.500000000000057,115.53,492.04,13.3,1,Sindhudurg,Maharashtra
2022-07-22,1.46,8.660000000000057,86.49000000000001,426.21,4.71,1,Sindhudurg,Maharashtra
2022-07-23,5.18,9.130000000000056,56.55,380.5,5.18,1,Sindhudurg,Maharashtra
2022-07-24,6.73,13.370000000000058,44.96,328.63,6.73,1,Sindhudurg,Maharashtra
2022-07-25,7.02,18.930000000000057,40.89,312.11,7.02,1,Sindhudurg,Maharashtra
2022-07-26,5.26,19.010000000000055,32.85,272.34,7.02,1,Sindhudurg,Maharashtra
2022-07-27,20.46,32.74000000000005,48.6,257.91,20.46,1,Sindhudurg,Maharashtra
2022-07-28,3.67,29.390000000000057,49.78,212.65,20.46,1,Sindhudurg,Maharashtra
2022-07-29,6.66,30.790000000000056,54.980000000000004,171.97,20.46,1,Sindhudurg,Maharashtra
2022-07-30,4.85,15.180000000000057,54.65,146.32,6.66,1,Sindhudurg,Maharashtra
2022-07-31,1.89,13.400000000000057,49.81,113.09,6.66,1,Sindhudurg,Maharashtra
2022-08-01,1.93,8.670000000000057,44.720000000000006,96.7,4.85,1,Sindhudurg,Maharashtra
2022-08-02,2.13,5.950000000000056,41.59,87.74000000000001,2.13,1,Sindhudurg,Maharashtra
2022-08-03,42.19,46.25000000000006,63.32,116.63,42.19,1,Sindhudurg,Maharashtra
2022-08-04,36.96,81.28000000000006,96.61,148.88,42.19,1,Sindhudurg,Maharashtra
2022-08-05,19.47,98.62000000000006,109.42,165.85999999999999,42.19,1,Sindhudurg,Maharashtra
2022-08-06,54.44,110.87000000000006,159.01,218.84,54.44,1,Sindhudurg,Maharashtra
2022-08-07,97.02,170.93000000000004,254.14,310.68,97.02,1,Sindhudurg,Maharashtra
2022-08-08,107.21,258.67,359.41999999999996,411.15999999999997,107.21,1,Sindhudurg,Maharashtra
2022-08-09,45.13,249.36000000000004,402.42,449.27,107.21,1,Sindhudurg,Maharashtra
2022-08-10,17.3,169.64000000000004,377.53,461.31,107.21,1,Sindhudurg,Maharashtra
2022-08-11,21.82,84.25000000000006,362.39,462.66999999999996,45.13,1,Sindhudurg,Maharashtra
2022-08-12,13.34,52.46000000000006,356.26,472.34000000000003,21.82,1,Sindhudurg,Maharashtra
2022-08-13,7.71,42.870000000000054,309.53,473.39,21.82,1,Sindhudurg,Maharashtra
2022-08-14,7.61,28.660000000000057,220.12,476.15,13.34,1,Sindhudurg,Maharashtra
2022-08-15,16.12,31.440000000000058,129.03,490.38,16.12,1,Sindhudurg,Maharashtra
2022-08-16,16.4,40.13000000000005,100.30000000000001,504.84999999999997,16.4,1,Sindhudurg,Maharashtra
2022-08-17,12.19,44.71000000000006,95.19,514.91,16.4,1,Sindhudurg,Maharashtra
2022-08-18,7.96,36.550000000000054,81.33,480.68,16.4,1,Sindhudurg,Maharashtra
2022-08-19,7.85,28.000000000000057,75.84,451.57,12.19,1,Sindhudurg,Maharashtra
2022-08-20,6.96,22.770000000000056,75.09,439.06,7.96,1,Sindhudurg,Maharashtra
2022-08-21,5.06,19.870000000000054,72.53999999999999,389.67999999999995,7.85,1,Sindhudurg,Maharashtra
2022-08-22,9.53,21.550000000000058,65.95,302.19,9.53,1,Sindhudurg,Maharashtra
2022-08-23,8.43,23.020000000000056,57.97999999999999,203.41000000000003,9.53,1,Sindhudurg,Maharashtra
2022-08-24,6.05,24.01000000000006,51.839999999999996,164.32999999999998,9.53,1,Sindhudurg,Maharashtra
2022-08-25,1.86,16.340000000000057,45.739999999999995,148.89000000000001,8.43,1,Sindhudurg,Maharashtra
2022-08-26,8.45,16.360000000000056,46.34,135.52,8.45,1,Sindhudurg,Maharashtra
2022-08-27,10.19,20.500000000000057,49.57,132.37,10.19,1,Sindhudurg,Maharashtra
2022-08-28,1.61,20.250000000000057,46.12,126.27,10.19,1,Sindhudurg,Maharashtra
2022-08-29,0.42,12.220000000000056,37.010000000000005,119.08,10.19,1,Sindhudurg,Maharashtra
2022-08-30,2.96,4.990000000000057,31.54,105.92,2.96,1,Sindhudurg,Maharashtra
2022-08-31,13.25,16.630000000000056,38.739999999999995,102.77,13.25,1,Sindhudurg,Maharashtra
2022-09-01,23.41,39.62000000000006,60.29,113.99,23.41,1,Sindhudurg,Maharashtra
2022-09-02,11.99,48.650000000000055,63.830000000000005,118.02,23.41,1,Sindhudurg,Maharashtra
2022-09-03,1.98,37.38000000000006,55.62,112.14999999999999,23.41,1,Sindhudurg,Maharashtra
2022-09-04,2.35,16.320000000000057,56.36,107.53999999999999,11.99,1,Sindhudurg,Maharashtra
2022-09-05,17.4,21.730000000000054,73.34,119.88,17.4,1,Sindhudurg,Maharashtra
2022-09-06,14.89,34.64000000000006,85.27000000000001,125.24,17.4,1,Sindhudurg,Maharashtra
2022-09-07,24.85,57.14000000000006,96.87,141.66,24.85,1,Sindhudurg,Maharashtra
2022-09-08,31.86,71.60000000000005,105.32000000000001,167.47,31.86,1,Sindhudurg,Maharashtra
2022-09-09,25.36,82.07000000000005,118.69,190.97,31.86,1,Sindhudurg,Maharashtra
2022-09-10,46.19,103.41000000000005,162.89999999999998,228.70999999999998,46.19,1,Sindhudurg,Maharashtra
2022-09-11,37.45,109.00000000000006,198.0,255.97,46.19,1,Sindhudurg,Maharashtra
2022-09-12,42.55,126.19000000000005,223.14999999999998,296.91,46.19,1,Sindhudurg,Maharashtra
2022-09-13,9.09,89.09000000000005,217.35,305.58,42.55,1,Sindhudurg,Maharashtra
2022-09-14,7.54,59.18000000000005,200.04000000000002,310.16,42.55,1,Sindhudurg,Maharashtra
2022-09-15,8.65,25.28000000000005,176.82999999999998,305.56,9.09,1,Sindhudurg,Maharashtra
2022-09-16,5.87,22.060000000000052,157.33999999999997,288.02,8.65,1,Sindhudurg,Maharashtra
2022-09-17,4.99,19.51000000000005,116.14,281.02,8.65,1,Sindhudurg,Maharashtra
2022-09-18,2.92,13.78000000000005,81.61,281.96000000000004,5.87,1,Sindhudurg,Maharashtra
2022-09-19,0.76,8.67000000000005,39.82,280.37,4.99,1,Sindhudurg,Maharashtra
2022-09-20,0.44,4.12000000000005,31.17,263.41,2.92,1,Sindhudurg,Maharashtra
2022-09-21,0.28,1.4800000000000497,23.910000000000004,248.8,0.76,1,Sindhudurg,Maharashtra
2022-09-22,0.41,1.1300000000000496,15.67,224.36,0.44,1,Sindhudurg,Maharashtra
2022-09-23,5.64,6.33000000000005,15.440000000000001,198.14,5.64,1,Sindhudurg,Maharashtra
2022-09-24,4.52,10.570000000000048,14.969999999999999,177.3,5.64,1,Sindhudurg,Maharashtra
2022-09-25,4.54,14.700000000000049,16.59,135.65,5.64,1,Sindhudurg,Maharashtra
2022-09-26,0.63,9.690000000000047,16.459999999999997,98.82999999999998,4.54,1,Sindhudurg,Maharashtra
2022-09-27,0.06,5.230000000000049,16.080000000000002,56.34,4.54,1,Sindhudurg,Maharashtra
2022-09-28,0.12,0.8100000000000489,15.92,47.37,0.63,1,Sindhudurg,Maharashtra
2022-09-29,1.91,2.0900000000000487,17.419999999999998,41.739999999999995,1.91,1,Sindhudurg,Maharashtra
2022-09-30,9.57,11.60000000000005,21.35,42.66,9.57,1,Sindhudurg,Maharashtra
2022-10-01,9.03,20.510000000000048,25.86,45.82,9.57,0,Sindhudurg,Maharashtra
2022-10-02,1.58,20.18000000000005,22.9,42.41,9.57,0,Sindhudurg,Maharashtra
2022-10-03,0.12,10.730000000000048,22.39,39.61,9.03,0,Sindhudurg,Maharashtra
2022-10-04,0.34,2.0400000000000498,22.669999999999998,39.19,1.58,0,Sindhudurg,Maharashtra
2022-10-05,1.53,1.9900000000000497,24.080000000000002,40.28,1.53,0,Sindhudurg,Maharashtra
2022-10-06,20.98,22.85000000000005,43.150000000000006,60.980000000000004,20.98,0,Sindhudurg,Maharashtra
2022-10-07,21.04,43.550000000000054,54.620000000000005,81.61,21.04,0,Sindhudurg,Maharashtra
2022-10-08,0.69,42.71000000000005,46.28,76.66,21.04,0,Sindhudurg,Maharashtra
2022-10-09,0.04,21.77000000000005,44.74,72.17999999999999,21.04,0,Sindhudurg,Maharashtra
2022-10-10,4.4,5.13000000000005,49.019999999999996,72.03999999999999,4.4,0,Sindhudurg,Maharashtra
2022-10-11,22.4,26.840000000000046,71.08,93.81,22.4,0,Sindhudurg,Maharashtra
2022-10-12,27.69,54.49000000000005,97.24,121.44,27.69,0,Sindhudurg,Maharashtra
2022-10-13,6.32,56.41000000000005,82.58,127.64,27.69,0,Sindhudurg,Maharashtra
2022-10-14,33.86,67.87000000000006,95.4,159.58999999999997,33.86,0,Sindhudurg,Maharashtra
2022-10-15,1.68,41.860000000000056,96.39000000000001,151.7,33.86,0,Sindhudurg,Maharashtra
2022-10-16,1.9,37.44000000000005,98.25,144.57,33.86,0,Sindhudurg,Maharashtra
2022-10-17,14.93,18.510000000000048,108.78,157.92,14.93,0,Sindhudurg,Maharashtra
2022-10-18,13.17,30.00000000000005,99.55000000000001,170.97,14.93,0,Sindhudurg,Maharashtra
2022-10-19,2.17,30.270000000000053,74.03,172.8,14.93,0,Sindhudurg,Maharashtra
2022-10-20,3.14,18.48000000000005,70.85,174.41,13.17,0,Sindhudurg,Maharashtra
2022-10-21,29.02,34.33000000000005,66.00999999999999,182.45,29.02,0,Sindhudurg,Maharashtra
2022-10-22,11.12,43.28000000000005,75.44999999999999,172.53,29.02,0,Sindhudurg,Maharashtra
2022-10-23,0.02,40.160000000000046,73.57,171.85999999999999,29.02,0,Sindhudurg,Maharashtra
2022-10-24,0.0,11.140000000000052,58.64,171.82,11.12,0,Sindhudurg,Maharashtra
2022-10-25,0.0,0.02000000000005329,45.47,167.42,0.02,0,Sindhudurg,Maharashtra
2022-10-26,0.0,0.0,43.3,145.01999999999998,0.0,0,Sindhudurg,Maharashtra
2022-10-27,0.0,0.0,40.16,117.32999999999998,0.0,0,Sindhudurg,Maharashtra
2022-10-28,0.0,0.0,11.139999999999999,111.00999999999999,0.0,0,Sindhudurg,Maharashtra
2022-10-29,0.0,0.0,0.02,77.14999999999999,0.0,0,Sindhudurg,Maharashtra
2022-10-30,0.0,0.0,0.0,75.46999999999998,0.0,0,Sindhudurg,Maharashtra
2022-10-31,0.0,0.0,0.0,73.57,0.0,0,Sindhudurg,Maharashtra
2022-11-01,0.0,0.0,0.0,58.64,0.0,0,Sindhudurg,Maharashtra
2022-11-02,0.02,0.02000000000005329,0.02,45.489999999999995,0.02,0,Sindhudurg,Maharashtra
2022-11-03,0.01,0.03000000000005329,0.03,43.33,0.02,0,Sindhudurg,Maharashtra
2022-11-04,0.0,0.03000000000005329,0.03,40.19,0.02,0,Sindhudurg,Maharashtra
2022-11-05,0.0,0.010000000000053291,0.03,11.17,0.01,0,Sindhudurg,Maharashtra
2022-11-06,0.02,0.02000000000005329,0.05,0.07,0.02,0,Sindhudurg,Maharashtra
2022-11-07,0.0,0.02000000000005329,0.05,0.049999999999999996,0.02,0,Sindhudurg,Maharashtra
2022-11-08,0.0,0.02000000000005329,0.05,0.05,0.02,0,Sindhudurg,Maharashtra
2022-11-09,0.0,0.0,0.030000000000000002,0.05,0.0,0,Sindhudurg,Maharashtra
2022-11-10,0.0,0.0,0.020000000000000004,0.05,0.0,0,Sindhudurg,Maharashtra
2022-11-11,0.0,0.0,0.020000000000000004,0.05,0.0,0,Sindhudurg,Maharashtra
2022-11-12,0.0,0.0,0.020000000000000004,0.05,0.0,0,Sindhudurg,Maharashtra
2022-11-13,0.0,0.0,0.0,0.05,0.0,0,Sindhudurg,Maharashtra
2022-11-14,0.0,0.0,0.0,0.05,0.0,0,Sindhudurg,Maharashtra
2022-11-15,0.0,0.0,0.0,0.05,0.0,0,Sindhudurg,Maharashtra
2022-11-16,0.0,0.0,0.0,0.05,0.0,0,Sindhudurg,Maharashtra
2022-11-17,0.0,0.0,0.0,0.03,0.0,0,Sindhudurg,Maharashtra
2022-11-18,0.0,0.0,0.0,0.019999999999999997,0.0,0,Sindhudurg,Maharashtra
2022-11-19,0.0,0.0,0.0,0.019999999999999997,0.0,0,Sindhudurg,Maharashtra
2022-11-20,0.0,0.0,0.0,0.019999999999999997,0.0,0,Sindhudurg,Maharashtra
2022-11-21,0.0,0.0,0.0,0.0,0.0,0,Sindhudurg,Maharashtra
2022-11-22,0.0,0.0,0.0,0.0,0.0,0,Sindhudurg,Maharashtra
2022-11-23,0.0,0.0,0.0,0.0,0.0,0,Sindhudurg,Maharashtra
2022-11-24,0.16,0.1600000000000533,0.16,0.16,0.16,0,Sindhudurg,Maharashtra
2022-11-25,0.13,0.2900000000000533,0.29000000000000004,0.29000000000000004,0.16,0,Sindhudurg,Maharashtra
2022-11-26,0.34,0.6300000000000533,0.63,0.63,0.34,0,Sindhudurg,Maharashtra
2022-11-27,0.16,0.6300000000000533,0.79,0.79,0.34,0,Sindhudurg,Maharashtra
2022-11-28,0.05,0.5500000000000532,0.84,0.84,0.34,0,Sindhudurg,Maharashtra
2022-11-29,0.0,0.2100000000000533,0.84,0.84,0.16,0,Sindhudurg,Maharashtra
2022-11-30,0.0,0.050000000000053293,0.84,0.84,0.05,0,Sindhudurg,Maharashtra
2022-12-01,0.0,0.0,0.6799999999999999,0.84,0.0,0,Sindhudurg,Maharashtra
2022-12-02,0.0,0.0,0.5499999999999999,0.84,0.0,0,Sindhudurg,Maharashtra
2022-12-03,0.0,0.0,0.21000000000000002,0.84,0.0,0,Sindhudurg,Maharashtra
2022-12-04,0.0,0.0,0.05,0.84,0.0,0,Sindhudurg,Maharashtra
2022-12-05,0.0,0.0,0.0,0.84,0.0,0,Sindhudurg,Maharashtra
2022-12-06,0.0,0.0,0.0,0.84,0.0,0,Sindhudurg,Maharashtra
2022-12-07,0.0,0.0,0.0,0.84,0.0,0,Sindhudurg,Maharashtra
2022-12-08,0.0,0.0,0.0,0.84,0.0,0,Sindhudurg,Maharashtra
2022-12-09,0.0,0.0,0.0,0.6799999999999999,0.0,0,Sindhudurg,Maharashtra
2022-12-10,0.01,0.010000000000053291,0.01,0.5599999999999999,0.01,0,Sindhudurg,Maharashtra
2022-12-11,0.4,0.4100000000000533,0.41000000000000003,0.6200000000000001,0.4,0,Sindhudurg,Maharashtra
2022-12-12,1.25,1.6600000000000534,1.6600000000000001,1.71,1.25,0,Sindhudurg,Maharashtra
2022-12-13,0.04,1.6900000000000535,1.7000000000000002,1.7,1.25,0,Sindhudurg,Maharashtra
2022-12-14,0.11,1.4000000000000532,1.81,1.8099999999999998,1.25,0,Sindhudurg,Maharashtra
2022-12-15,0.01,0.1600000000000533,1.82,1.8199999999999998,0.11,0,Sindhudurg,Maharashtra
2022-12-16,0.0,0.12000000000005327,1.82,1.8199999999999998,0.11,0,Sindhudurg,Maharashtra
2022-12-17,0.0,0.010000000000053291,1.81,1.8199999999999998,0.01,0,Sindhudurg,Maharashtra
2022-12-18,0.0,0.0,1.4100000000000001,1.8199999999999998,0.0,0,Sindhudurg,Maharashtra
2022-12-19,0.0,0.0,0.16000000000000023,1.8199999999999998,0.0,0,Sindhudurg,Maharashtra
2022-12-20,0.0,0.0,0.1200000000000002,1.8199999999999998,0.0,0,Sindhudurg,Maharashtra
2022-12-21,0.0,0.0,0.010000000000000222,1.8199999999999998,0.0,0,Sindhudurg,Maharashtra
2022-12-22,0.0,0.0,0.0,1.8199999999999998,0.0,0,Sindhudurg,Maharashtra
2022-12-23,0.0,0.0,0.0,1.8199999999999998,0.0,0,Sindhudurg,Maharashtra
2022-12-24,0.0,0.0,0.0,1.8199999999999998,0.0,0,Sindhudurg,Maharashtra
2022-12-25,0.0,0.0,0.0,1.8099999999999998,0.0,0,Sindhudurg,Maharashtra
2022-12-26,0.0,0.0,0.0,1.41,0.0,0,Sindhudurg,Maharashtra
2022-12-27,0.0,0.0,0.0,0.16,0.0,0,Sindhudurg,Maharashtra
2022-12-28,0.0,0.0,0.0,0.11999999999999998,0.0,0,Sindhudurg,Maharashtra
2022-12-29,0.0,0.0,0.0,0.01,0.0,0,Sindhudurg,Maharashtra
2022-12-30,0.0,0.0,0.0,0.0,0.0,0,Sindhudurg,Maharashtra
2022-12-31,0.0,0.0,0.0,0.0,0.0,0,Sindhudurg,Maharashtra
2023-01-01,0.0,0.0,0.0,0.0,0.0,0,Sindhudurg,Maharashtra
2023-01-02,0.0,0.0,0.0,0.0,0.0,0,Sindhudurg,Maharashtra
2023-01-03,0.0,0.0,0.0,0.0,0.0,0,Sindhudurg,Maharashtra
2023-01-04,0.0,0.0,0.0,0.0,0.0,0,Sindhudurg,Maharashtra
2023-01-05,0.0,0.0,0.0,0.0,0.0,0,Sindhudurg,Maharashtra
2023-01-06,0.0,0.0,0.0,0.0,0.0,0,Sindhudurg,Maharashtra
2023-01-07,0.0,0.0,0.0,0.0,0.0,0,Sindhudurg,Maharashtra
2023-01-08,0.0,0.0,0.0,0.0,0.0,0,Sindhudurg,Maharashtra
2023-01-09,0.0,0.0,0.0,0.0,0.0,0,Sindhudurg,Maharashtra
2023-01-10,0.0,0.0,0.0,0.0,0.0,0,Sindhudurg,Maharashtra
2023-01-11,0.0,0.0,0.0,0.0,0.0,0,Sindhudurg,Maharashtra
2023-01-12,0.0,0.0,0.0,0.0,0.0,0,Sindhudurg,Maharashtra
2023-01-13,0.0,0.0,0.0,0.0,0.0,0,Sindhudurg,Maharashtra
2023-01-14,0.0,0.0,0.0,0.0,0.0,0,Sindhudurg,Maharashtra
2023-01-15,0.0,0.0,0.0,0.0,0.0,0,Sindhudurg,Maharashtra
2023-01-16,0.0,0.0,0.0,0.0,0.0,0,Sindhudurg,Maharashtra
2023-01-17,0.0,0.0,0.0,0.0,0.0,0,Sindhudurg,Maharashtra
2023-01-18,0.0,0.0,0.0,0.0,0.0,0,Sindhudurg,Maharashtra
2023-01-19,0.0,0.0,0.0,0.0,0.0,0,Sindhudurg,Maharashtra
2023-01-20,0.0,0.0,0.0,0.0,0.0,0,Sindhudurg,Maharashtra
2023-01-21,0.0,0.0,0.0,0.0,0.0,0,Sindhudurg,Maharashtra
2023-01-22,0.0,0.0,0.0,0.0,0.0,0,Sindhudurg,Maharashtra
2023-01-23,0.0,0.0,0.0,0.0,0.0,0,Sindhudurg,Maharashtra
2023-01-24,0.0,0.0,0.0,0.0,0.0,0,Sindhudurg,Maharashtra
2023-01-25,0.0,0.0,0.0,0.0,0.0,0,Sindhudurg,Maharashtra
2023-01-26,0.0,0.0,0.0,0.0,0.0,0,Sindhudurg,Maharashtra
2023-01-27,0.0,0.0,0.0,0.0,0.0,0,Sindhudurg,Maharashtra
2023-01-28,0.0,0.0,0.0,0.0,0.0,0,Sindhudurg,Maharashtra
2023-01-29,0.0,0.0,0.0,0.0,0.0,0,Sindhudurg,Maharashtra
2023-01-30,0.0,0.0,0.0,0.0,0.0,0,Sindhudurg,Maharashtra
2023-01-31,0.0,0.0,0.0,0.0,0.0,0,Sindhudurg,Maharashtra
2023-02-01,0.0,0.0,0.0,0.0,0.0,0,Sindhudurg,Maharashtra
2023-02-02,0.0,0.0,0.0,0.0,0.0,0,Sindhudurg,Maharashtra
2023-02-03,0.0,0.0,0.0,0.0,0.0,0,Sindhudurg,Maharashtra
2023-02-04,0.0,0.0,0.0,0.0,0.0,0,Sindhudurg,Maharashtra
2023-02-05,0.0,0.0,0.0,0.0,0.0,0,Sindhudurg,Maharashtra
2023-02-06,0.0,0.0,0.0,0.0,0.0,0,Sindhudurg,Maharashtra
2023-02-07,0.0,0.0,0.0,0.0,0.0,0,Sindhudurg,Maharashtra
2023-02-08,0.0,0.0,0.0,0.0,0.0,0,Sindhudurg,Maharashtra
2023-02-09,0.0,0.0,0.0,0.0,0.0,0,Sindhudurg,Maharashtra
2023-02-10,0.0,0.0,0.0,0.0,0.0,0,Sindhudurg,Maharashtra
2023-02-11,0.0,0.0,0.0,0.0,0.0,0,Sindhudurg,Maharashtra
2023-02-12,0.0,0.0,0.0,0.0,0.0,0,Sindhudurg,Maharashtra
2023-02-13,0.0,0.0,0.0,0.0,0.0,0,Sindhudurg,Maharashtra
2023-02-14,0.0,0.0,0.0,0.0,0.0,0,Sindhudurg,Maharashtra
2023-02-15,0.0,0.0,0.0,0.0,0.0,0,Sindhudurg,Maharashtra
2023-02-16,0.0,0.0,0.0,0.0,0.0,0,Sindhudurg,Maharashtra
2023-02-17,0.0,0.0,0.0,0.0,0.0,0,Sindhudurg,Maharashtra
2023-02-18,0.0,0.0,0.0,0.0,0.0,0,Sindhudurg,Maharashtra
2023-02-19,0.0,0.0,0.0,0.0,0.0,0,Sindhudurg,Maharashtra
2023-02-20,0.0,0.0,0.0,0.0,0.0,0,Sindhudurg,Maharashtra
2023-02-21,0.0,0.0,0.0,0.0,0.0,0,Sindhudurg,Maharashtra
2023-02-22,0.0,0.0,0.0,0.0,0.0,0,Sindhudurg,Maharashtra
2023-02-23,0.0,0.0,0.0,0.0,0.0,0,Sindhudurg,Maharashtra
2023-02-24,0.0,0.0,0.0,0.0,0.0,0,Sindhudurg,Maharashtra
2023-02-25,0.0,0.0,0.0,0.0,0.0,0,Sindhudurg,Maharashtra
2023-02-26,0.0,0.0,0.0,0.0,0.0,0,Sindhudurg,Maharashtra
2023-02-27,0.0,0.0,0.0,0.0,0.0,0,Sindhudurg,Maharashtra
2023-02-28,0.0,0.0,0.0,0.0,0.0,0,Sindhudurg,Maharashtra
2023-03-01,0.0,0.0,0.0,0.0,0.0,0,Sindhudurg,Maharashtra
2023-03-02,0.0,0.0,0.0,0.0,0.0,0,Sindhudurg,Maharashtra
2023-03-03,0.0,0.0,0.0,0.0,0.0,0,Sindhudurg,Maharashtra
2023-03-04,0.0,0.0,0.0,0.0,0.0,0,Sindhudurg,Maharashtra
2023-03-05,0.0,0.0,0.0,0.0,0.0,0,Sindhudurg,Maharashtra
2023-03-06,0.0,0.0,0.0,0.0,0.0,0,Sindhudurg,Maharashtra
2023-03-07,0.0,0.0,0.0,0.0,0.0,0,Sindhudurg,Maharashtra
2023-03-08,0.0,0.0,0.0,0.0,0.0,0,Sindhudurg,Maharashtra
2023-03-09,0.0,0.0,0.0,0.0,0.0,0,Sindhudurg,Maharashtra
2023-03-10,0.0,0.0,0.0,0.0,0.0,0,Sindhudurg,Maharashtra
2023-03-11,0.0,0.0,0.0,0.0,0.0,0,Sindhudurg,Maharashtra
2023-03-12,0.0,0.0,0.0,0.0,0.0,0,Sindhudurg,Maharashtra
2023-03-13,0.0,0.0,0.0,0.0,0.0,0,Sindhudurg,Maharashtra
2023-03-14,0.03,0.03000000000005329,0.03000000000000022,0.03,0.03,0,Sindhudurg,Maharashtra
2023-03-15,0.19,0.2200000000000533,0.22000000000000022,0.22,0.19,0,Sindhudurg,Maharashtra
2023-03-16,0.49,0.7100000000000533,0.7100000000000002,0.71,0.49,0,Sindhudurg,Maharashtra
2023-03-17,0.05,0.7300000000000533,0.7600000000000002,0.76,0.49,0,Sindhudurg,Maharashtra
2023-03-18,0.01,0.5500000000000533,0.7700000000000002,0.77,0.49,0,Sindhudurg,Maharashtra
2023-03-19,0.0,0.060000000000053295,0.7700000000000002,0.77,0.05,0,Sindhudurg,Maharashtra
2023-03-20,0.0,0.010000000000053291,0.7700000000000002,0.77,0.01,0,Sindhudurg,Maharashtra
2023-03-21,0.0,0.0,0.7400000000000002,0.77,0.0,0,Sindhudurg,Maharashtra
2023-03-22,0.0,0.0,0.5500000000000003,0.77,0.0,0,Sindhudurg,Maharashtra
2023-03-23,0.0,0.0,0.06000000000000023,0.77,0.0,0,Sindhudurg,Maharashtra
2023-03-24,0.0,0.0,0.010000000000000222,0.77,0.0,0,Sindhudurg,Maharashtra
2023-03-25,0.0,0.0,0.0,0.77,0.0,0,Sindhudurg,Maharashtra
2023-03-26,0.0,0.0,0.0,0.77,0.0,0,Sindhudurg,Maharashtra
2023-03-27,0.0,0.0,0.0,0.77,0.0,0,Sindhudurg,Maharashtra
2023-03-28,0.0,0.0,0.0,0.77,0.0,0,Sindhudurg,Maharashtra
2023-03-29,0.0,0.0,0.0,0.74,0.0,0,Sindhudurg,Maharashtra
2023-03-30,0.0,0.0,0.0,0.55,0.0,0,Sindhudurg,Maharashtra
2023-03-31,0.0,0.0,0.0,0.060000000000000005,0.0,0,Sindhudurg,Maharashtra
2023-04-01,0.0,0.0,0.0,0.01,0.0,0,Sindhudurg,Maharashtra
2023-04-02,0.0,0.0,0.0,0.0,0.0,0,Sindhudurg,Maharashtra
2023-04-03,0.0,0.0,0.0,0.0,0.0,0,Sindhudurg,Maharashtra
2023-04-04,0.02,0.02000000000005329,0.020000000000000222,0.02,0.02,0,Sindhudurg,Maharashtra
2023-04-05,0.05,0.0700000000000533,0.07000000000000023,0.07,0.05,0,Sindhudurg,Maharashtra
2023-04-06,0.04,0.1100000000000533,0.11000000000000024,0.11000000000000001,0.05,0,Sindhudurg,Maharashtra
2023-04-07,1.65,1.7400000000000533,1.7600000000000002,1.76,1.65,0,Sindhudurg,Maharashtra
2023-04-08,1.37,3.0600000000000533,3.1300000000000003,3.13,1.65,0,Sindhudurg,Maharashtra
2023-04-09,0.11,3.130000000000053,3.24,3.24,1.65,0,Sindhudurg,Maharashtra
2023-04-10,0.34,1.8200000000000534,3.5800000000000005,3.58,1.37,0,Sindhudurg,Maharashtra
2023-04-11,0.09,0.5400000000000533,3.6500000000000004,3.67,0.34,0,Sindhudurg,Maharashtra
2023-04-12,0.0,0.43000000000005334,3.6000000000000005,3.67,0.34,0,Sindhudurg,Maharashtra
2023-04-13,0.13,0.2200000000000533,3.6900000000000004,3.8000000000000003,0.13,0,Sindhudurg,Maharashtra
2023-04-14,2.26,2.390000000000053,4.3,6.0600000000000005,2.26,0,Sindhudurg,Maharashtra
2023-04-15,2.59,4.980000000000053,5.52,8.65,2.59,0,Sindhudurg,Maharashtra
2023-04-16,0.25,5.100000000000053,5.66,8.9,2.59,0,Sindhudurg,Maharashtra
2023-04-17,0.19,3.030000000000053,5.51,9.09,2.59,0,Sindhudurg,Maharashtra
2023-04-18,0.07,0.5100000000000533,5.489999999999999,9.16,0.25,0,Sindhudurg,Maharashtra
2023-04-19,0.29,0.5500000000000533,5.779999999999999,9.43,0.29,0,Sindhudurg,Maharashtra
2023-04-20,0.87,1.2300000000000533,6.52,10.25,0.87,0,Sindhudurg,Maharashtra
2023-04-21,0.0,1.1600000000000532,4.26,10.21,0.87,0,Sindhudurg,Maharashtra
2023-04-22,0.0,0.8700000000000533,1.67,8.56,0.87,0,Sindhudurg,Maharashtra
2023-04-23,0.0,0.0,1.42,7.1899999999999995,0.0,0,Sindhudurg,Maharashtra
2023-04-24,0.0,0.0,1.23,7.08,0.0,0,Sindhudurg,Maharashtra
2023-04-25,0.0,0.0,1.16,6.74,0.0,0,Sindhudurg,Maharashtra
2023-04-26,0.01,0.010000000000053291,0.8799999999999999,6.66,0.01,0,Sindhudurg,Maharashtra
2023-04-27,0.1,0.11000000000005329,0.11,6.76,0.1,0,Sindhudurg,Maharashtra
2023-04-28,0.18,0.29000000000005327,0.29,6.81,0.18,0,Sindhudurg,Maharashtra
2023-04-29,0.12,0.40000000000005326,0.41,4.669999999999999,0.18,0,Sindhudurg,Maharashtra
2023-04-30,0.0,0.3000000000000533,0.41,2.08,0.18,0,Sindhudurg,Maharashtra
2023-05-01,0.0,0.12000000000005329,0.41,1.8299999999999998,0.12,0,Sindhudurg,Maharashtra
2023-05-02,0.0,0.0,0.41,1.64,0.0,0,Sindhudurg,Maharashtra
2023-05-03,0.0,0.0,0.39999999999999997,1.5699999999999998,0.0,0,Sindhudurg,Maharashtra
2023-05-04,0.0,0.0,0.3,1.2799999999999998,0.0,0,Sindhudurg,Maharashtra
2023-05-05,0.0,0.0,0.12,0.41,0.0,0,Sindhudurg,Maharashtra
2023-05-06,0.0,0.0,0.0,0.41,0.0,0,Sindhudurg,Maharashtra
2023-05-07,0.59,0.5900000000000533,0.59,1.0,0.59,0,Sindhudurg,Maharashtra
2023-05-08,6.92,7.510000000000053,7.51,7.92,6.92,0,Sindhudurg,Maharashtra
2023-05-09,3.44,10.950000000000053,10.95,11.36,6.92,0,Sindhudurg,Maharashtra
2023-05-10,1.29,11.650000000000054,12.24,12.65,6.92,0,Sindhudurg,Maharashtra
2023-05-11,0.23,4.960000000000053,12.47,12.870000000000001,3.44,0,Sindhudurg,Maharashtra
2023-05-12,0.26,1.7800000000000533,12.73,13.030000000000001,1.29,0,Sindhudurg,Maharashtra
2023-05-13,0.24,0.7300000000000533,12.969999999999999,13.09,0.26,0,Sindhudurg,Maharashtra
2023-05-14,0.03,0.5300000000000533,12.41,13.0,0.26,0,Sindhudurg,Maharashtra
2023-05-15,0.01,0.28000000000005326,5.5,13.01,0.24,0,Sindhudurg,Maharashtra
2023-05-16,0.0,0.04000000000005329,2.06,13.01,0.03,0,Sindhudurg,Maharashtra
2023-05-17,0.0,0.010000000000053291,0.77,13.01,0.01,0,Sindhudurg,Maharashtra
2023-05-18,0.0,0.0,0.54,13.01,0.0,0,Sindhudurg,Maharashtra
2023-05-19,0.0,0.0,0.27999999999999997,13.01,0.0,0,Sindhudurg,Maharashtra
2023-05-20,0.0,0.0,0.04,13.01,0.0,0,Sindhudurg,Maharashtra
2023-05-21,0.17,0.1700000000000533,0.18000000000000002,13.18,0.17,0,Sindhudurg,Maharashtra
2023-05-22,6.07,6.2400000000000535,6.24,18.66,6.07,0,Sindhudurg,Maharashtra
2023-05-23,3.77,10.010000000000053,10.01,15.51,6.07,0,Sindhudurg,Maharashtra
2023-05-24,0.07,9.910000000000053,10.08,12.14,6.07,0,Sindhudurg,Maharashtra
2023-05-25,0.12,3.9600000000000533,10.200000000000001,10.97,3.77,0,Sindhudurg,Maharashtra
2023-05-26,0.16,0.35000000000005327,10.36,10.899999999999999,0.16,0,Sindhudurg,Maharashtra
2023-05-27,0.05,0.3300000000000533,10.41,10.69,0.16,0,Sindhudurg,Maharashtra
2023-05-28,0.52,0.7300000000000533,10.76,10.969999999999999,0.52,0,Sindhudurg,Maharashtra
2023-05-29,0.59,1.1600000000000532,5.28,11.53,0.59,0,Sindhudurg,Maharashtra
2023-05-30,0.49,1.6000000000000532,2.0,12.01,0.59,0,Sindhudurg,Maharashtra
2023-05-31,1.69,2.7700000000000533,3.62,13.7,1.69,0,Sindhudurg,Maharashtra
2023-06-01,3.82,6.000000000000053,7.319999999999999,17.52,3.82,1,Sindhudurg,Maharashtra
2023-06-02,0.88,6.390000000000053,8.04,18.4,3.82,1,Sindhudurg,Maharashtra
2023-06-03,0.2,4.900000000000053,8.19,18.6,3.82,1,Sindhudurg,Maharashtra
2023-06-04,1.71,2.7900000000000533,9.379999999999999,20.31,1.71,1,Sindhudurg,Maharashtra
2023-06-05,2.84,4.750000000000053,11.629999999999999,22.979999999999997,2.84,1,Sindhudurg,Maharashtra
2023-06-06,0.01,4.560000000000053,11.15,16.919999999999998,2.84,1,Sindhudurg,Maharashtra
2023-06-07,0.03,2.880000000000053,9.49,13.18,2.84,1,Sindhudurg,Maharashtra
2023-06-08,0.21,0.2500000000000533,5.88,13.32,0.21,1,Sindhudurg,Maharashtra
2023-06-09,0.43,0.6700000000000532,5.43,13.629999999999999,0.43,1,Sindhudurg,Maharashtra
2023-06-10,9.72,10.360000000000054,14.95,23.19,9.72,1,Sindhudurg,Maharashtra
2023-06-11,5.06,15.210000000000054,18.3,28.2,9.72,1,Sindhudurg,Maharashtra
2023-06-12,6.83,21.610000000000053,22.29,34.51,9.72,1,Sindhudurg,Maharashtra
2023-06-13,2.82,14.710000000000052,25.1,36.739999999999995,6.83,1,Sindhudurg,Maharashtra
2023-06-14,5.22,14.870000000000053,30.29,41.47,6.83,1,Sindhudurg,Maharashtra
2023-06-15,1.05,9.090000000000053,31.13,40.83,5.22,1,Sindhudurg,Maharashtra
2023-06-16,1.88,8.150000000000054,32.58,38.89,5.22,1,Sindhudurg,Maharashtra
2023-06-17,2.77,5.7000000000000535,25.630000000000003,40.78,2.77,1,Sindhudurg,Maharashtra
2023-06-18,1.2,5.850000000000054,21.77,41.78,2.77,1,Sindhudurg,Maharashtra
2023-06-19,0.37,4.340000000000054,15.31,40.44,2.77,1,Sindhudurg,Maharashtra
2023-06-20,0.39,1.9600000000000533,12.88,37.99,1.2,1,Sindhudurg,Maharashtra
2023-06-21,1.56,2.3200000000000536,9.22,39.540000000000006,1.56,1,Sindhudurg,Maharashtra
2023-06-22,5.33,7.2800000000000535,13.5,44.84,5.33,1,Sindhudurg,Maharashtra
2023-06-23,5.39,12.280000000000054,17.01,50.02,5.39,1,Sindhudurg,Maharashtra
2023-06-24,32.0,42.720000000000056,46.24,81.59,32.0,1,Sindhudurg,Maharashtra
2023-06-25,15.91,53.300000000000054,60.95,87.78,32.0,1,Sindhudurg,Maharashtra
2023-06-26,24.44,72.35000000000005,85.02000000000001,107.16,32.0,1,Sindhudurg,Maharashtra
2023-06-27,46.74,87.09000000000006,131.37,147.07,46.74,1,Sindhudurg,Maharashtra
2023-06-28,31.68,102.86000000000007,161.49,175.93,46.74,1,Sindhudurg,Maharashtra
2023-06-29,37.8,116.22000000000006,193.96,208.51000000000002,46.74,1,Sindhudurg,Maharashtra
2023-06-30,38.73,108.21000000000005,227.3,246.19,38.73,1,Sindhudurg,Maharashtra
2023-07-01,34.27,110.80000000000007,229.57,278.58,38.73,1,Sindhudurg,Maharashtra
2023-07-02,27.92,100.92000000000004,241.58,303.73,38.73,1,Sindhudurg,Maharashtra
2023-07-03,31.13,93.32000000000006,248.27,333.65999999999997,34.27,1,Sindhudurg,Maharashtra
2023-07-04,22.77,81.82000000000005,224.3,356.05999999999995,31.13,1,Sindhudurg,Maharashtra
2023-07-05,38.95,92.85000000000005,231.57,394.62,38.95,1,Sindhudurg,Maharashtra
2023-07-06,64.97,126.69000000000005,258.74,458.03,64.97,1,Sindhudurg,Maharashtra
2023-07-07,53.28,157.20000000000005,273.28999999999996,505.98,64.97,1,Sindhudurg,Maharashtra
2023-07-08,23.31,141.56000000000006,262.33,523.9,64.97,1,Sindhudurg,Maharashtra
2023-07-09,8.43,85.02000000000005,242.84,500.33000000000004,53.28,1,Sindhudurg,Maharashtra
2023-07-10,6.12,37.860000000000056,217.82999999999998,490.53999999999996,23.31,1,Sindhudurg,Maharashtra
2023-07-11,2.69,17.240000000000055,197.75000000000003,468.79,8.43,1,Sindhudurg,Maharashtra
2023-07-12,5.74,14.550000000000058,164.54,427.78999999999996,6.12,1,Sindhudurg,Maharashtra
2023-07-13,34.75,43.18000000000006,134.32,430.85999999999996,34.75,1,Sindhudurg,Maharashtra
2023-07-14,39.6,80.09000000000006,120.64,432.66,39.6,1,Sindhudurg,Maharashtra
2023-07-15,7.04,81.39000000000006,104.37,400.97,39.6,1,Sindhudurg,Maharashtra
2023-07-16,7.28,53.92000000000006,103.22,373.98,39.6,1,Sindhudurg,Maharashtra
2023-07-17,18.55,32.87000000000006,115.65,364.61,18.55,1,Sindhudurg,Maharashtra
2023-07-18,57.83,83.66000000000005,170.79000000000002,391.31,57.83,1,Sindhudurg,Maharashtra
2023-07-19,66.63,143.01000000000005,231.68,435.16999999999996,66.63,1,Sindhudurg,Maharashtra
2023-07-20,60.56,185.02000000000004,257.49,456.78,66.63,1,Sindhudurg,Maharashtra
2023-07-21,70.45,197.64000000000004,288.34000000000003,462.26,70.45,1,Sindhudurg,Maharashtra
2023-07-22,66.93,197.94000000000005,348.23,475.90999999999997,70.45,1,Sindhudurg,Maharashtra
2023-07-23,77.03,214.41000000000008,417.98,529.63,77.03,1,Sindhudurg,Maharashtra
2023-07-24,56.97,200.93000000000006,456.4,578.1700000000001,77.03,1,Sindhudurg,Maharashtra
2023-07-25,39.86,173.86000000000007,438.43,611.9100000000001,77.03,1,Sindhudurg,Maharashtra
2023-07-26,103.69,200.52000000000004,475.49,712.91,103.69,1,Sindhudurg,Maharashtra
2023-07-27,68.57,212.12000000000006,483.5,775.74,103.69,1,Sindhudurg,Maharashtra
2023-07-28,23.45,195.71000000000004,436.49999999999994,764.4399999999999,103.69,1,Sindhudurg,Maharashtra
2023-07-29,9.78,101.80000000000005,379.34999999999997,734.6199999999999,68.57,1,Sindhudurg,Maharashtra
2023-07-30,11.02,44.25000000000006,313.34,738.6,23.45,1,Sindhudurg,Maharashtra
2023-07-31,18.9,39.70000000000006,275.27000000000004,750.22,18.9,1,Sindhudurg,Maharashtra
2023-08-01,15.29,45.21000000000005,250.7,746.96,18.9,1,Sindhudurg,Maharashtra
2023-08-02,5.02,39.21000000000006,152.03,694.15,18.9,1,Sindhudurg,Maharashtra
2023-08-03,7.64,27.95000000000006,91.1,635.16,15.29,1,Sindhudurg,Maharashtra
2023-08-04,10.68,23.34000000000006,78.33,585.28,10.68,1,Sindhudurg,Maharashtra
2023-08-05,6.35,24.67000000000006,74.89999999999999,521.1800000000001,10.68,1,Sindhudurg,Maharashtra
2023-08-06,8.04,25.070000000000057,71.92,462.28999999999996,10.68,1,Sindhudurg,Maharashtra
2023-08-07,4.5,18.890000000000057,57.519999999999996,389.76,8.04,1,Sindhudurg,Maharashtra
2023-08-08,6.22,18.76000000000006,48.449999999999996,339.00999999999993,8.04,1,Sindhudurg,Maharashtra
2023-08-09,7.75,18.47000000000006,51.17999999999999,306.9,7.75,1,Sindhudurg,Maharashtra
2023-08-10,1.07,15.04000000000006,44.61,204.28,7.75,1,Sindhudurg,Maharashtra
2023-08-11,0.4,9.220000000000061,34.33,136.10999999999999,7.75,1,Sindhudurg,Maharashtra
2023-08-12,1.4,2.8700000000000605,29.380000000000003,114.05999999999999,1.4,1,Sindhudurg,Maharashtra
2023-08-13,2.75,4.55000000000006,24.090000000000003,107.02999999999999,2.75,1,Sindhudurg,Maharashtra
2023-08-14,1.03,5.18000000000006,20.62,97.03999999999999,2.75,1,Sindhudurg,Maharashtra
2023-08-15,0.73,4.51000000000006,15.129999999999999,78.86999999999999,2.75,1,Sindhudurg,Maharashtra
2023-08-16,4.31,6.07000000000006,11.69,67.89,4.31,1,Sindhudurg,Maharashtra
2023-08-17,5.08,10.12000000000006,15.7,67.95,5.08,1,Sindhudurg,Maharashtra
2023-08-18,3.62,13.010000000000058,18.919999999999998,63.93,5.08,1,Sindhudurg,Maharashtra
2023-08-19,5.22,13.92000000000006,22.740000000000002,58.47,5.22,1,Sindhudurg,Maharashtra
2023-08-20,4.3,13.140000000000061,24.29,56.42,5.22,1,Sindhudurg,Maharashtra
2023-08-21,1.32,10.840000000000058,24.58,49.7,5.22,1,Sindhudurg,Maharashtra
2023-08-22,0.23,5.85000000000006,24.08,45.43,4.3,1,Sindhudurg,Maharashtra
2023-08-23,1.29,2.8400000000000603,21.06,40.5,1.32,1,Sindhudurg,Maharashtra
2023-08-24,12.03,13.55000000000006,28.009999999999998,44.78,12.03,1,Sindhudurg,Maharashtra
2023-08-25,19.6,32.92000000000006,43.989999999999995,63.31,19.6,1,Sindhudurg,Maharashtra
2023-08-26,5.74,37.37000000000006,44.51,68.64999999999999,19.6,1,Sindhudurg,Maharashtra
2023-08-27,2.18,27.52000000000006,42.39,69.43,19.6,1,Sindhudurg,Maharashtra
2023-08-28,9.84,17.760000000000055,50.910000000000004,76.52000000000001,9.84,1,Sindhudurg,Maharashtra
2023-08-29,8.76,20.780000000000058,59.44,84.25,9.84,1,Sindhudurg,Maharashtra
2023-08-30,1.75,20.35000000000006,59.9,85.27,9.84,1,Sindhudurg,Maharashtra
2023-08-31,1.69,12.200000000000056,49.559999999999995,82.64999999999999,8.76,1,Sindhudurg,Maharashtra
2023-09-01,4.33,7.770000000000056,34.28999999999999,81.9,4.33,1,Sindhudurg,Maharashtra
2023-09-02,6.72,12.740000000000055,35.269999999999996,85.0,6.72,1,Sindhudurg,Maharashtra
2023-09-03,4.91,15.960000000000058,37.99999999999999,84.69,6.72,1,Sindhudurg,Maharashtra
2023-09-04,2.31,13.940000000000056,30.47,82.7,6.72,1,Sindhudurg,Maharashtra
2023-09-05,1.16,8.380000000000058,22.869999999999997,82.54,4.91,1,Sindhudurg,Maharashtra
2023-09-06,0.14,3.6100000000000567,21.259999999999994,82.45,2.31,1,Sindhudurg,Maharashtra
2023-09-07,6.72,8.020000000000056,26.289999999999996,87.88,6.72,1,Sindhudurg,Maharashtra
2023-09-08,23.95,30.810000000000056,45.91,99.8,23.95,1,Sindhudurg,Maharashtra
2023-09-09,38.92,69.59000000000006,78.11,119.12,38.92,1,Sindhudurg,Maharashtra
2023-09-10,7.72,70.59000000000006,80.92,121.10000000000001,38.92,1,Sindhudurg,Maharashtra
2023-09-11,4.62,51.26000000000006,83.23,123.54,38.92,1,Sindhudurg,Maharashtra
2023-09-12,2.21,14.550000000000058,84.28,115.91,7.72,1,Sindhudurg,Maharashtra
2023-09-13,2.04,8.870000000000058,86.18,109.19000000000001,4.62,1,Sindhudurg,Maharashtra
2023-09-14,1.17,5.420000000000057,80.63000000000001,108.61000000000001,2.21,1,Sindhudurg,Maharashtra
2023-09-15,2.23,5.440000000000056,58.910000000000004,109.15,2.23,1,Sindhudurg,Maharashtra
2023-09-16,5.13,8.530000000000058,25.119999999999997,109.95,5.13,1,Sindhudurg,Maharashtra
2023-09-17,4.96,12.320000000000057,22.36,108.19,5.13,1,Sindhudurg,Maharashtra
2023-09-18,12.46,22.550000000000058,30.2,115.74000000000001,12.46,1,Sindhudurg,Maharashtra
2023-09-19,14.49,31.91000000000006,42.48,127.92,14.49,1,Sindhudurg,Maharashtra
2023-09-20,19.63,46.580000000000055,60.07,146.39,19.63,1,Sindhudurg,Maharashtra
2023-09-21,27.47,61.59000000000005,86.37,173.72000000000003,27.47,1,Sindhudurg,Maharashtra
2023-09-22,11.68,58.78000000000005,95.82,178.68,27.47,1,Sindhudurg,Maharashtra
2023-09-23,6.61,45.760000000000055,97.3,161.34,27.47,1,Sindhudurg,Maharashtra
2023-09-24,7.79,26.080000000000055,100.13000000000001,130.21,11.68,1,Sindhudurg,Maharashtra
2023-09-25,12.07,26.470000000000056,99.74,134.56,12.07,1,Sindhudurg,Maharashtra
2023-09-26,18.65,38.510000000000055,103.9,148.58999999999997,18.65,1,Sindhudurg,Maharashtra
2023-09-27,20.81,51.53000000000006,105.08,167.18999999999997,20.81,1,Sindhudurg,Maharashtra
2023-09-28,19.9,59.360000000000056,97.50999999999999,185.04999999999998,20.81,1,Sindhudurg,Maharashtra
2023-09-29,39.62,80.33000000000004,125.44999999999999,223.5,39.62,1,Sindhudurg,Maharashtra
2023-09-30,41.43,100.95000000000005,160.26999999999998,262.7,41.43,1,Sindhudurg,Maharashtra
2023-10-01,50.08,131.13000000000005,202.56,307.65,50.08,0,Sindhudurg,Maharashtra
2023-10-02,2.75,94.26000000000005,193.23999999999998,305.44,50.08,0,Sindhudurg,Maharashtra
2023-10-03,0.07,52.90000000000005,174.66,293.04999999999995,50.08,0,Sindhudurg,Maharashtra
2023-10-04,4.73,7.5500000000000504,158.57999999999998,283.29,4.73,0,Sindhudurg,Maharashtra
2023-10-05,1.48,6.280000000000051,140.16,265.14,4.73,0,Sindhudurg,Maharashtra
2023-10-06,0.08,6.29000000000005,100.62,237.75,4.73,0,Sindhudurg,Maharashtra
2023-10-07,0.03,1.5900000000000498,59.22,226.1,1.48,0,Sindhudurg,Maharashtra
2023-10-08,0.02,0.13000000000004974,9.16,219.51,0.08,0,Sindhudurg,Maharashtra
2023-10-09,0.03,0.08000000000004974,6.44,211.74999999999997,0.03,0,Sindhudurg,Maharashtra
2023-10-10,0.01,0.060000000000049736,6.380000000000001,199.69,0.03,0,Sindhudurg,Maharashtra
2023-10-11,0.0,0.04000000000004973,1.65,181.04000000000002,0.03,0,Sindhudurg,Maharashtra
2023-10-12,0.01,0.02000000000004974,0.18,160.24,0.01,0,Sindhudurg,Maharashtra
2023-10-13,0.79,0.8000000000000498,0.89,141.13,0.79,0,Sindhudurg,Maharashtra
2023-10-14,0.11,0.9100000000000498,0.97,101.62,0.79,0,Sindhudurg,Maharashtra
2023-10-15,0.18,1.0800000000000498,1.13,60.37,0.79,0,Sindhudurg,Maharashtra
2023-10-16,0.79,1.0800000000000498,1.89,11.08,0.79,0,Sindhudurg,Maharashtra
2023-10-17,0.34,1.3100000000000498,2.2199999999999998,8.67,0.79,0,Sindhudurg,Maharashtra
2023-10-18,0.09,1.22000000000005,2.31,8.690000000000001,0.79,0,Sindhudurg,Maharashtra
2023-10-19,0.02,0.45000000000004986,2.3200000000000003,3.98,0.34,0,Sindhudurg,Maharashtra
2023-10-20,0.03,0.14000000000004983,1.56,2.5300000000000002,0.09,0,Sindhudurg,Maharashtra
2023-10-21,0.01,0.06000000000004985,1.46,2.46,0.03,0,Sindhudurg,Maharashtra
2023-10-22,0.02,0.06000000000004985,1.3,2.45,0.03,0,Sindhudurg,Maharashtra
2023-10-23,0.0,0.03000000000004985,0.51,2.43,0.02,0,Sindhudurg,Maharashtra
2023-10-24,0.0,0.020000000000049853,0.16999999999999998,2.4,0.02,0,Sindhudurg,Maharashtra
2023-10-25,0.0,0.0,0.08,2.39,0.0,0,Sindhudurg,Maharashtra
2023-10-26,0.0,0.0,0.06,2.39,0.0,0,Sindhudurg,Maharashtra
2023-10-27,0.0,0.0,0.030000000000000002,2.38,0.0,0,Sindhudurg,Maharashtra
2023-10-28,0.0,0.0,0.020000000000000004,1.5899999999999999,0.0,0,Sindhudurg,Maharashtra
2023-10-29,0.0,0.0,0.0,1.48,0.0,0,Sindhudurg,Maharashtra
2023-10-30,0.56,0.5600000000000499,0.56,1.86,0.56,0,Sindhudurg,Maharashtra
2023-10-31,1.96,2.5200000000000498,2.52,3.0300000000000002,1.96,0,Sindhudurg,Maharashtra
2023-11-01,0.12,2.64000000000005,2.64,2.81,1.96,0,Sindhudurg,Maharashtra
2023-11-02,0.01,2.0900000000000496,2.65,2.73,1.96,0,Sindhudurg,Maharashtra
2023-11-03,0.02,0.15000000000004973,2.67,2.73,0.12,0,Sindhudurg,Maharashtra
2023-11-04,0.09,0.12000000000004973,2.76,2.79,0.09,0,Sindhudurg,Maharashtra
2023-11-05,0.13,0.24000000000004973,2.89,2.9099999999999997,0.13,0,Sindhudurg,Maharashtra
2023-11-06,0.03,0.25000000000004974,2.36,2.92,0.13,0,Sindhudurg,Maharashtra
2023-11-07,10.87,11.030000000000049,11.27,13.79,10.87,0,Sindhudurg,Maharashtra
2023-11-08,11.38,22.28000000000005,22.53,25.17,11.38,0,Sindhudurg,Maharashtra
2023-11-09,2.27,24.520000000000053,24.79,27.44,11.38,0,Sindhudurg,Maharashtra
2023-11-10,1.44,15.09000000000005,26.21,28.88,11.38,0,Sindhudurg,Maharashtra
2023-11-11,0.7,4.41000000000005,26.82,29.58,2.27,0,Sindhudurg,Maharashtra
2023-11-12,0.0,2.1400000000000494,26.69,29.58,1.44,0,Sindhudurg,Maharashtra
2023-11-13,0.0,0.7000000000000497,26.66,29.58,0.7,0,Sindhudurg,Maharashtra
2023-11-14,0.0,0.0,15.790000000000001,29.02,0.0,0,Sindhudurg,Maharashtra
2023-11-15,0.0,0.0,4.41,27.06,0.0,0,Sindhudurg,Maharashtra
2023-11-16,0.0,0.0,2.1399999999999997,26.939999999999998,0.0,0,Sindhudurg,Maharashtra
2023-11-17,0.0,0.0,0.7,26.93,0.0,0,Sindhudurg,Maharashtra
2023-11-18,0.0,0.0,0.0,26.91,0.0,0,Sindhudurg,Maharashtra
2023-11-19,0.0,0.0,0.0,26.82,0.0,0,Sindhudurg,Maharashtra
2023-11-20,0.0,0.0,0.0,26.689999999999998,0.0,0,Sindhudurg,Maharashtra
2023-11-21,0.0,0.0,0.0,26.66,0.0,0,Sindhudurg,Maharashtra
2023-11-22,0.0,0.0,0.0,15.790000000000001,0.0,0,Sindhudurg,Maharashtra
2023-11-23,0.01,0.010000000000049738,0.01,4.42,0.01,0,Sindhudurg,Maharashtra
2023-11-24,0.38,0.39000000000004975,0.39,2.53,0.38,0,Sindhudurg,Maharashtra
2023-11-25,1.96,2.35000000000005,2.35,3.05,1.96,0,Sindhudurg,Maharashtra
2023-11-26,1.63,3.97000000000005,3.98,3.9799999999999995,1.96,0,Sindhudurg,Maharashtra
2023-11-27,0.68,4.270000000000049,4.66,4.659999999999999,1.96,0,Sindhudurg,Maharashtra
2023-11-28,1.33,3.64000000000005,5.99,5.99,1.63,0,Sindhudurg,Maharashtra
2023-11-29,1.6,3.61000000000005,7.59,7.59,1.6,0,Sindhudurg,Maharashtra
2023-11-30,2.21,5.14000000000005,9.790000000000001,9.8,2.21,0,Sindhudurg,Maharashtra
2023-12-01,0.52,4.33000000000005,9.93,10.32,2.21,0,Sindhudurg,Maharashtra
2023-12-02,0.03,2.7600000000000495,8.0,10.35,2.21,0,Sindhudurg,Maharashtra
2023-12-03,0.0,0.5500000000000498,6.37,10.35,0.52,0,Sindhudurg,Maharashtra
2023-12-04,0.0,0.030000000000049737,5.69,10.35,0.03,0,Sindhudurg,Maharashtra
2023-12-05,0.0,0.0,4.36,10.35,0.0,0,Sindhudurg,Maharashtra
2023-12-06,0.0,0.0,2.76,10.35,0.0,0,Sindhudurg,Maharashtra
2023-12-07,0.0,0.0,0.55,10.35,0.0,0,Sindhudurg,Maharashtra
2023-12-08,0.0,0.0,0.03,10.34,0.0,0,Sindhudurg,Maharashtra
2023-12-09,0.0,0.0,0.0,9.959999999999999,0.0,0,Sindhudurg,Maharashtra
2023-12-10,0.0,0.0,0.0,8.0,0.0,0,Sindhudurg,Maharashtra
2023-12-11,0.0,0.0,0.0,6.37,0.0,0,Sindhudurg,Maharashtra
2023-12-12,0.0,0.0,0.0,5.69,0.0,0,Sindhudurg,Maharashtra
2023-12-13,0.0,0.0,0.0,4.359999999999999,0.0,0,Sindhudurg,Maharashtra
2023-12-14,0.0,0.0,0.0,2.76,0.0,0,Sindhudurg,Maharashtra
2023-12-15,0.0,0.0,0.0,0.55,0.0,0,Sindhudurg,Maharashtra
2023-12-16,0.0,0.0,0.0,0.03,0.0,0,Sindhudurg,Maharashtra
2023-12-17,0.0,0.0,0.0,0.0,0.0,0,Sindhudurg,Maharashtra
2023-12-18,0.0,0.0,0.0,0.0,0.0,0,Sindhudurg,Maharashtra
2023-12-19,0.0,0.0,0.0,0.0,0.0,0,Sindhudurg,Maharashtra
2023-12-20,0.0,0.0,0.0,0.0,0.0,0,Sindhudurg,Maharashtra
2023-12-21,0.0,0.0,0.0,0.0,0.0,0,Sindhudurg,Maharashtra
2023-12-22,0.0,0.0,0.0,0.0,0.0,0,Sindhudurg,Maharashtra
2023-12-23,0.0,0.0,0.0,0.0,0.0,0,Sindhudurg,Maharashtra
2023-12-24,0.0,0.0,0.0,0.0,0.0,0,Sindhudurg,Maharashtra
2023-12-25,0.0,0.0,0.0,0.0,0.0,0,Sindhudurg,Maharashtra
2023-12-26,0.0,0.0,0.0,0.0,0.0,0,Sindhudurg,Maharashtra
2023-12-27,0.0,0.0,0.0,0.0,0.0,0,Sindhudurg,Maharashtra
2023-12-28,0.0,0.0,0.0,0.0,0.0,0,Sindhudurg,Maharashtra
2023-12-29,0.0,0.0,0.0,0.0,0.0,0,Sindhudurg,Maharashtra
2023-12-30,0.0,0.0,0.0,0.0,0.0,0,Sindhudurg,Maharashtra
2023-12-31,0.0,0.0,0.0,0.0,0.0,0,Sindhudurg,Maharashtra
2024-01-01,0.0,0.0,0.0,0.0,0.0,0,Sindhudurg,Maharashtra
2024-01-02,0.0,0.0,0.0,0.0,0.0,0,Sindhudurg,Maharashtra
2024-01-03,0.01,0.010000000000049738,0.01,0.01,0.01,0,Sindhudurg,Maharashtra
2024-01-04,0.07,0.08000000000004974,0.08,0.08,0.07,0,Sindhudurg,Maharashtra
2024-01-05,0.07,0.15000000000004976,0.15000000000000002,0.15000000000000002,0.07,0,Sindhudurg,Maharashtra
2024-01-06,0.09,0.23000000000004972,0.24,0.24,0.09,0,Sindhudurg,Maharashtra
2024-01-07,0.16,0.32000000000004974,0.4,0.4,0.16,0,Sindhudurg,Maharashtra
2024-01-08,2.43,2.68000000000005,2.83,2.83,2.43,0,Sindhudurg,Maharashtra
2024-01-09,2.14,4.73000000000005,4.970000000000001,4.970000000000001,2.43,0,Sindhudurg,Maharashtra
2024-01-10,0.16,4.73000000000005,5.12,5.13,2.43,0,Sindhudurg,Maharashtra
2024-01-11,0.11,2.41000000000005,5.16,5.24,2.14,0,Sindhudurg,Maharashtra
2024-01-12,0.0,0.27000000000004976,5.09,5.24,0.16,0,Sindhudurg,Maharashtra
2024-01-13,0.0,0.11000000000004974,5.0,5.24,0.11,0,Sindhudurg,Maharashtra
2024-01-14,0.0,0.0,4.84,5.24,0.0,0,Sindhudurg,Maharashtra
2024-01-15,0.0,0.0,2.41,5.24,0.0,0,Sindhudurg,Maharashtra
2024-01-16,0.0,0.0,0.27,5.24,0.0,0,Sindhudurg,Maharashtra
2024-01-17,0.0,0.0,0.11,5.24,0.0,0,Sindhudurg,Maharashtra
2024-01-18,0.0,0.0,0.0,5.23,0.0,0,Sindhudurg,Maharashtra
2024-01-19,0.0,0.0,0.0,5.16,0.0,0,Sindhudurg,Maharashtra
2024-01-20,0.0,0.0,0.0,5.09,0.0,0,Sindhudurg,Maharashtra
2024-01-21,0.0,0.0,0.0,5.0,0.0,0,Sindhudurg,Maharashtra
2024-01-22,0.0,0.0,0.0,4.84,0.0,0,Sindhudurg,Maharashtra
2024-01-23,0.0,0.0,0.0,2.41,0.0,0,Sindhudurg,Maharashtra
2024-01-24,0.0,0.0,0.0,0.27,0.0,0,Sindhudurg,Maharashtra
2024-01-25,0.0,0.0,0.0,0.11,0.0,0,Sindhudurg,Maharashtra
2024-01-26,0.0,0.0,0.0,0.0,0.0,0,Sindhudurg,Maharashtra
2024-01-27,0.0,0.0,0.0,0.0,0.0,0,Sindhudurg,Maharashtra
2024-01-28,0.0,0.0,0.0,0.0,0.0,0,Sindhudurg,Maharashtra
2024-01-29,0.0,0.0,0.0,0.0,0.0,0,Sindhudurg,Maharashtra
2024-01-30,0.0,0.0,0.0,0.0,0.0,0,Sindhudurg,Maharashtra
2024-01-31,0.0,0.0,0.0,0.0,0.0,0,Sindhudurg,Maharashtra
2024-02-01,0.0,0.0,0.0,0.0,0.0,0,Sindhudurg,Maharashtra
2024-02-02,0.0,0.0,0.0,0.0,0.0,0,Sindhudurg,Maharashtra
2024-02-03,0.0,0.0,0.0,0.0,0.0,0,Sindhudurg,Maharashtra
2024-02-04,0.0,0.0,0.0,0.0,0.0,0,Sindhudurg,Maharashtra
2024-02-05,0.0,0.0,0.0,0.0,0.0,0,Sindhudurg,Maharashtra
2024-02-06,0.0,0.0,0.0,0.0,0.0,0,Sindhudurg,Maharashtra
2024-02-07,0.0,0.0,0.0,0.0,0.0,0,Sindhudurg,Maharashtra
2024-02-08,0.0,0.0,0.0,0.0,0.0,0,Sindhudurg,Maharashtra
2024-02-09,0.0,0.0,0.0,0.0,0.0,0,Sindhudurg,Maharashtra
2024-02-10,0.0,0.0,0.0,0.0,0.0,0,Sindhudurg,Maharashtra
2024-02-11,0.0,0.0,0.0,0.0,0.0,0,Sindhudurg,Maharashtra
2024-02-12,0.0,0.0,0.0,0.0,0.0,0,Sindhudurg,Maharashtra
2024-02-13,0.0,0.0,0.0,0.0,0.0,0,Sindhudurg,Maharashtra
2024-02-14,0.0,0.0,0.0,0.0,0.0,0,Sindhudurg,Maharashtra
2024-02-15,0.0,0.0,0.0,0.0,0.0,0,Sindhudurg,Maharashtra
2024-02-16,0.0,0.0,0.0,0.0,0.0,0,Sindhudurg,Maharashtra
2024-02-17,0.0,0.0,0.0,0.0,0.0,0,Sindhudurg,Maharashtra
2024-02-18,0.0,0.0,0.0,0.0,0.0,0,Sindhudurg,Maharashtra
2024-02-19,0.0,0.0,0.0,0.0,0.0,0,Sindhudurg,Maharashtra
2024-02-20,0.0,0.0,0.0,0.0,0.0,0,Sindhudurg,Maharashtra
2024-02-21,0.0,0.0,0.0,0.0,0.0,0,Sindhudurg,Maharashtra
2024-02-22,0.0,0.0,0.0,0.0,0.0,0,Sindhudurg,Maharashtra
2024-02-23,0.0,0.0,0.0,0.0,0.0,0,Sindhudurg,Maharashtra
2024-02-24,0.0,0.0,0.0,0.0,0.0,0,Sindhudurg,Maharashtra
2024-02-25,0.0,0.0,0.0,0.0,0.0,0,Sindhudurg,Maharashtra
2024-02-26,0.0,0.0,0.0,0.0,0.0,0,Sindhudurg,Maharashtra
2024-02-27,0.0,0.0,0.0,0.0,0.0,0,Sindhudurg,Maharashtra
2024-02-28,0.0,0.0,0.0,0.0,0.0,0,Sindhudurg,Maharashtra
2024-02-29,0.0,0.0,0.0,0.0,0.0,0,Sindhudurg,Maharashtra
2024-03-01,0.01,0.010000000000049738,0.01,0.01,0.01,0,Sindhudurg,Maharashtra
2024-03-02,0.0,0.010000000000049738,0.01,0.01,0.01,0,Sindhudurg,Maharashtra
2024-03-03,0.0,0.010000000000049738,0.01,0.01,0.01,0,Sindhudurg,Maharashtra
2024-03-04,0.0,0.0,0.01,0.01,0.0,0,Sindhudurg,Maharashtra
2024-03-05,0.0,0.0,0.01,0.01,0.0,0,Sindhudurg,Maharashtra
2024-03-06,0.0,0.0,0.01,0.01,0.0,0,Sindhudurg,Maharashtra
2024-03-07,0.0,0.0,0.01,0.01,0.0,0,Sindhudurg,Maharashtra
2024-03-08,0.0,0.0,0.0,0.01,0.0,0,Sindhudurg,Maharashtra
2024-03-09,0.0,0.0,0.0,0.01,0.0,0,Sindhudurg,Maharashtra
2024-03-10,0.0,0.0,0.0,0.01,0.0,0,Sindhudurg,Maharashtra
2024-03-11,0.0,0.0,0.0,0.01,0.0,0,Sindhudurg,Maharashtra
2024-03-12,0.0,0.0,0.0,0.01,0.0,0,Sindhudurg,Maharashtra
2024-03-13,0.0,0.0,0.0,0.01,0.0,0,Sindhudurg,Maharashtra
2024-03-14,0.0,0.0,0.0,0.01,0.0,0,Sindhudurg,Maharashtra
2024-03-15,0.0,0.0,0.0,0.01,0.0,0,Sindhudurg,Maharashtra
2024-03-16,0.0,0.0,0.0,0.0,0.0,0,Sindhudurg,Maharashtra
2024-03-17,0.0,0.0,0.0,0.0,0.0,0,Sindhudurg,Maharashtra
2024-03-18,0.0,0.0,0.0,0.0,0.0,0,Sindhudurg,Maharashtra
2024-03-19,0.0,0.0,0.0,0.0,0.0,0,Sindhudurg,Maharashtra
2024-03-20,0.0,0.0,0.0,0.0,0.0,0,Sindhudurg,Maharashtra
2024-03-21,0.0,0.0,0.0,0.0,0.0,0,Sindhudurg,Maharashtra
2024-03-22,0.03,0.030000000000049737,0.03,0.03,0.03,0,Sindhudurg,Maharashtra
2024-03-23,0.0,0.030000000000049737,0.03,0.03,0.03,0,Sindhudurg,Maharashtra
2024-03-24,0.0,0.030000000000049737,0.03,0.03,0.03,0,Sindhudurg,Maharashtra
2024-03-25,0.0,0.0,0.03,0.03,0.0,0,Sindhudurg,Maharashtra
2024-03-26,0.01,0.010000000000049738,0.04,0.04,0.01,0,Sindhudurg,Maharashtra
2024-03-27,0.02,0.030000000000049737,0.06,0.06,0.02,0,Sindhudurg,Maharashtra
2024-03-28,0.02,0.05000000000004974,0.08,0.08,0.02,0,Sindhudurg,Maharashtra
2024-03-29,0.12,0.16000000000004974,0.16999999999999998,0.2,0.12,0,Sindhudurg,Maharashtra
2024-03-30,0.01,0.15000000000004976,0.18,0.21,0.12,0,Sindhudurg,Maharashtra
2024-03-31,0.01,0.14000000000004972,0.19,0.22,0.12,0,Sindhudurg,Maharashtra
2024-04-01,0.0,0.020000000000049752,0.19,0.22,0.01,0,Sindhudurg,Maharashtra
2024-04-02,0.0,0.010000000000049752,0.18,0.22,0.01,0,Sindhudurg,Maharashtra
2024-04-03,0.0,0.0,0.16,0.22,0.0,0,Sindhudurg,Maharashtra
2024-04-04,0.0,0.0,0.14,0.22,0.0,0,Sindhudurg,Maharashtra
2024-04-05,0.0,0.0,0.02,0.22,0.0,0,Sindhudurg,Maharashtra
2024-04-06,0.0,0.0,0.01,0.19,0.0,0,Sindhudurg,Maharashtra
2024-04-07,0.0,0.0,0.0,0.19,0.0,0,Sindhudurg,Maharashtra
2024-04-08,0.0,0.0,0.0,0.19,0.0,0,Sindhudurg,Maharashtra
2024-04-09,0.0,0.0,0.0,0.19,0.0,0,Sindhudurg,Maharashtra
2024-04-10,0.01,0.010000000000049752,0.01,0.19,0.01,0,Sindhudurg,Maharashtra
2024-04-11,0.0,0.010000000000049752,0.01,0.17,0.01,0,Sindhudurg,Maharashtra
2024-04-12,0.25,0.26000000000004975,0.26,0.4,0.25,0,Sindhudurg,Maharashtra
2024-04-13,0.85,1.1000000000000498,1.1099999999999999,1.13,0.85,0,Sindhudurg,Maharashtra
2024-04-14,0.0,1.1000000000000498,1.1099999999999999,1.12,0.85,0,Sindhudurg,Maharashtra
2024-04-15,0.06,0.9100000000000497,1.17,1.17,0.85,0,Sindhudurg,Maharashtra
2024-04-16,0.05,0.11000000000004974,1.22,1.22,0.06,0,Sindhudurg,Maharashtra
2024-04-17,0.0,0.11000000000004974,1.21,1.22,0.06,0,Sindhudurg,Maharashtra
2024-04-18,0.0,0.05000000000004974,1.21,1.22,0.05,0,Sindhudurg,Maharashtra
2024-04-19,0.0,0.0,0.96,1.22,0.0,0,Sindhudurg,Maharashtra
2024-04-20,15.79,15.790000000000049,15.899999999999999,17.009999999999998,15.79,0,Sindhudurg,Maharashtra
2024-04-21,0.37,16.16000000000005,16.27,17.38,15.79,0,Sindhudurg,Maharashtra
2024-04-22,0.05,16.21000000000005,16.26,17.43,15.79,0,Sindhudurg,Maharashtra
2024-04-23,0.01,0.43000000000004973,16.22,17.44,0.37,0,Sindhudurg,Maharashtra
2024-04-24,1.51,1.5700000000000498,17.73,18.95,1.51,0,Sindhudurg,Maharashtra
2024-04-25,0.13,1.6500000000000496,17.86,19.069999999999997,1.51,0,Sindhudurg,Maharashtra
2024-04-26,0.48,2.12000000000005,18.34,19.549999999999997,1.51,0,Sindhudurg,Maharashtra
2024-04-27,0.26,0.8700000000000497,2.81,19.56,0.48,0,Sindhudurg,Maharashtra
2024-04-28,0.07,0.8100000000000498,2.51,18.78,0.48,0,Sindhudurg,Maharashtra
2024-04-29,0.12,0.45000000000004975,2.58,18.9,0.26,0,Sindhudurg,Maharashtra
2024-04-30,0.02,0.21000000000004973,2.59,18.86,0.12,0,Sindhudurg,Maharashtra
2024-05-01,0.01,0.15000000000004973,1.09,18.82,0.12,0,Sindhudurg,Maharashtra
2024-05-02,0.0,0.030000000000049737,0.96,18.82,0.02,0,Sindhudurg,Maharashtra
2024-05-03,0.0,0.010000000000049738,0.48000000000000004,18.82,0.01,0,Sindhudurg,Maharashtra
2024-05-04,0.0,0.0,0.22,18.82,0.0,0,Sindhudurg,Maharashtra
2024-05-05,0.0,0.0,0.15,3.03,0.0,0,Sindhudurg,Maharashtra
2024-05-06,0.08,0.08000000000004974,0.11,2.7399999999999998,0.08,0,Sindhudurg,Maharashtra
2024-05-07,0.06,0.14000000000004975,0.15,2.75,0.08,0,Sindhudurg,Maharashtra
2024-05-08,0.06,0.20000000000004975,0.19999999999999998,2.8,0.08,0,Sindhudurg,Maharashtra
2024-05-09,0.09,0.21000000000004973,0.29,1.38,0.09,0,Sindhudurg,Maharashtra
2024-05-10,0.62,0.7700000000000498,0.9099999999999999,1.87,0.62,0,Sindhudurg,Maharashtra
2024-05-11,5.0,5.71000000000005,5.91,6.390000000000001,5.0,0,Sindhudurg,Maharashtra
2024-05-12,5.78,11.40000000000005,11.690000000000001,11.91,5.78,0,Sindhudurg,Maharashtra
2024-05-13,1.74,12.520000000000051,13.35,13.58,5.78,0,Sindhudurg,Maharashtra
2024-05-14,3.93,11.450000000000049,17.22,17.39,5.78,0,Sindhudurg,Maharashtra
2024-05-15,2.03,7.700000000000049,19.19,19.400000000000002,3.93,0,Sindhudurg,Maharashtra
2024-05-16,2.11,8.07000000000005,21.21,21.5,3.93,0,Sindhudurg,Maharashtra
2024-05-17,3.88,8.02000000000005,24.47,25.38,3.88,0,Sindhudurg,Maharashtra
2024-05-18,0.28,6.27000000000005,19.75,25.66,3.88,0,Sindhudurg,Maharashtra
2024-05-19,2.9,7.060000000000049,16.869999999999997,28.56,3.88,0,Sindhudurg,Maharashtra
2024-05-20,5.9,9.08000000000005,21.03,34.46,5.9,0,Sindhudurg,Maharashtra
2024-05-21,8.73,17.53000000000005,25.830000000000002,43.11,8.73,0,Sindhudurg,Maharashtra
2024-05-22,5.7,20.33000000000005,29.5,48.75,8.73,0,Sindhudurg,Maharashtra
2024-05-23,5.75,20.18000000000005,33.14,54.44,8.73,0,Sindhudurg,Maharashtra
2024-05-24,1.88,13.33000000000005,31.14,56.230000000000004,5.75,0,Sindhudurg,Maharashtra
2024-05-25,0.64,8.27000000000005,31.5,56.25000000000001,5.75,0,Sindhudurg,Maharashtra
2024-05-26,1.04,3.56000000000005,29.640000000000004,52.29,1.88,0,Sindhudurg,Maharashtra
2024-05-27,0.15,1.8300000000000498,23.89,46.660000000000004,1.04,0,Sindhudurg,Maharashtra
2024-05-28,0.03,1.2200000000000497,15.19,44.95,1.04,0,Sindhudurg,Maharashtra
2024-05-29,0.12,0.3000000000000497,9.61,41.14,0.15,0,Sindhudurg,Maharashtra
2024-05-30,0.1,0.25000000000004974,3.96,39.21,0.12,0,Sindhudurg,Maharashtra
2024-05-31,0.21,0.43000000000004973,2.29,37.31,0.21,0,Sindhudurg,Maharashtra
2024-06-01,0.34,0.6500000000000498,1.99,33.769999999999996,0.34,1,Sindhudurg,Maharashtra
2024-06-02,0.91,1.4600000000000497,1.86,34.400000000000006,0.91,1,Sindhudurg,Maharashtra
2024-06-03,5.48,6.73000000000005,7.19,36.980000000000004,5.48,1,Sindhudurg,Maharashtra
2024-06-04,8.72,15.110000000000051,15.88,39.8,8.72,1,Sindhudurg,Maharashtra
2024-06-05,13.53,27.73000000000005,29.29,44.6,13.53,1,Sindhudurg,Maharashtra
2024-06-06,48.69,70.94000000000005,77.88,87.59,48.69,1,Sindhudurg,Maharashtra
2024-06-07,38.23,100.45000000000005,115.9,120.07,48.69,1,Sindhudurg,Maharashtra
2024-06-08,43.41,130.33000000000004,158.97,161.6,48.69,1,Sindhudurg,Maharashtra
2024-06-09,44.83,126.47000000000004,202.89,205.78999999999996,44.83,1,Sindhudurg,Maharashtra
2024-06-10,9.9,98.14000000000004,207.30999999999997,214.64999999999998,44.83,1,Sindhudurg,Maharashtra
2024-06-11,13.95,68.68000000000005,212.53999999999996,228.45,44.83,1,Sindhudurg,Maharashtra
2024-06-12,17.71,41.56000000000005,216.71999999999997,246.13,17.71,1,Sindhudurg,Maharashtra
2024-06-13,17.72,49.38000000000005,185.74999999999997,263.73,17.72,1,Sindhudurg,Maharashtra
2024-06-14,17.82,53.25000000000005,165.33999999999997,281.45,17.82,1,Sindhudurg,Maharashtra
2024-06-15,10.01,45.55000000000005,131.94,291.25,17.82,1,Sindhudurg,Maharashtra
2024-06-16,9.19,37.02000000000005,96.30000000000001,300.09999999999997,17.82,1,Sindhudurg,Maharashtra
2024-06-17,4.23,23.43000000000005,90.63,303.42,10.01,1,Sindhudurg,Maharashtra
2024-06-18,7.65,21.07000000000005,84.33,305.59,9.19,1,Sindhudurg,Maharashtra
2024-06-19,7.84,19.72000000000005,74.46000000000001,304.71000000000004,7.84,1,Sindhudurg,Maharashtra
2024-06-20,19.1,34.590000000000046,75.84,310.28,19.1,1,Sindhudurg,Maharashtra
2024-06-21,13.17,40.11000000000005,71.19,274.76,19.1,1,Sindhudurg,Maharashtra
2024-06-22,18.37,50.64000000000005,79.55000000000001,254.9,19.1,1,Sindhudurg,Maharashtra
2024-06-23,6.11,37.65000000000005,76.47000000000001,217.6,18.37,1,Sindhudurg,Maharashtra
2024-06-24,17.34,41.82000000000005,89.58,190.10999999999999,18.37,1,Sindhudurg,Maharashtra
2024-06-25,48.83,72.28000000000006,130.76,229.04000000000002,48.83,1,Sindhudurg,Maharashtra
2024-06-26,48.87,115.04000000000005,171.79,263.96,48.87,1,Sindhudurg,Maharashtra
2024-06-27,37.0,134.70000000000005,189.69,283.25,48.87,1,Sindhudurg,Maharashtra
2024-06-28,16.86,102.73000000000005,193.38,282.39,48.87,1,Sindhudurg,Maharashtra
2024-06-29,25.83,79.69000000000005,200.83999999999997,290.4,37.0,1,Sindhudurg,Maharashtra
2024-06-30,10.87,53.560000000000045,205.6,291.26,25.83,1,Sindhudurg,Maharashtra
2024-07-01,18.28,54.98000000000005,206.54,300.35,25.83,1,Sindhudurg,Maharashtra
2024-07-02,34.53,63.68000000000005,192.23999999999998,330.65,34.53,1,Sindhudurg,Maharashtra
2024-07-03,11.42,64.23000000000005,154.79,334.42,34.53,1,Sindhudurg,Maharashtra
2024-07-04,13.43,59.38000000000005,131.22,340.01,34.53,1,Sindhudurg,Maharashtra
2024-07-05,19.19,44.04000000000005,133.54999999999998,340.1,19.19,1,Sindhudurg,Maharashtra
2024-07-06,42.58,75.20000000000005,150.3,369.51,42.58,1,Sindhudurg,Maharashtra
2024-07-07,73.7,135.47000000000006,213.13,424.84,73.7,1,Sindhudurg,Maharashtra
2024-07-08,62.99,179.27000000000004,257.84,481.71999999999997,73.7,1,Sindhudurg,Maharashtra
2024-07-09,39.58,176.27000000000007,262.89,503.96,73.7,1,Sindhudurg,Maharashtra
2024-07-10,18.29,120.86000000000004,269.76,473.42,62.99,1,Sindhudurg,Maharashtra
2024-07-11,14.66,72.53000000000004,270.99,439.21,39.58,1,Sindhudurg,Maharashtra
2024-07-12,68.43,101.38000000000005,320.23,470.64,68.43,1,Sindhudurg,Maharashtra
2024-07-13,58.79,141.88000000000005,336.44,512.5699999999999,68.43,1,Sindhudurg,Maharashtra
2024-07-14,88.7,215.92000000000007,351.44000000000005,575.44,88.7,1,Sindhudurg,Maharashtra
2024-07-15,52.49,199.98000000000005,340.94,617.06,88.7,1,Sindhudurg,Maharashtra
2024-07-16,45.27,186.46000000000006,346.63,644.0500000000001,88.7,1,Sindhudurg,Maharashtra
2024-07-17,59.39,157.15000000000003,387.73,668.91,59.39,1,Sindhudurg,Maharashtra
2024-07-18,57.84,162.50000000000006,430.90999999999997,715.3299999999999,59.39,1,Sindhudurg,Maharashtra
2024-07-19,94.84,212.07000000000005,457.32,796.74,94.84,1,Sindhudurg,Maharashtra
2024-07-20,65.28,217.96000000000006,463.81000000000006,842.8299999999999,94.84,1,Sindhudurg,Maharashtra
2024-07-21,91.83,251.95000000000005,466.94,892.08,94.84,1,Sindhudurg,Maharashtra
2024-07-22,57.63,214.74000000000004,472.08000000000004,876.01,91.83,1,Sindhudurg,Maharashtra
2024-07-23,60.99,210.45000000000005,487.8,874.01,91.83,1,Sindhudurg,Maharashtra
2024-07-24,61.91,180.53000000000003,490.32,896.3399999999999,61.91,1,Sindhudurg,Maharashtra
2024-07-25,110.76,233.66000000000005,543.24,988.81,110.76,1,Sindhudurg,Maharashtra
2024-07-26,78.98,251.65000000000003,527.38,1053.13,110.76,1,Sindhudurg,Maharashtra
2024-07-27,47.15,236.89000000000004,509.25000000000006,1031.85,110.76,1,Sindhudurg,Maharashtra
2024-07-28,31.53,157.66000000000005,448.95,1004.59,78.98,1,Sindhudurg,Maharashtra
2024-07-29,27.0,105.68000000000004,418.32,942.8900000000001,47.15,1,Sindhudurg,Maharashtra
2024-07-30,46.98,105.51000000000005,404.31,937.3800000000001,46.98,1,Sindhudurg,Maharashtra
2024-07-31,44.44,118.42000000000004,386.84000000000003,936.55,46.98,1,Sindhudurg,Maharashtra
2024-08-01,46.21,137.63000000000005,322.29,923.37,46.98,1,Sindhudurg,Maharashtra
2024-08-02,35.92,126.57000000000005,279.23,901.4499999999999,46.21,1,Sindhudurg,Maharashtra
2024-08-03,28.37,110.50000000000006,260.45,834.98,46.21,1,Sindhudurg,Maharashtra
2024-08-04,19.33,83.62000000000005,248.25,789.0300000000001,35.92,1,Sindhudurg,Maharashtra
2024-08-05,11.76,59.46000000000004,233.01,708.96,28.37,1,Sindhudurg,Maharashtra
2024-08-06,11.17,42.26000000000004,197.2,662.5,19.33,1,Sindhudurg,Maharashtra
2024-08-07,25.31,48.24000000000004,178.07,626.82,25.31,1,Sindhudurg,Maharashtra
2024-08-08,10.88,47.36000000000004,142.74,575.7900000000001,25.31,1,Sindhudurg,Maharashtra
2024-08-09,9.64,45.83000000000004,116.46,474.67,25.31,1,Sindhudurg,Maharashtra
2024-08-10,6.95,27.470000000000045,95.04,402.64,10.88,1,Sindhudurg,Maharashtra
2024-08-11,2.81,19.400000000000045,78.52000000000001,358.3,9.64,1,Sindhudurg,Maharashtra
2024-08-12,0.42,10.180000000000042,67.17999999999999,327.19,6.95,1,Sindhudurg,Maharashtra
2024-08-13,0.21,3.4400000000000426,56.22,300.4,2.81,1,Sindhudurg,Maharashtra
2024-08-14,0.44,1.0700000000000425,31.35,253.86,0.44,1,Sindhudurg,Maharashtra
2024-08-15,6.6,7.250000000000043,27.07,216.02,6.6,1,Sindhudurg,Maharashtra
2024-08-16,1.61,8.650000000000043,19.04,171.42000000000002,6.6,1,Sindhudurg,Maharashtra
2024-08-17,4.37,12.580000000000044,16.46,139.87,6.6,1,Sindhudurg,Maharashtra
2024-08-18,19.89,25.870000000000044,33.540000000000006,131.39,19.89,1,Sindhudurg,Maharashtra
2024-08-19,5.58,29.840000000000046,38.7,117.64,19.89,1,Sindhudurg,Maharashtra
2024-08-20,5.91,31.380000000000045,44.4,111.78999999999999,19.89,1,Sindhudurg,Maharashtra
2024-08-21,14.89,26.380000000000045,58.85,115.50999999999999,14.89,1,Sindhudurg,Maharashtra
2024-08-22,7.63,28.430000000000046,59.88,97.83,14.89,1,Sindhudurg,Maharashtra
2024-08-23,40.15,62.670000000000044,98.42,127.1,40.15,1,Sindhudurg,Maharashtra
2024-08-24,78.45,126.23000000000005,172.5,195.91,78.45,1,Sindhudurg,Maharashtra
2024-08-25,56.97,175.57000000000005,209.58,245.93,78.45,1,Sindhudurg,Maharashtra
2024-08-26,42.69,178.11000000000004,246.69,285.81,78.45,1,Sindhudurg,Maharashtra
2024-08-27,33.28,132.94000000000005,274.06,318.66999999999996,56.97,1,Sindhudurg,Maharashtra
2024-08-28,15.9,91.87000000000005,275.07,334.36,42.69,1,Sindhudurg,Maharashtra
2024-08-29,7.16,56.340000000000046,274.6,341.08,33.28,1,Sindhudurg,Maharashtra
2024-08-30,10.33,33.39000000000004,244.78000000000003,344.81,15.9,1,Sindhudurg,Maharashtra
2024-08-31,6.42,23.910000000000046,172.75,349.61999999999995,10.33,1,Sindhudurg,Maharashtra
2024-09-01,5.9,22.65000000000004,121.68,351.15,10.33,1,Sindhudurg,Maharashtra
2024-09-02,17.05,29.370000000000044,96.04,348.31,17.05,1,Sindhudurg,Maharashtra
2024-09-03,14.2,37.15000000000005,76.96000000000001,356.93,17.05,1,Sindhudurg,Maharashtra
2024-09-04,9.9,41.15000000000004,70.96000000000001,360.91999999999996,17.05,1,Sindhudurg,Maharashtra
2024-09-05,11.75,35.850000000000044,75.55,357.78,14.2,1,Sindhudurg,Maharashtra
2024-09-06,8.92,30.570000000000043,74.14,359.07,11.75,1,Sindhudurg,Maharashtra
2024-09-07,6.51,27.180000000000042,74.23,325.43,11.75,1,Sindhudurg,Maharashtra
2024-09-08,11.25,26.680000000000042,79.58000000000001,258.23,11.25,1,Sindhudurg,Maharashtra
2024-09-09,8.05,25.81000000000004,70.58,209.31,11.25,1,Sindhudurg,Maharashtra
2024-09-10,5.86,25.160000000000043,62.24,172.48,11.25,1,Sindhudurg,Maharashtra
2024-09-11,7.04,20.950000000000045,59.38,146.24,8.05,1,Sindhudurg,Maharashtra
2024-09-12,4.25,17.15000000000004,51.88,134.59,7.04,1,Sindhudurg,Maharashtra
2024-09-13,1.69,12.980000000000043,44.65,129.12,7.04,1,Sindhudurg,Maharashtra
2024-09-14,3.0,8.940000000000042,41.14,121.79,4.25,1,Sindhudurg,Maharashtra
2024-09-15,4.06,8.750000000000043,33.95,119.43,4.06,1,Sindhudurg,Maharashtra
2024-09-16,8.16,15.220000000000043,34.06,121.69,8.16,1,Sindhudurg,Maharashtra
2024-09-17,2.47,14.690000000000044,30.669999999999998,107.11,8.16,1,Sindhudurg,Maharashtra
2024-09-18,1.58,12.210000000000043,25.21,94.49,8.16,1,Sindhudurg,Maharashtra
2024-09-19,0.35,4.400000000000043,21.31,84.94,2.47,1,Sindhudurg,Maharashtra
2024-09-20,0.12,2.0500000000000425,19.74,73.31,1.58,1,Sindhudurg,Maharashtra
2024-09-21,0.81,1.2800000000000427,17.55,65.2,0.81,1,Sindhudurg,Maharashtra
2024-09-22,23.79,24.72000000000004,37.28,82.48,23.79,1,Sindhudurg,Maharashtra
2024-09-23,17.9,42.50000000000004,47.019999999999996,89.13,23.79,1,Sindhudurg,Maharashtra
2024-09-24,70.83,112.52000000000004,115.38,151.91000000000003,70.83,1,Sindhudurg,Maharashtra
2024-09-25,25.16,113.89000000000004,138.96,171.21,70.83,1,Sindhudurg,Maharashtra
2024-09-26,15.39,111.38000000000004,154.0,179.56,70.83,1,Sindhudurg,Maharashtra
2024-09-27,6.48,47.030000000000044,160.36,181.79000000000002,25.16,1,Sindhudurg,Maharashtra
2024-09-28,2.98,24.850000000000044,162.53,183.08,15.39,1,Sindhudurg,Maharashtra
2024-09-29,0.5,9.960000000000043,139.24,180.58,6.48,1,Sindhudurg,Maharashtra
2024-09-30,12.45,15.930000000000042,133.79,188.97,12.45,1,Sindhudurg,Maharashtra
2024-10-01,8.32,21.270000000000042,71.28,189.13,12.45,0,Sindhudurg,Maharashtra
2024-10-02,1.82,22.590000000000042,47.940000000000005,188.48000000000002,12.45,0,Sindhudurg,Maharashtra
2024-10-03,4.81,14.950000000000042,37.36,191.71,8.32,0,Sindhudurg,Maharashtra
2024-10-04,2.93,9.560000000000043,33.81,194.29,4.81,0,Sindhudurg,Maharashtra
2024-10-05,66.29,74.03000000000004,97.12,260.46000000000004,66.29,0,Sindhudurg,Maharashtra
2024-10-06,23.54,92.76000000000005,120.16,283.19,66.29,0,Sindhudurg,Maharashtra
2024-10-07,5.03,94.86000000000004,112.74,264.43,66.29,0,Sindhudurg,Maharashtra
2024-10-08,10.52,39.090000000000046,114.94000000000001,257.05,23.54,0,Sindhudurg,Maharashtra
2024-10-09,19.45,35.00000000000004,132.57,205.67000000000002,19.45,0,Sindhudurg,Maharashtra
2024-10-10,22.94,52.91000000000004,150.7,203.45000000000002,22.94,0,Sindhudurg,Maharashtra
2024-10-11,5.83,48.22000000000005,153.6,193.89000000000001,22.94,0,Sindhudurg,Maharashtra
2024-10-12,6.36,35.130000000000045,93.67,193.77,22.94,0,Sindhudurg,Maharashtra
2024-10-13,13.23,25.420000000000044,83.36,204.02000000000004,13.23,0,Sindhudurg,Maharashtra
2024-10-14,18.04,37.630000000000045,96.37,221.56000000000003,18.04,0,Sindhudurg,Maharashtra
2024-10-15,29.25,60.52000000000004,115.1,238.36,29.25,0,Sindhudurg,Maharashtra
2024-10-16,29.39,76.68000000000004,125.04,259.43,29.39,0,Sindhudurg,Maharashtra
2024-10-17,4.67,63.310000000000045,106.77,262.28000000000003,29.39,0,Sindhudurg,Maharashtra
2024-10-18,25.7,59.76000000000005,126.64,283.17,29.39,0,Sindhudurg,Maharashtra
2024-10-19,0.78,31.150000000000045,121.06,281.02000000000004,25.7,0,Sindhudurg,Maharashtra
2024-10-20,9.32,35.80000000000005,117.14999999999999,224.05,25.7,0,Sindhudurg,Maharashtra
2024-10-21,3.13,13.230000000000043,102.24000000000001,203.64000000000001,9.32,0,Sindhudurg,Maharashtra
2024-10-22,11.56,24.01000000000004,84.55000000000001,210.17000000000002,11.56,0,Sindhudurg,Maharashtra
2024-10-23,0.89,15.580000000000043,56.050000000000004,200.54000000000002,11.56,0,Sindhudurg,Maharashtra
2024-10-24,0.04,12.490000000000041,51.42,181.13000000000002,11.56,0,Sindhudurg,Maharashtra
2024-10-25,0.02,0.9500000000000427,25.74,158.21,0.89,0,Sindhudurg,Maharashtra
2024-10-26,0.01,0.07000000000004264,24.97,152.39000000000001,0.04,0,Sindhudurg,Maharashtra
2024-10-27,0.0,0.03000000000004263,15.65,146.03,0.02,0,Sindhudurg,Maharashtra
2024-10-28,1.72,1.7300000000000426,14.239999999999998,134.52000000000004,1.72,0,Sindhudurg,Maharashtra
2024-10-29,4.49,6.210000000000043,7.17,120.97000000000001,4.49,0,Sindhudurg,Maharashtra
2024-10-30,2.93,9.140000000000043,9.21,94.65000000000002,4.49,0,Sindhudurg,Maharashtra
2024-10-31,6.93,14.350000000000044,16.1,72.19000000000001,6.93,0,Sindhudurg,Maharashtra
2024-11-01,4.22,14.080000000000043,20.3,71.74000000000001,6.93,0,Sindhudurg,Maharashtra
2024-11-02,0.25,11.400000000000043,20.54,46.29000000000001,6.93,0,Sindhudurg,Maharashtra
2024-11-03,0.03,4.5000000000000435,20.569999999999997,45.54000000000001,4.22,0,Sindhudurg,Maharashtra
2024-11-04,0.06,0.3400000000000435,18.91,36.28000000000001,0.25,0,Sindhudurg,Maharashtra
2024-11-05,0.02,0.11000000000004352,14.440000000000001,33.170000000000016,0.06,0,Sindhudurg,Maharashtra
2024-11-06,0.0,0.08000000000004352,11.51,21.610000000000014,0.06,0,Sindhudurg,Maharashtra
2024-11-07,0.0,0.02000000000004352,4.58,20.720000000000013,0.02,0,Sindhudurg,Maharashtra
2024-11-08,0.0,0.0,0.36,20.680000000000014,0.0,0,Sindhudurg,Maharashtra
2024-11-09,0.0,0.0,0.11,20.660000000000014,0.0,0,Sindhudurg,Maharashtra
2024-11-10,0.0,0.0,0.08,20.650000000000013,0.0,0,Sindhudurg,Maharashtra
2024-11-11,0.0,0.0,0.02,20.650000000000013,0.0,0,Sindhudurg,Maharashtra
2024-11-12,0.0,0.0,0.0,18.930000000000014,0.0,0,Sindhudurg,Maharashtra
2024-11-13,0.0,0.0,0.0,14.440000000000014,0.0,0,Sindhudurg,Maharashtra
2024-11-14,1.76,1.7600000000000435,1.76,13.270000000000014,1.76,0,Sindhudurg,Maharashtra
2024-11-15,2.24,4.0000000000000435,4.0,8.580000000000014,2.24,0,Sindhudurg,Maharashtra
2024-11-16,0.05,4.050000000000043,4.05,4.410000000000014,2.24,0,Sindhudurg,Maharashtra
2024-11-17,0.0,2.2900000000000436,4.05,4.160000000000014,2.24,0,Sindhudurg,Maharashtra
2024-11-18,0.0,0.050000000000043524,4.05,4.130000000000014,0.05,0,Sindhudurg,Maharashtra
2024-11-19,0.0,0.0,4.05,4.0700000000000145,0.0,0,Sindhudurg,Maharashtra
2024-11-20,0.0,0.0,4.05,4.050000000000014,0.0,0,Sindhudurg,Maharashtra
2024-11-21,0.0,0.0,2.29,4.050000000000014,0.0,0,Sindhudurg,Maharashtra
2024-11-22,0.0,0.0,0.05,4.050000000000014,0.0,0,Sindhudurg,Maharashtra
2024-11-23,0.0,0.0,0.0,4.050000000000014,0.0,0,Sindhudurg,Maharashtra
2024-11-24,0.0,0.0,0.0,4.050000000000014,0.0,0,Sindhudurg,Maharashtra
2024-11-25,0.0,0.0,0.0,4.050000000000014,0.0,0,Sindhudurg,Maharashtra
2024-11-26,0.0,0.0,0.0,4.050000000000014,0.0,0,Sindhudurg,Maharashtra
2024-11-27,0.0,0.0,0.0,4.050000000000014,0.0,0,Sindhudurg,Maharashtra
2024-11-28,0.0,0.0,0.0,4.050000000000014,0.0,0,Sindhudurg,Maharashtra
2024-11-29,0.0,0.0,0.0,2.2900000000000142,0.0,0,Sindhudurg,Maharashtra
2024-11-30,0.0,0.0,0.0,0.050000000000014214,0.0,0,Sindhudurg,Maharashtra
2024-12-01,0.0,0.0,0.0,0.0,0.0,0,Sindhudurg,Maharashtra
2024-12-02,0.31,0.3100000000000435,0.31,0.3100000000000142,0.31,0,Sindhudurg,Maharashtra
2024-12-03,1.97,2.2800000000000433,2.28,2.280000000000014,1.97,0,Sindhudurg,Maharashtra
2024-12-04,0.02,2.3000000000000433,2.3,2.300000000000014,1.97,0,Sindhudurg,Maharashtra
2024-12-05,0.3,2.2900000000000436,2.6,2.6000000000000143,1.97,0,Sindhudurg,Maharashtra
2024-12-06,1.14,1.4600000000000435,3.74,3.7400000000000144,1.14,0,Sindhudurg,Maharashtra
2024-12-07,0.56,2.0000000000000435,4.3,4.300000000000014,1.14,0,Sindhudurg,Maharashtra
2024-12-08,0.78,2.4800000000000435,5.08,5.080000000000014,1.14,0,Sindhudurg,Maharashtra
2024-12-09,0.02,1.3600000000000436,4.79,5.100000000000014,0.78,0,Sindhudurg,Maharashtra
2024-12-10,0.0,0.8000000000000436,2.82,5.100000000000014,0.78,0,Sindhudurg,Maharashtra
2024-12-11,0.0,0.02000000000004352,2.8000000000000003,5.100000000000014,0.02,0,Sindhudurg,Maharashtra
2024-12-12,0.0,0.0,2.5,5.100000000000014,0.0,0,Sindhudurg,Maharashtra
2024-12-13,0.0,0.0,1.36,5.100000000000014,0.0,0,Sindhudurg,Maharashtra
2024-12-14,0.0,0.0,0.8,5.100000000000014,0.0,0,Sindhudurg,Maharashtra
2024-12-15,0.0,0.0,0.02,5.100000000000014,0.0,0,Sindhudurg,Maharashtra
2024-12-16,0.0,0.0,0.0,5.100000000000014,0.0,0,Sindhudurg,Maharashtra
2024-12-17,0.0,0.0,0.0,4.790000000000014,0.0,0,Sindhudurg,Maharashtra
2024-12-18,0.0,0.0,0.0,2.820000000000014,0.0,0,Sindhudurg,Maharashtra
2024-12-19,0.0,0.0,0.0,2.8000000000000145,0.0,0,Sindhudurg,Maharashtra
2024-12-20,0.0,0.0,0.0,2.500000000000014,0.0,0,Sindhudurg,Maharashtra
2024-12-21,0.0,0.0,0.0,1.3600000000000143,0.0,0,Sindhudurg,Maharashtra
2024-12-22,0.0,0.0,0.0,0.8000000000000143,0.0,0,Sindhudurg,Maharashtra
2024-12-23,0.0,0.0,0.0,0.02000000000001421,0.0,0,Sindhudurg,Maharashtra
2024-12-24,0.0,0.0,0.0,0.0,0.0,0,Sindhudurg,Maharashtra
2024-12-25,0.0,0.0,0.0,0.0,0.0,0,Sindhudurg,Maharashtra
2024-12-26,0.0,0.0,0.0,0.0,0.0,0,Sindhudurg,Maharashtra
2024-12-27,0.0,0.0,0.0,0.0,0.0,0,Sindhudurg,Maharashtra
2024-12-28,0.0,0.0,0.0,0.0,0.0,0,Sindhudurg,Maharashtra
2024-12-29,0.0,0.0,0.0,0.0,0.0,0,Sindhudurg,Maharashtra
2024-12-30,0.0,0.0,0.0,0.0,0.0,0,Sindhudurg,Maharashtra
2024-12-31,0.0,0.0,0.0,0.0,0.0,0,Sindhudurg,Maharashtra
