,rain_1d,rain_3d,rain_7d,rain_15d,rain_max3d,is_monsoon,district,state
2015-01-01,1.02,1.02,1.02,1.02,1.02,0,Thrissur,Kerala
2015-01-02,0.0,1.02,1.02,1.02,1.02,0,Thrissur,Kerala
2015-01-03,0.0,1.02,1.02,1.02,1.02,0,Thrissur,Kerala
2015-01-04,0.0,0.0,1.02,1.02,0.0,0,Thrissur,Kerala
2015-01-05,0.0,0.0,1.02,1.02,0.0,0,Thrissur,Kerala
2015-01-06,0.0,0.0,1.02,1.02,0.0,0,Thrissur,Kerala
2015-01-07,0.0,0.0,1.02,1.02,0.0,0,Thrissur,Kerala
2015-01-08,0.0,0.0,0.0,1.02,0.0,0,Thrissur,Kerala
2015-01-09,0.0,0.0,0.0,1.02,0.0,0,Thrissur,Kerala
2015-01-10,0.0,0.0,0.0,1.02,0.0,0,Thrissur,Kerala
2015-01-11,0.0,0.0,0.0,1.02,0.0,0,Thrissur,Kerala
2015-01-12,0.0,0.0,0.0,1.02,0.0,0,Thrissur,Kerala
2015-01-13,0.0,0.0,0.0,1.02,0.0,0,Thrissur,Kerala
2015-01-14,0.0,0.0,0.0,1.02,0.0,0,Thrissur,Kerala
2015-01-15,0.0,0.0,0.0,1.02,0.0,0,Thrissur,Kerala
2015-01-16,0.0,0.0,0.0,0.0,0.0,0,Thrissur,Kerala
2015-01-17,0.0,0.0,0.0,0.0,0.0,0,Thrissur,Kerala
2015-01-18,0.0,0.0,0.0,0.0,0.0,0,Thrissur,Kerala
2015-01-19,0.0,0.0,0.0,0.0,0.0,0,Thrissur,Kerala
2015-01-20,0.0,0.0,0.0,0.0,0.0,0,Thrissur,Kerala
2015-01-21,0.18,0.18,0.18,0.18,0.18,0,Thrissur,Kerala
2015-01-22,0.62,0.8,0.8,0.8,0.62,0,Thrissur,Kerala
2015-01-23,0.0,0.7999999999999999,0.7999999999999999,0.7999999999999999,0.62,0,Thrissur,Kerala
2015-01-24,0.03,0.6499999999999999,0.83,0.83,0.62,0,Thrissur,Kerala
2015-01-25,0.01,0.04,0.84,0.84,0.03,0,Thrissur,Kerala
2015-01-26,0.01,0.05,0.85,0.85,0.03,0,Thrissur,Kerala
2015-01-27,0.0,0.02,0.85,0.85,0.01,0,Thrissur,Kerala
2015-01-28,0.0,0.01,0.6699999999999999,0.85,0.01,0,Thrissur,Kerala
2015-01-29,0.0,0.0,0.05,0.85,0.0,0,Thrissur,Kerala
2015-01-30,0.0,0.0,0.05,0.85,0.0,0,Thrissur,Kerala
2015-01-31,0.0,0.0,0.02,0.85,0.0,0,Thrissur,Kerala
2015-02-01,0.0,0.0,0.01,0.85,0.0,0,Thrissur,Kerala
2015-02-02,0.0,0.0,0.0,0.85,0.0,0,Thrissur,Kerala
2015-02-03,0.0,0.0,0.0,0.85,0.0,0,Thrissur,Kerala
2015-02-04,0.0,0.0,0.0,0.85,0.0,0,Thrissur,Kerala
2015-02-05,0.0,0.0,0.0,0.6699999999999999,0.0,0,Thrissur,Kerala
2015-02-06,0.05,0.05,0.05,0.1,0.05,0,Thrissur,Kerala
2015-02-07,0.35,0.39999999999999997,0.39999999999999997,0.44999999999999996,0.35,0,Thrissur,Kerala
2015-02-08,0.01,0.41,0.41,0.42999999999999994,0.35,0,Thrissur,Kerala
2015-02-09,0.0,0.36,0.41,0.42,0.35,0,Thrissur,Kerala
2015-02-10,0.0,0.01,0.41,0.41,0.01,0,Thrissur,Kerala
2015-02-11,0.0,0.0,0.41,0.41,0.0,0,Thrissur,Kerala
2015-02-12,0.12,0.12,0.5299999999999999,0.5299999999999999,0.12,0,Thrissur,Kerala
2015-02-13,0.57,0.69,1.0499999999999998,1.0999999999999999,0.57,0,Thrissur,Kerala
2015-02-14,0.01,0.7,0.71,1.1099999999999999,0.57,0,Thrissur,Kerala
2015-02-15,0.0,0.58,0.7,1.1099999999999999,0.57,0,Thrissur,Kerala
2015-02-16,0.0,0.01,0.7,1.1099999999999999,0.01,0,Thrissur,Kerala
2015-02-17,0.0,0.0,0.7,1.1099999999999999,0.0,0,Thrissur,Kerala
2015-02-18,0.0,0.0,0.7,1.1099999999999999,0.0,0,Thrissur,Kerala
2015-02-19,0.0,0.0,0.58,1.1099999999999999,0.0,0,Thrissur,Kerala
2015-02-20,0.0,0.0,0.01,1.1099999999999999,0.0,0,Thrissur,Kerala
2015-02-21,0.0,0.0,0.0,1.0599999999999998,0.0,0,Thrissur,Kerala
2015-02-22,0.0,0.0,0.0,0.7099999999999999,0.0,0,Thrissur,Kerala
2015-02-23,0.0,0.0,0.0,0.6999999999999998,0.0,0,Thrissur,Kerala
2015-02-24,0.0,0.0,0.0,0.6999999999999998,0.0,0,Thrissur,Kerala
2015-02-25,0.0,0.0,0.0,0.6999999999999998,0.0,0,Thrissur,Kerala
2015-02-26,0.0,0.0,0.0,0.6999999999999998,0.0,0,Thrissur,Kerala
2015-02-27,0.03,0.03,0.03,0.6099999999999999,0.03,0,Thrissur,Kerala
2015-02-28,0.11,0.14,0.14,0.14999999999999988,0.11,0,Thrissur,Kerala
2015-03-01,0.19,0.33,0.33,0.32999999999999985,0.19,0,Thrissur,Kerala
2015-03-02,1.29,1.59,1.62,1.6199999999999999,1.29,0,Thrissur,Kerala
2015-03-03,1.5,2.98,3.12,3.12,1.5,0,Thrissur,Kerala
2015-03-04,0.66,3.45,3.7800000000000002,3.78,1.5,0,Thrissur,Kerala
2015-03-05,0.12,2.2800000000000002,3.9000000000000004,3.9,1.5,0,Thrissur,Kerala
2015-03-06,5.06,5.84,8.93,8.959999999999999,5.06,0,Thrissur,Kerala
2015-03-07,2.96,8.14,11.780000000000001,11.92,5.06,0,Thrissur,Kerala
2015-03-08,4.26,12.280000000000001,15.85,16.18,5.06,0,Thrissur,Kerala
2015-03-09,3.52,10.74,18.080000000000002,19.7,4.26,0,Thrissur,Kerala
2015-03-10,0.42,8.2,17.0,20.12,4.26,0,Thrissur,Kerala
2015-03-11,0.05,3.99,16.39,20.169999999999998,3.52,0,Thrissur,Kerala
2015-03-12,0.08,0.55,16.349999999999998,20.25,0.42,0,Thrissur,Kerala
2015-03-13,0.63,0.76,11.92,20.88,0.63,0,Thrissur,Kerala
2015-03-14,1.7,2.41,10.660000000000002,22.549999999999997,1.7,0,Thrissur,Kerala
2015-03-15,6.22,8.55,12.620000000000001,28.659999999999997,6.22,0,Thrissur,Kerala
2015-03-16,7.48,15.4,16.580000000000002,35.95,7.48,0,Thrissur,Kerala
2015-03-17,1.48,15.180000000000001,17.64,36.14,7.48,0,Thrissur,Kerala
2015-03-18,0.0,8.96,17.590000000000003,34.64,7.48,0,Thrissur,Kerala
2015-03-19,0.0,1.48,17.51,33.98,1.48,0,Thrissur,Kerala
2015-03-20,0.0,0.0,16.880000000000003,33.86,0.0,0,Thrissur,Kerala
2015-03-21,0.0,0.0,15.18,28.799999999999997,0.0,0,Thrissur,Kerala
2015-03-22,0.0,0.0,8.96,25.839999999999996,0.0,0,Thrissur,Kerala
2015-03-23,0.0,0.0,1.4800000000000009,21.58,0.0,0,Thrissur,Kerala
2015-03-24,0.0,0.0,0.0,18.06,0.0,0,Thrissur,Kerala
2015-03-25,0.0,0.0,0.0,17.639999999999997,0.0,0,Thrissur,Kerala
2015-03-26,0.0,0.0,0.0,17.59,0.0,0,Thrissur,Kerala
2015-03-27,0.07,0.07,0.0700000000000009,17.58,0.07,0,Thrissur,Kerala
2015-03-28,0.21,0.28,0.2800000000000009,17.16,0.21,0,Thrissur,Kerala
2015-03-29,0.23,0.51,0.5100000000000009,15.69,0.23,0,Thrissur,Kerala
2015-03-30,0.31,0.75,0.820000000000001,9.780000000000001,0.31,0,Thrissur,Kerala
2015-03-31,2.54,3.08,3.360000000000001,4.84,2.54,0,Thrissur,Kerala
2015-04-01,3.42,6.27,6.780000000000001,6.779999999999999,3.42,0,Thrissur,Kerala
2015-04-02,2.14,8.1,8.920000000000002,8.92,3.42,0,Thrissur,Kerala
2015-04-03,0.61,6.170000000000001,9.46,9.53,3.42,0,Thrissur,Kerala
2015-04-04,0.67,3.42,9.920000000000002,10.2,2.14,0,Thrissur,Kerala
2015-04-05,0.19,1.47,9.88,10.39,0.67,0,Thrissur,Kerala
2015-04-06,3.59,4.45,13.16,13.98,3.59,0,Thrissur,Kerala
2015-04-07,6.84,10.620000000000001,17.46,20.82,6.84,0,Thrissur,Kerala
2015-04-08,5.5,15.93,19.540000000000003,26.32,6.84,0,Thrissur,Kerala
2015-04-09,6.81,19.15,24.21,33.13,6.84,0,Thrissur,Kerala
2015-04-10,11.25,23.560000000000002,34.85,44.379999999999995,11.25,0,Thrissur,Kerala
2015-04-11,1.95,20.01,36.13,46.26,11.25,0,Thrissur,Kerala
2015-04-12,2.06,15.260000000000002,38.0,48.11,11.25,0,Thrissur,Kerala
2015-04-13,4.3,8.310000000000002,38.71,52.18,4.3,0,Thrissur,Kerala
2015-04-14,6.69,13.05,38.56,58.56,6.69,0,Thrissur,Kerala
2015-04-15,9.79,20.78,42.85,65.81,9.79,0,Thrissur,Kerala
2015-04-16,3.78,20.26,39.82,66.17,9.79,0,Thrissur,Kerala
2015-04-17,3.76,17.33,32.33,67.78999999999999,9.79,0,Thrissur,Kerala
2015-04-18,1.26,8.799999999999999,31.64,68.44,3.78,0,Thrissur,Kerala
2015-04-19,1.55,6.57,31.129999999999995,69.32,3.76,0,Thrissur,Kerala
2015-04-20,1.45,4.26,28.28,70.58,1.55,0,Thrissur,Kerala
2015-04-21,17.27,20.27,38.86,84.25999999999999,17.27,0,Thrissur,Kerala
2015-04-22,13.81,32.53,42.88,91.22999999999999,17.27,0,Thrissur,Kerala
2015-04-23,2.73,33.81,41.83,88.46,17.27,0,Thrissur,Kerala
2015-04-24,4.55,21.09,42.620000000000005,86.2,13.81,0,Thrissur,Kerala
2015-04-25,9.83,17.11,51.190000000000005,84.78,9.83,0,Thrissur,Kerala
2015-04-26,2.67,17.049999999999997,52.31,85.5,9.83,0,Thrissur,Kerala
2015-04-27,1.42,13.92,52.28,84.86,9.83,0,Thrissur,Kerala
2015-04-28,0.26,4.35,35.27,80.82000000000001,2.67,0,Thrissur,Kerala
2015-04-29,1.95,3.63,23.409999999999997,76.08,1.95,0,Thrissur,Kerala
2015-04-30,2.08,4.29,22.76,68.36999999999999,2.08,0,Thrissur,Kerala
2015-05-01,0.8,4.83,19.01,65.39,2.08,0,Thrissur,Kerala
2015-05-02,0.8,3.68,9.98,62.43,2.08,0,Thrissur,Kerala
2015-05-03,0.35,1.9500000000000002,7.66,61.519999999999996,0.8,0,Thrissur,Kerala
2015-05-04,2.58,3.7300000000000004,8.82,62.550000000000004,2.58,0,Thrissur,Kerala
2015-05-05,2.02,4.950000000000001,10.58,63.12,2.58,0,Thrissur,Kerala
2015-05-06,1.69,6.29,10.32,47.54,2.58,0,Thrissur,Kerala
2015-05-07,10.21,13.920000000000002,18.450000000000003,43.94,10.21,0,Thrissur,Kerala
2015-05-08,6.95,18.85,24.6,48.16,10.21,0,Thrissur,Kerala
2015-05-09,6.82,23.98,30.62,50.43,10.21,0,Thrissur,Kerala
2015-05-10,4.6,18.37,34.870000000000005,45.2,6.95,0,Thrissur,Kerala
2015-05-11,7.06,18.48,39.35000000000001,49.59,7.06,0,Thrissur,Kerala
2015-05-12,16.8,28.46,54.13,64.97,16.8,0,Thrissur,Kerala
2015-05-13,14.69,38.55,67.13000000000001,79.39999999999999,16.8,0,Thrissur,Kerala
2015-05-14,4.4,35.89,61.31999999999999,81.85000000000001,16.8,0,Thrissur,Kerala
2015-05-15,22.3,41.39,76.67,102.07000000000001,22.3,0,Thrissur,Kerala
2015-05-16,9.72,36.42,79.57,110.99,22.3,0,Thrissur,Kerala
2015-05-17,18.11,50.129999999999995,93.08,128.3,22.3,0,Thrissur,Kerala
2015-05-18,19.05,46.879999999999995,105.07,147.0,19.05,0,Thrissur,Kerala
2015-05-19,5.64,42.8,93.91,150.06,19.05,0,Thrissur,Kerala
2015-05-20,2.97,27.66,82.19,151.01000000000002,19.05,0,Thrissur,Kerala
2015-05-21,0.48,9.09,78.27,149.8,5.64,0,Thrissur,Kerala
2015-05-22,0.47,3.92,56.44,140.06,2.97,0,Thrissur,Kerala
2015-05-23,6.37,7.32,53.09,139.48,6.37,0,Thrissur,Kerala
2015-05-24,1.76,8.6,36.74,134.42,6.37,0,Thrissur,Kerala
2015-05-25,0.31,8.44,18.0,130.13,6.37,0,Thrissur,Kerala
2015-05-26,0.62,2.689999999999999,12.979999999999999,123.69,1.76,0,Thrissur,Kerala
2015-05-27,4.45,5.379999999999999,14.46,111.34,4.45,0,Thrissur,Kerala
2015-05-28,4.47,9.54,18.45,101.12,4.47,0,Thrissur,Kerala
2015-05-29,1.59,10.509999999999998,19.57,98.31,4.47,0,Thrissur,Kerala
2015-05-30,8.48,14.54,21.68,84.49,8.48,0,Thrissur,Kerala
2015-05-31,12.55,22.62,32.47,87.32000000000001,12.55,0,Thrissur,Kerala
2015-06-01,6.21,27.240000000000002,38.370000000000005,75.42,12.55,1,Thrissur,Kerala
2015-06-02,5.45,24.209999999999997,43.2,61.82000000000001,12.55,1,Thrissur,Kerala
2015-06-03,2.12,13.779999999999998,40.87,58.300000000000004,6.21,1,Thrissur,Kerala
2015-06-04,4.41,11.979999999999999,40.81,59.74,5.45,1,Thrissur,Kerala
2015-06-05,4.18,10.709999999999997,43.400000000000006,63.440000000000005,4.41,1,Thrissur,Kerala
2015-06-06,2.02,10.609999999999998,36.94,64.99000000000001,4.41,1,Thrissur,Kerala
2015-06-07,12.95,19.15,37.34,71.57,12.95,1,Thrissur,Kerala
2015-06-08,7.21,22.18,38.34,77.02000000000001,12.95,1,Thrissur,Kerala
2015-06-09,2.46,22.619999999999997,35.349999999999994,79.17,12.95,1,Thrissur,Kerala
2015-06-10,4.19,13.86,37.42,82.74,7.21,1,Thrissur,Kerala
2015-06-11,20.68,27.33,53.69,98.97,20.68,1,Thrissur,Kerala
2015-06-12,13.36,38.23,62.87,107.86,20.68,1,Thrissur,Kerala
2015-06-13,9.66,43.7,70.51,115.92999999999999,20.68,1,Thrissur,Kerala
2015-06-14,3.63,26.65,61.19,111.08000000000001,13.36,1,Thrissur,Kerala
2015-06-15,13.49,26.78,67.47,112.02,13.49,1,Thrissur,Kerala
2015-06-16,9.43,26.55,74.44,115.24000000000001,13.49,1,Thrissur,Kerala
2015-06-17,13.78,36.7,84.03,123.57,13.78,1,Thrissur,Kerala
2015-06-18,16.03,39.24,79.38,137.48,16.03,1,Thrissur,Kerala
2015-06-19,13.91,43.72,79.93,146.98,16.03,1,Thrissur,Kerala
2015-06-20,8.86,38.8,79.13000000000001,151.66,16.03,1,Thrissur,Kerala
2015-06-21,18.56,41.33,94.06,168.20000000000002,18.56,1,Thrissur,Kerala
2015-06-22,6.15,33.57,86.72,161.4,18.56,1,Thrissur,Kerala
2015-06-23,13.86,38.57,91.14999999999999,168.05,18.56,1,Thrissur,Kerala
2015-06-24,6.94,26.95,84.31,172.53,13.86,1,Thrissur,Kerala
2015-06-25,17.67,38.47,85.95,186.01000000000002,17.67,1,Thrissur,Kerala
2015-06-26,40.94,65.55,112.97999999999999,206.26999999999998,40.94,1,Thrissur,Kerala
2015-06-27,15.48,74.09,119.6,208.39,40.94,1,Thrissur,Kerala
2015-06-28,12.88,69.3,113.91999999999999,211.60999999999999,40.94,1,Thrissur,Kerala
2015-06-29,24.89,53.25,132.66,232.87,24.89,1,Thrissur,Kerala
2015-06-30,4.34,42.11,123.14,223.71999999999997,24.89,1,Thrissur,Kerala
2015-07-01,2.49,31.72,118.69,216.78,24.89,1,Thrissur,Kerala
2015-07-02,1.68,8.51,102.7,204.68,4.34,1,Thrissur,Kerala
2015-07-03,2.3,6.47,64.06,190.95,2.49,1,Thrissur,Kerala
2015-07-04,6.39,10.37,54.97,183.43,6.39,1,Thrissur,Kerala
2015-07-05,3.53,12.219999999999999,45.62,178.1,6.39,1,Thrissur,Kerala
2015-07-06,0.75,10.669999999999998,21.48,160.29,6.39,1,Thrissur,Kerala
2015-07-07,1.65,5.93,18.79,155.79,3.53,1,Thrissur,Kerala
2015-07-08,5.65,8.05,21.949999999999996,147.57999999999998,5.65,1,Thrissur,Kerala
2015-07-09,7.86,15.16,28.13,148.5,7.86,1,Thrissur,Kerala
2015-07-10,10.89,24.4,36.72,141.71999999999997,10.89,1,Thrissur,Kerala
2015-07-11,9.65,28.400000000000002,39.980000000000004,110.43,10.89,1,Thrissur,Kerala
2015-07-12,1.13,21.669999999999998,37.58,96.08,10.89,1,Thrissur,Kerala
2015-07-13,2.61,13.389999999999999,39.44,85.81,9.65,1,Thrissur,Kerala
2015-07-14,6.69,10.429999999999998,44.480000000000004,67.61,6.69,1,Thrissur,Kerala
2015-07-15,11.68,20.979999999999997,50.510000000000005,74.95,11.68,1,Thrissur,Kerala
2015-07-16,15.1,33.47,57.75,87.56,15.1,1,Thrissur,Kerala
2015-07-17,22.15,48.93,69.01,108.03,22.15,1,Thrissur,Kerala
2015-07-18,20.92,58.17,80.28,126.65,22.15,1,Thrissur,Kerala
2015-07-19,14.78,57.85,93.93,135.04,22.15,1,Thrissur,Kerala
2015-07-20,17.03,52.730000000000004,108.35,148.54,20.92,1,Thrissur,Kerala
2015-07-21,6.17,37.980000000000004,107.83,153.96,17.03,1,Thrissur,Kerala
2015-07-22,7.81,31.01,103.96,160.12,17.03,1,Thrissur,Kerala
2015-07-23,9.96,23.94,98.82000000000001,164.43,9.96,1,Thrissur,Kerala
2015-07-24,3.69,21.460000000000004,80.36,160.26,9.96,1,Thrissur,Kerala
2015-07-25,2.27,15.920000000000002,61.709999999999994,151.64000000000001,9.96,1,Thrissur,Kerala
2015-07-26,1.73,7.6899999999999995,48.660000000000004,143.72,3.69,1,Thrissur,Kerala
2015-07-27,0.46,4.46,32.09,143.05,2.27,1,Thrissur,Kerala
2015-07-28,0.48,2.67,26.4,140.92000000000002,1.73,1,Thrissur,Kerala
2015-07-29,0.69,1.63,19.28,134.92000000000002,0.69,1,Thrissur,Kerala
2015-07-30,0.16,1.3299999999999998,9.48,123.39999999999999,0.69,1,Thrissur,Kerala
2015-07-31,0.21,1.06,6.0,108.51,0.69,1,Thrissur,Kerala
2015-08-01,0.93,1.3,4.66,87.29,0.93,1,Thrissur,Kerala
2015-08-02,4.01,5.15,6.9399999999999995,70.38000000000001,4.01,1,Thrissur,Kerala
2015-08-03,7.49,12.43,13.969999999999999,63.09,7.49,1,Thrissur,Kerala
2015-08-04,7.45,18.950000000000003,20.939999999999998,53.510000000000005,7.49,1,Thrissur,Kerala
2015-08-05,6.43,21.37,26.68,53.769999999999996,7.49,1,Thrissur,Kerala
2015-08-06,3.5,17.380000000000003,30.020000000000003,49.46000000000001,7.45,1,Thrissur,Kerala
2015-08-07,3.91,13.840000000000002,33.72,43.41,6.43,1,Thrissur,Kerala
2015-08-08,13.6,21.01,46.39,53.32,13.6,1,Thrissur,Kerala
2015-08-09,5.27,22.78,47.650000000000006,56.32,13.6,1,Thrissur,Kerala
2015-08-10,12.82,31.689999999999998,52.980000000000004,67.41,13.6,1,Thrissur,Kerala
2015-08-11,2.98,21.069999999999997,48.51,69.93,12.82,1,Thrissur,Kerala
2015-08-12,7.89,23.689999999999998,49.97,77.34,12.82,1,Thrissur,Kerala
2015-08-13,6.78,17.65,53.25,83.43,7.89,1,Thrissur,Kerala
2015-08-14,4.1,18.77,53.44,87.37,7.89,1,Thrissur,Kerala
2015-08-15,1.82,12.7,41.66,88.98,6.78,1,Thrissur,Kerala
2015-08-16,15.88,21.8,52.27,103.93,15.88,1,Thrissur,Kerala
2015-08-17,4.57,22.270000000000003,44.02,104.49,15.88,1,Thrissur,Kerala
2015-08-18,6.79,27.240000000000002,47.83,103.79,15.88,1,Thrissur,Kerala
2015-08-19,4.57,15.93,44.51,100.91,6.79,1,Thrissur,Kerala
2015-08-20,1.54,12.899999999999999,39.269999999999996,96.02,6.79,1,Thrissur,Kerala
2015-08-21,8.61,14.719999999999999,43.78,101.13,8.61,1,Thrissur,Kerala
2015-08-22,9.15,19.299999999999997,51.11,106.37,9.15,1,Thrissur,Kerala
2015-08-23,6.02,23.78,41.25,98.79,9.15,1,Thrissur,Kerala
2015-08-24,2.92,18.09,39.6,96.44,9.15,1,Thrissur,Kerala
2015-08-25,0.48,9.42,33.29,84.1,6.02,1,Thrissur,Kerala
2015-08-26,0.23,3.63,28.95,81.35,2.92,1,Thrissur,Kerala
2015-08-27,2.4,3.11,29.81,75.86,2.4,1,Thrissur,Kerala
2015-08-28,0.44,3.07,21.64,69.52,2.4,1,Thrissur,Kerala
2015-08-29,0.2,3.04,12.69,65.62,2.4,1,Thrissur,Kerala
2015-08-30,0.22,0.86,6.89,64.02,0.44,1,Thrissur,Kerala
2015-08-31,0.52,0.94,4.49,48.66,0.52,1,Thrissur,Kerala
2015-09-01,0.58,1.3199999999999998,4.59,44.669999999999995,0.58,1,Thrissur,Kerala
2015-09-02,0.95,2.05,5.31,38.83,0.95,1,Thrissur,Kerala
2015-09-03,0.77,2.3,3.6799999999999997,35.03,0.95,1,Thrissur,Kerala
2015-09-04,3.53,5.25,6.77,37.019999999999996,3.53,1,Thrissur,Kerala
2015-09-05,9.4,13.7,15.969999999999999,37.81,9.4,1,Thrissur,Kerala
2015-09-06,6.58,19.51,22.33,35.24,9.4,1,Thrissur,Kerala
2015-09-07,22.51,38.49,44.32000000000001,51.73,22.51,1,Thrissur,Kerala
2015-09-08,2.79,31.880000000000003,46.53000000000001,51.6,22.51,1,Thrissur,Kerala
2015-09-09,3.84,29.140000000000004,49.42,54.96,22.51,1,Thrissur,Kerala
2015-09-10,11.19,17.82,59.84,65.92,11.19,1,Thrissur,Kerala
2015-09-11,5.12,20.150000000000002,61.43000000000001,68.64,11.19,1,Thrissur,Kerala
2015-09-12,3.41,19.720000000000002,55.44,71.61,11.19,1,Thrissur,Kerala
2015-09-13,0.43,8.96,49.29,71.83999999999999,5.12,1,Thrissur,Kerala
2015-09-14,0.88,4.720000000000001,27.660000000000004,72.5,3.41,1,Thrissur,Kerala
2015-09-15,4.99,6.300000000000001,29.860000000000007,76.97,4.99,1,Thrissur,Kerala
2015-09-16,16.35,22.220000000000002,42.370000000000005,92.74000000000001,16.35,1,Thrissur,Kerala
2015-09-17,9.1,30.440000000000005,40.28000000000001,100.89,16.35,1,Thrissur,Kerala
2015-09-18,5.09,30.54,40.25000000000001,105.21000000000001,16.35,1,Thrissur,Kerala
2015-09-19,3.54,17.73,40.38,105.22,9.1,1,Thrissur,Kerala
2015-09-20,11.5,20.130000000000003,51.45,107.32,11.5,1,Thrissur,Kerala
2015-09-21,1.18,16.220000000000002,51.75000000000001,101.92,11.5,1,Thrissur,Kerala
2015-09-22,0.42,13.100000000000001,47.18000000000001,79.83,11.5,1,Thrissur,Kerala
2015-09-23,1.27,2.870000000000002,32.10000000000001,78.31,1.27,1,Thrissur,Kerala
2015-09-24,6.35,8.040000000000001,29.350000000000005,80.82,6.35,1,Thrissur,Kerala
2015-09-25,5.05,12.670000000000002,29.310000000000006,74.68,6.35,1,Thrissur,Kerala
2015-09-26,4.52,15.920000000000002,30.290000000000006,74.08,6.35,1,Thrissur,Kerala
2015-09-27,19.54,29.11,38.330000000000005,90.21,19.54,1,Thrissur,Kerala
2015-09-28,19.81,43.87,56.96000000000001,109.59,19.81,1,Thrissur,Kerala
2015-09-29,26.53,65.88,83.07000000000001,135.24,26.53,1,Thrissur,Kerala
2015-09-30,7.84,54.17999999999999,89.64000000000001,138.08999999999997,26.53,1,Thrissur,Kerala
2015-10-01,6.09,40.46,89.38,127.82999999999998,26.53,0,Thrissur,Kerala
2015-10-02,9.7,23.63,94.03,128.43,9.7,0,Thrissur,Kerala
2015-10-03,4.08,19.869999999999997,93.59,127.41999999999999,9.7,0,Thrissur,Kerala
2015-10-04,15.41,29.189999999999998,89.46000000000001,139.29,15.41,0,Thrissur,Kerala
2015-10-05,20.62,40.11,90.27000000000001,148.41,20.62,0,Thrissur,Kerala
2015-10-06,6.26,42.290000000000006,70.00000000000001,153.49,20.62,0,Thrissur,Kerala
2015-10-07,4.15,31.03,66.31,157.22,20.62,0,Thrissur,Kerala
2015-10-08,14.81,25.220000000000006,75.03,170.76,14.81,0,Thrissur,Kerala
2015-10-09,10.98,29.940000000000005,76.31000000000002,175.39000000000001,14.81,0,Thrissur,Kerala
2015-10-10,6.47,32.260000000000005,78.7,176.81,14.81,0,Thrissur,Kerala
2015-10-11,12.39,29.840000000000003,75.68,184.68,12.39,0,Thrissur,Kerala
2015-10-12,3.94,22.800000000000008,59.00000000000001,169.07999999999998,12.39,0,Thrissur,Kerala
2015-10-13,5.61,21.940000000000005,58.35000000000001,154.88,12.39,0,Thrissur,Kerala
2015-10-14,12.02,21.570000000000004,66.22,140.37,12.02,0,Thrissur,Kerala
2015-10-15,11.78,29.410000000000004,63.19000000000001,144.31,12.02,0,Thrissur,Kerala
2015-10-16,0.81,24.610000000000003,53.02,139.03,12.02,0,Thrissur,Kerala
2015-10-17,2.21,14.800000000000002,48.760000000000005,131.54,11.78,0,Thrissur,Kerala
2015-10-18,4.15,7.1700000000000035,40.52000000000001,131.61,4.15,0,Thrissur,Kerala
2015-10-19,1.02,7.380000000000003,37.60000000000001,117.22,4.15,0,Thrissur,Kerala
2015-10-20,0.86,6.030000000000004,32.85000000000001,97.46,4.15,0,Thrissur,Kerala
2015-10-21,0.53,2.4100000000000037,21.360000000000007,91.73,1.02,0,Thrissur,Kerala
2015-10-22,3.45,4.840000000000003,13.030000000000008,91.03,3.45,0,Thrissur,Kerala
2015-10-23,1.07,5.050000000000004,13.290000000000006,77.28999999999999,3.45,0,Thrissur,Kerala
2015-10-24,4.76,9.280000000000005,15.840000000000007,71.07000000000001,4.76,0,Thrissur,Kerala
2015-10-25,12.25,18.080000000000005,23.940000000000005,76.85000000000001,12.25,0,Thrissur,Kerala
2015-10-26,0.16,17.170000000000005,23.080000000000005,64.62,12.25,0,Thrissur,Kerala
2015-10-27,3.83,16.240000000000006,26.050000000000008,64.51,12.25,0,Thrissur,Kerala
2015-10-28,5.82,9.810000000000006,31.340000000000007,64.72,5.82,0,Thrissur,Kerala
2015-10-29,1.69,11.340000000000005,29.58000000000001,54.39,5.82,0,Thrissur,Kerala
2015-10-30,4.83,12.340000000000005,33.34,47.44,5.82,0,Thrissur,Kerala
2015-10-31,12.64,19.160000000000004,41.220000000000006,59.27,12.64,0,Thrissur,Kerala
2015-11-01,9.41,26.880000000000003,38.38000000000001,66.47,12.64,0,Thrissur,Kerala
2015-11-02,5.95,28.000000000000007,44.17000000000001,68.27,12.64,0,Thrissur,Kerala
2015-11-03,7.62,22.980000000000004,47.96000000000001,74.87,9.41,0,Thrissur,Kerala
2015-11-04,6.14,19.710000000000004,48.28,80.15,7.62,0,Thrissur,Kerala
2015-11-05,38.27,52.03000000000001,84.86000000000001,117.89000000000001,38.27,0,Thrissur,Kerala
2015-11-06,12.15,56.56000000000001,92.18,126.59,38.27,0,Thrissur,Kerala
2015-11-07,18.25,68.67000000000002,97.79,143.77,38.27,0,Thrissur,Kerala
2015-11-08,15.77,46.17,104.15,154.78000000000003,18.25,0,Thrissur,Kerala
2015-11-09,8.77,42.790000000000006,106.97,151.3,18.25,0,Thrissur,Kerala
2015-11-10,9.6,34.14000000000001,108.95,160.73999999999998,15.77,0,Thrissur,Kerala
2015-11-11,7.88,26.250000000000007,110.69,164.79000000000002,9.6,0,Thrissur,Kerala
2015-11-12,5.74,23.220000000000006,78.16,164.71,9.6,0,Thrissur,Kerala
2015-11-13,1.92,15.540000000000006,67.92999999999999,164.94,7.88,0,Thrissur,Kerala
2015-11-14,0.43,8.090000000000007,50.11,160.54,5.74,0,Thrissur,Kerala
2015-11-15,1.18,3.530000000000007,35.52,149.07999999999998,1.92,0,Thrissur,Kerala
2015-11-16,1.4,3.010000000000007,28.15,141.07,1.4,0,Thrissur,Kerala
2015-11-17,4.95,7.5300000000000065,23.5,140.07,4.95,0,Thrissur,Kerala
2015-11-18,6.29,12.640000000000008,21.91,138.74,6.29,0,Thrissur,Kerala
2015-11-19,10.69,21.930000000000007,26.86,143.29000000000002,10.69,0,Thrissur,Kerala
2015-11-20,2.1,19.08000000000001,27.04,107.12,10.69,0,Thrissur,Kerala
2015-11-21,1.76,14.550000000000008,28.369999999999997,96.73,10.69,0,Thrissur,Kerala
2015-11-22,7.7,11.560000000000008,34.89,86.17999999999999,7.7,0,Thrissur,Kerala
2015-11-23,14.96,24.42000000000001,48.45,85.37,14.96,0,Thrissur,Kerala
2015-11-24,7.9,30.56000000000001,51.4,84.5,14.96,0,Thrissur,Kerala
2015-11-25,0.5,23.360000000000007,45.61,75.4,14.96,0,Thrissur,Kerala
2015-11-26,0.01,8.410000000000007,34.93,67.53,7.9,0,Thrissur,Kerala
2015-11-27,0.1,0.6100000000000071,32.93,61.89,0.5,0,Thrissur,Kerala
2015-11-28,1.33,1.440000000000007,32.5,61.3,1.33,0,Thrissur,Kerala
2015-11-29,7.14,8.570000000000007,31.939999999999998,68.01,7.14,0,Thrissur,Kerala
2015-11-30,6.46,14.930000000000007,23.439999999999998,73.29,7.14,0,Thrissur,Kerala
2015-12-01,0.46,14.060000000000008,16.0,72.35000000000001,7.14,0,Thrissur,Kerala
2015-12-02,2.99,9.910000000000007,18.490000000000002,70.39,6.46,0,Thrissur,Kerala
2015-12-03,0.89,4.340000000000006,19.369999999999997,64.99000000000001,2.99,0,Thrissur,Kerala
2015-12-04,0.81,4.690000000000007,20.080000000000002,55.11,2.99,0,Thrissur,Kerala
2015-12-05,3.85,5.550000000000006,22.599999999999998,56.86,3.85,0,Thrissur,Kerala
2015-12-06,4.45,9.110000000000007,19.91,59.550000000000004,4.45,0,Thrissur,Kerala
2015-12-07,6.67,14.970000000000006,20.119999999999997,58.519999999999996,6.67,0,Thrissur,Kerala
2015-12-08,2.41,13.530000000000008,22.07,45.97,6.67,0,Thrissur,Kerala
2015-12-09,1.21,10.290000000000006,20.29,39.28,6.67,0,Thrissur,Kerala
2015-12-10,1.58,5.200000000000006,20.98,40.36,2.41,0,Thrissur,Kerala
2015-12-11,1.17,3.960000000000006,21.34,41.52,1.58,0,Thrissur,Kerala
2015-12-12,3.24,5.990000000000006,20.73,44.660000000000004,3.24,0,Thrissur,Kerala
2015-12-13,3.59,8.000000000000007,19.87,46.92,3.59,0,Thrissur,Kerala
2015-12-14,6.38,13.210000000000006,19.58,46.160000000000004,6.38,0,Thrissur,Kerala
2015-12-15,3.59,13.560000000000006,20.759999999999998,43.29,6.38,0,Thrissur,Kerala
2015-12-16,3.65,13.620000000000006,23.2,46.48,6.38,0,Thrissur,Kerala
2015-12-17,0.06,7.300000000000006,21.68,43.55,3.65,0,Thrissur,Kerala
2015-12-18,0.07,3.780000000000006,20.58,42.73,3.65,0,Thrissur,Kerala
2015-12-19,2.48,2.610000000000006,19.82,44.400000000000006,2.48,0,Thrissur,Kerala
2015-12-20,0.35,2.900000000000006,16.580000000000002,40.9,2.48,0,Thrissur,Kerala
2015-12-21,0.03,2.860000000000006,10.23,36.48,2.48,0,Thrissur,Kerala
2015-12-22,0.0,0.3800000000000062,6.64,29.81,0.35,0,Thrissur,Kerala
2015-12-23,0.0,0.030000000000006216,2.9899999999999998,27.4,0.03,0,Thrissur,Kerala
2015-12-24,0.0,0.0,2.9299999999999997,26.189999999999998,0.0,0,Thrissur,Kerala
2015-12-25,0.0,0.0,2.86,24.61,0.0,0,Thrissur,Kerala
2015-12-26,0.0,0.0,0.38,23.439999999999998,0.0,0,Thrissur,Kerala
2015-12-27,0.02,0.020000000000006218,0.05,20.22,0.02,0,Thrissur,Kerala
2015-12-28,0.0,0.020000000000006218,0.02,16.63,0.02,0,Thrissur,Kerala
2015-12-29,0.01,0.030000000000006216,0.03,10.26,0.02,0,Thrissur,Kerala
2015-12-30,0.0,0.010000000000006217,0.03,6.67,0.01,0,Thrissur,Kerala
2015-12-31,0.0,0.010000000000006217,0.03,3.02,0.01,0,Thrissur,Kerala
2016-01-01,0.0,0.0,0.03,2.96,0.0,0,Thrissur,Kerala
2016-01-02,0.0,0.0,0.03,2.89,0.0,0,Thrissur,Kerala
2016-01-03,0.0,0.0,0.01,0.41,0.0,0,Thrissur,Kerala
2016-01-04,0.0,0.0,0.01,0.06,0.0,0,Thrissur,Kerala
2016-01-05,0.0,0.0,0.0,0.03,0.0,0,Thrissur,Kerala
2016-01-06,0.0,0.0,0.0,0.03,0.0,0,Thrissur,Kerala
2016-01-07,0.0,0.0,0.0,0.03,0.0,0,Thrissur,Kerala
2016-01-08,0.0,0.0,0.0,0.03,0.0,0,Thrissur,Kerala
2016-01-09,0.0,0.0,0.0,0.03,0.0,0,Thrissur,Kerala
2016-01-10,0.0,0.0,0.0,0.03,0.0,0,Thrissur,Kerala
2016-01-11,0.0,0.0,0.0,0.01,0.0,0,Thrissur,Kerala
2016-01-12,0.0,0.0,0.0,0.01,0.0,0,Thrissur,Kerala
2016-01-13,0.0,0.0,0.0,0.0,0.0,0,Thrissur,Kerala
2016-01-14,0.0,0.0,0.0,0.0,0.0,0,Thrissur,Kerala
2016-01-15,0.0,0.0,0.0,0.0,0.0,0,Thrissur,Kerala
2016-01-16,0.0,0.0,0.0,0.0,0.0,0,Thrissur,Kerala
2016-01-17,0.0,0.0,0.0,0.0,0.0,0,Thrissur,Kerala
2016-01-18,0.01,0.010000000000006217,0.01,0.01,0.01,0,Thrissur,Kerala
2016-01-19,0.01,0.020000000000006218,0.02,0.02,0.01,0,Thrissur,Kerala
2016-01-20,0.07,0.09000000000000623,0.09000000000000001,0.09000000000000001,0.07,0,Thrissur,Kerala
2016-01-21,1.11,1.1900000000000064,1.2000000000000002,1.2000000000000002,1.11,0,Thrissur,Kerala
2016-01-22,0.94,2.1200000000000063,2.14,2.14,1.11,0,Thrissur,Kerala
2016-01-23,0.14,2.1900000000000066,2.2800000000000002,2.2800000000000002,1.11,0,Thrissur,Kerala
2016-01-24,0.04,1.120000000000006,2.3200000000000003,2.3200000000000003,0.94,0,Thrissur,Kerala
2016-01-25,0.02,0.20000000000000623,2.3300000000000005,2.3400000000000003,0.14,0,Thrissur,Kerala
2016-01-26,0.19,0.2500000000000062,2.5100000000000002,2.5300000000000002,0.19,0,Thrissur,Kerala
2016-01-27,0.34,0.5500000000000063,2.7800000000000002,2.87,0.34,0,Thrissur,Kerala
2016-01-28,0.01,0.5400000000000061,1.68,2.8800000000000003,0.34,0,Thrissur,Kerala
2016-01-29,0.01,0.36000000000000626,0.75,2.89,0.34,0,Thrissur,Kerala
2016-01-30,0.01,0.03,0.62,2.9000000000000004,0.01,0,Thrissur,Kerala
2016-01-31,0.0,0.02000000000000616,0.58,2.9000000000000004,0.01,0,Thrissur,Kerala
2016-02-01,0.0,0.010000000000006162,0.5599999999999999,2.9000000000000004,0.01,0,Thrissur,Kerala
2016-02-02,0.0,0.0,0.37000000000000005,2.8900000000000006,0.0,0,Thrissur,Kerala
2016-02-03,0.0,0.0,0.03,2.8800000000000003,0.0,0,Thrissur,Kerala
2016-02-04,0.0,0.0,0.019999999999999997,2.8100000000000005,0.0,0,Thrissur,Kerala
2016-02-05,0.0,0.0,0.01,1.7,0.0,0,Thrissur,Kerala
2016-02-06,0.0,0.0,0.0,0.76,0.0,0,Thrissur,Kerala
2016-02-07,0.06,0.06000000000000616,0.06,0.68,0.06,0,Thrissur,Kerala
2016-02-08,0.63,0.6900000000000062,0.69,1.27,0.63,0,Thrissur,Kerala
2016-02-09,2.52,3.210000000000006,3.21,3.77,2.52,0,Thrissur,Kerala
2016-02-10,4.3,7.450000000000006,7.51,7.88,4.3,0,Thrissur,Kerala
2016-02-11,5.91,12.730000000000006,13.42,13.45,5.91,0,Thrissur,Kerala
2016-02-12,0.25,10.460000000000006,13.67,13.690000000000001,5.91,0,Thrissur,Kerala
2016-02-13,0.4,6.560000000000006,14.07,14.08,5.91,0,Thrissur,Kerala
2016-02-14,0.07,0.7200000000000053,14.08,14.14,0.4,0,Thrissur,Kerala
2016-02-15,0.08,0.5500000000000054,13.530000000000001,14.22,0.4,0,Thrissur,Kerala
2016-02-16,0.0,0.15000000000000535,11.010000000000002,14.22,0.08,0,Thrissur,Kerala
2016-02-17,0.0,0.08000000000000533,6.71,14.22,0.08,0,Thrissur,Kerala
2016-02-18,0.0,0.0,0.8,14.22,0.0,0,Thrissur,Kerala
2016-02-19,0.0,0.0,0.55,14.22,0.0,0,Thrissur,Kerala
2016-02-20,1.07,1.0700000000000054,1.2200000000000002,15.290000000000001,1.07,0,Thrissur,Kerala
2016-02-21,0.92,1.9900000000000055,2.07,16.21,1.07,0,Thrissur,Kerala
2016-02-22,0.14,2.1300000000000052,2.13,16.29,1.07,0,Thrissur,Kerala
2016-02-23,0.1,1.1600000000000055,2.23,15.76,0.92,0,Thrissur,Kerala
2016-02-24,0.14,0.38000000000000533,2.37,13.38,0.14,0,Thrissur,Kerala
2016-02-25,1.58,1.8200000000000054,3.95,10.660000000000002,1.58,0,Thrissur,Kerala
2016-02-26,1.3,3.0200000000000053,5.25,6.050000000000001,1.58,0,Thrissur,Kerala
2016-02-27,1.1,3.9800000000000053,5.28,6.9,1.58,0,Thrissur,Kerala
2016-02-28,7.31,9.710000000000004,11.67,13.809999999999999,7.31,0,Thrissur,Kerala
2016-02-29,2.36,10.770000000000005,13.889999999999999,16.099999999999998,7.31,0,Thrissur,Kerala
2016-03-01,0.01,9.680000000000005,13.799999999999999,16.03,7.31,0,Thrissur,Kerala
2016-03-02,0.02,2.390000000000005,13.68,16.05,2.36,0,Thrissur,Kerala
2016-03-03,0.15,0.18000000000000532,12.25,16.2,0.15,0,Thrissur,Kerala
2016-03-04,0.11,0.2800000000000053,11.06,16.310000000000002,0.15,0,Thrissur,Kerala
2016-03-05,0.02,0.28000000000000536,9.98,16.330000000000002,0.15,0,Thrissur,Kerala
2016-03-06,0.71,0.8400000000000053,3.38,15.97,0.71,0,Thrissur,Kerala
2016-03-07,1.41,2.140000000000005,2.4299999999999997,16.459999999999997,1.41,0,Thrissur,Kerala
2016-03-08,0.04,2.160000000000005,2.46,16.36,1.41,0,Thrissur,Kerala
2016-03-09,0.03,1.4800000000000053,2.4699999999999998,16.29,1.41,0,Thrissur,Kerala
2016-03-10,0.04,0.11000000000000533,2.3599999999999994,16.19,0.04,0,Thrissur,Kerala
2016-03-11,0.15,0.22000000000000533,2.3999999999999995,14.76,0.15,0,Thrissur,Kerala
2016-03-12,1.32,1.5100000000000053,3.6999999999999997,14.78,1.32,0,Thrissur,Kerala
2016-03-13,1.29,2.760000000000005,4.279999999999999,14.969999999999999,1.32,0,Thrissur,Kerala
2016-03-14,0.45,3.0600000000000054,3.3200000000000003,8.11,1.32,0,Thrissur,Kerala
2016-03-15,1.58,3.3200000000000056,4.86,7.33,1.58,0,Thrissur,Kerala
2016-03-16,0.21,2.2400000000000055,5.04,7.529999999999999,1.58,0,Thrissur,Kerala
2016-03-17,0.2,1.9900000000000053,5.2,7.71,1.58,0,Thrissur,Kerala
2016-03-18,0.0,0.41000000000000536,5.050000000000001,7.56,0.21,0,Thrissur,Kerala
2016-03-19,0.0,0.20000000000000534,3.73,7.45,0.2,0,Thrissur,Kerala
2016-03-20,0.0,0.0,2.44,7.43,0.0,0,Thrissur,Kerala
2016-03-21,0.0,0.0,1.99,6.72,0.0,0,Thrissur,Kerala
2016-03-22,1.72,1.7200000000000053,2.13,7.03,1.72,0,Thrissur,Kerala
2016-03-23,2.95,4.670000000000005,4.87,9.940000000000001,2.95,0,Thrissur,Kerala
2016-03-24,0.75,5.420000000000005,5.42,10.66,2.95,0,Thrissur,Kerala
2016-03-25,0.88,4.580000000000005,6.3,11.5,2.95,0,Thrissur,Kerala
2016-03-26,0.12,1.7500000000000053,6.42,11.469999999999999,0.88,0,Thrissur,Kerala
2016-03-27,0.0,1.0000000000000053,6.42,10.149999999999999,0.88,0,Thrissur,Kerala
2016-03-28,0.14,0.26000000000000534,6.56,9.0,0.14,0,Thrissur,Kerala
2016-03-29,1.58,1.7200000000000055,6.42,10.129999999999999,1.58,0,Thrissur,Kerala
2016-03-30,0.97,2.6900000000000057,4.44,9.52,1.58,0,Thrissur,Kerala
2016-03-31,0.39,2.9400000000000053,4.08,9.700000000000001,1.58,0,Thrissur,Kerala
2016-04-01,0.25,1.6100000000000052,3.45,9.75,0.97,0,Thrissur,Kerala
2016-04-02,0.18,0.8200000000000054,3.5100000000000002,9.93,0.39,0,Thrissur,Kerala
2016-04-03,0.15,0.5800000000000053,3.66,10.08,0.25,0,Thrissur,Kerala
2016-04-04,0.24,0.5700000000000053,3.7600000000000002,10.319999999999999,0.24,0,Thrissur,Kerala
2016-04-05,0.61,1.0000000000000053,2.79,10.93,0.61,0,Thrissur,Kerala
2016-04-06,0.59,1.4400000000000053,2.41,9.8,0.61,0,Thrissur,Kerala
2016-04-07,2.52,3.720000000000005,4.539999999999999,9.370000000000001,2.52,0,Thrissur,Kerala
2016-04-08,11.18,14.290000000000004,15.469999999999999,19.8,11.18,0,Thrissur,Kerala
2016-04-09,13.37,27.070000000000004,28.659999999999997,32.29,13.37,0,Thrissur,Kerala
2016-04-10,1.98,26.530000000000005,30.49,34.150000000000006,13.37,0,Thrissur,Kerala
2016-04-11,0.11,15.460000000000004,30.36,34.260000000000005,13.37,0,Thrissur,Kerala
2016-04-12,0.03,2.1200000000000054,29.779999999999998,34.150000000000006,1.98,0,Thrissur,Kerala
2016-04-13,0.16,0.3000000000000053,29.349999999999998,32.73,0.16,0,Thrissur,Kerala
2016-04-14,0.7,0.8900000000000052,27.529999999999998,32.46,0.7,0,Thrissur,Kerala
2016-04-15,0.84,1.700000000000005,17.189999999999998,32.91,0.84,0,Thrissur,Kerala
2016-04-16,0.35,1.8900000000000052,4.17,33.01,0.84,0,Thrissur,Kerala
2016-04-17,0.05,1.2400000000000053,2.2399999999999998,32.879999999999995,0.84,0,Thrissur,Kerala
2016-04-18,0.04,0.44000000000000533,2.17,32.77,0.35,0,Thrissur,Kerala
2016-04-19,0.29,0.38000000000000533,2.4299999999999997,32.82,0.29,0,Thrissur,Kerala
2016-04-20,0.91,1.2400000000000053,3.18,33.12,0.91,0,Thrissur,Kerala
2016-04-21,1.44,2.640000000000005,3.92,33.97,1.44,0,Thrissur,Kerala
2016-04-22,0.64,2.990000000000005,3.72,32.089999999999996,1.44,0,Thrissur,Kerala
2016-04-23,0.18,2.2600000000000056,3.55,21.09,1.44,0,Thrissur,Kerala
2016-04-24,0.22,1.0400000000000054,3.72,7.9399999999999995,0.64,0,Thrissur,Kerala
2016-04-25,0.4,0.8000000000000054,4.08,6.359999999999999,0.4,0,Thrissur,Kerala
2016-04-26,0.09,0.7100000000000054,3.8800000000000003,6.34,0.4,0,Thrissur,Kerala
2016-04-27,0.08,0.5700000000000054,3.05,6.39,0.4,0,Thrissur,Kerala
2016-04-28,0.36,0.5300000000000054,1.97,6.59,0.36,0,Thrissur,Kerala
2016-04-29,0.27,0.7100000000000053,1.6,6.16,0.36,0,Thrissur,Kerala
2016-04-30,0.36,0.9900000000000053,1.78,5.68,0.36,0,Thrissur,Kerala
2016-05-01,0.59,1.2200000000000053,2.15,5.92,0.59,0,Thrissur,Kerala
2016-05-02,0.38,1.3300000000000054,2.13,6.25,0.59,0,Thrissur,Kerala
2016-05-03,0.19,1.1600000000000052,2.2299999999999995,6.4,0.59,0,Thrissur,Kerala
2016-05-04,0.38,0.9500000000000053,2.5300000000000002,6.49,0.38,0,Thrissur,Kerala
2016-05-05,1.56,2.1300000000000052,3.7299999999999995,7.14,1.56,0,Thrissur,Kerala
2016-05-06,9.53,11.470000000000004,12.989999999999998,15.229999999999999,9.53,0,Thrissur,Kerala
2016-05-07,5.01,16.1,17.64,19.6,9.53,0,Thrissur,Kerala
2016-05-08,3.69,18.230000000000004,20.74,23.11,9.53,0,Thrissur,Kerala
2016-05-09,1.43,10.130000000000004,21.79,24.319999999999997,5.01,0,Thrissur,Kerala
2016-05-10,5.45,10.570000000000006,27.049999999999997,29.369999999999997,5.45,0,Thrissur,Kerala
2016-05-11,15.06,21.940000000000005,41.730000000000004,44.34,15.06,0,Thrissur,Kerala
2016-05-12,2.23,22.740000000000006,42.4,46.49,15.06,0,Thrissur,Kerala
2016-05-13,1.8,19.090000000000007,34.67,47.93,15.06,0,Thrissur,Kerala
2016-05-14,5.94,9.970000000000006,35.6,53.6,5.94,0,Thrissur,Kerala
2016-05-15,9.24,16.980000000000004,41.150000000000006,62.480000000000004,9.24,0,Thrissur,Kerala
2016-05-16,10.77,25.950000000000006,50.49,72.66,10.77,0,Thrissur,Kerala
2016-05-17,24.82,44.830000000000005,69.86,97.1,24.82,0,Thrissur,Kerala
2016-05-18,1.85,37.440000000000005,56.65,98.76,24.82,0,Thrissur,Kerala
2016-05-19,10.11,36.78000000000001,64.53,108.49,24.82,0,Thrissur,Kerala
2016-05-20,6.14,18.100000000000005,68.87,113.07000000000001,10.11,0,Thrissur,Kerala
2016-05-21,0.12,16.370000000000005,63.05,103.66,10.11,0,Thrissur,Kerala
2016-05-22,0.78,7.040000000000007,54.59,99.42999999999999,6.14,0,Thrissur,Kerala
2016-05-23,0.43,1.3300000000000072,44.25,96.17,0.78,0,Thrissur,Kerala
2016-05-24,1.27,2.480000000000007,20.7,96.00999999999999,1.27,0,Thrissur,Kerala
2016-05-25,9.2,10.900000000000006,28.049999999999997,99.76,9.2,0,Thrissur,Kerala
2016-05-26,4.93,15.400000000000006,22.869999999999997,89.63,9.2,0,Thrissur,Kerala
2016-05-27,8.89,23.020000000000007,25.62,96.28999999999999,9.2,0,Thrissur,Kerala
2016-05-28,18.03,31.85000000000001,43.53,112.52000000000001,18.03,0,Thrissur,Kerala
2016-05-29,1.93,28.85000000000001,44.68,108.51,18.03,0,Thrissur,Kerala
2016-05-30,12.21,32.17000000000001,56.46,111.47999999999999,18.03,0,Thrissur,Kerala
2016-05-31,6.64,20.78000000000001,61.830000000000005,107.35,12.21,0,Thrissur,Kerala
2016-06-01,19.01,37.860000000000014,71.64,101.54,19.01,1,Thrissur,Kerala
2016-06-02,13.61,39.260000000000005,80.32000000000001,113.3,19.01,1,Thrissur,Kerala
2016-06-03,16.59,49.21000000000001,88.02000000000001,119.78,19.01,1,Thrissur,Kerala
2016-06-04,7.39,37.59,77.38000000000001,121.03,16.59,1,Thrissur,Kerala
2016-06-05,12.99,36.970000000000006,88.44,133.9,16.59,1,Thrissur,Kerala
2016-06-06,10.71,31.090000000000007,86.94,143.83,12.99,1,Thrissur,Kerala
2016-06-07,24.21,47.91000000000001,104.51,167.61,24.21,1,Thrissur,Kerala
2016-06-08,35.76,70.68,121.26,202.1,35.76,1,Thrissur,Kerala
2016-06-09,16.97,76.94,124.62,209.87,35.76,1,Thrissur,Kerala
2016-06-10,16.27,69.0,124.3,221.21,35.76,1,Thrissur,Kerala
2016-06-11,39.52,72.76,156.43,251.84000000000003,39.52,1,Thrissur,Kerala
2016-06-12,3.59,59.38000000000001,147.03,237.4,39.52,1,Thrissur,Kerala
2016-06-13,10.46,53.57000000000001,146.78000000000003,245.93,39.52,1,Thrissur,Kerala
2016-06-14,5.21,19.26,127.78000000000002,238.93,10.46,1,Thrissur,Kerala
2016-06-15,3.08,18.75,95.10000000000001,235.37,10.46,1,Thrissur,Kerala
2016-06-16,8.87,17.16,87.0,225.23,8.87,1,Thrissur,Kerala
2016-06-17,20.96,32.91,91.69000000000001,232.58,20.96,1,Thrissur,Kerala
2016-06-18,9.82,39.650000000000006,61.99,225.81,20.96,1,Thrissur,Kerala
2016-06-19,6.2,36.980000000000004,64.60000000000001,224.62000000000003,20.96,1,Thrissur,Kerala
2016-06-20,6.74,22.76,60.879999999999995,218.37,9.82,1,Thrissur,Kerala
2016-06-21,10.85,23.79,66.52000000000001,218.51,10.85,1,Thrissur,Kerala
2016-06-22,16.77,34.36,80.21,211.07,16.77,1,Thrissur,Kerala
2016-06-23,7.68,35.3,79.02000000000001,182.99,16.77,1,Thrissur,Kerala
2016-06-24,2.13,26.58,60.19,168.15,16.77,1,Thrissur,Kerala
2016-06-25,1.09,10.9,51.46,152.97,7.68,1,Thrissur,Kerala
2016-06-26,9.73,12.950000000000001,54.989999999999995,123.18,9.73,1,Thrissur,Kerala
2016-06-27,20.01,30.830000000000002,68.26,139.6,20.01,1,Thrissur,Kerala
2016-06-28,34.79,64.53,92.2,163.93,34.79,1,Thrissur,Kerala
2016-06-29,17.11,71.91,92.54,175.83,34.79,1,Thrissur,Kerala
2016-06-30,8.34,60.239999999999995,93.2,181.09,34.79,1,Thrissur,Kerala
2016-07-01,5.08,30.53,96.15,177.29999999999998,17.11,1,Thrissur,Kerala
2016-07-02,3.45,16.87,98.51,159.79,8.34,1,Thrissur,Kerala
2016-07-03,9.74,18.27,98.52,159.70999999999998,9.74,1,Thrissur,Kerala
2016-07-04,20.32,33.51,98.82999999999998,173.83,20.32,1,Thrissur,Kerala
2016-07-05,11.17,41.23,75.21,178.26,20.32,1,Thrissur,Kerala
2016-07-06,27.93,59.419999999999995,86.03,195.34,27.93,1,Thrissur,Kerala
2016-07-07,3.54,42.63999999999999,81.23,182.10999999999999,27.93,1,Thrissur,Kerala
2016-07-08,13.9,45.36999999999999,90.05,188.33,27.93,1,Thrissur,Kerala
2016-07-09,30.57,48.00999999999999,117.17,216.76999999999998,30.57,1,Thrissur,Kerala
2016-07-10,17.52,61.989999999999995,124.95,233.20000000000002,30.57,1,Thrissur,Kerala
2016-07-11,18.84,66.92999999999999,123.47,242.31,30.57,1,Thrissur,Kerala
2016-07-12,21.42,57.78,133.72,243.72,21.42,1,Thrissur,Kerala
2016-07-13,8.35,48.60999999999999,114.14,217.28000000000003,21.42,1,Thrissur,Kerala
2016-07-14,13.98,43.74999999999999,124.58,214.15,21.42,1,Thrissur,Kerala
2016-07-15,14.94,37.269999999999996,125.62,220.75,14.94,1,Thrissur,Kerala
2016-07-16,31.99,60.90999999999999,127.03999999999999,247.66000000000003,31.99,1,Thrissur,Kerala
2016-07-17,9.66,56.58999999999999,119.18,253.87,31.99,1,Thrissur,Kerala
2016-07-18,10.73,52.379999999999995,111.07,254.85999999999999,31.99,1,Thrissur,Kerala
2016-07-19,1.31,21.699999999999992,90.96,235.85,10.73,1,Thrissur,Kerala
2016-07-20,2.34,14.379999999999994,84.95,227.02,10.73,1,Thrissur,Kerala
2016-07-21,6.12,9.769999999999992,77.09,205.21,6.12,1,Thrissur,Kerala
2016-07-22,11.49,19.949999999999992,73.64,213.16,11.49,1,Thrissur,Kerala
2016-07-23,17.43,35.03999999999999,59.080000000000005,216.69,17.43,1,Thrissur,Kerala
2016-07-24,19.22,48.13999999999999,68.64,205.34,19.22,1,Thrissur,Kerala
2016-07-25,14.46,51.10999999999999,72.37,202.28,19.22,1,Thrissur,Kerala
2016-07-26,11.27,44.94999999999999,82.33,194.71,19.22,1,Thrissur,Kerala
2016-07-27,16.78,42.50999999999999,96.77000000000001,190.07000000000002,16.78,1,Thrissur,Kerala
2016-07-28,10.25,38.3,100.9,191.97,16.78,1,Thrissur,Kerala
2016-07-29,2.39,29.419999999999995,91.80000000000001,180.38,16.78,1,Thrissur,Kerala
2016-07-30,9.55,22.189999999999994,83.92,174.99,10.25,1,Thrissur,Kerala
2016-07-31,6.09,18.029999999999994,70.79,149.09,9.55,1,Thrissur,Kerala
2016-08-01,7.53,23.169999999999995,63.86,146.96,9.55,1,Thrissur,Kerala
2016-08-02,1.84,15.459999999999994,54.43000000000001,138.07,7.53,1,Thrissur,Kerala
2016-08-03,3.1,12.469999999999994,40.75000000000001,139.86,7.53,1,Thrissur,Kerala
2016-08-04,5.16,10.099999999999994,35.660000000000004,142.68,5.16,1,Thrissur,Kerala
2016-08-05,10.52,18.779999999999994,43.79,147.07999999999998,10.52,1,Thrissur,Kerala
2016-08-06,6.23,21.909999999999993,40.47,141.82000000000002,10.52,1,Thrissur,Kerala
2016-08-07,4.19,20.939999999999994,38.57,128.58,10.52,1,Thrissur,Kerala
2016-08-08,4.38,14.799999999999994,35.42,113.74000000000001,6.23,1,Thrissur,Kerala
2016-08-09,3.82,12.389999999999993,37.400000000000006,103.10000000000001,4.38,1,Thrissur,Kerala
2016-08-10,3.66,11.859999999999992,37.96,95.49000000000001,4.38,1,Thrissur,Kerala
2016-08-11,1.65,9.129999999999992,34.449999999999996,80.36,3.82,1,Thrissur,Kerala
2016-08-12,2.05,7.359999999999992,25.980000000000004,72.16000000000001,3.66,1,Thrissur,Kerala
2016-08-13,2.55,6.249999999999993,22.299999999999997,72.32000000000001,2.55,1,Thrissur,Kerala
2016-08-14,6.05,10.649999999999991,24.16,68.82,6.05,1,Thrissur,Kerala
2016-08-15,6.0,14.599999999999993,25.78,68.72999999999999,6.05,1,Thrissur,Kerala
2016-08-16,7.25,19.29999999999999,29.21,68.45,7.25,1,Thrissur,Kerala
2016-08-17,4.91,18.159999999999993,30.46,71.52,7.25,1,Thrissur,Kerala
2016-08-18,4.47,16.629999999999992,33.28,72.89,7.25,1,Thrissur,Kerala
2016-08-19,3.2,12.579999999999993,34.43,70.92999999999999,4.91,1,Thrissur,Kerala
2016-08-20,3.29,10.959999999999994,35.17,63.699999999999996,4.47,1,Thrissur,Kerala
2016-08-21,1.66,8.149999999999993,30.78,59.13,3.29,1,Thrissur,Kerala
2016-08-22,1.77,6.719999999999993,26.55,56.709999999999994,3.29,1,Thrissur,Kerala
2016-08-23,2.83,6.259999999999993,22.13,55.160000000000004,2.83,1,Thrissur,Kerala
2016-08-24,5.44,10.039999999999992,22.66,56.78,5.44,1,Thrissur,Kerala
2016-08-25,5.51,13.779999999999994,23.700000000000003,58.629999999999995,5.51,1,Thrissur,Kerala
2016-08-26,5.69,16.639999999999993,26.189999999999998,62.67,5.69,1,Thrissur,Kerala
2016-08-27,13.93,25.129999999999992,36.83,74.55,13.93,1,Thrissur,Kerala
2016-08-28,7.02,26.639999999999993,42.19,79.02000000000001,13.93,1,Thrissur,Kerala
2016-08-29,2.7,23.64999999999999,43.12,75.66999999999999,13.93,1,Thrissur,Kerala
2016-08-30,13.15,22.869999999999994,53.44,82.82,13.15,1,Thrissur,Kerala
2016-08-31,7.29,23.139999999999993,55.290000000000006,82.86,13.15,1,Thrissur,Kerala
2016-09-01,3.61,24.049999999999994,53.39,81.56,13.15,1,Thrissur,Kerala
2016-09-02,1.78,12.679999999999993,49.480000000000004,78.87,7.29,1,Thrissur,Kerala
2016-09-03,1.8,7.189999999999992,37.35,77.47,3.61,1,Thrissur,Kerala
2016-09-04,1.08,4.659999999999993,31.41,75.26,1.8,1,Thrissur,Kerala
2016-09-05,0.21,3.0899999999999928,28.92,73.81,1.8,1,Thrissur,Kerala
2016-09-06,0.37,1.659999999999993,16.14,72.41,1.08,1,Thrissur,Kerala
2016-09-07,0.06,0.6399999999999928,8.91,69.64,0.37,1,Thrissur,Kerala
2016-09-08,0.1,0.5299999999999929,5.3999999999999995,64.3,0.37,1,Thrissur,Kerala
2016-09-09,0.3,0.45999999999999286,3.9200000000000004,59.09,0.3,1,Thrissur,Kerala
2016-09-10,2.06,2.459999999999993,4.18,55.459999999999994,2.06,1,Thrissur,Kerala
2016-09-11,0.93,3.289999999999993,4.03,42.46000000000001,2.06,1,Thrissur,Kerala
2016-09-12,0.41,3.399999999999993,4.23,35.85,2.06,1,Thrissur,Kerala
2016-09-13,1.44,2.779999999999993,5.3,34.589999999999996,1.44,1,Thrissur,Kerala
2016-09-14,3.19,5.039999999999992,8.43,24.63,3.19,1,Thrissur,Kerala
2016-09-15,4.44,9.069999999999993,12.770000000000001,21.78,4.44,1,Thrissur,Kerala
2016-09-16,4.15,11.779999999999994,16.62,22.32,4.44,1,Thrissur,Kerala
2016-09-17,1.48,10.069999999999993,16.04,22.02,4.44,1,Thrissur,Kerala
2016-09-18,2.48,8.109999999999992,17.59,22.7,4.15,1,Thrissur,Kerala
2016-09-19,2.06,6.0199999999999925,19.240000000000002,23.680000000000003,2.48,1,Thrissur,Kerala
2016-09-20,1.26,5.799999999999993,19.06,24.73,2.48,1,Thrissur,Kerala
2016-09-21,3.46,6.779999999999993,19.330000000000002,27.82,3.46,1,Thrissur,Kerala
2016-09-22,1.19,5.909999999999993,16.080000000000002,28.950000000000003,3.46,1,Thrissur,Kerala
2016-09-23,1.63,6.279999999999992,13.56,30.48,3.46,1,Thrissur,Kerala
2016-09-24,4.14,6.959999999999993,16.22,34.32,4.14,1,Thrissur,Kerala
2016-09-25,2.23,7.999999999999993,15.969999999999999,34.49,4.14,1,Thrissur,Kerala
2016-09-26,1.06,7.4299999999999935,14.969999999999999,34.62,4.14,1,Thrissur,Kerala
2016-09-27,1.79,5.079999999999993,15.5,36.0,2.23,1,Thrissur,Kerala
2016-09-28,1.88,4.729999999999993,13.919999999999998,36.440000000000005,1.88,1,Thrissur,Kerala
2016-09-29,3.24,6.909999999999993,15.969999999999999,36.489999999999995,3.24,1,Thrissur,Kerala
2016-09-30,1.0,6.119999999999993,15.34,33.05,3.24,1,Thrissur,Kerala
2016-10-01,0.06,4.299999999999993,11.26,28.96,3.24,0,Thrissur,Kerala
2016-10-02,0.01,1.069999999999993,9.04,27.490000000000002,1.0,0,Thrissur,Kerala
2016-10-03,0.01,0.0799999999999929,7.99,25.02,0.06,0,Thrissur,Kerala
2016-10-04,0.02,0.039999999999992895,6.22,22.979999999999997,0.02,0,Thrissur,Kerala
2016-10-05,0.28,0.30999999999999295,4.62,22.0,0.28,0,Thrissur,Kerala
2016-10-06,0.14,0.43999999999999295,1.52,18.68,0.28,0,Thrissur,Kerala
2016-10-07,0.0,0.41999999999999293,0.52,17.49,0.28,0,Thrissur,Kerala
2016-10-08,0.11,0.2499999999999929,0.5700000000000001,15.969999999999999,0.14,0,Thrissur,Kerala
2016-10-09,0.03,0.1399999999999929,0.59,11.86,0.11,0,Thrissur,Kerala
2016-10-10,0.12,0.2599999999999929,0.7,9.75,0.12,0,Thrissur,Kerala
2016-10-11,0.12,0.2699999999999929,0.7999999999999999,8.81,0.12,0,Thrissur,Kerala
2016-10-12,0.79,1.029999999999993,1.31,7.8100000000000005,0.79,0,Thrissur,Kerala
2016-10-13,31.71,32.61999999999999,32.88,37.64,31.71,0,Thrissur,Kerala
2016-10-14,3.91,36.41,36.790000000000006,38.31,31.71,0,Thrissur,Kerala
2016-10-15,4.91,40.53,41.59,42.22,31.71,0,Thrissur,Kerala
2016-10-16,1.97,10.789999999999994,43.53,44.13,4.91,0,Thrissur,Kerala
2016-10-17,0.63,7.509999999999993,44.040000000000006,44.75,4.91,0,Thrissur,Kerala
2016-10-18,0.08,2.679999999999993,44.0,44.82,1.97,0,Thrissur,Kerala
2016-10-19,0.7,1.4099999999999928,43.910000000000004,45.5,0.7,0,Thrissur,Kerala
2016-10-20,2.55,3.3299999999999925,14.75,47.77,2.55,0,Thrissur,Kerala
2016-10-21,7.56,10.809999999999992,18.4,55.190000000000005,7.56,0,Thrissur,Kerala
2016-10-22,1.89,11.999999999999993,15.379999999999999,57.080000000000005,7.56,0,Thrissur,Kerala
2016-10-23,1.07,10.519999999999992,14.479999999999999,58.040000000000006,7.56,0,Thrissur,Kerala
2016-10-24,0.19,3.1499999999999937,14.04,58.2,1.89,0,Thrissur,Kerala
2016-10-25,1.12,2.3799999999999937,15.08,59.199999999999996,1.12,0,Thrissur,Kerala
2016-10-26,12.81,14.119999999999994,27.189999999999998,71.89,12.81,0,Thrissur,Kerala
2016-10-27,3.81,17.739999999999995,28.450000000000003,74.91,12.81,0,Thrissur,Kerala
2016-10-28,0.25,16.869999999999994,21.14,43.45,12.81,0,Thrissur,Kerala
2016-10-29,0.12,4.179999999999993,19.37,39.660000000000004,3.81,0,Thrissur,Kerala
2016-10-30,10.46,10.829999999999993,28.760000000000005,45.21,10.46,0,Thrissur,Kerala
2016-10-31,10.12,20.699999999999992,38.69,53.36,10.46,0,Thrissur,Kerala
2016-11-01,12.09,32.66999999999999,49.660000000000004,64.82,12.09,0,Thrissur,Kerala
2016-11-02,10.69,32.89999999999999,47.54,75.43,12.09,0,Thrissur,Kerala
2016-11-03,13.25,36.029999999999994,56.98,87.97999999999999,13.25,0,Thrissur,Kerala
2016-11-04,13.18,37.11999999999999,69.91,98.61,13.25,0,Thrissur,Kerala
2016-11-05,3.14,29.569999999999993,72.92999999999999,94.19,13.25,0,Thrissur,Kerala
2016-11-06,0.01,16.329999999999995,62.48,92.31,13.18,0,Thrissur,Kerala
2016-11-07,0.04,3.189999999999993,52.400000000000006,91.28,3.14,0,Thrissur,Kerala
2016-11-08,0.29,0.33999999999999286,40.6,91.38000000000001,0.29,0,Thrissur,Kerala
2016-11-09,1.43,1.7599999999999927,31.340000000000003,91.69,1.43,0,Thrissur,Kerala
2016-11-10,0.18,1.8999999999999928,18.270000000000003,79.06,1.43,0,Thrissur,Kerala
2016-11-11,0.87,2.479999999999993,5.96,76.11999999999999,1.43,0,Thrissur,Kerala
2016-11-12,1.77,2.819999999999993,4.59,77.64,1.77,0,Thrissur,Kerala
2016-11-13,3.59,6.229999999999993,8.17,81.10999999999999,3.59,0,Thrissur,Kerala
2016-11-14,8.05,13.409999999999993,16.18,78.7,8.05,0,Thrissur,Kerala
2016-11-15,9.84,21.479999999999993,25.73,78.41999999999999,9.84,0,Thrissur,Kerala
2016-11-16,1.08,18.96999999999999,25.380000000000003,67.41000000000001,9.84,0,Thrissur,Kerala
2016-11-17,0.66,11.579999999999993,25.86,57.38,9.84,0,Thrissur,Kerala
2016-11-18,0.01,1.749999999999993,25.0,44.14,1.08,0,Thrissur,Kerala
2016-11-19,0.01,0.6799999999999929,23.240000000000002,30.970000000000002,0.66,0,Thrissur,Kerala
2016-11-20,0.02,0.039999999999992895,19.67,27.85,0.02,0,Thrissur,Kerala
2016-11-21,0.02,0.0499999999999929,11.64,27.860000000000003,0.02,0,Thrissur,Kerala
2016-11-22,0.12,0.1599999999999929,1.9200000000000002,27.94,0.12,0,Thrissur,Kerala
2016-11-23,0.63,0.7699999999999929,1.47,28.28,0.63,0,Thrissur,Kerala
2016-11-24,1.26,2.0099999999999927,2.07,28.11,1.26,0,Thrissur,Kerala
2016-11-25,0.03,1.9199999999999928,2.0900000000000003,27.96,1.26,0,Thrissur,Kerala
2016-11-26,0.02,1.309999999999993,2.1,27.11,1.26,0,Thrissur,Kerala
2016-11-27,0.02,0.0699999999999929,2.1,25.36,0.03,0,Thrissur,Kerala
2016-11-28,0.0,0.039999999999992895,2.08,21.77,0.02,0,Thrissur,Kerala
2016-11-29,0.01,0.029999999999992893,1.9700000000000002,13.73,0.02,0,Thrissur,Kerala
2016-11-30,0.0,0.009999999999992895,1.34,3.89,0.01,0,Thrissur,Kerala
2016-12-01,0.19,0.1999999999999929,0.27,3.0,0.19,0,Thrissur,Kerala
2016-12-02,9.25,9.439999999999992,9.49,11.59,9.25,0,Thrissur,Kerala
2016-12-03,13.32,22.75999999999999,22.79,24.9,13.32,0,Thrissur,Kerala
2016-12-04,1.25,23.819999999999993,24.020000000000003,26.14,13.32,0,Thrissur,Kerala
2016-12-05,0.34,14.909999999999993,24.360000000000003,26.46,13.32,0,Thrissur,Kerala
2016-12-06,1.34,2.929999999999993,25.69,27.78,1.34,0,Thrissur,Kerala
2016-12-07,0.13,1.809999999999993,25.82,27.79,1.34,0,Thrissur,Kerala
2016-12-08,0.0,1.469999999999993,25.630000000000003,27.16,1.34,0,Thrissur,Kerala
2016-12-09,0.0,0.1299999999999929,16.380000000000003,25.900000000000002,0.13,0,Thrissur,Kerala
2016-12-10,0.0,0.0,3.06,25.87,0.0,0,Thrissur,Kerala
2016-12-11,0.0,0.0,1.81,25.85,0.0,0,Thrissur,Kerala
2016-12-12,0.07,0.0699999999999929,1.54,25.900000000000002,0.07,0,Thrissur,Kerala
2016-12-13,7.97,8.039999999999992,8.17,33.870000000000005,7.97,0,Thrissur,Kerala
2016-12-14,4.28,12.319999999999993,12.32,38.14,7.97,0,Thrissur,Kerala
2016-12-15,0.79,13.039999999999992,13.11,38.93000000000001,7.97,0,Thrissur,Kerala
2016-12-16,0.03,5.099999999999993,13.139999999999999,38.769999999999996,4.28,0,Thrissur,Kerala
2016-12-17,0.14,0.959999999999993,13.28,29.66,0.79,0,Thrissur,Kerala
2016-12-18,0.09,0.2599999999999929,13.37,16.430000000000003,0.14,0,Thrissur,Kerala
2016-12-19,0.0,0.2299999999999929,13.3,15.18,0.14,0,Thrissur,Kerala
2016-12-20,0.28,0.3699999999999929,5.61,15.120000000000001,0.28,0,Thrissur,Kerala
2016-12-21,0.08,0.35999999999999294,1.4100000000000001,13.86,0.28,0,Thrissur,Kerala
2016-12-22,0.01,0.3699999999999929,0.63,13.74,0.28,0,Thrissur,Kerala
2016-12-23,0.0,0.08999999999999284,0.6,13.74,0.08,0,Thrissur,Kerala
2016-12-24,0.0,0.00999999999999284,0.46,13.74,0.01,0,Thrissur,Kerala
2016-12-25,0.0,0.0,0.37000000000000005,13.74,0.0,0,Thrissur,Kerala
2016-12-26,0.0,0.0,0.37000000000000005,13.74,0.0,0,Thrissur,Kerala
2016-12-27,0.03,0.029999999999992838,0.12,13.7,0.03,0,Thrissur,Kerala
2016-12-28,0.5,0.5299999999999928,0.54,6.23,0.5,0,Thrissur,Kerala
2016-12-29,0.27,0.7999999999999928,0.8,2.22,0.5,0,Thrissur,Kerala
2016-12-30,0.0,0.7699999999999928,0.8,1.4300000000000002,0.5,0,Thrissur,Kerala
2016-12-31,0.0,0.2699999999999928,0.8,1.4,0.27,0,Thrissur,Kerala
2017-01-01,0.0,0.0,0.8,1.2600000000000002,0.0,0,Thrissur,Kerala
2017-01-02,0.0,0.0,0.8,1.17,0.0,0,Thrissur,Kerala
2017-01-03,0.0,0.0,0.77,1.17,0.0,0,Thrissur,Kerala
2017-01-04,0.0,0.0,0.2700000000000001,0.89,0.0,0,Thrissur,Kerala
2017-01-05,0.0,0.0,0.0,0.81,0.0,0,Thrissur,Kerala
2017-01-06,0.0,0.0,0.0,0.8,0.0,0,Thrissur,Kerala
2017-01-07,0.0,0.0,0.0,0.8,0.0,0,Thrissur,Kerala
2017-01-08,0.0,0.0,0.0,0.8,0.0,0,Thrissur,Kerala
2017-01-09,0.0,0.0,0.0,0.8,0.0,0,Thrissur,Kerala
2017-01-10,0.0,0.0,0.0,0.8,0.0,0,Thrissur,Kerala
2017-01-11,0.0,0.0,0.0,0.77,0.0,0,Thrissur,Kerala
2017-01-12,0.0,0.0,0.0,0.27,0.0,0,Thrissur,Kerala
2017-01-13,0.0,0.0,0.0,0.0,0.0,0,Thrissur,Kerala
2017-01-14,0.0,0.0,0.0,0.0,0.0,0,Thrissur,Kerala
2017-01-15,0.0,0.0,0.0,0.0,0.0,0,Thrissur,Kerala
2017-01-16,0.06,0.05999999999999278,0.06000000000000005,0.06,0.06,0,Thrissur,Kerala
2017-01-17,0.02,0.07999999999999279,0.08000000000000006,0.08,0.06,0,Thrissur,Kerala
2017-01-18,0.0,0.07999999999999279,0.08000000000000006,0.08,0.06,0,Thrissur,Kerala
2017-01-19,0.0,0.019999999999992784,0.08000000000000006,0.08,0.02,0,Thrissur,Kerala
2017-01-20,0.02,0.019999999999992784,0.10000000000000006,0.1,0.02,0,Thrissur,Kerala
2017-01-21,4.0,4.0199999999999925,4.1,4.1,4.0,0,Thrissur,Kerala
2017-01-22,1.48,5.499999999999993,5.58,5.58,4.0,0,Thrissur,Kerala
2017-01-23,0.0,5.479999999999993,5.5200000000000005,5.58,4.0,0,Thrissur,Kerala
2017-01-24,0.0,1.4799999999999933,5.5,5.58,1.48,0,Thrissur,Kerala
2017-01-25,0.03,0.029999999999993338,5.53,5.61,0.03,0,Thrissur,Kerala
2017-01-26,0.73,0.7599999999999933,6.26,6.34,0.73,0,Thrissur,Kerala
2017-01-27,4.84,5.599999999999993,11.08,11.18,4.84,0,Thrissur,Kerala
2017-01-28,5.69,11.259999999999994,12.77,16.87,5.69,0,Thrissur,Kerala
2017-01-29,1.5,12.029999999999994,12.79,18.37,5.69,0,Thrissur,Kerala
2017-01-30,0.24,7.429999999999994,13.03,18.61,5.69,0,Thrissur,Kerala
2017-01-31,0.07,1.8099999999999938,13.1,18.62,1.5,0,Thrissur,Kerala
2017-02-01,0.0,0.3099999999999938,13.07,18.6,0.24,0,Thrissur,Kerala
2017-02-02,0.0,0.06999999999999379,12.34,18.6,0.07,0,Thrissur,Kerala
2017-02-03,0.0,0.0,7.5,18.6,0.0,0,Thrissur,Kerala
2017-02-04,0.0,0.0,1.81,18.58,0.0,0,Thrissur,Kerala
2017-02-05,0.0,0.0,0.31,14.58,0.0,0,Thrissur,Kerala
2017-02-06,0.15,0.14999999999999378,0.22,13.25,0.15,0,Thrissur,Kerala
2017-02-07,0.12,0.2699999999999938,0.27,13.37,0.15,0,Thrissur,Kerala
2017-02-08,0.01,0.27999999999999375,0.27999999999999997,13.38,0.15,0,Thrissur,Kerala
2017-02-09,0.02,0.14999999999999378,0.3,13.370000000000001,0.12,0,Thrissur,Kerala
2017-02-10,0.01,0.039999999999993784,0.31,12.65,0.02,0,Thrissur,Kerala
2017-02-11,0.01,0.03999999999999378,0.32,7.82,0.02,0,Thrissur,Kerala
2017-02-12,0.01,0.03,0.33,2.14,0.01,0,Thrissur,Kerala
2017-02-13,0.01,0.03,0.19,0.65,0.01,0,Thrissur,Kerala
2017-02-14,0.14,0.15999999999999379,0.21000000000000002,0.55,0.14,0,Thrissur,Kerala
2017-02-15,0.0,0.14999999999999378,0.2,0.48,0.14,0,Thrissur,Kerala
2017-02-16,0.0,0.1399999999999938,0.18000000000000002,0.48,0.14,0,Thrissur,Kerala
2017-02-17,0.0,0.0,0.17,0.48,0.0,0,Thrissur,Kerala
2017-02-18,0.0,0.0,0.16000000000000003,0.48,0.0,0,Thrissur,Kerala
2017-02-19,0.0,0.0,0.15000000000000002,0.48,0.0,0,Thrissur,Kerala
2017-02-20,0.0,0.0,0.14,0.48,0.0,0,Thrissur,Kerala
2017-02-21,0.0,0.0,0.0,0.32999999999999996,0.0,0,Thrissur,Kerala
2017-02-22,0.0,0.0,0.0,0.21000000000000002,0.0,0,Thrissur,Kerala
2017-02-23,0.0,0.0,0.0,0.2,0.0,0,Thrissur,Kerala
2017-02-24,0.0,0.0,0.0,0.18000000000000002,0.0,0,Thrissur,Kerala
2017-02-25,0.01,0.009999999999993783,0.01,0.18000000000000002,0.01,0,Thrissur,Kerala
2017-02-26,0.02,0.02999999999999378,0.03,0.19000000000000003,0.02,0,Thrissur,Kerala
2017-02-27,0.01,0.039999999999993784,0.04,0.19000000000000003,0.02,0,Thrissur,Kerala
2017-02-28,0.0,0.02999999999999378,0.04,0.18000000000000002,0.02,0,Thrissur,Kerala
2017-03-01,0.0,0.009999999999993786,0.04,0.04,0.01,0,Thrissur,Kerala
2017-03-02,0.02,0.019999999999993787,0.060000000000000005,0.06,0.02,0,Thrissur,Kerala
2017-03-03,1.28,1.2999999999999938,1.34,1.34,1.28,0,Thrissur,Kerala
2017-03-04,4.39,5.689999999999993,5.72,5.7299999999999995,4.39,0,Thrissur,Kerala
2017-03-05,4.51,10.179999999999993,10.21,10.239999999999998,4.51,0,Thrissur,Kerala
2017-03-06,7.01,15.909999999999993,17.21,17.25,7.01,0,Thrissur,Kerala
2017-03-07,0.5,12.019999999999992,17.71,17.75,7.01,0,Thrissur,Kerala
2017-03-08,1.56,9.069999999999993,19.27,19.31,7.01,0,Thrissur,Kerala
2017-03-09,4.84,6.899999999999993,24.09,24.15,4.84,0,Thrissur,Kerala
2017-03-10,2.97,9.369999999999994,25.779999999999998,27.119999999999997,4.84,0,Thrissur,Kerala
2017-03-11,0.87,8.679999999999993,22.259999999999998,27.99,4.84,0,Thrissur,Kerala
2017-03-12,0.29,4.129999999999993,18.04,28.269999999999996,2.97,0,Thrissur,Kerala
2017-03-13,0.81,1.9699999999999929,11.839999999999998,29.06,0.87,0,Thrissur,Kerala
2017-03-14,14.29,15.389999999999992,25.63,43.339999999999996,14.29,0,Thrissur,Kerala
2017-03-15,13.33,28.429999999999993,37.4,56.67,14.29,0,Thrissur,Kerala
2017-03-16,12.74,40.35999999999999,45.3,69.41,14.29,0,Thrissur,Kerala
2017-03-17,0.23,26.299999999999994,42.56,69.62,13.33,0,Thrissur,Kerala
2017-03-18,0.42,13.389999999999993,42.11,68.76,12.74,0,Thrissur,Kerala
2017-03-19,0.37,1.019999999999993,42.19,64.74,0.42,0,Thrissur,Kerala
2017-03-20,1.14,1.9299999999999928,42.519999999999996,61.37,1.14,0,Thrissur,Kerala
2017-03-21,1.89,3.3999999999999924,30.12,56.25,1.89,0,Thrissur,Kerala
2017-03-22,0.17,3.1999999999999926,16.959999999999997,55.919999999999995,1.89,0,Thrissur,Kerala
2017-03-23,0.0,2.059999999999993,4.22,54.35999999999999,1.89,0,Thrissur,Kerala
2017-03-24,0.0,0.1699999999999929,3.9899999999999998,49.519999999999996,0.17,0,Thrissur,Kerala
2017-03-25,0.0,0.0,3.57,46.55,0.0,0,Thrissur,Kerala
2017-03-26,0.0,0.0,3.1999999999999997,45.67999999999999,0.0,0,Thrissur,Kerala
2017-03-27,0.04,0.039999999999992895,2.0999999999999996,45.43,0.04,0,Thrissur,Kerala
2017-03-28,0.09,0.1299999999999929,0.30000000000000004,44.71,0.09,0,Thrissur,Kerala
2017-03-29,0.05,0.1799999999999929,0.18,30.470000000000002,0.09,0,Thrissur,Kerala
2017-03-30,0.08,0.2199999999999929,0.26,17.22,0.09,0,Thrissur,Kerala
2017-03-31,0.34,0.4699999999999929,0.6000000000000001,4.82,0.34,0,Thrissur,Kerala
2017-04-01,0.47,0.8899999999999929,1.07,5.06,0.47,0,Thrissur,Kerala
2017-04-02,0.35,1.159999999999993,1.42,4.989999999999999,0.47,0,Thrissur,Kerala
2017-04-03,0.38,1.1999999999999929,1.76,4.999999999999999,0.47,0,Thrissur,Kerala
2017-04-04,0.17,0.8999999999999929,1.8399999999999999,4.029999999999999,0.38,0,Thrissur,Kerala
2017-04-05,0.27,0.819999999999993,2.06,2.41,0.38,0,Thrissur,Kerala
2017-04-06,2.33,2.769999999999993,4.3100000000000005,4.57,2.33,0,Thrissur,Kerala
2017-04-07,2.32,4.919999999999993,6.29,6.890000000000001,2.33,0,Thrissur,Kerala
2017-04-08,1.8,6.449999999999992,7.62,8.69,2.33,0,Thrissur,Kerala
2017-04-09,2.15,6.2699999999999925,9.42,10.84,2.32,0,Thrissur,Kerala
2017-04-10,1.55,5.499999999999993,10.590000000000002,12.39,2.15,0,Thrissur,Kerala
2017-04-11,0.71,4.409999999999993,11.129999999999999,13.059999999999999,2.15,0,Thrissur,Kerala
2017-04-12,0.95,3.209999999999993,11.809999999999999,13.919999999999998,1.55,0,Thrissur,Kerala
2017-04-13,3.66,5.319999999999993,13.14,17.53,3.66,0,Thrissur,Kerala
2017-04-14,4.14,8.749999999999993,14.959999999999999,21.589999999999996,4.14,0,Thrissur,Kerala
2017-04-15,0.19,7.989999999999993,13.35,21.439999999999998,4.14,0,Thrissur,Kerala
2017-04-16,1.19,5.5199999999999925,12.39,22.16,4.14,0,Thrissur,Kerala
2017-04-17,1.02,2.399999999999993,11.86,22.83,1.19,0,Thrissur,Kerala
2017-04-18,0.4,2.6099999999999928,11.55,22.849999999999998,1.19,0,Thrissur,Kerala
2017-04-19,0.58,1.999999999999993,11.18,23.26,1.02,0,Thrissur,Kerala
2017-04-20,2.87,3.849999999999993,10.39,25.86,2.87,0,Thrissur,Kerala
2017-04-21,4.17,7.619999999999993,10.42,27.7,4.17,0,Thrissur,Kerala
2017-04-22,2.44,9.479999999999993,12.67,27.82,4.17,0,Thrissur,Kerala
2017-04-23,1.28,7.889999999999993,12.760000000000002,27.299999999999997,4.17,0,Thrissur,Kerala
2017-04-24,0.09,3.809999999999993,11.83,25.24,2.44,0,Thrissur,Kerala
2017-04-25,0.21,1.579999999999993,11.639999999999999,23.9,1.28,0,Thrissur,Kerala
2017-04-26,2.18,2.4799999999999933,13.239999999999998,25.369999999999997,2.18,0,Thrissur,Kerala
2017-04-27,0.22,2.609999999999993,10.59,24.64,2.18,0,Thrissur,Kerala
2017-04-28,0.14,2.539999999999993,6.5600000000000005,21.119999999999997,2.18,0,Thrissur,Kerala
2017-04-29,1.06,1.419999999999993,5.180000000000001,18.04,1.06,0,Thrissur,Kerala
2017-04-30,1.62,2.819999999999993,5.5200000000000005,19.470000000000002,1.62,0,Thrissur,Kerala
2017-05-01,9.22,11.899999999999993,14.650000000000002,27.5,9.22,0,Thrissur,Kerala
2017-05-02,13.36,24.199999999999992,27.799999999999997,39.84,13.36,0,Thrissur,Kerala
2017-05-03,6.09,28.66999999999999,31.71,45.53,13.36,0,Thrissur,Kerala
2017-05-04,2.16,21.609999999999992,33.65,47.11,13.36,0,Thrissur,Kerala
2017-05-05,2.81,11.059999999999993,36.32,47.05,6.09,0,Thrissur,Kerala
2017-05-06,7.87,12.839999999999993,43.129999999999995,50.75,7.87,0,Thrissur,Kerala
2017-05-07,6.43,17.109999999999992,47.94,54.739999999999995,7.87,0,Thrissur,Kerala
2017-05-08,1.83,16.129999999999992,40.55,55.29,7.87,0,Thrissur,Kerala
2017-05-09,0.59,8.849999999999993,27.779999999999998,55.79,6.43,0,Thrissur,Kerala
2017-05-10,10.35,12.769999999999992,32.04,65.93,10.35,0,Thrissur,Kerala
2017-05-11,5.57,16.50999999999999,35.449999999999996,69.32,10.35,0,Thrissur,Kerala
2017-05-12,18.57,34.489999999999995,51.209999999999994,87.67,18.57,0,Thrissur,Kerala
2017-05-13,12.92,37.05999999999999,56.26,100.45,18.57,0,Thrissur,Kerala
2017-05-14,1.47,32.95999999999999,51.3,100.86,18.57,0,Thrissur,Kerala
2017-05-15,1.35,15.73999999999999,50.82,100.58999999999999,12.92,0,Thrissur,Kerala
2017-05-16,2.04,4.85999999999999,52.269999999999996,93.41,2.04,0,Thrissur,Kerala
2017-05-17,4.91,8.29999999999999,46.83,84.96,4.91,0,Thrissur,Kerala
2017-05-18,7.74,14.68999999999999,48.99999999999999,86.61000000000001,7.74,0,Thrissur,Kerala
2017-05-19,3.83,16.47999999999999,34.26,88.28,7.74,0,Thrissur,Kerala
2017-05-20,8.99,20.55999999999999,30.329999999999995,94.46,8.99,0,Thrissur,Kerala
2017-05-21,13.92,26.739999999999988,42.779999999999994,100.51,13.92,0,Thrissur,Kerala
2017-05-22,9.84,32.74999999999999,51.269999999999996,103.92,13.92,0,Thrissur,Kerala
2017-05-23,2.77,26.52999999999999,51.99999999999999,104.86,13.92,0,Thrissur,Kerala
2017-05-24,5.41,18.01999999999999,52.5,109.67999999999999,9.84,0,Thrissur,Kerala
2017-05-25,8.31,16.489999999999988,53.06999999999999,107.64,8.31,0,Thrissur,Kerala
2017-05-26,7.5,21.21999999999999,56.739999999999995,109.57,8.31,0,Thrissur,Kerala
2017-05-27,4.97,20.77999999999999,52.72,95.97,8.31,0,Thrissur,Kerala
2017-05-28,16.36,28.82999999999999,55.16,99.41,16.36,0,Thrissur,Kerala
2017-05-29,12.87,34.19999999999999,58.19,110.81,16.36,0,Thrissur,Kerala
2017-05-30,20.48,49.709999999999994,75.89999999999999,129.94,20.48,0,Thrissur,Kerala
2017-05-31,30.01,63.36,100.5,157.91,30.01,0,Thrissur,Kerala
2017-06-01,11.95,62.44,104.13999999999999,164.95,30.01,1,Thrissur,Kerala
2017-06-02,34.26,76.22,130.89999999999998,191.47,34.26,1,Thrissur,Kerala
2017-06-03,8.34,54.54999999999998,134.26999999999998,195.98000000000002,34.26,1,Thrissur,Kerala
2017-06-04,7.88,50.47999999999999,125.78999999999999,194.87,34.26,1,Thrissur,Kerala
2017-06-05,19.83,36.04999999999999,132.75,200.78,19.83,1,Thrissur,Kerala
2017-06-06,9.46,37.16999999999999,121.72999999999999,200.4,19.83,1,Thrissur,Kerala
2017-06-07,14.39,43.67999999999999,106.10999999999999,212.01999999999998,19.83,1,Thrissur,Kerala
2017-06-08,1.09,24.939999999999994,95.24999999999999,207.7,14.39,1,Thrissur,Kerala
2017-06-09,2.96,18.439999999999994,63.94999999999999,202.35,14.39,1,Thrissur,Kerala
2017-06-10,22.48,26.529999999999994,78.08999999999999,217.32999999999998,22.48,1,Thrissur,Kerala
2017-06-11,13.07,38.50999999999999,83.28,225.43,22.48,1,Thrissur,Kerala
2017-06-12,14.77,50.31999999999999,78.22,223.83999999999997,22.48,1,Thrissur,Kerala
2017-06-13,8.6,36.43999999999999,77.35999999999999,219.57000000000002,14.77,1,Thrissur,Kerala
2017-06-14,13.91,37.279999999999994,76.88,213.0,14.77,1,Thrissur,Kerala
2017-06-15,4.51,27.019999999999992,80.29999999999998,187.5,13.91,1,Thrissur,Kerala
2017-06-16,2.7,21.119999999999994,80.03999999999999,178.25,13.91,1,Thrissur,Kerala
2017-06-17,3.05,10.259999999999993,60.60999999999999,147.04,4.51,1,Thrissur,Kerala
2017-06-18,1.97,7.719999999999993,49.50999999999999,140.67,3.05,1,Thrissur,Kerala
2017-06-19,1.95,6.969999999999993,36.69,134.73999999999998,3.05,1,Thrissur,Kerala
2017-06-20,3.13,7.049999999999993,31.219999999999995,118.04,3.13,1,Thrissur,Kerala
2017-06-21,8.13,13.209999999999994,25.439999999999994,116.71000000000001,8.13,1,Thrissur,Kerala
2017-06-22,8.66,19.919999999999995,29.589999999999993,110.98,8.66,1,Thrissur,Kerala
2017-06-23,12.97,29.75999999999999,39.85999999999999,122.86,12.97,1,Thrissur,Kerala
2017-06-24,26.91,48.53999999999999,63.71999999999999,146.81,26.91,1,Thrissur,Kerala
2017-06-25,24.45,64.33,86.19999999999999,148.78,26.91,1,Thrissur,Kerala
2017-06-26,52.85,104.21,137.1,188.56,52.85,1,Thrissur,Kerala
2017-06-27,32.19,109.49,166.16,205.98,52.85,1,Thrissur,Kerala
2017-06-28,12.97,98.00999999999999,171.0,210.35,52.85,1,Thrissur,Kerala
2017-06-29,7.54,52.699999999999996,169.88,203.98,32.19,1,Thrissur,Kerala
2017-06-30,9.06,29.57,165.97,208.52999999999997,12.97,1,Thrissur,Kerala
2017-07-01,17.99,34.59,157.05,223.82,17.99,1,Thrissur,Kerala
2017-07-02,19.64,46.69,152.23999999999998,240.40999999999997,19.64,1,Thrissur,Kerala
2017-07-03,16.23,53.86,115.62,254.67,19.64,1,Thrissur,Kerala
2017-07-04,1.17,37.04,84.6,253.89,19.64,1,Thrissur,Kerala
2017-07-05,6.78,24.18,78.41,257.54,16.23,1,Thrissur,Kerala
2017-07-06,7.65,15.600000000000001,78.52,257.06,7.65,1,Thrissur,Kerala
2017-07-07,8.37,22.799999999999997,77.83000000000001,256.77,8.37,1,Thrissur,Kerala
2017-07-08,11.12,27.139999999999997,70.96,254.92000000000002,11.12,1,Thrissur,Kerala
2017-07-09,6.97,26.459999999999997,58.28999999999999,234.98,11.12,1,Thrissur,Kerala
2017-07-10,10.7,28.789999999999996,52.76,221.23,11.12,1,Thrissur,Kerala
2017-07-11,6.95,24.619999999999994,58.54,175.32999999999998,10.7,1,Thrissur,Kerala
2017-07-12,0.19,17.839999999999996,51.949999999999996,143.32999999999998,10.7,1,Thrissur,Kerala
2017-07-13,18.63,25.769999999999996,62.92999999999999,148.99,18.63,1,Thrissur,Kerala
2017-07-14,2.56,21.379999999999995,57.12,144.01000000000002,18.63,1,Thrissur,Kerala
2017-07-15,5.05,26.239999999999995,51.05,140.0,18.63,1,Thrissur,Kerala
2017-07-16,3.76,11.369999999999996,47.84,125.77,5.05,1,Thrissur,Kerala
2017-07-17,11.78,20.589999999999996,48.92,117.91,11.78,1,Thrissur,Kerala
2017-07-18,23.29,38.83,65.25999999999999,124.97,23.29,1,Thrissur,Kerala
2017-07-19,27.03,62.1,92.1,150.83,27.03,1,Thrissur,Kerala
2017-07-20,18.96,69.28,92.43,163.01,27.03,1,Thrissur,Kerala
2017-07-21,7.41,53.400000000000006,97.28,162.76999999999998,27.03,1,Thrissur,Kerala
2017-07-22,4.23,30.6,96.46000000000001,158.63,18.96,1,Thrissur,Kerala
2017-07-23,2.69,14.33,95.39,150.2,7.41,1,Thrissur,Kerala
2017-07-24,1.76,8.68,85.37,144.98999999999998,4.23,1,Thrissur,Kerala
2017-07-25,0.92,5.37,63.00000000000001,135.21,2.69,1,Thrissur,Kerala
2017-07-26,2.26,4.9399999999999995,38.23,130.52,2.26,1,Thrissur,Kerala
2017-07-27,7.38,10.56,26.65,137.71,7.38,1,Thrissur,Kerala
2017-07-28,8.59,18.23,27.83,127.67,8.59,1,Thrissur,Kerala
2017-07-29,4.06,20.03,27.66,129.17,8.59,1,Thrissur,Kerala
2017-07-30,5.89,18.54,30.86,130.01,8.59,1,Thrissur,Kerala
2017-07-31,9.66,19.61,38.76,135.91,9.66,1,Thrissur,Kerala
2017-08-01,21.13,36.68,58.97,145.26,21.13,1,Thrissur,Kerala
2017-08-02,10.64,41.43,67.35,132.61,21.13,1,Thrissur,Kerala
2017-08-03,10.52,42.29,70.49,116.10000000000001,21.13,1,Thrissur,Kerala
2017-08-04,16.1,37.260000000000005,78.0,113.24,16.1,1,Thrissur,Kerala
2017-08-05,14.89,41.510000000000005,88.83,120.72,16.1,1,Thrissur,Kerala
2017-08-06,6.82,37.81,89.76,123.31,16.1,1,Thrissur,Kerala
2017-08-07,9.01,30.72,89.11,129.63,14.89,1,Thrissur,Kerala
2017-08-08,25.3,41.13,93.28,153.17,25.3,1,Thrissur,Kerala
2017-08-09,13.14,47.45,95.78,165.39000000000001,25.3,1,Thrissur,Kerala
2017-08-10,6.22,44.660000000000004,91.48,169.35,25.3,1,Thrissur,Kerala
2017-08-11,17.35,36.71,92.73,179.32,17.35,1,Thrissur,Kerala
2017-08-12,1.97,25.54,79.81,172.7,17.35,1,Thrissur,Kerala
2017-08-13,1.22,20.540000000000003,74.21,169.86,17.35,1,Thrissur,Kerala
2017-08-14,5.62,8.81,70.82000000000001,169.59,5.62,1,Thrissur,Kerala
2017-08-15,9.62,16.46,55.14,169.55,9.62,1,Thrissur,Kerala
2017-08-16,4.19,19.43,46.19,152.61,9.62,1,Thrissur,Kerala
2017-08-17,8.08,21.89,48.05,150.04999999999998,9.62,1,Thrissur,Kerala
2017-08-18,13.4,25.67,44.1,152.93,13.4,1,Thrissur,Kerala
2017-08-19,12.87,34.349999999999994,55.0,149.7,13.4,1,Thrissur,Kerala
2017-08-20,13.26,39.53,67.04,148.07,13.4,1,Thrissur,Kerala
2017-08-21,22.75,48.88,84.16999999999999,164.0,22.75,1,Thrissur,Kerala
2017-08-22,7.22,43.230000000000004,81.77,162.20999999999998,22.75,1,Thrissur,Kerala
2017-08-23,11.59,41.56,89.16999999999999,148.5,22.75,1,Thrissur,Kerala
2017-08-24,3.01,21.82,84.1,138.36999999999998,11.59,1,Thrissur,Kerala
2017-08-25,0.64,15.24,71.34,132.79,11.59,1,Thrissur,Kerala
2017-08-26,6.37,10.02,64.84,121.81,6.37,1,Thrissur,Kerala
2017-08-27,13.91,20.92,65.49,133.75,13.91,1,Thrissur,Kerala
2017-08-28,34.94,55.22,77.67999999999999,167.47,34.94,1,Thrissur,Kerala
2017-08-29,24.19,73.04,94.64999999999999,186.04,34.94,1,Thrissur,Kerala
2017-08-30,5.01,64.14,88.07,181.42999999999998,34.94,1,Thrissur,Kerala
2017-08-31,2.07,31.27,87.13,179.31,24.19,1,Thrissur,Kerala
2017-09-01,24.84,31.919999999999998,111.33,196.07,24.84,1,Thrissur,Kerala
2017-09-02,24.04,50.949999999999996,129.0,206.71,24.84,1,Thrissur,Kerala
2017-09-03,3.92,52.8,119.00999999999999,197.76,24.84,1,Thrissur,Kerala
2017-09-04,13.59,41.55,97.66,198.09,24.04,1,Thrissur,Kerala
2017-09-05,12.7,30.21,86.17,188.04,13.59,1,Thrissur,Kerala
2017-09-06,10.66,36.949999999999996,91.82,191.48000000000002,13.59,1,Thrissur,Kerala
2017-09-07,11.9,35.260000000000005,101.65,191.79,12.7,1,Thrissur,Kerala
2017-09-08,18.3,40.86,95.11,207.08,18.3,1,Thrissur,Kerala
2017-09-09,13.82,44.02,84.88999999999999,220.26,18.3,1,Thrissur,Kerala
2017-09-10,10.85,42.970000000000006,91.82000000000001,224.73999999999998,18.3,1,Thrissur,Kerala
2017-09-11,8.97,33.64,87.2,219.8,13.82,1,Thrissur,Kerala
2017-09-12,4.21,24.03,78.71,189.07,10.85,1,Thrissur,Kerala
2017-09-13,11.63,24.810000000000002,79.68,176.51,11.63,1,Thrissur,Kerala
2017-09-14,17.01,32.85,84.78999999999999,188.51000000000002,17.01,1,Thrissur,Kerala
2017-09-15,8.03,36.67,74.52,194.47,17.01,1,Thrissur,Kerala
2017-09-16,51.09,76.13000000000001,111.79,220.72,51.09,1,Thrissur,Kerala
2017-09-17,53.87,112.99000000000001,154.81,250.55,53.87,1,Thrissur,Kerala
2017-09-18,12.9,117.86,158.74,259.53000000000003,53.87,1,Thrissur,Kerala
2017-09-19,7.99,74.76000000000002,162.52,253.93,53.87,1,Thrissur,Kerala
2017-09-20,2.6,23.49000000000001,153.49,243.83,12.9,1,Thrissur,Kerala
2017-09-21,2.14,12.730000000000008,138.62,235.31,7.99,1,Thrissur,Kerala
2017-09-22,0.65,5.390000000000008,131.24,224.06,2.6,1,Thrissur,Kerala
2017-09-23,0.03,2.8200000000000074,80.17999999999999,205.79,2.14,1,Thrissur,Kerala
2017-09-24,1.1,1.7800000000000071,27.41,193.07000000000002,1.1,1,Thrissur,Kerala
2017-09-25,3.65,4.7800000000000065,18.16,185.87,3.65,1,Thrissur,Kerala
2017-09-26,7.3,12.050000000000008,17.47,184.2,7.3,1,Thrissur,Kerala
2017-09-27,14.41,25.360000000000007,29.28,194.4,14.41,1,Thrissur,Kerala
2017-09-28,15.79,37.50000000000001,42.93,198.56,15.79,1,Thrissur,Kerala
2017-09-29,6.54,36.74000000000001,48.82,188.09,15.79,1,Thrissur,Kerala
2017-09-30,3.79,26.120000000000008,52.58,183.85,15.79,1,Thrissur,Kerala
2017-10-01,4.65,14.98000000000001,56.129999999999995,137.41,6.54,0,Thrissur,Kerala
2017-10-02,4.87,13.31000000000001,57.35,88.41,4.87,0,Thrissur,Kerala
2017-10-03,1.4,10.920000000000009,51.45,76.91,4.87,0,Thrissur,Kerala
2017-10-04,1.57,7.840000000000009,38.61,70.49,4.87,0,Thrissur,Kerala
2017-10-05,7.02,9.990000000000009,29.839999999999996,74.91,7.02,0,Thrissur,Kerala
2017-10-06,8.85,17.440000000000005,32.15,81.62,8.85,0,Thrissur,Kerala
2017-10-07,13.01,28.880000000000006,41.37,93.97999999999999,13.01,0,Thrissur,Kerala
2017-10-08,7.44,29.300000000000008,44.160000000000004,101.39,13.01,0,Thrissur,Kerala
2017-10-09,2.04,22.49000000000001,41.33,102.33,13.01,0,Thrissur,Kerala
2017-10-10,3.37,12.850000000000009,43.3,102.05,7.44,0,Thrissur,Kerala
2017-10-11,5.74,11.15000000000001,47.47,100.49,5.74,0,Thrissur,Kerala
2017-10-12,5.55,14.66000000000001,46.0,91.63,5.74,0,Thrissur,Kerala
2017-10-13,19.99,31.28000000000001,57.14,95.83,19.99,0,Thrissur,Kerala
2017-10-14,9.62,35.160000000000004,53.74999999999999,98.91,19.99,0,Thrissur,Kerala
2017-10-15,6.28,35.89000000000001,52.589999999999996,101.39999999999999,19.99,0,Thrissur,Kerala
2017-10-16,1.86,17.76000000000001,52.41,98.61,9.62,0,Thrissur,Kerala
2017-10-17,9.63,17.77000000000001,58.67,103.37,9.63,0,Thrissur,Kerala
2017-10-18,2.73,14.220000000000011,55.66,104.69999999999999,9.63,0,Thrissur,Kerala
2017-10-19,0.33,12.690000000000012,50.440000000000005,103.46000000000001,9.63,0,Thrissur,Kerala
2017-10-20,1.47,4.530000000000011,31.92,97.91,2.73,0,Thrissur,Kerala
2017-10-21,4.6,6.400000000000011,26.900000000000002,93.66,4.6,0,Thrissur,Kerala
2017-10-22,3.51,9.58000000000001,24.130000000000003,84.16000000000001,4.6,0,Thrissur,Kerala
2017-10-23,0.04,8.15000000000001,22.310000000000002,76.75999999999999,4.6,0,Thrissur,Kerala
2017-10-24,0.02,3.5700000000000114,12.7,74.74000000000001,3.51,0,Thrissur,Kerala
2017-10-25,2.1,2.1600000000000117,12.07,73.47,2.1,0,Thrissur,Kerala
2017-10-26,6.85,8.970000000000011,18.59,74.58,6.85,0,Thrissur,Kerala
2017-10-27,38.06,47.01000000000001,55.18000000000001,107.09,38.06,0,Thrissur,Kerala
2017-10-28,12.41,57.32000000000001,62.99000000000001,99.51,38.06,0,Thrissur,Kerala
2017-10-29,0.71,51.18000000000001,60.190000000000005,90.60000000000001,38.06,0,Thrissur,Kerala
2017-10-30,2.69,15.810000000000008,62.84000000000001,87.01,12.41,0,Thrissur,Kerala
2017-10-31,4.85,8.250000000000007,67.67,90.00000000000001,4.85,0,Thrissur,Kerala
2017-11-01,8.17,15.710000000000008,73.74000000000001,88.54,8.17,0,Thrissur,Kerala
2017-11-02,2.65,15.670000000000007,69.54,88.46000000000001,8.17,0,Thrissur,Kerala
2017-11-03,2.14,12.960000000000008,33.620000000000005,90.27,8.17,0,Thrissur,Kerala
2017-11-04,8.15,12.940000000000007,29.360000000000007,96.95,8.15,0,Thrissur,Kerala
2017-11-05,5.6,15.890000000000006,34.25000000000001,97.95,8.15,0,Thrissur,Kerala
2017-11-06,13.79,27.540000000000006,45.35000000000001,108.23,13.79,0,Thrissur,Kerala
2017-11-07,3.67,23.060000000000002,44.17,111.86000000000001,13.79,0,Thrissur,Kerala
2017-11-08,7.05,24.51,43.050000000000004,118.89,13.79,0,Thrissur,Kerala
2017-11-09,5.38,16.100000000000005,45.78,122.17,7.05,0,Thrissur,Kerala
2017-11-10,0.06,12.490000000000006,43.7,115.38000000000001,7.05,0,Thrissur,Kerala
2017-11-11,0.28,5.720000000000005,35.830000000000005,77.6,5.38,0,Thrissur,Kerala
2017-11-12,0.77,1.1100000000000054,31.000000000000004,65.96,0.77,0,Thrissur,Kerala
2017-11-13,0.03,1.0800000000000054,17.24000000000001,65.28,0.77,0,Thrissur,Kerala
2017-11-14,0.09,0.8900000000000053,13.660000000000007,62.67999999999999,0.77,0,Thrissur,Kerala
2017-11-15,0.01,0.13000000000000533,6.620000000000007,57.84,0.09,0,Thrissur,Kerala
2017-11-16,0.22,0.32000000000000534,1.4600000000000073,49.89,0.22,0,Thrissur,Kerala
2017-11-17,0.33,0.5600000000000054,1.730000000000007,47.57,0.33,0,Thrissur,Kerala
2017-11-18,0.45,1.0000000000000053,1.9000000000000072,45.88,0.45,0,Thrissur,Kerala
2017-11-19,1.82,2.6000000000000054,2.9500000000000073,39.550000000000004,1.82,0,Thrissur,Kerala
2017-11-20,8.17,10.440000000000005,11.090000000000007,42.120000000000005,8.17,0,Thrissur,Kerala
2017-11-21,8.37,18.360000000000007,19.370000000000005,36.7,8.37,0,Thrissur,Kerala
2017-11-22,2.59,19.130000000000003,21.950000000000003,35.62,8.37,0,Thrissur,Kerala
2017-11-23,1.33,12.290000000000004,23.060000000000006,29.9,8.37,0,Thrissur,Kerala
2017-11-24,0.11,4.030000000000006,22.840000000000007,24.63,2.59,0,Thrissur,Kerala
2017-11-25,0.16,1.6000000000000054,22.550000000000004,24.73,1.33,0,Thrissur,Kerala
2017-11-26,0.56,0.8300000000000054,21.290000000000006,25.009999999999998,0.56,0,Thrissur,Kerala
2017-11-27,4.04,4.760000000000005,17.160000000000007,28.28,4.04,0,Thrissur,Kerala
2017-11-28,0.82,5.420000000000005,9.610000000000007,29.07,4.04,0,Thrissur,Kerala
2017-11-29,2.58,7.440000000000005,9.600000000000007,31.56,4.04,0,Thrissur,Kerala
2017-11-30,24.05,27.450000000000006,32.32000000000001,55.6,24.05,0,Thrissur,Kerala
2017-12-01,22.02,48.650000000000006,54.230000000000004,77.4,24.05,0,Thrissur,Kerala
2017-12-02,2.99,49.06000000000001,57.06,80.06,24.05,0,Thrissur,Kerala
2017-12-03,0.62,25.630000000000006,57.12000000000001,80.23,22.02,0,Thrissur,Kerala
2017-12-04,0.18,3.790000000000007,53.26000000000001,78.58999999999999,2.99,0,Thrissur,Kerala
2017-12-05,0.16,0.9600000000000071,52.60000000000001,70.58,0.62,0,Thrissur,Kerala
2017-12-06,0.02,0.3600000000000071,50.040000000000006,62.230000000000004,0.18,0,Thrissur,Kerala
2017-12-07,0.06,0.2400000000000071,26.050000000000008,59.699999999999996,0.16,0,Thrissur,Kerala
2017-12-08,0.02,0.10000000000000711,4.050000000000007,58.39,0.06,0,Thrissur,Kerala
2017-12-09,0.09,0.1700000000000071,1.150000000000007,58.37,0.09,0,Thrissur,Kerala
2017-12-10,1.01,1.1200000000000072,1.5400000000000071,59.22,1.01,0,Thrissur,Kerala
2017-12-11,1.33,2.430000000000007,2.690000000000007,59.99,1.33,0,Thrissur,Kerala
2017-12-12,0.37,2.710000000000007,2.900000000000007,56.32,1.33,0,Thrissur,Kerala
2017-12-13,7.22,8.920000000000007,10.100000000000007,62.72,7.22,0,Thrissur,Kerala
2017-12-14,2.07,9.660000000000005,12.110000000000007,62.209999999999994,7.22,0,Thrissur,Kerala
2017-12-15,0.02,9.310000000000006,12.110000000000007,38.18,7.22,0,Thrissur,Kerala
2017-12-16,0.04,2.130000000000006,12.060000000000006,16.2,2.07,0,Thrissur,Kerala
2017-12-17,0.0,0.060000000000006215,11.050000000000006,13.209999999999999,0.04,0,Thrissur,Kerala
2017-12-18,0.0,0.04000000000000621,9.720000000000006,12.59,0.04,0,Thrissur,Kerala
2017-12-19,0.02,0.020000000000006218,9.370000000000006,12.43,0.02,0,Thrissur,Kerala
2017-12-20,0.05,0.07000000000000622,2.200000000000007,12.319999999999999,0.05,0,Thrissur,Kerala
2017-12-21,0.54,0.6100000000000063,0.6700000000000071,12.84,0.54,0,Thrissur,Kerala
2017-12-22,0.11,0.7000000000000063,0.7600000000000071,12.89,0.54,0,Thrissur,Kerala
2017-12-23,0.0,0.6500000000000064,0.7200000000000071,12.87,0.54,0,Thrissur,Kerala
2017-12-24,0.0,0.11000000000000633,0.7200000000000071,12.78,0.11,0,Thrissur,Kerala
2017-12-25,0.0,0.0,0.7200000000000071,11.77,0.0,0,Thrissur,Kerala
2017-12-26,0.0,0.0,0.7000000000000072,10.44,0.0,0,Thrissur,Kerala
2017-12-27,0.0,0.0,0.6500000000000071,10.07,0.0,0,Thrissur,Kerala
2017-12-28,0.0,0.0,0.1100000000000071,2.85,0.0,0,Thrissur,Kerala
2017-12-29,0.0,0.0,0.0,0.78,0.0,0,Thrissur,Kerala
2017-12-30,0.0,0.0,0.0,0.76,0.0,0,Thrissur,Kerala
2017-12-31,0.0,0.0,0.0,0.72,0.0,0,Thrissur,Kerala
2018-01-01,0.0,0.0,0.0,0.72,0.0,0,Thrissur,Kerala
2018-01-02,0.0,0.0,0.0,0.72,0.0,0,Thrissur,Kerala
2018-01-03,0.0,0.0,0.0,0.7000000000000001,0.0,0,Thrissur,Kerala
2018-01-04,0.0,0.0,0.0,0.65,0.0,0,Thrissur,Kerala
2018-01-05,0.0,0.0,0.0,0.11,0.0,0,Thrissur,Kerala
2018-01-06,0.03,0.030000000000006327,0.030000000000007104,0.03,0.03,0,Thrissur,Kerala
2018-01-07,0.01,0.04000000000000633,0.040000000000007106,0.04,0.03,0,Thrissur,Kerala
2018-01-08,0.02,0.060000000000006326,0.0600000000000071,0.06,0.03,0,Thrissur,Kerala
2018-01-09,0.12,0.15000000000000632,0.1800000000000071,0.18,0.12,0,Thrissur,Kerala
2018-01-10,1.02,1.1600000000000064,1.200000000000007,1.2,1.02,0,Thrissur,Kerala
2018-01-11,0.18,1.3200000000000063,1.380000000000007,1.38,1.02,0,Thrissur,Kerala
2018-01-12,0.02,1.2200000000000064,1.400000000000007,1.4,1.02,0,Thrissur,Kerala
2018-01-13,0.01,0.21000000000000643,1.380000000000007,1.41,0.18,0,Thrissur,Kerala
2018-01-14,0.0,0.030000000000006438,1.370000000000007,1.41,0.02,0,Thrissur,Kerala
2018-01-15,0.0,0.01000000000000644,1.350000000000007,1.41,0.01,0,Thrissur,Kerala
2018-01-16,0.0,0.0,1.230000000000007,1.41,0.0,0,Thrissur,Kerala
2018-01-17,0.0,0.0,0.2100000000000071,1.41,0.0,0,Thrissur,Kerala
2018-01-18,0.0,0.0,0.030000000000007104,1.41,0.0,0,Thrissur,Kerala
2018-01-19,0.0,0.0,0.010000000000007106,1.41,0.0,0,Thrissur,Kerala
2018-01-20,0.0,0.0,0.0,1.41,0.0,0,Thrissur,Kerala
2018-01-21,0.0,0.0,0.0,1.38,0.0,0,Thrissur,Kerala
2018-01-22,0.0,0.0,0.0,1.3699999999999999,0.0,0,Thrissur,Kerala
2018-01-23,0.0,0.0,0.0,1.3499999999999999,0.0,0,Thrissur,Kerala
2018-01-24,0.0,0.0,0.0,1.23,0.0,0,Thrissur,Kerala
2018-01-25,0.01,0.01000000000000644,0.010000000000007106,0.22,0.01,0,Thrissur,Kerala
2018-01-26,0.03,0.04000000000000644,0.040000000000007106,0.07,0.03,0,Thrissur,Kerala
2018-01-27,0.05,0.09000000000000644,0.0900000000000071,0.1,0.05,0,Thrissur,Kerala
2018-01-28,0.64,0.7200000000000064,0.7300000000000071,0.73,0.64,0,Thrissur,Kerala
2018-01-29,0.02,0.7100000000000064,0.7500000000000071,0.75,0.64,0,Thrissur,Kerala
2018-01-30,0.0,0.6600000000000065,0.7500000000000071,0.75,0.64,0,Thrissur,Kerala
2018-01-31,0.0,0.02000000000000644,0.7500000000000071,0.75,0.02,0,Thrissur,Kerala
2018-02-01,0.0,0.0,0.7400000000000071,0.75,0.0,0,Thrissur,Kerala
2018-02-02,0.0,0.0,0.7100000000000071,0.75,0.0,0,Thrissur,Kerala
2018-02-03,0.0,0.0,0.6600000000000071,0.75,0.0,0,Thrissur,Kerala
2018-02-04,0.0,0.0,0.020000000000007106,0.75,0.0,0,Thrissur,Kerala
2018-02-05,0.02,0.02000000000000644,0.020000000000007106,0.77,0.02,0,Thrissur,Kerala
2018-02-06,2.01,2.030000000000006,2.030000000000007,2.78,2.01,0,Thrissur,Kerala
2018-02-07,4.47,6.500000000000005,6.500000000000007,7.25,4.47,0,Thrissur,Kerala
2018-02-08,0.92,7.400000000000007,7.420000000000006,8.17,4.47,0,Thrissur,Kerala
2018-02-09,0.7,6.090000000000006,8.120000000000006,8.86,4.47,0,Thrissur,Kerala
2018-02-10,0.26,1.880000000000007,8.380000000000006,9.09,0.92,0,Thrissur,Kerala
2018-02-11,0.13,1.090000000000007,8.510000000000007,9.17,0.7,0,Thrissur,Kerala
2018-02-12,1.65,2.040000000000007,10.140000000000006,10.179999999999998,1.65,0,Thrissur,Kerala
2018-02-13,0.04,1.820000000000007,8.170000000000007,10.2,1.65,0,Thrissur,Kerala
2018-02-14,0.0,1.690000000000007,3.700000000000006,10.2,1.65,0,Thrissur,Kerala
2018-02-15,0.0,0.040000000000007106,2.780000000000006,10.2,0.04,0,Thrissur,Kerala
2018-02-16,0.0,0.0,2.080000000000006,10.2,0.0,0,Thrissur,Kerala
2018-02-17,0.0,0.0,1.8200000000000063,10.2,0.0,0,Thrissur,Kerala
2018-02-18,0.0,0.0,1.6900000000000062,10.2,0.0,0,Thrissur,Kerala
2018-02-19,0.0,0.0,0.04000000000000622,10.2,0.0,0,Thrissur,Kerala
2018-02-20,0.0,0.0,0.0,10.18,0.0,0,Thrissur,Kerala
2018-02-21,0.0,0.0,0.0,8.17,0.0,0,Thrissur,Kerala
2018-02-22,0.0,0.0,0.0,3.699999999999999,0.0,0,Thrissur,Kerala
2018-02-23,0.0,0.0,0.0,2.779999999999999,0.0,0,Thrissur,Kerala
2018-02-24,0.0,0.0,0.0,2.0799999999999987,0.0,0,Thrissur,Kerala
2018-02-25,0.01,0.010000000000007106,0.010000000000006217,1.8299999999999992,0.01,0,Thrissur,Kerala
2018-02-26,0.01,0.020000000000007106,0.020000000000006218,1.709999999999999,0.01,0,Thrissur,Kerala
2018-02-27,0.05,0.07000000000000711,0.07000000000000622,0.10999999999999911,0.05,0,Thrissur,Kerala
2018-02-28,0.48,0.5400000000000071,0.5500000000000063,0.5499999999999992,0.48,0,Thrissur,Kerala
2018-03-01,0.51,1.0400000000000071,1.0600000000000063,1.0599999999999992,0.51,0,Thrissur,Kerala
2018-03-02,0.05,1.0400000000000071,1.1100000000000063,1.1099999999999992,0.51,0,Thrissur,Kerala
2018-03-03,0.0,0.5600000000000072,1.1100000000000063,1.1099999999999992,0.51,0,Thrissur,Kerala
2018-03-04,0.0,0.05000000000000711,1.1000000000000063,1.1099999999999992,0.05,0,Thrissur,Kerala
2018-03-05,0.0,0.0,1.0900000000000063,1.1099999999999992,0.0,0,Thrissur,Kerala
2018-03-06,0.0,0.0,1.0400000000000063,1.1099999999999992,0.0,0,Thrissur,Kerala
2018-03-07,0.0,0.0,0.5600000000000063,1.1099999999999992,0.0,0,Thrissur,Kerala
2018-03-08,0.0,0.0,0.05000000000000622,1.1099999999999992,0.0,0,Thrissur,Kerala
2018-03-09,0.0,0.0,0.0,1.1099999999999992,0.0,0,Thrissur,Kerala
2018-03-10,0.0,0.0,0.0,1.1099999999999992,0.0,0,Thrissur,Kerala
2018-03-11,0.0,0.0,0.0,1.1099999999999992,0.0,0,Thrissur,Kerala
2018-03-12,0.12,0.1200000000000071,0.12000000000000621,1.219999999999999,0.12,0,Thrissur,Kerala
2018-03-13,3.15,3.270000000000007,3.2700000000000062,4.359999999999999,3.15,0,Thrissur,Kerala
2018-03-14,2.77,6.040000000000007,6.040000000000006,7.079999999999999,3.15,0,Thrissur,Kerala
2018-03-15,3.78,9.700000000000006,9.820000000000006,10.379999999999999,3.78,0,Thrissur,Kerala
2018-03-16,2.99,9.540000000000006,12.810000000000006,12.86,3.78,0,Thrissur,Kerala
2018-03-17,1.73,8.500000000000007,14.540000000000006,14.54,3.78,0,Thrissur,Kerala
2018-03-18,10.36,15.080000000000007,24.900000000000006,24.9,10.36,0,Thrissur,Kerala
2018-03-19,4.41,16.500000000000007,29.190000000000005,29.31,10.36,0,Thrissur,Kerala
2018-03-20,0.24,15.010000000000007,26.280000000000005,29.549999999999997,10.36,0,Thrissur,Kerala
2018-03-21,1.27,5.920000000000007,24.78000000000001,30.82,4.41,0,Thrissur,Kerala
2018-03-22,1.03,2.540000000000007,22.030000000000005,31.849999999999998,1.27,0,Thrissur,Kerala
2018-03-23,2.94,5.240000000000007,21.980000000000008,34.79,2.94,0,Thrissur,Kerala
2018-03-24,1.24,5.210000000000007,21.490000000000006,36.03,2.94,0,Thrissur,Kerala
2018-03-25,0.35,4.530000000000007,11.480000000000008,36.379999999999995,2.94,0,Thrissur,Kerala
2018-03-26,0.29,1.880000000000007,7.360000000000007,36.67,1.24,0,Thrissur,Kerala
2018-03-27,0.58,1.220000000000007,7.700000000000006,37.13,0.58,0,Thrissur,Kerala
2018-03-28,0.9,1.7700000000000071,7.330000000000007,34.88,0.9,0,Thrissur,Kerala
2018-03-29,0.81,2.290000000000007,7.110000000000007,32.92,0.9,0,Thrissur,Kerala
2018-03-30,0.31,2.020000000000007,4.480000000000007,29.45,0.9,0,Thrissur,Kerala
2018-03-31,0.75,1.8700000000000074,3.9900000000000073,27.21,0.81,0,Thrissur,Kerala
2018-04-01,3.25,4.310000000000008,6.890000000000008,28.73,3.25,0,Thrissur,Kerala
2018-04-02,3.35,7.350000000000008,9.950000000000006,21.72,3.35,0,Thrissur,Kerala
2018-04-03,0.47,7.070000000000007,9.840000000000007,17.78,3.35,0,Thrissur,Kerala
2018-04-04,0.5,4.320000000000007,9.440000000000007,18.040000000000003,3.35,0,Thrissur,Kerala
2018-04-05,0.15,1.1200000000000074,8.780000000000006,16.919999999999998,0.5,0,Thrissur,Kerala
2018-04-06,0.3,0.9500000000000075,8.770000000000007,16.19,0.5,0,Thrissur,Kerala
2018-04-07,0.65,1.1000000000000076,8.670000000000007,13.9,0.65,0,Thrissur,Kerala
2018-04-08,1.32,2.2700000000000076,6.740000000000007,13.98,1.32,0,Thrissur,Kerala
2018-04-09,1.48,3.4500000000000077,4.870000000000007,15.11,1.48,0,Thrissur,Kerala
2018-04-10,4.04,6.840000000000008,8.440000000000008,18.86,4.04,0,Thrissur,Kerala
2018-04-11,4.1,9.620000000000008,12.040000000000006,22.38,4.1,0,Thrissur,Kerala
2018-04-12,3.18,11.320000000000007,15.070000000000007,24.66,4.1,0,Thrissur,Kerala
2018-04-13,14.17,21.45000000000001,28.940000000000005,38.02,14.17,0,Thrissur,Kerala
2018-04-14,10.53,27.880000000000006,38.82000000000001,48.239999999999995,14.17,0,Thrissur,Kerala
2018-04-15,6.02,30.720000000000006,43.52000000000001,53.51,14.17,0,Thrissur,Kerala
2018-04-16,3.96,20.51000000000001,46.0,54.22,10.53,0,Thrissur,Kerala
2018-04-17,1.76,11.740000000000009,43.720000000000006,52.629999999999995,6.02,0,Thrissur,Kerala
2018-04-18,1.26,6.980000000000009,40.88000000000001,53.419999999999995,3.96,0,Thrissur,Kerala
2018-04-19,0.64,3.660000000000009,38.34000000000001,53.559999999999995,1.76,0,Thrissur,Kerala
2018-04-20,2.87,4.770000000000009,27.040000000000006,56.28,2.87,0,Thrissur,Kerala
2018-04-21,4.33,7.84000000000001,20.840000000000007,60.31,4.33,0,Thrissur,Kerala
2018-04-22,4.15,11.350000000000009,18.970000000000006,63.809999999999995,4.33,0,Thrissur,Kerala
2018-04-23,0.72,9.20000000000001,15.730000000000008,63.209999999999994,4.33,0,Thrissur,Kerala
2018-04-24,2.34,7.21000000000001,16.310000000000006,64.07,4.15,0,Thrissur,Kerala
2018-04-25,2.67,5.730000000000009,17.720000000000006,62.7,2.67,0,Thrissur,Kerala
2018-04-26,3.24,8.25000000000001,20.320000000000007,61.839999999999996,3.24,0,Thrissur,Kerala
2018-04-27,4.19,10.10000000000001,21.640000000000008,62.85,4.19,0,Thrissur,Kerala
2018-04-28,0.94,8.37000000000001,18.250000000000007,49.62,4.19,0,Thrissur,Kerala
2018-04-29,0.44,5.57000000000001,14.540000000000008,39.53,4.19,0,Thrissur,Kerala
2018-04-30,3.16,4.54000000000001,16.980000000000008,36.67,3.16,0,Thrissur,Kerala
2018-05-01,11.67,15.27000000000001,26.310000000000006,44.379999999999995,11.67,0,Thrissur,Kerala
2018-05-02,16.9,31.73000000000001,40.540000000000006,59.519999999999996,16.9,0,Thrissur,Kerala
2018-05-03,16.82,45.390000000000015,54.120000000000005,75.08,16.9,0,Thrissur,Kerala
2018-05-04,16.3,50.02000000000001,66.23,90.74000000000001,16.9,0,Thrissur,Kerala
2018-05-05,11.42,44.54000000000001,76.71000000000001,99.28999999999999,16.82,0,Thrissur,Kerala
2018-05-06,3.03,30.75000000000001,79.30000000000001,97.99,16.3,0,Thrissur,Kerala
2018-05-07,0.84,15.29000000000001,76.98,94.67999999999999,11.42,0,Thrissur,Kerala
2018-05-08,6.4,10.27000000000001,71.71,100.36,6.4,0,Thrissur,Kerala
2018-05-09,26.79,34.03000000000001,81.60000000000001,124.81,26.79,0,Thrissur,Kerala
2018-05-10,10.98,44.17,75.76,133.12,26.79,0,Thrissur,Kerala
2018-05-11,12.86,50.63000000000001,72.32000000000001,142.74,26.79,0,Thrissur,Kerala
2018-05-12,16.69,40.53000000000001,77.59,155.24,16.69,0,Thrissur,Kerala
2018-05-13,3.63,33.18000000000001,78.19000000000001,157.93,16.69,0,Thrissur,Kerala
2018-05-14,3.66,23.980000000000008,81.01,161.15,16.69,0,Thrissur,Kerala
2018-05-15,2.73,10.020000000000007,77.34000000000002,160.72,3.66,0,Thrissur,Kerala
2018-05-16,5.39,11.780000000000008,55.94000000000001,154.44,5.39,0,Thrissur,Kerala
2018-05-17,6.24,14.360000000000007,51.2,143.78,6.24,0,Thrissur,Kerala
2018-05-18,2.27,13.900000000000007,40.61000000000001,129.23000000000002,6.24,0,Thrissur,Kerala
2018-05-19,4.38,12.890000000000008,28.300000000000008,117.31,6.24,0,Thrissur,Kerala
2018-05-20,5.96,12.610000000000007,30.63000000000001,111.85000000000001,5.96,0,Thrissur,Kerala
2018-05-21,2.67,13.010000000000009,29.640000000000008,111.49000000000001,5.96,0,Thrissur,Kerala
2018-05-22,3.19,11.820000000000007,30.10000000000001,113.84,5.96,0,Thrissur,Kerala
2018-05-23,3.87,9.730000000000008,28.58000000000001,111.31,3.87,0,Thrissur,Kerala
2018-05-24,11.21,18.27000000000001,33.55000000000001,95.73,11.21,0,Thrissur,Kerala
2018-05-25,19.74,34.82000000000001,51.02,104.49000000000001,19.74,0,Thrissur,Kerala
2018-05-26,15.12,46.07000000000001,61.76,106.75,19.74,0,Thrissur,Kerala
2018-05-27,17.6,52.46000000000001,73.4,107.66,19.74,0,Thrissur,Kerala
2018-05-28,22.5,55.22000000000001,93.23,126.53,22.5,0,Thrissur,Kerala
2018-05-29,15.1,55.20000000000001,105.14,137.97,22.5,0,Thrissur,Kerala
2018-05-30,4.3,41.900000000000006,105.57000000000001,139.54000000000002,22.5,0,Thrissur,Kerala
2018-05-31,3.5,22.900000000000006,97.86000000000001,137.65,15.1,0,Thrissur,Kerala
2018-06-01,2.18,9.980000000000008,80.3,133.59,4.3,1,Thrissur,Kerala
2018-06-02,4.32,10.000000000000007,69.50000000000001,135.64000000000001,4.32,1,Thrissur,Kerala
2018-06-03,13.4,19.90000000000001,65.30000000000001,144.66,13.4,1,Thrissur,Kerala
2018-06-04,12.94,30.66000000000001,55.74000000000001,151.64,13.4,1,Thrissur,Kerala
2018-06-05,3.5,29.84000000000001,44.14000000000001,152.47,13.4,1,Thrissur,Kerala
2018-06-06,7.75,24.190000000000012,47.59000000000001,157.03,12.94,1,Thrissur,Kerala
2018-06-07,21.08,32.33000000000001,65.17000000000002,174.24,21.08,1,Thrissur,Kerala
2018-06-08,25.36,54.19000000000001,88.35000000000001,188.39,25.36,1,Thrissur,Kerala
2018-06-09,31.04,77.48,115.07,199.69,31.04,1,Thrissur,Kerala
2018-06-10,30.9,87.30000000000001,132.57,215.46999999999997,31.04,1,Thrissur,Kerala
2018-06-11,38.11,100.05000000000001,157.74,235.98,38.11,1,Thrissur,Kerala
2018-06-12,39.94,108.95000000000002,194.18,253.42,39.94,1,Thrissur,Kerala
2018-06-13,33.38,111.43,219.81,271.7,39.94,1,Thrissur,Kerala
2018-06-14,19.9,93.22000000000001,218.63,287.29999999999995,39.94,1,Thrissur,Kerala
2018-06-15,11.83,65.11000000000001,205.10000000000002,295.63,33.38,1,Thrissur,Kerala
2018-06-16,10.0,41.73000000000001,184.06,303.45,19.9,1,Thrissur,Kerala
2018-06-17,11.01,32.84000000000002,164.17000000000002,310.14,11.83,1,Thrissur,Kerala
2018-06-18,12.51,33.52000000000002,138.57,309.25,12.51,1,Thrissur,Kerala
2018-06-19,22.18,45.70000000000002,120.81,318.49,22.18,1,Thrissur,Kerala
2018-06-20,31.5,66.19000000000001,118.93,346.49,31.5,1,Thrissur,Kerala
2018-06-21,22.32,76.00000000000001,121.35,361.06,31.5,1,Thrissur,Kerala
2018-06-22,10.69,64.51000000000002,120.21000000000001,350.67,31.5,1,Thrissur,Kerala
2018-06-23,3.42,36.430000000000014,113.63,328.73,22.32,1,Thrissur,Kerala
2018-06-24,4.43,18.540000000000013,107.05000000000001,302.12,10.69,1,Thrissur,Kerala
2018-06-25,12.18,20.030000000000015,106.72,283.40000000000003,12.18,1,Thrissur,Kerala
2018-06-26,9.24,25.850000000000012,93.78,254.53,12.18,1,Thrissur,Kerala
2018-06-27,16.87,38.29000000000002,79.15,231.46,16.87,1,Thrissur,Kerala
2018-06-28,27.17,53.280000000000015,84.0,225.25,27.17,1,Thrissur,Kerala
2018-06-29,11.89,55.93000000000002,85.20000000000002,217.24,27.17,1,Thrissur,Kerala
2018-06-30,4.73,43.79000000000001,86.51,210.14,27.17,1,Thrissur,Kerala
2018-07-01,6.77,23.390000000000015,88.85000000000002,206.91,11.89,1,Thrissur,Kerala
2018-07-02,9.3,20.800000000000015,85.97000000000001,205.2,9.3,1,Thrissur,Kerala
2018-07-03,8.84,24.910000000000014,85.57000000000002,201.53,9.3,1,Thrissur,Kerala
2018-07-04,0.86,19.000000000000014,69.56000000000002,180.21,9.3,1,Thrissur,Kerala
2018-07-05,2.09,11.790000000000013,44.48000000000001,150.8,8.84,1,Thrissur,Kerala
2018-07-06,12.28,15.230000000000013,44.870000000000005,140.76000000000002,12.28,1,Thrissur,Kerala
2018-07-07,14.11,28.48000000000001,54.25,144.18,14.11,1,Thrissur,Kerala
2018-07-08,25.56,51.95000000000002,73.04,166.32,25.56,1,Thrissur,Kerala
2018-07-09,55.53,95.20000000000002,119.27000000000001,217.42,55.53,1,Thrissur,Kerala
2018-07-10,55.42,136.51000000000002,165.85000000000002,260.66,55.53,1,Thrissur,Kerala
2018-07-11,56.51,167.46,221.5,307.93,56.51,1,Thrissur,Kerala
2018-07-12,17.01,128.94000000000003,236.42000000000002,308.07,56.51,1,Thrissur,Kerala
2018-07-13,28.98,102.50000000000003,253.12,309.88,56.51,1,Thrissur,Kerala
2018-07-14,17.18,63.17000000000002,256.19,315.17,28.98,1,Thrissur,Kerala
2018-07-15,62.07,108.23000000000002,292.7,372.51,62.07,1,Thrissur,Kerala
2018-07-16,55.47,134.72000000000003,292.64,421.21,62.07,1,Thrissur,Kerala
2018-07-17,23.21,140.75,260.43,435.12,62.07,1,Thrissur,Kerala
2018-07-18,30.85,109.53000000000003,234.77000000000004,457.13,55.47,1,Thrissur,Kerala
2018-07-19,14.94,69.00000000000003,232.70000000000002,471.21,30.85,1,Thrissur,Kerala
2018-07-20,11.17,56.96000000000002,214.89000000000001,480.29,30.85,1,Thrissur,Kerala
2018-07-21,7.0,33.11000000000002,204.71,475.01,14.94,1,Thrissur,Kerala
2018-07-22,5.55,23.720000000000024,148.19000000000003,466.45,11.17,1,Thrissur,Kerala
2018-07-23,10.8,23.350000000000023,103.52000000000001,451.69,10.8,1,Thrissur,Kerala
2018-07-24,9.93,26.280000000000022,90.24000000000001,406.09000000000003,10.8,1,Thrissur,Kerala
2018-07-25,12.33,33.060000000000024,71.72000000000001,363.0,12.33,1,Thrissur,Kerala
2018-07-26,9.33,31.59000000000002,66.11000000000001,315.82,12.33,1,Thrissur,Kerala
2018-07-27,3.55,25.210000000000022,58.49000000000001,302.36,12.33,1,Thrissur,Kerala
2018-07-28,8.68,21.560000000000024,60.17000000000001,282.06,9.33,1,Thrissur,Kerala
2018-07-29,10.57,22.800000000000022,65.19000000000001,275.45,10.57,1,Thrissur,Kerala
2018-07-30,22.01,41.26000000000002,76.4,235.39,22.01,1,Thrissur,Kerala
2018-07-31,28.29,60.87000000000002,94.76,208.21,28.29,1,Thrissur,Kerala
2018-08-01,10.11,60.410000000000025,92.54,195.11,28.29,1,Thrissur,Kerala
2018-08-02,6.82,45.22000000000001,90.03,171.07999999999998,28.29,1,Thrissur,Kerala
2018-08-03,6.75,23.68000000000002,93.23,162.89,10.11,1,Thrissur,Kerala
2018-08-04,2.93,16.50000000000002,87.48000000000002,154.65,6.82,1,Thrissur,Kerala
2018-08-05,5.52,15.20000000000002,82.43,153.17000000000002,6.75,1,Thrissur,Kerala
2018-08-06,6.23,14.680000000000021,66.65,153.85,6.23,1,Thrissur,Kerala
2018-08-07,15.69,27.44000000000002,54.05000000000001,158.74,15.69,1,Thrissur,Kerala
2018-08-08,52.97,74.89000000000001,96.91000000000001,201.78,52.97,1,Thrissur,Kerala
2018-08-09,46.94,115.60000000000001,137.03,236.39,52.97,1,Thrissur,Kerala
2018-08-10,15.88,115.79,146.16,242.94,52.97,1,Thrissur,Kerala
2018-08-11,9.1,71.92000000000002,152.32999999999998,248.48999999999998,46.94,1,Thrissur,Kerala
2018-08-12,31.46,56.44000000000001,178.27,271.27000000000004,31.46,1,Thrissur,Kerala
2018-08-13,26.98,67.54000000000002,199.01999999999998,287.68,31.46,1,Thrissur,Kerala
2018-08-14,47.39,105.83000000000001,230.72,313.05999999999995,47.39,1,Thrissur,Kerala
2018-08-15,99.71,174.08,277.46,384.48,99.71,1,Thrissur,Kerala
2018-08-16,60.26,207.36,290.78,434.63,99.71,1,Thrissur,Kerala
2018-08-17,36.14,196.11,311.04,463.95,99.71,1,Thrissur,Kerala
2018-08-18,14.48,110.88000000000002,316.41999999999996,471.68,60.26,1,Thrissur,Kerala
2018-08-19,7.93,58.550000000000026,292.89,476.68,36.14,1,Thrissur,Kerala
2018-08-20,3.48,25.89000000000003,269.39,474.64,14.48,1,Thrissur,Kerala
2018-08-21,2.31,13.720000000000027,224.31,470.71999999999997,7.93,1,Thrissur,Kerala
2018-08-22,1.18,6.970000000000028,125.78000000000002,456.21,3.48,1,Thrissur,Kerala
2018-08-23,0.82,4.310000000000028,66.34,404.06,2.31,1,Thrissur,Kerala
2018-08-24,1.49,3.490000000000028,31.690000000000015,358.61,1.49,1,Thrissur,Kerala
2018-08-25,1.09,3.400000000000028,18.300000000000015,343.82,1.49,1,Thrissur,Kerala
2018-08-26,0.63,3.2100000000000284,11.000000000000014,335.35,1.49,1,Thrissur,Kerala
2018-08-27,7.55,9.270000000000028,15.070000000000014,311.43999999999994,7.55,1,Thrissur,Kerala
2018-08-28,8.83,17.01000000000003,21.590000000000014,293.29,8.83,1,Thrissur,Kerala
2018-08-29,0.81,17.19000000000003,21.220000000000013,246.70999999999998,8.83,1,Thrissur,Kerala
2018-08-30,3.66,13.300000000000031,24.060000000000013,150.66000000000003,8.83,1,Thrissur,Kerala
2018-08-31,11.0,15.47000000000003,33.570000000000014,101.39999999999999,11.0,1,Thrissur,Kerala
2018-09-01,2.11,16.77000000000003,34.59000000000002,67.36999999999999,11.0,1,Thrissur,Kerala
2018-09-02,0.09,13.20000000000003,34.05000000000001,52.980000000000004,11.0,1,Thrissur,Kerala
2018-09-03,0.02,2.22000000000003,26.520000000000014,45.06999999999999,2.11,1,Thrissur,Kerala
2018-09-04,0.0,0.1100000000000302,17.690000000000015,41.589999999999996,0.09,1,Thrissur,Kerala
2018-09-05,0.0,0.0200000000000302,16.880000000000017,39.279999999999994,0.02,1,Thrissur,Kerala
2018-09-06,0.02,0.0200000000000302,13.240000000000014,38.12,0.02,1,Thrissur,Kerala
2018-09-07,0.04,0.060000000000030196,2.280000000000014,37.339999999999996,0.04,1,Thrissur,Kerala
2018-09-08,0.05,0.11000000000003021,0.2200000000000142,35.9,0.05,1,Thrissur,Kerala
2018-09-09,0.01,0.1000000000000302,0.14000000000001422,34.82,0.05,1,Thrissur,Kerala
2018-09-10,0.62,0.6800000000000302,0.7400000000000142,34.81,0.62,1,Thrissur,Kerala
2018-09-11,1.18,1.8100000000000303,1.9200000000000141,28.439999999999998,1.18,1,Thrissur,Kerala
2018-09-12,0.61,2.41000000000003,2.530000000000014,20.22,1.18,1,Thrissur,Kerala
2018-09-13,0.36,2.1500000000000297,2.8700000000000143,19.770000000000003,1.18,1,Thrissur,Kerala
2018-09-14,0.51,1.4800000000000302,3.340000000000014,16.62,0.61,1,Thrissur,Kerala
2018-09-15,2.48,3.3500000000000303,5.770000000000014,8.1,2.48,1,Thrissur,Kerala
2018-09-16,2.61,5.60000000000003,8.370000000000015,8.6,2.61,1,Thrissur,Kerala
2018-09-17,1.48,6.5700000000000305,9.230000000000015,9.99,2.61,1,Thrissur,Kerala
2018-09-18,0.56,4.6500000000000306,8.610000000000014,10.53,2.61,1,Thrissur,Kerala
2018-09-19,1.72,3.76000000000003,9.720000000000013,12.249999999999998,1.72,1,Thrissur,Kerala
2018-09-20,1.23,3.51000000000003,10.590000000000014,13.479999999999999,1.72,1,Thrissur,Kerala
2018-09-21,0.4,3.3500000000000303,10.480000000000015,13.86,1.72,1,Thrissur,Kerala
2018-09-22,0.22,1.8500000000000303,8.220000000000013,14.040000000000001,1.23,1,Thrissur,Kerala
2018-09-23,1.51,2.13000000000003,7.120000000000014,15.5,1.51,1,Thrissur,Kerala
2018-09-24,23.6,25.33000000000003,29.240000000000016,39.09,23.6,1,Thrissur,Kerala
2018-09-25,2.65,27.76000000000003,31.330000000000013,41.120000000000005,23.6,1,Thrissur,Kerala
2018-09-26,4.17,30.42000000000003,33.780000000000015,44.11000000000001,23.6,1,Thrissur,Kerala
2018-09-27,8.76,15.580000000000028,41.31000000000002,52.260000000000005,8.76,1,Thrissur,Kerala
2018-09-28,21.95,34.880000000000024,62.860000000000014,73.85,21.95,1,Thrissur,Kerala
2018-09-29,15.81,46.520000000000024,78.45000000000002,89.15,21.95,1,Thrissur,Kerala
2018-09-30,7.45,45.21000000000003,84.39000000000003,94.12,21.95,1,Thrissur,Kerala
2018-10-01,7.05,30.31000000000003,67.84000000000002,98.56,15.81,0,Thrissur,Kerala
2018-10-02,5.18,19.680000000000028,70.37,102.26,7.45,0,Thrissur,Kerala
2018-10-03,25.15,37.380000000000024,91.35000000000002,126.85,25.15,0,Thrissur,Kerala
2018-10-04,25.19,55.520000000000024,107.78000000000002,150.32,25.19,0,Thrissur,Kerala
2018-10-05,17.47,67.81000000000003,103.30000000000001,166.56,25.19,0,Thrissur,Kerala
2018-10-06,14.45,57.11000000000003,101.94000000000001,180.61,25.19,0,Thrissur,Kerala
2018-10-07,11.89,43.81000000000003,106.38000000000001,192.28,17.47,0,Thrissur,Kerala
2018-10-08,25.47,51.81000000000003,124.80000000000001,216.24,25.47,0,Thrissur,Kerala
2018-10-09,10.94,48.300000000000026,130.56000000000003,203.57999999999998,25.47,0,Thrissur,Kerala
2018-10-10,1.44,37.85000000000002,106.85000000000001,202.37,25.47,0,Thrissur,Kerala
2018-10-11,3.67,16.05000000000003,85.33000000000001,201.87,10.94,0,Thrissur,Kerala
2018-10-12,2.68,7.7900000000000285,70.54000000000002,195.79000000000002,3.67,0,Thrissur,Kerala
2018-10-13,2.46,8.810000000000027,58.55000000000001,176.3,3.67,0,Thrissur,Kerala
2018-10-14,20.65,25.790000000000028,67.31,181.14000000000001,20.65,0,Thrissur,Kerala
2018-10-15,5.98,29.09000000000003,47.82000000000001,179.67,20.65,0,Thrissur,Kerala
2018-10-16,25.76,52.39000000000003,62.640000000000015,198.38000000000002,25.76,0,Thrissur,Kerala
2018-10-17,3.44,35.18000000000003,64.64000000000001,196.64000000000001,25.76,0,Thrissur,Kerala
2018-10-18,4.73,33.93000000000003,65.70000000000002,176.22,25.76,0,Thrissur,Kerala
2018-10-19,17.59,25.76000000000003,80.61000000000001,168.62,17.59,0,Thrissur,Kerala
2018-10-20,28.05,50.37000000000003,106.2,179.20000000000002,28.05,0,Thrissur,Kerala
2018-10-21,3.86,49.500000000000036,89.41000000000001,168.60999999999999,28.05,0,Thrissur,Kerala
2018-10-22,3.8,35.71000000000003,87.23,160.52,28.05,0,Thrissur,Kerala
2018-10-23,2.85,10.510000000000028,64.32000000000001,137.9,3.86,0,Thrissur,Kerala
2018-10-24,0.47,7.1200000000000285,61.350000000000016,127.43,3.8,0,Thrissur,Kerala
2018-10-25,0.47,3.7900000000000285,57.09000000000001,126.46000000000001,2.85,0,Thrissur,Kerala
2018-10-26,0.06,1.0000000000000284,39.56000000000002,122.85000000000001,0.47,0,Thrissur,Kerala
2018-10-27,0.07,0.6000000000000284,11.580000000000014,120.24,0.47,0,Thrissur,Kerala
2018-10-28,0.19,0.32000000000002843,7.910000000000014,117.97000000000001,0.19,0,Thrissur,Kerala
2018-10-29,0.01,0.27000000000002844,4.120000000000013,97.33000000000001,0.19,0,Thrissur,Kerala
2018-10-30,0.0,0.20000000000002843,1.2700000000000142,91.35000000000001,0.19,0,Thrissur,Kerala
2018-10-31,1.12,1.1300000000000285,1.9200000000000144,66.71000000000001,1.12,0,Thrissur,Kerala
2018-11-01,4.22,5.340000000000028,5.670000000000014,67.49000000000001,4.22,0,Thrissur,Kerala
2018-11-02,4.86,10.200000000000028,10.470000000000015,67.62,4.86,0,Thrissur,Kerala
2018-11-03,15.18,24.260000000000026,25.580000000000013,65.21000000000001,15.18,0,Thrissur,Kerala
2018-11-04,1.74,21.780000000000026,27.130000000000013,38.90000000000001,15.18,0,Thrissur,Kerala
2018-11-05,3.87,20.790000000000028,30.990000000000016,38.910000000000004,15.18,0,Thrissur,Kerala
2018-11-06,2.01,7.6200000000000285,33.000000000000014,37.120000000000005,3.87,0,Thrissur,Kerala
2018-11-07,0.27,6.150000000000029,32.15000000000001,34.540000000000006,3.87,0,Thrissur,Kerala
2018-11-08,0.59,2.870000000000028,28.520000000000014,34.660000000000004,2.01,0,Thrissur,Kerala
2018-11-09,5.83,6.690000000000028,29.490000000000013,40.02000000000001,5.83,0,Thrissur,Kerala
2018-11-10,0.19,6.610000000000029,14.500000000000014,40.150000000000006,5.83,0,Thrissur,Kerala
2018-11-11,0.94,6.9600000000000275,13.700000000000014,41.02,5.83,0,Thrissur,Kerala
2018-11-12,0.43,1.5600000000000274,10.260000000000014,41.260000000000005,0.94,0,Thrissur,Kerala
2018-11-13,0.33,1.7000000000000275,8.580000000000014,41.58000000000001,0.94,0,Thrissur,Kerala
2018-11-14,0.0,0.7600000000000275,8.310000000000015,41.58000000000001,0.43,0,Thrissur,Kerala
2018-11-15,2.08,2.4100000000000277,9.800000000000015,42.540000000000006,2.08,0,Thrissur,Kerala
2018-11-16,41.73,43.810000000000024,45.70000000000001,80.05000000000001,41.73,0,Thrissur,Kerala
2018-11-17,0.5,44.310000000000024,46.01000000000001,75.69,41.73,0,Thrissur,Kerala
2018-11-18,4.01,46.24000000000002,49.080000000000005,64.52000000000001,41.73,0,Thrissur,Kerala
2018-11-19,14.71,19.220000000000027,63.36000000000001,77.49000000000001,14.71,0,Thrissur,Kerala
2018-11-20,9.1,27.82000000000003,72.13000000000001,82.72,14.71,0,Thrissur,Kerala
2018-11-21,5.85,29.660000000000032,77.98,86.56,14.71,0,Thrissur,Kerala
2018-11-22,1.58,16.53000000000003,77.48000000000002,87.87,9.1,0,Thrissur,Kerala
2018-11-23,8.64,16.07000000000003,44.390000000000015,95.92000000000002,8.64,0,Thrissur,Kerala
2018-11-24,8.07,18.290000000000028,51.960000000000015,98.16000000000001,8.64,0,Thrissur,Kerala
2018-11-25,2.07,18.78000000000003,50.02000000000002,100.03999999999999,8.64,0,Thrissur,Kerala
2018-11-26,0.1,10.240000000000029,35.41000000000002,99.2,8.07,0,Thrissur,Kerala
2018-11-27,0.05,2.220000000000028,26.360000000000014,98.82000000000001,2.07,0,Thrissur,Kerala
2018-11-28,0.02,0.17000000000002843,20.530000000000012,98.51,0.1,0,Thrissur,Kerala
2018-11-29,4.4,4.470000000000029,23.350000000000016,102.91000000000001,4.4,0,Thrissur,Kerala
2018-11-30,1.05,5.470000000000029,15.760000000000016,101.88000000000001,4.4,0,Thrissur,Kerala
2018-12-01,0.43,5.880000000000029,8.120000000000015,60.580000000000005,4.4,0,Thrissur,Kerala
2018-12-02,0.06,1.5400000000000285,6.1100000000000145,60.14000000000001,1.05,0,Thrissur,Kerala
2018-12-03,0.02,0.5100000000000284,6.0300000000000145,56.15000000000001,0.43,0,Thrissur,Kerala
2018-12-04,6.7,6.780000000000029,12.680000000000014,48.14000000000001,6.7,0,Thrissur,Kerala
2018-12-05,1.58,8.30000000000003,14.240000000000016,40.620000000000005,6.7,0,Thrissur,Kerala
2018-12-06,0.65,8.93000000000003,10.490000000000013,35.42000000000001,6.7,0,Thrissur,Kerala
2018-12-07,0.32,2.5500000000000287,9.760000000000014,34.16000000000001,1.58,0,Thrissur,Kerala
2018-12-08,0.08,1.0500000000000285,9.410000000000014,25.60000000000001,0.65,0,Thrissur,Kerala
2018-12-09,0.02,0.4200000000000284,9.370000000000013,17.550000000000008,0.32,0,Thrissur,Kerala
2018-12-10,0.05,0.15000000000002844,9.400000000000015,15.530000000000006,0.08,0,Thrissur,Kerala
2018-12-11,0.02,0.09000000000002843,2.7200000000000144,15.450000000000008,0.05,0,Thrissur,Kerala
2018-12-12,0.0,0.07000000000002843,1.1400000000000143,15.400000000000007,0.05,0,Thrissur,Kerala
2018-12-13,0.0,0.020000000000028422,0.4900000000000142,15.380000000000008,0.02,0,Thrissur,Kerala
2018-12-14,0.02,0.020000000000028422,0.1900000000000142,11.000000000000007,0.02,0,Thrissur,Kerala
2018-12-15,0.0,0.020000000000028422,0.11000000000001423,9.950000000000006,0.02,0,Thrissur,Kerala
2018-12-16,0.0,0.020000000000028422,0.09000000000001421,9.520000000000007,0.02,0,Thrissur,Kerala
2018-12-17,0.0,0.0,0.04000000000001421,9.460000000000008,0.0,0,Thrissur,Kerala
2018-12-18,0.0,0.0,0.02000000000001421,9.440000000000007,0.0,0,Thrissur,Kerala
2018-12-19,0.01,0.010000000000028422,0.03000000000001421,2.750000000000007,0.01,0,Thrissur,Kerala
2018-12-20,0.05,0.060000000000028426,0.08000000000001421,1.220000000000007,0.05,0,Thrissur,Kerala
2018-12-21,0.0,0.060000000000028426,0.06000000000001421,0.5700000000000072,0.05,0,Thrissur,Kerala
2018-12-22,0.0,0.050000000000028424,0.06000000000001421,0.2500000000000071,0.05,0,Thrissur,Kerala
2018-12-23,0.83,0.8300000000000284,0.8900000000000141,1.000000000000007,0.83,0,Thrissur,Kerala
2018-12-24,0.91,1.7400000000000284,1.8000000000000143,1.890000000000007,0.91,0,Thrissur,Kerala
2018-12-25,1.07,2.8100000000000285,2.8700000000000143,2.9100000000000072,1.07,0,Thrissur,Kerala
2018-12-26,0.43,2.4100000000000286,3.2900000000000147,3.320000000000007,1.07,0,Thrissur,Kerala
2018-12-27,0.26,1.7600000000000284,3.500000000000014,3.580000000000007,1.07,0,Thrissur,Kerala
2018-12-28,2.21,2.9000000000000283,5.710000000000014,5.790000000000007,2.21,0,Thrissur,Kerala
2018-12-29,2.93,5.400000000000029,8.640000000000015,8.700000000000008,2.93,0,Thrissur,Kerala
2018-12-30,0.5,5.640000000000029,8.310000000000015,9.200000000000008,2.93,0,Thrissur,Kerala
2018-12-31,0.01,3.4400000000000284,7.410000000000014,9.210000000000008,2.93,0,Thrissur,Kerala
2019-01-01,0.0,0.5100000000000284,6.340000000000014,9.210000000000008,0.5,0,Thrissur,Kerala
2019-01-02,0.0,0.010000000000028422,5.910000000000014,9.210000000000008,0.01,0,Thrissur,Kerala
2019-01-03,0.0,0.0,5.650000000000015,9.200000000000008,0.0,0,Thrissur,Kerala
2019-01-04,0.0,0.0,3.440000000000014,9.150000000000007,0.0,0,Thrissur,Kerala
2019-01-05,0.0,0.0,0.5100000000000142,9.150000000000007,0.0,0,Thrissur,Kerala
2019-01-06,0.0,0.0,0.010000000000014211,9.150000000000007,0.0,0,Thrissur,Kerala
2019-01-07,0.0,0.0,0.0,8.320000000000007,0.0,0,Thrissur,Kerala
2019-01-08,0.0,0.0,0.0,7.410000000000007,0.0,0,Thrissur,Kerala
2019-01-09,0.0,0.0,0.0,6.340000000000007,0.0,0,Thrissur,Kerala
2019-01-10,0.0,0.0,0.0,5.910000000000007,0.0,0,Thrissur,Kerala
2019-01-11,0.0,0.0,0.0,5.6500000000000075,0.0,0,Thrissur,Kerala
2019-01-12,0.0,0.0,0.0,3.440000000000007,0.0,0,Thrissur,Kerala
2019-01-13,0.0,0.0,0.0,0.5100000000000071,0.0,0,Thrissur,Kerala
2019-01-14,0.0,0.0,0.0,0.010000000000007106,0.0,0,Thrissur,Kerala
2019-01-15,0.01,0.010000000000028422,0.010000000000014211,0.010000000000007106,0.01,0,Thrissur,Kerala
2019-01-16,0.0,0.010000000000028422,0.010000000000014211,0.010000000000007106,0.01,0,Thrissur,Kerala
2019-01-17,0.0,0.010000000000028422,0.010000000000014211,0.010000000000007106,0.01,0,Thrissur,Kerala
2019-01-18,0.0,0.0,0.010000000000014211,0.010000000000007106,0.0,0,Thrissur,Kerala
2019-01-19,0.0,0.0,0.010000000000014211,0.010000000000007106,0.0,0,Thrissur,Kerala
2019-01-20,0.0,0.0,0.010000000000014211,0.010000000000007106,0.0,0,Thrissur,Kerala
2019-01-21,0.0,0.0,0.010000000000014211,0.010000000000007106,0.0,0,Thrissur,Kerala
2019-01-22,0.0,0.0,0.0,0.010000000000007106,0.0,0,Thrissur,Kerala
2019-01-23,0.0,0.0,0.0,0.010000000000007106,0.0,0,Thrissur,Kerala
2019-01-24,0.0,0.0,0.0,0.010000000000007106,0.0,0,Thrissur,Kerala
2019-01-25,0.0,0.0,0.0,0.010000000000007106,0.0,0,Thrissur,Kerala
2019-01-26,0.0,0.0,0.0,0.010000000000007106,0.0,0,Thrissur,Kerala
2019-01-27,0.0,0.0,0.0,0.010000000000007106,0.0,0,Thrissur,Kerala
2019-01-28,0.0,0.0,0.0,0.010000000000007106,0.0,0,Thrissur,Kerala
2019-01-29,0.01,0.010000000000028422,0.010000000000014211,0.020000000000007106,0.01,0,Thrissur,Kerala
2019-01-30,0.03,0.04000000000002842,0.04000000000001421,0.040000000000007106,0.03,0,Thrissur,Kerala
2019-01-31,0.0,0.04000000000002842,0.04000000000001421,0.040000000000007106,0.03,0,Thrissur,Kerala
2019-02-01,0.01,0.04000000000002842,0.050000000000014214,0.05000000000000711,0.03,0,Thrissur,Kerala
2019-02-02,0.0,0.010000000000028422,0.050000000000014214,0.05000000000000711,0.01,0,Thrissur,Kerala
2019-02-03,0.0,0.010000000000028422,0.050000000000014214,0.05000000000000711,0.01,0,Thrissur,Kerala
2019-02-04,0.0,0.0,0.050000000000014214,0.05000000000000711,0.0,0,Thrissur,Kerala
2019-02-05,0.06,0.06000000000002842,0.10000000000001422,0.1100000000000071,0.06,0,Thrissur,Kerala
2019-02-06,0.56,0.6200000000000285,0.6300000000000143,0.6700000000000071,0.56,0,Thrissur,Kerala
2019-02-07,1.07,1.6900000000000286,1.7000000000000144,1.7400000000000073,1.07,0,Thrissur,Kerala
2019-02-08,0.27,1.9000000000000286,1.9600000000000144,2.010000000000007,1.07,0,Thrissur,Kerala
2019-02-09,1.61,2.9500000000000286,3.5700000000000145,3.620000000000007,1.61,0,Thrissur,Kerala
2019-02-10,3.51,5.390000000000028,7.080000000000014,7.130000000000007,3.51,0,Thrissur,Kerala
2019-02-11,0.25,5.370000000000028,7.330000000000014,7.380000000000007,3.51,0,Thrissur,Kerala
2019-02-12,0.03,3.790000000000028,7.300000000000015,7.410000000000007,3.51,0,Thrissur,Kerala
2019-02-13,0.0,0.28000000000002845,6.740000000000014,7.4000000000000075,0.25,0,Thrissur,Kerala
2019-02-14,0.0,0.03000000000002842,5.670000000000014,7.370000000000007,0.03,0,Thrissur,Kerala
2019-02-15,0.08,0.08000000000002842,5.480000000000015,7.450000000000007,0.08,0,Thrissur,Kerala
2019-02-16,0.13,0.21000000000002844,4.000000000000014,7.570000000000007,0.13,0,Thrissur,Kerala
2019-02-17,0.1,0.3100000000000285,0.5900000000000142,7.670000000000007,0.13,0,Thrissur,Kerala
2019-02-18,0.0,0.23000000000002843,0.3400000000000142,7.670000000000007,0.13,0,Thrissur,Kerala
2019-02-19,1.09,1.1900000000000286,1.4000000000000141,8.760000000000007,1.09,0,Thrissur,Kerala
2019-02-20,0.37,1.4600000000000284,1.7700000000000142,9.070000000000007,1.09,0,Thrissur,Kerala
2019-02-21,0.0,1.4600000000000284,1.7700000000000142,8.510000000000007,1.09,0,Thrissur,Kerala
2019-02-22,0.0,0.3700000000000284,1.6900000000000142,7.440000000000007,0.37,0,Thrissur,Kerala
2019-02-23,0.0,0.0,1.5600000000000143,7.170000000000007,0.0,0,Thrissur,Kerala
2019-02-24,0.0,0.0,1.4600000000000142,5.560000000000007,0.0,0,Thrissur,Kerala
2019-02-25,0.0,0.0,1.4600000000000142,2.0500000000000074,0.0,0,Thrissur,Kerala
2019-02-26,0.11,0.11000000000002842,0.4800000000000142,1.9100000000000072,0.11,0,Thrissur,Kerala
2019-02-27,0.0,0.11000000000002842,0.11000000000001421,1.8800000000000072,0.11,0,Thrissur,Kerala
2019-02-28,0.05,0.16000000000002843,0.16000000000001421,1.9300000000000073,0.11,0,Thrissur,Kerala
2019-03-01,0.76,0.8100000000000285,0.9200000000000143,2.6900000000000075,0.76,0,Thrissur,Kerala
2019-03-02,4.03,4.840000000000028,4.950000000000014,6.640000000000008,4.03,0,Thrissur,Kerala
2019-03-03,0.99,5.78000000000003,5.940000000000015,7.500000000000008,4.03,0,Thrissur,Kerala
2019-03-04,0.0,5.02000000000003,5.940000000000015,7.400000000000008,4.03,0,Thrissur,Kerala
2019-03-05,0.0,0.9900000000000284,5.830000000000014,7.400000000000008,0.99,0,Thrissur,Kerala
2019-03-06,0.36,0.3600000000000284,6.190000000000014,6.670000000000007,0.36,0,Thrissur,Kerala
2019-03-07,0.19,0.5500000000000285,6.330000000000014,6.490000000000007,0.36,0,Thrissur,Kerala
2019-03-08,0.04,0.5900000000000284,5.6100000000000145,6.530000000000007,0.36,0,Thrissur,Kerala
2019-03-09,1.43,1.6600000000000283,3.010000000000014,7.960000000000007,1.43,0,Thrissur,Kerala
2019-03-10,2.2,3.6700000000000284,4.220000000000014,10.160000000000007,2.2,0,Thrissur,Kerala
2019-03-11,0.45,4.0800000000000285,4.670000000000014,10.610000000000007,2.2,0,Thrissur,Kerala
2019-03-12,0.07,2.7200000000000286,4.740000000000014,10.680000000000007,2.2,0,Thrissur,Kerala
2019-03-13,0.0,0.5200000000000284,4.380000000000015,10.570000000000007,0.45,0,Thrissur,Kerala
2019-03-14,0.0,0.07000000000002843,4.190000000000014,10.570000000000007,0.07,0,Thrissur,Kerala
2019-03-15,0.0,0.0,4.150000000000015,10.520000000000007,0.0,0,Thrissur,Kerala
2019-03-16,0.0,0.0,2.7200000000000144,9.760000000000007,0.0,0,Thrissur,Kerala
2019-03-17,0.0,0.0,0.5200000000000142,5.7300000000000075,0.0,0,Thrissur,Kerala
2019-03-18,0.47,0.4700000000000284,0.5400000000000142,5.210000000000007,0.47,0,Thrissur,Kerala
2019-03-19,0.64,1.1100000000000283,1.110000000000014,5.850000000000007,0.64,0,Thrissur,Kerala
2019-03-20,0.11,1.2200000000000284,1.2200000000000142,5.960000000000007,0.64,0,Thrissur,Kerala
2019-03-21,0.01,0.7600000000000284,1.2300000000000142,5.610000000000007,0.64,0,Thrissur,Kerala
2019-03-22,0.0,0.12000000000002842,1.2300000000000142,5.420000000000007,0.11,0,Thrissur,Kerala
2019-03-23,0.0,0.010000000000028422,1.2300000000000142,5.380000000000007,0.01,0,Thrissur,Kerala
2019-03-24,0.01,0.010000000000028422,1.240000000000014,3.960000000000007,0.01,0,Thrissur,Kerala
2019-03-25,0.02,0.03000000000002842,0.7900000000000141,1.7800000000000071,0.02,0,Thrissur,Kerala
2019-03-26,0.08,0.11000000000002842,0.2300000000000141,1.4100000000000072,0.08,0,Thrissur,Kerala
2019-03-27,0.45,0.5500000000000285,0.5700000000000142,1.7900000000000071,0.45,0,Thrissur,Kerala
2019-03-28,0.2,0.7300000000000284,0.7600000000000141,1.990000000000007,0.45,0,Thrissur,Kerala
2019-03-29,0.23,0.8800000000000284,0.9900000000000141,2.2200000000000073,0.45,0,Thrissur,Kerala
2019-03-30,0.09,0.5200000000000284,1.080000000000014,2.310000000000007,0.23,0,Thrissur,Kerala
2019-03-31,0.04,0.36000000000002835,1.110000000000014,2.350000000000007,0.23,0,Thrissur,Kerala
2019-04-01,0.02,0.15000000000002836,1.110000000000014,2.370000000000007,0.09,0,Thrissur,Kerala
2019-04-02,0.03,0.09000000000002836,1.060000000000014,1.9300000000000073,0.04,0,Thrissur,Kerala
2019-04-03,0.16,0.21000000000002836,0.770000000000014,1.450000000000007,0.16,0,Thrissur,Kerala
2019-04-04,0.32,0.5100000000000284,0.8900000000000141,1.6600000000000072,0.32,0,Thrissur,Kerala
2019-04-05,0.27,0.7500000000000284,0.9300000000000141,1.9200000000000073,0.32,0,Thrissur,Kerala
2019-04-06,0.32,0.9100000000000285,1.1600000000000141,2.2400000000000073,0.32,0,Thrissur,Kerala
2019-04-07,0.07,0.6600000000000283,1.1900000000000142,2.310000000000007,0.32,0,Thrissur,Kerala
2019-04-08,0.15,0.5400000000000283,1.320000000000014,2.4500000000000073,0.32,0,Thrissur,Kerala
2019-04-09,1.08,1.3000000000000285,2.3700000000000143,3.510000000000008,1.08,0,Thrissur,Kerala
2019-04-10,0.62,1.8500000000000285,2.8300000000000143,4.050000000000008,1.08,0,Thrissur,Kerala
2019-04-11,0.1,1.8000000000000285,2.6100000000000145,3.7000000000000073,1.08,0,Thrissur,Kerala
2019-04-12,0.05,0.7700000000000284,2.3900000000000143,3.550000000000007,0.62,0,Thrissur,Kerala
2019-04-13,0.06,0.21000000000002844,2.130000000000014,3.380000000000007,0.1,0,Thrissur,Kerala
2019-04-14,0.07,0.18000000000002842,2.130000000000014,3.3600000000000074,0.07,0,Thrissur,Kerala
2019-04-15,0.07,0.20000000000002843,2.0500000000000145,3.3900000000000072,0.07,0,Thrissur,Kerala
2019-04-16,1.99,2.1300000000000283,2.960000000000014,5.360000000000007,1.99,0,Thrissur,Kerala
2019-04-17,10.08,12.140000000000029,12.420000000000014,15.410000000000007,10.08,0,Thrissur,Kerala
2019-04-18,8.69,20.760000000000026,21.010000000000012,23.940000000000005,10.08,0,Thrissur,Kerala
2019-04-19,10.76,29.53000000000003,31.720000000000013,34.38000000000001,10.76,0,Thrissur,Kerala
2019-04-20,16.66,36.11000000000003,48.320000000000014,50.77000000000001,16.66,0,Thrissur,Kerala
2019-04-21,8.77,36.190000000000026,57.02000000000001,59.22000000000001,16.66,0,Thrissur,Kerala
2019-04-22,8.38,33.81000000000003,65.33000000000001,67.53000000000002,16.66,0,Thrissur,Kerala
2019-04-23,18.5,35.650000000000034,81.84,85.88,18.5,0,Thrissur,Kerala
2019-04-24,1.85,28.730000000000032,73.61000000000001,86.65,18.5,0,Thrissur,Kerala
2019-04-25,1.78,22.130000000000027,66.70000000000002,87.81,18.5,0,Thrissur,Kerala
2019-04-26,0.82,4.450000000000029,56.76000000000001,88.53,1.85,0,Thrissur,Kerala
2019-04-27,0.1,2.7000000000000286,40.20000000000001,88.58000000000001,1.78,0,Thrissur,Kerala
2019-04-28,0.1,1.0200000000000284,31.530000000000012,88.62,0.82,0,Thrissur,Kerala
2019-04-29,2.41,2.6100000000000287,25.560000000000013,90.96,2.41,0,Thrissur,Kerala
2019-04-30,0.89,3.4000000000000288,7.950000000000014,91.78,2.41,0,Thrissur,Kerala
2019-05-01,3.42,6.720000000000029,9.520000000000014,93.21000000000001,3.42,0,Thrissur,Kerala
2019-05-02,1.12,5.430000000000028,8.860000000000014,84.25,3.42,0,Thrissur,Kerala
2019-05-03,0.0,4.540000000000029,8.040000000000013,75.56,3.42,0,Thrissur,Kerala
2019-05-04,0.0,1.1200000000000285,7.940000000000015,64.80000000000001,1.12,0,Thrissur,Kerala
2019-05-05,0.01,0.010000000000028422,7.850000000000014,48.150000000000006,0.01,0,Thrissur,Kerala
2019-05-06,0.28,0.29000000000002846,5.720000000000014,39.66000000000001,0.28,0,Thrissur,Kerala
2019-05-07,0.42,0.7100000000000284,5.250000000000014,31.700000000000006,0.42,0,Thrissur,Kerala
2019-05-08,0.57,1.2700000000000284,2.4000000000000146,13.770000000000007,0.57,0,Thrissur,Kerala
2019-05-09,1.52,2.510000000000028,2.800000000000014,13.440000000000008,1.52,0,Thrissur,Kerala
2019-05-10,0.37,2.4600000000000284,3.170000000000014,12.030000000000006,1.52,0,Thrissur,Kerala
2019-05-11,0.92,2.8100000000000285,4.090000000000014,12.130000000000008,1.52,0,Thrissur,Kerala
2019-05-12,1.77,3.0600000000000285,5.850000000000015,13.800000000000006,1.77,0,Thrissur,Kerala
2019-05-13,0.64,3.3300000000000285,6.210000000000014,14.340000000000007,1.77,0,Thrissur,Kerala
2019-05-14,0.56,2.9700000000000286,6.350000000000015,12.490000000000007,1.77,0,Thrissur,Kerala
2019-05-15,8.69,9.890000000000029,14.470000000000013,20.290000000000006,8.69,0,Thrissur,Kerala
2019-05-16,1.91,11.160000000000027,14.860000000000015,18.780000000000005,8.69,0,Thrissur,Kerala
2019-05-17,0.51,11.110000000000028,15.000000000000014,18.170000000000005,8.69,0,Thrissur,Kerala
2019-05-18,0.34,2.760000000000028,14.420000000000014,18.51000000000001,1.91,0,Thrissur,Kerala
2019-05-19,0.17,1.0200000000000284,12.820000000000014,18.680000000000007,0.51,0,Thrissur,Kerala
2019-05-20,0.1,0.6100000000000285,12.280000000000014,18.770000000000007,0.34,0,Thrissur,Kerala
2019-05-21,0.31,0.5800000000000285,12.030000000000015,18.800000000000008,0.31,0,Thrissur,Kerala
2019-05-22,0.18,0.5900000000000284,3.520000000000016,18.56000000000001,0.31,0,Thrissur,Kerala
2019-05-23,0.54,1.0300000000000284,2.1500000000000163,18.53000000000001,0.54,0,Thrissur,Kerala
2019-05-24,4.92,5.640000000000028,6.5600000000000165,21.930000000000007,4.92,0,Thrissur,Kerala
2019-05-25,9.23,14.69000000000003,15.450000000000017,30.790000000000006,9.23,0,Thrissur,Kerala
2019-05-26,1.87,16.020000000000028,17.150000000000016,31.740000000000006,9.23,0,Thrissur,Kerala
2019-05-27,0.28,11.380000000000031,17.330000000000016,30.250000000000007,9.23,0,Thrissur,Kerala
2019-05-28,6.01,8.16000000000003,23.030000000000015,35.620000000000005,6.01,0,Thrissur,Kerala
2019-05-29,11.8,18.090000000000032,34.65000000000002,46.860000000000014,11.8,0,Thrissur,Kerala
2019-05-30,3.67,21.480000000000032,37.780000000000015,41.84,11.8,0,Thrissur,Kerala
2019-05-31,6.99,22.460000000000033,39.850000000000016,46.92000000000001,11.8,0,Thrissur,Kerala
2019-06-01,1.1,11.760000000000032,31.720000000000017,47.51000000000001,6.99,1,Thrissur,Kerala
2019-06-02,3.64,11.730000000000032,33.490000000000016,50.81000000000001,6.99,1,Thrissur,Kerala
2019-06-03,5.03,9.770000000000032,38.240000000000016,55.67000000000001,5.03,1,Thrissur,Kerala
2019-06-04,5.86,14.530000000000033,38.09000000000002,61.43000000000001,5.86,1,Thrissur,Kerala
2019-06-05,15.66,26.550000000000033,41.95000000000002,76.78000000000002,15.66,1,Thrissur,Kerala
2019-06-06,20.2,41.72000000000003,58.48000000000002,96.80000000000001,20.2,1,Thrissur,Kerala
2019-06-07,1.37,37.23000000000003,52.86000000000002,97.63000000000001,20.2,1,Thrissur,Kerala
2019-06-08,4.87,26.440000000000033,56.63000000000002,97.58000000000001,20.2,1,Thrissur,Kerala
2019-06-09,24.88,31.12000000000003,77.87000000000002,113.23,24.88,1,Thrissur,Kerala
2019-06-10,20.01,49.76000000000003,92.85000000000002,131.37,24.88,1,Thrissur,Kerala
2019-06-11,22.17,67.06000000000003,109.16000000000003,153.26,24.88,1,Thrissur,Kerala
2019-06-12,9.78,51.96000000000003,103.28000000000003,157.03,22.17,1,Thrissur,Kerala
2019-06-13,7.94,39.89000000000003,91.02000000000002,153.17,22.17,1,Thrissur,Kerala
2019-06-14,16.47,34.190000000000026,106.12000000000002,165.97,16.47,1,Thrissur,Kerala
2019-06-15,5.43,29.840000000000025,106.68000000000002,164.41,16.47,1,Thrissur,Kerala
2019-06-16,1.29,23.190000000000026,83.09000000000002,164.6,16.47,1,Thrissur,Kerala
2019-06-17,1.66,8.380000000000027,64.74000000000002,162.62,5.43,1,Thrissur,Kerala
2019-06-18,3.73,6.680000000000028,46.300000000000026,161.32000000000002,3.73,1,Thrissur,Kerala
2019-06-19,6.49,11.880000000000027,43.01000000000002,161.95000000000002,6.49,1,Thrissur,Kerala
2019-06-20,11.4,21.62000000000003,46.47000000000001,157.69,11.4,1,Thrissur,Kerala
2019-06-21,22.05,39.940000000000026,52.050000000000026,159.54000000000002,22.05,1,Thrissur,Kerala
2019-06-22,27.22,60.67000000000003,73.84000000000002,185.39000000000001,27.22,1,Thrissur,Kerala
2019-06-23,14.74,64.01000000000003,87.29000000000002,195.26000000000002,27.22,1,Thrissur,Kerala
2019-06-24,4.76,46.72000000000003,90.39000000000001,175.14000000000001,27.22,1,Thrissur,Kerala
2019-06-25,4.0,23.50000000000003,90.66000000000003,159.13,14.74,1,Thrissur,Kerala
2019-06-26,0.49,9.250000000000028,84.66000000000003,137.45000000000002,4.76,1,Thrissur,Kerala
2019-06-27,0.11,4.600000000000028,73.37000000000002,127.78,4.0,1,Thrissur,Kerala
2019-06-28,0.15,0.7500000000000284,51.47000000000001,119.99000000000001,0.49,1,Thrissur,Kerala
2019-06-29,0.25,0.5100000000000284,24.50000000000002,103.77000000000001,0.25,1,Thrissur,Kerala
2019-06-30,0.49,0.8900000000000284,10.250000000000021,98.83,0.49,1,Thrissur,Kerala
2019-07-01,0.5,1.2400000000000284,5.9900000000000215,98.04,0.5,1,Thrissur,Kerala
2019-07-02,10.57,11.560000000000029,12.560000000000022,106.95,10.57,1,Thrissur,Kerala
2019-07-03,11.39,22.46000000000003,23.460000000000022,114.61000000000001,11.39,1,Thrissur,Kerala
2019-07-04,21.75,43.71000000000003,45.10000000000002,129.87,21.75,1,Thrissur,Kerala
2019-07-05,13.55,46.690000000000026,58.50000000000003,132.02,21.75,1,Thrissur,Kerala
2019-07-06,13.01,48.31000000000003,71.26000000000002,122.98,21.75,1,Thrissur,Kerala
2019-07-07,9.92,36.48000000000003,80.69000000000003,105.68000000000002,13.55,1,Thrissur,Kerala
2019-07-08,11.58,34.510000000000026,91.77000000000002,102.52000000000001,13.01,1,Thrissur,Kerala
2019-07-09,18.79,40.29000000000003,99.99000000000002,116.55000000000001,18.79,1,Thrissur,Kerala
2019-07-10,9.82,40.190000000000026,98.42000000000002,122.37000000000002,18.79,1,Thrissur,Kerala
2019-07-11,5.12,33.730000000000025,81.79000000000002,127.00000000000001,18.79,1,Thrissur,Kerala
2019-07-12,1.55,16.49000000000003,69.79000000000002,128.44,9.82,1,Thrissur,Kerala
2019-07-13,6.11,12.78000000000003,62.89000000000002,134.4,6.11,1,Thrissur,Kerala
2019-07-14,10.24,17.900000000000027,63.21000000000002,144.39000000000001,10.24,1,Thrissur,Kerala
2019-07-15,11.24,27.590000000000025,62.87000000000002,155.14000000000001,11.24,1,Thrissur,Kerala
2019-07-16,7.52,29.00000000000003,51.60000000000002,162.16000000000003,11.24,1,Thrissur,Kerala
2019-07-17,8.39,27.150000000000027,50.17000000000002,159.98,11.24,1,Thrissur,Kerala
2019-07-18,24.42,40.33000000000003,69.47000000000003,173.01000000000002,24.42,1,Thrissur,Kerala
2019-07-19,55.23,88.04000000000003,123.15000000000003,206.49,55.23,1,Thrissur,Kerala
2019-07-20,36.13,115.78000000000003,153.17000000000002,229.07,55.23,1,Thrissur,Kerala
2019-07-21,27.22,118.58000000000004,170.15000000000003,243.28000000000003,55.23,1,Thrissur,Kerala
2019-07-22,28.92,92.27000000000004,187.83,262.28,36.13,1,Thrissur,Kerala
2019-07-23,4.2,60.34000000000003,184.51000000000002,254.9,28.92,1,Thrissur,Kerala
2019-07-24,16.35,49.47000000000003,192.47000000000003,252.46000000000004,28.92,1,Thrissur,Kerala
2019-07-25,7.8,28.35000000000003,175.85000000000002,250.44,16.35,1,Thrissur,Kerala
2019-07-26,4.59,28.74000000000003,125.21000000000002,249.91,16.35,1,Thrissur,Kerala
2019-07-27,0.52,12.910000000000029,89.60000000000001,248.88000000000002,7.8,1,Thrissur,Kerala
2019-07-28,2.1,7.210000000000028,64.48000000000002,244.87,4.59,1,Thrissur,Kerala
2019-07-29,1.75,4.3700000000000285,37.310000000000024,236.38000000000002,2.1,1,Thrissur,Kerala
2019-07-30,0.83,4.680000000000028,33.94000000000002,225.97,2.1,1,Thrissur,Kerala
2019-07-31,0.68,3.260000000000028,18.27000000000002,219.13,1.75,1,Thrissur,Kerala
2019-08-01,2.41,3.9200000000000284,12.88000000000002,213.15,2.41,1,Thrissur,Kerala
2019-08-02,6.08,9.170000000000028,14.37000000000002,194.81,6.08,1,Thrissur,Kerala
2019-08-03,3.23,11.720000000000029,17.08000000000002,142.81,6.08,1,Thrissur,Kerala
2019-08-04,14.97,24.28000000000003,29.950000000000024,121.65000000000002,14.97,1,Thrissur,Kerala
2019-08-05,17.68,35.88000000000003,45.880000000000024,112.11,17.68,1,Thrissur,Kerala
2019-08-06,39.8,72.45000000000002,84.85000000000002,122.99,39.8,1,Thrissur,Kerala
2019-08-07,48.89,106.37000000000003,133.06,167.68,48.89,1,Thrissur,Kerala
2019-08-08,76.85,165.54000000000002,207.5,228.18,76.85,1,Thrissur,Kerala
2019-08-09,78.92,204.66000000000003,280.34000000000003,299.3,78.92,1,Thrissur,Kerala
2019-08-10,48.17,203.94000000000003,325.28000000000003,342.88,78.92,1,Thrissur,Kerala
2019-08-11,20.6,147.69000000000003,330.91,362.96,78.92,1,Thrissur,Kerala
2019-08-12,14.14,82.91000000000003,327.37000000000006,375.0,48.17,1,Thrissur,Kerala
2019-08-13,30.62,65.36000000000003,318.19000000000005,403.87,30.62,1,Thrissur,Kerala
2019-08-14,39.35,84.11000000000004,308.65000000000003,442.39,39.35,1,Thrissur,Kerala
2019-08-15,4.4,74.37000000000003,236.20000000000002,446.10999999999996,39.35,1,Thrissur,Kerala
2019-08-16,6.31,50.06000000000003,163.59000000000003,450.01,39.35,1,Thrissur,Kerala
2019-08-17,13.33,24.040000000000035,128.75000000000003,457.26000000000005,13.33,1,Thrissur,Kerala
2019-08-18,15.14,34.78000000000004,123.29000000000002,469.17,15.14,1,Thrissur,Kerala
2019-08-19,7.19,35.66000000000003,116.34000000000002,461.39,15.14,1,Thrissur,Kerala
2019-08-20,11.15,33.48000000000003,96.87000000000002,454.86,15.14,1,Thrissur,Kerala
2019-08-21,14.84,33.180000000000035,72.36000000000001,429.90000000000003,14.84,1,Thrissur,Kerala
2019-08-22,28.42,54.41000000000004,96.38000000000001,409.42999999999995,28.42,1,Thrissur,Kerala
2019-08-23,9.21,52.47000000000004,99.28000000000003,341.79,28.42,1,Thrissur,Kerala
2019-08-24,8.11,45.74000000000004,94.06,270.98,28.42,1,Thrissur,Kerala
2019-08-25,14.03,31.350000000000037,92.95000000000002,236.84,14.03,1,Thrissur,Kerala
2019-08-26,19.85,41.99000000000004,105.61000000000001,236.09000000000003,19.85,1,Thrissur,Kerala
2019-08-27,16.59,50.47000000000004,111.05000000000003,238.54,19.85,1,Thrissur,Kerala
2019-08-28,10.61,47.05000000000004,106.82000000000002,218.53,19.85,1,Thrissur,Kerala
2019-08-29,26.29,53.49000000000004,104.69000000000001,205.47,26.29,1,Thrissur,Kerala
2019-08-30,6.2,43.10000000000003,101.68000000000002,207.27,26.29,1,Thrissur,Kerala
2019-08-31,8.84,41.33000000000004,102.41000000000003,209.79999999999998,26.29,1,Thrissur,Kerala
2019-09-01,14.11,29.150000000000034,102.49000000000002,210.58,14.11,1,Thrissur,Kerala
2019-09-02,21.95,44.900000000000034,104.59,217.39,21.95,1,Thrissur,Kerala
2019-09-03,10.2,46.26000000000003,98.2,220.4,21.95,1,Thrissur,Kerala
2019-09-04,10.71,42.86000000000003,98.30000000000001,219.95999999999998,21.95,1,Thrissur,Kerala
2019-09-05,10.81,31.720000000000034,82.82000000000002,215.93,10.81,1,Thrissur,Kerala
2019-09-06,18.37,39.89000000000004,94.99000000000001,205.88,18.37,1,Thrissur,Kerala
2019-09-07,10.85,40.03000000000004,97.00000000000001,207.51999999999998,18.37,1,Thrissur,Kerala
2019-09-08,17.35,46.570000000000036,100.24000000000001,216.76000000000002,18.37,1,Thrissur,Kerala
2019-09-09,12.55,40.75000000000004,90.84000000000003,215.28,17.35,1,Thrissur,Kerala
2019-09-10,9.48,39.38000000000004,90.12000000000003,204.91000000000003,17.35,1,Thrissur,Kerala
2019-09-11,25.5,47.53000000000004,104.91000000000003,213.82000000000002,25.5,1,Thrissur,Kerala
2019-09-12,15.78,50.76000000000003,109.88000000000001,218.99,25.5,1,Thrissur,Kerala
2019-09-13,15.69,56.970000000000034,107.20000000000002,208.39000000000001,25.5,1,Thrissur,Kerala
2019-09-14,10.26,41.73000000000003,106.61000000000001,212.45,15.78,1,Thrissur,Kerala
2019-09-15,9.21,35.16000000000003,98.47000000000003,212.82000000000002,15.69,1,Thrissur,Kerala
2019-09-16,13.12,32.59000000000003,99.04,211.83,13.12,1,Thrissur,Kerala
2019-09-17,22.59,44.92000000000004,112.15,212.47000000000003,22.59,1,Thrissur,Kerala
2019-09-18,14.52,50.23000000000003,101.17,216.79,22.59,1,Thrissur,Kerala
2019-09-19,14.55,51.66000000000003,99.94000000000003,220.63000000000002,22.59,1,Thrissur,Kerala
2019-09-20,1.96,31.030000000000037,86.21000000000002,211.78,14.55,1,Thrissur,Kerala
2019-09-21,1.52,18.030000000000037,77.47000000000001,194.93,14.55,1,Thrissur,Kerala
2019-09-22,11.38,14.860000000000037,79.64000000000001,195.46,11.38,1,Thrissur,Kerala
2019-09-23,9.29,22.190000000000037,75.81000000000002,187.4,11.38,1,Thrissur,Kerala
2019-09-24,20.21,40.88000000000004,73.43,195.06,20.21,1,Thrissur,Kerala
2019-09-25,13.67,43.17000000000004,72.58000000000001,199.25,20.21,1,Thrissur,Kerala
2019-09-26,6.08,39.960000000000036,64.11000000000001,179.82999999999998,20.21,1,Thrissur,Kerala
2019-09-27,5.39,25.140000000000036,67.54,169.44,13.67,1,Thrissur,Kerala
2019-09-28,8.46,19.930000000000035,74.48000000000002,162.20999999999998,8.46,1,Thrissur,Kerala
2019-09-29,12.33,26.180000000000035,75.43000000000002,164.28,12.33,1,Thrissur,Kerala
2019-09-30,25.93,46.720000000000034,92.07000000000001,181.0,25.93,1,Thrissur,Kerala
2019-10-01,5.37,43.63000000000003,77.23000000000002,173.25,25.93,0,Thrissur,Kerala
2019-10-02,6.79,38.09000000000003,70.35000000000001,157.45000000000002,25.93,0,Thrissur,Kerala
2019-10-03,15.6,27.760000000000034,79.87000000000002,158.53,15.6,0,Thrissur,Kerala
2019-10-04,2.11,24.500000000000036,76.59000000000002,146.09,15.6,0,Thrissur,Kerala
2019-10-05,5.3,23.010000000000034,73.43000000000002,149.43,15.6,0,Thrissur,Kerala
2019-10-06,8.08,15.490000000000036,69.18,155.99,8.08,0,Thrissur,Kerala
2019-10-07,5.74,19.120000000000037,48.990000000000016,150.35,8.08,0,Thrissur,Kerala
2019-10-08,6.03,19.850000000000037,49.65000000000002,147.08999999999997,8.08,0,Thrissur,Kerala
2019-10-09,3.18,14.950000000000037,46.04000000000001,130.06,6.03,0,Thrissur,Kerala
2019-10-10,1.86,11.070000000000036,32.30000000000002,118.25,6.03,0,Thrissur,Kerala
2019-10-11,8.26,13.300000000000036,38.45000000000002,120.42999999999999,8.26,0,Thrissur,Kerala
2019-10-12,14.65,24.770000000000035,47.80000000000002,129.69,14.65,0,Thrissur,Kerala
2019-10-13,25.59,48.500000000000036,65.31,146.82,25.59,0,Thrissur,Kerala
2019-10-14,17.95,58.19000000000004,77.52000000000001,152.44,25.59,0,Thrissur,Kerala
2019-10-15,13.46,57.00000000000003,84.95000000000002,139.97,25.59,0,Thrissur,Kerala
2019-10-16,27.41,58.820000000000036,109.18,162.01,27.41,0,Thrissur,Kerala
2019-10-17,26.78,67.65000000000003,134.10000000000002,182.0,27.41,0,Thrissur,Kerala
2019-10-18,36.06,90.25000000000004,161.90000000000003,202.45999999999998,36.06,0,Thrissur,Kerala
2019-10-19,13.22,76.06000000000004,160.47000000000003,213.57000000000002,36.06,0,Thrissur,Kerala
2019-10-20,52.15,101.43000000000004,187.03,260.42,52.15,0,Thrissur,Kerala
2019-10-21,40.26,105.63000000000002,209.34000000000003,292.6,52.15,0,Thrissur,Kerala
2019-10-22,5.5,97.91000000000003,201.38,292.36,52.15,0,Thrissur,Kerala
2019-10-23,21.25,67.01000000000003,195.22000000000003,307.58000000000004,40.26,0,Thrissur,Kerala
2019-10-24,16.19,42.94000000000004,184.63000000000002,320.59000000000003,21.25,0,Thrissur,Kerala
2019-10-25,9.26,46.70000000000004,157.83,327.99,21.25,0,Thrissur,Kerala
2019-10-26,3.97,29.420000000000037,148.58,323.7,16.19,0,Thrissur,Kerala
2019-10-27,0.66,13.890000000000036,97.09,309.71,9.26,0,Thrissur,Kerala
2019-10-28,1.82,6.450000000000036,58.65000000000001,285.94,3.97,0,Thrissur,Kerala
2019-10-29,6.86,9.340000000000035,60.01000000000002,274.85,6.86,0,Thrissur,Kerala
2019-10-30,49.83,58.51000000000003,88.59000000000002,311.21999999999997,49.83,0,Thrissur,Kerala
2019-10-31,28.0,84.69000000000003,100.40000000000002,311.81,49.83,0,Thrissur,Kerala
2019-11-01,2.27,80.10000000000004,93.41000000000001,287.3,49.83,0,Thrissur,Kerala
2019-11-02,3.77,34.040000000000035,93.21000000000002,255.01,28.0,0,Thrissur,Kerala
2019-11-03,13.52,19.560000000000034,106.07000000000002,255.30999999999997,13.52,0,Thrissur,Kerala
2019-11-04,6.72,24.010000000000034,110.97000000000001,209.88,13.52,0,Thrissur,Kerala
2019-11-05,2.67,22.910000000000036,106.78000000000002,172.29000000000002,13.52,0,Thrissur,Kerala
2019-11-06,2.81,12.200000000000035,59.76000000000001,169.60000000000002,6.72,0,Thrissur,Kerala
2019-11-07,1.73,7.2100000000000355,33.49000000000001,150.08,2.81,0,Thrissur,Kerala
2019-11-08,1.29,5.830000000000036,32.51000000000001,135.17999999999998,2.81,0,Thrissur,Kerala
2019-11-09,2.12,5.140000000000036,30.860000000000014,128.04,2.12,0,Thrissur,Kerala
2019-11-10,14.5,17.910000000000036,31.840000000000014,138.57,14.5,0,Thrissur,Kerala
2019-11-11,8.72,25.34000000000004,33.84000000000002,146.63,14.5,0,Thrissur,Kerala
2019-11-12,5.86,29.080000000000037,37.030000000000015,150.67000000000002,14.5,0,Thrissur,Kerala
2019-11-13,0.19,14.770000000000037,34.41000000000001,144.0,8.72,0,Thrissur,Kerala
2019-11-14,1.01,7.060000000000036,33.69000000000001,95.17999999999999,5.86,0,Thrissur,Kerala
2019-11-15,3.25,4.450000000000036,35.65000000000002,70.43,3.25,0,Thrissur,Kerala
2019-11-16,9.54,13.800000000000034,43.07000000000001,77.7,9.54,0,Thrissur,Kerala
2019-11-17,5.84,18.630000000000035,34.41000000000001,79.77,9.54,0,Thrissur,Kerala
2019-11-18,2.51,17.890000000000036,28.200000000000017,68.75999999999999,9.54,0,Thrissur,Kerala
2019-11-19,5.18,13.530000000000035,27.52000000000001,67.22,5.84,0,Thrissur,Kerala
2019-11-20,11.67,19.360000000000035,39.000000000000014,76.22,11.67,0,Thrissur,Kerala
2019-11-21,4.48,21.330000000000037,42.47000000000001,77.88999999999999,11.67,0,Thrissur,Kerala
2019-11-22,1.52,17.670000000000034,40.740000000000016,77.68,11.67,0,Thrissur,Kerala
2019-11-23,0.98,6.980000000000036,32.180000000000014,77.37,4.48,0,Thrissur,Kerala
2019-11-24,0.86,3.3600000000000354,27.200000000000014,76.11,1.52,0,Thrissur,Kerala
2019-11-25,0.38,2.2200000000000353,25.07000000000001,61.99,0.98,0,Thrissur,Kerala
2019-11-26,0.25,1.4900000000000355,20.140000000000015,53.52,0.86,0,Thrissur,Kerala
2019-11-27,0.97,1.6000000000000356,9.440000000000015,48.63,0.97,0,Thrissur,Kerala
2019-11-28,1.27,2.4900000000000357,6.230000000000015,49.709999999999994,1.27,0,Thrissur,Kerala
2019-11-29,4.84,7.080000000000036,9.550000000000015,53.54,4.84,0,Thrissur,Kerala
2019-11-30,6.08,12.190000000000037,14.650000000000015,56.37,6.08,0,Thrissur,Kerala
2019-12-01,12.91,23.830000000000037,26.700000000000017,59.74,12.91,0,Thrissur,Kerala
2019-12-02,12.79,31.780000000000037,39.110000000000014,66.69,12.91,0,Thrissur,Kerala
2019-12-03,6.74,32.44000000000003,45.600000000000016,70.92,12.91,0,Thrissur,Kerala
2019-12-04,0.98,20.510000000000034,45.610000000000014,66.72,12.79,0,Thrissur,Kerala
2019-12-05,0.16,7.880000000000035,44.500000000000014,55.21,6.74,0,Thrissur,Kerala
2019-12-06,0.03,1.1700000000000355,39.69000000000001,50.76,0.98,0,Thrissur,Kerala
2019-12-07,0.99,1.1800000000000355,34.60000000000001,50.23,0.99,0,Thrissur,Kerala
2019-12-08,0.53,1.5500000000000356,22.220000000000017,49.78,0.99,0,Thrissur,Kerala
2019-12-09,0.1,1.6200000000000356,9.530000000000014,49.02,0.99,0,Thrissur,Kerala
2019-12-10,0.04,0.6700000000000356,2.8300000000000143,48.68,0.53,0,Thrissur,Kerala
2019-12-11,0.01,0.15000000000003552,1.860000000000014,48.44,0.1,0,Thrissur,Kerala
2019-12-12,0.03,0.08000000000003553,1.7300000000000142,47.5,0.04,0,Thrissur,Kerala
2019-12-13,0.41,0.4500000000000355,2.110000000000014,46.64,0.41,0,Thrissur,Kerala
2019-12-14,18.48,18.920000000000037,19.600000000000016,60.28,18.48,0,Thrissur,Kerala
2019-12-15,1.64,20.530000000000037,20.710000000000015,55.84,18.48,0,Thrissur,Kerala
2019-12-16,0.01,20.130000000000035,20.620000000000015,42.94,18.48,0,Thrissur,Kerala
2019-12-17,0.14,1.7900000000000356,20.720000000000013,30.29,1.64,0,Thrissur,Kerala
2019-12-18,0.04,0.19000000000003556,20.750000000000014,23.59,0.14,0,Thrissur,Kerala
2019-12-19,0.01,0.19000000000003553,20.730000000000015,22.62,0.14,0,Thrissur,Kerala
2019-12-20,0.02,0.07000000000003553,20.340000000000014,22.48,0.04,0,Thrissur,Kerala
2019-12-21,0.02,0.05000000000003553,1.880000000000014,22.47,0.02,0,Thrissur,Kerala
2019-12-22,0.0,0.04000000000003552,0.24000000000001423,21.48,0.02,0,Thrissur,Kerala
2019-12-23,0.04,0.06000000000003553,0.27000000000001423,20.990000000000002,0.04,0,Thrissur,Kerala
2019-12-24,0.11,0.15000000000003555,0.2400000000000142,21.000000000000004,0.11,0,Thrissur,Kerala
2019-12-25,1.54,1.6900000000000355,1.7400000000000142,22.500000000000004,1.54,0,Thrissur,Kerala
2019-12-26,0.21,1.8600000000000354,1.9400000000000142,22.700000000000003,1.54,0,Thrissur,Kerala
2019-12-27,0.08,1.8300000000000356,2.000000000000014,22.75,1.54,0,Thrissur,Kerala
2019-12-28,0.04,0.33000000000003554,2.0200000000000142,22.38,0.21,0,Thrissur,Kerala
2019-12-29,0.01,0.13000000000003553,2.030000000000014,3.91,0.08,0,Thrissur,Kerala
2019-12-30,0.23,0.28000000000003555,2.220000000000014,2.5000000000000004,0.23,0,Thrissur,Kerala
2019-12-31,1.12,1.3600000000000356,3.2300000000000146,3.6100000000000003,1.12,0,Thrissur,Kerala
2020-01-01,0.26,1.6100000000000356,1.9500000000000144,3.7300000000000004,1.12,0,Thrissur,Kerala
2020-01-02,0.01,1.3900000000000357,1.7500000000000144,3.7,1.12,0,Thrissur,Kerala
2020-01-03,0.01,0.28000000000003555,1.6800000000000144,3.7,0.26,0,Thrissur,Kerala
2020-01-04,0.03,0.05000000000003553,1.6700000000000144,3.7100000000000004,0.03,0,Thrissur,Kerala
2020-01-05,0.05,0.09000000000003552,1.7100000000000144,3.74,0.05,0,Thrissur,Kerala
2020-01-06,0.06,0.14000000000003554,1.5400000000000142,3.8000000000000003,0.06,0,Thrissur,Kerala
2020-01-07,0.02,0.13000000000003553,0.4400000000000142,3.7800000000000002,0.06,0,Thrissur,Kerala
2020-01-08,0.07,0.15000000000003555,0.2500000000000142,3.7400000000000007,0.07,0,Thrissur,Kerala
2020-01-09,0.03,0.12000000000003554,0.27000000000001423,2.23,0.07,0,Thrissur,Kerala
2020-01-10,0.01,0.11000000000003553,0.27000000000001423,2.03,0.07,0,Thrissur,Kerala
2020-01-11,0.0,0.04000000000003553,0.24000000000001423,1.9500000000000002,0.03,0,Thrissur,Kerala
2020-01-12,0.0,0.010000000000035527,0.1900000000000142,1.9100000000000001,0.01,0,Thrissur,Kerala
2020-01-13,0.0,0.0,0.13000000000001422,1.9000000000000001,0.0,0,Thrissur,Kerala
2020-01-14,0.0,0.0,0.11000000000001421,1.6700000000000002,0.0,0,Thrissur,Kerala
2020-01-15,0.0,0.0,0.04000000000001421,0.55,0.0,0,Thrissur,Kerala
2020-01-16,0.25,0.2500000000000355,0.2600000000000142,0.54,0.25,0,Thrissur,Kerala
2020-01-17,0.09,0.3400000000000355,0.3400000000000142,0.62,0.25,0,Thrissur,Kerala
2020-01-18,0.43,0.7700000000000355,0.7700000000000142,1.04,0.43,0,Thrissur,Kerala
2020-01-19,6.18,6.700000000000035,6.9500000000000135,7.1899999999999995,6.18,0,Thrissur,Kerala
2020-01-20,0.36,6.970000000000035,7.310000000000014,7.5,6.18,0,Thrissur,Kerala
2020-01-21,0.01,6.5500000000000345,7.320000000000014,7.449999999999999,6.18,0,Thrissur,Kerala
2020-01-22,0.0,0.37000000000003463,7.320000000000014,7.43,0.36,0,Thrissur,Kerala
2020-01-23,0.0,0.01000000000003464,7.070000000000014,7.359999999999999,0.01,0,Thrissur,Kerala
2020-01-24,0.0,0.0,6.980000000000014,7.33,0.0,0,Thrissur,Kerala
2020-01-25,0.0,0.0,6.550000000000013,7.319999999999999,0.0,0,Thrissur,Kerala
2020-01-26,0.0,0.0,0.3700000000000133,7.319999999999999,0.0,0,Thrissur,Kerala
2020-01-27,0.0,0.0,0.010000000000013323,7.319999999999999,0.0,0,Thrissur,Kerala
2020-01-28,0.0,0.0,0.0,7.319999999999999,0.0,0,Thrissur,Kerala
2020-01-29,0.0,0.0,0.0,7.319999999999999,0.0,0,Thrissur,Kerala
2020-01-30,0.0,0.0,0.0,7.319999999999999,0.0,0,Thrissur,Kerala
2020-01-31,0.03,0.030000000000034638,0.03000000000001332,7.1,0.03,0,Thrissur,Kerala
2020-02-01,0.03,0.06000000000003464,0.06000000000001332,7.039999999999999,0.03,0,Thrissur,Kerala
2020-02-02,0.16,0.22000000000003464,0.22000000000001332,6.77,0.16,0,Thrissur,Kerala
2020-02-03,0.0,0.19000000000003464,0.22000000000001332,0.59,0.16,0,Thrissur,Kerala
2020-02-04,0.01,0.17000000000003465,0.23000000000001333,0.24000000000000002,0.16,0,Thrissur,Kerala
2020-02-05,2.18,2.190000000000035,2.4100000000000135,2.41,2.18,0,Thrissur,Kerala
2020-02-06,4.34,6.530000000000035,6.750000000000013,6.75,4.34,0,Thrissur,Kerala
2020-02-07,4.5,11.020000000000035,11.220000000000013,11.25,4.5,0,Thrissur,Kerala
2020-02-08,0.03,8.870000000000035,11.220000000000013,11.28,4.5,0,Thrissur,Kerala
2020-02-09,0.15,4.680000000000035,11.210000000000013,11.43,4.5,0,Thrissur,Kerala
2020-02-10,0.16,0.3400000000000355,11.370000000000013,11.59,0.16,0,Thrissur,Kerala
2020-02-11,0.19,0.5000000000000355,11.550000000000013,11.78,0.19,0,Thrissur,Kerala
2020-02-12,0.0,0.3500000000000355,9.370000000000012,11.78,0.19,0,Thrissur,Kerala
2020-02-13,0.0,0.19000000000003553,5.030000000000014,11.78,0.19,0,Thrissur,Kerala
2020-02-14,0.05,0.05000000000003553,0.5800000000000133,11.83,0.05,0,Thrissur,Kerala
2020-02-15,0.09,0.14000000000003554,0.6400000000000133,11.89,0.09,0,Thrissur,Kerala
2020-02-16,0.0,0.14000000000003554,0.4900000000000133,11.86,0.09,0,Thrissur,Kerala
2020-02-17,0.0,0.09000000000003552,0.3300000000000133,11.7,0.09,0,Thrissur,Kerala
2020-02-18,0.0,0.0,0.14000000000001334,11.7,0.0,0,Thrissur,Kerala
2020-02-19,0.0,0.0,0.14000000000001334,11.69,0.0,0,Thrissur,Kerala
2020-02-20,0.0,0.0,0.14000000000001334,9.51,0.0,0,Thrissur,Kerala
2020-02-21,0.0,0.0,0.09000000000001332,5.17,0.0,0,Thrissur,Kerala
2020-02-22,0.01,0.010000000000035527,0.010000000000013323,0.68,0.01,0,Thrissur,Kerala
2020-02-23,0.0,0.010000000000035527,0.010000000000013323,0.65,0.01,0,Thrissur,Kerala
2020-02-24,0.0,0.010000000000035527,0.010000000000013323,0.49999999999999994,0.01,0,Thrissur,Kerala
2020-02-25,0.0,0.0,0.010000000000013323,0.33999999999999997,0.0,0,Thrissur,Kerala
2020-02-26,0.01,0.010000000000035527,0.020000000000013323,0.16,0.01,0,Thrissur,Kerala
2020-02-27,0.76,0.7700000000000355,0.7800000000000133,0.92,0.76,0,Thrissur,Kerala
2020-02-28,0.57,1.3400000000000354,1.3500000000000134,1.49,0.76,0,Thrissur,Kerala
2020-02-29,2.16,3.4900000000000357,3.5000000000000133,3.6,2.16,0,Thrissur,Kerala
2020-03-01,1.57,4.300000000000036,5.070000000000014,5.08,2.16,0,Thrissur,Kerala
2020-03-02,5.36,9.090000000000035,10.430000000000014,10.440000000000001,5.36,0,Thrissur,Kerala
2020-03-03,2.69,9.620000000000037,13.120000000000013,13.13,5.36,0,Thrissur,Kerala
2020-03-04,1.83,9.880000000000036,14.940000000000014,14.96,5.36,0,Thrissur,Kerala
2020-03-05,1.24,5.760000000000035,15.420000000000014,16.2,2.69,0,Thrissur,Kerala
2020-03-06,0.09,3.1600000000000357,14.940000000000014,16.29,1.83,0,Thrissur,Kerala
2020-03-07,0.02,1.3500000000000356,12.800000000000013,16.31,1.24,0,Thrissur,Kerala
2020-03-08,0.61,0.7200000000000355,11.840000000000014,16.91,0.61,0,Thrissur,Kerala
2020-03-09,0.66,1.2900000000000356,7.140000000000013,17.57,0.66,0,Thrissur,Kerala
2020-03-10,0.53,1.8000000000000356,4.980000000000014,18.099999999999998,0.66,0,Thrissur,Kerala
2020-03-11,3.99,5.180000000000035,7.140000000000013,22.09,3.99,0,Thrissur,Kerala
2020-03-12,5.34,9.860000000000035,11.240000000000013,27.42,5.34,0,Thrissur,Kerala
2020-03-13,0.0,9.330000000000036,11.150000000000013,26.66,5.34,0,Thrissur,Kerala
2020-03-14,0.0,5.340000000000035,11.130000000000013,26.09,5.34,0,Thrissur,Kerala
2020-03-15,0.0,0.0,10.520000000000014,23.93,0.0,0,Thrissur,Kerala
2020-03-16,0.0,0.0,9.860000000000014,22.36,0.0,0,Thrissur,Kerala
2020-03-17,0.06,0.060000000000035525,9.390000000000013,17.06,0.06,0,Thrissur,Kerala
2020-03-18,0.18,0.24000000000003552,5.5800000000000125,14.549999999999999,0.18,0,Thrissur,Kerala
2020-03-19,0.31,0.5500000000000356,0.5500000000000125,13.03,0.31,0,Thrissur,Kerala
2020-03-20,0.79,1.2800000000000356,1.3400000000000125,12.58,0.79,0,Thrissur,Kerala
2020-03-21,3.99,5.090000000000035,5.3300000000000125,16.48,3.99,0,Thrissur,Kerala
2020-03-22,2.04,6.820000000000036,7.3700000000000125,18.5,3.99,0,Thrissur,Kerala
2020-03-23,1.0,7.030000000000037,8.370000000000012,18.89,3.99,0,Thrissur,Kerala
2020-03-24,0.86,3.9000000000000354,9.170000000000012,19.09,2.04,0,Thrissur,Kerala
2020-03-25,1.01,2.8700000000000356,10.000000000000012,19.57,1.01,0,Thrissur,Kerala
2020-03-26,0.19,2.0600000000000356,9.880000000000011,15.770000000000001,1.01,0,Thrissur,Kerala
2020-03-27,0.3,1.5000000000000357,9.390000000000013,10.729999999999999,1.01,0,Thrissur,Kerala
2020-03-28,0.18,0.6700000000000355,5.5800000000000125,10.910000000000002,0.3,0,Thrissur,Kerala
2020-03-29,0.49,0.9700000000000355,4.030000000000013,11.399999999999999,0.49,0,Thrissur,Kerala
2020-03-30,1.01,1.6800000000000355,4.0400000000000125,12.41,1.01,0,Thrissur,Kerala
2020-03-31,2.0,3.5000000000000355,5.180000000000012,14.41,2.0,0,Thrissur,Kerala
2020-04-01,0.17,3.1800000000000352,4.340000000000013,14.520000000000001,2.0,0,Thrissur,Kerala
2020-04-02,0.24,2.4100000000000357,4.390000000000012,14.58,2.0,0,Thrissur,Kerala
2020-04-03,0.27,0.6800000000000356,4.360000000000013,14.540000000000001,0.27,0,Thrissur,Kerala
2020-04-04,0.33,0.8400000000000356,4.510000000000012,14.08,0.33,0,Thrissur,Kerala
2020-04-05,1.66,2.2600000000000353,5.680000000000012,11.75,1.66,0,Thrissur,Kerala
2020-04-06,4.4,6.390000000000036,9.070000000000013,14.11,4.4,0,Thrissur,Kerala
2020-04-07,3.7,9.760000000000037,10.770000000000014,16.810000000000002,4.4,0,Thrissur,Kerala
2020-04-08,0.56,8.660000000000036,11.160000000000013,16.51,4.4,0,Thrissur,Kerala
2020-04-09,2.59,6.850000000000035,13.510000000000012,18.09,3.7,0,Thrissur,Kerala
2020-04-10,0.47,3.6200000000000356,13.710000000000013,18.37,2.59,0,Thrissur,Kerala
2020-04-11,1.99,5.050000000000035,15.370000000000013,20.060000000000002,2.59,0,Thrissur,Kerala
2020-04-12,2.36,4.820000000000036,16.070000000000014,22.240000000000002,2.36,0,Thrissur,Kerala
2020-04-13,0.25,4.600000000000035,11.920000000000012,22.0,2.36,0,Thrissur,Kerala
2020-04-14,0.39,3.0000000000000355,8.610000000000014,21.380000000000003,2.36,0,Thrissur,Kerala
2020-04-15,0.48,1.1200000000000356,8.530000000000012,19.86,0.48,0,Thrissur,Kerala
2020-04-16,0.71,1.5800000000000356,6.650000000000013,20.4,0.71,0,Thrissur,Kerala
2020-04-17,1.65,2.8400000000000354,7.8300000000000125,21.810000000000002,1.65,0,Thrissur,Kerala
2020-04-18,1.76,4.120000000000036,7.600000000000012,23.3,1.76,0,Thrissur,Kerala
2020-04-19,0.58,3.9900000000000353,5.820000000000013,23.55,1.76,0,Thrissur,Kerala
2020-04-20,2.02,4.360000000000035,7.590000000000012,23.91,2.02,0,Thrissur,Kerala
2020-04-21,4.63,7.230000000000036,11.830000000000013,24.14,4.63,0,Thrissur,Kerala
2020-04-22,9.44,16.090000000000035,20.790000000000013,29.879999999999995,9.44,0,Thrissur,Kerala
2020-04-23,5.57,19.640000000000036,25.650000000000013,34.89,9.44,0,Thrissur,Kerala
2020-04-24,2.27,17.280000000000037,26.270000000000014,34.57,9.44,0,Thrissur,Kerala
2020-04-25,0.62,8.460000000000036,25.13000000000001,34.72,5.57,0,Thrissur,Kerala
2020-04-26,10.8,13.690000000000037,35.350000000000016,43.53,10.8,0,Thrissur,Kerala
2020-04-27,1.4,12.820000000000038,34.73000000000001,42.57,10.8,0,Thrissur,Kerala
2020-04-28,2.53,14.730000000000036,32.63000000000002,44.85,10.8,0,Thrissur,Kerala
2020-04-29,9.06,12.990000000000036,32.250000000000014,53.52,9.06,0,Thrissur,Kerala
2020-04-30,0.25,11.840000000000035,26.930000000000014,53.29,9.06,0,Thrissur,Kerala
2020-05-01,5.0,14.310000000000036,29.660000000000014,57.58,9.06,0,Thrissur,Kerala
2020-05-02,2.86,8.110000000000035,31.900000000000013,58.79,5.0,0,Thrissur,Kerala
2020-05-03,2.37,10.230000000000036,23.470000000000013,59.4,5.0,0,Thrissur,Kerala
2020-05-04,1.75,6.980000000000036,23.820000000000014,60.57,2.86,0,Thrissur,Kerala
2020-05-05,1.73,5.850000000000036,23.020000000000014,60.28,2.37,0,Thrissur,Kerala
2020-05-06,7.7,11.180000000000035,21.66000000000001,63.35000000000001,7.7,0,Thrissur,Kerala
2020-05-07,7.04,16.470000000000034,28.450000000000014,60.95,7.7,0,Thrissur,Kerala
2020-05-08,9.88,24.620000000000037,33.33000000000001,65.26,9.88,0,Thrissur,Kerala
2020-05-09,1.45,18.370000000000037,31.920000000000012,64.44000000000001,9.88,0,Thrissur,Kerala
2020-05-10,1.47,12.800000000000038,31.02000000000001,65.29,9.88,0,Thrissur,Kerala
2020-05-11,1.58,4.5000000000000355,30.850000000000012,56.07000000000001,1.58,0,Thrissur,Kerala
2020-05-12,2.95,6.0000000000000355,32.070000000000014,57.620000000000005,2.95,0,Thrissur,Kerala
2020-05-13,2.4,6.930000000000035,26.770000000000014,57.49,2.95,0,Thrissur,Kerala
2020-05-14,2.17,7.520000000000035,21.900000000000013,50.6,2.95,0,Thrissur,Kerala
2020-05-15,4.36,8.930000000000035,16.38000000000001,54.71,4.36,0,Thrissur,Kerala
2020-05-16,4.02,10.550000000000036,18.95000000000001,53.730000000000004,4.36,0,Thrissur,Kerala
2020-05-17,5.24,13.620000000000037,22.720000000000013,56.11,5.24,0,Thrissur,Kerala
2020-05-18,16.09,25.350000000000037,37.23000000000001,69.83000000000001,16.09,0,Thrissur,Kerala
2020-05-19,7.51,28.84000000000004,41.790000000000006,75.59,16.09,0,Thrissur,Kerala
2020-05-20,1.87,25.470000000000034,41.26000000000001,75.73,16.09,0,Thrissur,Kerala
2020-05-21,15.4,24.78000000000004,54.49000000000001,83.43,15.4,0,Thrissur,Kerala
2020-05-22,1.57,18.84000000000004,51.70000000000001,77.96000000000001,15.4,0,Thrissur,Kerala
2020-05-23,1.94,18.910000000000043,49.62000000000001,70.02,15.4,0,Thrissur,Kerala
2020-05-24,2.17,5.680000000000039,46.55000000000001,70.74,2.17,0,Thrissur,Kerala
2020-05-25,5.62,9.73000000000004,36.08000000000001,74.89,5.62,0,Thrissur,Kerala
2020-05-26,2.94,10.73000000000004,31.510000000000012,76.25,5.62,0,Thrissur,Kerala
2020-05-27,3.62,12.180000000000039,33.26000000000001,76.92,5.62,0,Thrissur,Kerala
2020-05-28,22.15,28.710000000000036,40.010000000000005,96.67,22.15,0,Thrissur,Kerala
2020-05-29,5.57,31.340000000000035,44.010000000000005,100.07,22.15,0,Thrissur,Kerala
2020-05-30,6.43,34.150000000000034,48.500000000000014,102.14,22.15,0,Thrissur,Kerala
2020-05-31,6.69,18.69000000000004,53.02000000000001,104.81,6.69,0,Thrissur,Kerala
2020-06-01,10.3,23.42000000000004,57.70000000000002,109.87,10.3,1,Thrissur,Kerala
2020-06-02,20.15,37.14000000000004,74.91000000000001,113.92999999999999,20.15,1,Thrissur,Kerala
2020-06-03,7.21,37.66000000000004,78.5,113.63,20.15,1,Thrissur,Kerala
2020-06-04,16.5,43.86000000000004,72.85000000000001,128.26,20.15,1,Thrissur,Kerala
2020-06-05,14.75,38.460000000000036,82.03,127.60999999999999,16.5,1,Thrissur,Kerala
2020-06-06,8.85,40.10000000000004,84.45000000000002,134.89,16.5,1,Thrissur,Kerala
2020-06-07,16.15,39.750000000000036,93.91000000000001,149.1,16.15,1,Thrissur,Kerala
2020-06-08,0.32,25.320000000000036,83.93,147.25,16.15,1,Thrissur,Kerala
2020-06-09,4.15,20.620000000000033,67.93,145.78,16.15,1,Thrissur,Kerala
2020-06-10,9.85,14.320000000000036,70.57000000000001,152.69,9.85,1,Thrissur,Kerala
2020-06-11,1.77,15.770000000000035,55.84000000000001,150.84,9.85,1,Thrissur,Kerala
2020-06-12,12.06,23.680000000000035,53.150000000000006,140.75,12.06,1,Thrissur,Kerala
2020-06-13,9.54,23.370000000000033,53.84,144.72,12.06,1,Thrissur,Kerala
2020-06-14,11.95,33.55000000000003,49.64000000000001,150.24,12.06,1,Thrissur,Kerala
2020-06-15,5.8,27.29000000000003,55.120000000000005,149.35,11.95,1,Thrissur,Kerala
2020-06-16,22.42,40.17000000000004,73.39000000000001,161.47,22.42,1,Thrissur,Kerala
2020-06-17,7.06,35.28000000000004,70.60000000000001,148.38,22.42,1,Thrissur,Kerala
2020-06-18,5.99,35.470000000000034,74.82000000000001,147.16,22.42,1,Thrissur,Kerala
2020-06-19,8.21,21.260000000000037,70.97000000000001,138.87,8.21,1,Thrissur,Kerala
2020-06-20,4.27,18.470000000000038,65.70000000000002,128.39000000000001,8.21,1,Thrissur,Kerala
2020-06-21,20.18,32.66000000000004,73.93,139.72,20.18,1,Thrissur,Kerala
2020-06-22,9.14,33.59000000000003,77.27000000000001,132.70999999999998,20.18,1,Thrissur,Kerala
2020-06-23,0.71,30.030000000000037,55.56000000000001,133.1,20.18,1,Thrissur,Kerala
2020-06-24,1.8,11.650000000000036,50.300000000000004,130.75,9.14,1,Thrissur,Kerala
2020-06-25,11.92,14.430000000000035,56.23000000000001,132.82,11.92,1,Thrissur,Kerala
2020-06-26,15.76,29.480000000000032,63.78000000000001,146.81,15.76,1,Thrissur,Kerala
2020-06-27,14.17,41.85000000000004,73.68,148.92,15.76,1,Thrissur,Kerala
2020-06-28,14.86,44.790000000000035,68.36000000000001,154.24,15.76,1,Thrissur,Kerala
2020-06-29,18.43,47.460000000000036,77.65,160.72,18.43,1,Thrissur,Kerala
2020-06-30,8.84,42.13000000000004,85.78000000000002,163.76,18.43,1,Thrissur,Kerala
2020-07-01,5.23,32.500000000000036,89.21000000000001,146.57,18.43,1,Thrissur,Kerala
2020-07-02,13.79,27.860000000000035,91.08000000000001,153.3,13.79,1,Thrissur,Kerala
2020-07-03,17.85,36.87000000000003,93.17000000000002,165.16,17.85,1,Thrissur,Kerala
2020-07-04,25.28,56.92000000000004,104.28,182.23,25.28,1,Thrissur,Kerala
2020-07-05,7.35,50.48000000000004,96.77000000000001,185.31,25.28,1,Thrissur,Kerala
2020-07-06,39.36,71.99000000000004,117.7,204.49,39.36,1,Thrissur,Kerala
2020-07-07,13.89,60.60000000000004,122.75000000000001,209.24,39.36,1,Thrissur,Kerala
2020-07-08,9.45,62.70000000000003,126.97000000000001,217.98000000000002,39.36,1,Thrissur,Kerala
2020-07-09,27.16,50.500000000000036,140.34,243.34,27.16,1,Thrissur,Kerala
2020-07-10,5.73,42.34000000000003,128.22,237.15,27.16,1,Thrissur,Kerala
2020-07-11,8.36,41.25000000000003,111.30000000000001,229.75,27.16,1,Thrissur,Kerala
2020-07-12,4.24,18.330000000000034,108.19000000000001,219.82,8.36,1,Thrissur,Kerala
2020-07-13,6.18,18.780000000000037,75.01000000000002,211.14,8.36,1,Thrissur,Kerala
2020-07-14,5.45,15.870000000000037,66.57000000000001,198.16,6.18,1,Thrissur,Kerala
2020-07-15,13.0,24.630000000000038,70.12,202.32,13.0,1,Thrissur,Kerala
2020-07-16,23.46,41.91000000000004,66.42000000000002,220.54999999999998,23.46,1,Thrissur,Kerala
2020-07-17,27.38,63.84000000000003,88.07000000000001,234.14,27.38,1,Thrissur,Kerala
2020-07-18,6.11,56.95000000000004,85.82000000000001,222.4,27.38,1,Thrissur,Kerala
2020-07-19,6.4,39.890000000000036,87.98,203.52,27.38,1,Thrissur,Kerala
2020-07-20,40.2,52.71000000000004,122.0,236.37,40.2,1,Thrissur,Kerala
2020-07-21,4.14,50.740000000000045,120.69000000000001,201.15,40.2,1,Thrissur,Kerala
2020-07-22,2.64,46.98000000000005,110.33,189.9,40.2,1,Thrissur,Kerala
2020-07-23,9.09,15.870000000000042,95.96000000000001,189.54,9.09,1,Thrissur,Kerala
2020-07-24,9.76,21.490000000000045,78.34000000000002,172.14,9.76,1,Thrissur,Kerala
2020-07-25,5.4,24.250000000000043,77.63000000000001,171.81,9.76,1,Thrissur,Kerala
2020-07-26,5.48,20.640000000000043,76.71000000000001,168.93,9.76,1,Thrissur,Kerala
2020-07-27,3.06,13.940000000000044,39.57000000000001,167.75,5.48,1,Thrissur,Kerala
2020-07-28,30.02,38.560000000000045,65.45,191.59,30.02,1,Thrissur,Kerala
2020-07-29,53.44,86.52000000000004,116.25,239.58,53.44,1,Thrissur,Kerala
2020-07-30,27.79,111.25000000000003,134.95,254.36999999999998,53.44,1,Thrissur,Kerala
2020-07-31,32.15,113.38000000000004,157.34,263.06,53.44,1,Thrissur,Kerala
2020-08-01,18.65,78.59000000000003,170.59,254.33,32.15,1,Thrissur,Kerala
2020-08-02,24.33,75.13000000000004,189.44,272.55,32.15,1,Thrissur,Kerala
2020-08-03,27.04,70.02000000000004,213.42000000000002,293.19,27.04,1,Thrissur,Kerala
2020-08-04,34.14,85.51000000000005,217.54,287.13,34.14,1,Thrissur,Kerala
2020-08-05,23.92,85.10000000000005,188.01999999999998,306.91,34.14,1,Thrissur,Kerala
2020-08-06,41.78,99.84000000000005,202.01,346.04999999999995,41.78,1,Thrissur,Kerala
2020-08-07,82.86,148.56000000000006,252.72,419.82,82.86,1,Thrissur,Kerala
2020-08-08,59.56,184.20000000000005,293.63,469.62,82.86,1,Thrissur,Kerala
2020-08-09,39.2,181.62000000000006,308.5,503.41999999999996,82.86,1,Thrissur,Kerala
2020-08-10,12.67,111.43000000000005,294.13,510.61,59.56,1,Thrissur,Kerala
2020-08-11,9.18,61.05000000000005,269.17,516.73,39.2,1,Thrissur,Kerala
2020-08-12,5.12,26.97000000000004,250.37,491.83,12.67,1,Thrissur,Kerala
2020-08-13,10.28,24.58000000000004,218.87,448.66999999999996,10.28,1,Thrissur,Kerala
2020-08-14,5.84,21.240000000000045,141.85,426.72,10.28,1,Thrissur,Kerala
2020-08-15,3.27,19.390000000000043,85.56,397.84000000000003,10.28,1,Thrissur,Kerala
2020-08-16,2.67,11.780000000000044,49.03,381.86,5.84,1,Thrissur,Kerala
2020-08-17,7.46,13.400000000000045,43.82,364.99,7.46,1,Thrissur,Kerala
2020-08-18,8.11,18.240000000000045,42.75,346.06,8.11,1,Thrissur,Kerala
2020-08-19,1.11,16.680000000000046,38.74,313.03000000000003,8.11,1,Thrissur,Kerala
2020-08-20,1.91,11.130000000000043,30.37,291.02,8.11,1,Thrissur,Kerala
2020-08-21,0.35,3.3700000000000445,24.88,249.59000000000003,1.91,1,Thrissur,Kerala
2020-08-22,3.82,6.0800000000000445,25.43,170.55,3.82,1,Thrissur,Kerala
2020-08-23,3.48,7.650000000000044,26.24,114.47,3.82,1,Thrissur,Kerala
2020-08-24,3.2,10.500000000000044,21.98,78.47,3.82,1,Thrissur,Kerala
2020-08-25,2.0,8.680000000000044,15.870000000000001,67.8,3.48,1,Thrissur,Kerala
2020-08-26,1.02,6.220000000000045,15.780000000000001,59.64,3.2,1,Thrissur,Kerala
2020-08-27,0.25,3.2700000000000444,14.120000000000001,54.77,2.0,1,Thrissur,Kerala
2020-08-28,0.1,1.3700000000000445,13.870000000000001,44.589999999999996,1.02,1,Thrissur,Kerala
2020-08-29,0.43,0.7800000000000444,10.48,39.18000000000001,0.43,1,Thrissur,Kerala
2020-08-30,1.17,1.7000000000000444,8.17,37.08,1.17,1,Thrissur,Kerala
2020-08-31,3.77,5.3700000000000445,8.74,38.18,3.77,1,Thrissur,Kerala
2020-09-01,13.47,18.410000000000046,20.21,44.19,13.47,1,Thrissur,Kerala
2020-09-02,10.26,27.500000000000043,29.450000000000003,46.339999999999996,13.47,1,Thrissur,Kerala
2020-09-03,11.3,35.030000000000044,40.5,56.53,13.47,1,Thrissur,Kerala
2020-09-04,6.87,28.430000000000046,47.27,61.49,11.3,1,Thrissur,Kerala
2020-09-05,5.96,24.130000000000045,52.8,67.1,11.3,1,Thrissur,Kerala
2020-09-06,41.33,54.160000000000046,92.96,104.61,41.33,1,Thrissur,Kerala
2020-09-07,19.47,66.76000000000005,108.66,120.6,41.33,1,Thrissur,Kerala
2020-09-08,10.7,71.50000000000004,105.89,128.1,41.33,1,Thrissur,Kerala
2020-09-09,24.71,54.88000000000005,120.33999999999999,150.81,24.71,1,Thrissur,Kerala
2020-09-10,20.84,56.25000000000005,129.88,170.63,24.71,1,Thrissur,Kerala
2020-09-11,29.87,75.42000000000006,152.88,200.25,29.87,1,Thrissur,Kerala
2020-09-12,21.98,72.69000000000005,168.89999999999998,222.13,29.87,1,Thrissur,Kerala
2020-09-13,16.46,68.31000000000006,144.03,238.16000000000003,29.87,1,Thrissur,Kerala
2020-09-14,6.51,44.950000000000045,131.07,243.5,21.98,1,Thrissur,Kerala
2020-09-15,9.74,32.71000000000005,130.11,249.47000000000003,16.46,1,Thrissur,Kerala
2020-09-16,10.63,26.880000000000052,116.03,246.63,10.63,1,Thrissur,Kerala
2020-09-17,12.12,32.49000000000005,107.31,248.49,12.12,1,Thrissur,Kerala
2020-09-18,16.73,39.48000000000005,94.17,253.92000000000002,16.73,1,Thrissur,Kerala
2020-09-19,27.64,56.49000000000005,99.83,274.69,27.64,1,Thrissur,Kerala
2020-09-20,49.65,94.02000000000004,133.01999999999998,318.38,49.65,1,Thrissur,Kerala
2020-09-21,18.96,96.25000000000004,145.47,296.01,49.65,1,Thrissur,Kerala
2020-09-22,10.67,79.28000000000004,146.4,287.21000000000004,49.65,1,Thrissur,Kerala
2020-09-23,4.87,34.50000000000005,140.64,281.38000000000005,18.96,1,Thrissur,Kerala
2020-09-24,4.2,19.74000000000005,132.71999999999997,260.87,10.67,1,Thrissur,Kerala
2020-09-25,4.97,14.040000000000049,120.96,245.0,4.97,1,Thrissur,Kerala
2020-09-26,2.18,11.35000000000005,95.49999999999999,217.31,4.97,1,Thrissur,Kerala
2020-09-27,3.28,10.43000000000005,49.13,198.60999999999999,4.97,1,Thrissur,Kerala
2020-09-28,2.16,7.62000000000005,32.33,184.30999999999997,3.28,1,Thrissur,Kerala
2020-09-29,8.04,13.480000000000048,29.699999999999996,185.84,8.04,1,Thrissur,Kerala
2020-09-30,5.86,16.06000000000005,30.69,181.96,8.04,1,Thrissur,Kerala
2020-10-01,0.59,14.49000000000005,27.080000000000002,171.92,8.04,0,Thrissur,Kerala
2020-10-02,0.29,6.74000000000005,22.4,160.09,5.86,0,Thrissur,Kerala
2020-10-03,0.21,1.0900000000000496,20.43,143.57,0.59,0,Thrissur,Kerala
2020-10-04,0.15,0.6500000000000496,17.299999999999997,116.08,0.29,0,Thrissur,Kerala
2020-10-05,0.1,0.4600000000000497,15.24,66.53,0.21,0,Thrissur,Kerala
2020-10-06,1.1,1.3500000000000498,8.3,48.67,1.1,0,Thrissur,Kerala
2020-10-07,1.3,2.5000000000000497,3.74,39.3,1.3,0,Thrissur,Kerala
2020-10-08,11.98,14.38000000000005,15.13,46.41,11.98,0,Thrissur,Kerala
2020-10-09,21.41,34.690000000000055,36.25,63.62,21.41,0,Thrissur,Kerala
2020-10-10,7.51,40.900000000000055,43.55,66.16,21.41,0,Thrissur,Kerala
2020-10-11,15.23,44.15000000000005,58.63,79.21,21.41,0,Thrissur,Kerala
2020-10-12,12.28,35.02000000000005,70.81,88.21,15.23,0,Thrissur,Kerala
2020-10-13,6.43,33.940000000000055,76.14,92.48,15.23,0,Thrissur,Kerala
2020-10-14,5.06,23.770000000000046,79.9,89.5,12.28,0,Thrissur,Kerala
2020-10-15,4.43,15.920000000000048,72.35000000000001,88.07,6.43,0,Thrissur,Kerala
2020-10-16,8.54,18.030000000000047,59.48,96.02000000000001,8.54,0,Thrissur,Kerala
2020-10-17,0.84,13.810000000000048,52.81,96.57,8.54,0,Thrissur,Kerala
2020-10-18,0.29,9.67000000000005,37.87,96.65,8.54,0,Thrissur,Kerala
2020-10-19,4.72,5.850000000000049,30.309999999999995,101.22,4.72,0,Thrissur,Kerala
2020-10-20,17.6,22.61000000000005,41.48,118.72,17.6,0,Thrissur,Kerala
2020-10-21,5.07,27.39000000000005,41.489999999999995,122.69,17.6,0,Thrissur,Kerala
2020-10-22,2.14,24.810000000000052,39.199999999999996,123.53,17.6,0,Thrissur,Kerala
2020-10-23,0.26,7.47000000000005,30.919999999999998,111.81,5.07,0,Thrissur,Kerala
2020-10-24,0.02,2.4200000000000497,30.1,90.42,2.14,0,Thrissur,Kerala
2020-10-25,40.19,40.47000000000005,70.0,123.1,40.19,0,Thrissur,Kerala
2020-10-26,24.63,64.84000000000005,89.91,132.5,40.19,0,Thrissur,Kerala
2020-10-27,7.87,72.69000000000005,80.18,128.09,40.19,0,Thrissur,Kerala
2020-10-28,1.32,33.82000000000005,76.42999999999999,122.97999999999999,24.63,0,Thrissur,Kerala
2020-10-29,1.01,10.200000000000049,75.3,118.92999999999999,7.87,0,Thrissur,Kerala
2020-10-30,0.96,3.2900000000000498,76.0,115.46000000000001,1.32,0,Thrissur,Kerala
2020-10-31,0.25,2.2200000000000495,76.22999999999999,107.17000000000002,1.01,0,Thrissur,Kerala
2020-11-01,1.24,2.45000000000005,37.28,107.57000000000001,1.24,0,Thrissur,Kerala
2020-11-02,7.87,9.36000000000005,20.52,115.15,7.87,0,Thrissur,Kerala
2020-11-03,7.23,16.34000000000005,19.88,117.66,7.87,0,Thrissur,Kerala
2020-11-04,8.22,23.32000000000005,26.78,108.28,8.22,0,Thrissur,Kerala
2020-11-05,10.8,26.25000000000005,36.57000000000001,114.01,10.8,0,Thrissur,Kerala
2020-11-06,7.24,26.26000000000005,42.85,119.11,10.8,0,Thrissur,Kerala
2020-11-07,1.06,19.10000000000005,43.660000000000004,119.91,10.8,0,Thrissur,Kerala
2020-11-08,6.08,14.380000000000052,48.5,125.97,7.24,0,Thrissur,Kerala
2020-11-09,0.42,7.560000000000052,41.050000000000004,86.2,6.08,0,Thrissur,Kerala
2020-11-10,0.06,6.560000000000052,33.88,61.63000000000001,6.08,0,Thrissur,Kerala
2020-11-11,1.58,2.0600000000000516,27.240000000000002,55.34,1.58,0,Thrissur,Kerala
2020-11-12,4.39,6.030000000000051,20.83,58.410000000000004,4.39,0,Thrissur,Kerala
2020-11-13,9.12,15.090000000000051,22.71,66.52000000000001,9.12,0,Thrissur,Kerala
2020-11-14,1.31,14.820000000000052,22.96,66.86999999999999,9.12,0,Thrissur,Kerala
2020-11-15,1.66,12.090000000000053,18.54,68.28000000000002,9.12,0,Thrissur,Kerala
2020-11-16,14.83,17.800000000000054,32.949999999999996,81.87,14.83,0,Thrissur,Kerala
2020-11-17,23.69,40.18000000000006,56.580000000000005,97.69,23.69,0,Thrissur,Kerala
2020-11-18,20.21,58.730000000000054,75.21000000000001,110.67000000000002,23.69,0,Thrissur,Kerala
2020-11-19,5.17,49.07000000000006,75.99,107.62,23.69,0,Thrissur,Kerala
2020-11-20,4.48,29.860000000000056,71.35000000000001,101.3,20.21,0,Thrissur,Kerala
2020-11-21,1.05,10.700000000000054,71.09,95.11,5.17,0,Thrissur,Kerala
2020-11-22,0.01,5.540000000000053,69.44000000000001,94.06,4.48,0,Thrissur,Kerala
2020-11-23,0.0,1.0600000000000533,54.61000000000001,87.98,1.05,0,Thrissur,Kerala
2020-11-24,0.0,0.010000000000053291,30.92,87.56,0.01,0,Thrissur,Kerala
2020-11-25,0.62,0.6200000000000533,11.33,88.12,0.62,0,Thrissur,Kerala
2020-11-26,8.51,9.130000000000052,14.67,95.05,8.51,0,Thrissur,Kerala
2020-11-27,4.87,14.000000000000053,15.059999999999999,95.53,8.51,0,Thrissur,Kerala
2020-11-28,2.39,15.770000000000053,16.4,88.8,8.51,0,Thrissur,Kerala
2020-11-29,1.01,8.270000000000053,17.400000000000002,88.50000000000001,4.87,0,Thrissur,Kerala
2020-11-30,0.22,3.6200000000000534,17.62,87.06,2.39,0,Thrissur,Kerala
2020-12-01,0.06,1.2900000000000533,17.68,72.28999999999999,1.01,0,Thrissur,Kerala
2020-12-02,1.11,1.3900000000000534,18.17,49.71,1.11,0,Thrissur,Kerala
2020-12-03,5.07,6.2400000000000535,14.73,34.57,5.07,0,Thrissur,Kerala
2020-12-04,5.8,11.980000000000054,15.66,35.199999999999996,5.8,0,Thrissur,Kerala
2020-12-05,3.15,14.020000000000053,16.42,33.870000000000005,5.8,0,Thrissur,Kerala
2020-12-06,14.74,23.690000000000055,30.15,47.559999999999995,14.74,0,Thrissur,Kerala
2020-12-07,8.41,26.300000000000054,38.339999999999996,55.96,14.74,0,Thrissur,Kerala
2020-12-08,4.57,27.720000000000056,42.85,60.53,14.74,0,Thrissur,Kerala
2020-12-09,1.27,14.250000000000053,43.01,61.8,8.41,0,Thrissur,Kerala
2020-12-10,3.47,9.310000000000054,41.41,64.65,4.57,0,Thrissur,Kerala
2020-12-11,2.11,6.850000000000053,37.72,58.25,3.47,0,Thrissur,Kerala
2020-12-12,1.28,6.860000000000054,35.85,54.66,3.47,0,Thrissur,Kerala
2020-12-13,0.11,3.5000000000000533,21.22,52.379999999999995,2.11,0,Thrissur,Kerala
2020-12-14,0.04,1.4300000000000532,12.85,51.410000000000004,1.28,0,Thrissur,Kerala
2020-12-15,0.09,0.24000000000005328,8.370000000000001,51.28,0.11,0,Thrissur,Kerala
2020-12-16,1.29,1.4200000000000532,8.39,52.51,1.29,0,Thrissur,Kerala
2020-12-17,1.35,2.7300000000000533,6.27,52.75,1.35,0,Thrissur,Kerala
2020-12-18,0.67,3.3100000000000533,4.830000000000001,48.35,1.35,0,Thrissur,Kerala
2020-12-19,0.05,2.0700000000000536,3.6000000000000005,42.6,1.35,0,Thrissur,Kerala
2020-12-20,0.0,0.7200000000000534,3.49,39.449999999999996,0.67,0,Thrissur,Kerala
2020-12-21,0.0,0.050000000000053293,3.45,24.71,0.05,0,Thrissur,Kerala
2020-12-22,0.08,0.08000000000005329,3.4400000000000004,16.38,0.08,0,Thrissur,Kerala
2020-12-23,0.07,0.1500000000000533,2.22,11.88,0.08,0,Thrissur,Kerala
2020-12-24,0.01,0.1600000000000533,0.88,10.620000000000001,0.08,0,Thrissur,Kerala
2020-12-25,0.02,0.1000000000000533,0.23,7.17,0.07,0,Thrissur,Kerala
2020-12-26,0.0,0.03000000000005329,0.18,5.0600000000000005,0.02,0,Thrissur,Kerala
2020-12-27,0.0,0.020000000000053288,0.18,3.7800000000000002,0.02,0,Thrissur,Kerala
2020-12-28,0.0,0.0,0.18,3.67,0.0,0,Thrissur,Kerala
2020-12-29,0.16,0.1600000000000533,0.26,3.79,0.16,0,Thrissur,Kerala
2020-12-30,2.9,3.0600000000000533,3.09,6.6,2.9,0,Thrissur,Kerala
2020-12-31,17.35,20.410000000000053,20.43,22.66,17.35,0,Thrissur,Kerala
2021-01-01,0.65,20.900000000000052,21.06,21.959999999999997,17.35,0,Thrissur,Kerala
2021-01-02,0.03,18.030000000000054,21.09,21.32,17.35,0,Thrissur,Kerala
2021-01-03,3.35,4.0300000000000535,24.44,24.62,3.35,0,Thrissur,Kerala
2021-01-04,6.38,9.760000000000053,30.82,31.0,6.38,0,Thrissur,Kerala
2021-01-05,2.14,11.870000000000054,32.8,33.14,6.38,0,Thrissur,Kerala
2021-01-06,18.97,27.49000000000005,48.870000000000005,52.03,18.97,0,Thrissur,Kerala
2021-01-07,17.74,38.85000000000005,49.26,69.7,18.97,0,Thrissur,Kerala
2021-01-08,24.86,61.57000000000005,73.47,94.55,24.86,0,Thrissur,Kerala
2021-01-09,7.17,49.77000000000005,80.61,101.7,24.86,0,Thrissur,Kerala
2021-01-10,3.7,35.730000000000054,80.96000000000001,105.39999999999999,24.86,0,Thrissur,Kerala
2021-01-11,2.31,13.180000000000053,76.89,107.71,7.17,0,Thrissur,Kerala
2021-01-12,6.91,12.920000000000053,81.66,114.62,6.91,0,Thrissur,Kerala
2021-01-13,7.2,16.42000000000005,69.89,121.66,7.2,0,Thrissur,Kerala
2021-01-14,4.21,18.320000000000054,56.36,122.97,7.2,0,Thrissur,Kerala
2021-01-15,2.36,13.770000000000053,33.86,107.98,7.2,0,Thrissur,Kerala
2021-01-16,2.97,9.540000000000052,29.659999999999997,110.3,4.21,0,Thrissur,Kerala
2021-01-17,2.13,7.460000000000053,28.09,112.39999999999999,2.97,0,Thrissur,Kerala
2021-01-18,0.02,5.1200000000000525,25.8,109.07,2.97,0,Thrissur,Kerala
2021-01-19,0.01,2.160000000000053,18.9,102.7,2.13,0,Thrissur,Kerala
2021-01-20,0.0,0.03000000000005329,11.700000000000001,100.56,0.02,0,Thrissur,Kerala
2021-01-21,0.12,0.1300000000000533,7.61,81.71000000000001,0.12,0,Thrissur,Kerala
2021-01-22,0.87,0.9900000000000533,6.119999999999999,64.83999999999999,0.87,0,Thrissur,Kerala
2021-01-23,0.54,1.5300000000000533,3.69,40.519999999999996,0.87,0,Thrissur,Kerala
2021-01-24,0.09,1.5000000000000535,1.6500000000000001,33.440000000000005,0.87,0,Thrissur,Kerala
2021-01-25,0.02,0.6500000000000533,1.6500000000000001,29.759999999999998,0.54,0,Thrissur,Kerala
2021-01-26,0.0,0.11000000000005329,1.6400000000000001,27.45,0.09,0,Thrissur,Kerala
2021-01-27,0.0,0.02000000000005329,1.6400000000000001,20.54,0.02,0,Thrissur,Kerala
2021-01-28,0.0,0.0,1.5200000000000002,13.340000000000002,0.0,0,Thrissur,Kerala
2021-01-29,0.0,0.0,0.65,9.13,0.0,0,Thrissur,Kerala
2021-01-30,0.04,0.04000000000005329,0.15,6.8100000000000005,0.04,0,Thrissur,Kerala
2021-01-31,0.1,0.1400000000000533,0.16,3.94,0.1,0,Thrissur,Kerala
2021-02-01,0.18,0.3200000000000533,0.32,1.99,0.18,0,Thrissur,Kerala
2021-02-02,0.01,0.2900000000000533,0.33,1.98,0.18,0,Thrissur,Kerala
2021-02-03,0.03,0.2200000000000533,0.36,2.0,0.18,0,Thrissur,Kerala
2021-02-04,0.03,0.0700000000000533,0.39,2.03,0.03,0,Thrissur,Kerala
2021-02-05,0.0,0.06000000000005329,0.39,1.9100000000000001,0.03,0,Thrissur,Kerala
2021-02-06,0.0,0.03000000000005329,0.35,1.04,0.03,0,Thrissur,Kerala
2021-02-07,0.0,0.0,0.25,0.5,0.0,0,Thrissur,Kerala
2021-02-08,0.0,0.0,0.07,0.41000000000000003,0.0,0,Thrissur,Kerala
2021-02-09,0.0,0.0,0.06,0.39,0.0,0,Thrissur,Kerala
2021-02-10,0.0,0.0,0.03,0.39,0.0,0,Thrissur,Kerala
2021-02-11,0.0,0.0,0.0,0.39,0.0,0,Thrissur,Kerala
2021-02-12,0.0,0.0,0.0,0.39,0.0,0,Thrissur,Kerala
2021-02-13,0.0,0.0,0.0,0.39,0.0,0,Thrissur,Kerala
2021-02-14,0.0,0.0,0.0,0.35,0.0,0,Thrissur,Kerala
2021-02-15,0.0,0.0,0.0,0.25,0.0,0,Thrissur,Kerala
2021-02-16,0.08,0.08000000000005329,0.08,0.15,0.08,0,Thrissur,Kerala
2021-02-17,0.3,0.3800000000000533,0.38,0.43999999999999995,0.3,0,Thrissur,Kerala
2021-02-18,2.35,2.7300000000000533,2.73,2.7600000000000002,2.35,0,Thrissur,Kerala
2021-02-19,0.83,3.4800000000000533,3.56,3.5600000000000005,2.35,0,Thrissur,Kerala
2021-02-20,4.02,7.200000000000053,7.58,7.58,4.02,0,Thrissur,Kerala
2021-02-21,4.29,9.140000000000054,11.870000000000001,11.870000000000001,4.29,0,Thrissur,Kerala
2021-02-22,1.52,9.830000000000053,13.39,13.39,4.29,0,Thrissur,Kerala
2021-02-23,0.8,6.610000000000054,14.11,14.19,4.29,0,Thrissur,Kerala
2021-02-24,0.15,2.4700000000000535,13.959999999999999,14.34,1.52,0,Thrissur,Kerala
2021-02-25,0.12,1.0700000000000534,11.73,14.46,0.8,0,Thrissur,Kerala
2021-02-26,0.15,0.4200000000000533,11.049999999999999,14.61,0.15,0,Thrissur,Kerala
2021-02-27,0.07,0.3400000000000533,7.100000000000001,14.68,0.15,0,Thrissur,Kerala
2021-02-28,0.04,0.2600000000000533,2.850000000000001,14.72,0.15,0,Thrissur,Kerala
2021-03-01,0.07,0.1800000000000533,1.400000000000001,14.790000000000001,0.07,0,Thrissur,Kerala
2021-03-02,0.01,0.1200000000000533,0.6100000000000009,14.8,0.07,0,Thrissur,Kerala
2021-03-03,0.0,0.0800000000000533,0.46000000000000085,14.72,0.07,0,Thrissur,Kerala
2021-03-04,0.0,0.010000000000053305,0.34000000000000086,14.42,0.01,0,Thrissur,Kerala
2021-03-05,0.0,0.0,0.19000000000000092,12.07,0.0,0,Thrissur,Kerala
2021-03-06,0.0,0.0,0.1200000000000009,11.24,0.0,0,Thrissur,Kerala
2021-03-07,0.3,0.3000000000000533,0.3800000000000009,7.5200000000000005,0.3,0,Thrissur,Kerala
2021-03-08,0.57,0.8700000000000532,0.8800000000000008,3.8,0.57,0,Thrissur,Kerala
2021-03-09,1.36,2.2300000000000537,2.2300000000000013,3.64,1.36,0,Thrissur,Kerala
2021-03-10,7.21,9.140000000000054,9.440000000000001,10.05,7.21,0,Thrissur,Kerala
2021-03-11,17.06,25.630000000000052,26.5,26.96,17.06,0,Thrissur,Kerala
2021-03-12,2.05,26.320000000000054,28.55,28.889999999999997,17.06,0,Thrissur,Kerala
2021-03-13,0.0,19.110000000000053,28.55,28.74,17.06,0,Thrissur,Kerala
2021-03-14,0.0,2.050000000000053,28.25,28.669999999999998,2.05,0,Thrissur,Kerala
2021-03-15,0.0,0.0,27.68,28.63,0.0,0,Thrissur,Kerala
2021-03-16,0.0,0.0,26.32,28.56,0.0,0,Thrissur,Kerala
2021-03-17,0.08,0.08000000000005329,19.189999999999998,28.629999999999995,0.08,0,Thrissur,Kerala
2021-03-18,0.29,0.3700000000000533,2.4200000000000035,28.919999999999995,0.29,0,Thrissur,Kerala
2021-03-19,0.55,0.9200000000000533,0.9200000000000036,29.469999999999995,0.55,0,Thrissur,Kerala
2021-03-20,0.78,1.6200000000000534,1.7000000000000037,30.249999999999996,0.78,0,Thrissur,Kerala
2021-03-21,4.91,6.2400000000000535,6.610000000000004,35.16,4.91,0,Thrissur,Kerala
2021-03-22,2.03,7.720000000000054,8.640000000000004,36.89,4.91,0,Thrissur,Kerala
2021-03-23,0.72,7.660000000000053,9.360000000000003,37.04,4.91,0,Thrissur,Kerala
2021-03-24,2.17,4.920000000000053,11.450000000000003,37.85,2.17,0,Thrissur,Kerala
2021-03-25,5.19,8.080000000000053,16.350000000000005,35.83,5.19,0,Thrissur,Kerala
2021-03-26,0.95,8.310000000000054,16.750000000000004,19.72,5.19,0,Thrissur,Kerala
2021-03-27,0.71,6.850000000000055,16.680000000000003,18.38,5.19,0,Thrissur,Kerala
2021-03-28,2.24,3.9000000000000545,14.010000000000005,20.62,2.24,0,Thrissur,Kerala
2021-03-29,3.84,6.790000000000054,15.820000000000004,24.46,3.84,0,Thrissur,Kerala
2021-03-30,4.13,10.210000000000054,19.230000000000004,28.59,4.13,0,Thrissur,Kerala
2021-03-31,2.21,10.180000000000053,19.270000000000003,30.8,4.13,0,Thrissur,Kerala
2021-04-01,3.31,9.650000000000054,17.390000000000004,34.03,4.13,0,Thrissur,Kerala
2021-04-02,0.29,5.810000000000054,16.730000000000004,34.03,3.31,0,Thrissur,Kerala
2021-04-03,0.13,3.730000000000054,16.150000000000002,33.61,3.31,0,Thrissur,Kerala
2021-04-04,0.38,0.8000000000000542,14.290000000000003,33.21,0.38,0,Thrissur,Kerala
2021-04-05,0.8,1.3100000000000542,11.250000000000004,29.1,0.8,0,Thrissur,Kerala
2021-04-06,0.77,1.9500000000000544,7.890000000000004,27.84,0.8,0,Thrissur,Kerala
2021-04-07,1.17,2.7400000000000544,6.850000000000003,28.29,1.17,0,Thrissur,Kerala
2021-04-08,1.08,3.020000000000054,4.620000000000004,27.2,1.17,0,Thrissur,Kerala
2021-04-09,0.17,2.420000000000054,4.5000000000000036,22.18,1.17,0,Thrissur,Kerala
2021-04-10,0.3,1.5500000000000542,4.6700000000000035,21.53,1.08,0,Thrissur,Kerala
2021-04-11,3.62,4.090000000000054,7.910000000000004,24.44,3.62,0,Thrissur,Kerala
2021-04-12,9.58,13.500000000000053,16.690000000000005,31.78,9.58,0,Thrissur,Kerala
2021-04-13,6.79,19.990000000000055,22.710000000000004,34.73,9.58,0,Thrissur,Kerala
2021-04-14,10.44,26.810000000000052,31.980000000000004,41.04,10.44,0,Thrissur,Kerala
2021-04-15,8.77,26.000000000000053,39.67,47.599999999999994,10.44,0,Thrissur,Kerala
2021-04-16,6.49,25.700000000000053,45.99,50.779999999999994,10.44,0,Thrissur,Kerala
2021-04-17,1.54,16.800000000000054,47.230000000000004,52.029999999999994,8.77,0,Thrissur,Kerala
2021-04-18,2.88,10.910000000000053,46.489999999999995,54.78,6.49,0,Thrissur,Kerala
2021-04-19,3.79,8.210000000000054,40.7,58.19,3.79,0,Thrissur,Kerala
2021-04-20,2.93,9.600000000000053,36.84,60.32,3.79,0,Thrissur,Kerala
2021-04-21,6.9,13.620000000000054,33.300000000000004,66.45,6.9,0,Thrissur,Kerala
2021-04-22,1.51,11.340000000000055,26.040000000000006,66.78999999999999,6.9,0,Thrissur,Kerala
2021-04-23,1.32,9.730000000000054,20.870000000000005,67.03,6.9,0,Thrissur,Kerala
2021-04-24,2.78,5.610000000000053,22.110000000000003,69.64,2.78,0,Thrissur,Kerala
2021-04-25,3.42,7.520000000000053,22.650000000000006,72.76,3.42,0,Thrissur,Kerala
2021-04-26,0.88,7.0800000000000525,19.740000000000006,70.02,3.42,0,Thrissur,Kerala
2021-04-27,0.78,5.080000000000052,17.590000000000007,61.22,3.42,0,Thrissur,Kerala
2021-04-28,0.39,2.0500000000000522,11.080000000000004,54.82,0.88,0,Thrissur,Kerala
2021-04-29,0.52,1.6900000000000526,10.090000000000003,44.9,0.78,0,Thrissur,Kerala
2021-04-30,2.53,3.4400000000000523,11.300000000000004,38.66,2.53,0,Thrissur,Kerala
2021-05-01,3.07,6.1200000000000525,11.590000000000003,35.24,3.07,0,Thrissur,Kerala
2021-05-02,5.27,10.870000000000053,13.440000000000003,38.97,5.27,0,Thrissur,Kerala
2021-05-03,6.43,14.770000000000053,18.990000000000002,42.519999999999996,6.43,0,Thrissur,Kerala
2021-05-04,6.57,18.270000000000053,24.78,45.3,6.57,0,Thrissur,Kerala
2021-05-05,3.92,16.92000000000005,28.310000000000002,46.29,6.57,0,Thrissur,Kerala
2021-05-06,5.76,16.250000000000053,33.55,45.150000000000006,6.57,0,Thrissur,Kerala
2021-05-07,12.54,22.220000000000052,43.56,56.17999999999999,12.54,0,Thrissur,Kerala
2021-05-08,1.5,19.800000000000054,41.99,56.36,12.54,0,Thrissur,Kerala
2021-05-09,1.52,15.560000000000052,38.24,55.099999999999994,12.54,0,Thrissur,Kerala
2021-05-10,7.9,10.920000000000053,39.71,59.58,7.9,0,Thrissur,Kerala
2021-05-11,10.49,19.910000000000053,43.63,69.19,10.49,0,Thrissur,Kerala
2021-05-12,12.65,31.040000000000056,52.36,81.06,12.65,0,Thrissur,Kerala
2021-05-13,27.87,51.010000000000055,74.47,108.53999999999999,27.87,0,Thrissur,Kerala
2021-05-14,62.19,102.71000000000005,124.12,170.21,62.19,0,Thrissur,Kerala
2021-05-15,59.46,149.52000000000004,182.08,227.14,62.19,0,Thrissur,Kerala
2021-05-16,34.18,155.83000000000004,214.74,258.25,62.19,0,Thrissur,Kerala
2021-05-17,11.95,105.59000000000005,218.79000000000002,264.93,59.46,0,Thrissur,Kerala
2021-05-18,7.27,53.40000000000005,215.57,265.77,34.18,0,Thrissur,Kerala
2021-05-19,17.54,36.76000000000005,220.46,276.74,17.54,0,Thrissur,Kerala
2021-05-20,16.97,41.780000000000044,209.56,289.78999999999996,17.54,0,Thrissur,Kerala
2021-05-21,2.49,37.00000000000005,149.85999999999999,286.52,17.54,0,Thrissur,Kerala
2021-05-22,8.99,28.45000000000005,99.39,282.97,16.97,0,Thrissur,Kerala
2021-05-23,4.79,16.27000000000005,70.00000000000001,286.26000000000005,8.99,0,Thrissur,Kerala
2021-05-24,1.06,14.84000000000005,59.11000000000001,285.8,8.99,0,Thrissur,Kerala
2021-05-25,11.19,17.04000000000005,63.03,289.09000000000003,11.19,0,Thrissur,Kerala
2021-05-26,33.36,45.61000000000005,78.85,311.96,33.36,0,Thrissur,Kerala
2021-05-27,4.58,49.130000000000045,66.46000000000001,303.89000000000004,33.36,0,Thrissur,Kerala
2021-05-28,3.87,41.81000000000005,67.84,279.89,33.36,0,Thrissur,Kerala
2021-05-29,6.61,15.06000000000005,65.46000000000001,224.30999999999997,6.61,0,Thrissur,Kerala
2021-05-30,4.06,14.540000000000049,64.73,168.90999999999997,6.61,0,Thrissur,Kerala
2021-05-31,11.01,21.68000000000005,74.68,145.74,11.01,0,Thrissur,Kerala
2021-06-01,3.27,18.34000000000005,66.76,137.05999999999997,11.01,1,Thrissur,Kerala
2021-06-02,1.9,16.18000000000005,35.300000000000004,131.69,11.01,1,Thrissur,Kerala
2021-06-03,14.1,19.27000000000005,44.82000000000001,128.25,14.1,1,Thrissur,Kerala
2021-06-04,12.36,28.36000000000005,53.31,123.63999999999999,14.1,1,Thrissur,Kerala
2021-06-05,20.43,46.89000000000005,67.13,141.57999999999998,20.43,1,Thrissur,Kerala
2021-06-06,6.45,39.24000000000005,69.52000000000001,139.04,20.43,1,Thrissur,Kerala
2021-06-07,0.95,27.830000000000048,59.46,135.2,20.43,1,Thrissur,Kerala
2021-06-08,7.32,14.72000000000005,63.510000000000005,141.46,7.32,1,Thrissur,Kerala
2021-06-09,5.12,13.39000000000005,66.73,135.39,7.32,1,Thrissur,Kerala
2021-06-10,3.56,16.00000000000005,56.190000000000005,105.59,7.32,1,Thrissur,Kerala
2021-06-11,6.46,15.14000000000005,50.290000000000006,107.47,6.46,1,Thrissur,Kerala
2021-06-12,18.08,28.100000000000048,47.940000000000005,121.67999999999999,18.08,1,Thrissur,Kerala
2021-06-13,54.67,79.21000000000005,96.16,169.74,54.67,1,Thrissur,Kerala
2021-06-14,17.41,90.16000000000005,112.62,183.09,54.67,1,Thrissur,Kerala
2021-06-15,18.93,91.01000000000005,124.23,191.01,54.67,1,Thrissur,Kerala
2021-06-16,21.75,58.090000000000046,140.86,209.48999999999998,21.75,1,Thrissur,Kerala
2021-06-17,16.46,57.14000000000006,153.76,224.04999999999998,21.75,1,Thrissur,Kerala
2021-06-18,5.7,43.910000000000046,153.0,215.65,21.75,1,Thrissur,Kerala
2021-06-19,3.26,25.42000000000005,138.18,206.55,16.46,1,Thrissur,Kerala
2021-06-20,6.83,15.790000000000049,90.34,192.95,6.83,1,Thrissur,Kerala
2021-06-21,5.8,15.89000000000005,78.73000000000002,192.3,6.83,1,Thrissur,Kerala
2021-06-22,5.42,18.050000000000047,65.22,196.76999999999998,6.83,1,Thrissur,Kerala
2021-06-23,9.52,20.74000000000005,52.99,198.97,9.52,1,Thrissur,Kerala
2021-06-24,3.47,18.41000000000005,40.0,197.32,9.52,1,Thrissur,Kerala
2021-06-25,1.38,14.370000000000049,35.68000000000001,195.14,9.52,1,Thrissur,Kerala
2021-06-26,9.85,14.700000000000049,42.27000000000001,198.52999999999997,9.85,1,Thrissur,Kerala
2021-06-27,12.04,23.270000000000046,47.480000000000004,192.49,12.04,1,Thrissur,Kerala
2021-06-28,1.77,23.66000000000005,43.45,139.58999999999997,12.04,1,Thrissur,Kerala
2021-06-29,2.02,15.830000000000048,40.050000000000004,124.2,12.04,1,Thrissur,Kerala
2021-06-30,0.72,4.5100000000000495,31.250000000000007,105.99,2.02,1,Thrissur,Kerala
2021-07-01,7.35,10.09000000000005,35.13,91.58999999999999,7.35,1,Thrissur,Kerala
2021-07-02,6.27,14.34000000000005,40.02,81.4,7.35,1,Thrissur,Kerala
2021-07-03,8.28,21.90000000000005,38.45,83.97999999999999,8.28,1,Thrissur,Kerala
2021-07-04,15.44,29.990000000000048,41.85000000000001,96.16,15.44,1,Thrissur,Kerala
2021-07-05,2.8,26.52000000000005,42.88,92.13,15.44,1,Thrissur,Kerala
2021-07-06,9.85,28.09000000000005,50.71000000000001,96.17999999999999,15.44,1,Thrissur,Kerala
2021-07-07,9.29,21.940000000000047,59.28,100.05,9.85,1,Thrissur,Kerala
2021-07-08,4.14,23.280000000000047,56.07000000000001,94.67,9.85,1,Thrissur,Kerala
2021-07-09,28.3,41.73000000000005,78.10000000000001,119.5,28.3,1,Thrissur,Kerala
2021-07-10,31.74,64.18000000000005,101.56,149.85999999999999,31.74,1,Thrissur,Kerala
2021-07-11,6.25,66.29000000000005,92.37,146.26,31.74,1,Thrissur,Kerala
2021-07-12,14.56,52.550000000000054,104.13000000000001,148.78,31.74,1,Thrissur,Kerala
2021-07-13,13.32,34.13000000000005,107.6,160.32999999999998,14.56,1,Thrissur,Kerala
2021-07-14,25.62,53.50000000000005,123.93,183.93,25.62,1,Thrissur,Kerala
2021-07-15,20.73,59.670000000000044,140.52,203.94,25.62,1,Thrissur,Kerala
2021-07-16,45.61,91.96000000000004,157.83,242.2,45.61,1,Thrissur,Kerala
2021-07-17,9.49,75.83000000000004,135.58,245.42000000000002,45.61,1,Thrissur,Kerala
2021-07-18,10.73,65.83000000000006,140.06,247.87,45.61,1,Thrissur,Kerala
2021-07-19,4.9,25.12000000000005,130.4,237.33,10.73,1,Thrissur,Kerala
2021-07-20,4.63,20.26000000000005,121.71000000000001,239.16,10.73,1,Thrissur,Kerala
2021-07-21,16.02,25.55000000000005,112.11,245.33,16.02,1,Thrissur,Kerala
2021-07-22,27.02,47.670000000000044,118.4,263.06,27.02,1,Thrissur,Kerala
2021-07-23,25.92,68.96000000000005,98.71000000000001,284.84000000000003,27.02,1,Thrissur,Kerala
2021-07-24,24.97,77.91000000000005,114.19000000000003,281.51,27.02,1,Thrissur,Kerala
2021-07-25,10.26,61.150000000000055,113.72000000000001,260.03000000000003,25.92,1,Thrissur,Kerala
2021-07-26,8.43,43.660000000000046,117.25000000000001,262.21,24.97,1,Thrissur,Kerala
2021-07-27,11.73,30.42000000000005,124.35000000000001,259.38,11.73,1,Thrissur,Kerala
2021-07-28,7.88,28.040000000000052,116.21000000000002,253.94,11.73,1,Thrissur,Kerala
2021-07-29,2.77,22.38000000000005,91.96000000000002,231.09,11.73,1,Thrissur,Kerala
2021-07-30,3.42,14.07000000000005,69.46000000000002,213.77999999999997,7.88,1,Thrissur,Kerala
2021-07-31,2.71,8.90000000000005,47.20000000000002,170.88,3.42,1,Thrissur,Kerala
2021-08-01,2.01,8.14000000000005,38.95000000000002,163.39999999999998,3.42,1,Thrissur,Kerala
2021-08-02,7.64,12.36000000000005,38.16000000000002,160.31,7.64,1,Thrissur,Kerala
2021-08-03,6.24,15.890000000000049,32.670000000000016,161.65,7.64,1,Thrissur,Kerala
2021-08-04,6.44,20.32000000000005,31.230000000000015,163.46,7.64,1,Thrissur,Kerala
2021-08-05,12.77,25.450000000000053,41.23000000000002,160.20999999999998,12.77,1,Thrissur,Kerala
2021-08-06,24.21,43.42000000000005,62.02000000000001,157.4,24.21,1,Thrissur,Kerala
2021-08-07,25.81,62.79000000000005,85.12,157.29,25.81,1,Thrissur,Kerala
2021-08-08,7.29,57.31000000000006,90.40000000000002,139.60999999999999,25.81,1,Thrissur,Kerala
2021-08-09,9.45,42.55000000000005,92.21000000000002,138.8,25.81,1,Thrissur,Kerala
2021-08-10,4.15,20.89000000000005,90.12,134.51999999999998,9.45,1,Thrissur,Kerala
2021-08-11,6.33,19.930000000000053,90.01000000000002,129.12,9.45,1,Thrissur,Kerala
2021-08-12,5.42,15.900000000000054,82.66000000000001,126.66,6.33,1,Thrissur,Kerala
2021-08-13,9.37,21.120000000000054,67.82000000000001,133.26,9.37,1,Thrissur,Kerala
2021-08-14,7.26,22.050000000000054,49.27000000000001,137.10000000000002,9.37,1,Thrissur,Kerala
2021-08-15,2.79,19.42000000000005,44.77000000000001,137.18,9.37,1,Thrissur,Kerala
2021-08-16,3.26,13.310000000000052,38.58000000000001,138.43,7.26,1,Thrissur,Kerala
2021-08-17,7.99,14.040000000000052,42.42000000000001,138.78,7.99,1,Thrissur,Kerala
2021-08-18,11.74,22.990000000000055,47.83000000000001,144.27999999999997,11.74,1,Thrissur,Kerala
2021-08-19,6.51,26.24000000000005,48.92000000000001,144.35,11.74,1,Thrissur,Kerala
2021-08-20,0.22,18.470000000000056,39.77000000000001,131.8,11.74,1,Thrissur,Kerala
2021-08-21,6.25,12.980000000000054,38.76000000000001,113.84,6.51,1,Thrissur,Kerala
2021-08-22,6.06,12.530000000000053,42.030000000000015,94.09,6.25,1,Thrissur,Kerala
2021-08-23,13.92,26.230000000000054,52.69000000000001,100.71999999999998,13.92,1,Thrissur,Kerala
2021-08-24,3.94,23.92000000000005,48.640000000000015,95.21000000000001,13.92,1,Thrissur,Kerala
2021-08-25,6.35,24.21000000000005,43.250000000000014,97.41,13.92,1,Thrissur,Kerala
2021-08-26,24.97,35.26000000000005,61.710000000000015,116.05,24.97,1,Thrissur,Kerala
2021-08-27,27.52,58.840000000000046,89.01000000000002,138.15,27.52,1,Thrissur,Kerala
2021-08-28,35.65,88.14000000000004,118.41000000000001,164.43,35.65,1,Thrissur,Kerala
2021-08-29,17.97,81.14000000000004,130.32,175.14,35.65,1,Thrissur,Kerala
2021-08-30,13.54,67.16000000000005,129.94,185.89000000000001,35.65,1,Thrissur,Kerala
2021-08-31,1.93,33.44000000000005,127.93,184.56,17.97,1,Thrissur,Kerala
2021-09-01,3.13,18.600000000000048,124.71000000000001,179.70000000000002,13.54,1,Thrissur,Kerala
2021-09-02,20.56,25.620000000000047,120.30000000000001,188.51999999999998,20.56,1,Thrissur,Kerala
2021-09-03,5.08,28.770000000000046,97.86,187.09,20.56,1,Thrissur,Kerala
2021-09-04,8.06,33.700000000000045,70.27000000000001,194.93,20.56,1,Thrissur,Kerala
2021-09-05,12.85,25.99000000000005,65.15,201.53,12.85,1,Thrissur,Kerala
2021-09-06,11.49,32.40000000000005,63.10000000000001,206.96,12.85,1,Thrissur,Kerala
2021-09-07,12.99,37.33000000000005,74.16000000000001,206.03,12.99,1,Thrissur,Kerala
2021-09-08,13.76,38.24000000000005,84.79000000000002,215.85,13.76,1,Thrissur,Kerala
2021-09-09,2.54,29.29000000000005,66.77000000000001,212.04,13.76,1,Thrissur,Kerala
2021-09-10,2.37,18.670000000000048,64.06000000000002,189.44,13.76,1,Thrissur,Kerala
2021-09-11,11.55,16.46000000000005,67.55000000000001,173.47,11.55,1,Thrissur,Kerala
2021-09-12,20.87,34.79000000000005,75.57000000000002,158.69,20.87,1,Thrissur,Kerala
2021-09-13,15.45,47.87000000000005,79.53000000000002,156.17000000000002,20.87,1,Thrissur,Kerala
2021-09-14,5.64,41.96000000000005,72.18,148.26999999999998,20.87,1,Thrissur,Kerala
2021-09-15,12.76,33.85000000000005,71.18000000000002,159.1,15.45,1,Thrissur,Kerala
2021-09-16,14.64,33.04000000000005,83.28000000000002,170.60999999999999,14.64,1,Thrissur,Kerala
2021-09-17,4.8,32.200000000000045,85.71000000000002,154.85000000000002,14.64,1,Thrissur,Kerala
2021-09-18,1.58,21.02000000000005,75.74000000000001,151.35,14.64,1,Thrissur,Kerala
2021-09-19,1.11,7.49000000000005,55.98000000000001,144.4,4.8,1,Thrissur,Kerala
2021-09-20,0.92,3.61000000000005,41.45000000000002,132.47,1.58,1,Thrissur,Kerala
2021-09-21,1.1,3.13000000000005,36.91000000000002,122.08,1.11,1,Thrissur,Kerala
2021-09-22,2.67,4.69000000000005,26.820000000000014,111.76,2.67,1,Thrissur,Kerala
2021-09-23,5.68,9.450000000000049,17.860000000000014,103.67999999999999,5.68,1,Thrissur,Kerala
2021-09-24,6.91,15.26000000000005,19.970000000000013,108.05000000000001,6.91,1,Thrissur,Kerala
2021-09-25,5.82,18.41000000000005,24.210000000000015,111.5,6.91,1,Thrissur,Kerala
2021-09-26,9.56,22.29000000000005,32.66000000000002,109.51,9.56,1,Thrissur,Kerala
2021-09-27,22.14,37.52000000000005,53.88000000000002,110.78,22.14,1,Thrissur,Kerala
2021-09-28,11.19,42.89000000000005,63.97000000000001,106.52,22.14,1,Thrissur,Kerala
2021-09-29,3.93,37.26000000000005,65.23000000000002,104.81,22.14,1,Thrissur,Kerala
2021-09-30,10.85,25.970000000000045,70.40000000000002,102.9,11.19,1,Thrissur,Kerala
2021-10-01,10.76,25.540000000000045,74.25000000000001,99.02000000000001,10.85,0,Thrissur,Kerala
2021-10-02,19.51,41.12000000000005,87.94000000000001,113.73000000000002,19.51,0,Thrissur,Kerala
2021-10-03,29.03,59.30000000000005,107.41000000000003,141.18,29.03,0,Thrissur,Kerala
2021-10-04,4.3,52.840000000000046,89.57000000000001,144.37,29.03,0,Thrissur,Kerala
2021-10-05,11.33,44.66000000000004,89.71000000000001,154.78,29.03,0,Thrissur,Kerala
2021-10-06,3.27,18.900000000000045,89.05000000000003,156.95000000000002,11.33,0,Thrissur,Kerala
2021-10-07,1.73,16.330000000000044,79.93,156.01000000000002,11.33,0,Thrissur,Kerala
2021-10-08,35.16,40.16000000000004,104.33000000000001,185.49,35.16,0,Thrissur,Kerala
2021-10-09,22.09,58.98000000000003,106.91000000000001,200.67000000000002,35.16,0,Thrissur,Kerala
2021-10-10,8.12,65.37000000000003,86.0,202.97000000000003,35.16,0,Thrissur,Kerala
2021-10-11,45.46,75.67000000000004,127.16000000000001,238.87,45.46,0,Thrissur,Kerala
2021-10-12,32.3,85.88000000000004,148.13,249.03,45.46,0,Thrissur,Kerala
2021-10-13,6.69,84.45000000000005,151.55,244.53,45.46,0,Thrissur,Kerala
2021-10-14,7.6,46.59000000000004,157.42000000000002,248.2,32.3,0,Thrissur,Kerala
2021-10-15,4.55,18.840000000000042,126.81000000000002,241.9,7.6,0,Thrissur,Kerala
2021-10-16,77.09,89.24000000000004,181.81,308.23,77.09,0,Thrissur,Kerala
2021-10-17,13.54,95.18000000000004,187.23000000000002,302.26000000000005,77.09,0,Thrissur,Kerala
2021-10-18,10.54,101.17000000000003,152.31000000000003,283.77,77.09,0,Thrissur,Kerala
2021-10-19,1.38,25.460000000000026,121.39000000000001,280.84999999999997,13.54,0,Thrissur,Kerala
2021-10-20,33.16,45.08000000000003,147.86,302.68,33.16,0,Thrissur,Kerala
2021-10-21,12.3,46.84000000000003,152.56000000000003,311.71000000000004,33.16,0,Thrissur,Kerala
2021-10-22,16.41,61.870000000000026,164.42000000000002,326.39,33.16,0,Thrissur,Kerala
2021-10-23,12.8,41.51000000000003,100.13000000000001,304.03000000000003,16.41,0,Thrissur,Kerala
2021-10-24,5.73,34.940000000000026,92.32000000000001,287.67,16.41,0,Thrissur,Kerala
2021-10-25,7.92,26.45000000000003,89.70000000000002,287.46999999999997,12.8,0,Thrissur,Kerala
2021-10-26,3.97,17.62000000000003,92.29000000000002,245.98000000000002,7.92,0,Thrissur,Kerala
2021-10-27,12.85,24.74000000000003,71.98000000000002,226.53,12.85,0,Thrissur,Kerala
2021-10-28,4.19,21.010000000000026,63.87000000000002,224.03,12.85,0,Thrissur,Kerala
2021-10-29,2.47,19.51000000000003,49.930000000000014,218.9,12.85,0,Thrissur,Kerala
2021-10-30,11.03,17.690000000000026,48.16000000000001,225.38,11.03,0,Thrissur,Kerala
2021-10-31,5.38,18.880000000000027,47.81000000000002,153.67,11.03,0,Thrissur,Kerala
2021-11-01,24.59,41.00000000000003,64.48000000000002,164.72,24.59,0,Thrissur,Kerala
2021-11-02,39.66,69.63000000000002,100.17000000000002,193.84,39.66,0,Thrissur,Kerala
2021-11-03,3.59,67.84000000000003,90.91000000000001,196.04999999999998,39.66,0,Thrissur,Kerala
2021-11-04,18.57,61.82000000000002,105.29,181.45999999999998,39.66,0,Thrissur,Kerala
2021-11-05,4.36,26.520000000000028,107.18,173.52,18.57,0,Thrissur,Kerala
2021-11-06,4.85,27.78000000000003,101.0,161.96,18.57,0,Thrissur,Kerala
2021-11-07,6.72,15.930000000000028,102.34,155.88,6.72,0,Thrissur,Kerala
2021-11-08,6.87,18.44000000000003,84.62,157.01999999999998,6.87,0,Thrissur,Kerala
2021-11-09,1.98,15.570000000000027,46.94000000000001,151.07999999999998,6.87,0,Thrissur,Kerala
2021-11-10,3.39,12.240000000000029,46.74000000000001,150.5,6.87,0,Thrissur,Kerala
2021-11-11,1.79,7.160000000000029,29.960000000000015,139.44,3.39,0,Thrissur,Kerala
2021-11-12,15.77,20.950000000000028,41.37000000000002,151.02,15.77,0,Thrissur,Kerala
2021-11-13,13.92,31.480000000000025,50.44000000000001,162.47,15.77,0,Thrissur,Kerala
2021-11-14,16.83,46.520000000000024,60.55000000000001,168.27,16.83,0,Thrissur,Kerala
2021-11-15,38.49,69.24000000000002,92.17000000000002,201.38,38.49,0,Thrissur,Kerala
2021-11-16,7.6,62.92000000000003,97.79,184.39000000000001,38.49,0,Thrissur,Kerala
2021-11-17,19.53,65.62000000000003,113.93,164.26000000000002,38.49,0,Thrissur,Kerala
2021-11-18,4.3,31.43000000000003,116.44000000000003,164.97,19.53,0,Thrissur,Kerala
2021-11-19,9.25,33.080000000000034,109.92000000000002,155.65,19.53,0,Thrissur,Kerala
2021-11-20,11.94,25.49000000000003,107.94000000000001,163.23,11.94,0,Thrissur,Kerala
2021-11-21,0.87,22.06000000000003,91.98000000000002,159.25,11.94,0,Thrissur,Kerala
2021-11-22,4.68,17.49000000000003,58.170000000000016,157.21,11.94,0,Thrissur,Kerala
2021-11-23,14.26,19.81000000000003,64.83000000000001,164.6,14.26,0,Thrissur,Kerala
2021-11-24,4.46,23.40000000000003,49.76000000000001,167.08,14.26,0,Thrissur,Kerala
2021-11-25,15.93,34.650000000000034,61.390000000000015,179.62,15.93,0,Thrissur,Kerala
2021-11-26,4.96,25.350000000000033,57.100000000000016,182.79000000000002,15.93,0,Thrissur,Kerala
2021-11-27,2.07,22.960000000000033,47.23000000000001,169.09,15.93,0,Thrissur,Kerala
2021-11-28,7.57,14.600000000000032,53.930000000000014,162.74,7.57,0,Thrissur,Kerala
2021-11-29,24.89,34.53000000000003,74.14000000000001,170.8,24.89,0,Thrissur,Kerala
2021-11-30,14.36,46.820000000000036,74.24000000000001,146.67,24.89,0,Thrissur,Kerala
2021-12-01,5.27,44.52000000000003,75.05000000000001,144.34,24.89,0,Thrissur,Kerala
2021-12-02,3.93,23.56000000000003,63.05000000000001,128.73999999999998,14.36,0,Thrissur,Kerala
2021-12-03,4.0,13.200000000000031,62.09000000000002,128.44,5.27,0,Thrissur,Kerala
2021-12-04,4.35,12.280000000000031,64.37000000000002,123.53999999999999,4.35,0,Thrissur,Kerala
2021-12-05,3.69,12.040000000000031,60.490000000000016,115.28999999999999,4.35,0,Thrissur,Kerala
2021-12-06,1.04,9.080000000000032,36.640000000000015,115.46,4.35,0,Thrissur,Kerala
2021-12-07,0.49,5.220000000000032,22.770000000000014,111.27,3.69,0,Thrissur,Kerala
2021-12-08,0.26,1.790000000000032,17.760000000000012,97.27,1.04,0,Thrissur,Kerala
2021-12-09,1.26,2.0100000000000318,15.090000000000014,94.07,1.26,0,Thrissur,Kerala
2021-12-10,2.88,4.400000000000031,13.970000000000013,81.02,2.88,0,Thrissur,Kerala
2021-12-11,0.85,4.990000000000031,10.470000000000015,76.91,2.88,0,Thrissur,Kerala
2021-12-12,0.19,3.9200000000000315,6.970000000000015,75.02999999999999,2.88,0,Thrissur,Kerala
2021-12-13,0.03,1.0700000000000316,5.960000000000014,67.49,0.85,0,Thrissur,Kerala
2021-12-14,0.72,0.9400000000000315,6.190000000000015,43.32,0.72,0,Thrissur,Kerala
2021-12-15,0.72,1.4700000000000315,6.650000000000014,29.68,0.72,0,Thrissur,Kerala
2021-12-16,0.04,1.4800000000000315,5.430000000000014,24.45,0.72,0,Thrissur,Kerala
2021-12-17,0.03,0.7900000000000315,2.5800000000000143,20.55,0.72,0,Thrissur,Kerala
2021-12-18,0.0,0.07000000000003154,1.730000000000014,16.55,0.04,0,Thrissur,Kerala
2021-12-19,0.0,0.03000000000003153,1.540000000000014,12.2,0.03,0,Thrissur,Kerala
2021-12-20,0.0,0.0,1.510000000000014,8.51,0.0,0,Thrissur,Kerala
2021-12-21,0.0,0.0,0.7900000000000141,7.47,0.0,0,Thrissur,Kerala
2021-12-22,0.0,0.0,0.07000000000001422,6.98,0.0,0,Thrissur,Kerala
2021-12-23,0.0,0.0,0.03000000000001421,6.720000000000001,0.0,0,Thrissur,Kerala
2021-12-24,0.0,0.0,0.0,5.46,0.0,0,Thrissur,Kerala
2021-12-25,0.0,0.0,0.0,2.58,0.0,0,Thrissur,Kerala
2021-12-26,0.0,0.0,0.0,1.7299999999999998,0.0,0,Thrissur,Kerala
2021-12-27,0.0,0.0,0.0,1.5399999999999998,0.0,0,Thrissur,Kerala
2021-12-28,0.0,0.0,0.0,1.5099999999999998,0.0,0,Thrissur,Kerala
2021-12-29,0.0,0.0,0.0,0.7899999999999999,0.0,0,Thrissur,Kerala
2021-12-30,1.13,1.1300000000000314,1.130000000000014,1.1999999999999997,1.13,0,Thrissur,Kerala
2021-12-31,3.15,4.280000000000031,4.280000000000014,4.31,3.15,0,Thrissur,Kerala
2022-01-01,8.78,13.06000000000003,13.060000000000013,13.059999999999999,8.78,0,Thrissur,Kerala
2022-01-02,1.6,13.530000000000031,14.660000000000013,14.659999999999998,8.78,0,Thrissur,Kerala
2022-01-03,0.06,10.440000000000031,14.720000000000013,14.719999999999999,8.78,0,Thrissur,Kerala
2022-01-04,0.01,1.6700000000000321,14.730000000000013,14.729999999999999,1.6,0,Thrissur,Kerala
2022-01-05,0.02,0.09000000000003197,14.750000000000012,14.749999999999998,0.06,0,Thrissur,Kerala
2022-01-06,0.01,0.040000000000031975,13.630000000000011,14.759999999999998,0.02,0,Thrissur,Kerala
2022-01-07,0.25,0.280000000000032,10.730000000000013,15.009999999999998,0.25,0,Thrissur,Kerala
2022-01-08,0.47,0.730000000000032,2.420000000000014,15.479999999999999,0.47,0,Thrissur,Kerala
2022-01-09,0.06,0.780000000000032,0.8800000000000141,15.54,0.47,0,Thrissur,Kerala
2022-01-10,0.01,0.5400000000000319,0.8300000000000141,15.549999999999999,0.47,0,Thrissur,Kerala
2022-01-11,0.0,0.07000000000003197,0.8200000000000142,15.549999999999999,0.06,0,Thrissur,Kerala
2022-01-12,0.0,0.010000000000031975,0.8000000000000141,15.549999999999999,0.01,0,Thrissur,Kerala
2022-01-13,0.0,0.0,0.7900000000000141,15.549999999999999,0.0,0,Thrissur,Kerala
2022-01-14,0.0,0.0,0.5400000000000141,14.42,0.0,0,Thrissur,Kerala
2022-01-15,0.05,0.05000000000003198,0.1200000000000142,11.32,0.05,0,Thrissur,Kerala
2022-01-16,1.9,1.950000000000032,1.9600000000000142,4.4399999999999995,1.9,0,Thrissur,Kerala
2022-01-17,0.94,2.8900000000000317,2.890000000000014,3.78,1.9,0,Thrissur,Kerala
2022-01-18,0.02,2.860000000000032,2.910000000000014,3.7399999999999998,1.9,0,Thrissur,Kerala
2022-01-19,0.05,1.010000000000032,2.960000000000014,3.78,0.94,0,Thrissur,Kerala
2022-01-20,0.02,0.09000000000003198,2.980000000000014,3.78,0.05,0,Thrissur,Kerala
2022-01-21,0.04,0.11000000000003197,3.0200000000000142,3.8099999999999996,0.05,0,Thrissur,Kerala
2022-01-22,0.0,0.06000000000003197,2.9700000000000144,3.5599999999999996,0.04,0,Thrissur,Kerala
2022-01-23,0.0,0.04000000000003197,1.070000000000014,3.09,0.04,0,Thrissur,Kerala
2022-01-24,0.0,0.0,0.13000000000001422,3.03,0.0,0,Thrissur,Kerala
2022-01-25,0.0,0.0,0.11000000000001421,3.0199999999999996,0.0,0,Thrissur,Kerala
2022-01-26,0.17,0.170000000000032,0.23000000000001422,3.1899999999999995,0.17,0,Thrissur,Kerala
2022-01-27,2.24,2.410000000000032,2.4500000000000144,5.43,2.24,0,Thrissur,Kerala
2022-01-28,0.67,3.080000000000032,3.0800000000000143,6.1,2.24,0,Thrissur,Kerala
2022-01-29,0.03,2.9400000000000324,3.1100000000000145,6.13,2.24,0,Thrissur,Kerala
2022-01-30,0.02,0.7200000000000321,3.1300000000000145,6.1,0.67,0,Thrissur,Kerala
2022-01-31,0.02,0.07000000000003198,3.1500000000000146,4.22,0.03,0,Thrissur,Kerala
2022-02-01,0.06,0.10000000000003198,3.210000000000014,3.34,0.06,0,Thrissur,Kerala
2022-02-02,0.43,0.510000000000032,3.4700000000000144,3.75,0.43,0,Thrissur,Kerala
2022-02-03,0.01,0.500000000000032,1.2400000000000142,3.7100000000000004,0.43,0,Thrissur,Kerala
2022-02-04,0.0,0.440000000000032,0.5700000000000142,3.6900000000000004,0.43,0,Thrissur,Kerala
2022-02-05,0.0,0.010000000000031975,0.5400000000000141,3.6500000000000004,0.01,0,Thrissur,Kerala
2022-02-06,0.01,0.010000000000031975,0.5300000000000141,3.66,0.01,0,Thrissur,Kerala
2022-02-07,0.01,0.020000000000031975,0.5200000000000142,3.6700000000000004,0.01,0,Thrissur,Kerala
2022-02-08,0.03,0.05000000000003198,0.4900000000000142,3.7,0.03,0,Thrissur,Kerala
2022-02-09,0.05,0.09000000000003197,0.11000000000001421,3.75,0.05,0,Thrissur,Kerala
2022-02-10,0.14,0.220000000000032,0.24000000000001423,3.72,0.14,0,Thrissur,Kerala
2022-02-11,0.7,0.890000000000032,0.9400000000000142,2.1799999999999997,0.7,0,Thrissur,Kerala
2022-02-12,3.14,3.980000000000032,4.080000000000014,4.65,3.14,0,Thrissur,Kerala
2022-02-13,0.74,4.580000000000032,4.810000000000015,5.36,3.14,0,Thrissur,Kerala
2022-02-14,0.5,4.380000000000032,5.300000000000015,5.840000000000001,3.14,0,Thrissur,Kerala
2022-02-15,0.84,2.080000000000032,6.1100000000000145,6.66,0.84,0,Thrissur,Kerala
2022-02-16,1.24,2.580000000000032,7.300000000000015,7.84,1.24,0,Thrissur,Kerala
2022-02-17,0.21,2.290000000000032,7.370000000000014,7.62,1.24,0,Thrissur,Kerala
2022-02-18,0.05,1.500000000000032,6.720000000000014,7.66,1.24,0,Thrissur,Kerala
2022-02-19,0.03,0.29000000000003173,3.610000000000014,7.6899999999999995,0.21,0,Thrissur,Kerala
2022-02-20,0.02,0.10000000000003176,2.8900000000000143,7.71,0.05,0,Thrissur,Kerala
2022-02-21,0.02,0.07000000000003176,2.410000000000014,7.72,0.03,0,Thrissur,Kerala
2022-02-22,0.01,0.050000000000031755,1.580000000000014,7.720000000000001,0.02,0,Thrissur,Kerala
2022-02-23,0.46,0.4900000000000318,0.8000000000000143,8.15,0.46,0,Thrissur,Kerala
2022-02-24,0.68,1.1500000000000319,1.2700000000000142,8.78,0.68,0,Thrissur,Kerala
2022-02-25,0.02,1.1600000000000317,1.2400000000000142,8.66,0.68,0,Thrissur,Kerala
2022-02-26,0.08,0.7800000000000318,1.2900000000000142,8.040000000000001,0.68,0,Thrissur,Kerala
2022-02-27,0.9,1.0000000000000315,2.170000000000014,5.8,0.9,0,Thrissur,Kerala
2022-02-28,1.43,2.4100000000000317,3.5800000000000143,6.489999999999999,1.43,0,Thrissur,Kerala
2022-03-01,0.1,2.4300000000000317,3.670000000000014,6.09,1.43,0,Thrissur,Kerala
2022-03-02,0.01,1.5400000000000318,3.2200000000000144,5.26,1.43,0,Thrissur,Kerala
2022-03-03,0.0,0.11000000000003175,2.5400000000000142,4.02,0.1,0,Thrissur,Kerala
2022-03-04,0.0,0.010000000000031753,2.5200000000000142,3.81,0.01,0,Thrissur,Kerala
2022-03-05,0.02,0.020000000000031753,2.460000000000014,3.7800000000000002,0.02,0,Thrissur,Kerala
2022-03-06,0.16,0.18000000000003175,1.7200000000000142,3.9099999999999997,0.16,0,Thrissur,Kerala
2022-03-07,0.15,0.3300000000000317,0.4400000000000142,4.04,0.16,0,Thrissur,Kerala
2022-03-08,3.51,3.8200000000000314,3.850000000000014,7.53,3.51,0,Thrissur,Kerala
2022-03-09,3.38,7.040000000000031,7.220000000000014,10.899999999999999,3.51,0,Thrissur,Kerala
2022-03-10,0.11,7.000000000000032,7.330000000000014,10.55,3.51,0,Thrissur,Kerala
2022-03-11,0.06,3.5500000000000314,7.390000000000014,9.930000000000001,3.38,0,Thrissur,Kerala
2022-03-12,0.03,0.20000000000003154,7.400000000000014,9.94,0.11,0,Thrissur,Kerala
2022-03-13,0.03,0.12000000000003153,7.270000000000014,9.889999999999999,0.06,0,Thrissur,Kerala
2022-03-14,0.01,0.07000000000003152,7.130000000000014,8.999999999999998,0.03,0,Thrissur,Kerala
2022-03-15,0.48,0.5200000000000315,4.100000000000014,8.05,0.48,0,Thrissur,Kerala
2022-03-16,2.63,3.120000000000031,3.350000000000014,10.579999999999998,2.63,0,Thrissur,Kerala
2022-03-17,0.61,3.7200000000000313,3.850000000000014,11.18,2.63,0,Thrissur,Kerala
2022-03-18,1.48,4.720000000000031,5.270000000000014,12.66,2.63,0,Thrissur,Kerala
2022-03-19,2.46,4.550000000000031,7.7000000000000135,15.12,2.46,0,Thrissur,Kerala
2022-03-20,1.94,5.880000000000031,9.610000000000014,17.04,2.46,0,Thrissur,Kerala
2022-03-21,0.76,5.160000000000031,10.360000000000014,17.64,2.46,0,Thrissur,Kerala
2022-03-22,0.73,3.4300000000000317,10.610000000000014,18.220000000000002,1.94,0,Thrissur,Kerala
2022-03-23,15.69,17.18000000000003,23.670000000000016,30.4,15.69,0,Thrissur,Kerala
2022-03-24,8.02,24.44000000000003,31.080000000000013,35.04,15.69,0,Thrissur,Kerala
2022-03-25,2.86,26.570000000000032,32.460000000000015,37.79,15.69,0,Thrissur,Kerala
2022-03-26,1.7,12.580000000000032,31.700000000000014,39.43,8.02,0,Thrissur,Kerala
2022-03-27,5.21,9.770000000000032,34.97000000000001,44.61,5.21,0,Thrissur,Kerala
2022-03-28,3.32,10.230000000000032,37.530000000000015,47.89999999999999,5.21,0,Thrissur,Kerala
2022-03-29,2.12,10.65000000000003,38.920000000000016,50.01,5.21,0,Thrissur,Kerala
2022-03-30,2.16,7.600000000000032,25.390000000000015,51.69,3.32,0,Thrissur,Kerala
2022-03-31,0.76,5.040000000000032,18.130000000000013,49.82,2.16,0,Thrissur,Kerala
2022-04-01,2.04,4.960000000000033,17.310000000000016,51.25,2.16,0,Thrissur,Kerala
2022-04-02,3.74,6.540000000000033,19.350000000000016,53.510000000000005,3.74,0,Thrissur,Kerala
2022-04-03,5.25,11.030000000000033,19.390000000000015,56.3,5.25,0,Thrissur,Kerala
2022-04-04,1.25,10.240000000000034,17.320000000000014,55.61,5.25,0,Thrissur,Kerala
2022-04-05,2.87,9.370000000000033,18.070000000000014,57.72,5.25,0,Thrissur,Kerala
2022-04-06,17.71,21.830000000000034,33.62000000000002,74.7,17.71,0,Thrissur,Kerala
2022-04-07,3.01,23.590000000000032,35.87000000000002,62.02,17.71,0,Thrissur,Kerala
2022-04-08,18.31,39.03000000000003,52.14000000000001,72.31,18.31,0,Thrissur,Kerala
2022-04-09,31.39,52.710000000000036,79.79000000000002,100.84,31.39,0,Thrissur,Kerala
2022-04-10,5.63,55.330000000000034,80.17000000000002,104.77,31.39,0,Thrissur,Kerala
2022-04-11,11.02,48.040000000000035,89.94000000000001,110.58000000000001,31.39,0,Thrissur,Kerala
2022-04-12,12.41,29.06000000000003,99.48,119.67,12.41,0,Thrissur,Kerala
2022-04-13,20.97,44.400000000000034,102.74000000000001,138.52,20.97,0,Thrissur,Kerala
2022-04-14,20.16,53.540000000000035,119.89000000000001,156.52,20.97,0,Thrissur,Kerala
2022-04-15,2.24,43.37000000000003,103.82000000000001,158.0,20.97,0,Thrissur,Kerala
2022-04-16,4.4,26.800000000000033,76.83000000000001,160.36,20.16,0,Thrissur,Kerala
2022-04-17,7.52,14.160000000000032,78.72000000000001,164.14,7.52,0,Thrissur,Kerala
2022-04-18,5.16,17.080000000000034,72.86000000000001,164.04999999999998,7.52,0,Thrissur,Kerala
2022-04-19,3.54,16.22000000000003,63.990000000000016,166.34,7.52,0,Thrissur,Kerala
2022-04-20,0.09,8.790000000000033,43.110000000000014,163.56,5.16,0,Thrissur,Kerala
2022-04-21,0.59,4.220000000000032,23.540000000000013,146.44,3.54,0,Thrissur,Kerala
2022-04-22,2.79,3.4700000000000317,24.09000000000001,146.22,2.79,0,Thrissur,Kerala
2022-04-23,21.25,24.63000000000003,40.94000000000001,149.16,21.25,0,Thrissur,Kerala
2022-04-24,0.82,24.86000000000003,34.240000000000016,118.58999999999999,21.25,0,Thrissur,Kerala
2022-04-25,0.8,22.870000000000033,29.880000000000013,113.76,21.25,0,Thrissur,Kerala
2022-04-26,0.53,2.150000000000032,26.87000000000001,103.27000000000001,0.82,0,Thrissur,Kerala
2022-04-27,0.52,1.850000000000032,27.300000000000015,91.38,0.8,0,Thrissur,Kerala
2022-04-28,1.53,2.580000000000032,28.240000000000013,71.94,1.53,0,Thrissur,Kerala
2022-04-29,2.74,4.790000000000033,28.190000000000012,54.519999999999996,2.74,0,Thrissur,Kerala
2022-04-30,1.23,5.500000000000032,8.17000000000001,53.51,2.74,0,Thrissur,Kerala
2022-05-01,7.93,11.900000000000032,15.28000000000001,57.04,7.93,0,Thrissur,Kerala
2022-05-02,5.6,14.760000000000032,20.080000000000013,55.11999999999999,7.93,0,Thrissur,Kerala
2022-05-03,2.1,15.630000000000031,21.65000000000001,52.059999999999995,7.93,0,Thrissur,Kerala
2022-05-04,2.09,9.790000000000031,23.22000000000001,50.61,5.6,0,Thrissur,Kerala
2022-05-05,2.14,6.330000000000032,23.83000000000001,52.66,2.14,0,Thrissur,Kerala
2022-05-06,0.57,4.800000000000033,21.66000000000001,52.64,2.14,0,Thrissur,Kerala
2022-05-07,3.13,5.840000000000032,23.56000000000001,52.98,3.13,0,Thrissur,Kerala
2022-05-08,5.1,8.800000000000031,20.73000000000001,36.83,5.1,0,Thrissur,Kerala
2022-05-09,8.53,16.76000000000003,23.66000000000001,44.54,8.53,0,Thrissur,Kerala
2022-05-10,11.58,25.21000000000003,33.14000000000001,55.32,11.58,0,Thrissur,Kerala
2022-05-11,10.47,30.58000000000003,41.52000000000001,65.26,11.58,0,Thrissur,Kerala
2022-05-12,9.14,31.190000000000033,48.52000000000001,73.88000000000001,11.58,0,Thrissur,Kerala
2022-05-13,14.3,33.91000000000004,62.25000000000001,86.65,14.3,0,Thrissur,Kerala
2022-05-14,48.26,71.70000000000003,107.38000000000001,132.17,48.26,0,Thrissur,Kerala
2022-05-15,12.45,75.01000000000003,114.73,143.39000000000001,48.26,0,Thrissur,Kerala
2022-05-16,20.74,81.45000000000003,126.94000000000001,156.2,48.26,0,Thrissur,Kerala
2022-05-17,25.28,58.47000000000003,140.64000000000001,175.88,25.28,0,Thrissur,Kerala
2022-05-18,23.35,69.37000000000003,153.52,197.13,25.28,0,Thrissur,Kerala
2022-05-19,20.26,68.89000000000003,164.64000000000001,215.3,25.28,0,Thrissur,Kerala
2022-05-20,18.19,61.80000000000003,168.53000000000003,231.35,23.35,0,Thrissur,Kerala
2022-05-21,10.94,49.39000000000003,131.21,241.72,20.26,0,Thrissur,Kerala
2022-05-22,3.99,33.12000000000003,122.75000000000001,242.58,18.19,0,Thrissur,Kerala
2022-05-23,19.41,34.34000000000003,121.42000000000002,256.89,19.41,0,Thrissur,Kerala
2022-05-24,13.84,37.24000000000003,109.98000000000002,262.2,19.41,0,Thrissur,Kerala
2022-05-25,16.98,50.23000000000003,103.61000000000001,267.6,19.41,0,Thrissur,Kerala
2022-05-26,10.43,41.25000000000003,93.78,267.56,16.98,0,Thrissur,Kerala
2022-05-27,7.2,34.61000000000003,82.79,265.62,16.98,0,Thrissur,Kerala
2022-05-28,5.1,22.73000000000003,76.95,256.42,10.43,0,Thrissur,Kerala
2022-05-29,9.37,21.670000000000027,82.33000000000001,217.53,9.37,0,Thrissur,Kerala
2022-05-30,3.99,18.46000000000003,66.91,209.07,9.37,0,Thrissur,Kerala
2022-05-31,6.11,19.470000000000027,59.18000000000001,194.44,9.37,0,Thrissur,Kerala
2022-06-01,10.92,21.020000000000028,53.120000000000005,180.08,10.92,1,Thrissur,Kerala
2022-06-02,4.32,21.35000000000003,47.010000000000005,161.05,10.92,1,Thrissur,Kerala
2022-06-03,2.09,17.330000000000027,41.900000000000006,142.88,10.92,1,Thrissur,Kerala
2022-06-04,2.03,8.440000000000028,38.830000000000005,126.72,4.32,1,Thrissur,Kerala
2022-06-05,6.89,11.010000000000028,36.35000000000001,122.67,6.89,1,Thrissur,Kerala
2022-06-06,5.57,14.490000000000029,37.93000000000001,124.25,6.89,1,Thrissur,Kerala
2022-06-07,4.55,17.01000000000003,36.370000000000005,109.39,6.89,1,Thrissur,Kerala
2022-06-08,1.6,11.720000000000029,27.050000000000008,97.15,5.57,1,Thrissur,Kerala
2022-06-09,1.64,7.7900000000000285,24.370000000000008,81.81,4.55,1,Thrissur,Kerala
2022-06-10,8.46,11.70000000000003,30.74000000000001,79.83999999999999,8.46,1,Thrissur,Kerala
2022-06-11,7.5,17.60000000000003,36.21000000000001,80.13999999999999,8.46,1,Thrissur,Kerala
2022-06-12,10.49,26.45000000000003,39.81,85.53,10.49,1,Thrissur,Kerala
2022-06-13,12.6,30.59000000000003,46.84,88.75999999999999,12.6,1,Thrissur,Kerala
2022-06-14,8.1,31.190000000000026,50.39000000000001,92.87,12.6,1,Thrissur,Kerala
2022-06-15,9.61,30.310000000000024,58.400000000000006,96.37,12.6,1,Thrissur,Kerala
2022-06-16,21.7,39.410000000000025,78.46000000000001,107.14999999999999,21.7,1,Thrissur,Kerala
2022-06-17,13.52,44.83000000000003,83.52000000000001,116.35,21.7,1,Thrissur,Kerala
2022-06-18,6.13,41.35000000000003,82.15,120.39,21.7,1,Thrissur,Kerala
2022-06-19,7.72,27.370000000000033,79.38,126.08,13.52,1,Thrissur,Kerala
2022-06-20,5.94,19.79000000000003,72.72000000000001,125.13,7.72,1,Thrissur,Kerala
2022-06-21,6.25,19.910000000000032,70.87,125.81,7.72,1,Thrissur,Kerala
2022-06-22,4.87,17.06000000000003,66.13000000000001,126.13,6.25,1,Thrissur,Kerala
2022-06-23,11.74,22.86000000000003,56.17,136.27,11.74,1,Thrissur,Kerala
2022-06-24,16.09,32.70000000000003,58.74000000000001,150.72000000000003,16.09,1,Thrissur,Kerala
2022-06-25,17.22,45.05000000000003,69.83000000000001,159.48000000000002,17.22,1,Thrissur,Kerala
2022-06-26,4.39,37.70000000000003,66.5,156.37,17.22,1,Thrissur,Kerala
2022-06-27,6.75,28.36000000000003,67.31,152.63,17.22,1,Thrissur,Kerala
2022-06-28,16.17,27.310000000000034,77.23000000000002,156.2,16.17,1,Thrissur,Kerala
2022-06-29,10.16,33.080000000000034,82.52000000000001,158.26000000000002,16.17,1,Thrissur,Kerala
2022-06-30,33.0,59.330000000000034,103.78000000000002,181.64999999999998,33.0,1,Thrissur,Kerala
2022-07-01,10.21,53.37000000000003,97.9,170.16,33.0,1,Thrissur,Kerala
2022-07-02,6.89,50.10000000000004,87.57000000000001,163.53,33.0,1,Thrissur,Kerala
2022-07-03,20.61,37.710000000000036,103.79000000000002,178.01,20.61,1,Thrissur,Kerala
2022-07-04,14.64,42.140000000000036,111.68,184.93,20.61,1,Thrissur,Kerala
2022-07-05,21.11,56.360000000000035,116.62,200.1,21.11,1,Thrissur,Kerala
2022-07-06,23.8,59.55000000000004,130.26000000000002,217.65,23.8,1,Thrissur,Kerala
2022-07-07,21.16,66.07000000000004,118.42000000000002,233.94,23.8,1,Thrissur,Kerala
2022-07-08,16.46,61.42000000000004,124.67000000000002,238.66,23.8,1,Thrissur,Kerala
2022-07-09,13.8,51.42000000000003,131.58,236.36999999999998,21.16,1,Thrissur,Kerala
2022-07-10,21.88,52.140000000000036,132.85000000000002,241.02999999999997,21.88,1,Thrissur,Kerala
2022-07-11,18.99,54.67000000000003,137.20000000000002,255.63,21.88,1,Thrissur,Kerala
2022-07-12,18.38,59.250000000000036,134.47,267.26,21.88,1,Thrissur,Kerala
2022-07-13,20.12,57.49000000000004,130.79000000000002,271.21,20.12,1,Thrissur,Kerala
2022-07-14,15.09,53.59000000000004,124.72000000000001,276.14,20.12,1,Thrissur,Kerala
2022-07-15,23.39,58.60000000000004,131.65000000000003,266.53000000000003,23.39,1,Thrissur,Kerala
2022-07-16,20.47,58.95000000000003,138.32,276.78999999999996,23.39,1,Thrissur,Kerala
2022-07-17,19.84,63.70000000000003,136.28,289.74,23.39,1,Thrissur,Kerala
2022-07-18,25.4,65.71000000000004,142.69000000000003,294.53,25.4,1,Thrissur,Kerala
2022-07-19,4.8,50.040000000000035,129.11,284.69,25.4,1,Thrissur,Kerala
2022-07-20,7.92,38.12000000000003,116.91000000000001,271.5,25.4,1,Thrissur,Kerala
2022-07-21,7.98,20.700000000000035,109.80000000000001,255.68,7.98,1,Thrissur,Kerala
2022-07-22,3.67,19.570000000000036,90.08000000000001,238.19,7.98,1,Thrissur,Kerala
2022-07-23,4.39,16.040000000000035,74.00000000000001,226.11999999999998,7.98,1,Thrissur,Kerala
2022-07-24,6.84,14.900000000000036,61.00000000000001,219.16,6.84,1,Thrissur,Kerala
2022-07-25,2.62,13.850000000000037,38.22000000000001,199.89999999999998,6.84,1,Thrissur,Kerala
2022-07-26,4.17,13.630000000000035,37.59000000000001,185.08,6.84,1,Thrissur,Kerala
2022-07-27,14.74,21.530000000000037,44.41000000000001,181.44,14.74,1,Thrissur,Kerala
2022-07-28,9.99,28.900000000000034,46.42000000000001,171.31,14.74,1,Thrissur,Kerala
2022-07-29,33.15,57.88000000000004,75.9,189.37,33.15,1,Thrissur,Kerala
2022-07-30,25.69,68.83000000000003,97.20000000000002,191.67000000000002,33.15,1,Thrissur,Kerala
2022-07-31,19.58,78.42000000000003,109.94000000000001,190.77999999999997,33.15,1,Thrissur,Kerala
2022-08-01,58.75,104.02000000000004,166.07,229.69,58.75,1,Thrissur,Kerala
2022-08-02,24.63,102.96000000000004,186.53000000000003,228.92000000000002,58.75,1,Thrissur,Kerala
2022-08-03,13.69,97.07000000000004,185.48000000000002,237.81,58.75,1,Thrissur,Kerala
2022-08-04,59.62,97.94000000000003,235.11,289.51,59.62,1,Thrissur,Kerala
2022-08-05,9.06,82.37000000000003,211.02,290.59,59.62,1,Thrissur,Kerala
2022-08-06,17.75,86.43000000000004,203.08000000000004,304.67,59.62,1,Thrissur,Kerala
2022-08-07,19.99,46.80000000000004,203.49,320.27,19.99,1,Thrissur,Kerala
2022-08-08,21.64,59.38000000000004,166.38000000000002,335.07,21.64,1,Thrissur,Kerala
2022-08-09,12.03,53.66000000000003,153.78000000000003,344.48,21.64,1,Thrissur,Kerala
2022-08-10,3.39,37.06000000000003,143.48000000000002,343.7,21.64,1,Thrissur,Kerala
2022-08-11,7.15,22.570000000000036,91.01000000000002,336.10999999999996,12.03,1,Thrissur,Kerala
2022-08-12,3.61,14.150000000000036,85.56000000000002,329.73,7.15,1,Thrissur,Kerala
2022-08-13,0.25,11.010000000000035,68.06000000000002,296.83,7.15,1,Thrissur,Kerala
2022-08-14,0.22,4.080000000000036,48.29000000000002,271.36,3.61,1,Thrissur,Kerala
2022-08-15,0.05,0.5200000000000355,26.700000000000014,251.83,0.25,1,Thrissur,Kerala
2022-08-16,0.07,0.34000000000003555,14.740000000000014,193.14999999999998,0.22,1,Thrissur,Kerala
2022-08-17,0.18,0.30000000000003557,11.530000000000015,168.7,0.18,1,Thrissur,Kerala
2022-08-18,1.39,1.6400000000000354,5.770000000000014,156.4,1.39,1,Thrissur,Kerala
2022-08-19,4.7,6.270000000000035,6.860000000000014,101.48,4.7,1,Thrissur,Kerala
2022-08-20,1.74,7.8300000000000365,8.350000000000014,94.16,4.7,1,Thrissur,Kerala
2022-08-21,8.17,14.610000000000037,16.30000000000001,84.58,8.17,1,Thrissur,Kerala
2022-08-22,24.95,34.860000000000035,41.20000000000002,89.54,24.95,1,Thrissur,Kerala
2022-08-23,11.59,44.710000000000036,52.72000000000001,79.49000000000001,24.95,1,Thrissur,Kerala
2022-08-24,11.49,48.03000000000003,64.03000000000002,78.95,24.95,1,Thrissur,Kerala
2022-08-25,8.33,31.410000000000036,70.97000000000001,83.89,11.59,1,Thrissur,Kerala
2022-08-26,16.82,36.640000000000036,83.09,93.56,16.82,1,Thrissur,Kerala
2022-08-27,15.87,41.02000000000003,97.22000000000001,105.82,16.82,1,Thrissur,Kerala
2022-08-28,8.29,40.98000000000003,97.34000000000002,113.86,16.82,1,Thrissur,Kerala
2022-08-29,24.29,48.45000000000003,96.68,137.93,24.29,1,Thrissur,Kerala
2022-08-30,51.77,84.35000000000004,136.86,189.64999999999998,51.77,1,Thrissur,Kerala
2022-08-31,71.62,147.68000000000004,196.99,261.2,71.62,1,Thrissur,Kerala
2022-09-01,16.8,140.19000000000005,205.46000000000004,277.82,71.62,1,Thrissur,Kerala
2022-09-02,2.09,90.51000000000003,190.73000000000002,278.52,71.62,1,Thrissur,Kerala
2022-09-03,5.17,24.06000000000003,180.03000000000003,278.99,16.8,1,Thrissur,Kerala
2022-09-04,12.51,19.770000000000028,184.25,289.76,12.51,1,Thrissur,Kerala
2022-09-05,22.41,40.09000000000003,182.37,304.0,22.41,1,Thrissur,Kerala
2022-09-06,27.34,62.260000000000026,157.94,306.39,27.34,1,Thrissur,Kerala
2022-09-07,26.88,76.63000000000002,113.2,321.68,27.34,1,Thrissur,Kerala
2022-09-08,8.29,62.51000000000003,104.69,318.48,27.34,1,Thrissur,Kerala
2022-09-09,16.49,51.660000000000025,119.09,326.64,26.88,1,Thrissur,Kerala
2022-09-10,15.66,40.440000000000026,129.57999999999998,325.47999999999996,16.49,1,Thrissur,Kerala
2022-09-11,16.61,48.760000000000026,133.68,326.21999999999997,16.61,1,Thrissur,Kerala
2022-09-12,5.64,37.910000000000025,116.91,323.57,16.61,1,Thrissur,Kerala
2022-09-13,7.86,30.110000000000028,97.42999999999999,307.14,16.61,1,Thrissur,Kerala
2022-09-14,3.14,16.64000000000003,73.69,258.51,7.86,1,Thrissur,Kerala
2022-09-15,0.42,11.420000000000028,65.82000000000001,187.31,7.86,1,Thrissur,Kerala
2022-09-16,0.36,3.9200000000000284,49.69,170.86999999999998,3.14,1,Thrissur,Kerala
2022-09-17,1.7,2.4800000000000284,35.730000000000004,170.48,1.7,1,Thrissur,Kerala
2022-09-18,1.9,3.9600000000000284,21.02,167.21,1.9,1,Thrissur,Kerala
2022-09-19,1.08,4.680000000000028,16.46,155.78,1.9,1,Thrissur,Kerala
2022-09-20,0.28,3.260000000000028,8.88,133.65,1.9,1,Thrissur,Kerala
2022-09-21,0.06,1.4200000000000286,5.8,106.37,1.08,1,Thrissur,Kerala
2022-09-22,0.12,0.46000000000002844,5.5,79.61,0.28,1,Thrissur,Kerala
2022-09-23,0.11,0.2900000000000284,5.25,71.43,0.12,1,Thrissur,Kerala
2022-09-24,0.19,0.4200000000000284,3.74,55.13,0.19,1,Thrissur,Kerala
2022-09-25,1.44,1.7400000000000284,3.2800000000000002,40.91,1.44,1,Thrissur,Kerala
2022-09-26,1.43,3.060000000000028,3.63,25.73,1.44,1,Thrissur,Kerala
2022-09-27,0.03,2.9000000000000283,3.3799999999999994,20.12,1.44,1,Thrissur,Kerala
2022-09-28,0.38,1.8400000000000283,3.7,12.64,1.43,1,Thrissur,Kerala
2022-09-29,0.65,1.0600000000000285,4.23,10.149999999999999,0.65,1,Thrissur,Kerala
2022-09-30,4.83,5.860000000000029,8.95,14.559999999999999,4.83,1,Thrissur,Kerala
2022-10-01,3.09,8.570000000000029,11.850000000000001,17.29,4.83,0,Thrissur,Kerala
2022-10-02,25.35,33.27000000000003,35.760000000000005,40.94,25.35,0,Thrissur,Kerala
2022-10-03,13.6,42.040000000000035,47.93000000000001,52.64,25.35,0,Thrissur,Kerala
2022-10-04,2.73,41.68000000000003,50.63,54.29,25.35,0,Thrissur,Kerala
2022-10-05,1.84,18.170000000000027,52.09,55.85,13.6,0,Thrissur,Kerala
2022-10-06,0.5,5.070000000000029,51.940000000000005,56.29,2.73,0,Thrissur,Kerala
2022-10-07,0.59,2.9300000000000286,47.7,56.760000000000005,1.84,0,Thrissur,Kerala
2022-10-08,0.35,1.4400000000000284,44.96,57.0,0.59,0,Thrissur,Kerala
2022-10-09,6.87,7.810000000000029,26.480000000000004,63.68,6.87,0,Thrissur,Kerala
2022-10-10,5.95,13.170000000000028,18.830000000000005,68.19,6.87,0,Thrissur,Kerala
2022-10-11,3.46,16.28000000000003,19.560000000000002,70.22,6.87,0,Thrissur,Kerala
2022-10-12,4.23,13.640000000000029,21.950000000000003,74.41999999999999,5.95,0,Thrissur,Kerala
2022-10-13,5.47,13.160000000000029,26.92,79.50999999999999,5.47,0,Thrissur,Kerala
2022-10-14,7.82,17.520000000000028,34.150000000000006,86.68,7.82,0,Thrissur,Kerala
2022-10-15,6.12,19.410000000000025,39.92,87.97,7.82,0,Thrissur,Kerala
2022-10-16,9.61,23.550000000000026,42.660000000000004,94.49000000000001,9.61,0,Thrissur,Kerala
2022-10-17,5.66,21.39000000000003,42.370000000000005,74.8,9.61,0,Thrissur,Kerala
2022-10-18,13.62,28.890000000000025,52.53,74.82000000000001,13.62,0,Thrissur,Kerala
2022-10-19,3.73,23.010000000000026,52.03,75.82,13.62,0,Thrissur,Kerala
2022-10-20,15.86,33.21000000000002,62.42,89.83999999999999,15.86,0,Thrissur,Kerala
2022-10-21,8.86,28.450000000000028,63.46,98.19999999999999,15.86,0,Thrissur,Kerala
2022-10-22,1.15,25.870000000000026,58.489999999999995,98.76,15.86,0,Thrissur,Kerala
2022-10-23,5.81,15.820000000000025,54.69,104.22,8.86,0,Thrissur,Kerala
2022-10-24,4.94,11.900000000000027,53.97,102.29,5.81,0,Thrissur,Kerala
2022-10-25,0.4,11.150000000000025,40.75000000000001,96.74000000000001,5.81,0,Thrissur,Kerala
2022-10-26,0.0,5.340000000000027,37.02,93.28,4.94,0,Thrissur,Kerala
2022-10-27,0.04,0.44000000000002665,21.2,89.09,0.4,0,Thrissur,Kerala
2022-10-28,0.51,0.5500000000000267,12.850000000000003,84.13000000000001,0.51,0,Thrissur,Kerala
2022-10-29,3.48,4.030000000000027,15.180000000000003,79.78999999999999,3.48,0,Thrissur,Kerala
2022-10-30,6.33,10.320000000000027,15.700000000000005,80.0,6.33,0,Thrissur,Kerala
2022-10-31,7.67,17.480000000000025,18.430000000000007,78.06,7.67,0,Thrissur,Kerala
2022-11-01,16.56,30.560000000000027,34.59,88.96,16.56,0,Thrissur,Kerala
2022-11-02,4.08,28.310000000000024,38.67,79.41999999999999,16.56,0,Thrissur,Kerala
2022-11-03,12.34,32.980000000000025,50.97,88.03,16.56,0,Thrissur,Kerala
2022-11-04,10.31,26.73000000000003,60.77,82.48,12.34,0,Thrissur,Kerala
2022-11-05,7.38,30.030000000000026,64.67,81.0,12.34,0,Thrissur,Kerala
2022-11-06,8.27,25.960000000000026,66.61,88.12,10.31,0,Thrissur,Kerala
2022-11-07,1.23,16.880000000000027,60.169999999999995,83.53999999999999,8.27,0,Thrissur,Kerala
2022-11-08,2.49,11.990000000000029,46.1,81.09,8.27,0,Thrissur,Kerala
2022-11-09,2.98,6.700000000000029,45.00000000000001,83.66999999999999,2.98,0,Thrissur,Kerala
2022-11-10,1.28,6.750000000000029,33.94,84.94999999999999,2.98,0,Thrissur,Kerala
2022-11-11,14.68,18.940000000000026,38.31,99.59,14.68,0,Thrissur,Kerala
2022-11-12,27.19,43.150000000000034,58.120000000000005,126.27,27.19,0,Thrissur,Kerala
2022-11-13,8.89,50.76000000000003,58.74000000000001,131.68,27.19,0,Thrissur,Kerala
2022-11-14,9.3,45.38000000000003,66.81,134.65,27.19,0,Thrissur,Kerala
2022-11-15,1.4,19.590000000000032,65.72000000000001,128.38,9.3,0,Thrissur,Kerala
2022-11-16,0.43,11.130000000000033,63.17000000000001,112.25,9.3,0,Thrissur,Kerala
2022-11-17,0.54,2.370000000000032,62.43000000000001,108.71000000000001,1.4,0,Thrissur,Kerala
2022-11-18,0.05,1.020000000000032,47.800000000000004,96.42,0.54,0,Thrissur,Kerala
2022-11-19,0.0,0.590000000000032,20.610000000000003,86.11,0.54,0,Thrissur,Kerala
2022-11-20,0.0,0.05000000000003198,11.720000000000004,78.73,0.05,0,Thrissur,Kerala
2022-11-21,0.0,0.0,2.4200000000000035,70.46000000000001,0.0,0,Thrissur,Kerala
2022-11-22,0.0,0.0,1.0200000000000036,69.23,0.0,0,Thrissur,Kerala
2022-11-23,0.0,0.0,0.5900000000000036,66.74,0.0,0,Thrissur,Kerala
2022-11-24,0.01,0.010000000000031975,0.06000000000000356,63.77,0.01,0,Thrissur,Kerala
2022-11-25,0.02,0.030000000000031973,0.03000000000000355,62.510000000000005,0.02,0,Thrissur,Kerala
2022-11-26,0.98,1.010000000000032,1.0100000000000036,48.81,0.98,0,Thrissur,Kerala
2022-11-27,11.87,12.870000000000031,12.880000000000003,33.49,11.87,0,Thrissur,Kerala
2022-11-28,16.74,29.590000000000032,29.62,41.339999999999996,16.74,0,Thrissur,Kerala
2022-11-29,10.9,39.510000000000026,40.52,42.93999999999999,16.74,0,Thrissur,Kerala
2022-11-30,10.74,38.38000000000003,51.260000000000005,52.279999999999994,16.74,0,Thrissur,Kerala
2022-12-01,0.23,21.87000000000003,51.480000000000004,52.07999999999999,10.9,0,Thrissur,Kerala
2022-12-02,1.27,12.240000000000029,52.730000000000004,52.809999999999995,10.74,0,Thrissur,Kerala
2022-12-03,5.43,6.930000000000028,57.18000000000001,58.19,5.43,0,Thrissur,Kerala
2022-12-04,9.88,16.580000000000027,55.19,68.07,9.88,0,Thrissur,Kerala
2022-12-05,1.35,16.66000000000003,39.800000000000004,69.42,9.88,0,Thrissur,Kerala
2022-12-06,0.18,11.410000000000029,29.080000000000005,69.6,9.88,0,Thrissur,Kerala
2022-12-07,0.13,1.6600000000000286,18.470000000000002,69.73,1.35,0,Thrissur,Kerala
2022-12-08,1.19,1.5000000000000284,19.430000000000003,70.92,1.19,0,Thrissur,Kerala
2022-12-09,5.35,6.670000000000028,23.510000000000005,76.25999999999999,5.35,0,Thrissur,Kerala
2022-12-10,10.91,17.450000000000028,28.990000000000002,87.14999999999999,10.91,0,Thrissur,Kerala
2022-12-11,32.2,48.46000000000003,51.31,118.37,32.2,0,Thrissur,Kerala
2022-12-12,14.4,57.510000000000026,64.36,120.9,32.2,0,Thrissur,Kerala
2022-12-13,11.95,58.55000000000003,76.13000000000001,116.11,32.2,0,Thrissur,Kerala
2022-12-14,15.33,41.68000000000003,91.33,120.54,15.33,0,Thrissur,Kerala
2022-12-15,3.72,31.00000000000003,93.86,113.52000000000001,15.33,0,Thrissur,Kerala
2022-12-16,0.0,19.050000000000026,88.51,113.29,15.33,0,Thrissur,Kerala
2022-12-17,0.0,3.7200000000000286,77.60000000000001,112.02000000000001,3.72,0,Thrissur,Kerala
2022-12-18,0.0,0.0,45.4,106.59,0.0,0,Thrissur,Kerala
2022-12-19,0.0,0.0,31.0,96.71000000000001,0.0,0,Thrissur,Kerala
2022-12-20,0.01,0.010000000000028422,19.06,95.37,0.01,0,Thrissur,Kerala
2022-12-21,0.01,0.020000000000028422,3.74,95.2,0.01,0,Thrissur,Kerala
2022-12-22,0.01,0.03,0.03,95.08,0.01,0,Thrissur,Kerala
2022-12-23,0.0,0.02000000000002842,0.03,93.89,0.01,0,Thrissur,Kerala
2022-12-24,0.0,0.010000000000028422,0.03,88.54,0.01,0,Thrissur,Kerala
2022-12-25,5.57,5.570000000000029,5.6000000000000005,83.20000000000002,5.57,0,Thrissur,Kerala
2022-12-26,4.35,9.920000000000028,9.95,55.35,5.57,0,Thrissur,Kerala
2022-12-27,1.19,11.110000000000028,11.13,42.14,5.57,0,Thrissur,Kerala
2022-12-28,0.32,5.860000000000028,11.440000000000001,30.509999999999998,4.35,0,Thrissur,Kerala
2022-12-29,0.01,1.5200000000000284,11.440000000000001,15.19,1.19,0,Thrissur,Kerala
2022-12-30,0.01,0.34000000000002845,11.450000000000001,11.479999999999999,0.32,0,Thrissur,Kerala
2022-12-31,0.0,0.020000000000028422,11.450000000000001,11.479999999999999,0.01,0,Thrissur,Kerala
2023-01-01,0.0,0.010000000000028422,5.88,11.479999999999999,0.01,0,Thrissur,Kerala
2023-01-02,0.0,0.0,1.53,11.479999999999999,0.0,0,Thrissur,Kerala
2023-01-03,0.0,0.0,0.34,11.479999999999999,0.0,0,Thrissur,Kerala
2023-01-04,0.0,0.0,0.02,11.469999999999999,0.0,0,Thrissur,Kerala
2023-01-05,0.0,0.0,0.01,11.459999999999999,0.0,0,Thrissur,Kerala
2023-01-06,0.0,0.0,0.0,11.45,0.0,0,Thrissur,Kerala
2023-01-07,0.0,0.0,0.0,11.45,0.0,0,Thrissur,Kerala
2023-01-08,0.0,0.0,0.0,11.45,0.0,0,Thrissur,Kerala
2023-01-09,0.0,0.0,0.0,5.88,0.0,0,Thrissur,Kerala
2023-01-10,0.0,0.0,0.0,1.53,0.0,0,Thrissur,Kerala
2023-01-11,0.0,0.0,0.0,0.34,0.0,0,Thrissur,Kerala
2023-01-12,0.0,0.0,0.0,0.02,0.0,0,Thrissur,Kerala
2023-01-13,0.0,0.0,0.0,0.01,0.0,0,Thrissur,Kerala
2023-01-14,0.0,0.0,0.0,0.0,0.0,0,Thrissur,Kerala
2023-01-15,0.0,0.0,0.0,0.0,0.0,0,Thrissur,Kerala
2023-01-16,0.0,0.0,0.0,0.0,0.0,0,Thrissur,Kerala
2023-01-17,0.0,0.0,0.0,0.0,0.0,0,Thrissur,Kerala
2023-01-18,0.0,0.0,0.0,0.0,0.0,0,Thrissur,Kerala
2023-01-19,0.0,0.0,0.0,0.0,0.0,0,Thrissur,Kerala
2023-01-20,0.0,0.0,0.0,0.0,0.0,0,Thrissur,Kerala
2023-01-21,0.0,0.0,0.0,0.0,0.0,0,Thrissur,Kerala
2023-01-22,0.02,0.020000000000028422,0.02,0.02,0.02,0,Thrissur,Kerala
2023-01-23,0.44,0.46000000000002844,0.46,0.46,0.44,0,Thrissur,Kerala
2023-01-24,8.23,8.69000000000003,8.690000000000001,8.690000000000001,8.23,0,Thrissur,Kerala
2023-01-25,0.86,9.53000000000003,9.55,9.55,8.23,0,Thrissur,Kerala
2023-01-26,0.05,9.140000000000029,9.600000000000001,9.600000000000001,8.23,0,Thrissur,Kerala
2023-01-27,0.01,0.9200000000000285,9.610000000000001,9.610000000000001,0.86,0,Thrissur,Kerala
2023-01-28,0.0,0.060000000000028426,9.610000000000001,9.610000000000001,0.05,0,Thrissur,Kerala
2023-01-29,0.0,0.010000000000028422,9.590000000000002,9.610000000000001,0.01,0,Thrissur,Kerala
2023-01-30,0.22,0.22000000000002842,9.370000000000001,9.830000000000002,0.22,0,Thrissur,Kerala
2023-01-31,0.75,0.9700000000000284,1.8900000000000001,10.580000000000002,0.75,0,Thrissur,Kerala
2023-02-01,0.13,1.1000000000000285,1.1600000000000001,10.71,0.75,0,Thrissur,Kerala
2023-02-02,0.65,1.5300000000000284,1.7600000000000002,11.360000000000001,0.75,0,Thrissur,Kerala
2023-02-03,1.92,2.7000000000000286,3.67,13.280000000000001,1.92,0,Thrissur,Kerala
2023-02-04,2.15,4.720000000000028,5.82,15.430000000000001,2.15,0,Thrissur,Kerala
2023-02-05,0.11,4.180000000000028,5.930000000000001,15.540000000000001,2.15,0,Thrissur,Kerala
2023-02-06,0.0,2.2600000000000278,5.710000000000001,15.520000000000001,2.15,0,Thrissur,Kerala
2023-02-07,0.0,0.11000000000002842,4.960000000000001,15.08,0.11,0,Thrissur,Kerala
2023-02-08,0.0,0.0,4.83,6.85,0.0,0,Thrissur,Kerala
2023-02-09,0.0,0.0,4.180000000000001,5.989999999999999,0.0,0,Thrissur,Kerala
2023-02-10,0.0,0.0,2.2600000000000002,5.9399999999999995,0.0,0,Thrissur,Kerala
2023-02-11,0.0,0.0,0.11000000000000044,5.93,0.0,0,Thrissur,Kerala
2023-02-12,0.0,0.0,0.0,5.93,0.0,0,Thrissur,Kerala
2023-02-13,0.0,0.0,0.0,5.93,0.0,0,Thrissur,Kerala
2023-02-14,0.0,0.0,0.0,5.71,0.0,0,Thrissur,Kerala
2023-02-15,0.0,0.0,0.0,4.96,0.0,0,Thrissur,Kerala
2023-02-16,0.0,0.0,0.0,4.83,0.0,0,Thrissur,Kerala
2023-02-17,0.0,0.0,0.0,4.18,0.0,0,Thrissur,Kerala
2023-02-18,0.0,0.0,0.0,2.26,0.0,0,Thrissur,Kerala
2023-02-19,0.0,0.0,0.0,0.11,0.0,0,Thrissur,Kerala
2023-02-20,0.0,0.0,0.0,0.0,0.0,0,Thrissur,Kerala
2023-02-21,0.0,0.0,0.0,0.0,0.0,0,Thrissur,Kerala
2023-02-22,0.0,0.0,0.0,0.0,0.0,0,Thrissur,Kerala
2023-02-23,0.0,0.0,0.0,0.0,0.0,0,Thrissur,Kerala
2023-02-24,0.0,0.0,0.0,0.0,0.0,0,Thrissur,Kerala
2023-02-25,0.0,0.0,0.0,0.0,0.0,0,Thrissur,Kerala
2023-02-26,0.02,0.020000000000028422,0.020000000000000445,0.02,0.02,0,Thrissur,Kerala
2023-02-27,0.0,0.020000000000028422,0.020000000000000445,0.02,0.02,0,Thrissur,Kerala
2023-02-28,0.01,0.03000000000002842,0.030000000000000443,0.03,0.02,0,Thrissur,Kerala
2023-03-01,0.04,0.050000000000028424,0.07000000000000045,0.07,0.04,0,Thrissur,Kerala
2023-03-02,0.09,0.14000000000002844,0.16000000000000045,0.16,0.09,0,Thrissur,Kerala
2023-03-03,0.07,0.20000000000002843,0.23000000000000045,0.23,0.09,0,Thrissur,Kerala
2023-03-04,0.0,0.16000000000002845,0.23000000000000045,0.23,0.09,0,Thrissur,Kerala
2023-03-05,0.81,0.8800000000000285,1.0200000000000005,1.04,0.81,0,Thrissur,Kerala
2023-03-06,0.14,0.9500000000000285,1.1600000000000006,1.1800000000000002,0.81,0,Thrissur,Kerala
2023-03-07,0.0,0.9500000000000286,1.1500000000000004,1.1800000000000002,0.81,0,Thrissur,Kerala
2023-03-08,0.0,0.14000000000002855,1.1100000000000003,1.1800000000000002,0.14,0,Thrissur,Kerala
2023-03-09,0.0,0.0,1.0200000000000005,1.1800000000000002,0.0,0,Thrissur,Kerala
2023-03-10,0.0,0.0,0.9500000000000005,1.1800000000000002,0.0,0,Thrissur,Kerala
2023-03-11,0.0,0.0,0.9500000000000004,1.1800000000000002,0.0,0,Thrissur,Kerala
2023-03-12,0.0,0.0,0.14000000000000035,1.1800000000000002,0.0,0,Thrissur,Kerala
2023-03-13,0.01,0.010000000000028533,0.010000000000000333,1.17,0.01,0,Thrissur,Kerala
2023-03-14,0.06,0.07000000000002853,0.07000000000000033,1.23,0.06,0,Thrissur,Kerala
2023-03-15,0.83,0.9000000000000284,0.9000000000000002,2.05,0.83,0,Thrissur,Kerala
2023-03-16,0.93,1.8200000000000285,1.8300000000000003,2.94,0.93,0,Thrissur,Kerala
2023-03-17,5.82,7.5800000000000285,7.65,8.67,5.82,0,Thrissur,Kerala
2023-03-18,2.62,9.37000000000003,10.27,11.219999999999999,5.82,0,Thrissur,Kerala
2023-03-19,3.43,11.87000000000003,13.700000000000001,14.65,5.82,0,Thrissur,Kerala
2023-03-20,1.19,7.240000000000029,14.88,15.03,3.43,0,Thrissur,Kerala
2023-03-21,0.05,4.670000000000028,14.870000000000001,14.940000000000001,3.43,0,Thrissur,Kerala
2023-03-22,0.03,1.2700000000000284,14.07,14.97,1.19,0,Thrissur,Kerala
2023-03-23,0.02,0.10000000000002843,13.16,14.99,0.05,0,Thrissur,Kerala
2023-03-24,0.86,0.9100000000000285,8.2,15.850000000000001,0.86,0,Thrissur,Kerala
2023-03-25,4.06,4.940000000000028,9.64,19.91,4.06,0,Thrissur,Kerala
2023-03-26,1.77,6.690000000000028,7.98,21.68,4.06,0,Thrissur,Kerala
2023-03-27,1.13,6.9600000000000275,7.92,22.81,4.06,0,Thrissur,Kerala
2023-03-28,0.47,3.3700000000000285,8.34,23.27,1.77,0,Thrissur,Kerala
2023-03-29,3.56,5.160000000000029,11.870000000000001,26.77,3.56,0,Thrissur,Kerala
2023-03-30,3.99,8.020000000000028,15.84,29.93,3.99,0,Thrissur,Kerala
2023-03-31,1.0,8.55000000000003,15.98,30.0,3.99,0,Thrissur,Kerala
2023-04-01,0.96,5.950000000000028,12.88,25.139999999999997,3.99,0,Thrissur,Kerala
2023-04-02,1.37,3.330000000000028,12.48,23.89,1.37,0,Thrissur,Kerala
2023-04-03,2.56,4.890000000000028,13.91,23.02,2.56,0,Thrissur,Kerala
2023-04-04,3.96,7.890000000000028,17.4,25.79,3.96,0,Thrissur,Kerala
2023-04-05,0.47,6.990000000000028,14.31,26.209999999999997,3.96,0,Thrissur,Kerala
2023-04-06,0.4,4.8300000000000285,10.72,26.580000000000002,3.96,0,Thrissur,Kerala
2023-04-07,0.5,1.370000000000028,10.219999999999999,27.06,0.5,0,Thrissur,Kerala
2023-04-08,0.35,1.250000000000028,9.61,26.549999999999997,0.5,0,Thrissur,Kerala
2023-04-09,0.92,1.770000000000028,9.159999999999998,23.41,0.92,0,Thrissur,Kerala
2023-04-10,0.64,1.9100000000000281,7.24,22.28,0.92,0,Thrissur,Kerala
2023-04-11,0.42,1.980000000000028,3.7,21.57,0.92,0,Thrissur,Kerala
2023-04-12,0.0,1.060000000000028,3.2300000000000004,21.099999999999998,0.64,0,Thrissur,Kerala
2023-04-13,0.0,0.42000000000002796,2.83,17.54,0.42,0,Thrissur,Kerala
2023-04-14,0.0,0.0,2.33,13.55,0.0,0,Thrissur,Kerala
2023-04-15,0.0,0.0,1.98,12.55,0.0,0,Thrissur,Kerala
2023-04-16,0.0,0.0,1.06,11.59,0.0,0,Thrissur,Kerala
2023-04-17,0.01,0.010000000000027978,0.43,10.23,0.01,0,Thrissur,Kerala
2023-04-18,0.02,0.030000000000027977,0.03,7.6899999999999995,0.02,0,Thrissur,Kerala
2023-04-19,0.03,0.060000000000027975,0.06,3.76,0.03,0,Thrissur,Kerala
2023-04-20,0.05,0.10000000000002798,0.11,3.3400000000000003,0.05,0,Thrissur,Kerala
2023-04-21,0.23,0.31000000000002803,0.34,3.17,0.23,0,Thrissur,Kerala
2023-04-22,1.12,1.400000000000028,1.4600000000000002,3.79,1.12,0,Thrissur,Kerala
2023-04-23,0.93,2.2800000000000282,2.39,4.37,1.12,0,Thrissur,Kerala
2023-04-24,2.8,4.850000000000028,5.18,6.25,2.8,0,Thrissur,Kerala
2023-04-25,4.3,8.030000000000028,9.46,9.91,4.3,0,Thrissur,Kerala
2023-04-26,18.73,25.830000000000027,28.160000000000004,28.22,18.73,0,Thrissur,Kerala
2023-04-27,8.2,31.23000000000003,36.31,36.42,18.73,0,Thrissur,Kerala
2023-04-28,5.97,32.90000000000003,42.050000000000004,42.39,18.73,0,Thrissur,Kerala
2023-04-29,18.28,32.45000000000003,59.209999999999994,60.67,18.28,0,Thrissur,Kerala
2023-04-30,3.98,28.230000000000032,62.26,64.65,18.28,0,Thrissur,Kerala
2023-05-01,22.84,45.10000000000004,82.3,87.49000000000001,22.84,0,Thrissur,Kerala
2023-05-02,11.21,38.03000000000003,89.21000000000001,98.69,22.84,0,Thrissur,Kerala
2023-05-03,3.17,37.220000000000034,73.65,101.84,22.84,0,Thrissur,Kerala
2023-05-04,1.34,15.720000000000033,66.78999999999999,103.15,11.21,0,Thrissur,Kerala
2023-05-05,1.11,5.620000000000032,61.93,104.21000000000001,3.17,0,Thrissur,Kerala
2023-05-06,4.74,7.190000000000032,48.39000000000001,108.72,4.74,0,Thrissur,Kerala
2023-05-07,2.18,8.030000000000033,46.59,109.78000000000002,4.74,0,Thrissur,Kerala
2023-05-08,5.36,12.280000000000033,29.11,114.21000000000001,5.36,0,Thrissur,Kerala
2023-05-09,4.22,11.760000000000032,22.12,115.63000000000001,5.36,0,Thrissur,Kerala
2023-05-10,1.91,11.490000000000032,20.860000000000003,113.24000000000001,5.36,0,Thrissur,Kerala
2023-05-11,3.44,9.57000000000003,22.959999999999997,97.95,4.22,0,Thrissur,Kerala
2023-05-12,1.02,6.370000000000031,22.869999999999997,90.77,3.44,0,Thrissur,Kerala
2023-05-13,0.21,4.670000000000031,18.34,85.01,3.44,0,Thrissur,Kerala
2023-05-14,0.15,1.380000000000031,16.310000000000002,66.88,1.02,0,Thrissur,Kerala
2023-05-15,0.05,0.41000000000003106,11.0,62.95,0.21,0,Thrissur,Kerala
2023-05-16,0.29,0.4900000000000311,7.069999999999999,40.4,0.29,0,Thrissur,Kerala
2023-05-17,1.82,2.1600000000000312,6.9799999999999995,31.010000000000005,1.82,0,Thrissur,Kerala
2023-05-18,0.9,3.0100000000000313,4.44,28.740000000000002,1.82,0,Thrissur,Kerala
2023-05-19,1.39,4.110000000000031,4.8100000000000005,28.790000000000003,1.82,0,Thrissur,Kerala
2023-05-20,1.11,3.4000000000000306,5.71,28.790000000000003,1.39,0,Thrissur,Kerala
2023-05-21,5.13,7.630000000000031,10.69,29.180000000000003,5.13,0,Thrissur,Kerala
2023-05-22,4.84,11.08000000000003,15.48,31.840000000000003,5.13,0,Thrissur,Kerala
2023-05-23,0.57,10.54000000000003,15.76,27.050000000000004,5.13,0,Thrissur,Kerala
2023-05-24,3.83,9.24000000000003,17.77,26.660000000000004,4.84,0,Thrissur,Kerala
2023-05-25,2.8,7.2000000000000295,19.67,27.55,3.83,0,Thrissur,Kerala
2023-05-26,2.93,9.56000000000003,21.21,27.040000000000006,3.83,0,Thrissur,Kerala
2023-05-27,1.47,7.2000000000000295,21.57,27.490000000000006,2.93,0,Thrissur,Kerala
2023-05-28,1.47,5.870000000000031,17.909999999999997,28.750000000000004,2.93,0,Thrissur,Kerala
2023-05-29,2.12,5.060000000000031,15.19,30.720000000000002,2.12,0,Thrissur,Kerala
2023-05-30,1.82,5.41000000000003,16.44,32.49,2.12,0,Thrissur,Kerala
2023-05-31,2.53,6.470000000000031,15.14,34.730000000000004,2.53,0,Thrissur,Kerala
2023-06-01,0.76,5.1100000000000305,13.100000000000001,33.67000000000001,2.53,1,Thrissur,Kerala
2023-06-02,6.58,9.87000000000003,16.75,39.35000000000001,6.58,1,Thrissur,Kerala
2023-06-03,2.88,10.22000000000003,18.16,40.84,6.58,1,Thrissur,Kerala
2023-06-04,3.71,13.17000000000003,20.400000000000002,43.440000000000005,6.58,1,Thrissur,Kerala
2023-06-05,4.86,11.450000000000031,23.14,43.17,4.86,1,Thrissur,Kerala
2023-06-06,4.09,12.660000000000032,25.41,42.42,4.86,1,Thrissur,Kerala
2023-06-07,15.96,24.910000000000032,38.84,57.81,15.96,1,Thrissur,Kerala
2023-06-08,8.91,28.960000000000033,46.99,62.89,15.96,1,Thrissur,Kerala
2023-06-09,8.57,33.44000000000003,48.980000000000004,68.66000000000001,15.96,1,Thrissur,Kerala
2023-06-10,4.54,22.02000000000003,50.64,70.27,8.91,1,Thrissur,Kerala
2023-06-11,4.38,17.49000000000003,51.31,73.18,8.57,1,Thrissur,Kerala
2023-06-12,9.84,18.760000000000034,56.29,81.55,9.84,1,Thrissur,Kerala
2023-06-13,10.72,24.940000000000033,62.92,90.15,10.72,1,Thrissur,Kerala
2023-06-14,7.51,28.07000000000003,54.47,95.84,10.72,1,Thrissur,Kerala
2023-06-15,3.08,21.310000000000034,48.64,96.39,10.72,1,Thrissur,Kerala
2023-06-16,0.88,11.470000000000033,40.95,96.51,7.51,1,Thrissur,Kerala
2023-06-17,17.97,21.93000000000003,54.379999999999995,107.9,17.97,1,Thrissur,Kerala
2023-06-18,18.84,37.690000000000026,68.84,123.86,18.84,1,Thrissur,Kerala
2023-06-19,2.4,39.210000000000036,61.4,122.55000000000001,18.84,1,Thrissur,Kerala
2023-06-20,10.34,31.580000000000034,61.019999999999996,128.03,18.84,1,Thrissur,Kerala
2023-06-21,18.7,31.44000000000003,72.21,142.64000000000001,18.7,1,Thrissur,Kerala
2023-06-22,12.44,41.48000000000003,81.57,139.12,18.7,1,Thrissur,Kerala
2023-06-23,0.68,31.82000000000003,81.37,130.89000000000001,18.7,1,Thrissur,Kerala
2023-06-24,2.69,15.81000000000003,66.09,125.01,12.44,1,Thrissur,Kerala
2023-06-25,14.36,17.730000000000032,61.61,134.83,14.36,1,Thrissur,Kerala
2023-06-26,3.73,20.78000000000003,62.94,134.18,14.36,1,Thrissur,Kerala
2023-06-27,27.93,46.020000000000024,80.53,152.27,27.93,1,Thrissur,Kerala
2023-06-28,6.76,38.42000000000003,68.59,148.31,27.93,1,Thrissur,Kerala
2023-06-29,6.93,41.62000000000003,63.08,147.73000000000002,27.93,1,Thrissur,Kerala
2023-06-30,5.75,19.440000000000026,68.15,150.4,6.93,1,Thrissur,Kerala
2023-07-01,5.05,17.73000000000003,70.51,154.57,6.93,1,Thrissur,Kerala
2023-07-02,18.24,29.040000000000028,74.39,154.84,18.24,1,Thrissur,Kerala
2023-07-03,47.72,71.01000000000002,118.38,183.72,47.72,1,Thrissur,Kerala
2023-07-04,25.09,91.05000000000003,115.53999999999999,206.41,47.72,1,Thrissur,Kerala
2023-07-05,58.11,130.92000000000002,166.89,254.18,58.11,1,Thrissur,Kerala
2023-07-06,27.57,110.77000000000004,187.53,263.05,58.11,1,Thrissur,Kerala
2023-07-07,29.29,114.97000000000003,211.07,279.9,58.11,1,Thrissur,Kerala
2023-07-08,7.53,64.39000000000003,213.55,286.75,29.29,1,Thrissur,Kerala
2023-07-09,6.26,43.08000000000003,201.57,290.32,29.29,1,Thrissur,Kerala
2023-07-10,4.57,18.360000000000028,158.42000000000002,280.53,7.53,1,Thrissur,Kerala
2023-07-11,4.62,15.450000000000028,137.95,281.42,6.26,1,Thrissur,Kerala
2023-07-12,2.72,11.91000000000003,82.56,256.21000000000004,4.62,1,Thrissur,Kerala
2023-07-13,5.52,12.860000000000028,60.51,254.97,5.52,1,Thrissur,Kerala
2023-07-14,1.21,9.450000000000028,32.43,249.25,5.52,1,Thrissur,Kerala
2023-07-15,1.36,8.090000000000028,26.259999999999998,244.85999999999999,5.52,1,Thrissur,Kerala
2023-07-16,4.28,6.85000000000003,24.28,244.09,4.28,1,Thrissur,Kerala
2023-07-17,3.3,8.94000000000003,23.01,229.15,4.28,1,Thrissur,Kerala
2023-07-18,11.23,18.81000000000003,29.62,192.66,11.23,1,Thrissur,Kerala
2023-07-19,9.29,23.82000000000003,36.19,176.86,11.23,1,Thrissur,Kerala
2023-07-20,7.6,28.120000000000033,38.269999999999996,126.35000000000001,11.23,1,Thrissur,Kerala
2023-07-21,6.39,23.280000000000026,43.449999999999996,105.17,9.29,1,Thrissur,Kerala
2023-07-22,16.03,30.02000000000003,58.12,91.91000000000001,16.03,1,Thrissur,Kerala
2023-07-23,33.01,55.43000000000003,86.85,117.39000000000001,33.01,1,Thrissur,Kerala
2023-07-24,27.77,76.81000000000003,111.32,138.9,33.01,1,Thrissur,Kerala
2023-07-25,10.07,70.85000000000002,110.16,144.4,33.01,1,Thrissur,Kerala
2023-07-26,14.27,52.110000000000035,115.14,154.05,27.77,1,Thrissur,Kerala
2023-07-27,2.82,27.160000000000036,110.35999999999999,154.15,14.27,1,Thrissur,Kerala
2023-07-28,1.64,18.730000000000036,105.60999999999999,150.27,14.27,1,Thrissur,Kerala
2023-07-29,0.53,4.990000000000036,90.10999999999999,149.59000000000003,2.82,1,Thrissur,Kerala
2023-07-30,0.2,2.3700000000000356,57.3,148.43,1.64,1,Thrissur,Kerala
2023-07-31,0.66,1.3900000000000357,30.19,144.81,0.66,1,Thrissur,Kerala
2023-08-01,0.43,1.2900000000000356,20.55,141.94000000000003,0.66,1,Thrissur,Kerala
2023-08-02,1.59,2.6800000000000357,7.87,132.3,1.59,1,Thrissur,Kerala
2023-08-03,2.15,4.1700000000000355,7.2,125.16000000000001,2.15,1,Thrissur,Kerala
2023-08-04,3.15,6.890000000000035,8.709999999999999,120.71000000000002,3.15,1,Thrissur,Kerala
2023-08-05,0.7,6.0000000000000355,8.88,115.02000000000002,3.15,1,Thrissur,Kerala
2023-08-06,1.22,5.070000000000036,9.899999999999999,100.21000000000002,3.15,1,Thrissur,Kerala
2023-08-07,0.71,2.6300000000000354,9.95,67.91000000000001,1.22,1,Thrissur,Kerala
2023-08-08,5.49,7.4200000000000355,15.01,45.63000000000002,5.49,1,Thrissur,Kerala
2023-08-09,2.38,8.580000000000036,15.8,37.94000000000002,5.49,1,Thrissur,Kerala
2023-08-10,4.75,12.620000000000037,18.400000000000002,28.420000000000012,5.49,1,Thrissur,Kerala
2023-08-11,5.17,12.300000000000036,20.42,30.770000000000014,5.17,1,Thrissur,Kerala
2023-08-12,5.91,15.830000000000037,25.630000000000003,35.04000000000001,5.91,1,Thrissur,Kerala
2023-08-13,2.81,13.890000000000036,27.22,37.320000000000014,5.91,1,Thrissur,Kerala
2023-08-14,0.05,8.770000000000035,26.560000000000002,37.170000000000016,5.91,1,Thrissur,Kerala
2023-08-15,0.04,2.9000000000000354,21.11,36.55000000000001,2.81,1,Thrissur,Kerala
2023-08-16,0.02,0.11000000000003553,18.75,36.140000000000015,0.05,1,Thrissur,Kerala
2023-08-17,0.24,0.3000000000000355,14.24,34.79000000000001,0.24,1,Thrissur,Kerala
2023-08-18,1.27,1.5300000000000356,10.340000000000002,33.91000000000002,1.27,1,Thrissur,Kerala
2023-08-19,1.31,2.820000000000036,5.74,32.070000000000014,1.31,1,Thrissur,Kerala
2023-08-20,1.16,3.7400000000000353,4.09,32.530000000000015,1.31,1,Thrissur,Kerala
2023-08-21,0.52,2.9900000000000353,4.5600000000000005,31.830000000000013,1.31,1,Thrissur,Kerala
2023-08-22,1.87,3.5500000000000353,6.390000000000001,32.990000000000016,1.87,1,Thrissur,Kerala
2023-08-23,2.96,5.350000000000035,9.33,30.460000000000015,2.96,1,Thrissur,Kerala
2023-08-24,0.63,5.4600000000000355,9.72,28.710000000000015,2.96,1,Thrissur,Kerala
2023-08-25,0.0,3.5900000000000354,8.450000000000001,23.960000000000015,2.96,1,Thrissur,Kerala
2023-08-26,0.02,0.6500000000000355,7.16,18.810000000000013,0.63,1,Thrissur,Kerala
2023-08-27,0.03,0.05000000000003553,6.03,12.930000000000014,0.03,1,Thrissur,Kerala
2023-08-28,0.98,1.0300000000000356,6.49,11.100000000000014,0.98,1,Thrissur,Kerala
2023-08-29,9.28,10.290000000000035,13.899999999999999,20.330000000000013,9.28,1,Thrissur,Kerala
2023-08-30,12.99,23.250000000000036,23.93,33.280000000000015,12.99,1,Thrissur,Kerala
2023-08-31,4.38,26.650000000000034,27.68,37.64000000000001,12.99,1,Thrissur,Kerala
2023-09-01,11.68,29.050000000000033,39.36,49.08000000000001,12.99,1,Thrissur,Kerala
2023-09-02,14.1,30.160000000000032,53.44,61.91000000000001,14.1,1,Thrissur,Kerala
2023-09-03,17.16,42.94000000000004,70.57,77.76000000000002,17.16,1,Thrissur,Kerala
2023-09-04,3.11,34.37000000000004,72.7,79.71000000000002,17.16,1,Thrissur,Kerala
2023-09-05,11.53,31.800000000000033,74.94999999999999,90.72000000000001,17.16,1,Thrissur,Kerala
2023-09-06,18.86,33.500000000000036,80.82,107.71000000000001,18.86,1,Thrissur,Kerala
2023-09-07,12.75,43.140000000000036,89.19,117.50000000000003,18.86,1,Thrissur,Kerala
2023-09-08,5.09,36.70000000000003,82.6,121.96000000000001,18.86,1,Thrissur,Kerala
2023-09-09,6.74,24.580000000000034,75.24000000000001,128.70000000000002,12.75,1,Thrissur,Kerala
2023-09-10,16.48,28.310000000000038,74.56,145.16,16.48,1,Thrissur,Kerala
2023-09-11,9.73,32.95000000000004,81.18,154.86000000000004,16.48,1,Thrissur,Kerala
2023-09-12,2.02,28.230000000000036,71.67,155.9,16.48,1,Thrissur,Kerala
2023-09-13,3.17,14.920000000000039,55.980000000000004,149.79000000000002,9.73,1,Thrissur,Kerala
2023-09-14,13.7,18.890000000000036,56.93,150.50000000000003,13.7,1,Thrissur,Kerala
2023-09-15,10.88,27.75000000000004,62.720000000000006,157.0,13.7,1,Thrissur,Kerala
2023-09-16,13.26,37.84000000000004,69.24000000000001,158.58000000000004,13.7,1,Thrissur,Kerala
2023-09-17,17.1,41.240000000000045,69.86,161.58,17.1,1,Thrissur,Kerala
2023-09-18,20.75,51.11000000000004,80.88,165.17000000000002,20.75,1,Thrissur,Kerala
2023-09-19,13.93,51.780000000000044,92.78999999999999,175.99,20.75,1,Thrissur,Kerala
2023-09-20,5.41,40.090000000000046,95.03,169.87000000000003,20.75,1,Thrissur,Kerala
2023-09-21,14.25,33.590000000000046,95.58,165.26000000000002,14.25,1,Thrissur,Kerala
2023-09-22,12.25,31.910000000000043,96.95,164.76000000000002,14.25,1,Thrissur,Kerala
2023-09-23,11.92,38.420000000000044,95.61,171.59,14.25,1,Thrissur,Kerala
2023-09-24,5.53,29.700000000000042,84.04,170.38000000000002,12.25,1,Thrissur,Kerala
2023-09-25,2.61,20.06000000000004,65.9,156.51000000000002,11.92,1,Thrissur,Kerala
2023-09-26,3.49,11.630000000000043,55.46,150.27,5.53,1,Thrissur,Kerala
2023-09-27,5.28,11.380000000000042,55.33,153.53,5.28,1,Thrissur,Kerala
2023-09-28,21.83,30.60000000000004,62.91,172.19000000000003,21.83,1,Thrissur,Kerala
2023-09-29,26.87,53.98000000000004,77.53,185.36,26.87,1,Thrissur,Kerala
2023-09-30,43.86,92.56000000000003,109.47,218.34,43.86,1,Thrissur,Kerala
2023-10-01,24.25,94.98000000000005,128.19,229.33,43.86,0,Thrissur,Kerala
2023-10-02,13.21,81.32000000000004,138.79,225.44000000000003,43.86,0,Thrissur,Kerala
2023-10-03,1.17,38.63000000000004,136.47000000000003,205.86,24.25,0,Thrissur,Kerala
2023-10-04,0.56,14.940000000000037,131.75000000000003,192.49,13.21,0,Thrissur,Kerala
2023-10-05,0.2,1.9300000000000355,110.12,187.28000000000003,1.17,0,Thrissur,Kerala
2023-10-06,0.1,0.8600000000000356,83.35,173.13000000000002,0.56,0,Thrissur,Kerala
2023-10-07,0.01,0.3100000000000355,39.5,160.89000000000001,0.2,0,Thrissur,Kerala
2023-10-08,3.92,4.030000000000036,19.17,152.89,3.92,0,Thrissur,Kerala
2023-10-09,4.57,8.500000000000036,10.530000000000001,151.93,4.57,0,Thrissur,Kerala
2023-10-10,3.82,12.310000000000036,13.18,153.14000000000001,4.57,0,Thrissur,Kerala
2023-10-11,17.49,25.880000000000035,30.11,167.14000000000001,17.49,0,Thrissur,Kerala
2023-10-12,4.31,25.620000000000033,34.22,166.17000000000002,17.49,0,Thrissur,Kerala
2023-10-13,15.13,36.930000000000035,49.25,159.47000000000003,17.49,0,Thrissur,Kerala
2023-10-14,43.38,62.820000000000036,92.62,175.98000000000002,43.38,0,Thrissur,Kerala
2023-10-15,39.33,97.84000000000003,128.03,171.45,43.38,0,Thrissur,Kerala
2023-10-16,3.42,86.13000000000004,126.88,150.62,43.38,0,Thrissur,Kerala
2023-10-17,11.45,54.20000000000003,134.51,148.86,39.33,0,Thrissur,Kerala
2023-10-18,3.36,18.230000000000036,120.38,151.05,11.45,0,Thrissur,Kerala
2023-10-19,3.57,18.380000000000035,119.64,154.06,11.45,0,Thrissur,Kerala
2023-10-20,4.49,11.420000000000035,108.99999999999999,158.35000000000002,4.49,0,Thrissur,Kerala
2023-10-21,2.55,10.610000000000035,68.16999999999999,160.8,4.49,0,Thrissur,Kerala
2023-10-22,2.0,9.040000000000035,30.839999999999993,162.79,4.49,0,Thrissur,Kerala
2023-10-23,4.21,8.760000000000035,31.629999999999995,163.08,4.21,0,Thrissur,Kerala
2023-10-24,6.0,12.210000000000036,26.179999999999993,164.51000000000002,6.0,0,Thrissur,Kerala
2023-10-25,37.38,47.59000000000004,60.199999999999996,198.07000000000002,37.38,0,Thrissur,Kerala
2023-10-26,14.37,57.750000000000036,71.0,194.95000000000002,37.38,0,Thrissur,Kerala
2023-10-27,2.45,54.20000000000004,68.96,193.09,37.38,0,Thrissur,Kerala
2023-10-28,3.13,19.950000000000035,69.54,181.09000000000003,14.37,0,Thrissur,Kerala
2023-10-29,7.84,13.420000000000035,75.38,145.55,7.84,0,Thrissur,Kerala
2023-10-30,10.4,21.370000000000033,81.57,116.62000000000002,10.4,0,Thrissur,Kerala
2023-10-31,8.79,27.030000000000037,84.36,121.99000000000001,10.4,0,Thrissur,Kerala
2023-11-01,20.59,39.78000000000003,67.57,131.13,20.59,0,Thrissur,Kerala
2023-11-02,7.19,36.570000000000036,60.38999999999999,134.96,20.59,0,Thrissur,Kerala
2023-11-03,8.71,36.49000000000004,66.64999999999999,140.10000000000002,20.59,0,Thrissur,Kerala
2023-11-04,61.81,77.71000000000004,125.33,197.42000000000002,61.81,0,Thrissur,Kerala
2023-11-05,6.2,76.72000000000004,123.69,201.07000000000002,61.81,0,Thrissur,Kerala
2023-11-06,3.83,71.84000000000003,117.11999999999999,202.90000000000003,61.81,0,Thrissur,Kerala
2023-11-07,8.93,18.96000000000003,117.25999999999999,207.62000000000003,8.93,0,Thrissur,Kerala
2023-11-08,20.69,33.45000000000003,117.36,222.31000000000003,20.69,0,Thrissur,Kerala
2023-11-09,16.97,46.59000000000003,127.14,201.90000000000003,20.69,0,Thrissur,Kerala
2023-11-10,4.97,42.63000000000003,123.39999999999999,192.50000000000003,20.69,0,Thrissur,Kerala
2023-11-11,1.67,23.610000000000028,63.259999999999984,191.72000000000003,16.97,0,Thrissur,Kerala
2023-11-12,0.29,6.930000000000028,57.34999999999998,188.88000000000002,4.97,0,Thrissur,Kerala
2023-11-13,0.25,2.2100000000000284,53.76999999999998,181.29000000000002,1.67,0,Thrissur,Kerala
2023-11-14,3.95,4.490000000000029,48.789999999999985,174.84000000000003,3.95,0,Thrissur,Kerala
2023-11-15,1.4,5.600000000000028,29.499999999999986,167.45000000000002,3.95,0,Thrissur,Kerala
2023-11-16,2.11,7.460000000000028,14.639999999999986,148.97,3.95,0,Thrissur,Kerala
2023-11-17,4.44,7.950000000000029,14.109999999999987,146.22,4.44,0,Thrissur,Kerala
2023-11-18,5.43,11.980000000000029,17.869999999999987,142.94000000000003,5.43,0,Thrissur,Kerala
2023-11-19,2.97,12.84000000000003,20.549999999999986,84.10000000000001,5.43,0,Thrissur,Kerala
2023-11-20,0.05,8.450000000000028,20.349999999999987,77.95000000000002,5.43,0,Thrissur,Kerala
2023-11-21,8.47,11.490000000000029,24.869999999999983,82.59000000000002,8.47,0,Thrissur,Kerala
2023-11-22,27.27,35.79000000000003,50.73999999999999,100.93000000000002,27.27,0,Thrissur,Kerala
2023-11-23,12.49,48.23000000000003,61.11999999999999,92.73,27.27,0,Thrissur,Kerala
2023-11-24,6.22,45.98000000000003,62.89999999999999,81.98,27.27,0,Thrissur,Kerala
2023-11-25,4.26,22.970000000000027,61.72999999999998,81.27000000000001,12.49,0,Thrissur,Kerala
2023-11-26,2.76,13.240000000000027,61.51999999999998,82.36000000000001,6.22,0,Thrissur,Kerala
2023-11-27,1.87,8.890000000000029,63.33999999999999,83.94000000000001,4.26,0,Thrissur,Kerala
2023-11-28,0.99,5.6200000000000285,55.859999999999985,84.68000000000002,2.76,0,Thrissur,Kerala
2023-11-29,1.43,4.2900000000000285,30.019999999999985,82.16000000000001,1.87,0,Thrissur,Kerala
2023-11-30,1.43,3.850000000000028,18.959999999999987,82.19000000000001,1.43,0,Thrissur,Kerala
2023-12-01,2.82,5.680000000000028,15.559999999999985,82.9,2.82,0,Thrissur,Kerala
2023-12-02,1.15,5.400000000000029,12.449999999999987,79.61000000000001,2.82,0,Thrissur,Kerala
2023-12-03,6.62,10.590000000000028,16.309999999999988,80.80000000000001,6.62,0,Thrissur,Kerala
2023-12-04,1.41,9.180000000000028,15.849999999999985,79.24000000000002,6.62,0,Thrissur,Kerala
2023-12-05,0.02,8.050000000000027,14.879999999999985,79.21000000000001,6.62,0,Thrissur,Kerala
2023-12-06,0.01,1.4400000000000284,13.459999999999985,70.75000000000001,1.41,0,Thrissur,Kerala
2023-12-07,4.83,4.860000000000029,16.859999999999985,48.31000000000002,4.83,0,Thrissur,Kerala
2023-12-08,25.34,30.180000000000028,39.37999999999998,61.16000000000001,25.34,0,Thrissur,Kerala
2023-12-09,19.27,49.440000000000026,57.499999999999986,74.21000000000001,25.34,0,Thrissur,Kerala
2023-12-10,4.0,48.61000000000003,54.87999999999998,73.95,25.34,0,Thrissur,Kerala
2023-12-11,1.72,24.990000000000027,55.18999999999998,72.91000000000001,19.27,0,Thrissur,Kerala
2023-12-12,3.0,8.720000000000027,58.16999999999998,74.04,4.0,0,Thrissur,Kerala
2023-12-13,0.05,4.770000000000028,58.20999999999999,73.10000000000002,3.0,0,Thrissur,Kerala
2023-12-14,0.02,3.0700000000000283,53.399999999999984,71.69000000000001,3.0,0,Thrissur,Kerala
2023-12-15,0.02,0.09000000000002842,28.079999999999984,70.28000000000002,0.05,0,Thrissur,Kerala
2023-12-16,1.11,1.1500000000000286,9.919999999999986,68.57000000000001,1.11,0,Thrissur,Kerala
2023-12-17,16.34,17.470000000000027,22.259999999999984,83.76000000000002,16.34,0,Thrissur,Kerala
2023-12-18,5.57,23.020000000000028,26.10999999999999,82.71000000000001,16.34,0,Thrissur,Kerala
2023-12-19,0.82,22.73000000000003,23.92999999999999,82.12000000000002,16.34,0,Thrissur,Kerala
2023-12-20,0.78,7.170000000000028,24.65999999999999,82.88000000000001,5.57,0,Thrissur,Kerala
2023-12-21,0.84,2.4400000000000284,25.47999999999999,83.71000000000002,0.84,0,Thrissur,Kerala
2023-12-22,0.41,2.0300000000000287,25.86999999999999,79.29000000000002,0.84,0,Thrissur,Kerala
2023-12-23,0.0,1.2500000000000282,24.75999999999999,53.95000000000002,0.84,0,Thrissur,Kerala
2023-12-24,0.04,0.4500000000000284,8.459999999999987,34.72000000000002,0.41,0,Thrissur,Kerala
2023-12-25,0.34,0.3800000000000284,3.2299999999999858,31.060000000000016,0.34,0,Thrissur,Kerala
2023-12-26,0.02,0.40000000000002844,2.429999999999986,29.360000000000017,0.34,0,Thrissur,Kerala
2023-12-27,0.0,0.36000000000002846,1.6499999999999857,26.360000000000017,0.34,0,Thrissur,Kerala
2023-12-28,0.02,0.04000000000002842,0.8299999999999857,26.330000000000016,0.02,0,Thrissur,Kerala
2023-12-29,0.25,0.27000000000002844,0.6699999999999857,26.560000000000016,0.25,0,Thrissur,Kerala
2023-12-30,0.22,0.4900000000000284,0.8899999999999858,26.760000000000016,0.25,0,Thrissur,Kerala
2023-12-31,0.02,0.4900000000000284,0.8699999999999858,25.670000000000016,0.25,0,Thrissur,Kerala
2024-01-01,1.03,1.2700000000000284,1.5599999999999858,10.360000000000017,1.03,0,Thrissur,Kerala
2024-01-02,2.37,3.4200000000000284,3.909999999999986,7.160000000000018,2.37,0,Thrissur,Kerala
2024-01-03,6.07,9.470000000000029,9.979999999999986,12.410000000000018,6.07,0,Thrissur,Kerala
2024-01-04,10.58,19.02000000000003,20.539999999999985,22.21000000000002,10.58,0,Thrissur,Kerala
2024-01-05,15.93,32.58000000000003,36.219999999999985,37.30000000000002,15.93,0,Thrissur,Kerala
2024-01-06,5.53,32.04000000000003,41.52999999999999,42.420000000000016,15.93,0,Thrissur,Kerala
2024-01-07,2.6,24.06000000000003,44.109999999999985,45.02000000000002,15.93,0,Thrissur,Kerala
2024-01-08,4.32,12.45000000000003,47.399999999999984,49.30000000000002,5.53,0,Thrissur,Kerala
2024-01-09,11.12,18.040000000000028,56.149999999999984,60.08000000000002,11.12,0,Thrissur,Kerala
2024-01-10,0.45,15.890000000000029,50.52999999999999,60.51000000000002,11.12,0,Thrissur,Kerala
2024-01-11,0.0,11.570000000000029,39.94999999999999,60.51000000000002,11.12,0,Thrissur,Kerala
2024-01-12,0.0,0.4500000000000302,24.01999999999999,60.49000000000002,0.45,0,Thrissur,Kerala
2024-01-13,0.0,0.0,18.489999999999988,60.24000000000002,0.0,0,Thrissur,Kerala
2024-01-14,0.0,0.0,15.889999999999985,60.020000000000024,0.0,0,Thrissur,Kerala
2024-01-15,0.0,0.0,11.569999999999984,60.00000000000002,0.0,0,Thrissur,Kerala
2024-01-16,0.01,0.010000000000030198,0.4599999999999858,58.98000000000002,0.01,0,Thrissur,Kerala
2024-01-17,0.04,0.0500000000000302,0.04999999999998579,56.65000000000002,0.04,0,Thrissur,Kerala
2024-01-18,0.02,0.0700000000000302,0.0699999999999858,50.60000000000002,0.04,0,Thrissur,Kerala
2024-01-19,0.21,0.2700000000000302,0.2799999999999858,40.23000000000002,0.21,0,Thrissur,Kerala
2024-01-20,1.03,1.2600000000000302,1.3099999999999858,25.33000000000002,1.03,0,Thrissur,Kerala
2024-01-21,0.38,1.6200000000000303,1.6899999999999857,20.180000000000017,1.03,0,Thrissur,Kerala
2024-01-22,0.01,1.4200000000000301,1.6999999999999857,17.590000000000018,1.03,0,Thrissur,Kerala
2024-01-23,0.02,0.41000000000003023,1.7099999999999858,13.290000000000017,0.38,0,Thrissur,Kerala
2024-01-24,1.57,1.6000000000000303,3.239999999999986,3.740000000000018,1.57,0,Thrissur,Kerala
2024-01-25,0.09,1.6800000000000304,3.309999999999986,3.3800000000000177,1.57,0,Thrissur,Kerala
2024-01-26,0.03,1.6900000000000301,3.1299999999999857,3.4100000000000175,1.57,0,Thrissur,Kerala
2024-01-27,0.01,0.1300000000000302,2.1099999999999857,3.4200000000000177,0.09,0,Thrissur,Kerala
2024-01-28,0.0,0.0400000000000302,1.7299999999999855,3.4200000000000177,0.03,0,Thrissur,Kerala
2024-01-29,0.0,0.010000000000030198,1.7199999999999858,3.4200000000000177,0.01,0,Thrissur,Kerala
2024-01-30,0.0,0.0,1.6999999999999857,3.4200000000000177,0.0,0,Thrissur,Kerala
2024-01-31,0.0,0.0,0.1299999999999858,3.410000000000018,0.0,0,Thrissur,Kerala
2024-02-01,0.0,0.0,0.03999999999998579,3.370000000000018,0.0,0,Thrissur,Kerala
2024-02-02,0.0,0.0,0.00999999999998579,3.350000000000018,0.0,0,Thrissur,Kerala
2024-02-03,0.06,0.060000000000030196,0.05999999999998579,3.200000000000018,0.06,0,Thrissur,Kerala
2024-02-04,0.04,0.1000000000000302,0.0999999999999858,2.2100000000000177,0.06,0,Thrissur,Kerala
2024-02-05,0.0,0.1000000000000302,0.0999999999999858,1.8300000000000176,0.06,0,Thrissur,Kerala
2024-02-06,0.0,0.0400000000000302,0.0999999999999858,1.8200000000000178,0.04,0,Thrissur,Kerala
2024-02-07,0.0,0.0,0.0999999999999858,1.8000000000000178,0.0,0,Thrissur,Kerala
2024-02-08,0.0,0.0,0.0999999999999858,0.23000000000001775,0.0,0,Thrissur,Kerala
2024-02-09,0.0,0.0,0.0999999999999858,0.14000000000001778,0.0,0,Thrissur,Kerala
2024-02-10,0.0,0.0,0.03999999999998579,0.11000000000001776,0.0,0,Thrissur,Kerala
2024-02-11,0.0,0.0,0.0,0.10000000000001777,0.0,0,Thrissur,Kerala
2024-02-12,0.0,0.0,0.0,0.10000000000001777,0.0,0,Thrissur,Kerala
2024-02-13,0.0,0.0,0.0,0.10000000000001777,0.0,0,Thrissur,Kerala
2024-02-14,0.0,0.0,0.0,0.10000000000001777,0.0,0,Thrissur,Kerala
2024-02-15,0.0,0.0,0.0,0.10000000000001777,0.0,0,Thrissur,Kerala
2024-02-16,0.0,0.0,0.0,0.10000000000001777,0.0,0,Thrissur,Kerala
2024-02-17,0.0,0.0,0.0,0.10000000000001777,0.0,0,Thrissur,Kerala
2024-02-18,0.0,0.0,0.0,0.040000000000017764,0.0,0,Thrissur,Kerala
2024-02-19,0.0,0.0,0.0,0.0,0.0,0,Thrissur,Kerala
2024-02-20,0.33,0.3300000000000302,0.3299999999999858,0.3300000000000178,0.33,0,Thrissur,Kerala
2024-02-21,0.66,0.9900000000000302,0.9899999999999858,0.9900000000000178,0.66,0,Thrissur,Kerala
2024-02-22,0.0,0.9900000000000303,0.9899999999999859,0.9900000000000179,0.66,0,Thrissur,Kerala
2024-02-23,0.0,0.6600000000000303,0.9899999999999859,0.9900000000000179,0.66,0,Thrissur,Kerala
2024-02-24,0.0,0.0,0.9899999999999859,0.9900000000000179,0.0,0,Thrissur,Kerala
2024-02-25,0.0,0.0,0.9899999999999859,0.9900000000000179,0.0,0,Thrissur,Kerala
2024-02-26,0.0,0.0,0.9899999999999859,0.9900000000000179,0.0,0,Thrissur,Kerala
2024-02-27,0.0,0.0,0.6599999999999859,0.9900000000000179,0.0,0,Thrissur,Kerala
2024-02-28,0.0,0.0,0.0,0.9900000000000179,0.0,0,Thrissur,Kerala
2024-02-29,0.0,0.0,0.0,0.9900000000000179,0.0,0,Thrissur,Kerala
2024-03-01,0.0,0.0,0.0,0.9900000000000179,0.0,0,Thrissur,Kerala
2024-03-02,0.0,0.0,0.0,0.9900000000000179,0.0,0,Thrissur,Kerala
2024-03-03,0.0,0.0,0.0,0.9900000000000179,0.0,0,Thrissur,Kerala
2024-03-04,0.0,0.0,0.0,0.9900000000000179,0.0,0,Thrissur,Kerala
2024-03-05,0.0,0.0,0.0,0.9900000000000179,0.0,0,Thrissur,Kerala
2024-03-06,0.0,0.0,0.0,0.6600000000000179,0.0,0,Thrissur,Kerala
2024-03-07,0.0,0.0,0.0,0.0,0.0,0,Thrissur,Kerala
2024-03-08,0.0,0.0,0.0,0.0,0.0,0,Thrissur,Kerala
2024-03-09,0.0,0.0,0.0,0.0,0.0,0,Thrissur,Kerala
2024-03-10,0.0,0.0,0.0,0.0,0.0,0,Thrissur,Kerala
2024-03-11,0.0,0.0,0.0,0.0,0.0,0,Thrissur,Kerala
2024-03-12,0.08,0.0800000000000302,0.07999999999998579,0.08000000000001777,0.08,0,Thrissur,Kerala
2024-03-13,0.75,0.8300000000000302,0.8299999999999857,0.8300000000000177,0.75,0,Thrissur,Kerala
2024-03-14,1.41,2.24000000000003,2.2399999999999856,2.2400000000000175,1.41,0,Thrissur,Kerala
2024-03-15,0.07,2.23000000000003,2.309999999999986,2.310000000000018,1.41,0,Thrissur,Kerala
2024-03-16,0.04,1.5200000000000302,2.349999999999986,2.350000000000018,1.41,0,Thrissur,Kerala
2024-03-17,0.01,0.12000000000003043,2.3599999999999857,2.3600000000000176,0.07,0,Thrissur,Kerala
2024-03-18,0.05,0.10000000000003043,2.409999999999986,2.410000000000018,0.05,0,Thrissur,Kerala
2024-03-19,0.01,0.07000000000003043,2.3399999999999856,2.4200000000000177,0.05,0,Thrissur,Kerala
2024-03-20,0.21,0.27000000000003044,1.7999999999999856,2.6300000000000177,0.21,0,Thrissur,Kerala
2024-03-21,0.46,0.6800000000000304,0.8499999999999861,3.0900000000000176,0.46,0,Thrissur,Kerala
2024-03-22,0.16,0.8300000000000304,0.939999999999986,3.2500000000000178,0.46,0,Thrissur,Kerala
2024-03-23,1.63,2.25000000000003,2.529999999999986,4.880000000000018,1.63,0,Thrissur,Kerala
2024-03-24,0.93,2.7200000000000304,3.449999999999986,5.810000000000017,1.63,0,Thrissur,Kerala
2024-03-25,0.09,2.65000000000003,3.489999999999986,5.900000000000018,1.63,0,Thrissur,Kerala
2024-03-26,0.83,1.8500000000000303,4.309999999999986,6.730000000000017,0.93,0,Thrissur,Kerala
2024-03-27,0.13,1.05000000000003,4.229999999999986,6.780000000000017,0.83,0,Thrissur,Kerala
2024-03-28,1.18,2.1400000000000303,4.949999999999986,7.210000000000018,1.18,0,Thrissur,Kerala
2024-03-29,1.96,3.27000000000003,6.749999999999986,7.760000000000018,1.96,0,Thrissur,Kerala
2024-03-30,0.33,3.4700000000000304,5.449999999999986,8.020000000000017,1.96,0,Thrissur,Kerala
2024-03-31,0.39,2.6800000000000304,4.909999999999986,8.370000000000019,1.96,0,Thrissur,Kerala
2024-04-01,0.07,0.7900000000000305,4.889999999999986,8.430000000000017,0.39,0,Thrissur,Kerala
2024-04-02,0.2,0.6600000000000305,4.2599999999999865,8.580000000000018,0.39,0,Thrissur,Kerala
2024-04-03,0.42,0.6900000000000304,4.5499999999999865,8.990000000000018,0.42,0,Thrissur,Kerala
2024-04-04,1.7,2.3200000000000305,5.069999999999986,10.480000000000018,1.7,0,Thrissur,Kerala
2024-04-05,2.81,4.93000000000003,5.919999999999986,12.830000000000018,2.81,0,Thrissur,Kerala
2024-04-06,0.03,4.54000000000003,5.619999999999986,12.700000000000017,2.81,0,Thrissur,Kerala
2024-04-07,0.15,2.9900000000000304,5.379999999999987,11.220000000000018,2.81,0,Thrissur,Kerala
2024-04-08,0.53,0.7100000000000302,5.839999999999986,10.820000000000018,0.53,0,Thrissur,Kerala
2024-04-09,0.79,1.4700000000000302,6.4299999999999855,11.520000000000017,0.79,0,Thrissur,Kerala
2024-04-10,2.06,3.38000000000003,8.069999999999986,12.750000000000018,2.06,0,Thrissur,Kerala
2024-04-11,7.48,10.33000000000003,13.849999999999987,20.10000000000002,7.48,0,Thrissur,Kerala
2024-04-12,12.41,21.95000000000003,23.44999999999999,31.33000000000002,12.41,0,Thrissur,Kerala
2024-04-13,5.25,25.14000000000003,28.669999999999987,34.62000000000002,12.41,0,Thrissur,Kerala
2024-04-14,1.15,18.81000000000003,29.669999999999987,35.44000000000002,12.41,0,Thrissur,Kerala
2024-04-15,0.1,6.50000000000003,29.239999999999984,35.15000000000002,5.25,0,Thrissur,Kerala
2024-04-16,0.22,1.4700000000000302,28.669999999999987,35.30000000000002,1.15,0,Thrissur,Kerala
2024-04-17,0.02,0.3400000000000302,26.62999999999999,35.12000000000002,0.22,0,Thrissur,Kerala
2024-04-18,0.01,0.2500000000000302,19.159999999999982,34.71000000000002,0.22,0,Thrissur,Kerala
2024-04-19,0.02,0.0500000000000302,6.769999999999985,33.03000000000002,0.02,0,Thrissur,Kerala
2024-04-20,0.02,0.0500000000000302,1.5399999999999856,30.24000000000002,0.02,0,Thrissur,Kerala
2024-04-21,2.06,2.1000000000000303,2.449999999999986,32.27000000000002,2.06,0,Thrissur,Kerala
2024-04-22,2.54,4.62000000000003,4.8899999999999855,34.66000000000002,2.54,0,Thrissur,Kerala
2024-04-23,0.42,5.020000000000031,5.089999999999986,34.55000000000002,2.54,0,Thrissur,Kerala
2024-04-24,0.95,3.9100000000000303,6.019999999999985,34.71000000000002,2.54,0,Thrissur,Kerala
2024-04-25,0.41,1.78000000000003,6.419999999999986,33.06000000000002,0.95,0,Thrissur,Kerala
2024-04-26,0.11,1.4700000000000302,6.509999999999986,25.69000000000002,0.95,0,Thrissur,Kerala
2024-04-27,0.1,0.6200000000000302,6.589999999999986,13.380000000000019,0.41,0,Thrissur,Kerala
2024-04-28,0.04,0.2500000000000302,4.569999999999985,8.170000000000018,0.11,0,Thrissur,Kerala
2024-04-29,0.03,0.1700000000000302,2.0599999999999854,7.050000000000018,0.1,0,Thrissur,Kerala
2024-04-30,1.27,1.3400000000000303,2.909999999999985,8.220000000000018,1.27,0,Thrissur,Kerala
2024-05-01,0.7,2.00000000000003,2.659999999999985,8.700000000000017,1.27,0,Thrissur,Kerala
2024-05-02,0.09,2.0600000000000303,2.339999999999985,8.770000000000017,1.27,0,Thrissur,Kerala
2024-05-03,0.18,0.9700000000000302,2.409999999999985,8.940000000000017,0.7,0,Thrissur,Kerala
2024-05-04,1.97,2.2400000000000304,4.279999999999985,10.890000000000018,1.97,0,Thrissur,Kerala
2024-05-05,1.8,3.9500000000000304,6.039999999999985,12.67000000000002,1.97,0,Thrissur,Kerala
2024-05-06,0.09,3.86000000000003,6.0999999999999845,10.700000000000019,1.97,0,Thrissur,Kerala
2024-05-07,0.48,2.3700000000000303,5.309999999999985,8.640000000000017,1.8,0,Thrissur,Kerala
2024-05-08,2.52,3.09000000000003,7.129999999999985,10.740000000000016,2.52,0,Thrissur,Kerala
2024-05-09,9.67,12.67000000000003,16.709999999999987,19.46000000000002,9.67,0,Thrissur,Kerala
2024-05-10,12.08,24.27000000000003,28.609999999999985,31.130000000000017,12.08,0,Thrissur,Kerala
2024-05-11,4.94,26.69000000000003,31.579999999999988,35.96000000000002,12.08,0,Thrissur,Kerala
2024-05-12,7.33,24.350000000000033,37.109999999999985,43.19000000000002,12.08,0,Thrissur,Kerala
2024-05-13,17.63,29.90000000000003,54.64999999999998,60.780000000000015,17.63,0,Thrissur,Kerala
2024-05-14,3.03,27.99000000000003,57.19999999999998,63.780000000000015,17.63,0,Thrissur,Kerala
2024-05-15,8.51,29.17000000000003,63.18999999999998,71.02000000000002,17.63,0,Thrissur,Kerala
2024-05-16,8.96,20.500000000000032,62.479999999999976,79.28000000000002,8.96,0,Thrissur,Kerala
2024-05-17,18.05,35.52000000000003,68.44999999999999,97.24000000000001,18.05,0,Thrissur,Kerala
2024-05-18,20.91,47.92000000000003,84.41999999999999,117.97000000000003,20.91,0,Thrissur,Kerala
2024-05-19,27.68,66.64000000000003,104.76999999999998,143.68000000000004,27.68,0,Thrissur,Kerala
2024-05-20,20.99,69.58000000000004,108.13,162.87,27.68,0,Thrissur,Kerala
2024-05-21,26.91,75.58000000000003,132.01,189.69,27.68,0,Thrissur,Kerala
2024-05-22,60.7,108.60000000000002,184.2,249.91000000000003,60.7,0,Thrissur,Kerala
2024-05-23,24.33,111.94000000000003,199.57,271.72,60.7,0,Thrissur,Kerala
2024-05-24,20.43,105.46000000000004,201.95,282.48,60.7,0,Thrissur,Kerala
2024-05-25,17.07,61.83000000000003,198.10999999999996,287.47,24.33,0,Thrissur,Kerala
2024-05-26,7.66,45.160000000000025,178.09,290.19,20.43,0,Thrissur,Kerala
2024-05-27,8.86,33.59000000000003,165.95999999999998,291.72,17.07,0,Thrissur,Kerala
2024-05-28,28.6,45.12000000000003,167.64999999999998,302.69000000000005,28.6,0,Thrissur,Kerala
2024-05-29,33.07,70.53000000000003,140.01999999999998,332.73,33.07,0,Thrissur,Kerala
2024-05-30,15.37,77.04000000000003,131.05999999999997,339.59000000000003,33.07,0,Thrissur,Kerala
2024-05-31,12.01,60.45000000000002,122.63999999999997,342.64000000000004,33.07,0,Thrissur,Kerala
2024-06-01,13.93,41.31000000000003,119.49999999999999,338.52000000000004,15.37,1,Thrissur,Kerala
2024-06-02,9.26,35.20000000000003,121.09999999999998,326.87,13.93,1,Thrissur,Kerala
2024-06-03,4.43,27.620000000000026,116.66999999999999,303.62000000000006,13.93,1,Thrissur,Kerala
2024-06-04,2.42,16.110000000000028,90.48999999999998,285.05,9.26,1,Thrissur,Kerala
2024-06-05,6.97,13.820000000000029,64.38999999999999,265.11,6.97,1,Thrissur,Kerala
2024-06-06,27.87,37.26000000000003,76.88999999999999,232.28000000000003,27.87,1,Thrissur,Kerala
2024-06-07,6.41,41.25000000000003,71.28999999999998,214.36,27.87,1,Thrissur,Kerala
2024-06-08,14.16,48.440000000000026,71.51999999999998,208.09,27.87,1,Thrissur,Kerala
2024-06-09,9.35,29.92000000000003,71.60999999999999,200.37,14.16,1,Thrissur,Kerala
2024-06-10,10.12,33.630000000000024,77.29999999999998,202.83,14.16,1,Thrissur,Kerala
2024-06-11,7.42,26.89000000000003,82.29999999999998,201.39000000000001,10.12,1,Thrissur,Kerala
2024-06-12,14.94,32.480000000000025,90.26999999999998,187.73000000000002,14.94,1,Thrissur,Kerala
2024-06-13,3.2,25.560000000000027,65.59999999999998,157.86,14.94,1,Thrissur,Kerala
2024-06-14,1.39,19.53000000000003,60.57999999999999,143.88,14.94,1,Thrissur,Kerala
2024-06-15,2.1,6.690000000000029,48.51999999999998,133.97000000000003,3.2,1,Thrissur,Kerala
2024-06-16,4.75,8.240000000000029,43.91999999999998,124.79,4.75,1,Thrissur,Kerala
2024-06-17,4.48,11.33000000000003,38.27999999999999,120.01000000000002,4.75,1,Thrissur,Kerala
2024-06-18,13.08,22.310000000000027,43.93999999999998,128.66000000000003,13.08,1,Thrissur,Kerala
2024-06-19,11.48,29.040000000000028,40.47999999999999,137.72,13.08,1,Thrissur,Kerala
2024-06-20,8.09,32.65000000000003,45.36999999999998,138.84,13.08,1,Thrissur,Kerala
2024-06-21,4.25,23.82000000000003,48.22999999999998,115.22,11.48,1,Thrissur,Kerala
2024-06-22,9.48,21.82000000000003,55.609999999999985,118.29,9.48,1,Thrissur,Kerala
2024-06-23,22.77,36.50000000000003,73.63,126.9,22.77,1,Thrissur,Kerala
2024-06-24,24.39,56.64000000000003,93.53999999999999,141.94000000000003,24.39,1,Thrissur,Kerala
2024-06-25,26.62,73.78000000000003,107.07999999999998,158.44000000000003,26.62,1,Thrissur,Kerala
2024-06-26,21.86,72.87000000000003,117.45999999999998,172.88000000000002,26.62,1,Thrissur,Kerala
2024-06-27,13.67,62.15000000000003,123.03999999999998,171.61,26.62,1,Thrissur,Kerala
2024-06-28,7.48,43.01000000000003,126.27,175.89000000000001,21.86,1,Thrissur,Kerala
2024-06-29,17.59,38.74000000000002,134.38,192.09000000000003,17.59,1,Thrissur,Kerala
2024-06-30,5.43,30.500000000000025,117.03999999999998,195.42000000000002,17.59,1,Thrissur,Kerala
2024-07-01,54.89,77.91000000000003,147.53999999999996,245.56,54.89,1,Thrissur,Kerala
2024-07-02,8.15,68.47000000000003,129.07,249.23000000000002,54.89,1,Thrissur,Kerala
2024-07-03,10.97,74.01000000000003,118.17999999999999,247.12000000000003,54.89,1,Thrissur,Kerala
2024-07-04,3.43,22.55000000000003,107.93999999999998,239.07000000000002,10.97,1,Thrissur,Kerala
2024-07-05,3.79,18.19000000000003,104.24999999999999,234.77,10.97,1,Thrissur,Kerala
2024-07-06,11.27,18.49000000000003,97.92999999999999,241.79000000000002,11.27,1,Thrissur,Kerala
2024-07-07,9.13,24.19000000000003,101.63,241.44000000000003,11.27,1,Thrissur,Kerala
2024-07-08,14.61,35.01000000000003,61.34999999999999,233.28,14.61,1,Thrissur,Kerala
2024-07-09,5.74,29.480000000000025,58.93999999999999,214.63000000000002,14.61,1,Thrissur,Kerala
2024-07-10,9.18,29.53000000000003,57.149999999999984,197.19000000000003,14.61,1,Thrissur,Kerala
2024-07-11,3.73,18.650000000000027,57.44999999999998,179.06,9.18,1,Thrissur,Kerala
2024-07-12,21.91,34.82000000000003,75.56999999999998,187.3,21.91,1,Thrissur,Kerala
2024-07-13,18.33,43.97000000000003,82.62999999999998,198.15000000000003,21.91,1,Thrissur,Kerala
2024-07-14,21.63,61.870000000000026,95.12999999999997,202.19000000000003,21.91,1,Thrissur,Kerala
2024-07-15,61.41,101.37000000000002,141.92999999999998,258.17,61.41,1,Thrissur,Kerala
2024-07-16,30.58,113.62000000000002,166.76999999999998,233.86,61.41,1,Thrissur,Kerala
2024-07-17,41.01,133.00000000000003,198.59999999999997,266.72,61.41,1,Thrissur,Kerala
2024-07-18,16.18,87.77000000000002,211.04999999999998,271.93,41.01,1,Thrissur,Kerala
2024-07-19,14.52,71.71000000000002,203.65999999999997,283.02,41.01,1,Thrissur,Kerala
2024-07-20,6.02,36.72000000000003,191.34999999999997,285.25,16.18,1,Thrissur,Kerala
2024-07-21,1.13,21.670000000000027,170.84999999999997,275.11,14.52,1,Thrissur,Kerala
2024-07-22,5.21,12.360000000000028,114.64999999999998,271.19,6.02,1,Thrissur,Kerala
2024-07-23,4.54,10.880000000000027,88.60999999999999,261.12,5.21,1,Thrissur,Kerala
2024-07-24,8.63,18.38000000000003,56.22999999999999,264.01,8.63,1,Thrissur,Kerala
2024-07-25,25.87,39.040000000000035,65.91999999999999,280.7,25.87,1,Thrissur,Kerala
2024-07-26,15.79,50.290000000000035,67.19,292.76,25.87,1,Thrissur,Kerala
2024-07-27,11.71,53.37000000000003,72.88,282.56,25.87,1,Thrissur,Kerala
2024-07-28,19.42,46.92000000000003,91.16999999999999,283.65,19.42,1,Thrissur,Kerala
2024-07-29,70.85,101.98000000000002,156.80999999999997,332.87,70.85,1,Thrissur,Kerala
2024-07-30,32.85,123.12,185.11999999999998,304.31,70.85,1,Thrissur,Kerala
2024-07-31,15.38,119.08000000000003,191.86999999999998,289.11,70.85,1,Thrissur,Kerala
2024-08-01,25.02,73.25000000000003,191.01999999999998,273.12,32.85,1,Thrissur,Kerala
2024-08-02,6.25,46.65000000000003,181.47999999999996,263.19,25.02,1,Thrissur,Kerala
2024-08-03,7.05,38.32000000000002,176.82,255.72000000000003,25.02,1,Thrissur,Kerala
2024-08-04,6.78,20.080000000000027,164.17999999999998,256.48,7.05,1,Thrissur,Kerala
2024-08-05,3.84,17.67000000000003,97.16999999999997,259.19,7.05,1,Thrissur,Kerala
2024-08-06,6.03,16.650000000000027,70.34999999999997,260.01,6.78,1,Thrissur,Kerala
2024-08-07,3.13,13.000000000000028,58.099999999999966,258.6,6.03,1,Thrissur,Kerala
2024-08-08,3.19,12.350000000000028,36.269999999999975,253.16000000000003,6.03,1,Thrissur,Kerala
2024-08-09,2.47,8.790000000000028,32.489999999999974,229.76000000000002,3.19,1,Thrissur,Kerala
2024-08-10,9.37,15.03000000000003,34.809999999999974,223.34000000000003,9.37,1,Thrissur,Kerala
2024-08-11,5.28,17.12000000000003,33.30999999999997,216.91,9.37,1,Thrissur,Kerala
2024-08-12,8.24,22.89000000000003,37.70999999999997,205.73,9.37,1,Thrissur,Kerala
2024-08-13,30.97,44.49000000000003,62.64999999999997,165.85,30.97,1,Thrissur,Kerala
2024-08-14,9.66,48.87000000000003,69.17999999999996,142.66,30.97,1,Thrissur,Kerala
2024-08-15,8.9,49.53000000000004,74.88999999999997,136.18,30.97,1,Thrissur,Kerala
2024-08-16,6.6,25.160000000000032,79.01999999999997,117.75999999999999,9.66,1,Thrissur,Kerala
2024-08-17,3.28,18.780000000000033,72.92999999999996,114.78999999999999,8.9,1,Thrissur,Kerala
2024-08-18,5.81,15.690000000000031,73.45999999999997,113.55,6.6,1,Thrissur,Kerala
2024-08-19,5.32,14.410000000000032,70.53999999999996,112.09,5.81,1,Thrissur,Kerala
2024-08-20,8.39,19.52000000000003,47.95999999999997,116.64,8.39,1,Thrissur,Kerala
2024-08-21,11.44,25.150000000000034,49.73999999999997,122.05,11.44,1,Thrissur,Kerala
2024-08-22,1.37,21.20000000000003,42.20999999999997,120.29,11.44,1,Thrissur,Kerala
2024-08-23,0.16,12.97000000000003,35.76999999999997,117.26,11.44,1,Thrissur,Kerala
2024-08-24,1.81,3.340000000000032,34.299999999999976,116.60000000000001,1.81,1,Thrissur,Kerala
2024-08-25,2.39,4.360000000000032,30.879999999999974,109.62,2.39,1,Thrissur,Kerala
2024-08-26,2.89,7.090000000000032,28.44999999999997,107.23,2.89,1,Thrissur,Kerala
2024-08-27,4.06,9.340000000000032,24.11999999999997,103.05,4.06,1,Thrissur,Kerala
2024-08-28,6.28,13.230000000000032,18.959999999999972,78.36,6.28,1,Thrissur,Kerala
2024-08-29,18.07,28.410000000000032,35.65999999999997,86.77,18.07,1,Thrissur,Kerala
2024-08-30,24.52,48.87000000000003,60.019999999999975,102.39,24.52,1,Thrissur,Kerala
2024-08-31,15.25,57.84000000000003,73.45999999999998,111.03999999999999,24.52,1,Thrissur,Kerala
2024-09-01,10.18,49.95000000000003,81.24999999999997,117.94,24.52,1,Thrissur,Kerala
2024-09-02,12.36,37.790000000000035,90.71999999999997,124.49000000000001,15.25,1,Thrissur,Kerala
2024-09-03,9.88,32.42000000000003,96.53999999999996,129.04999999999998,12.36,1,Thrissur,Kerala
2024-09-04,8.14,30.38000000000003,98.39999999999996,128.79999999999998,12.36,1,Thrissur,Kerala
2024-09-05,3.63,21.650000000000034,83.95999999999998,120.99,9.88,1,Thrissur,Kerala
2024-09-06,2.96,14.730000000000032,62.39999999999997,122.58,8.14,1,Thrissur,Kerala
2024-09-07,5.64,12.230000000000032,52.78999999999997,128.06,5.64,1,Thrissur,Kerala
2024-09-08,14.32,22.920000000000034,56.92999999999997,140.57,14.32,1,Thrissur,Kerala
2024-09-09,9.82,29.780000000000033,54.38999999999997,148.0,14.32,1,Thrissur,Kerala
2024-09-10,11.09,35.23000000000003,55.599999999999966,156.2,14.32,1,Thrissur,Kerala
2024-09-11,8.91,29.820000000000032,56.36999999999997,161.04999999999998,11.09,1,Thrissur,Kerala
2024-09-12,3.18,23.18000000000003,55.91999999999997,157.95,11.09,1,Thrissur,Kerala
2024-09-13,0.37,12.460000000000033,53.32999999999997,140.25,8.91,1,Thrissur,Kerala
2024-09-14,0.97,4.520000000000032,48.659999999999975,116.7,3.18,1,Thrissur,Kerala
2024-09-15,0.37,1.710000000000032,34.70999999999997,101.82,0.97,1,Thrissur,Kerala
2024-09-16,0.19,1.5300000000000318,25.079999999999973,91.83,0.97,1,Thrissur,Kerala
2024-09-17,0.19,0.750000000000032,14.179999999999971,79.66,0.37,1,Thrissur,Kerala
2024-09-18,0.14,0.520000000000032,5.409999999999972,69.92,0.19,1,Thrissur,Kerala
2024-09-19,0.23,0.560000000000032,2.4599999999999715,62.01,0.23,1,Thrissur,Kerala
2024-09-20,0.42,0.790000000000032,2.5099999999999714,58.800000000000004,0.42,1,Thrissur,Kerala
2024-09-21,0.53,1.1800000000000321,2.069999999999972,56.370000000000005,0.53,1,Thrissur,Kerala
2024-09-22,7.62,8.570000000000032,9.319999999999972,58.35,7.62,1,Thrissur,Kerala
2024-09-23,6.84,14.990000000000032,15.969999999999972,50.87,7.62,1,Thrissur,Kerala
2024-09-24,4.13,18.590000000000032,19.90999999999997,45.18,7.62,1,Thrissur,Kerala
2024-09-25,1.58,12.550000000000033,21.34999999999997,35.67,6.84,1,Thrissur,Kerala
2024-09-26,1.8,7.510000000000032,22.91999999999997,28.56,4.13,1,Thrissur,Kerala
2024-09-27,1.18,4.5600000000000325,23.67999999999997,26.56,1.8,1,Thrissur,Kerala
2024-09-28,2.95,5.930000000000032,26.09999999999997,29.14,2.95,1,Thrissur,Kerala
2024-09-29,9.71,13.840000000000032,28.18999999999997,37.88,9.71,1,Thrissur,Kerala
2024-09-30,8.18,20.840000000000032,29.529999999999973,45.690000000000005,9.71,1,Thrissur,Kerala
2024-10-01,1.5,19.390000000000033,26.89999999999997,47.0,9.71,0,Thrissur,Kerala
2024-10-02,1.93,11.61000000000003,27.249999999999975,48.74,8.18,0,Thrissur,Kerala
2024-10-03,0.91,4.34000000000003,26.359999999999975,49.51,1.93,0,Thrissur,Kerala
2024-10-04,4.62,7.46000000000003,29.799999999999972,53.900000000000006,4.62,0,Thrissur,Kerala
2024-10-05,7.6,13.130000000000031,34.449999999999974,61.08,7.6,0,Thrissur,Kerala
2024-10-06,12.3,24.52000000000003,37.03999999999998,72.85,12.3,0,Thrissur,Kerala
2024-10-07,12.71,32.61000000000003,41.56999999999998,77.94,12.71,0,Thrissur,Kerala
2024-10-08,6.57,31.580000000000034,46.63999999999997,77.67000000000002,12.71,0,Thrissur,Kerala
2024-10-09,11.74,31.02000000000003,56.449999999999974,85.28,12.71,0,Thrissur,Kerala
2024-10-10,4.13,22.440000000000033,59.66999999999997,87.83,11.74,0,Thrissur,Kerala
2024-10-11,20.38,36.25000000000003,75.42999999999998,106.41,20.38,0,Thrissur,Kerala
2024-10-12,17.68,42.190000000000026,85.50999999999998,122.91,20.38,0,Thrissur,Kerala
2024-10-13,25.71,63.77000000000004,98.91999999999997,145.67000000000002,25.71,0,Thrissur,Kerala
2024-10-14,10.55,53.94000000000003,96.75999999999998,146.51,25.71,0,Thrissur,Kerala
2024-10-15,14.52,50.78000000000003,104.70999999999997,152.85,25.71,0,Thrissur,Kerala
2024-10-16,9.26,34.330000000000034,102.22999999999998,160.60999999999999,14.52,0,Thrissur,Kerala
2024-10-17,5.97,29.750000000000032,104.06999999999998,164.65,14.52,0,Thrissur,Kerala
2024-10-18,5.38,20.61000000000003,89.06999999999996,169.12,9.26,0,Thrissur,Kerala
2024-10-19,2.04,13.390000000000033,73.42999999999998,166.54000000000002,5.97,0,Thrissur,Kerala
2024-10-20,7.52,14.940000000000031,55.23999999999997,166.45999999999998,7.52,0,Thrissur,Kerala
2024-10-21,6.23,15.790000000000031,50.91999999999997,160.39000000000001,7.52,0,Thrissur,Kerala
2024-10-22,14.03,27.78000000000003,50.42999999999998,161.71,14.03,0,Thrissur,Kerala
2024-10-23,16.68,36.940000000000026,57.849999999999966,171.82,16.68,0,Thrissur,Kerala
2024-10-24,7.84,38.550000000000026,59.71999999999997,167.92,16.68,0,Thrissur,Kerala
2024-10-25,6.53,31.05000000000003,60.869999999999976,170.32,16.68,0,Thrissur,Kerala
2024-10-26,2.88,17.25000000000003,61.709999999999965,152.82,7.84,0,Thrissur,Kerala
2024-10-27,0.91,10.320000000000029,55.09999999999997,136.05,6.53,0,Thrissur,Kerala
2024-10-28,4.47,8.260000000000028,53.33999999999997,114.80999999999999,4.47,0,Thrissur,Kerala
2024-10-29,1.82,7.200000000000029,41.129999999999974,106.08,4.47,0,Thrissur,Kerala
2024-10-30,0.19,6.480000000000028,24.639999999999972,91.75,4.47,0,Thrissur,Kerala
2024-10-31,5.73,7.740000000000029,22.529999999999973,88.22,5.73,0,Thrissur,Kerala
2024-11-01,13.35,19.270000000000028,29.34999999999997,95.6,13.35,0,Thrissur,Kerala
2024-11-02,22.2,41.28000000000003,48.66999999999997,112.42,22.2,0,Thrissur,Kerala
2024-11-03,9.51,45.06000000000003,57.269999999999975,119.88999999999999,22.2,0,Thrissur,Kerala
2024-11-04,23.27,54.980000000000025,76.06999999999996,135.64,23.27,0,Thrissur,Kerala
2024-11-05,15.27,48.050000000000026,89.51999999999997,144.68,23.27,0,Thrissur,Kerala
2024-11-06,0.27,38.810000000000024,89.59999999999998,130.92000000000002,23.27,0,Thrissur,Kerala
2024-11-07,5.08,20.620000000000026,88.94999999999997,119.32,15.27,0,Thrissur,Kerala
2024-11-08,6.97,12.320000000000029,82.56999999999996,118.44999999999999,6.97,0,Thrissur,Kerala
2024-11-09,1.79,13.840000000000028,62.15999999999997,113.71,6.97,0,Thrissur,Kerala
2024-11-10,0.05,8.810000000000029,52.69999999999997,110.88,6.97,0,Thrissur,Kerala
2024-11-11,0.13,1.9700000000000284,29.55999999999997,110.1,1.79,0,Thrissur,Kerala
2024-11-12,0.45,0.6300000000000284,14.739999999999972,106.08,0.45,0,Thrissur,Kerala
2024-11-13,0.85,1.4300000000000284,15.319999999999972,105.10999999999999,0.85,0,Thrissur,Kerala
2024-11-14,8.53,9.830000000000028,18.76999999999997,113.44999999999999,8.53,0,Thrissur,Kerala
2024-11-15,12.3,21.680000000000028,24.099999999999973,120.02,12.3,0,Thrissur,Kerala
2024-11-16,10.83,31.66000000000003,33.13999999999997,117.5,12.3,0,Thrissur,Kerala
2024-11-17,5.58,28.71000000000003,38.66999999999997,100.88,12.3,0,Thrissur,Kerala
2024-11-18,1.36,17.770000000000028,39.89999999999998,92.73,10.83,0,Thrissur,Kerala
2024-11-19,3.58,10.520000000000028,43.02999999999997,73.04,5.58,0,Thrissur,Kerala
2024-11-20,0.22,5.160000000000029,42.39999999999997,57.989999999999995,3.58,0,Thrissur,Kerala
2024-11-21,0.27,4.070000000000029,34.13999999999998,57.99,3.58,0,Thrissur,Kerala
2024-11-22,0.17,0.6600000000000285,22.009999999999973,53.080000000000005,0.27,0,Thrissur,Kerala
2024-11-23,0.19,0.6300000000000284,11.369999999999973,46.300000000000004,0.27,0,Thrissur,Kerala
2024-11-24,0.03,0.39000000000002844,5.819999999999972,44.540000000000006,0.19,0,Thrissur,Kerala
2024-11-25,0.07,0.29000000000002846,4.529999999999972,44.56,0.19,0,Thrissur,Kerala
2024-11-26,2.01,2.1100000000000283,2.9599999999999715,46.44,2.01,0,Thrissur,Kerala
2024-11-27,2.19,4.270000000000028,4.929999999999971,48.18,2.19,0,Thrissur,Kerala
2024-11-28,0.32,4.520000000000028,4.979999999999972,47.65,2.19,0,Thrissur,Kerala
2024-11-29,1.14,3.6500000000000283,5.949999999999972,40.26,2.19,0,Thrissur,Kerala
2024-11-30,1.43,2.890000000000028,7.189999999999971,29.39,1.43,0,Thrissur,Kerala
2024-12-01,14.39,16.96000000000003,21.549999999999972,32.95,14.39,0,Thrissur,Kerala
2024-12-02,44.53,60.35000000000003,66.00999999999998,71.9,44.53,0,Thrissur,Kerala
2024-12-03,16.31,75.23000000000003,80.30999999999997,86.85000000000001,44.53,0,Thrissur,Kerala
2024-12-04,1.33,62.17000000000003,79.44999999999997,84.60000000000001,44.53,0,Thrissur,Kerala
2024-12-05,3.15,20.790000000000028,82.27999999999997,87.53,16.31,0,Thrissur,Kerala
2024-12-06,0.55,5.030000000000029,81.68999999999997,87.81,3.15,0,Thrissur,Kerala
2024-12-07,1.21,4.910000000000029,81.46999999999998,88.85,3.15,0,Thrissur,Kerala
2024-12-08,0.48,2.2400000000000286,67.55999999999997,89.14,1.21,0,Thrissur,Kerala
2024-12-09,0.12,1.8100000000000285,23.149999999999977,89.23,1.21,0,Thrissur,Kerala
2024-12-10,0.15,0.7500000000000284,6.989999999999979,89.31,0.48,0,Thrissur,Kerala
2024-12-11,0.47,0.7400000000000284,6.129999999999979,87.77,0.47,0,Thrissur,Kerala
2024-12-12,7.37,7.990000000000029,10.349999999999978,92.95,7.37,0,Thrissur,Kerala
2024-12-13,23.24,31.080000000000027,33.03999999999998,115.87,23.24,0,Thrissur,Kerala
2024-12-14,3.85,34.46000000000003,35.67999999999997,118.58,23.24,0,Thrissur,Kerala
2024-12-15,0.47,27.560000000000027,35.66999999999997,117.61999999999999,23.24,0,Thrissur,Kerala
2024-12-16,0.01,4.3300000000000285,35.559999999999974,103.24,3.85,0,Thrissur,Kerala
2024-12-17,0.09,0.5700000000000284,35.49999999999997,58.8,0.47,0,Thrissur,Kerala
2024-12-18,0.0,0.10000000000002841,35.02999999999997,42.489999999999995,0.09,0,Thrissur,Kerala
2024-12-19,0.0,0.09000000000002842,27.65999999999998,41.16,0.09,0,Thrissur,Kerala
2024-12-20,0.0,0.0,4.419999999999975,38.01,0.0,0,Thrissur,Kerala
2024-12-21,0.01,0.010000000000028422,0.5799999999999751,37.47,0.01,0,Thrissur,Kerala
2024-12-22,0.02,0.03000000000002842,0.12999999999997514,36.28,0.02,0,Thrissur,Kerala
2024-12-23,0.02,0.050000000000028424,0.13999999999997512,35.81999999999999,0.02,0,Thrissur,Kerala
2024-12-24,0.0,0.04000000000002842,0.049999999999975134,35.699999999999996,0.02,0,Thrissur,Kerala
2024-12-25,0.01,0.030000000000028428,0.05999999999997513,35.559999999999995,0.02,0,Thrissur,Kerala
2024-12-26,0.92,0.9300000000000285,0.9799999999999751,36.01,0.92,0,Thrissur,Kerala
2024-12-27,2.83,3.7600000000000287,3.809999999999975,31.469999999999995,2.83,0,Thrissur,Kerala
2024-12-28,0.21,3.960000000000029,4.009999999999976,8.440000000000001,2.83,0,Thrissur,Kerala
2024-12-29,0.07,3.1100000000000283,4.059999999999976,4.660000000000001,2.83,0,Thrissur,Kerala
2024-12-30,0.6,0.8800000000000284,4.639999999999975,4.79,0.6,0,Thrissur,Kerala
2024-12-31,0.16,0.8300000000000285,4.799999999999975,4.94,0.6,0,Thrissur,Kerala
